{
  "best_params": {
    "krr__alpha": 1.0,
    "krr__degree": 2,
    "krr__gamma": 0.01,
    "krr__kernel": "rbf"
  },
  "mse": 0.03574647379141307,
  "mae": 0.15687430613653744,
  "r2": 0.20411308270775674,
  "n_test": 99
}