{
  "label": "all",
  "best_params": {
    "krr__alpha": 1.0,
    "krr__degree": 2,
    "krr__gamma": 0.01,
    "krr__kernel": "rbf"
  },
  "n_train": 890,
  "n_test": 99,
  "mse": 0.03574647379141305,
  "mae": 0.15687430613653744,
  "r2": 0.20411308270775708
}