{
  "mse": 0.03878798037706642,
  "mae": 0.16369944476572115,
  "r2": 0.1363946466319389,
  "n_samples": 989
}