{
  "mse": 0.06026028605607282,
  "mae": 0.1996206512664177,
  "r2": 0.16252173241431866,
  "n_samples": 1132
}