Starting experiment...
Project root: /home/users/g/s/gsavary/LudiiMCTSVariations
Method: warm:20
Output dir: /home/users/g/s/gsavary/LudiiMCTSVariations/slurm_sweep_full_dataset/results_20260425_144537
Seed: 3
Time limit:  seconds


======================================================================
SLURM Sweep Experiment - Single Method
======================================================================
Method: warm:20
Time limit: 7200.0s, Seed: 3, Batch size: 20
Output directory: /home/users/g/s/gsavary/LudiiMCTSVariations/slurm_sweep_full_dataset/results_20260425_144537

Loading Ludii dataset...
Loaded 1085 games
Using 1085 games (full dataset, no subsampling)

Running timing probe (100 pulls)...
  Estimated secs/pull: 0.024818

Time budget: 7200.0s → ~290111 total pulls
Per-method budget: 41444 pulls (~1028.6s)

Computing predictor-only performance...
  Predictions load failed: 118

Running WARM-START (w=20)...
[14:46:05] warmStart 0% (0/2073) regret=0.132762 ape=0.7124
[14:46:05] warmStart 0% (1/2073) regret=0.132116 ape=0.7124
[14:46:05] warmStart 0% (2/2073) regret=0.130871 ape=0.7124
[14:46:05] warmStart 0% (3/2073) regret=0.130419 ape=0.7134
[14:46:06] warmStart 0% (4/2073) regret=0.128327 ape=0.7115
[14:46:06] warmStart 0% (5/2073) regret=0.127710 ape=0.7115
[14:46:06] warmStart 0% (6/2073) regret=0.127624 ape=0.7115
[14:46:06] warmStart 0% (7/2073) regret=0.127090 ape=0.7097
[14:46:07] warmStart 0% (8/2073) regret=0.126583 ape=0.7097
[14:46:07] warmStart 0% (9/2073) regret=0.125523 ape=0.7088
[14:46:07] warmStart 0% (10/2073) regret=0.124237 ape=0.7078
[14:46:07] warmStart 0% (11/2073) regret=0.123960 ape=0.7078
[14:46:07] warmStart 0% (12/2073) regret=0.123960 ape=0.7078
[14:46:08] warmStart 0% (13/2073) regret=0.123227 ape=0.7069
[14:46:08] warmStart 0% (14/2073) regret=0.123237 ape=0.7069
[14:46:08] warmStart 0% (15/2073) regret=0.123163 ape=0.7069
[14:46:08] warmStart 0% (16/2073) regret=0.123135 ape=0.7069
[14:46:09] warmStart 0% (17/2073) regret=0.122927 ape=0.7051
[14:46:09] warmStart 0% (18/2073) regret=0.123093 ape=0.7051
[14:46:09] warmStart 0% (19/2073) regret=0.122075 ape=0.7051
[14:46:09] warmStart 0% (20/2073) regret=0.121711 ape=0.7041
[14:46:09] warmStart 1% (21/2073) regret=0.121082 ape=0.7032
[14:46:10] warmStart 1% (22/2073) regret=0.121082 ape=0.7032
[14:46:10] warmStart 1% (23/2073) regret=0.120737 ape=0.7032
[14:46:10] warmStart 1% (24/2073) regret=0.120758 ape=0.7041
[14:46:10] warmStart 1% (25/2073) regret=0.120219 ape=0.7032
[14:46:10] warmStart 1% (26/2073) regret=0.119556 ape=0.7032
[14:46:11] warmStart 1% (27/2073) regret=0.119095 ape=0.7032
[14:46:11] warmStart 1% (28/2073) regret=0.119095 ape=0.7032
[14:46:11] warmStart 1% (29/2073) regret=0.118616 ape=0.7023
[14:46:11] warmStart 1% (30/2073) regret=0.118616 ape=0.7023
[14:46:12] warmStart 1% (31/2073) regret=0.118632 ape=0.7014
[14:46:12] warmStart 1% (32/2073) regret=0.117743 ape=0.6995
[14:46:12] warmStart 1% (33/2073) regret=0.117743 ape=0.6995
[14:46:12] warmStart 1% (34/2073) regret=0.117708 ape=0.6986
[14:46:13] warmStart 1% (35/2073) regret=0.117680 ape=0.6986
[14:46:13] warmStart 1% (36/2073) regret=0.117680 ape=0.6986
[14:46:13] warmStart 1% (37/2073) regret=0.117116 ape=0.6986
[14:46:13] warmStart 1% (38/2073) regret=0.115418 ape=0.6968
[14:46:14] warmStart 1% (39/2073) regret=0.115704 ape=0.6977
[14:46:14] warmStart 1% (40/2073) regret=0.115704 ape=0.6977
[14:46:14] warmStart 1% (41/2073) regret=0.115664 ape=0.6968
[14:46:14] warmStart 2% (42/2073) regret=0.115650 ape=0.6968
[14:46:15] warmStart 2% (43/2073) regret=0.115650 ape=0.6968
[14:46:15] warmStart 2% (44/2073) regret=0.115355 ape=0.6968
[14:46:15] warmStart 2% (45/2073) regret=0.115355 ape=0.6968
[14:46:15] warmStart 2% (46/2073) regret=0.115240 ape=0.6968
[14:46:16] warmStart 2% (47/2073) regret=0.114704 ape=0.6977
[14:46:16] warmStart 2% (48/2073) regret=0.114716 ape=0.6977
[14:46:16] warmStart 2% (49/2073) regret=0.113924 ape=0.6949
[14:46:16] warmStart 2% (50/2073) regret=0.113896 ape=0.6949
[14:46:16] warmStart 2% (51/2073) regret=0.114062 ape=0.6949
[14:46:17] warmStart 2% (52/2073) regret=0.113181 ape=0.6940
[14:46:17] warmStart 2% (53/2073) regret=0.112616 ape=0.6931
[14:46:17] warmStart 2% (54/2073) regret=0.111934 ape=0.6922
[14:46:17] warmStart 2% (55/2073) regret=0.111934 ape=0.6922
[14:46:18] warmStart 2% (56/2073) regret=0.111934 ape=0.6922
[14:46:18] warmStart 2% (57/2073) regret=0.111648 ape=0.6922
[14:46:18] warmStart 2% (58/2073) regret=0.111648 ape=0.6922
[14:46:18] warmStart 2% (59/2073) regret=0.111648 ape=0.6922
[14:46:19] warmStart 2% (60/2073) regret=0.111648 ape=0.6922
[14:46:19] warmStart 2% (61/2073) regret=0.111762 ape=0.6922
[14:46:19] warmStart 2% (62/2073) regret=0.111565 ape=0.6931
[14:46:19] warmStart 3% (63/2073) regret=0.111174 ape=0.6922
[14:46:20] warmStart 3% (64/2073) regret=0.110608 ape=0.6912
[14:46:20] warmStart 3% (65/2073) regret=0.110280 ape=0.6912
[14:46:20] warmStart 3% (66/2073) regret=0.110280 ape=0.6912
[14:46:20] warmStart 3% (67/2073) regret=0.110024 ape=0.6903
[14:46:21] warmStart 3% (68/2073) regret=0.108909 ape=0.6903
[14:46:21] warmStart 3% (69/2073) regret=0.108465 ape=0.6885
[14:46:21] warmStart 3% (70/2073) regret=0.106792 ape=0.6866
[14:46:21] warmStart 3% (71/2073) regret=0.106792 ape=0.6866
[14:46:22] warmStart 3% (72/2073) regret=0.106346 ape=0.6857
[14:46:22] warmStart 3% (73/2073) regret=0.106244 ape=0.6848
[14:46:22] warmStart 3% (74/2073) regret=0.106244 ape=0.6848
[14:46:22] warmStart 3% (75/2073) regret=0.106244 ape=0.6848
[14:46:23] warmStart 3% (76/2073) regret=0.106244 ape=0.6848
[14:46:23] warmStart 3% (77/2073) regret=0.105829 ape=0.6829
[14:46:23] warmStart 3% (78/2073) regret=0.104483 ape=0.6820
[14:46:23] warmStart 3% (79/2073) regret=0.104459 ape=0.6829
[14:46:23] warmStart 3% (80/2073) regret=0.104459 ape=0.6829
[14:46:24] warmStart 3% (81/2073) regret=0.104481 ape=0.6820
[14:46:24] warmStart 3% (82/2073) regret=0.104481 ape=0.6820
[14:46:24] warmStart 4% (83/2073) regret=0.103473 ape=0.6811
[14:46:24] warmStart 4% (84/2073) regret=0.102660 ape=0.6802
[14:46:25] warmStart 4% (85/2073) regret=0.102660 ape=0.6802
[14:46:25] warmStart 4% (86/2073) regret=0.102175 ape=0.6802
[14:46:25] warmStart 4% (87/2073) regret=0.101376 ape=0.6793
[14:46:25] warmStart 4% (88/2073) regret=0.100459 ape=0.6783
[14:46:26] warmStart 4% (89/2073) regret=0.100031 ape=0.6765
[14:46:26] warmStart 4% (90/2073) regret=0.099814 ape=0.6756
[14:46:26] warmStart 4% (91/2073) regret=0.099814 ape=0.6756
[14:46:26] warmStart 4% (92/2073) regret=0.099275 ape=0.6756
[14:46:27] warmStart 4% (93/2073) regret=0.099275 ape=0.6756
[14:46:27] warmStart 4% (94/2073) regret=0.098539 ape=0.6747
[14:46:27] warmStart 4% (95/2073) regret=0.098539 ape=0.6747
[14:46:27] warmStart 4% (96/2073) regret=0.097835 ape=0.6747
[14:46:27] warmStart 4% (97/2073) regret=0.097457 ape=0.6737
[14:46:28] warmStart 4% (98/2073) regret=0.096783 ape=0.6710
[14:46:28] warmStart 4% (99/2073) regret=0.095944 ape=0.6700
[14:46:28] warmStart 4% (100/2073) regret=0.096074 ape=0.6691
[14:46:28] warmStart 4% (101/2073) regret=0.096046 ape=0.6691
[14:46:29] warmStart 4% (102/2073) regret=0.095034 ape=0.6682
[14:46:29] warmStart 4% (103/2073) regret=0.094942 ape=0.6682
[14:46:29] warmStart 5% (104/2073) regret=0.094619 ape=0.6673
[14:46:29] warmStart 5% (105/2073) regret=0.094375 ape=0.6664
[14:46:30] warmStart 5% (106/2073) regret=0.093919 ape=0.6664
[14:46:30] warmStart 5% (107/2073) regret=0.092209 ape=0.6664
[14:46:30] warmStart 5% (108/2073) regret=0.091668 ape=0.6645
[14:46:30] warmStart 5% (109/2073) regret=0.090323 ape=0.6627
[14:46:30] warmStart 5% (110/2073) regret=0.090261 ape=0.6618
[14:46:31] warmStart 5% (111/2073) regret=0.089837 ape=0.6618
[14:46:31] warmStart 5% (112/2073) regret=0.089347 ape=0.6618
[14:46:31] warmStart 5% (113/2073) regret=0.088930 ape=0.6618
[14:46:31] warmStart 5% (114/2073) regret=0.088209 ape=0.6627
[14:46:32] warmStart 5% (115/2073) regret=0.087524 ape=0.6618
[14:46:32] warmStart 5% (116/2073) regret=0.087335 ape=0.6618
[14:46:32] warmStart 5% (117/2073) regret=0.086654 ape=0.6608
[14:46:32] warmStart 5% (118/2073) regret=0.086784 ape=0.6608
[14:46:33] warmStart 5% (119/2073) regret=0.087088 ape=0.6608
[14:46:33] warmStart 5% (120/2073) regret=0.087088 ape=0.6608
[14:46:33] warmStart 5% (121/2073) regret=0.086461 ape=0.6599
[14:46:33] warmStart 5% (122/2073) regret=0.086306 ape=0.6599
[14:46:34] warmStart 5% (123/2073) regret=0.085509 ape=0.6590
[14:46:34] warmStart 5% (124/2073) regret=0.085435 ape=0.6590
[14:46:34] warmStart 6% (125/2073) regret=0.085559 ape=0.6590
[14:46:34] warmStart 6% (126/2073) regret=0.085550 ape=0.6590
[14:46:35] warmStart 6% (127/2073) regret=0.085532 ape=0.6590
[14:46:35] warmStart 6% (128/2073) regret=0.085500 ape=0.6590
[14:46:35] warmStart 6% (129/2073) regret=0.085446 ape=0.6590
[14:46:35] warmStart 6% (130/2073) regret=0.085363 ape=0.6590
[14:46:36] warmStart 6% (131/2073) regret=0.085091 ape=0.6599
[14:46:36] warmStart 6% (132/2073) regret=0.084499 ape=0.6590
[14:46:36] warmStart 6% (133/2073) regret=0.083880 ape=0.6581
[14:46:36] warmStart 6% (134/2073) regret=0.083781 ape=0.6581
[14:46:36] warmStart 6% (135/2073) regret=0.083856 ape=0.6590
[14:46:37] warmStart 6% (136/2073) regret=0.083559 ape=0.6590
[14:46:37] warmStart 6% (137/2073) regret=0.083588 ape=0.6590
[14:46:37] warmStart 6% (138/2073) regret=0.083468 ape=0.6581
[14:46:37] warmStart 6% (139/2073) regret=0.082979 ape=0.6562
[14:46:38] warmStart 6% (140/2073) regret=0.082998 ape=0.6562
[14:46:38] warmStart 6% (141/2073) regret=0.082979 ape=0.6562
[14:46:38] warmStart 6% (142/2073) regret=0.082276 ape=0.6553
[14:46:38] warmStart 6% (143/2073) regret=0.082231 ape=0.6553
[14:46:39] warmStart 6% (144/2073) regret=0.082036 ape=0.6553
[14:46:39] warmStart 6% (145/2073) regret=0.082036 ape=0.6553
[14:46:39] warmStart 7% (146/2073) regret=0.081873 ape=0.6544
[14:46:39] warmStart 7% (147/2073) regret=0.081338 ape=0.6525
[14:46:40] warmStart 7% (148/2073) regret=0.081085 ape=0.6525
[14:46:40] warmStart 7% (149/2073) regret=0.081209 ape=0.6535
[14:46:40] warmStart 7% (150/2073) regret=0.080768 ape=0.6535
[14:46:40] warmStart 7% (151/2073) regret=0.080522 ape=0.6535
[14:46:40] warmStart 7% (152/2073) regret=0.080741 ape=0.6535
[14:46:41] warmStart 7% (153/2073) regret=0.080465 ape=0.6535
[14:46:41] warmStart 7% (154/2073) regret=0.080331 ape=0.6525
[14:46:41] warmStart 7% (155/2073) regret=0.080377 ape=0.6525
[14:46:41] warmStart 7% (156/2073) regret=0.079919 ape=0.6525
[14:46:42] warmStart 7% (157/2073) regret=0.079158 ape=0.6516
[14:46:42] warmStart 7% (158/2073) regret=0.078506 ape=0.6516
[14:46:42] warmStart 7% (159/2073) regret=0.078298 ape=0.6516
[14:46:42] warmStart 7% (160/2073) regret=0.077782 ape=0.6516
[14:46:43] warmStart 7% (161/2073) regret=0.077211 ape=0.6507
[14:46:43] warmStart 7% (162/2073) regret=0.077151 ape=0.6507
[14:46:43] warmStart 7% (163/2073) regret=0.076659 ape=0.6498
[14:46:43] warmStart 7% (164/2073) regret=0.076659 ape=0.6498
[14:46:44] warmStart 7% (165/2073) regret=0.076807 ape=0.6498
[14:46:44] warmStart 8% (166/2073) regret=0.076192 ape=0.6498
[14:46:44] warmStart 8% (167/2073) regret=0.076211 ape=0.6498
[14:46:44] warmStart 8% (168/2073) regret=0.076276 ape=0.6507
[14:46:44] warmStart 8% (169/2073) regret=0.075819 ape=0.6498
[14:46:45] warmStart 8% (170/2073) regret=0.076036 ape=0.6498
[14:46:45] warmStart 8% (171/2073) regret=0.076060 ape=0.6498
[14:46:45] warmStart 8% (172/2073) regret=0.075903 ape=0.6498
[14:46:45] warmStart 8% (173/2073) regret=0.075619 ape=0.6498
[14:46:46] warmStart 8% (174/2073) regret=0.075286 ape=0.6498
[14:46:46] warmStart 8% (175/2073) regret=0.074811 ape=0.6488
[14:46:46] warmStart 8% (176/2073) regret=0.074269 ape=0.6479
[14:46:46] warmStart 8% (177/2073) regret=0.073351 ape=0.6470
[14:46:47] warmStart 8% (178/2073) regret=0.073643 ape=0.6470
[14:46:47] warmStart 8% (179/2073) regret=0.073810 ape=0.6470
[14:46:47] warmStart 8% (180/2073) regret=0.073467 ape=0.6461
[14:46:47] warmStart 8% (181/2073) regret=0.073510 ape=0.6461
[14:46:48] warmStart 8% (182/2073) regret=0.073107 ape=0.6452
[14:46:48] warmStart 8% (183/2073) regret=0.072195 ape=0.6442
[14:46:48] warmStart 8% (184/2073) regret=0.071665 ape=0.6424
[14:46:48] warmStart 8% (185/2073) regret=0.071674 ape=0.6433
[14:46:49] warmStart 8% (186/2073) regret=0.070365 ape=0.6406
[14:46:49] warmStart 9% (187/2073) regret=0.070107 ape=0.6396
[14:46:49] warmStart 9% (188/2073) regret=0.069619 ape=0.6387
[14:46:49] warmStart 9% (189/2073) regret=0.069619 ape=0.6387
[14:46:50] warmStart 9% (190/2073) regret=0.069619 ape=0.6387
[14:46:50] warmStart 9% (191/2073) regret=0.069619 ape=0.6387
[14:46:50] warmStart 9% (192/2073) regret=0.069619 ape=0.6387
[14:46:50] warmStart 9% (193/2073) regret=0.069619 ape=0.6387
[14:46:50] warmStart 9% (194/2073) regret=0.069619 ape=0.6387
[14:46:51] warmStart 9% (195/2073) regret=0.069619 ape=0.6387
[14:46:51] warmStart 9% (196/2073) regret=0.069619 ape=0.6387
[14:46:51] warmStart 9% (197/2073) regret=0.069619 ape=0.6387
[14:46:51] warmStart 9% (198/2073) regret=0.069619 ape=0.6387
[14:46:52] warmStart 9% (199/2073) regret=0.069619 ape=0.6387
[14:46:52] warmStart 9% (200/2073) regret=0.069619 ape=0.6387
[14:46:52] warmStart 9% (201/2073) regret=0.069619 ape=0.6387
[14:46:52] warmStart 9% (202/2073) regret=0.069619 ape=0.6387
[14:46:53] warmStart 9% (203/2073) regret=0.069619 ape=0.6387
[14:46:53] warmStart 9% (204/2073) regret=0.069453 ape=0.6378
[14:46:53] warmStart 9% (205/2073) regret=0.069453 ape=0.6378
[14:46:53] warmStart 9% (206/2073) regret=0.069444 ape=0.6378
[14:46:54] warmStart 9% (207/2073) regret=0.069444 ape=0.6378
[14:46:54] warmStart 10% (208/2073) regret=0.069444 ape=0.6378
[14:46:54] warmStart 10% (209/2073) regret=0.069398 ape=0.6378
[14:46:54] warmStart 10% (210/2073) regret=0.069398 ape=0.6378
[14:46:55] warmStart 10% (211/2073) regret=0.069398 ape=0.6378
[14:46:55] warmStart 10% (212/2073) regret=0.069398 ape=0.6378
[14:46:55] warmStart 10% (213/2073) regret=0.069333 ape=0.6369
[14:46:55] warmStart 10% (214/2073) regret=0.069333 ape=0.6369
[14:46:55] warmStart 10% (215/2073) regret=0.069333 ape=0.6369
[14:46:56] warmStart 10% (216/2073) regret=0.069333 ape=0.6369
[14:46:56] warmStart 10% (217/2073) regret=0.069043 ape=0.6359
[14:46:56] warmStart 10% (218/2073) regret=0.069043 ape=0.6359
[14:46:56] warmStart 10% (219/2073) regret=0.069034 ape=0.6350
[14:46:57] warmStart 10% (220/2073) regret=0.069006 ape=0.6341
[14:46:57] warmStart 10% (221/2073) regret=0.068969 ape=0.6332
[14:46:57] warmStart 10% (222/2073) regret=0.068969 ape=0.6332
[14:46:57] warmStart 10% (223/2073) regret=0.068969 ape=0.6332
[14:46:58] warmStart 10% (224/2073) regret=0.068969 ape=0.6332
[14:46:58] warmStart 10% (225/2073) regret=0.068969 ape=0.6332
[14:46:58] warmStart 10% (226/2073) regret=0.068932 ape=0.6323
[14:46:58] warmStart 10% (227/2073) regret=0.068932 ape=0.6323
[14:46:58] warmStart 10% (228/2073) regret=0.068932 ape=0.6323
[14:46:59] warmStart 11% (229/2073) regret=0.068873 ape=0.6323
[14:46:59] warmStart 11% (230/2073) regret=0.069042 ape=0.6332
[14:46:59] warmStart 11% (231/2073) regret=0.068460 ape=0.6313
[14:46:59] warmStart 11% (232/2073) regret=0.068460 ape=0.6313
[14:47:00] warmStart 11% (233/2073) regret=0.068460 ape=0.6313
[14:47:00] warmStart 11% (234/2073) regret=0.068460 ape=0.6313
[14:47:00] warmStart 11% (235/2073) regret=0.068460 ape=0.6313
[14:47:00] warmStart 11% (236/2073) regret=0.068460 ape=0.6313
[14:47:01] warmStart 11% (237/2073) regret=0.068460 ape=0.6313
[14:47:01] warmStart 11% (238/2073) regret=0.068460 ape=0.6313
[14:47:01] warmStart 11% (239/2073) regret=0.068460 ape=0.6313
[14:47:01] warmStart 11% (240/2073) regret=0.068404 ape=0.6313
[14:47:01] warmStart 11% (241/2073) regret=0.068404 ape=0.6313
[14:47:02] warmStart 11% (242/2073) regret=0.068404 ape=0.6313
[14:47:02] warmStart 11% (243/2073) regret=0.068404 ape=0.6313
[14:47:02] warmStart 11% (244/2073) regret=0.068404 ape=0.6313
[14:47:02] warmStart 11% (245/2073) regret=0.068404 ape=0.6313
[14:47:02] warmStart 11% (246/2073) regret=0.068395 ape=0.6313
[14:47:03] warmStart 11% (247/2073) regret=0.068395 ape=0.6313
[14:47:03] warmStart 11% (248/2073) regret=0.068395 ape=0.6313
[14:47:03] warmStart 12% (249/2073) regret=0.068395 ape=0.6313
[14:47:03] warmStart 12% (250/2073) regret=0.068395 ape=0.6313
[14:47:03] warmStart 12% (251/2073) regret=0.068395 ape=0.6313
[14:47:04] warmStart 12% (252/2073) regret=0.068395 ape=0.6313
[14:47:04] warmStart 12% (253/2073) regret=0.068395 ape=0.6313
[14:47:04] warmStart 12% (254/2073) regret=0.068395 ape=0.6313
[14:47:04] warmStart 12% (255/2073) regret=0.068395 ape=0.6313
[14:47:05] warmStart 12% (256/2073) regret=0.068395 ape=0.6313
[14:47:05] warmStart 12% (257/2073) regret=0.068395 ape=0.6313
[14:47:05] warmStart 12% (258/2073) regret=0.068395 ape=0.6313
[14:47:05] warmStart 12% (259/2073) regret=0.068395 ape=0.6313
[14:47:05] warmStart 12% (260/2073) regret=0.068395 ape=0.6313
[14:47:06] warmStart 12% (261/2073) regret=0.068395 ape=0.6313
[14:47:06] warmStart 12% (262/2073) regret=0.068395 ape=0.6313
[14:47:06] warmStart 12% (263/2073) regret=0.068395 ape=0.6313
[14:47:06] warmStart 12% (264/2073) regret=0.068395 ape=0.6313
[14:47:07] warmStart 12% (265/2073) regret=0.068395 ape=0.6313
[14:47:07] warmStart 12% (266/2073) regret=0.068395 ape=0.6313
[14:47:07] warmStart 12% (267/2073) regret=0.068248 ape=0.6313
[14:47:07] warmStart 12% (268/2073) regret=0.068061 ape=0.6304
[14:47:07] warmStart 12% (269/2073) regret=0.068061 ape=0.6304
[14:47:08] warmStart 13% (270/2073) regret=0.068135 ape=0.6304
[14:47:08] warmStart 13% (271/2073) regret=0.068042 ape=0.6304
[14:47:08] warmStart 13% (272/2073) regret=0.067614 ape=0.6286
[14:47:08] warmStart 13% (273/2073) regret=0.067844 ape=0.6286
[14:47:09] warmStart 13% (274/2073) regret=0.067685 ape=0.6286
[14:47:09] warmStart 13% (275/2073) regret=0.067826 ape=0.6286
[14:47:09] warmStart 13% (276/2073) regret=0.067722 ape=0.6276
[14:47:09] warmStart 13% (277/2073) regret=0.067273 ape=0.6258
[14:47:09] warmStart 13% (278/2073) regret=0.067347 ape=0.6258
[14:47:09] warmStart 13% (279/2073) regret=0.066776 ape=0.6258
[14:47:10] warmStart 13% (280/2073) regret=0.066831 ape=0.6267
[14:47:10] warmStart 13% (281/2073) regret=0.066776 ape=0.6258
[14:47:10] warmStart 13% (282/2073) regret=0.066760 ape=0.6249
[14:47:10] warmStart 13% (283/2073) regret=0.066567 ape=0.6240
[14:47:11] warmStart 13% (284/2073) regret=0.066502 ape=0.6240
[14:47:11] warmStart 13% (285/2073) regret=0.066582 ape=0.6249
[14:47:11] warmStart 13% (286/2073) regret=0.066553 ape=0.6240
[14:47:11] warmStart 13% (287/2073) regret=0.066038 ape=0.6221
[14:47:11] warmStart 13% (288/2073) regret=0.065857 ape=0.6212
[14:47:12] warmStart 13% (289/2073) regret=0.065863 ape=0.6212
[14:47:12] warmStart 13% (290/2073) regret=0.065829 ape=0.6221
[14:47:12] warmStart 14% (291/2073) regret=0.065719 ape=0.6221
[14:47:12] warmStart 14% (292/2073) regret=0.065843 ape=0.6230
[14:47:12] warmStart 14% (293/2073) regret=0.066152 ape=0.6221
[14:47:13] warmStart 14% (294/2073) regret=0.065458 ape=0.6194
[14:47:13] warmStart 14% (295/2073) regret=0.065081 ape=0.6194
[14:47:13] warmStart 14% (296/2073) regret=0.065081 ape=0.6194
[14:47:13] warmStart 14% (297/2073) regret=0.064647 ape=0.6194
[14:47:13] warmStart 14% (298/2073) regret=0.064647 ape=0.6194
[14:47:14] warmStart 14% (299/2073) regret=0.064672 ape=0.6194
[14:47:14] warmStart 14% (300/2073) regret=0.064265 ape=0.6203
[14:47:14] warmStart 14% (301/2073) regret=0.064302 ape=0.6203
[14:47:14] warmStart 14% (302/2073) regret=0.064283 ape=0.6203
[14:47:15] warmStart 14% (303/2073) regret=0.064440 ape=0.6212
[14:47:15] warmStart 14% (304/2073) regret=0.064394 ape=0.6203
[14:47:15] warmStart 14% (305/2073) regret=0.064441 ape=0.6203
[14:47:15] warmStart 14% (306/2073) regret=0.064004 ape=0.6184
[14:47:15] warmStart 14% (307/2073) regret=0.063673 ape=0.6175
[14:47:15] warmStart 14% (308/2073) regret=0.063617 ape=0.6175
[14:47:16] warmStart 14% (309/2073) regret=0.063562 ape=0.6175
[14:47:16] warmStart 14% (310/2073) regret=0.063534 ape=0.6175
[14:47:16] warmStart 15% (311/2073) regret=0.063447 ape=0.6166
[14:47:16] warmStart 15% (312/2073) regret=0.063447 ape=0.6166
[14:47:16] warmStart 15% (313/2073) regret=0.063447 ape=0.6166
[14:47:17] warmStart 15% (314/2073) regret=0.063447 ape=0.6166
[14:47:17] warmStart 15% (315/2073) regret=0.064005 ape=0.6175
[14:47:17] warmStart 15% (316/2073) regret=0.063807 ape=0.6166
[14:47:17] warmStart 15% (317/2073) regret=0.063544 ape=0.6157
[14:47:18] warmStart 15% (318/2073) regret=0.063710 ape=0.6157
[14:47:18] warmStart 15% (319/2073) regret=0.063775 ape=0.6147
[14:47:18] warmStart 15% (320/2073) regret=0.063841 ape=0.6147
[14:47:18] warmStart 15% (321/2073) regret=0.063647 ape=0.6138
[14:47:19] warmStart 15% (322/2073) regret=0.063573 ape=0.6138
[14:47:19] warmStart 15% (323/2073) regret=0.063196 ape=0.6138
[14:47:19] warmStart 15% (324/2073) regret=0.063176 ape=0.6147
[14:47:19] warmStart 15% (325/2073) regret=0.063175 ape=0.6157
[14:47:20] warmStart 15% (326/2073) regret=0.063529 ape=0.6166
[14:47:20] warmStart 15% (327/2073) regret=0.063159 ape=0.6157
[14:47:20] warmStart 15% (328/2073) regret=0.063159 ape=0.6157
[14:47:20] warmStart 15% (329/2073) regret=0.063380 ape=0.6166
[14:47:21] warmStart 15% (330/2073) regret=0.063380 ape=0.6166
[14:47:21] warmStart 15% (331/2073) regret=0.063411 ape=0.6166
[14:47:21] warmStart 16% (332/2073) regret=0.063441 ape=0.6175
[14:47:21] warmStart 16% (333/2073) regret=0.063355 ape=0.6175
[14:47:22] warmStart 16% (334/2073) regret=0.063094 ape=0.6175
[14:47:22] warmStart 16% (335/2073) regret=0.063088 ape=0.6175
[14:47:22] warmStart 16% (336/2073) regret=0.063088 ape=0.6175
[14:47:22] warmStart 16% (337/2073) regret=0.063088 ape=0.6175
[14:47:22] warmStart 16% (338/2073) regret=0.063070 ape=0.6175
[14:47:23] warmStart 16% (339/2073) regret=0.062904 ape=0.6166
[14:47:23] warmStart 16% (340/2073) regret=0.062839 ape=0.6166
[14:47:23] warmStart 16% (341/2073) regret=0.062618 ape=0.6175
[14:47:23] warmStart 16% (342/2073) regret=0.062535 ape=0.6175
[14:47:24] warmStart 16% (343/2073) regret=0.062642 ape=0.6175
[14:47:24] warmStart 16% (344/2073) regret=0.062642 ape=0.6175
[14:47:24] warmStart 16% (345/2073) regret=0.062642 ape=0.6175
[14:47:24] warmStart 16% (346/2073) regret=0.062673 ape=0.6175
[14:47:25] warmStart 16% (347/2073) regret=0.062642 ape=0.6175
[14:47:25] warmStart 16% (348/2073) regret=0.062613 ape=0.6175
[14:47:25] warmStart 16% (349/2073) regret=0.062613 ape=0.6175
[14:47:25] warmStart 16% (350/2073) regret=0.062613 ape=0.6175
[14:47:26] warmStart 16% (351/2073) regret=0.062613 ape=0.6175
[14:47:26] warmStart 16% (352/2073) regret=0.062613 ape=0.6175
[14:47:26] warmStart 17% (353/2073) regret=0.062608 ape=0.6166
[14:47:26] warmStart 17% (354/2073) regret=0.062608 ape=0.6166
[14:47:27] warmStart 17% (355/2073) regret=0.062608 ape=0.6166
[14:47:27] warmStart 17% (356/2073) regret=0.062608 ape=0.6166
[14:47:27] warmStart 17% (357/2073) regret=0.063134 ape=0.6166
[14:47:27] warmStart 17% (358/2073) regret=0.062608 ape=0.6166
[14:47:28] warmStart 17% (359/2073) regret=0.062608 ape=0.6166
[14:47:28] warmStart 17% (360/2073) regret=0.062608 ape=0.6166
[14:47:28] warmStart 17% (361/2073) regret=0.062849 ape=0.6166
[14:47:28] warmStart 17% (362/2073) regret=0.062719 ape=0.6166
[14:47:29] warmStart 17% (363/2073) regret=0.062719 ape=0.6166
[14:47:29] warmStart 17% (364/2073) regret=0.062719 ape=0.6166
[14:47:29] warmStart 17% (365/2073) regret=0.062524 ape=0.6166
[14:47:29] warmStart 17% (366/2073) regret=0.062524 ape=0.6166
[14:47:29] warmStart 17% (367/2073) regret=0.062458 ape=0.6157
[14:47:30] warmStart 17% (368/2073) regret=0.062419 ape=0.6147
[14:47:30] warmStart 17% (369/2073) regret=0.062419 ape=0.6147
[14:47:30] warmStart 17% (370/2073) regret=0.062369 ape=0.6147
[14:47:30] warmStart 17% (371/2073) regret=0.062005 ape=0.6138
[14:47:31] warmStart 17% (372/2073) regret=0.061887 ape=0.6129
[14:47:31] warmStart 17% (373/2073) regret=0.061887 ape=0.6129
[14:47:31] warmStart 18% (374/2073) regret=0.061887 ape=0.6129
[14:47:31] warmStart 18% (375/2073) regret=0.061851 ape=0.6129
[14:47:32] warmStart 18% (376/2073) regret=0.061860 ape=0.6129
[14:47:32] warmStart 18% (377/2073) regret=0.061749 ape=0.6129
[14:47:32] warmStart 18% (378/2073) regret=0.061749 ape=0.6129
[14:47:32] warmStart 18% (379/2073) regret=0.061906 ape=0.6129
[14:47:33] warmStart 18% (380/2073) regret=0.061534 ape=0.6120
[14:47:33] warmStart 18% (381/2073) regret=0.061556 ape=0.6120
[14:47:33] warmStart 18% (382/2073) regret=0.061556 ape=0.6120
[14:47:33] warmStart 18% (383/2073) regret=0.061197 ape=0.6101
[14:47:33] warmStart 18% (384/2073) regret=0.061197 ape=0.6101
[14:47:34] warmStart 18% (385/2073) regret=0.061197 ape=0.6101
[14:47:34] warmStart 18% (386/2073) regret=0.061197 ape=0.6101
[14:47:34] warmStart 18% (387/2073) regret=0.061104 ape=0.6101
[14:47:34] warmStart 18% (388/2073) regret=0.060717 ape=0.6101
[14:47:35] warmStart 18% (389/2073) regret=0.060698 ape=0.6101
[14:47:35] warmStart 18% (390/2073) regret=0.060753 ape=0.6101
[14:47:35] warmStart 18% (391/2073) regret=0.060191 ape=0.6092
[14:47:35] warmStart 18% (392/2073) regret=0.060191 ape=0.6092
[14:47:36] warmStart 18% (393/2073) regret=0.060191 ape=0.6092
[14:47:36] warmStart 19% (394/2073) regret=0.059881 ape=0.6101
[14:47:36] warmStart 19% (395/2073) regret=0.059881 ape=0.6101
[14:47:36] warmStart 19% (396/2073) regret=0.059876 ape=0.6101
[14:47:37] warmStart 19% (397/2073) regret=0.059969 ape=0.6101
[14:47:37] warmStart 19% (398/2073) regret=0.060328 ape=0.6111
[14:47:37] warmStart 19% (399/2073) regret=0.060098 ape=0.6111
[14:47:37] warmStart 19% (400/2073) regret=0.060098 ape=0.6111
[14:47:37] warmStart 19% (401/2073) regret=0.060236 ape=0.6120
[14:47:38] warmStart 19% (402/2073) regret=0.060319 ape=0.6120
[14:47:38] warmStart 19% (403/2073) regret=0.060220 ape=0.6129
[14:47:38] warmStart 19% (404/2073) regret=0.060219 ape=0.6120
[14:47:38] warmStart 19% (405/2073) regret=0.060219 ape=0.6120
[14:47:39] warmStart 19% (406/2073) regret=0.060219 ape=0.6120
[14:47:39] warmStart 19% (407/2073) regret=0.060219 ape=0.6120
[14:47:39] warmStart 19% (408/2073) regret=0.060219 ape=0.6120
[14:47:39] warmStart 19% (409/2073) regret=0.059915 ape=0.6120
[14:47:40] warmStart 19% (410/2073) regret=0.059924 ape=0.6120
[14:47:40] warmStart 19% (411/2073) regret=0.059669 ape=0.6120
[14:47:40] warmStart 19% (412/2073) regret=0.059828 ape=0.6120
[14:47:40] warmStart 19% (413/2073) regret=0.059828 ape=0.6120
[14:47:41] warmStart 19% (414/2073) regret=0.059766 ape=0.6120
[14:47:41] warmStart 20% (415/2073) regret=0.059808 ape=0.6111
[14:47:41] warmStart 20% (416/2073) regret=0.059808 ape=0.6111
[14:47:41] warmStart 20% (417/2073) regret=0.059656 ape=0.6101
[14:47:42] warmStart 20% (418/2073) regret=0.059656 ape=0.6101
[14:47:42] warmStart 20% (419/2073) regret=0.059407 ape=0.6092
[14:47:42] warmStart 20% (420/2073) regret=0.059407 ape=0.6092
[14:47:42] warmStart 20% (421/2073) regret=0.059407 ape=0.6092
[14:47:43] warmStart 20% (422/2073) regret=0.059351 ape=0.6092
[14:47:43] warmStart 20% (423/2073) regret=0.059158 ape=0.6083
[14:47:43] warmStart 20% (424/2073) regret=0.059301 ape=0.6092
[14:47:43] warmStart 20% (425/2073) regret=0.059245 ape=0.6083
[14:47:43] warmStart 20% (426/2073) regret=0.059245 ape=0.6083
[14:47:44] warmStart 20% (427/2073) regret=0.059072 ape=0.6074
[14:47:44] warmStart 20% (428/2073) regret=0.059136 ape=0.6074
[14:47:44] warmStart 20% (429/2073) regret=0.059136 ape=0.6074
[14:47:44] warmStart 20% (430/2073) regret=0.058924 ape=0.6065
[14:47:45] warmStart 20% (431/2073) regret=0.058924 ape=0.6065
[14:47:45] warmStart 20% (432/2073) regret=0.058924 ape=0.6065
[14:47:45] warmStart 20% (433/2073) regret=0.058887 ape=0.6065
[14:47:45] warmStart 20% (434/2073) regret=0.059586 ape=0.6083
[14:47:46] warmStart 20% (435/2073) regret=0.059849 ape=0.6083
[14:47:46] warmStart 21% (436/2073) regret=0.059868 ape=0.6092
[14:47:46] warmStart 21% (437/2073) regret=0.059713 ape=0.6092
[14:47:46] warmStart 21% (438/2073) regret=0.059680 ape=0.6101
[14:47:46] warmStart 21% (439/2073) regret=0.059614 ape=0.6101
[14:47:47] warmStart 21% (440/2073) regret=0.059614 ape=0.6101
[14:47:47] warmStart 21% (441/2073) regret=0.059614 ape=0.6101
[14:47:47] warmStart 21% (442/2073) regret=0.059628 ape=0.6111
[14:47:47] warmStart 21% (443/2073) regret=0.059600 ape=0.6101
[14:47:48] warmStart 21% (444/2073) regret=0.059282 ape=0.6101
[14:47:48] warmStart 21% (445/2073) regret=0.059282 ape=0.6101
[14:47:48] warmStart 21% (446/2073) regret=0.059241 ape=0.6101
[14:47:48] warmStart 21% (447/2073) regret=0.059241 ape=0.6101
[14:47:48] warmStart 21% (448/2073) regret=0.059244 ape=0.6101
[14:47:49] warmStart 21% (449/2073) regret=0.059278 ape=0.6101
[14:47:49] warmStart 21% (450/2073) regret=0.059236 ape=0.6101
[14:47:49] warmStart 21% (451/2073) regret=0.059236 ape=0.6101
[14:47:49] warmStart 21% (452/2073) regret=0.059213 ape=0.6101
[14:47:49] warmStart 21% (453/2073) regret=0.059236 ape=0.6101
[14:47:50] warmStart 21% (454/2073) regret=0.058889 ape=0.6092
[14:47:50] warmStart 21% (455/2073) regret=0.058147 ape=0.6092
[14:47:50] warmStart 21% (456/2073) regret=0.057926 ape=0.6083
[14:47:50] warmStart 22% (457/2073) regret=0.058248 ape=0.6092
[14:47:50] warmStart 22% (458/2073) regret=0.057920 ape=0.6092
[14:47:51] warmStart 22% (459/2073) regret=0.057943 ape=0.6092
[14:47:51] warmStart 22% (460/2073) regret=0.057943 ape=0.6092
[14:47:51] warmStart 22% (461/2073) regret=0.057943 ape=0.6092
[14:47:51] warmStart 22% (462/2073) regret=0.057768 ape=0.6083
[14:47:52] warmStart 22% (463/2073) regret=0.057768 ape=0.6083
[14:47:52] warmStart 22% (464/2073) regret=0.057768 ape=0.6083
[14:47:52] warmStart 22% (465/2073) regret=0.057579 ape=0.6083
[14:47:52] warmStart 22% (466/2073) regret=0.057579 ape=0.6083
[14:47:53] warmStart 22% (467/2073) regret=0.057561 ape=0.6083
[14:47:53] warmStart 22% (468/2073) regret=0.057561 ape=0.6083
[14:47:53] warmStart 22% (469/2073) regret=0.057561 ape=0.6083
[14:47:53] warmStart 22% (470/2073) regret=0.057561 ape=0.6083
[14:47:53] warmStart 22% (471/2073) regret=0.057431 ape=0.6083
[14:47:54] warmStart 22% (472/2073) regret=0.057431 ape=0.6083
[14:47:54] warmStart 22% (473/2073) regret=0.057431 ape=0.6083
[14:47:54] warmStart 22% (474/2073) regret=0.057428 ape=0.6083
[14:47:54] warmStart 22% (475/2073) regret=0.057428 ape=0.6083
[14:47:55] warmStart 22% (476/2073) regret=0.057404 ape=0.6083
[14:47:55] warmStart 23% (477/2073) regret=0.057404 ape=0.6083
[14:47:55] warmStart 23% (478/2073) regret=0.057404 ape=0.6083
[14:47:55] warmStart 23% (479/2073) regret=0.057404 ape=0.6083
[14:47:56] warmStart 23% (480/2073) regret=0.057404 ape=0.6083
[14:47:56] warmStart 23% (481/2073) regret=0.057404 ape=0.6083
[14:47:56] warmStart 23% (482/2073) regret=0.057241 ape=0.6074
[14:47:56] warmStart 23% (483/2073) regret=0.057241 ape=0.6074
[14:47:57] warmStart 23% (484/2073) regret=0.057241 ape=0.6074
[14:47:57] warmStart 23% (485/2073) regret=0.057241 ape=0.6074
[14:47:57] warmStart 23% (486/2073) regret=0.057241 ape=0.6074
[14:47:57] warmStart 23% (487/2073) regret=0.057241 ape=0.6074
[14:47:57] warmStart 23% (488/2073) regret=0.057241 ape=0.6074
[14:47:58] warmStart 23% (489/2073) regret=0.057241 ape=0.6074
[14:47:58] warmStart 23% (490/2073) regret=0.057241 ape=0.6074
[14:47:58] warmStart 23% (491/2073) regret=0.057241 ape=0.6074
[14:47:58] warmStart 23% (492/2073) regret=0.057241 ape=0.6074
[14:47:59] warmStart 23% (493/2073) regret=0.057241 ape=0.6074
[14:47:59] warmStart 23% (494/2073) regret=0.057241 ape=0.6074
[14:47:59] warmStart 23% (495/2073) regret=0.057241 ape=0.6074
[14:47:59] warmStart 23% (496/2073) regret=0.057241 ape=0.6074
[14:48:00] warmStart 23% (497/2073) regret=0.057241 ape=0.6074
[14:48:00] warmStart 24% (498/2073) regret=0.057241 ape=0.6074
[14:48:00] warmStart 24% (499/2073) regret=0.057241 ape=0.6074
[14:48:00] warmStart 24% (500/2073) regret=0.057241 ape=0.6074
[14:48:01] warmStart 24% (501/2073) regret=0.057241 ape=0.6074
[14:48:01] warmStart 24% (502/2073) regret=0.057015 ape=0.6065
[14:48:01] warmStart 24% (503/2073) regret=0.057015 ape=0.6065
[14:48:01] warmStart 24% (504/2073) regret=0.056998 ape=0.6055
[14:48:02] warmStart 24% (505/2073) regret=0.056998 ape=0.6055
[14:48:02] warmStart 24% (506/2073) regret=0.056998 ape=0.6055
[14:48:02] warmStart 24% (507/2073) regret=0.056743 ape=0.6055
[14:48:02] warmStart 24% (508/2073) regret=0.056743 ape=0.6055
[14:48:02] warmStart 24% (509/2073) regret=0.056743 ape=0.6055
[14:48:03] warmStart 24% (510/2073) regret=0.056743 ape=0.6055
[14:48:03] warmStart 24% (511/2073) regret=0.056352 ape=0.6046
[14:48:03] warmStart 24% (512/2073) regret=0.056352 ape=0.6046
[14:48:03] warmStart 24% (513/2073) regret=0.056352 ape=0.6046
[14:48:04] warmStart 24% (514/2073) regret=0.056352 ape=0.6046
[14:48:04] warmStart 24% (515/2073) regret=0.056315 ape=0.6046
[14:48:04] warmStart 24% (516/2073) regret=0.056315 ape=0.6046
[14:48:04] warmStart 24% (517/2073) regret=0.056112 ape=0.6046
[14:48:05] warmStart 24% (518/2073) regret=0.056112 ape=0.6046
[14:48:05] warmStart 25% (519/2073) regret=0.055920 ape=0.6037
[14:48:05] warmStart 25% (520/2073) regret=0.055882 ape=0.6028
[14:48:05] warmStart 25% (521/2073) regret=0.055882 ape=0.6028
[14:48:06] warmStart 25% (522/2073) regret=0.055882 ape=0.6028
[14:48:06] warmStart 25% (523/2073) regret=0.055790 ape=0.6028
[14:48:06] warmStart 25% (524/2073) regret=0.055764 ape=0.6018
[14:48:06] warmStart 25% (525/2073) regret=0.055764 ape=0.6018
[14:48:07] warmStart 25% (526/2073) regret=0.055764 ape=0.6018
[14:48:07] warmStart 25% (527/2073) regret=0.055764 ape=0.6018
[14:48:07] warmStart 25% (528/2073) regret=0.055764 ape=0.6018
[14:48:07] warmStart 25% (529/2073) regret=0.055786 ape=0.6018
[14:48:08] warmStart 25% (530/2073) regret=0.055786 ape=0.6018
[14:48:08] warmStart 25% (531/2073) regret=0.055380 ape=0.6009
[14:48:08] warmStart 25% (532/2073) regret=0.055238 ape=0.6000
[14:48:08] warmStart 25% (533/2073) regret=0.055238 ape=0.6000
[14:48:09] warmStart 25% (534/2073) regret=0.055238 ape=0.6000
[14:48:09] warmStart 25% (535/2073) regret=0.055238 ape=0.6000
[14:48:09] warmStart 25% (536/2073) regret=0.055238 ape=0.6000
[14:48:09] warmStart 25% (537/2073) regret=0.055238 ape=0.6000
[14:48:09] warmStart 25% (538/2073) regret=0.055238 ape=0.6000
[14:48:10] warmStart 26% (539/2073) regret=0.055238 ape=0.6000
[14:48:10] warmStart 26% (540/2073) regret=0.055238 ape=0.6000
[14:48:10] warmStart 26% (541/2073) regret=0.055238 ape=0.6000
[14:48:10] warmStart 26% (542/2073) regret=0.055199 ape=0.5991
[14:48:10] warmStart 26% (543/2073) regret=0.055199 ape=0.5991
[14:48:11] warmStart 26% (544/2073) regret=0.055199 ape=0.5991
[14:48:11] warmStart 26% (545/2073) regret=0.055199 ape=0.5991
[14:48:11] warmStart 26% (546/2073) regret=0.055007 ape=0.5991
[14:48:11] warmStart 26% (547/2073) regret=0.054841 ape=0.5972
[14:48:12] warmStart 26% (548/2073) regret=0.054850 ape=0.5972
[14:48:12] warmStart 26% (549/2073) regret=0.054841 ape=0.5972
[14:48:12] warmStart 26% (550/2073) regret=0.054878 ape=0.5982
[14:48:12] warmStart 26% (551/2073) regret=0.054878 ape=0.5982
[14:48:12] warmStart 26% (552/2073) regret=0.054915 ape=0.5982
[14:48:13] warmStart 26% (553/2073) regret=0.054507 ape=0.5972
[14:48:13] warmStart 26% (554/2073) regret=0.054544 ape=0.5972
[14:48:13] warmStart 26% (555/2073) regret=0.054544 ape=0.5972
[14:48:13] warmStart 26% (556/2073) regret=0.054544 ape=0.5972
[14:48:14] warmStart 26% (557/2073) regret=0.054544 ape=0.5972
[14:48:14] warmStart 26% (558/2073) regret=0.054458 ape=0.5972
[14:48:14] warmStart 26% (559/2073) regret=0.054544 ape=0.5972
[14:48:14] warmStart 27% (560/2073) regret=0.054461 ape=0.5972
[14:48:15] warmStart 27% (561/2073) regret=0.054387 ape=0.5963
[14:48:15] warmStart 27% (562/2073) regret=0.054074 ape=0.5963
[14:48:15] warmStart 27% (563/2073) regret=0.054074 ape=0.5963
[14:48:15] warmStart 27% (564/2073) regret=0.053945 ape=0.5963
[14:48:15] warmStart 27% (565/2073) regret=0.053714 ape=0.5963
[14:48:15] warmStart 27% (566/2073) regret=0.053714 ape=0.5963
[14:48:16] warmStart 27% (567/2073) regret=0.053585 ape=0.5963
[14:48:16] warmStart 27% (568/2073) regret=0.053714 ape=0.5963
[14:48:16] warmStart 27% (569/2073) regret=0.053608 ape=0.5954
[14:48:16] warmStart 27% (570/2073) regret=0.053599 ape=0.5954
[14:48:17] warmStart 27% (571/2073) regret=0.053544 ape=0.5945
[14:48:17] warmStart 27% (572/2073) regret=0.053180 ape=0.5935
[14:48:17] warmStart 27% (573/2073) regret=0.053180 ape=0.5935
[14:48:17] warmStart 27% (574/2073) regret=0.053191 ape=0.5945
[14:48:17] warmStart 27% (575/2073) regret=0.053844 ape=0.5935
[14:48:18] warmStart 27% (576/2073) regret=0.052852 ape=0.5917
[14:48:18] warmStart 27% (577/2073) regret=0.052778 ape=0.5908
[14:48:18] warmStart 27% (578/2073) regret=0.052852 ape=0.5917
[14:48:18] warmStart 27% (579/2073) regret=0.052787 ape=0.5908
[14:48:19] warmStart 27% (580/2073) regret=0.053082 ape=0.5908
[14:48:19] warmStart 28% (581/2073) regret=0.052916 ape=0.5908
[14:48:19] warmStart 28% (582/2073) regret=0.052916 ape=0.5908
[14:48:19] warmStart 28% (583/2073) regret=0.053110 ape=0.5908
[14:48:20] warmStart 28% (584/2073) regret=0.052950 ape=0.5917
[14:48:20] warmStart 28% (585/2073) regret=0.053182 ape=0.5908
[14:48:20] warmStart 28% (586/2073) regret=0.052939 ape=0.5908
[14:48:20] warmStart 28% (587/2073) regret=0.052731 ape=0.5908
[14:48:21] warmStart 28% (588/2073) regret=0.052952 ape=0.5908
[14:48:21] warmStart 28% (589/2073) regret=0.052962 ape=0.5908
[14:48:21] warmStart 28% (590/2073) regret=0.052266 ape=0.5889
[14:48:21] warmStart 28% (591/2073) regret=0.052307 ape=0.5889
[14:48:22] warmStart 28% (592/2073) regret=0.052283 ape=0.5880
[14:48:22] warmStart 28% (593/2073) regret=0.052283 ape=0.5880
[14:48:22] warmStart 28% (594/2073) regret=0.052098 ape=0.5871
[14:48:22] warmStart 28% (595/2073) regret=0.051968 ape=0.5871
[14:48:22] warmStart 28% (596/2073) regret=0.051853 ape=0.5862
[14:48:23] warmStart 28% (597/2073) regret=0.051638 ape=0.5862
[14:48:23] warmStart 28% (598/2073) regret=0.051599 ape=0.5843
[14:48:23] warmStart 28% (599/2073) regret=0.051434 ape=0.5834
[14:48:23] warmStart 28% (600/2073) regret=0.051434 ape=0.5834
[14:48:24] warmStart 28% (601/2073) regret=0.051434 ape=0.5834
[14:48:24] warmStart 29% (602/2073) regret=0.051434 ape=0.5834
[14:48:24] warmStart 29% (603/2073) regret=0.051434 ape=0.5834
[14:48:24] warmStart 29% (604/2073) regret=0.051434 ape=0.5834
[14:48:25] warmStart 29% (605/2073) regret=0.051434 ape=0.5834
[14:48:25] warmStart 29% (606/2073) regret=0.051434 ape=0.5834
[14:48:25] warmStart 29% (607/2073) regret=0.051434 ape=0.5834
[14:48:25] warmStart 29% (608/2073) regret=0.051434 ape=0.5834
[14:48:26] warmStart 29% (609/2073) regret=0.051364 ape=0.5825
[14:48:26] warmStart 29% (610/2073) regret=0.051364 ape=0.5825
[14:48:26] warmStart 29% (611/2073) regret=0.051364 ape=0.5825
[14:48:26] warmStart 29% (612/2073) regret=0.051364 ape=0.5825
[14:48:27] warmStart 29% (613/2073) regret=0.051364 ape=0.5825
[14:48:27] warmStart 29% (614/2073) regret=0.051364 ape=0.5825
[14:48:27] warmStart 29% (615/2073) regret=0.051364 ape=0.5825
[14:48:27] warmStart 29% (616/2073) regret=0.051364 ape=0.5825
[14:48:28] warmStart 29% (617/2073) regret=0.051364 ape=0.5825
[14:48:28] warmStart 29% (618/2073) regret=0.051364 ape=0.5825
[14:48:28] warmStart 29% (619/2073) regret=0.051337 ape=0.5825
[14:48:28] warmStart 29% (620/2073) regret=0.051337 ape=0.5825
[14:48:29] warmStart 29% (621/2073) regret=0.051337 ape=0.5825
[14:48:29] warmStart 30% (622/2073) regret=0.051337 ape=0.5825
[14:48:29] warmStart 30% (623/2073) regret=0.051337 ape=0.5825
[14:48:29] warmStart 30% (624/2073) regret=0.051337 ape=0.5825
[14:48:29] warmStart 30% (625/2073) regret=0.051337 ape=0.5825
[14:48:30] warmStart 30% (626/2073) regret=0.051337 ape=0.5825
[14:48:30] warmStart 30% (627/2073) regret=0.051337 ape=0.5825
[14:48:30] warmStart 30% (628/2073) regret=0.051337 ape=0.5825
[14:48:30] warmStart 30% (629/2073) regret=0.051445 ape=0.5825
[14:48:31] warmStart 30% (630/2073) regret=0.051119 ape=0.5825
[14:48:31] warmStart 30% (631/2073) regret=0.051130 ape=0.5825
[14:48:31] warmStart 30% (632/2073) regret=0.051382 ape=0.5825
[14:48:31] warmStart 30% (633/2073) regret=0.051153 ape=0.5825
[14:48:32] warmStart 30% (634/2073) regret=0.051170 ape=0.5816
[14:48:32] warmStart 30% (635/2073) regret=0.051203 ape=0.5825
[14:48:32] warmStart 30% (636/2073) regret=0.051142 ape=0.5825
[14:48:32] warmStart 30% (637/2073) regret=0.051303 ape=0.5825
[14:48:33] warmStart 30% (638/2073) regret=0.051168 ape=0.5816
[14:48:33] warmStart 30% (639/2073) regret=0.051114 ape=0.5806
[14:48:33] warmStart 30% (640/2073) regret=0.051114 ape=0.5806
[14:48:33] warmStart 30% (641/2073) regret=0.051114 ape=0.5806
[14:48:34] warmStart 30% (642/2073) regret=0.051114 ape=0.5806
[14:48:34] warmStart 31% (643/2073) regret=0.051114 ape=0.5806
[14:48:34] warmStart 31% (644/2073) regret=0.051114 ape=0.5806
[14:48:34] warmStart 31% (645/2073) regret=0.051114 ape=0.5806
[14:48:35] warmStart 31% (646/2073) regret=0.051114 ape=0.5806
[14:48:35] warmStart 31% (647/2073) regret=0.051114 ape=0.5806
[14:48:35] warmStart 31% (648/2073) regret=0.051114 ape=0.5806
[14:48:35] warmStart 31% (649/2073) regret=0.051114 ape=0.5806
[14:48:35] warmStart 31% (650/2073) regret=0.051114 ape=0.5806
[14:48:36] warmStart 31% (651/2073) regret=0.051114 ape=0.5806
[14:48:36] warmStart 31% (652/2073) regret=0.051091 ape=0.5806
[14:48:36] warmStart 31% (653/2073) regret=0.051266 ape=0.5816
[14:48:36] warmStart 31% (654/2073) regret=0.051581 ape=0.5816
[14:48:37] warmStart 31% (655/2073) regret=0.051111 ape=0.5806
[14:48:37] warmStart 31% (656/2073) regret=0.051111 ape=0.5806
[14:48:37] warmStart 31% (657/2073) regret=0.051111 ape=0.5806
[14:48:37] warmStart 31% (658/2073) regret=0.051111 ape=0.5806
[14:48:38] warmStart 31% (659/2073) regret=0.051111 ape=0.5806
[14:48:38] warmStart 31% (660/2073) regret=0.051019 ape=0.5797
[14:48:38] warmStart 31% (661/2073) regret=0.051019 ape=0.5797
[14:48:38] warmStart 31% (662/2073) regret=0.051019 ape=0.5797
[14:48:39] warmStart 31% (663/2073) regret=0.051019 ape=0.5797
[14:48:39] warmStart 32% (664/2073) regret=0.051019 ape=0.5797
[14:48:39] warmStart 32% (665/2073) regret=0.051019 ape=0.5797
[14:48:39] warmStart 32% (666/2073) regret=0.051019 ape=0.5797
[14:48:40] warmStart 32% (667/2073) regret=0.051042 ape=0.5797
[14:48:40] warmStart 32% (668/2073) regret=0.051042 ape=0.5797
[14:48:40] warmStart 32% (669/2073) regret=0.051134 ape=0.5797
[14:48:40] warmStart 32% (670/2073) regret=0.050660 ape=0.5788
[14:48:41] warmStart 32% (671/2073) regret=0.050660 ape=0.5788
[14:48:41] warmStart 32% (672/2073) regret=0.050660 ape=0.5788
[14:48:41] warmStart 32% (673/2073) regret=0.050660 ape=0.5788
[14:48:41] warmStart 32% (674/2073) regret=0.050374 ape=0.5779
[14:48:42] warmStart 32% (675/2073) regret=0.050374 ape=0.5779
[14:48:42] warmStart 32% (676/2073) regret=0.050374 ape=0.5779
[14:48:42] warmStart 32% (677/2073) regret=0.050374 ape=0.5779
[14:48:42] warmStart 32% (678/2073) regret=0.050374 ape=0.5779
[14:48:42] warmStart 32% (679/2073) regret=0.050374 ape=0.5779
[14:48:43] warmStart 32% (680/2073) regret=0.050374 ape=0.5779
[14:48:43] warmStart 32% (681/2073) regret=0.050374 ape=0.5779
[14:48:43] warmStart 32% (682/2073) regret=0.050374 ape=0.5779
[14:48:43] warmStart 32% (683/2073) regret=0.050374 ape=0.5779
[14:48:44] warmStart 32% (684/2073) regret=0.050374 ape=0.5779
[14:48:44] warmStart 33% (685/2073) regret=0.050374 ape=0.5779
[14:48:44] warmStart 33% (686/2073) regret=0.050374 ape=0.5779
[14:48:44] warmStart 33% (687/2073) regret=0.050374 ape=0.5779
[14:48:45] warmStart 33% (688/2073) regret=0.050374 ape=0.5779
[14:48:45] warmStart 33% (689/2073) regret=0.050374 ape=0.5779
[14:48:45] warmStart 33% (690/2073) regret=0.050374 ape=0.5779
[14:48:45] warmStart 33% (691/2073) regret=0.050374 ape=0.5779
[14:48:46] warmStart 33% (692/2073) regret=0.050374 ape=0.5779
[14:48:46] warmStart 33% (693/2073) regret=0.050374 ape=0.5779
[14:48:46] warmStart 33% (694/2073) regret=0.050374 ape=0.5779
[14:48:46] warmStart 33% (695/2073) regret=0.050305 ape=0.5770
[14:48:47] warmStart 33% (696/2073) regret=0.050305 ape=0.5770
[14:48:47] warmStart 33% (697/2073) regret=0.050305 ape=0.5770
[14:48:47] warmStart 33% (698/2073) regret=0.050305 ape=0.5770
[14:48:47] warmStart 33% (699/2073) regret=0.050305 ape=0.5770
[14:48:48] warmStart 33% (700/2073) regret=0.050305 ape=0.5770
[14:48:48] warmStart 33% (701/2073) regret=0.050305 ape=0.5770
[14:48:48] warmStart 33% (702/2073) regret=0.050305 ape=0.5770
[14:48:48] warmStart 33% (703/2073) regret=0.050305 ape=0.5770
[14:48:48] warmStart 33% (704/2073) regret=0.050305 ape=0.5770
[14:48:49] warmStart 34% (705/2073) regret=0.050305 ape=0.5770
[14:48:49] warmStart 34% (706/2073) regret=0.050305 ape=0.5770
[14:48:49] warmStart 34% (707/2073) regret=0.050285 ape=0.5770
[14:48:49] warmStart 34% (708/2073) regret=0.050285 ape=0.5770
[14:48:50] warmStart 34% (709/2073) regret=0.050312 ape=0.5770
[14:48:50] warmStart 34% (710/2073) regret=0.050312 ape=0.5770
[14:48:50] warmStart 34% (711/2073) regret=0.050312 ape=0.5770
[14:48:50] warmStart 34% (712/2073) regret=0.050312 ape=0.5770
[14:48:51] warmStart 34% (713/2073) regret=0.050312 ape=0.5770
[14:48:51] warmStart 34% (714/2073) regret=0.050312 ape=0.5770
[14:48:51] warmStart 34% (715/2073) regret=0.050312 ape=0.5770
[14:48:51] warmStart 34% (716/2073) regret=0.050339 ape=0.5770
[14:48:52] warmStart 34% (717/2073) regret=0.050339 ape=0.5770
[14:48:52] warmStart 34% (718/2073) regret=0.050320 ape=0.5770
[14:48:52] warmStart 34% (719/2073) regret=0.050219 ape=0.5770
[14:48:52] warmStart 34% (720/2073) regret=0.050320 ape=0.5770
[14:48:53] warmStart 34% (721/2073) regret=0.050320 ape=0.5770
[14:48:53] warmStart 34% (722/2073) regret=0.050320 ape=0.5770
[14:48:53] warmStart 34% (723/2073) regret=0.050320 ape=0.5770
[14:48:53] warmStart 34% (724/2073) regret=0.050320 ape=0.5770
[14:48:54] warmStart 34% (725/2073) regret=0.050366 ape=0.5770
[14:48:54] warmStart 35% (726/2073) regret=0.050366 ape=0.5770
[14:48:54] warmStart 35% (727/2073) regret=0.050366 ape=0.5770
[14:48:54] warmStart 35% (728/2073) regret=0.050366 ape=0.5770
[14:48:54] warmStart 35% (729/2073) regret=0.050366 ape=0.5770
[14:48:55] warmStart 35% (730/2073) regret=0.050426 ape=0.5770
[14:48:55] warmStart 35% (731/2073) regret=0.050426 ape=0.5770
[14:48:55] warmStart 35% (732/2073) regret=0.050269 ape=0.5760
[14:48:55] warmStart 35% (733/2073) regret=0.050269 ape=0.5760
[14:48:56] warmStart 35% (734/2073) regret=0.049809 ape=0.5751
[14:48:56] warmStart 35% (735/2073) regret=0.049753 ape=0.5742
[14:48:56] warmStart 35% (736/2073) regret=0.049753 ape=0.5742
[14:48:56] warmStart 35% (737/2073) regret=0.049707 ape=0.5742
[14:48:57] warmStart 35% (738/2073) regret=0.049707 ape=0.5742
[14:48:57] warmStart 35% (739/2073) regret=0.049707 ape=0.5742
[14:48:57] warmStart 35% (740/2073) regret=0.049855 ape=0.5751
[14:48:57] warmStart 35% (741/2073) regret=0.049696 ape=0.5733
[14:48:58] warmStart 35% (742/2073) regret=0.049696 ape=0.5733
[14:48:58] warmStart 35% (743/2073) regret=0.049235 ape=0.5724
[14:48:58] warmStart 35% (744/2073) regret=0.049475 ape=0.5733
[14:48:58] warmStart 35% (745/2073) regret=0.049475 ape=0.5733
[14:48:59] warmStart 35% (746/2073) regret=0.049475 ape=0.5733
[14:48:59] warmStart 36% (747/2073) regret=0.048659 ape=0.5714
[14:48:59] warmStart 36% (748/2073) regret=0.048659 ape=0.5714
[14:48:59] warmStart 36% (749/2073) regret=0.048659 ape=0.5714
[14:49:00] warmStart 36% (750/2073) regret=0.048659 ape=0.5714
[14:49:00] warmStart 36% (751/2073) regret=0.048659 ape=0.5714
[14:49:00] warmStart 36% (752/2073) regret=0.048682 ape=0.5714
[14:49:00] warmStart 36% (753/2073) regret=0.048682 ape=0.5714
[14:49:01] warmStart 36% (754/2073) regret=0.048682 ape=0.5714
[14:49:01] warmStart 36% (755/2073) regret=0.048682 ape=0.5714
[14:49:01] warmStart 36% (756/2073) regret=0.048682 ape=0.5714
[14:49:01] warmStart 36% (757/2073) regret=0.048569 ape=0.5714
[14:49:02] warmStart 36% (758/2073) regret=0.048569 ape=0.5714
[14:49:02] warmStart 36% (759/2073) regret=0.048449 ape=0.5714
[14:49:02] warmStart 36% (760/2073) regret=0.048449 ape=0.5714
[14:49:02] warmStart 36% (761/2073) regret=0.048449 ape=0.5714
[14:49:02] warmStart 36% (762/2073) regret=0.048299 ape=0.5714
[14:49:03] warmStart 36% (763/2073) regret=0.048557 ape=0.5724
[14:49:03] warmStart 36% (764/2073) regret=0.048653 ape=0.5724
[14:49:03] warmStart 36% (765/2073) regret=0.048607 ape=0.5724
[14:49:03] warmStart 36% (766/2073) regret=0.048634 ape=0.5724
[14:49:04] warmStart 36% (767/2073) regret=0.048634 ape=0.5724
[14:49:04] warmStart 37% (768/2073) regret=0.048800 ape=0.5724
[14:49:04] warmStart 37% (769/2073) regret=0.048799 ape=0.5724
[14:49:04] warmStart 37% (770/2073) regret=0.048799 ape=0.5724
[14:49:05] warmStart 37% (771/2073) regret=0.048660 ape=0.5714
[14:49:05] warmStart 37% (772/2073) regret=0.048527 ape=0.5714
[14:49:05] warmStart 37% (773/2073) regret=0.048527 ape=0.5714
[14:49:05] warmStart 37% (774/2073) regret=0.048527 ape=0.5714
[14:49:06] warmStart 37% (775/2073) regret=0.048527 ape=0.5714
[14:49:06] warmStart 37% (776/2073) regret=0.048536 ape=0.5714
[14:49:06] warmStart 37% (777/2073) regret=0.048536 ape=0.5714
[14:49:06] warmStart 37% (778/2073) regret=0.048667 ape=0.5724
[14:49:06] warmStart 37% (779/2073) regret=0.048536 ape=0.5714
[14:49:07] warmStart 37% (780/2073) regret=0.048527 ape=0.5714
[14:49:07] warmStart 37% (781/2073) regret=0.048690 ape=0.5724
[14:49:07] warmStart 37% (782/2073) regret=0.048690 ape=0.5724
[14:49:07] warmStart 37% (783/2073) regret=0.048339 ape=0.5724
[14:49:08] warmStart 37% (784/2073) regret=0.048339 ape=0.5724
[14:49:08] warmStart 37% (785/2073) regret=0.048276 ape=0.5724
[14:49:08] warmStart 37% (786/2073) regret=0.048276 ape=0.5724
[14:49:08] warmStart 37% (787/2073) regret=0.048276 ape=0.5724
[14:49:08] warmStart 38% (788/2073) regret=0.048276 ape=0.5724
[14:49:09] warmStart 38% (789/2073) regret=0.048127 ape=0.5724
[14:49:09] warmStart 38% (790/2073) regret=0.047793 ape=0.5705
[14:49:09] warmStart 38% (791/2073) regret=0.047683 ape=0.5705
[14:49:09] warmStart 38% (792/2073) regret=0.047598 ape=0.5705
[14:49:10] warmStart 38% (793/2073) regret=0.047598 ape=0.5705
[14:49:10] warmStart 38% (794/2073) regret=0.047598 ape=0.5705
[14:49:10] warmStart 38% (795/2073) regret=0.047598 ape=0.5705
[14:49:10] warmStart 38% (796/2073) regret=0.047515 ape=0.5705
[14:49:11] warmStart 38% (797/2073) regret=0.047497 ape=0.5705
[14:49:11] warmStart 38% (798/2073) regret=0.047497 ape=0.5705
[14:49:11] warmStart 38% (799/2073) regret=0.047497 ape=0.5705
[14:49:11] warmStart 38% (800/2073) regret=0.047463 ape=0.5696
[14:49:11] warmStart 38% (801/2073) regret=0.047526 ape=0.5705
[14:49:12] warmStart 38% (802/2073) regret=0.047766 ape=0.5705
[14:49:12] warmStart 38% (803/2073) regret=0.047643 ape=0.5696
[14:49:12] warmStart 38% (804/2073) regret=0.047574 ape=0.5687
[14:49:12] warmStart 38% (805/2073) regret=0.047574 ape=0.5687
[14:49:13] warmStart 38% (806/2073) regret=0.047823 ape=0.5687
[14:49:13] warmStart 38% (807/2073) regret=0.047438 ape=0.5677
[14:49:13] warmStart 38% (808/2073) regret=0.047438 ape=0.5677
[14:49:13] warmStart 39% (809/2073) regret=0.047420 ape=0.5677
[14:49:14] warmStart 39% (810/2073) regret=0.047065 ape=0.5677
[14:49:14] warmStart 39% (811/2073) regret=0.047420 ape=0.5677
[14:49:14] warmStart 39% (812/2073) regret=0.047420 ape=0.5677
[14:49:14] warmStart 39% (813/2073) regret=0.047402 ape=0.5677
[14:49:14] warmStart 39% (814/2073) regret=0.047718 ape=0.5677
[14:49:15] warmStart 39% (815/2073) regret=0.047420 ape=0.5677
[14:49:15] warmStart 39% (816/2073) regret=0.047365 ape=0.5668
[14:49:15] warmStart 39% (817/2073) regret=0.047365 ape=0.5668
[14:49:15] warmStart 39% (818/2073) regret=0.047148 ape=0.5659
[14:49:15] warmStart 39% (819/2073) regret=0.047148 ape=0.5659
[14:49:16] warmStart 39% (820/2073) regret=0.047162 ape=0.5659
[14:49:16] warmStart 39% (821/2073) regret=0.047392 ape=0.5668
[14:49:16] warmStart 39% (822/2073) regret=0.047392 ape=0.5668
[14:49:16] warmStart 39% (823/2073) regret=0.047337 ape=0.5659
[14:49:16] warmStart 39% (824/2073) regret=0.047365 ape=0.5659
[14:49:17] warmStart 39% (825/2073) regret=0.047157 ape=0.5641
[14:49:17] warmStart 39% (826/2073) regret=0.047126 ape=0.5641
[14:49:17] warmStart 39% (827/2073) regret=0.047126 ape=0.5641
[14:49:17] warmStart 39% (828/2073) regret=0.047150 ape=0.5641
[14:49:17] warmStart 39% (829/2073) regret=0.047150 ape=0.5641
[14:49:18] warmStart 40% (830/2073) regret=0.047076 ape=0.5641
[14:49:18] warmStart 40% (831/2073) regret=0.047140 ape=0.5641
[14:49:18] warmStart 40% (832/2073) regret=0.047200 ape=0.5641
[14:49:18] warmStart 40% (833/2073) regret=0.047117 ape=0.5641
[14:49:19] warmStart 40% (834/2073) regret=0.047048 ape=0.5641
[14:49:19] warmStart 40% (835/2073) regret=0.047048 ape=0.5641
[14:49:19] warmStart 40% (836/2073) regret=0.047048 ape=0.5641
[14:49:19] warmStart 40% (837/2073) regret=0.047021 ape=0.5631
[14:49:20] warmStart 40% (838/2073) regret=0.046942 ape=0.5631
[14:49:20] warmStart 40% (839/2073) regret=0.046896 ape=0.5631
[14:49:20] warmStart 40% (840/2073) regret=0.046896 ape=0.5631
[14:49:20] warmStart 40% (841/2073) regret=0.046988 ape=0.5641
[14:49:20] warmStart 40% (842/2073) regret=0.046832 ape=0.5631
[14:49:21] warmStart 40% (843/2073) regret=0.046832 ape=0.5631
[14:49:21] warmStart 40% (844/2073) regret=0.046733 ape=0.5631
[14:49:21] warmStart 40% (845/2073) regret=0.046733 ape=0.5631
[14:49:21] warmStart 40% (846/2073) regret=0.046702 ape=0.5631
[14:49:21] warmStart 40% (847/2073) regret=0.046702 ape=0.5631
[14:49:22] warmStart 40% (848/2073) regret=0.046702 ape=0.5631
[14:49:22] warmStart 40% (849/2073) regret=0.046702 ape=0.5631
[14:49:22] warmStart 41% (850/2073) regret=0.046702 ape=0.5631
[14:49:22] warmStart 41% (851/2073) regret=0.046702 ape=0.5631
[14:49:23] warmStart 41% (852/2073) regret=0.046702 ape=0.5631
[14:49:23] warmStart 41% (853/2073) regret=0.046702 ape=0.5631
[14:49:23] warmStart 41% (854/2073) regret=0.046702 ape=0.5631
[14:49:23] warmStart 41% (855/2073) regret=0.046720 ape=0.5641
[14:49:24] warmStart 41% (856/2073) regret=0.046720 ape=0.5641
[14:49:24] warmStart 41% (857/2073) regret=0.046720 ape=0.5641
[14:49:24] warmStart 41% (858/2073) regret=0.046720 ape=0.5641
[14:49:24] warmStart 41% (859/2073) regret=0.046720 ape=0.5641
[14:49:25] warmStart 41% (860/2073) regret=0.046720 ape=0.5641
[14:49:25] warmStart 41% (861/2073) regret=0.046720 ape=0.5641
[14:49:25] warmStart 41% (862/2073) regret=0.046720 ape=0.5641
[14:49:25] warmStart 41% (863/2073) regret=0.046720 ape=0.5641
[14:49:25] warmStart 41% (864/2073) regret=0.046720 ape=0.5641
[14:49:26] warmStart 41% (865/2073) regret=0.046720 ape=0.5641
[14:49:26] warmStart 41% (866/2073) regret=0.046720 ape=0.5641
[14:49:26] warmStart 41% (867/2073) regret=0.046720 ape=0.5641
[14:49:26] warmStart 41% (868/2073) regret=0.046720 ape=0.5641
[14:49:27] warmStart 41% (869/2073) regret=0.046720 ape=0.5641
[14:49:27] warmStart 41% (870/2073) regret=0.046720 ape=0.5641
[14:49:27] warmStart 42% (871/2073) regret=0.046720 ape=0.5641
[14:49:27] warmStart 42% (872/2073) regret=0.046720 ape=0.5641
[14:49:28] warmStart 42% (873/2073) regret=0.046720 ape=0.5641
[14:49:28] warmStart 42% (874/2073) regret=0.046720 ape=0.5641
[14:49:28] warmStart 42% (875/2073) regret=0.046751 ape=0.5641
[14:49:28] warmStart 42% (876/2073) regret=0.046421 ape=0.5641
[14:49:29] warmStart 42% (877/2073) regret=0.046391 ape=0.5631
[14:49:29] warmStart 42% (878/2073) regret=0.046585 ape=0.5641
[14:49:29] warmStart 42% (879/2073) regret=0.046287 ape=0.5631
[14:49:29] warmStart 42% (880/2073) regret=0.046287 ape=0.5631
[14:49:30] warmStart 42% (881/2073) regret=0.046287 ape=0.5631
[14:49:30] warmStart 42% (882/2073) regret=0.046287 ape=0.5631
[14:49:30] warmStart 42% (883/2073) regret=0.046287 ape=0.5631
[14:49:30] warmStart 42% (884/2073) regret=0.046287 ape=0.5631
[14:49:31] warmStart 42% (885/2073) regret=0.046287 ape=0.5631
[14:49:31] warmStart 42% (886/2073) regret=0.046287 ape=0.5631
[14:49:31] warmStart 42% (887/2073) regret=0.046287 ape=0.5631
[14:49:31] warmStart 42% (888/2073) regret=0.046287 ape=0.5631
[14:49:32] warmStart 42% (889/2073) regret=0.046287 ape=0.5631
[14:49:32] warmStart 42% (890/2073) regret=0.046287 ape=0.5631
[14:49:32] warmStart 42% (891/2073) regret=0.046287 ape=0.5631
[14:49:32] warmStart 43% (892/2073) regret=0.046287 ape=0.5631
[14:49:33] warmStart 43% (893/2073) regret=0.046287 ape=0.5631
[14:49:33] warmStart 43% (894/2073) regret=0.046287 ape=0.5631
[14:49:33] warmStart 43% (895/2073) regret=0.046287 ape=0.5631
[14:49:33] warmStart 43% (896/2073) regret=0.046287 ape=0.5631
[14:49:34] warmStart 43% (897/2073) regret=0.046287 ape=0.5631
[14:49:34] warmStart 43% (898/2073) regret=0.046287 ape=0.5631
[14:49:34] warmStart 43% (899/2073) regret=0.046287 ape=0.5631
[14:49:34] warmStart 43% (900/2073) regret=0.046287 ape=0.5631
[14:49:34] warmStart 43% (901/2073) regret=0.046287 ape=0.5631
[14:49:35] warmStart 43% (902/2073) regret=0.046287 ape=0.5631
[14:49:35] warmStart 43% (903/2073) regret=0.046287 ape=0.5631
[14:49:35] warmStart 43% (904/2073) regret=0.046287 ape=0.5631
[14:49:35] warmStart 43% (905/2073) regret=0.046287 ape=0.5631
[14:49:36] warmStart 43% (906/2073) regret=0.046287 ape=0.5631
[14:49:36] warmStart 43% (907/2073) regret=0.046287 ape=0.5631
[14:49:36] warmStart 43% (908/2073) regret=0.046299 ape=0.5641
[14:49:36] warmStart 43% (909/2073) regret=0.046299 ape=0.5641
[14:49:37] warmStart 43% (910/2073) regret=0.046299 ape=0.5641
[14:49:37] warmStart 43% (911/2073) regret=0.046299 ape=0.5641
[14:49:37] warmStart 43% (912/2073) regret=0.046299 ape=0.5641
[14:49:37] warmStart 44% (913/2073) regret=0.046299 ape=0.5641
[14:49:38] warmStart 44% (914/2073) regret=0.046299 ape=0.5641
[14:49:38] warmStart 44% (915/2073) regret=0.046299 ape=0.5641
[14:49:38] warmStart 44% (916/2073) regret=0.046299 ape=0.5641
[14:49:38] warmStart 44% (917/2073) regret=0.046299 ape=0.5641
[14:49:39] warmStart 44% (918/2073) regret=0.046299 ape=0.5641
[14:49:39] warmStart 44% (919/2073) regret=0.046299 ape=0.5641
[14:49:39] warmStart 44% (920/2073) regret=0.046299 ape=0.5641
[14:49:39] warmStart 44% (921/2073) regret=0.046299 ape=0.5641
[14:49:40] warmStart 44% (922/2073) regret=0.046299 ape=0.5641
[14:49:40] warmStart 44% (923/2073) regret=0.046299 ape=0.5641
[14:49:40] warmStart 44% (924/2073) regret=0.046299 ape=0.5641
[14:49:40] warmStart 44% (925/2073) regret=0.046299 ape=0.5641
[14:49:40] warmStart 44% (926/2073) regret=0.046299 ape=0.5641
[14:49:41] warmStart 44% (927/2073) regret=0.046299 ape=0.5641
[14:49:41] warmStart 44% (928/2073) regret=0.046340 ape=0.5631
[14:49:41] warmStart 44% (929/2073) regret=0.046340 ape=0.5631
[14:49:41] warmStart 44% (930/2073) regret=0.046340 ape=0.5631
[14:49:42] warmStart 44% (931/2073) regret=0.046340 ape=0.5631
[14:49:42] warmStart 44% (932/2073) regret=0.046340 ape=0.5631
[14:49:42] warmStart 45% (933/2073) regret=0.046340 ape=0.5631
[14:49:42] warmStart 45% (934/2073) regret=0.046340 ape=0.5631
[14:49:43] warmStart 45% (935/2073) regret=0.046340 ape=0.5631
[14:49:43] warmStart 45% (936/2073) regret=0.046340 ape=0.5631
[14:49:43] warmStart 45% (937/2073) regret=0.046340 ape=0.5631
[14:49:43] warmStart 45% (938/2073) regret=0.046333 ape=0.5622
[14:49:44] warmStart 45% (939/2073) regret=0.046333 ape=0.5622
[14:49:44] warmStart 45% (940/2073) regret=0.046342 ape=0.5622
[14:49:44] warmStart 45% (941/2073) regret=0.046342 ape=0.5622
[14:49:44] warmStart 45% (942/2073) regret=0.046342 ape=0.5622
[14:49:45] warmStart 45% (943/2073) regret=0.046577 ape=0.5631
[14:49:45] warmStart 45% (944/2073) regret=0.046577 ape=0.5631
[14:49:45] warmStart 45% (945/2073) regret=0.046309 ape=0.5622
[14:49:45] warmStart 45% (946/2073) regret=0.046304 ape=0.5622
[14:49:46] warmStart 45% (947/2073) regret=0.046304 ape=0.5622
[14:49:46] warmStart 45% (948/2073) regret=0.046313 ape=0.5622
[14:49:46] warmStart 45% (949/2073) regret=0.046193 ape=0.5613
[14:49:46] warmStart 45% (950/2073) regret=0.046149 ape=0.5613
[14:49:46] warmStart 45% (951/2073) regret=0.046168 ape=0.5613
[14:49:47] warmStart 45% (952/2073) regret=0.045651 ape=0.5604
[14:49:47] warmStart 45% (953/2073) regret=0.045702 ape=0.5604
[14:49:47] warmStart 46% (954/2073) regret=0.045002 ape=0.5594
[14:49:47] warmStart 46% (955/2073) regret=0.045163 ape=0.5594
[14:49:48] warmStart 46% (956/2073) regret=0.045133 ape=0.5594
[14:49:48] warmStart 46% (957/2073) regret=0.044856 ape=0.5594
[14:49:48] warmStart 46% (958/2073) regret=0.044870 ape=0.5594
[14:49:48] warmStart 46% (959/2073) regret=0.044331 ape=0.5585
[14:49:49] warmStart 46% (960/2073) regret=0.044216 ape=0.5585
[14:49:49] warmStart 46% (961/2073) regret=0.044078 ape=0.5585
[14:49:49] warmStart 46% (962/2073) regret=0.044042 ape=0.5585
[14:49:49] warmStart 46% (963/2073) regret=0.043993 ape=0.5585
[14:49:50] warmStart 46% (964/2073) regret=0.044005 ape=0.5585
[14:49:50] warmStart 46% (965/2073) regret=0.044134 ape=0.5594
[14:49:50] warmStart 46% (966/2073) regret=0.044134 ape=0.5594
[14:49:50] warmStart 46% (967/2073) regret=0.044100 ape=0.5585
[14:49:51] warmStart 46% (968/2073) regret=0.044100 ape=0.5585
[14:49:51] warmStart 46% (969/2073) regret=0.043796 ape=0.5576
[14:49:51] warmStart 46% (970/2073) regret=0.043916 ape=0.5576
[14:49:51] warmStart 46% (971/2073) regret=0.043704 ape=0.5567
[14:49:52] warmStart 46% (972/2073) regret=0.043694 ape=0.5567
[14:49:52] warmStart 46% (973/2073) regret=0.043812 ape=0.5576
[14:49:52] warmStart 46% (974/2073) regret=0.043754 ape=0.5576
[14:49:52] warmStart 47% (975/2073) regret=0.043754 ape=0.5576
[14:49:53] warmStart 47% (976/2073) regret=0.043721 ape=0.5576
[14:49:53] warmStart 47% (977/2073) regret=0.043746 ape=0.5585
[14:49:53] warmStart 47% (978/2073) regret=0.043746 ape=0.5585
[14:49:53] warmStart 47% (979/2073) regret=0.043746 ape=0.5585
[14:49:53] warmStart 47% (980/2073) regret=0.043746 ape=0.5585
[14:49:54] warmStart 47% (981/2073) regret=0.043746 ape=0.5585
[14:49:54] warmStart 47% (982/2073) regret=0.043746 ape=0.5585
[14:49:54] warmStart 47% (983/2073) regret=0.043746 ape=0.5585
[14:49:54] warmStart 47% (984/2073) regret=0.043542 ape=0.5576
[14:49:55] warmStart 47% (985/2073) regret=0.043420 ape=0.5576
[14:49:55] warmStart 47% (986/2073) regret=0.043450 ape=0.5585
[14:49:55] warmStart 47% (987/2073) regret=0.043462 ape=0.5585
[14:49:55] warmStart 47% (988/2073) regret=0.043410 ape=0.5585
[14:49:56] warmStart 47% (989/2073) regret=0.043492 ape=0.5585
[14:49:56] warmStart 47% (990/2073) regret=0.043486 ape=0.5585
[14:49:56] warmStart 47% (991/2073) regret=0.043377 ape=0.5576
[14:49:56] warmStart 47% (992/2073) regret=0.043331 ape=0.5576
[14:49:57] warmStart 47% (993/2073) regret=0.043402 ape=0.5576
[14:49:57] warmStart 47% (994/2073) regret=0.043402 ape=0.5576
[14:49:57] warmStart 47% (995/2073) regret=0.043317 ape=0.5576
[14:49:57] warmStart 48% (996/2073) regret=0.043510 ape=0.5585
[14:49:58] warmStart 48% (997/2073) regret=0.043510 ape=0.5585
[14:49:58] warmStart 48% (998/2073) regret=0.043510 ape=0.5585
[14:49:58] warmStart 48% (999/2073) regret=0.043510 ape=0.5585
[14:49:58] warmStart 48% (1000/2073) regret=0.043510 ape=0.5585
[14:49:59] warmStart 48% (1001/2073) regret=0.043464 ape=0.5576
[14:49:59] warmStart 48% (1002/2073) regret=0.043464 ape=0.5576
[14:49:59] warmStart 48% (1003/2073) regret=0.043464 ape=0.5576
[14:49:59] warmStart 48% (1004/2073) regret=0.043464 ape=0.5576
[14:50:00] warmStart 48% (1005/2073) regret=0.043464 ape=0.5576
[14:50:00] warmStart 48% (1006/2073) regret=0.043464 ape=0.5576
[14:50:00] warmStart 48% (1007/2073) regret=0.043464 ape=0.5576
[14:50:00] warmStart 48% (1008/2073) regret=0.043464 ape=0.5576
[14:50:01] warmStart 48% (1009/2073) regret=0.043464 ape=0.5576
[14:50:01] warmStart 48% (1010/2073) regret=0.043464 ape=0.5576
[14:50:01] warmStart 48% (1011/2073) regret=0.043464 ape=0.5576
[14:50:01] warmStart 48% (1012/2073) regret=0.043464 ape=0.5576
[14:50:02] warmStart 48% (1013/2073) regret=0.043464 ape=0.5576
[14:50:02] warmStart 48% (1014/2073) regret=0.043464 ape=0.5576
[14:50:02] warmStart 48% (1015/2073) regret=0.043464 ape=0.5576
[14:50:02] warmStart 49% (1016/2073) regret=0.043464 ape=0.5576
[14:50:03] warmStart 49% (1017/2073) regret=0.043464 ape=0.5576
[14:50:03] warmStart 49% (1018/2073) regret=0.043464 ape=0.5576
[14:50:03] warmStart 49% (1019/2073) regret=0.043464 ape=0.5576
[14:50:03] warmStart 49% (1020/2073) regret=0.043464 ape=0.5576
[14:50:04] warmStart 49% (1021/2073) regret=0.043464 ape=0.5576
[14:50:04] warmStart 49% (1022/2073) regret=0.043437 ape=0.5576
[14:50:04] warmStart 49% (1023/2073) regret=0.043345 ape=0.5576
[14:50:04] warmStart 49% (1024/2073) regret=0.043243 ape=0.5576
[14:50:04] warmStart 49% (1025/2073) regret=0.043243 ape=0.5576
[14:50:05] warmStart 49% (1026/2073) regret=0.043086 ape=0.5576
[14:50:05] warmStart 49% (1027/2073) regret=0.042930 ape=0.5567
[14:50:05] warmStart 49% (1028/2073) regret=0.042930 ape=0.5567
[14:50:06] warmStart 49% (1029/2073) regret=0.042930 ape=0.5567
[14:50:06] warmStart 49% (1030/2073) regret=0.042898 ape=0.5558
[14:50:06] warmStart 49% (1031/2073) regret=0.042930 ape=0.5567
[14:50:06] warmStart 49% (1032/2073) regret=0.042875 ape=0.5558
[14:50:06] warmStart 49% (1033/2073) regret=0.042847 ape=0.5548
[14:50:07] warmStart 49% (1034/2073) regret=0.042847 ape=0.5548
[14:50:07] warmStart 49% (1035/2073) regret=0.042718 ape=0.5539
[14:50:07] warmStart 49% (1036/2073) regret=0.042706 ape=0.5530
[14:50:07] warmStart 50% (1037/2073) regret=0.042706 ape=0.5530
[14:50:08] warmStart 50% (1038/2073) regret=0.042706 ape=0.5530
[14:50:08] warmStart 50% (1039/2073) regret=0.042740 ape=0.5530
[14:50:08] warmStart 50% (1040/2073) regret=0.042685 ape=0.5521
[14:50:08] warmStart 50% (1041/2073) regret=0.042626 ape=0.5512
[14:50:08] warmStart 50% (1042/2073) regret=0.042617 ape=0.5512
[14:50:09] warmStart 50% (1043/2073) regret=0.042626 ape=0.5512
[14:50:09] warmStart 50% (1044/2073) regret=0.042626 ape=0.5512
[14:50:09] warmStart 50% (1045/2073) regret=0.042580 ape=0.5502
[14:50:09] warmStart 50% (1046/2073) regret=0.042579 ape=0.5493
[14:50:10] warmStart 50% (1047/2073) regret=0.042579 ape=0.5493
[14:50:10] warmStart 50% (1048/2073) regret=0.042459 ape=0.5484
[14:50:10] warmStart 50% (1049/2073) regret=0.042468 ape=0.5484
[14:50:10] warmStart 50% (1050/2073) regret=0.042413 ape=0.5475
[14:50:11] warmStart 50% (1051/2073) regret=0.042413 ape=0.5475
[14:50:11] warmStart 50% (1052/2073) regret=0.042436 ape=0.5475
[14:50:11] warmStart 50% (1053/2073) regret=0.042399 ape=0.5475
[14:50:11] warmStart 50% (1054/2073) regret=0.042399 ape=0.5475
[14:50:12] warmStart 50% (1055/2073) regret=0.042283 ape=0.5465
[14:50:12] warmStart 50% (1056/2073) regret=0.042291 ape=0.5465
[14:50:12] warmStart 50% (1057/2073) regret=0.042292 ape=0.5465
[14:50:13] warmStart 51% (1058/2073) regret=0.042218 ape=0.5465
[14:50:13] warmStart 51% (1059/2073) regret=0.042223 ape=0.5475
[14:50:13] warmStart 51% (1060/2073) regret=0.042135 ape=0.5475
[14:50:13] warmStart 51% (1061/2073) regret=0.042331 ape=0.5484
[14:50:13] warmStart 51% (1062/2073) regret=0.042218 ape=0.5475
[14:50:14] warmStart 51% (1063/2073) regret=0.042135 ape=0.5475
[14:50:14] warmStart 51% (1064/2073) regret=0.042148 ape=0.5475
[14:50:14] warmStart 51% (1065/2073) regret=0.042111 ape=0.5465
[14:50:14] warmStart 51% (1066/2073) regret=0.042111 ape=0.5465
[14:50:15] warmStart 51% (1067/2073) regret=0.041761 ape=0.5456
[14:50:15] warmStart 51% (1068/2073) regret=0.041761 ape=0.5456
[14:50:15] warmStart 51% (1069/2073) regret=0.041825 ape=0.5456
[14:50:15] warmStart 51% (1070/2073) regret=0.041825 ape=0.5456
[14:50:16] warmStart 51% (1071/2073) regret=0.041825 ape=0.5456
[14:50:16] warmStart 51% (1072/2073) regret=0.041825 ape=0.5456
[14:50:16] warmStart 51% (1073/2073) regret=0.041930 ape=0.5456
[14:50:16] warmStart 51% (1074/2073) regret=0.041930 ape=0.5456
[14:50:17] warmStart 51% (1075/2073) regret=0.041930 ape=0.5456
[14:50:17] warmStart 51% (1076/2073) regret=0.041930 ape=0.5456
[14:50:17] warmStart 51% (1077/2073) regret=0.041930 ape=0.5456
[14:50:17] warmStart 52% (1078/2073) regret=0.041930 ape=0.5456
[14:50:18] warmStart 52% (1079/2073) regret=0.041930 ape=0.5456
[14:50:18] warmStart 52% (1080/2073) regret=0.041796 ape=0.5447
[14:50:18] warmStart 52% (1081/2073) regret=0.042045 ape=0.5447
[14:50:18] warmStart 52% (1082/2073) regret=0.042045 ape=0.5447
[14:50:19] warmStart 52% (1083/2073) regret=0.042045 ape=0.5447
[14:50:19] warmStart 52% (1084/2073) regret=0.042045 ape=0.5447
[14:50:19] warmStart 52% (1085/2073) regret=0.042109 ape=0.5447
[14:50:19] warmStart 52% (1086/2073) regret=0.042109 ape=0.5447
[14:50:20] warmStart 52% (1087/2073) regret=0.042109 ape=0.5447
[14:50:20] warmStart 52% (1088/2073) regret=0.042192 ape=0.5447
[14:50:20] warmStart 52% (1089/2073) regret=0.042340 ape=0.5447
[14:50:20] warmStart 52% (1090/2073) regret=0.042142 ape=0.5447
[14:50:21] warmStart 52% (1091/2073) regret=0.042142 ape=0.5447
[14:50:21] warmStart 52% (1092/2073) regret=0.041907 ape=0.5438
[14:50:21] warmStart 52% (1093/2073) regret=0.041741 ape=0.5429
[14:50:21] warmStart 52% (1094/2073) regret=0.041741 ape=0.5429
[14:50:21] warmStart 52% (1095/2073) regret=0.041741 ape=0.5429
[14:50:22] warmStart 52% (1096/2073) regret=0.041741 ape=0.5429
[14:50:22] warmStart 52% (1097/2073) regret=0.041787 ape=0.5429
[14:50:22] warmStart 52% (1098/2073) regret=0.041418 ape=0.5419
[14:50:22] warmStart 53% (1099/2073) regret=0.041418 ape=0.5419
[14:50:23] warmStart 53% (1100/2073) regret=0.041418 ape=0.5419
[14:50:23] warmStart 53% (1101/2073) regret=0.041418 ape=0.5419
[14:50:23] warmStart 53% (1102/2073) regret=0.041076 ape=0.5410
[14:50:23] warmStart 53% (1103/2073) regret=0.041076 ape=0.5410
[14:50:24] warmStart 53% (1104/2073) regret=0.041076 ape=0.5410
[14:50:24] warmStart 53% (1105/2073) regret=0.040905 ape=0.5401
[14:50:24] warmStart 53% (1106/2073) regret=0.040905 ape=0.5401
[14:50:24] warmStart 53% (1107/2073) regret=0.040905 ape=0.5401
[14:50:25] warmStart 53% (1108/2073) regret=0.040905 ape=0.5401
[14:50:25] warmStart 53% (1109/2073) regret=0.040905 ape=0.5401
[14:50:25] warmStart 53% (1110/2073) regret=0.040905 ape=0.5401
[14:50:25] warmStart 53% (1111/2073) regret=0.040891 ape=0.5401
[14:50:26] warmStart 53% (1112/2073) regret=0.040891 ape=0.5401
[14:50:26] warmStart 53% (1113/2073) regret=0.040891 ape=0.5401
[14:50:26] warmStart 53% (1114/2073) regret=0.040891 ape=0.5401
[14:50:26] warmStart 53% (1115/2073) regret=0.040891 ape=0.5401
[14:50:27] warmStart 53% (1116/2073) regret=0.040891 ape=0.5401
[14:50:27] warmStart 53% (1117/2073) regret=0.040894 ape=0.5401
[14:50:27] warmStart 53% (1118/2073) regret=0.040894 ape=0.5401
[14:50:27] warmStart 53% (1119/2073) regret=0.040894 ape=0.5401
[14:50:28] warmStart 54% (1120/2073) regret=0.040894 ape=0.5401
[14:50:28] warmStart 54% (1121/2073) regret=0.040894 ape=0.5401
[14:50:28] warmStart 54% (1122/2073) regret=0.040894 ape=0.5401
[14:50:28] warmStart 54% (1123/2073) regret=0.040894 ape=0.5401
[14:50:28] warmStart 54% (1124/2073) regret=0.040894 ape=0.5401
[14:50:29] warmStart 54% (1125/2073) regret=0.040894 ape=0.5401
[14:50:29] warmStart 54% (1126/2073) regret=0.040894 ape=0.5401
[14:50:29] warmStart 54% (1127/2073) regret=0.040894 ape=0.5401
[14:50:29] warmStart 54% (1128/2073) regret=0.040894 ape=0.5401
[14:50:30] warmStart 54% (1129/2073) regret=0.040645 ape=0.5401
[14:50:30] warmStart 54% (1130/2073) regret=0.040546 ape=0.5392
[14:50:30] warmStart 54% (1131/2073) regret=0.040546 ape=0.5392
[14:50:30] warmStart 54% (1132/2073) regret=0.040546 ape=0.5392
[14:50:31] warmStart 54% (1133/2073) regret=0.040546 ape=0.5392
[14:50:31] warmStart 54% (1134/2073) regret=0.040523 ape=0.5382
[14:50:31] warmStart 54% (1135/2073) regret=0.040431 ape=0.5382
[14:50:31] warmStart 54% (1136/2073) regret=0.040376 ape=0.5382
[14:50:32] warmStart 54% (1137/2073) regret=0.040376 ape=0.5382
[14:50:32] warmStart 54% (1138/2073) regret=0.040376 ape=0.5382
[14:50:32] warmStart 54% (1139/2073) regret=0.040376 ape=0.5382
[14:50:32] warmStart 54% (1140/2073) regret=0.040376 ape=0.5382
[14:50:32] warmStart 55% (1141/2073) regret=0.040376 ape=0.5382
[14:50:33] warmStart 55% (1142/2073) regret=0.040376 ape=0.5382
[14:50:33] warmStart 55% (1143/2073) regret=0.040376 ape=0.5382
[14:50:33] warmStart 55% (1144/2073) regret=0.040376 ape=0.5382
[14:50:33] warmStart 55% (1145/2073) regret=0.039781 ape=0.5373
[14:50:34] warmStart 55% (1146/2073) regret=0.039781 ape=0.5373
[14:50:34] warmStart 55% (1147/2073) regret=0.039781 ape=0.5373
[14:50:34] warmStart 55% (1148/2073) regret=0.039781 ape=0.5373
[14:50:34] warmStart 55% (1149/2073) regret=0.039468 ape=0.5373
[14:50:34] warmStart 55% (1150/2073) regret=0.039454 ape=0.5373
[14:50:35] warmStart 55% (1151/2073) regret=0.039454 ape=0.5373
[14:50:35] warmStart 55% (1152/2073) regret=0.039454 ape=0.5373
[14:50:35] warmStart 55% (1153/2073) regret=0.039454 ape=0.5373
[14:50:35] warmStart 55% (1154/2073) regret=0.039454 ape=0.5373
[14:50:36] warmStart 55% (1155/2073) regret=0.039454 ape=0.5373
[14:50:36] warmStart 55% (1156/2073) regret=0.039454 ape=0.5373
[14:50:36] warmStart 55% (1157/2073) regret=0.039454 ape=0.5373
[14:50:36] warmStart 55% (1158/2073) regret=0.039454 ape=0.5373
[14:50:36] warmStart 55% (1159/2073) regret=0.039454 ape=0.5373
[14:50:37] warmStart 55% (1160/2073) regret=0.039454 ape=0.5373
[14:50:37] warmStart 56% (1161/2073) regret=0.039473 ape=0.5373
[14:50:37] warmStart 56% (1162/2073) regret=0.039473 ape=0.5373
[14:50:37] warmStart 56% (1163/2073) regret=0.039473 ape=0.5373
[14:50:38] warmStart 56% (1164/2073) regret=0.039316 ape=0.5373
[14:50:38] warmStart 56% (1165/2073) regret=0.039215 ape=0.5373
[14:50:38] warmStart 56% (1166/2073) regret=0.039215 ape=0.5373
[14:50:38] warmStart 56% (1167/2073) regret=0.039215 ape=0.5373
[14:50:38] warmStart 56% (1168/2073) regret=0.039215 ape=0.5373
[14:50:39] warmStart 56% (1169/2073) regret=0.039215 ape=0.5373
[14:50:39] warmStart 56% (1170/2073) regret=0.039215 ape=0.5373
[14:50:39] warmStart 56% (1171/2073) regret=0.039118 ape=0.5373
[14:50:39] warmStart 56% (1172/2073) regret=0.039118 ape=0.5373
[14:50:40] warmStart 56% (1173/2073) regret=0.039118 ape=0.5373
[14:50:40] warmStart 56% (1174/2073) regret=0.039011 ape=0.5373
[14:50:40] warmStart 56% (1175/2073) regret=0.039034 ape=0.5373
[14:50:40] warmStart 56% (1176/2073) regret=0.038886 ape=0.5364
[14:50:40] warmStart 56% (1177/2073) regret=0.038674 ape=0.5364
[14:50:41] warmStart 56% (1178/2073) regret=0.038693 ape=0.5355
[14:50:41] warmStart 56% (1179/2073) regret=0.038622 ape=0.5355
[14:50:41] warmStart 56% (1180/2073) regret=0.038769 ape=0.5355
[14:50:41] warmStart 56% (1181/2073) regret=0.038872 ape=0.5355
[14:50:42] warmStart 57% (1182/2073) regret=0.038872 ape=0.5355
[14:50:42] warmStart 57% (1183/2073) regret=0.038713 ape=0.5346
[14:50:42] warmStart 57% (1184/2073) regret=0.038615 ape=0.5346
[14:50:42] warmStart 57% (1185/2073) regret=0.038615 ape=0.5346
[14:50:43] warmStart 57% (1186/2073) regret=0.038370 ape=0.5336
[14:50:43] warmStart 57% (1187/2073) regret=0.038370 ape=0.5336
[14:50:43] warmStart 57% (1188/2073) regret=0.038430 ape=0.5336
[14:50:43] warmStart 57% (1189/2073) regret=0.038315 ape=0.5336
[14:50:43] warmStart 57% (1190/2073) regret=0.038370 ape=0.5336
[14:50:44] warmStart 57% (1191/2073) regret=0.038131 ape=0.5336
[14:50:44] warmStart 57% (1192/2073) regret=0.038131 ape=0.5336
[14:50:44] warmStart 57% (1193/2073) regret=0.038131 ape=0.5336
[14:50:44] warmStart 57% (1194/2073) regret=0.038084 ape=0.5336
[14:50:45] warmStart 57% (1195/2073) regret=0.038041 ape=0.5336
[14:50:45] warmStart 57% (1196/2073) regret=0.038041 ape=0.5336
[14:50:45] warmStart 57% (1197/2073) regret=0.038041 ape=0.5336
[14:50:45] warmStart 57% (1198/2073) regret=0.038032 ape=0.5336
[14:50:46] warmStart 57% (1199/2073) regret=0.038041 ape=0.5336
[14:50:46] warmStart 57% (1200/2073) regret=0.038184 ape=0.5336
[14:50:46] warmStart 57% (1201/2073) regret=0.038041 ape=0.5336
[14:50:46] warmStart 57% (1202/2073) regret=0.038041 ape=0.5336
[14:50:46] warmStart 58% (1203/2073) regret=0.038308 ape=0.5336
[14:50:47] warmStart 58% (1204/2073) regret=0.038041 ape=0.5336
[14:50:47] warmStart 58% (1205/2073) regret=0.038041 ape=0.5336
[14:50:47] warmStart 58% (1206/2073) regret=0.038041 ape=0.5336
[14:50:47] warmStart 58% (1207/2073) regret=0.038005 ape=0.5336
[14:50:48] warmStart 58% (1208/2073) regret=0.038097 ape=0.5336
[14:50:48] warmStart 58% (1209/2073) regret=0.038097 ape=0.5336
[14:50:48] warmStart 58% (1210/2073) regret=0.038328 ape=0.5346
[14:50:48] warmStart 58% (1211/2073) regret=0.038328 ape=0.5346
[14:50:48] warmStart 58% (1212/2073) regret=0.038328 ape=0.5346
[14:50:49] warmStart 58% (1213/2073) regret=0.038328 ape=0.5346
[14:50:49] warmStart 58% (1214/2073) regret=0.038328 ape=0.5346
[14:50:49] warmStart 58% (1215/2073) regret=0.038296 ape=0.5336
[14:50:49] warmStart 58% (1216/2073) regret=0.038296 ape=0.5336
[14:50:50] warmStart 58% (1217/2073) regret=0.038296 ape=0.5336
[14:50:50] warmStart 58% (1218/2073) regret=0.038296 ape=0.5336
[14:50:50] warmStart 58% (1219/2073) regret=0.038296 ape=0.5336
[14:50:50] warmStart 58% (1220/2073) regret=0.038296 ape=0.5336
[14:50:50] warmStart 58% (1221/2073) regret=0.038296 ape=0.5336
[14:50:51] warmStart 58% (1222/2073) regret=0.038296 ape=0.5336
[14:50:51] warmStart 58% (1223/2073) regret=0.038296 ape=0.5336
[14:50:51] warmStart 59% (1224/2073) regret=0.038296 ape=0.5336
[14:50:51] warmStart 59% (1225/2073) regret=0.038296 ape=0.5336
[14:50:51] warmStart 59% (1226/2073) regret=0.038296 ape=0.5336
[14:50:52] warmStart 59% (1227/2073) regret=0.038296 ape=0.5336
[14:50:52] warmStart 59% (1228/2073) regret=0.038296 ape=0.5336
[14:50:52] warmStart 59% (1229/2073) regret=0.038296 ape=0.5336
[14:50:52] warmStart 59% (1230/2073) regret=0.038296 ape=0.5336
[14:50:53] warmStart 59% (1231/2073) regret=0.038224 ape=0.5327
[14:50:53] warmStart 59% (1232/2073) regret=0.038224 ape=0.5327
[14:50:53] warmStart 59% (1233/2073) regret=0.038224 ape=0.5327
[14:50:53] warmStart 59% (1234/2073) regret=0.038224 ape=0.5327
[14:50:53] warmStart 59% (1235/2073) regret=0.038224 ape=0.5327
[14:50:54] warmStart 59% (1236/2073) regret=0.038224 ape=0.5327
[14:50:54] warmStart 59% (1237/2073) regret=0.038224 ape=0.5327
[14:50:54] warmStart 59% (1238/2073) regret=0.038224 ape=0.5327
[14:50:54] warmStart 59% (1239/2073) regret=0.038224 ape=0.5327
[14:50:55] warmStart 59% (1240/2073) regret=0.038224 ape=0.5327
[14:50:55] warmStart 59% (1241/2073) regret=0.038224 ape=0.5327
[14:50:55] warmStart 59% (1242/2073) regret=0.038224 ape=0.5327
[14:50:55] warmStart 59% (1243/2073) regret=0.038224 ape=0.5327
[14:50:55] warmStart 60% (1244/2073) regret=0.038210 ape=0.5318
[14:50:56] warmStart 60% (1245/2073) regret=0.038210 ape=0.5318
[14:50:56] warmStart 60% (1246/2073) regret=0.038210 ape=0.5318
[14:50:56] warmStart 60% (1247/2073) regret=0.038197 ape=0.5318
[14:50:56] warmStart 60% (1248/2073) regret=0.038197 ape=0.5318
[14:50:57] warmStart 60% (1249/2073) regret=0.038197 ape=0.5318
[14:50:57] warmStart 60% (1250/2073) regret=0.038197 ape=0.5318
[14:50:57] warmStart 60% (1251/2073) regret=0.038197 ape=0.5318
[14:50:57] warmStart 60% (1252/2073) regret=0.038197 ape=0.5318
[14:50:58] warmStart 60% (1253/2073) regret=0.038197 ape=0.5318
[14:50:58] warmStart 60% (1254/2073) regret=0.038197 ape=0.5318
[14:50:58] warmStart 60% (1255/2073) regret=0.038197 ape=0.5318
[14:50:58] warmStart 60% (1256/2073) regret=0.038197 ape=0.5318
[14:50:59] warmStart 60% (1257/2073) regret=0.038197 ape=0.5318
[14:50:59] warmStart 60% (1258/2073) regret=0.038197 ape=0.5318
[14:50:59] warmStart 60% (1259/2073) regret=0.038197 ape=0.5318
[14:50:59] warmStart 60% (1260/2073) regret=0.038223 ape=0.5318
[14:50:59] warmStart 60% (1261/2073) regret=0.038223 ape=0.5318
[14:51:00] warmStart 60% (1262/2073) regret=0.038223 ape=0.5318
[14:51:00] warmStart 60% (1263/2073) regret=0.038223 ape=0.5318
[14:51:00] warmStart 60% (1264/2073) regret=0.038223 ape=0.5318
[14:51:00] warmStart 61% (1265/2073) regret=0.038223 ape=0.5318
[14:51:01] warmStart 61% (1266/2073) regret=0.038223 ape=0.5318
[14:51:01] warmStart 61% (1267/2073) regret=0.038223 ape=0.5318
[14:51:01] warmStart 61% (1268/2073) regret=0.038223 ape=0.5318
[14:51:01] warmStart 61% (1269/2073) regret=0.038223 ape=0.5318
[14:51:02] warmStart 61% (1270/2073) regret=0.038223 ape=0.5318
[14:51:02] warmStart 61% (1271/2073) regret=0.038223 ape=0.5318
[14:51:02] warmStart 61% (1272/2073) regret=0.038223 ape=0.5318
[14:51:02] warmStart 61% (1273/2073) regret=0.038223 ape=0.5318
[14:51:03] warmStart 61% (1274/2073) regret=0.038239 ape=0.5318
[14:51:03] warmStart 61% (1275/2073) regret=0.038173 ape=0.5318
[14:51:03] warmStart 61% (1276/2073) regret=0.038159 ape=0.5318
[14:51:03] warmStart 61% (1277/2073) regret=0.038137 ape=0.5318
[14:51:04] warmStart 61% (1278/2073) regret=0.038137 ape=0.5318
[14:51:04] warmStart 61% (1279/2073) regret=0.038091 ape=0.5318
[14:51:04] warmStart 61% (1280/2073) regret=0.038096 ape=0.5318
[14:51:04] warmStart 61% (1281/2073) regret=0.038096 ape=0.5318
[14:51:05] warmStart 61% (1282/2073) regret=0.037926 ape=0.5309
[14:51:05] warmStart 61% (1283/2073) regret=0.037926 ape=0.5309
[14:51:05] warmStart 61% (1284/2073) regret=0.037926 ape=0.5309
[14:51:05] warmStart 61% (1285/2073) regret=0.037955 ape=0.5309
[14:51:06] warmStart 62% (1286/2073) regret=0.037955 ape=0.5309
[14:51:06] warmStart 62% (1287/2073) regret=0.038098 ape=0.5309
[14:51:06] warmStart 62% (1288/2073) regret=0.038084 ape=0.5309
[14:51:06] warmStart 62% (1289/2073) regret=0.038176 ape=0.5309
[14:51:07] warmStart 62% (1290/2073) regret=0.037955 ape=0.5309
[14:51:07] warmStart 62% (1291/2073) regret=0.037955 ape=0.5309
[14:51:07] warmStart 62% (1292/2073) regret=0.037955 ape=0.5309
[14:51:07] warmStart 62% (1293/2073) regret=0.037839 ape=0.5309
[14:51:08] warmStart 62% (1294/2073) regret=0.037572 ape=0.5300
[14:51:08] warmStart 62% (1295/2073) regret=0.037516 ape=0.5300
[14:51:08] warmStart 62% (1296/2073) regret=0.037516 ape=0.5300
[14:51:08] warmStart 62% (1297/2073) regret=0.037728 ape=0.5300
[14:51:09] warmStart 62% (1298/2073) regret=0.038139 ape=0.5300
[14:51:09] warmStart 62% (1299/2073) regret=0.037728 ape=0.5300
[14:51:09] warmStart 62% (1300/2073) regret=0.037728 ape=0.5300
[14:51:09] warmStart 62% (1301/2073) regret=0.037728 ape=0.5300
[14:51:10] warmStart 62% (1302/2073) regret=0.037732 ape=0.5309
[14:51:10] warmStart 62% (1303/2073) regret=0.037732 ape=0.5309
[14:51:10] warmStart 62% (1304/2073) regret=0.037732 ape=0.5309
[14:51:10] warmStart 62% (1305/2073) regret=0.037732 ape=0.5309
[14:51:11] warmStart 63% (1306/2073) regret=0.037732 ape=0.5309
[14:51:11] warmStart 63% (1307/2073) regret=0.037670 ape=0.5300
[14:51:11] warmStart 63% (1308/2073) regret=0.037670 ape=0.5300
[14:51:11] warmStart 63% (1309/2073) regret=0.037670 ape=0.5300
[14:51:12] warmStart 63% (1310/2073) regret=0.037725 ape=0.5309
[14:51:12] warmStart 63% (1311/2073) regret=0.037725 ape=0.5309
[14:51:12] warmStart 63% (1312/2073) regret=0.037725 ape=0.5309
[14:51:12] warmStart 63% (1313/2073) regret=0.037725 ape=0.5309
[14:51:13] warmStart 63% (1314/2073) regret=0.037725 ape=0.5309
[14:51:13] warmStart 63% (1315/2073) regret=0.037725 ape=0.5309
[14:51:13] warmStart 63% (1316/2073) regret=0.037614 ape=0.5309
[14:51:13] warmStart 63% (1317/2073) regret=0.037596 ape=0.5300
[14:51:14] warmStart 63% (1318/2073) regret=0.037596 ape=0.5300
[14:51:14] warmStart 63% (1319/2073) regret=0.037596 ape=0.5300
[14:51:14] warmStart 63% (1320/2073) regret=0.037596 ape=0.5300
[14:51:14] warmStart 63% (1321/2073) regret=0.037596 ape=0.5300
[14:51:15] warmStart 63% (1322/2073) regret=0.037596 ape=0.5300
[14:51:15] warmStart 63% (1323/2073) regret=0.037596 ape=0.5300
[14:51:15] warmStart 63% (1324/2073) regret=0.037620 ape=0.5290
[14:51:15] warmStart 63% (1325/2073) regret=0.037679 ape=0.5290
[14:51:16] warmStart 63% (1326/2073) regret=0.037679 ape=0.5290
[14:51:16] warmStart 64% (1327/2073) regret=0.037679 ape=0.5290
[14:51:16] warmStart 64% (1328/2073) regret=0.037711 ape=0.5290
[14:51:16] warmStart 64% (1329/2073) regret=0.037679 ape=0.5290
[14:51:17] warmStart 64% (1330/2073) regret=0.037679 ape=0.5290
[14:51:17] warmStart 64% (1331/2073) regret=0.037679 ape=0.5290
[14:51:17] warmStart 64% (1332/2073) regret=0.037679 ape=0.5290
[14:51:17] warmStart 64% (1333/2073) regret=0.037679 ape=0.5290
[14:51:18] warmStart 64% (1334/2073) regret=0.037679 ape=0.5290
[14:51:18] warmStart 64% (1335/2073) regret=0.037780 ape=0.5290
[14:51:18] warmStart 64% (1336/2073) regret=0.037780 ape=0.5290
[14:51:18] warmStart 64% (1337/2073) regret=0.037780 ape=0.5290
[14:51:18] warmStart 64% (1338/2073) regret=0.037780 ape=0.5290
[14:51:19] warmStart 64% (1339/2073) regret=0.037780 ape=0.5290
[14:51:19] warmStart 64% (1340/2073) regret=0.037780 ape=0.5290
[14:51:19] warmStart 64% (1341/2073) regret=0.037707 ape=0.5281
[14:51:19] warmStart 64% (1342/2073) regret=0.037780 ape=0.5290
[14:51:19] warmStart 64% (1343/2073) regret=0.037780 ape=0.5290
[14:51:20] warmStart 64% (1344/2073) regret=0.037780 ape=0.5290
[14:51:20] warmStart 64% (1345/2073) regret=0.037780 ape=0.5290
[14:51:20] warmStart 64% (1346/2073) regret=0.037780 ape=0.5290
[14:51:20] warmStart 64% (1347/2073) regret=0.037780 ape=0.5290
[14:51:21] warmStart 65% (1348/2073) regret=0.037780 ape=0.5290
[14:51:21] warmStart 65% (1349/2073) regret=0.037780 ape=0.5290
[14:51:21] warmStart 65% (1350/2073) regret=0.037780 ape=0.5290
[14:51:21] warmStart 65% (1351/2073) regret=0.037780 ape=0.5290
[14:51:22] warmStart 65% (1352/2073) regret=0.037780 ape=0.5290
[14:51:22] warmStart 65% (1353/2073) regret=0.037780 ape=0.5290
[14:51:22] warmStart 65% (1354/2073) regret=0.037780 ape=0.5290
[14:51:22] warmStart 65% (1355/2073) regret=0.037780 ape=0.5290
[14:51:23] warmStart 65% (1356/2073) regret=0.037780 ape=0.5290
[14:51:23] warmStart 65% (1357/2073) regret=0.037780 ape=0.5290
[14:51:23] warmStart 65% (1358/2073) regret=0.037780 ape=0.5290
[14:51:23] warmStart 65% (1359/2073) regret=0.037780 ape=0.5290
[14:51:23] warmStart 65% (1360/2073) regret=0.037780 ape=0.5290
[14:51:24] warmStart 65% (1361/2073) regret=0.037780 ape=0.5290
[14:51:24] warmStart 65% (1362/2073) regret=0.037780 ape=0.5290
[14:51:24] warmStart 65% (1363/2073) regret=0.037780 ape=0.5290
[14:51:24] warmStart 65% (1364/2073) regret=0.037780 ape=0.5290
[14:51:25] warmStart 65% (1365/2073) regret=0.037780 ape=0.5290
[14:51:25] warmStart 65% (1366/2073) regret=0.037780 ape=0.5290
[14:51:25] warmStart 65% (1367/2073) regret=0.037780 ape=0.5290
[14:51:25] warmStart 65% (1368/2073) regret=0.037453 ape=0.5290
[14:51:26] warmStart 66% (1369/2073) regret=0.037453 ape=0.5290
[14:51:26] warmStart 66% (1370/2073) regret=0.037453 ape=0.5290
[14:51:26] warmStart 66% (1371/2073) regret=0.037453 ape=0.5290
[14:51:26] warmStart 66% (1372/2073) regret=0.037499 ape=0.5300
[14:51:26] warmStart 66% (1373/2073) regret=0.037554 ape=0.5300
[14:51:27] warmStart 66% (1374/2073) regret=0.037554 ape=0.5300
[14:51:27] warmStart 66% (1375/2073) regret=0.037435 ape=0.5300
[14:51:27] warmStart 66% (1376/2073) regret=0.037435 ape=0.5300
[14:51:27] warmStart 66% (1377/2073) regret=0.037541 ape=0.5309
[14:51:28] warmStart 66% (1378/2073) regret=0.037541 ape=0.5309
[14:51:28] warmStart 66% (1379/2073) regret=0.037541 ape=0.5309
[14:51:28] warmStart 66% (1380/2073) regret=0.037541 ape=0.5309
[14:51:28] warmStart 66% (1381/2073) regret=0.037697 ape=0.5318
[14:51:28] warmStart 66% (1382/2073) regret=0.037697 ape=0.5318
[14:51:29] warmStart 66% (1383/2073) regret=0.037697 ape=0.5318
[14:51:29] warmStart 66% (1384/2073) regret=0.037697 ape=0.5318
[14:51:29] warmStart 66% (1385/2073) regret=0.037697 ape=0.5318
[14:51:29] warmStart 66% (1386/2073) regret=0.037697 ape=0.5318
[14:51:30] warmStart 66% (1387/2073) regret=0.037697 ape=0.5318
[14:51:30] warmStart 66% (1388/2073) regret=0.037725 ape=0.5318
[14:51:30] warmStart 67% (1389/2073) regret=0.037734 ape=0.5318
[14:51:30] warmStart 67% (1390/2073) regret=0.037734 ape=0.5318
[14:51:31] warmStart 67% (1391/2073) regret=0.037734 ape=0.5318
[14:51:31] warmStart 67% (1392/2073) regret=0.037780 ape=0.5318
[14:51:31] warmStart 67% (1393/2073) regret=0.037517 ape=0.5327
[14:51:32] warmStart 67% (1394/2073) regret=0.037291 ape=0.5318
[14:51:32] warmStart 67% (1395/2073) regret=0.037183 ape=0.5309
[14:51:32] warmStart 67% (1396/2073) regret=0.037215 ape=0.5300
[14:51:32] warmStart 67% (1397/2073) regret=0.036763 ape=0.5290
[14:51:32] warmStart 67% (1398/2073) regret=0.036904 ape=0.5300
[14:51:33] warmStart 67% (1399/2073) regret=0.036763 ape=0.5290
[14:51:33] warmStart 67% (1400/2073) regret=0.036763 ape=0.5290
[14:51:33] warmStart 67% (1401/2073) regret=0.036763 ape=0.5290
[14:51:33] warmStart 67% (1402/2073) regret=0.036763 ape=0.5290
[14:51:34] warmStart 67% (1403/2073) regret=0.036395 ape=0.5281
[14:51:34] warmStart 67% (1404/2073) regret=0.036395 ape=0.5281
[14:51:34] warmStart 67% (1405/2073) regret=0.036395 ape=0.5281
[14:51:34] warmStart 67% (1406/2073) regret=0.036395 ape=0.5281
[14:51:35] warmStart 67% (1407/2073) regret=0.036362 ape=0.5281
[14:51:35] warmStart 67% (1408/2073) regret=0.036362 ape=0.5281
[14:51:35] warmStart 67% (1409/2073) regret=0.036330 ape=0.5272
[14:51:35] warmStart 68% (1410/2073) regret=0.036330 ape=0.5272
[14:51:36] warmStart 68% (1411/2073) regret=0.036225 ape=0.5272
[14:51:36] warmStart 68% (1412/2073) regret=0.036243 ape=0.5272
[14:51:36] warmStart 68% (1413/2073) regret=0.036258 ape=0.5272
[14:51:36] warmStart 68% (1414/2073) regret=0.036229 ape=0.5263
[14:51:37] warmStart 68% (1415/2073) regret=0.036224 ape=0.5272
[14:51:37] warmStart 68% (1416/2073) regret=0.036224 ape=0.5272
[14:51:37] warmStart 68% (1417/2073) regret=0.036224 ape=0.5272
[14:51:37] warmStart 68% (1418/2073) regret=0.036224 ape=0.5272
[14:51:38] warmStart 68% (1419/2073) regret=0.036433 ape=0.5272
[14:51:38] warmStart 68% (1420/2073) regret=0.036350 ape=0.5272
[14:51:38] warmStart 68% (1421/2073) regret=0.036267 ape=0.5272
[14:51:38] warmStart 68% (1422/2073) regret=0.036226 ape=0.5263
[14:51:39] warmStart 68% (1423/2073) regret=0.036226 ape=0.5263
[14:51:39] warmStart 68% (1424/2073) regret=0.036226 ape=0.5263
[14:51:39] warmStart 68% (1425/2073) regret=0.036226 ape=0.5263
[14:51:39] warmStart 68% (1426/2073) regret=0.036131 ape=0.5263
[14:51:40] warmStart 68% (1427/2073) regret=0.036001 ape=0.5244
[14:51:40] warmStart 68% (1428/2073) regret=0.036035 ape=0.5244
[14:51:40] warmStart 68% (1429/2073) regret=0.035948 ape=0.5235
[14:51:40] warmStart 68% (1430/2073) regret=0.035948 ape=0.5235
[14:51:41] warmStart 69% (1431/2073) regret=0.035966 ape=0.5235
[14:51:41] warmStart 69% (1432/2073) regret=0.035948 ape=0.5235
[14:51:41] warmStart 69% (1433/2073) regret=0.035948 ape=0.5235
[14:51:41] warmStart 69% (1434/2073) regret=0.035752 ape=0.5226
[14:51:42] warmStart 69% (1435/2073) regret=0.035657 ape=0.5226
[14:51:42] warmStart 69% (1436/2073) regret=0.035657 ape=0.5226
[14:51:42] warmStart 69% (1437/2073) regret=0.035657 ape=0.5226
[14:51:42] warmStart 69% (1438/2073) regret=0.035657 ape=0.5226
[14:51:43] warmStart 69% (1439/2073) regret=0.035657 ape=0.5226
[14:51:43] warmStart 69% (1440/2073) regret=0.035657 ape=0.5226
[14:51:43] warmStart 69% (1441/2073) regret=0.035657 ape=0.5226
[14:51:43] warmStart 69% (1442/2073) regret=0.035657 ape=0.5226
[14:51:44] warmStart 69% (1443/2073) regret=0.035657 ape=0.5226
[14:51:44] warmStart 69% (1444/2073) regret=0.035657 ape=0.5226
[14:51:44] warmStart 69% (1445/2073) regret=0.035657 ape=0.5226
[14:51:44] warmStart 69% (1446/2073) regret=0.035657 ape=0.5226
[14:51:45] warmStart 69% (1447/2073) regret=0.035657 ape=0.5226
[14:51:45] warmStart 69% (1448/2073) regret=0.035657 ape=0.5226
[14:51:45] warmStart 69% (1449/2073) regret=0.035657 ape=0.5226
[14:51:45] warmStart 69% (1450/2073) regret=0.035657 ape=0.5226
[14:51:46] warmStart 69% (1451/2073) regret=0.035657 ape=0.5226
[14:51:46] warmStart 70% (1452/2073) regret=0.035657 ape=0.5226
[14:51:46] warmStart 70% (1453/2073) regret=0.035657 ape=0.5226
[14:51:46] warmStart 70% (1454/2073) regret=0.035657 ape=0.5226
[14:51:46] warmStart 70% (1455/2073) regret=0.035657 ape=0.5226
[14:51:47] warmStart 70% (1456/2073) regret=0.035657 ape=0.5226
[14:51:47] warmStart 70% (1457/2073) regret=0.035657 ape=0.5226
[14:51:47] warmStart 70% (1458/2073) regret=0.035657 ape=0.5226
[14:51:48] warmStart 70% (1459/2073) regret=0.035657 ape=0.5226
[14:51:48] warmStart 70% (1460/2073) regret=0.035657 ape=0.5226
[14:51:48] warmStart 70% (1461/2073) regret=0.035657 ape=0.5226
[14:51:48] warmStart 70% (1462/2073) regret=0.035657 ape=0.5226
[14:51:49] warmStart 70% (1463/2073) regret=0.035657 ape=0.5226
[14:51:49] warmStart 70% (1464/2073) regret=0.035657 ape=0.5226
[14:51:49] warmStart 70% (1465/2073) regret=0.035657 ape=0.5226
[14:51:49] warmStart 70% (1466/2073) regret=0.035657 ape=0.5226
[14:51:50] warmStart 70% (1467/2073) regret=0.035657 ape=0.5226
[14:51:50] warmStart 70% (1468/2073) regret=0.035625 ape=0.5226
[14:51:50] warmStart 70% (1469/2073) regret=0.035625 ape=0.5226
[14:51:50] warmStart 70% (1470/2073) regret=0.035625 ape=0.5226
[14:51:51] warmStart 70% (1471/2073) regret=0.035625 ape=0.5226
[14:51:51] warmStart 71% (1472/2073) regret=0.035625 ape=0.5226
[14:51:51] warmStart 71% (1473/2073) regret=0.035625 ape=0.5226
[14:51:51] warmStart 71% (1474/2073) regret=0.035625 ape=0.5226
[14:51:51] warmStart 71% (1475/2073) regret=0.035625 ape=0.5226
[14:51:52] warmStart 71% (1476/2073) regret=0.035625 ape=0.5226
[14:51:52] warmStart 71% (1477/2073) regret=0.035625 ape=0.5226
[14:51:52] warmStart 71% (1478/2073) regret=0.035625 ape=0.5226
[14:51:52] warmStart 71% (1479/2073) regret=0.035625 ape=0.5226
[14:51:53] warmStart 71% (1480/2073) regret=0.035625 ape=0.5226
[14:51:53] warmStart 71% (1481/2073) regret=0.035625 ape=0.5226
[14:51:53] warmStart 71% (1482/2073) regret=0.035625 ape=0.5226
[14:51:53] warmStart 71% (1483/2073) regret=0.035625 ape=0.5226
[14:51:54] warmStart 71% (1484/2073) regret=0.035625 ape=0.5226
[14:51:54] warmStart 71% (1485/2073) regret=0.035625 ape=0.5226
[14:51:54] warmStart 71% (1486/2073) regret=0.035625 ape=0.5226
[14:51:54] warmStart 71% (1487/2073) regret=0.035625 ape=0.5226
[14:51:55] warmStart 71% (1488/2073) regret=0.035625 ape=0.5226
[14:51:55] warmStart 71% (1489/2073) regret=0.035625 ape=0.5226
[14:51:55] warmStart 71% (1490/2073) regret=0.035625 ape=0.5226
[14:51:55] warmStart 71% (1491/2073) regret=0.035625 ape=0.5226
[14:51:56] warmStart 71% (1492/2073) regret=0.035625 ape=0.5226
[14:51:56] warmStart 72% (1493/2073) regret=0.035625 ape=0.5226
[14:51:56] warmStart 72% (1494/2073) regret=0.035625 ape=0.5226
[14:51:56] warmStart 72% (1495/2073) regret=0.035635 ape=0.5235
[14:51:57] warmStart 72% (1496/2073) regret=0.035635 ape=0.5235
[14:51:57] warmStart 72% (1497/2073) regret=0.035635 ape=0.5235
[14:51:57] warmStart 72% (1498/2073) regret=0.035635 ape=0.5235
[14:51:57] warmStart 72% (1499/2073) regret=0.035635 ape=0.5235
[14:51:58] warmStart 72% (1500/2073) regret=0.035635 ape=0.5235
[14:51:58] warmStart 72% (1501/2073) regret=0.035635 ape=0.5235
[14:51:58] warmStart 72% (1502/2073) regret=0.035542 ape=0.5235
[14:51:58] warmStart 72% (1503/2073) regret=0.035542 ape=0.5235
[14:51:59] warmStart 72% (1504/2073) regret=0.035542 ape=0.5235
[14:51:59] warmStart 72% (1505/2073) regret=0.035542 ape=0.5235
[14:51:59] warmStart 72% (1506/2073) regret=0.035542 ape=0.5235
[14:51:59] warmStart 72% (1507/2073) regret=0.035542 ape=0.5235
[14:52:00] warmStart 72% (1508/2073) regret=0.035542 ape=0.5235
[14:52:00] warmStart 72% (1509/2073) regret=0.035542 ape=0.5235
[14:52:00] warmStart 72% (1510/2073) regret=0.035542 ape=0.5235
[14:52:00] warmStart 72% (1511/2073) regret=0.035542 ape=0.5235
[14:52:01] warmStart 72% (1512/2073) regret=0.035542 ape=0.5235
[14:52:01] warmStart 72% (1513/2073) regret=0.035542 ape=0.5235
[14:52:01] warmStart 73% (1514/2073) regret=0.035542 ape=0.5235
[14:52:01] warmStart 73% (1515/2073) regret=0.035542 ape=0.5235
[14:52:02] warmStart 73% (1516/2073) regret=0.035542 ape=0.5235
[14:52:02] warmStart 73% (1517/2073) regret=0.035542 ape=0.5235
[14:52:02] warmStart 73% (1518/2073) regret=0.035542 ape=0.5235
[14:52:02] warmStart 73% (1519/2073) regret=0.035542 ape=0.5235
[14:52:03] warmStart 73% (1520/2073) regret=0.035542 ape=0.5235
[14:52:03] warmStart 73% (1521/2073) regret=0.035564 ape=0.5235
[14:52:03] warmStart 73% (1522/2073) regret=0.035757 ape=0.5235
[14:52:03] warmStart 73% (1523/2073) regret=0.035564 ape=0.5235
[14:52:04] warmStart 73% (1524/2073) regret=0.035306 ape=0.5226
[14:52:04] warmStart 73% (1525/2073) regret=0.035306 ape=0.5226
[14:52:04] warmStart 73% (1526/2073) regret=0.035306 ape=0.5226
[14:52:04] warmStart 73% (1527/2073) regret=0.035306 ape=0.5226
[14:52:05] warmStart 73% (1528/2073) regret=0.035306 ape=0.5226
[14:52:05] warmStart 73% (1529/2073) regret=0.035320 ape=0.5226
[14:52:05] warmStart 73% (1530/2073) regret=0.035306 ape=0.5226
[14:52:05] warmStart 73% (1531/2073) regret=0.035306 ape=0.5226
[14:52:05] warmStart 73% (1532/2073) regret=0.035367 ape=0.5226
[14:52:06] warmStart 73% (1533/2073) regret=0.035306 ape=0.5226
[14:52:06] warmStart 73% (1534/2073) regret=0.035306 ape=0.5226
[14:52:06] warmStart 74% (1535/2073) regret=0.035343 ape=0.5226
[14:52:06] warmStart 74% (1536/2073) regret=0.035366 ape=0.5226
[14:52:07] warmStart 74% (1537/2073) regret=0.035357 ape=0.5217
[14:52:07] warmStart 74% (1538/2073) regret=0.035360 ape=0.5217
[14:52:07] warmStart 74% (1539/2073) regret=0.035360 ape=0.5217
[14:52:07] warmStart 74% (1540/2073) regret=0.035360 ape=0.5217
[14:52:08] warmStart 74% (1541/2073) regret=0.035360 ape=0.5217
[14:52:08] warmStart 74% (1542/2073) regret=0.035360 ape=0.5217
[14:52:08] warmStart 74% (1543/2073) regret=0.035360 ape=0.5217
[14:52:08] warmStart 74% (1544/2073) regret=0.035360 ape=0.5217
[14:52:09] warmStart 74% (1545/2073) regret=0.035360 ape=0.5217
[14:52:09] warmStart 74% (1546/2073) regret=0.035360 ape=0.5217
[14:52:09] warmStart 74% (1547/2073) regret=0.035279 ape=0.5207
[14:52:09] warmStart 74% (1548/2073) regret=0.035161 ape=0.5207
[14:52:10] warmStart 74% (1549/2073) regret=0.035142 ape=0.5217
[14:52:10] warmStart 74% (1550/2073) regret=0.035022 ape=0.5207
[14:52:10] warmStart 74% (1551/2073) regret=0.034944 ape=0.5217
[14:52:10] warmStart 74% (1552/2073) regret=0.034907 ape=0.5217
[14:52:11] warmStart 74% (1553/2073) regret=0.034798 ape=0.5217
[14:52:11] warmStart 74% (1554/2073) regret=0.034775 ape=0.5217
[14:52:11] warmStart 75% (1555/2073) regret=0.034775 ape=0.5217
[14:52:11] warmStart 75% (1556/2073) regret=0.034775 ape=0.5217
[14:52:12] warmStart 75% (1557/2073) regret=0.034775 ape=0.5217
[14:52:12] warmStart 75% (1558/2073) regret=0.034738 ape=0.5217
[14:52:12] warmStart 75% (1559/2073) regret=0.034632 ape=0.5207
[14:52:12] warmStart 75% (1560/2073) regret=0.034632 ape=0.5207
[14:52:13] warmStart 75% (1561/2073) regret=0.034632 ape=0.5207
[14:52:13] warmStart 75% (1562/2073) regret=0.034780 ape=0.5207
[14:52:13] warmStart 75% (1563/2073) regret=0.034632 ape=0.5207
[14:52:13] warmStart 75% (1564/2073) regret=0.034448 ape=0.5198
[14:52:13] warmStart 75% (1565/2073) regret=0.034448 ape=0.5198
[14:52:14] warmStart 75% (1566/2073) regret=0.034439 ape=0.5198
[14:52:14] warmStart 75% (1567/2073) regret=0.034434 ape=0.5189
[14:52:14] warmStart 75% (1568/2073) regret=0.034448 ape=0.5198
[14:52:14] warmStart 75% (1569/2073) regret=0.034485 ape=0.5207
[14:52:15] warmStart 75% (1570/2073) regret=0.034663 ape=0.5207
[14:52:15] warmStart 75% (1571/2073) regret=0.034474 ape=0.5198
[14:52:15] warmStart 75% (1572/2073) regret=0.034459 ape=0.5198
[14:52:15] warmStart 75% (1573/2073) regret=0.034450 ape=0.5189
[14:52:16] warmStart 75% (1574/2073) regret=0.034450 ape=0.5189
[14:52:16] warmStart 75% (1575/2073) regret=0.034433 ape=0.5189
[14:52:16] warmStart 76% (1576/2073) regret=0.034433 ape=0.5189
[14:52:16] warmStart 76% (1577/2073) regret=0.034460 ape=0.5198
[14:52:17] warmStart 76% (1578/2073) regret=0.035096 ape=0.5198
[14:52:17] warmStart 76% (1579/2073) regret=0.034433 ape=0.5189
[14:52:17] warmStart 76% (1580/2073) regret=0.034287 ape=0.5180
[14:52:17] warmStart 76% (1581/2073) regret=0.034287 ape=0.5180
[14:52:18] warmStart 76% (1582/2073) regret=0.034269 ape=0.5171
[14:52:18] warmStart 76% (1583/2073) regret=0.034264 ape=0.5161
[14:52:18] warmStart 76% (1584/2073) regret=0.034229 ape=0.5152
[14:52:18] warmStart 76% (1585/2073) regret=0.034229 ape=0.5152
[14:52:18] warmStart 76% (1586/2073) regret=0.034212 ape=0.5152
[14:52:19] warmStart 76% (1587/2073) regret=0.034203 ape=0.5152
[14:52:19] warmStart 76% (1588/2073) regret=0.034028 ape=0.5143
[14:52:19] warmStart 76% (1589/2073) regret=0.034072 ape=0.5152
[14:52:19] warmStart 76% (1590/2073) regret=0.034025 ape=0.5143
[14:52:19] warmStart 76% (1591/2073) regret=0.033880 ape=0.5134
[14:52:20] warmStart 76% (1592/2073) regret=0.033864 ape=0.5134
[14:52:20] warmStart 76% (1593/2073) regret=0.033945 ape=0.5134
[14:52:20] warmStart 76% (1594/2073) regret=0.033853 ape=0.5124
[14:52:20] warmStart 76% (1595/2073) regret=0.033705 ape=0.5124
[14:52:21] warmStart 76% (1596/2073) regret=0.033705 ape=0.5124
[14:52:21] warmStart 77% (1597/2073) regret=0.033728 ape=0.5124
[14:52:21] warmStart 77% (1598/2073) regret=0.033581 ape=0.5115
[14:52:21] warmStart 77% (1599/2073) regret=0.033700 ape=0.5115
[14:52:22] warmStart 77% (1600/2073) regret=0.033339 ape=0.5115
[14:52:22] warmStart 77% (1601/2073) regret=0.033324 ape=0.5115
[14:52:22] warmStart 77% (1602/2073) regret=0.033352 ape=0.5124
[14:52:22] warmStart 77% (1603/2073) regret=0.033315 ape=0.5115
[14:52:22] warmStart 77% (1604/2073) regret=0.033315 ape=0.5115
[14:52:23] warmStart 77% (1605/2073) regret=0.033220 ape=0.5106
[14:52:23] warmStart 77% (1606/2073) regret=0.033220 ape=0.5106
[14:52:23] warmStart 77% (1607/2073) regret=0.033220 ape=0.5106
[14:52:23] warmStart 77% (1608/2073) regret=0.033220 ape=0.5106
[14:52:24] warmStart 77% (1609/2073) regret=0.033220 ape=0.5106
[14:52:24] warmStart 77% (1610/2073) regret=0.033220 ape=0.5106
[14:52:24] warmStart 77% (1611/2073) regret=0.033220 ape=0.5106
[14:52:24] warmStart 77% (1612/2073) regret=0.033220 ape=0.5106
[14:52:25] warmStart 77% (1613/2073) regret=0.033220 ape=0.5106
[14:52:25] warmStart 77% (1614/2073) regret=0.033220 ape=0.5106
[14:52:25] warmStart 77% (1615/2073) regret=0.033220 ape=0.5106
[14:52:25] warmStart 77% (1616/2073) regret=0.033220 ape=0.5106
[14:52:25] warmStart 78% (1617/2073) regret=0.033220 ape=0.5106
[14:52:26] warmStart 78% (1618/2073) regret=0.033220 ape=0.5106
[14:52:26] warmStart 78% (1619/2073) regret=0.033220 ape=0.5106
[14:52:26] warmStart 78% (1620/2073) regret=0.033220 ape=0.5106
[14:52:26] warmStart 78% (1621/2073) regret=0.033220 ape=0.5106
[14:52:27] warmStart 78% (1622/2073) regret=0.033220 ape=0.5106
[14:52:27] warmStart 78% (1623/2073) regret=0.033220 ape=0.5106
[14:52:27] warmStart 78% (1624/2073) regret=0.033220 ape=0.5106
[14:52:27] warmStart 78% (1625/2073) regret=0.033220 ape=0.5106
[14:52:27] warmStart 78% (1626/2073) regret=0.033220 ape=0.5106
[14:52:28] warmStart 78% (1627/2073) regret=0.033220 ape=0.5106
[14:52:28] warmStart 78% (1628/2073) regret=0.033220 ape=0.5106
[14:52:28] warmStart 78% (1629/2073) regret=0.033220 ape=0.5106
[14:52:28] warmStart 78% (1630/2073) regret=0.033220 ape=0.5106
[14:52:29] warmStart 78% (1631/2073) regret=0.033220 ape=0.5106
[14:52:29] warmStart 78% (1632/2073) regret=0.033220 ape=0.5106
[14:52:29] warmStart 78% (1633/2073) regret=0.033220 ape=0.5106
[14:52:29] warmStart 78% (1634/2073) regret=0.033220 ape=0.5106
[14:52:30] warmStart 78% (1635/2073) regret=0.033220 ape=0.5106
[14:52:30] warmStart 78% (1636/2073) regret=0.033220 ape=0.5106
[14:52:30] warmStart 78% (1637/2073) regret=0.033068 ape=0.5106
[14:52:30] warmStart 79% (1638/2073) regret=0.033068 ape=0.5106
[14:52:31] warmStart 79% (1639/2073) regret=0.033068 ape=0.5106
[14:52:31] warmStart 79% (1640/2073) regret=0.033068 ape=0.5106
[14:52:31] warmStart 79% (1641/2073) regret=0.033068 ape=0.5106
[14:52:31] warmStart 79% (1642/2073) regret=0.033068 ape=0.5106
[14:52:31] warmStart 79% (1643/2073) regret=0.033068 ape=0.5106
[14:52:32] warmStart 79% (1644/2073) regret=0.033068 ape=0.5106
[14:52:32] warmStart 79% (1645/2073) regret=0.033068 ape=0.5106
[14:52:32] warmStart 79% (1646/2073) regret=0.033068 ape=0.5106
[14:52:32] warmStart 79% (1647/2073) regret=0.033068 ape=0.5106
[14:52:33] warmStart 79% (1648/2073) regret=0.033068 ape=0.5106
[14:52:33] warmStart 79% (1649/2073) regret=0.033068 ape=0.5106
[14:52:33] warmStart 79% (1650/2073) regret=0.033086 ape=0.5106
[14:52:33] warmStart 79% (1651/2073) regret=0.033068 ape=0.5106
[14:52:34] warmStart 79% (1652/2073) regret=0.033091 ape=0.5106
[14:52:34] warmStart 79% (1653/2073) regret=0.033091 ape=0.5106
[14:52:34] warmStart 79% (1654/2073) regret=0.033091 ape=0.5106
[14:52:34] warmStart 79% (1655/2073) regret=0.033091 ape=0.5106
[14:52:35] warmStart 79% (1656/2073) regret=0.033091 ape=0.5106
[14:52:35] warmStart 79% (1657/2073) regret=0.033091 ape=0.5106
[14:52:35] warmStart 79% (1658/2073) regret=0.033091 ape=0.5106
[14:52:35] warmStart 80% (1659/2073) regret=0.033091 ape=0.5106
[14:52:36] warmStart 80% (1660/2073) regret=0.033091 ape=0.5106
[14:52:36] warmStart 80% (1661/2073) regret=0.033091 ape=0.5106
[14:52:36] warmStart 80% (1662/2073) regret=0.033091 ape=0.5106
[14:52:36] warmStart 80% (1663/2073) regret=0.033091 ape=0.5106
[14:52:37] warmStart 80% (1664/2073) regret=0.033174 ape=0.5106
[14:52:37] warmStart 80% (1665/2073) regret=0.033174 ape=0.5106
[14:52:37] warmStart 80% (1666/2073) regret=0.033174 ape=0.5106
[14:52:37] warmStart 80% (1667/2073) regret=0.033174 ape=0.5106
[14:52:38] warmStart 80% (1668/2073) regret=0.033065 ape=0.5106
[14:52:38] warmStart 80% (1669/2073) regret=0.033037 ape=0.5106
[14:52:38] warmStart 80% (1670/2073) regret=0.033037 ape=0.5106
[14:52:38] warmStart 80% (1671/2073) regret=0.033037 ape=0.5106
[14:52:38] warmStart 80% (1672/2073) regret=0.033037 ape=0.5106
[14:52:39] warmStart 80% (1673/2073) regret=0.033037 ape=0.5106
[14:52:39] warmStart 80% (1674/2073) regret=0.033037 ape=0.5106
[14:52:39] warmStart 80% (1675/2073) regret=0.033037 ape=0.5106
[14:52:39] warmStart 80% (1676/2073) regret=0.033037 ape=0.5106
[14:52:40] warmStart 80% (1677/2073) regret=0.033037 ape=0.5106
[14:52:40] warmStart 80% (1678/2073) regret=0.033037 ape=0.5106
[14:52:40] warmStart 80% (1679/2073) regret=0.033037 ape=0.5106
[14:52:40] warmStart 81% (1680/2073) regret=0.033037 ape=0.5106
[14:52:41] warmStart 81% (1681/2073) regret=0.033037 ape=0.5106
[14:52:41] warmStart 81% (1682/2073) regret=0.033037 ape=0.5106
[14:52:41] warmStart 81% (1683/2073) regret=0.033037 ape=0.5106
[14:52:41] warmStart 81% (1684/2073) regret=0.033037 ape=0.5106
[14:52:42] warmStart 81% (1685/2073) regret=0.033037 ape=0.5106
[14:52:42] warmStart 81% (1686/2073) regret=0.033037 ape=0.5106
[14:52:42] warmStart 81% (1687/2073) regret=0.033037 ape=0.5106
[14:52:42] warmStart 81% (1688/2073) regret=0.033037 ape=0.5106
[14:52:43] warmStart 81% (1689/2073) regret=0.033037 ape=0.5106
[14:52:43] warmStart 81% (1690/2073) regret=0.033037 ape=0.5106
[14:52:43] warmStart 81% (1691/2073) regret=0.033019 ape=0.5097
[14:52:43] warmStart 81% (1692/2073) regret=0.033019 ape=0.5097
[14:52:44] warmStart 81% (1693/2073) regret=0.033019 ape=0.5097
[14:52:44] warmStart 81% (1694/2073) regret=0.033019 ape=0.5097
[14:52:44] warmStart 81% (1695/2073) regret=0.032973 ape=0.5097
[14:52:44] warmStart 81% (1696/2073) regret=0.032955 ape=0.5097
[14:52:45] warmStart 81% (1697/2073) regret=0.032955 ape=0.5097
[14:52:45] warmStart 81% (1698/2073) regret=0.032793 ape=0.5088
[14:52:45] warmStart 81% (1699/2073) regret=0.032793 ape=0.5088
[14:52:45] warmStart 82% (1700/2073) regret=0.032793 ape=0.5088
[14:52:45] warmStart 82% (1701/2073) regret=0.032793 ape=0.5088
[14:52:46] warmStart 82% (1702/2073) regret=0.032797 ape=0.5078
[14:52:46] warmStart 82% (1703/2073) regret=0.032858 ape=0.5078
[14:52:46] warmStart 82% (1704/2073) regret=0.032858 ape=0.5078
[14:52:46] warmStart 82% (1705/2073) regret=0.032858 ape=0.5078
[14:52:47] warmStart 82% (1706/2073) regret=0.032846 ape=0.5069
[14:52:47] warmStart 82% (1707/2073) regret=0.032846 ape=0.5069
[14:52:47] warmStart 82% (1708/2073) regret=0.032846 ape=0.5069
[14:52:48] warmStart 82% (1709/2073) regret=0.032846 ape=0.5069
[14:52:48] warmStart 82% (1710/2073) regret=0.032939 ape=0.5069
[14:52:48] warmStart 82% (1711/2073) regret=0.032939 ape=0.5069
[14:52:48] warmStart 82% (1712/2073) regret=0.032939 ape=0.5069
[14:52:48] warmStart 82% (1713/2073) regret=0.032914 ape=0.5060
[14:52:49] warmStart 82% (1714/2073) regret=0.032914 ape=0.5060
[14:52:49] warmStart 82% (1715/2073) regret=0.032914 ape=0.5060
[14:52:49] warmStart 82% (1716/2073) regret=0.032813 ape=0.5051
[14:52:50] warmStart 82% (1717/2073) regret=0.032813 ape=0.5051
[14:52:50] warmStart 82% (1718/2073) regret=0.032813 ape=0.5051
[14:52:50] warmStart 82% (1719/2073) regret=0.032813 ape=0.5051
[14:52:50] warmStart 82% (1720/2073) regret=0.032315 ape=0.5041
[14:52:50] warmStart 83% (1721/2073) regret=0.032315 ape=0.5041
[14:52:51] warmStart 83% (1722/2073) regret=0.032315 ape=0.5041
[14:52:51] warmStart 83% (1723/2073) regret=0.032315 ape=0.5041
[14:52:51] warmStart 83% (1724/2073) regret=0.032315 ape=0.5041
[14:52:51] warmStart 83% (1725/2073) regret=0.032315 ape=0.5041
[14:52:52] warmStart 83% (1726/2073) regret=0.032315 ape=0.5041
[14:52:52] warmStart 83% (1727/2073) regret=0.032315 ape=0.5041
[14:52:52] warmStart 83% (1728/2073) regret=0.032315 ape=0.5041
[14:52:52] warmStart 83% (1729/2073) regret=0.032315 ape=0.5041
[14:52:53] warmStart 83% (1730/2073) regret=0.032315 ape=0.5041
[14:52:53] warmStart 83% (1731/2073) regret=0.032315 ape=0.5041
[14:52:53] warmStart 83% (1732/2073) regret=0.032315 ape=0.5041
[14:52:53] warmStart 83% (1733/2073) regret=0.032315 ape=0.5041
[14:52:54] warmStart 83% (1734/2073) regret=0.032315 ape=0.5041
[14:52:54] warmStart 83% (1735/2073) regret=0.032315 ape=0.5041
[14:52:54] warmStart 83% (1736/2073) regret=0.032315 ape=0.5041
[14:52:54] warmStart 83% (1737/2073) regret=0.032315 ape=0.5041
[14:52:55] warmStart 83% (1738/2073) regret=0.032315 ape=0.5041
[14:52:55] warmStart 83% (1739/2073) regret=0.032315 ape=0.5041
[14:52:55] warmStart 83% (1740/2073) regret=0.032315 ape=0.5041
[14:52:56] warmStart 83% (1741/2073) regret=0.032167 ape=0.5041
[14:52:56] warmStart 84% (1742/2073) regret=0.032172 ape=0.5051
[14:52:56] warmStart 84% (1743/2073) regret=0.032167 ape=0.5041
[14:52:56] warmStart 84% (1744/2073) regret=0.032167 ape=0.5041
[14:52:57] warmStart 84% (1745/2073) regret=0.032167 ape=0.5041
[14:52:57] warmStart 84% (1746/2073) regret=0.032167 ape=0.5041
[14:52:57] warmStart 84% (1747/2073) regret=0.032217 ape=0.5041
[14:52:57] warmStart 84% (1748/2073) regret=0.032158 ape=0.5041
[14:52:57] warmStart 84% (1749/2073) regret=0.032213 ape=0.5041
[14:52:58] warmStart 84% (1750/2073) regret=0.032213 ape=0.5041
[14:52:58] warmStart 84% (1751/2073) regret=0.032213 ape=0.5041
[14:52:58] warmStart 84% (1752/2073) regret=0.032213 ape=0.5041
[14:52:58] warmStart 84% (1753/2073) regret=0.032213 ape=0.5041
[14:52:59] warmStart 84% (1754/2073) regret=0.032213 ape=0.5041
[14:52:59] warmStart 84% (1755/2073) regret=0.032213 ape=0.5041
[14:52:59] warmStart 84% (1756/2073) regret=0.031898 ape=0.5032
[14:52:59] warmStart 84% (1757/2073) regret=0.031898 ape=0.5032
[14:53:00] warmStart 84% (1758/2073) regret=0.031898 ape=0.5032
[14:53:00] warmStart 84% (1759/2073) regret=0.031677 ape=0.5032
[14:53:00] warmStart 84% (1760/2073) regret=0.031677 ape=0.5032
[14:53:00] warmStart 84% (1761/2073) regret=0.031409 ape=0.5023
[14:53:01] warmStart 84% (1762/2073) regret=0.031409 ape=0.5023
[14:53:01] warmStart 85% (1763/2073) regret=0.031356 ape=0.5023
[14:53:01] warmStart 85% (1764/2073) regret=0.031356 ape=0.5023
[14:53:01] warmStart 85% (1765/2073) regret=0.031356 ape=0.5023
[14:53:02] warmStart 85% (1766/2073) regret=0.031356 ape=0.5023
[14:53:02] warmStart 85% (1767/2073) regret=0.031322 ape=0.5023
[14:53:02] warmStart 85% (1768/2073) regret=0.031322 ape=0.5023
[14:53:02] warmStart 85% (1769/2073) regret=0.031396 ape=0.5023
[14:53:03] warmStart 85% (1770/2073) regret=0.031396 ape=0.5023
[14:53:03] warmStart 85% (1771/2073) regret=0.031396 ape=0.5023
[14:53:03] warmStart 85% (1772/2073) regret=0.031396 ape=0.5023
[14:53:03] warmStart 85% (1773/2073) regret=0.031414 ape=0.5023
[14:53:04] warmStart 85% (1774/2073) regret=0.031414 ape=0.5023
[14:53:04] warmStart 85% (1775/2073) regret=0.031682 ape=0.5041
[14:53:04] warmStart 85% (1776/2073) regret=0.031682 ape=0.5041
[14:53:04] warmStart 85% (1777/2073) regret=0.031682 ape=0.5041
[14:53:05] warmStart 85% (1778/2073) regret=0.031857 ape=0.5051
[14:53:05] warmStart 85% (1779/2073) regret=0.031746 ape=0.5051
[14:53:05] warmStart 85% (1780/2073) regret=0.031746 ape=0.5051
[14:53:05] warmStart 85% (1781/2073) regret=0.031746 ape=0.5051
[14:53:06] warmStart 85% (1782/2073) regret=0.031746 ape=0.5051
[14:53:06] warmStart 86% (1783/2073) regret=0.031746 ape=0.5051
[14:53:06] warmStart 86% (1784/2073) regret=0.032050 ape=0.5060
[14:53:06] warmStart 86% (1785/2073) regret=0.032014 ape=0.5060
[14:53:07] warmStart 86% (1786/2073) regret=0.032050 ape=0.5060
[14:53:07] warmStart 86% (1787/2073) regret=0.032050 ape=0.5060
[14:53:07] warmStart 86% (1788/2073) regret=0.032050 ape=0.5060
[14:53:07] warmStart 86% (1789/2073) regret=0.032010 ape=0.5051
[14:53:08] warmStart 86% (1790/2073) regret=0.032010 ape=0.5051
[14:53:08] warmStart 86% (1791/2073) regret=0.032022 ape=0.5051
[14:53:08] warmStart 86% (1792/2073) regret=0.031946 ape=0.5041
[14:53:08] warmStart 86% (1793/2073) regret=0.031946 ape=0.5041
[14:53:09] warmStart 86% (1794/2073) regret=0.032001 ape=0.5041
[14:53:09] warmStart 86% (1795/2073) regret=0.031946 ape=0.5041
[14:53:09] warmStart 86% (1796/2073) regret=0.031979 ape=0.5051
[14:53:09] warmStart 86% (1797/2073) regret=0.031850 ape=0.5032
[14:53:10] warmStart 86% (1798/2073) regret=0.031855 ape=0.5041
[14:53:10] warmStart 86% (1799/2073) regret=0.031846 ape=0.5032
[14:53:10] warmStart 86% (1800/2073) regret=0.031781 ape=0.5032
[14:53:10] warmStart 86% (1801/2073) regret=0.031726 ape=0.5032
[14:53:11] warmStart 86% (1802/2073) regret=0.031726 ape=0.5032
[14:53:11] warmStart 86% (1803/2073) regret=0.031726 ape=0.5032
[14:53:11] warmStart 87% (1804/2073) regret=0.031726 ape=0.5032
[14:53:11] warmStart 87% (1805/2073) regret=0.031694 ape=0.5023
[14:53:11] warmStart 87% (1806/2073) regret=0.031704 ape=0.5023
[14:53:12] warmStart 87% (1807/2073) regret=0.031704 ape=0.5023
[14:53:12] warmStart 87% (1808/2073) regret=0.031704 ape=0.5023
[14:53:12] warmStart 87% (1809/2073) regret=0.031704 ape=0.5023
[14:53:12] warmStart 87% (1810/2073) regret=0.031704 ape=0.5023
[14:53:13] warmStart 87% (1811/2073) regret=0.031704 ape=0.5023
[14:53:13] warmStart 87% (1812/2073) regret=0.031704 ape=0.5023
[14:53:13] warmStart 87% (1813/2073) regret=0.031704 ape=0.5023
[14:53:13] warmStart 87% (1814/2073) regret=0.031704 ape=0.5023
[14:53:14] warmStart 87% (1815/2073) regret=0.031704 ape=0.5023
[14:53:14] warmStart 87% (1816/2073) regret=0.031492 ape=0.5014
[14:53:14] warmStart 87% (1817/2073) regret=0.031492 ape=0.5014
[14:53:14] warmStart 87% (1818/2073) regret=0.031492 ape=0.5014
[14:53:15] warmStart 87% (1819/2073) regret=0.031492 ape=0.5014
[14:53:15] warmStart 87% (1820/2073) regret=0.031492 ape=0.5014
[14:53:15] warmStart 87% (1821/2073) regret=0.031421 ape=0.5014
[14:53:15] warmStart 87% (1822/2073) regret=0.031421 ape=0.5014
[14:53:16] warmStart 87% (1823/2073) regret=0.031421 ape=0.5014
[14:53:16] warmStart 87% (1824/2073) regret=0.031421 ape=0.5014
[14:53:16] warmStart 88% (1825/2073) regret=0.031421 ape=0.5014
[14:53:16] warmStart 88% (1826/2073) regret=0.031263 ape=0.5005
[14:53:17] warmStart 88% (1827/2073) regret=0.031263 ape=0.5005
[14:53:17] warmStart 88% (1828/2073) regret=0.031263 ape=0.5005
[14:53:17] warmStart 88% (1829/2073) regret=0.031263 ape=0.5005
[14:53:17] warmStart 88% (1830/2073) regret=0.031263 ape=0.5005
[14:53:18] warmStart 88% (1831/2073) regret=0.031263 ape=0.5005
[14:53:18] warmStart 88% (1832/2073) regret=0.031263 ape=0.5005
[14:53:18] warmStart 88% (1833/2073) regret=0.031263 ape=0.5005
[14:53:18] warmStart 88% (1834/2073) regret=0.031263 ape=0.5005
[14:53:19] warmStart 88% (1835/2073) regret=0.031263 ape=0.5005
[14:53:19] warmStart 88% (1836/2073) regret=0.031263 ape=0.5005
[14:53:19] warmStart 88% (1837/2073) regret=0.031271 ape=0.5005
[14:53:19] warmStart 88% (1838/2073) regret=0.031271 ape=0.5005
[14:53:20] warmStart 88% (1839/2073) regret=0.031271 ape=0.5005
[14:53:20] warmStart 88% (1840/2073) regret=0.031271 ape=0.5005
[14:53:20] warmStart 88% (1841/2073) regret=0.031271 ape=0.5005
[14:53:20] warmStart 88% (1842/2073) regret=0.031298 ape=0.5014
[14:53:21] warmStart 88% (1843/2073) regret=0.031298 ape=0.5014
[14:53:21] warmStart 88% (1844/2073) regret=0.031298 ape=0.5014
[14:53:21] warmStart 89% (1845/2073) regret=0.031298 ape=0.5014
[14:53:21] warmStart 89% (1846/2073) regret=0.031298 ape=0.5014
[14:53:22] warmStart 89% (1847/2073) regret=0.031298 ape=0.5014
[14:53:22] warmStart 89% (1848/2073) regret=0.031298 ape=0.5014
[14:53:22] warmStart 89% (1849/2073) regret=0.031298 ape=0.5014
[14:53:22] warmStart 89% (1850/2073) regret=0.031298 ape=0.5014
[14:53:23] warmStart 89% (1851/2073) regret=0.031298 ape=0.5014
[14:53:23] warmStart 89% (1852/2073) regret=0.031298 ape=0.5014
[14:53:23] warmStart 89% (1853/2073) regret=0.031298 ape=0.5014
[14:53:23] warmStart 89% (1854/2073) regret=0.031298 ape=0.5014
[14:53:24] warmStart 89% (1855/2073) regret=0.031298 ape=0.5014
[14:53:24] warmStart 89% (1856/2073) regret=0.030994 ape=0.5005
[14:53:24] warmStart 89% (1857/2073) regret=0.030994 ape=0.5005
[14:53:24] warmStart 89% (1858/2073) regret=0.030994 ape=0.5005
[14:53:24] warmStart 89% (1859/2073) regret=0.030994 ape=0.5005
[14:53:25] warmStart 89% (1860/2073) regret=0.031077 ape=0.5014
[14:53:25] warmStart 89% (1861/2073) regret=0.030994 ape=0.5005
[14:53:25] warmStart 89% (1862/2073) regret=0.031006 ape=0.5014
[14:53:25] warmStart 89% (1863/2073) regret=0.031006 ape=0.5014
[14:53:26] warmStart 89% (1864/2073) regret=0.031001 ape=0.5014
[14:53:26] warmStart 89% (1865/2073) regret=0.031001 ape=0.5014
[14:53:26] warmStart 90% (1866/2073) regret=0.031001 ape=0.5014
[14:53:26] warmStart 90% (1867/2073) regret=0.031001 ape=0.5014
[14:53:27] warmStart 90% (1868/2073) regret=0.030973 ape=0.5005
[14:53:27] warmStart 90% (1869/2073) regret=0.030881 ape=0.4995
[14:53:27] warmStart 90% (1870/2073) regret=0.030881 ape=0.4995
[14:53:27] warmStart 90% (1871/2073) regret=0.030881 ape=0.4995
[14:53:28] warmStart 90% (1872/2073) regret=0.030881 ape=0.4995
[14:53:28] warmStart 90% (1873/2073) regret=0.030854 ape=0.4995
[14:53:28] warmStart 90% (1874/2073) regret=0.031116 ape=0.4995
[14:53:29] warmStart 90% (1875/2073) regret=0.031061 ape=0.4995
[14:53:29] warmStart 90% (1876/2073) regret=0.031061 ape=0.4995
[14:53:29] warmStart 90% (1877/2073) regret=0.031061 ape=0.4995
[14:53:29] warmStart 90% (1878/2073) regret=0.031061 ape=0.4995
[14:53:30] warmStart 90% (1879/2073) regret=0.031061 ape=0.4995
[14:53:30] warmStart 90% (1880/2073) regret=0.031135 ape=0.5005
[14:53:30] warmStart 90% (1881/2073) regret=0.031405 ape=0.5005
[14:53:30] warmStart 90% (1882/2073) regret=0.031276 ape=0.4995
[14:53:30] warmStart 90% (1883/2073) regret=0.031276 ape=0.4995
[14:53:31] warmStart 90% (1884/2073) regret=0.031359 ape=0.5005
[14:53:31] warmStart 90% (1885/2073) regret=0.031359 ape=0.5005
[14:53:31] warmStart 90% (1886/2073) regret=0.031276 ape=0.4995
[14:53:31] warmStart 91% (1887/2073) regret=0.031276 ape=0.4995
[14:53:32] warmStart 91% (1888/2073) regret=0.031276 ape=0.4995
[14:53:32] warmStart 91% (1889/2073) regret=0.031276 ape=0.4995
[14:53:32] warmStart 91% (1890/2073) regret=0.031276 ape=0.4995
[14:53:32] warmStart 91% (1891/2073) regret=0.031276 ape=0.4995
[14:53:33] warmStart 91% (1892/2073) regret=0.031276 ape=0.4995
[14:53:33] warmStart 91% (1893/2073) regret=0.031276 ape=0.4995
[14:53:33] warmStart 91% (1894/2073) regret=0.031276 ape=0.4995
[14:53:34] warmStart 91% (1895/2073) regret=0.031276 ape=0.4995
[14:53:34] warmStart 91% (1896/2073) regret=0.031276 ape=0.4995
[14:53:34] warmStart 91% (1897/2073) regret=0.031378 ape=0.4995
[14:53:34] warmStart 91% (1898/2073) regret=0.031378 ape=0.4995
[14:53:35] warmStart 91% (1899/2073) regret=0.031378 ape=0.4995
[14:53:35] warmStart 91% (1900/2073) regret=0.031378 ape=0.4995
[14:53:35] warmStart 91% (1901/2073) regret=0.031378 ape=0.4995
[14:53:35] warmStart 91% (1902/2073) regret=0.031378 ape=0.4995
[14:53:36] warmStart 91% (1903/2073) regret=0.031378 ape=0.4995
[14:53:36] warmStart 91% (1904/2073) regret=0.031387 ape=0.5005
[14:53:36] warmStart 91% (1905/2073) regret=0.031387 ape=0.5005
[14:53:36] warmStart 91% (1906/2073) regret=0.031387 ape=0.5005
[14:53:37] warmStart 91% (1907/2073) regret=0.031387 ape=0.5005
[14:53:37] warmStart 92% (1908/2073) regret=0.031387 ape=0.5005
[14:53:37] warmStart 92% (1909/2073) regret=0.031387 ape=0.5005
[14:53:37] warmStart 92% (1910/2073) regret=0.031387 ape=0.5005
[14:53:37] warmStart 92% (1911/2073) regret=0.031032 ape=0.4995
[14:53:38] warmStart 92% (1912/2073) regret=0.031066 ape=0.4995
[14:53:38] warmStart 92% (1913/2073) regret=0.031066 ape=0.4995
[14:53:38] warmStart 92% (1914/2073) regret=0.031054 ape=0.4986
[14:53:38] warmStart 92% (1915/2073) regret=0.031054 ape=0.4986
[14:53:39] warmStart 92% (1916/2073) regret=0.031054 ape=0.4986
[14:53:39] warmStart 92% (1917/2073) regret=0.031054 ape=0.4986
[14:53:39] warmStart 92% (1918/2073) regret=0.031054 ape=0.4986
[14:53:39] warmStart 92% (1919/2073) regret=0.030925 ape=0.4986
[14:53:40] warmStart 92% (1920/2073) regret=0.031054 ape=0.4986
[14:53:40] warmStart 92% (1921/2073) regret=0.030958 ape=0.4977
[14:53:40] warmStart 92% (1922/2073) regret=0.030718 ape=0.4977
[14:53:40] warmStart 92% (1923/2073) regret=0.030594 ape=0.4968
[14:53:41] warmStart 92% (1924/2073) regret=0.030485 ape=0.4968
[14:53:41] warmStart 92% (1925/2073) regret=0.030583 ape=0.4968
[14:53:41] warmStart 92% (1926/2073) regret=0.030550 ape=0.4968
[14:53:41] warmStart 92% (1927/2073) regret=0.030550 ape=0.4968
[14:53:42] warmStart 93% (1928/2073) regret=0.030550 ape=0.4968
[14:53:42] warmStart 93% (1929/2073) regret=0.030615 ape=0.4968
[14:53:42] warmStart 93% (1930/2073) regret=0.030615 ape=0.4968
[14:53:42] warmStart 93% (1931/2073) regret=0.030615 ape=0.4968
[14:53:43] warmStart 93% (1932/2073) regret=0.030845 ape=0.4968
[14:53:43] warmStart 93% (1933/2073) regret=0.030721 ape=0.4977
[14:53:43] warmStart 93% (1934/2073) regret=0.030822 ape=0.4977
[14:53:43] warmStart 93% (1935/2073) regret=0.030693 ape=0.4977
[14:53:44] warmStart 93% (1936/2073) regret=0.030693 ape=0.4977
[14:53:44] warmStart 93% (1937/2073) regret=0.030693 ape=0.4977
[14:53:44] warmStart 93% (1938/2073) regret=0.030693 ape=0.4977
[14:53:44] warmStart 93% (1939/2073) regret=0.030693 ape=0.4977
[14:53:45] warmStart 93% (1940/2073) regret=0.030693 ape=0.4977
[14:53:45] warmStart 93% (1941/2073) regret=0.030592 ape=0.4977
[14:53:45] warmStart 93% (1942/2073) regret=0.030548 ape=0.4977
[14:53:45] warmStart 93% (1943/2073) regret=0.030548 ape=0.4977
[14:53:45] warmStart 93% (1944/2073) regret=0.030588 ape=0.4977
[14:53:46] warmStart 93% (1945/2073) regret=0.030549 ape=0.4977
[14:53:46] warmStart 93% (1946/2073) regret=0.030549 ape=0.4977
[14:53:46] warmStart 93% (1947/2073) regret=0.030549 ape=0.4977
[14:53:47] warmStart 93% (1948/2073) regret=0.030522 ape=0.4977
[14:53:47] warmStart 94% (1949/2073) regret=0.030522 ape=0.4977
[14:53:47] warmStart 94% (1950/2073) regret=0.030522 ape=0.4977
[14:53:47] warmStart 94% (1951/2073) regret=0.030589 ape=0.4986
[14:53:48] warmStart 94% (1952/2073) regret=0.030879 ape=0.4986
[14:53:48] warmStart 94% (1953/2073) regret=0.031121 ape=0.4995
[14:53:48] warmStart 94% (1954/2073) regret=0.030614 ape=0.4986
[14:53:48] warmStart 94% (1955/2073) regret=0.030446 ape=0.4986
[14:53:49] warmStart 94% (1956/2073) regret=0.030446 ape=0.4986
[14:53:49] warmStart 94% (1957/2073) regret=0.030465 ape=0.4995
[14:53:49] warmStart 94% (1958/2073) regret=0.030453 ape=0.4995
[14:53:49] warmStart 94% (1959/2073) regret=0.030453 ape=0.4995
[14:53:50] warmStart 94% (1960/2073) regret=0.030443 ape=0.4995
[14:53:50] warmStart 94% (1961/2073) regret=0.030416 ape=0.4995
[14:53:50] warmStart 94% (1962/2073) regret=0.030416 ape=0.4995
[14:53:50] warmStart 94% (1963/2073) regret=0.030416 ape=0.4995
[14:53:50] warmStart 94% (1964/2073) regret=0.030563 ape=0.4995
[14:53:51] warmStart 94% (1965/2073) regret=0.030416 ape=0.4995
[14:53:51] warmStart 94% (1966/2073) regret=0.030913 ape=0.4995
[14:53:51] warmStart 94% (1967/2073) regret=0.030416 ape=0.4995
[14:53:51] warmStart 94% (1968/2073) regret=0.030416 ape=0.4995
[14:53:52] warmStart 94% (1969/2073) regret=0.030416 ape=0.4995
[14:53:52] warmStart 95% (1970/2073) regret=0.030416 ape=0.4995
[14:53:52] warmStart 95% (1971/2073) regret=0.030416 ape=0.4995
[14:53:52] warmStart 95% (1972/2073) regret=0.030416 ape=0.4995
[14:53:53] warmStart 95% (1973/2073) regret=0.030416 ape=0.4995
[14:53:53] warmStart 95% (1974/2073) regret=0.030416 ape=0.4995
[14:53:53] warmStart 95% (1975/2073) regret=0.030416 ape=0.4995
[14:53:53] warmStart 95% (1976/2073) regret=0.030416 ape=0.4995
[14:53:54] warmStart 95% (1977/2073) regret=0.030416 ape=0.4995
[14:53:54] warmStart 95% (1978/2073) regret=0.030416 ape=0.4995
[14:53:54] warmStart 95% (1979/2073) regret=0.030416 ape=0.4995
[14:53:54] warmStart 95% (1980/2073) regret=0.030416 ape=0.4995
[14:53:55] warmStart 95% (1981/2073) regret=0.030416 ape=0.4995
[14:53:55] warmStart 95% (1982/2073) regret=0.030416 ape=0.4995
[14:53:55] warmStart 95% (1983/2073) regret=0.030416 ape=0.4995
[14:53:55] warmStart 95% (1984/2073) regret=0.030416 ape=0.4995
[14:53:56] warmStart 95% (1985/2073) regret=0.030416 ape=0.4995
[14:53:56] warmStart 95% (1986/2073) regret=0.030416 ape=0.4995
[14:53:56] warmStart 95% (1987/2073) regret=0.030416 ape=0.4995
[14:53:56] warmStart 95% (1988/2073) regret=0.030416 ape=0.4995
[14:53:57] warmStart 95% (1989/2073) regret=0.030416 ape=0.4995
[14:53:57] warmStart 95% (1990/2073) regret=0.030416 ape=0.4995
[14:53:57] warmStart 96% (1991/2073) regret=0.030430 ape=0.4995
[14:53:57] warmStart 96% (1992/2073) regret=0.030430 ape=0.4995
[14:53:58] warmStart 96% (1993/2073) regret=0.030430 ape=0.4995
[14:53:58] warmStart 96% (1994/2073) regret=0.030430 ape=0.4995
[14:53:58] warmStart 96% (1995/2073) regret=0.030430 ape=0.4995
[14:53:58] warmStart 96% (1996/2073) regret=0.030600 ape=0.5005
[14:53:59] warmStart 96% (1997/2073) regret=0.030621 ape=0.5005
[14:53:59] warmStart 96% (1998/2073) regret=0.030430 ape=0.4995
[14:53:59] warmStart 96% (1999/2073) regret=0.030430 ape=0.4995
[14:53:59] warmStart 96% (2000/2073) regret=0.030430 ape=0.4995
[14:54:00] warmStart 96% (2001/2073) regret=0.030439 ape=0.4995
[14:54:00] warmStart 96% (2002/2073) regret=0.030439 ape=0.4995
[14:54:00] warmStart 96% (2003/2073) regret=0.030393 ape=0.4995
[14:54:00] warmStart 96% (2004/2073) regret=0.030393 ape=0.4995
[14:54:01] warmStart 96% (2005/2073) regret=0.030393 ape=0.4995
[14:54:01] warmStart 96% (2006/2073) regret=0.030393 ape=0.4995
[14:54:01] warmStart 96% (2007/2073) regret=0.030347 ape=0.4986
[14:54:01] warmStart 96% (2008/2073) regret=0.030347 ape=0.4986
[14:54:02] warmStart 96% (2009/2073) regret=0.030407 ape=0.4986
[14:54:02] warmStart 96% (2010/2073) regret=0.030330 ape=0.4977
[14:54:02] warmStart 97% (2011/2073) regret=0.030330 ape=0.4977
[14:54:02] warmStart 97% (2012/2073) regret=0.030330 ape=0.4977
[14:54:03] warmStart 97% (2013/2073) regret=0.030206 ape=0.4977
[14:54:03] warmStart 97% (2014/2073) regret=0.030358 ape=0.4977
[14:54:03] warmStart 97% (2015/2073) regret=0.030206 ape=0.4977
[14:54:03] warmStart 97% (2016/2073) regret=0.030206 ape=0.4977
[14:54:04] warmStart 97% (2017/2073) regret=0.030206 ape=0.4977
[14:54:04] warmStart 97% (2018/2073) regret=0.030206 ape=0.4977
[14:54:04] warmStart 97% (2019/2073) regret=0.030206 ape=0.4977
[14:54:04] warmStart 97% (2020/2073) regret=0.030206 ape=0.4977
[14:54:04] warmStart 97% (2021/2073) regret=0.030206 ape=0.4977
[14:54:05] warmStart 97% (2022/2073) regret=0.030206 ape=0.4977
[14:54:05] warmStart 97% (2023/2073) regret=0.030206 ape=0.4977
[14:54:05] warmStart 97% (2024/2073) regret=0.030206 ape=0.4977
[14:54:05] warmStart 97% (2025/2073) regret=0.030206 ape=0.4977
[14:54:06] warmStart 97% (2026/2073) regret=0.030206 ape=0.4977
[14:54:06] warmStart 97% (2027/2073) regret=0.030206 ape=0.4977
[14:54:06] warmStart 97% (2028/2073) regret=0.030206 ape=0.4977
[14:54:06] warmStart 97% (2029/2073) regret=0.030206 ape=0.4977
[14:54:07] warmStart 97% (2030/2073) regret=0.030206 ape=0.4977
[14:54:07] warmStart 97% (2031/2073) regret=0.030206 ape=0.4977
[14:54:07] warmStart 98% (2032/2073) regret=0.030206 ape=0.4977
[14:54:07] warmStart 98% (2033/2073) regret=0.030206 ape=0.4977
[14:54:08] warmStart 98% (2034/2073) regret=0.030206 ape=0.4977
[14:54:08] warmStart 98% (2035/2073) regret=0.030206 ape=0.4977
[14:54:08] warmStart 98% (2036/2073) regret=0.030206 ape=0.4977
[14:54:08] warmStart 98% (2037/2073) regret=0.030206 ape=0.4977
[14:54:09] warmStart 98% (2038/2073) regret=0.030206 ape=0.4977
[14:54:09] warmStart 98% (2039/2073) regret=0.030206 ape=0.4977
[14:54:09] warmStart 98% (2040/2073) regret=0.030206 ape=0.4977
[14:54:09] warmStart 98% (2041/2073) regret=0.030206 ape=0.4977
[14:54:09] warmStart 98% (2042/2073) regret=0.030206 ape=0.4977
[14:54:10] warmStart 98% (2043/2073) regret=0.030206 ape=0.4977
[14:54:10] warmStart 98% (2044/2073) regret=0.030206 ape=0.4977
[14:54:10] warmStart 98% (2045/2073) regret=0.030206 ape=0.4977
[14:54:10] warmStart 98% (2046/2073) regret=0.030206 ape=0.4977
[14:54:10] warmStart 98% (2047/2073) regret=0.030206 ape=0.4977
[14:54:11] warmStart 98% (2048/2073) regret=0.030206 ape=0.4977
[14:54:11] warmStart 98% (2049/2073) regret=0.030206 ape=0.4977
[14:54:11] warmStart 98% (2050/2073) regret=0.030206 ape=0.4977
[14:54:11] warmStart 98% (2051/2073) regret=0.030206 ape=0.4977
[14:54:12] warmStart 98% (2052/2073) regret=0.030206 ape=0.4977
[14:54:12] warmStart 99% (2053/2073) regret=0.030206 ape=0.4977
[14:54:12] warmStart 99% (2054/2073) regret=0.030206 ape=0.4977
[14:54:12] warmStart 99% (2055/2073) regret=0.030206 ape=0.4977
[14:54:12] warmStart 99% (2056/2073) regret=0.030206 ape=0.4977
[14:54:13] warmStart 99% (2057/2073) regret=0.030206 ape=0.4977
[14:54:13] warmStart 99% (2058/2073) regret=0.030206 ape=0.4977
[14:54:13] warmStart 99% (2059/2073) regret=0.030206 ape=0.4977
[14:54:13] warmStart 99% (2060/2073) regret=0.030206 ape=0.4977
[14:54:14] warmStart 99% (2061/2073) regret=0.030206 ape=0.4977
[14:54:14] warmStart 99% (2062/2073) regret=0.030206 ape=0.4977
[14:54:14] warmStart 99% (2063/2073) regret=0.030206 ape=0.4977
[14:54:14] warmStart 99% (2064/2073) regret=0.030206 ape=0.4977
[14:54:14] warmStart 99% (2065/2073) regret=0.030206 ape=0.4977
[14:54:15] warmStart 99% (2066/2073) regret=0.030206 ape=0.4977
[14:54:15] warmStart 99% (2067/2073) regret=0.030206 ape=0.4977
[14:54:15] warmStart 99% (2068/2073) regret=0.030248 ape=0.4977
[14:54:15] warmStart 99% (2069/2073) regret=0.030254 ape=0.4977
[14:54:16] warmStart 99% (2070/2073) regret=0.030248 ape=0.4977
[14:54:16] warmStart 99% (2071/2073) regret=0.030248 ape=0.4977
Warm w=20 finished: 2072 points, 492.79s wall time
  Final: regret=0.030248, ape=0.4977

Saved JSON: /home/users/g/s/gsavary/LudiiMCTSVariations/slurm_sweep_full_dataset/results_20260425_144537/sweep_warm_20_3_20260425_145416.json

Generating plots...
Saved regret plot: /home/users/g/s/gsavary/LudiiMCTSVariations/slurm_sweep_full_dataset/results_20260425_144537/sweep_warm_20_3_20260425_145416_regret.png
Saved APE plot: /home/users/g/s/gsavary/LudiiMCTSVariations/slurm_sweep_full_dataset/results_20260425_144537/sweep_warm_20_3_20260425_145416_ape.png

======================================================================
EXPERIMENT COMPLETE
======================================================================
Results saved to: /home/users/g/s/gsavary/LudiiMCTSVariations/slurm_sweep_full_dataset/results_20260425_144537
JSON file: sweep_warm_20_3_20260425_145416.json
Experiment finished. Results saved to: /home/users/g/s/gsavary/LudiiMCTSVariations/slurm_sweep_full_dataset/results_20260425_144537
