Starting experiment...
Project root: /home/users/g/s/gsavary/LudiiMCTSVariations
Method: baseline
Output dir: /home/users/g/s/gsavary/LudiiMCTSVariations/slurm_sweep_full_dataset/results_20260425_143236
Seed: 2
Time limit:  seconds


======================================================================
SLURM Sweep Experiment - Single Method
======================================================================
Method: baseline
Time limit: 7200.0s, Seed: 2, Batch size: 20
Output directory: /home/users/g/s/gsavary/LudiiMCTSVariations/slurm_sweep_full_dataset/results_20260425_143236

Loading Ludii dataset...
Loaded 1085 games
Using 1085 games (full dataset, no subsampling)

Running timing probe (100 pulls)...
  Estimated secs/pull: 0.025981

Time budget: 7200.0s → ~277127 total pulls
Per-method budget: 39589 pulls (~1028.6s)

Computing predictor-only performance...
  Predictions load failed: 118

Running BASELINE (cold start)...
[14:33:03] regretChangePotential 0% (1/1980) regret=0.148105 ape=0.7161
[14:33:03] regretChangePotential 0% (2/1980) regret=0.147433 ape=0.7161
[14:33:03] regretChangePotential 0% (3/1980) regret=0.147309 ape=0.7161
[14:33:03] regretChangePotential 0% (4/1980) regret=0.147309 ape=0.7161
[14:33:04] regretChangePotential 0% (5/1980) regret=0.146047 ape=0.7152
[14:33:04] regretChangePotential 0% (6/1980) regret=0.146094 ape=0.7152
[14:33:04] regretChangePotential 0% (7/1980) regret=0.145657 ape=0.7161
[14:33:04] regretChangePotential 0% (8/1980) regret=0.144944 ape=0.7152
[14:33:05] regretChangePotential 0% (9/1980) regret=0.143609 ape=0.7143
[14:33:05] regretChangePotential 0% (10/1980) regret=0.143240 ape=0.7143
[14:33:05] regretChangePotential 0% (11/1980) regret=0.142933 ape=0.7124
[14:33:05] regretChangePotential 0% (12/1980) regret=0.142087 ape=0.7106
[14:33:05] regretChangePotential 0% (13/1980) regret=0.142102 ape=0.7106
[14:33:06] regretChangePotential 0% (14/1980) regret=0.142102 ape=0.7106
[14:33:06] regretChangePotential 0% (15/1980) regret=0.142102 ape=0.7106
[14:33:06] regretChangePotential 0% (16/1980) regret=0.141883 ape=0.7106
[14:33:06] regretChangePotential 0% (17/1980) regret=0.141284 ape=0.7097
[14:33:07] regretChangePotential 0% (18/1980) regret=0.140467 ape=0.7088
[14:33:07] regretChangePotential 0% (19/1980) regret=0.140444 ape=0.7097
[14:33:07] regretChangePotential 1% (20/1980) regret=0.139439 ape=0.7088
[14:33:07] regretChangePotential 1% (21/1980) regret=0.139075 ape=0.7078
[14:33:07] regretChangePotential 1% (22/1980) regret=0.138282 ape=0.7088
[14:33:08] regretChangePotential 1% (23/1980) regret=0.138282 ape=0.7088
[14:33:08] regretChangePotential 1% (24/1980) regret=0.138434 ape=0.7088
[14:33:08] regretChangePotential 1% (25/1980) regret=0.138428 ape=0.7088
[14:33:08] regretChangePotential 1% (26/1980) regret=0.137580 ape=0.7069
[14:33:08] regretChangePotential 1% (27/1980) regret=0.137106 ape=0.7060
[14:33:09] regretChangePotential 1% (28/1980) regret=0.137004 ape=0.7060
[14:33:09] regretChangePotential 1% (29/1980) regret=0.137004 ape=0.7060
[14:33:09] regretChangePotential 1% (30/1980) regret=0.135746 ape=0.7051
[14:33:09] regretChangePotential 1% (31/1980) regret=0.135134 ape=0.7041
[14:33:10] regretChangePotential 1% (32/1980) regret=0.135037 ape=0.7041
[14:33:10] regretChangePotential 1% (33/1980) regret=0.134751 ape=0.7041
[14:33:10] regretChangePotential 1% (34/1980) regret=0.134751 ape=0.7041
[14:33:10] regretChangePotential 1% (35/1980) regret=0.134750 ape=0.7041
[14:33:10] regretChangePotential 1% (36/1980) regret=0.132567 ape=0.7032
[14:33:11] regretChangePotential 1% (37/1980) regret=0.132116 ape=0.7023
[14:33:11] regretChangePotential 1% (38/1980) regret=0.132116 ape=0.7023
[14:33:11] regretChangePotential 1% (39/1980) regret=0.131157 ape=0.7014
[14:33:11] regretChangePotential 2% (40/1980) regret=0.131414 ape=0.7014
[14:33:12] regretChangePotential 2% (41/1980) regret=0.131414 ape=0.7014
[14:33:12] regretChangePotential 2% (42/1980) regret=0.131414 ape=0.7014
[14:33:12] regretChangePotential 2% (43/1980) regret=0.130750 ape=0.7005
[14:33:12] regretChangePotential 2% (44/1980) regret=0.130898 ape=0.7005
[14:33:12] regretChangePotential 2% (45/1980) regret=0.130898 ape=0.7005
[14:33:13] regretChangePotential 2% (46/1980) regret=0.129561 ape=0.6977
[14:33:13] regretChangePotential 2% (47/1980) regret=0.129561 ape=0.6977
[14:33:13] regretChangePotential 2% (48/1980) regret=0.128778 ape=0.6968
[14:33:13] regretChangePotential 2% (49/1980) regret=0.128075 ape=0.6968
[14:33:14] regretChangePotential 2% (50/1980) regret=0.127384 ape=0.6959
[14:33:14] regretChangePotential 2% (51/1980) regret=0.126360 ape=0.6940
[14:33:14] regretChangePotential 2% (52/1980) regret=0.126333 ape=0.6940
[14:33:14] regretChangePotential 2% (53/1980) regret=0.125824 ape=0.6922
[14:33:15] regretChangePotential 2% (54/1980) regret=0.125303 ape=0.6931
[14:33:15] regretChangePotential 2% (55/1980) regret=0.125285 ape=0.6912
[14:33:15] regretChangePotential 2% (56/1980) regret=0.125285 ape=0.6912
[14:33:15] regretChangePotential 2% (57/1980) regret=0.124686 ape=0.6912
[14:33:15] regretChangePotential 2% (58/1980) regret=0.124686 ape=0.6912
[14:33:16] regretChangePotential 2% (59/1980) regret=0.124271 ape=0.6894
[14:33:16] regretChangePotential 3% (60/1980) regret=0.123770 ape=0.6885
[14:33:16] regretChangePotential 3% (61/1980) regret=0.123038 ape=0.6885
[14:33:16] regretChangePotential 3% (62/1980) regret=0.122926 ape=0.6894
[14:33:16] regretChangePotential 3% (63/1980) regret=0.122320 ape=0.6894
[14:33:17] regretChangePotential 3% (64/1980) regret=0.122679 ape=0.6894
[14:33:17] regretChangePotential 3% (65/1980) regret=0.122582 ape=0.6894
[14:33:17] regretChangePotential 3% (66/1980) regret=0.122112 ape=0.6894
[14:33:17] regretChangePotential 3% (67/1980) regret=0.121748 ape=0.6885
[14:33:18] regretChangePotential 3% (68/1980) regret=0.120712 ape=0.6866
[14:33:18] regretChangePotential 3% (69/1980) regret=0.118783 ape=0.6857
[14:33:18] regretChangePotential 3% (70/1980) regret=0.119137 ape=0.6857
[14:33:18] regretChangePotential 3% (71/1980) regret=0.118109 ape=0.6857
[14:33:19] regretChangePotential 3% (72/1980) regret=0.116326 ape=0.6848
[14:33:19] regretChangePotential 3% (73/1980) regret=0.116326 ape=0.6848
[14:33:19] regretChangePotential 3% (74/1980) regret=0.116326 ape=0.6848
[14:33:19] regretChangePotential 3% (75/1980) regret=0.115727 ape=0.6848
[14:33:19] regretChangePotential 3% (76/1980) regret=0.115012 ape=0.6839
[14:33:20] regretChangePotential 3% (77/1980) regret=0.115020 ape=0.6839
[14:33:20] regretChangePotential 3% (78/1980) regret=0.114863 ape=0.6829
[14:33:20] regretChangePotential 3% (79/1980) regret=0.113532 ape=0.6811
[14:33:20] regretChangePotential 4% (80/1980) regret=0.113582 ape=0.6820
[14:33:20] regretChangePotential 4% (81/1980) regret=0.113762 ape=0.6829
[14:33:21] regretChangePotential 4% (82/1980) regret=0.113693 ape=0.6829
[14:33:21] regretChangePotential 4% (83/1980) regret=0.113118 ape=0.6820
[14:33:21] regretChangePotential 4% (84/1980) regret=0.111537 ape=0.6793
[14:33:21] regretChangePotential 4% (85/1980) regret=0.111002 ape=0.6793
[14:33:22] regretChangePotential 4% (86/1980) regret=0.111014 ape=0.6793
[14:33:22] regretChangePotential 4% (87/1980) regret=0.110839 ape=0.6783
[14:33:22] regretChangePotential 4% (88/1980) regret=0.110839 ape=0.6783
[14:33:22] regretChangePotential 4% (89/1980) regret=0.110839 ape=0.6783
[14:33:22] regretChangePotential 4% (90/1980) regret=0.110322 ape=0.6783
[14:33:23] regretChangePotential 4% (91/1980) regret=0.110303 ape=0.6783
[14:33:23] regretChangePotential 4% (92/1980) regret=0.109813 ape=0.6774
[14:33:23] regretChangePotential 4% (93/1980) regret=0.109449 ape=0.6774
[14:33:23] regretChangePotential 4% (94/1980) regret=0.109029 ape=0.6765
[14:33:24] regretChangePotential 4% (95/1980) regret=0.109189 ape=0.6765
[14:33:24] regretChangePotential 4% (96/1980) regret=0.109189 ape=0.6765
[14:33:24] regretChangePotential 4% (97/1980) regret=0.107834 ape=0.6747
[14:33:24] regretChangePotential 4% (98/1980) regret=0.107889 ape=0.6756
[14:33:24] regretChangePotential 5% (99/1980) regret=0.107935 ape=0.6756
[14:33:25] regretChangePotential 5% (100/1980) regret=0.106206 ape=0.6728
[14:33:25] regretChangePotential 5% (101/1980) regret=0.105422 ape=0.6728
[14:33:25] regretChangePotential 5% (102/1980) regret=0.105359 ape=0.6710
[14:33:25] regretChangePotential 5% (103/1980) regret=0.105611 ape=0.6710
[14:33:26] regretChangePotential 5% (104/1980) regret=0.104800 ape=0.6700
[14:33:26] regretChangePotential 5% (105/1980) regret=0.103682 ape=0.6700
[14:33:26] regretChangePotential 5% (106/1980) regret=0.103682 ape=0.6700
[14:33:26] regretChangePotential 5% (107/1980) regret=0.103037 ape=0.6691
[14:33:26] regretChangePotential 5% (108/1980) regret=0.101724 ape=0.6673
[14:33:27] regretChangePotential 5% (109/1980) regret=0.101790 ape=0.6673
[14:33:27] regretChangePotential 5% (110/1980) regret=0.101873 ape=0.6673
[14:33:27] regretChangePotential 5% (111/1980) regret=0.101734 ape=0.6673
[14:33:27] regretChangePotential 5% (112/1980) regret=0.101827 ape=0.6673
[14:33:27] regretChangePotential 5% (113/1980) regret=0.100859 ape=0.6664
[14:33:28] regretChangePotential 5% (114/1980) regret=0.100086 ape=0.6645
[14:33:28] regretChangePotential 5% (115/1980) regret=0.098602 ape=0.6627
[14:33:28] regretChangePotential 5% (116/1980) regret=0.097562 ape=0.6618
[14:33:28] regretChangePotential 5% (117/1980) regret=0.096811 ape=0.6608
[14:33:29] regretChangePotential 5% (118/1980) regret=0.096811 ape=0.6608
[14:33:29] regretChangePotential 6% (119/1980) regret=0.095995 ape=0.6599
[14:33:29] regretChangePotential 6% (120/1980) regret=0.094766 ape=0.6590
[14:33:29] regretChangePotential 6% (121/1980) regret=0.094370 ape=0.6581
[14:33:29] regretChangePotential 6% (122/1980) regret=0.094110 ape=0.6581
[14:33:30] regretChangePotential 6% (123/1980) regret=0.093869 ape=0.6571
[14:33:30] regretChangePotential 6% (124/1980) regret=0.092919 ape=0.6571
[14:33:30] regretChangePotential 6% (125/1980) regret=0.092422 ape=0.6562
[14:33:30] regretChangePotential 6% (126/1980) regret=0.092494 ape=0.6553
[14:33:31] regretChangePotential 6% (127/1980) regret=0.091463 ape=0.6525
[14:33:31] regretChangePotential 6% (128/1980) regret=0.091454 ape=0.6525
[14:33:31] regretChangePotential 6% (129/1980) regret=0.091306 ape=0.6516
[14:33:31] regretChangePotential 6% (130/1980) regret=0.091306 ape=0.6516
[14:33:32] regretChangePotential 6% (131/1980) regret=0.091421 ape=0.6525
[14:33:32] regretChangePotential 6% (132/1980) regret=0.090278 ape=0.6507
[14:33:32] regretChangePotential 6% (133/1980) regret=0.089795 ape=0.6507
[14:33:32] regretChangePotential 6% (134/1980) regret=0.089539 ape=0.6498
[14:33:32] regretChangePotential 6% (135/1980) regret=0.089459 ape=0.6488
[14:33:33] regretChangePotential 6% (136/1980) regret=0.089804 ape=0.6479
[14:33:33] regretChangePotential 6% (137/1980) regret=0.089150 ape=0.6470
[14:33:33] regretChangePotential 6% (138/1980) regret=0.088864 ape=0.6470
[14:33:33] regretChangePotential 7% (139/1980) regret=0.088485 ape=0.6470
[14:33:34] regretChangePotential 7% (140/1980) regret=0.088559 ape=0.6479
[14:33:34] regretChangePotential 7% (141/1980) regret=0.088409 ape=0.6498
[14:33:34] regretChangePotential 7% (142/1980) regret=0.088244 ape=0.6479
[14:33:34] regretChangePotential 7% (143/1980) regret=0.088290 ape=0.6488
[14:33:34] regretChangePotential 7% (144/1980) regret=0.087885 ape=0.6479
[14:33:35] regretChangePotential 7% (145/1980) regret=0.087221 ape=0.6452
[14:33:35] regretChangePotential 7% (146/1980) regret=0.086215 ape=0.6442
[14:33:35] regretChangePotential 7% (147/1980) regret=0.086471 ape=0.6442
[14:33:35] regretChangePotential 7% (148/1980) regret=0.085984 ape=0.6442
[14:33:36] regretChangePotential 7% (149/1980) regret=0.085984 ape=0.6442
[14:33:36] regretChangePotential 7% (150/1980) regret=0.086001 ape=0.6442
[14:33:36] regretChangePotential 7% (151/1980) regret=0.085918 ape=0.6442
[14:33:36] regretChangePotential 7% (152/1980) regret=0.085959 ape=0.6442
[14:33:36] regretChangePotential 7% (153/1980) regret=0.085563 ape=0.6433
[14:33:37] regretChangePotential 7% (154/1980) regret=0.085566 ape=0.6415
[14:33:37] regretChangePotential 7% (155/1980) regret=0.085612 ape=0.6415
[14:33:37] regretChangePotential 7% (156/1980) regret=0.085589 ape=0.6406
[14:33:37] regretChangePotential 7% (157/1980) regret=0.083617 ape=0.6396
[14:33:38] regretChangePotential 7% (158/1980) regret=0.083617 ape=0.6396
[14:33:38] regretChangePotential 8% (159/1980) regret=0.083220 ape=0.6387
[14:33:38] regretChangePotential 8% (160/1980) regret=0.082961 ape=0.6387
[14:33:38] regretChangePotential 8% (161/1980) regret=0.082734 ape=0.6396
[14:33:38] regretChangePotential 8% (162/1980) regret=0.081138 ape=0.6387
[14:33:39] regretChangePotential 8% (163/1980) regret=0.080612 ape=0.6378
[14:33:39] regretChangePotential 8% (164/1980) regret=0.080756 ape=0.6378
[14:33:39] regretChangePotential 8% (165/1980) regret=0.079844 ape=0.6369
[14:33:39] regretChangePotential 8% (166/1980) regret=0.079855 ape=0.6359
[14:33:40] regretChangePotential 8% (167/1980) regret=0.079534 ape=0.6359
[14:33:40] regretChangePotential 8% (168/1980) regret=0.079663 ape=0.6359
[14:33:40] regretChangePotential 8% (169/1980) regret=0.079501 ape=0.6359
[14:33:40] regretChangePotential 8% (170/1980) regret=0.079566 ape=0.6359
[14:33:41] regretChangePotential 8% (171/1980) regret=0.079494 ape=0.6359
[14:33:41] regretChangePotential 8% (172/1980) regret=0.079183 ape=0.6359
[14:33:41] regretChangePotential 8% (173/1980) regret=0.078855 ape=0.6341
[14:33:41] regretChangePotential 8% (174/1980) regret=0.078518 ape=0.6341
[14:33:41] regretChangePotential 8% (175/1980) regret=0.078125 ape=0.6332
[14:33:42] regretChangePotential 8% (176/1980) regret=0.078116 ape=0.6323
[14:33:42] regretChangePotential 8% (177/1980) regret=0.078000 ape=0.6313
[14:33:42] regretChangePotential 8% (178/1980) regret=0.078165 ape=0.6313
[14:33:42] regretChangePotential 9% (179/1980) regret=0.077867 ape=0.6313
[14:33:43] regretChangePotential 9% (180/1980) regret=0.077755 ape=0.6304
[14:33:43] regretChangePotential 9% (181/1980) regret=0.077594 ape=0.6286
[14:33:43] regretChangePotential 9% (182/1980) regret=0.077175 ape=0.6276
[14:33:43] regretChangePotential 9% (183/1980) regret=0.077059 ape=0.6276
[14:33:43] regretChangePotential 9% (184/1980) regret=0.076913 ape=0.6267
[14:33:44] regretChangePotential 9% (185/1980) regret=0.076586 ape=0.6267
[14:33:44] regretChangePotential 9% (186/1980) regret=0.076577 ape=0.6267
[14:33:44] regretChangePotential 9% (187/1980) regret=0.076176 ape=0.6258
[14:33:44] regretChangePotential 9% (188/1980) regret=0.076176 ape=0.6258
[14:33:45] regretChangePotential 9% (189/1980) regret=0.076176 ape=0.6258
[14:33:45] regretChangePotential 9% (190/1980) regret=0.076176 ape=0.6258
[14:33:45] regretChangePotential 9% (191/1980) regret=0.076176 ape=0.6258
[14:33:45] regretChangePotential 9% (192/1980) regret=0.076176 ape=0.6258
[14:33:45] regretChangePotential 9% (193/1980) regret=0.076176 ape=0.6258
[14:33:46] regretChangePotential 9% (194/1980) regret=0.076141 ape=0.6249
[14:33:46] regretChangePotential 9% (195/1980) regret=0.076141 ape=0.6249
[14:33:46] regretChangePotential 9% (196/1980) regret=0.076141 ape=0.6249
[14:33:46] regretChangePotential 9% (197/1980) regret=0.076141 ape=0.6249
[14:33:46] regretChangePotential 10% (198/1980) regret=0.076141 ape=0.6249
[14:33:47] regretChangePotential 10% (199/1980) regret=0.076141 ape=0.6249
[14:33:47] regretChangePotential 10% (200/1980) regret=0.075966 ape=0.6240
[14:33:47] regretChangePotential 10% (201/1980) regret=0.075952 ape=0.6240
[14:33:47] regretChangePotential 10% (202/1980) regret=0.075952 ape=0.6240
[14:33:48] regretChangePotential 10% (203/1980) regret=0.075952 ape=0.6240
[14:33:48] regretChangePotential 10% (204/1980) regret=0.075952 ape=0.6240
[14:33:48] regretChangePotential 10% (205/1980) regret=0.075952 ape=0.6240
[14:33:48] regretChangePotential 10% (206/1980) regret=0.075952 ape=0.6240
[14:33:48] regretChangePotential 10% (207/1980) regret=0.075952 ape=0.6240
[14:33:49] regretChangePotential 10% (208/1980) regret=0.075915 ape=0.6230
[14:33:49] regretChangePotential 10% (209/1980) regret=0.075915 ape=0.6230
[14:33:49] regretChangePotential 10% (210/1980) regret=0.075915 ape=0.6230
[14:33:49] regretChangePotential 10% (211/1980) regret=0.075915 ape=0.6230
[14:33:50] regretChangePotential 10% (212/1980) regret=0.075915 ape=0.6230
[14:33:50] regretChangePotential 10% (213/1980) regret=0.075915 ape=0.6230
[14:33:50] regretChangePotential 10% (214/1980) regret=0.075915 ape=0.6230
[14:33:50] regretChangePotential 10% (215/1980) regret=0.075261 ape=0.6221
[14:33:50] regretChangePotential 10% (216/1980) regret=0.075261 ape=0.6221
[14:33:51] regretChangePotential 10% (217/1980) regret=0.075261 ape=0.6221
[14:33:51] regretChangePotential 11% (218/1980) regret=0.075261 ape=0.6221
[14:33:51] regretChangePotential 11% (219/1980) regret=0.075274 ape=0.6221
[14:33:51] regretChangePotential 11% (220/1980) regret=0.075274 ape=0.6221
[14:33:52] regretChangePotential 11% (221/1980) regret=0.075274 ape=0.6221
[14:33:52] regretChangePotential 11% (222/1980) regret=0.075274 ape=0.6221
[14:33:52] regretChangePotential 11% (223/1980) regret=0.075118 ape=0.6212
[14:33:52] regretChangePotential 11% (224/1980) regret=0.074777 ape=0.6203
[14:33:53] regretChangePotential 11% (225/1980) regret=0.074080 ape=0.6194
[14:33:53] regretChangePotential 11% (226/1980) regret=0.074077 ape=0.6194
[14:33:53] regretChangePotential 11% (227/1980) regret=0.074077 ape=0.6194
[14:33:53] regretChangePotential 11% (228/1980) regret=0.074077 ape=0.6194
[14:33:53] regretChangePotential 11% (229/1980) regret=0.074077 ape=0.6194
[14:33:54] regretChangePotential 11% (230/1980) regret=0.074077 ape=0.6194
[14:33:54] regretChangePotential 11% (231/1980) regret=0.074077 ape=0.6194
[14:33:54] regretChangePotential 11% (232/1980) regret=0.074077 ape=0.6194
[14:33:54] regretChangePotential 11% (233/1980) regret=0.074077 ape=0.6194
[14:33:55] regretChangePotential 11% (234/1980) regret=0.074007 ape=0.6184
[14:33:55] regretChangePotential 11% (235/1980) regret=0.074007 ape=0.6184
[14:33:55] regretChangePotential 11% (236/1980) regret=0.074007 ape=0.6184
[14:33:55] regretChangePotential 11% (237/1980) regret=0.074007 ape=0.6184
[14:33:55] regretChangePotential 12% (238/1980) regret=0.073869 ape=0.6166
[14:33:56] regretChangePotential 12% (239/1980) regret=0.073869 ape=0.6166
[14:33:56] regretChangePotential 12% (240/1980) regret=0.073869 ape=0.6166
[14:33:56] regretChangePotential 12% (241/1980) regret=0.073842 ape=0.6166
[14:33:56] regretChangePotential 12% (242/1980) regret=0.073842 ape=0.6166
[14:33:56] regretChangePotential 12% (243/1980) regret=0.073805 ape=0.6157
[14:33:57] regretChangePotential 12% (244/1980) regret=0.073805 ape=0.6157
[14:33:57] regretChangePotential 12% (245/1980) regret=0.073805 ape=0.6157
[14:33:57] regretChangePotential 12% (246/1980) regret=0.073805 ape=0.6157
[14:33:57] regretChangePotential 12% (247/1980) regret=0.073805 ape=0.6157
[14:33:58] regretChangePotential 12% (248/1980) regret=0.073805 ape=0.6157
[14:33:58] regretChangePotential 12% (249/1980) regret=0.073805 ape=0.6157
[14:33:58] regretChangePotential 12% (250/1980) regret=0.073805 ape=0.6157
[14:33:58] regretChangePotential 12% (251/1980) regret=0.073731 ape=0.6157
[14:33:59] regretChangePotential 12% (252/1980) regret=0.073731 ape=0.6157
[14:33:59] regretChangePotential 12% (253/1980) regret=0.073731 ape=0.6157
[14:33:59] regretChangePotential 12% (254/1980) regret=0.073731 ape=0.6157
[14:33:59] regretChangePotential 12% (255/1980) regret=0.073731 ape=0.6157
[14:33:59] regretChangePotential 12% (256/1980) regret=0.073731 ape=0.6157
[14:34:00] regretChangePotential 12% (257/1980) regret=0.073763 ape=0.6157
[14:34:00] regretChangePotential 13% (258/1980) regret=0.073640 ape=0.6157
[14:34:00] regretChangePotential 13% (259/1980) regret=0.073640 ape=0.6157
[14:34:00] regretChangePotential 13% (260/1980) regret=0.073695 ape=0.6157
[14:34:01] regretChangePotential 13% (261/1980) regret=0.073695 ape=0.6157
[14:34:01] regretChangePotential 13% (262/1980) regret=0.073713 ape=0.6157
[14:34:01] regretChangePotential 13% (263/1980) regret=0.073435 ape=0.6157
[14:34:01] regretChangePotential 13% (264/1980) regret=0.073390 ape=0.6147
[14:34:01] regretChangePotential 13% (265/1980) regret=0.073285 ape=0.6147
[14:34:02] regretChangePotential 13% (266/1980) regret=0.072769 ape=0.6147
[14:34:02] regretChangePotential 13% (267/1980) regret=0.072548 ape=0.6147
[14:34:02] regretChangePotential 13% (268/1980) regret=0.072055 ape=0.6138
[14:34:02] regretChangePotential 13% (269/1980) regret=0.072055 ape=0.6138
[14:34:03] regretChangePotential 13% (270/1980) regret=0.072003 ape=0.6138
[14:34:03] regretChangePotential 13% (271/1980) regret=0.071857 ape=0.6138
[14:34:03] regretChangePotential 13% (272/1980) regret=0.071243 ape=0.6120
[14:34:03] regretChangePotential 13% (273/1980) regret=0.071187 ape=0.6120
[14:34:03] regretChangePotential 13% (274/1980) regret=0.071058 ape=0.6120
[14:34:04] regretChangePotential 13% (275/1980) regret=0.070432 ape=0.6120
[14:34:04] regretChangePotential 13% (276/1980) regret=0.070128 ape=0.6111
[14:34:04] regretChangePotential 13% (277/1980) regret=0.070075 ape=0.6101
[14:34:04] regretChangePotential 14% (278/1980) regret=0.069919 ape=0.6101
[14:34:05] regretChangePotential 14% (279/1980) regret=0.070389 ape=0.6111
[14:34:05] regretChangePotential 14% (280/1980) regret=0.070115 ape=0.6101
[14:34:05] regretChangePotential 14% (281/1980) regret=0.070115 ape=0.6101
[14:34:05] regretChangePotential 14% (282/1980) regret=0.070115 ape=0.6101
[14:34:05] regretChangePotential 14% (283/1980) regret=0.070244 ape=0.6101
[14:34:06] regretChangePotential 14% (284/1980) regret=0.069758 ape=0.6092
[14:34:06] regretChangePotential 14% (285/1980) regret=0.069818 ape=0.6092
[14:34:06] regretChangePotential 14% (286/1980) regret=0.069615 ape=0.6092
[14:34:06] regretChangePotential 14% (287/1980) regret=0.069615 ape=0.6092
[14:34:07] regretChangePotential 14% (288/1980) regret=0.069675 ape=0.6092
[14:34:07] regretChangePotential 14% (289/1980) regret=0.069758 ape=0.6083
[14:34:07] regretChangePotential 14% (290/1980) regret=0.069755 ape=0.6083
[14:34:07] regretChangePotential 14% (291/1980) regret=0.069872 ape=0.6074
[14:34:07] regretChangePotential 14% (292/1980) regret=0.068927 ape=0.6074
[14:34:08] regretChangePotential 14% (293/1980) regret=0.068927 ape=0.6074
[14:34:08] regretChangePotential 14% (294/1980) regret=0.068522 ape=0.6065
[14:34:08] regretChangePotential 14% (295/1980) regret=0.068614 ape=0.6065
[14:34:08] regretChangePotential 14% (296/1980) regret=0.068062 ape=0.6046
[14:34:08] regretChangePotential 15% (297/1980) regret=0.068062 ape=0.6046
[14:34:09] regretChangePotential 15% (298/1980) regret=0.068035 ape=0.6046
[14:34:09] regretChangePotential 15% (299/1980) regret=0.067338 ape=0.6028
[14:34:09] regretChangePotential 15% (300/1980) regret=0.067693 ape=0.6037
[14:34:09] regretChangePotential 15% (301/1980) regret=0.067737 ape=0.6037
[14:34:09] regretChangePotential 15% (302/1980) regret=0.067720 ape=0.6037
[14:34:10] regretChangePotential 15% (303/1980) regret=0.067470 ape=0.6037
[14:34:10] regretChangePotential 15% (304/1980) regret=0.067686 ape=0.6037
[14:34:10] regretChangePotential 15% (305/1980) regret=0.067588 ape=0.6046
[14:34:10] regretChangePotential 15% (306/1980) regret=0.067164 ape=0.6037
[14:34:10] regretChangePotential 15% (307/1980) regret=0.067405 ape=0.6037
[14:34:10] regretChangePotential 15% (308/1980) regret=0.067444 ape=0.6028
[14:34:11] regretChangePotential 15% (309/1980) regret=0.067400 ape=0.6028
[14:34:11] regretChangePotential 15% (310/1980) regret=0.067391 ape=0.6028
[14:34:11] regretChangePotential 15% (311/1980) regret=0.067443 ape=0.6028
[14:34:11] regretChangePotential 15% (312/1980) regret=0.067598 ape=0.6028
[14:34:11] regretChangePotential 15% (313/1980) regret=0.067161 ape=0.6028
[14:34:11] regretChangePotential 15% (314/1980) regret=0.067022 ape=0.6018
[14:34:12] regretChangePotential 15% (315/1980) regret=0.067041 ape=0.6018
[14:34:12] regretChangePotential 15% (316/1980) regret=0.066967 ape=0.6018
[14:34:12] regretChangePotential 16% (317/1980) regret=0.066515 ape=0.6009
[14:34:12] regretChangePotential 16% (318/1980) regret=0.065790 ape=0.6000
[14:34:12] regretChangePotential 16% (319/1980) regret=0.065500 ape=0.5991
[14:34:12] regretChangePotential 16% (320/1980) regret=0.065500 ape=0.5991
[14:34:12] regretChangePotential 16% (321/1980) regret=0.065371 ape=0.5982
[14:34:12] regretChangePotential 16% (322/1980) regret=0.065251 ape=0.5982
[14:34:13] regretChangePotential 16% (323/1980) regret=0.064942 ape=0.5982
[14:34:13] regretChangePotential 16% (324/1980) regret=0.064204 ape=0.5972
[14:34:13] regretChangePotential 16% (325/1980) regret=0.063970 ape=0.5972
[14:34:13] regretChangePotential 16% (326/1980) regret=0.064205 ape=0.5982
[14:34:13] regretChangePotential 16% (327/1980) regret=0.064012 ape=0.5972
[14:34:13] regretChangePotential 16% (328/1980) regret=0.064060 ape=0.5982
[14:34:13] regretChangePotential 16% (329/1980) regret=0.064060 ape=0.5982
[14:34:14] regretChangePotential 16% (330/1980) regret=0.064060 ape=0.5982
[14:34:14] regretChangePotential 16% (331/1980) regret=0.063815 ape=0.5972
[14:34:14] regretChangePotential 16% (332/1980) regret=0.063723 ape=0.5982
[14:34:14] regretChangePotential 16% (333/1980) regret=0.063719 ape=0.5982
[14:34:14] regretChangePotential 16% (334/1980) regret=0.063797 ape=0.6000
[14:34:14] regretChangePotential 16% (335/1980) regret=0.063232 ape=0.5991
[14:34:14] regretChangePotential 16% (336/1980) regret=0.063198 ape=0.5991
[14:34:15] regretChangePotential 17% (337/1980) regret=0.063244 ape=0.5991
[14:34:15] regretChangePotential 17% (338/1980) regret=0.063198 ape=0.5991
[14:34:15] regretChangePotential 17% (339/1980) regret=0.063410 ape=0.5991
[14:34:15] regretChangePotential 17% (340/1980) regret=0.063410 ape=0.5991
[14:34:15] regretChangePotential 17% (341/1980) regret=0.063436 ape=0.6000
[14:34:15] regretChangePotential 17% (342/1980) regret=0.063372 ape=0.6000
[14:34:15] regretChangePotential 17% (343/1980) regret=0.063397 ape=0.6009
[14:34:16] regretChangePotential 17% (344/1980) regret=0.063397 ape=0.6009
[14:34:16] regretChangePotential 17% (345/1980) regret=0.063389 ape=0.6009
[14:34:16] regretChangePotential 17% (346/1980) regret=0.063389 ape=0.6009
[14:34:16] regretChangePotential 17% (347/1980) regret=0.063278 ape=0.6009
[14:34:16] regretChangePotential 17% (348/1980) regret=0.063407 ape=0.6009
[14:34:16] regretChangePotential 17% (349/1980) regret=0.063988 ape=0.6009
[14:34:16] regretChangePotential 17% (350/1980) regret=0.063361 ape=0.6009
[14:34:17] regretChangePotential 17% (351/1980) regret=0.063357 ape=0.6009
[14:34:17] regretChangePotential 17% (352/1980) regret=0.063043 ape=0.6009
[14:34:17] regretChangePotential 17% (353/1980) regret=0.063043 ape=0.6009
[14:34:17] regretChangePotential 17% (354/1980) regret=0.063043 ape=0.6009
[14:34:17] regretChangePotential 17% (355/1980) regret=0.062629 ape=0.6000
[14:34:17] regretChangePotential 17% (356/1980) regret=0.062629 ape=0.6000
[14:34:17] regretChangePotential 18% (357/1980) regret=0.062629 ape=0.6000
[14:34:18] regretChangePotential 18% (358/1980) regret=0.062629 ape=0.6000
[14:34:18] regretChangePotential 18% (359/1980) regret=0.062629 ape=0.6000
[14:34:18] regretChangePotential 18% (360/1980) regret=0.062629 ape=0.6000
[14:34:18] regretChangePotential 18% (361/1980) regret=0.062652 ape=0.6000
[14:34:18] regretChangePotential 18% (362/1980) regret=0.062348 ape=0.5991
[14:34:18] regretChangePotential 18% (363/1980) regret=0.061797 ape=0.5982
[14:34:18] regretChangePotential 18% (364/1980) regret=0.061797 ape=0.5982
[14:34:19] regretChangePotential 18% (365/1980) regret=0.061797 ape=0.5982
[14:34:19] regretChangePotential 18% (366/1980) regret=0.061843 ape=0.5982
[14:34:19] regretChangePotential 18% (367/1980) regret=0.061843 ape=0.5982
[14:34:19] regretChangePotential 18% (368/1980) regret=0.061831 ape=0.5982
[14:34:19] regretChangePotential 18% (369/1980) regret=0.061676 ape=0.5982
[14:34:19] regretChangePotential 18% (370/1980) regret=0.061818 ape=0.5982
[14:34:19] regretChangePotential 18% (371/1980) regret=0.061565 ape=0.5982
[14:34:19] regretChangePotential 18% (372/1980) regret=0.061528 ape=0.5982
[14:34:20] regretChangePotential 18% (373/1980) regret=0.061556 ape=0.5982
[14:34:20] regretChangePotential 18% (374/1980) regret=0.061556 ape=0.5982
[14:34:20] regretChangePotential 18% (375/1980) regret=0.061556 ape=0.5982
[14:34:20] regretChangePotential 18% (376/1980) regret=0.061574 ape=0.5982
[14:34:20] regretChangePotential 19% (377/1980) regret=0.061560 ape=0.5982
[14:34:20] regretChangePotential 19% (378/1980) regret=0.061560 ape=0.5982
[14:34:20] regretChangePotential 19% (379/1980) regret=0.061560 ape=0.5982
[14:34:21] regretChangePotential 19% (380/1980) regret=0.061805 ape=0.5982
[14:34:21] regretChangePotential 19% (381/1980) regret=0.060998 ape=0.5972
[14:34:21] regretChangePotential 19% (382/1980) regret=0.060851 ape=0.5963
[14:34:21] regretChangePotential 19% (383/1980) regret=0.060605 ape=0.5954
[14:34:21] regretChangePotential 19% (384/1980) regret=0.060605 ape=0.5954
[14:34:21] regretChangePotential 19% (385/1980) regret=0.060494 ape=0.5945
[14:34:21] regretChangePotential 19% (386/1980) regret=0.060147 ape=0.5926
[14:34:22] regretChangePotential 19% (387/1980) regret=0.060123 ape=0.5926
[14:34:22] regretChangePotential 19% (388/1980) regret=0.060123 ape=0.5926
[14:34:22] regretChangePotential 19% (389/1980) regret=0.060095 ape=0.5926
[14:34:22] regretChangePotential 19% (390/1980) regret=0.059828 ape=0.5917
[14:34:22] regretChangePotential 19% (391/1980) regret=0.059920 ape=0.5917
[14:34:22] regretChangePotential 19% (392/1980) regret=0.059431 ape=0.5917
[14:34:22] regretChangePotential 19% (393/1980) regret=0.059721 ape=0.5917
[14:34:23] regretChangePotential 19% (394/1980) regret=0.059643 ape=0.5917
[14:34:23] regretChangePotential 19% (395/1980) regret=0.059504 ape=0.5917
[14:34:23] regretChangePotential 20% (396/1980) regret=0.059504 ape=0.5917
[14:34:23] regretChangePotential 20% (397/1980) regret=0.059030 ape=0.5917
[14:34:23] regretChangePotential 20% (398/1980) regret=0.059085 ape=0.5917
[14:34:23] regretChangePotential 20% (399/1980) regret=0.059085 ape=0.5917
[14:34:23] regretChangePotential 20% (400/1980) regret=0.059085 ape=0.5917
[14:34:24] regretChangePotential 20% (401/1980) regret=0.058987 ape=0.5917
[14:34:24] regretChangePotential 20% (402/1980) regret=0.058987 ape=0.5917
[14:34:24] regretChangePotential 20% (403/1980) regret=0.058987 ape=0.5917
[14:34:24] regretChangePotential 20% (404/1980) regret=0.058555 ape=0.5917
[14:34:24] regretChangePotential 20% (405/1980) regret=0.058457 ape=0.5917
[14:34:24] regretChangePotential 20% (406/1980) regret=0.058457 ape=0.5917
[14:34:24] regretChangePotential 20% (407/1980) regret=0.058411 ape=0.5917
[14:34:25] regretChangePotential 20% (408/1980) regret=0.058457 ape=0.5917
[14:34:25] regretChangePotential 20% (409/1980) regret=0.058696 ape=0.5926
[14:34:25] regretChangePotential 20% (410/1980) regret=0.058106 ape=0.5908
[14:34:25] regretChangePotential 20% (411/1980) regret=0.058117 ape=0.5908
[14:34:25] regretChangePotential 20% (412/1980) regret=0.058055 ape=0.5908
[14:34:25] regretChangePotential 20% (413/1980) regret=0.057901 ape=0.5908
[14:34:25] regretChangePotential 20% (414/1980) regret=0.057901 ape=0.5908
[14:34:26] regretChangePotential 20% (415/1980) regret=0.057901 ape=0.5908
[14:34:26] regretChangePotential 21% (416/1980) regret=0.057873 ape=0.5908
[14:34:26] regretChangePotential 21% (417/1980) regret=0.057578 ape=0.5908
[14:34:26] regretChangePotential 21% (418/1980) regret=0.057615 ape=0.5908
[14:34:26] regretChangePotential 21% (419/1980) regret=0.057454 ape=0.5917
[14:34:26] regretChangePotential 21% (420/1980) regret=0.057454 ape=0.5917
[14:34:26] regretChangePotential 21% (421/1980) regret=0.057702 ape=0.5926
[14:34:27] regretChangePotential 21% (422/1980) regret=0.057066 ape=0.5908
[14:34:27] regretChangePotential 21% (423/1980) regret=0.056477 ape=0.5899
[14:34:27] regretChangePotential 21% (424/1980) regret=0.056274 ape=0.5899
[14:34:27] regretChangePotential 21% (425/1980) regret=0.056412 ape=0.5889
[14:34:27] regretChangePotential 21% (426/1980) regret=0.056483 ape=0.5889
[14:34:27] regretChangePotential 21% (427/1980) regret=0.056339 ape=0.5889
[14:34:27] regretChangePotential 21% (428/1980) regret=0.056511 ape=0.5880
[14:34:28] regretChangePotential 21% (429/1980) regret=0.056574 ape=0.5871
[14:34:28] regretChangePotential 21% (430/1980) regret=0.056798 ape=0.5880
[14:34:28] regretChangePotential 21% (431/1980) regret=0.056798 ape=0.5880
[14:34:28] regretChangePotential 21% (432/1980) regret=0.056872 ape=0.5880
[14:34:28] regretChangePotential 21% (433/1980) regret=0.056949 ape=0.5889
[14:34:28] regretChangePotential 21% (434/1980) regret=0.057250 ape=0.5889
[14:34:28] regretChangePotential 21% (435/1980) regret=0.057237 ape=0.5889
[14:34:29] regretChangePotential 22% (436/1980) regret=0.056734 ape=0.5889
[14:34:29] regretChangePotential 22% (437/1980) regret=0.056705 ape=0.5899
[14:34:29] regretChangePotential 22% (438/1980) regret=0.057430 ape=0.5899
[14:34:29] regretChangePotential 22% (439/1980) regret=0.057329 ape=0.5899
[14:34:29] regretChangePotential 22% (440/1980) regret=0.057328 ape=0.5899
[14:34:29] regretChangePotential 22% (441/1980) regret=0.056646 ape=0.5889
[14:34:29] regretChangePotential 22% (442/1980) regret=0.056646 ape=0.5889
[14:34:29] regretChangePotential 22% (443/1980) regret=0.056646 ape=0.5899
[14:34:30] regretChangePotential 22% (444/1980) regret=0.056600 ape=0.5889
[14:34:30] regretChangePotential 22% (445/1980) regret=0.056575 ape=0.5889
[14:34:30] regretChangePotential 22% (446/1980) regret=0.056575 ape=0.5889
[14:34:30] regretChangePotential 22% (447/1980) regret=0.056575 ape=0.5889
[14:34:30] regretChangePotential 22% (448/1980) regret=0.056957 ape=0.5899
[14:34:30] regretChangePotential 22% (449/1980) regret=0.056650 ape=0.5899
[14:34:30] regretChangePotential 22% (450/1980) regret=0.056278 ape=0.5899
[14:34:31] regretChangePotential 22% (451/1980) regret=0.056294 ape=0.5899
[14:34:31] regretChangePotential 22% (452/1980) regret=0.055885 ape=0.5899
[14:34:31] regretChangePotential 22% (453/1980) regret=0.055885 ape=0.5899
[14:34:31] regretChangePotential 22% (454/1980) regret=0.055835 ape=0.5899
[14:34:31] regretChangePotential 22% (455/1980) regret=0.055485 ape=0.5880
[14:34:31] regretChangePotential 23% (456/1980) regret=0.055480 ape=0.5880
[14:34:31] regretChangePotential 23% (457/1980) regret=0.055485 ape=0.5880
[14:34:32] regretChangePotential 23% (458/1980) regret=0.055480 ape=0.5880
[14:34:32] regretChangePotential 23% (459/1980) regret=0.055480 ape=0.5880
[14:34:32] regretChangePotential 23% (460/1980) regret=0.055471 ape=0.5880
[14:34:32] regretChangePotential 23% (461/1980) regret=0.055458 ape=0.5889
[14:34:32] regretChangePotential 23% (462/1980) regret=0.055458 ape=0.5889
[14:34:32] regretChangePotential 23% (463/1980) regret=0.055458 ape=0.5889
[14:34:32] regretChangePotential 23% (464/1980) regret=0.055458 ape=0.5889
[14:34:33] regretChangePotential 23% (465/1980) regret=0.055458 ape=0.5889
[14:34:33] regretChangePotential 23% (466/1980) regret=0.055458 ape=0.5889
[14:34:33] regretChangePotential 23% (467/1980) regret=0.055407 ape=0.5889
[14:34:33] regretChangePotential 23% (468/1980) regret=0.055421 ape=0.5889
[14:34:33] regretChangePotential 23% (469/1980) regret=0.055421 ape=0.5889
[14:34:33] regretChangePotential 23% (470/1980) regret=0.055421 ape=0.5889
[14:34:33] regretChangePotential 23% (471/1980) regret=0.055421 ape=0.5889
[14:34:34] regretChangePotential 23% (472/1980) regret=0.055421 ape=0.5889
[14:34:34] regretChangePotential 23% (473/1980) regret=0.055421 ape=0.5889
[14:34:34] regretChangePotential 23% (474/1980) regret=0.055421 ape=0.5889
[14:34:34] regretChangePotential 23% (475/1980) regret=0.055421 ape=0.5889
[14:34:34] regretChangePotential 24% (476/1980) regret=0.055421 ape=0.5889
[14:34:34] regretChangePotential 24% (477/1980) regret=0.055421 ape=0.5889
[14:34:34] regretChangePotential 24% (478/1980) regret=0.055197 ape=0.5880
[14:34:35] regretChangePotential 24% (479/1980) regret=0.054750 ape=0.5880
[14:34:35] regretChangePotential 24% (480/1980) regret=0.054750 ape=0.5880
[14:34:35] regretChangePotential 24% (481/1980) regret=0.054750 ape=0.5880
[14:34:35] regretChangePotential 24% (482/1980) regret=0.054750 ape=0.5880
[14:34:35] regretChangePotential 24% (483/1980) regret=0.054750 ape=0.5880
[14:34:35] regretChangePotential 24% (484/1980) regret=0.054750 ape=0.5880
[14:34:35] regretChangePotential 24% (485/1980) regret=0.054750 ape=0.5880
[14:34:35] regretChangePotential 24% (486/1980) regret=0.054698 ape=0.5871
[14:34:36] regretChangePotential 24% (487/1980) regret=0.054698 ape=0.5871
[14:34:36] regretChangePotential 24% (488/1980) regret=0.054698 ape=0.5871
[14:34:36] regretChangePotential 24% (489/1980) regret=0.054698 ape=0.5871
[14:34:36] regretChangePotential 24% (490/1980) regret=0.054698 ape=0.5871
[14:34:36] regretChangePotential 24% (491/1980) regret=0.054698 ape=0.5871
[14:34:36] regretChangePotential 24% (492/1980) regret=0.054698 ape=0.5871
[14:34:36] regretChangePotential 24% (493/1980) regret=0.054698 ape=0.5871
[14:34:37] regretChangePotential 24% (494/1980) regret=0.054698 ape=0.5871
[14:34:37] regretChangePotential 25% (495/1980) regret=0.054698 ape=0.5871
[14:34:37] regretChangePotential 25% (496/1980) regret=0.054698 ape=0.5871
[14:34:37] regretChangePotential 25% (497/1980) regret=0.054698 ape=0.5871
[14:34:37] regretChangePotential 25% (498/1980) regret=0.054698 ape=0.5871
[14:34:37] regretChangePotential 25% (499/1980) regret=0.054698 ape=0.5871
[14:34:37] regretChangePotential 25% (500/1980) regret=0.054698 ape=0.5871
[14:34:38] regretChangePotential 25% (501/1980) regret=0.054698 ape=0.5871
[14:34:38] regretChangePotential 25% (502/1980) regret=0.054633 ape=0.5862
[14:34:38] regretChangePotential 25% (503/1980) regret=0.054633 ape=0.5862
[14:34:38] regretChangePotential 25% (504/1980) regret=0.054633 ape=0.5862
[14:34:38] regretChangePotential 25% (505/1980) regret=0.054633 ape=0.5862
[14:34:38] regretChangePotential 25% (506/1980) regret=0.054633 ape=0.5862
[14:34:38] regretChangePotential 25% (507/1980) regret=0.054633 ape=0.5862
[14:34:38] regretChangePotential 25% (508/1980) regret=0.054633 ape=0.5862
[14:34:39] regretChangePotential 25% (509/1980) regret=0.054633 ape=0.5862
[14:34:39] regretChangePotential 25% (510/1980) regret=0.054633 ape=0.5862
[14:34:39] regretChangePotential 25% (511/1980) regret=0.054633 ape=0.5862
[14:34:39] regretChangePotential 25% (512/1980) regret=0.054633 ape=0.5862
[14:34:39] regretChangePotential 25% (513/1980) regret=0.054633 ape=0.5862
[14:34:39] regretChangePotential 25% (514/1980) regret=0.054633 ape=0.5862
[14:34:39] regretChangePotential 26% (515/1980) regret=0.054633 ape=0.5862
[14:34:40] regretChangePotential 26% (516/1980) regret=0.054633 ape=0.5862
[14:34:40] regretChangePotential 26% (517/1980) regret=0.054633 ape=0.5862
[14:34:40] regretChangePotential 26% (518/1980) regret=0.054633 ape=0.5862
[14:34:40] regretChangePotential 26% (519/1980) regret=0.054477 ape=0.5853
[14:34:40] regretChangePotential 26% (520/1980) regret=0.054274 ape=0.5843
[14:34:40] regretChangePotential 26% (521/1980) regret=0.053868 ape=0.5834
[14:34:40] regretChangePotential 26% (522/1980) regret=0.053776 ape=0.5834
[14:34:41] regretChangePotential 26% (523/1980) regret=0.053776 ape=0.5834
[14:34:41] regretChangePotential 26% (524/1980) regret=0.053776 ape=0.5834
[14:34:41] regretChangePotential 26% (525/1980) regret=0.053776 ape=0.5834
[14:34:41] regretChangePotential 26% (526/1980) regret=0.053776 ape=0.5834
[14:34:41] regretChangePotential 26% (527/1980) regret=0.053776 ape=0.5834
[14:34:41] regretChangePotential 26% (528/1980) regret=0.053776 ape=0.5834
[14:34:41] regretChangePotential 26% (529/1980) regret=0.053407 ape=0.5825
[14:34:42] regretChangePotential 26% (530/1980) regret=0.053349 ape=0.5816
[14:34:42] regretChangePotential 26% (531/1980) regret=0.053399 ape=0.5816
[14:34:42] regretChangePotential 26% (532/1980) regret=0.053344 ape=0.5806
[14:34:42] regretChangePotential 26% (533/1980) regret=0.053346 ape=0.5806
[14:34:42] regretChangePotential 26% (534/1980) regret=0.053346 ape=0.5806
[14:34:42] regretChangePotential 27% (535/1980) regret=0.053346 ape=0.5806
[14:34:42] regretChangePotential 27% (536/1980) regret=0.053244 ape=0.5806
[14:34:43] regretChangePotential 27% (537/1980) regret=0.052839 ape=0.5806
[14:34:43] regretChangePotential 27% (538/1980) regret=0.052802 ape=0.5806
[14:34:43] regretChangePotential 27% (539/1980) regret=0.052769 ape=0.5797
[14:34:43] regretChangePotential 27% (540/1980) regret=0.052613 ape=0.5788
[14:34:43] regretChangePotential 27% (541/1980) regret=0.053038 ape=0.5788
[14:34:43] regretChangePotential 27% (542/1980) regret=0.052272 ape=0.5779
[14:34:44] regretChangePotential 27% (543/1980) regret=0.052364 ape=0.5788
[14:34:44] regretChangePotential 27% (544/1980) regret=0.052302 ape=0.5788
[14:34:44] regretChangePotential 27% (545/1980) regret=0.052269 ape=0.5779
[14:34:44] regretChangePotential 27% (546/1980) regret=0.052380 ape=0.5788
[14:34:44] regretChangePotential 27% (547/1980) regret=0.052657 ape=0.5779
[14:34:44] regretChangePotential 27% (548/1980) regret=0.052223 ape=0.5779
[14:34:44] regretChangePotential 27% (549/1980) regret=0.052074 ape=0.5770
[14:34:45] regretChangePotential 27% (550/1980) regret=0.052230 ape=0.5788
[14:34:45] regretChangePotential 27% (551/1980) regret=0.052258 ape=0.5788
[14:34:45] regretChangePotential 27% (552/1980) regret=0.052304 ape=0.5788
[14:34:45] regretChangePotential 27% (553/1980) regret=0.052405 ape=0.5797
[14:34:45] regretChangePotential 27% (554/1980) regret=0.052350 ape=0.5788
[14:34:45] regretChangePotential 28% (555/1980) regret=0.052350 ape=0.5788
[14:34:46] regretChangePotential 28% (556/1980) regret=0.051728 ape=0.5779
[14:34:46] regretChangePotential 28% (557/1980) regret=0.051493 ape=0.5770
[14:34:46] regretChangePotential 28% (558/1980) regret=0.051005 ape=0.5770
[14:34:46] regretChangePotential 28% (559/1980) regret=0.051005 ape=0.5770
[14:34:46] regretChangePotential 28% (560/1980) regret=0.051091 ape=0.5770
[14:34:46] regretChangePotential 28% (561/1980) regret=0.051091 ape=0.5770
[14:34:47] regretChangePotential 28% (562/1980) regret=0.050910 ape=0.5760
[14:34:47] regretChangePotential 28% (563/1980) regret=0.050940 ape=0.5760
[14:34:47] regretChangePotential 28% (564/1980) regret=0.051185 ape=0.5770
[14:34:47] regretChangePotential 28% (565/1980) regret=0.051159 ape=0.5770
[14:34:47] regretChangePotential 28% (566/1980) regret=0.051514 ape=0.5770
[14:34:48] regretChangePotential 28% (567/1980) regret=0.051185 ape=0.5770
[14:34:48] regretChangePotential 28% (568/1980) regret=0.051286 ape=0.5779
[14:34:48] regretChangePotential 28% (569/1980) regret=0.051028 ape=0.5770
[14:34:48] regretChangePotential 28% (570/1980) regret=0.050991 ape=0.5760
[14:34:49] regretChangePotential 28% (571/1980) regret=0.051141 ape=0.5760
[14:34:49] regretChangePotential 28% (572/1980) regret=0.051187 ape=0.5760
[14:34:49] regretChangePotential 28% (573/1980) regret=0.051187 ape=0.5760
[14:34:49] regretChangePotential 28% (574/1980) regret=0.050984 ape=0.5751
[14:34:49] regretChangePotential 29% (575/1980) regret=0.051214 ape=0.5751
[14:34:50] regretChangePotential 29% (576/1980) regret=0.050794 ape=0.5751
[14:34:50] regretChangePotential 29% (577/1980) regret=0.050717 ape=0.5751
[14:34:50] regretChangePotential 29% (578/1980) regret=0.050717 ape=0.5751
[14:34:50] regretChangePotential 29% (579/1980) regret=0.050717 ape=0.5751
[14:34:51] regretChangePotential 29% (580/1980) regret=0.050708 ape=0.5751
[14:34:51] regretChangePotential 29% (581/1980) regret=0.050708 ape=0.5751
[14:34:51] regretChangePotential 29% (582/1980) regret=0.051233 ape=0.5751
[14:34:51] regretChangePotential 29% (583/1980) regret=0.050616 ape=0.5742
[14:34:52] regretChangePotential 29% (584/1980) regret=0.050584 ape=0.5742
[14:34:52] regretChangePotential 29% (585/1980) regret=0.050584 ape=0.5742
[14:34:52] regretChangePotential 29% (586/1980) regret=0.050584 ape=0.5742
[14:34:52] regretChangePotential 29% (587/1980) regret=0.050584 ape=0.5742
[14:34:53] regretChangePotential 29% (588/1980) regret=0.050584 ape=0.5742
[14:34:53] regretChangePotential 29% (589/1980) regret=0.050584 ape=0.5742
[14:34:53] regretChangePotential 29% (590/1980) regret=0.050584 ape=0.5742
[14:34:53] regretChangePotential 29% (591/1980) regret=0.050584 ape=0.5742
[14:34:53] regretChangePotential 29% (592/1980) regret=0.050584 ape=0.5742
[14:34:54] regretChangePotential 29% (593/1980) regret=0.050584 ape=0.5742
[14:34:54] regretChangePotential 30% (594/1980) regret=0.050584 ape=0.5742
[14:34:54] regretChangePotential 30% (595/1980) regret=0.050584 ape=0.5742
[14:34:54] regretChangePotential 30% (596/1980) regret=0.050584 ape=0.5742
[14:34:55] regretChangePotential 30% (597/1980) regret=0.050584 ape=0.5742
[14:34:55] regretChangePotential 30% (598/1980) regret=0.050584 ape=0.5742
[14:34:55] regretChangePotential 30% (599/1980) regret=0.050584 ape=0.5742
[14:34:55] regretChangePotential 30% (600/1980) regret=0.050584 ape=0.5742
[14:34:56] regretChangePotential 30% (601/1980) regret=0.050584 ape=0.5742
[14:34:56] regretChangePotential 30% (602/1980) regret=0.050584 ape=0.5742
[14:34:56] regretChangePotential 30% (603/1980) regret=0.050584 ape=0.5742
[14:34:56] regretChangePotential 30% (604/1980) regret=0.050584 ape=0.5742
[14:34:57] regretChangePotential 30% (605/1980) regret=0.050584 ape=0.5742
[14:34:57] regretChangePotential 30% (606/1980) regret=0.050584 ape=0.5742
[14:34:57] regretChangePotential 30% (607/1980) regret=0.050584 ape=0.5742
[14:34:57] regretChangePotential 30% (608/1980) regret=0.050584 ape=0.5742
[14:34:57] regretChangePotential 30% (609/1980) regret=0.050584 ape=0.5742
[14:34:58] regretChangePotential 30% (610/1980) regret=0.050656 ape=0.5742
[14:34:58] regretChangePotential 30% (611/1980) regret=0.050802 ape=0.5751
[14:34:58] regretChangePotential 30% (612/1980) regret=0.050774 ape=0.5751
[14:34:58] regretChangePotential 30% (613/1980) regret=0.050528 ape=0.5751
[14:34:59] regretChangePotential 31% (614/1980) regret=0.050492 ape=0.5751
[14:34:59] regretChangePotential 31% (615/1980) regret=0.050193 ape=0.5742
[14:34:59] regretChangePotential 31% (616/1980) regret=0.050031 ape=0.5742
[14:34:59] regretChangePotential 31% (617/1980) regret=0.050154 ape=0.5742
[14:35:00] regretChangePotential 31% (618/1980) regret=0.049976 ape=0.5733
[14:35:00] regretChangePotential 31% (619/1980) regret=0.050122 ape=0.5724
[14:35:00] regretChangePotential 31% (620/1980) regret=0.050031 ape=0.5724
[14:35:00] regretChangePotential 31% (621/1980) regret=0.050056 ape=0.5724
[14:35:00] regretChangePotential 31% (622/1980) regret=0.050056 ape=0.5724
[14:35:01] regretChangePotential 31% (623/1980) regret=0.050056 ape=0.5724
[14:35:01] regretChangePotential 31% (624/1980) regret=0.050056 ape=0.5724
[14:35:01] regretChangePotential 31% (625/1980) regret=0.050097 ape=0.5724
[14:35:01] regretChangePotential 31% (626/1980) regret=0.050130 ape=0.5733
[14:35:02] regretChangePotential 31% (627/1980) regret=0.050130 ape=0.5733
[14:35:02] regretChangePotential 31% (628/1980) regret=0.050130 ape=0.5733
[14:35:02] regretChangePotential 31% (629/1980) regret=0.050130 ape=0.5733
[14:35:02] regretChangePotential 31% (630/1980) regret=0.050130 ape=0.5733
[14:35:03] regretChangePotential 31% (631/1980) regret=0.050130 ape=0.5733
[14:35:03] regretChangePotential 31% (632/1980) regret=0.050168 ape=0.5733
[14:35:03] regretChangePotential 31% (633/1980) regret=0.050112 ape=0.5733
[14:35:03] regretChangePotential 32% (634/1980) regret=0.050173 ape=0.5742
[14:35:03] regretChangePotential 32% (635/1980) regret=0.049883 ape=0.5724
[14:35:04] regretChangePotential 32% (636/1980) regret=0.050067 ape=0.5733
[14:35:04] regretChangePotential 32% (637/1980) regret=0.050067 ape=0.5733
[14:35:04] regretChangePotential 32% (638/1980) regret=0.050067 ape=0.5733
[14:35:04] regretChangePotential 32% (639/1980) regret=0.050067 ape=0.5733
[14:35:05] regretChangePotential 32% (640/1980) regret=0.049846 ape=0.5733
[14:35:05] regretChangePotential 32% (641/1980) regret=0.049846 ape=0.5733
[14:35:05] regretChangePotential 32% (642/1980) regret=0.049846 ape=0.5733
[14:35:05] regretChangePotential 32% (643/1980) regret=0.049846 ape=0.5733
[14:35:06] regretChangePotential 32% (644/1980) regret=0.049846 ape=0.5733
[14:35:06] regretChangePotential 32% (645/1980) regret=0.049846 ape=0.5733
[14:35:06] regretChangePotential 32% (646/1980) regret=0.049846 ape=0.5733
[14:35:06] regretChangePotential 32% (647/1980) regret=0.050574 ape=0.5733
[14:35:06] regretChangePotential 32% (648/1980) regret=0.050574 ape=0.5733
[14:35:07] regretChangePotential 32% (649/1980) regret=0.050548 ape=0.5724
[14:35:07] regretChangePotential 32% (650/1980) regret=0.050548 ape=0.5724
[14:35:07] regretChangePotential 32% (651/1980) regret=0.050452 ape=0.5724
[14:35:07] regretChangePotential 32% (652/1980) regret=0.050441 ape=0.5724
[14:35:08] regretChangePotential 32% (653/1980) regret=0.050441 ape=0.5724
[14:35:08] regretChangePotential 33% (654/1980) regret=0.050441 ape=0.5724
[14:35:08] regretChangePotential 33% (655/1980) regret=0.050441 ape=0.5724
[14:35:08] regretChangePotential 33% (656/1980) regret=0.050441 ape=0.5724
[14:35:09] regretChangePotential 33% (657/1980) regret=0.050441 ape=0.5724
[14:35:09] regretChangePotential 33% (658/1980) regret=0.050441 ape=0.5724
[14:35:09] regretChangePotential 33% (659/1980) regret=0.050441 ape=0.5724
[14:35:09] regretChangePotential 33% (660/1980) regret=0.050441 ape=0.5724
[14:35:09] regretChangePotential 33% (661/1980) regret=0.050441 ape=0.5724
[14:35:10] regretChangePotential 33% (662/1980) regret=0.050441 ape=0.5724
[14:35:10] regretChangePotential 33% (663/1980) regret=0.050441 ape=0.5724
[14:35:10] regretChangePotential 33% (664/1980) regret=0.050441 ape=0.5724
[14:35:10] regretChangePotential 33% (665/1980) regret=0.049879 ape=0.5714
[14:35:11] regretChangePotential 33% (666/1980) regret=0.049879 ape=0.5714
[14:35:11] regretChangePotential 33% (667/1980) regret=0.049879 ape=0.5714
[14:35:11] regretChangePotential 33% (668/1980) regret=0.049953 ape=0.5714
[14:35:11] regretChangePotential 33% (669/1980) regret=0.049953 ape=0.5714
[14:35:12] regretChangePotential 33% (670/1980) regret=0.049953 ape=0.5714
[14:35:12] regretChangePotential 33% (671/1980) regret=0.049778 ape=0.5714
[14:35:12] regretChangePotential 33% (672/1980) regret=0.049778 ape=0.5714
[14:35:12] regretChangePotential 33% (673/1980) regret=0.049778 ape=0.5714
[14:35:12] regretChangePotential 34% (674/1980) regret=0.049778 ape=0.5714
[14:35:13] regretChangePotential 34% (675/1980) regret=0.049714 ape=0.5705
[14:35:13] regretChangePotential 34% (676/1980) regret=0.049714 ape=0.5705
[14:35:13] regretChangePotential 34% (677/1980) regret=0.049714 ape=0.5705
[14:35:13] regretChangePotential 34% (678/1980) regret=0.049714 ape=0.5705
[14:35:14] regretChangePotential 34% (679/1980) regret=0.049714 ape=0.5705
[14:35:14] regretChangePotential 34% (680/1980) regret=0.049714 ape=0.5705
[14:35:14] regretChangePotential 34% (681/1980) regret=0.049714 ape=0.5705
[14:35:14] regretChangePotential 34% (682/1980) regret=0.049714 ape=0.5705
[14:35:14] regretChangePotential 34% (683/1980) regret=0.049714 ape=0.5705
[14:35:15] regretChangePotential 34% (684/1980) regret=0.049714 ape=0.5705
[14:35:15] regretChangePotential 34% (685/1980) regret=0.049507 ape=0.5696
[14:35:15] regretChangePotential 34% (686/1980) regret=0.049479 ape=0.5696
[14:35:15] regretChangePotential 34% (687/1980) regret=0.049479 ape=0.5696
[14:35:16] regretChangePotential 34% (688/1980) regret=0.049479 ape=0.5696
[14:35:16] regretChangePotential 34% (689/1980) regret=0.049479 ape=0.5696
[14:35:16] regretChangePotential 34% (690/1980) regret=0.049479 ape=0.5696
[14:35:16] regretChangePotential 34% (691/1980) regret=0.049479 ape=0.5696
[14:35:16] regretChangePotential 34% (692/1980) regret=0.049479 ape=0.5696
[14:35:17] regretChangePotential 35% (693/1980) regret=0.049479 ape=0.5696
[14:35:17] regretChangePotential 35% (694/1980) regret=0.049448 ape=0.5687
[14:35:17] regretChangePotential 35% (695/1980) regret=0.049448 ape=0.5687
[14:35:17] regretChangePotential 35% (696/1980) regret=0.048734 ape=0.5687
[14:35:17] regretChangePotential 35% (697/1980) regret=0.048734 ape=0.5687
[14:35:18] regretChangePotential 35% (698/1980) regret=0.048734 ape=0.5687
[14:35:18] regretChangePotential 35% (699/1980) regret=0.048734 ape=0.5687
[14:35:18] regretChangePotential 35% (700/1980) regret=0.048467 ape=0.5687
[14:35:18] regretChangePotential 35% (701/1980) regret=0.048467 ape=0.5687
[14:35:19] regretChangePotential 35% (702/1980) regret=0.048411 ape=0.5677
[14:35:19] regretChangePotential 35% (703/1980) regret=0.048204 ape=0.5668
[14:35:19] regretChangePotential 35% (704/1980) regret=0.048204 ape=0.5668
[14:35:19] regretChangePotential 35% (705/1980) regret=0.048204 ape=0.5668
[14:35:19] regretChangePotential 35% (706/1980) regret=0.048135 ape=0.5659
[14:35:20] regretChangePotential 35% (707/1980) regret=0.048080 ape=0.5650
[14:35:20] regretChangePotential 35% (708/1980) regret=0.048080 ape=0.5650
[14:35:20] regretChangePotential 35% (709/1980) regret=0.048126 ape=0.5659
[14:35:20] regretChangePotential 35% (710/1980) regret=0.047951 ape=0.5650
[14:35:21] regretChangePotential 35% (711/1980) regret=0.047951 ape=0.5650
[14:35:21] regretChangePotential 35% (712/1980) regret=0.047951 ape=0.5650
[14:35:21] regretChangePotential 36% (713/1980) regret=0.047951 ape=0.5650
[14:35:21] regretChangePotential 36% (714/1980) regret=0.048117 ape=0.5659
[14:35:22] regretChangePotential 36% (715/1980) regret=0.048117 ape=0.5659
[14:35:22] regretChangePotential 36% (716/1980) regret=0.048117 ape=0.5659
[14:35:22] regretChangePotential 36% (717/1980) regret=0.048117 ape=0.5659
[14:35:22] regretChangePotential 36% (718/1980) regret=0.047697 ape=0.5650
[14:35:22] regretChangePotential 36% (719/1980) regret=0.046988 ape=0.5641
[14:35:23] regretChangePotential 36% (720/1980) regret=0.046988 ape=0.5641
[14:35:23] regretChangePotential 36% (721/1980) regret=0.046988 ape=0.5641
[14:35:23] regretChangePotential 36% (722/1980) regret=0.046969 ape=0.5641
[14:35:23] regretChangePotential 36% (723/1980) regret=0.046969 ape=0.5641
[14:35:24] regretChangePotential 36% (724/1980) regret=0.046969 ape=0.5641
[14:35:24] regretChangePotential 36% (725/1980) regret=0.046946 ape=0.5631
[14:35:24] regretChangePotential 36% (726/1980) regret=0.046946 ape=0.5631
[14:35:24] regretChangePotential 36% (727/1980) regret=0.046946 ape=0.5631
[14:35:25] regretChangePotential 36% (728/1980) regret=0.046978 ape=0.5631
[14:35:25] regretChangePotential 36% (729/1980) regret=0.046978 ape=0.5631
[14:35:25] regretChangePotential 36% (730/1980) regret=0.046978 ape=0.5631
[14:35:25] regretChangePotential 36% (731/1980) regret=0.046905 ape=0.5631
[14:35:25] regretChangePotential 36% (732/1980) regret=0.046983 ape=0.5631
[14:35:26] regretChangePotential 37% (733/1980) regret=0.046983 ape=0.5631
[14:35:26] regretChangePotential 37% (734/1980) regret=0.046983 ape=0.5631
[14:35:26] regretChangePotential 37% (735/1980) regret=0.046983 ape=0.5631
[14:35:26] regretChangePotential 37% (736/1980) regret=0.046983 ape=0.5631
[14:35:27] regretChangePotential 37% (737/1980) regret=0.046983 ape=0.5631
[14:35:27] regretChangePotential 37% (738/1980) regret=0.046983 ape=0.5631
[14:35:27] regretChangePotential 37% (739/1980) regret=0.047117 ape=0.5631
[14:35:27] regretChangePotential 37% (740/1980) regret=0.047024 ape=0.5631
[14:35:28] regretChangePotential 37% (741/1980) regret=0.046969 ape=0.5631
[14:35:28] regretChangePotential 37% (742/1980) regret=0.046969 ape=0.5631
[14:35:28] regretChangePotential 37% (743/1980) regret=0.046969 ape=0.5631
[14:35:28] regretChangePotential 37% (744/1980) regret=0.046969 ape=0.5631
[14:35:28] regretChangePotential 37% (745/1980) regret=0.046739 ape=0.5622
[14:35:29] regretChangePotential 37% (746/1980) regret=0.046752 ape=0.5622
[14:35:29] regretChangePotential 37% (747/1980) regret=0.046752 ape=0.5622
[14:35:29] regretChangePotential 37% (748/1980) regret=0.046733 ape=0.5622
[14:35:29] regretChangePotential 37% (749/1980) regret=0.046733 ape=0.5622
[14:35:30] regretChangePotential 37% (750/1980) regret=0.046364 ape=0.5613
[14:35:30] regretChangePotential 37% (751/1980) regret=0.046524 ape=0.5622
[14:35:30] regretChangePotential 37% (752/1980) regret=0.046524 ape=0.5622
[14:35:30] regretChangePotential 38% (753/1980) regret=0.046851 ape=0.5622
[14:35:31] regretChangePotential 38% (754/1980) regret=0.046906 ape=0.5631
[14:35:31] regretChangePotential 38% (755/1980) regret=0.046519 ape=0.5622
[14:35:31] regretChangePotential 38% (756/1980) regret=0.046524 ape=0.5622
[14:35:31] regretChangePotential 38% (757/1980) regret=0.046413 ape=0.5622
[14:35:32] regretChangePotential 38% (758/1980) regret=0.046413 ape=0.5622
[14:35:32] regretChangePotential 38% (759/1980) regret=0.046330 ape=0.5613
[14:35:32] regretChangePotential 38% (760/1980) regret=0.046330 ape=0.5613
[14:35:32] regretChangePotential 38% (761/1980) regret=0.046367 ape=0.5613
[14:35:33] regretChangePotential 38% (762/1980) regret=0.046275 ape=0.5613
[14:35:33] regretChangePotential 38% (763/1980) regret=0.046275 ape=0.5613
[14:35:33] regretChangePotential 38% (764/1980) regret=0.046302 ape=0.5604
[14:35:33] regretChangePotential 38% (765/1980) regret=0.046302 ape=0.5604
[14:35:33] regretChangePotential 38% (766/1980) regret=0.046302 ape=0.5604
[14:35:34] regretChangePotential 38% (767/1980) regret=0.046302 ape=0.5604
[14:35:34] regretChangePotential 38% (768/1980) regret=0.046302 ape=0.5604
[14:35:34] regretChangePotential 38% (769/1980) regret=0.045812 ape=0.5604
[14:35:34] regretChangePotential 38% (770/1980) regret=0.046056 ape=0.5604
[14:35:35] regretChangePotential 38% (771/1980) regret=0.046056 ape=0.5604
[14:35:35] regretChangePotential 38% (772/1980) regret=0.045967 ape=0.5594
[14:35:35] regretChangePotential 39% (773/1980) regret=0.045967 ape=0.5594
[14:35:35] regretChangePotential 39% (774/1980) regret=0.045923 ape=0.5604
[14:35:36] regretChangePotential 39% (775/1980) regret=0.045766 ape=0.5594
[14:35:36] regretChangePotential 39% (776/1980) regret=0.045805 ape=0.5594
[14:35:36] regretChangePotential 39% (777/1980) regret=0.045805 ape=0.5594
[14:35:36] regretChangePotential 39% (778/1980) regret=0.045805 ape=0.5594
[14:35:37] regretChangePotential 39% (779/1980) regret=0.045478 ape=0.5585
[14:35:37] regretChangePotential 39% (780/1980) regret=0.045727 ape=0.5594
[14:35:37] regretChangePotential 39% (781/1980) regret=0.045727 ape=0.5594
[14:35:37] regretChangePotential 39% (782/1980) regret=0.045586 ape=0.5594
[14:35:37] regretChangePotential 39% (783/1980) regret=0.045749 ape=0.5594
[14:35:38] regretChangePotential 39% (784/1980) regret=0.045749 ape=0.5594
[14:35:38] regretChangePotential 39% (785/1980) regret=0.045749 ape=0.5594
[14:35:38] regretChangePotential 39% (786/1980) regret=0.045749 ape=0.5594
[14:35:38] regretChangePotential 39% (787/1980) regret=0.045658 ape=0.5576
[14:35:39] regretChangePotential 39% (788/1980) regret=0.045593 ape=0.5567
[14:35:39] regretChangePotential 39% (789/1980) regret=0.045593 ape=0.5567
[14:35:39] regretChangePotential 39% (790/1980) regret=0.046011 ape=0.5576
[14:35:39] regretChangePotential 39% (791/1980) regret=0.045606 ape=0.5567
[14:35:40] regretChangePotential 40% (792/1980) regret=0.045548 ape=0.5558
[14:35:40] regretChangePotential 40% (793/1980) regret=0.045548 ape=0.5558
[14:35:40] regretChangePotential 40% (794/1980) regret=0.045502 ape=0.5548
[14:35:40] regretChangePotential 40% (795/1980) regret=0.045643 ape=0.5567
[14:35:41] regretChangePotential 40% (796/1980) regret=0.045402 ape=0.5548
[14:35:41] regretChangePotential 40% (797/1980) regret=0.045218 ape=0.5539
[14:35:41] regretChangePotential 40% (798/1980) regret=0.045292 ape=0.5548
[14:35:41] regretChangePotential 40% (799/1980) regret=0.045261 ape=0.5548
[14:35:41] regretChangePotential 40% (800/1980) regret=0.045341 ape=0.5548
[14:35:42] regretChangePotential 40% (801/1980) regret=0.045296 ape=0.5548
[14:35:42] regretChangePotential 40% (802/1980) regret=0.045268 ape=0.5539
[14:35:42] regretChangePotential 40% (803/1980) regret=0.045259 ape=0.5539
[14:35:42] regretChangePotential 40% (804/1980) regret=0.045204 ape=0.5530
[14:35:43] regretChangePotential 40% (805/1980) regret=0.045038 ape=0.5530
[14:35:43] regretChangePotential 40% (806/1980) regret=0.045050 ape=0.5530
[14:35:43] regretChangePotential 40% (807/1980) regret=0.045050 ape=0.5530
[14:35:43] regretChangePotential 40% (808/1980) regret=0.045050 ape=0.5530
[14:35:44] regretChangePotential 40% (809/1980) regret=0.045022 ape=0.5530
[14:35:44] regretChangePotential 40% (810/1980) regret=0.045003 ape=0.5530
[14:35:44] regretChangePotential 40% (811/1980) regret=0.044902 ape=0.5521
[14:35:44] regretChangePotential 41% (812/1980) regret=0.044902 ape=0.5521
[14:35:44] regretChangePotential 41% (813/1980) regret=0.044980 ape=0.5521
[14:35:45] regretChangePotential 41% (814/1980) regret=0.044902 ape=0.5521
[14:35:45] regretChangePotential 41% (815/1980) regret=0.045011 ape=0.5521
[14:35:45] regretChangePotential 41% (816/1980) regret=0.044946 ape=0.5512
[14:35:45] regretChangePotential 41% (817/1980) regret=0.044836 ape=0.5502
[14:35:46] regretChangePotential 41% (818/1980) regret=0.044827 ape=0.5493
[14:35:46] regretChangePotential 41% (819/1980) regret=0.044587 ape=0.5493
[14:35:46] regretChangePotential 41% (820/1980) regret=0.044587 ape=0.5493
[14:35:46] regretChangePotential 41% (821/1980) regret=0.044415 ape=0.5493
[14:35:47] regretChangePotential 41% (822/1980) regret=0.044763 ape=0.5493
[14:35:47] regretChangePotential 41% (823/1980) regret=0.044352 ape=0.5493
[14:35:47] regretChangePotential 41% (824/1980) regret=0.044264 ape=0.5493
[14:35:47] regretChangePotential 41% (825/1980) regret=0.044157 ape=0.5484
[14:35:48] regretChangePotential 41% (826/1980) regret=0.044157 ape=0.5484
[14:35:48] regretChangePotential 41% (827/1980) regret=0.044157 ape=0.5484
[14:35:48] regretChangePotential 41% (828/1980) regret=0.044157 ape=0.5484
[14:35:48] regretChangePotential 41% (829/1980) regret=0.044157 ape=0.5484
[14:35:49] regretChangePotential 41% (830/1980) regret=0.044157 ape=0.5484
[14:35:49] regretChangePotential 41% (831/1980) regret=0.044157 ape=0.5484
[14:35:49] regretChangePotential 42% (832/1980) regret=0.044157 ape=0.5484
[14:35:49] regretChangePotential 42% (833/1980) regret=0.044157 ape=0.5484
[14:35:49] regretChangePotential 42% (834/1980) regret=0.044157 ape=0.5484
[14:35:50] regretChangePotential 42% (835/1980) regret=0.044157 ape=0.5484
[14:35:50] regretChangePotential 42% (836/1980) regret=0.044157 ape=0.5484
[14:35:50] regretChangePotential 42% (837/1980) regret=0.044157 ape=0.5484
[14:35:50] regretChangePotential 42% (838/1980) regret=0.044157 ape=0.5484
[14:35:51] regretChangePotential 42% (839/1980) regret=0.044157 ape=0.5484
[14:35:51] regretChangePotential 42% (840/1980) regret=0.044157 ape=0.5484
[14:35:51] regretChangePotential 42% (841/1980) regret=0.044157 ape=0.5484
[14:35:51] regretChangePotential 42% (842/1980) regret=0.044157 ape=0.5484
[14:35:52] regretChangePotential 42% (843/1980) regret=0.044157 ape=0.5484
[14:35:52] regretChangePotential 42% (844/1980) regret=0.044157 ape=0.5484
[14:35:52] regretChangePotential 42% (845/1980) regret=0.044157 ape=0.5484
[14:35:52] regretChangePotential 42% (846/1980) regret=0.044157 ape=0.5484
[14:35:52] regretChangePotential 42% (847/1980) regret=0.044157 ape=0.5484
[14:35:53] regretChangePotential 42% (848/1980) regret=0.044157 ape=0.5484
[14:35:53] regretChangePotential 42% (849/1980) regret=0.044157 ape=0.5484
[14:35:53] regretChangePotential 42% (850/1980) regret=0.044157 ape=0.5484
[14:35:53] regretChangePotential 42% (851/1980) regret=0.044157 ape=0.5484
[14:35:54] regretChangePotential 43% (852/1980) regret=0.044157 ape=0.5484
[14:35:54] regretChangePotential 43% (853/1980) regret=0.044157 ape=0.5484
[14:35:54] regretChangePotential 43% (854/1980) regret=0.044157 ape=0.5484
[14:35:54] regretChangePotential 43% (855/1980) regret=0.044157 ape=0.5484
[14:35:55] regretChangePotential 43% (856/1980) regret=0.044157 ape=0.5484
[14:35:55] regretChangePotential 43% (857/1980) regret=0.044325 ape=0.5465
[14:35:55] regretChangePotential 43% (858/1980) regret=0.044265 ape=0.5475
[14:35:55] regretChangePotential 43% (859/1980) regret=0.044035 ape=0.5465
[14:35:56] regretChangePotential 43% (860/1980) regret=0.044035 ape=0.5465
[14:35:56] regretChangePotential 43% (861/1980) regret=0.044035 ape=0.5465
[14:35:56] regretChangePotential 43% (862/1980) regret=0.044035 ape=0.5465
[14:35:56] regretChangePotential 43% (863/1980) regret=0.044035 ape=0.5465
[14:35:57] regretChangePotential 43% (864/1980) regret=0.044035 ape=0.5465
[14:35:57] regretChangePotential 43% (865/1980) regret=0.044035 ape=0.5465
[14:35:57] regretChangePotential 43% (866/1980) regret=0.044035 ape=0.5465
[14:35:57] regretChangePotential 43% (867/1980) regret=0.044035 ape=0.5465
[14:35:57] regretChangePotential 43% (868/1980) regret=0.044035 ape=0.5465
[14:35:58] regretChangePotential 43% (869/1980) regret=0.044035 ape=0.5465
[14:35:58] regretChangePotential 43% (870/1980) regret=0.044035 ape=0.5465
[14:35:58] regretChangePotential 43% (871/1980) regret=0.044035 ape=0.5465
[14:35:58] regretChangePotential 44% (872/1980) regret=0.044035 ape=0.5465
[14:35:59] regretChangePotential 44% (873/1980) regret=0.044035 ape=0.5465
[14:35:59] regretChangePotential 44% (874/1980) regret=0.044035 ape=0.5465
[14:35:59] regretChangePotential 44% (875/1980) regret=0.044035 ape=0.5465
[14:35:59] regretChangePotential 44% (876/1980) regret=0.044035 ape=0.5465
[14:36:00] regretChangePotential 44% (877/1980) regret=0.044035 ape=0.5465
[14:36:00] regretChangePotential 44% (878/1980) regret=0.044035 ape=0.5465
[14:36:00] regretChangePotential 44% (879/1980) regret=0.044035 ape=0.5465
[14:36:00] regretChangePotential 44% (880/1980) regret=0.044035 ape=0.5465
[14:36:00] regretChangePotential 44% (881/1980) regret=0.044035 ape=0.5465
[14:36:01] regretChangePotential 44% (882/1980) regret=0.044035 ape=0.5465
[14:36:01] regretChangePotential 44% (883/1980) regret=0.044035 ape=0.5465
[14:36:01] regretChangePotential 44% (884/1980) regret=0.044035 ape=0.5465
[14:36:01] regretChangePotential 44% (885/1980) regret=0.044035 ape=0.5465
[14:36:02] regretChangePotential 44% (886/1980) regret=0.044035 ape=0.5465
[14:36:02] regretChangePotential 44% (887/1980) regret=0.044035 ape=0.5465
[14:36:02] regretChangePotential 44% (888/1980) regret=0.044035 ape=0.5465
[14:36:02] regretChangePotential 44% (889/1980) regret=0.044035 ape=0.5465
[14:36:03] regretChangePotential 44% (890/1980) regret=0.044035 ape=0.5465
[14:36:03] regretChangePotential 45% (891/1980) regret=0.044035 ape=0.5465
[14:36:03] regretChangePotential 45% (892/1980) regret=0.044035 ape=0.5465
[14:36:03] regretChangePotential 45% (893/1980) regret=0.044035 ape=0.5465
[14:36:03] regretChangePotential 45% (894/1980) regret=0.044035 ape=0.5465
[14:36:04] regretChangePotential 45% (895/1980) regret=0.044035 ape=0.5465
[14:36:04] regretChangePotential 45% (896/1980) regret=0.044035 ape=0.5465
[14:36:04] regretChangePotential 45% (897/1980) regret=0.044035 ape=0.5465
[14:36:04] regretChangePotential 45% (898/1980) regret=0.044035 ape=0.5465
[14:36:05] regretChangePotential 45% (899/1980) regret=0.044035 ape=0.5465
[14:36:05] regretChangePotential 45% (900/1980) regret=0.044035 ape=0.5465
[14:36:05] regretChangePotential 45% (901/1980) regret=0.044035 ape=0.5465
[14:36:05] regretChangePotential 45% (902/1980) regret=0.044040 ape=0.5465
[14:36:06] regretChangePotential 45% (903/1980) regret=0.044040 ape=0.5465
[14:36:06] regretChangePotential 45% (904/1980) regret=0.044040 ape=0.5465
[14:36:06] regretChangePotential 45% (905/1980) regret=0.044040 ape=0.5465
[14:36:06] regretChangePotential 45% (906/1980) regret=0.044040 ape=0.5465
[14:36:06] regretChangePotential 45% (907/1980) regret=0.044040 ape=0.5465
[14:36:07] regretChangePotential 45% (908/1980) regret=0.044040 ape=0.5465
[14:36:07] regretChangePotential 45% (909/1980) regret=0.043860 ape=0.5465
[14:36:07] regretChangePotential 45% (910/1980) regret=0.043860 ape=0.5465
[14:36:07] regretChangePotential 46% (911/1980) regret=0.043860 ape=0.5465
[14:36:08] regretChangePotential 46% (912/1980) regret=0.043860 ape=0.5465
[14:36:08] regretChangePotential 46% (913/1980) regret=0.043860 ape=0.5465
[14:36:08] regretChangePotential 46% (914/1980) regret=0.043860 ape=0.5465
[14:36:08] regretChangePotential 46% (915/1980) regret=0.043860 ape=0.5465
[14:36:08] regretChangePotential 46% (916/1980) regret=0.043860 ape=0.5465
[14:36:09] regretChangePotential 46% (917/1980) regret=0.043860 ape=0.5465
[14:36:09] regretChangePotential 46% (918/1980) regret=0.043860 ape=0.5465
[14:36:09] regretChangePotential 46% (919/1980) regret=0.044095 ape=0.5475
[14:36:09] regretChangePotential 46% (920/1980) regret=0.044095 ape=0.5475
[14:36:09] regretChangePotential 46% (921/1980) regret=0.043854 ape=0.5465
[14:36:10] regretChangePotential 46% (922/1980) regret=0.043854 ape=0.5465
[14:36:10] regretChangePotential 46% (923/1980) regret=0.043854 ape=0.5465
[14:36:10] regretChangePotential 46% (924/1980) regret=0.043686 ape=0.5465
[14:36:10] regretChangePotential 46% (925/1980) regret=0.043715 ape=0.5475
[14:36:10] regretChangePotential 46% (926/1980) regret=0.043715 ape=0.5475
[14:36:10] regretChangePotential 46% (927/1980) regret=0.043715 ape=0.5475
[14:36:11] regretChangePotential 46% (928/1980) regret=0.043715 ape=0.5475
[14:36:11] regretChangePotential 46% (929/1980) regret=0.043715 ape=0.5475
[14:36:11] regretChangePotential 46% (930/1980) regret=0.043331 ape=0.5465
[14:36:11] regretChangePotential 47% (931/1980) regret=0.043363 ape=0.5475
[14:36:11] regretChangePotential 47% (932/1980) regret=0.043363 ape=0.5475
[14:36:11] regretChangePotential 47% (933/1980) regret=0.043171 ape=0.5465
[14:36:12] regretChangePotential 47% (934/1980) regret=0.043171 ape=0.5465
[14:36:12] regretChangePotential 47% (935/1980) regret=0.043171 ape=0.5465
[14:36:12] regretChangePotential 47% (936/1980) regret=0.042517 ape=0.5465
[14:36:12] regretChangePotential 47% (937/1980) regret=0.042545 ape=0.5475
[14:36:12] regretChangePotential 47% (938/1980) regret=0.042709 ape=0.5475
[14:36:12] regretChangePotential 47% (939/1980) regret=0.042488 ape=0.5465
[14:36:12] regretChangePotential 47% (940/1980) regret=0.042737 ape=0.5465
[14:36:13] regretChangePotential 47% (941/1980) regret=0.042737 ape=0.5465
[14:36:13] regretChangePotential 47% (942/1980) regret=0.042737 ape=0.5465
[14:36:13] regretChangePotential 47% (943/1980) regret=0.042488 ape=0.5456
[14:36:13] regretChangePotential 47% (944/1980) regret=0.042554 ape=0.5456
[14:36:13] regretChangePotential 47% (945/1980) regret=0.042554 ape=0.5456
[14:36:13] regretChangePotential 47% (946/1980) regret=0.042554 ape=0.5456
[14:36:13] regretChangePotential 47% (947/1980) regret=0.042572 ape=0.5456
[14:36:13] regretChangePotential 47% (948/1980) regret=0.042554 ape=0.5456
[14:36:14] regretChangePotential 47% (949/1980) regret=0.042201 ape=0.5456
[14:36:14] regretChangePotential 47% (950/1980) regret=0.042158 ape=0.5456
[14:36:14] regretChangePotential 48% (951/1980) regret=0.042075 ape=0.5456
[14:36:14] regretChangePotential 48% (952/1980) regret=0.042199 ape=0.5456
[14:36:14] regretChangePotential 48% (953/1980) regret=0.041853 ape=0.5447
[14:36:14] regretChangePotential 48% (954/1980) regret=0.041853 ape=0.5447
[14:36:14] regretChangePotential 48% (955/1980) regret=0.041397 ape=0.5438
[14:36:15] regretChangePotential 48% (956/1980) regret=0.041243 ape=0.5438
[14:36:15] regretChangePotential 48% (957/1980) regret=0.041095 ape=0.5429
[14:36:15] regretChangePotential 48% (958/1980) regret=0.041095 ape=0.5429
[14:36:15] regretChangePotential 48% (959/1980) regret=0.041095 ape=0.5429
[14:36:15] regretChangePotential 48% (960/1980) regret=0.041046 ape=0.5429
[14:36:15] regretChangePotential 48% (961/1980) regret=0.041046 ape=0.5429
[14:36:15] regretChangePotential 48% (962/1980) regret=0.041046 ape=0.5429
[14:36:16] regretChangePotential 48% (963/1980) regret=0.041046 ape=0.5429
[14:36:16] regretChangePotential 48% (964/1980) regret=0.041078 ape=0.5429
[14:36:16] regretChangePotential 48% (965/1980) regret=0.041046 ape=0.5429
[14:36:16] regretChangePotential 48% (966/1980) regret=0.041046 ape=0.5429
[14:36:16] regretChangePotential 48% (967/1980) regret=0.041046 ape=0.5429
[14:36:16] regretChangePotential 48% (968/1980) regret=0.041046 ape=0.5429
[14:36:16] regretChangePotential 48% (969/1980) regret=0.040875 ape=0.5419
[14:36:17] regretChangePotential 48% (970/1980) regret=0.040718 ape=0.5419
[14:36:17] regretChangePotential 49% (971/1980) regret=0.040718 ape=0.5419
[14:36:17] regretChangePotential 49% (972/1980) regret=0.040718 ape=0.5419
[14:36:17] regretChangePotential 49% (973/1980) regret=0.040769 ape=0.5429
[14:36:17] regretChangePotential 49% (974/1980) regret=0.040802 ape=0.5429
[14:36:17] regretChangePotential 49% (975/1980) regret=0.040802 ape=0.5429
[14:36:17] regretChangePotential 49% (976/1980) regret=0.040802 ape=0.5429
[14:36:18] regretChangePotential 49% (977/1980) regret=0.040996 ape=0.5419
[14:36:18] regretChangePotential 49% (978/1980) regret=0.040563 ape=0.5419
[14:36:18] regretChangePotential 49% (979/1980) regret=0.040563 ape=0.5419
[14:36:18] regretChangePotential 49% (980/1980) regret=0.040337 ape=0.5410
[14:36:18] regretChangePotential 49% (981/1980) regret=0.040337 ape=0.5410
[14:36:18] regretChangePotential 49% (982/1980) regret=0.040337 ape=0.5410
[14:36:18] regretChangePotential 49% (983/1980) regret=0.040337 ape=0.5410
[14:36:19] regretChangePotential 49% (984/1980) regret=0.040337 ape=0.5410
[14:36:19] regretChangePotential 49% (985/1980) regret=0.040337 ape=0.5410
[14:36:19] regretChangePotential 49% (986/1980) regret=0.040337 ape=0.5410
[14:36:19] regretChangePotential 49% (987/1980) regret=0.040337 ape=0.5410
[14:36:19] regretChangePotential 49% (988/1980) regret=0.040337 ape=0.5410
[14:36:19] regretChangePotential 49% (989/1980) regret=0.040337 ape=0.5410
[14:36:19] regretChangePotential 50% (990/1980) regret=0.040337 ape=0.5410
[14:36:20] regretChangePotential 50% (991/1980) regret=0.040337 ape=0.5410
[14:36:20] regretChangePotential 50% (992/1980) regret=0.040337 ape=0.5410
[14:36:20] regretChangePotential 50% (993/1980) regret=0.040337 ape=0.5410
[14:36:20] regretChangePotential 50% (994/1980) regret=0.040337 ape=0.5410
[14:36:20] regretChangePotential 50% (995/1980) regret=0.040337 ape=0.5410
[14:36:20] regretChangePotential 50% (996/1980) regret=0.040337 ape=0.5410
[14:36:20] regretChangePotential 50% (997/1980) regret=0.040337 ape=0.5410
[14:36:20] regretChangePotential 50% (998/1980) regret=0.040337 ape=0.5410
[14:36:21] regretChangePotential 50% (999/1980) regret=0.040337 ape=0.5410
[14:36:21] regretChangePotential 50% (1000/1980) regret=0.040337 ape=0.5410
[14:36:21] regretChangePotential 50% (1001/1980) regret=0.040337 ape=0.5410
[14:36:21] regretChangePotential 50% (1002/1980) regret=0.040337 ape=0.5410
[14:36:21] regretChangePotential 50% (1003/1980) regret=0.040337 ape=0.5410
[14:36:21] regretChangePotential 50% (1004/1980) regret=0.040337 ape=0.5410
[14:36:21] regretChangePotential 50% (1005/1980) regret=0.040337 ape=0.5410
[14:36:22] regretChangePotential 50% (1006/1980) regret=0.040337 ape=0.5410
[14:36:22] regretChangePotential 50% (1007/1980) regret=0.040217 ape=0.5410
[14:36:22] regretChangePotential 50% (1008/1980) regret=0.040217 ape=0.5410
[14:36:22] regretChangePotential 50% (1009/1980) regret=0.040070 ape=0.5410
[14:36:22] regretChangePotential 51% (1010/1980) regret=0.040027 ape=0.5401
[14:36:22] regretChangePotential 51% (1011/1980) regret=0.040073 ape=0.5401
[14:36:22] regretChangePotential 51% (1012/1980) regret=0.040027 ape=0.5401
[14:36:23] regretChangePotential 51% (1013/1980) regret=0.040183 ape=0.5410
[14:36:23] regretChangePotential 51% (1014/1980) regret=0.040027 ape=0.5401
[14:36:23] regretChangePotential 51% (1015/1980) regret=0.040027 ape=0.5401
[14:36:23] regretChangePotential 51% (1016/1980) regret=0.040027 ape=0.5401
[14:36:23] regretChangePotential 51% (1017/1980) regret=0.039962 ape=0.5401
[14:36:23] regretChangePotential 51% (1018/1980) regret=0.039916 ape=0.5401
[14:36:23] regretChangePotential 51% (1019/1980) regret=0.040266 ape=0.5401
[14:36:24] regretChangePotential 51% (1020/1980) regret=0.039925 ape=0.5392
[14:36:24] regretChangePotential 51% (1021/1980) regret=0.040395 ape=0.5382
[14:36:24] regretChangePotential 51% (1022/1980) regret=0.039750 ape=0.5373
[14:36:24] regretChangePotential 51% (1023/1980) regret=0.039612 ape=0.5364
[14:36:24] regretChangePotential 51% (1024/1980) regret=0.039750 ape=0.5373
[14:36:24] regretChangePotential 51% (1025/1980) regret=0.039944 ape=0.5373
[14:36:24] regretChangePotential 51% (1026/1980) regret=0.039944 ape=0.5373
[14:36:25] regretChangePotential 51% (1027/1980) regret=0.039835 ape=0.5373
[14:36:25] regretChangePotential 51% (1028/1980) regret=0.039835 ape=0.5373
[14:36:25] regretChangePotential 51% (1029/1980) regret=0.039810 ape=0.5373
[14:36:25] regretChangePotential 52% (1030/1980) regret=0.039776 ape=0.5373
[14:36:25] regretChangePotential 52% (1031/1980) regret=0.039824 ape=0.5373
[14:36:25] regretChangePotential 52% (1032/1980) regret=0.039807 ape=0.5373
[14:36:25] regretChangePotential 52% (1033/1980) regret=0.039807 ape=0.5373
[14:36:26] regretChangePotential 52% (1034/1980) regret=0.039695 ape=0.5364
[14:36:26] regretChangePotential 52% (1035/1980) regret=0.039695 ape=0.5364
[14:36:26] regretChangePotential 52% (1036/1980) regret=0.039695 ape=0.5364
[14:36:26] regretChangePotential 52% (1037/1980) regret=0.039695 ape=0.5364
[14:36:26] regretChangePotential 52% (1038/1980) regret=0.039716 ape=0.5373
[14:36:26] regretChangePotential 52% (1039/1980) regret=0.039569 ape=0.5373
[14:36:26] regretChangePotential 52% (1040/1980) regret=0.039615 ape=0.5373
[14:36:27] regretChangePotential 52% (1041/1980) regret=0.039562 ape=0.5373
[14:36:27] regretChangePotential 52% (1042/1980) regret=0.039577 ape=0.5382
[14:36:27] regretChangePotential 52% (1043/1980) regret=0.039577 ape=0.5382
[14:36:27] regretChangePotential 52% (1044/1980) regret=0.039716 ape=0.5392
[14:36:27] regretChangePotential 52% (1045/1980) regret=0.039799 ape=0.5392
[14:36:27] regretChangePotential 52% (1046/1980) regret=0.039799 ape=0.5392
[14:36:27] regretChangePotential 52% (1047/1980) regret=0.039799 ape=0.5392
[14:36:28] regretChangePotential 52% (1048/1980) regret=0.040014 ape=0.5392
[14:36:28] regretChangePotential 52% (1049/1980) regret=0.040345 ape=0.5401
[14:36:28] regretChangePotential 53% (1050/1980) regret=0.040014 ape=0.5392
[14:36:28] regretChangePotential 53% (1051/1980) regret=0.039756 ape=0.5382
[14:36:28] regretChangePotential 53% (1052/1980) regret=0.039834 ape=0.5382
[14:36:28] regretChangePotential 53% (1053/1980) regret=0.039756 ape=0.5382
[14:36:28] regretChangePotential 53% (1054/1980) regret=0.039756 ape=0.5382
[14:36:29] regretChangePotential 53% (1055/1980) regret=0.039756 ape=0.5382
[14:36:29] regretChangePotential 53% (1056/1980) regret=0.039756 ape=0.5382
[14:36:29] regretChangePotential 53% (1057/1980) regret=0.039756 ape=0.5382
[14:36:29] regretChangePotential 53% (1058/1980) regret=0.039663 ape=0.5373
[14:36:29] regretChangePotential 53% (1059/1980) regret=0.039612 ape=0.5364
[14:36:29] regretChangePotential 53% (1060/1980) regret=0.039612 ape=0.5364
[14:36:29] regretChangePotential 53% (1061/1980) regret=0.039612 ape=0.5364
[14:36:30] regretChangePotential 53% (1062/1980) regret=0.039612 ape=0.5364
[14:36:30] regretChangePotential 53% (1063/1980) regret=0.039612 ape=0.5364
[14:36:30] regretChangePotential 53% (1064/1980) regret=0.039962 ape=0.5373
[14:36:30] regretChangePotential 53% (1065/1980) regret=0.039667 ape=0.5373
[14:36:30] regretChangePotential 53% (1066/1980) regret=0.039667 ape=0.5373
[14:36:30] regretChangePotential 53% (1067/1980) regret=0.039667 ape=0.5373
[14:36:30] regretChangePotential 53% (1068/1980) regret=0.039676 ape=0.5373
[14:36:31] regretChangePotential 53% (1069/1980) regret=0.039676 ape=0.5373
[14:36:31] regretChangePotential 54% (1070/1980) regret=0.039676 ape=0.5373
[14:36:31] regretChangePotential 54% (1071/1980) regret=0.039676 ape=0.5373
[14:36:31] regretChangePotential 54% (1072/1980) regret=0.039083 ape=0.5364
[14:36:31] regretChangePotential 54% (1073/1980) regret=0.039083 ape=0.5364
[14:36:31] regretChangePotential 54% (1074/1980) regret=0.039083 ape=0.5364
[14:36:31] regretChangePotential 54% (1075/1980) regret=0.038859 ape=0.5355
[14:36:32] regretChangePotential 54% (1076/1980) regret=0.038827 ape=0.5346
[14:36:32] regretChangePotential 54% (1077/1980) regret=0.038827 ape=0.5346
[14:36:32] regretChangePotential 54% (1078/1980) regret=0.038827 ape=0.5346
[14:36:32] regretChangePotential 54% (1079/1980) regret=0.038827 ape=0.5346
[14:36:32] regretChangePotential 54% (1080/1980) regret=0.038827 ape=0.5346
[14:36:32] regretChangePotential 54% (1081/1980) regret=0.038647 ape=0.5346
[14:36:32] regretChangePotential 54% (1082/1980) regret=0.038647 ape=0.5346
[14:36:33] regretChangePotential 54% (1083/1980) regret=0.038647 ape=0.5346
[14:36:33] regretChangePotential 54% (1084/1980) regret=0.038647 ape=0.5346
[14:36:33] regretChangePotential 54% (1085/1980) regret=0.038678 ape=0.5346
[14:36:33] regretChangePotential 54% (1086/1980) regret=0.038678 ape=0.5346
[14:36:33] regretChangePotential 54% (1087/1980) regret=0.038678 ape=0.5346
[14:36:33] regretChangePotential 54% (1088/1980) regret=0.038678 ape=0.5346
[14:36:33] regretChangePotential 55% (1089/1980) regret=0.038678 ape=0.5346
[14:36:33] regretChangePotential 55% (1090/1980) regret=0.038678 ape=0.5346
[14:36:34] regretChangePotential 55% (1091/1980) regret=0.038678 ape=0.5346
[14:36:34] regretChangePotential 55% (1092/1980) regret=0.038678 ape=0.5346
[14:36:34] regretChangePotential 55% (1093/1980) regret=0.038678 ape=0.5346
[14:36:34] regretChangePotential 55% (1094/1980) regret=0.038678 ape=0.5346
[14:36:34] regretChangePotential 55% (1095/1980) regret=0.038438 ape=0.5336
[14:36:34] regretChangePotential 55% (1096/1980) regret=0.038438 ape=0.5336
[14:36:34] regretChangePotential 55% (1097/1980) regret=0.038438 ape=0.5336
[14:36:35] regretChangePotential 55% (1098/1980) regret=0.038438 ape=0.5336
[14:36:35] regretChangePotential 55% (1099/1980) regret=0.038438 ape=0.5336
[14:36:35] regretChangePotential 55% (1100/1980) regret=0.038503 ape=0.5336
[14:36:35] regretChangePotential 55% (1101/1980) regret=0.038503 ape=0.5336
[14:36:35] regretChangePotential 55% (1102/1980) regret=0.038471 ape=0.5336
[14:36:35] regretChangePotential 55% (1103/1980) regret=0.038471 ape=0.5336
[14:36:35] regretChangePotential 55% (1104/1980) regret=0.038143 ape=0.5336
[14:36:36] regretChangePotential 55% (1105/1980) regret=0.037830 ape=0.5327
[14:36:36] regretChangePotential 55% (1106/1980) regret=0.037830 ape=0.5327
[14:36:36] regretChangePotential 55% (1107/1980) regret=0.037830 ape=0.5327
[14:36:36] regretChangePotential 55% (1108/1980) regret=0.037830 ape=0.5327
[14:36:36] regretChangePotential 56% (1109/1980) regret=0.037830 ape=0.5327
[14:36:36] regretChangePotential 56% (1110/1980) regret=0.037830 ape=0.5327
[14:36:36] regretChangePotential 56% (1111/1980) regret=0.037830 ape=0.5327
[14:36:36] regretChangePotential 56% (1112/1980) regret=0.037813 ape=0.5327
[14:36:37] regretChangePotential 56% (1113/1980) regret=0.037813 ape=0.5327
[14:36:37] regretChangePotential 56% (1114/1980) regret=0.037813 ape=0.5327
[14:36:37] regretChangePotential 56% (1115/1980) regret=0.037813 ape=0.5327
[14:36:37] regretChangePotential 56% (1116/1980) regret=0.037824 ape=0.5327
[14:36:37] regretChangePotential 56% (1117/1980) regret=0.037824 ape=0.5327
[14:36:37] regretChangePotential 56% (1118/1980) regret=0.038108 ape=0.5318
[14:36:37] regretChangePotential 56% (1119/1980) regret=0.038108 ape=0.5318
[14:36:38] regretChangePotential 56% (1120/1980) regret=0.037647 ape=0.5309
[14:36:38] regretChangePotential 56% (1121/1980) regret=0.037592 ape=0.5300
[14:36:38] regretChangePotential 56% (1122/1980) regret=0.037592 ape=0.5300
[14:36:38] regretChangePotential 56% (1123/1980) regret=0.037574 ape=0.5300
[14:36:38] regretChangePotential 56% (1124/1980) regret=0.037592 ape=0.5300
[14:36:38] regretChangePotential 56% (1125/1980) regret=0.037523 ape=0.5300
[14:36:38] regretChangePotential 56% (1126/1980) regret=0.037523 ape=0.5300
[14:36:39] regretChangePotential 56% (1127/1980) regret=0.037523 ape=0.5300
[14:36:39] regretChangePotential 56% (1128/1980) regret=0.037523 ape=0.5300
[14:36:39] regretChangePotential 57% (1129/1980) regret=0.037523 ape=0.5300
[14:36:39] regretChangePotential 57% (1130/1980) regret=0.037523 ape=0.5300
[14:36:39] regretChangePotential 57% (1131/1980) regret=0.037523 ape=0.5300
[14:36:39] regretChangePotential 57% (1132/1980) regret=0.037523 ape=0.5300
[14:36:39] regretChangePotential 57% (1133/1980) regret=0.037523 ape=0.5300
[14:36:40] regretChangePotential 57% (1134/1980) regret=0.037523 ape=0.5300
[14:36:40] regretChangePotential 57% (1135/1980) regret=0.037523 ape=0.5300
[14:36:40] regretChangePotential 57% (1136/1980) regret=0.037602 ape=0.5300
[14:36:40] regretChangePotential 57% (1137/1980) regret=0.037479 ape=0.5300
[14:36:40] regretChangePotential 57% (1138/1980) regret=0.037462 ape=0.5300
[14:36:40] regretChangePotential 57% (1139/1980) regret=0.037462 ape=0.5300
[14:36:40] regretChangePotential 57% (1140/1980) regret=0.037481 ape=0.5300
[14:36:41] regretChangePotential 57% (1141/1980) regret=0.037379 ape=0.5300
[14:36:41] regretChangePotential 57% (1142/1980) regret=0.037402 ape=0.5300
[14:36:41] regretChangePotential 57% (1143/1980) regret=0.037181 ape=0.5281
[14:36:41] regretChangePotential 57% (1144/1980) regret=0.037380 ape=0.5281
[14:36:41] regretChangePotential 57% (1145/1980) regret=0.037294 ape=0.5281
[14:36:41] regretChangePotential 57% (1146/1980) regret=0.037562 ape=0.5281
[14:36:41] regretChangePotential 57% (1147/1980) regret=0.037707 ape=0.5290
[14:36:42] regretChangePotential 57% (1148/1980) regret=0.037707 ape=0.5290
[14:36:42] regretChangePotential 58% (1149/1980) regret=0.037633 ape=0.5281
[14:36:42] regretChangePotential 58% (1150/1980) regret=0.037541 ape=0.5281
[14:36:42] regretChangePotential 58% (1151/1980) regret=0.037661 ape=0.5281
[14:36:42] regretChangePotential 58% (1152/1980) regret=0.037633 ape=0.5272
[14:36:42] regretChangePotential 58% (1153/1980) regret=0.037702 ape=0.5272
[14:36:42] regretChangePotential 58% (1154/1980) regret=0.037659 ape=0.5272
[14:36:42] regretChangePotential 58% (1155/1980) regret=0.037595 ape=0.5263
[14:36:43] regretChangePotential 58% (1156/1980) regret=0.037595 ape=0.5263
[14:36:43] regretChangePotential 58% (1157/1980) regret=0.037595 ape=0.5263
[14:36:43] regretChangePotential 58% (1158/1980) regret=0.037595 ape=0.5263
[14:36:43] regretChangePotential 58% (1159/1980) regret=0.037595 ape=0.5263
[14:36:43] regretChangePotential 58% (1160/1980) regret=0.037595 ape=0.5263
[14:36:43] regretChangePotential 58% (1161/1980) regret=0.037604 ape=0.5263
[14:36:43] regretChangePotential 58% (1162/1980) regret=0.037419 ape=0.5253
[14:36:44] regretChangePotential 58% (1163/1980) regret=0.037419 ape=0.5253
[14:36:44] regretChangePotential 58% (1164/1980) regret=0.037102 ape=0.5253
[14:36:44] regretChangePotential 58% (1165/1980) regret=0.037102 ape=0.5253
[14:36:44] regretChangePotential 58% (1166/1980) regret=0.037249 ape=0.5263
[14:36:44] regretChangePotential 58% (1167/1980) regret=0.037249 ape=0.5263
[14:36:44] regretChangePotential 58% (1168/1980) regret=0.037263 ape=0.5263
[14:36:44] regretChangePotential 59% (1169/1980) regret=0.037327 ape=0.5272
[14:36:45] regretChangePotential 59% (1170/1980) regret=0.037263 ape=0.5263
[14:36:45] regretChangePotential 59% (1171/1980) regret=0.036945 ape=0.5263
[14:36:45] regretChangePotential 59% (1172/1980) regret=0.037258 ape=0.5263
[14:36:45] regretChangePotential 59% (1173/1980) regret=0.037258 ape=0.5263
[14:36:45] regretChangePotential 59% (1174/1980) regret=0.037258 ape=0.5263
[14:36:45] regretChangePotential 59% (1175/1980) regret=0.037258 ape=0.5263
[14:36:45] regretChangePotential 59% (1176/1980) regret=0.037240 ape=0.5263
[14:36:46] regretChangePotential 59% (1177/1980) regret=0.037244 ape=0.5263
[14:36:46] regretChangePotential 59% (1178/1980) regret=0.037277 ape=0.5263
[14:36:46] regretChangePotential 59% (1179/1980) regret=0.037277 ape=0.5263
[14:36:46] regretChangePotential 59% (1180/1980) regret=0.037277 ape=0.5263
[14:36:46] regretChangePotential 59% (1181/1980) regret=0.037277 ape=0.5263
[14:36:46] regretChangePotential 59% (1182/1980) regret=0.037277 ape=0.5263
[14:36:46] regretChangePotential 59% (1183/1980) regret=0.037277 ape=0.5263
[14:36:47] regretChangePotential 59% (1184/1980) regret=0.037277 ape=0.5263
[14:36:47] regretChangePotential 59% (1185/1980) regret=0.037274 ape=0.5263
[14:36:47] regretChangePotential 59% (1186/1980) regret=0.037274 ape=0.5263
[14:36:47] regretChangePotential 59% (1187/1980) regret=0.037274 ape=0.5263
[14:36:47] regretChangePotential 60% (1188/1980) regret=0.037274 ape=0.5263
[14:36:47] regretChangePotential 60% (1189/1980) regret=0.037274 ape=0.5263
[14:36:47] regretChangePotential 60% (1190/1980) regret=0.037274 ape=0.5263
[14:36:48] regretChangePotential 60% (1191/1980) regret=0.037177 ape=0.5263
[14:36:48] regretChangePotential 60% (1192/1980) regret=0.037177 ape=0.5263
[14:36:48] regretChangePotential 60% (1193/1980) regret=0.037177 ape=0.5263
[14:36:48] regretChangePotential 60% (1194/1980) regret=0.037177 ape=0.5263
[14:36:48] regretChangePotential 60% (1195/1980) regret=0.037126 ape=0.5253
[14:36:48] regretChangePotential 60% (1196/1980) regret=0.037126 ape=0.5253
[14:36:48] regretChangePotential 60% (1197/1980) regret=0.037126 ape=0.5253
[14:36:49] regretChangePotential 60% (1198/1980) regret=0.037198 ape=0.5253
[14:36:49] regretChangePotential 60% (1199/1980) regret=0.037198 ape=0.5253
[14:36:49] regretChangePotential 60% (1200/1980) regret=0.037198 ape=0.5253
[14:36:49] regretChangePotential 60% (1201/1980) regret=0.037198 ape=0.5253
[14:36:49] regretChangePotential 60% (1202/1980) regret=0.037198 ape=0.5253
[14:36:49] regretChangePotential 60% (1203/1980) regret=0.037198 ape=0.5253
[14:36:49] regretChangePotential 60% (1204/1980) regret=0.037198 ape=0.5253
[14:36:50] regretChangePotential 60% (1205/1980) regret=0.037198 ape=0.5253
[14:36:50] regretChangePotential 60% (1206/1980) regret=0.037198 ape=0.5253
[14:36:50] regretChangePotential 60% (1207/1980) regret=0.037198 ape=0.5253
[14:36:50] regretChangePotential 61% (1208/1980) regret=0.037198 ape=0.5253
[14:36:50] regretChangePotential 61% (1209/1980) regret=0.037198 ape=0.5253
[14:36:50] regretChangePotential 61% (1210/1980) regret=0.037198 ape=0.5253
[14:36:50] regretChangePotential 61% (1211/1980) regret=0.037195 ape=0.5253
[14:36:51] regretChangePotential 61% (1212/1980) regret=0.037195 ape=0.5253
[14:36:51] regretChangePotential 61% (1213/1980) regret=0.037195 ape=0.5253
[14:36:51] regretChangePotential 61% (1214/1980) regret=0.037195 ape=0.5253
[14:36:51] regretChangePotential 61% (1215/1980) regret=0.037195 ape=0.5253
[14:36:51] regretChangePotential 61% (1216/1980) regret=0.037195 ape=0.5253
[14:36:51] regretChangePotential 61% (1217/1980) regret=0.037195 ape=0.5253
[14:36:51] regretChangePotential 61% (1218/1980) regret=0.037195 ape=0.5253
[14:36:52] regretChangePotential 61% (1219/1980) regret=0.037195 ape=0.5253
[14:36:52] regretChangePotential 61% (1220/1980) regret=0.037195 ape=0.5253
[14:36:52] regretChangePotential 61% (1221/1980) regret=0.037195 ape=0.5253
[14:36:52] regretChangePotential 61% (1222/1980) regret=0.037195 ape=0.5253
[14:36:52] regretChangePotential 61% (1223/1980) regret=0.037195 ape=0.5253
[14:36:52] regretChangePotential 61% (1224/1980) regret=0.037195 ape=0.5253
[14:36:52] regretChangePotential 61% (1225/1980) regret=0.037195 ape=0.5253
[14:36:53] regretChangePotential 61% (1226/1980) regret=0.037195 ape=0.5253
[14:36:53] regretChangePotential 61% (1227/1980) regret=0.037195 ape=0.5253
[14:36:53] regretChangePotential 62% (1228/1980) regret=0.037195 ape=0.5253
[14:36:53] regretChangePotential 62% (1229/1980) regret=0.037195 ape=0.5253
[14:36:53] regretChangePotential 62% (1230/1980) regret=0.037195 ape=0.5253
[14:36:53] regretChangePotential 62% (1231/1980) regret=0.037195 ape=0.5253
[14:36:53] regretChangePotential 62% (1232/1980) regret=0.037195 ape=0.5253
[14:36:54] regretChangePotential 62% (1233/1980) regret=0.037195 ape=0.5253
[14:36:54] regretChangePotential 62% (1234/1980) regret=0.037195 ape=0.5253
[14:36:54] regretChangePotential 62% (1235/1980) regret=0.037214 ape=0.5253
[14:36:54] regretChangePotential 62% (1236/1980) regret=0.037214 ape=0.5253
[14:36:54] regretChangePotential 62% (1237/1980) regret=0.037214 ape=0.5253
[14:36:55] regretChangePotential 62% (1238/1980) regret=0.037215 ape=0.5253
[14:36:55] regretChangePotential 62% (1239/1980) regret=0.037245 ape=0.5253
[14:36:55] regretChangePotential 62% (1240/1980) regret=0.037301 ape=0.5253
[14:36:55] regretChangePotential 62% (1241/1980) regret=0.037301 ape=0.5253
[14:36:56] regretChangePotential 62% (1242/1980) regret=0.037387 ape=0.5253
[14:36:56] regretChangePotential 62% (1243/1980) regret=0.037834 ape=0.5253
[14:36:56] regretChangePotential 62% (1244/1980) regret=0.037323 ape=0.5235
[14:36:56] regretChangePotential 62% (1245/1980) regret=0.037323 ape=0.5235
[14:36:57] regretChangePotential 62% (1246/1980) regret=0.037304 ape=0.5235
[14:36:57] regretChangePotential 62% (1247/1980) regret=0.037304 ape=0.5235
[14:36:57] regretChangePotential 63% (1248/1980) regret=0.037304 ape=0.5235
[14:36:57] regretChangePotential 63% (1249/1980) regret=0.037295 ape=0.5235
[14:36:57] regretChangePotential 63% (1250/1980) regret=0.037249 ape=0.5235
[14:36:58] regretChangePotential 63% (1251/1980) regret=0.037175 ape=0.5235
[14:36:58] regretChangePotential 63% (1252/1980) regret=0.037258 ape=0.5235
[14:36:58] regretChangePotential 63% (1253/1980) regret=0.037258 ape=0.5235
[14:36:58] regretChangePotential 63% (1254/1980) regret=0.037235 ape=0.5235
[14:36:59] regretChangePotential 63% (1255/1980) regret=0.037235 ape=0.5235
[14:36:59] regretChangePotential 63% (1256/1980) regret=0.037235 ape=0.5235
[14:36:59] regretChangePotential 63% (1257/1980) regret=0.037544 ape=0.5244
[14:36:59] regretChangePotential 63% (1258/1980) regret=0.037235 ape=0.5235
[14:36:59] regretChangePotential 63% (1259/1980) regret=0.037189 ape=0.5226
[14:37:00] regretChangePotential 63% (1260/1980) regret=0.037189 ape=0.5226
[14:37:00] regretChangePotential 63% (1261/1980) regret=0.037189 ape=0.5226
[14:37:00] regretChangePotential 63% (1262/1980) regret=0.037177 ape=0.5226
[14:37:00] regretChangePotential 63% (1263/1980) regret=0.037177 ape=0.5226
[14:37:01] regretChangePotential 63% (1264/1980) regret=0.037177 ape=0.5226
[14:37:01] regretChangePotential 63% (1265/1980) regret=0.037177 ape=0.5226
[14:37:01] regretChangePotential 63% (1266/1980) regret=0.037177 ape=0.5226
[14:37:01] regretChangePotential 63% (1267/1980) regret=0.037177 ape=0.5226
[14:37:02] regretChangePotential 64% (1268/1980) regret=0.037186 ape=0.5235
[14:37:02] regretChangePotential 64% (1269/1980) regret=0.037140 ape=0.5244
[14:37:02] regretChangePotential 64% (1270/1980) regret=0.037085 ape=0.5235
[14:37:02] regretChangePotential 64% (1271/1980) regret=0.037048 ape=0.5226
[14:37:02] regretChangePotential 64% (1272/1980) regret=0.037078 ape=0.5226
[14:37:03] regretChangePotential 64% (1273/1980) regret=0.037078 ape=0.5226
[14:37:03] regretChangePotential 64% (1274/1980) regret=0.037355 ape=0.5235
[14:37:03] regretChangePotential 64% (1275/1980) regret=0.037078 ape=0.5226
[14:37:03] regretChangePotential 64% (1276/1980) regret=0.037072 ape=0.5226
[14:37:04] regretChangePotential 64% (1277/1980) regret=0.037071 ape=0.5226
[14:37:04] regretChangePotential 64% (1278/1980) regret=0.037071 ape=0.5226
[14:37:04] regretChangePotential 64% (1279/1980) regret=0.037071 ape=0.5226
[14:37:04] regretChangePotential 64% (1280/1980) regret=0.037015 ape=0.5226
[14:37:05] regretChangePotential 64% (1281/1980) regret=0.037015 ape=0.5226
[14:37:05] regretChangePotential 64% (1282/1980) regret=0.037015 ape=0.5226
[14:37:05] regretChangePotential 64% (1283/1980) regret=0.037040 ape=0.5226
[14:37:05] regretChangePotential 64% (1284/1980) regret=0.037015 ape=0.5226
[14:37:05] regretChangePotential 64% (1285/1980) regret=0.037015 ape=0.5226
[14:37:06] regretChangePotential 64% (1286/1980) regret=0.037015 ape=0.5226
[14:37:06] regretChangePotential 65% (1287/1980) regret=0.037015 ape=0.5226
[14:37:06] regretChangePotential 65% (1288/1980) regret=0.037015 ape=0.5226
[14:37:06] regretChangePotential 65% (1289/1980) regret=0.036931 ape=0.5226
[14:37:07] regretChangePotential 65% (1290/1980) regret=0.036787 ape=0.5217
[14:37:07] regretChangePotential 65% (1291/1980) regret=0.036667 ape=0.5207
[14:37:07] regretChangePotential 65% (1292/1980) regret=0.036667 ape=0.5207
[14:37:07] regretChangePotential 65% (1293/1980) regret=0.036667 ape=0.5207
[14:37:07] regretChangePotential 65% (1294/1980) regret=0.036698 ape=0.5217
[14:37:08] regretChangePotential 65% (1295/1980) regret=0.036698 ape=0.5217
[14:37:08] regretChangePotential 65% (1296/1980) regret=0.036698 ape=0.5217
[14:37:08] regretChangePotential 65% (1297/1980) regret=0.036911 ape=0.5217
[14:37:08] regretChangePotential 65% (1298/1980) regret=0.036683 ape=0.5207
[14:37:09] regretChangePotential 65% (1299/1980) regret=0.036841 ape=0.5207
[14:37:09] regretChangePotential 65% (1300/1980) regret=0.036634 ape=0.5207
[14:37:09] regretChangePotential 65% (1301/1980) regret=0.036672 ape=0.5207
[14:37:09] regretChangePotential 65% (1302/1980) regret=0.036672 ape=0.5207
[14:37:10] regretChangePotential 65% (1303/1980) regret=0.036672 ape=0.5207
[14:37:10] regretChangePotential 65% (1304/1980) regret=0.036759 ape=0.5207
[14:37:10] regretChangePotential 65% (1305/1980) regret=0.036557 ape=0.5198
[14:37:10] regretChangePotential 65% (1306/1980) regret=0.036271 ape=0.5198
[14:37:10] regretChangePotential 66% (1307/1980) regret=0.036271 ape=0.5198
[14:37:11] regretChangePotential 66% (1308/1980) regret=0.036271 ape=0.5198
[14:37:11] regretChangePotential 66% (1309/1980) regret=0.036179 ape=0.5189
[14:37:11] regretChangePotential 66% (1310/1980) regret=0.036206 ape=0.5198
[14:37:11] regretChangePotential 66% (1311/1980) regret=0.036206 ape=0.5198
[14:37:12] regretChangePotential 66% (1312/1980) regret=0.036196 ape=0.5189
[14:37:12] regretChangePotential 66% (1313/1980) regret=0.036188 ape=0.5189
[14:37:12] regretChangePotential 66% (1314/1980) regret=0.036188 ape=0.5189
[14:37:12] regretChangePotential 66% (1315/1980) regret=0.036188 ape=0.5189
[14:37:13] regretChangePotential 66% (1316/1980) regret=0.036188 ape=0.5189
[14:37:13] regretChangePotential 66% (1317/1980) regret=0.036188 ape=0.5189
[14:37:13] regretChangePotential 66% (1318/1980) regret=0.036188 ape=0.5189
[14:37:13] regretChangePotential 66% (1319/1980) regret=0.036188 ape=0.5189
[14:37:14] regretChangePotential 66% (1320/1980) regret=0.036188 ape=0.5189
[14:37:14] regretChangePotential 66% (1321/1980) regret=0.036188 ape=0.5189
[14:37:14] regretChangePotential 66% (1322/1980) regret=0.036188 ape=0.5189
[14:37:14] regretChangePotential 66% (1323/1980) regret=0.036188 ape=0.5189
[14:37:15] regretChangePotential 66% (1324/1980) regret=0.036188 ape=0.5189
[14:37:15] regretChangePotential 66% (1325/1980) regret=0.036114 ape=0.5189
[14:37:15] regretChangePotential 66% (1326/1980) regret=0.036114 ape=0.5189
[14:37:15] regretChangePotential 67% (1327/1980) regret=0.036114 ape=0.5189
[14:37:16] regretChangePotential 67% (1328/1980) regret=0.036114 ape=0.5189
[14:37:16] regretChangePotential 67% (1329/1980) regret=0.036114 ape=0.5189
[14:37:16] regretChangePotential 67% (1330/1980) regret=0.036114 ape=0.5189
[14:37:16] regretChangePotential 67% (1331/1980) regret=0.036114 ape=0.5189
[14:37:16] regretChangePotential 67% (1332/1980) regret=0.035847 ape=0.5180
[14:37:17] regretChangePotential 67% (1333/1980) regret=0.035847 ape=0.5180
[14:37:17] regretChangePotential 67% (1334/1980) regret=0.035847 ape=0.5180
[14:37:17] regretChangePotential 67% (1335/1980) regret=0.035847 ape=0.5180
[14:37:17] regretChangePotential 67% (1336/1980) regret=0.035847 ape=0.5180
[14:37:18] regretChangePotential 67% (1337/1980) regret=0.036004 ape=0.5180
[14:37:18] regretChangePotential 67% (1338/1980) regret=0.036004 ape=0.5180
[14:37:18] regretChangePotential 67% (1339/1980) regret=0.036004 ape=0.5180
[14:37:18] regretChangePotential 67% (1340/1980) regret=0.036004 ape=0.5180
[14:37:19] regretChangePotential 67% (1341/1980) regret=0.036004 ape=0.5180
[14:37:19] regretChangePotential 67% (1342/1980) regret=0.036004 ape=0.5180
[14:37:19] regretChangePotential 67% (1343/1980) regret=0.036041 ape=0.5180
[14:37:19] regretChangePotential 67% (1344/1980) regret=0.036041 ape=0.5180
[14:37:20] regretChangePotential 67% (1345/1980) regret=0.036041 ape=0.5180
[14:37:20] regretChangePotential 67% (1346/1980) regret=0.036041 ape=0.5180
[14:37:20] regretChangePotential 68% (1347/1980) regret=0.035515 ape=0.5180
[14:37:20] regretChangePotential 68% (1348/1980) regret=0.035515 ape=0.5180
[14:37:20] regretChangePotential 68% (1349/1980) regret=0.035515 ape=0.5180
[14:37:21] regretChangePotential 68% (1350/1980) regret=0.035515 ape=0.5180
[14:37:21] regretChangePotential 68% (1351/1980) regret=0.035515 ape=0.5180
[14:37:21] regretChangePotential 68% (1352/1980) regret=0.035515 ape=0.5180
[14:37:21] regretChangePotential 68% (1353/1980) regret=0.035515 ape=0.5180
[14:37:22] regretChangePotential 68% (1354/1980) regret=0.035515 ape=0.5180
[14:37:22] regretChangePotential 68% (1355/1980) regret=0.035515 ape=0.5180
[14:37:22] regretChangePotential 68% (1356/1980) regret=0.035630 ape=0.5189
[14:37:22] regretChangePotential 68% (1357/1980) regret=0.035414 ape=0.5180
[14:37:23] regretChangePotential 68% (1358/1980) regret=0.035414 ape=0.5180
[14:37:23] regretChangePotential 68% (1359/1980) regret=0.035414 ape=0.5180
[14:37:23] regretChangePotential 68% (1360/1980) regret=0.035414 ape=0.5180
[14:37:23] regretChangePotential 68% (1361/1980) regret=0.035414 ape=0.5180
[14:37:23] regretChangePotential 68% (1362/1980) regret=0.035432 ape=0.5189
[14:37:24] regretChangePotential 68% (1363/1980) regret=0.035432 ape=0.5189
[14:37:24] regretChangePotential 68% (1364/1980) regret=0.035340 ape=0.5189
[14:37:24] regretChangePotential 68% (1365/1980) regret=0.035082 ape=0.5180
[14:37:24] regretChangePotential 68% (1366/1980) regret=0.035082 ape=0.5180
[14:37:25] regretChangePotential 69% (1367/1980) regret=0.035102 ape=0.5180
[14:37:25] regretChangePotential 69% (1368/1980) regret=0.035102 ape=0.5180
[14:37:25] regretChangePotential 69% (1369/1980) regret=0.035125 ape=0.5180
[14:37:25] regretChangePotential 69% (1370/1980) regret=0.035125 ape=0.5180
[14:37:26] regretChangePotential 69% (1371/1980) regret=0.035125 ape=0.5180
[14:37:26] regretChangePotential 69% (1372/1980) regret=0.035079 ape=0.5180
[14:37:26] regretChangePotential 69% (1373/1980) regret=0.035079 ape=0.5180
[14:37:26] regretChangePotential 69% (1374/1980) regret=0.035084 ape=0.5180
[14:37:27] regretChangePotential 69% (1375/1980) regret=0.035107 ape=0.5180
[14:37:27] regretChangePotential 69% (1376/1980) regret=0.034821 ape=0.5171
[14:37:27] regretChangePotential 69% (1377/1980) regret=0.034821 ape=0.5171
[14:37:27] regretChangePotential 69% (1378/1980) regret=0.034775 ape=0.5171
[14:37:27] regretChangePotential 69% (1379/1980) regret=0.034795 ape=0.5171
[14:37:28] regretChangePotential 69% (1380/1980) regret=0.034816 ape=0.5171
[14:37:28] regretChangePotential 69% (1381/1980) regret=0.034908 ape=0.5180
[14:37:28] regretChangePotential 69% (1382/1980) regret=0.034945 ape=0.5180
[14:37:28] regretChangePotential 69% (1383/1980) regret=0.035035 ape=0.5189
[14:37:29] regretChangePotential 69% (1384/1980) regret=0.035109 ape=0.5189
[14:37:29] regretChangePotential 69% (1385/1980) regret=0.035060 ape=0.5189
[14:37:29] regretChangePotential 70% (1386/1980) regret=0.035060 ape=0.5189
[14:37:29] regretChangePotential 70% (1387/1980) regret=0.035060 ape=0.5189
[14:37:29] regretChangePotential 70% (1388/1980) regret=0.035033 ape=0.5198
[14:37:30] regretChangePotential 70% (1389/1980) regret=0.034805 ape=0.5189
[14:37:30] regretChangePotential 70% (1390/1980) regret=0.034805 ape=0.5189
[14:37:30] regretChangePotential 70% (1391/1980) regret=0.034805 ape=0.5189
[14:37:30] regretChangePotential 70% (1392/1980) regret=0.034653 ape=0.5180
[14:37:31] regretChangePotential 70% (1393/1980) regret=0.034709 ape=0.5180
[14:37:31] regretChangePotential 70% (1394/1980) regret=0.034653 ape=0.5180
[14:37:31] regretChangePotential 70% (1395/1980) regret=0.034653 ape=0.5180
[14:37:31] regretChangePotential 70% (1396/1980) regret=0.034653 ape=0.5180
[14:37:32] regretChangePotential 70% (1397/1980) regret=0.034653 ape=0.5180
[14:37:32] regretChangePotential 70% (1398/1980) regret=0.034653 ape=0.5180
[14:37:32] regretChangePotential 70% (1399/1980) regret=0.034709 ape=0.5180
[14:37:32] regretChangePotential 70% (1400/1980) regret=0.034709 ape=0.5180
[14:37:33] regretChangePotential 70% (1401/1980) regret=0.034709 ape=0.5180
[14:37:33] regretChangePotential 70% (1402/1980) regret=0.034709 ape=0.5180
[14:37:33] regretChangePotential 70% (1403/1980) regret=0.034709 ape=0.5180
[14:37:33] regretChangePotential 70% (1404/1980) regret=0.034709 ape=0.5180
[14:37:33] regretChangePotential 70% (1405/1980) regret=0.034676 ape=0.5180
[14:37:34] regretChangePotential 71% (1406/1980) regret=0.034568 ape=0.5180
[14:37:34] regretChangePotential 71% (1407/1980) regret=0.034319 ape=0.5180
[14:37:34] regretChangePotential 71% (1408/1980) regret=0.034319 ape=0.5180
[14:37:34] regretChangePotential 71% (1409/1980) regret=0.034319 ape=0.5180
[14:37:35] regretChangePotential 71% (1410/1980) regret=0.034139 ape=0.5171
[14:37:35] regretChangePotential 71% (1411/1980) regret=0.034195 ape=0.5171
[14:37:35] regretChangePotential 71% (1412/1980) regret=0.033866 ape=0.5161
[14:37:35] regretChangePotential 71% (1413/1980) regret=0.033829 ape=0.5161
[14:37:36] regretChangePotential 71% (1414/1980) regret=0.033394 ape=0.5152
[14:37:36] regretChangePotential 71% (1415/1980) regret=0.033394 ape=0.5152
[14:37:36] regretChangePotential 71% (1416/1980) regret=0.033394 ape=0.5152
[14:37:36] regretChangePotential 71% (1417/1980) regret=0.033330 ape=0.5152
[14:37:37] regretChangePotential 71% (1418/1980) regret=0.033100 ape=0.5143
[14:37:37] regretChangePotential 71% (1419/1980) regret=0.033049 ape=0.5143
[14:37:37] regretChangePotential 71% (1420/1980) regret=0.033049 ape=0.5143
[14:37:37] regretChangePotential 71% (1421/1980) regret=0.033049 ape=0.5143
[14:37:37] regretChangePotential 71% (1422/1980) regret=0.033049 ape=0.5143
[14:37:38] regretChangePotential 71% (1423/1980) regret=0.033049 ape=0.5143
[14:37:38] regretChangePotential 71% (1424/1980) regret=0.033049 ape=0.5143
[14:37:38] regretChangePotential 71% (1425/1980) regret=0.033049 ape=0.5143
[14:37:38] regretChangePotential 72% (1426/1980) regret=0.033049 ape=0.5143
[14:37:39] regretChangePotential 72% (1427/1980) regret=0.033132 ape=0.5143
[14:37:39] regretChangePotential 72% (1428/1980) regret=0.033132 ape=0.5143
[14:37:39] regretChangePotential 72% (1429/1980) regret=0.033132 ape=0.5143
[14:37:39] regretChangePotential 72% (1430/1980) regret=0.033132 ape=0.5143
[14:37:39] regretChangePotential 72% (1431/1980) regret=0.033132 ape=0.5143
[14:37:40] regretChangePotential 72% (1432/1980) regret=0.033132 ape=0.5143
[14:37:40] regretChangePotential 72% (1433/1980) regret=0.033132 ape=0.5143
[14:37:40] regretChangePotential 72% (1434/1980) regret=0.033132 ape=0.5143
[14:37:40] regretChangePotential 72% (1435/1980) regret=0.033132 ape=0.5143
[14:37:41] regretChangePotential 72% (1436/1980) regret=0.033132 ape=0.5143
[14:37:41] regretChangePotential 72% (1437/1980) regret=0.033132 ape=0.5143
[14:37:41] regretChangePotential 72% (1438/1980) regret=0.033132 ape=0.5143
[14:37:41] regretChangePotential 72% (1439/1980) regret=0.033132 ape=0.5143
[14:37:42] regretChangePotential 72% (1440/1980) regret=0.033132 ape=0.5143
[14:37:42] regretChangePotential 72% (1441/1980) regret=0.033132 ape=0.5143
[14:37:42] regretChangePotential 72% (1442/1980) regret=0.033132 ape=0.5143
[14:37:42] regretChangePotential 72% (1443/1980) regret=0.033132 ape=0.5143
[14:37:42] regretChangePotential 72% (1444/1980) regret=0.033132 ape=0.5143
[14:37:43] regretChangePotential 72% (1445/1980) regret=0.033132 ape=0.5143
[14:37:43] regretChangePotential 73% (1446/1980) regret=0.033132 ape=0.5143
[14:37:43] regretChangePotential 73% (1447/1980) regret=0.033132 ape=0.5143
[14:37:43] regretChangePotential 73% (1448/1980) regret=0.033132 ape=0.5143
[14:37:44] regretChangePotential 73% (1449/1980) regret=0.033132 ape=0.5143
[14:37:44] regretChangePotential 73% (1450/1980) regret=0.033132 ape=0.5143
[14:37:44] regretChangePotential 73% (1451/1980) regret=0.033132 ape=0.5143
[14:37:44] regretChangePotential 73% (1452/1980) regret=0.033132 ape=0.5143
[14:37:44] regretChangePotential 73% (1453/1980) regret=0.033132 ape=0.5143
[14:37:45] regretChangePotential 73% (1454/1980) regret=0.033132 ape=0.5143
[14:37:45] regretChangePotential 73% (1455/1980) regret=0.033132 ape=0.5143
[14:37:45] regretChangePotential 73% (1456/1980) regret=0.033132 ape=0.5143
[14:37:45] regretChangePotential 73% (1457/1980) regret=0.033132 ape=0.5143
[14:37:46] regretChangePotential 73% (1458/1980) regret=0.033132 ape=0.5143
[14:37:46] regretChangePotential 73% (1459/1980) regret=0.033132 ape=0.5143
[14:37:46] regretChangePotential 73% (1460/1980) regret=0.033132 ape=0.5143
[14:37:46] regretChangePotential 73% (1461/1980) regret=0.033132 ape=0.5143
[14:37:46] regretChangePotential 73% (1462/1980) regret=0.033132 ape=0.5143
[14:37:47] regretChangePotential 73% (1463/1980) regret=0.033132 ape=0.5143
[14:37:47] regretChangePotential 73% (1464/1980) regret=0.033132 ape=0.5143
[14:37:47] regretChangePotential 73% (1465/1980) regret=0.033132 ape=0.5143
[14:37:47] regretChangePotential 74% (1466/1980) regret=0.033132 ape=0.5143
[14:37:47] regretChangePotential 74% (1467/1980) regret=0.033132 ape=0.5143
[14:37:48] regretChangePotential 74% (1468/1980) regret=0.033132 ape=0.5143
[14:37:48] regretChangePotential 74% (1469/1980) regret=0.033132 ape=0.5143
[14:37:48] regretChangePotential 74% (1470/1980) regret=0.033132 ape=0.5143
[14:37:48] regretChangePotential 74% (1471/1980) regret=0.033132 ape=0.5143
[14:37:49] regretChangePotential 74% (1472/1980) regret=0.033132 ape=0.5143
[14:37:49] regretChangePotential 74% (1473/1980) regret=0.033132 ape=0.5143
[14:37:49] regretChangePotential 74% (1474/1980) regret=0.033132 ape=0.5143
[14:37:49] regretChangePotential 74% (1475/1980) regret=0.033132 ape=0.5143
[14:37:49] regretChangePotential 74% (1476/1980) regret=0.033132 ape=0.5143
[14:37:50] regretChangePotential 74% (1477/1980) regret=0.033132 ape=0.5143
[14:37:50] regretChangePotential 74% (1478/1980) regret=0.033132 ape=0.5143
[14:37:50] regretChangePotential 74% (1479/1980) regret=0.033132 ape=0.5143
[14:37:50] regretChangePotential 74% (1480/1980) regret=0.033132 ape=0.5143
[14:37:51] regretChangePotential 74% (1481/1980) regret=0.033063 ape=0.5134
[14:37:51] regretChangePotential 74% (1482/1980) regret=0.033063 ape=0.5134
[14:37:51] regretChangePotential 74% (1483/1980) regret=0.033063 ape=0.5134
[14:37:51] regretChangePotential 74% (1484/1980) regret=0.033063 ape=0.5134
[14:37:52] regretChangePotential 75% (1485/1980) regret=0.033063 ape=0.5134
[14:37:52] regretChangePotential 75% (1486/1980) regret=0.033063 ape=0.5134
[14:37:52] regretChangePotential 75% (1487/1980) regret=0.033063 ape=0.5134
[14:37:52] regretChangePotential 75% (1488/1980) regret=0.032926 ape=0.5143
[14:37:53] regretChangePotential 75% (1489/1980) regret=0.032926 ape=0.5143
[14:37:53] regretChangePotential 75% (1490/1980) regret=0.032926 ape=0.5143
[14:37:53] regretChangePotential 75% (1491/1980) regret=0.032926 ape=0.5143
[14:37:53] regretChangePotential 75% (1492/1980) regret=0.032926 ape=0.5143
[14:37:53] regretChangePotential 75% (1493/1980) regret=0.032926 ape=0.5143
[14:37:54] regretChangePotential 75% (1494/1980) regret=0.032890 ape=0.5134
[14:37:54] regretChangePotential 75% (1495/1980) regret=0.032894 ape=0.5134
[14:37:54] regretChangePotential 75% (1496/1980) regret=0.032894 ape=0.5134
[14:37:54] regretChangePotential 75% (1497/1980) regret=0.032894 ape=0.5134
[14:37:55] regretChangePotential 75% (1498/1980) regret=0.032848 ape=0.5124
[14:37:55] regretChangePotential 75% (1499/1980) regret=0.032609 ape=0.5115
[14:37:55] regretChangePotential 75% (1500/1980) regret=0.032609 ape=0.5115
[14:37:55] regretChangePotential 75% (1501/1980) regret=0.032609 ape=0.5115
[14:37:56] regretChangePotential 75% (1502/1980) regret=0.032489 ape=0.5106
[14:37:56] regretChangePotential 75% (1503/1980) regret=0.032544 ape=0.5106
[14:37:56] regretChangePotential 75% (1504/1980) regret=0.032544 ape=0.5106
[14:37:56] regretChangePotential 76% (1505/1980) regret=0.032406 ape=0.5097
[14:37:57] regretChangePotential 76% (1506/1980) regret=0.032406 ape=0.5097
[14:37:57] regretChangePotential 76% (1507/1980) regret=0.032406 ape=0.5097
[14:37:57] regretChangePotential 76% (1508/1980) regret=0.032406 ape=0.5097
[14:37:57] regretChangePotential 76% (1509/1980) regret=0.032473 ape=0.5106
[14:37:57] regretChangePotential 76% (1510/1980) regret=0.032489 ape=0.5097
[14:37:58] regretChangePotential 76% (1511/1980) regret=0.032489 ape=0.5097
[14:37:58] regretChangePotential 76% (1512/1980) regret=0.032489 ape=0.5097
[14:37:58] regretChangePotential 76% (1513/1980) regret=0.032489 ape=0.5097
[14:37:58] regretChangePotential 76% (1514/1980) regret=0.032489 ape=0.5097
[14:37:59] regretChangePotential 76% (1515/1980) regret=0.032489 ape=0.5097
[14:37:59] regretChangePotential 76% (1516/1980) regret=0.032489 ape=0.5097
[14:37:59] regretChangePotential 76% (1517/1980) regret=0.032489 ape=0.5097
[14:37:59] regretChangePotential 76% (1518/1980) regret=0.032489 ape=0.5097
[14:38:00] regretChangePotential 76% (1519/1980) regret=0.032489 ape=0.5097
[14:38:00] regretChangePotential 76% (1520/1980) regret=0.032493 ape=0.5097
[14:38:00] regretChangePotential 76% (1521/1980) regret=0.032493 ape=0.5097
[14:38:00] regretChangePotential 76% (1522/1980) regret=0.032493 ape=0.5097
[14:38:01] regretChangePotential 76% (1523/1980) regret=0.032493 ape=0.5097
[14:38:01] regretChangePotential 76% (1524/1980) regret=0.032258 ape=0.5088
[14:38:01] regretChangePotential 77% (1525/1980) regret=0.032258 ape=0.5088
[14:38:01] regretChangePotential 77% (1526/1980) regret=0.032258 ape=0.5088
[14:38:02] regretChangePotential 77% (1527/1980) regret=0.032221 ape=0.5088
[14:38:02] regretChangePotential 77% (1528/1980) regret=0.032221 ape=0.5088
[14:38:02] regretChangePotential 77% (1529/1980) regret=0.032221 ape=0.5088
[14:38:02] regretChangePotential 77% (1530/1980) regret=0.032056 ape=0.5088
[14:38:02] regretChangePotential 77% (1531/1980) regret=0.032056 ape=0.5088
[14:38:03] regretChangePotential 77% (1532/1980) regret=0.032000 ape=0.5078
[14:38:03] regretChangePotential 77% (1533/1980) regret=0.032000 ape=0.5078
[14:38:03] regretChangePotential 77% (1534/1980) regret=0.032000 ape=0.5078
[14:38:03] regretChangePotential 77% (1535/1980) regret=0.032040 ape=0.5078
[14:38:04] regretChangePotential 77% (1536/1980) regret=0.032000 ape=0.5078
[14:38:04] regretChangePotential 77% (1537/1980) regret=0.032000 ape=0.5078
[14:38:04] regretChangePotential 77% (1538/1980) regret=0.031945 ape=0.5069
[14:38:04] regretChangePotential 77% (1539/1980) regret=0.031917 ape=0.5060
[14:38:05] regretChangePotential 77% (1540/1980) regret=0.031936 ape=0.5069
[14:38:05] regretChangePotential 77% (1541/1980) regret=0.031936 ape=0.5069
[14:38:05] regretChangePotential 77% (1542/1980) regret=0.031931 ape=0.5060
[14:38:05] regretChangePotential 77% (1543/1980) regret=0.031931 ape=0.5060
[14:38:06] regretChangePotential 77% (1544/1980) regret=0.031885 ape=0.5051
[14:38:06] regretChangePotential 78% (1545/1980) regret=0.031885 ape=0.5051
[14:38:06] regretChangePotential 78% (1546/1980) regret=0.031885 ape=0.5051
[14:38:06] regretChangePotential 78% (1547/1980) regret=0.031931 ape=0.5051
[14:38:06] regretChangePotential 78% (1548/1980) regret=0.032005 ape=0.5051
[14:38:07] regretChangePotential 78% (1549/1980) regret=0.031885 ape=0.5051
[14:38:07] regretChangePotential 78% (1550/1980) regret=0.031885 ape=0.5051
[14:38:07] regretChangePotential 78% (1551/1980) regret=0.031719 ape=0.5051
[14:38:07] regretChangePotential 78% (1552/1980) regret=0.031719 ape=0.5051
[14:38:08] regretChangePotential 78% (1553/1980) regret=0.031650 ape=0.5051
[14:38:08] regretChangePotential 78% (1554/1980) regret=0.031503 ape=0.5051
[14:38:08] regretChangePotential 78% (1555/1980) regret=0.031503 ape=0.5051
[14:38:08] regretChangePotential 78% (1556/1980) regret=0.031496 ape=0.5051
[14:38:08] regretChangePotential 78% (1557/1980) regret=0.031496 ape=0.5051
[14:38:09] regretChangePotential 78% (1558/1980) regret=0.031496 ape=0.5051
[14:38:09] regretChangePotential 78% (1559/1980) regret=0.031413 ape=0.5051
[14:38:09] regretChangePotential 78% (1560/1980) regret=0.031383 ape=0.5051
[14:38:09] regretChangePotential 78% (1561/1980) regret=0.031383 ape=0.5051
[14:38:10] regretChangePotential 78% (1562/1980) regret=0.031368 ape=0.5041
[14:38:10] regretChangePotential 78% (1563/1980) regret=0.031276 ape=0.5041
[14:38:10] regretChangePotential 78% (1564/1980) regret=0.031161 ape=0.5041
[14:38:10] regretChangePotential 79% (1565/1980) regret=0.031161 ape=0.5041
[14:38:11] regretChangePotential 79% (1566/1980) regret=0.031161 ape=0.5041
[14:38:11] regretChangePotential 79% (1567/1980) regret=0.031319 ape=0.5041
[14:38:11] regretChangePotential 79% (1568/1980) regret=0.031146 ape=0.5032
[14:38:11] regretChangePotential 79% (1569/1980) regret=0.031146 ape=0.5032
[14:38:11] regretChangePotential 79% (1570/1980) regret=0.031146 ape=0.5032
[14:38:12] regretChangePotential 79% (1571/1980) regret=0.031146 ape=0.5032
[14:38:12] regretChangePotential 79% (1572/1980) regret=0.031146 ape=0.5032
[14:38:12] regretChangePotential 79% (1573/1980) regret=0.031146 ape=0.5032
[14:38:12] regretChangePotential 79% (1574/1980) regret=0.031146 ape=0.5032
[14:38:12] regretChangePotential 79% (1575/1980) regret=0.031146 ape=0.5032
[14:38:13] regretChangePotential 79% (1576/1980) regret=0.031146 ape=0.5032
[14:38:13] regretChangePotential 79% (1577/1980) regret=0.031146 ape=0.5032
[14:38:13] regretChangePotential 79% (1578/1980) regret=0.031146 ape=0.5032
[14:38:13] regretChangePotential 79% (1579/1980) regret=0.031146 ape=0.5032
[14:38:13] regretChangePotential 79% (1580/1980) regret=0.031146 ape=0.5032
[14:38:13] regretChangePotential 79% (1581/1980) regret=0.031146 ape=0.5032
[14:38:14] regretChangePotential 79% (1582/1980) regret=0.031146 ape=0.5032
[14:38:14] regretChangePotential 79% (1583/1980) regret=0.031146 ape=0.5032
[14:38:14] regretChangePotential 80% (1584/1980) regret=0.031146 ape=0.5032
[14:38:14] regretChangePotential 80% (1585/1980) regret=0.031146 ape=0.5032
[14:38:14] regretChangePotential 80% (1586/1980) regret=0.031146 ape=0.5032
[14:38:14] regretChangePotential 80% (1587/1980) regret=0.031146 ape=0.5032
[14:38:15] regretChangePotential 80% (1588/1980) regret=0.031146 ape=0.5032
[14:38:15] regretChangePotential 80% (1589/1980) regret=0.031146 ape=0.5032
[14:38:15] regretChangePotential 80% (1590/1980) regret=0.031146 ape=0.5032
[14:38:15] regretChangePotential 80% (1591/1980) regret=0.031118 ape=0.5032
[14:38:15] regretChangePotential 80% (1592/1980) regret=0.031118 ape=0.5032
[14:38:15] regretChangePotential 80% (1593/1980) regret=0.031118 ape=0.5032
[14:38:15] regretChangePotential 80% (1594/1980) regret=0.031118 ape=0.5032
[14:38:16] regretChangePotential 80% (1595/1980) regret=0.031161 ape=0.5032
[14:38:16] regretChangePotential 80% (1596/1980) regret=0.031138 ape=0.5032
[14:38:16] regretChangePotential 80% (1597/1980) regret=0.031138 ape=0.5032
[14:38:16] regretChangePotential 80% (1598/1980) regret=0.031138 ape=0.5032
[14:38:16] regretChangePotential 80% (1599/1980) regret=0.031138 ape=0.5032
[14:38:16] regretChangePotential 80% (1600/1980) regret=0.031138 ape=0.5032
[14:38:16] regretChangePotential 80% (1601/1980) regret=0.031138 ape=0.5032
[14:38:17] regretChangePotential 80% (1602/1980) regret=0.031117 ape=0.5023
[14:38:17] regretChangePotential 80% (1603/1980) regret=0.031117 ape=0.5023
[14:38:17] regretChangePotential 81% (1604/1980) regret=0.031117 ape=0.5023
[14:38:17] regretChangePotential 81% (1605/1980) regret=0.031117 ape=0.5023
[14:38:17] regretChangePotential 81% (1606/1980) regret=0.031117 ape=0.5023
[14:38:17] regretChangePotential 81% (1607/1980) regret=0.031117 ape=0.5023
[14:38:17] regretChangePotential 81% (1608/1980) regret=0.031117 ape=0.5023
[14:38:18] regretChangePotential 81% (1609/1980) regret=0.031117 ape=0.5023
[14:38:18] regretChangePotential 81% (1610/1980) regret=0.031117 ape=0.5023
[14:38:18] regretChangePotential 81% (1611/1980) regret=0.031117 ape=0.5023
[14:38:18] regretChangePotential 81% (1612/1980) regret=0.031117 ape=0.5023
[14:38:18] regretChangePotential 81% (1613/1980) regret=0.031117 ape=0.5023
[14:38:18] regretChangePotential 81% (1614/1980) regret=0.031117 ape=0.5023
[14:38:18] regretChangePotential 81% (1615/1980) regret=0.031117 ape=0.5023
[14:38:18] regretChangePotential 81% (1616/1980) regret=0.031117 ape=0.5023
[14:38:19] regretChangePotential 81% (1617/1980) regret=0.031117 ape=0.5023
[14:38:19] regretChangePotential 81% (1618/1980) regret=0.031117 ape=0.5023
[14:38:19] regretChangePotential 81% (1619/1980) regret=0.031117 ape=0.5023
[14:38:19] regretChangePotential 81% (1620/1980) regret=0.031117 ape=0.5023
[14:38:19] regretChangePotential 81% (1621/1980) regret=0.031117 ape=0.5023
[14:38:19] regretChangePotential 81% (1622/1980) regret=0.031117 ape=0.5023
[14:38:19] regretChangePotential 81% (1623/1980) regret=0.031117 ape=0.5023
[14:38:20] regretChangePotential 82% (1624/1980) regret=0.031117 ape=0.5023
[14:38:20] regretChangePotential 82% (1625/1980) regret=0.031090 ape=0.5023
[14:38:20] regretChangePotential 82% (1626/1980) regret=0.031090 ape=0.5023
[14:38:20] regretChangePotential 82% (1627/1980) regret=0.031090 ape=0.5023
[14:38:20] regretChangePotential 82% (1628/1980) regret=0.031090 ape=0.5023
[14:38:20] regretChangePotential 82% (1629/1980) regret=0.031090 ape=0.5023
[14:38:20] regretChangePotential 82% (1630/1980) regret=0.031090 ape=0.5023
[14:38:21] regretChangePotential 82% (1631/1980) regret=0.031090 ape=0.5023
[14:38:21] regretChangePotential 82% (1632/1980) regret=0.031090 ape=0.5023
[14:38:21] regretChangePotential 82% (1633/1980) regret=0.031090 ape=0.5023
[14:38:21] regretChangePotential 82% (1634/1980) regret=0.031090 ape=0.5023
[14:38:21] regretChangePotential 82% (1635/1980) regret=0.031090 ape=0.5023
[14:38:21] regretChangePotential 82% (1636/1980) regret=0.031090 ape=0.5023
[14:38:21] regretChangePotential 82% (1637/1980) regret=0.031090 ape=0.5023
[14:38:22] regretChangePotential 82% (1638/1980) regret=0.031090 ape=0.5023
[14:38:22] regretChangePotential 82% (1639/1980) regret=0.031090 ape=0.5023
[14:38:22] regretChangePotential 82% (1640/1980) regret=0.031090 ape=0.5023
[14:38:22] regretChangePotential 82% (1641/1980) regret=0.031090 ape=0.5023
[14:38:22] regretChangePotential 82% (1642/1980) regret=0.031090 ape=0.5023
[14:38:22] regretChangePotential 82% (1643/1980) regret=0.031090 ape=0.5023
[14:38:22] regretChangePotential 83% (1644/1980) regret=0.031090 ape=0.5023
[14:38:22] regretChangePotential 83% (1645/1980) regret=0.031090 ape=0.5023
[14:38:23] regretChangePotential 83% (1646/1980) regret=0.031090 ape=0.5023
[14:38:23] regretChangePotential 83% (1647/1980) regret=0.031048 ape=0.5023
[14:38:23] regretChangePotential 83% (1648/1980) regret=0.031048 ape=0.5023
[14:38:23] regretChangePotential 83% (1649/1980) regret=0.030962 ape=0.5023
[14:38:23] regretChangePotential 83% (1650/1980) regret=0.030833 ape=0.5014
[14:38:23] regretChangePotential 83% (1651/1980) regret=0.030833 ape=0.5014
[14:38:23] regretChangePotential 83% (1652/1980) regret=0.030833 ape=0.5014
[14:38:24] regretChangePotential 83% (1653/1980) regret=0.030866 ape=0.5014
[14:38:24] regretChangePotential 83% (1654/1980) regret=0.030803 ape=0.5014
[14:38:24] regretChangePotential 83% (1655/1980) regret=0.030801 ape=0.5014
[14:38:24] regretChangePotential 83% (1656/1980) regret=0.030801 ape=0.5014
[14:38:24] regretChangePotential 83% (1657/1980) regret=0.030801 ape=0.5014
[14:38:24] regretChangePotential 83% (1658/1980) regret=0.030801 ape=0.5014
[14:38:24] regretChangePotential 83% (1659/1980) regret=0.030801 ape=0.5014
[14:38:25] regretChangePotential 83% (1660/1980) regret=0.030552 ape=0.5014
[14:38:25] regretChangePotential 83% (1661/1980) regret=0.030552 ape=0.5014
[14:38:25] regretChangePotential 83% (1662/1980) regret=0.030460 ape=0.5014
[14:38:25] regretChangePotential 83% (1663/1980) regret=0.030552 ape=0.5014
[14:38:25] regretChangePotential 84% (1664/1980) regret=0.030552 ape=0.5014
[14:38:25] regretChangePotential 84% (1665/1980) regret=0.030552 ape=0.5014
[14:38:25] regretChangePotential 84% (1666/1980) regret=0.030552 ape=0.5014
[14:38:25] regretChangePotential 84% (1667/1980) regret=0.030552 ape=0.5014
[14:38:26] regretChangePotential 84% (1668/1980) regret=0.030552 ape=0.5014
[14:38:26] regretChangePotential 84% (1669/1980) regret=0.030552 ape=0.5014
[14:38:26] regretChangePotential 84% (1670/1980) regret=0.030552 ape=0.5014
[14:38:26] regretChangePotential 84% (1671/1980) regret=0.030552 ape=0.5014
[14:38:26] regretChangePotential 84% (1672/1980) regret=0.030552 ape=0.5014
[14:38:26] regretChangePotential 84% (1673/1980) regret=0.030253 ape=0.5005
[14:38:27] regretChangePotential 84% (1674/1980) regret=0.030253 ape=0.5005
[14:38:27] regretChangePotential 84% (1675/1980) regret=0.030253 ape=0.5005
[14:38:27] regretChangePotential 84% (1676/1980) regret=0.030253 ape=0.5005
[14:38:27] regretChangePotential 84% (1677/1980) regret=0.030253 ape=0.5005
[14:38:27] regretChangePotential 84% (1678/1980) regret=0.030253 ape=0.5005
[14:38:27] regretChangePotential 84% (1679/1980) regret=0.030216 ape=0.4995
[14:38:27] regretChangePotential 84% (1680/1980) regret=0.030262 ape=0.4995
[14:38:27] regretChangePotential 84% (1681/1980) regret=0.030262 ape=0.4995
[14:38:28] regretChangePotential 84% (1682/1980) regret=0.030262 ape=0.4995
[14:38:28] regretChangePotential 85% (1683/1980) regret=0.030262 ape=0.4995
[14:38:28] regretChangePotential 85% (1684/1980) regret=0.030262 ape=0.4995
[14:38:28] regretChangePotential 85% (1685/1980) regret=0.030326 ape=0.4995
[14:38:28] regretChangePotential 85% (1686/1980) regret=0.030262 ape=0.4995
[14:38:28] regretChangePotential 85% (1687/1980) regret=0.030262 ape=0.4995
[14:38:28] regretChangePotential 85% (1688/1980) regret=0.030262 ape=0.4995
[14:38:29] regretChangePotential 85% (1689/1980) regret=0.030262 ape=0.4995
[14:38:29] regretChangePotential 85% (1690/1980) regret=0.030262 ape=0.4995
[14:38:29] regretChangePotential 85% (1691/1980) regret=0.030262 ape=0.4995
[14:38:29] regretChangePotential 85% (1692/1980) regret=0.030262 ape=0.4995
[14:38:29] regretChangePotential 85% (1693/1980) regret=0.030262 ape=0.4995
[14:38:29] regretChangePotential 85% (1694/1980) regret=0.030262 ape=0.4995
[14:38:30] regretChangePotential 85% (1695/1980) regret=0.030262 ape=0.4995
[14:38:30] regretChangePotential 85% (1696/1980) regret=0.030262 ape=0.4995
[14:38:30] regretChangePotential 85% (1697/1980) regret=0.030340 ape=0.5005
[14:38:30] regretChangePotential 85% (1698/1980) regret=0.030331 ape=0.5005
[14:38:30] regretChangePotential 85% (1699/1980) regret=0.030340 ape=0.5005
[14:38:30] regretChangePotential 85% (1700/1980) regret=0.030340 ape=0.5005
[14:38:30] regretChangePotential 85% (1701/1980) regret=0.030340 ape=0.5005
[14:38:31] regretChangePotential 85% (1702/1980) regret=0.030340 ape=0.5005
[14:38:31] regretChangePotential 86% (1703/1980) regret=0.030340 ape=0.5005
[14:38:31] regretChangePotential 86% (1704/1980) regret=0.030340 ape=0.5005
[14:38:31] regretChangePotential 86% (1705/1980) regret=0.030320 ape=0.5005
[14:38:31] regretChangePotential 86% (1706/1980) regret=0.030320 ape=0.5005
[14:38:31] regretChangePotential 86% (1707/1980) regret=0.030661 ape=0.5014
[14:38:31] regretChangePotential 86% (1708/1980) regret=0.030661 ape=0.5014
[14:38:32] regretChangePotential 86% (1709/1980) regret=0.030661 ape=0.5014
[14:38:32] regretChangePotential 86% (1710/1980) regret=0.030661 ape=0.5014
[14:38:32] regretChangePotential 86% (1711/1980) regret=0.030636 ape=0.5005
[14:38:32] regretChangePotential 86% (1712/1980) regret=0.030636 ape=0.5005
[14:38:32] regretChangePotential 86% (1713/1980) regret=0.030636 ape=0.5005
[14:38:32] regretChangePotential 86% (1714/1980) regret=0.030636 ape=0.5005
[14:38:32] regretChangePotential 86% (1715/1980) regret=0.030636 ape=0.5005
[14:38:33] regretChangePotential 86% (1716/1980) regret=0.030636 ape=0.5005
[14:38:33] regretChangePotential 86% (1717/1980) regret=0.030719 ape=0.5005
[14:38:33] regretChangePotential 86% (1718/1980) regret=0.030636 ape=0.5005
[14:38:33] regretChangePotential 86% (1719/1980) regret=0.030636 ape=0.5005
[14:38:33] regretChangePotential 86% (1720/1980) regret=0.030636 ape=0.5005
[14:38:33] regretChangePotential 86% (1721/1980) regret=0.030636 ape=0.5005
[14:38:33] regretChangePotential 86% (1722/1980) regret=0.030636 ape=0.5005
[14:38:34] regretChangePotential 87% (1723/1980) regret=0.030636 ape=0.5005
[14:38:34] regretChangePotential 87% (1724/1980) regret=0.030636 ape=0.5005
[14:38:34] regretChangePotential 87% (1725/1980) regret=0.030862 ape=0.5005
[14:38:34] regretChangePotential 87% (1726/1980) regret=0.030862 ape=0.5005
[14:38:34] regretChangePotential 87% (1727/1980) regret=0.030862 ape=0.5005
[14:38:34] regretChangePotential 87% (1728/1980) regret=0.030862 ape=0.5005
[14:38:34] regretChangePotential 87% (1729/1980) regret=0.030862 ape=0.5005
[14:38:35] regretChangePotential 87% (1730/1980) regret=0.030760 ape=0.4995
[14:38:35] regretChangePotential 87% (1731/1980) regret=0.030774 ape=0.4995
[14:38:35] regretChangePotential 87% (1732/1980) regret=0.030774 ape=0.4995
[14:38:35] regretChangePotential 87% (1733/1980) regret=0.030774 ape=0.4995
[14:38:35] regretChangePotential 87% (1734/1980) regret=0.030774 ape=0.4995
[14:38:35] regretChangePotential 87% (1735/1980) regret=0.030779 ape=0.4995
[14:38:35] regretChangePotential 87% (1736/1980) regret=0.030779 ape=0.4995
[14:38:36] regretChangePotential 87% (1737/1980) regret=0.030779 ape=0.4995
[14:38:36] regretChangePotential 87% (1738/1980) regret=0.030779 ape=0.4995
[14:38:36] regretChangePotential 87% (1739/1980) regret=0.030779 ape=0.4995
[14:38:36] regretChangePotential 87% (1740/1980) regret=0.030779 ape=0.4995
[14:38:36] regretChangePotential 87% (1741/1980) regret=0.030779 ape=0.4995
[14:38:36] regretChangePotential 87% (1742/1980) regret=0.030779 ape=0.4995
[14:38:36] regretChangePotential 88% (1743/1980) regret=0.030779 ape=0.4995
[14:38:37] regretChangePotential 88% (1744/1980) regret=0.030779 ape=0.4995
[14:38:37] regretChangePotential 88% (1745/1980) regret=0.030779 ape=0.4995
[14:38:37] regretChangePotential 88% (1746/1980) regret=0.030779 ape=0.4995
[14:38:37] regretChangePotential 88% (1747/1980) regret=0.030779 ape=0.4995
[14:38:37] regretChangePotential 88% (1748/1980) regret=0.030779 ape=0.4995
[14:38:37] regretChangePotential 88% (1749/1980) regret=0.030779 ape=0.4995
[14:38:37] regretChangePotential 88% (1750/1980) regret=0.030779 ape=0.4995
[14:38:38] regretChangePotential 88% (1751/1980) regret=0.030779 ape=0.4995
[14:38:38] regretChangePotential 88% (1752/1980) regret=0.030779 ape=0.4995
[14:38:38] regretChangePotential 88% (1753/1980) regret=0.030779 ape=0.4995
[14:38:38] regretChangePotential 88% (1754/1980) regret=0.030779 ape=0.4995
[14:38:38] regretChangePotential 88% (1755/1980) regret=0.030829 ape=0.5005
[14:38:38] regretChangePotential 88% (1756/1980) regret=0.030829 ape=0.5005
[14:38:38] regretChangePotential 88% (1757/1980) regret=0.030829 ape=0.5005
[14:38:39] regretChangePotential 88% (1758/1980) regret=0.030675 ape=0.4995
[14:38:39] regretChangePotential 88% (1759/1980) regret=0.030675 ape=0.4995
[14:38:39] regretChangePotential 88% (1760/1980) regret=0.030675 ape=0.4995
[14:38:39] regretChangePotential 88% (1761/1980) regret=0.030675 ape=0.4995
[14:38:39] regretChangePotential 88% (1762/1980) regret=0.030675 ape=0.4995
[14:38:39] regretChangePotential 89% (1763/1980) regret=0.030675 ape=0.4995
[14:38:39] regretChangePotential 89% (1764/1980) regret=0.030675 ape=0.4995
[14:38:40] regretChangePotential 89% (1765/1980) regret=0.030675 ape=0.4995
[14:38:40] regretChangePotential 89% (1766/1980) regret=0.030675 ape=0.4995
[14:38:40] regretChangePotential 89% (1767/1980) regret=0.030675 ape=0.4995
[14:38:40] regretChangePotential 89% (1768/1980) regret=0.030675 ape=0.4995
[14:38:40] regretChangePotential 89% (1769/1980) regret=0.030675 ape=0.4995
[14:38:40] regretChangePotential 89% (1770/1980) regret=0.030583 ape=0.4986
[14:38:40] regretChangePotential 89% (1771/1980) regret=0.030583 ape=0.4986
[14:38:40] regretChangePotential 89% (1772/1980) regret=0.030583 ape=0.4986
[14:38:41] regretChangePotential 89% (1773/1980) regret=0.030583 ape=0.4986
[14:38:41] regretChangePotential 89% (1774/1980) regret=0.030583 ape=0.4986
[14:38:41] regretChangePotential 89% (1775/1980) regret=0.030583 ape=0.4986
[14:38:41] regretChangePotential 89% (1776/1980) regret=0.030583 ape=0.4986
[14:38:41] regretChangePotential 89% (1777/1980) regret=0.030583 ape=0.4986
[14:38:41] regretChangePotential 89% (1778/1980) regret=0.030583 ape=0.4986
[14:38:41] regretChangePotential 89% (1779/1980) regret=0.030583 ape=0.4986
[14:38:42] regretChangePotential 89% (1780/1980) regret=0.030583 ape=0.4986
[14:38:42] regretChangePotential 89% (1781/1980) regret=0.030583 ape=0.4986
[14:38:42] regretChangePotential 90% (1782/1980) regret=0.030583 ape=0.4986
[14:38:42] regretChangePotential 90% (1783/1980) regret=0.030357 ape=0.4986
[14:38:42] regretChangePotential 90% (1784/1980) regret=0.030357 ape=0.4986
[14:38:42] regretChangePotential 90% (1785/1980) regret=0.030357 ape=0.4986
[14:38:42] regretChangePotential 90% (1786/1980) regret=0.030357 ape=0.4986
[14:38:43] regretChangePotential 90% (1787/1980) regret=0.030357 ape=0.4986
[14:38:43] regretChangePotential 90% (1788/1980) regret=0.030357 ape=0.4986
[14:38:43] regretChangePotential 90% (1789/1980) regret=0.030016 ape=0.4977
[14:38:43] regretChangePotential 90% (1790/1980) regret=0.030016 ape=0.4977
[14:38:43] regretChangePotential 90% (1791/1980) regret=0.030016 ape=0.4977
[14:38:43] regretChangePotential 90% (1792/1980) regret=0.030016 ape=0.4977
[14:38:43] regretChangePotential 90% (1793/1980) regret=0.030048 ape=0.4977
[14:38:43] regretChangePotential 90% (1794/1980) regret=0.030048 ape=0.4977
[14:38:44] regretChangePotential 90% (1795/1980) regret=0.029991 ape=0.4968
[14:38:44] regretChangePotential 90% (1796/1980) regret=0.029991 ape=0.4968
[14:38:44] regretChangePotential 90% (1797/1980) regret=0.029991 ape=0.4968
[14:38:44] regretChangePotential 90% (1798/1980) regret=0.029991 ape=0.4968
[14:38:44] regretChangePotential 90% (1799/1980) regret=0.029971 ape=0.4968
[14:38:44] regretChangePotential 90% (1800/1980) regret=0.029643 ape=0.4968
[14:38:44] regretChangePotential 90% (1801/1980) regret=0.029643 ape=0.4968
[14:38:45] regretChangePotential 91% (1802/1980) regret=0.029731 ape=0.4977
[14:38:45] regretChangePotential 91% (1803/1980) regret=0.029731 ape=0.4977
[14:38:45] regretChangePotential 91% (1804/1980) regret=0.029731 ape=0.4977
[14:38:45] regretChangePotential 91% (1805/1980) regret=0.029888 ape=0.4986
[14:38:45] regretChangePotential 91% (1806/1980) regret=0.029731 ape=0.4977
[14:38:45] regretChangePotential 91% (1807/1980) regret=0.029731 ape=0.4977
[14:38:46] regretChangePotential 91% (1808/1980) regret=0.029731 ape=0.4977
[14:38:46] regretChangePotential 91% (1809/1980) regret=0.029731 ape=0.4977
[14:38:46] regretChangePotential 91% (1810/1980) regret=0.029792 ape=0.4986
[14:38:46] regretChangePotential 91% (1811/1980) regret=0.029792 ape=0.4986
[14:38:46] regretChangePotential 91% (1812/1980) regret=0.029829 ape=0.4986
[14:38:46] regretChangePotential 91% (1813/1980) regret=0.029829 ape=0.4986
[14:38:46] regretChangePotential 91% (1814/1980) regret=0.029829 ape=0.4986
[14:38:47] regretChangePotential 91% (1815/1980) regret=0.029829 ape=0.4986
[14:38:47] regretChangePotential 91% (1816/1980) regret=0.029829 ape=0.4986
[14:38:47] regretChangePotential 91% (1817/1980) regret=0.029829 ape=0.4986
[14:38:47] regretChangePotential 91% (1818/1980) regret=0.029815 ape=0.4986
[14:38:47] regretChangePotential 91% (1819/1980) regret=0.029815 ape=0.4986
[14:38:47] regretChangePotential 91% (1820/1980) regret=0.029866 ape=0.4986
[14:38:47] regretChangePotential 91% (1821/1980) regret=0.029829 ape=0.4986
[14:38:48] regretChangePotential 92% (1822/1980) regret=0.029829 ape=0.4986
[14:38:48] regretChangePotential 92% (1823/1980) regret=0.029829 ape=0.4986
[14:38:48] regretChangePotential 92% (1824/1980) regret=0.029829 ape=0.4986
[14:38:48] regretChangePotential 92% (1825/1980) regret=0.029829 ape=0.4986
[14:38:48] regretChangePotential 92% (1826/1980) regret=0.029955 ape=0.4986
[14:38:48] regretChangePotential 92% (1827/1980) regret=0.029882 ape=0.4977
[14:38:48] regretChangePotential 92% (1828/1980) regret=0.029955 ape=0.4986
[14:38:49] regretChangePotential 92% (1829/1980) regret=0.029955 ape=0.4986
[14:38:49] regretChangePotential 92% (1830/1980) regret=0.029955 ape=0.4986
[14:38:49] regretChangePotential 92% (1831/1980) regret=0.030057 ape=0.4995
[14:38:49] regretChangePotential 92% (1832/1980) regret=0.030057 ape=0.4995
[14:38:49] regretChangePotential 92% (1833/1980) regret=0.029984 ape=0.4995
[14:38:49] regretChangePotential 92% (1834/1980) regret=0.029984 ape=0.4995
[14:38:49] regretChangePotential 92% (1835/1980) regret=0.029984 ape=0.4995
[14:38:50] regretChangePotential 92% (1836/1980) regret=0.029984 ape=0.4995
[14:38:50] regretChangePotential 92% (1837/1980) regret=0.029984 ape=0.4995
[14:38:50] regretChangePotential 92% (1838/1980) regret=0.029984 ape=0.4995
[14:38:50] regretChangePotential 92% (1839/1980) regret=0.029984 ape=0.4995
[14:38:50] regretChangePotential 92% (1840/1980) regret=0.029984 ape=0.4995
[14:38:50] regretChangePotential 92% (1841/1980) regret=0.029984 ape=0.4995
[14:38:50] regretChangePotential 93% (1842/1980) regret=0.029984 ape=0.4995
[14:38:51] regretChangePotential 93% (1843/1980) regret=0.029682 ape=0.4986
[14:38:51] regretChangePotential 93% (1844/1980) regret=0.029630 ape=0.4986
[14:38:51] regretChangePotential 93% (1845/1980) regret=0.029630 ape=0.4986
[14:38:51] regretChangePotential 93% (1846/1980) regret=0.029630 ape=0.4986
[14:38:51] regretChangePotential 93% (1847/1980) regret=0.029630 ape=0.4986
[14:38:51] regretChangePotential 93% (1848/1980) regret=0.029630 ape=0.4986
[14:38:51] regretChangePotential 93% (1849/1980) regret=0.029630 ape=0.4986
[14:38:52] regretChangePotential 93% (1850/1980) regret=0.029630 ape=0.4986
[14:38:52] regretChangePotential 93% (1851/1980) regret=0.029630 ape=0.4986
[14:38:52] regretChangePotential 93% (1852/1980) regret=0.029630 ape=0.4986
[14:38:52] regretChangePotential 93% (1853/1980) regret=0.029630 ape=0.4986
[14:38:52] regretChangePotential 93% (1854/1980) regret=0.029630 ape=0.4986
[14:38:52] regretChangePotential 93% (1855/1980) regret=0.029630 ape=0.4986
[14:38:52] regretChangePotential 93% (1856/1980) regret=0.029567 ape=0.4986
[14:38:53] regretChangePotential 93% (1857/1980) regret=0.029630 ape=0.4986
[14:38:53] regretChangePotential 93% (1858/1980) regret=0.029360 ape=0.4986
[14:38:53] regretChangePotential 93% (1859/1980) regret=0.029360 ape=0.4986
[14:38:53] regretChangePotential 93% (1860/1980) regret=0.029360 ape=0.4986
[14:38:53] regretChangePotential 93% (1861/1980) regret=0.029360 ape=0.4986
[14:38:53] regretChangePotential 94% (1862/1980) regret=0.029360 ape=0.4986
[14:38:54] regretChangePotential 94% (1863/1980) regret=0.029360 ape=0.4986
[14:38:54] regretChangePotential 94% (1864/1980) regret=0.029391 ape=0.4995
[14:38:54] regretChangePotential 94% (1865/1980) regret=0.029360 ape=0.4986
[14:38:54] regretChangePotential 94% (1866/1980) regret=0.029323 ape=0.4977
[14:38:54] regretChangePotential 94% (1867/1980) regret=0.029323 ape=0.4977
[14:38:55] regretChangePotential 94% (1868/1980) regret=0.029323 ape=0.4977
[14:38:55] regretChangePotential 94% (1869/1980) regret=0.029323 ape=0.4977
[14:38:55] regretChangePotential 94% (1870/1980) regret=0.029332 ape=0.4977
[14:38:55] regretChangePotential 94% (1871/1980) regret=0.029332 ape=0.4977
[14:38:56] regretChangePotential 94% (1872/1980) regret=0.029332 ape=0.4977
[14:38:56] regretChangePotential 94% (1873/1980) regret=0.029342 ape=0.4977
[14:38:56] regretChangePotential 94% (1874/1980) regret=0.029342 ape=0.4977
[14:38:56] regretChangePotential 94% (1875/1980) regret=0.029328 ape=0.4968
[14:38:57] regretChangePotential 94% (1876/1980) regret=0.029434 ape=0.4977
[14:38:57] regretChangePotential 94% (1877/1980) regret=0.029328 ape=0.4968
[14:38:57] regretChangePotential 94% (1878/1980) regret=0.029328 ape=0.4968
[14:38:57] regretChangePotential 94% (1879/1980) regret=0.029372 ape=0.4968
[14:38:58] regretChangePotential 94% (1880/1980) regret=0.029372 ape=0.4968
[14:38:58] regretChangePotential 95% (1881/1980) regret=0.029331 ape=0.4968
[14:38:58] regretChangePotential 95% (1882/1980) regret=0.029331 ape=0.4968
[14:38:58] regretChangePotential 95% (1883/1980) regret=0.029331 ape=0.4968
[14:38:59] regretChangePotential 95% (1884/1980) regret=0.029331 ape=0.4968
[14:38:59] regretChangePotential 95% (1885/1980) regret=0.029740 ape=0.4968
[14:38:59] regretChangePotential 95% (1886/1980) regret=0.029300 ape=0.4959
[14:38:59] regretChangePotential 95% (1887/1980) regret=0.029291 ape=0.4959
[14:38:59] regretChangePotential 95% (1888/1980) regret=0.029291 ape=0.4959
[14:39:00] regretChangePotential 95% (1889/1980) regret=0.029226 ape=0.4949
[14:39:00] regretChangePotential 95% (1890/1980) regret=0.029280 ape=0.4949
[14:39:00] regretChangePotential 95% (1891/1980) regret=0.029225 ape=0.4940
[14:39:00] regretChangePotential 95% (1892/1980) regret=0.029225 ape=0.4940
[14:39:01] regretChangePotential 95% (1893/1980) regret=0.029366 ape=0.4949
[14:39:01] regretChangePotential 95% (1894/1980) regret=0.029283 ape=0.4949
[14:39:01] regretChangePotential 95% (1895/1980) regret=0.029283 ape=0.4949
[14:39:01] regretChangePotential 95% (1896/1980) regret=0.029283 ape=0.4949
[14:39:02] regretChangePotential 95% (1897/1980) regret=0.029283 ape=0.4949
[14:39:02] regretChangePotential 95% (1898/1980) regret=0.029283 ape=0.4949
[14:39:02] regretChangePotential 95% (1899/1980) regret=0.029260 ape=0.4949
[14:39:02] regretChangePotential 95% (1900/1980) regret=0.029173 ape=0.4940
[14:39:03] regretChangePotential 96% (1901/1980) regret=0.029228 ape=0.4949
[14:39:03] regretChangePotential 96% (1902/1980) regret=0.029265 ape=0.4949
[14:39:03] regretChangePotential 96% (1903/1980) regret=0.029265 ape=0.4949
[14:39:03] regretChangePotential 96% (1904/1980) regret=0.029265 ape=0.4949
[14:39:04] regretChangePotential 96% (1905/1980) regret=0.029265 ape=0.4949
[14:39:04] regretChangePotential 96% (1906/1980) regret=0.029265 ape=0.4949
[14:39:04] regretChangePotential 96% (1907/1980) regret=0.029265 ape=0.4949
[14:39:04] regretChangePotential 96% (1908/1980) regret=0.029265 ape=0.4949
[14:39:05] regretChangePotential 96% (1909/1980) regret=0.029265 ape=0.4949
[14:39:05] regretChangePotential 96% (1910/1980) regret=0.029265 ape=0.4949
[14:39:05] regretChangePotential 96% (1911/1980) regret=0.029265 ape=0.4949
[14:39:05] regretChangePotential 96% (1912/1980) regret=0.029265 ape=0.4949
[14:39:06] regretChangePotential 96% (1913/1980) regret=0.029265 ape=0.4949
[14:39:06] regretChangePotential 96% (1914/1980) regret=0.029265 ape=0.4949
[14:39:06] regretChangePotential 96% (1915/1980) regret=0.029265 ape=0.4949
[14:39:06] regretChangePotential 96% (1916/1980) regret=0.029265 ape=0.4949
[14:39:06] regretChangePotential 96% (1917/1980) regret=0.029265 ape=0.4949
[14:39:07] regretChangePotential 96% (1918/1980) regret=0.029265 ape=0.4949
[14:39:07] regretChangePotential 96% (1919/1980) regret=0.029265 ape=0.4949
[14:39:07] regretChangePotential 96% (1920/1980) regret=0.029265 ape=0.4949
[14:39:07] regretChangePotential 97% (1921/1980) regret=0.029265 ape=0.4949
[14:39:08] regretChangePotential 97% (1922/1980) regret=0.029265 ape=0.4949
[14:39:08] regretChangePotential 97% (1923/1980) regret=0.029265 ape=0.4949
[14:39:08] regretChangePotential 97% (1924/1980) regret=0.029265 ape=0.4949
[14:39:08] regretChangePotential 97% (1925/1980) regret=0.029265 ape=0.4949
[14:39:09] regretChangePotential 97% (1926/1980) regret=0.029265 ape=0.4949
[14:39:09] regretChangePotential 97% (1927/1980) regret=0.029265 ape=0.4949
[14:39:09] regretChangePotential 97% (1928/1980) regret=0.029265 ape=0.4949
[14:39:09] regretChangePotential 97% (1929/1980) regret=0.029265 ape=0.4949
[14:39:10] regretChangePotential 97% (1930/1980) regret=0.029265 ape=0.4949
[14:39:10] regretChangePotential 97% (1931/1980) regret=0.029265 ape=0.4949
[14:39:10] regretChangePotential 97% (1932/1980) regret=0.029265 ape=0.4949
[14:39:10] regretChangePotential 97% (1933/1980) regret=0.029265 ape=0.4949
[14:39:11] regretChangePotential 97% (1934/1980) regret=0.029265 ape=0.4949
[14:39:11] regretChangePotential 97% (1935/1980) regret=0.029265 ape=0.4949
[14:39:11] regretChangePotential 97% (1936/1980) regret=0.029265 ape=0.4949
[14:39:11] regretChangePotential 97% (1937/1980) regret=0.029265 ape=0.4949
[14:39:11] regretChangePotential 97% (1938/1980) regret=0.029265 ape=0.4949
[14:39:12] regretChangePotential 97% (1939/1980) regret=0.029265 ape=0.4949
[14:39:12] regretChangePotential 97% (1940/1980) regret=0.029225 ape=0.4940
[14:39:12] regretChangePotential 98% (1941/1980) regret=0.029124 ape=0.4931
[14:39:12] regretChangePotential 98% (1942/1980) regret=0.029027 ape=0.4931
[14:39:13] regretChangePotential 98% (1943/1980) regret=0.029105 ape=0.4931
[14:39:13] regretChangePotential 98% (1944/1980) regret=0.029105 ape=0.4931
[14:39:13] regretChangePotential 98% (1945/1980) regret=0.029133 ape=0.4931
[14:39:13] regretChangePotential 98% (1946/1980) regret=0.029105 ape=0.4931
[14:39:14] regretChangePotential 98% (1947/1980) regret=0.029081 ape=0.4931
[14:39:14] regretChangePotential 98% (1948/1980) regret=0.029081 ape=0.4931
[14:39:14] regretChangePotential 98% (1949/1980) regret=0.029104 ape=0.4940
[14:39:14] regretChangePotential 98% (1950/1980) regret=0.029134 ape=0.4949
[14:39:14] regretChangePotential 98% (1951/1980) regret=0.029122 ape=0.4949
[14:39:15] regretChangePotential 98% (1952/1980) regret=0.029122 ape=0.4949
[14:39:15] regretChangePotential 98% (1953/1980) regret=0.029122 ape=0.4949
[14:39:15] regretChangePotential 98% (1954/1980) regret=0.029122 ape=0.4949
[14:39:15] regretChangePotential 98% (1955/1980) regret=0.029122 ape=0.4949
[14:39:15] regretChangePotential 98% (1956/1980) regret=0.029122 ape=0.4949
[14:39:16] regretChangePotential 98% (1957/1980) regret=0.029122 ape=0.4949
[14:39:16] regretChangePotential 98% (1958/1980) regret=0.029122 ape=0.4949
[14:39:16] regretChangePotential 98% (1959/1980) regret=0.029122 ape=0.4949
[14:39:16] regretChangePotential 98% (1960/1980) regret=0.029148 ape=0.4959
[14:39:17] regretChangePotential 99% (1961/1980) regret=0.029148 ape=0.4959
[14:39:17] regretChangePotential 99% (1962/1980) regret=0.029148 ape=0.4959
[14:39:17] regretChangePotential 99% (1963/1980) regret=0.029148 ape=0.4959
[14:39:17] regretChangePotential 99% (1964/1980) regret=0.029148 ape=0.4959
[14:39:18] regretChangePotential 99% (1965/1980) regret=0.029148 ape=0.4959
[14:39:18] regretChangePotential 99% (1966/1980) regret=0.029148 ape=0.4959
[14:39:18] regretChangePotential 99% (1967/1980) regret=0.029145 ape=0.4959
[14:39:18] regretChangePotential 99% (1968/1980) regret=0.029145 ape=0.4959
[14:39:18] regretChangePotential 99% (1969/1980) regret=0.029145 ape=0.4959
[14:39:19] regretChangePotential 99% (1970/1980) regret=0.029145 ape=0.4959
[14:39:19] regretChangePotential 99% (1971/1980) regret=0.029145 ape=0.4959
[14:39:19] regretChangePotential 99% (1972/1980) regret=0.029145 ape=0.4959
[14:39:19] regretChangePotential 99% (1973/1980) regret=0.029145 ape=0.4959
[14:39:20] regretChangePotential 99% (1974/1980) regret=0.029145 ape=0.4959
[14:39:20] regretChangePotential 99% (1975/1980) regret=0.029145 ape=0.4959
[14:39:20] regretChangePotential 99% (1976/1980) regret=0.029145 ape=0.4959
[14:39:20] regretChangePotential 99% (1977/1980) regret=0.029145 ape=0.4959
[14:39:21] regretChangePotential 99% (1978/1980) regret=0.029145 ape=0.4959
[14:39:21] regretChangePotential 99% (1979/1980) regret=0.029145 ape=0.4959
Baseline finished: 1980 points, 379.76s wall time
  Final: regret=0.029145, ape=0.4959

Saved JSON: /home/users/g/s/gsavary/LudiiMCTSVariations/slurm_sweep_full_dataset/results_20260425_143236/sweep_baseline_2_20260425_143921.json

Generating plots...
Saved regret plot: /home/users/g/s/gsavary/LudiiMCTSVariations/slurm_sweep_full_dataset/results_20260425_143236/sweep_baseline_2_20260425_143921_regret.png
Saved APE plot: /home/users/g/s/gsavary/LudiiMCTSVariations/slurm_sweep_full_dataset/results_20260425_143236/sweep_baseline_2_20260425_143921_ape.png

======================================================================
EXPERIMENT COMPLETE
======================================================================
Results saved to: /home/users/g/s/gsavary/LudiiMCTSVariations/slurm_sweep_full_dataset/results_20260425_143236
JSON file: sweep_baseline_2_20260425_143921.json
Experiment finished. Results saved to: /home/users/g/s/gsavary/LudiiMCTSVariations/slurm_sweep_full_dataset/results_20260425_143236
