Starting experiment...
Project root: /home/users/g/s/gsavary/LudiiMCTSVariations
Method: warm:5
Output dir: /home/users/g/s/gsavary/LudiiMCTSVariations/slurm_sweep_full_dataset/results_20260425_143907
Seed: 2
Time limit:  seconds


======================================================================
SLURM Sweep Experiment - Single Method
======================================================================
Method: warm:5
Time limit: 7200.0s, Seed: 2, Batch size: 20
Output directory: /home/users/g/s/gsavary/LudiiMCTSVariations/slurm_sweep_full_dataset/results_20260425_143907

Loading Ludii dataset...
Loaded 1085 games
Using 1085 games (full dataset, no subsampling)

Running timing probe (100 pulls)...
  Estimated secs/pull: 0.021823

Time budget: 7200.0s → ~329923 total pulls
Per-method budget: 47131 pulls (~1028.6s)

Computing predictor-only performance...
  Predictions load failed: 118

Running WARM-START (w=5)...
[14:39:32] warmStart 0% (0/2357) regret=0.135757 ape=0.7060
[14:39:32] warmStart 0% (1/2357) regret=0.135771 ape=0.7069
[14:39:32] warmStart 0% (2/2357) regret=0.135736 ape=0.7069
[14:39:32] warmStart 0% (3/2357) regret=0.135726 ape=0.7069
[14:39:32] warmStart 0% (4/2357) regret=0.134947 ape=0.7051
[14:39:33] warmStart 0% (5/2357) regret=0.134975 ape=0.7051
[14:39:33] warmStart 0% (6/2357) regret=0.134975 ape=0.7051
[14:39:33] warmStart 0% (7/2357) regret=0.135067 ape=0.7051
[14:39:33] warmStart 0% (8/2357) regret=0.134721 ape=0.7051
[14:39:33] warmStart 0% (9/2357) regret=0.134859 ape=0.7060
[14:39:33] warmStart 0% (10/2357) regret=0.133072 ape=0.7041
[14:39:33] warmStart 0% (11/2357) regret=0.132901 ape=0.7032
[14:39:34] warmStart 0% (12/2357) regret=0.132600 ape=0.7032
[14:39:34] warmStart 0% (13/2357) regret=0.131996 ape=0.7023
[14:39:34] warmStart 0% (14/2357) regret=0.131996 ape=0.7023
[14:39:34] warmStart 0% (15/2357) regret=0.130351 ape=0.7005
[14:39:34] warmStart 0% (16/2357) regret=0.130079 ape=0.6995
[14:39:34] warmStart 0% (17/2357) regret=0.128886 ape=0.6995
[14:39:34] warmStart 0% (18/2357) regret=0.128373 ape=0.6995
[14:39:35] warmStart 0% (19/2357) regret=0.128381 ape=0.7005
[14:39:35] warmStart 0% (20/2357) regret=0.128163 ape=0.7005
[14:39:35] warmStart 0% (21/2357) regret=0.128080 ape=0.6995
[14:39:35] warmStart 0% (22/2357) regret=0.128080 ape=0.6995
[14:39:35] warmStart 0% (23/2357) regret=0.127186 ape=0.6986
[14:39:35] warmStart 1% (24/2357) regret=0.127213 ape=0.6977
[14:39:35] warmStart 1% (25/2357) regret=0.127186 ape=0.6977
[14:39:36] warmStart 1% (26/2357) regret=0.126978 ape=0.6977
[14:39:36] warmStart 1% (27/2357) regret=0.126858 ape=0.6968
[14:39:36] warmStart 1% (28/2357) regret=0.126653 ape=0.6968
[14:39:36] warmStart 1% (29/2357) regret=0.126358 ape=0.6959
[14:39:36] warmStart 1% (30/2357) regret=0.126358 ape=0.6959
[14:39:36] warmStart 1% (31/2357) regret=0.126358 ape=0.6959
[14:39:36] warmStart 1% (32/2357) regret=0.126358 ape=0.6959
[14:39:37] warmStart 1% (33/2357) regret=0.125582 ape=0.6940
[14:39:37] warmStart 1% (34/2357) regret=0.125582 ape=0.6940
[14:39:37] warmStart 1% (35/2357) regret=0.125292 ape=0.6940
[14:39:37] warmStart 1% (36/2357) regret=0.125292 ape=0.6940
[14:39:37] warmStart 1% (37/2357) regret=0.125393 ape=0.6940
[14:39:37] warmStart 1% (38/2357) regret=0.125393 ape=0.6940
[14:39:37] warmStart 1% (39/2357) regret=0.125131 ape=0.6931
[14:39:38] warmStart 1% (40/2357) regret=0.124472 ape=0.6931
[14:39:38] warmStart 1% (41/2357) regret=0.124472 ape=0.6931
[14:39:38] warmStart 1% (42/2357) regret=0.124472 ape=0.6931
[14:39:38] warmStart 1% (43/2357) regret=0.124180 ape=0.6931
[14:39:38] warmStart 1% (44/2357) regret=0.124180 ape=0.6931
[14:39:38] warmStart 1% (45/2357) regret=0.124180 ape=0.6931
[14:39:38] warmStart 1% (46/2357) regret=0.124180 ape=0.6931
[14:39:38] warmStart 1% (47/2357) regret=0.124180 ape=0.6931
[14:39:39] warmStart 2% (48/2357) regret=0.124180 ape=0.6931
[14:39:39] warmStart 2% (49/2357) regret=0.123395 ape=0.6912
[14:39:39] warmStart 2% (50/2357) regret=0.122717 ape=0.6903
[14:39:39] warmStart 2% (51/2357) regret=0.122342 ape=0.6903
[14:39:39] warmStart 2% (52/2357) regret=0.121828 ape=0.6885
[14:39:39] warmStart 2% (53/2357) regret=0.121213 ape=0.6876
[14:39:39] warmStart 2% (54/2357) regret=0.119218 ape=0.6866
[14:39:40] warmStart 2% (55/2357) regret=0.117604 ape=0.6857
[14:39:40] warmStart 2% (56/2357) regret=0.117871 ape=0.6857
[14:39:40] warmStart 2% (57/2357) regret=0.117871 ape=0.6857
[14:39:40] warmStart 2% (58/2357) regret=0.117604 ape=0.6857
[14:39:40] warmStart 2% (59/2357) regret=0.117742 ape=0.6857
[14:39:40] warmStart 2% (60/2357) regret=0.117742 ape=0.6857
[14:39:40] warmStart 2% (61/2357) regret=0.117678 ape=0.6848
[14:39:41] warmStart 2% (62/2357) regret=0.117589 ape=0.6848
[14:39:41] warmStart 2% (63/2357) regret=0.117728 ape=0.6848
[14:39:41] warmStart 2% (64/2357) regret=0.116993 ape=0.6848
[14:39:41] warmStart 2% (65/2357) regret=0.115678 ape=0.6829
[14:39:41] warmStart 2% (66/2357) regret=0.115784 ape=0.6829
[14:39:41] warmStart 2% (67/2357) regret=0.115189 ape=0.6829
[14:39:41] warmStart 2% (68/2357) regret=0.115189 ape=0.6829
[14:39:42] warmStart 2% (69/2357) regret=0.114673 ape=0.6829
[14:39:42] warmStart 2% (70/2357) regret=0.114673 ape=0.6829
[14:39:42] warmStart 3% (71/2357) regret=0.112257 ape=0.6802
[14:39:42] warmStart 3% (72/2357) regret=0.111796 ape=0.6802
[14:39:42] warmStart 3% (73/2357) regret=0.111406 ape=0.6811
[14:39:42] warmStart 3% (74/2357) regret=0.111221 ape=0.6811
[14:39:42] warmStart 3% (75/2357) regret=0.110604 ape=0.6793
[14:39:43] warmStart 3% (76/2357) regret=0.110596 ape=0.6793
[14:39:43] warmStart 3% (77/2357) regret=0.110578 ape=0.6793
[14:39:43] warmStart 3% (78/2357) regret=0.109942 ape=0.6783
[14:39:43] warmStart 3% (79/2357) regret=0.108426 ape=0.6774
[14:39:43] warmStart 3% (80/2357) regret=0.107822 ape=0.6765
[14:39:43] warmStart 3% (81/2357) regret=0.107478 ape=0.6756
[14:39:43] warmStart 3% (82/2357) regret=0.107464 ape=0.6756
[14:39:44] warmStart 3% (83/2357) regret=0.106152 ape=0.6728
[14:39:44] warmStart 3% (84/2357) regret=0.105778 ape=0.6719
[14:39:44] warmStart 3% (85/2357) regret=0.105680 ape=0.6719
[14:39:44] warmStart 3% (86/2357) regret=0.105385 ape=0.6719
[14:39:44] warmStart 3% (87/2357) regret=0.105385 ape=0.6719
[14:39:44] warmStart 3% (88/2357) regret=0.104579 ape=0.6710
[14:39:44] warmStart 3% (89/2357) regret=0.104579 ape=0.6710
[14:39:44] warmStart 3% (90/2357) regret=0.104099 ape=0.6710
[14:39:45] warmStart 3% (91/2357) regret=0.103874 ape=0.6710
[14:39:45] warmStart 3% (92/2357) regret=0.103380 ape=0.6700
[14:39:45] warmStart 3% (93/2357) regret=0.103380 ape=0.6700
[14:39:45] warmStart 3% (94/2357) regret=0.103109 ape=0.6691
[14:39:45] warmStart 4% (95/2357) regret=0.103109 ape=0.6691
[14:39:45] warmStart 4% (96/2357) regret=0.102044 ape=0.6691
[14:39:45] warmStart 4% (97/2357) regret=0.101613 ape=0.6682
[14:39:46] warmStart 4% (98/2357) regret=0.100508 ape=0.6682
[14:39:46] warmStart 4% (99/2357) regret=0.100262 ape=0.6682
[14:39:46] warmStart 4% (100/2357) regret=0.099921 ape=0.6673
[14:39:46] warmStart 4% (101/2357) regret=0.099976 ape=0.6673
[14:39:46] warmStart 4% (102/2357) regret=0.099856 ape=0.6673
[14:39:46] warmStart 4% (103/2357) regret=0.099390 ape=0.6664
[14:39:46] warmStart 4% (104/2357) regret=0.099215 ape=0.6654
[14:39:47] warmStart 4% (105/2357) regret=0.097394 ape=0.6645
[14:39:47] warmStart 4% (106/2357) regret=0.097451 ape=0.6645
[14:39:47] warmStart 4% (107/2357) regret=0.097165 ape=0.6645
[14:39:47] warmStart 4% (108/2357) regret=0.096723 ape=0.6636
[14:39:47] warmStart 4% (109/2357) regret=0.096723 ape=0.6636
[14:39:47] warmStart 4% (110/2357) regret=0.096693 ape=0.6636
[14:39:47] warmStart 4% (111/2357) regret=0.096981 ape=0.6636
[14:39:48] warmStart 4% (112/2357) regret=0.096976 ape=0.6636
[14:39:48] warmStart 4% (113/2357) regret=0.096692 ape=0.6645
[14:39:48] warmStart 4% (114/2357) regret=0.096239 ape=0.6645
[14:39:48] warmStart 4% (115/2357) regret=0.096271 ape=0.6645
[14:39:48] warmStart 4% (116/2357) regret=0.096271 ape=0.6645
[14:39:48] warmStart 4% (117/2357) regret=0.095543 ape=0.6645
[14:39:48] warmStart 5% (118/2357) regret=0.094671 ape=0.6645
[14:39:49] warmStart 5% (119/2357) regret=0.094671 ape=0.6645
[14:39:49] warmStart 5% (120/2357) regret=0.094671 ape=0.6645
[14:39:49] warmStart 5% (121/2357) regret=0.093630 ape=0.6636
[14:39:49] warmStart 5% (122/2357) regret=0.093630 ape=0.6636
[14:39:49] warmStart 5% (123/2357) regret=0.093630 ape=0.6636
[14:39:49] warmStart 5% (124/2357) regret=0.092606 ape=0.6627
[14:39:49] warmStart 5% (125/2357) regret=0.092013 ape=0.6618
[14:39:50] warmStart 5% (126/2357) regret=0.092013 ape=0.6618
[14:39:50] warmStart 5% (127/2357) regret=0.091810 ape=0.6608
[14:39:50] warmStart 5% (128/2357) regret=0.091156 ape=0.6608
[14:39:50] warmStart 5% (129/2357) regret=0.090198 ape=0.6590
[14:39:50] warmStart 5% (130/2357) regret=0.090048 ape=0.6581
[14:39:50] warmStart 5% (131/2357) regret=0.090048 ape=0.6581
[14:39:50] warmStart 5% (132/2357) regret=0.089431 ape=0.6581
[14:39:51] warmStart 5% (133/2357) regret=0.089431 ape=0.6581
[14:39:51] warmStart 5% (134/2357) regret=0.089400 ape=0.6571
[14:39:51] warmStart 5% (135/2357) regret=0.089015 ape=0.6562
[14:39:51] warmStart 5% (136/2357) regret=0.089025 ape=0.6562
[14:39:51] warmStart 5% (137/2357) regret=0.088275 ape=0.6553
[14:39:51] warmStart 5% (138/2357) regret=0.087735 ape=0.6535
[14:39:51] warmStart 5% (139/2357) regret=0.087674 ape=0.6535
[14:39:52] warmStart 5% (140/2357) regret=0.087536 ape=0.6535
[14:39:52] warmStart 5% (141/2357) regret=0.087038 ape=0.6525
[14:39:52] warmStart 6% (142/2357) regret=0.086909 ape=0.6525
[14:39:52] warmStart 6% (143/2357) regret=0.087038 ape=0.6544
[14:39:52] warmStart 6% (144/2357) regret=0.086572 ape=0.6535
[14:39:52] warmStart 6% (145/2357) regret=0.086328 ape=0.6525
[14:39:52] warmStart 6% (146/2357) regret=0.086405 ape=0.6535
[14:39:53] warmStart 6% (147/2357) regret=0.086124 ape=0.6535
[14:39:53] warmStart 6% (148/2357) regret=0.086128 ape=0.6544
[14:39:53] warmStart 6% (149/2357) regret=0.086075 ape=0.6535
[14:39:53] warmStart 6% (150/2357) regret=0.086124 ape=0.6544
[14:39:53] warmStart 6% (151/2357) regret=0.085723 ape=0.6535
[14:39:53] warmStart 6% (152/2357) regret=0.085588 ape=0.6525
[14:39:53] warmStart 6% (153/2357) regret=0.085302 ape=0.6525
[14:39:54] warmStart 6% (154/2357) regret=0.085058 ape=0.6525
[14:39:54] warmStart 6% (155/2357) regret=0.084359 ape=0.6507
[14:39:54] warmStart 6% (156/2357) regret=0.084395 ape=0.6507
[14:39:54] warmStart 6% (157/2357) regret=0.083813 ape=0.6488
[14:39:54] warmStart 6% (158/2357) regret=0.083458 ape=0.6488
[14:39:54] warmStart 6% (159/2357) regret=0.082910 ape=0.6488
[14:39:54] warmStart 6% (160/2357) regret=0.082880 ape=0.6488
[14:39:55] warmStart 6% (161/2357) regret=0.082398 ape=0.6479
[14:39:55] warmStart 6% (162/2357) regret=0.082568 ape=0.6498
[14:39:55] warmStart 6% (163/2357) regret=0.082566 ape=0.6498
[14:39:55] warmStart 6% (164/2357) regret=0.082566 ape=0.6498
[14:39:55] warmStart 7% (165/2357) regret=0.082179 ape=0.6488
[14:39:55] warmStart 7% (166/2357) regret=0.081524 ape=0.6479
[14:39:55] warmStart 7% (167/2357) regret=0.080990 ape=0.6470
[14:39:56] warmStart 7% (168/2357) regret=0.081031 ape=0.6470
[14:39:56] warmStart 7% (169/2357) regret=0.080547 ape=0.6470
[14:39:56] warmStart 7% (170/2357) regret=0.080547 ape=0.6470
[14:39:56] warmStart 7% (171/2357) regret=0.079994 ape=0.6461
[14:39:56] warmStart 7% (172/2357) regret=0.079828 ape=0.6461
[14:39:56] warmStart 7% (173/2357) regret=0.079624 ape=0.6452
[14:39:56] warmStart 7% (174/2357) regret=0.079710 ape=0.6461
[14:39:56] warmStart 7% (175/2357) regret=0.079747 ape=0.6461
[14:39:57] warmStart 7% (176/2357) regret=0.079505 ape=0.6442
[14:39:57] warmStart 7% (177/2357) regret=0.078298 ape=0.6433
[14:39:57] warmStart 7% (178/2357) regret=0.078136 ape=0.6424
[14:39:57] warmStart 7% (179/2357) regret=0.077978 ape=0.6424
[14:39:57] warmStart 7% (180/2357) regret=0.077889 ape=0.6415
[14:39:57] warmStart 7% (181/2357) regret=0.077870 ape=0.6415
[14:39:57] warmStart 7% (182/2357) regret=0.077302 ape=0.6406
[14:39:58] warmStart 7% (183/2357) regret=0.077536 ape=0.6424
[14:39:58] warmStart 7% (184/2357) regret=0.077483 ape=0.6415
[14:39:58] warmStart 7% (185/2357) regret=0.077410 ape=0.6415
[14:39:58] warmStart 7% (186/2357) regret=0.076740 ape=0.6415
[14:39:58] warmStart 7% (187/2357) regret=0.075988 ape=0.6406
[14:39:58] warmStart 7% (188/2357) regret=0.075710 ape=0.6396
[14:39:58] warmStart 8% (189/2357) regret=0.075975 ape=0.6406
[14:39:59] warmStart 8% (190/2357) regret=0.076056 ape=0.6396
[14:39:59] warmStart 8% (191/2357) regret=0.075586 ape=0.6387
[14:39:59] warmStart 8% (192/2357) regret=0.075125 ape=0.6387
[14:39:59] warmStart 8% (193/2357) regret=0.074658 ape=0.6387
[14:39:59] warmStart 8% (194/2357) regret=0.074723 ape=0.6387
[14:39:59] warmStart 8% (195/2357) regret=0.073905 ape=0.6378
[14:39:59] warmStart 8% (196/2357) regret=0.073760 ape=0.6378
[14:40:00] warmStart 8% (197/2357) regret=0.073760 ape=0.6378
[14:40:00] warmStart 8% (198/2357) regret=0.073068 ape=0.6378
[14:40:00] warmStart 8% (199/2357) regret=0.072893 ape=0.6378
[14:40:00] warmStart 8% (200/2357) regret=0.072893 ape=0.6378
[14:40:00] warmStart 8% (201/2357) regret=0.072893 ape=0.6378
[14:40:00] warmStart 8% (202/2357) regret=0.072893 ape=0.6378
[14:40:00] warmStart 8% (203/2357) regret=0.072414 ape=0.6369
[14:40:01] warmStart 8% (204/2357) regret=0.072414 ape=0.6369
[14:40:01] warmStart 8% (205/2357) regret=0.072414 ape=0.6369
[14:40:01] warmStart 8% (206/2357) regret=0.072386 ape=0.6369
[14:40:01] warmStart 8% (207/2357) regret=0.072386 ape=0.6369
[14:40:01] warmStart 8% (208/2357) regret=0.072351 ape=0.6359
[14:40:01] warmStart 8% (209/2357) regret=0.072351 ape=0.6359
[14:40:01] warmStart 8% (210/2357) regret=0.072351 ape=0.6359
[14:40:02] warmStart 8% (211/2357) regret=0.072351 ape=0.6359
[14:40:02] warmStart 8% (212/2357) regret=0.072351 ape=0.6359
[14:40:02] warmStart 9% (213/2357) regret=0.072351 ape=0.6359
[14:40:02] warmStart 9% (214/2357) regret=0.072351 ape=0.6359
[14:40:02] warmStart 9% (215/2357) regret=0.072305 ape=0.6359
[14:40:02] warmStart 9% (216/2357) regret=0.072277 ape=0.6350
[14:40:02] warmStart 9% (217/2357) regret=0.072277 ape=0.6350
[14:40:03] warmStart 9% (218/2357) regret=0.072277 ape=0.6350
[14:40:03] warmStart 9% (219/2357) regret=0.072277 ape=0.6350
[14:40:03] warmStart 9% (220/2357) regret=0.072277 ape=0.6350
[14:40:03] warmStart 9% (221/2357) regret=0.072277 ape=0.6350
[14:40:03] warmStart 9% (222/2357) regret=0.072277 ape=0.6350
[14:40:03] warmStart 9% (223/2357) regret=0.071899 ape=0.6350
[14:40:03] warmStart 9% (224/2357) regret=0.071899 ape=0.6350
[14:40:04] warmStart 9% (225/2357) regret=0.071899 ape=0.6350
[14:40:04] warmStart 9% (226/2357) regret=0.071899 ape=0.6350
[14:40:04] warmStart 9% (227/2357) regret=0.071554 ape=0.6341
[14:40:04] warmStart 9% (228/2357) regret=0.071554 ape=0.6341
[14:40:04] warmStart 9% (229/2357) regret=0.071554 ape=0.6341
[14:40:04] warmStart 9% (230/2357) regret=0.071554 ape=0.6341
[14:40:04] warmStart 9% (231/2357) regret=0.071554 ape=0.6341
[14:40:05] warmStart 9% (232/2357) regret=0.071554 ape=0.6341
[14:40:05] warmStart 9% (233/2357) regret=0.071554 ape=0.6341
[14:40:05] warmStart 9% (234/2357) regret=0.071554 ape=0.6341
[14:40:05] warmStart 9% (235/2357) regret=0.071554 ape=0.6341
[14:40:05] warmStart 10% (236/2357) regret=0.071554 ape=0.6341
[14:40:05] warmStart 10% (237/2357) regret=0.071554 ape=0.6341
[14:40:05] warmStart 10% (238/2357) regret=0.071554 ape=0.6341
[14:40:05] warmStart 10% (239/2357) regret=0.071554 ape=0.6341
[14:40:06] warmStart 10% (240/2357) regret=0.071554 ape=0.6341
[14:40:06] warmStart 10% (241/2357) regret=0.071554 ape=0.6341
[14:40:06] warmStart 10% (242/2357) regret=0.071540 ape=0.6341
[14:40:06] warmStart 10% (243/2357) regret=0.071540 ape=0.6341
[14:40:06] warmStart 10% (244/2357) regret=0.071540 ape=0.6341
[14:40:06] warmStart 10% (245/2357) regret=0.071540 ape=0.6341
[14:40:07] warmStart 10% (246/2357) regret=0.071540 ape=0.6341
[14:40:07] warmStart 10% (247/2357) regret=0.071540 ape=0.6341
[14:40:07] warmStart 10% (248/2357) regret=0.071598 ape=0.6341
[14:40:07] warmStart 10% (249/2357) regret=0.071347 ape=0.6341
[14:40:07] warmStart 10% (250/2357) regret=0.071504 ape=0.6341
[14:40:07] warmStart 10% (251/2357) regret=0.071504 ape=0.6341
[14:40:07] warmStart 10% (252/2357) regret=0.071504 ape=0.6341
[14:40:07] warmStart 10% (253/2357) regret=0.071504 ape=0.6341
[14:40:08] warmStart 10% (254/2357) regret=0.071504 ape=0.6341
[14:40:08] warmStart 10% (255/2357) regret=0.071504 ape=0.6341
[14:40:08] warmStart 10% (256/2357) regret=0.071504 ape=0.6341
[14:40:08] warmStart 10% (257/2357) regret=0.071504 ape=0.6341
[14:40:08] warmStart 10% (258/2357) regret=0.071504 ape=0.6341
[14:40:08] warmStart 10% (259/2357) regret=0.071504 ape=0.6341
[14:40:09] warmStart 11% (260/2357) regret=0.071458 ape=0.6341
[14:40:09] warmStart 11% (261/2357) regret=0.071458 ape=0.6341
[14:40:09] warmStart 11% (262/2357) regret=0.071458 ape=0.6341
[14:40:09] warmStart 11% (263/2357) regret=0.071458 ape=0.6341
[14:40:09] warmStart 11% (264/2357) regret=0.071458 ape=0.6341
[14:40:09] warmStart 11% (265/2357) regret=0.071458 ape=0.6341
[14:40:09] warmStart 11% (266/2357) regret=0.071458 ape=0.6341
[14:40:09] warmStart 11% (267/2357) regret=0.071458 ape=0.6341
[14:40:10] warmStart 11% (268/2357) regret=0.071458 ape=0.6341
[14:40:10] warmStart 11% (269/2357) regret=0.071458 ape=0.6341
[14:40:10] warmStart 11% (270/2357) regret=0.071458 ape=0.6341
[14:40:10] warmStart 11% (271/2357) regret=0.071458 ape=0.6341
[14:40:10] warmStart 11% (272/2357) regret=0.071458 ape=0.6341
[14:40:10] warmStart 11% (273/2357) regret=0.071458 ape=0.6341
[14:40:10] warmStart 11% (274/2357) regret=0.071458 ape=0.6341
[14:40:11] warmStart 11% (275/2357) regret=0.071430 ape=0.6332
[14:40:11] warmStart 11% (276/2357) regret=0.071430 ape=0.6332
[14:40:11] warmStart 11% (277/2357) regret=0.071430 ape=0.6332
[14:40:11] warmStart 11% (278/2357) regret=0.071430 ape=0.6332
[14:40:11] warmStart 11% (279/2357) regret=0.071430 ape=0.6332
[14:40:11] warmStart 11% (280/2357) regret=0.071430 ape=0.6332
[14:40:11] warmStart 11% (281/2357) regret=0.071430 ape=0.6332
[14:40:12] warmStart 11% (282/2357) regret=0.071430 ape=0.6332
[14:40:12] warmStart 12% (283/2357) regret=0.071430 ape=0.6332
[14:40:12] warmStart 12% (284/2357) regret=0.071430 ape=0.6332
[14:40:12] warmStart 12% (285/2357) regret=0.071430 ape=0.6332
[14:40:12] warmStart 12% (286/2357) regret=0.071430 ape=0.6332
[14:40:12] warmStart 12% (287/2357) regret=0.071260 ape=0.6323
[14:40:12] warmStart 12% (288/2357) regret=0.071260 ape=0.6323
[14:40:13] warmStart 12% (289/2357) regret=0.071260 ape=0.6323
[14:40:13] warmStart 12% (290/2357) regret=0.071260 ape=0.6323
[14:40:13] warmStart 12% (291/2357) regret=0.071260 ape=0.6323
[14:40:13] warmStart 12% (292/2357) regret=0.071205 ape=0.6323
[14:40:13] warmStart 12% (293/2357) regret=0.070702 ape=0.6323
[14:40:13] warmStart 12% (294/2357) regret=0.070647 ape=0.6313
[14:40:13] warmStart 12% (295/2357) regret=0.070675 ape=0.6313
[14:40:14] warmStart 12% (296/2357) regret=0.070382 ape=0.6313
[14:40:14] warmStart 12% (297/2357) regret=0.070382 ape=0.6313
[14:40:14] warmStart 12% (298/2357) regret=0.070049 ape=0.6304
[14:40:14] warmStart 12% (299/2357) regret=0.069522 ape=0.6304
[14:40:14] warmStart 12% (300/2357) regret=0.069107 ape=0.6295
[14:40:14] warmStart 12% (301/2357) regret=0.069107 ape=0.6295
[14:40:14] warmStart 12% (302/2357) regret=0.069113 ape=0.6295
[14:40:15] warmStart 12% (303/2357) regret=0.069182 ape=0.6295
[14:40:15] warmStart 12% (304/2357) regret=0.068915 ape=0.6286
[14:40:15] warmStart 12% (305/2357) regret=0.069007 ape=0.6286
[14:40:15] warmStart 12% (306/2357) regret=0.068565 ape=0.6267
[14:40:15] warmStart 13% (307/2357) regret=0.068565 ape=0.6267
[14:40:15] warmStart 13% (308/2357) regret=0.068260 ape=0.6267
[14:40:15] warmStart 13% (309/2357) regret=0.068353 ape=0.6267
[14:40:16] warmStart 13% (310/2357) regret=0.068353 ape=0.6267
[14:40:16] warmStart 13% (311/2357) regret=0.067671 ape=0.6267
[14:40:16] warmStart 13% (312/2357) regret=0.067671 ape=0.6267
[14:40:16] warmStart 13% (313/2357) regret=0.067219 ape=0.6267
[14:40:16] warmStart 13% (314/2357) regret=0.067653 ape=0.6267
[14:40:16] warmStart 13% (315/2357) regret=0.067012 ape=0.6258
[14:40:16] warmStart 13% (316/2357) regret=0.067280 ape=0.6249
[14:40:17] warmStart 13% (317/2357) regret=0.066868 ape=0.6230
[14:40:17] warmStart 13% (318/2357) regret=0.066776 ape=0.6230
[14:40:17] warmStart 13% (319/2357) regret=0.066361 ape=0.6212
[14:40:17] warmStart 13% (320/2357) regret=0.065981 ape=0.6212
[14:40:17] warmStart 13% (321/2357) regret=0.065645 ape=0.6212
[14:40:17] warmStart 13% (322/2357) regret=0.065129 ape=0.6203
[14:40:17] warmStart 13% (323/2357) regret=0.064742 ape=0.6194
[14:40:17] warmStart 13% (324/2357) regret=0.064616 ape=0.6184
[14:40:18] warmStart 13% (325/2357) regret=0.064662 ape=0.6184
[14:40:18] warmStart 13% (326/2357) regret=0.064127 ape=0.6175
[14:40:18] warmStart 13% (327/2357) regret=0.064127 ape=0.6175
[14:40:18] warmStart 13% (328/2357) regret=0.064065 ape=0.6175
[14:40:18] warmStart 13% (329/2357) regret=0.063973 ape=0.6166
[14:40:18] warmStart 14% (330/2357) regret=0.064199 ape=0.6175
[14:40:18] warmStart 14% (331/2357) regret=0.063835 ape=0.6166
[14:40:19] warmStart 14% (332/2357) regret=0.063786 ape=0.6147
[14:40:19] warmStart 14% (333/2357) regret=0.063689 ape=0.6157
[14:40:19] warmStart 14% (334/2357) regret=0.063830 ape=0.6166
[14:40:19] warmStart 14% (335/2357) regret=0.063462 ape=0.6157
[14:40:19] warmStart 14% (336/2357) regret=0.063462 ape=0.6157
[14:40:19] warmStart 14% (337/2357) regret=0.063365 ape=0.6157
[14:40:19] warmStart 14% (338/2357) regret=0.063393 ape=0.6157
[14:40:20] warmStart 14% (339/2357) regret=0.063403 ape=0.6157
[14:40:20] warmStart 14% (340/2357) regret=0.063321 ape=0.6147
[14:40:20] warmStart 14% (341/2357) regret=0.063191 ape=0.6138
[14:40:20] warmStart 14% (342/2357) regret=0.062685 ape=0.6111
[14:40:20] warmStart 14% (343/2357) regret=0.062685 ape=0.6111
[14:40:20] warmStart 14% (344/2357) regret=0.062734 ape=0.6111
[14:40:20] warmStart 14% (345/2357) regret=0.062826 ape=0.6111
[14:40:21] warmStart 14% (346/2357) regret=0.062671 ape=0.6111
[14:40:21] warmStart 14% (347/2357) regret=0.062644 ape=0.6111
[14:40:21] warmStart 14% (348/2357) regret=0.062653 ape=0.6101
[14:40:21] warmStart 14% (349/2357) regret=0.061879 ape=0.6083
[14:40:21] warmStart 14% (350/2357) regret=0.061725 ape=0.6083
[14:40:21] warmStart 14% (351/2357) regret=0.061034 ape=0.6074
[14:40:21] warmStart 14% (352/2357) regret=0.061135 ape=0.6074
[14:40:22] warmStart 14% (353/2357) regret=0.061295 ape=0.6074
[14:40:22] warmStart 15% (354/2357) regret=0.062038 ape=0.6083
[14:40:22] warmStart 15% (355/2357) regret=0.061503 ape=0.6065
[14:40:22] warmStart 15% (356/2357) regret=0.061168 ape=0.6065
[14:40:22] warmStart 15% (357/2357) regret=0.061168 ape=0.6065
[14:40:22] warmStart 15% (358/2357) regret=0.061168 ape=0.6065
[14:40:22] warmStart 15% (359/2357) regret=0.061110 ape=0.6065
[14:40:23] warmStart 15% (360/2357) regret=0.060678 ape=0.6046
[14:40:23] warmStart 15% (361/2357) regret=0.060663 ape=0.6046
[14:40:23] warmStart 15% (362/2357) regret=0.060714 ape=0.6046
[14:40:23] warmStart 15% (363/2357) regret=0.060883 ape=0.6065
[14:40:23] warmStart 15% (364/2357) regret=0.061118 ape=0.6074
[14:40:23] warmStart 15% (365/2357) regret=0.061174 ape=0.6083
[14:40:23] warmStart 15% (366/2357) regret=0.061082 ape=0.6074
[14:40:23] warmStart 15% (367/2357) regret=0.060943 ape=0.6074
[14:40:24] warmStart 15% (368/2357) regret=0.060943 ape=0.6074
[14:40:24] warmStart 15% (369/2357) regret=0.060943 ape=0.6074
[14:40:24] warmStart 15% (370/2357) regret=0.060943 ape=0.6074
[14:40:24] warmStart 15% (371/2357) regret=0.061138 ape=0.6083
[14:40:24] warmStart 15% (372/2357) regret=0.061138 ape=0.6083
[14:40:24] warmStart 15% (373/2357) regret=0.061258 ape=0.6083
[14:40:24] warmStart 15% (374/2357) regret=0.061258 ape=0.6083
[14:40:25] warmStart 15% (375/2357) regret=0.061276 ape=0.6083
[14:40:25] warmStart 15% (376/2357) regret=0.061197 ape=0.6083
[14:40:25] warmStart 15% (377/2357) regret=0.061197 ape=0.6083
[14:40:25] warmStart 16% (378/2357) regret=0.061197 ape=0.6083
[14:40:25] warmStart 16% (379/2357) regret=0.061197 ape=0.6083
[14:40:25] warmStart 16% (380/2357) regret=0.061197 ape=0.6083
[14:40:25] warmStart 16% (381/2357) regret=0.061207 ape=0.6083
[14:40:26] warmStart 16% (382/2357) regret=0.061207 ape=0.6083
[14:40:26] warmStart 16% (383/2357) regret=0.061207 ape=0.6083
[14:40:26] warmStart 16% (384/2357) regret=0.061207 ape=0.6083
[14:40:26] warmStart 16% (385/2357) regret=0.061207 ape=0.6083
[14:40:26] warmStart 16% (386/2357) regret=0.060764 ape=0.6074
[14:40:26] warmStart 16% (387/2357) regret=0.060744 ape=0.6065
[14:40:26] warmStart 16% (388/2357) regret=0.060726 ape=0.6065
[14:40:27] warmStart 16% (389/2357) regret=0.060726 ape=0.6065
[14:40:27] warmStart 16% (390/2357) regret=0.060726 ape=0.6065
[14:40:27] warmStart 16% (391/2357) regret=0.060726 ape=0.6065
[14:40:27] warmStart 16% (392/2357) regret=0.060726 ape=0.6065
[14:40:27] warmStart 16% (393/2357) regret=0.060726 ape=0.6065
[14:40:27] warmStart 16% (394/2357) regret=0.060726 ape=0.6065
[14:40:27] warmStart 16% (395/2357) regret=0.060901 ape=0.6055
[14:40:28] warmStart 16% (396/2357) regret=0.060952 ape=0.6055
[14:40:28] warmStart 16% (397/2357) regret=0.060887 ape=0.6055
[14:40:28] warmStart 16% (398/2357) regret=0.060887 ape=0.6055
[14:40:28] warmStart 16% (399/2357) regret=0.060915 ape=0.6055
[14:40:28] warmStart 16% (400/2357) regret=0.060887 ape=0.6055
[14:40:28] warmStart 17% (401/2357) regret=0.060813 ape=0.6046
[14:40:28] warmStart 17% (402/2357) regret=0.060813 ape=0.6046
[14:40:29] warmStart 17% (403/2357) regret=0.060813 ape=0.6046
[14:40:29] warmStart 17% (404/2357) regret=0.060813 ape=0.6046
[14:40:29] warmStart 17% (405/2357) regret=0.060813 ape=0.6046
[14:40:29] warmStart 17% (406/2357) regret=0.060813 ape=0.6046
[14:40:29] warmStart 17% (407/2357) regret=0.060813 ape=0.6046
[14:40:29] warmStart 17% (408/2357) regret=0.060813 ape=0.6046
[14:40:29] warmStart 17% (409/2357) regret=0.060813 ape=0.6046
[14:40:30] warmStart 17% (410/2357) regret=0.060813 ape=0.6046
[14:40:30] warmStart 17% (411/2357) regret=0.060813 ape=0.6046
[14:40:30] warmStart 17% (412/2357) regret=0.060380 ape=0.6028
[14:40:30] warmStart 17% (413/2357) regret=0.060380 ape=0.6028
[14:40:30] warmStart 17% (414/2357) regret=0.060380 ape=0.6028
[14:40:30] warmStart 17% (415/2357) regret=0.060380 ape=0.6028
[14:40:30] warmStart 17% (416/2357) regret=0.060380 ape=0.6028
[14:40:30] warmStart 17% (417/2357) regret=0.060362 ape=0.6028
[14:40:31] warmStart 17% (418/2357) regret=0.060334 ape=0.6028
[14:40:31] warmStart 17% (419/2357) regret=0.060277 ape=0.6028
[14:40:31] warmStart 17% (420/2357) regret=0.060277 ape=0.6028
[14:40:31] warmStart 17% (421/2357) regret=0.060277 ape=0.6028
[14:40:31] warmStart 17% (422/2357) regret=0.060208 ape=0.6028
[14:40:31] warmStart 17% (423/2357) regret=0.060208 ape=0.6028
[14:40:31] warmStart 17% (424/2357) regret=0.059865 ape=0.6018
[14:40:32] warmStart 18% (425/2357) regret=0.059865 ape=0.6018
[14:40:32] warmStart 18% (426/2357) regret=0.059865 ape=0.6018
[14:40:32] warmStart 18% (427/2357) regret=0.059865 ape=0.6018
[14:40:32] warmStart 18% (428/2357) regret=0.059865 ape=0.6018
[14:40:32] warmStart 18% (429/2357) regret=0.059865 ape=0.6018
[14:40:32] warmStart 18% (430/2357) regret=0.059865 ape=0.6018
[14:40:32] warmStart 18% (431/2357) regret=0.059875 ape=0.6018
[14:40:33] warmStart 18% (432/2357) regret=0.059838 ape=0.6018
[14:40:33] warmStart 18% (433/2357) regret=0.059391 ape=0.6009
[14:40:33] warmStart 18% (434/2357) regret=0.059342 ape=0.6000
[14:40:33] warmStart 18% (435/2357) regret=0.059391 ape=0.6009
[14:40:33] warmStart 18% (436/2357) regret=0.059391 ape=0.6009
[14:40:33] warmStart 18% (437/2357) regret=0.059366 ape=0.6000
[14:40:33] warmStart 18% (438/2357) regret=0.059491 ape=0.6000
[14:40:34] warmStart 18% (439/2357) regret=0.059491 ape=0.6000
[14:40:34] warmStart 18% (440/2357) regret=0.059491 ape=0.6000
[14:40:34] warmStart 18% (441/2357) regret=0.059375 ape=0.5991
[14:40:34] warmStart 18% (442/2357) regret=0.058924 ape=0.5991
[14:40:34] warmStart 18% (443/2357) regret=0.058924 ape=0.5991
[14:40:34] warmStart 18% (444/2357) regret=0.058924 ape=0.5991
[14:40:34] warmStart 18% (445/2357) regret=0.058924 ape=0.5991
[14:40:35] warmStart 18% (446/2357) regret=0.058924 ape=0.5991
[14:40:35] warmStart 18% (447/2357) regret=0.058924 ape=0.5991
[14:40:35] warmStart 19% (448/2357) regret=0.058924 ape=0.5991
[14:40:35] warmStart 19% (449/2357) regret=0.058925 ape=0.5991
[14:40:35] warmStart 19% (450/2357) regret=0.058925 ape=0.5991
[14:40:35] warmStart 19% (451/2357) regret=0.058925 ape=0.5991
[14:40:35] warmStart 19% (452/2357) regret=0.058925 ape=0.5991
[14:40:36] warmStart 19% (453/2357) regret=0.058785 ape=0.5982
[14:40:36] warmStart 19% (454/2357) regret=0.058888 ape=0.5982
[14:40:36] warmStart 19% (455/2357) regret=0.058829 ape=0.5982
[14:40:36] warmStart 19% (456/2357) regret=0.058841 ape=0.5991
[14:40:36] warmStart 19% (457/2357) regret=0.058792 ape=0.5991
[14:40:36] warmStart 19% (458/2357) regret=0.058792 ape=0.5991
[14:40:36] warmStart 19% (459/2357) regret=0.058792 ape=0.5991
[14:40:37] warmStart 19% (460/2357) regret=0.058542 ape=0.5982
[14:40:37] warmStart 19% (461/2357) regret=0.058111 ape=0.5982
[14:40:37] warmStart 19% (462/2357) regret=0.058308 ape=0.6009
[14:40:37] warmStart 19% (463/2357) regret=0.058240 ape=0.6000
[14:40:37] warmStart 19% (464/2357) regret=0.058048 ape=0.6000
[14:40:37] warmStart 19% (465/2357) regret=0.058126 ape=0.6000
[14:40:37] warmStart 19% (466/2357) regret=0.058131 ape=0.6000
[14:40:38] warmStart 19% (467/2357) regret=0.057997 ape=0.5991
[14:40:38] warmStart 19% (468/2357) regret=0.057655 ape=0.5972
[14:40:38] warmStart 19% (469/2357) regret=0.057609 ape=0.5972
[14:40:38] warmStart 19% (470/2357) regret=0.057659 ape=0.5972
[14:40:38] warmStart 19% (471/2357) regret=0.057337 ape=0.5963
[14:40:38] warmStart 20% (472/2357) regret=0.057314 ape=0.5963
[14:40:38] warmStart 20% (473/2357) regret=0.057300 ape=0.5954
[14:40:38] warmStart 20% (474/2357) regret=0.057331 ape=0.5954
[14:40:39] warmStart 20% (475/2357) regret=0.057331 ape=0.5954
[14:40:39] warmStart 20% (476/2357) regret=0.057017 ape=0.5945
[14:40:39] warmStart 20% (477/2357) regret=0.057165 ape=0.5945
[14:40:39] warmStart 20% (478/2357) regret=0.057165 ape=0.5945
[14:40:39] warmStart 20% (479/2357) regret=0.057165 ape=0.5945
[14:40:39] warmStart 20% (480/2357) regret=0.057094 ape=0.5935
[14:40:40] warmStart 20% (481/2357) regret=0.057094 ape=0.5935
[14:40:40] warmStart 20% (482/2357) regret=0.057090 ape=0.5917
[14:40:40] warmStart 20% (483/2357) regret=0.056077 ape=0.5899
[14:40:40] warmStart 20% (484/2357) regret=0.056071 ape=0.5899
[14:40:40] warmStart 20% (485/2357) regret=0.056071 ape=0.5899
[14:40:40] warmStart 20% (486/2357) regret=0.056071 ape=0.5899
[14:40:40] warmStart 20% (487/2357) regret=0.055922 ape=0.5899
[14:40:41] warmStart 20% (488/2357) regret=0.055922 ape=0.5899
[14:40:41] warmStart 20% (489/2357) regret=0.055922 ape=0.5899
[14:40:41] warmStart 20% (490/2357) regret=0.055922 ape=0.5899
[14:40:41] warmStart 20% (491/2357) regret=0.055899 ape=0.5889
[14:40:41] warmStart 20% (492/2357) regret=0.056178 ape=0.5889
[14:40:41] warmStart 20% (493/2357) regret=0.055964 ape=0.5880
[14:40:41] warmStart 20% (494/2357) regret=0.055964 ape=0.5880
[14:40:42] warmStart 21% (495/2357) regret=0.055964 ape=0.5880
[14:40:42] warmStart 21% (496/2357) regret=0.055964 ape=0.5880
[14:40:42] warmStart 21% (497/2357) regret=0.055805 ape=0.5880
[14:40:42] warmStart 21% (498/2357) regret=0.055753 ape=0.5871
[14:40:42] warmStart 21% (499/2357) regret=0.055753 ape=0.5871
[14:40:42] warmStart 21% (500/2357) regret=0.055753 ape=0.5871
[14:40:42] warmStart 21% (501/2357) regret=0.055753 ape=0.5871
[14:40:42] warmStart 21% (502/2357) regret=0.055753 ape=0.5871
[14:40:43] warmStart 21% (503/2357) regret=0.055753 ape=0.5871
[14:40:43] warmStart 21% (504/2357) regret=0.055753 ape=0.5871
[14:40:43] warmStart 21% (505/2357) regret=0.055523 ape=0.5871
[14:40:43] warmStart 21% (506/2357) regret=0.055039 ape=0.5862
[14:40:43] warmStart 21% (507/2357) regret=0.055039 ape=0.5862
[14:40:43] warmStart 21% (508/2357) regret=0.055039 ape=0.5862
[14:40:43] warmStart 21% (509/2357) regret=0.055179 ape=0.5862
[14:40:44] warmStart 21% (510/2357) regret=0.055179 ape=0.5862
[14:40:44] warmStart 21% (511/2357) regret=0.055179 ape=0.5862
[14:40:44] warmStart 21% (512/2357) regret=0.055179 ape=0.5862
[14:40:44] warmStart 21% (513/2357) regret=0.055179 ape=0.5862
[14:40:44] warmStart 21% (514/2357) regret=0.055179 ape=0.5862
[14:40:44] warmStart 21% (515/2357) regret=0.055185 ape=0.5862
[14:40:44] warmStart 21% (516/2357) regret=0.055185 ape=0.5862
[14:40:44] warmStart 21% (517/2357) regret=0.055185 ape=0.5862
[14:40:45] warmStart 21% (518/2357) regret=0.055185 ape=0.5862
[14:40:45] warmStart 22% (519/2357) regret=0.055185 ape=0.5862
[14:40:45] warmStart 22% (520/2357) regret=0.055185 ape=0.5862
[14:40:45] warmStart 22% (521/2357) regret=0.055185 ape=0.5862
[14:40:45] warmStart 22% (522/2357) regret=0.055185 ape=0.5862
[14:40:45] warmStart 22% (523/2357) regret=0.055185 ape=0.5862
[14:40:45] warmStart 22% (524/2357) regret=0.055185 ape=0.5862
[14:40:46] warmStart 22% (525/2357) regret=0.055185 ape=0.5862
[14:40:46] warmStart 22% (526/2357) regret=0.055185 ape=0.5862
[14:40:46] warmStart 22% (527/2357) regret=0.055185 ape=0.5862
[14:40:46] warmStart 22% (528/2357) regret=0.055185 ape=0.5862
[14:40:46] warmStart 22% (529/2357) regret=0.055185 ape=0.5862
[14:40:46] warmStart 22% (530/2357) regret=0.055185 ape=0.5862
[14:40:46] warmStart 22% (531/2357) regret=0.055185 ape=0.5862
[14:40:47] warmStart 22% (532/2357) regret=0.055182 ape=0.5862
[14:40:47] warmStart 22% (533/2357) regret=0.055182 ape=0.5862
[14:40:47] warmStart 22% (534/2357) regret=0.054881 ape=0.5862
[14:40:47] warmStart 22% (535/2357) regret=0.054881 ape=0.5862
[14:40:47] warmStart 22% (536/2357) regret=0.054881 ape=0.5862
[14:40:47] warmStart 22% (537/2357) regret=0.054881 ape=0.5862
[14:40:47] warmStart 22% (538/2357) regret=0.054881 ape=0.5862
[14:40:48] warmStart 22% (539/2357) regret=0.054881 ape=0.5862
[14:40:48] warmStart 22% (540/2357) regret=0.054881 ape=0.5862
[14:40:48] warmStart 22% (541/2357) regret=0.054881 ape=0.5862
[14:40:48] warmStart 22% (542/2357) regret=0.054855 ape=0.5862
[14:40:48] warmStart 23% (543/2357) regret=0.054855 ape=0.5862
[14:40:48] warmStart 23% (544/2357) regret=0.054855 ape=0.5862
[14:40:48] warmStart 23% (545/2357) regret=0.054855 ape=0.5862
[14:40:48] warmStart 23% (546/2357) regret=0.054855 ape=0.5862
[14:40:49] warmStart 23% (547/2357) regret=0.054855 ape=0.5862
[14:40:49] warmStart 23% (548/2357) regret=0.054855 ape=0.5862
[14:40:49] warmStart 23% (549/2357) regret=0.054855 ape=0.5862
[14:40:49] warmStart 23% (550/2357) regret=0.054855 ape=0.5862
[14:40:49] warmStart 23% (551/2357) regret=0.054855 ape=0.5862
[14:40:49] warmStart 23% (552/2357) regret=0.054855 ape=0.5862
[14:40:49] warmStart 23% (553/2357) regret=0.054855 ape=0.5862
[14:40:50] warmStart 23% (554/2357) regret=0.054855 ape=0.5862
[14:40:50] warmStart 23% (555/2357) regret=0.054855 ape=0.5862
[14:40:50] warmStart 23% (556/2357) regret=0.054717 ape=0.5862
[14:40:50] warmStart 23% (557/2357) regret=0.054689 ape=0.5853
[14:40:50] warmStart 23% (558/2357) regret=0.054689 ape=0.5853
[14:40:50] warmStart 23% (559/2357) regret=0.054689 ape=0.5853
[14:40:50] warmStart 23% (560/2357) regret=0.054689 ape=0.5853
[14:40:50] warmStart 23% (561/2357) regret=0.054613 ape=0.5853
[14:40:51] warmStart 23% (562/2357) regret=0.054613 ape=0.5853
[14:40:51] warmStart 23% (563/2357) regret=0.054613 ape=0.5853
[14:40:51] warmStart 23% (564/2357) regret=0.054613 ape=0.5853
[14:40:51] warmStart 23% (565/2357) regret=0.054613 ape=0.5853
[14:40:51] warmStart 24% (566/2357) regret=0.054613 ape=0.5853
[14:40:51] warmStart 24% (567/2357) regret=0.054765 ape=0.5862
[14:40:51] warmStart 24% (568/2357) regret=0.054740 ape=0.5853
[14:40:52] warmStart 24% (569/2357) regret=0.054648 ape=0.5853
[14:40:52] warmStart 24% (570/2357) regret=0.054727 ape=0.5862
[14:40:52] warmStart 24% (571/2357) regret=0.054323 ape=0.5843
[14:40:52] warmStart 24% (572/2357) regret=0.054373 ape=0.5853
[14:40:52] warmStart 24% (573/2357) regret=0.054233 ape=0.5853
[14:40:52] warmStart 24% (574/2357) regret=0.053919 ape=0.5853
[14:40:52] warmStart 24% (575/2357) regret=0.053638 ape=0.5853
[14:40:53] warmStart 24% (576/2357) regret=0.053602 ape=0.5843
[14:40:53] warmStart 24% (577/2357) regret=0.053445 ape=0.5834
[14:40:53] warmStart 24% (578/2357) regret=0.053111 ape=0.5834
[14:40:53] warmStart 24% (579/2357) regret=0.053142 ape=0.5834
[14:40:53] warmStart 24% (580/2357) regret=0.052736 ape=0.5834
[14:40:53] warmStart 24% (581/2357) regret=0.052736 ape=0.5834
[14:40:53] warmStart 24% (582/2357) regret=0.052590 ape=0.5834
[14:40:54] warmStart 24% (583/2357) regret=0.052590 ape=0.5834
[14:40:54] warmStart 24% (584/2357) regret=0.052206 ape=0.5825
[14:40:54] warmStart 24% (585/2357) regret=0.052160 ape=0.5825
[14:40:54] warmStart 24% (586/2357) regret=0.052160 ape=0.5825
[14:40:54] warmStart 24% (587/2357) regret=0.052160 ape=0.5825
[14:40:54] warmStart 24% (588/2357) regret=0.052160 ape=0.5825
[14:40:54] warmStart 24% (589/2357) regret=0.052077 ape=0.5816
[14:40:55] warmStart 25% (590/2357) regret=0.052020 ape=0.5806
[14:40:55] warmStart 25% (591/2357) regret=0.052008 ape=0.5806
[14:40:55] warmStart 25% (592/2357) regret=0.052008 ape=0.5806
[14:40:55] warmStart 25% (593/2357) regret=0.051891 ape=0.5788
[14:40:55] warmStart 25% (594/2357) regret=0.051884 ape=0.5788
[14:40:55] warmStart 25% (595/2357) regret=0.051557 ape=0.5797
[14:40:55] warmStart 25% (596/2357) regret=0.051557 ape=0.5797
[14:40:55] warmStart 25% (597/2357) regret=0.051557 ape=0.5797
[14:40:56] warmStart 25% (598/2357) regret=0.051557 ape=0.5797
[14:40:56] warmStart 25% (599/2357) regret=0.051557 ape=0.5797
[14:40:56] warmStart 25% (600/2357) regret=0.051539 ape=0.5788
[14:40:56] warmStart 25% (601/2357) regret=0.051554 ape=0.5788
[14:40:56] warmStart 25% (602/2357) regret=0.051518 ape=0.5788
[14:40:56] warmStart 25% (603/2357) regret=0.051500 ape=0.5788
[14:40:56] warmStart 25% (604/2357) regret=0.051500 ape=0.5788
[14:40:57] warmStart 25% (605/2357) regret=0.051039 ape=0.5779
[14:40:57] warmStart 25% (606/2357) regret=0.051191 ape=0.5788
[14:40:57] warmStart 25% (607/2357) regret=0.051191 ape=0.5788
[14:40:57] warmStart 25% (608/2357) regret=0.051191 ape=0.5788
[14:40:57] warmStart 25% (609/2357) regret=0.051191 ape=0.5788
[14:40:57] warmStart 25% (610/2357) regret=0.051233 ape=0.5788
[14:40:57] warmStart 25% (611/2357) regret=0.051181 ape=0.5788
[14:40:58] warmStart 25% (612/2357) regret=0.051181 ape=0.5788
[14:40:58] warmStart 26% (613/2357) regret=0.051181 ape=0.5788
[14:40:58] warmStart 26% (614/2357) regret=0.051079 ape=0.5788
[14:40:58] warmStart 26% (615/2357) regret=0.051015 ape=0.5788
[14:40:58] warmStart 26% (616/2357) regret=0.051015 ape=0.5788
[14:40:58] warmStart 26% (617/2357) regret=0.051015 ape=0.5788
[14:40:58] warmStart 26% (618/2357) regret=0.051032 ape=0.5779
[14:40:59] warmStart 26% (619/2357) regret=0.050884 ape=0.5770
[14:40:59] warmStart 26% (620/2357) regret=0.050884 ape=0.5770
[14:40:59] warmStart 26% (621/2357) regret=0.050884 ape=0.5770
[14:40:59] warmStart 26% (622/2357) regret=0.050884 ape=0.5770
[14:40:59] warmStart 26% (623/2357) regret=0.050884 ape=0.5770
[14:40:59] warmStart 26% (624/2357) regret=0.050884 ape=0.5770
[14:40:59] warmStart 26% (625/2357) regret=0.050884 ape=0.5770
[14:41:00] warmStart 26% (626/2357) regret=0.050884 ape=0.5770
[14:41:00] warmStart 26% (627/2357) regret=0.050884 ape=0.5770
[14:41:00] warmStart 26% (628/2357) regret=0.050884 ape=0.5770
[14:41:00] warmStart 26% (629/2357) regret=0.050884 ape=0.5770
[14:41:00] warmStart 26% (630/2357) regret=0.050884 ape=0.5770
[14:41:00] warmStart 26% (631/2357) regret=0.050884 ape=0.5770
[14:41:00] warmStart 26% (632/2357) regret=0.050884 ape=0.5770
[14:41:01] warmStart 26% (633/2357) regret=0.050884 ape=0.5770
[14:41:01] warmStart 26% (634/2357) regret=0.050884 ape=0.5770
[14:41:01] warmStart 26% (635/2357) regret=0.050884 ape=0.5770
[14:41:01] warmStart 26% (636/2357) regret=0.050884 ape=0.5770
[14:41:01] warmStart 27% (637/2357) regret=0.050884 ape=0.5770
[14:41:01] warmStart 27% (638/2357) regret=0.050884 ape=0.5770
[14:41:01] warmStart 27% (639/2357) regret=0.050884 ape=0.5770
[14:41:02] warmStart 27% (640/2357) regret=0.050884 ape=0.5770
[14:41:02] warmStart 27% (641/2357) regret=0.050884 ape=0.5770
[14:41:02] warmStart 27% (642/2357) regret=0.050884 ape=0.5770
[14:41:02] warmStart 27% (643/2357) regret=0.050884 ape=0.5770
[14:41:02] warmStart 27% (644/2357) regret=0.050884 ape=0.5770
[14:41:02] warmStart 27% (645/2357) regret=0.050884 ape=0.5770
[14:41:02] warmStart 27% (646/2357) regret=0.050884 ape=0.5770
[14:41:03] warmStart 27% (647/2357) regret=0.050884 ape=0.5770
[14:41:03] warmStart 27% (648/2357) regret=0.050958 ape=0.5779
[14:41:03] warmStart 27% (649/2357) regret=0.050884 ape=0.5770
[14:41:03] warmStart 27% (650/2357) regret=0.050884 ape=0.5770
[14:41:03] warmStart 27% (651/2357) regret=0.050884 ape=0.5770
[14:41:03] warmStart 27% (652/2357) regret=0.050884 ape=0.5770
[14:41:03] warmStart 27% (653/2357) regret=0.050884 ape=0.5770
[14:41:04] warmStart 27% (654/2357) regret=0.050884 ape=0.5770
[14:41:04] warmStart 27% (655/2357) regret=0.050878 ape=0.5770
[14:41:04] warmStart 27% (656/2357) regret=0.050707 ape=0.5760
[14:41:04] warmStart 27% (657/2357) regret=0.050720 ape=0.5760
[14:41:04] warmStart 27% (658/2357) regret=0.050720 ape=0.5760
[14:41:04] warmStart 27% (659/2357) regret=0.050684 ape=0.5760
[14:41:04] warmStart 28% (660/2357) regret=0.050764 ape=0.5760
[14:41:05] warmStart 28% (661/2357) regret=0.050745 ape=0.5760
[14:41:05] warmStart 28% (662/2357) regret=0.050729 ape=0.5760
[14:41:05] warmStart 28% (663/2357) regret=0.050447 ape=0.5751
[14:41:05] warmStart 28% (664/2357) regret=0.050393 ape=0.5742
[14:41:05] warmStart 28% (665/2357) regret=0.050361 ape=0.5742
[14:41:05] warmStart 28% (666/2357) regret=0.050361 ape=0.5742
[14:41:05] warmStart 28% (667/2357) regret=0.050361 ape=0.5742
[14:41:06] warmStart 28% (668/2357) regret=0.050361 ape=0.5742
[14:41:06] warmStart 28% (669/2357) regret=0.050361 ape=0.5742
[14:41:06] warmStart 28% (670/2357) regret=0.050283 ape=0.5742
[14:41:06] warmStart 28% (671/2357) regret=0.050283 ape=0.5742
[14:41:06] warmStart 28% (672/2357) regret=0.050283 ape=0.5742
[14:41:06] warmStart 28% (673/2357) regret=0.050283 ape=0.5742
[14:41:07] warmStart 28% (674/2357) regret=0.050283 ape=0.5742
[14:41:07] warmStart 28% (675/2357) regret=0.050283 ape=0.5742
[14:41:07] warmStart 28% (676/2357) regret=0.050283 ape=0.5742
[14:41:07] warmStart 28% (677/2357) regret=0.049964 ape=0.5742
[14:41:07] warmStart 28% (678/2357) regret=0.049903 ape=0.5733
[14:41:07] warmStart 28% (679/2357) regret=0.049770 ape=0.5742
[14:41:07] warmStart 28% (680/2357) regret=0.049770 ape=0.5742
[14:41:08] warmStart 28% (681/2357) regret=0.049770 ape=0.5742
[14:41:08] warmStart 28% (682/2357) regret=0.049770 ape=0.5742
[14:41:08] warmStart 28% (683/2357) regret=0.049770 ape=0.5742
[14:41:08] warmStart 29% (684/2357) regret=0.049795 ape=0.5742
[14:41:08] warmStart 29% (685/2357) regret=0.049795 ape=0.5742
[14:41:08] warmStart 29% (686/2357) regret=0.049795 ape=0.5742
[14:41:08] warmStart 29% (687/2357) regret=0.049795 ape=0.5742
[14:41:08] warmStart 29% (688/2357) regret=0.049703 ape=0.5742
[14:41:09] warmStart 29% (689/2357) regret=0.049703 ape=0.5742
[14:41:09] warmStart 29% (690/2357) regret=0.049703 ape=0.5742
[14:41:09] warmStart 29% (691/2357) regret=0.049744 ape=0.5751
[14:41:09] warmStart 29% (692/2357) regret=0.049744 ape=0.5751
[14:41:09] warmStart 29% (693/2357) regret=0.049550 ape=0.5751
[14:41:09] warmStart 29% (694/2357) regret=0.049550 ape=0.5751
[14:41:09] warmStart 29% (695/2357) regret=0.049550 ape=0.5751
[14:41:10] warmStart 29% (696/2357) regret=0.049550 ape=0.5751
[14:41:10] warmStart 29% (697/2357) regret=0.049550 ape=0.5751
[14:41:10] warmStart 29% (698/2357) regret=0.048997 ape=0.5742
[14:41:10] warmStart 29% (699/2357) regret=0.048997 ape=0.5742
[14:41:10] warmStart 29% (700/2357) regret=0.048997 ape=0.5742
[14:41:10] warmStart 29% (701/2357) regret=0.048997 ape=0.5742
[14:41:10] warmStart 29% (702/2357) regret=0.048997 ape=0.5742
[14:41:11] warmStart 29% (703/2357) regret=0.048997 ape=0.5742
[14:41:11] warmStart 29% (704/2357) regret=0.048997 ape=0.5742
[14:41:11] warmStart 29% (705/2357) regret=0.048997 ape=0.5742
[14:41:11] warmStart 29% (706/2357) regret=0.048997 ape=0.5742
[14:41:11] warmStart 29% (707/2357) regret=0.048997 ape=0.5742
[14:41:11] warmStart 30% (708/2357) regret=0.048997 ape=0.5742
[14:41:11] warmStart 30% (709/2357) regret=0.048997 ape=0.5742
[14:41:12] warmStart 30% (710/2357) regret=0.048868 ape=0.5733
[14:41:12] warmStart 30% (711/2357) regret=0.048868 ape=0.5733
[14:41:12] warmStart 30% (712/2357) regret=0.048868 ape=0.5733
[14:41:12] warmStart 30% (713/2357) regret=0.048868 ape=0.5733
[14:41:12] warmStart 30% (714/2357) regret=0.048760 ape=0.5733
[14:41:12] warmStart 30% (715/2357) regret=0.048760 ape=0.5733
[14:41:12] warmStart 30% (716/2357) regret=0.048505 ape=0.5733
[14:41:13] warmStart 30% (717/2357) regret=0.048505 ape=0.5733
[14:41:13] warmStart 30% (718/2357) regret=0.048547 ape=0.5733
[14:41:13] warmStart 30% (719/2357) regret=0.048547 ape=0.5733
[14:41:13] warmStart 30% (720/2357) regret=0.048477 ape=0.5724
[14:41:13] warmStart 30% (721/2357) regret=0.048477 ape=0.5724
[14:41:13] warmStart 30% (722/2357) regret=0.048711 ape=0.5724
[14:41:13] warmStart 30% (723/2357) regret=0.048711 ape=0.5724
[14:41:13] warmStart 30% (724/2357) regret=0.048711 ape=0.5724
[14:41:14] warmStart 30% (725/2357) regret=0.048711 ape=0.5724
[14:41:14] warmStart 30% (726/2357) regret=0.048711 ape=0.5724
[14:41:14] warmStart 30% (727/2357) regret=0.048711 ape=0.5724
[14:41:14] warmStart 30% (728/2357) regret=0.048711 ape=0.5724
[14:41:14] warmStart 30% (729/2357) regret=0.048711 ape=0.5724
[14:41:14] warmStart 30% (730/2357) regret=0.048711 ape=0.5724
[14:41:14] warmStart 31% (731/2357) regret=0.048711 ape=0.5724
[14:41:15] warmStart 31% (732/2357) regret=0.048711 ape=0.5724
[14:41:15] warmStart 31% (733/2357) regret=0.048711 ape=0.5724
[14:41:15] warmStart 31% (734/2357) regret=0.048711 ape=0.5724
[14:41:15] warmStart 31% (735/2357) regret=0.048752 ape=0.5724
[14:41:15] warmStart 31% (736/2357) regret=0.048752 ape=0.5724
[14:41:15] warmStart 31% (737/2357) regret=0.048752 ape=0.5724
[14:41:15] warmStart 31% (738/2357) regret=0.048752 ape=0.5724
[14:41:15] warmStart 31% (739/2357) regret=0.048752 ape=0.5724
[14:41:16] warmStart 31% (740/2357) regret=0.048752 ape=0.5724
[14:41:16] warmStart 31% (741/2357) regret=0.048774 ape=0.5724
[14:41:16] warmStart 31% (742/2357) regret=0.048774 ape=0.5724
[14:41:16] warmStart 31% (743/2357) regret=0.048299 ape=0.5714
[14:41:16] warmStart 31% (744/2357) regret=0.048207 ape=0.5705
[14:41:16] warmStart 31% (745/2357) regret=0.048207 ape=0.5705
[14:41:16] warmStart 31% (746/2357) regret=0.048207 ape=0.5705
[14:41:17] warmStart 31% (747/2357) regret=0.048207 ape=0.5705
[14:41:17] warmStart 31% (748/2357) regret=0.048207 ape=0.5705
[14:41:17] warmStart 31% (749/2357) regret=0.048207 ape=0.5705
[14:41:17] warmStart 31% (750/2357) regret=0.048207 ape=0.5705
[14:41:17] warmStart 31% (751/2357) regret=0.048207 ape=0.5705
[14:41:17] warmStart 31% (752/2357) regret=0.048207 ape=0.5705
[14:41:17] warmStart 31% (753/2357) regret=0.048138 ape=0.5705
[14:41:17] warmStart 31% (754/2357) regret=0.047852 ape=0.5696
[14:41:18] warmStart 32% (755/2357) regret=0.048102 ape=0.5705
[14:41:18] warmStart 32% (756/2357) regret=0.048102 ape=0.5705
[14:41:18] warmStart 32% (757/2357) regret=0.047913 ape=0.5705
[14:41:18] warmStart 32% (758/2357) regret=0.047913 ape=0.5705
[14:41:18] warmStart 32% (759/2357) regret=0.047932 ape=0.5705
[14:41:18] warmStart 32% (760/2357) regret=0.047932 ape=0.5705
[14:41:18] warmStart 32% (761/2357) regret=0.047927 ape=0.5705
[14:41:19] warmStart 32% (762/2357) regret=0.047927 ape=0.5705
[14:41:19] warmStart 32% (763/2357) regret=0.047946 ape=0.5705
[14:41:19] warmStart 32% (764/2357) regret=0.047480 ape=0.5696
[14:41:19] warmStart 32% (765/2357) regret=0.047480 ape=0.5696
[14:41:19] warmStart 32% (766/2357) regret=0.047844 ape=0.5705
[14:41:19] warmStart 32% (767/2357) regret=0.047549 ape=0.5705
[14:41:19] warmStart 32% (768/2357) regret=0.047558 ape=0.5714
[14:41:20] warmStart 32% (769/2357) regret=0.047549 ape=0.5714
[14:41:20] warmStart 32% (770/2357) regret=0.047549 ape=0.5714
[14:41:20] warmStart 32% (771/2357) regret=0.047439 ape=0.5705
[14:41:20] warmStart 32% (772/2357) regret=0.047426 ape=0.5705
[14:41:20] warmStart 32% (773/2357) regret=0.047439 ape=0.5705
[14:41:20] warmStart 32% (774/2357) regret=0.047439 ape=0.5705
[14:41:20] warmStart 32% (775/2357) regret=0.047439 ape=0.5705
[14:41:21] warmStart 32% (776/2357) regret=0.047181 ape=0.5705
[14:41:21] warmStart 32% (777/2357) regret=0.047181 ape=0.5705
[14:41:21] warmStart 33% (778/2357) regret=0.047181 ape=0.5705
[14:41:21] warmStart 33% (779/2357) regret=0.047181 ape=0.5705
[14:41:21] warmStart 33% (780/2357) regret=0.047191 ape=0.5705
[14:41:21] warmStart 33% (781/2357) regret=0.047358 ape=0.5705
[14:41:21] warmStart 33% (782/2357) regret=0.047561 ape=0.5705
[14:41:22] warmStart 33% (783/2357) regret=0.047528 ape=0.5696
[14:41:22] warmStart 33% (784/2357) regret=0.047349 ape=0.5696
[14:41:22] warmStart 33% (785/2357) regret=0.047349 ape=0.5696
[14:41:22] warmStart 33% (786/2357) regret=0.047109 ape=0.5677
[14:41:22] warmStart 33% (787/2357) regret=0.047312 ape=0.5687
[14:41:22] warmStart 33% (788/2357) regret=0.047303 ape=0.5677
[14:41:22] warmStart 33% (789/2357) regret=0.047303 ape=0.5677
[14:41:23] warmStart 33% (790/2357) regret=0.046851 ape=0.5668
[14:41:23] warmStart 33% (791/2357) regret=0.046851 ape=0.5668
[14:41:23] warmStart 33% (792/2357) regret=0.046870 ape=0.5677
[14:41:23] warmStart 33% (793/2357) regret=0.046870 ape=0.5677
[14:41:23] warmStart 33% (794/2357) regret=0.046418 ape=0.5668
[14:41:23] warmStart 33% (795/2357) regret=0.046418 ape=0.5668
[14:41:23] warmStart 33% (796/2357) regret=0.046418 ape=0.5668
[14:41:24] warmStart 33% (797/2357) regret=0.045789 ape=0.5659
[14:41:24] warmStart 33% (798/2357) regret=0.045737 ape=0.5659
[14:41:24] warmStart 33% (799/2357) regret=0.045629 ape=0.5659
[14:41:24] warmStart 33% (800/2357) regret=0.045648 ape=0.5659
[14:41:24] warmStart 33% (801/2357) regret=0.045924 ape=0.5659
[14:41:24] warmStart 34% (802/2357) regret=0.045345 ape=0.5659
[14:41:24] warmStart 34% (803/2357) regret=0.045470 ape=0.5659
[14:41:25] warmStart 34% (804/2357) regret=0.045516 ape=0.5659
[14:41:25] warmStart 34% (805/2357) regret=0.045479 ape=0.5659
[14:41:25] warmStart 34% (806/2357) regret=0.045382 ape=0.5659
[14:41:25] warmStart 34% (807/2357) regret=0.045124 ape=0.5668
[14:41:25] warmStart 34% (808/2357) regret=0.045124 ape=0.5668
[14:41:25] warmStart 34% (809/2357) regret=0.045130 ape=0.5668
[14:41:25] warmStart 34% (810/2357) regret=0.045133 ape=0.5668
[14:41:25] warmStart 34% (811/2357) regret=0.045213 ape=0.5677
[14:41:26] warmStart 34% (812/2357) regret=0.045264 ape=0.5677
[14:41:26] warmStart 34% (813/2357) regret=0.045264 ape=0.5677
[14:41:26] warmStart 34% (814/2357) regret=0.045264 ape=0.5677
[14:41:26] warmStart 34% (815/2357) regret=0.045264 ape=0.5677
[14:41:26] warmStart 34% (816/2357) regret=0.045264 ape=0.5677
[14:41:26] warmStart 34% (817/2357) regret=0.045264 ape=0.5677
[14:41:26] warmStart 34% (818/2357) regret=0.045264 ape=0.5677
[14:41:27] warmStart 34% (819/2357) regret=0.045104 ape=0.5677
[14:41:27] warmStart 34% (820/2357) regret=0.044591 ape=0.5668
[14:41:27] warmStart 34% (821/2357) regret=0.044582 ape=0.5659
[14:41:27] warmStart 34% (822/2357) regret=0.044153 ape=0.5659
[14:41:27] warmStart 34% (823/2357) regret=0.044153 ape=0.5659
[14:41:27] warmStart 34% (824/2357) regret=0.044181 ape=0.5659
[14:41:27] warmStart 35% (825/2357) regret=0.044144 ape=0.5650
[14:41:28] warmStart 35% (826/2357) regret=0.044144 ape=0.5650
[14:41:28] warmStart 35% (827/2357) regret=0.044144 ape=0.5650
[14:41:28] warmStart 35% (828/2357) regret=0.044278 ape=0.5650
[14:41:28] warmStart 35% (829/2357) regret=0.044278 ape=0.5650
[14:41:28] warmStart 35% (830/2357) regret=0.044278 ape=0.5650
[14:41:28] warmStart 35% (831/2357) regret=0.044822 ape=0.5650
[14:41:28] warmStart 35% (832/2357) regret=0.044227 ape=0.5641
[14:41:29] warmStart 35% (833/2357) regret=0.044227 ape=0.5641
[14:41:29] warmStart 35% (834/2357) regret=0.044215 ape=0.5641
[14:41:29] warmStart 35% (835/2357) regret=0.044255 ape=0.5650
[14:41:29] warmStart 35% (836/2357) regret=0.044255 ape=0.5650
[14:41:29] warmStart 35% (837/2357) regret=0.044255 ape=0.5650
[14:41:29] warmStart 35% (838/2357) regret=0.044255 ape=0.5650
[14:41:29] warmStart 35% (839/2357) regret=0.044255 ape=0.5650
[14:41:30] warmStart 35% (840/2357) regret=0.044252 ape=0.5641
[14:41:30] warmStart 35% (841/2357) regret=0.044178 ape=0.5641
[14:41:30] warmStart 35% (842/2357) regret=0.044104 ape=0.5631
[14:41:30] warmStart 35% (843/2357) regret=0.044086 ape=0.5622
[14:41:30] warmStart 35% (844/2357) regret=0.044080 ape=0.5622
[14:41:30] warmStart 35% (845/2357) regret=0.044024 ape=0.5613
[14:41:30] warmStart 35% (846/2357) regret=0.044031 ape=0.5613
[14:41:31] warmStart 35% (847/2357) regret=0.044063 ape=0.5622
[14:41:31] warmStart 35% (848/2357) regret=0.043943 ape=0.5613
[14:41:31] warmStart 36% (849/2357) regret=0.044072 ape=0.5622
[14:41:31] warmStart 36% (850/2357) regret=0.044024 ape=0.5613
[14:41:31] warmStart 36% (851/2357) regret=0.044073 ape=0.5613
[14:41:31] warmStart 36% (852/2357) regret=0.043959 ape=0.5613
[14:41:31] warmStart 36% (853/2357) regret=0.043959 ape=0.5613
[14:41:32] warmStart 36% (854/2357) regret=0.044408 ape=0.5622
[14:41:32] warmStart 36% (855/2357) regret=0.043696 ape=0.5604
[14:41:32] warmStart 36% (856/2357) regret=0.043918 ape=0.5613
[14:41:32] warmStart 36% (857/2357) regret=0.043924 ape=0.5613
[14:41:32] warmStart 36% (858/2357) regret=0.043820 ape=0.5613
[14:41:32] warmStart 36% (859/2357) regret=0.043820 ape=0.5613
[14:41:32] warmStart 36% (860/2357) regret=0.043820 ape=0.5613
[14:41:33] warmStart 36% (861/2357) regret=0.043820 ape=0.5613
[14:41:33] warmStart 36% (862/2357) regret=0.043696 ape=0.5604
[14:41:33] warmStart 36% (863/2357) regret=0.043733 ape=0.5613
[14:41:33] warmStart 36% (864/2357) regret=0.043871 ape=0.5613
[14:41:33] warmStart 36% (865/2357) regret=0.043567 ape=0.5604
[14:41:33] warmStart 36% (866/2357) regret=0.043428 ape=0.5594
[14:41:33] warmStart 36% (867/2357) regret=0.043428 ape=0.5594
[14:41:34] warmStart 36% (868/2357) regret=0.043428 ape=0.5594
[14:41:34] warmStart 36% (869/2357) regret=0.043438 ape=0.5604
[14:41:34] warmStart 36% (870/2357) regret=0.043604 ape=0.5604
[14:41:34] warmStart 36% (871/2357) regret=0.043387 ape=0.5594
[14:41:34] warmStart 36% (872/2357) regret=0.043387 ape=0.5594
[14:41:34] warmStart 37% (873/2357) regret=0.043387 ape=0.5594
[14:41:34] warmStart 37% (874/2357) regret=0.043387 ape=0.5594
[14:41:35] warmStart 37% (875/2357) regret=0.043387 ape=0.5594
[14:41:35] warmStart 37% (876/2357) regret=0.043387 ape=0.5594
[14:41:35] warmStart 37% (877/2357) regret=0.043387 ape=0.5594
[14:41:35] warmStart 37% (878/2357) regret=0.043387 ape=0.5594
[14:41:35] warmStart 37% (879/2357) regret=0.043387 ape=0.5594
[14:41:35] warmStart 37% (880/2357) regret=0.043387 ape=0.5594
[14:41:35] warmStart 37% (881/2357) regret=0.043387 ape=0.5594
[14:41:36] warmStart 37% (882/2357) regret=0.043387 ape=0.5594
[14:41:36] warmStart 37% (883/2357) regret=0.043387 ape=0.5594
[14:41:36] warmStart 37% (884/2357) regret=0.043387 ape=0.5594
[14:41:36] warmStart 37% (885/2357) regret=0.043387 ape=0.5594
[14:41:36] warmStart 37% (886/2357) regret=0.043387 ape=0.5594
[14:41:36] warmStart 37% (887/2357) regret=0.043387 ape=0.5594
[14:41:36] warmStart 37% (888/2357) regret=0.043387 ape=0.5594
[14:41:37] warmStart 37% (889/2357) regret=0.043387 ape=0.5594
[14:41:37] warmStart 37% (890/2357) regret=0.043387 ape=0.5594
[14:41:37] warmStart 37% (891/2357) regret=0.043387 ape=0.5594
[14:41:37] warmStart 37% (892/2357) regret=0.043387 ape=0.5594
[14:41:37] warmStart 37% (893/2357) regret=0.043387 ape=0.5594
[14:41:37] warmStart 37% (894/2357) regret=0.043387 ape=0.5594
[14:41:37] warmStart 37% (895/2357) regret=0.043387 ape=0.5594
[14:41:38] warmStart 38% (896/2357) regret=0.043387 ape=0.5594
[14:41:38] warmStart 38% (897/2357) regret=0.043387 ape=0.5594
[14:41:38] warmStart 38% (898/2357) regret=0.043387 ape=0.5594
[14:41:38] warmStart 38% (899/2357) regret=0.043387 ape=0.5594
[14:41:38] warmStart 38% (900/2357) regret=0.043387 ape=0.5594
[14:41:38] warmStart 38% (901/2357) regret=0.043378 ape=0.5594
[14:41:38] warmStart 38% (902/2357) regret=0.043378 ape=0.5594
[14:41:39] warmStart 38% (903/2357) regret=0.043378 ape=0.5594
[14:41:39] warmStart 38% (904/2357) regret=0.043444 ape=0.5594
[14:41:39] warmStart 38% (905/2357) regret=0.043304 ape=0.5585
[14:41:39] warmStart 38% (906/2357) regret=0.043295 ape=0.5585
[14:41:39] warmStart 38% (907/2357) regret=0.043311 ape=0.5585
[14:41:39] warmStart 38% (908/2357) regret=0.043045 ape=0.5567
[14:41:39] warmStart 38% (909/2357) regret=0.043081 ape=0.5567
[14:41:39] warmStart 38% (910/2357) regret=0.043167 ape=0.5576
[14:41:40] warmStart 38% (911/2357) regret=0.043110 ape=0.5567
[14:41:40] warmStart 38% (912/2357) regret=0.043110 ape=0.5567
[14:41:40] warmStart 38% (913/2357) regret=0.043110 ape=0.5567
[14:41:40] warmStart 38% (914/2357) regret=0.043110 ape=0.5567
[14:41:40] warmStart 38% (915/2357) regret=0.043096 ape=0.5567
[14:41:40] warmStart 38% (916/2357) regret=0.043096 ape=0.5567
[14:41:40] warmStart 38% (917/2357) regret=0.043096 ape=0.5567
[14:41:41] warmStart 38% (918/2357) regret=0.043096 ape=0.5567
[14:41:41] warmStart 38% (919/2357) regret=0.043096 ape=0.5567
[14:41:41] warmStart 39% (920/2357) regret=0.043096 ape=0.5567
[14:41:41] warmStart 39% (921/2357) regret=0.043096 ape=0.5567
[14:41:41] warmStart 39% (922/2357) regret=0.043096 ape=0.5567
[14:41:41] warmStart 39% (923/2357) regret=0.043096 ape=0.5567
[14:41:41] warmStart 39% (924/2357) regret=0.042872 ape=0.5558
[14:41:42] warmStart 39% (925/2357) regret=0.042872 ape=0.5558
[14:41:42] warmStart 39% (926/2357) regret=0.042872 ape=0.5558
[14:41:42] warmStart 39% (927/2357) regret=0.042872 ape=0.5558
[14:41:42] warmStart 39% (928/2357) regret=0.042872 ape=0.5558
[14:41:42] warmStart 39% (929/2357) regret=0.042872 ape=0.5558
[14:41:42] warmStart 39% (930/2357) regret=0.043208 ape=0.5567
[14:41:42] warmStart 39% (931/2357) regret=0.043208 ape=0.5567
[14:41:43] warmStart 39% (932/2357) regret=0.043208 ape=0.5567
[14:41:43] warmStart 39% (933/2357) regret=0.043208 ape=0.5567
[14:41:43] warmStart 39% (934/2357) regret=0.043208 ape=0.5567
[14:41:43] warmStart 39% (935/2357) regret=0.043208 ape=0.5567
[14:41:43] warmStart 39% (936/2357) regret=0.043208 ape=0.5567
[14:41:43] warmStart 39% (937/2357) regret=0.043208 ape=0.5567
[14:41:43] warmStart 39% (938/2357) regret=0.043208 ape=0.5567
[14:41:44] warmStart 39% (939/2357) regret=0.043208 ape=0.5567
[14:41:44] warmStart 39% (940/2357) regret=0.043208 ape=0.5567
[14:41:44] warmStart 39% (941/2357) regret=0.043208 ape=0.5567
[14:41:44] warmStart 39% (942/2357) regret=0.043208 ape=0.5567
[14:41:44] warmStart 40% (943/2357) regret=0.043208 ape=0.5567
[14:41:44] warmStart 40% (944/2357) regret=0.043208 ape=0.5567
[14:41:44] warmStart 40% (945/2357) regret=0.043208 ape=0.5567
[14:41:44] warmStart 40% (946/2357) regret=0.043208 ape=0.5567
[14:41:45] warmStart 40% (947/2357) regret=0.043208 ape=0.5567
[14:41:45] warmStart 40% (948/2357) regret=0.043208 ape=0.5567
[14:41:45] warmStart 40% (949/2357) regret=0.043208 ape=0.5567
[14:41:45] warmStart 40% (950/2357) regret=0.043208 ape=0.5567
[14:41:45] warmStart 40% (951/2357) regret=0.043208 ape=0.5567
[14:41:45] warmStart 40% (952/2357) regret=0.043208 ape=0.5567
[14:41:45] warmStart 40% (953/2357) regret=0.043208 ape=0.5567
[14:41:46] warmStart 40% (954/2357) regret=0.043208 ape=0.5567
[14:41:46] warmStart 40% (955/2357) regret=0.043208 ape=0.5567
[14:41:46] warmStart 40% (956/2357) regret=0.043208 ape=0.5567
[14:41:46] warmStart 40% (957/2357) regret=0.043208 ape=0.5567
[14:41:46] warmStart 40% (958/2357) regret=0.043208 ape=0.5567
[14:41:46] warmStart 40% (959/2357) regret=0.043208 ape=0.5567
[14:41:46] warmStart 40% (960/2357) regret=0.043208 ape=0.5567
[14:41:46] warmStart 40% (961/2357) regret=0.043208 ape=0.5567
[14:41:47] warmStart 40% (962/2357) regret=0.043208 ape=0.5567
[14:41:47] warmStart 40% (963/2357) regret=0.043208 ape=0.5567
[14:41:47] warmStart 40% (964/2357) regret=0.043208 ape=0.5567
[14:41:47] warmStart 40% (965/2357) regret=0.043208 ape=0.5567
[14:41:47] warmStart 40% (966/2357) regret=0.043208 ape=0.5567
[14:41:47] warmStart 41% (967/2357) regret=0.043208 ape=0.5567
[14:41:47] warmStart 41% (968/2357) regret=0.043208 ape=0.5567
[14:41:48] warmStart 41% (969/2357) regret=0.043208 ape=0.5567
[14:41:48] warmStart 41% (970/2357) regret=0.043208 ape=0.5567
[14:41:48] warmStart 41% (971/2357) regret=0.043208 ape=0.5567
[14:41:48] warmStart 41% (972/2357) regret=0.043208 ape=0.5567
[14:41:48] warmStart 41% (973/2357) regret=0.043208 ape=0.5567
[14:41:48] warmStart 41% (974/2357) regret=0.043130 ape=0.5558
[14:41:48] warmStart 41% (975/2357) regret=0.043130 ape=0.5558
[14:41:48] warmStart 41% (976/2357) regret=0.043130 ape=0.5558
[14:41:49] warmStart 41% (977/2357) regret=0.043012 ape=0.5558
[14:41:49] warmStart 41% (978/2357) regret=0.043179 ape=0.5567
[14:41:49] warmStart 41% (979/2357) regret=0.043179 ape=0.5567
[14:41:49] warmStart 41% (980/2357) regret=0.043203 ape=0.5567
[14:41:49] warmStart 41% (981/2357) regret=0.043203 ape=0.5567
[14:41:49] warmStart 41% (982/2357) regret=0.043203 ape=0.5567
[14:41:50] warmStart 41% (983/2357) regret=0.043176 ape=0.5567
[14:41:50] warmStart 41% (984/2357) regret=0.043199 ape=0.5567
[14:41:50] warmStart 41% (985/2357) regret=0.043166 ape=0.5567
[14:41:50] warmStart 41% (986/2357) regret=0.043222 ape=0.5567
[14:41:50] warmStart 41% (987/2357) regret=0.043259 ape=0.5576
[14:41:50] warmStart 41% (988/2357) regret=0.043259 ape=0.5576
[14:41:50] warmStart 41% (989/2357) regret=0.042950 ape=0.5576
[14:41:50] warmStart 42% (990/2357) regret=0.042722 ape=0.5567
[14:41:51] warmStart 42% (991/2357) regret=0.042763 ape=0.5567
[14:41:51] warmStart 42% (992/2357) regret=0.042717 ape=0.5567
[14:41:51] warmStart 42% (993/2357) regret=0.042755 ape=0.5576
[14:41:51] warmStart 42% (994/2357) regret=0.042737 ape=0.5567
[14:41:51] warmStart 42% (995/2357) regret=0.042737 ape=0.5567
[14:41:51] warmStart 42% (996/2357) regret=0.042798 ape=0.5567
[14:41:51] warmStart 42% (997/2357) regret=0.042527 ape=0.5558
[14:41:52] warmStart 42% (998/2357) regret=0.042368 ape=0.5558
[14:41:52] warmStart 42% (999/2357) regret=0.042375 ape=0.5558
[14:41:52] warmStart 42% (1000/2357) regret=0.042375 ape=0.5558
[14:41:52] warmStart 42% (1001/2357) regret=0.042302 ape=0.5548
[14:41:52] warmStart 42% (1002/2357) regret=0.042400 ape=0.5548
[14:41:52] warmStart 42% (1003/2357) regret=0.042309 ape=0.5548
[14:41:52] warmStart 42% (1004/2357) regret=0.042306 ape=0.5548
[14:41:53] warmStart 42% (1005/2357) regret=0.042324 ape=0.5548
[14:41:53] warmStart 42% (1006/2357) regret=0.041361 ape=0.5530
[14:41:53] warmStart 42% (1007/2357) regret=0.041398 ape=0.5530
[14:41:53] warmStart 42% (1008/2357) regret=0.041350 ape=0.5530
[14:41:53] warmStart 42% (1009/2357) regret=0.041350 ape=0.5530
[14:41:53] warmStart 42% (1010/2357) regret=0.041350 ape=0.5530
[14:41:53] warmStart 42% (1011/2357) regret=0.041350 ape=0.5530
[14:41:54] warmStart 42% (1012/2357) regret=0.041350 ape=0.5530
[14:41:54] warmStart 42% (1013/2357) regret=0.041350 ape=0.5530
[14:41:54] warmStart 43% (1014/2357) regret=0.041350 ape=0.5530
[14:41:54] warmStart 43% (1015/2357) regret=0.041350 ape=0.5530
[14:41:54] warmStart 43% (1016/2357) regret=0.041235 ape=0.5530
[14:41:54] warmStart 43% (1017/2357) regret=0.041046 ape=0.5521
[14:41:54] warmStart 43% (1018/2357) regret=0.041073 ape=0.5521
[14:41:55] warmStart 43% (1019/2357) regret=0.041073 ape=0.5521
[14:41:55] warmStart 43% (1020/2357) regret=0.041073 ape=0.5521
[14:41:55] warmStart 43% (1021/2357) regret=0.041073 ape=0.5521
[14:41:55] warmStart 43% (1022/2357) regret=0.041073 ape=0.5521
[14:41:55] warmStart 43% (1023/2357) regret=0.041073 ape=0.5521
[14:41:55] warmStart 43% (1024/2357) regret=0.041073 ape=0.5521
[14:41:55] warmStart 43% (1025/2357) regret=0.041073 ape=0.5521
[14:41:56] warmStart 43% (1026/2357) regret=0.041073 ape=0.5521
[14:41:56] warmStart 43% (1027/2357) regret=0.041073 ape=0.5521
[14:41:56] warmStart 43% (1028/2357) regret=0.041073 ape=0.5521
[14:41:56] warmStart 43% (1029/2357) regret=0.041073 ape=0.5521
[14:41:56] warmStart 43% (1030/2357) regret=0.041073 ape=0.5521
[14:41:56] warmStart 43% (1031/2357) regret=0.041073 ape=0.5521
[14:41:56] warmStart 43% (1032/2357) regret=0.041073 ape=0.5521
[14:41:57] warmStart 43% (1033/2357) regret=0.041073 ape=0.5521
[14:41:57] warmStart 43% (1034/2357) regret=0.041073 ape=0.5521
[14:41:57] warmStart 43% (1035/2357) regret=0.041073 ape=0.5521
[14:41:57] warmStart 43% (1036/2357) regret=0.041073 ape=0.5521
[14:41:57] warmStart 43% (1037/2357) regret=0.041073 ape=0.5521
[14:41:57] warmStart 44% (1038/2357) regret=0.041073 ape=0.5521
[14:41:57] warmStart 44% (1039/2357) regret=0.041073 ape=0.5521
[14:41:58] warmStart 44% (1040/2357) regret=0.041073 ape=0.5521
[14:41:58] warmStart 44% (1041/2357) regret=0.041073 ape=0.5521
[14:41:58] warmStart 44% (1042/2357) regret=0.041073 ape=0.5521
[14:41:58] warmStart 44% (1043/2357) regret=0.041073 ape=0.5521
[14:41:58] warmStart 44% (1044/2357) regret=0.041073 ape=0.5521
[14:41:58] warmStart 44% (1045/2357) regret=0.041073 ape=0.5521
[14:41:58] warmStart 44% (1046/2357) regret=0.041073 ape=0.5521
[14:41:59] warmStart 44% (1047/2357) regret=0.041073 ape=0.5521
[14:41:59] warmStart 44% (1048/2357) regret=0.041073 ape=0.5521
[14:41:59] warmStart 44% (1049/2357) regret=0.041073 ape=0.5521
[14:41:59] warmStart 44% (1050/2357) regret=0.041073 ape=0.5521
[14:41:59] warmStart 44% (1051/2357) regret=0.041073 ape=0.5521
[14:41:59] warmStart 44% (1052/2357) regret=0.041073 ape=0.5521
[14:41:59] warmStart 44% (1053/2357) regret=0.041090 ape=0.5521
[14:41:59] warmStart 44% (1054/2357) regret=0.041073 ape=0.5521
[14:42:00] warmStart 44% (1055/2357) regret=0.041073 ape=0.5521
[14:42:00] warmStart 44% (1056/2357) regret=0.040988 ape=0.5512
[14:42:00] warmStart 44% (1057/2357) regret=0.040988 ape=0.5512
[14:42:00] warmStart 44% (1058/2357) regret=0.040988 ape=0.5512
[14:42:00] warmStart 44% (1059/2357) regret=0.040988 ape=0.5512
[14:42:00] warmStart 44% (1060/2357) regret=0.040910 ape=0.5512
[14:42:00] warmStart 45% (1061/2357) regret=0.040988 ape=0.5512
[14:42:01] warmStart 45% (1062/2357) regret=0.040787 ape=0.5502
[14:42:01] warmStart 45% (1063/2357) regret=0.040787 ape=0.5502
[14:42:01] warmStart 45% (1064/2357) regret=0.040787 ape=0.5502
[14:42:01] warmStart 45% (1065/2357) regret=0.040787 ape=0.5502
[14:42:01] warmStart 45% (1066/2357) regret=0.040575 ape=0.5484
[14:42:01] warmStart 45% (1067/2357) regret=0.040574 ape=0.5484
[14:42:01] warmStart 45% (1068/2357) regret=0.040546 ape=0.5475
[14:42:02] warmStart 45% (1069/2357) regret=0.040546 ape=0.5475
[14:42:02] warmStart 45% (1070/2357) regret=0.040546 ape=0.5475
[14:42:02] warmStart 45% (1071/2357) regret=0.040546 ape=0.5475
[14:42:02] warmStart 45% (1072/2357) regret=0.040620 ape=0.5475
[14:42:02] warmStart 45% (1073/2357) regret=0.040565 ape=0.5475
[14:42:02] warmStart 45% (1074/2357) regret=0.040565 ape=0.5475
[14:42:02] warmStart 45% (1075/2357) regret=0.040583 ape=0.5475
[14:42:03] warmStart 45% (1076/2357) regret=0.040574 ape=0.5475
[14:42:03] warmStart 45% (1077/2357) regret=0.040574 ape=0.5475
[14:42:03] warmStart 45% (1078/2357) regret=0.040574 ape=0.5475
[14:42:03] warmStart 45% (1079/2357) regret=0.040574 ape=0.5475
[14:42:03] warmStart 45% (1080/2357) regret=0.040482 ape=0.5465
[14:42:03] warmStart 45% (1081/2357) regret=0.040482 ape=0.5465
[14:42:03] warmStart 45% (1082/2357) regret=0.040476 ape=0.5465
[14:42:04] warmStart 45% (1083/2357) regret=0.040487 ape=0.5465
[14:42:04] warmStart 45% (1084/2357) regret=0.040493 ape=0.5465
[14:42:04] warmStart 46% (1085/2357) regret=0.040508 ape=0.5465
[14:42:04] warmStart 46% (1086/2357) regret=0.040473 ape=0.5456
[14:42:04] warmStart 46% (1087/2357) regret=0.040390 ape=0.5456
[14:42:04] warmStart 46% (1088/2357) regret=0.040360 ape=0.5456
[14:42:04] warmStart 46% (1089/2357) regret=0.040277 ape=0.5447
[14:42:05] warmStart 46% (1090/2357) regret=0.040181 ape=0.5438
[14:42:05] warmStart 46% (1091/2357) regret=0.040511 ape=0.5447
[14:42:05] warmStart 46% (1092/2357) regret=0.040533 ape=0.5447
[14:42:05] warmStart 46% (1093/2357) regret=0.040303 ape=0.5447
[14:42:05] warmStart 46% (1094/2357) regret=0.040223 ape=0.5447
[14:42:05] warmStart 46% (1095/2357) regret=0.040219 ape=0.5447
[14:42:05] warmStart 46% (1096/2357) regret=0.040223 ape=0.5447
[14:42:06] warmStart 46% (1097/2357) regret=0.040287 ape=0.5438
[14:42:06] warmStart 46% (1098/2357) regret=0.040024 ape=0.5429
[14:42:06] warmStart 46% (1099/2357) regret=0.039831 ape=0.5429
[14:42:06] warmStart 46% (1100/2357) regret=0.039582 ape=0.5419
[14:42:06] warmStart 46% (1101/2357) regret=0.039279 ape=0.5419
[14:42:06] warmStart 46% (1102/2357) regret=0.039279 ape=0.5419
[14:42:06] warmStart 46% (1103/2357) regret=0.039270 ape=0.5419
[14:42:07] warmStart 46% (1104/2357) regret=0.039353 ape=0.5429
[14:42:07] warmStart 46% (1105/2357) regret=0.039279 ape=0.5419
[14:42:07] warmStart 46% (1106/2357) regret=0.039279 ape=0.5419
[14:42:07] warmStart 46% (1107/2357) regret=0.039293 ape=0.5419
[14:42:07] warmStart 47% (1108/2357) regret=0.039293 ape=0.5419
[14:42:07] warmStart 47% (1109/2357) regret=0.039293 ape=0.5419
[14:42:07] warmStart 47% (1110/2357) regret=0.039293 ape=0.5419
[14:42:08] warmStart 47% (1111/2357) regret=0.039293 ape=0.5419
[14:42:08] warmStart 47% (1112/2357) regret=0.039293 ape=0.5419
[14:42:08] warmStart 47% (1113/2357) regret=0.039293 ape=0.5419
[14:42:08] warmStart 47% (1114/2357) regret=0.039206 ape=0.5401
[14:42:08] warmStart 47% (1115/2357) regret=0.039206 ape=0.5401
[14:42:08] warmStart 47% (1116/2357) regret=0.039206 ape=0.5401
[14:42:08] warmStart 47% (1117/2357) regret=0.039206 ape=0.5401
[14:42:09] warmStart 47% (1118/2357) regret=0.039203 ape=0.5401
[14:42:09] warmStart 47% (1119/2357) regret=0.039203 ape=0.5401
[14:42:09] warmStart 47% (1120/2357) regret=0.039203 ape=0.5401
[14:42:09] warmStart 47% (1121/2357) regret=0.039101 ape=0.5401
[14:42:09] warmStart 47% (1122/2357) regret=0.039101 ape=0.5401
[14:42:09] warmStart 47% (1123/2357) regret=0.039101 ape=0.5401
[14:42:09] warmStart 47% (1124/2357) regret=0.039175 ape=0.5401
[14:42:10] warmStart 47% (1125/2357) regret=0.039175 ape=0.5401
[14:42:10] warmStart 47% (1126/2357) regret=0.039194 ape=0.5401
[14:42:10] warmStart 47% (1127/2357) regret=0.038816 ape=0.5392
[14:42:10] warmStart 47% (1128/2357) regret=0.038797 ape=0.5392
[14:42:10] warmStart 47% (1129/2357) regret=0.038843 ape=0.5392
[14:42:10] warmStart 47% (1130/2357) regret=0.038797 ape=0.5392
[14:42:10] warmStart 47% (1131/2357) regret=0.038267 ape=0.5382
[14:42:11] warmStart 48% (1132/2357) regret=0.038267 ape=0.5382
[14:42:11] warmStart 48% (1133/2357) regret=0.038267 ape=0.5382
[14:42:11] warmStart 48% (1134/2357) regret=0.038267 ape=0.5382
[14:42:11] warmStart 48% (1135/2357) regret=0.038267 ape=0.5382
[14:42:11] warmStart 48% (1136/2357) regret=0.038267 ape=0.5382
[14:42:11] warmStart 48% (1137/2357) regret=0.038267 ape=0.5382
[14:42:11] warmStart 48% (1138/2357) regret=0.038267 ape=0.5382
[14:42:11] warmStart 48% (1139/2357) regret=0.038267 ape=0.5382
[14:42:12] warmStart 48% (1140/2357) regret=0.038258 ape=0.5382
[14:42:12] warmStart 48% (1141/2357) regret=0.038258 ape=0.5382
[14:42:12] warmStart 48% (1142/2357) regret=0.038258 ape=0.5382
[14:42:12] warmStart 48% (1143/2357) regret=0.038187 ape=0.5382
[14:42:12] warmStart 48% (1144/2357) regret=0.038243 ape=0.5382
[14:42:12] warmStart 48% (1145/2357) regret=0.038243 ape=0.5382
[14:42:12] warmStart 48% (1146/2357) regret=0.038243 ape=0.5382
[14:42:13] warmStart 48% (1147/2357) regret=0.038243 ape=0.5382
[14:42:13] warmStart 48% (1148/2357) regret=0.038243 ape=0.5382
[14:42:13] warmStart 48% (1149/2357) regret=0.038243 ape=0.5382
[14:42:13] warmStart 48% (1150/2357) regret=0.038243 ape=0.5382
[14:42:13] warmStart 48% (1151/2357) regret=0.038243 ape=0.5382
[14:42:13] warmStart 48% (1152/2357) regret=0.038243 ape=0.5382
[14:42:13] warmStart 48% (1153/2357) regret=0.038316 ape=0.5382
[14:42:14] warmStart 48% (1154/2357) regret=0.038316 ape=0.5382
[14:42:14] warmStart 49% (1155/2357) regret=0.038316 ape=0.5382
[14:42:14] warmStart 49% (1156/2357) regret=0.038316 ape=0.5382
[14:42:14] warmStart 49% (1157/2357) regret=0.038316 ape=0.5382
[14:42:14] warmStart 49% (1158/2357) regret=0.038316 ape=0.5382
[14:42:14] warmStart 49% (1159/2357) regret=0.038316 ape=0.5382
[14:42:14] warmStart 49% (1160/2357) regret=0.038316 ape=0.5382
[14:42:15] warmStart 49% (1161/2357) regret=0.038316 ape=0.5382
[14:42:15] warmStart 49% (1162/2357) regret=0.038086 ape=0.5373
[14:42:15] warmStart 49% (1163/2357) regret=0.038155 ape=0.5382
[14:42:15] warmStart 49% (1164/2357) regret=0.038154 ape=0.5382
[14:42:15] warmStart 49% (1165/2357) regret=0.038154 ape=0.5382
[14:42:15] warmStart 49% (1166/2357) regret=0.038154 ape=0.5382
[14:42:15] warmStart 49% (1167/2357) regret=0.038154 ape=0.5382
[14:42:15] warmStart 49% (1168/2357) regret=0.038154 ape=0.5382
[14:42:16] warmStart 49% (1169/2357) regret=0.037929 ape=0.5373
[14:42:16] warmStart 49% (1170/2357) regret=0.038011 ape=0.5382
[14:42:16] warmStart 49% (1171/2357) regret=0.038011 ape=0.5382
[14:42:16] warmStart 49% (1172/2357) regret=0.038011 ape=0.5382
[14:42:16] warmStart 49% (1173/2357) regret=0.038011 ape=0.5382
[14:42:16] warmStart 49% (1174/2357) regret=0.038011 ape=0.5382
[14:42:16] warmStart 49% (1175/2357) regret=0.038011 ape=0.5382
[14:42:17] warmStart 49% (1176/2357) regret=0.038033 ape=0.5382
[14:42:17] warmStart 49% (1177/2357) regret=0.038033 ape=0.5382
[14:42:17] warmStart 49% (1178/2357) regret=0.038033 ape=0.5382
[14:42:17] warmStart 50% (1179/2357) regret=0.038033 ape=0.5382
[14:42:17] warmStart 50% (1180/2357) regret=0.038217 ape=0.5392
[14:42:17] warmStart 50% (1181/2357) regret=0.038033 ape=0.5382
[14:42:17] warmStart 50% (1182/2357) regret=0.038033 ape=0.5382
[14:42:18] warmStart 50% (1183/2357) regret=0.038033 ape=0.5382
[14:42:18] warmStart 50% (1184/2357) regret=0.038033 ape=0.5382
[14:42:18] warmStart 50% (1185/2357) regret=0.038033 ape=0.5382
[14:42:18] warmStart 50% (1186/2357) regret=0.038033 ape=0.5382
[14:42:18] warmStart 50% (1187/2357) regret=0.038033 ape=0.5382
[14:42:18] warmStart 50% (1188/2357) regret=0.037830 ape=0.5373
[14:42:18] warmStart 50% (1189/2357) regret=0.037830 ape=0.5373
[14:42:18] warmStart 50% (1190/2357) regret=0.037830 ape=0.5373
[14:42:19] warmStart 50% (1191/2357) regret=0.037830 ape=0.5373
[14:42:19] warmStart 50% (1192/2357) regret=0.037830 ape=0.5373
[14:42:19] warmStart 50% (1193/2357) regret=0.037517 ape=0.5373
[14:42:19] warmStart 50% (1194/2357) regret=0.037517 ape=0.5373
[14:42:19] warmStart 50% (1195/2357) regret=0.037517 ape=0.5373
[14:42:19] warmStart 50% (1196/2357) regret=0.037517 ape=0.5373
[14:42:19] warmStart 50% (1197/2357) regret=0.037517 ape=0.5373
[14:42:19] warmStart 50% (1198/2357) regret=0.037517 ape=0.5373
[14:42:20] warmStart 50% (1199/2357) regret=0.037517 ape=0.5373
[14:42:20] warmStart 50% (1200/2357) regret=0.037517 ape=0.5373
[14:42:20] warmStart 50% (1201/2357) regret=0.037517 ape=0.5373
[14:42:20] warmStart 50% (1202/2357) regret=0.037517 ape=0.5373
[14:42:20] warmStart 51% (1203/2357) regret=0.037480 ape=0.5373
[14:42:20] warmStart 51% (1204/2357) regret=0.037445 ape=0.5373
[14:42:20] warmStart 51% (1205/2357) regret=0.037217 ape=0.5373
[14:42:21] warmStart 51% (1206/2357) regret=0.037248 ape=0.5373
[14:42:21] warmStart 51% (1207/2357) regret=0.037248 ape=0.5373
[14:42:21] warmStart 51% (1208/2357) regret=0.037263 ape=0.5373
[14:42:21] warmStart 51% (1209/2357) regret=0.037082 ape=0.5373
[14:42:21] warmStart 51% (1210/2357) regret=0.037133 ape=0.5373
[14:42:21] warmStart 51% (1211/2357) regret=0.037133 ape=0.5373
[14:42:21] warmStart 51% (1212/2357) regret=0.037139 ape=0.5373
[14:42:22] warmStart 51% (1213/2357) regret=0.037130 ape=0.5373
[14:42:22] warmStart 51% (1214/2357) regret=0.037028 ape=0.5364
[14:42:22] warmStart 51% (1215/2357) regret=0.037321 ape=0.5373
[14:42:22] warmStart 51% (1216/2357) regret=0.037321 ape=0.5373
[14:42:22] warmStart 51% (1217/2357) regret=0.037026 ape=0.5364
[14:42:22] warmStart 51% (1218/2357) regret=0.036994 ape=0.5364
[14:42:22] warmStart 51% (1219/2357) regret=0.036994 ape=0.5364
[14:42:23] warmStart 51% (1220/2357) regret=0.036994 ape=0.5364
[14:42:23] warmStart 51% (1221/2357) regret=0.037030 ape=0.5364
[14:42:23] warmStart 51% (1222/2357) regret=0.037030 ape=0.5364
[14:42:23] warmStart 51% (1223/2357) regret=0.037030 ape=0.5364
[14:42:23] warmStart 51% (1224/2357) regret=0.037030 ape=0.5364
[14:42:23] warmStart 51% (1225/2357) regret=0.037016 ape=0.5355
[14:42:23] warmStart 52% (1226/2357) regret=0.037016 ape=0.5355
[14:42:24] warmStart 52% (1227/2357) regret=0.037016 ape=0.5355
[14:42:24] warmStart 52% (1228/2357) regret=0.037018 ape=0.5346
[14:42:24] warmStart 52% (1229/2357) regret=0.037018 ape=0.5346
[14:42:24] warmStart 52% (1230/2357) regret=0.036964 ape=0.5346
[14:42:24] warmStart 52% (1231/2357) regret=0.036978 ape=0.5346
[14:42:24] warmStart 52% (1232/2357) regret=0.036978 ape=0.5346
[14:42:24] warmStart 52% (1233/2357) regret=0.036978 ape=0.5346
[14:42:24] warmStart 52% (1234/2357) regret=0.036978 ape=0.5346
[14:42:25] warmStart 52% (1235/2357) regret=0.036978 ape=0.5346
[14:42:25] warmStart 52% (1236/2357) regret=0.036978 ape=0.5346
[14:42:25] warmStart 52% (1237/2357) regret=0.036978 ape=0.5346
[14:42:25] warmStart 52% (1238/2357) regret=0.036978 ape=0.5346
[14:42:25] warmStart 52% (1239/2357) regret=0.036978 ape=0.5346
[14:42:25] warmStart 52% (1240/2357) regret=0.036978 ape=0.5346
[14:42:25] warmStart 52% (1241/2357) regret=0.036978 ape=0.5346
[14:42:26] warmStart 52% (1242/2357) regret=0.036978 ape=0.5346
[14:42:26] warmStart 52% (1243/2357) regret=0.036976 ape=0.5346
[14:42:26] warmStart 52% (1244/2357) regret=0.036976 ape=0.5346
[14:42:26] warmStart 52% (1245/2357) regret=0.036976 ape=0.5346
[14:42:26] warmStart 52% (1246/2357) regret=0.036976 ape=0.5346
[14:42:26] warmStart 52% (1247/2357) regret=0.036976 ape=0.5346
[14:42:26] warmStart 52% (1248/2357) regret=0.036976 ape=0.5346
[14:42:27] warmStart 52% (1249/2357) regret=0.036976 ape=0.5346
[14:42:27] warmStart 53% (1250/2357) regret=0.036714 ape=0.5336
[14:42:27] warmStart 53% (1251/2357) regret=0.036714 ape=0.5336
[14:42:27] warmStart 53% (1252/2357) regret=0.036714 ape=0.5336
[14:42:27] warmStart 53% (1253/2357) regret=0.036714 ape=0.5336
[14:42:27] warmStart 53% (1254/2357) regret=0.036714 ape=0.5336
[14:42:27] warmStart 53% (1255/2357) regret=0.036566 ape=0.5327
[14:42:28] warmStart 53% (1256/2357) regret=0.036566 ape=0.5327
[14:42:28] warmStart 53% (1257/2357) regret=0.036566 ape=0.5327
[14:42:28] warmStart 53% (1258/2357) regret=0.036566 ape=0.5327
[14:42:28] warmStart 53% (1259/2357) regret=0.036566 ape=0.5327
[14:42:28] warmStart 53% (1260/2357) regret=0.036566 ape=0.5327
[14:42:28] warmStart 53% (1261/2357) regret=0.036566 ape=0.5327
[14:42:28] warmStart 53% (1262/2357) regret=0.036566 ape=0.5327
[14:42:28] warmStart 53% (1263/2357) regret=0.036536 ape=0.5327
[14:42:29] warmStart 53% (1264/2357) regret=0.036536 ape=0.5327
[14:42:29] warmStart 53% (1265/2357) regret=0.036521 ape=0.5318
[14:42:29] warmStart 53% (1266/2357) regret=0.036521 ape=0.5318
[14:42:29] warmStart 53% (1267/2357) regret=0.036521 ape=0.5318
[14:42:29] warmStart 53% (1268/2357) regret=0.036521 ape=0.5318
[14:42:29] warmStart 53% (1269/2357) regret=0.036516 ape=0.5318
[14:42:29] warmStart 53% (1270/2357) regret=0.036516 ape=0.5318
[14:42:30] warmStart 53% (1271/2357) regret=0.036516 ape=0.5318
[14:42:30] warmStart 53% (1272/2357) regret=0.036516 ape=0.5318
[14:42:30] warmStart 54% (1273/2357) regret=0.036516 ape=0.5318
[14:42:30] warmStart 54% (1274/2357) regret=0.036516 ape=0.5318
[14:42:30] warmStart 54% (1275/2357) regret=0.036516 ape=0.5318
[14:42:30] warmStart 54% (1276/2357) regret=0.036516 ape=0.5318
[14:42:30] warmStart 54% (1277/2357) regret=0.036516 ape=0.5318
[14:42:31] warmStart 54% (1278/2357) regret=0.036516 ape=0.5318
[14:42:31] warmStart 54% (1279/2357) regret=0.036516 ape=0.5318
[14:42:31] warmStart 54% (1280/2357) regret=0.036516 ape=0.5318
[14:42:31] warmStart 54% (1281/2357) regret=0.036487 ape=0.5309
[14:42:31] warmStart 54% (1282/2357) regret=0.036487 ape=0.5309
[14:42:31] warmStart 54% (1283/2357) regret=0.036487 ape=0.5309
[14:42:31] warmStart 54% (1284/2357) regret=0.036487 ape=0.5309
[14:42:31] warmStart 54% (1285/2357) regret=0.036487 ape=0.5309
[14:42:32] warmStart 54% (1286/2357) regret=0.036471 ape=0.5309
[14:42:32] warmStart 54% (1287/2357) regret=0.036471 ape=0.5309
[14:42:32] warmStart 54% (1288/2357) regret=0.036471 ape=0.5309
[14:42:32] warmStart 54% (1289/2357) regret=0.036471 ape=0.5309
[14:42:32] warmStart 54% (1290/2357) regret=0.036471 ape=0.5309
[14:42:32] warmStart 54% (1291/2357) regret=0.036236 ape=0.5309
[14:42:32] warmStart 54% (1292/2357) regret=0.036236 ape=0.5309
[14:42:32] warmStart 54% (1293/2357) regret=0.036236 ape=0.5309
[14:42:33] warmStart 54% (1294/2357) regret=0.036236 ape=0.5309
[14:42:33] warmStart 54% (1295/2357) regret=0.036198 ape=0.5300
[14:42:33] warmStart 54% (1296/2357) regret=0.036225 ape=0.5300
[14:42:33] warmStart 55% (1297/2357) regret=0.036166 ape=0.5300
[14:42:33] warmStart 55% (1298/2357) regret=0.036110 ape=0.5300
[14:42:33] warmStart 55% (1299/2357) regret=0.036110 ape=0.5300
[14:42:33] warmStart 55% (1300/2357) regret=0.036110 ape=0.5300
[14:42:34] warmStart 55% (1301/2357) regret=0.036027 ape=0.5290
[14:42:34] warmStart 55% (1302/2357) regret=0.036027 ape=0.5290
[14:42:34] warmStart 55% (1303/2357) regret=0.036027 ape=0.5290
[14:42:34] warmStart 55% (1304/2357) regret=0.035972 ape=0.5290
[14:42:34] warmStart 55% (1305/2357) regret=0.036439 ape=0.5290
[14:42:34] warmStart 55% (1306/2357) regret=0.035972 ape=0.5290
[14:42:34] warmStart 55% (1307/2357) regret=0.035962 ape=0.5290
[14:42:35] warmStart 55% (1308/2357) regret=0.035962 ape=0.5290
[14:42:35] warmStart 55% (1309/2357) regret=0.035962 ape=0.5290
[14:42:35] warmStart 55% (1310/2357) regret=0.035962 ape=0.5290
[14:42:35] warmStart 55% (1311/2357) regret=0.035870 ape=0.5290
[14:42:35] warmStart 55% (1312/2357) regret=0.035889 ape=0.5290
[14:42:35] warmStart 55% (1313/2357) regret=0.035889 ape=0.5290
[14:42:35] warmStart 55% (1314/2357) regret=0.035683 ape=0.5290
[14:42:36] warmStart 55% (1315/2357) regret=0.035840 ape=0.5300
[14:42:36] warmStart 55% (1316/2357) regret=0.035840 ape=0.5300
[14:42:36] warmStart 55% (1317/2357) regret=0.035978 ape=0.5300
[14:42:36] warmStart 55% (1318/2357) regret=0.035978 ape=0.5300
[14:42:36] warmStart 55% (1319/2357) regret=0.035978 ape=0.5300
[14:42:36] warmStart 56% (1320/2357) regret=0.035978 ape=0.5300
[14:42:36] warmStart 56% (1321/2357) regret=0.035978 ape=0.5300
[14:42:37] warmStart 56% (1322/2357) regret=0.035978 ape=0.5300
[14:42:37] warmStart 56% (1323/2357) regret=0.035978 ape=0.5300
[14:42:37] warmStart 56% (1324/2357) regret=0.035877 ape=0.5290
[14:42:37] warmStart 56% (1325/2357) regret=0.035877 ape=0.5290
[14:42:37] warmStart 56% (1326/2357) regret=0.035877 ape=0.5290
[14:42:37] warmStart 56% (1327/2357) regret=0.035877 ape=0.5290
[14:42:37] warmStart 56% (1328/2357) regret=0.035877 ape=0.5290
[14:42:38] warmStart 56% (1329/2357) regret=0.035877 ape=0.5290
[14:42:38] warmStart 56% (1330/2357) regret=0.035877 ape=0.5290
[14:42:38] warmStart 56% (1331/2357) regret=0.035886 ape=0.5290
[14:42:38] warmStart 56% (1332/2357) regret=0.035647 ape=0.5290
[14:42:38] warmStart 56% (1333/2357) regret=0.035859 ape=0.5290
[14:42:38] warmStart 56% (1334/2357) regret=0.036043 ape=0.5290
[14:42:38] warmStart 56% (1335/2357) regret=0.035785 ape=0.5281
[14:42:39] warmStart 56% (1336/2357) regret=0.035785 ape=0.5281
[14:42:39] warmStart 56% (1337/2357) regret=0.035785 ape=0.5281
[14:42:39] warmStart 56% (1338/2357) regret=0.035785 ape=0.5281
[14:42:39] warmStart 56% (1339/2357) regret=0.035785 ape=0.5281
[14:42:39] warmStart 56% (1340/2357) regret=0.035785 ape=0.5281
[14:42:39] warmStart 56% (1341/2357) regret=0.035788 ape=0.5281
[14:42:39] warmStart 56% (1342/2357) regret=0.035788 ape=0.5281
[14:42:40] warmStart 56% (1343/2357) regret=0.035788 ape=0.5281
[14:42:40] warmStart 57% (1344/2357) regret=0.035788 ape=0.5281
[14:42:40] warmStart 57% (1345/2357) regret=0.035993 ape=0.5290
[14:42:40] warmStart 57% (1346/2357) regret=0.035788 ape=0.5281
[14:42:40] warmStart 57% (1347/2357) regret=0.035788 ape=0.5281
[14:42:40] warmStart 57% (1348/2357) regret=0.035788 ape=0.5281
[14:42:40] warmStart 57% (1349/2357) regret=0.035788 ape=0.5281
[14:42:41] warmStart 57% (1350/2357) regret=0.035788 ape=0.5281
[14:42:41] warmStart 57% (1351/2357) regret=0.035788 ape=0.5281
[14:42:41] warmStart 57% (1352/2357) regret=0.035788 ape=0.5281
[14:42:41] warmStart 57% (1353/2357) regret=0.035788 ape=0.5281
[14:42:41] warmStart 57% (1354/2357) regret=0.035728 ape=0.5281
[14:42:41] warmStart 57% (1355/2357) regret=0.035728 ape=0.5281
[14:42:41] warmStart 57% (1356/2357) regret=0.035728 ape=0.5281
[14:42:42] warmStart 57% (1357/2357) regret=0.035728 ape=0.5281
[14:42:42] warmStart 57% (1358/2357) regret=0.035728 ape=0.5281
[14:42:42] warmStart 57% (1359/2357) regret=0.035728 ape=0.5281
[14:42:42] warmStart 57% (1360/2357) regret=0.035728 ape=0.5281
[14:42:42] warmStart 57% (1361/2357) regret=0.035671 ape=0.5272
[14:42:42] warmStart 57% (1362/2357) regret=0.035671 ape=0.5272
[14:42:42] warmStart 57% (1363/2357) regret=0.035647 ape=0.5263
[14:42:43] warmStart 57% (1364/2357) regret=0.035647 ape=0.5263
[14:42:43] warmStart 57% (1365/2357) regret=0.035647 ape=0.5263
[14:42:43] warmStart 57% (1366/2357) regret=0.035647 ape=0.5263
[14:42:43] warmStart 57% (1367/2357) regret=0.035647 ape=0.5263
[14:42:43] warmStart 58% (1368/2357) regret=0.035601 ape=0.5263
[14:42:43] warmStart 58% (1369/2357) regret=0.035601 ape=0.5263
[14:42:43] warmStart 58% (1370/2357) regret=0.035601 ape=0.5263
[14:42:43] warmStart 58% (1371/2357) regret=0.035601 ape=0.5263
[14:42:44] warmStart 58% (1372/2357) regret=0.035601 ape=0.5263
[14:42:44] warmStart 58% (1373/2357) regret=0.035601 ape=0.5263
[14:42:44] warmStart 58% (1374/2357) regret=0.035601 ape=0.5263
[14:42:44] warmStart 58% (1375/2357) regret=0.035601 ape=0.5263
[14:42:44] warmStart 58% (1376/2357) regret=0.035601 ape=0.5263
[14:42:44] warmStart 58% (1377/2357) regret=0.035601 ape=0.5263
[14:42:44] warmStart 58% (1378/2357) regret=0.035601 ape=0.5263
[14:42:45] warmStart 58% (1379/2357) regret=0.035601 ape=0.5263
[14:42:45] warmStart 58% (1380/2357) regret=0.035601 ape=0.5263
[14:42:45] warmStart 58% (1381/2357) regret=0.035601 ape=0.5263
[14:42:45] warmStart 58% (1382/2357) regret=0.035601 ape=0.5263
[14:42:45] warmStart 58% (1383/2357) regret=0.035601 ape=0.5263
[14:42:45] warmStart 58% (1384/2357) regret=0.035601 ape=0.5263
[14:42:45] warmStart 58% (1385/2357) regret=0.035601 ape=0.5263
[14:42:46] warmStart 58% (1386/2357) regret=0.035601 ape=0.5263
[14:42:46] warmStart 58% (1387/2357) regret=0.035601 ape=0.5263
[14:42:46] warmStart 58% (1388/2357) regret=0.035574 ape=0.5263
[14:42:46] warmStart 58% (1389/2357) regret=0.035574 ape=0.5263
[14:42:46] warmStart 58% (1390/2357) regret=0.035574 ape=0.5263
[14:42:46] warmStart 59% (1391/2357) regret=0.035574 ape=0.5263
[14:42:46] warmStart 59% (1392/2357) regret=0.035565 ape=0.5253
[14:42:47] warmStart 59% (1393/2357) regret=0.035656 ape=0.5253
[14:42:47] warmStart 59% (1394/2357) regret=0.035656 ape=0.5253
[14:42:47] warmStart 59% (1395/2357) regret=0.035923 ape=0.5253
[14:42:47] warmStart 59% (1396/2357) regret=0.035923 ape=0.5253
[14:42:47] warmStart 59% (1397/2357) regret=0.035923 ape=0.5253
[14:42:47] warmStart 59% (1398/2357) regret=0.035923 ape=0.5253
[14:42:47] warmStart 59% (1399/2357) regret=0.035923 ape=0.5253
[14:42:48] warmStart 59% (1400/2357) regret=0.035923 ape=0.5253
[14:42:48] warmStart 59% (1401/2357) regret=0.035923 ape=0.5253
[14:42:48] warmStart 59% (1402/2357) regret=0.035923 ape=0.5253
[14:42:48] warmStart 59% (1403/2357) regret=0.035923 ape=0.5253
[14:42:48] warmStart 59% (1404/2357) regret=0.035923 ape=0.5253
[14:42:48] warmStart 59% (1405/2357) regret=0.035849 ape=0.5244
[14:42:48] warmStart 59% (1406/2357) regret=0.035849 ape=0.5244
[14:42:49] warmStart 59% (1407/2357) regret=0.035849 ape=0.5244
[14:42:49] warmStart 59% (1408/2357) regret=0.035849 ape=0.5244
[14:42:49] warmStart 59% (1409/2357) regret=0.035849 ape=0.5244
[14:42:49] warmStart 59% (1410/2357) regret=0.035849 ape=0.5244
[14:42:49] warmStart 59% (1411/2357) regret=0.035849 ape=0.5244
[14:42:49] warmStart 59% (1412/2357) regret=0.035849 ape=0.5244
[14:42:49] warmStart 59% (1413/2357) regret=0.035931 ape=0.5244
[14:42:50] warmStart 59% (1414/2357) regret=0.035894 ape=0.5244
[14:42:50] warmStart 60% (1415/2357) regret=0.035894 ape=0.5244
[14:42:50] warmStart 60% (1416/2357) regret=0.035762 ape=0.5235
[14:42:50] warmStart 60% (1417/2357) regret=0.035762 ape=0.5235
[14:42:50] warmStart 60% (1418/2357) regret=0.035776 ape=0.5235
[14:42:50] warmStart 60% (1419/2357) regret=0.035776 ape=0.5235
[14:42:50] warmStart 60% (1420/2357) regret=0.035776 ape=0.5235
[14:42:51] warmStart 60% (1421/2357) regret=0.035776 ape=0.5235
[14:42:51] warmStart 60% (1422/2357) regret=0.035684 ape=0.5235
[14:42:51] warmStart 60% (1423/2357) regret=0.035684 ape=0.5235
[14:42:51] warmStart 60% (1424/2357) regret=0.035684 ape=0.5235
[14:42:51] warmStart 60% (1425/2357) regret=0.035684 ape=0.5235
[14:42:51] warmStart 60% (1426/2357) regret=0.035721 ape=0.5235
[14:42:51] warmStart 60% (1427/2357) regret=0.035550 ape=0.5235
[14:42:52] warmStart 60% (1428/2357) regret=0.035235 ape=0.5217
[14:42:52] warmStart 60% (1429/2357) regret=0.035235 ape=0.5217
[14:42:52] warmStart 60% (1430/2357) regret=0.035080 ape=0.5207
[14:42:52] warmStart 60% (1431/2357) regret=0.035043 ape=0.5207
[14:42:52] warmStart 60% (1432/2357) regret=0.034973 ape=0.5198
[14:42:52] warmStart 60% (1433/2357) regret=0.034719 ape=0.5189
[14:42:52] warmStart 60% (1434/2357) regret=0.034719 ape=0.5189
[14:42:53] warmStart 60% (1435/2357) regret=0.034886 ape=0.5189
[14:42:53] warmStart 60% (1436/2357) regret=0.034628 ape=0.5180
[14:42:53] warmStart 60% (1437/2357) regret=0.034573 ape=0.5180
[14:42:53] warmStart 61% (1438/2357) regret=0.034581 ape=0.5180
[14:42:53] warmStart 61% (1439/2357) regret=0.034573 ape=0.5180
[14:42:53] warmStart 61% (1440/2357) regret=0.034391 ape=0.5180
[14:42:53] warmStart 61% (1441/2357) regret=0.034391 ape=0.5180
[14:42:54] warmStart 61% (1442/2357) regret=0.034414 ape=0.5189
[14:42:54] warmStart 61% (1443/2357) regret=0.034414 ape=0.5189
[14:42:54] warmStart 61% (1444/2357) regret=0.034414 ape=0.5189
[14:42:54] warmStart 61% (1445/2357) regret=0.034414 ape=0.5189
[14:42:54] warmStart 61% (1446/2357) regret=0.034414 ape=0.5189
[14:42:54] warmStart 61% (1447/2357) regret=0.034921 ape=0.5198
[14:42:54] warmStart 61% (1448/2357) regret=0.034718 ape=0.5198
[14:42:55] warmStart 61% (1449/2357) regret=0.034718 ape=0.5198
[14:42:55] warmStart 61% (1450/2357) regret=0.034718 ape=0.5198
[14:42:55] warmStart 61% (1451/2357) regret=0.034718 ape=0.5198
[14:42:55] warmStart 61% (1452/2357) regret=0.034718 ape=0.5198
[14:42:55] warmStart 61% (1453/2357) regret=0.034718 ape=0.5198
[14:42:55] warmStart 61% (1454/2357) regret=0.034221 ape=0.5189
[14:42:55] warmStart 61% (1455/2357) regret=0.034202 ape=0.5189
[14:42:56] warmStart 61% (1456/2357) regret=0.033857 ape=0.5180
[14:42:56] warmStart 61% (1457/2357) regret=0.033857 ape=0.5180
[14:42:56] warmStart 61% (1458/2357) regret=0.033857 ape=0.5180
[14:42:56] warmStart 61% (1459/2357) regret=0.033857 ape=0.5180
[14:42:56] warmStart 61% (1460/2357) regret=0.033857 ape=0.5180
[14:42:56] warmStart 61% (1461/2357) regret=0.033755 ape=0.5171
[14:42:56] warmStart 62% (1462/2357) regret=0.033562 ape=0.5161
[14:42:57] warmStart 62% (1463/2357) regret=0.033562 ape=0.5161
[14:42:57] warmStart 62% (1464/2357) regret=0.033543 ape=0.5161
[14:42:57] warmStart 62% (1465/2357) regret=0.033562 ape=0.5161
[14:42:57] warmStart 62% (1466/2357) regret=0.033562 ape=0.5161
[14:42:57] warmStart 62% (1467/2357) regret=0.033562 ape=0.5161
[14:42:57] warmStart 62% (1468/2357) regret=0.033562 ape=0.5161
[14:42:57] warmStart 62% (1469/2357) regret=0.033562 ape=0.5161
[14:42:58] warmStart 62% (1470/2357) regret=0.033562 ape=0.5161
[14:42:58] warmStart 62% (1471/2357) regret=0.033562 ape=0.5161
[14:42:58] warmStart 62% (1472/2357) regret=0.033562 ape=0.5161
[14:42:58] warmStart 62% (1473/2357) regret=0.033562 ape=0.5161
[14:42:58] warmStart 62% (1474/2357) regret=0.033562 ape=0.5161
[14:42:58] warmStart 62% (1475/2357) regret=0.033562 ape=0.5161
[14:42:58] warmStart 62% (1476/2357) regret=0.033562 ape=0.5161
[14:42:58] warmStart 62% (1477/2357) regret=0.033562 ape=0.5161
[14:42:59] warmStart 62% (1478/2357) regret=0.033562 ape=0.5161
[14:42:59] warmStart 62% (1479/2357) regret=0.033562 ape=0.5161
[14:42:59] warmStart 62% (1480/2357) regret=0.033562 ape=0.5161
[14:42:59] warmStart 62% (1481/2357) regret=0.033562 ape=0.5161
[14:42:59] warmStart 62% (1482/2357) regret=0.033562 ape=0.5161
[14:42:59] warmStart 62% (1483/2357) regret=0.033562 ape=0.5161
[14:42:59] warmStart 62% (1484/2357) regret=0.033562 ape=0.5161
[14:43:00] warmStart 63% (1485/2357) regret=0.033562 ape=0.5161
[14:43:00] warmStart 63% (1486/2357) regret=0.033562 ape=0.5161
[14:43:00] warmStart 63% (1487/2357) regret=0.033562 ape=0.5161
[14:43:00] warmStart 63% (1488/2357) regret=0.033562 ape=0.5161
[14:43:00] warmStart 63% (1489/2357) regret=0.033562 ape=0.5161
[14:43:00] warmStart 63% (1490/2357) regret=0.033562 ape=0.5161
[14:43:00] warmStart 63% (1491/2357) regret=0.033453 ape=0.5161
[14:43:01] warmStart 63% (1492/2357) regret=0.033453 ape=0.5161
[14:43:01] warmStart 63% (1493/2357) regret=0.033453 ape=0.5161
[14:43:01] warmStart 63% (1494/2357) regret=0.033453 ape=0.5161
[14:43:01] warmStart 63% (1495/2357) regret=0.033453 ape=0.5161
[14:43:01] warmStart 63% (1496/2357) regret=0.033453 ape=0.5161
[14:43:01] warmStart 63% (1497/2357) regret=0.033453 ape=0.5161
[14:43:01] warmStart 63% (1498/2357) regret=0.033453 ape=0.5161
[14:43:01] warmStart 63% (1499/2357) regret=0.033453 ape=0.5161
[14:43:02] warmStart 63% (1500/2357) regret=0.033453 ape=0.5161
[14:43:02] warmStart 63% (1501/2357) regret=0.033453 ape=0.5161
[14:43:02] warmStart 63% (1502/2357) regret=0.033453 ape=0.5161
[14:43:02] warmStart 63% (1503/2357) regret=0.033453 ape=0.5161
[14:43:02] warmStart 63% (1504/2357) regret=0.033453 ape=0.5161
[14:43:02] warmStart 63% (1505/2357) regret=0.033320 ape=0.5152
[14:43:02] warmStart 63% (1506/2357) regret=0.033320 ape=0.5152
[14:43:03] warmStart 63% (1507/2357) regret=0.033320 ape=0.5152
[14:43:03] warmStart 63% (1508/2357) regret=0.033320 ape=0.5152
[14:43:03] warmStart 64% (1509/2357) regret=0.033320 ape=0.5152
[14:43:03] warmStart 64% (1510/2357) regret=0.033320 ape=0.5152
[14:43:03] warmStart 64% (1511/2357) regret=0.033320 ape=0.5152
[14:43:03] warmStart 64% (1512/2357) regret=0.033320 ape=0.5152
[14:43:03] warmStart 64% (1513/2357) regret=0.033320 ape=0.5152
[14:43:03] warmStart 64% (1514/2357) regret=0.033320 ape=0.5152
[14:43:04] warmStart 64% (1515/2357) regret=0.033320 ape=0.5152
[14:43:04] warmStart 64% (1516/2357) regret=0.033320 ape=0.5152
[14:43:04] warmStart 64% (1517/2357) regret=0.033320 ape=0.5152
[14:43:04] warmStart 64% (1518/2357) regret=0.033320 ape=0.5152
[14:43:04] warmStart 64% (1519/2357) regret=0.033320 ape=0.5152
[14:43:04] warmStart 64% (1520/2357) regret=0.033320 ape=0.5152
[14:43:04] warmStart 64% (1521/2357) regret=0.033315 ape=0.5152
[14:43:04] warmStart 64% (1522/2357) regret=0.033315 ape=0.5152
[14:43:05] warmStart 64% (1523/2357) regret=0.033329 ape=0.5152
[14:43:05] warmStart 64% (1524/2357) regret=0.033329 ape=0.5152
[14:43:05] warmStart 64% (1525/2357) regret=0.033329 ape=0.5152
[14:43:05] warmStart 64% (1526/2357) regret=0.033329 ape=0.5152
[14:43:05] warmStart 64% (1527/2357) regret=0.033329 ape=0.5152
[14:43:05] warmStart 64% (1528/2357) regret=0.033329 ape=0.5152
[14:43:05] warmStart 64% (1529/2357) regret=0.033329 ape=0.5152
[14:43:06] warmStart 64% (1530/2357) regret=0.033329 ape=0.5152
[14:43:06] warmStart 64% (1531/2357) regret=0.033329 ape=0.5152
[14:43:06] warmStart 64% (1532/2357) regret=0.033329 ape=0.5152
[14:43:06] warmStart 65% (1533/2357) regret=0.033329 ape=0.5152
[14:43:06] warmStart 65% (1534/2357) regret=0.033329 ape=0.5152
[14:43:06] warmStart 65% (1535/2357) regret=0.033329 ape=0.5152
[14:43:07] warmStart 65% (1536/2357) regret=0.033329 ape=0.5152
[14:43:07] warmStart 65% (1537/2357) regret=0.033329 ape=0.5152
[14:43:07] warmStart 65% (1538/2357) regret=0.033246 ape=0.5143
[14:43:07] warmStart 65% (1539/2357) regret=0.033292 ape=0.5143
[14:43:07] warmStart 65% (1540/2357) regret=0.033292 ape=0.5143
[14:43:07] warmStart 65% (1541/2357) regret=0.033196 ape=0.5134
[14:43:07] warmStart 65% (1542/2357) regret=0.033266 ape=0.5134
[14:43:07] warmStart 65% (1543/2357) regret=0.033222 ape=0.5143
[14:43:08] warmStart 65% (1544/2357) regret=0.033525 ape=0.5152
[14:43:08] warmStart 65% (1545/2357) regret=0.033755 ape=0.5152
[14:43:08] warmStart 65% (1546/2357) regret=0.033414 ape=0.5152
[14:43:08] warmStart 65% (1547/2357) regret=0.033443 ape=0.5152
[14:43:08] warmStart 65% (1548/2357) regret=0.033525 ape=0.5152
[14:43:08] warmStart 65% (1549/2357) regret=0.033512 ape=0.5152
[14:43:08] warmStart 65% (1550/2357) regret=0.033512 ape=0.5152
[14:43:09] warmStart 65% (1551/2357) regret=0.033102 ape=0.5161
[14:43:09] warmStart 65% (1552/2357) regret=0.033210 ape=0.5152
[14:43:09] warmStart 65% (1553/2357) regret=0.033104 ape=0.5143
[14:43:09] warmStart 65% (1554/2357) regret=0.033141 ape=0.5143
[14:43:09] warmStart 65% (1555/2357) regret=0.033141 ape=0.5143
[14:43:09] warmStart 66% (1556/2357) regret=0.033299 ape=0.5143
[14:43:09] warmStart 66% (1557/2357) regret=0.033141 ape=0.5143
[14:43:10] warmStart 66% (1558/2357) regret=0.033141 ape=0.5143
[14:43:10] warmStart 66% (1559/2357) regret=0.033141 ape=0.5143
[14:43:10] warmStart 66% (1560/2357) regret=0.033115 ape=0.5134
[14:43:10] warmStart 66% (1561/2357) regret=0.033115 ape=0.5134
[14:43:10] warmStart 66% (1562/2357) regret=0.033115 ape=0.5134
[14:43:10] warmStart 66% (1563/2357) regret=0.033105 ape=0.5124
[14:43:10] warmStart 66% (1564/2357) regret=0.032820 ape=0.5115
[14:43:11] warmStart 66% (1565/2357) regret=0.032820 ape=0.5115
[14:43:11] warmStart 66% (1566/2357) regret=0.032552 ape=0.5115
[14:43:11] warmStart 66% (1567/2357) regret=0.032552 ape=0.5115
[14:43:11] warmStart 66% (1568/2357) regret=0.032506 ape=0.5106
[14:43:11] warmStart 66% (1569/2357) regret=0.032525 ape=0.5106
[14:43:11] warmStart 66% (1570/2357) regret=0.032405 ape=0.5097
[14:43:11] warmStart 66% (1571/2357) regret=0.032386 ape=0.5097
[14:43:12] warmStart 66% (1572/2357) regret=0.032423 ape=0.5097
[14:43:12] warmStart 66% (1573/2357) regret=0.032386 ape=0.5097
[14:43:12] warmStart 66% (1574/2357) regret=0.032386 ape=0.5097
[14:43:12] warmStart 66% (1575/2357) regret=0.032480 ape=0.5088
[14:43:12] warmStart 66% (1576/2357) regret=0.032334 ape=0.5088
[14:43:12] warmStart 66% (1577/2357) regret=0.032334 ape=0.5088
[14:43:12] warmStart 66% (1578/2357) regret=0.032334 ape=0.5088
[14:43:13] warmStart 66% (1579/2357) regret=0.032334 ape=0.5088
[14:43:13] warmStart 67% (1580/2357) regret=0.032325 ape=0.5088
[14:43:13] warmStart 67% (1581/2357) regret=0.032274 ape=0.5088
[14:43:13] warmStart 67% (1582/2357) regret=0.032274 ape=0.5088
[14:43:13] warmStart 67% (1583/2357) regret=0.032264 ape=0.5088
[14:43:13] warmStart 67% (1584/2357) regret=0.032274 ape=0.5088
[14:43:13] warmStart 67% (1585/2357) regret=0.032274 ape=0.5088
[14:43:14] warmStart 67% (1586/2357) regret=0.032224 ape=0.5088
[14:43:14] warmStart 67% (1587/2357) regret=0.032259 ape=0.5088
[14:43:14] warmStart 67% (1588/2357) regret=0.032268 ape=0.5088
[14:43:14] warmStart 67% (1589/2357) regret=0.032107 ape=0.5078
[14:43:14] warmStart 67% (1590/2357) regret=0.031969 ape=0.5069
[14:43:14] warmStart 67% (1591/2357) regret=0.031821 ape=0.5060
[14:43:14] warmStart 67% (1592/2357) regret=0.032108 ape=0.5069
[14:43:15] warmStart 67% (1593/2357) regret=0.031745 ape=0.5060
[14:43:15] warmStart 67% (1594/2357) regret=0.031745 ape=0.5060
[14:43:15] warmStart 67% (1595/2357) regret=0.031883 ape=0.5060
[14:43:15] warmStart 67% (1596/2357) regret=0.031745 ape=0.5060
[14:43:15] warmStart 67% (1597/2357) regret=0.031745 ape=0.5060
[14:43:15] warmStart 67% (1598/2357) regret=0.031676 ape=0.5060
[14:43:15] warmStart 67% (1599/2357) regret=0.031671 ape=0.5051
[14:43:16] warmStart 67% (1600/2357) regret=0.031736 ape=0.5051
[14:43:16] warmStart 67% (1601/2357) regret=0.031819 ape=0.5051
[14:43:16] warmStart 67% (1602/2357) regret=0.031671 ape=0.5051
[14:43:16] warmStart 68% (1603/2357) regret=0.031671 ape=0.5051
[14:43:16] warmStart 68% (1604/2357) regret=0.031671 ape=0.5051
[14:43:16] warmStart 68% (1605/2357) regret=0.031671 ape=0.5051
[14:43:16] warmStart 68% (1606/2357) regret=0.031671 ape=0.5051
[14:43:17] warmStart 68% (1607/2357) regret=0.031671 ape=0.5051
[14:43:17] warmStart 68% (1608/2357) regret=0.031565 ape=0.5041
[14:43:17] warmStart 68% (1609/2357) regret=0.031897 ape=0.5051
[14:43:17] warmStart 68% (1610/2357) regret=0.031565 ape=0.5041
[14:43:17] warmStart 68% (1611/2357) regret=0.031565 ape=0.5041
[14:43:17] warmStart 68% (1612/2357) regret=0.031565 ape=0.5041
[14:43:17] warmStart 68% (1613/2357) regret=0.031565 ape=0.5041
[14:43:18] warmStart 68% (1614/2357) regret=0.031565 ape=0.5041
[14:43:18] warmStart 68% (1615/2357) regret=0.031565 ape=0.5041
[14:43:18] warmStart 68% (1616/2357) regret=0.031565 ape=0.5041
[14:43:18] warmStart 68% (1617/2357) regret=0.031565 ape=0.5041
[14:43:18] warmStart 68% (1618/2357) regret=0.031565 ape=0.5041
[14:43:18] warmStart 68% (1619/2357) regret=0.031565 ape=0.5041
[14:43:18] warmStart 68% (1620/2357) regret=0.031565 ape=0.5041
[14:43:19] warmStart 68% (1621/2357) regret=0.031565 ape=0.5041
[14:43:19] warmStart 68% (1622/2357) regret=0.031565 ape=0.5041
[14:43:19] warmStart 68% (1623/2357) regret=0.031565 ape=0.5041
[14:43:19] warmStart 68% (1624/2357) regret=0.031565 ape=0.5041
[14:43:19] warmStart 68% (1625/2357) regret=0.031565 ape=0.5041
[14:43:19] warmStart 68% (1626/2357) regret=0.031565 ape=0.5041
[14:43:19] warmStart 69% (1627/2357) regret=0.031565 ape=0.5041
[14:43:20] warmStart 69% (1628/2357) regret=0.031565 ape=0.5041
[14:43:20] warmStart 69% (1629/2357) regret=0.031556 ape=0.5041
[14:43:20] warmStart 69% (1630/2357) regret=0.031556 ape=0.5041
[14:43:20] warmStart 69% (1631/2357) regret=0.031556 ape=0.5041
[14:43:20] warmStart 69% (1632/2357) regret=0.031556 ape=0.5041
[14:43:20] warmStart 69% (1633/2357) regret=0.031556 ape=0.5041
[14:43:20] warmStart 69% (1634/2357) regret=0.031556 ape=0.5041
[14:43:21] warmStart 69% (1635/2357) regret=0.031556 ape=0.5041
[14:43:21] warmStart 69% (1636/2357) regret=0.031556 ape=0.5041
[14:43:21] warmStart 69% (1637/2357) regret=0.031547 ape=0.5041
[14:43:21] warmStart 69% (1638/2357) regret=0.031547 ape=0.5041
[14:43:21] warmStart 69% (1639/2357) regret=0.031547 ape=0.5041
[14:43:21] warmStart 69% (1640/2357) regret=0.031547 ape=0.5041
[14:43:21] warmStart 69% (1641/2357) regret=0.031547 ape=0.5041
[14:43:21] warmStart 69% (1642/2357) regret=0.031547 ape=0.5041
[14:43:22] warmStart 69% (1643/2357) regret=0.031485 ape=0.5041
[14:43:22] warmStart 69% (1644/2357) regret=0.031439 ape=0.5032
[14:43:22] warmStart 69% (1645/2357) regret=0.031439 ape=0.5032
[14:43:22] warmStart 69% (1646/2357) regret=0.031439 ape=0.5032
[14:43:22] warmStart 69% (1647/2357) regret=0.031439 ape=0.5032
[14:43:22] warmStart 69% (1648/2357) regret=0.031439 ape=0.5032
[14:43:22] warmStart 69% (1649/2357) regret=0.031439 ape=0.5032
[14:43:23] warmStart 70% (1650/2357) regret=0.031427 ape=0.5023
[14:43:23] warmStart 70% (1651/2357) regret=0.031427 ape=0.5023
[14:43:23] warmStart 70% (1652/2357) regret=0.031427 ape=0.5023
[14:43:23] warmStart 70% (1653/2357) regret=0.031110 ape=0.5014
[14:43:23] warmStart 70% (1654/2357) regret=0.031110 ape=0.5014
[14:43:23] warmStart 70% (1655/2357) regret=0.031110 ape=0.5014
[14:43:23] warmStart 70% (1656/2357) regret=0.031109 ape=0.5014
[14:43:24] warmStart 70% (1657/2357) regret=0.031109 ape=0.5014
[14:43:24] warmStart 70% (1658/2357) regret=0.031109 ape=0.5014
[14:43:24] warmStart 70% (1659/2357) regret=0.031109 ape=0.5014
[14:43:24] warmStart 70% (1660/2357) regret=0.031109 ape=0.5014
[14:43:24] warmStart 70% (1661/2357) regret=0.031109 ape=0.5014
[14:43:24] warmStart 70% (1662/2357) regret=0.031109 ape=0.5014
[14:43:24] warmStart 70% (1663/2357) regret=0.031109 ape=0.5014
[14:43:24] warmStart 70% (1664/2357) regret=0.031109 ape=0.5014
[14:43:25] warmStart 70% (1665/2357) regret=0.031109 ape=0.5014
[14:43:25] warmStart 70% (1666/2357) regret=0.031109 ape=0.5014
[14:43:25] warmStart 70% (1667/2357) regret=0.031109 ape=0.5014
[14:43:25] warmStart 70% (1668/2357) regret=0.031109 ape=0.5014
[14:43:25] warmStart 70% (1669/2357) regret=0.031109 ape=0.5014
[14:43:25] warmStart 70% (1670/2357) regret=0.031109 ape=0.5014
[14:43:25] warmStart 70% (1671/2357) regret=0.031109 ape=0.5014
[14:43:26] warmStart 70% (1672/2357) regret=0.031109 ape=0.5014
[14:43:26] warmStart 70% (1673/2357) regret=0.031109 ape=0.5014
[14:43:26] warmStart 71% (1674/2357) regret=0.031079 ape=0.5014
[14:43:26] warmStart 71% (1675/2357) regret=0.031079 ape=0.5014
[14:43:26] warmStart 71% (1676/2357) regret=0.031079 ape=0.5014
[14:43:26] warmStart 71% (1677/2357) regret=0.031079 ape=0.5014
[14:43:26] warmStart 71% (1678/2357) regret=0.031079 ape=0.5014
[14:43:27] warmStart 71% (1679/2357) regret=0.031079 ape=0.5014
[14:43:27] warmStart 71% (1680/2357) regret=0.031079 ape=0.5014
[14:43:27] warmStart 71% (1681/2357) regret=0.031079 ape=0.5014
[14:43:27] warmStart 71% (1682/2357) regret=0.031079 ape=0.5014
[14:43:27] warmStart 71% (1683/2357) regret=0.031079 ape=0.5014
[14:43:27] warmStart 71% (1684/2357) regret=0.031079 ape=0.5014
[14:43:27] warmStart 71% (1685/2357) regret=0.031079 ape=0.5014
[14:43:27] warmStart 71% (1686/2357) regret=0.031079 ape=0.5014
[14:43:28] warmStart 71% (1687/2357) regret=0.031079 ape=0.5014
[14:43:28] warmStart 71% (1688/2357) regret=0.031079 ape=0.5014
[14:43:28] warmStart 71% (1689/2357) regret=0.031079 ape=0.5014
[14:43:28] warmStart 71% (1690/2357) regret=0.031079 ape=0.5014
[14:43:28] warmStart 71% (1691/2357) regret=0.031079 ape=0.5014
[14:43:28] warmStart 71% (1692/2357) regret=0.031079 ape=0.5014
[14:43:28] warmStart 71% (1693/2357) regret=0.031079 ape=0.5014
[14:43:29] warmStart 71% (1694/2357) regret=0.031079 ape=0.5014
[14:43:29] warmStart 71% (1695/2357) regret=0.031079 ape=0.5014
[14:43:29] warmStart 71% (1696/2357) regret=0.031079 ape=0.5014
[14:43:29] warmStart 71% (1697/2357) regret=0.031079 ape=0.5014
[14:43:29] warmStart 72% (1698/2357) regret=0.031079 ape=0.5014
[14:43:29] warmStart 72% (1699/2357) regret=0.030955 ape=0.5014
[14:43:29] warmStart 72% (1700/2357) regret=0.030955 ape=0.5014
[14:43:29] warmStart 72% (1701/2357) regret=0.030955 ape=0.5014
[14:43:30] warmStart 72% (1702/2357) regret=0.030955 ape=0.5014
[14:43:30] warmStart 72% (1703/2357) regret=0.030955 ape=0.5014
[14:43:30] warmStart 72% (1704/2357) regret=0.030955 ape=0.5014
[14:43:30] warmStart 72% (1705/2357) regret=0.030955 ape=0.5014
[14:43:30] warmStart 72% (1706/2357) regret=0.030978 ape=0.5023
[14:43:30] warmStart 72% (1707/2357) regret=0.030969 ape=0.5023
[14:43:30] warmStart 72% (1708/2357) regret=0.030992 ape=0.5023
[14:43:31] warmStart 72% (1709/2357) regret=0.030941 ape=0.5023
[14:43:31] warmStart 72% (1710/2357) regret=0.030941 ape=0.5023
[14:43:31] warmStart 72% (1711/2357) regret=0.030941 ape=0.5023
[14:43:31] warmStart 72% (1712/2357) regret=0.030941 ape=0.5023
[14:43:31] warmStart 72% (1713/2357) regret=0.030941 ape=0.5023
[14:43:31] warmStart 72% (1714/2357) regret=0.030877 ape=0.5014
[14:43:31] warmStart 72% (1715/2357) regret=0.030877 ape=0.5014
[14:43:32] warmStart 72% (1716/2357) regret=0.030877 ape=0.5014
[14:43:32] warmStart 72% (1717/2357) regret=0.030877 ape=0.5014
[14:43:32] warmStart 72% (1718/2357) regret=0.030877 ape=0.5014
[14:43:32] warmStart 72% (1719/2357) regret=0.030877 ape=0.5014
[14:43:32] warmStart 72% (1720/2357) regret=0.030877 ape=0.5014
[14:43:32] warmStart 73% (1721/2357) regret=0.030877 ape=0.5014
[14:43:32] warmStart 73% (1722/2357) regret=0.030905 ape=0.5023
[14:43:32] warmStart 73% (1723/2357) regret=0.030840 ape=0.5023
[14:43:33] warmStart 73% (1724/2357) regret=0.030840 ape=0.5023
[14:43:33] warmStart 73% (1725/2357) regret=0.030840 ape=0.5023
[14:43:33] warmStart 73% (1726/2357) regret=0.030840 ape=0.5023
[14:43:33] warmStart 73% (1727/2357) regret=0.030840 ape=0.5023
[14:43:33] warmStart 73% (1728/2357) regret=0.030840 ape=0.5023
[14:43:33] warmStart 73% (1729/2357) regret=0.030840 ape=0.5023
[14:43:33] warmStart 73% (1730/2357) regret=0.030840 ape=0.5023
[14:43:34] warmStart 73% (1731/2357) regret=0.030840 ape=0.5023
[14:43:34] warmStart 73% (1732/2357) regret=0.030840 ape=0.5023
[14:43:34] warmStart 73% (1733/2357) regret=0.030840 ape=0.5023
[14:43:34] warmStart 73% (1734/2357) regret=0.030780 ape=0.5023
[14:43:34] warmStart 73% (1735/2357) regret=0.030780 ape=0.5023
[14:43:34] warmStart 73% (1736/2357) regret=0.030780 ape=0.5023
[14:43:35] warmStart 73% (1737/2357) regret=0.030918 ape=0.5023
[14:43:35] warmStart 73% (1738/2357) regret=0.030918 ape=0.5023
[14:43:35] warmStart 73% (1739/2357) regret=0.030918 ape=0.5023
[14:43:35] warmStart 73% (1740/2357) regret=0.030918 ape=0.5023
[14:43:35] warmStart 73% (1741/2357) regret=0.030918 ape=0.5023
[14:43:35] warmStart 73% (1742/2357) regret=0.030918 ape=0.5023
[14:43:35] warmStart 73% (1743/2357) regret=0.030825 ape=0.5014
[14:43:36] warmStart 73% (1744/2357) regret=0.030825 ape=0.5014
[14:43:36] warmStart 74% (1745/2357) regret=0.030862 ape=0.5014
[14:43:36] warmStart 74% (1746/2357) regret=0.030862 ape=0.5014
[14:43:36] warmStart 74% (1747/2357) regret=0.030862 ape=0.5014
[14:43:36] warmStart 74% (1748/2357) regret=0.030538 ape=0.5005
[14:43:36] warmStart 74% (1749/2357) regret=0.030538 ape=0.5005
[14:43:36] warmStart 74% (1750/2357) regret=0.030538 ape=0.5005
[14:43:37] warmStart 74% (1751/2357) regret=0.030630 ape=0.5014
[14:43:37] warmStart 74% (1752/2357) regret=0.030575 ape=0.5014
[14:43:37] warmStart 74% (1753/2357) regret=0.030575 ape=0.5014
[14:43:37] warmStart 74% (1754/2357) regret=0.030594 ape=0.5014
[14:43:37] warmStart 74% (1755/2357) regret=0.030575 ape=0.5014
[14:43:37] warmStart 74% (1756/2357) regret=0.030575 ape=0.5014
[14:43:37] warmStart 74% (1757/2357) regret=0.030345 ape=0.5005
[14:43:38] warmStart 74% (1758/2357) regret=0.030345 ape=0.5005
[14:43:38] warmStart 74% (1759/2357) regret=0.030191 ape=0.4995
[14:43:38] warmStart 74% (1760/2357) regret=0.030191 ape=0.4995
[14:43:38] warmStart 74% (1761/2357) regret=0.030191 ape=0.4995
[14:43:38] warmStart 74% (1762/2357) regret=0.030191 ape=0.4995
[14:43:38] warmStart 74% (1763/2357) regret=0.030255 ape=0.4995
[14:43:38] warmStart 74% (1764/2357) regret=0.030255 ape=0.4995
[14:43:39] warmStart 74% (1765/2357) regret=0.030255 ape=0.4995
[14:43:39] warmStart 74% (1766/2357) regret=0.030255 ape=0.4995
[14:43:39] warmStart 74% (1767/2357) regret=0.030255 ape=0.4995
[14:43:39] warmStart 75% (1768/2357) regret=0.030255 ape=0.4995
[14:43:39] warmStart 75% (1769/2357) regret=0.030181 ape=0.4995
[14:43:39] warmStart 75% (1770/2357) regret=0.030181 ape=0.4995
[14:43:39] warmStart 75% (1771/2357) regret=0.030181 ape=0.4995
[14:43:40] warmStart 75% (1772/2357) regret=0.030181 ape=0.4995
[14:43:40] warmStart 75% (1773/2357) regret=0.030127 ape=0.4986
[14:43:40] warmStart 75% (1774/2357) regret=0.030127 ape=0.4986
[14:43:40] warmStart 75% (1775/2357) regret=0.030091 ape=0.4977
[14:43:40] warmStart 75% (1776/2357) regret=0.030091 ape=0.4977
[14:43:40] warmStart 75% (1777/2357) regret=0.030091 ape=0.4977
[14:43:40] warmStart 75% (1778/2357) regret=0.030091 ape=0.4977
[14:43:41] warmStart 75% (1779/2357) regret=0.030091 ape=0.4977
[14:43:41] warmStart 75% (1780/2357) regret=0.030091 ape=0.4977
[14:43:41] warmStart 75% (1781/2357) regret=0.030173 ape=0.4986
[14:43:41] warmStart 75% (1782/2357) regret=0.030183 ape=0.4977
[14:43:41] warmStart 75% (1783/2357) regret=0.030091 ape=0.4977
[14:43:41] warmStart 75% (1784/2357) regret=0.030091 ape=0.4977
[14:43:41] warmStart 75% (1785/2357) regret=0.030091 ape=0.4977
[14:43:42] warmStart 75% (1786/2357) regret=0.029867 ape=0.4977
[14:43:42] warmStart 75% (1787/2357) regret=0.029998 ape=0.4977
[14:43:42] warmStart 75% (1788/2357) regret=0.029998 ape=0.4977
[14:43:42] warmStart 75% (1789/2357) regret=0.029998 ape=0.4977
[14:43:42] warmStart 75% (1790/2357) regret=0.029998 ape=0.4977
[14:43:42] warmStart 75% (1791/2357) regret=0.029998 ape=0.4977
[14:43:42] warmStart 76% (1792/2357) regret=0.029998 ape=0.4977
[14:43:43] warmStart 76% (1793/2357) regret=0.029998 ape=0.4977
[14:43:43] warmStart 76% (1794/2357) regret=0.030026 ape=0.4977
[14:43:43] warmStart 76% (1795/2357) regret=0.030026 ape=0.4977
[14:43:43] warmStart 76% (1796/2357) regret=0.030026 ape=0.4977
[14:43:43] warmStart 76% (1797/2357) regret=0.030026 ape=0.4977
[14:43:43] warmStart 76% (1798/2357) regret=0.030026 ape=0.4977
[14:43:43] warmStart 76% (1799/2357) regret=0.030044 ape=0.4977
[14:43:44] warmStart 76% (1800/2357) regret=0.029869 ape=0.4968
[14:43:44] warmStart 76% (1801/2357) regret=0.029869 ape=0.4968
[14:43:44] warmStart 76% (1802/2357) regret=0.029869 ape=0.4968
[14:43:44] warmStart 76% (1803/2357) regret=0.029888 ape=0.4968
[14:43:44] warmStart 76% (1804/2357) regret=0.029888 ape=0.4968
[14:43:44] warmStart 76% (1805/2357) regret=0.029888 ape=0.4968
[14:43:44] warmStart 76% (1806/2357) regret=0.029888 ape=0.4968
[14:43:45] warmStart 76% (1807/2357) regret=0.029888 ape=0.4968
[14:43:45] warmStart 76% (1808/2357) regret=0.029888 ape=0.4968
[14:43:45] warmStart 76% (1809/2357) regret=0.029888 ape=0.4968
[14:43:45] warmStart 76% (1810/2357) regret=0.029888 ape=0.4968
[14:43:45] warmStart 76% (1811/2357) regret=0.029888 ape=0.4968
[14:43:45] warmStart 76% (1812/2357) regret=0.029888 ape=0.4968
[14:43:45] warmStart 76% (1813/2357) regret=0.029888 ape=0.4968
[14:43:46] warmStart 76% (1814/2357) regret=0.029888 ape=0.4968
[14:43:46] warmStart 77% (1815/2357) regret=0.029888 ape=0.4968
[14:43:46] warmStart 77% (1816/2357) regret=0.029888 ape=0.4968
[14:43:46] warmStart 77% (1817/2357) regret=0.029888 ape=0.4968
[14:43:46] warmStart 77% (1818/2357) regret=0.029888 ape=0.4968
[14:43:46] warmStart 77% (1819/2357) regret=0.029888 ape=0.4968
[14:43:46] warmStart 77% (1820/2357) regret=0.029888 ape=0.4968
[14:43:47] warmStart 77% (1821/2357) regret=0.029888 ape=0.4968
[14:43:47] warmStart 77% (1822/2357) regret=0.029888 ape=0.4968
[14:43:47] warmStart 77% (1823/2357) regret=0.029888 ape=0.4968
[14:43:47] warmStart 77% (1824/2357) regret=0.029888 ape=0.4968
[14:43:47] warmStart 77% (1825/2357) regret=0.029888 ape=0.4968
[14:43:47] warmStart 77% (1826/2357) regret=0.029888 ape=0.4968
[14:43:47] warmStart 77% (1827/2357) regret=0.029888 ape=0.4968
[14:43:47] warmStart 77% (1828/2357) regret=0.029888 ape=0.4968
[14:43:48] warmStart 77% (1829/2357) regret=0.029888 ape=0.4968
[14:43:48] warmStart 77% (1830/2357) regret=0.029888 ape=0.4968
[14:43:48] warmStart 77% (1831/2357) regret=0.029888 ape=0.4968
[14:43:48] warmStart 77% (1832/2357) regret=0.029888 ape=0.4968
[14:43:48] warmStart 77% (1833/2357) regret=0.029888 ape=0.4968
[14:43:48] warmStart 77% (1834/2357) regret=0.029888 ape=0.4968
[14:43:48] warmStart 77% (1835/2357) regret=0.029888 ape=0.4968
[14:43:49] warmStart 77% (1836/2357) regret=0.029869 ape=0.4968
[14:43:49] warmStart 77% (1837/2357) regret=0.029869 ape=0.4968
[14:43:49] warmStart 77% (1838/2357) regret=0.029869 ape=0.4968
[14:43:49] warmStart 78% (1839/2357) regret=0.029869 ape=0.4968
[14:43:49] warmStart 78% (1840/2357) regret=0.029869 ape=0.4968
[14:43:49] warmStart 78% (1841/2357) regret=0.030023 ape=0.4977
[14:43:49] warmStart 78% (1842/2357) regret=0.030023 ape=0.4977
[14:43:49] warmStart 78% (1843/2357) regret=0.030023 ape=0.4977
[14:43:50] warmStart 78% (1844/2357) regret=0.030023 ape=0.4977
[14:43:50] warmStart 78% (1845/2357) regret=0.030023 ape=0.4977
[14:43:50] warmStart 78% (1846/2357) regret=0.030023 ape=0.4977
[14:43:50] warmStart 78% (1847/2357) regret=0.030023 ape=0.4977
[14:43:50] warmStart 78% (1848/2357) regret=0.030023 ape=0.4977
[14:43:50] warmStart 78% (1849/2357) regret=0.030023 ape=0.4977
[14:43:50] warmStart 78% (1850/2357) regret=0.030023 ape=0.4977
[14:43:51] warmStart 78% (1851/2357) regret=0.030058 ape=0.4977
[14:43:51] warmStart 78% (1852/2357) regret=0.030058 ape=0.4977
[14:43:51] warmStart 78% (1853/2357) regret=0.030050 ape=0.4977
[14:43:51] warmStart 78% (1854/2357) regret=0.030050 ape=0.4977
[14:43:51] warmStart 78% (1855/2357) regret=0.030230 ape=0.4995
[14:43:51] warmStart 78% (1856/2357) regret=0.030124 ape=0.4986
[14:43:51] warmStart 78% (1857/2357) regret=0.030156 ape=0.4995
[14:43:51] warmStart 78% (1858/2357) regret=0.030156 ape=0.4995
[14:43:52] warmStart 78% (1859/2357) regret=0.030156 ape=0.4995
[14:43:52] warmStart 78% (1860/2357) regret=0.030156 ape=0.4995
[14:43:52] warmStart 78% (1861/2357) regret=0.030115 ape=0.4995
[14:43:52] warmStart 78% (1862/2357) regret=0.030267 ape=0.5005
[14:43:52] warmStart 79% (1863/2357) regret=0.030261 ape=0.5005
[14:43:52] warmStart 79% (1864/2357) regret=0.030261 ape=0.5005
[14:43:52] warmStart 79% (1865/2357) regret=0.030261 ape=0.5005
[14:43:53] warmStart 79% (1866/2357) regret=0.030417 ape=0.5014
[14:43:53] warmStart 79% (1867/2357) regret=0.030316 ape=0.5014
[14:43:53] warmStart 79% (1868/2357) regret=0.030399 ape=0.5014
[14:43:53] warmStart 79% (1869/2357) regret=0.030399 ape=0.5014
[14:43:53] warmStart 79% (1870/2357) regret=0.030399 ape=0.5014
[14:43:53] warmStart 79% (1871/2357) regret=0.030463 ape=0.5014
[14:43:53] warmStart 79% (1872/2357) regret=0.030463 ape=0.5014
[14:43:54] warmStart 79% (1873/2357) regret=0.030463 ape=0.5014
[14:43:54] warmStart 79% (1874/2357) regret=0.030463 ape=0.5014
[14:43:54] warmStart 79% (1875/2357) regret=0.030445 ape=0.5014
[14:43:54] warmStart 79% (1876/2357) regret=0.030371 ape=0.5005
[14:43:54] warmStart 79% (1877/2357) regret=0.030371 ape=0.5005
[14:43:54] warmStart 79% (1878/2357) regret=0.030371 ape=0.5005
[14:43:54] warmStart 79% (1879/2357) regret=0.029975 ape=0.4986
[14:43:55] warmStart 79% (1880/2357) regret=0.030058 ape=0.4995
[14:43:55] warmStart 79% (1881/2357) regret=0.030122 ape=0.4995
[14:43:55] warmStart 79% (1882/2357) regret=0.030122 ape=0.4995
[14:43:55] warmStart 79% (1883/2357) regret=0.029984 ape=0.4995
[14:43:55] warmStart 79% (1884/2357) regret=0.029984 ape=0.4995
[14:43:55] warmStart 79% (1885/2357) regret=0.030007 ape=0.4995
[14:43:55] warmStart 80% (1886/2357) regret=0.030007 ape=0.4995
[14:43:56] warmStart 80% (1887/2357) regret=0.030007 ape=0.4995
[14:43:56] warmStart 80% (1888/2357) regret=0.030007 ape=0.4995
[14:43:56] warmStart 80% (1889/2357) regret=0.030007 ape=0.4995
[14:43:56] warmStart 80% (1890/2357) regret=0.030007 ape=0.4995
[14:43:56] warmStart 80% (1891/2357) regret=0.030007 ape=0.4995
[14:43:56] warmStart 80% (1892/2357) regret=0.030007 ape=0.4995
[14:43:56] warmStart 80% (1893/2357) regret=0.030007 ape=0.4995
[14:43:57] warmStart 80% (1894/2357) regret=0.030007 ape=0.4995
[14:43:57] warmStart 80% (1895/2357) regret=0.030007 ape=0.4995
[14:43:57] warmStart 80% (1896/2357) regret=0.030007 ape=0.4995
[14:43:57] warmStart 80% (1897/2357) regret=0.030007 ape=0.4995
[14:43:57] warmStart 80% (1898/2357) regret=0.030007 ape=0.4995
[14:43:57] warmStart 80% (1899/2357) regret=0.029953 ape=0.4995
[14:43:57] warmStart 80% (1900/2357) regret=0.029953 ape=0.4995
[14:43:58] warmStart 80% (1901/2357) regret=0.029953 ape=0.4995
[14:43:58] warmStart 80% (1902/2357) regret=0.029953 ape=0.4995
[14:43:58] warmStart 80% (1903/2357) regret=0.029953 ape=0.4995
[14:43:58] warmStart 80% (1904/2357) regret=0.029953 ape=0.4995
[14:43:58] warmStart 80% (1905/2357) regret=0.029845 ape=0.4986
[14:43:58] warmStart 80% (1906/2357) regret=0.029845 ape=0.4986
[14:43:58] warmStart 80% (1907/2357) regret=0.029845 ape=0.4986
[14:43:59] warmStart 80% (1908/2357) regret=0.029845 ape=0.4986
[14:43:59] warmStart 80% (1909/2357) regret=0.029845 ape=0.4986
[14:43:59] warmStart 81% (1910/2357) regret=0.029703 ape=0.4986
[14:43:59] warmStart 81% (1911/2357) regret=0.029703 ape=0.4986
[14:43:59] warmStart 81% (1912/2357) regret=0.029703 ape=0.4986
[14:43:59] warmStart 81% (1913/2357) regret=0.029703 ape=0.4986
[14:43:59] warmStart 81% (1914/2357) regret=0.029703 ape=0.4986
[14:44:00] warmStart 81% (1915/2357) regret=0.029703 ape=0.4986
[14:44:00] warmStart 81% (1916/2357) regret=0.029671 ape=0.4977
[14:44:00] warmStart 81% (1917/2357) regret=0.029671 ape=0.4977
[14:44:00] warmStart 81% (1918/2357) regret=0.029677 ape=0.4977
[14:44:00] warmStart 81% (1919/2357) regret=0.029607 ape=0.4977
[14:44:00] warmStart 81% (1920/2357) regret=0.029607 ape=0.4977
[14:44:00] warmStart 81% (1921/2357) regret=0.029376 ape=0.4968
[14:44:01] warmStart 81% (1922/2357) regret=0.029441 ape=0.4977
[14:44:01] warmStart 81% (1923/2357) regret=0.029441 ape=0.4977
[14:44:01] warmStart 81% (1924/2357) regret=0.029441 ape=0.4977
[14:44:01] warmStart 81% (1925/2357) regret=0.029441 ape=0.4977
[14:44:01] warmStart 81% (1926/2357) regret=0.029367 ape=0.4977
[14:44:01] warmStart 81% (1927/2357) regret=0.029800 ape=0.4977
[14:44:01] warmStart 81% (1928/2357) regret=0.029378 ape=0.4977
[14:44:02] warmStart 81% (1929/2357) regret=0.029378 ape=0.4977
[14:44:02] warmStart 81% (1930/2357) regret=0.029332 ape=0.4977
[14:44:02] warmStart 81% (1931/2357) regret=0.029354 ape=0.4977
[14:44:02] warmStart 81% (1932/2357) regret=0.029400 ape=0.4977
[14:44:02] warmStart 82% (1933/2357) regret=0.029400 ape=0.4977
[14:44:02] warmStart 82% (1934/2357) regret=0.029400 ape=0.4977
[14:44:02] warmStart 82% (1935/2357) regret=0.029555 ape=0.4986
[14:44:03] warmStart 82% (1936/2357) regret=0.029400 ape=0.4977
[14:44:03] warmStart 82% (1937/2357) regret=0.029440 ape=0.4977
[14:44:03] warmStart 82% (1938/2357) regret=0.029302 ape=0.4977
[14:44:03] warmStart 82% (1939/2357) regret=0.029247 ape=0.4968
[14:44:03] warmStart 82% (1940/2357) regret=0.029074 ape=0.4968
[14:44:03] warmStart 82% (1941/2357) regret=0.029074 ape=0.4968
[14:44:03] warmStart 82% (1942/2357) regret=0.029074 ape=0.4968
[14:44:04] warmStart 82% (1943/2357) regret=0.029074 ape=0.4968
[14:44:04] warmStart 82% (1944/2357) regret=0.029074 ape=0.4968
[14:44:04] warmStart 82% (1945/2357) regret=0.029074 ape=0.4968
[14:44:04] warmStart 82% (1946/2357) regret=0.029074 ape=0.4968
[14:44:04] warmStart 82% (1947/2357) regret=0.029074 ape=0.4968
[14:44:04] warmStart 82% (1948/2357) regret=0.029074 ape=0.4968
[14:44:04] warmStart 82% (1949/2357) regret=0.029074 ape=0.4968
[14:44:05] warmStart 82% (1950/2357) regret=0.029074 ape=0.4968
[14:44:05] warmStart 82% (1951/2357) regret=0.029074 ape=0.4968
[14:44:05] warmStart 82% (1952/2357) regret=0.029074 ape=0.4968
[14:44:05] warmStart 82% (1953/2357) regret=0.029074 ape=0.4968
[14:44:05] warmStart 82% (1954/2357) regret=0.029004 ape=0.4959
[14:44:05] warmStart 82% (1955/2357) regret=0.029004 ape=0.4959
[14:44:05] warmStart 82% (1956/2357) regret=0.029004 ape=0.4959
[14:44:06] warmStart 83% (1957/2357) regret=0.029004 ape=0.4959
[14:44:06] warmStart 83% (1958/2357) regret=0.029004 ape=0.4959
[14:44:06] warmStart 83% (1959/2357) regret=0.029004 ape=0.4959
[14:44:06] warmStart 83% (1960/2357) regret=0.029004 ape=0.4959
[14:44:06] warmStart 83% (1961/2357) regret=0.029004 ape=0.4959
[14:44:06] warmStart 83% (1962/2357) regret=0.029004 ape=0.4959
[14:44:06] warmStart 83% (1963/2357) regret=0.029004 ape=0.4959
[14:44:07] warmStart 83% (1964/2357) regret=0.029004 ape=0.4959
[14:44:07] warmStart 83% (1965/2357) regret=0.029004 ape=0.4959
[14:44:07] warmStart 83% (1966/2357) regret=0.029004 ape=0.4959
[14:44:07] warmStart 83% (1967/2357) regret=0.029004 ape=0.4959
[14:44:07] warmStart 83% (1968/2357) regret=0.029004 ape=0.4959
[14:44:07] warmStart 83% (1969/2357) regret=0.029004 ape=0.4959
[14:44:07] warmStart 83% (1970/2357) regret=0.029004 ape=0.4959
[14:44:07] warmStart 83% (1971/2357) regret=0.029004 ape=0.4959
[14:44:08] warmStart 83% (1972/2357) regret=0.029004 ape=0.4959
[14:44:08] warmStart 83% (1973/2357) regret=0.029004 ape=0.4959
[14:44:08] warmStart 83% (1974/2357) regret=0.029004 ape=0.4959
[14:44:08] warmStart 83% (1975/2357) regret=0.029004 ape=0.4959
[14:44:08] warmStart 83% (1976/2357) regret=0.029017 ape=0.4959
[14:44:08] warmStart 83% (1977/2357) regret=0.029017 ape=0.4959
[14:44:08] warmStart 83% (1978/2357) regret=0.029011 ape=0.4959
[14:44:09] warmStart 83% (1979/2357) regret=0.029011 ape=0.4959
[14:44:09] warmStart 84% (1980/2357) regret=0.029030 ape=0.4959
[14:44:09] warmStart 84% (1981/2357) regret=0.029030 ape=0.4959
[14:44:09] warmStart 84% (1982/2357) regret=0.029030 ape=0.4959
[14:44:09] warmStart 84% (1983/2357) regret=0.028993 ape=0.4949
[14:44:09] warmStart 84% (1984/2357) regret=0.028993 ape=0.4949
[14:44:09] warmStart 84% (1985/2357) regret=0.028951 ape=0.4940
[14:44:10] warmStart 84% (1986/2357) regret=0.029025 ape=0.4949
[14:44:10] warmStart 84% (1987/2357) regret=0.029058 ape=0.4949
[14:44:10] warmStart 84% (1988/2357) regret=0.029049 ape=0.4949
[14:44:10] warmStart 84% (1989/2357) regret=0.029058 ape=0.4949
[14:44:10] warmStart 84% (1990/2357) regret=0.029058 ape=0.4949
[14:44:10] warmStart 84% (1991/2357) regret=0.029058 ape=0.4949
[14:44:10] warmStart 84% (1992/2357) regret=0.029081 ape=0.4959
[14:44:11] warmStart 84% (1993/2357) regret=0.029081 ape=0.4959
[14:44:11] warmStart 84% (1994/2357) regret=0.029081 ape=0.4959
[14:44:11] warmStart 84% (1995/2357) regret=0.029081 ape=0.4959
[14:44:11] warmStart 84% (1996/2357) regret=0.029081 ape=0.4959
[14:44:11] warmStart 84% (1997/2357) regret=0.029081 ape=0.4959
[14:44:11] warmStart 84% (1998/2357) regret=0.029081 ape=0.4959
[14:44:11] warmStart 84% (1999/2357) regret=0.029081 ape=0.4959
[14:44:12] warmStart 84% (2000/2357) regret=0.029081 ape=0.4959
[14:44:12] warmStart 84% (2001/2357) regret=0.029081 ape=0.4959
[14:44:12] warmStart 84% (2002/2357) regret=0.029081 ape=0.4959
[14:44:12] warmStart 84% (2003/2357) regret=0.029081 ape=0.4959
[14:44:12] warmStart 85% (2004/2357) regret=0.029081 ape=0.4959
[14:44:12] warmStart 85% (2005/2357) regret=0.029081 ape=0.4959
[14:44:12] warmStart 85% (2006/2357) regret=0.029081 ape=0.4959
[14:44:13] warmStart 85% (2007/2357) regret=0.029081 ape=0.4959
[14:44:13] warmStart 85% (2008/2357) regret=0.029081 ape=0.4959
[14:44:13] warmStart 85% (2009/2357) regret=0.029081 ape=0.4959
[14:44:13] warmStart 85% (2010/2357) regret=0.029081 ape=0.4959
[14:44:13] warmStart 85% (2011/2357) regret=0.029081 ape=0.4959
[14:44:13] warmStart 85% (2012/2357) regret=0.029081 ape=0.4959
[14:44:13] warmStart 85% (2013/2357) regret=0.029081 ape=0.4959
[14:44:13] warmStart 85% (2014/2357) regret=0.029081 ape=0.4959
[14:44:14] warmStart 85% (2015/2357) regret=0.029081 ape=0.4959
[14:44:14] warmStart 85% (2016/2357) regret=0.029081 ape=0.4959
[14:44:14] warmStart 85% (2017/2357) regret=0.029081 ape=0.4959
[14:44:14] warmStart 85% (2018/2357) regret=0.029081 ape=0.4959
[14:44:14] warmStart 85% (2019/2357) regret=0.029081 ape=0.4959
[14:44:14] warmStart 85% (2020/2357) regret=0.029081 ape=0.4959
[14:44:14] warmStart 85% (2021/2357) regret=0.029081 ape=0.4959
[14:44:15] warmStart 85% (2022/2357) regret=0.029081 ape=0.4959
[14:44:15] warmStart 85% (2023/2357) regret=0.029081 ape=0.4959
[14:44:15] warmStart 85% (2024/2357) regret=0.029081 ape=0.4959
[14:44:15] warmStart 85% (2025/2357) regret=0.029047 ape=0.4959
[14:44:15] warmStart 85% (2026/2357) regret=0.029047 ape=0.4959
[14:44:15] warmStart 85% (2027/2357) regret=0.029047 ape=0.4959
[14:44:15] warmStart 86% (2028/2357) regret=0.029047 ape=0.4959
[14:44:16] warmStart 86% (2029/2357) regret=0.029047 ape=0.4959
[14:44:16] warmStart 86% (2030/2357) regret=0.029047 ape=0.4959
[14:44:16] warmStart 86% (2031/2357) regret=0.029047 ape=0.4959
[14:44:16] warmStart 86% (2032/2357) regret=0.029047 ape=0.4959
[14:44:16] warmStart 86% (2033/2357) regret=0.029047 ape=0.4959
[14:44:16] warmStart 86% (2034/2357) regret=0.029047 ape=0.4959
[14:44:16] warmStart 86% (2035/2357) regret=0.029047 ape=0.4959
[14:44:16] warmStart 86% (2036/2357) regret=0.029047 ape=0.4959
[14:44:17] warmStart 86% (2037/2357) regret=0.029047 ape=0.4959
[14:44:17] warmStart 86% (2038/2357) regret=0.029047 ape=0.4959
[14:44:17] warmStart 86% (2039/2357) regret=0.029047 ape=0.4959
[14:44:17] warmStart 86% (2040/2357) regret=0.029047 ape=0.4959
[14:44:17] warmStart 86% (2041/2357) regret=0.029047 ape=0.4959
[14:44:17] warmStart 86% (2042/2357) regret=0.029047 ape=0.4959
[14:44:17] warmStart 86% (2043/2357) regret=0.029047 ape=0.4959
[14:44:18] warmStart 86% (2044/2357) regret=0.029047 ape=0.4959
[14:44:18] warmStart 86% (2045/2357) regret=0.029047 ape=0.4959
[14:44:18] warmStart 86% (2046/2357) regret=0.029047 ape=0.4959
[14:44:18] warmStart 86% (2047/2357) regret=0.029047 ape=0.4959
[14:44:18] warmStart 86% (2048/2357) regret=0.029047 ape=0.4959
[14:44:18] warmStart 86% (2049/2357) regret=0.029047 ape=0.4959
[14:44:18] warmStart 86% (2050/2357) regret=0.029047 ape=0.4959
[14:44:18] warmStart 87% (2051/2357) regret=0.029047 ape=0.4959
[14:44:19] warmStart 87% (2052/2357) regret=0.029047 ape=0.4959
[14:44:19] warmStart 87% (2053/2357) regret=0.029047 ape=0.4959
[14:44:19] warmStart 87% (2054/2357) regret=0.029031 ape=0.4959
[14:44:19] warmStart 87% (2055/2357) regret=0.029031 ape=0.4959
[14:44:19] warmStart 87% (2056/2357) regret=0.029031 ape=0.4959
[14:44:19] warmStart 87% (2057/2357) regret=0.029031 ape=0.4959
[14:44:19] warmStart 87% (2058/2357) regret=0.029051 ape=0.4959
[14:44:20] warmStart 87% (2059/2357) regret=0.029051 ape=0.4959
[14:44:20] warmStart 87% (2060/2357) regret=0.029051 ape=0.4959
[14:44:20] warmStart 87% (2061/2357) regret=0.029051 ape=0.4959
[14:44:20] warmStart 87% (2062/2357) regret=0.029051 ape=0.4959
[14:44:20] warmStart 87% (2063/2357) regret=0.029051 ape=0.4959
[14:44:20] warmStart 87% (2064/2357) regret=0.028991 ape=0.4959
[14:44:20] warmStart 87% (2065/2357) regret=0.028991 ape=0.4959
[14:44:21] warmStart 87% (2066/2357) regret=0.028991 ape=0.4959
[14:44:21] warmStart 87% (2067/2357) regret=0.028991 ape=0.4959
[14:44:21] warmStart 87% (2068/2357) regret=0.028991 ape=0.4959
[14:44:21] warmStart 87% (2069/2357) regret=0.028991 ape=0.4959
[14:44:21] warmStart 87% (2070/2357) regret=0.028991 ape=0.4959
[14:44:21] warmStart 87% (2071/2357) regret=0.028991 ape=0.4959
[14:44:21] warmStart 87% (2072/2357) regret=0.028991 ape=0.4959
[14:44:22] warmStart 87% (2073/2357) regret=0.028991 ape=0.4959
[14:44:22] warmStart 87% (2074/2357) regret=0.028991 ape=0.4959
[14:44:22] warmStart 88% (2075/2357) regret=0.028991 ape=0.4959
[14:44:22] warmStart 88% (2076/2357) regret=0.028991 ape=0.4959
[14:44:22] warmStart 88% (2077/2357) regret=0.028991 ape=0.4959
[14:44:22] warmStart 88% (2078/2357) regret=0.028991 ape=0.4959
[14:44:22] warmStart 88% (2079/2357) regret=0.028991 ape=0.4959
[14:44:23] warmStart 88% (2080/2357) regret=0.028991 ape=0.4959
[14:44:23] warmStart 88% (2081/2357) regret=0.028991 ape=0.4959
[14:44:23] warmStart 88% (2082/2357) regret=0.028991 ape=0.4959
[14:44:23] warmStart 88% (2083/2357) regret=0.028991 ape=0.4959
[14:44:23] warmStart 88% (2084/2357) regret=0.028991 ape=0.4959
[14:44:23] warmStart 88% (2085/2357) regret=0.028991 ape=0.4959
[14:44:23] warmStart 88% (2086/2357) regret=0.029037 ape=0.4968
[14:44:24] warmStart 88% (2087/2357) regret=0.028586 ape=0.4959
[14:44:24] warmStart 88% (2088/2357) regret=0.028586 ape=0.4959
[14:44:24] warmStart 88% (2089/2357) regret=0.028586 ape=0.4959
[14:44:24] warmStart 88% (2090/2357) regret=0.028586 ape=0.4959
[14:44:24] warmStart 88% (2091/2357) regret=0.028480 ape=0.4949
[14:44:24] warmStart 88% (2092/2357) regret=0.028973 ape=0.4968
[14:44:24] warmStart 88% (2093/2357) regret=0.028608 ape=0.4968
[14:44:25] warmStart 88% (2094/2357) regret=0.028580 ape=0.4968
[14:44:25] warmStart 88% (2095/2357) regret=0.028672 ape=0.4968
[14:44:25] warmStart 88% (2096/2357) regret=0.028567 ape=0.4959
[14:44:25] warmStart 88% (2097/2357) regret=0.028537 ape=0.4959
[14:44:25] warmStart 89% (2098/2357) regret=0.028537 ape=0.4959
[14:44:25] warmStart 89% (2099/2357) regret=0.028537 ape=0.4959
[14:44:25] warmStart 89% (2100/2357) regret=0.028537 ape=0.4959
[14:44:26] warmStart 89% (2101/2357) regret=0.028537 ape=0.4959
[14:44:26] warmStart 89% (2102/2357) regret=0.028460 ape=0.4949
[14:44:26] warmStart 89% (2103/2357) regret=0.028460 ape=0.4949
[14:44:26] warmStart 89% (2104/2357) regret=0.028441 ape=0.4940
[14:44:26] warmStart 89% (2105/2357) regret=0.028441 ape=0.4940
[14:44:26] warmStart 89% (2106/2357) regret=0.028441 ape=0.4940
[14:44:26] warmStart 89% (2107/2357) regret=0.028441 ape=0.4940
[14:44:27] warmStart 89% (2108/2357) regret=0.028441 ape=0.4940
[14:44:27] warmStart 89% (2109/2357) regret=0.028405 ape=0.4940
[14:44:27] warmStart 89% (2110/2357) regret=0.028405 ape=0.4940
[14:44:27] warmStart 89% (2111/2357) regret=0.028257 ape=0.4931
[14:44:27] warmStart 89% (2112/2357) regret=0.028257 ape=0.4931
[14:44:27] warmStart 89% (2113/2357) regret=0.028257 ape=0.4931
[14:44:27] warmStart 89% (2114/2357) regret=0.028248 ape=0.4922
[14:44:28] warmStart 89% (2115/2357) regret=0.028349 ape=0.4931
[14:44:28] warmStart 89% (2116/2357) regret=0.028349 ape=0.4931
[14:44:28] warmStart 89% (2117/2357) regret=0.028349 ape=0.4931
[14:44:28] warmStart 89% (2118/2357) regret=0.028349 ape=0.4931
[14:44:28] warmStart 89% (2119/2357) regret=0.028349 ape=0.4931
[14:44:28] warmStart 89% (2120/2357) regret=0.028349 ape=0.4931
[14:44:28] warmStart 89% (2121/2357) regret=0.028349 ape=0.4931
[14:44:29] warmStart 90% (2122/2357) regret=0.028349 ape=0.4931
[14:44:29] warmStart 90% (2123/2357) regret=0.028349 ape=0.4931
[14:44:29] warmStart 90% (2124/2357) regret=0.028349 ape=0.4931
[14:44:29] warmStart 90% (2125/2357) regret=0.028330 ape=0.4922
[14:44:29] warmStart 90% (2126/2357) regret=0.028410 ape=0.4922
[14:44:29] warmStart 90% (2127/2357) regret=0.028424 ape=0.4922
[14:44:29] warmStart 90% (2128/2357) regret=0.028148 ape=0.4922
[14:44:30] warmStart 90% (2129/2357) regret=0.028148 ape=0.4922
[14:44:30] warmStart 90% (2130/2357) regret=0.028148 ape=0.4922
[14:44:30] warmStart 90% (2131/2357) regret=0.028148 ape=0.4922
[14:44:30] warmStart 90% (2132/2357) regret=0.028148 ape=0.4922
[14:44:30] warmStart 90% (2133/2357) regret=0.028149 ape=0.4922
[14:44:30] warmStart 90% (2134/2357) regret=0.028148 ape=0.4922
[14:44:30] warmStart 90% (2135/2357) regret=0.028151 ape=0.4922
[14:44:31] warmStart 90% (2136/2357) regret=0.028151 ape=0.4922
[14:44:31] warmStart 90% (2137/2357) regret=0.028151 ape=0.4922
[14:44:31] warmStart 90% (2138/2357) regret=0.028151 ape=0.4922
[14:44:31] warmStart 90% (2139/2357) regret=0.028151 ape=0.4922
[14:44:31] warmStart 90% (2140/2357) regret=0.028148 ape=0.4912
[14:44:31] warmStart 90% (2141/2357) regret=0.028148 ape=0.4912
[14:44:31] warmStart 90% (2142/2357) regret=0.028116 ape=0.4912
[14:44:32] warmStart 90% (2143/2357) regret=0.028167 ape=0.4912
[14:44:32] warmStart 90% (2144/2357) regret=0.028148 ape=0.4912
[14:44:32] warmStart 91% (2145/2357) regret=0.028225 ape=0.4922
[14:44:32] warmStart 91% (2146/2357) regret=0.028225 ape=0.4922
[14:44:32] warmStart 91% (2147/2357) regret=0.028225 ape=0.4922
[14:44:32] warmStart 91% (2148/2357) regret=0.028225 ape=0.4922
[14:44:32] warmStart 91% (2149/2357) regret=0.028234 ape=0.4922
[14:44:33] warmStart 91% (2150/2357) regret=0.028202 ape=0.4912
[14:44:33] warmStart 91% (2151/2357) regret=0.028064 ape=0.4903
[14:44:33] warmStart 91% (2152/2357) regret=0.028070 ape=0.4894
[14:44:33] warmStart 91% (2153/2357) regret=0.028171 ape=0.4894
[14:44:33] warmStart 91% (2154/2357) regret=0.028070 ape=0.4894
[14:44:33] warmStart 91% (2155/2357) regret=0.028114 ape=0.4894
[14:44:33] warmStart 91% (2156/2357) regret=0.028114 ape=0.4894
[14:44:34] warmStart 91% (2157/2357) regret=0.028162 ape=0.4903
[14:44:34] warmStart 91% (2158/2357) regret=0.028162 ape=0.4903
[14:44:34] warmStart 91% (2159/2357) regret=0.027996 ape=0.4903
[14:44:34] warmStart 91% (2160/2357) regret=0.027996 ape=0.4903
[14:44:34] warmStart 91% (2161/2357) regret=0.027885 ape=0.4894
[14:44:34] warmStart 91% (2162/2357) regret=0.027784 ape=0.4894
[14:44:34] warmStart 91% (2163/2357) regret=0.027784 ape=0.4894
[14:44:34] warmStart 91% (2164/2357) regret=0.027770 ape=0.4885
[14:44:35] warmStart 91% (2165/2357) regret=0.027964 ape=0.4885
[14:44:35] warmStart 91% (2166/2357) regret=0.027908 ape=0.4885
[14:44:35] warmStart 91% (2167/2357) regret=0.027908 ape=0.4885
[14:44:35] warmStart 91% (2168/2357) regret=0.027908 ape=0.4885
[14:44:35] warmStart 92% (2169/2357) regret=0.027814 ape=0.4885
[14:44:35] warmStart 92% (2170/2357) regret=0.027814 ape=0.4885
[14:44:35] warmStart 92% (2171/2357) regret=0.027814 ape=0.4885
[14:44:36] warmStart 92% (2172/2357) regret=0.027773 ape=0.4885
[14:44:36] warmStart 92% (2173/2357) regret=0.027773 ape=0.4885
[14:44:36] warmStart 92% (2174/2357) regret=0.027773 ape=0.4885
[14:44:36] warmStart 92% (2175/2357) regret=0.027773 ape=0.4885
[14:44:36] warmStart 92% (2176/2357) regret=0.027773 ape=0.4885
[14:44:36] warmStart 92% (2177/2357) regret=0.027773 ape=0.4885
[14:44:36] warmStart 92% (2178/2357) regret=0.027773 ape=0.4885
[14:44:37] warmStart 92% (2179/2357) regret=0.027773 ape=0.4885
[14:44:37] warmStart 92% (2180/2357) regret=0.027773 ape=0.4885
[14:44:37] warmStart 92% (2181/2357) regret=0.027773 ape=0.4885
[14:44:37] warmStart 92% (2182/2357) regret=0.027773 ape=0.4885
[14:44:37] warmStart 92% (2183/2357) regret=0.027773 ape=0.4885
[14:44:37] warmStart 92% (2184/2357) regret=0.027773 ape=0.4885
[14:44:37] warmStart 92% (2185/2357) regret=0.027773 ape=0.4885
[14:44:38] warmStart 92% (2186/2357) regret=0.027773 ape=0.4885
[14:44:38] warmStart 92% (2187/2357) regret=0.027773 ape=0.4885
[14:44:38] warmStart 92% (2188/2357) regret=0.027773 ape=0.4885
[14:44:38] warmStart 92% (2189/2357) regret=0.027773 ape=0.4885
[14:44:38] warmStart 92% (2190/2357) regret=0.027773 ape=0.4885
[14:44:38] warmStart 92% (2191/2357) regret=0.027773 ape=0.4885
[14:44:38] warmStart 92% (2192/2357) regret=0.027773 ape=0.4885
[14:44:38] warmStart 93% (2193/2357) regret=0.027773 ape=0.4885
[14:44:39] warmStart 93% (2194/2357) regret=0.027773 ape=0.4885
[14:44:39] warmStart 93% (2195/2357) regret=0.027773 ape=0.4885
[14:44:39] warmStart 93% (2196/2357) regret=0.027773 ape=0.4885
[14:44:39] warmStart 93% (2197/2357) regret=0.027773 ape=0.4885
[14:44:39] warmStart 93% (2198/2357) regret=0.027773 ape=0.4885
[14:44:39] warmStart 93% (2199/2357) regret=0.027773 ape=0.4885
[14:44:39] warmStart 93% (2200/2357) regret=0.027773 ape=0.4885
[14:44:40] warmStart 93% (2201/2357) regret=0.027773 ape=0.4885
[14:44:40] warmStart 93% (2202/2357) regret=0.027773 ape=0.4885
[14:44:40] warmStart 93% (2203/2357) regret=0.027773 ape=0.4885
[14:44:40] warmStart 93% (2204/2357) regret=0.027773 ape=0.4885
[14:44:40] warmStart 93% (2205/2357) regret=0.027773 ape=0.4885
[14:44:40] warmStart 93% (2206/2357) regret=0.027773 ape=0.4885
[14:44:40] warmStart 93% (2207/2357) regret=0.027768 ape=0.4876
[14:44:41] warmStart 93% (2208/2357) regret=0.027768 ape=0.4876
[14:44:41] warmStart 93% (2209/2357) regret=0.027768 ape=0.4876
[14:44:41] warmStart 93% (2210/2357) regret=0.027768 ape=0.4876
[14:44:41] warmStart 93% (2211/2357) regret=0.027768 ape=0.4876
[14:44:41] warmStart 93% (2212/2357) regret=0.027768 ape=0.4876
[14:44:41] warmStart 93% (2213/2357) regret=0.027768 ape=0.4876
[14:44:41] warmStart 93% (2214/2357) regret=0.027768 ape=0.4876
[14:44:41] warmStart 93% (2215/2357) regret=0.027768 ape=0.4876
[14:44:42] warmStart 94% (2216/2357) regret=0.027768 ape=0.4876
[14:44:42] warmStart 94% (2217/2357) regret=0.027768 ape=0.4876
[14:44:42] warmStart 94% (2218/2357) regret=0.027768 ape=0.4876
[14:44:42] warmStart 94% (2219/2357) regret=0.027768 ape=0.4876
[14:44:42] warmStart 94% (2220/2357) regret=0.027768 ape=0.4876
[14:44:42] warmStart 94% (2221/2357) regret=0.027768 ape=0.4876
[14:44:42] warmStart 94% (2222/2357) regret=0.027768 ape=0.4876
[14:44:43] warmStart 94% (2223/2357) regret=0.027768 ape=0.4876
[14:44:43] warmStart 94% (2224/2357) regret=0.027768 ape=0.4876
[14:44:43] warmStart 94% (2225/2357) regret=0.027767 ape=0.4876
[14:44:43] warmStart 94% (2226/2357) regret=0.027767 ape=0.4876
[14:44:43] warmStart 94% (2227/2357) regret=0.027767 ape=0.4876
[14:44:43] warmStart 94% (2228/2357) regret=0.027767 ape=0.4876
[14:44:43] warmStart 94% (2229/2357) regret=0.027767 ape=0.4876
[14:44:43] warmStart 94% (2230/2357) regret=0.027735 ape=0.4876
[14:44:44] warmStart 94% (2231/2357) regret=0.027596 ape=0.4876
[14:44:44] warmStart 94% (2232/2357) regret=0.027492 ape=0.4857
[14:44:44] warmStart 94% (2233/2357) regret=0.027409 ape=0.4857
[14:44:44] warmStart 94% (2234/2357) regret=0.027409 ape=0.4857
[14:44:44] warmStart 94% (2235/2357) regret=0.027460 ape=0.4866
[14:44:44] warmStart 94% (2236/2357) regret=0.027192 ape=0.4857
[14:44:44] warmStart 94% (2237/2357) regret=0.027192 ape=0.4857
[14:44:45] warmStart 94% (2238/2357) regret=0.027146 ape=0.4848
[14:44:45] warmStart 94% (2239/2357) regret=0.027146 ape=0.4848
[14:44:45] warmStart 95% (2240/2357) regret=0.027146 ape=0.4848
[14:44:45] warmStart 95% (2241/2357) regret=0.027125 ape=0.4848
[14:44:45] warmStart 95% (2242/2357) regret=0.027125 ape=0.4848
[14:44:45] warmStart 95% (2243/2357) regret=0.027208 ape=0.4848
[14:44:45] warmStart 95% (2244/2357) regret=0.027125 ape=0.4848
[14:44:46] warmStart 95% (2245/2357) regret=0.027125 ape=0.4848
[14:44:46] warmStart 95% (2246/2357) regret=0.027125 ape=0.4848
[14:44:46] warmStart 95% (2247/2357) regret=0.027125 ape=0.4848
[14:44:46] warmStart 95% (2248/2357) regret=0.027125 ape=0.4848
[14:44:46] warmStart 95% (2249/2357) regret=0.027125 ape=0.4848
[14:44:46] warmStart 95% (2250/2357) regret=0.027089 ape=0.4848
[14:44:46] warmStart 95% (2251/2357) regret=0.027043 ape=0.4848
[14:44:47] warmStart 95% (2252/2357) regret=0.026924 ape=0.4839
[14:44:47] warmStart 95% (2253/2357) regret=0.026754 ape=0.4829
[14:44:47] warmStart 95% (2254/2357) regret=0.026690 ape=0.4829
[14:44:47] warmStart 95% (2255/2357) regret=0.026690 ape=0.4829
[14:44:47] warmStart 95% (2256/2357) regret=0.026690 ape=0.4829
[14:44:47] warmStart 95% (2257/2357) regret=0.026690 ape=0.4829
[14:44:47] warmStart 95% (2258/2357) regret=0.026690 ape=0.4829
[14:44:48] warmStart 95% (2259/2357) regret=0.026690 ape=0.4829
[14:44:48] warmStart 95% (2260/2357) regret=0.026690 ape=0.4829
[14:44:48] warmStart 95% (2261/2357) regret=0.026690 ape=0.4829
[14:44:48] warmStart 95% (2262/2357) regret=0.026690 ape=0.4829
[14:44:48] warmStart 96% (2263/2357) regret=0.026690 ape=0.4829
[14:44:48] warmStart 96% (2264/2357) regret=0.026690 ape=0.4829
[14:44:48] warmStart 96% (2265/2357) regret=0.026690 ape=0.4829
[14:44:49] warmStart 96% (2266/2357) regret=0.026690 ape=0.4829
[14:44:49] warmStart 96% (2267/2357) regret=0.026690 ape=0.4829
[14:44:49] warmStart 96% (2268/2357) regret=0.026690 ape=0.4829
[14:44:49] warmStart 96% (2269/2357) regret=0.026690 ape=0.4829
[14:44:49] warmStart 96% (2270/2357) regret=0.026690 ape=0.4829
[14:44:49] warmStart 96% (2271/2357) regret=0.026690 ape=0.4829
[14:44:49] warmStart 96% (2272/2357) regret=0.026690 ape=0.4829
[14:44:50] warmStart 96% (2273/2357) regret=0.026690 ape=0.4829
[14:44:50] warmStart 96% (2274/2357) regret=0.026690 ape=0.4829
[14:44:50] warmStart 96% (2275/2357) regret=0.026690 ape=0.4829
[14:44:50] warmStart 96% (2276/2357) regret=0.026690 ape=0.4829
[14:44:50] warmStart 96% (2277/2357) regret=0.026690 ape=0.4829
[14:44:50] warmStart 96% (2278/2357) regret=0.026690 ape=0.4829
[14:44:50] warmStart 96% (2279/2357) regret=0.026690 ape=0.4829
[14:44:51] warmStart 96% (2280/2357) regret=0.026690 ape=0.4829
[14:44:51] warmStart 96% (2281/2357) regret=0.026681 ape=0.4829
[14:44:51] warmStart 96% (2282/2357) regret=0.026681 ape=0.4829
[14:44:51] warmStart 96% (2283/2357) regret=0.026662 ape=0.4829
[14:44:51] warmStart 96% (2284/2357) regret=0.026662 ape=0.4829
[14:44:51] warmStart 96% (2285/2357) regret=0.026662 ape=0.4829
[14:44:51] warmStart 96% (2286/2357) regret=0.026662 ape=0.4829
[14:44:51] warmStart 97% (2287/2357) regret=0.026662 ape=0.4829
[14:44:52] warmStart 97% (2288/2357) regret=0.026662 ape=0.4829
[14:44:52] warmStart 97% (2289/2357) regret=0.026662 ape=0.4829
[14:44:52] warmStart 97% (2290/2357) regret=0.026662 ape=0.4829
[14:44:52] warmStart 97% (2291/2357) regret=0.026803 ape=0.4839
[14:44:52] warmStart 97% (2292/2357) regret=0.026662 ape=0.4829
[14:44:52] warmStart 97% (2293/2357) regret=0.026662 ape=0.4829
[14:44:52] warmStart 97% (2294/2357) regret=0.026505 ape=0.4820
[14:44:53] warmStart 97% (2295/2357) regret=0.026505 ape=0.4820
[14:44:53] warmStart 97% (2296/2357) regret=0.026321 ape=0.4811
[14:44:53] warmStart 97% (2297/2357) regret=0.026321 ape=0.4811
[14:44:53] warmStart 97% (2298/2357) regret=0.026321 ape=0.4811
[14:44:53] warmStart 97% (2299/2357) regret=0.026311 ape=0.4811
[14:44:53] warmStart 97% (2300/2357) regret=0.026302 ape=0.4811
[14:44:53] warmStart 97% (2301/2357) regret=0.026076 ape=0.4811
[14:44:54] warmStart 97% (2302/2357) regret=0.026076 ape=0.4811
[14:44:54] warmStart 97% (2303/2357) regret=0.026076 ape=0.4811
[14:44:54] warmStart 97% (2304/2357) regret=0.025920 ape=0.4811
[14:44:54] warmStart 97% (2305/2357) regret=0.025675 ape=0.4802
[14:44:54] warmStart 97% (2306/2357) regret=0.025675 ape=0.4802
[14:44:54] warmStart 97% (2307/2357) regret=0.025675 ape=0.4802
[14:44:54] warmStart 97% (2308/2357) regret=0.025565 ape=0.4802
[14:44:55] warmStart 97% (2309/2357) regret=0.025546 ape=0.4793
[14:44:55] warmStart 98% (2310/2357) regret=0.025583 ape=0.4802
[14:44:55] warmStart 98% (2311/2357) regret=0.025583 ape=0.4802
[14:44:55] warmStart 98% (2312/2357) regret=0.025583 ape=0.4802
[14:44:55] warmStart 98% (2313/2357) regret=0.025583 ape=0.4802
[14:44:55] warmStart 98% (2314/2357) regret=0.025583 ape=0.4802
[14:44:55] warmStart 98% (2315/2357) regret=0.025583 ape=0.4802
[14:44:56] warmStart 98% (2316/2357) regret=0.025594 ape=0.4811
[14:44:56] warmStart 98% (2317/2357) regret=0.025594 ape=0.4811
[14:44:56] warmStart 98% (2318/2357) regret=0.025594 ape=0.4811
[14:44:56] warmStart 98% (2319/2357) regret=0.025541 ape=0.4811
[14:44:56] warmStart 98% (2320/2357) regret=0.025541 ape=0.4811
[14:44:56] warmStart 98% (2321/2357) regret=0.025541 ape=0.4811
[14:44:56] warmStart 98% (2322/2357) regret=0.025541 ape=0.4811
[14:44:57] warmStart 98% (2323/2357) regret=0.025541 ape=0.4811
[14:44:57] warmStart 98% (2324/2357) regret=0.025541 ape=0.4811
[14:44:57] warmStart 98% (2325/2357) regret=0.025449 ape=0.4811
[14:44:57] warmStart 98% (2326/2357) regret=0.025439 ape=0.4802
[14:44:57] warmStart 98% (2327/2357) regret=0.025439 ape=0.4802
[14:44:57] warmStart 98% (2328/2357) regret=0.025439 ape=0.4802
[14:44:57] warmStart 98% (2329/2357) regret=0.025181 ape=0.4793
[14:44:58] warmStart 98% (2330/2357) regret=0.025149 ape=0.4793
[14:44:58] warmStart 98% (2331/2357) regret=0.025163 ape=0.4793
[14:44:58] warmStart 98% (2332/2357) regret=0.025149 ape=0.4793
[14:44:58] warmStart 98% (2333/2357) regret=0.025161 ape=0.4793
[14:44:58] warmStart 99% (2334/2357) regret=0.025137 ape=0.4802
[14:44:58] warmStart 99% (2335/2357) regret=0.025126 ape=0.4802
[14:44:58] warmStart 99% (2336/2357) regret=0.025089 ape=0.4802
[14:44:59] warmStart 99% (2337/2357) regret=0.025126 ape=0.4802
[14:44:59] warmStart 99% (2338/2357) regret=0.025108 ape=0.4802
[14:44:59] warmStart 99% (2339/2357) regret=0.025108 ape=0.4802
[14:44:59] warmStart 99% (2340/2357) regret=0.025071 ape=0.4793
[14:44:59] warmStart 99% (2341/2357) regret=0.025108 ape=0.4802
[14:44:59] warmStart 99% (2342/2357) regret=0.025108 ape=0.4802
[14:44:59] warmStart 99% (2343/2357) regret=0.025108 ape=0.4802
[14:45:00] warmStart 99% (2344/2357) regret=0.025108 ape=0.4802
[14:45:00] warmStart 99% (2345/2357) regret=0.025108 ape=0.4802
[14:45:00] warmStart 99% (2346/2357) regret=0.025108 ape=0.4802
[14:45:00] warmStart 99% (2347/2357) regret=0.025061 ape=0.4802
[14:45:00] warmStart 99% (2348/2357) regret=0.025061 ape=0.4802
[14:45:00] warmStart 99% (2349/2357) regret=0.025061 ape=0.4802
[14:45:00] warmStart 99% (2350/2357) regret=0.025065 ape=0.4811
[14:45:00] warmStart 99% (2351/2357) regret=0.025159 ape=0.4811
[14:45:01] warmStart 99% (2352/2357) regret=0.025180 ape=0.4811
[14:45:01] warmStart 99% (2353/2357) regret=0.025180 ape=0.4811
[14:45:01] warmStart 99% (2354/2357) regret=0.025180 ape=0.4811
[14:45:01] warmStart 99% (2355/2357) regret=0.025180 ape=0.4811
Warm w=5 finished: 2356 points, 330.91s wall time
  Final: regret=0.025180, ape=0.4811

Saved JSON: /home/users/g/s/gsavary/LudiiMCTSVariations/slurm_sweep_full_dataset/results_20260425_143907/sweep_warm_5_2_20260425_144501.json

Generating plots...
Saved regret plot: /home/users/g/s/gsavary/LudiiMCTSVariations/slurm_sweep_full_dataset/results_20260425_143907/sweep_warm_5_2_20260425_144501_regret.png
Saved APE plot: /home/users/g/s/gsavary/LudiiMCTSVariations/slurm_sweep_full_dataset/results_20260425_143907/sweep_warm_5_2_20260425_144501_ape.png

======================================================================
EXPERIMENT COMPLETE
======================================================================
Results saved to: /home/users/g/s/gsavary/LudiiMCTSVariations/slurm_sweep_full_dataset/results_20260425_143907
JSON file: sweep_warm_5_2_20260425_144501.json
Experiment finished. Results saved to: /home/users/g/s/gsavary/LudiiMCTSVariations/slurm_sweep_full_dataset/results_20260425_143907
