Starting experiment...
Project root: /home/users/g/s/gsavary/LudiiMCTSVariations
Method: warm:200
Output dir: /home/users/g/s/gsavary/LudiiMCTSVariations/slurm_sweep_full_dataset/results_20260425_214312
Seed: 2
Time limit:  seconds


======================================================================
SLURM Sweep Experiment - Single Method
======================================================================
Method: warm:200
Time limit: 7200.0s, Seed: 2, Batch size: 20
Output directory: /home/users/g/s/gsavary/LudiiMCTSVariations/slurm_sweep_full_dataset/results_20260425_214312

Loading Ludii dataset...
Loaded 1085 games
Using 1085 games (full dataset, no subsampling)

Running timing probe (100 pulls)...
  Estimated secs/pull: 0.023798

Time budget: 7200.0s → ~302542 total pulls
Per-method budget: 43220 pulls (~1028.6s)

Computing predictor-only performance...
  Predictions loaded: 23675 agent predictions
  Predictor-only: regret=0.104318, ape=0.4894

Running WARM-START (w=200)...
[21:43:52] warmStart 0% (0/2161) regret=0.099576 ape=0.5512
[21:43:52] warmStart 0% (1/2161) regret=0.099576 ape=0.5512
[21:43:52] warmStart 0% (2/2161) regret=0.099576 ape=0.5512
[21:43:52] warmStart 0% (3/2161) regret=0.099576 ape=0.5512
[21:43:52] warmStart 0% (4/2161) regret=0.099576 ape=0.5512
[21:43:52] warmStart 0% (5/2161) regret=0.099576 ape=0.5512
[21:43:53] warmStart 0% (6/2161) regret=0.099576 ape=0.5512
[21:43:53] warmStart 0% (7/2161) regret=0.099576 ape=0.5512
[21:43:53] warmStart 0% (8/2161) regret=0.099576 ape=0.5512
[21:43:53] warmStart 0% (9/2161) regret=0.099594 ape=0.5512
[21:43:53] warmStart 0% (10/2161) regret=0.099584 ape=0.5512
[21:43:53] warmStart 0% (11/2161) regret=0.099584 ape=0.5512
[21:43:53] warmStart 0% (12/2161) regret=0.099584 ape=0.5512
[21:43:54] warmStart 0% (13/2161) regret=0.099584 ape=0.5512
[21:43:54] warmStart 0% (14/2161) regret=0.099584 ape=0.5512
[21:43:54] warmStart 0% (15/2161) regret=0.099584 ape=0.5512
[21:43:54] warmStart 0% (16/2161) regret=0.099584 ape=0.5512
[21:43:54] warmStart 0% (17/2161) regret=0.099630 ape=0.5521
[21:43:54] warmStart 0% (18/2161) regret=0.099584 ape=0.5512
[21:43:55] warmStart 0% (19/2161) regret=0.099584 ape=0.5512
[21:43:55] warmStart 0% (20/2161) regret=0.099584 ape=0.5512
[21:43:55] warmStart 0% (21/2161) regret=0.099584 ape=0.5512
[21:43:55] warmStart 1% (22/2161) regret=0.099584 ape=0.5512
[21:43:55] warmStart 1% (23/2161) regret=0.099584 ape=0.5512
[21:43:55] warmStart 1% (24/2161) regret=0.099584 ape=0.5512
[21:43:55] warmStart 1% (25/2161) regret=0.099584 ape=0.5512
[21:43:56] warmStart 1% (26/2161) regret=0.099584 ape=0.5512
[21:43:56] warmStart 1% (27/2161) regret=0.099584 ape=0.5512
[21:43:56] warmStart 1% (28/2161) regret=0.099584 ape=0.5512
[21:43:56] warmStart 1% (29/2161) regret=0.099584 ape=0.5512
[21:43:56] warmStart 1% (30/2161) regret=0.099584 ape=0.5512
[21:43:56] warmStart 1% (31/2161) regret=0.099584 ape=0.5512
[21:43:56] warmStart 1% (32/2161) regret=0.099584 ape=0.5512
[21:43:57] warmStart 1% (33/2161) regret=0.099584 ape=0.5512
[21:43:57] warmStart 1% (34/2161) regret=0.099584 ape=0.5512
[21:43:57] warmStart 1% (35/2161) regret=0.099584 ape=0.5512
[21:43:57] warmStart 1% (36/2161) regret=0.099584 ape=0.5512
[21:43:57] warmStart 1% (37/2161) regret=0.099584 ape=0.5512
[21:43:57] warmStart 1% (38/2161) regret=0.099451 ape=0.5502
[21:43:57] warmStart 1% (39/2161) regret=0.099451 ape=0.5502
[21:43:58] warmStart 1% (40/2161) regret=0.099451 ape=0.5502
[21:43:58] warmStart 1% (41/2161) regret=0.099451 ape=0.5502
[21:43:58] warmStart 1% (42/2161) regret=0.099451 ape=0.5502
[21:43:58] warmStart 1% (43/2161) regret=0.099451 ape=0.5502
[21:43:58] warmStart 2% (44/2161) regret=0.099451 ape=0.5502
[21:43:58] warmStart 2% (45/2161) regret=0.099451 ape=0.5502
[21:43:58] warmStart 2% (46/2161) regret=0.099451 ape=0.5502
[21:43:59] warmStart 2% (47/2161) regret=0.099451 ape=0.5502
[21:43:59] warmStart 2% (48/2161) regret=0.099451 ape=0.5502
[21:43:59] warmStart 2% (49/2161) regret=0.099451 ape=0.5502
[21:43:59] warmStart 2% (50/2161) regret=0.099451 ape=0.5502
[21:43:59] warmStart 2% (51/2161) regret=0.099451 ape=0.5502
[21:43:59] warmStart 2% (52/2161) regret=0.099451 ape=0.5502
[21:43:59] warmStart 2% (53/2161) regret=0.099478 ape=0.5502
[21:44:00] warmStart 2% (54/2161) regret=0.099451 ape=0.5502
[21:44:00] warmStart 2% (55/2161) regret=0.099451 ape=0.5502
[21:44:00] warmStart 2% (56/2161) regret=0.099451 ape=0.5502
[21:44:00] warmStart 2% (57/2161) regret=0.099451 ape=0.5502
[21:44:00] warmStart 2% (58/2161) regret=0.099451 ape=0.5502
[21:44:00] warmStart 2% (59/2161) regret=0.099451 ape=0.5502
[21:44:00] warmStart 2% (60/2161) regret=0.099451 ape=0.5502
[21:44:01] warmStart 2% (61/2161) regret=0.099478 ape=0.5502
[21:44:01] warmStart 2% (62/2161) regret=0.099451 ape=0.5502
[21:44:01] warmStart 2% (63/2161) regret=0.099451 ape=0.5502
[21:44:01] warmStart 2% (64/2161) regret=0.099451 ape=0.5502
[21:44:01] warmStart 3% (65/2161) regret=0.099451 ape=0.5502
[21:44:01] warmStart 3% (66/2161) regret=0.099451 ape=0.5502
[21:44:01] warmStart 3% (67/2161) regret=0.099451 ape=0.5502
[21:44:02] warmStart 3% (68/2161) regret=0.099451 ape=0.5502
[21:44:02] warmStart 3% (69/2161) regret=0.099451 ape=0.5502
[21:44:02] warmStart 3% (70/2161) regret=0.099451 ape=0.5502
[21:44:02] warmStart 3% (71/2161) regret=0.099451 ape=0.5502
[21:44:02] warmStart 3% (72/2161) regret=0.099451 ape=0.5502
[21:44:02] warmStart 3% (73/2161) regret=0.099451 ape=0.5502
[21:44:03] warmStart 3% (74/2161) regret=0.099451 ape=0.5502
[21:44:03] warmStart 3% (75/2161) regret=0.099451 ape=0.5502
[21:44:03] warmStart 3% (76/2161) regret=0.099451 ape=0.5502
[21:44:03] warmStart 3% (77/2161) regret=0.099451 ape=0.5502
[21:44:03] warmStart 3% (78/2161) regret=0.099451 ape=0.5502
[21:44:03] warmStart 3% (79/2161) regret=0.099451 ape=0.5502
[21:44:03] warmStart 3% (80/2161) regret=0.099451 ape=0.5502
[21:44:04] warmStart 3% (81/2161) regret=0.099451 ape=0.5502
[21:44:04] warmStart 3% (82/2161) regret=0.099442 ape=0.5502
[21:44:04] warmStart 3% (83/2161) regret=0.099442 ape=0.5502
[21:44:04] warmStart 3% (84/2161) regret=0.099442 ape=0.5502
[21:44:04] warmStart 3% (85/2161) regret=0.099442 ape=0.5502
[21:44:04] warmStart 3% (86/2161) regret=0.099442 ape=0.5502
[21:44:04] warmStart 4% (87/2161) regret=0.099451 ape=0.5502
[21:44:05] warmStart 4% (88/2161) regret=0.099451 ape=0.5502
[21:44:05] warmStart 4% (89/2161) regret=0.099451 ape=0.5502
[21:44:05] warmStart 4% (90/2161) regret=0.099451 ape=0.5502
[21:44:05] warmStart 4% (91/2161) regret=0.099442 ape=0.5502
[21:44:05] warmStart 4% (92/2161) regret=0.099442 ape=0.5502
[21:44:05] warmStart 4% (93/2161) regret=0.099442 ape=0.5502
[21:44:05] warmStart 4% (94/2161) regret=0.099442 ape=0.5502
[21:44:06] warmStart 4% (95/2161) regret=0.099442 ape=0.5502
[21:44:06] warmStart 4% (96/2161) regret=0.099442 ape=0.5502
[21:44:06] warmStart 4% (97/2161) regret=0.099442 ape=0.5502
[21:44:06] warmStart 4% (98/2161) regret=0.099451 ape=0.5502
[21:44:06] warmStart 4% (99/2161) regret=0.099451 ape=0.5502
[21:44:06] warmStart 4% (100/2161) regret=0.099451 ape=0.5502
[21:44:06] warmStart 4% (101/2161) regret=0.099442 ape=0.5502
[21:44:07] warmStart 4% (102/2161) regret=0.099442 ape=0.5502
[21:44:07] warmStart 4% (103/2161) regret=0.099461 ape=0.5502
[21:44:07] warmStart 4% (104/2161) regret=0.099461 ape=0.5502
[21:44:07] warmStart 4% (105/2161) regret=0.099461 ape=0.5502
[21:44:07] warmStart 4% (106/2161) regret=0.099442 ape=0.5502
[21:44:07] warmStart 4% (107/2161) regret=0.099451 ape=0.5502
[21:44:07] warmStart 4% (108/2161) regret=0.099451 ape=0.5502
[21:44:08] warmStart 5% (109/2161) regret=0.099451 ape=0.5502
[21:44:08] warmStart 5% (110/2161) regret=0.099451 ape=0.5502
[21:44:08] warmStart 5% (111/2161) regret=0.099451 ape=0.5502
[21:44:08] warmStart 5% (112/2161) regret=0.099442 ape=0.5502
[21:44:08] warmStart 5% (113/2161) regret=0.099442 ape=0.5502
[21:44:08] warmStart 5% (114/2161) regret=0.099405 ape=0.5502
[21:44:08] warmStart 5% (115/2161) regret=0.099442 ape=0.5502
[21:44:09] warmStart 5% (116/2161) regret=0.099442 ape=0.5502
[21:44:09] warmStart 5% (117/2161) regret=0.099442 ape=0.5502
[21:44:09] warmStart 5% (118/2161) regret=0.099442 ape=0.5502
[21:44:09] warmStart 5% (119/2161) regret=0.099442 ape=0.5502
[21:44:09] warmStart 5% (120/2161) regret=0.099442 ape=0.5502
[21:44:09] warmStart 5% (121/2161) regret=0.099442 ape=0.5502
[21:44:10] warmStart 5% (122/2161) regret=0.099442 ape=0.5502
[21:44:10] warmStart 5% (123/2161) regret=0.099442 ape=0.5502
[21:44:10] warmStart 5% (124/2161) regret=0.098613 ape=0.5502
[21:44:10] warmStart 5% (125/2161) regret=0.098613 ape=0.5502
[21:44:10] warmStart 5% (126/2161) regret=0.098613 ape=0.5502
[21:44:10] warmStart 5% (127/2161) regret=0.098613 ape=0.5502
[21:44:10] warmStart 5% (128/2161) regret=0.098613 ape=0.5502
[21:44:11] warmStart 5% (129/2161) regret=0.098613 ape=0.5502
[21:44:11] warmStart 6% (130/2161) regret=0.098613 ape=0.5502
[21:44:11] warmStart 6% (131/2161) regret=0.098613 ape=0.5502
[21:44:11] warmStart 6% (132/2161) regret=0.098613 ape=0.5502
[21:44:11] warmStart 6% (133/2161) regret=0.098613 ape=0.5502
[21:44:11] warmStart 6% (134/2161) regret=0.098613 ape=0.5502
[21:44:11] warmStart 6% (135/2161) regret=0.098613 ape=0.5502
[21:44:12] warmStart 6% (136/2161) regret=0.098613 ape=0.5502
[21:44:12] warmStart 6% (137/2161) regret=0.098594 ape=0.5502
[21:44:12] warmStart 6% (138/2161) regret=0.098613 ape=0.5502
[21:44:12] warmStart 6% (139/2161) regret=0.098613 ape=0.5502
[21:44:12] warmStart 6% (140/2161) regret=0.098631 ape=0.5502
[21:44:12] warmStart 6% (141/2161) regret=0.098631 ape=0.5502
[21:44:12] warmStart 6% (142/2161) regret=0.098631 ape=0.5502
[21:44:13] warmStart 6% (143/2161) regret=0.098557 ape=0.5502
[21:44:13] warmStart 6% (144/2161) regret=0.098769 ape=0.5502
[21:44:13] warmStart 6% (145/2161) regret=0.098613 ape=0.5502
[21:44:13] warmStart 6% (146/2161) regret=0.098613 ape=0.5502
[21:44:13] warmStart 6% (147/2161) regret=0.098613 ape=0.5502
[21:44:14] warmStart 6% (148/2161) regret=0.098613 ape=0.5502
[21:44:14] warmStart 6% (149/2161) regret=0.098613 ape=0.5502
[21:44:14] warmStart 6% (150/2161) regret=0.098613 ape=0.5502
[21:44:14] warmStart 6% (151/2161) regret=0.098613 ape=0.5502
[21:44:14] warmStart 7% (152/2161) regret=0.098613 ape=0.5502
[21:44:14] warmStart 7% (153/2161) regret=0.098613 ape=0.5502
[21:44:15] warmStart 7% (154/2161) regret=0.098613 ape=0.5502
[21:44:15] warmStart 7% (155/2161) regret=0.098557 ape=0.5502
[21:44:15] warmStart 7% (156/2161) regret=0.098557 ape=0.5502
[21:44:15] warmStart 7% (157/2161) regret=0.098581 ape=0.5512
[21:44:15] warmStart 7% (158/2161) regret=0.098581 ape=0.5512
[21:44:16] warmStart 7% (159/2161) regret=0.098581 ape=0.5512
[21:44:16] warmStart 7% (160/2161) regret=0.098581 ape=0.5512
[21:44:16] warmStart 7% (161/2161) regret=0.098581 ape=0.5512
[21:44:16] warmStart 7% (162/2161) regret=0.098581 ape=0.5512
[21:44:16] warmStart 7% (163/2161) regret=0.098581 ape=0.5512
[21:44:16] warmStart 7% (164/2161) regret=0.098600 ape=0.5512
[21:44:17] warmStart 7% (165/2161) regret=0.098581 ape=0.5512
[21:44:17] warmStart 7% (166/2161) regret=0.098581 ape=0.5512
[21:44:17] warmStart 7% (167/2161) regret=0.098581 ape=0.5512
[21:44:17] warmStart 7% (168/2161) regret=0.098581 ape=0.5512
[21:44:17] warmStart 7% (169/2161) regret=0.098581 ape=0.5512
[21:44:18] warmStart 7% (170/2161) regret=0.098581 ape=0.5512
[21:44:18] warmStart 7% (171/2161) regret=0.098581 ape=0.5512
[21:44:18] warmStart 7% (172/2161) regret=0.098581 ape=0.5512
[21:44:18] warmStart 8% (173/2161) regret=0.098581 ape=0.5512
[21:44:18] warmStart 8% (174/2161) regret=0.098581 ape=0.5512
[21:44:18] warmStart 8% (175/2161) regret=0.098793 ape=0.5512
[21:44:19] warmStart 8% (176/2161) regret=0.098581 ape=0.5512
[21:44:19] warmStart 8% (177/2161) regret=0.098590 ape=0.5512
[21:44:19] warmStart 8% (178/2161) regret=0.098581 ape=0.5512
[21:44:19] warmStart 8% (179/2161) regret=0.098581 ape=0.5512
[21:44:19] warmStart 8% (180/2161) regret=0.098581 ape=0.5512
[21:44:20] warmStart 8% (181/2161) regret=0.098581 ape=0.5512
[21:44:20] warmStart 8% (182/2161) regret=0.098581 ape=0.5512
[21:44:20] warmStart 8% (183/2161) regret=0.098581 ape=0.5512
[21:44:20] warmStart 8% (184/2161) regret=0.098581 ape=0.5512
[21:44:20] warmStart 8% (185/2161) regret=0.098581 ape=0.5512
[21:44:20] warmStart 8% (186/2161) regret=0.098579 ape=0.5512
[21:44:21] warmStart 8% (187/2161) regret=0.098581 ape=0.5512
[21:44:21] warmStart 8% (188/2161) regret=0.098581 ape=0.5512
[21:44:21] warmStart 8% (189/2161) regret=0.098581 ape=0.5512
[21:44:21] warmStart 8% (190/2161) regret=0.098581 ape=0.5512
[21:44:21] warmStart 8% (191/2161) regret=0.098581 ape=0.5512
[21:44:22] warmStart 8% (192/2161) regret=0.098581 ape=0.5512
[21:44:22] warmStart 8% (193/2161) regret=0.098581 ape=0.5512
[21:44:22] warmStart 8% (194/2161) regret=0.098581 ape=0.5512
[21:44:22] warmStart 9% (195/2161) regret=0.098521 ape=0.5502
[21:44:22] warmStart 9% (196/2161) regret=0.098571 ape=0.5512
[21:44:23] warmStart 9% (197/2161) regret=0.098571 ape=0.5512
[21:44:23] warmStart 9% (198/2161) regret=0.098571 ape=0.5512
[21:44:23] warmStart 9% (199/2161) regret=0.098571 ape=0.5512
[21:44:23] warmStart 9% (200/2161) regret=0.098571 ape=0.5512
[21:44:23] warmStart 9% (201/2161) regret=0.098571 ape=0.5512
[21:44:23] warmStart 9% (202/2161) regret=0.098571 ape=0.5512
[21:44:24] warmStart 9% (203/2161) regret=0.098571 ape=0.5512
[21:44:24] warmStart 9% (204/2161) regret=0.098571 ape=0.5512
[21:44:24] warmStart 9% (205/2161) regret=0.098571 ape=0.5512
[21:44:24] warmStart 9% (206/2161) regret=0.098571 ape=0.5512
[21:44:24] warmStart 9% (207/2161) regret=0.098571 ape=0.5512
[21:44:25] warmStart 9% (208/2161) regret=0.098571 ape=0.5512
[21:44:25] warmStart 9% (209/2161) regret=0.098571 ape=0.5512
[21:44:25] warmStart 9% (210/2161) regret=0.098557 ape=0.5512
[21:44:25] warmStart 9% (211/2161) regret=0.098571 ape=0.5512
[21:44:25] warmStart 9% (212/2161) regret=0.098571 ape=0.5512
[21:44:25] warmStart 9% (213/2161) regret=0.098571 ape=0.5512
[21:44:26] warmStart 9% (214/2161) regret=0.098571 ape=0.5512
[21:44:26] warmStart 9% (215/2161) regret=0.098571 ape=0.5512
[21:44:26] warmStart 9% (216/2161) regret=0.098571 ape=0.5512
[21:44:26] warmStart 10% (217/2161) regret=0.098571 ape=0.5512
[21:44:26] warmStart 10% (218/2161) regret=0.098571 ape=0.5512
[21:44:27] warmStart 10% (219/2161) regret=0.098571 ape=0.5512
[21:44:27] warmStart 10% (220/2161) regret=0.098253 ape=0.5502
[21:44:27] warmStart 10% (221/2161) regret=0.098571 ape=0.5512
[21:44:27] warmStart 10% (222/2161) regret=0.098673 ape=0.5512
[21:44:27] warmStart 10% (223/2161) regret=0.098281 ape=0.5502
[21:44:27] warmStart 10% (224/2161) regret=0.098355 ape=0.5502
[21:44:28] warmStart 10% (225/2161) regret=0.098253 ape=0.5502
[21:44:28] warmStart 10% (226/2161) regret=0.098253 ape=0.5502
[21:44:28] warmStart 10% (227/2161) regret=0.098253 ape=0.5502
[21:44:28] warmStart 10% (228/2161) regret=0.098253 ape=0.5502
[21:44:28] warmStart 10% (229/2161) regret=0.098253 ape=0.5502
[21:44:29] warmStart 10% (230/2161) regret=0.098253 ape=0.5502
[21:44:29] warmStart 10% (231/2161) regret=0.098253 ape=0.5502
[21:44:29] warmStart 10% (232/2161) regret=0.098253 ape=0.5502
[21:44:29] warmStart 10% (233/2161) regret=0.098253 ape=0.5502
[21:44:29] warmStart 10% (234/2161) regret=0.098253 ape=0.5502
[21:44:29] warmStart 10% (235/2161) regret=0.098253 ape=0.5502
[21:44:30] warmStart 10% (236/2161) regret=0.098241 ape=0.5502
[21:44:30] warmStart 10% (237/2161) regret=0.098241 ape=0.5502
[21:44:30] warmStart 11% (238/2161) regret=0.098241 ape=0.5502
[21:44:30] warmStart 11% (239/2161) regret=0.098241 ape=0.5502
[21:44:30] warmStart 11% (240/2161) regret=0.098241 ape=0.5502
[21:44:31] warmStart 11% (241/2161) regret=0.098241 ape=0.5502
[21:44:31] warmStart 11% (242/2161) regret=0.098241 ape=0.5502
[21:44:31] warmStart 11% (243/2161) regret=0.098241 ape=0.5502
[21:44:31] warmStart 11% (244/2161) regret=0.098241 ape=0.5502
[21:44:31] warmStart 11% (245/2161) regret=0.098241 ape=0.5502
[21:44:31] warmStart 11% (246/2161) regret=0.098241 ape=0.5502
[21:44:32] warmStart 11% (247/2161) regret=0.098241 ape=0.5502
[21:44:32] warmStart 11% (248/2161) regret=0.098241 ape=0.5502
[21:44:32] warmStart 11% (249/2161) regret=0.098241 ape=0.5502
[21:44:32] warmStart 11% (250/2161) regret=0.098241 ape=0.5502
[21:44:32] warmStart 11% (251/2161) regret=0.098342 ape=0.5502
[21:44:33] warmStart 11% (252/2161) regret=0.098342 ape=0.5502
[21:44:33] warmStart 11% (253/2161) regret=0.098366 ape=0.5512
[21:44:33] warmStart 11% (254/2161) regret=0.098366 ape=0.5512
[21:44:33] warmStart 11% (255/2161) regret=0.098366 ape=0.5512
[21:44:33] warmStart 11% (256/2161) regret=0.098366 ape=0.5512
[21:44:33] warmStart 11% (257/2161) regret=0.098366 ape=0.5512
[21:44:34] warmStart 11% (258/2161) regret=0.098366 ape=0.5512
[21:44:34] warmStart 11% (259/2161) regret=0.098366 ape=0.5512
[21:44:34] warmStart 12% (260/2161) regret=0.098366 ape=0.5512
[21:44:34] warmStart 12% (261/2161) regret=0.098366 ape=0.5512
[21:44:34] warmStart 12% (262/2161) regret=0.098366 ape=0.5512
[21:44:35] warmStart 12% (263/2161) regret=0.098366 ape=0.5512
[21:44:35] warmStart 12% (264/2161) regret=0.097645 ape=0.5502
[21:44:35] warmStart 12% (265/2161) regret=0.097645 ape=0.5502
[21:44:35] warmStart 12% (266/2161) regret=0.097645 ape=0.5502
[21:44:35] warmStart 12% (267/2161) regret=0.097645 ape=0.5502
[21:44:36] warmStart 12% (268/2161) regret=0.097645 ape=0.5502
[21:44:36] warmStart 12% (269/2161) regret=0.097645 ape=0.5502
[21:44:36] warmStart 12% (270/2161) regret=0.097636 ape=0.5502
[21:44:36] warmStart 12% (271/2161) regret=0.097645 ape=0.5502
[21:44:36] warmStart 12% (272/2161) regret=0.097645 ape=0.5502
[21:44:36] warmStart 12% (273/2161) regret=0.097645 ape=0.5502
[21:44:37] warmStart 12% (274/2161) regret=0.097645 ape=0.5502
[21:44:37] warmStart 12% (275/2161) regret=0.097645 ape=0.5502
[21:44:37] warmStart 12% (276/2161) regret=0.097645 ape=0.5502
[21:44:37] warmStart 12% (277/2161) regret=0.097963 ape=0.5512
[21:44:37] warmStart 12% (278/2161) regret=0.097963 ape=0.5512
[21:44:38] warmStart 12% (279/2161) regret=0.097963 ape=0.5512
[21:44:38] warmStart 12% (280/2161) regret=0.097963 ape=0.5512
[21:44:38] warmStart 13% (281/2161) regret=0.097963 ape=0.5512
[21:44:38] warmStart 13% (282/2161) regret=0.097954 ape=0.5512
[21:44:38] warmStart 13% (283/2161) regret=0.097963 ape=0.5512
[21:44:38] warmStart 13% (284/2161) regret=0.097963 ape=0.5512
[21:44:39] warmStart 13% (285/2161) regret=0.097963 ape=0.5512
[21:44:39] warmStart 13% (286/2161) regret=0.097963 ape=0.5512
[21:44:39] warmStart 13% (287/2161) regret=0.097963 ape=0.5512
[21:44:39] warmStart 13% (288/2161) regret=0.097963 ape=0.5512
[21:44:39] warmStart 13% (289/2161) regret=0.097963 ape=0.5512
[21:44:40] warmStart 13% (290/2161) regret=0.097954 ape=0.5512
[21:44:40] warmStart 13% (291/2161) regret=0.097963 ape=0.5512
[21:44:40] warmStart 13% (292/2161) regret=0.097963 ape=0.5512
[21:44:40] warmStart 13% (293/2161) regret=0.097963 ape=0.5512
[21:44:40] warmStart 13% (294/2161) regret=0.097963 ape=0.5512
[21:44:40] warmStart 13% (295/2161) regret=0.097963 ape=0.5512
[21:44:41] warmStart 13% (296/2161) regret=0.097963 ape=0.5512
[21:44:41] warmStart 13% (297/2161) regret=0.097871 ape=0.5512
[21:44:41] warmStart 13% (298/2161) regret=0.097645 ape=0.5502
[21:44:41] warmStart 13% (299/2161) regret=0.097645 ape=0.5502
[21:44:41] warmStart 13% (300/2161) regret=0.097636 ape=0.5502
[21:44:42] warmStart 13% (301/2161) regret=0.097645 ape=0.5502
[21:44:42] warmStart 13% (302/2161) regret=0.097645 ape=0.5502
[21:44:42] warmStart 14% (303/2161) regret=0.097645 ape=0.5502
[21:44:42] warmStart 14% (304/2161) regret=0.097645 ape=0.5502
[21:44:42] warmStart 14% (305/2161) regret=0.097645 ape=0.5502
[21:44:42] warmStart 14% (306/2161) regret=0.097645 ape=0.5502
[21:44:43] warmStart 14% (307/2161) regret=0.097645 ape=0.5502
[21:44:43] warmStart 14% (308/2161) regret=0.097645 ape=0.5502
[21:44:43] warmStart 14% (309/2161) regret=0.097645 ape=0.5502
[21:44:43] warmStart 14% (310/2161) regret=0.097645 ape=0.5502
[21:44:43] warmStart 14% (311/2161) regret=0.097645 ape=0.5502
[21:44:44] warmStart 14% (312/2161) regret=0.097645 ape=0.5502
[21:44:44] warmStart 14% (313/2161) regret=0.097645 ape=0.5502
[21:44:44] warmStart 14% (314/2161) regret=0.097645 ape=0.5502
[21:44:44] warmStart 14% (315/2161) regret=0.097645 ape=0.5502
[21:44:44] warmStart 14% (316/2161) regret=0.097645 ape=0.5502
[21:44:45] warmStart 14% (317/2161) regret=0.097645 ape=0.5502
[21:44:45] warmStart 14% (318/2161) regret=0.097645 ape=0.5502
[21:44:45] warmStart 14% (319/2161) regret=0.097645 ape=0.5502
[21:44:45] warmStart 14% (320/2161) regret=0.097645 ape=0.5502
[21:44:45] warmStart 14% (321/2161) regret=0.097645 ape=0.5502
[21:44:45] warmStart 14% (322/2161) regret=0.097631 ape=0.5502
[21:44:46] warmStart 14% (323/2161) regret=0.097645 ape=0.5502
[21:44:46] warmStart 14% (324/2161) regret=0.097645 ape=0.5502
[21:44:46] warmStart 15% (325/2161) regret=0.097645 ape=0.5502
[21:44:46] warmStart 15% (326/2161) regret=0.097645 ape=0.5502
[21:44:46] warmStart 15% (327/2161) regret=0.097645 ape=0.5502
[21:44:47] warmStart 15% (328/2161) regret=0.097645 ape=0.5502
[21:44:47] warmStart 15% (329/2161) regret=0.097857 ape=0.5502
[21:44:47] warmStart 15% (330/2161) regret=0.097636 ape=0.5493
[21:44:47] warmStart 15% (331/2161) regret=0.097645 ape=0.5502
[21:44:47] warmStart 15% (332/2161) regret=0.097544 ape=0.5502
[21:44:48] warmStart 15% (333/2161) regret=0.097544 ape=0.5502
[21:44:48] warmStart 15% (334/2161) regret=0.097544 ape=0.5502
[21:44:48] warmStart 15% (335/2161) regret=0.097544 ape=0.5502
[21:44:48] warmStart 15% (336/2161) regret=0.097544 ape=0.5502
[21:44:48] warmStart 15% (337/2161) regret=0.097544 ape=0.5502
[21:44:48] warmStart 15% (338/2161) regret=0.097544 ape=0.5502
[21:44:49] warmStart 15% (339/2161) regret=0.097544 ape=0.5502
[21:44:49] warmStart 15% (340/2161) regret=0.097544 ape=0.5502
[21:44:49] warmStart 15% (341/2161) regret=0.097544 ape=0.5502
[21:44:49] warmStart 15% (342/2161) regret=0.097544 ape=0.5502
[21:44:49] warmStart 15% (343/2161) regret=0.097534 ape=0.5493
[21:44:50] warmStart 15% (344/2161) regret=0.097636 ape=0.5493
[21:44:50] warmStart 15% (345/2161) regret=0.097511 ape=0.5484
[21:44:50] warmStart 16% (346/2161) regret=0.097520 ape=0.5493
[21:44:50] warmStart 16% (347/2161) regret=0.097520 ape=0.5493
[21:44:50] warmStart 16% (348/2161) regret=0.097520 ape=0.5493
[21:44:50] warmStart 16% (349/2161) regret=0.097520 ape=0.5493
[21:44:51] warmStart 16% (350/2161) regret=0.097520 ape=0.5493
[21:44:51] warmStart 16% (351/2161) regret=0.097520 ape=0.5493
[21:44:51] warmStart 16% (352/2161) regret=0.096925 ape=0.5484
[21:44:51] warmStart 16% (353/2161) regret=0.096925 ape=0.5484
[21:44:51] warmStart 16% (354/2161) regret=0.096925 ape=0.5484
[21:44:51] warmStart 16% (355/2161) regret=0.096925 ape=0.5484
[21:44:52] warmStart 16% (356/2161) regret=0.096925 ape=0.5484
[21:44:52] warmStart 16% (357/2161) regret=0.096925 ape=0.5484
[21:44:52] warmStart 16% (358/2161) regret=0.096925 ape=0.5484
[21:44:52] warmStart 16% (359/2161) regret=0.096953 ape=0.5484
[21:44:52] warmStart 16% (360/2161) regret=0.096925 ape=0.5484
[21:44:53] warmStart 16% (361/2161) regret=0.096925 ape=0.5484
[21:44:53] warmStart 16% (362/2161) regret=0.096923 ape=0.5484
[21:44:53] warmStart 16% (363/2161) regret=0.096925 ape=0.5484
[21:44:53] warmStart 16% (364/2161) regret=0.096925 ape=0.5484
[21:44:53] warmStart 16% (365/2161) regret=0.096925 ape=0.5484
[21:44:53] warmStart 16% (366/2161) regret=0.096925 ape=0.5484
[21:44:54] warmStart 16% (367/2161) regret=0.096925 ape=0.5484
[21:44:54] warmStart 17% (368/2161) regret=0.096925 ape=0.5484
[21:44:54] warmStart 17% (369/2161) regret=0.096925 ape=0.5484
[21:44:54] warmStart 17% (370/2161) regret=0.096925 ape=0.5484
[21:44:54] warmStart 17% (371/2161) regret=0.096925 ape=0.5484
[21:44:54] warmStart 17% (372/2161) regret=0.096925 ape=0.5484
[21:44:54] warmStart 17% (373/2161) regret=0.096925 ape=0.5484
[21:44:55] warmStart 17% (374/2161) regret=0.096925 ape=0.5484
[21:44:55] warmStart 17% (375/2161) regret=0.096925 ape=0.5484
[21:44:55] warmStart 17% (376/2161) regret=0.096925 ape=0.5484
[21:44:55] warmStart 17% (377/2161) regret=0.096925 ape=0.5484
[21:44:55] warmStart 17% (378/2161) regret=0.096925 ape=0.5484
[21:44:55] warmStart 17% (379/2161) regret=0.096925 ape=0.5484
[21:44:56] warmStart 17% (380/2161) regret=0.096925 ape=0.5484
[21:44:56] warmStart 17% (381/2161) regret=0.096925 ape=0.5484
[21:44:56] warmStart 17% (382/2161) regret=0.096925 ape=0.5484
[21:44:56] warmStart 17% (383/2161) regret=0.096925 ape=0.5484
[21:44:56] warmStart 17% (384/2161) regret=0.096925 ape=0.5484
[21:44:56] warmStart 17% (385/2161) regret=0.096925 ape=0.5484
[21:44:56] warmStart 17% (386/2161) regret=0.096925 ape=0.5484
[21:44:57] warmStart 17% (387/2161) regret=0.096925 ape=0.5484
[21:44:57] warmStart 17% (388/2161) regret=0.096925 ape=0.5484
[21:44:57] warmStart 18% (389/2161) regret=0.096925 ape=0.5484
[21:44:57] warmStart 18% (390/2161) regret=0.096925 ape=0.5484
[21:44:57] warmStart 18% (391/2161) regret=0.096925 ape=0.5484
[21:44:57] warmStart 18% (392/2161) regret=0.096925 ape=0.5484
[21:44:57] warmStart 18% (393/2161) regret=0.096925 ape=0.5484
[21:44:58] warmStart 18% (394/2161) regret=0.096907 ape=0.5484
[21:44:58] warmStart 18% (395/2161) regret=0.096907 ape=0.5484
[21:44:58] warmStart 18% (396/2161) regret=0.096907 ape=0.5484
[21:44:58] warmStart 18% (397/2161) regret=0.096916 ape=0.5484
[21:44:58] warmStart 18% (398/2161) regret=0.096833 ape=0.5484
[21:44:58] warmStart 18% (399/2161) regret=0.096833 ape=0.5484
[21:44:58] warmStart 18% (400/2161) regret=0.096741 ape=0.5484
[21:44:59] warmStart 18% (401/2161) regret=0.096833 ape=0.5484
[21:44:59] warmStart 18% (402/2161) regret=0.096833 ape=0.5484
[21:44:59] warmStart 18% (403/2161) regret=0.096833 ape=0.5484
[21:44:59] warmStart 18% (404/2161) regret=0.096833 ape=0.5484
[21:44:59] warmStart 18% (405/2161) regret=0.096833 ape=0.5484
[21:44:59] warmStart 18% (406/2161) regret=0.096824 ape=0.5484
[21:44:59] warmStart 18% (407/2161) regret=0.096833 ape=0.5484
[21:45:00] warmStart 18% (408/2161) regret=0.096833 ape=0.5484
[21:45:00] warmStart 18% (409/2161) regret=0.096935 ape=0.5484
[21:45:00] warmStart 18% (410/2161) regret=0.096833 ape=0.5484
[21:45:00] warmStart 19% (411/2161) regret=0.096833 ape=0.5484
[21:45:00] warmStart 19% (412/2161) regret=0.096833 ape=0.5484
[21:45:00] warmStart 19% (413/2161) regret=0.096833 ape=0.5484
[21:45:01] warmStart 19% (414/2161) regret=0.096833 ape=0.5484
[21:45:01] warmStart 19% (415/2161) regret=0.096833 ape=0.5484
[21:45:01] warmStart 19% (416/2161) regret=0.096833 ape=0.5484
[21:45:01] warmStart 19% (417/2161) regret=0.096833 ape=0.5484
[21:45:01] warmStart 19% (418/2161) regret=0.096833 ape=0.5484
[21:45:01] warmStart 19% (419/2161) regret=0.096833 ape=0.5484
[21:45:01] warmStart 19% (420/2161) regret=0.096833 ape=0.5484
[21:45:02] warmStart 19% (421/2161) regret=0.096833 ape=0.5484
[21:45:02] warmStart 19% (422/2161) regret=0.096833 ape=0.5484
[21:45:02] warmStart 19% (423/2161) regret=0.096833 ape=0.5484
[21:45:02] warmStart 19% (424/2161) regret=0.096833 ape=0.5484
[21:45:02] warmStart 19% (425/2161) regret=0.096833 ape=0.5484
[21:45:02] warmStart 19% (426/2161) regret=0.096833 ape=0.5484
[21:45:02] warmStart 19% (427/2161) regret=0.096833 ape=0.5484
[21:45:03] warmStart 19% (428/2161) regret=0.096879 ape=0.5484
[21:45:03] warmStart 19% (429/2161) regret=0.096879 ape=0.5484
[21:45:03] warmStart 19% (430/2161) regret=0.096879 ape=0.5484
[21:45:03] warmStart 19% (431/2161) regret=0.096879 ape=0.5484
[21:45:03] warmStart 19% (432/2161) regret=0.096879 ape=0.5484
[21:45:03] warmStart 20% (433/2161) regret=0.096879 ape=0.5484
[21:45:03] warmStart 20% (434/2161) regret=0.096879 ape=0.5484
[21:45:04] warmStart 20% (435/2161) regret=0.096879 ape=0.5484
[21:45:04] warmStart 20% (436/2161) regret=0.096879 ape=0.5484
[21:45:04] warmStart 20% (437/2161) regret=0.096879 ape=0.5484
[21:45:04] warmStart 20% (438/2161) regret=0.096879 ape=0.5484
[21:45:04] warmStart 20% (439/2161) regret=0.096879 ape=0.5484
[21:45:04] warmStart 20% (440/2161) regret=0.096879 ape=0.5484
[21:45:04] warmStart 20% (441/2161) regret=0.096877 ape=0.5484
[21:45:05] warmStart 20% (442/2161) regret=0.096879 ape=0.5484
[21:45:05] warmStart 20% (443/2161) regret=0.096879 ape=0.5484
[21:45:05] warmStart 20% (444/2161) regret=0.096879 ape=0.5484
[21:45:05] warmStart 20% (445/2161) regret=0.096879 ape=0.5484
[21:45:05] warmStart 20% (446/2161) regret=0.096879 ape=0.5484
[21:45:05] warmStart 20% (447/2161) regret=0.096879 ape=0.5484
[21:45:05] warmStart 20% (448/2161) regret=0.096879 ape=0.5484
[21:45:06] warmStart 20% (449/2161) regret=0.096879 ape=0.5484
[21:45:06] warmStart 20% (450/2161) regret=0.096879 ape=0.5484
[21:45:06] warmStart 20% (451/2161) regret=0.096879 ape=0.5484
[21:45:06] warmStart 20% (452/2161) regret=0.096879 ape=0.5484
[21:45:06] warmStart 20% (453/2161) regret=0.096879 ape=0.5484
[21:45:06] warmStart 21% (454/2161) regret=0.096879 ape=0.5484
[21:45:07] warmStart 21% (455/2161) regret=0.096879 ape=0.5484
[21:45:07] warmStart 21% (456/2161) regret=0.096879 ape=0.5484
[21:45:07] warmStart 21% (457/2161) regret=0.096879 ape=0.5484
[21:45:07] warmStart 21% (458/2161) regret=0.096879 ape=0.5484
[21:45:07] warmStart 21% (459/2161) regret=0.096879 ape=0.5484
[21:45:07] warmStart 21% (460/2161) regret=0.096879 ape=0.5484
[21:45:07] warmStart 21% (461/2161) regret=0.096879 ape=0.5484
[21:45:08] warmStart 21% (462/2161) regret=0.096879 ape=0.5484
[21:45:08] warmStart 21% (463/2161) regret=0.096879 ape=0.5484
[21:45:08] warmStart 21% (464/2161) regret=0.096879 ape=0.5484
[21:45:08] warmStart 21% (465/2161) regret=0.096879 ape=0.5484
[21:45:08] warmStart 21% (466/2161) regret=0.096879 ape=0.5484
[21:45:08] warmStart 21% (467/2161) regret=0.096879 ape=0.5484
[21:45:08] warmStart 21% (468/2161) regret=0.096879 ape=0.5484
[21:45:09] warmStart 21% (469/2161) regret=0.096879 ape=0.5484
[21:45:09] warmStart 21% (470/2161) regret=0.096879 ape=0.5484
[21:45:09] warmStart 21% (471/2161) regret=0.096877 ape=0.5484
[21:45:09] warmStart 21% (472/2161) regret=0.096879 ape=0.5484
[21:45:09] warmStart 21% (473/2161) regret=0.096879 ape=0.5484
[21:45:09] warmStart 21% (474/2161) regret=0.096879 ape=0.5484
[21:45:09] warmStart 21% (475/2161) regret=0.096861 ape=0.5484
[21:45:10] warmStart 22% (476/2161) regret=0.096879 ape=0.5484
[21:45:10] warmStart 22% (477/2161) regret=0.096879 ape=0.5484
[21:45:10] warmStart 22% (478/2161) regret=0.096879 ape=0.5484
[21:45:10] warmStart 22% (479/2161) regret=0.096879 ape=0.5484
[21:45:10] warmStart 22% (480/2161) regret=0.096879 ape=0.5484
[21:45:11] warmStart 22% (481/2161) regret=0.096879 ape=0.5484
[21:45:11] warmStart 22% (482/2161) regret=0.096879 ape=0.5484
[21:45:11] warmStart 22% (483/2161) regret=0.096879 ape=0.5484
[21:45:11] warmStart 22% (484/2161) regret=0.096879 ape=0.5484
[21:45:11] warmStart 22% (485/2161) regret=0.096879 ape=0.5484
[21:45:11] warmStart 22% (486/2161) regret=0.096870 ape=0.5484
[21:45:12] warmStart 22% (487/2161) regret=0.096575 ape=0.5475
[21:45:12] warmStart 22% (488/2161) regret=0.096879 ape=0.5484
[21:45:12] warmStart 22% (489/2161) regret=0.096879 ape=0.5484
[21:45:12] warmStart 22% (490/2161) regret=0.096879 ape=0.5484
[21:45:12] warmStart 22% (491/2161) regret=0.096879 ape=0.5484
[21:45:13] warmStart 22% (492/2161) regret=0.096888 ape=0.5484
[21:45:13] warmStart 22% (493/2161) regret=0.096888 ape=0.5484
[21:45:13] warmStart 22% (494/2161) regret=0.096888 ape=0.5484
[21:45:13] warmStart 22% (495/2161) regret=0.096888 ape=0.5484
[21:45:13] warmStart 22% (496/2161) regret=0.096888 ape=0.5484
[21:45:14] warmStart 22% (497/2161) regret=0.096888 ape=0.5484
[21:45:14] warmStart 23% (498/2161) regret=0.096888 ape=0.5484
[21:45:14] warmStart 23% (499/2161) regret=0.096888 ape=0.5484
[21:45:14] warmStart 23% (500/2161) regret=0.096888 ape=0.5484
[21:45:14] warmStart 23% (501/2161) regret=0.096888 ape=0.5484
[21:45:14] warmStart 23% (502/2161) regret=0.096888 ape=0.5484
[21:45:15] warmStart 23% (503/2161) regret=0.096888 ape=0.5484
[21:45:15] warmStart 23% (504/2161) regret=0.096898 ape=0.5484
[21:45:15] warmStart 23% (505/2161) regret=0.096888 ape=0.5484
[21:45:15] warmStart 23% (506/2161) regret=0.096888 ape=0.5484
[21:45:15] warmStart 23% (507/2161) regret=0.096888 ape=0.5484
[21:45:16] warmStart 23% (508/2161) regret=0.096888 ape=0.5484
[21:45:16] warmStart 23% (509/2161) regret=0.096888 ape=0.5484
[21:45:16] warmStart 23% (510/2161) regret=0.096888 ape=0.5484
[21:45:16] warmStart 23% (511/2161) regret=0.096945 ape=0.5493
[21:45:16] warmStart 23% (512/2161) regret=0.096525 ape=0.5484
[21:45:17] warmStart 23% (513/2161) regret=0.096525 ape=0.5484
[21:45:17] warmStart 23% (514/2161) regret=0.096525 ape=0.5484
[21:45:17] warmStart 23% (515/2161) regret=0.096525 ape=0.5484
[21:45:17] warmStart 23% (516/2161) regret=0.096525 ape=0.5484
[21:45:17] warmStart 23% (517/2161) regret=0.096525 ape=0.5484
[21:45:17] warmStart 23% (518/2161) regret=0.096525 ape=0.5484
[21:45:18] warmStart 24% (519/2161) regret=0.096525 ape=0.5484
[21:45:18] warmStart 24% (520/2161) regret=0.096516 ape=0.5484
[21:45:18] warmStart 24% (521/2161) regret=0.096525 ape=0.5484
[21:45:18] warmStart 24% (522/2161) regret=0.096525 ape=0.5484
[21:45:18] warmStart 24% (523/2161) regret=0.096525 ape=0.5484
[21:45:19] warmStart 24% (524/2161) regret=0.096525 ape=0.5484
[21:45:19] warmStart 24% (525/2161) regret=0.096525 ape=0.5484
[21:45:19] warmStart 24% (526/2161) regret=0.096525 ape=0.5484
[21:45:19] warmStart 24% (527/2161) regret=0.096525 ape=0.5484
[21:45:19] warmStart 24% (528/2161) regret=0.096525 ape=0.5484
[21:45:20] warmStart 24% (529/2161) regret=0.096525 ape=0.5484
[21:45:20] warmStart 24% (530/2161) regret=0.096525 ape=0.5484
[21:45:20] warmStart 24% (531/2161) regret=0.096525 ape=0.5484
[21:45:20] warmStart 24% (532/2161) regret=0.096525 ape=0.5484
[21:45:20] warmStart 24% (533/2161) regret=0.096525 ape=0.5484
[21:45:20] warmStart 24% (534/2161) regret=0.096544 ape=0.5484
[21:45:21] warmStart 24% (535/2161) regret=0.096525 ape=0.5484
[21:45:21] warmStart 24% (536/2161) regret=0.096525 ape=0.5484
[21:45:21] warmStart 24% (537/2161) regret=0.096525 ape=0.5484
[21:45:21] warmStart 24% (538/2161) regret=0.096516 ape=0.5475
[21:45:21] warmStart 24% (539/2161) regret=0.096516 ape=0.5475
[21:45:22] warmStart 24% (540/2161) regret=0.096516 ape=0.5475
[21:45:22] warmStart 25% (541/2161) regret=0.096507 ape=0.5475
[21:45:22] warmStart 25% (542/2161) regret=0.096507 ape=0.5475
[21:45:22] warmStart 25% (543/2161) regret=0.096507 ape=0.5475
[21:45:22] warmStart 25% (544/2161) regret=0.096507 ape=0.5475
[21:45:23] warmStart 25% (545/2161) regret=0.096507 ape=0.5475
[21:45:23] warmStart 25% (546/2161) regret=0.096507 ape=0.5475
[21:45:23] warmStart 25% (547/2161) regret=0.096507 ape=0.5475
[21:45:23] warmStart 25% (548/2161) regret=0.096507 ape=0.5475
[21:45:23] warmStart 25% (549/2161) regret=0.096498 ape=0.5475
[21:45:23] warmStart 25% (550/2161) regret=0.096507 ape=0.5475
[21:45:24] warmStart 25% (551/2161) regret=0.096719 ape=0.5475
[21:45:24] warmStart 25% (552/2161) regret=0.096507 ape=0.5475
[21:45:24] warmStart 25% (553/2161) regret=0.096507 ape=0.5475
[21:45:24] warmStart 25% (554/2161) regret=0.096507 ape=0.5475
[21:45:24] warmStart 25% (555/2161) regret=0.096507 ape=0.5475
[21:45:25] warmStart 25% (556/2161) regret=0.096507 ape=0.5475
[21:45:25] warmStart 25% (557/2161) regret=0.096507 ape=0.5475
[21:45:25] warmStart 25% (558/2161) regret=0.096507 ape=0.5475
[21:45:25] warmStart 25% (559/2161) regret=0.096507 ape=0.5475
[21:45:25] warmStart 25% (560/2161) regret=0.096507 ape=0.5475
[21:45:25] warmStart 25% (561/2161) regret=0.096507 ape=0.5475
[21:45:26] warmStart 26% (562/2161) regret=0.096507 ape=0.5475
[21:45:26] warmStart 26% (563/2161) regret=0.096507 ape=0.5475
[21:45:26] warmStart 26% (564/2161) regret=0.096507 ape=0.5475
[21:45:26] warmStart 26% (565/2161) regret=0.096507 ape=0.5475
[21:45:26] warmStart 26% (566/2161) regret=0.096507 ape=0.5475
[21:45:27] warmStart 26% (567/2161) regret=0.096507 ape=0.5475
[21:45:27] warmStart 26% (568/2161) regret=0.096507 ape=0.5475
[21:45:27] warmStart 26% (569/2161) regret=0.096507 ape=0.5475
[21:45:27] warmStart 26% (570/2161) regret=0.096507 ape=0.5475
[21:45:27] warmStart 26% (571/2161) regret=0.096507 ape=0.5475
[21:45:28] warmStart 26% (572/2161) regret=0.096507 ape=0.5475
[21:45:28] warmStart 26% (573/2161) regret=0.096507 ape=0.5475
[21:45:28] warmStart 26% (574/2161) regret=0.096507 ape=0.5475
[21:45:28] warmStart 26% (575/2161) regret=0.096507 ape=0.5475
[21:45:28] warmStart 26% (576/2161) regret=0.096507 ape=0.5475
[21:45:28] warmStart 26% (577/2161) regret=0.096507 ape=0.5475
[21:45:29] warmStart 26% (578/2161) regret=0.096507 ape=0.5475
[21:45:29] warmStart 26% (579/2161) regret=0.096405 ape=0.5475
[21:45:29] warmStart 26% (580/2161) regret=0.096507 ape=0.5475
[21:45:29] warmStart 26% (581/2161) regret=0.096507 ape=0.5475
[21:45:29] warmStart 26% (582/2161) regret=0.096507 ape=0.5475
[21:45:30] warmStart 26% (583/2161) regret=0.096507 ape=0.5475
[21:45:30] warmStart 27% (584/2161) regret=0.096451 ape=0.5475
[21:45:30] warmStart 27% (585/2161) regret=0.096507 ape=0.5475
[21:45:30] warmStart 27% (586/2161) regret=0.096507 ape=0.5475
[21:45:30] warmStart 27% (587/2161) regret=0.096507 ape=0.5475
[21:45:31] warmStart 27% (588/2161) regret=0.096507 ape=0.5475
[21:45:31] warmStart 27% (589/2161) regret=0.096507 ape=0.5475
[21:45:31] warmStart 27% (590/2161) regret=0.096507 ape=0.5475
[21:45:31] warmStart 27% (591/2161) regret=0.096507 ape=0.5475
[21:45:31] warmStart 27% (592/2161) regret=0.096507 ape=0.5475
[21:45:31] warmStart 27% (593/2161) regret=0.096507 ape=0.5475
[21:45:32] warmStart 27% (594/2161) regret=0.096507 ape=0.5475
[21:45:32] warmStart 27% (595/2161) regret=0.096507 ape=0.5475
[21:45:32] warmStart 27% (596/2161) regret=0.096507 ape=0.5475
[21:45:32] warmStart 27% (597/2161) regret=0.096488 ape=0.5475
[21:45:32] warmStart 27% (598/2161) regret=0.096488 ape=0.5475
[21:45:33] warmStart 27% (599/2161) regret=0.096488 ape=0.5475
[21:45:33] warmStart 27% (600/2161) regret=0.096488 ape=0.5475
[21:45:33] warmStart 27% (601/2161) regret=0.096488 ape=0.5475
[21:45:33] warmStart 27% (602/2161) regret=0.096488 ape=0.5475
[21:45:33] warmStart 27% (603/2161) regret=0.096488 ape=0.5475
[21:45:34] warmStart 27% (604/2161) regret=0.096488 ape=0.5475
[21:45:34] warmStart 27% (605/2161) regret=0.096488 ape=0.5475
[21:45:34] warmStart 28% (606/2161) regret=0.096488 ape=0.5475
[21:45:34] warmStart 28% (607/2161) regret=0.096488 ape=0.5475
[21:45:34] warmStart 28% (608/2161) regret=0.096488 ape=0.5475
[21:45:34] warmStart 28% (609/2161) regret=0.096488 ape=0.5475
[21:45:35] warmStart 28% (610/2161) regret=0.096488 ape=0.5475
[21:45:35] warmStart 28% (611/2161) regret=0.096488 ape=0.5475
[21:45:35] warmStart 28% (612/2161) regret=0.096488 ape=0.5475
[21:45:35] warmStart 28% (613/2161) regret=0.096488 ape=0.5475
[21:45:35] warmStart 28% (614/2161) regret=0.096488 ape=0.5475
[21:45:36] warmStart 28% (615/2161) regret=0.096488 ape=0.5475
[21:45:36] warmStart 28% (616/2161) regret=0.096488 ape=0.5475
[21:45:36] warmStart 28% (617/2161) regret=0.096488 ape=0.5475
[21:45:36] warmStart 28% (618/2161) regret=0.096488 ape=0.5475
[21:45:36] warmStart 28% (619/2161) regret=0.096488 ape=0.5475
[21:45:36] warmStart 28% (620/2161) regret=0.096488 ape=0.5475
[21:45:37] warmStart 28% (621/2161) regret=0.096488 ape=0.5475
[21:45:37] warmStart 28% (622/2161) regret=0.096488 ape=0.5475
[21:45:37] warmStart 28% (623/2161) regret=0.096488 ape=0.5475
[21:45:37] warmStart 28% (624/2161) regret=0.096518 ape=0.5484
[21:45:37] warmStart 28% (625/2161) regret=0.096518 ape=0.5484
[21:45:38] warmStart 28% (626/2161) regret=0.096518 ape=0.5484
[21:45:38] warmStart 29% (627/2161) regret=0.096518 ape=0.5484
[21:45:38] warmStart 29% (628/2161) regret=0.096518 ape=0.5484
[21:45:38] warmStart 29% (629/2161) regret=0.096518 ape=0.5484
[21:45:38] warmStart 29% (630/2161) regret=0.096518 ape=0.5484
[21:45:38] warmStart 29% (631/2161) regret=0.096518 ape=0.5484
[21:45:39] warmStart 29% (632/2161) regret=0.096518 ape=0.5484
[21:45:39] warmStart 29% (633/2161) regret=0.096518 ape=0.5484
[21:45:39] warmStart 29% (634/2161) regret=0.096518 ape=0.5484
[21:45:39] warmStart 29% (635/2161) regret=0.096518 ape=0.5484
[21:45:39] warmStart 29% (636/2161) regret=0.096518 ape=0.5484
[21:45:40] warmStart 29% (637/2161) regret=0.096518 ape=0.5484
[21:45:40] warmStart 29% (638/2161) regret=0.096518 ape=0.5484
[21:45:40] warmStart 29% (639/2161) regret=0.096518 ape=0.5484
[21:45:40] warmStart 29% (640/2161) regret=0.096516 ape=0.5484
[21:45:40] warmStart 29% (641/2161) regret=0.096518 ape=0.5484
[21:45:41] warmStart 29% (642/2161) regret=0.096518 ape=0.5484
[21:45:41] warmStart 29% (643/2161) regret=0.096518 ape=0.5484
[21:45:41] warmStart 29% (644/2161) regret=0.096518 ape=0.5484
[21:45:41] warmStart 29% (645/2161) regret=0.096518 ape=0.5484
[21:45:41] warmStart 29% (646/2161) regret=0.096518 ape=0.5484
[21:45:42] warmStart 29% (647/2161) regret=0.096518 ape=0.5484
[21:45:42] warmStart 29% (648/2161) regret=0.096518 ape=0.5484
[21:45:42] warmStart 30% (649/2161) regret=0.096518 ape=0.5484
[21:45:42] warmStart 30% (650/2161) regret=0.096518 ape=0.5484
[21:45:42] warmStart 30% (651/2161) regret=0.096518 ape=0.5484
[21:45:42] warmStart 30% (652/2161) regret=0.096518 ape=0.5484
[21:45:43] warmStart 30% (653/2161) regret=0.096518 ape=0.5484
[21:45:43] warmStart 30% (654/2161) regret=0.096518 ape=0.5484
[21:45:43] warmStart 30% (655/2161) regret=0.096518 ape=0.5484
[21:45:43] warmStart 30% (656/2161) regret=0.096518 ape=0.5484
[21:45:43] warmStart 30% (657/2161) regret=0.096518 ape=0.5484
[21:45:44] warmStart 30% (658/2161) regret=0.096518 ape=0.5484
[21:45:44] warmStart 30% (659/2161) regret=0.096518 ape=0.5484
[21:45:44] warmStart 30% (660/2161) regret=0.096518 ape=0.5484
[21:45:44] warmStart 30% (661/2161) regret=0.096518 ape=0.5484
[21:45:44] warmStart 30% (662/2161) regret=0.096518 ape=0.5484
[21:45:44] warmStart 30% (663/2161) regret=0.096518 ape=0.5484
[21:45:45] warmStart 30% (664/2161) regret=0.096518 ape=0.5484
[21:45:45] warmStart 30% (665/2161) regret=0.096518 ape=0.5484
[21:45:45] warmStart 30% (666/2161) regret=0.096518 ape=0.5484
[21:45:45] warmStart 30% (667/2161) regret=0.096518 ape=0.5484
[21:45:45] warmStart 30% (668/2161) regret=0.096518 ape=0.5484
[21:45:46] warmStart 30% (669/2161) regret=0.096518 ape=0.5484
[21:45:46] warmStart 31% (670/2161) regret=0.096518 ape=0.5484
[21:45:46] warmStart 31% (671/2161) regret=0.096518 ape=0.5484
[21:45:46] warmStart 31% (672/2161) regret=0.096518 ape=0.5484
[21:45:46] warmStart 31% (673/2161) regret=0.096518 ape=0.5484
[21:45:47] warmStart 31% (674/2161) regret=0.096518 ape=0.5484
[21:45:47] warmStart 31% (675/2161) regret=0.096518 ape=0.5484
[21:45:47] warmStart 31% (676/2161) regret=0.096426 ape=0.5475
[21:45:47] warmStart 31% (677/2161) regret=0.096518 ape=0.5484
[21:45:47] warmStart 31% (678/2161) regret=0.096518 ape=0.5484
[21:45:48] warmStart 31% (679/2161) regret=0.096426 ape=0.5475
[21:45:48] warmStart 31% (680/2161) regret=0.096518 ape=0.5484
[21:45:48] warmStart 31% (681/2161) regret=0.096518 ape=0.5484
[21:45:48] warmStart 31% (682/2161) regret=0.096518 ape=0.5484
[21:45:48] warmStart 31% (683/2161) regret=0.096518 ape=0.5484
[21:45:48] warmStart 31% (684/2161) regret=0.096518 ape=0.5484
[21:45:49] warmStart 31% (685/2161) regret=0.096426 ape=0.5475
[21:45:49] warmStart 31% (686/2161) regret=0.096518 ape=0.5484
[21:45:49] warmStart 31% (687/2161) regret=0.096518 ape=0.5484
[21:45:49] warmStart 31% (688/2161) regret=0.096518 ape=0.5484
[21:45:49] warmStart 31% (689/2161) regret=0.096518 ape=0.5484
[21:45:49] warmStart 31% (690/2161) regret=0.096518 ape=0.5484
[21:45:49] warmStart 31% (691/2161) regret=0.096518 ape=0.5484
[21:45:50] warmStart 32% (692/2161) regret=0.096518 ape=0.5484
[21:45:50] warmStart 32% (693/2161) regret=0.096518 ape=0.5484
[21:45:50] warmStart 32% (694/2161) regret=0.096518 ape=0.5484
[21:45:50] warmStart 32% (695/2161) regret=0.096518 ape=0.5484
[21:45:50] warmStart 32% (696/2161) regret=0.096518 ape=0.5484
[21:45:50] warmStart 32% (697/2161) regret=0.096518 ape=0.5484
[21:45:50] warmStart 32% (698/2161) regret=0.096518 ape=0.5484
[21:45:51] warmStart 32% (699/2161) regret=0.096518 ape=0.5484
[21:45:51] warmStart 32% (700/2161) regret=0.096426 ape=0.5475
[21:45:51] warmStart 32% (701/2161) regret=0.096426 ape=0.5475
[21:45:51] warmStart 32% (702/2161) regret=0.096426 ape=0.5475
[21:45:51] warmStart 32% (703/2161) regret=0.096426 ape=0.5475
[21:45:51] warmStart 32% (704/2161) regret=0.096426 ape=0.5475
[21:45:52] warmStart 32% (705/2161) regret=0.096426 ape=0.5475
[21:45:52] warmStart 32% (706/2161) regret=0.096426 ape=0.5475
[21:45:52] warmStart 32% (707/2161) regret=0.096426 ape=0.5475
[21:45:52] warmStart 32% (708/2161) regret=0.096426 ape=0.5475
[21:45:52] warmStart 32% (709/2161) regret=0.096426 ape=0.5475
[21:45:52] warmStart 32% (710/2161) regret=0.096426 ape=0.5475
[21:45:52] warmStart 32% (711/2161) regret=0.096426 ape=0.5475
[21:45:53] warmStart 32% (712/2161) regret=0.096426 ape=0.5475
[21:45:53] warmStart 32% (713/2161) regret=0.096426 ape=0.5475
[21:45:53] warmStart 33% (714/2161) regret=0.096426 ape=0.5475
[21:45:53] warmStart 33% (715/2161) regret=0.096426 ape=0.5475
[21:45:53] warmStart 33% (716/2161) regret=0.096426 ape=0.5475
[21:45:53] warmStart 33% (717/2161) regret=0.096426 ape=0.5475
[21:45:53] warmStart 33% (718/2161) regret=0.096426 ape=0.5475
[21:45:54] warmStart 33% (719/2161) regret=0.096426 ape=0.5475
[21:45:54] warmStart 33% (720/2161) regret=0.096426 ape=0.5475
[21:45:54] warmStart 33% (721/2161) regret=0.096426 ape=0.5475
[21:45:54] warmStart 33% (722/2161) regret=0.096587 ape=0.5475
[21:45:54] warmStart 33% (723/2161) regret=0.096587 ape=0.5475
[21:45:54] warmStart 33% (724/2161) regret=0.096643 ape=0.5475
[21:45:55] warmStart 33% (725/2161) regret=0.096643 ape=0.5475
[21:45:55] warmStart 33% (726/2161) regret=0.096643 ape=0.5475
[21:45:55] warmStart 33% (727/2161) regret=0.096629 ape=0.5475
[21:45:55] warmStart 33% (728/2161) regret=0.096643 ape=0.5475
[21:45:55] warmStart 33% (729/2161) regret=0.096643 ape=0.5475
[21:45:55] warmStart 33% (730/2161) regret=0.096643 ape=0.5475
[21:45:55] warmStart 33% (731/2161) regret=0.096481 ape=0.5475
[21:45:56] warmStart 33% (732/2161) regret=0.096481 ape=0.5475
[21:45:56] warmStart 33% (733/2161) regret=0.096481 ape=0.5475
[21:45:56] warmStart 33% (734/2161) regret=0.096479 ape=0.5475
[21:45:56] warmStart 34% (735/2161) regret=0.096412 ape=0.5475
[21:45:56] warmStart 34% (736/2161) regret=0.096481 ape=0.5475
[21:45:56] warmStart 34% (737/2161) regret=0.096574 ape=0.5484
[21:45:56] warmStart 34% (738/2161) regret=0.096574 ape=0.5484
[21:45:57] warmStart 34% (739/2161) regret=0.096574 ape=0.5484
[21:45:57] warmStart 34% (740/2161) regret=0.096574 ape=0.5484
[21:45:57] warmStart 34% (741/2161) regret=0.096574 ape=0.5484
[21:45:57] warmStart 34% (742/2161) regret=0.096574 ape=0.5484
[21:45:57] warmStart 34% (743/2161) regret=0.096574 ape=0.5484
[21:45:57] warmStart 34% (744/2161) regret=0.096574 ape=0.5484
[21:45:57] warmStart 34% (745/2161) regret=0.096574 ape=0.5484
[21:45:58] warmStart 34% (746/2161) regret=0.096574 ape=0.5484
[21:45:58] warmStart 34% (747/2161) regret=0.096753 ape=0.5484
[21:45:58] warmStart 34% (748/2161) regret=0.096560 ape=0.5484
[21:45:58] warmStart 34% (749/2161) regret=0.096574 ape=0.5484
[21:45:58] warmStart 34% (750/2161) regret=0.096574 ape=0.5484
[21:45:58] warmStart 34% (751/2161) regret=0.096574 ape=0.5484
[21:45:59] warmStart 34% (752/2161) regret=0.096574 ape=0.5484
[21:45:59] warmStart 34% (753/2161) regret=0.096574 ape=0.5484
[21:45:59] warmStart 34% (754/2161) regret=0.096574 ape=0.5484
[21:45:59] warmStart 34% (755/2161) regret=0.096574 ape=0.5484
[21:45:59] warmStart 34% (756/2161) regret=0.096574 ape=0.5484
[21:45:59] warmStart 35% (757/2161) regret=0.096574 ape=0.5484
[21:45:59] warmStart 35% (758/2161) regret=0.096574 ape=0.5484
[21:46:00] warmStart 35% (759/2161) regret=0.096574 ape=0.5484
[21:46:00] warmStart 35% (760/2161) regret=0.096574 ape=0.5484
[21:46:00] warmStart 35% (761/2161) regret=0.096574 ape=0.5484
[21:46:00] warmStart 35% (762/2161) regret=0.096574 ape=0.5484
[21:46:00] warmStart 35% (763/2161) regret=0.096574 ape=0.5484
[21:46:00] warmStart 35% (764/2161) regret=0.096574 ape=0.5484
[21:46:00] warmStart 35% (765/2161) regret=0.096574 ape=0.5484
[21:46:01] warmStart 35% (766/2161) regret=0.096574 ape=0.5484
[21:46:01] warmStart 35% (767/2161) regret=0.096574 ape=0.5484
[21:46:01] warmStart 35% (768/2161) regret=0.096574 ape=0.5484
[21:46:01] warmStart 35% (769/2161) regret=0.096574 ape=0.5484
[21:46:01] warmStart 35% (770/2161) regret=0.096560 ape=0.5484
[21:46:01] warmStart 35% (771/2161) regret=0.096574 ape=0.5484
[21:46:01] warmStart 35% (772/2161) regret=0.096574 ape=0.5484
[21:46:02] warmStart 35% (773/2161) regret=0.096574 ape=0.5484
[21:46:02] warmStart 35% (774/2161) regret=0.096574 ape=0.5484
[21:46:02] warmStart 35% (775/2161) regret=0.096574 ape=0.5484
[21:46:02] warmStart 35% (776/2161) regret=0.096583 ape=0.5484
[21:46:02] warmStart 35% (777/2161) regret=0.096574 ape=0.5484
[21:46:02] warmStart 36% (778/2161) regret=0.096574 ape=0.5484
[21:46:03] warmStart 36% (779/2161) regret=0.096574 ape=0.5484
[21:46:03] warmStart 36% (780/2161) regret=0.096574 ape=0.5484
[21:46:03] warmStart 36% (781/2161) regret=0.096574 ape=0.5484
[21:46:03] warmStart 36% (782/2161) regret=0.096574 ape=0.5484
[21:46:03] warmStart 36% (783/2161) regret=0.096574 ape=0.5484
[21:46:03] warmStart 36% (784/2161) regret=0.096574 ape=0.5484
[21:46:03] warmStart 36% (785/2161) regret=0.096574 ape=0.5484
[21:46:04] warmStart 36% (786/2161) regret=0.096574 ape=0.5484
[21:46:04] warmStart 36% (787/2161) regret=0.096574 ape=0.5484
[21:46:04] warmStart 36% (788/2161) regret=0.096574 ape=0.5484
[21:46:04] warmStart 36% (789/2161) regret=0.096574 ape=0.5484
[21:46:04] warmStart 36% (790/2161) regret=0.096574 ape=0.5484
[21:46:04] warmStart 36% (791/2161) regret=0.096574 ape=0.5484
[21:46:04] warmStart 36% (792/2161) regret=0.096592 ape=0.5484
[21:46:05] warmStart 36% (793/2161) regret=0.096574 ape=0.5484
[21:46:05] warmStart 36% (794/2161) regret=0.096574 ape=0.5484
[21:46:05] warmStart 36% (795/2161) regret=0.096574 ape=0.5484
[21:46:05] warmStart 36% (796/2161) regret=0.096574 ape=0.5484
[21:46:05] warmStart 36% (797/2161) regret=0.096574 ape=0.5484
[21:46:05] warmStart 36% (798/2161) regret=0.096574 ape=0.5484
[21:46:06] warmStart 36% (799/2161) regret=0.096574 ape=0.5484
[21:46:06] warmStart 37% (800/2161) regret=0.096574 ape=0.5484
[21:46:06] warmStart 37% (801/2161) regret=0.096574 ape=0.5484
[21:46:06] warmStart 37% (802/2161) regret=0.096574 ape=0.5484
[21:46:06] warmStart 37% (803/2161) regret=0.096574 ape=0.5484
[21:46:06] warmStart 37% (804/2161) regret=0.096574 ape=0.5484
[21:46:06] warmStart 37% (805/2161) regret=0.096574 ape=0.5484
[21:46:07] warmStart 37% (806/2161) regret=0.096574 ape=0.5484
[21:46:07] warmStart 37% (807/2161) regret=0.096574 ape=0.5484
[21:46:07] warmStart 37% (808/2161) regret=0.096518 ape=0.5475
[21:46:07] warmStart 37% (809/2161) regret=0.096518 ape=0.5475
[21:46:07] warmStart 37% (810/2161) regret=0.096518 ape=0.5475
[21:46:08] warmStart 37% (811/2161) regret=0.096518 ape=0.5475
[21:46:08] warmStart 37% (812/2161) regret=0.096426 ape=0.5465
[21:46:08] warmStart 37% (813/2161) regret=0.096426 ape=0.5465
[21:46:08] warmStart 37% (814/2161) regret=0.096426 ape=0.5465
[21:46:08] warmStart 37% (815/2161) regret=0.096426 ape=0.5465
[21:46:08] warmStart 37% (816/2161) regret=0.096426 ape=0.5465
[21:46:09] warmStart 37% (817/2161) regret=0.096426 ape=0.5465
[21:46:09] warmStart 37% (818/2161) regret=0.096426 ape=0.5465
[21:46:09] warmStart 37% (819/2161) regret=0.096518 ape=0.5475
[21:46:09] warmStart 37% (820/2161) regret=0.096518 ape=0.5475
[21:46:09] warmStart 37% (821/2161) regret=0.096426 ape=0.5475
[21:46:09] warmStart 38% (822/2161) regret=0.096518 ape=0.5475
[21:46:10] warmStart 38% (823/2161) regret=0.096518 ape=0.5475
[21:46:10] warmStart 38% (824/2161) regret=0.096518 ape=0.5475
[21:46:10] warmStart 38% (825/2161) regret=0.096518 ape=0.5475
[21:46:10] warmStart 38% (826/2161) regret=0.096518 ape=0.5475
[21:46:10] warmStart 38% (827/2161) regret=0.096518 ape=0.5475
[21:46:10] warmStart 38% (828/2161) regret=0.096518 ape=0.5475
[21:46:11] warmStart 38% (829/2161) regret=0.096518 ape=0.5475
[21:46:11] warmStart 38% (830/2161) regret=0.096518 ape=0.5475
[21:46:11] warmStart 38% (831/2161) regret=0.096518 ape=0.5475
[21:46:11] warmStart 38% (832/2161) regret=0.096518 ape=0.5475
[21:46:11] warmStart 38% (833/2161) regret=0.096518 ape=0.5475
[21:46:11] warmStart 38% (834/2161) regret=0.096518 ape=0.5475
[21:46:12] warmStart 38% (835/2161) regret=0.096518 ape=0.5475
[21:46:12] warmStart 38% (836/2161) regret=0.096518 ape=0.5475
[21:46:12] warmStart 38% (837/2161) regret=0.096518 ape=0.5475
[21:46:12] warmStart 38% (838/2161) regret=0.096518 ape=0.5475
[21:46:12] warmStart 38% (839/2161) regret=0.096518 ape=0.5475
[21:46:12] warmStart 38% (840/2161) regret=0.096518 ape=0.5475
[21:46:13] warmStart 38% (841/2161) regret=0.096518 ape=0.5475
[21:46:13] warmStart 38% (842/2161) regret=0.096518 ape=0.5475
[21:46:13] warmStart 39% (843/2161) regret=0.096518 ape=0.5475
[21:46:13] warmStart 39% (844/2161) regret=0.096518 ape=0.5475
[21:46:13] warmStart 39% (845/2161) regret=0.096518 ape=0.5475
[21:46:13] warmStart 39% (846/2161) regret=0.096509 ape=0.5475
[21:46:14] warmStart 39% (847/2161) regret=0.096518 ape=0.5475
[21:46:14] warmStart 39% (848/2161) regret=0.096518 ape=0.5475
[21:46:14] warmStart 39% (849/2161) regret=0.096518 ape=0.5475
[21:46:14] warmStart 39% (850/2161) regret=0.096518 ape=0.5475
[21:46:14] warmStart 39% (851/2161) regret=0.096518 ape=0.5475
[21:46:15] warmStart 39% (852/2161) regret=0.096518 ape=0.5475
[21:46:15] warmStart 39% (853/2161) regret=0.096518 ape=0.5475
[21:46:15] warmStart 39% (854/2161) regret=0.096518 ape=0.5475
[21:46:15] warmStart 39% (855/2161) regret=0.096518 ape=0.5475
[21:46:15] warmStart 39% (856/2161) regret=0.096518 ape=0.5475
[21:46:15] warmStart 39% (857/2161) regret=0.096518 ape=0.5475
[21:46:16] warmStart 39% (858/2161) regret=0.096518 ape=0.5475
[21:46:16] warmStart 39% (859/2161) regret=0.096518 ape=0.5475
[21:46:16] warmStart 39% (860/2161) regret=0.096518 ape=0.5475
[21:46:16] warmStart 39% (861/2161) regret=0.096518 ape=0.5475
[21:46:16] warmStart 39% (862/2161) regret=0.096518 ape=0.5475
[21:46:16] warmStart 39% (863/2161) regret=0.096518 ape=0.5475
[21:46:17] warmStart 39% (864/2161) regret=0.096518 ape=0.5475
[21:46:17] warmStart 40% (865/2161) regret=0.096518 ape=0.5475
[21:46:17] warmStart 40% (866/2161) regret=0.096518 ape=0.5475
[21:46:17] warmStart 40% (867/2161) regret=0.096518 ape=0.5475
[21:46:17] warmStart 40% (868/2161) regret=0.096518 ape=0.5475
[21:46:17] warmStart 40% (869/2161) regret=0.096518 ape=0.5475
[21:46:18] warmStart 40% (870/2161) regret=0.096518 ape=0.5475
[21:46:18] warmStart 40% (871/2161) regret=0.096518 ape=0.5475
[21:46:18] warmStart 40% (872/2161) regret=0.096518 ape=0.5475
[21:46:18] warmStart 40% (873/2161) regret=0.096518 ape=0.5475
[21:46:18] warmStart 40% (874/2161) regret=0.096518 ape=0.5475
[21:46:18] warmStart 40% (875/2161) regret=0.096518 ape=0.5475
[21:46:19] warmStart 40% (876/2161) regret=0.096518 ape=0.5475
[21:46:19] warmStart 40% (877/2161) regret=0.096518 ape=0.5475
[21:46:19] warmStart 40% (878/2161) regret=0.096518 ape=0.5475
[21:46:19] warmStart 40% (879/2161) regret=0.096518 ape=0.5475
[21:46:19] warmStart 40% (880/2161) regret=0.096518 ape=0.5475
[21:46:19] warmStart 40% (881/2161) regret=0.096518 ape=0.5475
[21:46:20] warmStart 40% (882/2161) regret=0.096518 ape=0.5475
[21:46:20] warmStart 40% (883/2161) regret=0.096518 ape=0.5475
[21:46:20] warmStart 40% (884/2161) regret=0.096518 ape=0.5475
[21:46:20] warmStart 40% (885/2161) regret=0.096518 ape=0.5475
[21:46:20] warmStart 40% (886/2161) regret=0.096518 ape=0.5475
[21:46:21] warmStart 41% (887/2161) regret=0.096518 ape=0.5475
[21:46:21] warmStart 41% (888/2161) regret=0.096518 ape=0.5475
[21:46:21] warmStart 41% (889/2161) regret=0.096518 ape=0.5475
[21:46:21] warmStart 41% (890/2161) regret=0.096518 ape=0.5475
[21:46:21] warmStart 41% (891/2161) regret=0.096523 ape=0.5475
[21:46:21] warmStart 41% (892/2161) regret=0.096426 ape=0.5465
[21:46:22] warmStart 41% (893/2161) regret=0.096426 ape=0.5465
[21:46:22] warmStart 41% (894/2161) regret=0.096426 ape=0.5465
[21:46:22] warmStart 41% (895/2161) regret=0.096426 ape=0.5465
[21:46:22] warmStart 41% (896/2161) regret=0.096426 ape=0.5465
[21:46:22] warmStart 41% (897/2161) regret=0.096426 ape=0.5465
[21:46:22] warmStart 41% (898/2161) regret=0.096426 ape=0.5465
[21:46:23] warmStart 41% (899/2161) regret=0.096426 ape=0.5465
[21:46:23] warmStart 41% (900/2161) regret=0.096426 ape=0.5465
[21:46:23] warmStart 41% (901/2161) regret=0.096426 ape=0.5465
[21:46:23] warmStart 41% (902/2161) regret=0.096426 ape=0.5465
[21:46:23] warmStart 41% (903/2161) regret=0.096426 ape=0.5465
[21:46:23] warmStart 41% (904/2161) regret=0.096426 ape=0.5465
[21:46:24] warmStart 41% (905/2161) regret=0.096426 ape=0.5465
[21:46:24] warmStart 41% (906/2161) regret=0.096426 ape=0.5465
[21:46:24] warmStart 41% (907/2161) regret=0.096426 ape=0.5465
[21:46:24] warmStart 42% (908/2161) regret=0.096426 ape=0.5465
[21:46:24] warmStart 42% (909/2161) regret=0.096426 ape=0.5465
[21:46:24] warmStart 42% (910/2161) regret=0.096426 ape=0.5465
[21:46:25] warmStart 42% (911/2161) regret=0.096426 ape=0.5465
[21:46:25] warmStart 42% (912/2161) regret=0.096426 ape=0.5465
[21:46:25] warmStart 42% (913/2161) regret=0.096426 ape=0.5465
[21:46:25] warmStart 42% (914/2161) regret=0.096426 ape=0.5465
[21:46:25] warmStart 42% (915/2161) regret=0.096426 ape=0.5465
[21:46:25] warmStart 42% (916/2161) regret=0.096426 ape=0.5465
[21:46:26] warmStart 42% (917/2161) regret=0.096426 ape=0.5465
[21:46:26] warmStart 42% (918/2161) regret=0.096426 ape=0.5465
[21:46:26] warmStart 42% (919/2161) regret=0.096426 ape=0.5465
[21:46:26] warmStart 42% (920/2161) regret=0.096426 ape=0.5465
[21:46:26] warmStart 42% (921/2161) regret=0.096426 ape=0.5465
[21:46:26] warmStart 42% (922/2161) regret=0.096426 ape=0.5465
[21:46:27] warmStart 42% (923/2161) regret=0.096426 ape=0.5465
[21:46:27] warmStart 42% (924/2161) regret=0.096426 ape=0.5465
[21:46:27] warmStart 42% (925/2161) regret=0.096426 ape=0.5465
[21:46:27] warmStart 42% (926/2161) regret=0.096426 ape=0.5465
[21:46:27] warmStart 42% (927/2161) regret=0.096426 ape=0.5465
[21:46:27] warmStart 42% (928/2161) regret=0.096426 ape=0.5465
[21:46:28] warmStart 42% (929/2161) regret=0.096426 ape=0.5465
[21:46:28] warmStart 43% (930/2161) regret=0.096426 ape=0.5465
[21:46:28] warmStart 43% (931/2161) regret=0.096426 ape=0.5465
[21:46:28] warmStart 43% (932/2161) regret=0.096380 ape=0.5465
[21:46:28] warmStart 43% (933/2161) regret=0.096380 ape=0.5465
[21:46:28] warmStart 43% (934/2161) regret=0.096481 ape=0.5465
[21:46:29] warmStart 43% (935/2161) regret=0.096380 ape=0.5465
[21:46:29] warmStart 43% (936/2161) regret=0.096380 ape=0.5465
[21:46:29] warmStart 43% (937/2161) regret=0.096297 ape=0.5465
[21:46:29] warmStart 43% (938/2161) regret=0.096380 ape=0.5465
[21:46:29] warmStart 43% (939/2161) regret=0.096380 ape=0.5465
[21:46:29] warmStart 43% (940/2161) regret=0.096380 ape=0.5465
[21:46:30] warmStart 43% (941/2161) regret=0.096380 ape=0.5465
[21:46:30] warmStart 43% (942/2161) regret=0.096380 ape=0.5465
[21:46:30] warmStart 43% (943/2161) regret=0.096380 ape=0.5465
[21:46:30] warmStart 43% (944/2161) regret=0.096380 ape=0.5465
[21:46:30] warmStart 43% (945/2161) regret=0.096380 ape=0.5465
[21:46:31] warmStart 43% (946/2161) regret=0.096398 ape=0.5465
[21:46:31] warmStart 43% (947/2161) regret=0.096380 ape=0.5465
[21:46:31] warmStart 43% (948/2161) regret=0.096380 ape=0.5465
[21:46:31] warmStart 43% (949/2161) regret=0.096380 ape=0.5465
[21:46:31] warmStart 43% (950/2161) regret=0.096380 ape=0.5465
[21:46:31] warmStart 44% (951/2161) regret=0.096380 ape=0.5465
[21:46:32] warmStart 44% (952/2161) regret=0.096380 ape=0.5465
[21:46:32] warmStart 44% (953/2161) regret=0.096380 ape=0.5465
[21:46:32] warmStart 44% (954/2161) regret=0.096380 ape=0.5465
[21:46:32] warmStart 44% (955/2161) regret=0.096380 ape=0.5465
[21:46:32] warmStart 44% (956/2161) regret=0.096380 ape=0.5465
[21:46:32] warmStart 44% (957/2161) regret=0.096380 ape=0.5465
[21:46:33] warmStart 44% (958/2161) regret=0.096380 ape=0.5465
[21:46:33] warmStart 44% (959/2161) regret=0.096380 ape=0.5465
[21:46:33] warmStart 44% (960/2161) regret=0.096458 ape=0.5465
[21:46:33] warmStart 44% (961/2161) regret=0.096541 ape=0.5465
[21:46:33] warmStart 44% (962/2161) regret=0.096541 ape=0.5465
[21:46:33] warmStart 44% (963/2161) regret=0.096541 ape=0.5465
[21:46:34] warmStart 44% (964/2161) regret=0.096495 ape=0.5465
[21:46:34] warmStart 44% (965/2161) regret=0.096495 ape=0.5465
[21:46:34] warmStart 44% (966/2161) regret=0.096495 ape=0.5465
[21:46:34] warmStart 44% (967/2161) regret=0.096495 ape=0.5465
[21:46:34] warmStart 44% (968/2161) regret=0.096495 ape=0.5465
[21:46:34] warmStart 44% (969/2161) regret=0.096495 ape=0.5465
[21:46:35] warmStart 44% (970/2161) regret=0.096495 ape=0.5465
[21:46:35] warmStart 44% (971/2161) regret=0.096495 ape=0.5465
[21:46:35] warmStart 44% (972/2161) regret=0.096495 ape=0.5465
[21:46:35] warmStart 45% (973/2161) regret=0.096495 ape=0.5465
[21:46:35] warmStart 45% (974/2161) regret=0.096670 ape=0.5465
[21:46:35] warmStart 45% (975/2161) regret=0.096551 ape=0.5475
[21:46:36] warmStart 45% (976/2161) regret=0.096495 ape=0.5465
[21:46:36] warmStart 45% (977/2161) regret=0.096495 ape=0.5465
[21:46:36] warmStart 45% (978/2161) regret=0.096495 ape=0.5465
[21:46:36] warmStart 45% (979/2161) regret=0.096495 ape=0.5465
[21:46:36] warmStart 45% (980/2161) regret=0.096495 ape=0.5465
[21:46:36] warmStart 45% (981/2161) regret=0.096495 ape=0.5465
[21:46:37] warmStart 45% (982/2161) regret=0.096495 ape=0.5465
[21:46:37] warmStart 45% (983/2161) regret=0.096495 ape=0.5465
[21:46:37] warmStart 45% (984/2161) regret=0.096495 ape=0.5465
[21:46:37] warmStart 45% (985/2161) regret=0.096495 ape=0.5465
[21:46:37] warmStart 45% (986/2161) regret=0.096670 ape=0.5465
[21:46:38] warmStart 45% (987/2161) regret=0.096495 ape=0.5465
[21:46:38] warmStart 45% (988/2161) regret=0.096495 ape=0.5465
[21:46:38] warmStart 45% (989/2161) regret=0.096495 ape=0.5465
[21:46:38] warmStart 45% (990/2161) regret=0.096495 ape=0.5465
[21:46:38] warmStart 45% (991/2161) regret=0.096495 ape=0.5465
[21:46:38] warmStart 45% (992/2161) regret=0.096495 ape=0.5465
[21:46:39] warmStart 45% (993/2161) regret=0.096495 ape=0.5465
[21:46:39] warmStart 45% (994/2161) regret=0.096495 ape=0.5465
[21:46:39] warmStart 46% (995/2161) regret=0.096495 ape=0.5465
[21:46:39] warmStart 46% (996/2161) regret=0.096495 ape=0.5465
[21:46:39] warmStart 46% (997/2161) regret=0.096495 ape=0.5465
[21:46:39] warmStart 46% (998/2161) regret=0.096495 ape=0.5465
[21:46:40] warmStart 46% (999/2161) regret=0.096495 ape=0.5465
[21:46:40] warmStart 46% (1000/2161) regret=0.096495 ape=0.5465
[21:46:40] warmStart 46% (1001/2161) regret=0.096495 ape=0.5465
[21:46:40] warmStart 46% (1002/2161) regret=0.096495 ape=0.5465
[21:46:40] warmStart 46% (1003/2161) regret=0.096495 ape=0.5465
[21:46:40] warmStart 46% (1004/2161) regret=0.096191 ape=0.5456
[21:46:41] warmStart 46% (1005/2161) regret=0.096191 ape=0.5456
[21:46:41] warmStart 46% (1006/2161) regret=0.096191 ape=0.5456
[21:46:41] warmStart 46% (1007/2161) regret=0.096191 ape=0.5456
[21:46:41] warmStart 46% (1008/2161) regret=0.096191 ape=0.5456
[21:46:41] warmStart 46% (1009/2161) regret=0.096191 ape=0.5456
[21:46:41] warmStart 46% (1010/2161) regret=0.096191 ape=0.5456
[21:46:42] warmStart 46% (1011/2161) regret=0.096191 ape=0.5456
[21:46:42] warmStart 46% (1012/2161) regret=0.096191 ape=0.5456
[21:46:42] warmStart 46% (1013/2161) regret=0.096191 ape=0.5456
[21:46:42] warmStart 46% (1014/2161) regret=0.096191 ape=0.5456
[21:46:42] warmStart 46% (1015/2161) regret=0.096191 ape=0.5456
[21:46:43] warmStart 47% (1016/2161) regret=0.096191 ape=0.5456
[21:46:43] warmStart 47% (1017/2161) regret=0.096191 ape=0.5456
[21:46:43] warmStart 47% (1018/2161) regret=0.096191 ape=0.5456
[21:46:43] warmStart 47% (1019/2161) regret=0.096191 ape=0.5456
[21:46:43] warmStart 47% (1020/2161) regret=0.096191 ape=0.5456
[21:46:43] warmStart 47% (1021/2161) regret=0.096191 ape=0.5456
[21:46:44] warmStart 47% (1022/2161) regret=0.096191 ape=0.5456
[21:46:44] warmStart 47% (1023/2161) regret=0.096191 ape=0.5456
[21:46:44] warmStart 47% (1024/2161) regret=0.096191 ape=0.5456
[21:46:44] warmStart 47% (1025/2161) regret=0.096191 ape=0.5456
[21:46:44] warmStart 47% (1026/2161) regret=0.096191 ape=0.5456
[21:46:44] warmStart 47% (1027/2161) regret=0.096191 ape=0.5456
[21:46:44] warmStart 47% (1028/2161) regret=0.096191 ape=0.5456
[21:46:45] warmStart 47% (1029/2161) regret=0.096191 ape=0.5456
[21:46:45] warmStart 47% (1030/2161) regret=0.096191 ape=0.5456
[21:46:45] warmStart 47% (1031/2161) regret=0.096191 ape=0.5456
[21:46:45] warmStart 47% (1032/2161) regret=0.096191 ape=0.5456
[21:46:45] warmStart 47% (1033/2161) regret=0.096191 ape=0.5456
[21:46:45] warmStart 47% (1034/2161) regret=0.096191 ape=0.5456
[21:46:45] warmStart 47% (1035/2161) regret=0.096191 ape=0.5456
[21:46:46] warmStart 47% (1036/2161) regret=0.096191 ape=0.5456
[21:46:46] warmStart 47% (1037/2161) regret=0.096191 ape=0.5456
[21:46:46] warmStart 48% (1038/2161) regret=0.096191 ape=0.5456
[21:46:46] warmStart 48% (1039/2161) regret=0.096191 ape=0.5456
[21:46:46] warmStart 48% (1040/2161) regret=0.096191 ape=0.5456
[21:46:46] warmStart 48% (1041/2161) regret=0.096191 ape=0.5456
[21:46:46] warmStart 48% (1042/2161) regret=0.096191 ape=0.5456
[21:46:47] warmStart 48% (1043/2161) regret=0.096191 ape=0.5456
[21:46:47] warmStart 48% (1044/2161) regret=0.096191 ape=0.5456
[21:46:47] warmStart 48% (1045/2161) regret=0.096191 ape=0.5456
[21:46:47] warmStart 48% (1046/2161) regret=0.096191 ape=0.5456
[21:46:47] warmStart 48% (1047/2161) regret=0.096191 ape=0.5456
[21:46:47] warmStart 48% (1048/2161) regret=0.096191 ape=0.5456
[21:46:47] warmStart 48% (1049/2161) regret=0.096191 ape=0.5456
[21:46:48] warmStart 48% (1050/2161) regret=0.096191 ape=0.5456
[21:46:48] warmStart 48% (1051/2161) regret=0.096191 ape=0.5456
[21:46:48] warmStart 48% (1052/2161) regret=0.096191 ape=0.5456
[21:46:48] warmStart 48% (1053/2161) regret=0.096191 ape=0.5456
[21:46:48] warmStart 48% (1054/2161) regret=0.096191 ape=0.5456
[21:46:48] warmStart 48% (1055/2161) regret=0.096191 ape=0.5456
[21:46:49] warmStart 48% (1056/2161) regret=0.096191 ape=0.5456
[21:46:49] warmStart 48% (1057/2161) regret=0.096191 ape=0.5456
[21:46:49] warmStart 48% (1058/2161) regret=0.096191 ape=0.5456
[21:46:49] warmStart 49% (1059/2161) regret=0.096191 ape=0.5456
[21:46:49] warmStart 49% (1060/2161) regret=0.096191 ape=0.5456
[21:46:49] warmStart 49% (1061/2161) regret=0.096191 ape=0.5456
[21:46:49] warmStart 49% (1062/2161) regret=0.096191 ape=0.5456
[21:46:50] warmStart 49% (1063/2161) regret=0.096191 ape=0.5456
[21:46:50] warmStart 49% (1064/2161) regret=0.096191 ape=0.5456
[21:46:50] warmStart 49% (1065/2161) regret=0.096191 ape=0.5456
[21:46:50] warmStart 49% (1066/2161) regret=0.096191 ape=0.5456
[21:46:50] warmStart 49% (1067/2161) regret=0.096191 ape=0.5456
[21:46:50] warmStart 49% (1068/2161) regret=0.096191 ape=0.5456
[21:46:50] warmStart 49% (1069/2161) regret=0.096191 ape=0.5456
[21:46:51] warmStart 49% (1070/2161) regret=0.096191 ape=0.5456
[21:46:51] warmStart 49% (1071/2161) regret=0.096191 ape=0.5456
[21:46:51] warmStart 49% (1072/2161) regret=0.096191 ape=0.5456
[21:46:51] warmStart 49% (1073/2161) regret=0.096191 ape=0.5456
[21:46:51] warmStart 49% (1074/2161) regret=0.096191 ape=0.5456
[21:46:51] warmStart 49% (1075/2161) regret=0.096191 ape=0.5456
[21:46:51] warmStart 49% (1076/2161) regret=0.096191 ape=0.5456
[21:46:52] warmStart 49% (1077/2161) regret=0.096191 ape=0.5456
[21:46:52] warmStart 49% (1078/2161) regret=0.096191 ape=0.5456
[21:46:52] warmStart 49% (1079/2161) regret=0.096191 ape=0.5456
[21:46:52] warmStart 49% (1080/2161) regret=0.096163 ape=0.5456
[21:46:52] warmStart 50% (1081/2161) regret=0.096191 ape=0.5456
[21:46:52] warmStart 50% (1082/2161) regret=0.096191 ape=0.5456
[21:46:53] warmStart 50% (1083/2161) regret=0.096200 ape=0.5465
[21:46:53] warmStart 50% (1084/2161) regret=0.096191 ape=0.5456
[21:46:53] warmStart 50% (1085/2161) regret=0.096191 ape=0.5456
[21:46:53] warmStart 50% (1086/2161) regret=0.096191 ape=0.5456
[21:46:53] warmStart 50% (1087/2161) regret=0.096191 ape=0.5456
[21:46:53] warmStart 50% (1088/2161) regret=0.096191 ape=0.5456
[21:46:53] warmStart 50% (1089/2161) regret=0.096099 ape=0.5456
[21:46:54] warmStart 50% (1090/2161) regret=0.096191 ape=0.5456
[21:46:54] warmStart 50% (1091/2161) regret=0.096191 ape=0.5456
[21:46:54] warmStart 50% (1092/2161) regret=0.096191 ape=0.5456
[21:46:54] warmStart 50% (1093/2161) regret=0.096191 ape=0.5456
[21:46:54] warmStart 50% (1094/2161) regret=0.096191 ape=0.5456
[21:46:54] warmStart 50% (1095/2161) regret=0.096191 ape=0.5456
[21:46:54] warmStart 50% (1096/2161) regret=0.096191 ape=0.5456
[21:46:55] warmStart 50% (1097/2161) regret=0.096371 ape=0.5456
[21:46:55] warmStart 50% (1098/2161) regret=0.096191 ape=0.5456
[21:46:55] warmStart 50% (1099/2161) regret=0.096191 ape=0.5456
[21:46:55] warmStart 50% (1100/2161) regret=0.096191 ape=0.5456
[21:46:55] warmStart 50% (1101/2161) regret=0.096191 ape=0.5456
[21:46:55] warmStart 50% (1102/2161) regret=0.096191 ape=0.5456
[21:46:55] warmStart 51% (1103/2161) regret=0.096191 ape=0.5456
[21:46:56] warmStart 51% (1104/2161) regret=0.096191 ape=0.5456
[21:46:56] warmStart 51% (1105/2161) regret=0.096191 ape=0.5456
[21:46:56] warmStart 51% (1106/2161) regret=0.096191 ape=0.5456
[21:46:56] warmStart 51% (1107/2161) regret=0.096191 ape=0.5456
[21:46:56] warmStart 51% (1108/2161) regret=0.095917 ape=0.5447
[21:46:56] warmStart 51% (1109/2161) regret=0.095908 ape=0.5447
[21:46:56] warmStart 51% (1110/2161) regret=0.095908 ape=0.5447
[21:46:57] warmStart 51% (1111/2161) regret=0.095908 ape=0.5447
[21:46:57] warmStart 51% (1112/2161) regret=0.095908 ape=0.5447
[21:46:57] warmStart 51% (1113/2161) regret=0.095963 ape=0.5456
[21:46:57] warmStart 51% (1114/2161) regret=0.095963 ape=0.5456
[21:46:57] warmStart 51% (1115/2161) regret=0.095963 ape=0.5456
[21:46:57] warmStart 51% (1116/2161) regret=0.095963 ape=0.5456
[21:46:58] warmStart 51% (1117/2161) regret=0.095963 ape=0.5456
[21:46:58] warmStart 51% (1118/2161) regret=0.095963 ape=0.5456
[21:46:58] warmStart 51% (1119/2161) regret=0.095963 ape=0.5456
[21:46:58] warmStart 51% (1120/2161) regret=0.095963 ape=0.5456
[21:46:58] warmStart 51% (1121/2161) regret=0.095963 ape=0.5456
[21:46:58] warmStart 51% (1122/2161) regret=0.095963 ape=0.5456
[21:46:58] warmStart 51% (1123/2161) regret=0.095963 ape=0.5456
[21:46:59] warmStart 52% (1124/2161) regret=0.095963 ape=0.5456
[21:46:59] warmStart 52% (1125/2161) regret=0.095963 ape=0.5456
[21:46:59] warmStart 52% (1126/2161) regret=0.095963 ape=0.5456
[21:46:59] warmStart 52% (1127/2161) regret=0.095963 ape=0.5456
[21:46:59] warmStart 52% (1128/2161) regret=0.095963 ape=0.5456
[21:46:59] warmStart 52% (1129/2161) regret=0.095963 ape=0.5456
[21:46:59] warmStart 52% (1130/2161) regret=0.095963 ape=0.5456
[21:47:00] warmStart 52% (1131/2161) regret=0.095963 ape=0.5456
[21:47:00] warmStart 52% (1132/2161) regret=0.095963 ape=0.5456
[21:47:00] warmStart 52% (1133/2161) regret=0.095963 ape=0.5456
[21:47:00] warmStart 52% (1134/2161) regret=0.095963 ape=0.5456
[21:47:00] warmStart 52% (1135/2161) regret=0.095963 ape=0.5456
[21:47:00] warmStart 52% (1136/2161) regret=0.095963 ape=0.5456
[21:47:00] warmStart 52% (1137/2161) regret=0.095963 ape=0.5456
[21:47:01] warmStart 52% (1138/2161) regret=0.095963 ape=0.5456
[21:47:01] warmStart 52% (1139/2161) regret=0.095963 ape=0.5456
[21:47:01] warmStart 52% (1140/2161) regret=0.095880 ape=0.5456
[21:47:01] warmStart 52% (1141/2161) regret=0.095963 ape=0.5456
[21:47:01] warmStart 52% (1142/2161) regret=0.095963 ape=0.5456
[21:47:01] warmStart 52% (1143/2161) regret=0.095963 ape=0.5456
[21:47:02] warmStart 52% (1144/2161) regret=0.095963 ape=0.5456
[21:47:02] warmStart 52% (1145/2161) regret=0.095963 ape=0.5456
[21:47:02] warmStart 53% (1146/2161) regret=0.095963 ape=0.5456
[21:47:02] warmStart 53% (1147/2161) regret=0.095965 ape=0.5456
[21:47:02] warmStart 53% (1148/2161) regret=0.095963 ape=0.5456
[21:47:03] warmStart 53% (1149/2161) regret=0.095963 ape=0.5456
[21:47:03] warmStart 53% (1150/2161) regret=0.095963 ape=0.5456
[21:47:03] warmStart 53% (1151/2161) regret=0.095963 ape=0.5456
[21:47:03] warmStart 53% (1152/2161) regret=0.095907 ape=0.5447
[21:47:03] warmStart 53% (1153/2161) regret=0.095963 ape=0.5456
[21:47:03] warmStart 53% (1154/2161) regret=0.095907 ape=0.5447
[21:47:04] warmStart 53% (1155/2161) regret=0.095907 ape=0.5447
[21:47:04] warmStart 53% (1156/2161) regret=0.095907 ape=0.5447
[21:47:04] warmStart 53% (1157/2161) regret=0.095875 ape=0.5447
[21:47:04] warmStart 53% (1158/2161) regret=0.095907 ape=0.5447
[21:47:04] warmStart 53% (1159/2161) regret=0.095907 ape=0.5447
[21:47:04] warmStart 53% (1160/2161) regret=0.095907 ape=0.5447
[21:47:05] warmStart 53% (1161/2161) regret=0.095907 ape=0.5447
[21:47:05] warmStart 53% (1162/2161) regret=0.095907 ape=0.5447
[21:47:05] warmStart 53% (1163/2161) regret=0.095907 ape=0.5447
[21:47:05] warmStart 53% (1164/2161) regret=0.095907 ape=0.5447
[21:47:05] warmStart 53% (1165/2161) regret=0.095907 ape=0.5447
[21:47:05] warmStart 53% (1166/2161) regret=0.095907 ape=0.5447
[21:47:06] warmStart 54% (1167/2161) regret=0.095907 ape=0.5447
[21:47:06] warmStart 54% (1168/2161) regret=0.095907 ape=0.5447
[21:47:06] warmStart 54% (1169/2161) regret=0.095907 ape=0.5447
[21:47:06] warmStart 54% (1170/2161) regret=0.095907 ape=0.5447
[21:47:06] warmStart 54% (1171/2161) regret=0.095907 ape=0.5447
[21:47:06] warmStart 54% (1172/2161) regret=0.095907 ape=0.5447
[21:47:07] warmStart 54% (1173/2161) regret=0.095907 ape=0.5447
[21:47:07] warmStart 54% (1174/2161) regret=0.095907 ape=0.5447
[21:47:07] warmStart 54% (1175/2161) regret=0.095907 ape=0.5447
[21:47:07] warmStart 54% (1176/2161) regret=0.095907 ape=0.5447
[21:47:07] warmStart 54% (1177/2161) regret=0.095907 ape=0.5447
[21:47:08] warmStart 54% (1178/2161) regret=0.095907 ape=0.5447
[21:47:08] warmStart 54% (1179/2161) regret=0.095907 ape=0.5447
[21:47:08] warmStart 54% (1180/2161) regret=0.095907 ape=0.5447
[21:47:08] warmStart 54% (1181/2161) regret=0.095907 ape=0.5447
[21:47:08] warmStart 54% (1182/2161) regret=0.096008 ape=0.5447
[21:47:08] warmStart 54% (1183/2161) regret=0.095907 ape=0.5447
[21:47:09] warmStart 54% (1184/2161) regret=0.095907 ape=0.5447
[21:47:09] warmStart 54% (1185/2161) regret=0.095907 ape=0.5447
[21:47:09] warmStart 54% (1186/2161) regret=0.095879 ape=0.5447
[21:47:09] warmStart 54% (1187/2161) regret=0.095915 ape=0.5447
[21:47:09] warmStart 54% (1188/2161) regret=0.095907 ape=0.5447
[21:47:09] warmStart 55% (1189/2161) regret=0.095907 ape=0.5447
[21:47:10] warmStart 55% (1190/2161) regret=0.095907 ape=0.5447
[21:47:10] warmStart 55% (1191/2161) regret=0.095907 ape=0.5447
[21:47:10] warmStart 55% (1192/2161) regret=0.095907 ape=0.5447
[21:47:10] warmStart 55% (1193/2161) regret=0.095907 ape=0.5447
[21:47:10] warmStart 55% (1194/2161) regret=0.095907 ape=0.5447
[21:47:10] warmStart 55% (1195/2161) regret=0.095907 ape=0.5447
[21:47:11] warmStart 55% (1196/2161) regret=0.095907 ape=0.5447
[21:47:11] warmStart 55% (1197/2161) regret=0.095907 ape=0.5447
[21:47:11] warmStart 55% (1198/2161) regret=0.095907 ape=0.5447
[21:47:11] warmStart 55% (1199/2161) regret=0.095907 ape=0.5447
[21:47:11] warmStart 55% (1200/2161) regret=0.095907 ape=0.5447
[21:47:11] warmStart 55% (1201/2161) regret=0.095907 ape=0.5447
[21:47:12] warmStart 55% (1202/2161) regret=0.095907 ape=0.5447
[21:47:12] warmStart 55% (1203/2161) regret=0.095907 ape=0.5447
[21:47:12] warmStart 55% (1204/2161) regret=0.095907 ape=0.5447
[21:47:12] warmStart 55% (1205/2161) regret=0.095893 ape=0.5438
[21:47:12] warmStart 55% (1206/2161) regret=0.095893 ape=0.5438
[21:47:12] warmStart 55% (1207/2161) regret=0.095907 ape=0.5447
[21:47:13] warmStart 55% (1208/2161) regret=0.095907 ape=0.5447
[21:47:13] warmStart 55% (1209/2161) regret=0.095907 ape=0.5447
[21:47:13] warmStart 55% (1210/2161) regret=0.095907 ape=0.5447
[21:47:13] warmStart 56% (1211/2161) regret=0.095907 ape=0.5447
[21:47:13] warmStart 56% (1212/2161) regret=0.095907 ape=0.5447
[21:47:14] warmStart 56% (1213/2161) regret=0.095907 ape=0.5447
[21:47:14] warmStart 56% (1214/2161) regret=0.095907 ape=0.5447
[21:47:14] warmStart 56% (1215/2161) regret=0.095907 ape=0.5447
[21:47:14] warmStart 56% (1216/2161) regret=0.095907 ape=0.5447
[21:47:14] warmStart 56% (1217/2161) regret=0.095907 ape=0.5447
[21:47:14] warmStart 56% (1218/2161) regret=0.095907 ape=0.5447
[21:47:15] warmStart 56% (1219/2161) regret=0.095898 ape=0.5447
[21:47:15] warmStart 56% (1220/2161) regret=0.095907 ape=0.5447
[21:47:15] warmStart 56% (1221/2161) regret=0.095907 ape=0.5447
[21:47:15] warmStart 56% (1222/2161) regret=0.095907 ape=0.5447
[21:47:15] warmStart 56% (1223/2161) regret=0.095921 ape=0.5447
[21:47:15] warmStart 56% (1224/2161) regret=0.095907 ape=0.5447
[21:47:16] warmStart 56% (1225/2161) regret=0.095907 ape=0.5447
[21:47:16] warmStart 56% (1226/2161) regret=0.095907 ape=0.5447
[21:47:16] warmStart 56% (1227/2161) regret=0.095907 ape=0.5447
[21:47:16] warmStart 56% (1228/2161) regret=0.095907 ape=0.5447
[21:47:16] warmStart 56% (1229/2161) regret=0.095907 ape=0.5447
[21:47:16] warmStart 56% (1230/2161) regret=0.095907 ape=0.5447
[21:47:17] warmStart 56% (1231/2161) regret=0.095907 ape=0.5447
[21:47:17] warmStart 57% (1232/2161) regret=0.095907 ape=0.5447
[21:47:17] warmStart 57% (1233/2161) regret=0.095905 ape=0.5447
[21:47:17] warmStart 57% (1234/2161) regret=0.095879 ape=0.5447
[21:47:17] warmStart 57% (1235/2161) regret=0.095907 ape=0.5447
[21:47:17] warmStart 57% (1236/2161) regret=0.095939 ape=0.5447
[21:47:18] warmStart 57% (1237/2161) regret=0.095907 ape=0.5447
[21:47:18] warmStart 57% (1238/2161) regret=0.095907 ape=0.5447
[21:47:18] warmStart 57% (1239/2161) regret=0.095907 ape=0.5447
[21:47:18] warmStart 57% (1240/2161) regret=0.095907 ape=0.5447
[21:47:18] warmStart 57% (1241/2161) regret=0.095907 ape=0.5447
[21:47:19] warmStart 57% (1242/2161) regret=0.095925 ape=0.5447
[21:47:19] warmStart 57% (1243/2161) regret=0.095907 ape=0.5447
[21:47:19] warmStart 57% (1244/2161) regret=0.095907 ape=0.5447
[21:47:19] warmStart 57% (1245/2161) regret=0.095907 ape=0.5447
[21:47:19] warmStart 57% (1246/2161) regret=0.095907 ape=0.5447
[21:47:19] warmStart 57% (1247/2161) regret=0.095907 ape=0.5447
[21:47:20] warmStart 57% (1248/2161) regret=0.095907 ape=0.5447
[21:47:20] warmStart 57% (1249/2161) regret=0.095907 ape=0.5447
[21:47:20] warmStart 57% (1250/2161) regret=0.095907 ape=0.5447
[21:47:20] warmStart 57% (1251/2161) regret=0.095907 ape=0.5447
[21:47:20] warmStart 57% (1252/2161) regret=0.095907 ape=0.5447
[21:47:20] warmStart 57% (1253/2161) regret=0.095907 ape=0.5447
[21:47:21] warmStart 58% (1254/2161) regret=0.095907 ape=0.5447
[21:47:21] warmStart 58% (1255/2161) regret=0.095907 ape=0.5447
[21:47:21] warmStart 58% (1256/2161) regret=0.095907 ape=0.5447
[21:47:21] warmStart 58% (1257/2161) regret=0.095907 ape=0.5447
[21:47:21] warmStart 58% (1258/2161) regret=0.095907 ape=0.5447
[21:47:22] warmStart 58% (1259/2161) regret=0.095907 ape=0.5447
[21:47:22] warmStart 58% (1260/2161) regret=0.095907 ape=0.5447
[21:47:22] warmStart 58% (1261/2161) regret=0.095907 ape=0.5447
[21:47:22] warmStart 58% (1262/2161) regret=0.095907 ape=0.5447
[21:47:22] warmStart 58% (1263/2161) regret=0.095907 ape=0.5447
[21:47:22] warmStart 58% (1264/2161) regret=0.095905 ape=0.5447
[21:47:23] warmStart 58% (1265/2161) regret=0.095907 ape=0.5447
[21:47:23] warmStart 58% (1266/2161) regret=0.095907 ape=0.5447
[21:47:23] warmStart 58% (1267/2161) regret=0.095907 ape=0.5447
[21:47:23] warmStart 58% (1268/2161) regret=0.095907 ape=0.5447
[21:47:23] warmStart 58% (1269/2161) regret=0.095907 ape=0.5447
[21:47:23] warmStart 58% (1270/2161) regret=0.095907 ape=0.5447
[21:47:24] warmStart 58% (1271/2161) regret=0.095907 ape=0.5447
[21:47:24] warmStart 58% (1272/2161) regret=0.095907 ape=0.5447
[21:47:24] warmStart 58% (1273/2161) regret=0.095907 ape=0.5447
[21:47:24] warmStart 58% (1274/2161) regret=0.095907 ape=0.5447
[21:47:24] warmStart 59% (1275/2161) regret=0.095907 ape=0.5447
[21:47:24] warmStart 59% (1276/2161) regret=0.095898 ape=0.5438
[21:47:25] warmStart 59% (1277/2161) regret=0.095907 ape=0.5447
[21:47:25] warmStart 59% (1278/2161) regret=0.095907 ape=0.5447
[21:47:25] warmStart 59% (1279/2161) regret=0.095907 ape=0.5447
[21:47:25] warmStart 59% (1280/2161) regret=0.095885 ape=0.5447
[21:47:25] warmStart 59% (1281/2161) regret=0.095885 ape=0.5447
[21:47:25] warmStart 59% (1282/2161) regret=0.095885 ape=0.5447
[21:47:26] warmStart 59% (1283/2161) regret=0.095885 ape=0.5447
[21:47:26] warmStart 59% (1284/2161) regret=0.095885 ape=0.5447
[21:47:26] warmStart 59% (1285/2161) regret=0.095885 ape=0.5447
[21:47:26] warmStart 59% (1286/2161) regret=0.095885 ape=0.5447
[21:47:26] warmStart 59% (1287/2161) regret=0.095885 ape=0.5447
[21:47:26] warmStart 59% (1288/2161) regret=0.095885 ape=0.5447
[21:47:27] warmStart 59% (1289/2161) regret=0.095885 ape=0.5447
[21:47:27] warmStart 59% (1290/2161) regret=0.095885 ape=0.5447
[21:47:27] warmStart 59% (1291/2161) regret=0.095885 ape=0.5447
[21:47:27] warmStart 59% (1292/2161) regret=0.095885 ape=0.5447
[21:47:27] warmStart 59% (1293/2161) regret=0.095885 ape=0.5447
[21:47:28] warmStart 59% (1294/2161) regret=0.095885 ape=0.5447
[21:47:28] warmStart 59% (1295/2161) regret=0.095885 ape=0.5447
[21:47:28] warmStart 59% (1296/2161) regret=0.095885 ape=0.5447
[21:47:28] warmStart 60% (1297/2161) regret=0.095885 ape=0.5447
[21:47:28] warmStart 60% (1298/2161) regret=0.095885 ape=0.5447
[21:47:28] warmStart 60% (1299/2161) regret=0.095885 ape=0.5447
[21:47:29] warmStart 60% (1300/2161) regret=0.095885 ape=0.5447
[21:47:29] warmStart 60% (1301/2161) regret=0.095885 ape=0.5447
[21:47:29] warmStart 60% (1302/2161) regret=0.095885 ape=0.5447
[21:47:29] warmStart 60% (1303/2161) regret=0.095885 ape=0.5447
[21:47:29] warmStart 60% (1304/2161) regret=0.095885 ape=0.5447
[21:47:29] warmStart 60% (1305/2161) regret=0.095885 ape=0.5447
[21:47:30] warmStart 60% (1306/2161) regret=0.095885 ape=0.5447
[21:47:30] warmStart 60% (1307/2161) regret=0.095885 ape=0.5447
[21:47:30] warmStart 60% (1308/2161) regret=0.095885 ape=0.5447
[21:47:30] warmStart 60% (1309/2161) regret=0.095885 ape=0.5447
[21:47:30] warmStart 60% (1310/2161) regret=0.095885 ape=0.5447
[21:47:30] warmStart 60% (1311/2161) regret=0.095856 ape=0.5438
[21:47:31] warmStart 60% (1312/2161) regret=0.095856 ape=0.5438
[21:47:31] warmStart 60% (1313/2161) regret=0.095842 ape=0.5429
[21:47:31] warmStart 60% (1314/2161) regret=0.095856 ape=0.5438
[21:47:31] warmStart 60% (1315/2161) regret=0.095856 ape=0.5438
[21:47:31] warmStart 60% (1316/2161) regret=0.095856 ape=0.5438
[21:47:31] warmStart 60% (1317/2161) regret=0.095856 ape=0.5438
[21:47:32] warmStart 60% (1318/2161) regret=0.095885 ape=0.5447
[21:47:32] warmStart 61% (1319/2161) regret=0.095885 ape=0.5447
[21:47:32] warmStart 61% (1320/2161) regret=0.095885 ape=0.5447
[21:47:32] warmStart 61% (1321/2161) regret=0.095885 ape=0.5447
[21:47:32] warmStart 61% (1322/2161) regret=0.095885 ape=0.5447
[21:47:32] warmStart 61% (1323/2161) regret=0.095885 ape=0.5447
[21:47:33] warmStart 61% (1324/2161) regret=0.095885 ape=0.5447
[21:47:33] warmStart 61% (1325/2161) regret=0.095885 ape=0.5447
[21:47:33] warmStart 61% (1326/2161) regret=0.095885 ape=0.5447
[21:47:33] warmStart 61% (1327/2161) regret=0.095885 ape=0.5447
[21:47:33] warmStart 61% (1328/2161) regret=0.095885 ape=0.5447
[21:47:33] warmStart 61% (1329/2161) regret=0.095885 ape=0.5447
[21:47:34] warmStart 61% (1330/2161) regret=0.095830 ape=0.5447
[21:47:34] warmStart 61% (1331/2161) regret=0.095830 ape=0.5447
[21:47:34] warmStart 61% (1332/2161) regret=0.095830 ape=0.5447
[21:47:34] warmStart 61% (1333/2161) regret=0.095830 ape=0.5447
[21:47:34] warmStart 61% (1334/2161) regret=0.095830 ape=0.5447
[21:47:35] warmStart 61% (1335/2161) regret=0.095461 ape=0.5447
[21:47:35] warmStart 61% (1336/2161) regret=0.095461 ape=0.5447
[21:47:35] warmStart 61% (1337/2161) regret=0.095461 ape=0.5447
[21:47:35] warmStart 61% (1338/2161) regret=0.095461 ape=0.5447
[21:47:36] warmStart 61% (1339/2161) regret=0.095432 ape=0.5438
[21:47:36] warmStart 62% (1340/2161) regret=0.095432 ape=0.5438
[21:47:36] warmStart 62% (1341/2161) regret=0.095432 ape=0.5438
[21:47:36] warmStart 62% (1342/2161) regret=0.095432 ape=0.5438
[21:47:37] warmStart 62% (1343/2161) regret=0.095432 ape=0.5438
[21:47:37] warmStart 62% (1344/2161) regret=0.095432 ape=0.5438
[21:47:37] warmStart 62% (1345/2161) regret=0.095432 ape=0.5438
[21:47:37] warmStart 62% (1346/2161) regret=0.095432 ape=0.5438
[21:47:38] warmStart 62% (1347/2161) regret=0.095461 ape=0.5447
[21:47:38] warmStart 62% (1348/2161) regret=0.095461 ape=0.5447
[21:47:38] warmStart 62% (1349/2161) regret=0.095461 ape=0.5447
[21:47:39] warmStart 62% (1350/2161) regret=0.095461 ape=0.5447
[21:47:39] warmStart 62% (1351/2161) regret=0.095461 ape=0.5447
[21:47:39] warmStart 62% (1352/2161) regret=0.095461 ape=0.5447
[21:47:39] warmStart 62% (1353/2161) regret=0.095461 ape=0.5447
[21:47:40] warmStart 62% (1354/2161) regret=0.095461 ape=0.5447
[21:47:40] warmStart 62% (1355/2161) regret=0.095461 ape=0.5447
[21:47:40] warmStart 62% (1356/2161) regret=0.095461 ape=0.5447
[21:47:41] warmStart 62% (1357/2161) regret=0.095461 ape=0.5447
[21:47:41] warmStart 62% (1358/2161) regret=0.095464 ape=0.5447
[21:47:41] warmStart 62% (1359/2161) regret=0.095461 ape=0.5447
[21:47:41] warmStart 62% (1360/2161) regret=0.095461 ape=0.5447
[21:47:42] warmStart 62% (1361/2161) regret=0.095461 ape=0.5447
[21:47:42] warmStart 63% (1362/2161) regret=0.095432 ape=0.5438
[21:47:42] warmStart 63% (1363/2161) regret=0.095432 ape=0.5438
[21:47:42] warmStart 63% (1364/2161) regret=0.095432 ape=0.5438
[21:47:43] warmStart 63% (1365/2161) regret=0.095432 ape=0.5438
[21:47:43] warmStart 63% (1366/2161) regret=0.095432 ape=0.5438
[21:47:43] warmStart 63% (1367/2161) regret=0.095432 ape=0.5438
[21:47:43] warmStart 63% (1368/2161) regret=0.095432 ape=0.5438
[21:47:44] warmStart 63% (1369/2161) regret=0.095461 ape=0.5447
[21:47:44] warmStart 63% (1370/2161) regret=0.095461 ape=0.5447
[21:47:44] warmStart 63% (1371/2161) regret=0.095461 ape=0.5447
[21:47:44] warmStart 63% (1372/2161) regret=0.095461 ape=0.5447
[21:47:45] warmStart 63% (1373/2161) regret=0.095461 ape=0.5447
[21:47:45] warmStart 63% (1374/2161) regret=0.095461 ape=0.5447
[21:47:45] warmStart 63% (1375/2161) regret=0.095471 ape=0.5447
[21:47:45] warmStart 63% (1376/2161) regret=0.095461 ape=0.5447
[21:47:46] warmStart 63% (1377/2161) regret=0.095461 ape=0.5447
[21:47:46] warmStart 63% (1378/2161) regret=0.095452 ape=0.5438
[21:47:46] warmStart 63% (1379/2161) regret=0.095461 ape=0.5447
[21:47:47] warmStart 63% (1380/2161) regret=0.095461 ape=0.5447
[21:47:47] warmStart 63% (1381/2161) regret=0.095461 ape=0.5447
[21:47:47] warmStart 63% (1382/2161) regret=0.095461 ape=0.5447
[21:47:47] warmStart 63% (1383/2161) regret=0.095461 ape=0.5447
[21:47:48] warmStart 64% (1384/2161) regret=0.095461 ape=0.5447
[21:47:48] warmStart 64% (1385/2161) regret=0.095461 ape=0.5447
[21:47:48] warmStart 64% (1386/2161) regret=0.095461 ape=0.5447
[21:47:48] warmStart 64% (1387/2161) regret=0.095461 ape=0.5447
[21:47:49] warmStart 64% (1388/2161) regret=0.095461 ape=0.5447
[21:47:49] warmStart 64% (1389/2161) regret=0.095432 ape=0.5438
[21:47:49] warmStart 64% (1390/2161) regret=0.095432 ape=0.5438
[21:47:49] warmStart 64% (1391/2161) regret=0.095432 ape=0.5438
[21:47:50] warmStart 64% (1392/2161) regret=0.095432 ape=0.5438
[21:47:50] warmStart 64% (1393/2161) regret=0.095326 ape=0.5429
[21:47:50] warmStart 64% (1394/2161) regret=0.095326 ape=0.5429
[21:47:51] warmStart 64% (1395/2161) regret=0.095326 ape=0.5429
[21:47:51] warmStart 64% (1396/2161) regret=0.095326 ape=0.5429
[21:47:51] warmStart 64% (1397/2161) regret=0.095326 ape=0.5429
[21:47:51] warmStart 64% (1398/2161) regret=0.095355 ape=0.5438
[21:47:52] warmStart 64% (1399/2161) regret=0.095355 ape=0.5438
[21:47:52] warmStart 64% (1400/2161) regret=0.095355 ape=0.5438
[21:47:52] warmStart 64% (1401/2161) regret=0.095355 ape=0.5438
[21:47:53] warmStart 64% (1402/2161) regret=0.095355 ape=0.5438
[21:47:53] warmStart 64% (1403/2161) regret=0.095355 ape=0.5438
[21:47:53] warmStart 64% (1404/2161) regret=0.095355 ape=0.5438
[21:47:53] warmStart 65% (1405/2161) regret=0.095353 ape=0.5438
[21:47:54] warmStart 65% (1406/2161) regret=0.095355 ape=0.5438
[21:47:54] warmStart 65% (1407/2161) regret=0.095355 ape=0.5438
[21:47:54] warmStart 65% (1408/2161) regret=0.095355 ape=0.5438
[21:47:54] warmStart 65% (1409/2161) regret=0.095355 ape=0.5438
[21:47:55] warmStart 65% (1410/2161) regret=0.095355 ape=0.5438
[21:47:55] warmStart 65% (1411/2161) regret=0.095355 ape=0.5438
[21:47:55] warmStart 65% (1412/2161) regret=0.095355 ape=0.5438
[21:47:56] warmStart 65% (1413/2161) regret=0.095355 ape=0.5438
[21:47:56] warmStart 65% (1414/2161) regret=0.095326 ape=0.5429
[21:47:56] warmStart 65% (1415/2161) regret=0.095326 ape=0.5429
[21:47:56] warmStart 65% (1416/2161) regret=0.095326 ape=0.5429
[21:47:57] warmStart 65% (1417/2161) regret=0.095326 ape=0.5429
[21:47:57] warmStart 65% (1418/2161) regret=0.095326 ape=0.5429
[21:47:57] warmStart 65% (1419/2161) regret=0.095326 ape=0.5429
[21:47:57] warmStart 65% (1420/2161) regret=0.095326 ape=0.5429
[21:47:58] warmStart 65% (1421/2161) regret=0.095326 ape=0.5429
[21:47:58] warmStart 65% (1422/2161) regret=0.095355 ape=0.5438
[21:47:58] warmStart 65% (1423/2161) regret=0.095355 ape=0.5438
[21:47:59] warmStart 65% (1424/2161) regret=0.095300 ape=0.5429
[21:47:59] warmStart 65% (1425/2161) regret=0.095355 ape=0.5438
[21:47:59] warmStart 65% (1426/2161) regret=0.095355 ape=0.5438
[21:47:59] warmStart 66% (1427/2161) regret=0.095355 ape=0.5438
[21:47:59] warmStart 66% (1428/2161) regret=0.095355 ape=0.5438
[21:48:00] warmStart 66% (1429/2161) regret=0.095355 ape=0.5438
[21:48:00] warmStart 66% (1430/2161) regret=0.095355 ape=0.5438
[21:48:00] warmStart 66% (1431/2161) regret=0.095355 ape=0.5438
[21:48:00] warmStart 66% (1432/2161) regret=0.095355 ape=0.5438
[21:48:00] warmStart 66% (1433/2161) regret=0.095355 ape=0.5438
[21:48:01] warmStart 66% (1434/2161) regret=0.095355 ape=0.5438
[21:48:01] warmStart 66% (1435/2161) regret=0.095355 ape=0.5438
[21:48:01] warmStart 66% (1436/2161) regret=0.095355 ape=0.5438
[21:48:01] warmStart 66% (1437/2161) regret=0.095317 ape=0.5429
[21:48:01] warmStart 66% (1438/2161) regret=0.095326 ape=0.5429
[21:48:01] warmStart 66% (1439/2161) regret=0.095326 ape=0.5429
[21:48:02] warmStart 66% (1440/2161) regret=0.095326 ape=0.5429
[21:48:02] warmStart 66% (1441/2161) regret=0.095326 ape=0.5429
[21:48:02] warmStart 66% (1442/2161) regret=0.095326 ape=0.5429
[21:48:02] warmStart 66% (1443/2161) regret=0.095326 ape=0.5429
[21:48:02] warmStart 66% (1444/2161) regret=0.095326 ape=0.5429
[21:48:03] warmStart 66% (1445/2161) regret=0.095326 ape=0.5429
[21:48:03] warmStart 66% (1446/2161) regret=0.095326 ape=0.5429
[21:48:03] warmStart 66% (1447/2161) regret=0.095271 ape=0.5419
[21:48:03] warmStart 67% (1448/2161) regret=0.095271 ape=0.5419
[21:48:03] warmStart 67% (1449/2161) regret=0.095271 ape=0.5419
[21:48:04] warmStart 67% (1450/2161) regret=0.095271 ape=0.5419
[21:48:04] warmStart 67% (1451/2161) regret=0.095271 ape=0.5419
[21:48:04] warmStart 67% (1452/2161) regret=0.095300 ape=0.5429
[21:48:04] warmStart 67% (1453/2161) regret=0.095300 ape=0.5429
[21:48:04] warmStart 67% (1454/2161) regret=0.095300 ape=0.5429
[21:48:04] warmStart 67% (1455/2161) regret=0.095300 ape=0.5429
[21:48:05] warmStart 67% (1456/2161) regret=0.095300 ape=0.5429
[21:48:05] warmStart 67% (1457/2161) regret=0.095300 ape=0.5429
[21:48:05] warmStart 67% (1458/2161) regret=0.095300 ape=0.5429
[21:48:05] warmStart 67% (1459/2161) regret=0.095300 ape=0.5429
[21:48:05] warmStart 67% (1460/2161) regret=0.095300 ape=0.5429
[21:48:06] warmStart 67% (1461/2161) regret=0.095300 ape=0.5429
[21:48:06] warmStart 67% (1462/2161) regret=0.095300 ape=0.5429
[21:48:06] warmStart 67% (1463/2161) regret=0.095300 ape=0.5429
[21:48:06] warmStart 67% (1464/2161) regret=0.095300 ape=0.5429
[21:48:07] warmStart 67% (1465/2161) regret=0.095300 ape=0.5429
[21:48:07] warmStart 67% (1466/2161) regret=0.095300 ape=0.5429
[21:48:07] warmStart 67% (1467/2161) regret=0.095300 ape=0.5429
[21:48:07] warmStart 67% (1468/2161) regret=0.095300 ape=0.5429
[21:48:08] warmStart 67% (1469/2161) regret=0.095300 ape=0.5429
[21:48:08] warmStart 68% (1470/2161) regret=0.095300 ape=0.5429
[21:48:08] warmStart 68% (1471/2161) regret=0.095300 ape=0.5429
[21:48:08] warmStart 68% (1472/2161) regret=0.095300 ape=0.5429
[21:48:09] warmStart 68% (1473/2161) regret=0.095300 ape=0.5429
[21:48:09] warmStart 68% (1474/2161) regret=0.095300 ape=0.5429
[21:48:09] warmStart 68% (1475/2161) regret=0.095300 ape=0.5429
[21:48:09] warmStart 68% (1476/2161) regret=0.095300 ape=0.5429
[21:48:10] warmStart 68% (1477/2161) regret=0.095300 ape=0.5429
[21:48:10] warmStart 68% (1478/2161) regret=0.095355 ape=0.5438
[21:48:10] warmStart 68% (1479/2161) regret=0.095355 ape=0.5438
[21:48:10] warmStart 68% (1480/2161) regret=0.095355 ape=0.5438
[21:48:11] warmStart 68% (1481/2161) regret=0.095355 ape=0.5438
[21:48:11] warmStart 68% (1482/2161) regret=0.095355 ape=0.5438
[21:48:11] warmStart 68% (1483/2161) regret=0.095355 ape=0.5438
[21:48:11] warmStart 68% (1484/2161) regret=0.095300 ape=0.5429
[21:48:12] warmStart 68% (1485/2161) regret=0.095355 ape=0.5438
[21:48:12] warmStart 68% (1486/2161) regret=0.095300 ape=0.5429
[21:48:12] warmStart 68% (1487/2161) regret=0.095300 ape=0.5429
[21:48:12] warmStart 68% (1488/2161) regret=0.095355 ape=0.5438
[21:48:12] warmStart 68% (1489/2161) regret=0.095300 ape=0.5429
[21:48:13] warmStart 68% (1490/2161) regret=0.095271 ape=0.5419
[21:48:13] warmStart 68% (1491/2161) regret=0.095271 ape=0.5419
[21:48:13] warmStart 69% (1492/2161) regret=0.095271 ape=0.5419
[21:48:13] warmStart 69% (1493/2161) regret=0.095271 ape=0.5419
[21:48:14] warmStart 69% (1494/2161) regret=0.095271 ape=0.5419
[21:48:14] warmStart 69% (1495/2161) regret=0.095271 ape=0.5419
[21:48:14] warmStart 69% (1496/2161) regret=0.095271 ape=0.5419
[21:48:14] warmStart 69% (1497/2161) regret=0.095300 ape=0.5429
[21:48:14] warmStart 69% (1498/2161) regret=0.095300 ape=0.5429
[21:48:15] warmStart 69% (1499/2161) regret=0.095300 ape=0.5429
[21:48:15] warmStart 69% (1500/2161) regret=0.095268 ape=0.5429
[21:48:15] warmStart 69% (1501/2161) regret=0.095300 ape=0.5429
[21:48:15] warmStart 69% (1502/2161) regret=0.095300 ape=0.5429
[21:48:15] warmStart 69% (1503/2161) regret=0.095300 ape=0.5429
[21:48:16] warmStart 69% (1504/2161) regret=0.095300 ape=0.5429
[21:48:16] warmStart 69% (1505/2161) regret=0.095300 ape=0.5429
[21:48:16] warmStart 69% (1506/2161) regret=0.095300 ape=0.5429
[21:48:16] warmStart 69% (1507/2161) regret=0.095300 ape=0.5429
[21:48:16] warmStart 69% (1508/2161) regret=0.095300 ape=0.5429
[21:48:17] warmStart 69% (1509/2161) regret=0.095300 ape=0.5429
[21:48:17] warmStart 69% (1510/2161) regret=0.095300 ape=0.5429
[21:48:17] warmStart 69% (1511/2161) regret=0.095300 ape=0.5429
[21:48:17] warmStart 69% (1512/2161) regret=0.095300 ape=0.5429
[21:48:18] warmStart 70% (1513/2161) regret=0.095300 ape=0.5429
[21:48:18] warmStart 70% (1514/2161) regret=0.095300 ape=0.5429
[21:48:18] warmStart 70% (1515/2161) regret=0.095300 ape=0.5429
[21:48:18] warmStart 70% (1516/2161) regret=0.095271 ape=0.5419
[21:48:18] warmStart 70% (1517/2161) regret=0.095271 ape=0.5419
[21:48:19] warmStart 70% (1518/2161) regret=0.095271 ape=0.5419
[21:48:19] warmStart 70% (1519/2161) regret=0.095271 ape=0.5419
[21:48:19] warmStart 70% (1520/2161) regret=0.095271 ape=0.5419
[21:48:19] warmStart 70% (1521/2161) regret=0.095271 ape=0.5419
[21:48:19] warmStart 70% (1522/2161) regret=0.095271 ape=0.5419
[21:48:20] warmStart 70% (1523/2161) regret=0.095300 ape=0.5429
[21:48:20] warmStart 70% (1524/2161) regret=0.095300 ape=0.5429
[21:48:20] warmStart 70% (1525/2161) regret=0.095300 ape=0.5429
[21:48:20] warmStart 70% (1526/2161) regret=0.095300 ape=0.5429
[21:48:21] warmStart 70% (1527/2161) regret=0.095300 ape=0.5429
[21:48:21] warmStart 70% (1528/2161) regret=0.095300 ape=0.5429
[21:48:21] warmStart 70% (1529/2161) regret=0.095300 ape=0.5429
[21:48:21] warmStart 70% (1530/2161) regret=0.095669 ape=0.5429
[21:48:21] warmStart 70% (1531/2161) regret=0.095300 ape=0.5429
[21:48:22] warmStart 70% (1532/2161) regret=0.095300 ape=0.5429
[21:48:22] warmStart 70% (1533/2161) regret=0.095300 ape=0.5429
[21:48:22] warmStart 70% (1534/2161) regret=0.095300 ape=0.5429
[21:48:22] warmStart 71% (1535/2161) regret=0.095300 ape=0.5429
[21:48:22] warmStart 71% (1536/2161) regret=0.095300 ape=0.5429
[21:48:23] warmStart 71% (1537/2161) regret=0.095300 ape=0.5429
[21:48:23] warmStart 71% (1538/2161) regret=0.095300 ape=0.5429
[21:48:23] warmStart 71% (1539/2161) regret=0.095271 ape=0.5419
[21:48:23] warmStart 71% (1540/2161) regret=0.095271 ape=0.5419
[21:48:23] warmStart 71% (1541/2161) regret=0.095271 ape=0.5419
[21:48:24] warmStart 71% (1542/2161) regret=0.095271 ape=0.5419
[21:48:24] warmStart 71% (1543/2161) regret=0.095271 ape=0.5419
[21:48:24] warmStart 71% (1544/2161) regret=0.095506 ape=0.5419
[21:48:24] warmStart 71% (1545/2161) regret=0.095271 ape=0.5419
[21:48:25] warmStart 71% (1546/2161) regret=0.095271 ape=0.5419
[21:48:25] warmStart 71% (1547/2161) regret=0.095300 ape=0.5429
[21:48:25] warmStart 71% (1548/2161) regret=0.095300 ape=0.5429
[21:48:25] warmStart 71% (1549/2161) regret=0.095300 ape=0.5429
[21:48:25] warmStart 71% (1550/2161) regret=0.095383 ape=0.5429
[21:48:26] warmStart 71% (1551/2161) regret=0.095300 ape=0.5429
[21:48:26] warmStart 71% (1552/2161) regret=0.095300 ape=0.5429
[21:48:26] warmStart 71% (1553/2161) regret=0.095300 ape=0.5429
[21:48:26] warmStart 71% (1554/2161) regret=0.095300 ape=0.5429
[21:48:27] warmStart 71% (1555/2161) regret=0.095300 ape=0.5429
[21:48:27] warmStart 72% (1556/2161) regret=0.095300 ape=0.5429
[21:48:27] warmStart 72% (1557/2161) regret=0.095300 ape=0.5429
[21:48:27] warmStart 72% (1558/2161) regret=0.095300 ape=0.5429
[21:48:27] warmStart 72% (1559/2161) regret=0.095300 ape=0.5429
[21:48:28] warmStart 72% (1560/2161) regret=0.095300 ape=0.5429
[21:48:28] warmStart 72% (1561/2161) regret=0.095300 ape=0.5429
[21:48:28] warmStart 72% (1562/2161) regret=0.095300 ape=0.5429
[21:48:28] warmStart 72% (1563/2161) regret=0.095563 ape=0.5429
[21:48:29] warmStart 72% (1564/2161) regret=0.095271 ape=0.5419
[21:48:29] warmStart 72% (1565/2161) regret=0.095271 ape=0.5419
[21:48:29] warmStart 72% (1566/2161) regret=0.095271 ape=0.5419
[21:48:29] warmStart 72% (1567/2161) regret=0.095271 ape=0.5419
[21:48:29] warmStart 72% (1568/2161) regret=0.094838 ape=0.5410
[21:48:30] warmStart 72% (1569/2161) regret=0.094838 ape=0.5410
[21:48:30] warmStart 72% (1570/2161) regret=0.094838 ape=0.5410
[21:48:30] warmStart 72% (1571/2161) regret=0.094838 ape=0.5410
[21:48:30] warmStart 72% (1572/2161) regret=0.094838 ape=0.5410
[21:48:31] warmStart 72% (1573/2161) regret=0.094838 ape=0.5410
[21:48:31] warmStart 72% (1574/2161) regret=0.094838 ape=0.5410
[21:48:31] warmStart 72% (1575/2161) regret=0.094838 ape=0.5410
[21:48:31] warmStart 72% (1576/2161) regret=0.094867 ape=0.5419
[21:48:31] warmStart 72% (1577/2161) regret=0.094867 ape=0.5419
[21:48:32] warmStart 73% (1578/2161) regret=0.094867 ape=0.5419
[21:48:32] warmStart 73% (1579/2161) regret=0.094867 ape=0.5419
[21:48:32] warmStart 73% (1580/2161) regret=0.094867 ape=0.5419
[21:48:32] warmStart 73% (1581/2161) regret=0.094867 ape=0.5419
[21:48:32] warmStart 73% (1582/2161) regret=0.094867 ape=0.5419
[21:48:32] warmStart 73% (1583/2161) regret=0.094867 ape=0.5419
[21:48:33] warmStart 73% (1584/2161) regret=0.094867 ape=0.5419
[21:48:33] warmStart 73% (1585/2161) regret=0.094867 ape=0.5419
[21:48:33] warmStart 73% (1586/2161) regret=0.094867 ape=0.5419
[21:48:33] warmStart 73% (1587/2161) regret=0.094867 ape=0.5419
[21:48:34] warmStart 73% (1588/2161) regret=0.094867 ape=0.5419
[21:48:34] warmStart 73% (1589/2161) regret=0.094867 ape=0.5419
[21:48:34] warmStart 73% (1590/2161) regret=0.094867 ape=0.5419
[21:48:34] warmStart 73% (1591/2161) regret=0.094821 ape=0.5419
[21:48:34] warmStart 73% (1592/2161) regret=0.094821 ape=0.5419
[21:48:35] warmStart 73% (1593/2161) regret=0.094821 ape=0.5419
[21:48:35] warmStart 73% (1594/2161) regret=0.094867 ape=0.5419
[21:48:35] warmStart 73% (1595/2161) regret=0.094867 ape=0.5419
[21:48:35] warmStart 73% (1596/2161) regret=0.094867 ape=0.5419
[21:48:36] warmStart 73% (1597/2161) regret=0.094867 ape=0.5419
[21:48:36] warmStart 73% (1598/2161) regret=0.094867 ape=0.5419
[21:48:36] warmStart 73% (1599/2161) regret=0.094838 ape=0.5410
[21:48:37] warmStart 74% (1600/2161) regret=0.094838 ape=0.5410
[21:48:37] warmStart 74% (1601/2161) regret=0.094838 ape=0.5410
[21:48:37] warmStart 74% (1602/2161) regret=0.094838 ape=0.5410
[21:48:37] warmStart 74% (1603/2161) regret=0.094838 ape=0.5410
[21:48:38] warmStart 74% (1604/2161) regret=0.094838 ape=0.5410
[21:48:38] warmStart 74% (1605/2161) regret=0.094838 ape=0.5410
[21:48:38] warmStart 74% (1606/2161) regret=0.094867 ape=0.5419
[21:48:39] warmStart 74% (1607/2161) regret=0.094867 ape=0.5419
[21:48:39] warmStart 74% (1608/2161) regret=0.094867 ape=0.5419
[21:48:39] warmStart 74% (1609/2161) regret=0.094867 ape=0.5419
[21:48:39] warmStart 74% (1610/2161) regret=0.094867 ape=0.5419
[21:48:40] warmStart 74% (1611/2161) regret=0.094867 ape=0.5419
[21:48:40] warmStart 74% (1612/2161) regret=0.094867 ape=0.5419
[21:48:40] warmStart 74% (1613/2161) regret=0.094867 ape=0.5419
[21:48:40] warmStart 74% (1614/2161) regret=0.094867 ape=0.5419
[21:48:41] warmStart 74% (1615/2161) regret=0.094867 ape=0.5419
[21:48:41] warmStart 74% (1616/2161) regret=0.094867 ape=0.5419
[21:48:41] warmStart 74% (1617/2161) regret=0.094867 ape=0.5419
[21:48:41] warmStart 74% (1618/2161) regret=0.094867 ape=0.5419
[21:48:42] warmStart 74% (1619/2161) regret=0.094867 ape=0.5419
[21:48:42] warmStart 74% (1620/2161) regret=0.094867 ape=0.5419
[21:48:42] warmStart 75% (1621/2161) regret=0.094867 ape=0.5419
[21:48:42] warmStart 75% (1622/2161) regret=0.094867 ape=0.5419
[21:48:43] warmStart 75% (1623/2161) regret=0.094867 ape=0.5419
[21:48:43] warmStart 75% (1624/2161) regret=0.094867 ape=0.5419
[21:48:43] warmStart 75% (1625/2161) regret=0.094867 ape=0.5419
[21:48:43] warmStart 75% (1626/2161) regret=0.094867 ape=0.5419
[21:48:44] warmStart 75% (1627/2161) regret=0.094867 ape=0.5419
[21:48:44] warmStart 75% (1628/2161) regret=0.094867 ape=0.5419
[21:48:44] warmStart 75% (1629/2161) regret=0.094867 ape=0.5419
[21:48:45] warmStart 75% (1630/2161) regret=0.094867 ape=0.5419
[21:48:45] warmStart 75% (1631/2161) regret=0.094867 ape=0.5419
[21:48:45] warmStart 75% (1632/2161) regret=0.094838 ape=0.5410
[21:48:45] warmStart 75% (1633/2161) regret=0.094838 ape=0.5410
[21:48:46] warmStart 75% (1634/2161) regret=0.094838 ape=0.5410
[21:48:46] warmStart 75% (1635/2161) regret=0.094838 ape=0.5410
[21:48:46] warmStart 75% (1636/2161) regret=0.094838 ape=0.5410
[21:48:46] warmStart 75% (1637/2161) regret=0.094838 ape=0.5410
[21:48:47] warmStart 75% (1638/2161) regret=0.094835 ape=0.5410
[21:48:47] warmStart 75% (1639/2161) regret=0.094835 ape=0.5410
[21:48:47] warmStart 75% (1640/2161) regret=0.094864 ape=0.5419
[21:48:48] warmStart 75% (1641/2161) regret=0.094864 ape=0.5419
[21:48:48] warmStart 75% (1642/2161) regret=0.094862 ape=0.5419
[21:48:48] warmStart 76% (1643/2161) regret=0.094864 ape=0.5419
[21:48:48] warmStart 76% (1644/2161) regret=0.094864 ape=0.5419
[21:48:49] warmStart 76% (1645/2161) regret=0.094864 ape=0.5419
[21:48:49] warmStart 76% (1646/2161) regret=0.094864 ape=0.5419
[21:48:49] warmStart 76% (1647/2161) regret=0.094864 ape=0.5419
[21:48:49] warmStart 76% (1648/2161) regret=0.094864 ape=0.5419
[21:48:49] warmStart 76% (1649/2161) regret=0.094864 ape=0.5419
[21:48:50] warmStart 76% (1650/2161) regret=0.094864 ape=0.5419
[21:48:50] warmStart 76% (1651/2161) regret=0.094864 ape=0.5419
[21:48:50] warmStart 76% (1652/2161) regret=0.094864 ape=0.5419
[21:48:51] warmStart 76% (1653/2161) regret=0.094864 ape=0.5419
[21:48:51] warmStart 76% (1654/2161) regret=0.094864 ape=0.5419
[21:48:51] warmStart 76% (1655/2161) regret=0.094835 ape=0.5410
[21:48:51] warmStart 76% (1656/2161) regret=0.094835 ape=0.5410
[21:48:52] warmStart 76% (1657/2161) regret=0.094835 ape=0.5410
[21:48:52] warmStart 76% (1658/2161) regret=0.094835 ape=0.5410
[21:48:52] warmStart 76% (1659/2161) regret=0.094835 ape=0.5410
[21:48:53] warmStart 76% (1660/2161) regret=0.094835 ape=0.5410
[21:48:53] warmStart 76% (1661/2161) regret=0.094835 ape=0.5410
[21:48:53] warmStart 76% (1662/2161) regret=0.094835 ape=0.5410
[21:48:53] warmStart 76% (1663/2161) regret=0.094835 ape=0.5410
[21:48:54] warmStart 77% (1664/2161) regret=0.094864 ape=0.5419
[21:48:54] warmStart 77% (1665/2161) regret=0.094864 ape=0.5419
[21:48:54] warmStart 77% (1666/2161) regret=0.094864 ape=0.5419
[21:48:55] warmStart 77% (1667/2161) regret=0.094864 ape=0.5419
[21:48:55] warmStart 77% (1668/2161) regret=0.094864 ape=0.5419
[21:48:55] warmStart 77% (1669/2161) regret=0.094864 ape=0.5419
[21:48:55] warmStart 77% (1670/2161) regret=0.094873 ape=0.5419
[21:48:56] warmStart 77% (1671/2161) regret=0.094864 ape=0.5419
[21:48:56] warmStart 77% (1672/2161) regret=0.094864 ape=0.5419
[21:48:56] warmStart 77% (1673/2161) regret=0.094864 ape=0.5419
[21:48:57] warmStart 77% (1674/2161) regret=0.094864 ape=0.5419
[21:48:57] warmStart 77% (1675/2161) regret=0.094864 ape=0.5419
[21:48:57] warmStart 77% (1676/2161) regret=0.094864 ape=0.5419
[21:48:57] warmStart 77% (1677/2161) regret=0.094864 ape=0.5419
[21:48:58] warmStart 77% (1678/2161) regret=0.094864 ape=0.5419
[21:48:58] warmStart 77% (1679/2161) regret=0.094864 ape=0.5419
[21:48:58] warmStart 77% (1680/2161) regret=0.094864 ape=0.5419
[21:48:58] warmStart 77% (1681/2161) regret=0.094864 ape=0.5419
[21:48:59] warmStart 77% (1682/2161) regret=0.094864 ape=0.5419
[21:48:59] warmStart 77% (1683/2161) regret=0.094864 ape=0.5419
[21:48:59] warmStart 77% (1684/2161) regret=0.094864 ape=0.5419
[21:48:59] warmStart 77% (1685/2161) regret=0.094864 ape=0.5419
[21:48:59] warmStart 78% (1686/2161) regret=0.094864 ape=0.5419
[21:49:00] warmStart 78% (1687/2161) regret=0.094864 ape=0.5419
[21:49:00] warmStart 78% (1688/2161) regret=0.094864 ape=0.5419
[21:49:00] warmStart 78% (1689/2161) regret=0.094864 ape=0.5419
[21:49:00] warmStart 78% (1690/2161) regret=0.094835 ape=0.5410
[21:49:01] warmStart 78% (1691/2161) regret=0.094835 ape=0.5410
[21:49:01] warmStart 78% (1692/2161) regret=0.094835 ape=0.5410
[21:49:01] warmStart 78% (1693/2161) regret=0.094835 ape=0.5410
[21:49:01] warmStart 78% (1694/2161) regret=0.094835 ape=0.5410
[21:49:02] warmStart 78% (1695/2161) regret=0.094835 ape=0.5410
[21:49:02] warmStart 78% (1696/2161) regret=0.094835 ape=0.5410
[21:49:02] warmStart 78% (1697/2161) regret=0.094864 ape=0.5419
[21:49:03] warmStart 78% (1698/2161) regret=0.094864 ape=0.5419
[21:49:03] warmStart 78% (1699/2161) regret=0.094864 ape=0.5419
[21:49:03] warmStart 78% (1700/2161) regret=0.094862 ape=0.5419
[21:49:03] warmStart 78% (1701/2161) regret=0.094864 ape=0.5419
[21:49:04] warmStart 78% (1702/2161) regret=0.094864 ape=0.5419
[21:49:04] warmStart 78% (1703/2161) regret=0.094864 ape=0.5419
[21:49:04] warmStart 78% (1704/2161) regret=0.094864 ape=0.5419
[21:49:04] warmStart 78% (1705/2161) regret=0.094864 ape=0.5419
[21:49:05] warmStart 78% (1706/2161) regret=0.094864 ape=0.5419
[21:49:05] warmStart 78% (1707/2161) regret=0.094864 ape=0.5419
[21:49:05] warmStart 79% (1708/2161) regret=0.094864 ape=0.5419
[21:49:05] warmStart 79% (1709/2161) regret=0.094864 ape=0.5419
[21:49:06] warmStart 79% (1710/2161) regret=0.094864 ape=0.5419
[21:49:06] warmStart 79% (1711/2161) regret=0.094864 ape=0.5419
[21:49:06] warmStart 79% (1712/2161) regret=0.094864 ape=0.5419
[21:49:07] warmStart 79% (1713/2161) regret=0.094864 ape=0.5419
[21:49:07] warmStart 79% (1714/2161) regret=0.094864 ape=0.5419
[21:49:07] warmStart 79% (1715/2161) regret=0.094864 ape=0.5419
[21:49:07] warmStart 79% (1716/2161) regret=0.094864 ape=0.5419
[21:49:08] warmStart 79% (1717/2161) regret=0.094864 ape=0.5419
[21:49:08] warmStart 79% (1718/2161) regret=0.094835 ape=0.5410
[21:49:08] warmStart 79% (1719/2161) regret=0.094835 ape=0.5410
[21:49:08] warmStart 79% (1720/2161) regret=0.094853 ape=0.5410
[21:49:09] warmStart 79% (1721/2161) regret=0.094835 ape=0.5410
[21:49:09] warmStart 79% (1722/2161) regret=0.094835 ape=0.5410
[21:49:09] warmStart 79% (1723/2161) regret=0.094835 ape=0.5410
[21:49:09] warmStart 79% (1724/2161) regret=0.094835 ape=0.5410
[21:49:10] warmStart 79% (1725/2161) regret=0.094835 ape=0.5410
[21:49:10] warmStart 79% (1726/2161) regret=0.094864 ape=0.5419
[21:49:10] warmStart 79% (1727/2161) regret=0.094864 ape=0.5419
[21:49:10] warmStart 79% (1728/2161) regret=0.094864 ape=0.5419
[21:49:11] warmStart 80% (1729/2161) regret=0.094864 ape=0.5419
[21:49:11] warmStart 80% (1730/2161) regret=0.094864 ape=0.5419
[21:49:11] warmStart 80% (1731/2161) regret=0.094864 ape=0.5419
[21:49:11] warmStart 80% (1732/2161) regret=0.094864 ape=0.5419
[21:49:12] warmStart 80% (1733/2161) regret=0.094864 ape=0.5419
[21:49:12] warmStart 80% (1734/2161) regret=0.094864 ape=0.5419
[21:49:12] warmStart 80% (1735/2161) regret=0.094864 ape=0.5419
[21:49:13] warmStart 80% (1736/2161) regret=0.094864 ape=0.5419
[21:49:13] warmStart 80% (1737/2161) regret=0.094864 ape=0.5419
[21:49:13] warmStart 80% (1738/2161) regret=0.094864 ape=0.5419
[21:49:13] warmStart 80% (1739/2161) regret=0.094864 ape=0.5419
[21:49:14] warmStart 80% (1740/2161) regret=0.094864 ape=0.5419
[21:49:14] warmStart 80% (1741/2161) regret=0.094864 ape=0.5419
[21:49:14] warmStart 80% (1742/2161) regret=0.094864 ape=0.5419
[21:49:15] warmStart 80% (1743/2161) regret=0.094864 ape=0.5419
[21:49:15] warmStart 80% (1744/2161) regret=0.094835 ape=0.5410
[21:49:15] warmStart 80% (1745/2161) regret=0.094835 ape=0.5410
[21:49:15] warmStart 80% (1746/2161) regret=0.094835 ape=0.5410
[21:49:15] warmStart 80% (1747/2161) regret=0.094835 ape=0.5410
[21:49:16] warmStart 80% (1748/2161) regret=0.094835 ape=0.5410
[21:49:16] warmStart 80% (1749/2161) regret=0.094835 ape=0.5410
[21:49:16] warmStart 80% (1750/2161) regret=0.094835 ape=0.5410
[21:49:17] warmStart 81% (1751/2161) regret=0.094835 ape=0.5410
[21:49:17] warmStart 81% (1752/2161) regret=0.094835 ape=0.5410
[21:49:17] warmStart 81% (1753/2161) regret=0.094835 ape=0.5410
[21:49:17] warmStart 81% (1754/2161) regret=0.094835 ape=0.5410
[21:49:18] warmStart 81% (1755/2161) regret=0.094853 ape=0.5410
[21:49:18] warmStart 81% (1756/2161) regret=0.094835 ape=0.5410
[21:49:18] warmStart 81% (1757/2161) regret=0.094835 ape=0.5410
[21:49:18] warmStart 81% (1758/2161) regret=0.094835 ape=0.5410
[21:49:19] warmStart 81% (1759/2161) regret=0.094835 ape=0.5410
[21:49:19] warmStart 81% (1760/2161) regret=0.094835 ape=0.5410
[21:49:19] warmStart 81% (1761/2161) regret=0.094835 ape=0.5410
[21:49:20] warmStart 81% (1762/2161) regret=0.094835 ape=0.5410
[21:49:20] warmStart 81% (1763/2161) regret=0.094864 ape=0.5419
[21:49:20] warmStart 81% (1764/2161) regret=0.094878 ape=0.5419
[21:49:20] warmStart 81% (1765/2161) regret=0.094864 ape=0.5419
[21:49:21] warmStart 81% (1766/2161) regret=0.094864 ape=0.5419
[21:49:21] warmStart 81% (1767/2161) regret=0.094919 ape=0.5429
[21:49:21] warmStart 81% (1768/2161) regret=0.094864 ape=0.5419
[21:49:21] warmStart 81% (1769/2161) regret=0.094864 ape=0.5419
[21:49:22] warmStart 81% (1770/2161) regret=0.094864 ape=0.5419
[21:49:22] warmStart 81% (1771/2161) regret=0.094864 ape=0.5419
[21:49:22] warmStart 81% (1772/2161) regret=0.094864 ape=0.5419
[21:49:23] warmStart 82% (1773/2161) regret=0.094864 ape=0.5419
[21:49:23] warmStart 82% (1774/2161) regret=0.094864 ape=0.5419
[21:49:23] warmStart 82% (1775/2161) regret=0.094864 ape=0.5419
[21:49:23] warmStart 82% (1776/2161) regret=0.094864 ape=0.5419
[21:49:24] warmStart 82% (1777/2161) regret=0.094864 ape=0.5419
[21:49:24] warmStart 82% (1778/2161) regret=0.094864 ape=0.5419
[21:49:24] warmStart 82% (1779/2161) regret=0.094864 ape=0.5419
[21:49:24] warmStart 82% (1780/2161) regret=0.094864 ape=0.5419
[21:49:25] warmStart 82% (1781/2161) regret=0.094864 ape=0.5419
[21:49:25] warmStart 82% (1782/2161) regret=0.094832 ape=0.5410
[21:49:25] warmStart 82% (1783/2161) regret=0.094835 ape=0.5410
[21:49:25] warmStart 82% (1784/2161) regret=0.094853 ape=0.5410
[21:49:26] warmStart 82% (1785/2161) regret=0.094835 ape=0.5410
[21:49:26] warmStart 82% (1786/2161) regret=0.094835 ape=0.5410
[21:49:26] warmStart 82% (1787/2161) regret=0.094835 ape=0.5410
[21:49:26] warmStart 82% (1788/2161) regret=0.094835 ape=0.5410
[21:49:26] warmStart 82% (1789/2161) regret=0.094864 ape=0.5419
[21:49:27] warmStart 82% (1790/2161) regret=0.094889 ape=0.5419
[21:49:27] warmStart 82% (1791/2161) regret=0.094889 ape=0.5419
[21:49:27] warmStart 82% (1792/2161) regret=0.094864 ape=0.5419
[21:49:27] warmStart 82% (1793/2161) regret=0.094889 ape=0.5419
[21:49:28] warmStart 83% (1794/2161) regret=0.094864 ape=0.5419
[21:49:28] warmStart 83% (1795/2161) regret=0.094864 ape=0.5419
[21:49:28] warmStart 83% (1796/2161) regret=0.094864 ape=0.5419
[21:49:29] warmStart 83% (1797/2161) regret=0.094889 ape=0.5419
[21:49:29] warmStart 83% (1798/2161) regret=0.094864 ape=0.5419
[21:49:29] warmStart 83% (1799/2161) regret=0.094864 ape=0.5419
[21:49:29] warmStart 83% (1800/2161) regret=0.094721 ape=0.5410
[21:49:30] warmStart 83% (1801/2161) regret=0.094721 ape=0.5410
[21:49:30] warmStart 83% (1802/2161) regret=0.094721 ape=0.5410
[21:49:30] warmStart 83% (1803/2161) regret=0.094721 ape=0.5410
[21:49:31] warmStart 83% (1804/2161) regret=0.094721 ape=0.5410
[21:49:31] warmStart 83% (1805/2161) regret=0.094721 ape=0.5410
[21:49:31] warmStart 83% (1806/2161) regret=0.094772 ape=0.5419
[21:49:31] warmStart 83% (1807/2161) regret=0.094772 ape=0.5419
[21:49:32] warmStart 83% (1808/2161) regret=0.094772 ape=0.5419
[21:49:32] warmStart 83% (1809/2161) regret=0.094772 ape=0.5419
[21:49:32] warmStart 83% (1810/2161) regret=0.094772 ape=0.5419
[21:49:33] warmStart 83% (1811/2161) regret=0.094772 ape=0.5419
[21:49:33] warmStart 83% (1812/2161) regret=0.094721 ape=0.5410
[21:49:33] warmStart 83% (1813/2161) regret=0.094721 ape=0.5410
[21:49:33] warmStart 83% (1814/2161) regret=0.094721 ape=0.5410
[21:49:34] warmStart 83% (1815/2161) regret=0.094721 ape=0.5410
[21:49:34] warmStart 84% (1816/2161) regret=0.094721 ape=0.5410
[21:49:34] warmStart 84% (1817/2161) regret=0.094721 ape=0.5410
[21:49:34] warmStart 84% (1818/2161) regret=0.094689 ape=0.5410
[21:49:35] warmStart 84% (1819/2161) regret=0.094721 ape=0.5410
[21:49:35] warmStart 84% (1820/2161) regret=0.094721 ape=0.5410
[21:49:35] warmStart 84% (1821/2161) regret=0.094721 ape=0.5410
[21:49:35] warmStart 84% (1822/2161) regret=0.094721 ape=0.5410
[21:49:36] warmStart 84% (1823/2161) regret=0.094721 ape=0.5410
[21:49:36] warmStart 84% (1824/2161) regret=0.094721 ape=0.5410
[21:49:36] warmStart 84% (1825/2161) regret=0.094721 ape=0.5410
[21:49:37] warmStart 84% (1826/2161) regret=0.094721 ape=0.5410
[21:49:37] warmStart 84% (1827/2161) regret=0.094721 ape=0.5410
[21:49:37] warmStart 84% (1828/2161) regret=0.094518 ape=0.5410
[21:49:37] warmStart 84% (1829/2161) regret=0.094426 ape=0.5401
[21:49:38] warmStart 84% (1830/2161) regret=0.094518 ape=0.5410
[21:49:38] warmStart 84% (1831/2161) regret=0.094721 ape=0.5410
[21:49:38] warmStart 84% (1832/2161) regret=0.094518 ape=0.5410
[21:49:39] warmStart 84% (1833/2161) regret=0.094426 ape=0.5401
[21:49:39] warmStart 84% (1834/2161) regret=0.094426 ape=0.5401
[21:49:39] warmStart 84% (1835/2161) regret=0.094426 ape=0.5401
[21:49:39] warmStart 84% (1836/2161) regret=0.094426 ape=0.5401
[21:49:40] warmStart 85% (1837/2161) regret=0.094426 ape=0.5401
[21:49:40] warmStart 85% (1838/2161) regret=0.094426 ape=0.5401
[21:49:40] warmStart 85% (1839/2161) regret=0.094426 ape=0.5401
[21:49:40] warmStart 85% (1840/2161) regret=0.094397 ape=0.5392
[21:49:41] warmStart 85% (1841/2161) regret=0.094397 ape=0.5392
[21:49:41] warmStart 85% (1842/2161) regret=0.094148 ape=0.5392
[21:49:41] warmStart 85% (1843/2161) regret=0.094397 ape=0.5392
[21:49:41] warmStart 85% (1844/2161) regret=0.094397 ape=0.5392
[21:49:42] warmStart 85% (1845/2161) regret=0.094397 ape=0.5392
[21:49:42] warmStart 85% (1846/2161) regret=0.094397 ape=0.5392
[21:49:42] warmStart 85% (1847/2161) regret=0.094397 ape=0.5392
[21:49:42] warmStart 85% (1848/2161) regret=0.094397 ape=0.5392
[21:49:43] warmStart 85% (1849/2161) regret=0.094397 ape=0.5392
[21:49:43] warmStart 85% (1850/2161) regret=0.094426 ape=0.5401
[21:49:43] warmStart 85% (1851/2161) regret=0.094426 ape=0.5401
[21:49:44] warmStart 85% (1852/2161) regret=0.094426 ape=0.5401
[21:49:44] warmStart 85% (1853/2161) regret=0.094426 ape=0.5401
[21:49:44] warmStart 85% (1854/2161) regret=0.094426 ape=0.5401
[21:49:44] warmStart 85% (1855/2161) regret=0.094426 ape=0.5401
[21:49:45] warmStart 85% (1856/2161) regret=0.094426 ape=0.5401
[21:49:45] warmStart 85% (1857/2161) regret=0.094426 ape=0.5401
[21:49:45] warmStart 85% (1858/2161) regret=0.094426 ape=0.5401
[21:49:45] warmStart 86% (1859/2161) regret=0.094426 ape=0.5401
[21:49:46] warmStart 86% (1860/2161) regret=0.094426 ape=0.5401
[21:49:46] warmStart 86% (1861/2161) regret=0.094348 ape=0.5392
[21:49:46] warmStart 86% (1862/2161) regret=0.094426 ape=0.5401
[21:49:46] warmStart 86% (1863/2161) regret=0.094426 ape=0.5401
[21:49:47] warmStart 86% (1864/2161) regret=0.094426 ape=0.5401
[21:49:47] warmStart 86% (1865/2161) regret=0.094426 ape=0.5401
[21:49:47] warmStart 86% (1866/2161) regret=0.094426 ape=0.5401
[21:49:47] warmStart 86% (1867/2161) regret=0.094426 ape=0.5401
[21:49:47] warmStart 86% (1868/2161) regret=0.094426 ape=0.5401
[21:49:48] warmStart 86% (1869/2161) regret=0.094426 ape=0.5401
[21:49:48] warmStart 86% (1870/2161) regret=0.094397 ape=0.5392
[21:49:48] warmStart 86% (1871/2161) regret=0.094397 ape=0.5392
[21:49:48] warmStart 86% (1872/2161) regret=0.094397 ape=0.5392
[21:49:49] warmStart 86% (1873/2161) regret=0.094397 ape=0.5392
[21:49:49] warmStart 86% (1874/2161) regret=0.094397 ape=0.5392
[21:49:49] warmStart 86% (1875/2161) regret=0.094397 ape=0.5392
[21:49:49] warmStart 86% (1876/2161) regret=0.094397 ape=0.5392
[21:49:50] warmStart 86% (1877/2161) regret=0.094397 ape=0.5392
[21:49:50] warmStart 86% (1878/2161) regret=0.094397 ape=0.5392
[21:49:50] warmStart 86% (1879/2161) regret=0.094397 ape=0.5392
[21:49:50] warmStart 86% (1880/2161) regret=0.094397 ape=0.5392
[21:49:50] warmStart 87% (1881/2161) regret=0.094397 ape=0.5392
[21:49:50] warmStart 87% (1882/2161) regret=0.094426 ape=0.5401
[21:49:51] warmStart 87% (1883/2161) regret=0.094426 ape=0.5401
[21:49:51] warmStart 87% (1884/2161) regret=0.094426 ape=0.5401
[21:49:51] warmStart 87% (1885/2161) regret=0.094426 ape=0.5401
[21:49:51] warmStart 87% (1886/2161) regret=0.094426 ape=0.5401
[21:49:51] warmStart 87% (1887/2161) regret=0.094426 ape=0.5401
[21:49:52] warmStart 87% (1888/2161) regret=0.094426 ape=0.5401
[21:49:52] warmStart 87% (1889/2161) regret=0.094426 ape=0.5401
[21:49:52] warmStart 87% (1890/2161) regret=0.094426 ape=0.5401
[21:49:52] warmStart 87% (1891/2161) regret=0.094426 ape=0.5401
[21:49:52] warmStart 87% (1892/2161) regret=0.094426 ape=0.5401
[21:49:52] warmStart 87% (1893/2161) regret=0.094380 ape=0.5401
[21:49:53] warmStart 87% (1894/2161) regret=0.094380 ape=0.5401
[21:49:53] warmStart 87% (1895/2161) regret=0.094380 ape=0.5401
[21:49:53] warmStart 87% (1896/2161) regret=0.094380 ape=0.5401
[21:49:53] warmStart 87% (1897/2161) regret=0.094380 ape=0.5401
[21:49:53] warmStart 87% (1898/2161) regret=0.094380 ape=0.5401
[21:49:54] warmStart 87% (1899/2161) regret=0.094380 ape=0.5401
[21:49:54] warmStart 87% (1900/2161) regret=0.094380 ape=0.5401
[21:49:54] warmStart 87% (1901/2161) regret=0.094380 ape=0.5401
[21:49:54] warmStart 88% (1902/2161) regret=0.094380 ape=0.5401
[21:49:54] warmStart 88% (1903/2161) regret=0.094349 ape=0.5392
[21:49:55] warmStart 88% (1904/2161) regret=0.094351 ape=0.5392
[21:49:55] warmStart 88% (1905/2161) regret=0.094351 ape=0.5392
[21:49:55] warmStart 88% (1906/2161) regret=0.094351 ape=0.5392
[21:49:55] warmStart 88% (1907/2161) regret=0.094342 ape=0.5392
[21:49:56] warmStart 88% (1908/2161) regret=0.094351 ape=0.5392
[21:49:56] warmStart 88% (1909/2161) regret=0.094351 ape=0.5392
[21:49:56] warmStart 88% (1910/2161) regret=0.094351 ape=0.5392
[21:49:56] warmStart 88% (1911/2161) regret=0.094369 ape=0.5392
[21:49:57] warmStart 88% (1912/2161) regret=0.094351 ape=0.5392
[21:49:57] warmStart 88% (1913/2161) regret=0.094380 ape=0.5401
[21:49:57] warmStart 88% (1914/2161) regret=0.094380 ape=0.5401
[21:49:57] warmStart 88% (1915/2161) regret=0.094380 ape=0.5401
[21:49:57] warmStart 88% (1916/2161) regret=0.094380 ape=0.5401
[21:49:58] warmStart 88% (1917/2161) regret=0.094380 ape=0.5401
[21:49:58] warmStart 88% (1918/2161) regret=0.094380 ape=0.5401
[21:49:58] warmStart 88% (1919/2161) regret=0.094380 ape=0.5401
[21:49:58] warmStart 88% (1920/2161) regret=0.094380 ape=0.5401
[21:49:59] warmStart 88% (1921/2161) regret=0.094380 ape=0.5401
[21:49:59] warmStart 88% (1922/2161) regret=0.094380 ape=0.5401
[21:49:59] warmStart 88% (1923/2161) regret=0.094380 ape=0.5401
[21:49:59] warmStart 89% (1924/2161) regret=0.094380 ape=0.5401
[21:49:59] warmStart 89% (1925/2161) regret=0.094380 ape=0.5401
[21:50:00] warmStart 89% (1926/2161) regret=0.094380 ape=0.5401
[21:50:00] warmStart 89% (1927/2161) regret=0.094380 ape=0.5401
[21:50:00] warmStart 89% (1928/2161) regret=0.094380 ape=0.5401
[21:50:00] warmStart 89% (1929/2161) regret=0.094380 ape=0.5401
[21:50:01] warmStart 89% (1930/2161) regret=0.094380 ape=0.5401
[21:50:01] warmStart 89% (1931/2161) regret=0.094380 ape=0.5401
[21:50:01] warmStart 89% (1932/2161) regret=0.094380 ape=0.5401
[21:50:01] warmStart 89% (1933/2161) regret=0.094380 ape=0.5401
[21:50:01] warmStart 89% (1934/2161) regret=0.094380 ape=0.5401
[21:50:02] warmStart 89% (1935/2161) regret=0.094380 ape=0.5401
[21:50:02] warmStart 89% (1936/2161) regret=0.094380 ape=0.5401
[21:50:02] warmStart 89% (1937/2161) regret=0.094380 ape=0.5401
[21:50:02] warmStart 89% (1938/2161) regret=0.094380 ape=0.5401
[21:50:02] warmStart 89% (1939/2161) regret=0.094380 ape=0.5401
[21:50:03] warmStart 89% (1940/2161) regret=0.094380 ape=0.5401
[21:50:03] warmStart 89% (1941/2161) regret=0.094380 ape=0.5401
[21:50:03] warmStart 89% (1942/2161) regret=0.094380 ape=0.5401
[21:50:03] warmStart 89% (1943/2161) regret=0.094380 ape=0.5401
[21:50:04] warmStart 89% (1944/2161) regret=0.094380 ape=0.5401
[21:50:04] warmStart 90% (1945/2161) regret=0.094380 ape=0.5401
[21:50:04] warmStart 90% (1946/2161) regret=0.094380 ape=0.5401
[21:50:04] warmStart 90% (1947/2161) regret=0.094380 ape=0.5401
[21:50:04] warmStart 90% (1948/2161) regret=0.094351 ape=0.5392
[21:50:05] warmStart 90% (1949/2161) regret=0.094349 ape=0.5392
[21:50:05] warmStart 90% (1950/2161) regret=0.094351 ape=0.5392
[21:50:05] warmStart 90% (1951/2161) regret=0.094351 ape=0.5392
[21:50:05] warmStart 90% (1952/2161) regret=0.094351 ape=0.5392
[21:50:05] warmStart 90% (1953/2161) regret=0.094351 ape=0.5392
[21:50:06] warmStart 90% (1954/2161) regret=0.094351 ape=0.5392
[21:50:06] warmStart 90% (1955/2161) regret=0.094351 ape=0.5392
[21:50:06] warmStart 90% (1956/2161) regret=0.094351 ape=0.5392
[21:50:06] warmStart 90% (1957/2161) regret=0.094380 ape=0.5401
[21:50:07] warmStart 90% (1958/2161) regret=0.094380 ape=0.5401
[21:50:07] warmStart 90% (1959/2161) regret=0.094380 ape=0.5401
[21:50:07] warmStart 90% (1960/2161) regret=0.094380 ape=0.5401
[21:50:07] warmStart 90% (1961/2161) regret=0.094380 ape=0.5401
[21:50:08] warmStart 90% (1962/2161) regret=0.094380 ape=0.5401
[21:50:08] warmStart 90% (1963/2161) regret=0.094380 ape=0.5401
[21:50:08] warmStart 90% (1964/2161) regret=0.094380 ape=0.5401
[21:50:08] warmStart 90% (1965/2161) regret=0.094380 ape=0.5401
[21:50:09] warmStart 90% (1966/2161) regret=0.094380 ape=0.5401
[21:50:09] warmStart 91% (1967/2161) regret=0.094380 ape=0.5401
[21:50:09] warmStart 91% (1968/2161) regret=0.094352 ape=0.5401
[21:50:10] warmStart 91% (1969/2161) regret=0.094343 ape=0.5401
[21:50:10] warmStart 91% (1970/2161) regret=0.094352 ape=0.5401
[21:50:10] warmStart 91% (1971/2161) regret=0.094343 ape=0.5401
[21:50:10] warmStart 91% (1972/2161) regret=0.094352 ape=0.5401
[21:50:11] warmStart 91% (1973/2161) regret=0.094352 ape=0.5401
[21:50:11] warmStart 91% (1974/2161) regret=0.094352 ape=0.5401
[21:50:11] warmStart 91% (1975/2161) regret=0.094343 ape=0.5401
[21:50:11] warmStart 91% (1976/2161) regret=0.094343 ape=0.5401
[21:50:12] warmStart 91% (1977/2161) regret=0.094394 ape=0.5410
[21:50:12] warmStart 91% (1978/2161) regret=0.094394 ape=0.5410
[21:50:12] warmStart 91% (1979/2161) regret=0.094394 ape=0.5410
[21:50:12] warmStart 91% (1980/2161) regret=0.094343 ape=0.5401
[21:50:13] warmStart 91% (1981/2161) regret=0.094394 ape=0.5410
[21:50:13] warmStart 91% (1982/2161) regret=0.094394 ape=0.5410
[21:50:13] warmStart 91% (1983/2161) regret=0.094394 ape=0.5410
[21:50:13] warmStart 91% (1984/2161) regret=0.094343 ape=0.5401
[21:50:14] warmStart 91% (1985/2161) regret=0.094343 ape=0.5401
[21:50:14] warmStart 91% (1986/2161) regret=0.094343 ape=0.5401
[21:50:14] warmStart 91% (1987/2161) regret=0.094343 ape=0.5401
[21:50:15] warmStart 91% (1988/2161) regret=0.094329 ape=0.5401
[21:50:15] warmStart 92% (1989/2161) regret=0.094343 ape=0.5401
[21:50:15] warmStart 92% (1990/2161) regret=0.094343 ape=0.5401
[21:50:15] warmStart 92% (1991/2161) regret=0.094329 ape=0.5392
[21:50:16] warmStart 92% (1992/2161) regret=0.094329 ape=0.5392
[21:50:16] warmStart 92% (1993/2161) regret=0.094329 ape=0.5392
[21:50:16] warmStart 92% (1994/2161) regret=0.094329 ape=0.5392
[21:50:16] warmStart 92% (1995/2161) regret=0.094329 ape=0.5392
[21:50:17] warmStart 92% (1996/2161) regret=0.094329 ape=0.5392
[21:50:17] warmStart 92% (1997/2161) regret=0.094329 ape=0.5392
[21:50:17] warmStart 92% (1998/2161) regret=0.094329 ape=0.5392
[21:50:17] warmStart 92% (1999/2161) regret=0.094329 ape=0.5392
[21:50:18] warmStart 92% (2000/2161) regret=0.094300 ape=0.5382
[21:50:18] warmStart 92% (2001/2161) regret=0.094300 ape=0.5382
[21:50:18] warmStart 92% (2002/2161) regret=0.094300 ape=0.5382
[21:50:18] warmStart 92% (2003/2161) regret=0.094300 ape=0.5382
[21:50:19] warmStart 92% (2004/2161) regret=0.094300 ape=0.5382
[21:50:19] warmStart 92% (2005/2161) regret=0.094300 ape=0.5382
[21:50:19] warmStart 92% (2006/2161) regret=0.094300 ape=0.5382
[21:50:19] warmStart 92% (2007/2161) regret=0.094300 ape=0.5382
[21:50:20] warmStart 92% (2008/2161) regret=0.094300 ape=0.5382
[21:50:20] warmStart 92% (2009/2161) regret=0.094300 ape=0.5382
[21:50:20] warmStart 93% (2010/2161) regret=0.094300 ape=0.5382
[21:50:20] warmStart 93% (2011/2161) regret=0.094300 ape=0.5382
[21:50:21] warmStart 93% (2012/2161) regret=0.094329 ape=0.5392
[21:50:21] warmStart 93% (2013/2161) regret=0.094329 ape=0.5392
[21:50:21] warmStart 93% (2014/2161) regret=0.094329 ape=0.5392
[21:50:22] warmStart 93% (2015/2161) regret=0.094348 ape=0.5392
[21:50:22] warmStart 93% (2016/2161) regret=0.094329 ape=0.5392
[21:50:22] warmStart 93% (2017/2161) regret=0.094329 ape=0.5392
[21:50:22] warmStart 93% (2018/2161) regret=0.094329 ape=0.5392
[21:50:23] warmStart 93% (2019/2161) regret=0.094504 ape=0.5392
[21:50:23] warmStart 93% (2020/2161) regret=0.094329 ape=0.5392
[21:50:23] warmStart 93% (2021/2161) regret=0.094329 ape=0.5392
[21:50:23] warmStart 93% (2022/2161) regret=0.094329 ape=0.5392
[21:50:24] warmStart 93% (2023/2161) regret=0.094431 ape=0.5392
[21:50:24] warmStart 93% (2024/2161) regret=0.094329 ape=0.5392
[21:50:24] warmStart 93% (2025/2161) regret=0.094329 ape=0.5392
[21:50:24] warmStart 93% (2026/2161) regret=0.094329 ape=0.5392
[21:50:25] warmStart 93% (2027/2161) regret=0.094329 ape=0.5392
[21:50:25] warmStart 93% (2028/2161) regret=0.094300 ape=0.5382
[21:50:25] warmStart 93% (2029/2161) regret=0.094300 ape=0.5382
[21:50:26] warmStart 93% (2030/2161) regret=0.094300 ape=0.5382
[21:50:26] warmStart 93% (2031/2161) regret=0.094300 ape=0.5382
[21:50:26] warmStart 94% (2032/2161) regret=0.094300 ape=0.5382
[21:50:26] warmStart 94% (2033/2161) regret=0.094300 ape=0.5382
[21:50:27] warmStart 94% (2034/2161) regret=0.094300 ape=0.5382
[21:50:27] warmStart 94% (2035/2161) regret=0.094300 ape=0.5382
[21:50:27] warmStart 94% (2036/2161) regret=0.094300 ape=0.5382
[21:50:27] warmStart 94% (2037/2161) regret=0.094300 ape=0.5382
[21:50:28] warmStart 94% (2038/2161) regret=0.094329 ape=0.5392
[21:50:28] warmStart 94% (2039/2161) regret=0.094329 ape=0.5392
[21:50:28] warmStart 94% (2040/2161) regret=0.094329 ape=0.5392
[21:50:28] warmStart 94% (2041/2161) regret=0.094329 ape=0.5392
[21:50:29] warmStart 94% (2042/2161) regret=0.094329 ape=0.5392
[21:50:29] warmStart 94% (2043/2161) regret=0.094329 ape=0.5392
[21:50:29] warmStart 94% (2044/2161) regret=0.094329 ape=0.5392
[21:50:30] warmStart 94% (2045/2161) regret=0.094329 ape=0.5392
[21:50:30] warmStart 94% (2046/2161) regret=0.094329 ape=0.5392
[21:50:30] warmStart 94% (2047/2161) regret=0.094329 ape=0.5392
[21:50:30] warmStart 94% (2048/2161) regret=0.094329 ape=0.5392
[21:50:31] warmStart 94% (2049/2161) regret=0.094329 ape=0.5392
[21:50:31] warmStart 94% (2050/2161) regret=0.094329 ape=0.5392
[21:50:31] warmStart 94% (2051/2161) regret=0.094329 ape=0.5392
[21:50:31] warmStart 94% (2052/2161) regret=0.094173 ape=0.5392
[21:50:32] warmStart 95% (2053/2161) regret=0.094034 ape=0.5382
[21:50:32] warmStart 95% (2054/2161) regret=0.094173 ape=0.5392
[21:50:32] warmStart 95% (2055/2161) regret=0.094034 ape=0.5382
[21:50:32] warmStart 95% (2056/2161) regret=0.094329 ape=0.5392
[21:50:33] warmStart 95% (2057/2161) regret=0.094034 ape=0.5382
[21:50:33] warmStart 95% (2058/2161) regret=0.094173 ape=0.5392
[21:50:33] warmStart 95% (2059/2161) regret=0.094034 ape=0.5382
[21:50:33] warmStart 95% (2060/2161) regret=0.094034 ape=0.5382
[21:50:34] warmStart 95% (2061/2161) regret=0.094034 ape=0.5382
[21:50:34] warmStart 95% (2062/2161) regret=0.094173 ape=0.5392
[21:50:34] warmStart 95% (2063/2161) regret=0.094034 ape=0.5382
[21:50:34] warmStart 95% (2064/2161) regret=0.094034 ape=0.5382
[21:50:35] warmStart 95% (2065/2161) regret=0.094034 ape=0.5382
[21:50:35] warmStart 95% (2066/2161) regret=0.094034 ape=0.5382
[21:50:35] warmStart 95% (2067/2161) regret=0.094034 ape=0.5382
[21:50:35] warmStart 95% (2068/2161) regret=0.094034 ape=0.5382
[21:50:36] warmStart 95% (2069/2161) regret=0.094034 ape=0.5382
[21:50:36] warmStart 95% (2070/2161) regret=0.094034 ape=0.5382
[21:50:36] warmStart 95% (2071/2161) regret=0.094034 ape=0.5382
[21:50:37] warmStart 95% (2072/2161) regret=0.094034 ape=0.5382
[21:50:37] warmStart 95% (2073/2161) regret=0.094034 ape=0.5382
[21:50:37] warmStart 95% (2074/2161) regret=0.094034 ape=0.5382
[21:50:37] warmStart 96% (2075/2161) regret=0.094034 ape=0.5382
[21:50:38] warmStart 96% (2076/2161) regret=0.094034 ape=0.5382
[21:50:38] warmStart 96% (2077/2161) regret=0.094005 ape=0.5373
[21:50:38] warmStart 96% (2078/2161) regret=0.094005 ape=0.5373
[21:50:38] warmStart 96% (2079/2161) regret=0.094005 ape=0.5373
[21:50:39] warmStart 96% (2080/2161) regret=0.094005 ape=0.5373
[21:50:39] warmStart 96% (2081/2161) regret=0.094005 ape=0.5373
[21:50:39] warmStart 96% (2082/2161) regret=0.094014 ape=0.5373
[21:50:40] warmStart 96% (2083/2161) regret=0.094005 ape=0.5373
[21:50:40] warmStart 96% (2084/2161) regret=0.094005 ape=0.5373
[21:50:40] warmStart 96% (2085/2161) regret=0.094005 ape=0.5373
[21:50:40] warmStart 96% (2086/2161) regret=0.094005 ape=0.5373
[21:50:41] warmStart 96% (2087/2161) regret=0.094005 ape=0.5373
[21:50:41] warmStart 96% (2088/2161) regret=0.094034 ape=0.5382
[21:50:41] warmStart 96% (2089/2161) regret=0.094034 ape=0.5382
[21:50:42] warmStart 96% (2090/2161) regret=0.094034 ape=0.5382
[21:50:42] warmStart 96% (2091/2161) regret=0.094034 ape=0.5382
[21:50:42] warmStart 96% (2092/2161) regret=0.094034 ape=0.5382
[21:50:42] warmStart 96% (2093/2161) regret=0.094053 ape=0.5382
[21:50:43] warmStart 96% (2094/2161) regret=0.094034 ape=0.5382
[21:50:43] warmStart 96% (2095/2161) regret=0.094034 ape=0.5382
[21:50:43] warmStart 96% (2096/2161) regret=0.093786 ape=0.5382
[21:50:43] warmStart 97% (2097/2161) regret=0.093786 ape=0.5382
[21:50:44] warmStart 97% (2098/2161) regret=0.094034 ape=0.5382
[21:50:44] warmStart 97% (2099/2161) regret=0.093786 ape=0.5382
[21:50:44] warmStart 97% (2100/2161) regret=0.093786 ape=0.5382
[21:50:44] warmStart 97% (2101/2161) regret=0.093786 ape=0.5382
[21:50:45] warmStart 97% (2102/2161) regret=0.093786 ape=0.5382
[21:50:45] warmStart 97% (2103/2161) regret=0.093786 ape=0.5382
[21:50:45] warmStart 97% (2104/2161) regret=0.093786 ape=0.5382
[21:50:45] warmStart 97% (2105/2161) regret=0.093786 ape=0.5382
[21:50:46] warmStart 97% (2106/2161) regret=0.093684 ape=0.5382
[21:50:46] warmStart 97% (2107/2161) regret=0.093786 ape=0.5382
[21:50:46] warmStart 97% (2108/2161) regret=0.093756 ape=0.5373
[21:50:46] warmStart 97% (2109/2161) regret=0.093756 ape=0.5373
[21:50:47] warmStart 97% (2110/2161) regret=0.093756 ape=0.5373
[21:50:47] warmStart 97% (2111/2161) regret=0.093853 ape=0.5382
[21:50:47] warmStart 97% (2112/2161) regret=0.093756 ape=0.5373
[21:50:48] warmStart 97% (2113/2161) regret=0.093756 ape=0.5373
[21:50:48] warmStart 97% (2114/2161) regret=0.093756 ape=0.5373
[21:50:48] warmStart 97% (2115/2161) regret=0.093756 ape=0.5373
[21:50:48] warmStart 97% (2116/2161) regret=0.093756 ape=0.5373
[21:50:49] warmStart 97% (2117/2161) regret=0.093786 ape=0.5382
[21:50:49] warmStart 98% (2118/2161) regret=0.093924 ape=0.5392
[21:50:49] warmStart 98% (2119/2161) regret=0.093924 ape=0.5392
[21:50:49] warmStart 98% (2120/2161) regret=0.093924 ape=0.5392
[21:50:50] warmStart 98% (2121/2161) regret=0.093924 ape=0.5392
[21:50:50] warmStart 98% (2122/2161) regret=0.093924 ape=0.5392
[21:50:50] warmStart 98% (2123/2161) regret=0.093924 ape=0.5392
[21:50:51] warmStart 98% (2124/2161) regret=0.093924 ape=0.5392
[21:50:51] warmStart 98% (2125/2161) regret=0.093942 ape=0.5392
[21:50:51] warmStart 98% (2126/2161) regret=0.093924 ape=0.5392
[21:50:51] warmStart 98% (2127/2161) regret=0.093924 ape=0.5392
[21:50:52] warmStart 98% (2128/2161) regret=0.093942 ape=0.5392
[21:50:52] warmStart 98% (2129/2161) regret=0.093924 ape=0.5392
[21:50:52] warmStart 98% (2130/2161) regret=0.093924 ape=0.5392
[21:50:52] warmStart 98% (2131/2161) regret=0.093924 ape=0.5392
[21:50:53] warmStart 98% (2132/2161) regret=0.093924 ape=0.5392
[21:50:53] warmStart 98% (2133/2161) regret=0.093924 ape=0.5392
[21:50:53] warmStart 98% (2134/2161) regret=0.093924 ape=0.5392
[21:50:53] warmStart 98% (2135/2161) regret=0.093924 ape=0.5392
[21:50:54] warmStart 98% (2136/2161) regret=0.093924 ape=0.5392
[21:50:54] warmStart 98% (2137/2161) regret=0.093924 ape=0.5392
[21:50:54] warmStart 98% (2138/2161) regret=0.093924 ape=0.5392
[21:50:54] warmStart 98% (2139/2161) regret=0.093924 ape=0.5392
[21:50:55] warmStart 99% (2140/2161) regret=0.093924 ape=0.5392
[21:50:55] warmStart 99% (2141/2161) regret=0.093924 ape=0.5392
[21:50:55] warmStart 99% (2142/2161) regret=0.093924 ape=0.5392
[21:50:55] warmStart 99% (2143/2161) regret=0.093924 ape=0.5392
[21:50:56] warmStart 99% (2144/2161) regret=0.093924 ape=0.5392
[21:50:56] warmStart 99% (2145/2161) regret=0.093919 ape=0.5392
[21:50:56] warmStart 99% (2146/2161) regret=0.093919 ape=0.5392
[21:50:57] warmStart 99% (2147/2161) regret=0.093942 ape=0.5392
[21:50:57] warmStart 99% (2148/2161) regret=0.093942 ape=0.5392
[21:50:57] warmStart 99% (2149/2161) regret=0.093919 ape=0.5392
[21:50:57] warmStart 99% (2150/2161) regret=0.093919 ape=0.5392
[21:50:58] warmStart 99% (2151/2161) regret=0.093919 ape=0.5392
[21:50:58] warmStart 99% (2152/2161) regret=0.093942 ape=0.5392
[21:50:58] warmStart 99% (2153/2161) regret=0.093919 ape=0.5392
[21:50:58] warmStart 99% (2154/2161) regret=0.093919 ape=0.5392
[21:50:59] warmStart 99% (2155/2161) regret=0.093809 ape=0.5392
[21:50:59] warmStart 99% (2156/2161) regret=0.093809 ape=0.5392
[21:50:59] warmStart 99% (2157/2161) regret=0.093809 ape=0.5392
[21:50:59] warmStart 99% (2158/2161) regret=0.093809 ape=0.5392
[21:51:00] warmStart 99% (2159/2161) regret=0.093809 ape=0.5392
[21:51:00] warmStart 99% (2160/2161) regret=0.093779 ape=0.5382
Warm w=200 finished: 2161 points, 432.76s wall time
  Final: regret=0.093779, ape=0.5382

Saved JSON: /home/users/g/s/gsavary/LudiiMCTSVariations/slurm_sweep_full_dataset/results_20260425_214312/sweep_warm_200_2_20260425_215100.json

Generating plots...
Saved regret plot: /home/users/g/s/gsavary/LudiiMCTSVariations/slurm_sweep_full_dataset/results_20260425_214312/sweep_warm_200_2_20260425_215100_regret.png
Saved APE plot: /home/users/g/s/gsavary/LudiiMCTSVariations/slurm_sweep_full_dataset/results_20260425_214312/sweep_warm_200_2_20260425_215100_ape.png

======================================================================
EXPERIMENT COMPLETE
======================================================================
Results saved to: /home/users/g/s/gsavary/LudiiMCTSVariations/slurm_sweep_full_dataset/results_20260425_214312
JSON file: sweep_warm_200_2_20260425_215100.json
Experiment finished. Results saved to: /home/users/g/s/gsavary/LudiiMCTSVariations/slurm_sweep_full_dataset/results_20260425_214312
