Starting experiment...
Project root: /home/users/g/s/gsavary/LudiiMCTSVariations
Method: warm:5
Output dir: /home/users/g/s/gsavary/LudiiMCTSVariations/slurm_sweep_full_dataset/results_20260425_143306
Seed: 0
Time limit:  seconds


======================================================================
SLURM Sweep Experiment - Single Method
======================================================================
Method: warm:5
Time limit: 7200.0s, Seed: 0, Batch size: 20
Output directory: /home/users/g/s/gsavary/LudiiMCTSVariations/slurm_sweep_full_dataset/results_20260425_143306

Loading Ludii dataset...
Loaded 1085 games
Using 1085 games (full dataset, no subsampling)

Running timing probe (100 pulls)...
  Estimated secs/pull: 0.026611

Time budget: 7200.0s → ~270567 total pulls
Per-method budget: 38652 pulls (~1028.6s)

Computing predictor-only performance...
  Predictions load failed: 118

Running WARM-START (w=5)...
[14:33:30] warmStart 0% (0/1933) regret=0.129392 ape=0.7041
[14:33:30] warmStart 0% (1/1933) regret=0.128631 ape=0.7041
[14:33:30] warmStart 0% (2/1933) regret=0.127590 ape=0.7041
[14:33:31] warmStart 0% (3/1933) regret=0.127036 ape=0.7023
[14:33:31] warmStart 0% (4/1933) regret=0.126893 ape=0.7005
[14:33:31] warmStart 0% (5/1933) regret=0.127289 ape=0.7014
[14:33:31] warmStart 0% (6/1933) regret=0.126542 ape=0.6995
[14:33:31] warmStart 0% (7/1933) regret=0.126208 ape=0.6995
[14:33:32] warmStart 0% (8/1933) regret=0.125314 ape=0.6968
[14:33:32] warmStart 0% (9/1933) regret=0.124057 ape=0.6959
[14:33:32] warmStart 0% (10/1933) regret=0.123587 ape=0.6959
[14:33:32] warmStart 0% (11/1933) regret=0.123587 ape=0.6959
[14:33:32] warmStart 0% (12/1933) regret=0.122214 ape=0.6931
[14:33:33] warmStart 0% (13/1933) regret=0.122214 ape=0.6931
[14:33:33] warmStart 0% (14/1933) regret=0.122099 ape=0.6931
[14:33:33] warmStart 0% (15/1933) regret=0.122099 ape=0.6931
[14:33:33] warmStart 0% (16/1933) regret=0.122147 ape=0.6940
[14:33:34] warmStart 0% (17/1933) regret=0.121139 ape=0.6922
[14:33:34] warmStart 0% (18/1933) regret=0.120810 ape=0.6894
[14:33:34] warmStart 0% (19/1933) regret=0.120589 ape=0.6894
[14:33:34] warmStart 1% (20/1933) regret=0.120068 ape=0.6894
[14:33:35] warmStart 1% (21/1933) regret=0.120068 ape=0.6894
[14:33:35] warmStart 1% (22/1933) regret=0.119442 ape=0.6885
[14:33:35] warmStart 1% (23/1933) regret=0.119078 ape=0.6876
[14:33:35] warmStart 1% (24/1933) regret=0.117678 ape=0.6866
[14:33:35] warmStart 1% (25/1933) regret=0.117650 ape=0.6857
[14:33:36] warmStart 1% (26/1933) regret=0.117733 ape=0.6876
[14:33:36] warmStart 1% (27/1933) regret=0.117596 ape=0.6857
[14:33:36] warmStart 1% (28/1933) regret=0.116434 ape=0.6848
[14:33:36] warmStart 1% (29/1933) regret=0.115480 ape=0.6829
[14:33:37] warmStart 1% (30/1933) regret=0.115480 ape=0.6829
[14:33:37] warmStart 1% (31/1933) regret=0.115499 ape=0.6829
[14:33:37] warmStart 1% (32/1933) regret=0.115499 ape=0.6829
[14:33:37] warmStart 1% (33/1933) regret=0.115499 ape=0.6829
[14:33:38] warmStart 1% (34/1933) regret=0.115499 ape=0.6829
[14:33:38] warmStart 1% (35/1933) regret=0.114711 ape=0.6829
[14:33:38] warmStart 1% (36/1933) regret=0.114613 ape=0.6820
[14:33:38] warmStart 1% (37/1933) regret=0.114452 ape=0.6820
[14:33:38] warmStart 1% (38/1933) regret=0.114452 ape=0.6820
[14:33:39] warmStart 2% (39/1933) regret=0.113982 ape=0.6811
[14:33:39] warmStart 2% (40/1933) regret=0.114050 ape=0.6811
[14:33:39] warmStart 2% (41/1933) regret=0.112862 ape=0.6802
[14:33:39] warmStart 2% (42/1933) regret=0.112576 ape=0.6793
[14:33:40] warmStart 2% (43/1933) regret=0.112576 ape=0.6793
[14:33:40] warmStart 2% (44/1933) regret=0.112576 ape=0.6793
[14:33:40] warmStart 2% (45/1933) regret=0.112361 ape=0.6783
[14:33:40] warmStart 2% (46/1933) regret=0.112166 ape=0.6783
[14:33:40] warmStart 2% (47/1933) regret=0.112341 ape=0.6793
[14:33:41] warmStart 2% (48/1933) regret=0.112111 ape=0.6783
[14:33:41] warmStart 2% (49/1933) regret=0.109939 ape=0.6765
[14:33:41] warmStart 2% (50/1933) regret=0.109211 ape=0.6765
[14:33:41] warmStart 2% (51/1933) regret=0.107203 ape=0.6747
[14:33:42] warmStart 2% (52/1933) regret=0.106913 ape=0.6737
[14:33:42] warmStart 2% (53/1933) regret=0.106459 ape=0.6737
[14:33:42] warmStart 2% (54/1933) regret=0.106427 ape=0.6737
[14:33:42] warmStart 2% (55/1933) regret=0.106354 ape=0.6737
[14:33:43] warmStart 2% (56/1933) regret=0.104493 ape=0.6728
[14:33:43] warmStart 2% (57/1933) regret=0.104023 ape=0.6728
[14:33:43] warmStart 3% (58/1933) regret=0.104023 ape=0.6728
[14:33:43] warmStart 3% (59/1933) regret=0.104023 ape=0.6728
[14:33:44] warmStart 3% (60/1933) regret=0.103915 ape=0.6737
[14:33:44] warmStart 3% (61/1933) regret=0.103915 ape=0.6737
[14:33:44] warmStart 3% (62/1933) regret=0.103915 ape=0.6737
[14:33:44] warmStart 3% (63/1933) regret=0.103454 ape=0.6737
[14:33:44] warmStart 3% (64/1933) regret=0.102959 ape=0.6747
[14:33:45] warmStart 3% (65/1933) regret=0.102457 ape=0.6737
[14:33:45] warmStart 3% (66/1933) regret=0.101782 ape=0.6728
[14:33:45] warmStart 3% (67/1933) regret=0.100773 ape=0.6728
[14:33:45] warmStart 3% (68/1933) regret=0.100773 ape=0.6728
[14:33:45] warmStart 3% (69/1933) regret=0.100598 ape=0.6728
[14:33:46] warmStart 3% (70/1933) regret=0.100598 ape=0.6728
[14:33:46] warmStart 3% (71/1933) regret=0.099948 ape=0.6728
[14:33:46] warmStart 3% (72/1933) regret=0.099056 ape=0.6719
[14:33:46] warmStart 3% (73/1933) regret=0.098494 ape=0.6710
[14:33:47] warmStart 3% (74/1933) regret=0.097244 ape=0.6700
[14:33:47] warmStart 3% (75/1933) regret=0.097244 ape=0.6700
[14:33:47] warmStart 3% (76/1933) regret=0.097247 ape=0.6700
[14:33:47] warmStart 3% (77/1933) regret=0.097247 ape=0.6700
[14:33:48] warmStart 4% (78/1933) regret=0.096301 ape=0.6691
[14:33:48] warmStart 4% (79/1933) regret=0.096052 ape=0.6682
[14:33:48] warmStart 4% (80/1933) regret=0.096135 ape=0.6682
[14:33:48] warmStart 4% (81/1933) regret=0.096137 ape=0.6682
[14:33:48] warmStart 4% (82/1933) regret=0.095109 ape=0.6673
[14:33:49] warmStart 4% (83/1933) regret=0.094591 ape=0.6673
[14:33:49] warmStart 4% (84/1933) regret=0.094519 ape=0.6673
[14:33:49] warmStart 4% (85/1933) regret=0.094681 ape=0.6664
[14:33:49] warmStart 4% (86/1933) regret=0.094668 ape=0.6664
[14:33:50] warmStart 4% (87/1933) regret=0.094506 ape=0.6673
[14:33:50] warmStart 4% (88/1933) regret=0.094506 ape=0.6673
[14:33:50] warmStart 4% (89/1933) regret=0.094506 ape=0.6673
[14:33:50] warmStart 4% (90/1933) regret=0.094608 ape=0.6673
[14:33:51] warmStart 4% (91/1933) regret=0.094589 ape=0.6682
[14:33:51] warmStart 4% (92/1933) regret=0.094589 ape=0.6682
[14:33:51] warmStart 4% (93/1933) regret=0.094218 ape=0.6673
[14:33:51] warmStart 4% (94/1933) regret=0.094218 ape=0.6673
[14:33:51] warmStart 4% (95/1933) regret=0.094218 ape=0.6673
[14:33:52] warmStart 4% (96/1933) regret=0.094270 ape=0.6682
[14:33:52] warmStart 5% (97/1933) regret=0.093337 ape=0.6682
[14:33:52] warmStart 5% (98/1933) regret=0.092947 ape=0.6682
[14:33:52] warmStart 5% (99/1933) regret=0.091810 ape=0.6682
[14:33:53] warmStart 5% (100/1933) regret=0.091390 ape=0.6673
[14:33:53] warmStart 5% (101/1933) regret=0.091418 ape=0.6673
[14:33:53] warmStart 5% (102/1933) regret=0.090819 ape=0.6682
[14:33:53] warmStart 5% (103/1933) regret=0.090913 ape=0.6682
[14:33:53] warmStart 5% (104/1933) regret=0.090248 ape=0.6664
[14:33:54] warmStart 5% (105/1933) regret=0.088386 ape=0.6627
[14:33:54] warmStart 5% (106/1933) regret=0.087806 ape=0.6608
[14:33:54] warmStart 5% (107/1933) regret=0.087694 ape=0.6599
[14:33:54] warmStart 5% (108/1933) regret=0.087344 ape=0.6590
[14:33:55] warmStart 5% (109/1933) regret=0.087505 ape=0.6581
[14:33:55] warmStart 5% (110/1933) regret=0.087459 ape=0.6571
[14:33:55] warmStart 5% (111/1933) regret=0.087093 ape=0.6581
[14:33:55] warmStart 5% (112/1933) regret=0.086029 ape=0.6562
[14:33:56] warmStart 5% (113/1933) regret=0.086186 ape=0.6562
[14:33:56] warmStart 5% (114/1933) regret=0.085769 ape=0.6562
[14:33:56] warmStart 5% (115/1933) regret=0.084878 ape=0.6553
[14:33:56] warmStart 6% (116/1933) regret=0.084869 ape=0.6553
[14:33:57] warmStart 6% (117/1933) regret=0.084487 ape=0.6553
[14:33:57] warmStart 6% (118/1933) regret=0.084534 ape=0.6553
[14:33:57] warmStart 6% (119/1933) regret=0.084534 ape=0.6553
[14:33:57] warmStart 6% (120/1933) regret=0.084534 ape=0.6553
[14:33:57] warmStart 6% (121/1933) regret=0.084402 ape=0.6553
[14:33:58] warmStart 6% (122/1933) regret=0.084020 ape=0.6553
[14:33:58] warmStart 6% (123/1933) regret=0.084069 ape=0.6562
[14:33:58] warmStart 6% (124/1933) regret=0.083373 ape=0.6544
[14:33:58] warmStart 6% (125/1933) regret=0.083133 ape=0.6544
[14:33:58] warmStart 6% (126/1933) regret=0.083032 ape=0.6544
[14:33:59] warmStart 6% (127/1933) regret=0.083112 ape=0.6544
[14:33:59] warmStart 6% (128/1933) regret=0.082743 ape=0.6544
[14:33:59] warmStart 6% (129/1933) regret=0.082422 ape=0.6553
[14:33:59] warmStart 6% (130/1933) regret=0.082527 ape=0.6562
[14:34:00] warmStart 6% (131/1933) regret=0.082831 ape=0.6562
[14:34:00] warmStart 6% (132/1933) regret=0.082831 ape=0.6562
[14:34:00] warmStart 6% (133/1933) regret=0.083378 ape=0.6581
[14:34:00] warmStart 6% (134/1933) regret=0.082442 ape=0.6562
[14:34:01] warmStart 6% (135/1933) regret=0.081681 ape=0.6535
[14:34:01] warmStart 7% (136/1933) regret=0.081356 ape=0.6535
[14:34:01] warmStart 7% (137/1933) regret=0.081356 ape=0.6535
[14:34:01] warmStart 7% (138/1933) regret=0.081296 ape=0.6544
[14:34:02] warmStart 7% (139/1933) regret=0.080722 ape=0.6544
[14:34:02] warmStart 7% (140/1933) regret=0.080722 ape=0.6544
[14:34:02] warmStart 7% (141/1933) regret=0.080196 ape=0.6544
[14:34:02] warmStart 7% (142/1933) regret=0.080031 ape=0.6544
[14:34:03] warmStart 7% (143/1933) regret=0.080049 ape=0.6544
[14:34:03] warmStart 7% (144/1933) regret=0.080158 ape=0.6544
[14:34:03] warmStart 7% (145/1933) regret=0.080303 ape=0.6544
[14:34:03] warmStart 7% (146/1933) regret=0.079902 ape=0.6535
[14:34:04] warmStart 7% (147/1933) regret=0.079771 ape=0.6525
[14:34:04] warmStart 7% (148/1933) regret=0.079817 ape=0.6525
[14:34:04] warmStart 7% (149/1933) regret=0.079679 ape=0.6525
[14:34:04] warmStart 7% (150/1933) regret=0.079605 ape=0.6516
[14:34:04] warmStart 7% (151/1933) regret=0.079624 ape=0.6516
[14:34:05] warmStart 7% (152/1933) regret=0.078465 ape=0.6507
[14:34:05] warmStart 7% (153/1933) regret=0.078709 ape=0.6516
[14:34:05] warmStart 7% (154/1933) regret=0.078587 ape=0.6516
[14:34:05] warmStart 8% (155/1933) regret=0.076892 ape=0.6498
[14:34:05] warmStart 8% (156/1933) regret=0.076892 ape=0.6498
[14:34:06] warmStart 8% (157/1933) regret=0.077011 ape=0.6507
[14:34:06] warmStart 8% (158/1933) regret=0.076944 ape=0.6516
[14:34:06] warmStart 8% (159/1933) regret=0.076916 ape=0.6516
[14:34:06] warmStart 8% (160/1933) regret=0.076907 ape=0.6516
[14:34:07] warmStart 8% (161/1933) regret=0.076837 ape=0.6507
[14:34:07] warmStart 8% (162/1933) regret=0.076828 ape=0.6507
[14:34:07] warmStart 8% (163/1933) regret=0.076960 ape=0.6498
[14:34:07] warmStart 8% (164/1933) regret=0.076860 ape=0.6498
[14:34:08] warmStart 8% (165/1933) regret=0.076424 ape=0.6479
[14:34:08] warmStart 8% (166/1933) regret=0.076447 ape=0.6479
[14:34:08] warmStart 8% (167/1933) regret=0.076010 ape=0.6479
[14:34:08] warmStart 8% (168/1933) regret=0.075766 ape=0.6479
[14:34:09] warmStart 8% (169/1933) regret=0.075562 ape=0.6479
[14:34:09] warmStart 8% (170/1933) regret=0.076074 ape=0.6479
[14:34:09] warmStart 8% (171/1933) regret=0.075476 ape=0.6479
[14:34:09] warmStart 8% (172/1933) regret=0.075208 ape=0.6470
[14:34:10] warmStart 8% (173/1933) regret=0.075337 ape=0.6470
[14:34:10] warmStart 9% (174/1933) regret=0.074834 ape=0.6461
[14:34:10] warmStart 9% (175/1933) regret=0.073972 ape=0.6452
[14:34:10] warmStart 9% (176/1933) regret=0.073972 ape=0.6452
[14:34:10] warmStart 9% (177/1933) regret=0.074607 ape=0.6470
[14:34:11] warmStart 9% (178/1933) regret=0.074214 ape=0.6461
[14:34:11] warmStart 9% (179/1933) regret=0.073715 ape=0.6452
[14:34:11] warmStart 9% (180/1933) regret=0.073171 ape=0.6452
[14:34:11] warmStart 9% (181/1933) regret=0.072114 ape=0.6442
[14:34:11] warmStart 9% (182/1933) regret=0.072469 ape=0.6452
[14:34:12] warmStart 9% (183/1933) regret=0.072330 ape=0.6452
[14:34:12] warmStart 9% (184/1933) regret=0.071731 ape=0.6442
[14:34:12] warmStart 9% (185/1933) regret=0.071340 ape=0.6433
[14:34:12] warmStart 9% (186/1933) regret=0.071257 ape=0.6424
[14:34:13] warmStart 9% (187/1933) regret=0.071257 ape=0.6424
[14:34:13] warmStart 9% (188/1933) regret=0.071257 ape=0.6424
[14:34:13] warmStart 9% (189/1933) regret=0.070939 ape=0.6406
[14:34:13] warmStart 9% (190/1933) regret=0.070939 ape=0.6406
[14:34:14] warmStart 9% (191/1933) regret=0.070939 ape=0.6406
[14:34:14] warmStart 9% (192/1933) regret=0.070939 ape=0.6406
[14:34:14] warmStart 9% (193/1933) regret=0.071040 ape=0.6406
[14:34:14] warmStart 10% (194/1933) regret=0.071040 ape=0.6406
[14:34:14] warmStart 10% (195/1933) regret=0.071040 ape=0.6406
[14:34:15] warmStart 10% (196/1933) regret=0.071040 ape=0.6406
[14:34:15] warmStart 10% (197/1933) regret=0.071040 ape=0.6406
[14:34:15] warmStart 10% (198/1933) regret=0.071040 ape=0.6406
[14:34:15] warmStart 10% (199/1933) regret=0.071040 ape=0.6406
[14:34:16] warmStart 10% (200/1933) regret=0.071040 ape=0.6406
[14:34:16] warmStart 10% (201/1933) regret=0.071040 ape=0.6406
[14:34:16] warmStart 10% (202/1933) regret=0.071040 ape=0.6406
[14:34:16] warmStart 10% (203/1933) regret=0.071040 ape=0.6406
[14:34:17] warmStart 10% (204/1933) regret=0.071040 ape=0.6406
[14:34:17] warmStart 10% (205/1933) regret=0.071040 ape=0.6406
[14:34:17] warmStart 10% (206/1933) regret=0.071040 ape=0.6406
[14:34:17] warmStart 10% (207/1933) regret=0.071040 ape=0.6406
[14:34:17] warmStart 10% (208/1933) regret=0.071040 ape=0.6406
[14:34:18] warmStart 10% (209/1933) regret=0.071040 ape=0.6406
[14:34:18] warmStart 10% (210/1933) regret=0.071040 ape=0.6406
[14:34:18] warmStart 10% (211/1933) regret=0.071040 ape=0.6406
[14:34:18] warmStart 10% (212/1933) regret=0.071040 ape=0.6406
[14:34:19] warmStart 11% (213/1933) regret=0.071040 ape=0.6406
[14:34:19] warmStart 11% (214/1933) regret=0.071040 ape=0.6406
[14:34:19] warmStart 11% (215/1933) regret=0.071040 ape=0.6406
[14:34:19] warmStart 11% (216/1933) regret=0.071040 ape=0.6406
[14:34:19] warmStart 11% (217/1933) regret=0.071040 ape=0.6406
[14:34:20] warmStart 11% (218/1933) regret=0.071040 ape=0.6406
[14:34:20] warmStart 11% (219/1933) regret=0.071012 ape=0.6406
[14:34:20] warmStart 11% (220/1933) regret=0.071012 ape=0.6406
[14:34:20] warmStart 11% (221/1933) regret=0.071012 ape=0.6406
[14:34:21] warmStart 11% (222/1933) regret=0.071012 ape=0.6406
[14:34:21] warmStart 11% (223/1933) regret=0.071012 ape=0.6406
[14:34:21] warmStart 11% (224/1933) regret=0.071012 ape=0.6406
[14:34:21] warmStart 11% (225/1933) regret=0.071012 ape=0.6406
[14:34:22] warmStart 11% (226/1933) regret=0.071012 ape=0.6406
[14:34:22] warmStart 11% (227/1933) regret=0.071012 ape=0.6406
[14:34:22] warmStart 11% (228/1933) regret=0.071012 ape=0.6406
[14:34:22] warmStart 11% (229/1933) regret=0.071012 ape=0.6406
[14:34:23] warmStart 11% (230/1933) regret=0.071012 ape=0.6406
[14:34:23] warmStart 11% (231/1933) regret=0.071012 ape=0.6406
[14:34:23] warmStart 12% (232/1933) regret=0.071105 ape=0.6406
[14:34:23] warmStart 12% (233/1933) regret=0.070932 ape=0.6406
[14:34:23] warmStart 12% (234/1933) regret=0.070621 ape=0.6406
[14:34:24] warmStart 12% (235/1933) regret=0.070413 ape=0.6406
[14:34:24] warmStart 12% (236/1933) regret=0.070413 ape=0.6406
[14:34:24] warmStart 12% (237/1933) regret=0.070413 ape=0.6406
[14:34:24] warmStart 12% (238/1933) regret=0.070413 ape=0.6406
[14:34:24] warmStart 12% (239/1933) regret=0.070413 ape=0.6406
[14:34:25] warmStart 12% (240/1933) regret=0.070386 ape=0.6406
[14:34:25] warmStart 12% (241/1933) regret=0.070386 ape=0.6406
[14:34:25] warmStart 12% (242/1933) regret=0.070386 ape=0.6406
[14:34:25] warmStart 12% (243/1933) regret=0.070386 ape=0.6406
[14:34:26] warmStart 12% (244/1933) regret=0.070386 ape=0.6406
[14:34:26] warmStart 12% (245/1933) regret=0.070386 ape=0.6406
[14:34:26] warmStart 12% (246/1933) regret=0.070386 ape=0.6406
[14:34:26] warmStart 12% (247/1933) regret=0.070386 ape=0.6406
[14:34:27] warmStart 12% (248/1933) regret=0.070386 ape=0.6406
[14:34:27] warmStart 12% (249/1933) regret=0.070386 ape=0.6406
[14:34:27] warmStart 12% (250/1933) regret=0.070386 ape=0.6406
[14:34:27] warmStart 12% (251/1933) regret=0.070229 ape=0.6406
[14:34:27] warmStart 13% (252/1933) regret=0.070229 ape=0.6406
[14:34:28] warmStart 13% (253/1933) regret=0.070229 ape=0.6406
[14:34:28] warmStart 13% (254/1933) regret=0.070229 ape=0.6406
[14:34:28] warmStart 13% (255/1933) regret=0.070229 ape=0.6406
[14:34:28] warmStart 13% (256/1933) regret=0.070229 ape=0.6406
[14:34:29] warmStart 13% (257/1933) regret=0.070229 ape=0.6406
[14:34:29] warmStart 13% (258/1933) regret=0.070229 ape=0.6406
[14:34:29] warmStart 13% (259/1933) regret=0.070229 ape=0.6406
[14:34:29] warmStart 13% (260/1933) regret=0.070229 ape=0.6406
[14:34:30] warmStart 13% (261/1933) regret=0.070229 ape=0.6406
[14:34:30] warmStart 13% (262/1933) regret=0.070220 ape=0.6406
[14:34:30] warmStart 13% (263/1933) regret=0.070224 ape=0.6406
[14:34:30] warmStart 13% (264/1933) regret=0.070224 ape=0.6406
[14:34:30] warmStart 13% (265/1933) regret=0.070224 ape=0.6406
[14:34:31] warmStart 13% (266/1933) regret=0.070224 ape=0.6406
[14:34:31] warmStart 13% (267/1933) regret=0.070224 ape=0.6406
[14:34:31] warmStart 13% (268/1933) regret=0.070224 ape=0.6406
[14:34:31] warmStart 13% (269/1933) regret=0.070224 ape=0.6406
[14:34:31] warmStart 13% (270/1933) regret=0.070224 ape=0.6406
[14:34:32] warmStart 14% (271/1933) regret=0.070224 ape=0.6406
[14:34:32] warmStart 14% (272/1933) regret=0.070224 ape=0.6406
[14:34:32] warmStart 14% (273/1933) regret=0.070224 ape=0.6406
[14:34:32] warmStart 14% (274/1933) regret=0.070224 ape=0.6406
[14:34:33] warmStart 14% (275/1933) regret=0.070284 ape=0.6415
[14:34:33] warmStart 14% (276/1933) regret=0.070335 ape=0.6415
[14:34:33] warmStart 14% (277/1933) regret=0.070335 ape=0.6415
[14:34:33] warmStart 14% (278/1933) regret=0.070406 ape=0.6424
[14:34:33] warmStart 14% (279/1933) regret=0.070376 ape=0.6424
[14:34:34] warmStart 14% (280/1933) regret=0.070312 ape=0.6424
[14:34:34] warmStart 14% (281/1933) regret=0.070344 ape=0.6424
[14:34:34] warmStart 14% (282/1933) regret=0.070104 ape=0.6424
[14:34:34] warmStart 14% (283/1933) regret=0.069800 ape=0.6415
[14:34:35] warmStart 14% (284/1933) regret=0.069468 ape=0.6406
[14:34:35] warmStart 14% (285/1933) regret=0.069478 ape=0.6406
[14:34:35] warmStart 14% (286/1933) regret=0.068960 ape=0.6406
[14:34:35] warmStart 14% (287/1933) regret=0.068925 ape=0.6396
[14:34:36] warmStart 14% (288/1933) regret=0.068630 ape=0.6387
[14:34:36] warmStart 14% (289/1933) regret=0.068484 ape=0.6387
[14:34:36] warmStart 15% (290/1933) regret=0.068521 ape=0.6387
[14:34:36] warmStart 15% (291/1933) regret=0.068129 ape=0.6387
[14:34:36] warmStart 15% (292/1933) regret=0.068889 ape=0.6387
[14:34:37] warmStart 15% (293/1933) regret=0.068132 ape=0.6378
[14:34:37] warmStart 15% (294/1933) regret=0.067966 ape=0.6378
[14:34:37] warmStart 15% (295/1933) regret=0.067901 ape=0.6378
[14:34:37] warmStart 15% (296/1933) regret=0.067966 ape=0.6378
[14:34:37] warmStart 15% (297/1933) regret=0.067740 ape=0.6378
[14:34:38] warmStart 15% (298/1933) regret=0.067086 ape=0.6359
[14:34:38] warmStart 15% (299/1933) regret=0.067196 ape=0.6359
[14:34:38] warmStart 15% (300/1933) regret=0.067222 ape=0.6359
[14:34:38] warmStart 15% (301/1933) regret=0.067349 ape=0.6359
[14:34:39] warmStart 15% (302/1933) regret=0.067093 ape=0.6359
[14:34:39] warmStart 15% (303/1933) regret=0.067093 ape=0.6359
[14:34:39] warmStart 15% (304/1933) regret=0.067093 ape=0.6359
[14:34:39] warmStart 15% (305/1933) regret=0.067093 ape=0.6359
[14:34:40] warmStart 15% (306/1933) regret=0.066802 ape=0.6359
[14:34:40] warmStart 15% (307/1933) regret=0.066991 ape=0.6359
[14:34:40] warmStart 15% (308/1933) regret=0.065719 ape=0.6341
[14:34:40] warmStart 15% (309/1933) regret=0.065446 ape=0.6313
[14:34:40] warmStart 16% (310/1933) regret=0.065388 ape=0.6313
[14:34:41] warmStart 16% (311/1933) regret=0.065079 ape=0.6304
[14:34:41] warmStart 16% (312/1933) regret=0.065079 ape=0.6304
[14:34:41] warmStart 16% (313/1933) regret=0.065127 ape=0.6304
[14:34:41] warmStart 16% (314/1933) regret=0.065127 ape=0.6304
[14:34:42] warmStart 16% (315/1933) regret=0.065307 ape=0.6313
[14:34:42] warmStart 16% (316/1933) regret=0.065304 ape=0.6304
[14:34:42] warmStart 16% (317/1933) regret=0.065249 ape=0.6295
[14:34:42] warmStart 16% (318/1933) regret=0.065037 ape=0.6286
[14:34:43] warmStart 16% (319/1933) regret=0.064494 ape=0.6276
[14:34:43] warmStart 16% (320/1933) regret=0.064162 ape=0.6267
[14:34:43] warmStart 16% (321/1933) regret=0.063697 ape=0.6258
[14:34:43] warmStart 16% (322/1933) regret=0.063696 ape=0.6258
[14:34:43] warmStart 16% (323/1933) regret=0.063778 ape=0.6258
[14:34:44] warmStart 16% (324/1933) regret=0.063470 ape=0.6249
[14:34:44] warmStart 16% (325/1933) regret=0.063454 ape=0.6249
[14:34:44] warmStart 16% (326/1933) regret=0.063646 ape=0.6249
[14:34:44] warmStart 16% (327/1933) regret=0.062588 ape=0.6240
[14:34:45] warmStart 16% (328/1933) regret=0.062782 ape=0.6240
[14:34:45] warmStart 17% (329/1933) regret=0.062652 ape=0.6221
[14:34:45] warmStart 17% (330/1933) regret=0.062274 ape=0.6212
[14:34:45] warmStart 17% (331/1933) regret=0.062320 ape=0.6212
[14:34:45] warmStart 17% (332/1933) regret=0.062172 ape=0.6203
[14:34:46] warmStart 17% (333/1933) regret=0.061905 ape=0.6203
[14:34:46] warmStart 17% (334/1933) regret=0.061904 ape=0.6203
[14:34:46] warmStart 17% (335/1933) regret=0.061265 ape=0.6184
[14:34:46] warmStart 17% (336/1933) regret=0.060712 ape=0.6184
[14:34:47] warmStart 17% (337/1933) regret=0.060359 ape=0.6184
[14:34:47] warmStart 17% (338/1933) regret=0.060385 ape=0.6175
[14:34:47] warmStart 17% (339/1933) regret=0.059711 ape=0.6166
[14:34:47] warmStart 17% (340/1933) regret=0.059791 ape=0.6175
[14:34:48] warmStart 17% (341/1933) regret=0.059791 ape=0.6175
[14:34:48] warmStart 17% (342/1933) regret=0.059791 ape=0.6175
[14:34:48] warmStart 17% (343/1933) regret=0.059746 ape=0.6175
[14:34:48] warmStart 17% (344/1933) regret=0.059815 ape=0.6175
[14:34:49] warmStart 17% (345/1933) regret=0.059459 ape=0.6166
[14:34:49] warmStart 17% (346/1933) regret=0.058951 ape=0.6147
[14:34:49] warmStart 17% (347/1933) regret=0.058976 ape=0.6147
[14:34:49] warmStart 18% (348/1933) regret=0.058976 ape=0.6147
[14:34:49] warmStart 18% (349/1933) regret=0.059159 ape=0.6138
[14:34:50] warmStart 18% (350/1933) regret=0.058952 ape=0.6129
[14:34:50] warmStart 18% (351/1933) regret=0.058932 ape=0.6129
[14:34:50] warmStart 18% (352/1933) regret=0.058968 ape=0.6138
[14:34:50] warmStart 18% (353/1933) regret=0.058591 ape=0.6120
[14:34:50] warmStart 18% (354/1933) regret=0.058505 ape=0.6111
[14:34:51] warmStart 18% (355/1933) regret=0.058455 ape=0.6111
[14:34:51] warmStart 18% (356/1933) regret=0.058617 ape=0.6111
[14:34:51] warmStart 18% (357/1933) regret=0.058617 ape=0.6111
[14:34:51] warmStart 18% (358/1933) regret=0.058617 ape=0.6111
[14:34:52] warmStart 18% (359/1933) regret=0.058635 ape=0.6111
[14:34:52] warmStart 18% (360/1933) regret=0.058549 ape=0.6101
[14:34:52] warmStart 18% (361/1933) regret=0.058614 ape=0.6111
[14:34:52] warmStart 18% (362/1933) regret=0.058475 ape=0.6111
[14:34:53] warmStart 18% (363/1933) regret=0.058475 ape=0.6111
[14:34:53] warmStart 18% (364/1933) regret=0.058402 ape=0.6111
[14:34:53] warmStart 18% (365/1933) regret=0.058386 ape=0.6111
[14:34:53] warmStart 18% (366/1933) regret=0.058386 ape=0.6111
[14:34:54] warmStart 18% (367/1933) regret=0.058386 ape=0.6111
[14:34:54] warmStart 19% (368/1933) regret=0.058230 ape=0.6101
[14:34:54] warmStart 19% (369/1933) regret=0.058230 ape=0.6101
[14:34:54] warmStart 19% (370/1933) regret=0.058276 ape=0.6101
[14:34:55] warmStart 19% (371/1933) regret=0.058096 ape=0.6092
[14:34:55] warmStart 19% (372/1933) regret=0.058096 ape=0.6092
[14:34:55] warmStart 19% (373/1933) regret=0.057958 ape=0.6092
[14:34:55] warmStart 19% (374/1933) regret=0.057947 ape=0.6092
[14:34:55] warmStart 19% (375/1933) regret=0.057947 ape=0.6092
[14:34:56] warmStart 19% (376/1933) regret=0.057947 ape=0.6092
[14:34:56] warmStart 19% (377/1933) regret=0.057947 ape=0.6092
[14:34:56] warmStart 19% (378/1933) regret=0.057947 ape=0.6092
[14:34:56] warmStart 19% (379/1933) regret=0.057947 ape=0.6092
[14:34:56] warmStart 19% (380/1933) regret=0.058039 ape=0.6092
[14:34:57] warmStart 19% (381/1933) regret=0.057947 ape=0.6092
[14:34:57] warmStart 19% (382/1933) regret=0.057947 ape=0.6092
[14:34:57] warmStart 19% (383/1933) regret=0.057947 ape=0.6092
[14:34:57] warmStart 19% (384/1933) regret=0.057689 ape=0.6092
[14:34:58] warmStart 19% (385/1933) regret=0.057689 ape=0.6092
[14:34:58] warmStart 19% (386/1933) regret=0.057615 ape=0.6083
[14:34:58] warmStart 20% (387/1933) regret=0.057689 ape=0.6092
[14:34:58] warmStart 20% (388/1933) regret=0.057680 ape=0.6092
[14:34:59] warmStart 20% (389/1933) regret=0.057689 ape=0.6092
[14:34:59] warmStart 20% (390/1933) regret=0.057658 ape=0.6092
[14:34:59] warmStart 20% (391/1933) regret=0.057658 ape=0.6092
[14:34:59] warmStart 20% (392/1933) regret=0.057658 ape=0.6092
[14:35:00] warmStart 20% (393/1933) regret=0.057658 ape=0.6092
[14:35:00] warmStart 20% (394/1933) regret=0.057658 ape=0.6092
[14:35:00] warmStart 20% (395/1933) regret=0.057658 ape=0.6092
[14:35:00] warmStart 20% (396/1933) regret=0.057452 ape=0.6092
[14:35:00] warmStart 20% (397/1933) regret=0.057380 ape=0.6092
[14:35:01] warmStart 20% (398/1933) regret=0.057465 ape=0.6101
[14:35:01] warmStart 20% (399/1933) regret=0.057285 ape=0.6092
[14:35:01] warmStart 20% (400/1933) regret=0.057285 ape=0.6092
[14:35:01] warmStart 20% (401/1933) regret=0.057283 ape=0.6092
[14:35:02] warmStart 20% (402/1933) regret=0.057283 ape=0.6092
[14:35:02] warmStart 20% (403/1933) regret=0.056896 ape=0.6083
[14:35:02] warmStart 20% (404/1933) regret=0.056896 ape=0.6083
[14:35:02] warmStart 20% (405/1933) regret=0.056725 ape=0.6074
[14:35:03] warmStart 21% (406/1933) regret=0.056725 ape=0.6074
[14:35:03] warmStart 21% (407/1933) regret=0.056725 ape=0.6074
[14:35:03] warmStart 21% (408/1933) regret=0.056725 ape=0.6074
[14:35:03] warmStart 21% (409/1933) regret=0.056765 ape=0.6092
[14:35:03] warmStart 21% (410/1933) regret=0.056830 ape=0.6101
[14:35:04] warmStart 21% (411/1933) regret=0.056830 ape=0.6101
[14:35:04] warmStart 21% (412/1933) regret=0.056811 ape=0.6101
[14:35:04] warmStart 21% (413/1933) regret=0.056830 ape=0.6101
[14:35:04] warmStart 21% (414/1933) regret=0.056484 ape=0.6101
[14:35:05] warmStart 21% (415/1933) regret=0.056424 ape=0.6101
[14:35:05] warmStart 21% (416/1933) regret=0.056314 ape=0.6092
[14:35:05] warmStart 21% (417/1933) regret=0.056304 ape=0.6083
[14:35:05] warmStart 21% (418/1933) regret=0.056304 ape=0.6083
[14:35:05] warmStart 21% (419/1933) regret=0.056201 ape=0.6083
[14:35:06] warmStart 21% (420/1933) regret=0.056173 ape=0.6074
[14:35:06] warmStart 21% (421/1933) regret=0.056173 ape=0.6074
[14:35:06] warmStart 21% (422/1933) regret=0.056120 ape=0.6074
[14:35:06] warmStart 21% (423/1933) regret=0.056037 ape=0.6065
[14:35:07] warmStart 21% (424/1933) regret=0.056037 ape=0.6065
[14:35:07] warmStart 21% (425/1933) regret=0.056046 ape=0.6065
[14:35:07] warmStart 22% (426/1933) regret=0.056019 ape=0.6065
[14:35:07] warmStart 22% (427/1933) regret=0.056019 ape=0.6065
[14:35:08] warmStart 22% (428/1933) regret=0.056060 ape=0.6065
[14:35:08] warmStart 22% (429/1933) regret=0.055891 ape=0.6065
[14:35:08] warmStart 22% (430/1933) regret=0.055891 ape=0.6065
[14:35:08] warmStart 22% (431/1933) regret=0.055937 ape=0.6074
[14:35:09] warmStart 22% (432/1933) regret=0.056030 ape=0.6074
[14:35:09] warmStart 22% (433/1933) regret=0.055900 ape=0.6065
[14:35:09] warmStart 22% (434/1933) regret=0.056094 ape=0.6065
[14:35:09] warmStart 22% (435/1933) regret=0.055633 ape=0.6065
[14:35:09] warmStart 22% (436/1933) regret=0.055633 ape=0.6065
[14:35:10] warmStart 22% (437/1933) regret=0.055713 ape=0.6065
[14:35:10] warmStart 22% (438/1933) regret=0.055699 ape=0.6065
[14:35:10] warmStart 22% (439/1933) regret=0.055902 ape=0.6065
[14:35:10] warmStart 22% (440/1933) regret=0.055690 ape=0.6055
[14:35:11] warmStart 22% (441/1933) regret=0.055690 ape=0.6055
[14:35:11] warmStart 22% (442/1933) regret=0.055690 ape=0.6055
[14:35:11] warmStart 22% (443/1933) regret=0.055432 ape=0.6046
[14:35:11] warmStart 22% (444/1933) regret=0.055432 ape=0.6046
[14:35:11] warmStart 23% (445/1933) regret=0.055526 ape=0.6037
[14:35:12] warmStart 23% (446/1933) regret=0.055544 ape=0.6046
[14:35:12] warmStart 23% (447/1933) regret=0.055535 ape=0.6046
[14:35:12] warmStart 23% (448/1933) regret=0.055497 ape=0.6055
[14:35:12] warmStart 23% (449/1933) regret=0.055315 ape=0.6046
[14:35:13] warmStart 23% (450/1933) regret=0.055749 ape=0.6065
[14:35:13] warmStart 23% (451/1933) regret=0.056251 ape=0.6065
[14:35:13] warmStart 23% (452/1933) regret=0.055968 ape=0.6065
[14:35:13] warmStart 23% (453/1933) regret=0.056050 ape=0.6074
[14:35:14] warmStart 23% (454/1933) regret=0.056050 ape=0.6074
[14:35:14] warmStart 23% (455/1933) regret=0.055978 ape=0.6055
[14:35:14] warmStart 23% (456/1933) regret=0.055822 ape=0.6055
[14:35:14] warmStart 23% (457/1933) regret=0.055960 ape=0.6055
[14:35:15] warmStart 23% (458/1933) regret=0.055905 ape=0.6055
[14:35:15] warmStart 23% (459/1933) regret=0.055905 ape=0.6055
[14:35:15] warmStart 23% (460/1933) regret=0.055900 ape=0.6055
[14:35:15] warmStart 23% (461/1933) regret=0.055808 ape=0.6046
[14:35:16] warmStart 23% (462/1933) regret=0.055762 ape=0.6046
[14:35:16] warmStart 23% (463/1933) regret=0.055836 ape=0.6046
[14:35:16] warmStart 24% (464/1933) regret=0.055442 ape=0.6046
[14:35:16] warmStart 24% (465/1933) regret=0.055511 ape=0.6046
[14:35:16] warmStart 24% (466/1933) regret=0.055511 ape=0.6046
[14:35:17] warmStart 24% (467/1933) regret=0.055511 ape=0.6046
[14:35:17] warmStart 24% (468/1933) regret=0.055511 ape=0.6046
[14:35:17] warmStart 24% (469/1933) regret=0.055216 ape=0.6037
[14:35:17] warmStart 24% (470/1933) regret=0.055216 ape=0.6037
[14:35:18] warmStart 24% (471/1933) regret=0.054981 ape=0.6028
[14:35:18] warmStart 24% (472/1933) regret=0.054889 ape=0.6028
[14:35:18] warmStart 24% (473/1933) regret=0.054828 ape=0.6018
[14:35:18] warmStart 24% (474/1933) regret=0.054828 ape=0.6018
[14:35:19] warmStart 24% (475/1933) regret=0.054828 ape=0.6018
[14:35:19] warmStart 24% (476/1933) regret=0.054662 ape=0.6018
[14:35:19] warmStart 24% (477/1933) regret=0.053804 ape=0.6009
[14:35:19] warmStart 24% (478/1933) regret=0.053693 ape=0.6009
[14:35:20] warmStart 24% (479/1933) regret=0.053689 ape=0.6000
[14:35:20] warmStart 24% (480/1933) regret=0.053768 ape=0.6009
[14:35:20] warmStart 24% (481/1933) regret=0.053768 ape=0.6009
[14:35:20] warmStart 24% (482/1933) regret=0.053768 ape=0.6009
[14:35:20] warmStart 24% (483/1933) regret=0.053487 ape=0.6009
[14:35:21] warmStart 25% (484/1933) regret=0.053102 ape=0.6000
[14:35:21] warmStart 25% (485/1933) regret=0.053166 ape=0.6000
[14:35:21] warmStart 25% (486/1933) regret=0.053166 ape=0.6000
[14:35:21] warmStart 25% (487/1933) regret=0.053166 ape=0.6000
[14:35:22] warmStart 25% (488/1933) regret=0.053166 ape=0.6000
[14:35:22] warmStart 25% (489/1933) regret=0.053166 ape=0.6000
[14:35:22] warmStart 25% (490/1933) regret=0.053166 ape=0.6000
[14:35:22] warmStart 25% (491/1933) regret=0.053166 ape=0.6000
[14:35:23] warmStart 25% (492/1933) regret=0.053166 ape=0.6000
[14:35:23] warmStart 25% (493/1933) regret=0.053166 ape=0.6000
[14:35:23] warmStart 25% (494/1933) regret=0.053166 ape=0.6000
[14:35:23] warmStart 25% (495/1933) regret=0.052850 ape=0.5991
[14:35:23] warmStart 25% (496/1933) regret=0.052850 ape=0.5991
[14:35:24] warmStart 25% (497/1933) regret=0.052850 ape=0.5991
[14:35:24] warmStart 25% (498/1933) regret=0.052850 ape=0.5991
[14:35:24] warmStart 25% (499/1933) regret=0.052850 ape=0.5991
[14:35:24] warmStart 25% (500/1933) regret=0.052850 ape=0.5991
[14:35:25] warmStart 25% (501/1933) regret=0.052867 ape=0.5991
[14:35:25] warmStart 25% (502/1933) regret=0.052861 ape=0.5982
[14:35:25] warmStart 26% (503/1933) regret=0.052861 ape=0.5982
[14:35:25] warmStart 26% (504/1933) regret=0.052861 ape=0.5982
[14:35:25] warmStart 26% (505/1933) regret=0.052861 ape=0.5982
[14:35:26] warmStart 26% (506/1933) regret=0.052861 ape=0.5982
[14:35:26] warmStart 26% (507/1933) regret=0.052861 ape=0.5982
[14:35:26] warmStart 26% (508/1933) regret=0.052861 ape=0.5982
[14:35:26] warmStart 26% (509/1933) regret=0.052861 ape=0.5982
[14:35:27] warmStart 26% (510/1933) regret=0.052861 ape=0.5982
[14:35:27] warmStart 26% (511/1933) regret=0.052861 ape=0.5982
[14:35:27] warmStart 26% (512/1933) regret=0.052861 ape=0.5982
[14:35:27] warmStart 26% (513/1933) regret=0.052861 ape=0.5982
[14:35:28] warmStart 26% (514/1933) regret=0.052861 ape=0.5982
[14:35:28] warmStart 26% (515/1933) regret=0.052861 ape=0.5982
[14:35:28] warmStart 26% (516/1933) regret=0.052861 ape=0.5982
[14:35:28] warmStart 26% (517/1933) regret=0.052861 ape=0.5982
[14:35:29] warmStart 26% (518/1933) regret=0.052861 ape=0.5982
[14:35:29] warmStart 26% (519/1933) regret=0.052861 ape=0.5982
[14:35:29] warmStart 26% (520/1933) regret=0.052861 ape=0.5982
[14:35:29] warmStart 26% (521/1933) regret=0.052861 ape=0.5982
[14:35:29] warmStart 27% (522/1933) regret=0.052861 ape=0.5982
[14:35:30] warmStart 27% (523/1933) regret=0.052861 ape=0.5982
[14:35:30] warmStart 27% (524/1933) regret=0.052861 ape=0.5982
[14:35:30] warmStart 27% (525/1933) regret=0.052861 ape=0.5982
[14:35:30] warmStart 27% (526/1933) regret=0.052861 ape=0.5982
[14:35:30] warmStart 27% (527/1933) regret=0.052857 ape=0.5982
[14:35:31] warmStart 27% (528/1933) regret=0.052857 ape=0.5982
[14:35:31] warmStart 27% (529/1933) regret=0.052857 ape=0.5982
[14:35:31] warmStart 27% (530/1933) regret=0.052857 ape=0.5982
[14:35:31] warmStart 27% (531/1933) regret=0.052857 ape=0.5982
[14:35:32] warmStart 27% (532/1933) regret=0.052857 ape=0.5982
[14:35:32] warmStart 27% (533/1933) regret=0.052840 ape=0.5982
[14:35:32] warmStart 27% (534/1933) regret=0.052840 ape=0.5982
[14:35:32] warmStart 27% (535/1933) regret=0.052840 ape=0.5982
[14:35:33] warmStart 27% (536/1933) regret=0.052840 ape=0.5982
[14:35:33] warmStart 27% (537/1933) regret=0.052840 ape=0.5982
[14:35:33] warmStart 27% (538/1933) regret=0.052803 ape=0.5982
[14:35:33] warmStart 27% (539/1933) regret=0.052803 ape=0.5982
[14:35:34] warmStart 27% (540/1933) regret=0.052515 ape=0.5982
[14:35:34] warmStart 27% (541/1933) regret=0.052515 ape=0.5982
[14:35:34] warmStart 28% (542/1933) regret=0.052508 ape=0.5982
[14:35:34] warmStart 28% (543/1933) regret=0.052508 ape=0.5982
[14:35:35] warmStart 28% (544/1933) regret=0.052508 ape=0.5982
[14:35:35] warmStart 28% (545/1933) regret=0.052508 ape=0.5982
[14:35:35] warmStart 28% (546/1933) regret=0.052351 ape=0.5972
[14:35:35] warmStart 28% (547/1933) regret=0.052347 ape=0.5963
[14:35:35] warmStart 28% (548/1933) regret=0.052070 ape=0.5963
[14:35:36] warmStart 28% (549/1933) regret=0.051858 ape=0.5954
[14:35:36] warmStart 28% (550/1933) regret=0.051858 ape=0.5954
[14:35:36] warmStart 28% (551/1933) regret=0.051858 ape=0.5954
[14:35:36] warmStart 28% (552/1933) regret=0.051858 ape=0.5954
[14:35:36] warmStart 28% (553/1933) regret=0.051858 ape=0.5954
[14:35:37] warmStart 28% (554/1933) regret=0.051858 ape=0.5954
[14:35:37] warmStart 28% (555/1933) regret=0.051858 ape=0.5954
[14:35:37] warmStart 28% (556/1933) regret=0.051858 ape=0.5954
[14:35:37] warmStart 28% (557/1933) regret=0.051858 ape=0.5954
[14:35:37] warmStart 28% (558/1933) regret=0.051858 ape=0.5954
[14:35:38] warmStart 28% (559/1933) regret=0.051858 ape=0.5954
[14:35:38] warmStart 28% (560/1933) regret=0.051858 ape=0.5954
[14:35:38] warmStart 29% (561/1933) regret=0.051518 ape=0.5945
[14:35:38] warmStart 29% (562/1933) regret=0.051518 ape=0.5945
[14:35:39] warmStart 29% (563/1933) regret=0.051518 ape=0.5945
[14:35:39] warmStart 29% (564/1933) regret=0.051558 ape=0.5945
[14:35:39] warmStart 29% (565/1933) regret=0.051590 ape=0.5954
[14:35:39] warmStart 29% (566/1933) regret=0.051618 ape=0.5954
[14:35:40] warmStart 29% (567/1933) regret=0.051609 ape=0.5963
[14:35:40] warmStart 29% (568/1933) regret=0.051609 ape=0.5963
[14:35:40] warmStart 29% (569/1933) regret=0.051563 ape=0.5963
[14:35:40] warmStart 29% (570/1933) regret=0.051406 ape=0.5954
[14:35:41] warmStart 29% (571/1933) regret=0.051406 ape=0.5954
[14:35:41] warmStart 29% (572/1933) regret=0.051365 ape=0.5945
[14:35:41] warmStart 29% (573/1933) regret=0.051549 ape=0.5945
[14:35:41] warmStart 29% (574/1933) regret=0.050959 ape=0.5945
[14:35:42] warmStart 29% (575/1933) regret=0.050959 ape=0.5945
[14:35:42] warmStart 29% (576/1933) regret=0.050830 ape=0.5945
[14:35:42] warmStart 29% (577/1933) regret=0.050770 ape=0.5935
[14:35:42] warmStart 29% (578/1933) regret=0.050742 ape=0.5926
[14:35:42] warmStart 29% (579/1933) regret=0.050761 ape=0.5926
[14:35:43] warmStart 30% (580/1933) regret=0.050578 ape=0.5917
[14:35:43] warmStart 30% (581/1933) regret=0.050560 ape=0.5917
[14:35:43] warmStart 30% (582/1933) regret=0.049859 ape=0.5899
[14:35:43] warmStart 30% (583/1933) regret=0.049905 ape=0.5899
[14:35:44] warmStart 30% (584/1933) regret=0.049988 ape=0.5899
[14:35:44] warmStart 30% (585/1933) regret=0.049988 ape=0.5899
[14:35:44] warmStart 30% (586/1933) regret=0.049503 ape=0.5889
[14:35:44] warmStart 30% (587/1933) regret=0.049286 ape=0.5880
[14:35:45] warmStart 30% (588/1933) regret=0.049406 ape=0.5889
[14:35:45] warmStart 30% (589/1933) regret=0.049374 ape=0.5880
[14:35:45] warmStart 30% (590/1933) regret=0.049240 ape=0.5871
[14:35:45] warmStart 30% (591/1933) regret=0.049254 ape=0.5871
[14:35:46] warmStart 30% (592/1933) regret=0.049231 ape=0.5880
[14:35:46] warmStart 30% (593/1933) regret=0.049231 ape=0.5880
[14:35:46] warmStart 30% (594/1933) regret=0.049203 ape=0.5889
[14:35:46] warmStart 30% (595/1933) regret=0.049148 ape=0.5880
[14:35:47] warmStart 30% (596/1933) regret=0.049148 ape=0.5880
[14:35:47] warmStart 30% (597/1933) regret=0.048934 ape=0.5871
[14:35:47] warmStart 30% (598/1933) regret=0.049180 ape=0.5871
[14:35:47] warmStart 30% (599/1933) regret=0.048790 ape=0.5862
[14:35:48] warmStart 31% (600/1933) regret=0.048790 ape=0.5862
[14:35:48] warmStart 31% (601/1933) regret=0.048790 ape=0.5862
[14:35:48] warmStart 31% (602/1933) regret=0.048836 ape=0.5862
[14:35:48] warmStart 31% (603/1933) regret=0.048993 ape=0.5862
[14:35:48] warmStart 31% (604/1933) regret=0.049434 ape=0.5862
[14:35:49] warmStart 31% (605/1933) regret=0.048909 ape=0.5862
[14:35:49] warmStart 31% (606/1933) regret=0.048899 ape=0.5862
[14:35:49] warmStart 31% (607/1933) regret=0.048752 ape=0.5862
[14:35:49] warmStart 31% (608/1933) regret=0.048752 ape=0.5862
[14:35:49] warmStart 31% (609/1933) regret=0.048383 ape=0.5853
[14:35:50] warmStart 31% (610/1933) regret=0.048568 ape=0.5853
[14:35:50] warmStart 31% (611/1933) regret=0.048383 ape=0.5853
[14:35:50] warmStart 31% (612/1933) regret=0.048300 ape=0.5843
[14:35:50] warmStart 31% (613/1933) regret=0.048208 ape=0.5843
[14:35:50] warmStart 31% (614/1933) regret=0.048208 ape=0.5843
[14:35:51] warmStart 31% (615/1933) regret=0.048181 ape=0.5834
[14:35:51] warmStart 31% (616/1933) regret=0.047563 ape=0.5816
[14:35:51] warmStart 31% (617/1933) regret=0.047554 ape=0.5816
[14:35:51] warmStart 31% (618/1933) regret=0.047522 ape=0.5816
[14:35:51] warmStart 32% (619/1933) regret=0.047522 ape=0.5816
[14:35:52] warmStart 32% (620/1933) regret=0.047522 ape=0.5816
[14:35:52] warmStart 32% (621/1933) regret=0.047522 ape=0.5816
[14:35:52] warmStart 32% (622/1933) regret=0.047522 ape=0.5816
[14:35:52] warmStart 32% (623/1933) regret=0.047522 ape=0.5816
[14:35:52] warmStart 32% (624/1933) regret=0.047522 ape=0.5816
[14:35:53] warmStart 32% (625/1933) regret=0.047522 ape=0.5816
[14:35:53] warmStart 32% (626/1933) regret=0.047522 ape=0.5816
[14:35:53] warmStart 32% (627/1933) regret=0.047522 ape=0.5816
[14:35:53] warmStart 32% (628/1933) regret=0.047522 ape=0.5816
[14:35:53] warmStart 32% (629/1933) regret=0.047522 ape=0.5816
[14:35:54] warmStart 32% (630/1933) regret=0.047522 ape=0.5816
[14:35:54] warmStart 32% (631/1933) regret=0.047522 ape=0.5816
[14:35:54] warmStart 32% (632/1933) regret=0.047522 ape=0.5816
[14:35:54] warmStart 32% (633/1933) regret=0.047522 ape=0.5816
[14:35:54] warmStart 32% (634/1933) regret=0.047522 ape=0.5816
[14:35:55] warmStart 32% (635/1933) regret=0.047531 ape=0.5816
[14:35:55] warmStart 32% (636/1933) regret=0.047531 ape=0.5816
[14:35:55] warmStart 32% (637/1933) regret=0.047531 ape=0.5816
[14:35:55] warmStart 33% (638/1933) regret=0.047531 ape=0.5816
[14:35:55] warmStart 33% (639/1933) regret=0.047531 ape=0.5816
[14:35:56] warmStart 33% (640/1933) regret=0.047531 ape=0.5816
[14:35:56] warmStart 33% (641/1933) regret=0.047531 ape=0.5816
[14:35:56] warmStart 33% (642/1933) regret=0.047531 ape=0.5816
[14:35:56] warmStart 33% (643/1933) regret=0.047531 ape=0.5816
[14:35:56] warmStart 33% (644/1933) regret=0.047531 ape=0.5816
[14:35:57] warmStart 33% (645/1933) regret=0.047531 ape=0.5816
[14:35:57] warmStart 33% (646/1933) regret=0.047531 ape=0.5816
[14:35:57] warmStart 33% (647/1933) regret=0.047531 ape=0.5816
[14:35:57] warmStart 33% (648/1933) regret=0.047531 ape=0.5816
[14:35:57] warmStart 33% (649/1933) regret=0.047499 ape=0.5816
[14:35:58] warmStart 33% (650/1933) regret=0.047499 ape=0.5816
[14:35:58] warmStart 33% (651/1933) regret=0.047499 ape=0.5816
[14:35:58] warmStart 33% (652/1933) regret=0.047499 ape=0.5816
[14:35:58] warmStart 33% (653/1933) regret=0.047499 ape=0.5816
[14:35:58] warmStart 33% (654/1933) regret=0.047499 ape=0.5816
[14:35:59] warmStart 33% (655/1933) regret=0.047473 ape=0.5816
[14:35:59] warmStart 33% (656/1933) regret=0.047518 ape=0.5806
[14:35:59] warmStart 33% (657/1933) regret=0.047365 ape=0.5806
[14:35:59] warmStart 34% (658/1933) regret=0.047345 ape=0.5806
[14:35:59] warmStart 34% (659/1933) regret=0.047313 ape=0.5806
[14:36:00] warmStart 34% (660/1933) regret=0.047235 ape=0.5806
[14:36:00] warmStart 34% (661/1933) regret=0.047327 ape=0.5816
[14:36:00] warmStart 34% (662/1933) regret=0.047198 ape=0.5816
[14:36:00] warmStart 34% (663/1933) regret=0.047352 ape=0.5816
[14:36:00] warmStart 34% (664/1933) regret=0.047123 ape=0.5816
[14:36:01] warmStart 34% (665/1933) regret=0.047133 ape=0.5816
[14:36:01] warmStart 34% (666/1933) regret=0.047133 ape=0.5816
[14:36:01] warmStart 34% (667/1933) regret=0.047133 ape=0.5816
[14:36:01] warmStart 34% (668/1933) regret=0.047133 ape=0.5816
[14:36:01] warmStart 34% (669/1933) regret=0.047133 ape=0.5816
[14:36:02] warmStart 34% (670/1933) regret=0.047133 ape=0.5816
[14:36:02] warmStart 34% (671/1933) regret=0.047160 ape=0.5816
[14:36:02] warmStart 34% (672/1933) regret=0.047160 ape=0.5816
[14:36:02] warmStart 34% (673/1933) regret=0.047160 ape=0.5816
[14:36:02] warmStart 34% (674/1933) regret=0.047160 ape=0.5816
[14:36:03] warmStart 34% (675/1933) regret=0.047160 ape=0.5816
[14:36:03] warmStart 34% (676/1933) regret=0.047160 ape=0.5816
[14:36:03] warmStart 35% (677/1933) regret=0.047160 ape=0.5816
[14:36:03] warmStart 35% (678/1933) regret=0.047160 ape=0.5816
[14:36:03] warmStart 35% (679/1933) regret=0.046891 ape=0.5806
[14:36:04] warmStart 35% (680/1933) regret=0.046882 ape=0.5816
[14:36:04] warmStart 35% (681/1933) regret=0.046882 ape=0.5816
[14:36:04] warmStart 35% (682/1933) regret=0.046679 ape=0.5806
[14:36:04] warmStart 35% (683/1933) regret=0.046679 ape=0.5806
[14:36:04] warmStart 35% (684/1933) regret=0.046679 ape=0.5806
[14:36:05] warmStart 35% (685/1933) regret=0.046679 ape=0.5806
[14:36:05] warmStart 35% (686/1933) regret=0.046513 ape=0.5806
[14:36:05] warmStart 35% (687/1933) regret=0.046461 ape=0.5797
[14:36:05] warmStart 35% (688/1933) regret=0.046461 ape=0.5797
[14:36:05] warmStart 35% (689/1933) regret=0.046441 ape=0.5788
[14:36:06] warmStart 35% (690/1933) regret=0.046441 ape=0.5788
[14:36:06] warmStart 35% (691/1933) regret=0.046441 ape=0.5788
[14:36:06] warmStart 35% (692/1933) regret=0.046441 ape=0.5788
[14:36:06] warmStart 35% (693/1933) regret=0.046441 ape=0.5788
[14:36:06] warmStart 35% (694/1933) regret=0.046441 ape=0.5788
[14:36:07] warmStart 35% (695/1933) regret=0.046045 ape=0.5779
[14:36:07] warmStart 36% (696/1933) regret=0.046045 ape=0.5779
[14:36:07] warmStart 36% (697/1933) regret=0.046045 ape=0.5779
[14:36:07] warmStart 36% (698/1933) regret=0.045966 ape=0.5770
[14:36:07] warmStart 36% (699/1933) regret=0.046045 ape=0.5779
[14:36:08] warmStart 36% (700/1933) regret=0.046045 ape=0.5779
[14:36:08] warmStart 36% (701/1933) regret=0.046045 ape=0.5779
[14:36:08] warmStart 36% (702/1933) regret=0.046045 ape=0.5779
[14:36:08] warmStart 36% (703/1933) regret=0.046045 ape=0.5779
[14:36:08] warmStart 36% (704/1933) regret=0.046045 ape=0.5779
[14:36:08] warmStart 36% (705/1933) regret=0.046045 ape=0.5779
[14:36:09] warmStart 36% (706/1933) regret=0.046045 ape=0.5779
[14:36:09] warmStart 36% (707/1933) regret=0.046045 ape=0.5779
[14:36:09] warmStart 36% (708/1933) regret=0.046045 ape=0.5779
[14:36:09] warmStart 36% (709/1933) regret=0.046045 ape=0.5779
[14:36:09] warmStart 36% (710/1933) regret=0.046045 ape=0.5779
[14:36:09] warmStart 36% (711/1933) regret=0.046063 ape=0.5779
[14:36:10] warmStart 36% (712/1933) regret=0.046063 ape=0.5779
[14:36:10] warmStart 36% (713/1933) regret=0.046063 ape=0.5779
[14:36:10] warmStart 36% (714/1933) regret=0.046049 ape=0.5770
[14:36:10] warmStart 36% (715/1933) regret=0.045837 ape=0.5760
[14:36:10] warmStart 37% (716/1933) regret=0.045892 ape=0.5770
[14:36:10] warmStart 37% (717/1933) regret=0.045892 ape=0.5770
[14:36:10] warmStart 37% (718/1933) regret=0.045892 ape=0.5770
[14:36:11] warmStart 37% (719/1933) regret=0.045892 ape=0.5770
[14:36:11] warmStart 37% (720/1933) regret=0.045892 ape=0.5770
[14:36:11] warmStart 37% (721/1933) regret=0.045892 ape=0.5770
[14:36:11] warmStart 37% (722/1933) regret=0.045892 ape=0.5770
[14:36:11] warmStart 37% (723/1933) regret=0.045892 ape=0.5770
[14:36:11] warmStart 37% (724/1933) regret=0.045892 ape=0.5770
[14:36:12] warmStart 37% (725/1933) regret=0.045892 ape=0.5770
[14:36:12] warmStart 37% (726/1933) regret=0.045892 ape=0.5770
[14:36:12] warmStart 37% (727/1933) regret=0.045892 ape=0.5770
[14:36:12] warmStart 37% (728/1933) regret=0.045892 ape=0.5770
[14:36:12] warmStart 37% (729/1933) regret=0.045892 ape=0.5770
[14:36:12] warmStart 37% (730/1933) regret=0.045892 ape=0.5770
[14:36:13] warmStart 37% (731/1933) regret=0.045892 ape=0.5770
[14:36:13] warmStart 37% (732/1933) regret=0.045902 ape=0.5770
[14:36:13] warmStart 37% (733/1933) regret=0.045902 ape=0.5770
[14:36:13] warmStart 37% (734/1933) regret=0.045902 ape=0.5770
[14:36:13] warmStart 38% (735/1933) regret=0.045902 ape=0.5770
[14:36:13] warmStart 38% (736/1933) regret=0.045902 ape=0.5770
[14:36:13] warmStart 38% (737/1933) regret=0.045902 ape=0.5770
[14:36:14] warmStart 38% (738/1933) regret=0.045902 ape=0.5770
[14:36:14] warmStart 38% (739/1933) regret=0.045902 ape=0.5770
[14:36:14] warmStart 38% (740/1933) regret=0.045902 ape=0.5770
[14:36:14] warmStart 38% (741/1933) regret=0.045902 ape=0.5770
[14:36:14] warmStart 38% (742/1933) regret=0.045708 ape=0.5770
[14:36:14] warmStart 38% (743/1933) regret=0.045630 ape=0.5770
[14:36:14] warmStart 38% (744/1933) regret=0.045630 ape=0.5770
[14:36:15] warmStart 38% (745/1933) regret=0.045630 ape=0.5770
[14:36:15] warmStart 38% (746/1933) regret=0.045630 ape=0.5770
[14:36:15] warmStart 38% (747/1933) regret=0.045630 ape=0.5770
[14:36:15] warmStart 38% (748/1933) regret=0.045630 ape=0.5770
[14:36:15] warmStart 38% (749/1933) regret=0.045630 ape=0.5770
[14:36:15] warmStart 38% (750/1933) regret=0.045224 ape=0.5760
[14:36:16] warmStart 38% (751/1933) regret=0.045224 ape=0.5760
[14:36:16] warmStart 38% (752/1933) regret=0.045224 ape=0.5760
[14:36:16] warmStart 38% (753/1933) regret=0.045289 ape=0.5760
[14:36:16] warmStart 39% (754/1933) regret=0.045275 ape=0.5760
[14:36:16] warmStart 39% (755/1933) regret=0.044989 ape=0.5751
[14:36:16] warmStart 39% (756/1933) regret=0.045427 ape=0.5770
[14:36:17] warmStart 39% (757/1933) regret=0.045496 ape=0.5770
[14:36:17] warmStart 39% (758/1933) regret=0.045869 ape=0.5779
[14:36:17] warmStart 39% (759/1933) regret=0.045869 ape=0.5779
[14:36:17] warmStart 39% (760/1933) regret=0.045869 ape=0.5779
[14:36:17] warmStart 39% (761/1933) regret=0.045869 ape=0.5779
[14:36:17] warmStart 39% (762/1933) regret=0.045869 ape=0.5779
[14:36:18] warmStart 39% (763/1933) regret=0.045713 ape=0.5770
[14:36:18] warmStart 39% (764/1933) regret=0.045750 ape=0.5779
[14:36:18] warmStart 39% (765/1933) regret=0.045494 ape=0.5770
[14:36:18] warmStart 39% (766/1933) regret=0.045494 ape=0.5770
[14:36:18] warmStart 39% (767/1933) regret=0.045337 ape=0.5770
[14:36:18] warmStart 39% (768/1933) regret=0.045337 ape=0.5770
[14:36:19] warmStart 39% (769/1933) regret=0.045337 ape=0.5770
[14:36:19] warmStart 39% (770/1933) regret=0.045337 ape=0.5770
[14:36:19] warmStart 39% (771/1933) regret=0.045337 ape=0.5770
[14:36:19] warmStart 39% (772/1933) regret=0.045337 ape=0.5770
[14:36:19] warmStart 39% (773/1933) regret=0.045346 ape=0.5770
[14:36:19] warmStart 40% (774/1933) regret=0.045346 ape=0.5770
[14:36:20] warmStart 40% (775/1933) regret=0.045346 ape=0.5770
[14:36:20] warmStart 40% (776/1933) regret=0.045259 ape=0.5770
[14:36:20] warmStart 40% (777/1933) regret=0.045259 ape=0.5770
[14:36:20] warmStart 40% (778/1933) regret=0.045259 ape=0.5770
[14:36:20] warmStart 40% (779/1933) regret=0.045111 ape=0.5760
[14:36:20] warmStart 40% (780/1933) regret=0.045111 ape=0.5760
[14:36:21] warmStart 40% (781/1933) regret=0.045131 ape=0.5770
[14:36:21] warmStart 40% (782/1933) regret=0.045131 ape=0.5770
[14:36:21] warmStart 40% (783/1933) regret=0.045809 ape=0.5779
[14:36:21] warmStart 40% (784/1933) regret=0.045878 ape=0.5779
[14:36:21] warmStart 40% (785/1933) regret=0.045878 ape=0.5779
[14:36:21] warmStart 40% (786/1933) regret=0.045878 ape=0.5779
[14:36:22] warmStart 40% (787/1933) regret=0.045822 ape=0.5770
[14:36:22] warmStart 40% (788/1933) regret=0.045822 ape=0.5770
[14:36:22] warmStart 40% (789/1933) regret=0.045739 ape=0.5770
[14:36:22] warmStart 40% (790/1933) regret=0.045739 ape=0.5770
[14:36:22] warmStart 40% (791/1933) regret=0.045739 ape=0.5770
[14:36:22] warmStart 40% (792/1933) regret=0.045732 ape=0.5760
[14:36:23] warmStart 41% (793/1933) regret=0.045686 ape=0.5760
[14:36:23] warmStart 41% (794/1933) regret=0.045686 ape=0.5760
[14:36:23] warmStart 41% (795/1933) regret=0.045640 ape=0.5751
[14:36:23] warmStart 41% (796/1933) regret=0.045640 ape=0.5751
[14:36:23] warmStart 41% (797/1933) regret=0.045552 ape=0.5751
[14:36:23] warmStart 41% (798/1933) regret=0.045552 ape=0.5751
[14:36:23] warmStart 41% (799/1933) regret=0.045586 ape=0.5751
[14:36:24] warmStart 41% (800/1933) regret=0.045586 ape=0.5751
[14:36:24] warmStart 41% (801/1933) regret=0.045586 ape=0.5751
[14:36:24] warmStart 41% (802/1933) regret=0.045696 ape=0.5760
[14:36:24] warmStart 41% (803/1933) regret=0.045821 ape=0.5760
[14:36:24] warmStart 41% (804/1933) regret=0.045821 ape=0.5760
[14:36:24] warmStart 41% (805/1933) regret=0.045821 ape=0.5760
[14:36:25] warmStart 41% (806/1933) regret=0.046239 ape=0.5760
[14:36:25] warmStart 41% (807/1933) regret=0.046368 ape=0.5770
[14:36:25] warmStart 41% (808/1933) regret=0.046368 ape=0.5770
[14:36:25] warmStart 41% (809/1933) regret=0.046290 ape=0.5770
[14:36:25] warmStart 41% (810/1933) regret=0.046281 ape=0.5770
[14:36:25] warmStart 41% (811/1933) regret=0.046281 ape=0.5770
[14:36:26] warmStart 42% (812/1933) regret=0.046278 ape=0.5770
[14:36:26] warmStart 42% (813/1933) regret=0.046213 ape=0.5770
[14:36:26] warmStart 42% (814/1933) regret=0.046278 ape=0.5770
[14:36:26] warmStart 42% (815/1933) regret=0.046266 ape=0.5770
[14:36:26] warmStart 42% (816/1933) regret=0.046203 ape=0.5760
[14:36:26] warmStart 42% (817/1933) regret=0.046198 ape=0.5760
[14:36:27] warmStart 42% (818/1933) regret=0.046229 ape=0.5760
[14:36:27] warmStart 42% (819/1933) regret=0.045971 ape=0.5760
[14:36:27] warmStart 42% (820/1933) regret=0.046005 ape=0.5760
[14:36:27] warmStart 42% (821/1933) regret=0.045996 ape=0.5760
[14:36:27] warmStart 42% (822/1933) regret=0.045941 ape=0.5770
[14:36:27] warmStart 42% (823/1933) regret=0.045941 ape=0.5770
[14:36:28] warmStart 42% (824/1933) regret=0.045798 ape=0.5770
[14:36:28] warmStart 42% (825/1933) regret=0.045954 ape=0.5770
[14:36:28] warmStart 42% (826/1933) regret=0.045565 ape=0.5770
[14:36:28] warmStart 42% (827/1933) regret=0.045562 ape=0.5770
[14:36:28] warmStart 42% (828/1933) regret=0.045562 ape=0.5770
[14:36:28] warmStart 42% (829/1933) regret=0.045590 ape=0.5770
[14:36:29] warmStart 42% (830/1933) regret=0.045562 ape=0.5770
[14:36:29] warmStart 42% (831/1933) regret=0.045530 ape=0.5760
[14:36:29] warmStart 43% (832/1933) regret=0.045585 ape=0.5770
[14:36:29] warmStart 43% (833/1933) regret=0.045566 ape=0.5760
[14:36:29] warmStart 43% (834/1933) regret=0.045520 ape=0.5760
[14:36:29] warmStart 43% (835/1933) regret=0.045508 ape=0.5751
[14:36:29] warmStart 43% (836/1933) regret=0.045462 ape=0.5742
[14:36:30] warmStart 43% (837/1933) regret=0.045508 ape=0.5742
[14:36:30] warmStart 43% (838/1933) regret=0.045451 ape=0.5742
[14:36:30] warmStart 43% (839/1933) regret=0.045441 ape=0.5733
[14:36:30] warmStart 43% (840/1933) regret=0.045335 ape=0.5724
[14:36:30] warmStart 43% (841/1933) regret=0.045243 ape=0.5714
[14:36:30] warmStart 43% (842/1933) regret=0.045196 ape=0.5714
[14:36:31] warmStart 43% (843/1933) regret=0.045196 ape=0.5714
[14:36:31] warmStart 43% (844/1933) regret=0.045440 ape=0.5714
[14:36:31] warmStart 43% (845/1933) regret=0.045057 ape=0.5705
[14:36:31] warmStart 43% (846/1933) regret=0.045057 ape=0.5705
[14:36:31] warmStart 43% (847/1933) regret=0.045150 ape=0.5705
[14:36:31] warmStart 43% (848/1933) regret=0.045187 ape=0.5705
[14:36:32] warmStart 43% (849/1933) regret=0.045150 ape=0.5705
[14:36:32] warmStart 43% (850/1933) regret=0.044809 ape=0.5696
[14:36:32] warmStart 44% (851/1933) regret=0.044786 ape=0.5687
[14:36:32] warmStart 44% (852/1933) regret=0.044540 ape=0.5687
[14:36:32] warmStart 44% (853/1933) regret=0.044553 ape=0.5687
[14:36:32] warmStart 44% (854/1933) regret=0.044630 ape=0.5687
[14:36:32] warmStart 44% (855/1933) regret=0.044736 ape=0.5687
[14:36:33] warmStart 44% (856/1933) regret=0.044619 ape=0.5687
[14:36:33] warmStart 44% (857/1933) regret=0.044619 ape=0.5687
[14:36:33] warmStart 44% (858/1933) regret=0.044130 ape=0.5677
[14:36:33] warmStart 44% (859/1933) regret=0.044130 ape=0.5677
[14:36:33] warmStart 44% (860/1933) regret=0.044069 ape=0.5677
[14:36:33] warmStart 44% (861/1933) regret=0.044009 ape=0.5677
[14:36:33] warmStart 44% (862/1933) regret=0.044015 ape=0.5677
[14:36:34] warmStart 44% (863/1933) regret=0.043921 ape=0.5677
[14:36:34] warmStart 44% (864/1933) regret=0.043921 ape=0.5677
[14:36:34] warmStart 44% (865/1933) regret=0.043932 ape=0.5677
[14:36:34] warmStart 44% (866/1933) regret=0.043895 ape=0.5677
[14:36:34] warmStart 44% (867/1933) regret=0.043895 ape=0.5677
[14:36:34] warmStart 44% (868/1933) regret=0.043895 ape=0.5677
[14:36:34] warmStart 44% (869/1933) regret=0.043736 ape=0.5668
[14:36:35] warmStart 45% (870/1933) regret=0.043643 ape=0.5659
[14:36:35] warmStart 45% (871/1933) regret=0.043643 ape=0.5659
[14:36:35] warmStart 45% (872/1933) regret=0.043643 ape=0.5659
[14:36:35] warmStart 45% (873/1933) regret=0.043643 ape=0.5659
[14:36:35] warmStart 45% (874/1933) regret=0.043643 ape=0.5659
[14:36:35] warmStart 45% (875/1933) regret=0.043643 ape=0.5659
[14:36:35] warmStart 45% (876/1933) regret=0.043643 ape=0.5659
[14:36:36] warmStart 45% (877/1933) regret=0.043643 ape=0.5659
[14:36:36] warmStart 45% (878/1933) regret=0.043643 ape=0.5659
[14:36:36] warmStart 45% (879/1933) regret=0.043560 ape=0.5650
[14:36:36] warmStart 45% (880/1933) regret=0.043560 ape=0.5650
[14:36:36] warmStart 45% (881/1933) regret=0.043560 ape=0.5650
[14:36:36] warmStart 45% (882/1933) regret=0.043560 ape=0.5650
[14:36:36] warmStart 45% (883/1933) regret=0.043560 ape=0.5650
[14:36:37] warmStart 45% (884/1933) regret=0.043560 ape=0.5650
[14:36:37] warmStart 45% (885/1933) regret=0.043560 ape=0.5650
[14:36:37] warmStart 45% (886/1933) regret=0.043560 ape=0.5650
[14:36:37] warmStart 45% (887/1933) regret=0.043560 ape=0.5650
[14:36:37] warmStart 45% (888/1933) regret=0.043560 ape=0.5650
[14:36:37] warmStart 45% (889/1933) regret=0.043560 ape=0.5650
[14:36:37] warmStart 46% (890/1933) regret=0.043560 ape=0.5650
[14:36:38] warmStart 46% (891/1933) regret=0.043560 ape=0.5650
[14:36:38] warmStart 46% (892/1933) regret=0.043533 ape=0.5650
[14:36:38] warmStart 46% (893/1933) regret=0.043533 ape=0.5650
[14:36:38] warmStart 46% (894/1933) regret=0.043533 ape=0.5650
[14:36:38] warmStart 46% (895/1933) regret=0.043533 ape=0.5650
[14:36:38] warmStart 46% (896/1933) regret=0.043533 ape=0.5650
[14:36:38] warmStart 46% (897/1933) regret=0.043533 ape=0.5650
[14:36:39] warmStart 46% (898/1933) regret=0.043533 ape=0.5650
[14:36:39] warmStart 46% (899/1933) regret=0.043533 ape=0.5650
[14:36:39] warmStart 46% (900/1933) regret=0.043533 ape=0.5650
[14:36:39] warmStart 46% (901/1933) regret=0.043533 ape=0.5650
[14:36:39] warmStart 46% (902/1933) regret=0.043533 ape=0.5650
[14:36:39] warmStart 46% (903/1933) regret=0.043376 ape=0.5641
[14:36:39] warmStart 46% (904/1933) regret=0.043376 ape=0.5641
[14:36:40] warmStart 46% (905/1933) regret=0.043415 ape=0.5641
[14:36:40] warmStart 46% (906/1933) regret=0.043444 ape=0.5641
[14:36:40] warmStart 46% (907/1933) regret=0.043462 ape=0.5650
[14:36:40] warmStart 46% (908/1933) regret=0.043355 ape=0.5631
[14:36:40] warmStart 47% (909/1933) regret=0.043355 ape=0.5631
[14:36:40] warmStart 47% (910/1933) regret=0.043300 ape=0.5641
[14:36:40] warmStart 47% (911/1933) regret=0.043300 ape=0.5641
[14:36:41] warmStart 47% (912/1933) regret=0.043300 ape=0.5641
[14:36:41] warmStart 47% (913/1933) regret=0.043300 ape=0.5641
[14:36:41] warmStart 47% (914/1933) regret=0.043300 ape=0.5641
[14:36:41] warmStart 47% (915/1933) regret=0.043300 ape=0.5641
[14:36:41] warmStart 47% (916/1933) regret=0.043300 ape=0.5641
[14:36:41] warmStart 47% (917/1933) regret=0.043300 ape=0.5641
[14:36:41] warmStart 47% (918/1933) regret=0.043300 ape=0.5641
[14:36:41] warmStart 47% (919/1933) regret=0.043300 ape=0.5641
[14:36:42] warmStart 47% (920/1933) regret=0.043300 ape=0.5641
[14:36:42] warmStart 47% (921/1933) regret=0.043300 ape=0.5641
[14:36:42] warmStart 47% (922/1933) regret=0.043300 ape=0.5641
[14:36:42] warmStart 47% (923/1933) regret=0.043300 ape=0.5641
[14:36:42] warmStart 47% (924/1933) regret=0.043300 ape=0.5641
[14:36:42] warmStart 47% (925/1933) regret=0.043300 ape=0.5641
[14:36:42] warmStart 47% (926/1933) regret=0.043300 ape=0.5641
[14:36:43] warmStart 47% (927/1933) regret=0.043300 ape=0.5641
[14:36:43] warmStart 48% (928/1933) regret=0.043300 ape=0.5641
[14:36:43] warmStart 48% (929/1933) regret=0.043300 ape=0.5641
[14:36:43] warmStart 48% (930/1933) regret=0.043300 ape=0.5641
[14:36:43] warmStart 48% (931/1933) regret=0.043300 ape=0.5641
[14:36:43] warmStart 48% (932/1933) regret=0.043300 ape=0.5641
[14:36:43] warmStart 48% (933/1933) regret=0.043300 ape=0.5641
[14:36:44] warmStart 48% (934/1933) regret=0.043300 ape=0.5641
[14:36:44] warmStart 48% (935/1933) regret=0.043300 ape=0.5641
[14:36:44] warmStart 48% (936/1933) regret=0.043300 ape=0.5641
[14:36:44] warmStart 48% (937/1933) regret=0.043300 ape=0.5641
[14:36:44] warmStart 48% (938/1933) regret=0.043300 ape=0.5641
[14:36:44] warmStart 48% (939/1933) regret=0.043300 ape=0.5641
[14:36:44] warmStart 48% (940/1933) regret=0.043300 ape=0.5641
[14:36:44] warmStart 48% (941/1933) regret=0.043300 ape=0.5641
[14:36:45] warmStart 48% (942/1933) regret=0.043300 ape=0.5641
[14:36:45] warmStart 48% (943/1933) regret=0.043300 ape=0.5641
[14:36:45] warmStart 48% (944/1933) regret=0.043300 ape=0.5641
[14:36:45] warmStart 48% (945/1933) regret=0.043300 ape=0.5641
[14:36:45] warmStart 48% (946/1933) regret=0.043300 ape=0.5641
[14:36:45] warmStart 48% (947/1933) regret=0.043300 ape=0.5641
[14:36:45] warmStart 49% (948/1933) regret=0.043300 ape=0.5641
[14:36:46] warmStart 49% (949/1933) regret=0.043300 ape=0.5641
[14:36:46] warmStart 49% (950/1933) regret=0.043300 ape=0.5641
[14:36:46] warmStart 49% (951/1933) regret=0.043300 ape=0.5641
[14:36:46] warmStart 49% (952/1933) regret=0.043300 ape=0.5641
[14:36:46] warmStart 49% (953/1933) regret=0.043300 ape=0.5641
[14:36:46] warmStart 49% (954/1933) regret=0.043300 ape=0.5641
[14:36:46] warmStart 49% (955/1933) regret=0.043300 ape=0.5641
[14:36:46] warmStart 49% (956/1933) regret=0.043300 ape=0.5641
[14:36:47] warmStart 49% (957/1933) regret=0.043300 ape=0.5641
[14:36:47] warmStart 49% (958/1933) regret=0.043300 ape=0.5641
[14:36:47] warmStart 49% (959/1933) regret=0.043300 ape=0.5641
[14:36:47] warmStart 49% (960/1933) regret=0.043300 ape=0.5641
[14:36:47] warmStart 49% (961/1933) regret=0.043300 ape=0.5641
[14:36:47] warmStart 49% (962/1933) regret=0.043300 ape=0.5641
[14:36:47] warmStart 49% (963/1933) regret=0.043300 ape=0.5641
[14:36:48] warmStart 49% (964/1933) regret=0.043132 ape=0.5641
[14:36:48] warmStart 49% (965/1933) regret=0.043132 ape=0.5641
[14:36:48] warmStart 49% (966/1933) regret=0.043132 ape=0.5641
[14:36:48] warmStart 50% (967/1933) regret=0.043132 ape=0.5641
[14:36:48] warmStart 50% (968/1933) regret=0.043063 ape=0.5641
[14:36:48] warmStart 50% (969/1933) regret=0.043050 ape=0.5631
[14:36:48] warmStart 50% (970/1933) regret=0.043050 ape=0.5631
[14:36:48] warmStart 50% (971/1933) regret=0.043050 ape=0.5631
[14:36:49] warmStart 50% (972/1933) regret=0.043050 ape=0.5631
[14:36:49] warmStart 50% (973/1933) regret=0.043096 ape=0.5631
[14:36:49] warmStart 50% (974/1933) regret=0.043096 ape=0.5631
[14:36:49] warmStart 50% (975/1933) regret=0.043096 ape=0.5631
[14:36:49] warmStart 50% (976/1933) regret=0.043096 ape=0.5631
[14:36:49] warmStart 50% (977/1933) regret=0.043119 ape=0.5631
[14:36:50] warmStart 50% (978/1933) regret=0.043119 ape=0.5631
[14:36:50] warmStart 50% (979/1933) regret=0.043119 ape=0.5631
[14:36:50] warmStart 50% (980/1933) regret=0.043119 ape=0.5631
[14:36:50] warmStart 50% (981/1933) regret=0.043119 ape=0.5631
[14:36:50] warmStart 50% (982/1933) regret=0.043119 ape=0.5631
[14:36:50] warmStart 50% (983/1933) regret=0.043119 ape=0.5631
[14:36:50] warmStart 50% (984/1933) regret=0.043119 ape=0.5631
[14:36:51] warmStart 50% (985/1933) regret=0.043119 ape=0.5631
[14:36:51] warmStart 51% (986/1933) regret=0.043119 ape=0.5631
[14:36:51] warmStart 51% (987/1933) regret=0.043119 ape=0.5631
[14:36:51] warmStart 51% (988/1933) regret=0.043036 ape=0.5622
[14:36:51] warmStart 51% (989/1933) regret=0.042935 ape=0.5622
[14:36:51] warmStart 51% (990/1933) regret=0.042935 ape=0.5622
[14:36:52] warmStart 51% (991/1933) regret=0.043105 ape=0.5622
[14:36:52] warmStart 51% (992/1933) regret=0.042898 ape=0.5613
[14:36:52] warmStart 51% (993/1933) regret=0.042716 ape=0.5613
[14:36:52] warmStart 51% (994/1933) regret=0.042679 ape=0.5613
[14:36:52] warmStart 51% (995/1933) regret=0.043259 ape=0.5631
[14:36:52] warmStart 51% (996/1933) regret=0.043012 ape=0.5631
[14:36:53] warmStart 51% (997/1933) regret=0.043201 ape=0.5631
[14:36:53] warmStart 51% (998/1933) regret=0.043190 ape=0.5631
[14:36:53] warmStart 51% (999/1933) regret=0.043201 ape=0.5631
[14:36:53] warmStart 51% (1000/1933) regret=0.043116 ape=0.5622
[14:36:53] warmStart 51% (1001/1933) regret=0.043093 ape=0.5622
[14:36:53] warmStart 51% (1002/1933) regret=0.043093 ape=0.5622
[14:36:54] warmStart 51% (1003/1933) regret=0.042651 ape=0.5613
[14:36:54] warmStart 51% (1004/1933) regret=0.043005 ape=0.5613
[14:36:54] warmStart 51% (1005/1933) regret=0.042929 ape=0.5622
[14:36:54] warmStart 52% (1006/1933) regret=0.042818 ape=0.5613
[14:36:54] warmStart 52% (1007/1933) regret=0.042753 ape=0.5613
[14:36:55] warmStart 52% (1008/1933) regret=0.042753 ape=0.5613
[14:36:55] warmStart 52% (1009/1933) regret=0.042864 ape=0.5613
[14:36:55] warmStart 52% (1010/1933) regret=0.042800 ape=0.5613
[14:36:55] warmStart 52% (1011/1933) regret=0.042800 ape=0.5613
[14:36:55] warmStart 52% (1012/1933) regret=0.042800 ape=0.5613
[14:36:56] warmStart 52% (1013/1933) regret=0.042770 ape=0.5613
[14:36:56] warmStart 52% (1014/1933) regret=0.042876 ape=0.5613
[14:36:56] warmStart 52% (1015/1933) regret=0.042770 ape=0.5613
[14:36:56] warmStart 52% (1016/1933) regret=0.042770 ape=0.5613
[14:36:56] warmStart 52% (1017/1933) regret=0.042770 ape=0.5613
[14:36:57] warmStart 52% (1018/1933) regret=0.042804 ape=0.5604
[14:36:57] warmStart 52% (1019/1933) regret=0.042804 ape=0.5604
[14:36:57] warmStart 52% (1020/1933) regret=0.042804 ape=0.5604
[14:36:57] warmStart 52% (1021/1933) regret=0.042967 ape=0.5604
[14:36:57] warmStart 52% (1022/1933) regret=0.042743 ape=0.5604
[14:36:58] warmStart 52% (1023/1933) regret=0.042638 ape=0.5594
[14:36:58] warmStart 52% (1024/1933) regret=0.042432 ape=0.5576
[14:36:58] warmStart 53% (1025/1933) regret=0.042549 ape=0.5585
[14:36:58] warmStart 53% (1026/1933) regret=0.042595 ape=0.5585
[14:36:58] warmStart 53% (1027/1933) regret=0.042526 ape=0.5576
[14:36:59] warmStart 53% (1028/1933) regret=0.042517 ape=0.5567
[14:36:59] warmStart 53% (1029/1933) regret=0.042452 ape=0.5567
[14:36:59] warmStart 53% (1030/1933) regret=0.042452 ape=0.5567
[14:36:59] warmStart 53% (1031/1933) regret=0.042452 ape=0.5567
[14:36:59] warmStart 53% (1032/1933) regret=0.042452 ape=0.5567
[14:37:00] warmStart 53% (1033/1933) regret=0.042452 ape=0.5567
[14:37:00] warmStart 53% (1034/1933) regret=0.042452 ape=0.5567
[14:37:00] warmStart 53% (1035/1933) regret=0.042452 ape=0.5567
[14:37:00] warmStart 53% (1036/1933) regret=0.042452 ape=0.5567
[14:37:00] warmStart 53% (1037/1933) regret=0.042452 ape=0.5567
[14:37:01] warmStart 53% (1038/1933) regret=0.042452 ape=0.5567
[14:37:01] warmStart 53% (1039/1933) regret=0.042452 ape=0.5567
[14:37:01] warmStart 53% (1040/1933) regret=0.042452 ape=0.5567
[14:37:01] warmStart 53% (1041/1933) regret=0.042452 ape=0.5567
[14:37:01] warmStart 53% (1042/1933) regret=0.042452 ape=0.5567
[14:37:02] warmStart 53% (1043/1933) regret=0.042452 ape=0.5567
[14:37:02] warmStart 54% (1044/1933) regret=0.042452 ape=0.5567
[14:37:02] warmStart 54% (1045/1933) regret=0.042452 ape=0.5567
[14:37:02] warmStart 54% (1046/1933) regret=0.042452 ape=0.5567
[14:37:02] warmStart 54% (1047/1933) regret=0.042452 ape=0.5567
[14:37:03] warmStart 54% (1048/1933) regret=0.042452 ape=0.5567
[14:37:03] warmStart 54% (1049/1933) regret=0.042452 ape=0.5567
[14:37:03] warmStart 54% (1050/1933) regret=0.042443 ape=0.5558
[14:37:03] warmStart 54% (1051/1933) regret=0.042443 ape=0.5558
[14:37:03] warmStart 54% (1052/1933) regret=0.042443 ape=0.5558
[14:37:04] warmStart 54% (1053/1933) regret=0.042443 ape=0.5558
[14:37:04] warmStart 54% (1054/1933) regret=0.042443 ape=0.5558
[14:37:04] warmStart 54% (1055/1933) regret=0.042443 ape=0.5558
[14:37:04] warmStart 54% (1056/1933) regret=0.042443 ape=0.5558
[14:37:04] warmStart 54% (1057/1933) regret=0.042443 ape=0.5558
[14:37:05] warmStart 54% (1058/1933) regret=0.042443 ape=0.5558
[14:37:05] warmStart 54% (1059/1933) regret=0.042448 ape=0.5567
[14:37:05] warmStart 54% (1060/1933) regret=0.042448 ape=0.5567
[14:37:05] warmStart 54% (1061/1933) regret=0.042448 ape=0.5567
[14:37:05] warmStart 54% (1062/1933) regret=0.042457 ape=0.5567
[14:37:06] warmStart 54% (1063/1933) regret=0.042542 ape=0.5567
[14:37:06] warmStart 55% (1064/1933) regret=0.042542 ape=0.5567
[14:37:06] warmStart 55% (1065/1933) regret=0.042542 ape=0.5567
[14:37:06] warmStart 55% (1066/1933) regret=0.042994 ape=0.5576
[14:37:06] warmStart 55% (1067/1933) regret=0.042597 ape=0.5576
[14:37:07] warmStart 55% (1068/1933) regret=0.043136 ape=0.5585
[14:37:07] warmStart 55% (1069/1933) regret=0.042577 ape=0.5576
[14:37:07] warmStart 55% (1070/1933) regret=0.042509 ape=0.5567
[14:37:07] warmStart 55% (1071/1933) regret=0.042509 ape=0.5567
[14:37:07] warmStart 55% (1072/1933) regret=0.042484 ape=0.5558
[14:37:08] warmStart 55% (1073/1933) regret=0.042484 ape=0.5558
[14:37:08] warmStart 55% (1074/1933) regret=0.042484 ape=0.5558
[14:37:08] warmStart 55% (1075/1933) regret=0.042415 ape=0.5548
[14:37:08] warmStart 55% (1076/1933) regret=0.042397 ape=0.5548
[14:37:08] warmStart 55% (1077/1933) regret=0.042323 ape=0.5539
[14:37:09] warmStart 55% (1078/1933) regret=0.042378 ape=0.5539
[14:37:09] warmStart 55% (1079/1933) regret=0.042295 ape=0.5539
[14:37:09] warmStart 55% (1080/1933) regret=0.042277 ape=0.5530
[14:37:09] warmStart 55% (1081/1933) regret=0.042215 ape=0.5521
[14:37:09] warmStart 55% (1082/1933) regret=0.041976 ape=0.5512
[14:37:10] warmStart 56% (1083/1933) regret=0.041878 ape=0.5512
[14:37:10] warmStart 56% (1084/1933) regret=0.041878 ape=0.5512
[14:37:10] warmStart 56% (1085/1933) regret=0.041853 ape=0.5512
[14:37:10] warmStart 56% (1086/1933) regret=0.041761 ape=0.5502
[14:37:10] warmStart 56% (1087/1933) regret=0.041864 ape=0.5502
[14:37:11] warmStart 56% (1088/1933) regret=0.041719 ape=0.5493
[14:37:11] warmStart 56% (1089/1933) regret=0.041747 ape=0.5493
[14:37:11] warmStart 56% (1090/1933) regret=0.041769 ape=0.5493
[14:37:11] warmStart 56% (1091/1933) regret=0.041703 ape=0.5493
[14:37:11] warmStart 56% (1092/1933) regret=0.041678 ape=0.5493
[14:37:12] warmStart 56% (1093/1933) regret=0.041539 ape=0.5493
[14:37:12] warmStart 56% (1094/1933) regret=0.041539 ape=0.5493
[14:37:12] warmStart 56% (1095/1933) regret=0.041509 ape=0.5493
[14:37:12] warmStart 56% (1096/1933) regret=0.041597 ape=0.5493
[14:37:13] warmStart 56% (1097/1933) regret=0.041478 ape=0.5493
[14:37:13] warmStart 56% (1098/1933) regret=0.041642 ape=0.5502
[14:37:13] warmStart 56% (1099/1933) regret=0.041661 ape=0.5512
[14:37:13] warmStart 56% (1100/1933) regret=0.041661 ape=0.5512
[14:37:13] warmStart 56% (1101/1933) regret=0.041476 ape=0.5502
[14:37:14] warmStart 57% (1102/1933) regret=0.041476 ape=0.5502
[14:37:14] warmStart 57% (1103/1933) regret=0.041476 ape=0.5502
[14:37:14] warmStart 57% (1104/1933) regret=0.041476 ape=0.5502
[14:37:14] warmStart 57% (1105/1933) regret=0.041476 ape=0.5502
[14:37:14] warmStart 57% (1106/1933) regret=0.041521 ape=0.5493
[14:37:15] warmStart 57% (1107/1933) regret=0.041502 ape=0.5493
[14:37:15] warmStart 57% (1108/1933) regret=0.041313 ape=0.5493
[14:37:15] warmStart 57% (1109/1933) regret=0.041313 ape=0.5493
[14:37:15] warmStart 57% (1110/1933) regret=0.041313 ape=0.5493
[14:37:15] warmStart 57% (1111/1933) regret=0.041313 ape=0.5493
[14:37:16] warmStart 57% (1112/1933) regret=0.041313 ape=0.5493
[14:37:16] warmStart 57% (1113/1933) regret=0.041313 ape=0.5493
[14:37:16] warmStart 57% (1114/1933) regret=0.041260 ape=0.5493
[14:37:16] warmStart 57% (1115/1933) regret=0.041313 ape=0.5493
[14:37:16] warmStart 57% (1116/1933) regret=0.041214 ape=0.5493
[14:37:17] warmStart 57% (1117/1933) regret=0.041214 ape=0.5493
[14:37:17] warmStart 57% (1118/1933) regret=0.041214 ape=0.5493
[14:37:17] warmStart 57% (1119/1933) regret=0.041214 ape=0.5493
[14:37:17] warmStart 57% (1120/1933) regret=0.041099 ape=0.5484
[14:37:17] warmStart 57% (1121/1933) regret=0.041099 ape=0.5484
[14:37:17] warmStart 58% (1122/1933) regret=0.040970 ape=0.5475
[14:37:18] warmStart 58% (1123/1933) regret=0.040970 ape=0.5475
[14:37:18] warmStart 58% (1124/1933) regret=0.041537 ape=0.5484
[14:37:18] warmStart 58% (1125/1933) regret=0.041205 ape=0.5484
[14:37:18] warmStart 58% (1126/1933) regret=0.040864 ape=0.5475
[14:37:18] warmStart 58% (1127/1933) regret=0.040864 ape=0.5475
[14:37:19] warmStart 58% (1128/1933) regret=0.040864 ape=0.5475
[14:37:19] warmStart 58% (1129/1933) regret=0.040864 ape=0.5475
[14:37:19] warmStart 58% (1130/1933) regret=0.040864 ape=0.5475
[14:37:19] warmStart 58% (1131/1933) regret=0.040864 ape=0.5475
[14:37:19] warmStart 58% (1132/1933) regret=0.040924 ape=0.5475
[14:37:20] warmStart 58% (1133/1933) regret=0.040924 ape=0.5475
[14:37:20] warmStart 58% (1134/1933) regret=0.040924 ape=0.5475
[14:37:20] warmStart 58% (1135/1933) regret=0.040924 ape=0.5475
[14:37:20] warmStart 58% (1136/1933) regret=0.040921 ape=0.5475
[14:37:20] warmStart 58% (1137/1933) regret=0.040838 ape=0.5475
[14:37:21] warmStart 58% (1138/1933) regret=0.040893 ape=0.5475
[14:37:21] warmStart 58% (1139/1933) regret=0.040838 ape=0.5475
[14:37:21] warmStart 58% (1140/1933) regret=0.040912 ape=0.5475
[14:37:21] warmStart 59% (1141/1933) regret=0.040912 ape=0.5475
[14:37:21] warmStart 59% (1142/1933) regret=0.040912 ape=0.5475
[14:37:22] warmStart 59% (1143/1933) regret=0.040912 ape=0.5475
[14:37:22] warmStart 59% (1144/1933) regret=0.040912 ape=0.5475
[14:37:22] warmStart 59% (1145/1933) regret=0.040912 ape=0.5475
[14:37:22] warmStart 59% (1146/1933) regret=0.040912 ape=0.5475
[14:37:22] warmStart 59% (1147/1933) regret=0.040912 ape=0.5475
[14:37:23] warmStart 59% (1148/1933) regret=0.040912 ape=0.5475
[14:37:23] warmStart 59% (1149/1933) regret=0.040912 ape=0.5475
[14:37:23] warmStart 59% (1150/1933) regret=0.040912 ape=0.5475
[14:37:23] warmStart 59% (1151/1933) regret=0.040368 ape=0.5475
[14:37:23] warmStart 59% (1152/1933) regret=0.040382 ape=0.5475
[14:37:24] warmStart 59% (1153/1933) regret=0.040389 ape=0.5475
[14:37:24] warmStart 59% (1154/1933) regret=0.040389 ape=0.5475
[14:37:24] warmStart 59% (1155/1933) regret=0.039947 ape=0.5465
[14:37:24] warmStart 59% (1156/1933) regret=0.039947 ape=0.5465
[14:37:24] warmStart 59% (1157/1933) regret=0.039947 ape=0.5465
[14:37:25] warmStart 59% (1158/1933) regret=0.039915 ape=0.5465
[14:37:25] warmStart 59% (1159/1933) regret=0.039915 ape=0.5465
[14:37:25] warmStart 60% (1160/1933) regret=0.039915 ape=0.5465
[14:37:25] warmStart 60% (1161/1933) regret=0.039869 ape=0.5465
[14:37:25] warmStart 60% (1162/1933) regret=0.039869 ape=0.5465
[14:37:26] warmStart 60% (1163/1933) regret=0.039869 ape=0.5465
[14:37:26] warmStart 60% (1164/1933) regret=0.039869 ape=0.5465
[14:37:26] warmStart 60% (1165/1933) regret=0.039869 ape=0.5465
[14:37:26] warmStart 60% (1166/1933) regret=0.040044 ape=0.5475
[14:37:26] warmStart 60% (1167/1933) regret=0.039677 ape=0.5465
[14:37:27] warmStart 60% (1168/1933) regret=0.039677 ape=0.5465
[14:37:27] warmStart 60% (1169/1933) regret=0.039677 ape=0.5465
[14:37:27] warmStart 60% (1170/1933) regret=0.039677 ape=0.5465
[14:37:27] warmStart 60% (1171/1933) regret=0.039612 ape=0.5465
[14:37:27] warmStart 60% (1172/1933) regret=0.039612 ape=0.5465
[14:37:28] warmStart 60% (1173/1933) regret=0.039612 ape=0.5465
[14:37:28] warmStart 60% (1174/1933) regret=0.039612 ape=0.5465
[14:37:28] warmStart 60% (1175/1933) regret=0.039525 ape=0.5465
[14:37:28] warmStart 60% (1176/1933) regret=0.039525 ape=0.5465
[14:37:28] warmStart 60% (1177/1933) regret=0.039525 ape=0.5465
[14:37:29] warmStart 60% (1178/1933) regret=0.039525 ape=0.5465
[14:37:29] warmStart 60% (1179/1933) regret=0.039587 ape=0.5465
[14:37:29] warmStart 61% (1180/1933) regret=0.039700 ape=0.5465
[14:37:29] warmStart 61% (1181/1933) regret=0.039700 ape=0.5465
[14:37:29] warmStart 61% (1182/1933) regret=0.039700 ape=0.5465
[14:37:30] warmStart 61% (1183/1933) regret=0.039700 ape=0.5465
[14:37:30] warmStart 61% (1184/1933) regret=0.039793 ape=0.5465
[14:37:30] warmStart 61% (1185/1933) regret=0.039793 ape=0.5465
[14:37:30] warmStart 61% (1186/1933) regret=0.039700 ape=0.5465
[14:37:30] warmStart 61% (1187/1933) regret=0.039700 ape=0.5465
[14:37:31] warmStart 61% (1188/1933) regret=0.039895 ape=0.5465
[14:37:31] warmStart 61% (1189/1933) regret=0.039895 ape=0.5465
[14:37:31] warmStart 61% (1190/1933) regret=0.039895 ape=0.5465
[14:37:31] warmStart 61% (1191/1933) regret=0.039895 ape=0.5465
[14:37:31] warmStart 61% (1192/1933) regret=0.039895 ape=0.5465
[14:37:31] warmStart 61% (1193/1933) regret=0.039895 ape=0.5465
[14:37:32] warmStart 61% (1194/1933) regret=0.039877 ape=0.5465
[14:37:32] warmStart 61% (1195/1933) regret=0.039877 ape=0.5465
[14:37:32] warmStart 61% (1196/1933) regret=0.039932 ape=0.5465
[14:37:32] warmStart 61% (1197/1933) regret=0.039955 ape=0.5465
[14:37:32] warmStart 61% (1198/1933) regret=0.039955 ape=0.5465
[14:37:33] warmStart 62% (1199/1933) regret=0.039886 ape=0.5456
[14:37:33] warmStart 62% (1200/1933) regret=0.039886 ape=0.5456
[14:37:33] warmStart 62% (1201/1933) regret=0.039894 ape=0.5456
[14:37:33] warmStart 62% (1202/1933) regret=0.039921 ape=0.5456
[14:37:33] warmStart 62% (1203/1933) regret=0.039921 ape=0.5456
[14:37:34] warmStart 62% (1204/1933) regret=0.039866 ape=0.5456
[14:37:34] warmStart 62% (1205/1933) regret=0.039866 ape=0.5456
[14:37:34] warmStart 62% (1206/1933) regret=0.039898 ape=0.5456
[14:37:34] warmStart 62% (1207/1933) regret=0.040011 ape=0.5465
[14:37:34] warmStart 62% (1208/1933) regret=0.039825 ape=0.5475
[14:37:35] warmStart 62% (1209/1933) regret=0.039765 ape=0.5475
[14:37:35] warmStart 62% (1210/1933) regret=0.039686 ape=0.5475
[14:37:35] warmStart 62% (1211/1933) regret=0.039745 ape=0.5475
[14:37:35] warmStart 62% (1212/1933) regret=0.039700 ape=0.5475
[14:37:35] warmStart 62% (1213/1933) regret=0.039673 ape=0.5465
[14:37:36] warmStart 62% (1214/1933) regret=0.039775 ape=0.5475
[14:37:36] warmStart 62% (1215/1933) regret=0.039775 ape=0.5475
[14:37:36] warmStart 62% (1216/1933) regret=0.039406 ape=0.5465
[14:37:36] warmStart 62% (1217/1933) regret=0.039775 ape=0.5475
[14:37:36] warmStart 63% (1218/1933) regret=0.039775 ape=0.5475
[14:37:37] warmStart 63% (1219/1933) regret=0.039805 ape=0.5484
[14:37:37] warmStart 63% (1220/1933) regret=0.039835 ape=0.5484
[14:37:37] warmStart 63% (1221/1933) regret=0.039762 ape=0.5484
[14:37:37] warmStart 63% (1222/1933) regret=0.039863 ape=0.5493
[14:37:37] warmStart 63% (1223/1933) regret=0.039863 ape=0.5493
[14:37:38] warmStart 63% (1224/1933) regret=0.039863 ape=0.5493
[14:37:38] warmStart 63% (1225/1933) regret=0.039863 ape=0.5493
[14:37:38] warmStart 63% (1226/1933) regret=0.039863 ape=0.5493
[14:37:38] warmStart 63% (1227/1933) regret=0.040029 ape=0.5502
[14:37:38] warmStart 63% (1228/1933) regret=0.040029 ape=0.5502
[14:37:39] warmStart 63% (1229/1933) regret=0.040003 ape=0.5493
[14:37:39] warmStart 63% (1230/1933) regret=0.040003 ape=0.5493
[14:37:39] warmStart 63% (1231/1933) regret=0.040067 ape=0.5502
[14:37:39] warmStart 63% (1232/1933) regret=0.040067 ape=0.5502
[14:37:39] warmStart 63% (1233/1933) regret=0.040063 ape=0.5502
[14:37:40] warmStart 63% (1234/1933) regret=0.040063 ape=0.5502
[14:37:40] warmStart 63% (1235/1933) regret=0.040063 ape=0.5502
[14:37:40] warmStart 63% (1236/1933) regret=0.040063 ape=0.5502
[14:37:40] warmStart 63% (1237/1933) regret=0.040063 ape=0.5502
[14:37:41] warmStart 64% (1238/1933) regret=0.040063 ape=0.5502
[14:37:41] warmStart 64% (1239/1933) regret=0.040063 ape=0.5502
[14:37:41] warmStart 64% (1240/1933) regret=0.040063 ape=0.5502
[14:37:41] warmStart 64% (1241/1933) regret=0.040063 ape=0.5502
[14:37:41] warmStart 64% (1242/1933) regret=0.040063 ape=0.5502
[14:37:41] warmStart 64% (1243/1933) regret=0.040063 ape=0.5502
[14:37:42] warmStart 64% (1244/1933) regret=0.040063 ape=0.5502
[14:37:42] warmStart 64% (1245/1933) regret=0.040063 ape=0.5502
[14:37:42] warmStart 64% (1246/1933) regret=0.040063 ape=0.5502
[14:37:42] warmStart 64% (1247/1933) regret=0.040063 ape=0.5502
[14:37:43] warmStart 64% (1248/1933) regret=0.039708 ape=0.5493
[14:37:43] warmStart 64% (1249/1933) regret=0.039708 ape=0.5493
[14:37:43] warmStart 64% (1250/1933) regret=0.039708 ape=0.5493
[14:37:43] warmStart 64% (1251/1933) regret=0.039789 ape=0.5493
[14:37:43] warmStart 64% (1252/1933) regret=0.039748 ape=0.5484
[14:37:43] warmStart 64% (1253/1933) regret=0.039748 ape=0.5484
[14:37:44] warmStart 64% (1254/1933) regret=0.039748 ape=0.5484
[14:37:44] warmStart 64% (1255/1933) regret=0.039748 ape=0.5484
[14:37:44] warmStart 64% (1256/1933) regret=0.039748 ape=0.5484
[14:37:44] warmStart 65% (1257/1933) regret=0.039586 ape=0.5484
[14:37:44] warmStart 65% (1258/1933) regret=0.039586 ape=0.5484
[14:37:45] warmStart 65% (1259/1933) regret=0.039586 ape=0.5484
[14:37:45] warmStart 65% (1260/1933) regret=0.039586 ape=0.5484
[14:37:45] warmStart 65% (1261/1933) regret=0.039586 ape=0.5484
[14:37:45] warmStart 65% (1262/1933) regret=0.039586 ape=0.5484
[14:37:46] warmStart 65% (1263/1933) regret=0.039586 ape=0.5484
[14:37:46] warmStart 65% (1264/1933) regret=0.039586 ape=0.5484
[14:37:46] warmStart 65% (1265/1933) regret=0.039586 ape=0.5484
[14:37:46] warmStart 65% (1266/1933) regret=0.039586 ape=0.5484
[14:37:46] warmStart 65% (1267/1933) regret=0.039586 ape=0.5484
[14:37:47] warmStart 65% (1268/1933) regret=0.039586 ape=0.5484
[14:37:47] warmStart 65% (1269/1933) regret=0.039625 ape=0.5484
[14:37:47] warmStart 65% (1270/1933) regret=0.039625 ape=0.5484
[14:37:47] warmStart 65% (1271/1933) regret=0.039625 ape=0.5484
[14:37:47] warmStart 65% (1272/1933) regret=0.039556 ape=0.5475
[14:37:47] warmStart 65% (1273/1933) regret=0.039568 ape=0.5465
[14:37:48] warmStart 65% (1274/1933) regret=0.039568 ape=0.5465
[14:37:48] warmStart 65% (1275/1933) regret=0.039568 ape=0.5465
[14:37:48] warmStart 66% (1276/1933) regret=0.039568 ape=0.5465
[14:37:48] warmStart 66% (1277/1933) regret=0.039568 ape=0.5465
[14:37:48] warmStart 66% (1278/1933) regret=0.039568 ape=0.5465
[14:37:49] warmStart 66% (1279/1933) regret=0.039568 ape=0.5465
[14:37:49] warmStart 66% (1280/1933) regret=0.039393 ape=0.5456
[14:37:49] warmStart 66% (1281/1933) regret=0.039393 ape=0.5456
[14:37:49] warmStart 66% (1282/1933) regret=0.039393 ape=0.5456
[14:37:49] warmStart 66% (1283/1933) regret=0.039393 ape=0.5456
[14:37:50] warmStart 66% (1284/1933) regret=0.039393 ape=0.5456
[14:37:50] warmStart 66% (1285/1933) regret=0.039393 ape=0.5456
[14:37:50] warmStart 66% (1286/1933) regret=0.039393 ape=0.5456
[14:37:50] warmStart 66% (1287/1933) regret=0.039393 ape=0.5456
[14:37:51] warmStart 66% (1288/1933) regret=0.039393 ape=0.5456
[14:37:51] warmStart 66% (1289/1933) regret=0.039393 ape=0.5456
[14:37:51] warmStart 66% (1290/1933) regret=0.039393 ape=0.5456
[14:37:51] warmStart 66% (1291/1933) regret=0.039393 ape=0.5456
[14:37:51] warmStart 66% (1292/1933) regret=0.039393 ape=0.5456
[14:37:51] warmStart 66% (1293/1933) regret=0.039393 ape=0.5456
[14:37:52] warmStart 66% (1294/1933) regret=0.039393 ape=0.5456
[14:37:52] warmStart 66% (1295/1933) regret=0.039393 ape=0.5456
[14:37:52] warmStart 67% (1296/1933) regret=0.039393 ape=0.5456
[14:37:52] warmStart 67% (1297/1933) regret=0.039393 ape=0.5456
[14:37:52] warmStart 67% (1298/1933) regret=0.039393 ape=0.5456
[14:37:53] warmStart 67% (1299/1933) regret=0.039393 ape=0.5456
[14:37:53] warmStart 67% (1300/1933) regret=0.039393 ape=0.5456
[14:37:53] warmStart 67% (1301/1933) regret=0.039393 ape=0.5456
[14:37:53] warmStart 67% (1302/1933) regret=0.039393 ape=0.5456
[14:37:53] warmStart 67% (1303/1933) regret=0.039393 ape=0.5456
[14:37:53] warmStart 67% (1304/1933) regret=0.039387 ape=0.5456
[14:37:54] warmStart 67% (1305/1933) regret=0.039378 ape=0.5456
[14:37:54] warmStart 67% (1306/1933) regret=0.039378 ape=0.5456
[14:37:54] warmStart 67% (1307/1933) regret=0.039405 ape=0.5447
[14:37:54] warmStart 67% (1308/1933) regret=0.039379 ape=0.5447
[14:37:54] warmStart 67% (1309/1933) regret=0.039379 ape=0.5447
[14:37:55] warmStart 67% (1310/1933) regret=0.039480 ape=0.5447
[14:37:55] warmStart 67% (1311/1933) regret=0.039480 ape=0.5447
[14:37:55] warmStart 67% (1312/1933) regret=0.039480 ape=0.5447
[14:37:55] warmStart 67% (1313/1933) regret=0.039596 ape=0.5438
[14:37:55] warmStart 67% (1314/1933) regret=0.039596 ape=0.5438
[14:37:56] warmStart 68% (1315/1933) regret=0.039577 ape=0.5438
[14:37:56] warmStart 68% (1316/1933) regret=0.039550 ape=0.5429
[14:37:56] warmStart 68% (1317/1933) regret=0.039642 ape=0.5438
[14:37:56] warmStart 68% (1318/1933) regret=0.039418 ape=0.5429
[14:37:56] warmStart 68% (1319/1933) regret=0.039395 ape=0.5429
[14:37:57] warmStart 68% (1320/1933) regret=0.039395 ape=0.5429
[14:37:57] warmStart 68% (1321/1933) regret=0.039856 ape=0.5429
[14:37:57] warmStart 68% (1322/1933) regret=0.039312 ape=0.5419
[14:37:57] warmStart 68% (1323/1933) regret=0.039312 ape=0.5419
[14:37:58] warmStart 68% (1324/1933) regret=0.039312 ape=0.5419
[14:37:58] warmStart 68% (1325/1933) regret=0.039607 ape=0.5419
[14:37:58] warmStart 68% (1326/1933) regret=0.040059 ape=0.5429
[14:37:58] warmStart 68% (1327/1933) regret=0.039312 ape=0.5419
[14:37:58] warmStart 68% (1328/1933) regret=0.039312 ape=0.5419
[14:37:59] warmStart 68% (1329/1933) regret=0.039312 ape=0.5419
[14:37:59] warmStart 68% (1330/1933) regret=0.039312 ape=0.5419
[14:37:59] warmStart 68% (1331/1933) regret=0.039312 ape=0.5419
[14:37:59] warmStart 68% (1332/1933) regret=0.039312 ape=0.5419
[14:37:59] warmStart 68% (1333/1933) regret=0.039312 ape=0.5419
[14:38:00] warmStart 69% (1334/1933) regret=0.039220 ape=0.5419
[14:38:00] warmStart 69% (1335/1933) regret=0.039151 ape=0.5410
[14:38:00] warmStart 69% (1336/1933) regret=0.039151 ape=0.5410
[14:38:00] warmStart 69% (1337/1933) regret=0.039151 ape=0.5410
[14:38:00] warmStart 69% (1338/1933) regret=0.039151 ape=0.5410
[14:38:01] warmStart 69% (1339/1933) regret=0.039151 ape=0.5410
[14:38:01] warmStart 69% (1340/1933) regret=0.039151 ape=0.5410
[14:38:01] warmStart 69% (1341/1933) regret=0.039151 ape=0.5410
[14:38:01] warmStart 69% (1342/1933) regret=0.039151 ape=0.5410
[14:38:01] warmStart 69% (1343/1933) regret=0.039151 ape=0.5410
[14:38:01] warmStart 69% (1344/1933) regret=0.039086 ape=0.5410
[14:38:02] warmStart 69% (1345/1933) regret=0.039053 ape=0.5401
[14:38:02] warmStart 69% (1346/1933) regret=0.039053 ape=0.5401
[14:38:02] warmStart 69% (1347/1933) regret=0.039053 ape=0.5401
[14:38:02] warmStart 69% (1348/1933) regret=0.039053 ape=0.5401
[14:38:02] warmStart 69% (1349/1933) regret=0.039053 ape=0.5401
[14:38:03] warmStart 69% (1350/1933) regret=0.039053 ape=0.5401
[14:38:03] warmStart 69% (1351/1933) regret=0.039034 ape=0.5392
[14:38:03] warmStart 69% (1352/1933) regret=0.039034 ape=0.5392
[14:38:03] warmStart 69% (1353/1933) regret=0.039034 ape=0.5392
[14:38:04] warmStart 70% (1354/1933) regret=0.038887 ape=0.5382
[14:38:04] warmStart 70% (1355/1933) regret=0.038899 ape=0.5382
[14:38:04] warmStart 70% (1356/1933) regret=0.038899 ape=0.5382
[14:38:04] warmStart 70% (1357/1933) regret=0.038899 ape=0.5382
[14:38:04] warmStart 70% (1358/1933) regret=0.039120 ape=0.5382
[14:38:05] warmStart 70% (1359/1933) regret=0.039120 ape=0.5382
[14:38:05] warmStart 70% (1360/1933) regret=0.039120 ape=0.5382
[14:38:05] warmStart 70% (1361/1933) regret=0.039111 ape=0.5382
[14:38:05] warmStart 70% (1362/1933) regret=0.039120 ape=0.5382
[14:38:05] warmStart 70% (1363/1933) regret=0.039120 ape=0.5382
[14:38:06] warmStart 70% (1364/1933) regret=0.039120 ape=0.5382
[14:38:06] warmStart 70% (1365/1933) regret=0.039116 ape=0.5382
[14:38:06] warmStart 70% (1366/1933) regret=0.039116 ape=0.5382
[14:38:06] warmStart 70% (1367/1933) regret=0.039116 ape=0.5382
[14:38:06] warmStart 70% (1368/1933) regret=0.039116 ape=0.5382
[14:38:06] warmStart 70% (1369/1933) regret=0.039116 ape=0.5382
[14:38:07] warmStart 70% (1370/1933) regret=0.039106 ape=0.5382
[14:38:07] warmStart 70% (1371/1933) regret=0.039097 ape=0.5382
[14:38:07] warmStart 70% (1372/1933) regret=0.038922 ape=0.5373
[14:38:07] warmStart 71% (1373/1933) regret=0.038913 ape=0.5364
[14:38:08] warmStart 71% (1374/1933) regret=0.038913 ape=0.5364
[14:38:08] warmStart 71% (1375/1933) regret=0.038904 ape=0.5355
[14:38:08] warmStart 71% (1376/1933) regret=0.038918 ape=0.5355
[14:38:08] warmStart 71% (1377/1933) regret=0.038802 ape=0.5355
[14:38:08] warmStart 71% (1378/1933) regret=0.038904 ape=0.5355
[14:38:08] warmStart 71% (1379/1933) regret=0.038904 ape=0.5355
[14:38:09] warmStart 71% (1380/1933) regret=0.038904 ape=0.5355
[14:38:09] warmStart 71% (1381/1933) regret=0.039044 ape=0.5355
[14:38:09] warmStart 71% (1382/1933) regret=0.038904 ape=0.5355
[14:38:09] warmStart 71% (1383/1933) regret=0.038904 ape=0.5355
[14:38:09] warmStart 71% (1384/1933) regret=0.038904 ape=0.5355
[14:38:09] warmStart 71% (1385/1933) regret=0.038904 ape=0.5355
[14:38:10] warmStart 71% (1386/1933) regret=0.038904 ape=0.5355
[14:38:10] warmStart 71% (1387/1933) regret=0.038904 ape=0.5355
[14:38:10] warmStart 71% (1388/1933) regret=0.038839 ape=0.5355
[14:38:10] warmStart 71% (1389/1933) regret=0.038839 ape=0.5355
[14:38:10] warmStart 71% (1390/1933) regret=0.038839 ape=0.5355
[14:38:10] warmStart 71% (1391/1933) regret=0.038821 ape=0.5355
[14:38:11] warmStart 72% (1392/1933) regret=0.038821 ape=0.5355
[14:38:11] warmStart 72% (1393/1933) regret=0.038821 ape=0.5355
[14:38:11] warmStart 72% (1394/1933) regret=0.038821 ape=0.5355
[14:38:11] warmStart 72% (1395/1933) regret=0.038931 ape=0.5364
[14:38:11] warmStart 72% (1396/1933) regret=0.038931 ape=0.5364
[14:38:11] warmStart 72% (1397/1933) regret=0.038931 ape=0.5364
[14:38:12] warmStart 72% (1398/1933) regret=0.038941 ape=0.5364
[14:38:12] warmStart 72% (1399/1933) regret=0.038913 ape=0.5355
[14:38:12] warmStart 72% (1400/1933) regret=0.038913 ape=0.5355
[14:38:12] warmStart 72% (1401/1933) regret=0.038913 ape=0.5355
[14:38:12] warmStart 72% (1402/1933) regret=0.038913 ape=0.5355
[14:38:12] warmStart 72% (1403/1933) regret=0.038913 ape=0.5355
[14:38:12] warmStart 72% (1404/1933) regret=0.039088 ape=0.5364
[14:38:13] warmStart 72% (1405/1933) regret=0.039088 ape=0.5364
[14:38:13] warmStart 72% (1406/1933) regret=0.039088 ape=0.5364
[14:38:13] warmStart 72% (1407/1933) regret=0.039088 ape=0.5364
[14:38:13] warmStart 72% (1408/1933) regret=0.039088 ape=0.5364
[14:38:13] warmStart 72% (1409/1933) regret=0.039088 ape=0.5364
[14:38:13] warmStart 72% (1410/1933) regret=0.039088 ape=0.5364
[14:38:13] warmStart 72% (1411/1933) regret=0.038752 ape=0.5364
[14:38:14] warmStart 73% (1412/1933) regret=0.038752 ape=0.5364
[14:38:14] warmStart 73% (1413/1933) regret=0.038752 ape=0.5364
[14:38:14] warmStart 73% (1414/1933) regret=0.038752 ape=0.5364
[14:38:14] warmStart 73% (1415/1933) regret=0.038752 ape=0.5364
[14:38:14] warmStart 73% (1416/1933) regret=0.038752 ape=0.5364
[14:38:14] warmStart 73% (1417/1933) regret=0.038752 ape=0.5364
[14:38:14] warmStart 73% (1418/1933) regret=0.038694 ape=0.5364
[14:38:15] warmStart 73% (1419/1933) regret=0.038694 ape=0.5364
[14:38:15] warmStart 73% (1420/1933) regret=0.038694 ape=0.5364
[14:38:15] warmStart 73% (1421/1933) regret=0.038694 ape=0.5364
[14:38:15] warmStart 73% (1422/1933) regret=0.038694 ape=0.5364
[14:38:15] warmStart 73% (1423/1933) regret=0.038694 ape=0.5364
[14:38:15] warmStart 73% (1424/1933) regret=0.038694 ape=0.5364
[14:38:15] warmStart 73% (1425/1933) regret=0.038722 ape=0.5364
[14:38:16] warmStart 73% (1426/1933) regret=0.038256 ape=0.5346
[14:38:16] warmStart 73% (1427/1933) regret=0.038256 ape=0.5346
[14:38:16] warmStart 73% (1428/1933) regret=0.038172 ape=0.5346
[14:38:16] warmStart 73% (1429/1933) regret=0.038172 ape=0.5346
[14:38:16] warmStart 73% (1430/1933) regret=0.038154 ape=0.5346
[14:38:16] warmStart 74% (1431/1933) regret=0.038111 ape=0.5346
[14:38:16] warmStart 74% (1432/1933) regret=0.038111 ape=0.5346
[14:38:17] warmStart 74% (1433/1933) regret=0.038111 ape=0.5346
[14:38:17] warmStart 74% (1434/1933) regret=0.038111 ape=0.5346
[14:38:17] warmStart 74% (1435/1933) regret=0.038165 ape=0.5355
[14:38:17] warmStart 74% (1436/1933) regret=0.038165 ape=0.5355
[14:38:17] warmStart 74% (1437/1933) regret=0.038165 ape=0.5355
[14:38:17] warmStart 74% (1438/1933) regret=0.038107 ape=0.5355
[14:38:17] warmStart 74% (1439/1933) regret=0.037958 ape=0.5346
[14:38:18] warmStart 74% (1440/1933) regret=0.038552 ape=0.5355
[14:38:18] warmStart 74% (1441/1933) regret=0.038009 ape=0.5346
[14:38:18] warmStart 74% (1442/1933) regret=0.038110 ape=0.5346
[14:38:18] warmStart 74% (1443/1933) regret=0.038082 ape=0.5346
[14:38:18] warmStart 74% (1444/1933) regret=0.038018 ape=0.5336
[14:38:18] warmStart 74% (1445/1933) regret=0.037995 ape=0.5336
[14:38:18] warmStart 74% (1446/1933) regret=0.037992 ape=0.5336
[14:38:19] warmStart 74% (1447/1933) regret=0.037951 ape=0.5327
[14:38:19] warmStart 74% (1448/1933) regret=0.037951 ape=0.5327
[14:38:19] warmStart 74% (1449/1933) regret=0.037951 ape=0.5327
[14:38:19] warmStart 75% (1450/1933) regret=0.037868 ape=0.5318
[14:38:19] warmStart 75% (1451/1933) regret=0.037868 ape=0.5318
[14:38:19] warmStart 75% (1452/1933) regret=0.037782 ape=0.5318
[14:38:19] warmStart 75% (1453/1933) regret=0.037761 ape=0.5318
[14:38:20] warmStart 75% (1454/1933) regret=0.037761 ape=0.5318
[14:38:20] warmStart 75% (1455/1933) regret=0.037779 ape=0.5327
[14:38:20] warmStart 75% (1456/1933) regret=0.037779 ape=0.5327
[14:38:20] warmStart 75% (1457/1933) regret=0.037779 ape=0.5327
[14:38:20] warmStart 75% (1458/1933) regret=0.037779 ape=0.5327
[14:38:20] warmStart 75% (1459/1933) regret=0.037724 ape=0.5318
[14:38:20] warmStart 75% (1460/1933) regret=0.037613 ape=0.5309
[14:38:21] warmStart 75% (1461/1933) regret=0.037613 ape=0.5309
[14:38:21] warmStart 75% (1462/1933) regret=0.037613 ape=0.5309
[14:38:21] warmStart 75% (1463/1933) regret=0.037613 ape=0.5309
[14:38:21] warmStart 75% (1464/1933) regret=0.037613 ape=0.5309
[14:38:21] warmStart 75% (1465/1933) regret=0.037558 ape=0.5309
[14:38:21] warmStart 75% (1466/1933) regret=0.037576 ape=0.5309
[14:38:21] warmStart 75% (1467/1933) regret=0.037106 ape=0.5300
[14:38:22] warmStart 75% (1468/1933) regret=0.037083 ape=0.5300
[14:38:22] warmStart 75% (1469/1933) regret=0.037148 ape=0.5290
[14:38:22] warmStart 76% (1470/1933) regret=0.037148 ape=0.5290
[14:38:22] warmStart 76% (1471/1933) regret=0.037185 ape=0.5290
[14:38:22] warmStart 76% (1472/1933) regret=0.036982 ape=0.5281
[14:38:22] warmStart 76% (1473/1933) regret=0.037037 ape=0.5281
[14:38:22] warmStart 76% (1474/1933) regret=0.037037 ape=0.5281
[14:38:23] warmStart 76% (1475/1933) regret=0.036855 ape=0.5281
[14:38:23] warmStart 76% (1476/1933) regret=0.036855 ape=0.5281
[14:38:23] warmStart 76% (1477/1933) regret=0.036855 ape=0.5281
[14:38:23] warmStart 76% (1478/1933) regret=0.036625 ape=0.5281
[14:38:23] warmStart 76% (1479/1933) regret=0.036647 ape=0.5281
[14:38:23] warmStart 76% (1480/1933) regret=0.036642 ape=0.5281
[14:38:23] warmStart 76% (1481/1933) regret=0.036642 ape=0.5281
[14:38:23] warmStart 76% (1482/1933) regret=0.036642 ape=0.5281
[14:38:24] warmStart 76% (1483/1933) regret=0.036642 ape=0.5281
[14:38:24] warmStart 76% (1484/1933) regret=0.036642 ape=0.5281
[14:38:24] warmStart 76% (1485/1933) regret=0.036642 ape=0.5281
[14:38:24] warmStart 76% (1486/1933) regret=0.036642 ape=0.5281
[14:38:24] warmStart 76% (1487/1933) regret=0.036642 ape=0.5281
[14:38:24] warmStart 76% (1488/1933) regret=0.036642 ape=0.5281
[14:38:24] warmStart 77% (1489/1933) regret=0.036642 ape=0.5281
[14:38:25] warmStart 77% (1490/1933) regret=0.036642 ape=0.5281
[14:38:25] warmStart 77% (1491/1933) regret=0.036642 ape=0.5281
[14:38:25] warmStart 77% (1492/1933) regret=0.036642 ape=0.5281
[14:38:25] warmStart 77% (1493/1933) regret=0.036642 ape=0.5281
[14:38:25] warmStart 77% (1494/1933) regret=0.036642 ape=0.5281
[14:38:25] warmStart 77% (1495/1933) regret=0.036642 ape=0.5281
[14:38:26] warmStart 77% (1496/1933) regret=0.036633 ape=0.5272
[14:38:26] warmStart 77% (1497/1933) regret=0.036633 ape=0.5272
[14:38:26] warmStart 77% (1498/1933) regret=0.036633 ape=0.5272
[14:38:26] warmStart 77% (1499/1933) regret=0.036633 ape=0.5272
[14:38:26] warmStart 77% (1500/1933) regret=0.036633 ape=0.5272
[14:38:26] warmStart 77% (1501/1933) regret=0.036633 ape=0.5272
[14:38:27] warmStart 77% (1502/1933) regret=0.036633 ape=0.5272
[14:38:27] warmStart 77% (1503/1933) regret=0.036633 ape=0.5272
[14:38:27] warmStart 77% (1504/1933) regret=0.036633 ape=0.5272
[14:38:27] warmStart 77% (1505/1933) regret=0.036633 ape=0.5272
[14:38:27] warmStart 77% (1506/1933) regret=0.036633 ape=0.5272
[14:38:27] warmStart 77% (1507/1933) regret=0.036633 ape=0.5272
[14:38:28] warmStart 78% (1508/1933) regret=0.036633 ape=0.5272
[14:38:28] warmStart 78% (1509/1933) regret=0.036633 ape=0.5272
[14:38:28] warmStart 78% (1510/1933) regret=0.036633 ape=0.5272
[14:38:28] warmStart 78% (1511/1933) regret=0.036633 ape=0.5272
[14:38:28] warmStart 78% (1512/1933) regret=0.036633 ape=0.5272
[14:38:29] warmStart 78% (1513/1933) regret=0.036633 ape=0.5272
[14:38:29] warmStart 78% (1514/1933) regret=0.036633 ape=0.5272
[14:38:29] warmStart 78% (1515/1933) regret=0.036633 ape=0.5272
[14:38:29] warmStart 78% (1516/1933) regret=0.036633 ape=0.5272
[14:38:29] warmStart 78% (1517/1933) regret=0.036633 ape=0.5272
[14:38:29] warmStart 78% (1518/1933) regret=0.036633 ape=0.5272
[14:38:30] warmStart 78% (1519/1933) regret=0.036633 ape=0.5272
[14:38:30] warmStart 78% (1520/1933) regret=0.036633 ape=0.5272
[14:38:30] warmStart 78% (1521/1933) regret=0.036633 ape=0.5272
[14:38:30] warmStart 78% (1522/1933) regret=0.036633 ape=0.5272
[14:38:30] warmStart 78% (1523/1933) regret=0.036626 ape=0.5263
[14:38:30] warmStart 78% (1524/1933) regret=0.036626 ape=0.5263
[14:38:31] warmStart 78% (1525/1933) regret=0.036626 ape=0.5263
[14:38:31] warmStart 78% (1526/1933) regret=0.036626 ape=0.5263
[14:38:31] warmStart 78% (1527/1933) regret=0.036626 ape=0.5263
[14:38:31] warmStart 79% (1528/1933) regret=0.036615 ape=0.5253
[14:38:31] warmStart 79% (1529/1933) regret=0.036604 ape=0.5244
[14:38:31] warmStart 79% (1530/1933) regret=0.036604 ape=0.5244
[14:38:32] warmStart 79% (1531/1933) regret=0.036604 ape=0.5244
[14:38:32] warmStart 79% (1532/1933) regret=0.036604 ape=0.5244
[14:38:32] warmStart 79% (1533/1933) regret=0.036604 ape=0.5244
[14:38:32] warmStart 79% (1534/1933) regret=0.036604 ape=0.5244
[14:38:32] warmStart 79% (1535/1933) regret=0.036604 ape=0.5244
[14:38:32] warmStart 79% (1536/1933) regret=0.036604 ape=0.5244
[14:38:33] warmStart 79% (1537/1933) regret=0.036604 ape=0.5244
[14:38:33] warmStart 79% (1538/1933) regret=0.036604 ape=0.5244
[14:38:33] warmStart 79% (1539/1933) regret=0.036604 ape=0.5244
[14:38:33] warmStart 79% (1540/1933) regret=0.036604 ape=0.5244
[14:38:33] warmStart 79% (1541/1933) regret=0.036641 ape=0.5244
[14:38:34] warmStart 79% (1542/1933) regret=0.036641 ape=0.5244
[14:38:34] warmStart 79% (1543/1933) regret=0.036641 ape=0.5244
[14:38:34] warmStart 79% (1544/1933) regret=0.036641 ape=0.5244
[14:38:34] warmStart 79% (1545/1933) regret=0.036346 ape=0.5235
[14:38:34] warmStart 79% (1546/1933) regret=0.036346 ape=0.5235
[14:38:34] warmStart 80% (1547/1933) regret=0.036346 ape=0.5235
[14:38:35] warmStart 80% (1548/1933) regret=0.036346 ape=0.5235
[14:38:35] warmStart 80% (1549/1933) regret=0.036346 ape=0.5235
[14:38:35] warmStart 80% (1550/1933) regret=0.036346 ape=0.5235
[14:38:35] warmStart 80% (1551/1933) regret=0.036346 ape=0.5235
[14:38:35] warmStart 80% (1552/1933) regret=0.036539 ape=0.5235
[14:38:36] warmStart 80% (1553/1933) regret=0.036576 ape=0.5235
[14:38:36] warmStart 80% (1554/1933) regret=0.036636 ape=0.5235
[14:38:36] warmStart 80% (1555/1933) regret=0.036539 ape=0.5235
[14:38:36] warmStart 80% (1556/1933) regret=0.036539 ape=0.5235
[14:38:36] warmStart 80% (1557/1933) regret=0.036588 ape=0.5244
[14:38:36] warmStart 80% (1558/1933) regret=0.036726 ape=0.5235
[14:38:37] warmStart 80% (1559/1933) regret=0.036530 ape=0.5235
[14:38:37] warmStart 80% (1560/1933) regret=0.036530 ape=0.5235
[14:38:37] warmStart 80% (1561/1933) regret=0.036530 ape=0.5235
[14:38:37] warmStart 80% (1562/1933) regret=0.036270 ape=0.5226
[14:38:37] warmStart 80% (1563/1933) regret=0.036273 ape=0.5226
[14:38:38] warmStart 80% (1564/1933) regret=0.036406 ape=0.5235
[14:38:38] warmStart 80% (1565/1933) regret=0.036261 ape=0.5226
[14:38:38] warmStart 81% (1566/1933) regret=0.036243 ape=0.5217
[14:38:38] warmStart 81% (1567/1933) regret=0.036261 ape=0.5226
[14:38:38] warmStart 81% (1568/1933) regret=0.036157 ape=0.5217
[14:38:38] warmStart 81% (1569/1933) regret=0.036157 ape=0.5217
[14:38:39] warmStart 81% (1570/1933) regret=0.036157 ape=0.5217
[14:38:39] warmStart 81% (1571/1933) regret=0.036167 ape=0.5217
[14:38:39] warmStart 81% (1572/1933) regret=0.036167 ape=0.5217
[14:38:39] warmStart 81% (1573/1933) regret=0.036314 ape=0.5217
[14:38:39] warmStart 81% (1574/1933) regret=0.036130 ape=0.5217
[14:38:40] warmStart 81% (1575/1933) regret=0.036102 ape=0.5217
[14:38:40] warmStart 81% (1576/1933) regret=0.036093 ape=0.5217
[14:38:40] warmStart 81% (1577/1933) regret=0.035966 ape=0.5207
[14:38:40] warmStart 81% (1578/1933) regret=0.035966 ape=0.5207
[14:38:40] warmStart 81% (1579/1933) regret=0.035966 ape=0.5207
[14:38:40] warmStart 81% (1580/1933) regret=0.035948 ape=0.5198
[14:38:41] warmStart 81% (1581/1933) regret=0.035948 ape=0.5198
[14:38:41] warmStart 81% (1582/1933) regret=0.035948 ape=0.5198
[14:38:41] warmStart 81% (1583/1933) regret=0.035929 ape=0.5189
[14:38:41] warmStart 81% (1584/1933) regret=0.035929 ape=0.5189
[14:38:41] warmStart 81% (1585/1933) regret=0.036029 ape=0.5189
[14:38:42] warmStart 82% (1586/1933) regret=0.036029 ape=0.5189
[14:38:42] warmStart 82% (1587/1933) regret=0.036091 ape=0.5189
[14:38:42] warmStart 82% (1588/1933) regret=0.036029 ape=0.5189
[14:38:42] warmStart 82% (1589/1933) regret=0.036063 ape=0.5189
[14:38:42] warmStart 82% (1590/1933) regret=0.036144 ape=0.5189
[14:38:42] warmStart 82% (1591/1933) regret=0.036144 ape=0.5189
[14:38:43] warmStart 82% (1592/1933) regret=0.036024 ape=0.5189
[14:38:43] warmStart 82% (1593/1933) regret=0.036024 ape=0.5189
[14:38:43] warmStart 82% (1594/1933) regret=0.036017 ape=0.5189
[14:38:43] warmStart 82% (1595/1933) regret=0.036024 ape=0.5189
[14:38:43] warmStart 82% (1596/1933) regret=0.036015 ape=0.5189
[14:38:44] warmStart 82% (1597/1933) regret=0.035784 ape=0.5180
[14:38:44] warmStart 82% (1598/1933) regret=0.035784 ape=0.5180
[14:38:44] warmStart 82% (1599/1933) regret=0.035784 ape=0.5180
[14:38:44] warmStart 82% (1600/1933) regret=0.035996 ape=0.5180
[14:38:44] warmStart 82% (1601/1933) regret=0.035969 ape=0.5180
[14:38:44] warmStart 82% (1602/1933) regret=0.035958 ape=0.5171
[14:38:45] warmStart 82% (1603/1933) regret=0.035958 ape=0.5171
[14:38:45] warmStart 82% (1604/1933) regret=0.035732 ape=0.5171
[14:38:45] warmStart 83% (1605/1933) regret=0.035709 ape=0.5161
[14:38:45] warmStart 83% (1606/1933) regret=0.035709 ape=0.5161
[14:38:45] warmStart 83% (1607/1933) regret=0.035689 ape=0.5161
[14:38:46] warmStart 83% (1608/1933) regret=0.035620 ape=0.5161
[14:38:46] warmStart 83% (1609/1933) regret=0.035764 ape=0.5171
[14:38:46] warmStart 83% (1610/1933) regret=0.035764 ape=0.5171
[14:38:46] warmStart 83% (1611/1933) regret=0.035764 ape=0.5171
[14:38:46] warmStart 83% (1612/1933) regret=0.035764 ape=0.5171
[14:38:46] warmStart 83% (1613/1933) regret=0.035764 ape=0.5171
[14:38:47] warmStart 83% (1614/1933) regret=0.035764 ape=0.5171
[14:38:47] warmStart 83% (1615/1933) regret=0.035764 ape=0.5171
[14:38:47] warmStart 83% (1616/1933) regret=0.035764 ape=0.5171
[14:38:47] warmStart 83% (1617/1933) regret=0.035746 ape=0.5161
[14:38:47] warmStart 83% (1618/1933) regret=0.035746 ape=0.5161
[14:38:47] warmStart 83% (1619/1933) regret=0.035746 ape=0.5161
[14:38:48] warmStart 83% (1620/1933) regret=0.035898 ape=0.5171
[14:38:48] warmStart 83% (1621/1933) regret=0.035635 ape=0.5161
[14:38:48] warmStart 83% (1622/1933) regret=0.035635 ape=0.5161
[14:38:48] warmStart 83% (1623/1933) regret=0.035635 ape=0.5161
[14:38:48] warmStart 84% (1624/1933) regret=0.035635 ape=0.5161
[14:38:49] warmStart 84% (1625/1933) regret=0.035641 ape=0.5171
[14:38:49] warmStart 84% (1626/1933) regret=0.035442 ape=0.5152
[14:38:49] warmStart 84% (1627/1933) regret=0.035442 ape=0.5152
[14:38:49] warmStart 84% (1628/1933) regret=0.035442 ape=0.5152
[14:38:49] warmStart 84% (1629/1933) regret=0.035432 ape=0.5143
[14:38:49] warmStart 84% (1630/1933) regret=0.035402 ape=0.5134
[14:38:50] warmStart 84% (1631/1933) regret=0.035402 ape=0.5134
[14:38:50] warmStart 84% (1632/1933) regret=0.035402 ape=0.5134
[14:38:50] warmStart 84% (1633/1933) regret=0.035402 ape=0.5134
[14:38:50] warmStart 84% (1634/1933) regret=0.035402 ape=0.5134
[14:38:50] warmStart 84% (1635/1933) regret=0.035402 ape=0.5134
[14:38:51] warmStart 84% (1636/1933) regret=0.035402 ape=0.5134
[14:38:51] warmStart 84% (1637/1933) regret=0.035402 ape=0.5134
[14:38:51] warmStart 84% (1638/1933) regret=0.035402 ape=0.5134
[14:38:51] warmStart 84% (1639/1933) regret=0.035402 ape=0.5134
[14:38:51] warmStart 84% (1640/1933) regret=0.035402 ape=0.5134
[14:38:52] warmStart 84% (1641/1933) regret=0.035402 ape=0.5134
[14:38:52] warmStart 84% (1642/1933) regret=0.035402 ape=0.5134
[14:38:52] warmStart 84% (1643/1933) regret=0.035402 ape=0.5134
[14:38:52] warmStart 85% (1644/1933) regret=0.035402 ape=0.5134
[14:38:52] warmStart 85% (1645/1933) regret=0.035402 ape=0.5134
[14:38:52] warmStart 85% (1646/1933) regret=0.035402 ape=0.5134
[14:38:53] warmStart 85% (1647/1933) regret=0.035402 ape=0.5134
[14:38:53] warmStart 85% (1648/1933) regret=0.035402 ape=0.5134
[14:38:53] warmStart 85% (1649/1933) regret=0.035402 ape=0.5134
[14:38:53] warmStart 85% (1650/1933) regret=0.035402 ape=0.5134
[14:38:53] warmStart 85% (1651/1933) regret=0.035402 ape=0.5134
[14:38:54] warmStart 85% (1652/1933) regret=0.035402 ape=0.5134
[14:38:54] warmStart 85% (1653/1933) regret=0.035402 ape=0.5134
[14:38:54] warmStart 85% (1654/1933) regret=0.035392 ape=0.5124
[14:38:54] warmStart 85% (1655/1933) regret=0.035392 ape=0.5124
[14:38:55] warmStart 85% (1656/1933) regret=0.035392 ape=0.5124
[14:38:55] warmStart 85% (1657/1933) regret=0.035392 ape=0.5124
[14:38:55] warmStart 85% (1658/1933) regret=0.035368 ape=0.5124
[14:38:55] warmStart 85% (1659/1933) regret=0.035392 ape=0.5124
[14:38:55] warmStart 85% (1660/1933) regret=0.035392 ape=0.5124
[14:38:56] warmStart 85% (1661/1933) regret=0.035392 ape=0.5124
[14:38:56] warmStart 85% (1662/1933) regret=0.035392 ape=0.5124
[14:38:56] warmStart 86% (1663/1933) regret=0.035392 ape=0.5124
[14:38:56] warmStart 86% (1664/1933) regret=0.035240 ape=0.5115
[14:38:56] warmStart 86% (1665/1933) regret=0.035240 ape=0.5115
[14:38:57] warmStart 86% (1666/1933) regret=0.035240 ape=0.5115
[14:38:57] warmStart 86% (1667/1933) regret=0.035240 ape=0.5115
[14:38:57] warmStart 86% (1668/1933) regret=0.035240 ape=0.5115
[14:38:57] warmStart 86% (1669/1933) regret=0.035240 ape=0.5115
[14:38:58] warmStart 86% (1670/1933) regret=0.035240 ape=0.5115
[14:38:58] warmStart 86% (1671/1933) regret=0.035240 ape=0.5115
[14:38:58] warmStart 86% (1672/1933) regret=0.035240 ape=0.5115
[14:38:58] warmStart 86% (1673/1933) regret=0.035240 ape=0.5115
[14:38:58] warmStart 86% (1674/1933) regret=0.035240 ape=0.5115
[14:38:59] warmStart 86% (1675/1933) regret=0.035240 ape=0.5115
[14:38:59] warmStart 86% (1676/1933) regret=0.034996 ape=0.5115
[14:38:59] warmStart 86% (1677/1933) regret=0.034996 ape=0.5115
[14:38:59] warmStart 86% (1678/1933) regret=0.034996 ape=0.5115
[14:38:59] warmStart 86% (1679/1933) regret=0.034996 ape=0.5115
[14:39:00] warmStart 86% (1680/1933) regret=0.034996 ape=0.5115
[14:39:00] warmStart 86% (1681/1933) regret=0.034996 ape=0.5115
[14:39:00] warmStart 87% (1682/1933) regret=0.034996 ape=0.5115
[14:39:00] warmStart 87% (1683/1933) regret=0.034996 ape=0.5115
[14:39:00] warmStart 87% (1684/1933) regret=0.034996 ape=0.5115
[14:39:01] warmStart 87% (1685/1933) regret=0.034996 ape=0.5115
[14:39:01] warmStart 87% (1686/1933) regret=0.034996 ape=0.5115
[14:39:01] warmStart 87% (1687/1933) regret=0.034996 ape=0.5115
[14:39:01] warmStart 87% (1688/1933) regret=0.034996 ape=0.5115
[14:39:02] warmStart 87% (1689/1933) regret=0.034996 ape=0.5115
[14:39:02] warmStart 87% (1690/1933) regret=0.034996 ape=0.5115
[14:39:02] warmStart 87% (1691/1933) regret=0.034996 ape=0.5115
[14:39:02] warmStart 87% (1692/1933) regret=0.034996 ape=0.5115
[14:39:02] warmStart 87% (1693/1933) regret=0.035019 ape=0.5115
[14:39:03] warmStart 87% (1694/1933) regret=0.035019 ape=0.5115
[14:39:03] warmStart 87% (1695/1933) regret=0.035019 ape=0.5115
[14:39:03] warmStart 87% (1696/1933) regret=0.035019 ape=0.5115
[14:39:03] warmStart 87% (1697/1933) regret=0.035019 ape=0.5115
[14:39:03] warmStart 87% (1698/1933) regret=0.035019 ape=0.5115
[14:39:04] warmStart 87% (1699/1933) regret=0.035019 ape=0.5115
[14:39:04] warmStart 87% (1700/1933) regret=0.035019 ape=0.5115
[14:39:04] warmStart 87% (1701/1933) regret=0.035019 ape=0.5115
[14:39:04] warmStart 88% (1702/1933) regret=0.035019 ape=0.5115
[14:39:04] warmStart 88% (1703/1933) regret=0.035019 ape=0.5115
[14:39:05] warmStart 88% (1704/1933) regret=0.035019 ape=0.5115
[14:39:05] warmStart 88% (1705/1933) regret=0.035019 ape=0.5115
[14:39:05] warmStart 88% (1706/1933) regret=0.035019 ape=0.5115
[14:39:05] warmStart 88% (1707/1933) regret=0.035019 ape=0.5115
[14:39:05] warmStart 88% (1708/1933) regret=0.035019 ape=0.5115
[14:39:06] warmStart 88% (1709/1933) regret=0.035019 ape=0.5115
[14:39:06] warmStart 88% (1710/1933) regret=0.035019 ape=0.5115
[14:39:06] warmStart 88% (1711/1933) regret=0.035019 ape=0.5115
[14:39:06] warmStart 88% (1712/1933) regret=0.035019 ape=0.5115
[14:39:06] warmStart 88% (1713/1933) regret=0.035019 ape=0.5115
[14:39:07] warmStart 88% (1714/1933) regret=0.035019 ape=0.5115
[14:39:07] warmStart 88% (1715/1933) regret=0.035019 ape=0.5115
[14:39:07] warmStart 88% (1716/1933) regret=0.035019 ape=0.5115
[14:39:07] warmStart 88% (1717/1933) regret=0.035019 ape=0.5115
[14:39:08] warmStart 88% (1718/1933) regret=0.035019 ape=0.5115
[14:39:08] warmStart 88% (1719/1933) regret=0.035044 ape=0.5115
[14:39:08] warmStart 88% (1720/1933) regret=0.035159 ape=0.5115
[14:39:08] warmStart 89% (1721/1933) regret=0.035062 ape=0.5115
[14:39:08] warmStart 89% (1722/1933) regret=0.035062 ape=0.5115
[14:39:09] warmStart 89% (1723/1933) regret=0.035062 ape=0.5115
[14:39:09] warmStart 89% (1724/1933) regret=0.035062 ape=0.5115
[14:39:09] warmStart 89% (1725/1933) regret=0.034922 ape=0.5106
[14:39:09] warmStart 89% (1726/1933) regret=0.034945 ape=0.5115
[14:39:09] warmStart 89% (1727/1933) regret=0.034922 ape=0.5106
[14:39:10] warmStart 89% (1728/1933) regret=0.034922 ape=0.5106
[14:39:10] warmStart 89% (1729/1933) regret=0.034922 ape=0.5106
[14:39:10] warmStart 89% (1730/1933) regret=0.034922 ape=0.5106
[14:39:10] warmStart 89% (1731/1933) regret=0.034922 ape=0.5106
[14:39:10] warmStart 89% (1732/1933) regret=0.034922 ape=0.5106
[14:39:11] warmStart 89% (1733/1933) regret=0.034949 ape=0.5106
[14:39:11] warmStart 89% (1734/1933) regret=0.034949 ape=0.5106
[14:39:11] warmStart 89% (1735/1933) regret=0.034922 ape=0.5106
[14:39:11] warmStart 89% (1736/1933) regret=0.034949 ape=0.5106
[14:39:11] warmStart 89% (1737/1933) regret=0.034998 ape=0.5115
[14:39:12] warmStart 89% (1738/1933) regret=0.034949 ape=0.5106
[14:39:12] warmStart 89% (1739/1933) regret=0.035014 ape=0.5106
[14:39:12] warmStart 90% (1740/1933) regret=0.035093 ape=0.5097
[14:39:12] warmStart 90% (1741/1933) regret=0.034982 ape=0.5097
[14:39:12] warmStart 90% (1742/1933) regret=0.034982 ape=0.5097
[14:39:13] warmStart 90% (1743/1933) regret=0.034982 ape=0.5097
[14:39:13] warmStart 90% (1744/1933) regret=0.034982 ape=0.5097
[14:39:13] warmStart 90% (1745/1933) regret=0.034982 ape=0.5097
[14:39:13] warmStart 90% (1746/1933) regret=0.034982 ape=0.5097
[14:39:13] warmStart 90% (1747/1933) regret=0.034982 ape=0.5097
[14:39:13] warmStart 90% (1748/1933) regret=0.034982 ape=0.5097
[14:39:14] warmStart 90% (1749/1933) regret=0.034982 ape=0.5097
[14:39:14] warmStart 90% (1750/1933) regret=0.034982 ape=0.5097
[14:39:14] warmStart 90% (1751/1933) regret=0.035010 ape=0.5097
[14:39:14] warmStart 90% (1752/1933) regret=0.034982 ape=0.5097
[14:39:14] warmStart 90% (1753/1933) regret=0.035033 ape=0.5097
[14:39:15] warmStart 90% (1754/1933) regret=0.035025 ape=0.5097
[14:39:15] warmStart 90% (1755/1933) regret=0.035182 ape=0.5106
[14:39:15] warmStart 90% (1756/1933) regret=0.035154 ape=0.5106
[14:39:15] warmStart 90% (1757/1933) regret=0.035154 ape=0.5106
[14:39:15] warmStart 90% (1758/1933) regret=0.035228 ape=0.5106
[14:39:15] warmStart 90% (1759/1933) regret=0.035164 ape=0.5106
[14:39:16] warmStart 91% (1760/1933) regret=0.035164 ape=0.5106
[14:39:16] warmStart 91% (1761/1933) regret=0.035164 ape=0.5106
[14:39:16] warmStart 91% (1762/1933) regret=0.035164 ape=0.5106
[14:39:16] warmStart 91% (1763/1933) regret=0.035164 ape=0.5106
[14:39:16] warmStart 91% (1764/1933) regret=0.035164 ape=0.5106
[14:39:16] warmStart 91% (1765/1933) regret=0.035164 ape=0.5106
[14:39:17] warmStart 91% (1766/1933) regret=0.035164 ape=0.5106
[14:39:17] warmStart 91% (1767/1933) regret=0.035164 ape=0.5106
[14:39:17] warmStart 91% (1768/1933) regret=0.035164 ape=0.5106
[14:39:17] warmStart 91% (1769/1933) regret=0.035185 ape=0.5106
[14:39:17] warmStart 91% (1770/1933) regret=0.035164 ape=0.5106
[14:39:17] warmStart 91% (1771/1933) regret=0.035164 ape=0.5106
[14:39:18] warmStart 91% (1772/1933) regret=0.035210 ape=0.5106
[14:39:18] warmStart 91% (1773/1933) regret=0.035136 ape=0.5106
[14:39:18] warmStart 91% (1774/1933) regret=0.035136 ape=0.5106
[14:39:18] warmStart 91% (1775/1933) regret=0.035136 ape=0.5106
[14:39:18] warmStart 91% (1776/1933) regret=0.035136 ape=0.5106
[14:39:18] warmStart 91% (1777/1933) regret=0.035136 ape=0.5106
[14:39:19] warmStart 91% (1778/1933) regret=0.035136 ape=0.5106
[14:39:19] warmStart 92% (1779/1933) regret=0.035136 ape=0.5106
[14:39:19] warmStart 92% (1780/1933) regret=0.035136 ape=0.5106
[14:39:19] warmStart 92% (1781/1933) regret=0.034763 ape=0.5097
[14:39:19] warmStart 92% (1782/1933) regret=0.034763 ape=0.5097
[14:39:19] warmStart 92% (1783/1933) regret=0.034763 ape=0.5097
[14:39:20] warmStart 92% (1784/1933) regret=0.034667 ape=0.5088
[14:39:20] warmStart 92% (1785/1933) regret=0.034667 ape=0.5088
[14:39:20] warmStart 92% (1786/1933) regret=0.034667 ape=0.5088
[14:39:20] warmStart 92% (1787/1933) regret=0.034584 ape=0.5088
[14:39:20] warmStart 92% (1788/1933) regret=0.034584 ape=0.5088
[14:39:20] warmStart 92% (1789/1933) regret=0.034520 ape=0.5088
[14:39:21] warmStart 92% (1790/1933) regret=0.034566 ape=0.5088
[14:39:21] warmStart 92% (1791/1933) regret=0.034603 ape=0.5097
[14:39:21] warmStart 92% (1792/1933) regret=0.034621 ape=0.5097
[14:39:21] warmStart 92% (1793/1933) regret=0.034621 ape=0.5097
[14:39:21] warmStart 92% (1794/1933) regret=0.034621 ape=0.5097
[14:39:22] warmStart 92% (1795/1933) regret=0.034653 ape=0.5106
[14:39:22] warmStart 92% (1796/1933) regret=0.034653 ape=0.5106
[14:39:22] warmStart 92% (1797/1933) regret=0.034501 ape=0.5106
[14:39:22] warmStart 93% (1798/1933) regret=0.034501 ape=0.5106
[14:39:22] warmStart 93% (1799/1933) regret=0.034501 ape=0.5106
[14:39:22] warmStart 93% (1800/1933) regret=0.034593 ape=0.5106
[14:39:23] warmStart 93% (1801/1933) regret=0.034473 ape=0.5106
[14:39:23] warmStart 93% (1802/1933) regret=0.034501 ape=0.5106
[14:39:23] warmStart 93% (1803/1933) regret=0.034565 ape=0.5106
[14:39:23] warmStart 93% (1804/1933) regret=0.034565 ape=0.5106
[14:39:23] warmStart 93% (1805/1933) regret=0.034565 ape=0.5106
[14:39:23] warmStart 93% (1806/1933) regret=0.034565 ape=0.5106
[14:39:24] warmStart 93% (1807/1933) regret=0.034565 ape=0.5106
[14:39:24] warmStart 93% (1808/1933) regret=0.034528 ape=0.5106
[14:39:24] warmStart 93% (1809/1933) regret=0.034574 ape=0.5106
[14:39:24] warmStart 93% (1810/1933) regret=0.034565 ape=0.5106
[14:39:24] warmStart 93% (1811/1933) regret=0.034565 ape=0.5106
[14:39:25] warmStart 93% (1812/1933) regret=0.034565 ape=0.5106
[14:39:25] warmStart 93% (1813/1933) regret=0.034513 ape=0.5106
[14:39:25] warmStart 93% (1814/1933) regret=0.034513 ape=0.5106
[14:39:25] warmStart 93% (1815/1933) regret=0.034347 ape=0.5097
[14:39:26] warmStart 93% (1816/1933) regret=0.034347 ape=0.5097
[14:39:26] warmStart 93% (1817/1933) regret=0.034461 ape=0.5106
[14:39:26] warmStart 94% (1818/1933) regret=0.034387 ape=0.5106
[14:39:26] warmStart 94% (1819/1933) regret=0.034387 ape=0.5106
[14:39:26] warmStart 94% (1820/1933) regret=0.034387 ape=0.5106
[14:39:27] warmStart 94% (1821/1933) regret=0.034418 ape=0.5106
[14:39:27] warmStart 94% (1822/1933) regret=0.034418 ape=0.5106
[14:39:27] warmStart 94% (1823/1933) regret=0.034418 ape=0.5106
[14:39:27] warmStart 94% (1824/1933) regret=0.034418 ape=0.5106
[14:39:28] warmStart 94% (1825/1933) regret=0.034418 ape=0.5106
[14:39:28] warmStart 94% (1826/1933) regret=0.034418 ape=0.5106
[14:39:28] warmStart 94% (1827/1933) regret=0.034418 ape=0.5106
[14:39:28] warmStart 94% (1828/1933) regret=0.034418 ape=0.5106
[14:39:28] warmStart 94% (1829/1933) regret=0.034418 ape=0.5106
[14:39:29] warmStart 94% (1830/1933) regret=0.034418 ape=0.5106
[14:39:29] warmStart 94% (1831/1933) regret=0.034418 ape=0.5106
[14:39:29] warmStart 94% (1832/1933) regret=0.034418 ape=0.5106
[14:39:29] warmStart 94% (1833/1933) regret=0.034418 ape=0.5106
[14:39:29] warmStart 94% (1834/1933) regret=0.034418 ape=0.5106
[14:39:30] warmStart 94% (1835/1933) regret=0.034418 ape=0.5106
[14:39:30] warmStart 94% (1836/1933) regret=0.034418 ape=0.5106
[14:39:30] warmStart 95% (1837/1933) regret=0.034418 ape=0.5106
[14:39:30] warmStart 95% (1838/1933) regret=0.034418 ape=0.5106
[14:39:31] warmStart 95% (1839/1933) regret=0.034418 ape=0.5106
[14:39:31] warmStart 95% (1840/1933) regret=0.034415 ape=0.5106
[14:39:31] warmStart 95% (1841/1933) regret=0.034415 ape=0.5106
[14:39:31] warmStart 95% (1842/1933) regret=0.034415 ape=0.5106
[14:39:31] warmStart 95% (1843/1933) regret=0.034415 ape=0.5106
[14:39:32] warmStart 95% (1844/1933) regret=0.034415 ape=0.5106
[14:39:32] warmStart 95% (1845/1933) regret=0.034415 ape=0.5106
[14:39:32] warmStart 95% (1846/1933) regret=0.034415 ape=0.5106
[14:39:32] warmStart 95% (1847/1933) regret=0.034415 ape=0.5106
[14:39:32] warmStart 95% (1848/1933) regret=0.034257 ape=0.5106
[14:39:33] warmStart 95% (1849/1933) regret=0.034257 ape=0.5106
[14:39:33] warmStart 95% (1850/1933) regret=0.034257 ape=0.5106
[14:39:33] warmStart 95% (1851/1933) regret=0.034257 ape=0.5106
[14:39:33] warmStart 95% (1852/1933) regret=0.034199 ape=0.5106
[14:39:33] warmStart 95% (1853/1933) regret=0.034187 ape=0.5097
[14:39:34] warmStart 95% (1854/1933) regret=0.034187 ape=0.5097
[14:39:34] warmStart 95% (1855/1933) regret=0.033875 ape=0.5088
[14:39:34] warmStart 96% (1856/1933) regret=0.033875 ape=0.5088
[14:39:34] warmStart 96% (1857/1933) regret=0.033875 ape=0.5088
[14:39:35] warmStart 96% (1858/1933) regret=0.033875 ape=0.5088
[14:39:35] warmStart 96% (1859/1933) regret=0.033875 ape=0.5088
[14:39:35] warmStart 96% (1860/1933) regret=0.033875 ape=0.5088
[14:39:35] warmStart 96% (1861/1933) regret=0.033875 ape=0.5088
[14:39:35] warmStart 96% (1862/1933) regret=0.033875 ape=0.5088
[14:39:36] warmStart 96% (1863/1933) regret=0.033875 ape=0.5088
[14:39:36] warmStart 96% (1864/1933) regret=0.033875 ape=0.5088
[14:39:36] warmStart 96% (1865/1933) regret=0.033847 ape=0.5088
[14:39:36] warmStart 96% (1866/1933) regret=0.033847 ape=0.5088
[14:39:36] warmStart 96% (1867/1933) regret=0.033847 ape=0.5088
[14:39:37] warmStart 96% (1868/1933) regret=0.033847 ape=0.5088
[14:39:37] warmStart 96% (1869/1933) regret=0.033737 ape=0.5088
[14:39:37] warmStart 96% (1870/1933) regret=0.033546 ape=0.5078
[14:39:37] warmStart 96% (1871/1933) regret=0.033546 ape=0.5078
[14:39:37] warmStart 96% (1872/1933) regret=0.033546 ape=0.5078
[14:39:37] warmStart 96% (1873/1933) regret=0.033546 ape=0.5078
[14:39:38] warmStart 96% (1874/1933) regret=0.033546 ape=0.5078
[14:39:38] warmStart 96% (1875/1933) regret=0.033546 ape=0.5078
[14:39:38] warmStart 97% (1876/1933) regret=0.033546 ape=0.5078
[14:39:38] warmStart 97% (1877/1933) regret=0.033546 ape=0.5078
[14:39:38] warmStart 97% (1878/1933) regret=0.033546 ape=0.5078
[14:39:38] warmStart 97% (1879/1933) regret=0.033546 ape=0.5078
[14:39:39] warmStart 97% (1880/1933) regret=0.033546 ape=0.5078
[14:39:39] warmStart 97% (1881/1933) regret=0.033546 ape=0.5078
[14:39:39] warmStart 97% (1882/1933) regret=0.033508 ape=0.5078
[14:39:39] warmStart 97% (1883/1933) regret=0.033546 ape=0.5078
[14:39:39] warmStart 97% (1884/1933) regret=0.033546 ape=0.5078
[14:39:39] warmStart 97% (1885/1933) regret=0.033605 ape=0.5078
[14:39:40] warmStart 97% (1886/1933) regret=0.033605 ape=0.5078
[14:39:40] warmStart 97% (1887/1933) regret=0.033495 ape=0.5069
[14:39:40] warmStart 97% (1888/1933) regret=0.033541 ape=0.5069
[14:39:40] warmStart 97% (1889/1933) regret=0.033370 ape=0.5060
[14:39:40] warmStart 97% (1890/1933) regret=0.033370 ape=0.5060
[14:39:41] warmStart 97% (1891/1933) regret=0.033370 ape=0.5060
[14:39:41] warmStart 97% (1892/1933) regret=0.033370 ape=0.5060
[14:39:41] warmStart 97% (1893/1933) regret=0.033370 ape=0.5060
[14:39:41] warmStart 97% (1894/1933) regret=0.033370 ape=0.5060
[14:39:41] warmStart 98% (1895/1933) regret=0.033370 ape=0.5060
[14:39:41] warmStart 98% (1896/1933) regret=0.033232 ape=0.5051
[14:39:42] warmStart 98% (1897/1933) regret=0.033204 ape=0.5051
[14:39:42] warmStart 98% (1898/1933) regret=0.033214 ape=0.5041
[14:39:42] warmStart 98% (1899/1933) regret=0.033232 ape=0.5051
[14:39:42] warmStart 98% (1900/1933) regret=0.033269 ape=0.5051
[14:39:42] warmStart 98% (1901/1933) regret=0.033269 ape=0.5051
[14:39:43] warmStart 98% (1902/1933) regret=0.033241 ape=0.5051
[14:39:43] warmStart 98% (1903/1933) regret=0.033241 ape=0.5051
[14:39:43] warmStart 98% (1904/1933) regret=0.033241 ape=0.5051
[14:39:43] warmStart 98% (1905/1933) regret=0.033241 ape=0.5051
[14:39:43] warmStart 98% (1906/1933) regret=0.033250 ape=0.5051
[14:39:44] warmStart 98% (1907/1933) regret=0.033250 ape=0.5051
[14:39:44] warmStart 98% (1908/1933) regret=0.033250 ape=0.5051
[14:39:44] warmStart 98% (1909/1933) regret=0.033490 ape=0.5060
[14:39:44] warmStart 98% (1910/1933) regret=0.033490 ape=0.5060
[14:39:44] warmStart 98% (1911/1933) regret=0.033490 ape=0.5060
[14:39:44] warmStart 98% (1912/1933) regret=0.033490 ape=0.5060
[14:39:45] warmStart 98% (1913/1933) regret=0.033490 ape=0.5060
[14:39:45] warmStart 99% (1914/1933) regret=0.033490 ape=0.5060
[14:39:45] warmStart 99% (1915/1933) regret=0.033490 ape=0.5060
[14:39:45] warmStart 99% (1916/1933) regret=0.033626 ape=0.5069
[14:39:45] warmStart 99% (1917/1933) regret=0.033626 ape=0.5069
[14:39:45] warmStart 99% (1918/1933) regret=0.033785 ape=0.5069
[14:39:46] warmStart 99% (1919/1933) regret=0.033586 ape=0.5060
[14:39:46] warmStart 99% (1920/1933) regret=0.033639 ape=0.5060
[14:39:46] warmStart 99% (1921/1933) regret=0.033572 ape=0.5051
[14:39:46] warmStart 99% (1922/1933) regret=0.033572 ape=0.5051
[14:39:46] warmStart 99% (1923/1933) regret=0.033572 ape=0.5051
[14:39:47] warmStart 99% (1924/1933) regret=0.033572 ape=0.5051
[14:39:47] warmStart 99% (1925/1933) regret=0.033572 ape=0.5051
[14:39:47] warmStart 99% (1926/1933) regret=0.033555 ape=0.5051
[14:39:47] warmStart 99% (1927/1933) regret=0.033604 ape=0.5051
[14:39:47] warmStart 99% (1928/1933) regret=0.033625 ape=0.5060
[14:39:47] warmStart 99% (1929/1933) regret=0.033601 ape=0.5051
[14:39:48] warmStart 99% (1930/1933) regret=0.033368 ape=0.5051
[14:39:48] warmStart 99% (1931/1933) regret=0.033448 ape=0.5041
Warm w=5 finished: 1932 points, 379.78s wall time
  Final: regret=0.033448, ape=0.5041

Saved JSON: /home/users/g/s/gsavary/LudiiMCTSVariations/slurm_sweep_full_dataset/results_20260425_143306/sweep_warm_5_0_20260425_143948.json

Generating plots...
Saved regret plot: /home/users/g/s/gsavary/LudiiMCTSVariations/slurm_sweep_full_dataset/results_20260425_143306/sweep_warm_5_0_20260425_143948_regret.png
Saved APE plot: /home/users/g/s/gsavary/LudiiMCTSVariations/slurm_sweep_full_dataset/results_20260425_143306/sweep_warm_5_0_20260425_143948_ape.png

======================================================================
EXPERIMENT COMPLETE
======================================================================
Results saved to: /home/users/g/s/gsavary/LudiiMCTSVariations/slurm_sweep_full_dataset/results_20260425_143306
JSON file: sweep_warm_5_0_20260425_143948.json
Experiment finished. Results saved to: /home/users/g/s/gsavary/LudiiMCTSVariations/slurm_sweep_full_dataset/results_20260425_143306
