Starting experiment...
Project root: /home/users/g/s/gsavary/LudiiMCTSVariations
Method: warm:500
Output dir: /home/users/g/s/gsavary/LudiiMCTSVariations/slurm_sweep_full_dataset/results_20260425_214412
Seed: 2
Time limit:  seconds


======================================================================
SLURM Sweep Experiment - Single Method
======================================================================
Method: warm:500
Time limit: 7200.0s, Seed: 2, Batch size: 20
Output directory: /home/users/g/s/gsavary/LudiiMCTSVariations/slurm_sweep_full_dataset/results_20260425_214412

Loading Ludii dataset...
Loaded 1085 games
Using 1085 games (full dataset, no subsampling)

Running timing probe (100 pulls)...
  Estimated secs/pull: 0.021968

Time budget: 7200.0s → ~327743 total pulls
Per-method budget: 46820 pulls (~1028.6s)

Computing predictor-only performance...
  Predictions loaded: 23675 agent predictions
  Predictor-only: regret=0.104318, ape=0.4894

Running WARM-START (w=500)...
[21:44:57] warmStart 0% (0/2341) regret=0.102809 ape=0.5419
[21:44:57] warmStart 0% (1/2341) regret=0.102809 ape=0.5419
[21:44:57] warmStart 0% (2/2341) regret=0.102809 ape=0.5419
[21:44:57] warmStart 0% (3/2341) regret=0.102809 ape=0.5419
[21:44:57] warmStart 0% (4/2341) regret=0.102809 ape=0.5419
[21:44:57] warmStart 0% (5/2341) regret=0.102809 ape=0.5419
[21:44:58] warmStart 0% (6/2341) regret=0.102809 ape=0.5419
[21:44:58] warmStart 0% (7/2341) regret=0.102809 ape=0.5419
[21:44:58] warmStart 0% (8/2341) regret=0.102809 ape=0.5419
[21:44:58] warmStart 0% (9/2341) regret=0.102809 ape=0.5419
[21:44:58] warmStart 0% (10/2341) regret=0.102809 ape=0.5419
[21:44:58] warmStart 0% (11/2341) regret=0.102809 ape=0.5419
[21:44:59] warmStart 0% (12/2341) regret=0.102809 ape=0.5419
[21:44:59] warmStart 0% (13/2341) regret=0.102809 ape=0.5419
[21:44:59] warmStart 0% (14/2341) regret=0.102809 ape=0.5419
[21:44:59] warmStart 0% (15/2341) regret=0.102809 ape=0.5419
[21:44:59] warmStart 0% (16/2341) regret=0.102809 ape=0.5419
[21:44:59] warmStart 0% (17/2341) regret=0.102798 ape=0.5419
[21:45:00] warmStart 0% (18/2341) regret=0.102798 ape=0.5419
[21:45:00] warmStart 0% (19/2341) regret=0.102798 ape=0.5419
[21:45:00] warmStart 0% (20/2341) regret=0.102823 ape=0.5429
[21:45:00] warmStart 0% (21/2341) regret=0.102823 ape=0.5429
[21:45:00] warmStart 0% (22/2341) regret=0.102823 ape=0.5429
[21:45:00] warmStart 0% (23/2341) regret=0.102823 ape=0.5429
[21:45:01] warmStart 1% (24/2341) regret=0.102823 ape=0.5429
[21:45:01] warmStart 1% (25/2341) regret=0.102823 ape=0.5429
[21:45:01] warmStart 1% (26/2341) regret=0.103035 ape=0.5429
[21:45:01] warmStart 1% (27/2341) regret=0.102851 ape=0.5438
[21:45:01] warmStart 1% (28/2341) regret=0.102851 ape=0.5438
[21:45:02] warmStart 1% (29/2341) regret=0.102823 ape=0.5429
[21:45:02] warmStart 1% (30/2341) regret=0.102823 ape=0.5429
[21:45:02] warmStart 1% (31/2341) regret=0.102823 ape=0.5429
[21:45:02] warmStart 1% (32/2341) regret=0.102851 ape=0.5438
[21:45:02] warmStart 1% (33/2341) regret=0.102851 ape=0.5438
[21:45:02] warmStart 1% (34/2341) regret=0.102851 ape=0.5438
[21:45:03] warmStart 1% (35/2341) regret=0.102823 ape=0.5429
[21:45:03] warmStart 1% (36/2341) regret=0.102823 ape=0.5429
[21:45:03] warmStart 1% (37/2341) regret=0.102823 ape=0.5429
[21:45:03] warmStart 1% (38/2341) regret=0.102851 ape=0.5438
[21:45:03] warmStart 1% (39/2341) regret=0.102851 ape=0.5438
[21:45:03] warmStart 1% (40/2341) regret=0.102823 ape=0.5429
[21:45:04] warmStart 1% (41/2341) regret=0.102823 ape=0.5429
[21:45:04] warmStart 1% (42/2341) regret=0.102823 ape=0.5429
[21:45:04] warmStart 1% (43/2341) regret=0.102823 ape=0.5429
[21:45:04] warmStart 1% (44/2341) regret=0.102851 ape=0.5438
[21:45:04] warmStart 1% (45/2341) regret=0.102851 ape=0.5438
[21:45:04] warmStart 1% (46/2341) regret=0.102823 ape=0.5429
[21:45:05] warmStart 2% (47/2341) regret=0.102823 ape=0.5429
[21:45:05] warmStart 2% (48/2341) regret=0.102823 ape=0.5429
[21:45:05] warmStart 2% (49/2341) regret=0.102851 ape=0.5438
[21:45:05] warmStart 2% (50/2341) regret=0.102851 ape=0.5438
[21:45:05] warmStart 2% (51/2341) regret=0.102851 ape=0.5438
[21:45:06] warmStart 2% (52/2341) regret=0.102823 ape=0.5429
[21:45:06] warmStart 2% (53/2341) regret=0.102823 ape=0.5429
[21:45:06] warmStart 2% (54/2341) regret=0.102809 ape=0.5429
[21:45:06] warmStart 2% (55/2341) regret=0.102837 ape=0.5438
[21:45:06] warmStart 2% (56/2341) regret=0.102837 ape=0.5438
[21:45:06] warmStart 2% (57/2341) regret=0.102837 ape=0.5438
[21:45:07] warmStart 2% (58/2341) regret=0.102809 ape=0.5429
[21:45:07] warmStart 2% (59/2341) regret=0.102809 ape=0.5429
[21:45:07] warmStart 2% (60/2341) regret=0.102809 ape=0.5429
[21:45:07] warmStart 2% (61/2341) regret=0.102809 ape=0.5429
[21:45:07] warmStart 2% (62/2341) regret=0.102837 ape=0.5438
[21:45:07] warmStart 2% (63/2341) regret=0.102837 ape=0.5438
[21:45:08] warmStart 2% (64/2341) regret=0.102837 ape=0.5438
[21:45:08] warmStart 2% (65/2341) regret=0.102837 ape=0.5438
[21:45:08] warmStart 2% (66/2341) regret=0.102837 ape=0.5438
[21:45:08] warmStart 2% (67/2341) regret=0.102837 ape=0.5438
[21:45:08] warmStart 2% (68/2341) regret=0.102837 ape=0.5438
[21:45:08] warmStart 2% (69/2341) regret=0.102837 ape=0.5438
[21:45:09] warmStart 2% (70/2341) regret=0.102837 ape=0.5438
[21:45:09] warmStart 3% (71/2341) regret=0.102837 ape=0.5438
[21:45:09] warmStart 3% (72/2341) regret=0.102837 ape=0.5438
[21:45:09] warmStart 3% (73/2341) regret=0.102837 ape=0.5438
[21:45:09] warmStart 3% (74/2341) regret=0.102837 ape=0.5438
[21:45:10] warmStart 3% (75/2341) regret=0.102837 ape=0.5438
[21:45:10] warmStart 3% (76/2341) regret=0.102837 ape=0.5438
[21:45:10] warmStart 3% (77/2341) regret=0.102837 ape=0.5438
[21:45:10] warmStart 3% (78/2341) regret=0.103049 ape=0.5438
[21:45:10] warmStart 3% (79/2341) regret=0.102837 ape=0.5438
[21:45:10] warmStart 3% (80/2341) regret=0.102837 ape=0.5438
[21:45:11] warmStart 3% (81/2341) regret=0.102837 ape=0.5438
[21:45:11] warmStart 3% (82/2341) regret=0.102837 ape=0.5438
[21:45:11] warmStart 3% (83/2341) regret=0.102837 ape=0.5438
[21:45:11] warmStart 3% (84/2341) regret=0.102837 ape=0.5438
[21:45:11] warmStart 3% (85/2341) regret=0.102837 ape=0.5438
[21:45:11] warmStart 3% (86/2341) regret=0.102837 ape=0.5438
[21:45:12] warmStart 3% (87/2341) regret=0.102837 ape=0.5438
[21:45:12] warmStart 3% (88/2341) regret=0.102837 ape=0.5438
[21:45:12] warmStart 3% (89/2341) regret=0.102837 ape=0.5438
[21:45:12] warmStart 3% (90/2341) regret=0.103049 ape=0.5438
[21:45:12] warmStart 3% (91/2341) regret=0.102837 ape=0.5438
[21:45:12] warmStart 3% (92/2341) regret=0.102837 ape=0.5438
[21:45:13] warmStart 3% (93/2341) regret=0.102837 ape=0.5438
[21:45:13] warmStart 4% (94/2341) regret=0.102837 ape=0.5438
[21:45:13] warmStart 4% (95/2341) regret=0.102837 ape=0.5438
[21:45:13] warmStart 4% (96/2341) regret=0.102837 ape=0.5438
[21:45:13] warmStart 4% (97/2341) regret=0.102837 ape=0.5438
[21:45:14] warmStart 4% (98/2341) regret=0.102837 ape=0.5438
[21:45:14] warmStart 4% (99/2341) regret=0.102837 ape=0.5438
[21:45:14] warmStart 4% (100/2341) regret=0.102837 ape=0.5438
[21:45:14] warmStart 4% (101/2341) regret=0.102837 ape=0.5438
[21:45:14] warmStart 4% (102/2341) regret=0.103049 ape=0.5438
[21:45:14] warmStart 4% (103/2341) regret=0.102837 ape=0.5438
[21:45:15] warmStart 4% (104/2341) regret=0.102837 ape=0.5438
[21:45:15] warmStart 4% (105/2341) regret=0.102837 ape=0.5438
[21:45:15] warmStart 4% (106/2341) regret=0.102837 ape=0.5438
[21:45:15] warmStart 4% (107/2341) regret=0.102837 ape=0.5438
[21:45:15] warmStart 4% (108/2341) regret=0.102837 ape=0.5438
[21:45:15] warmStart 4% (109/2341) regret=0.103049 ape=0.5438
[21:45:16] warmStart 4% (110/2341) regret=0.102837 ape=0.5438
[21:45:16] warmStart 4% (111/2341) regret=0.102837 ape=0.5438
[21:45:16] warmStart 4% (112/2341) regret=0.102837 ape=0.5438
[21:45:16] warmStart 4% (113/2341) regret=0.102837 ape=0.5438
[21:45:16] warmStart 4% (114/2341) regret=0.102837 ape=0.5438
[21:45:17] warmStart 4% (115/2341) regret=0.102837 ape=0.5438
[21:45:17] warmStart 4% (116/2341) regret=0.103049 ape=0.5438
[21:45:17] warmStart 4% (117/2341) regret=0.102837 ape=0.5438
[21:45:17] warmStart 5% (118/2341) regret=0.102837 ape=0.5438
[21:45:17] warmStart 5% (119/2341) regret=0.102837 ape=0.5438
[21:45:17] warmStart 5% (120/2341) regret=0.102837 ape=0.5438
[21:45:18] warmStart 5% (121/2341) regret=0.102837 ape=0.5438
[21:45:18] warmStart 5% (122/2341) regret=0.102837 ape=0.5438
[21:45:18] warmStart 5% (123/2341) regret=0.102837 ape=0.5438
[21:45:18] warmStart 5% (124/2341) regret=0.102837 ape=0.5438
[21:45:18] warmStart 5% (125/2341) regret=0.102837 ape=0.5438
[21:45:18] warmStart 5% (126/2341) regret=0.102837 ape=0.5438
[21:45:19] warmStart 5% (127/2341) regret=0.102837 ape=0.5438
[21:45:19] warmStart 5% (128/2341) regret=0.102837 ape=0.5438
[21:45:19] warmStart 5% (129/2341) regret=0.102837 ape=0.5438
[21:45:19] warmStart 5% (130/2341) regret=0.102851 ape=0.5438
[21:45:19] warmStart 5% (131/2341) regret=0.102837 ape=0.5438
[21:45:19] warmStart 5% (132/2341) regret=0.102837 ape=0.5438
[21:45:20] warmStart 5% (133/2341) regret=0.102837 ape=0.5438
[21:45:20] warmStart 5% (134/2341) regret=0.102837 ape=0.5438
[21:45:20] warmStart 5% (135/2341) regret=0.102851 ape=0.5438
[21:45:20] warmStart 5% (136/2341) regret=0.102837 ape=0.5438
[21:45:20] warmStart 5% (137/2341) regret=0.102837 ape=0.5438
[21:45:20] warmStart 5% (138/2341) regret=0.102837 ape=0.5438
[21:45:21] warmStart 5% (139/2341) regret=0.102837 ape=0.5438
[21:45:21] warmStart 5% (140/2341) regret=0.102837 ape=0.5438
[21:45:21] warmStart 6% (141/2341) regret=0.102837 ape=0.5438
[21:45:21] warmStart 6% (142/2341) regret=0.102837 ape=0.5438
[21:45:21] warmStart 6% (143/2341) regret=0.102837 ape=0.5438
[21:45:22] warmStart 6% (144/2341) regret=0.102837 ape=0.5438
[21:45:22] warmStart 6% (145/2341) regret=0.102837 ape=0.5438
[21:45:22] warmStart 6% (146/2341) regret=0.102837 ape=0.5438
[21:45:22] warmStart 6% (147/2341) regret=0.102837 ape=0.5438
[21:45:22] warmStart 6% (148/2341) regret=0.103049 ape=0.5438
[21:45:22] warmStart 6% (149/2341) regret=0.102837 ape=0.5438
[21:45:23] warmStart 6% (150/2341) regret=0.102837 ape=0.5438
[21:45:23] warmStart 6% (151/2341) regret=0.102837 ape=0.5438
[21:45:23] warmStart 6% (152/2341) regret=0.102837 ape=0.5438
[21:45:23] warmStart 6% (153/2341) regret=0.102837 ape=0.5438
[21:45:23] warmStart 6% (154/2341) regret=0.102837 ape=0.5438
[21:45:23] warmStart 6% (155/2341) regret=0.102837 ape=0.5438
[21:45:24] warmStart 6% (156/2341) regret=0.103049 ape=0.5438
[21:45:24] warmStart 6% (157/2341) regret=0.102837 ape=0.5438
[21:45:24] warmStart 6% (158/2341) regret=0.102837 ape=0.5438
[21:45:24] warmStart 6% (159/2341) regret=0.102837 ape=0.5438
[21:45:24] warmStart 6% (160/2341) regret=0.102837 ape=0.5438
[21:45:25] warmStart 6% (161/2341) regret=0.102837 ape=0.5438
[21:45:25] warmStart 6% (162/2341) regret=0.102837 ape=0.5438
[21:45:25] warmStart 6% (163/2341) regret=0.102837 ape=0.5438
[21:45:25] warmStart 7% (164/2341) regret=0.103049 ape=0.5438
[21:45:25] warmStart 7% (165/2341) regret=0.102837 ape=0.5438
[21:45:25] warmStart 7% (166/2341) regret=0.102837 ape=0.5438
[21:45:26] warmStart 7% (167/2341) regret=0.102837 ape=0.5438
[21:45:26] warmStart 7% (168/2341) regret=0.102837 ape=0.5438
[21:45:26] warmStart 7% (169/2341) regret=0.102837 ape=0.5438
[21:45:26] warmStart 7% (170/2341) regret=0.102837 ape=0.5438
[21:45:26] warmStart 7% (171/2341) regret=0.102837 ape=0.5438
[21:45:26] warmStart 7% (172/2341) regret=0.102837 ape=0.5438
[21:45:27] warmStart 7% (173/2341) regret=0.102837 ape=0.5438
[21:45:27] warmStart 7% (174/2341) regret=0.102837 ape=0.5438
[21:45:27] warmStart 7% (175/2341) regret=0.102837 ape=0.5438
[21:45:27] warmStart 7% (176/2341) regret=0.102837 ape=0.5438
[21:45:27] warmStart 7% (177/2341) regret=0.102837 ape=0.5438
[21:45:27] warmStart 7% (178/2341) regret=0.102837 ape=0.5438
[21:45:28] warmStart 7% (179/2341) regret=0.102837 ape=0.5438
[21:45:28] warmStart 7% (180/2341) regret=0.103049 ape=0.5438
[21:45:28] warmStart 7% (181/2341) regret=0.102837 ape=0.5438
[21:45:28] warmStart 7% (182/2341) regret=0.102837 ape=0.5438
[21:45:28] warmStart 7% (183/2341) regret=0.102837 ape=0.5438
[21:45:29] warmStart 7% (184/2341) regret=0.102837 ape=0.5438
[21:45:29] warmStart 7% (185/2341) regret=0.102837 ape=0.5438
[21:45:29] warmStart 7% (186/2341) regret=0.102837 ape=0.5438
[21:45:29] warmStart 7% (187/2341) regret=0.102837 ape=0.5438
[21:45:29] warmStart 8% (188/2341) regret=0.102837 ape=0.5438
[21:45:29] warmStart 8% (189/2341) regret=0.102837 ape=0.5438
[21:45:30] warmStart 8% (190/2341) regret=0.102837 ape=0.5438
[21:45:30] warmStart 8% (191/2341) regret=0.102837 ape=0.5438
[21:45:30] warmStart 8% (192/2341) regret=0.102422 ape=0.5438
[21:45:30] warmStart 8% (193/2341) regret=0.102146 ape=0.5429
[21:45:30] warmStart 8% (194/2341) regret=0.102146 ape=0.5429
[21:45:30] warmStart 8% (195/2341) regret=0.102146 ape=0.5429
[21:45:31] warmStart 8% (196/2341) regret=0.102146 ape=0.5429
[21:45:31] warmStart 8% (197/2341) regret=0.102146 ape=0.5429
[21:45:31] warmStart 8% (198/2341) regret=0.102141 ape=0.5429
[21:45:31] warmStart 8% (199/2341) regret=0.102146 ape=0.5429
[21:45:31] warmStart 8% (200/2341) regret=0.102146 ape=0.5429
[21:45:32] warmStart 8% (201/2341) regret=0.102146 ape=0.5429
[21:45:32] warmStart 8% (202/2341) regret=0.102146 ape=0.5429
[21:45:32] warmStart 8% (203/2341) regret=0.102146 ape=0.5429
[21:45:32] warmStart 8% (204/2341) regret=0.102146 ape=0.5429
[21:45:32] warmStart 8% (205/2341) regret=0.102146 ape=0.5429
[21:45:32] warmStart 8% (206/2341) regret=0.102146 ape=0.5429
[21:45:33] warmStart 8% (207/2341) regret=0.102146 ape=0.5429
[21:45:33] warmStart 8% (208/2341) regret=0.102358 ape=0.5429
[21:45:33] warmStart 8% (209/2341) regret=0.102146 ape=0.5429
[21:45:33] warmStart 8% (210/2341) regret=0.102146 ape=0.5429
[21:45:33] warmStart 9% (211/2341) regret=0.102146 ape=0.5429
[21:45:33] warmStart 9% (212/2341) regret=0.102146 ape=0.5429
[21:45:34] warmStart 9% (213/2341) regret=0.102146 ape=0.5429
[21:45:34] warmStart 9% (214/2341) regret=0.102146 ape=0.5429
[21:45:34] warmStart 9% (215/2341) regret=0.102146 ape=0.5429
[21:45:34] warmStart 9% (216/2341) regret=0.102146 ape=0.5429
[21:45:34] warmStart 9% (217/2341) regret=0.102146 ape=0.5429
[21:45:34] warmStart 9% (218/2341) regret=0.102146 ape=0.5429
[21:45:35] warmStart 9% (219/2341) regret=0.102146 ape=0.5429
[21:45:35] warmStart 9% (220/2341) regret=0.102146 ape=0.5429
[21:45:35] warmStart 9% (221/2341) regret=0.102146 ape=0.5429
[21:45:35] warmStart 9% (222/2341) regret=0.102146 ape=0.5429
[21:45:35] warmStart 9% (223/2341) regret=0.102146 ape=0.5429
[21:45:36] warmStart 9% (224/2341) regret=0.102146 ape=0.5429
[21:45:36] warmStart 9% (225/2341) regret=0.102146 ape=0.5429
[21:45:36] warmStart 9% (226/2341) regret=0.102146 ape=0.5429
[21:45:36] warmStart 9% (227/2341) regret=0.102146 ape=0.5429
[21:45:36] warmStart 9% (228/2341) regret=0.102146 ape=0.5429
[21:45:36] warmStart 9% (229/2341) regret=0.102146 ape=0.5429
[21:45:37] warmStart 9% (230/2341) regret=0.102146 ape=0.5429
[21:45:37] warmStart 9% (231/2341) regret=0.102146 ape=0.5429
[21:45:37] warmStart 9% (232/2341) regret=0.102146 ape=0.5429
[21:45:37] warmStart 9% (233/2341) regret=0.102146 ape=0.5429
[21:45:37] warmStart 9% (234/2341) regret=0.102146 ape=0.5429
[21:45:38] warmStart 10% (235/2341) regret=0.102146 ape=0.5429
[21:45:38] warmStart 10% (236/2341) regret=0.102146 ape=0.5429
[21:45:38] warmStart 10% (237/2341) regret=0.102146 ape=0.5429
[21:45:38] warmStart 10% (238/2341) regret=0.102146 ape=0.5429
[21:45:38] warmStart 10% (239/2341) regret=0.102146 ape=0.5429
[21:45:38] warmStart 10% (240/2341) regret=0.102146 ape=0.5429
[21:45:39] warmStart 10% (241/2341) regret=0.102146 ape=0.5429
[21:45:39] warmStart 10% (242/2341) regret=0.102146 ape=0.5429
[21:45:39] warmStart 10% (243/2341) regret=0.102146 ape=0.5429
[21:45:39] warmStart 10% (244/2341) regret=0.102146 ape=0.5429
[21:45:39] warmStart 10% (245/2341) regret=0.101740 ape=0.5419
[21:45:39] warmStart 10% (246/2341) regret=0.101740 ape=0.5419
[21:45:40] warmStart 10% (247/2341) regret=0.101740 ape=0.5419
[21:45:40] warmStart 10% (248/2341) regret=0.101740 ape=0.5419
[21:45:40] warmStart 10% (249/2341) regret=0.101740 ape=0.5419
[21:45:40] warmStart 10% (250/2341) regret=0.101740 ape=0.5419
[21:45:40] warmStart 10% (251/2341) regret=0.101740 ape=0.5419
[21:45:40] warmStart 10% (252/2341) regret=0.101740 ape=0.5419
[21:45:41] warmStart 10% (253/2341) regret=0.101740 ape=0.5419
[21:45:41] warmStart 10% (254/2341) regret=0.101740 ape=0.5419
[21:45:41] warmStart 10% (255/2341) regret=0.101740 ape=0.5419
[21:45:41] warmStart 10% (256/2341) regret=0.100920 ape=0.5410
[21:45:41] warmStart 10% (257/2341) regret=0.100920 ape=0.5410
[21:45:42] warmStart 11% (258/2341) regret=0.100920 ape=0.5410
[21:45:42] warmStart 11% (259/2341) regret=0.100920 ape=0.5410
[21:45:42] warmStart 11% (260/2341) regret=0.100920 ape=0.5410
[21:45:42] warmStart 11% (261/2341) regret=0.100920 ape=0.5410
[21:45:42] warmStart 11% (262/2341) regret=0.100920 ape=0.5410
[21:45:42] warmStart 11% (263/2341) regret=0.100920 ape=0.5410
[21:45:43] warmStart 11% (264/2341) regret=0.100920 ape=0.5410
[21:45:43] warmStart 11% (265/2341) regret=0.100920 ape=0.5410
[21:45:43] warmStart 11% (266/2341) regret=0.100920 ape=0.5410
[21:45:43] warmStart 11% (267/2341) regret=0.100920 ape=0.5410
[21:45:43] warmStart 11% (268/2341) regret=0.100920 ape=0.5410
[21:45:43] warmStart 11% (269/2341) regret=0.100920 ape=0.5410
[21:45:44] warmStart 11% (270/2341) regret=0.100920 ape=0.5410
[21:45:44] warmStart 11% (271/2341) regret=0.100920 ape=0.5410
[21:45:44] warmStart 11% (272/2341) regret=0.100948 ape=0.5410
[21:45:44] warmStart 11% (273/2341) regret=0.100920 ape=0.5410
[21:45:44] warmStart 11% (274/2341) regret=0.100920 ape=0.5410
[21:45:45] warmStart 11% (275/2341) regret=0.100920 ape=0.5410
[21:45:45] warmStart 11% (276/2341) regret=0.100920 ape=0.5410
[21:45:45] warmStart 11% (277/2341) regret=0.100920 ape=0.5410
[21:45:45] warmStart 11% (278/2341) regret=0.100920 ape=0.5410
[21:45:45] warmStart 11% (279/2341) regret=0.100920 ape=0.5410
[21:45:45] warmStart 11% (280/2341) regret=0.100920 ape=0.5410
[21:45:46] warmStart 12% (281/2341) regret=0.100920 ape=0.5410
[21:45:46] warmStart 12% (282/2341) regret=0.100920 ape=0.5410
[21:45:46] warmStart 12% (283/2341) regret=0.100920 ape=0.5410
[21:45:46] warmStart 12% (284/2341) regret=0.100920 ape=0.5410
[21:45:46] warmStart 12% (285/2341) regret=0.101132 ape=0.5410
[21:45:46] warmStart 12% (286/2341) regret=0.100920 ape=0.5410
[21:45:47] warmStart 12% (287/2341) regret=0.100920 ape=0.5410
[21:45:47] warmStart 12% (288/2341) regret=0.100920 ape=0.5410
[21:45:47] warmStart 12% (289/2341) regret=0.100920 ape=0.5410
[21:45:47] warmStart 12% (290/2341) regret=0.100920 ape=0.5410
[21:45:47] warmStart 12% (291/2341) regret=0.100920 ape=0.5410
[21:45:48] warmStart 12% (292/2341) regret=0.100920 ape=0.5410
[21:45:48] warmStart 12% (293/2341) regret=0.100920 ape=0.5410
[21:45:48] warmStart 12% (294/2341) regret=0.100920 ape=0.5410
[21:45:48] warmStart 12% (295/2341) regret=0.100920 ape=0.5410
[21:45:48] warmStart 12% (296/2341) regret=0.100920 ape=0.5410
[21:45:48] warmStart 12% (297/2341) regret=0.100920 ape=0.5410
[21:45:49] warmStart 12% (298/2341) regret=0.100920 ape=0.5410
[21:45:49] warmStart 12% (299/2341) regret=0.100920 ape=0.5410
[21:45:49] warmStart 12% (300/2341) regret=0.100920 ape=0.5410
[21:45:49] warmStart 12% (301/2341) regret=0.100920 ape=0.5410
[21:45:49] warmStart 12% (302/2341) regret=0.100920 ape=0.5410
[21:45:49] warmStart 12% (303/2341) regret=0.100920 ape=0.5410
[21:45:50] warmStart 12% (304/2341) regret=0.100920 ape=0.5410
[21:45:50] warmStart 13% (305/2341) regret=0.100920 ape=0.5410
[21:45:50] warmStart 13% (306/2341) regret=0.100920 ape=0.5410
[21:45:50] warmStart 13% (307/2341) regret=0.100920 ape=0.5410
[21:45:50] warmStart 13% (308/2341) regret=0.100920 ape=0.5410
[21:45:50] warmStart 13% (309/2341) regret=0.100920 ape=0.5410
[21:45:51] warmStart 13% (310/2341) regret=0.100920 ape=0.5410
[21:45:51] warmStart 13% (311/2341) regret=0.100920 ape=0.5410
[21:45:51] warmStart 13% (312/2341) regret=0.100920 ape=0.5410
[21:45:51] warmStart 13% (313/2341) regret=0.100920 ape=0.5410
[21:45:51] warmStart 13% (314/2341) regret=0.100920 ape=0.5410
[21:45:52] warmStart 13% (315/2341) regret=0.100920 ape=0.5410
[21:45:52] warmStart 13% (316/2341) regret=0.100920 ape=0.5410
[21:45:52] warmStart 13% (317/2341) regret=0.100892 ape=0.5401
[21:45:52] warmStart 13% (318/2341) regret=0.100892 ape=0.5401
[21:45:52] warmStart 13% (319/2341) regret=0.100892 ape=0.5401
[21:45:52] warmStart 13% (320/2341) regret=0.100679 ape=0.5401
[21:45:53] warmStart 13% (321/2341) regret=0.100679 ape=0.5401
[21:45:53] warmStart 13% (322/2341) regret=0.100679 ape=0.5401
[21:45:53] warmStart 13% (323/2341) regret=0.100679 ape=0.5401
[21:45:53] warmStart 13% (324/2341) regret=0.100679 ape=0.5401
[21:45:53] warmStart 13% (325/2341) regret=0.100679 ape=0.5401
[21:45:53] warmStart 13% (326/2341) regret=0.100679 ape=0.5401
[21:45:54] warmStart 13% (327/2341) regret=0.100679 ape=0.5401
[21:45:54] warmStart 14% (328/2341) regret=0.100706 ape=0.5401
[21:45:54] warmStart 14% (329/2341) regret=0.100679 ape=0.5401
[21:45:54] warmStart 14% (330/2341) regret=0.100679 ape=0.5401
[21:45:54] warmStart 14% (331/2341) regret=0.100679 ape=0.5401
[21:45:55] warmStart 14% (332/2341) regret=0.100679 ape=0.5401
[21:45:55] warmStart 14% (333/2341) regret=0.100679 ape=0.5401
[21:45:55] warmStart 14% (334/2341) regret=0.100679 ape=0.5401
[21:45:55] warmStart 14% (335/2341) regret=0.100679 ape=0.5401
[21:45:55] warmStart 14% (336/2341) regret=0.100679 ape=0.5401
[21:45:55] warmStart 14% (337/2341) regret=0.100679 ape=0.5401
[21:45:56] warmStart 14% (338/2341) regret=0.100679 ape=0.5401
[21:45:56] warmStart 14% (339/2341) regret=0.100679 ape=0.5401
[21:45:56] warmStart 14% (340/2341) regret=0.100679 ape=0.5401
[21:45:56] warmStart 14% (341/2341) regret=0.100679 ape=0.5401
[21:45:56] warmStart 14% (342/2341) regret=0.100679 ape=0.5401
[21:45:56] warmStart 14% (343/2341) regret=0.100679 ape=0.5401
[21:45:57] warmStart 14% (344/2341) regret=0.100679 ape=0.5401
[21:45:57] warmStart 14% (345/2341) regret=0.100891 ape=0.5401
[21:45:57] warmStart 14% (346/2341) regret=0.100679 ape=0.5401
[21:45:57] warmStart 14% (347/2341) regret=0.100679 ape=0.5401
[21:45:57] warmStart 14% (348/2341) regret=0.100679 ape=0.5401
[21:45:57] warmStart 14% (349/2341) regret=0.100679 ape=0.5401
[21:45:58] warmStart 14% (350/2341) regret=0.100679 ape=0.5401
[21:45:58] warmStart 14% (351/2341) regret=0.100679 ape=0.5401
[21:45:58] warmStart 15% (352/2341) regret=0.100679 ape=0.5401
[21:45:58] warmStart 15% (353/2341) regret=0.100679 ape=0.5401
[21:45:58] warmStart 15% (354/2341) regret=0.100679 ape=0.5401
[21:45:59] warmStart 15% (355/2341) regret=0.100679 ape=0.5401
[21:45:59] warmStart 15% (356/2341) regret=0.100679 ape=0.5401
[21:45:59] warmStart 15% (357/2341) regret=0.100679 ape=0.5401
[21:45:59] warmStart 15% (358/2341) regret=0.100679 ape=0.5401
[21:45:59] warmStart 15% (359/2341) regret=0.100679 ape=0.5401
[21:45:59] warmStart 15% (360/2341) regret=0.100679 ape=0.5401
[21:46:00] warmStart 15% (361/2341) regret=0.100679 ape=0.5401
[21:46:00] warmStart 15% (362/2341) regret=0.100679 ape=0.5401
[21:46:00] warmStart 15% (363/2341) regret=0.100679 ape=0.5401
[21:46:00] warmStart 15% (364/2341) regret=0.100603 ape=0.5392
[21:46:00] warmStart 15% (365/2341) regret=0.100679 ape=0.5401
[21:46:00] warmStart 15% (366/2341) regret=0.100679 ape=0.5401
[21:46:01] warmStart 15% (367/2341) regret=0.100679 ape=0.5401
[21:46:01] warmStart 15% (368/2341) regret=0.100679 ape=0.5401
[21:46:01] warmStart 15% (369/2341) regret=0.100679 ape=0.5401
[21:46:01] warmStart 15% (370/2341) regret=0.100679 ape=0.5401
[21:46:01] warmStart 15% (371/2341) regret=0.100679 ape=0.5401
[21:46:01] warmStart 15% (372/2341) regret=0.100679 ape=0.5401
[21:46:02] warmStart 15% (373/2341) regret=0.100679 ape=0.5401
[21:46:02] warmStart 15% (374/2341) regret=0.100679 ape=0.5401
[21:46:02] warmStart 16% (375/2341) regret=0.100679 ape=0.5401
[21:46:02] warmStart 16% (376/2341) regret=0.100679 ape=0.5401
[21:46:02] warmStart 16% (377/2341) regret=0.100679 ape=0.5401
[21:46:03] warmStart 16% (378/2341) regret=0.100679 ape=0.5401
[21:46:03] warmStart 16% (379/2341) regret=0.100679 ape=0.5401
[21:46:03] warmStart 16% (380/2341) regret=0.100679 ape=0.5401
[21:46:03] warmStart 16% (381/2341) regret=0.100679 ape=0.5401
[21:46:03] warmStart 16% (382/2341) regret=0.100679 ape=0.5401
[21:46:03] warmStart 16% (383/2341) regret=0.100679 ape=0.5401
[21:46:04] warmStart 16% (384/2341) regret=0.100679 ape=0.5401
[21:46:04] warmStart 16% (385/2341) regret=0.100679 ape=0.5401
[21:46:04] warmStart 16% (386/2341) regret=0.100679 ape=0.5401
[21:46:04] warmStart 16% (387/2341) regret=0.100679 ape=0.5401
[21:46:04] warmStart 16% (388/2341) regret=0.100679 ape=0.5401
[21:46:04] warmStart 16% (389/2341) regret=0.100679 ape=0.5401
[21:46:05] warmStart 16% (390/2341) regret=0.100679 ape=0.5401
[21:46:05] warmStart 16% (391/2341) regret=0.100679 ape=0.5401
[21:46:05] warmStart 16% (392/2341) regret=0.100679 ape=0.5401
[21:46:05] warmStart 16% (393/2341) regret=0.100587 ape=0.5401
[21:46:05] warmStart 16% (394/2341) regret=0.100679 ape=0.5401
[21:46:05] warmStart 16% (395/2341) regret=0.100603 ape=0.5392
[21:46:06] warmStart 16% (396/2341) regret=0.100679 ape=0.5401
[21:46:06] warmStart 16% (397/2341) regret=0.100679 ape=0.5401
[21:46:06] warmStart 17% (398/2341) regret=0.100679 ape=0.5401
[21:46:06] warmStart 17% (399/2341) regret=0.100679 ape=0.5401
[21:46:06] warmStart 17% (400/2341) regret=0.100679 ape=0.5401
[21:46:07] warmStart 17% (401/2341) regret=0.100679 ape=0.5401
[21:46:07] warmStart 17% (402/2341) regret=0.100679 ape=0.5401
[21:46:07] warmStart 17% (403/2341) regret=0.100679 ape=0.5401
[21:46:07] warmStart 17% (404/2341) regret=0.100679 ape=0.5401
[21:46:07] warmStart 17% (405/2341) regret=0.100679 ape=0.5401
[21:46:07] warmStart 17% (406/2341) regret=0.100679 ape=0.5401
[21:46:08] warmStart 17% (407/2341) regret=0.100697 ape=0.5410
[21:46:08] warmStart 17% (408/2341) regret=0.100679 ape=0.5401
[21:46:08] warmStart 17% (409/2341) regret=0.100679 ape=0.5401
[21:46:08] warmStart 17% (410/2341) regret=0.100679 ape=0.5401
[21:46:08] warmStart 17% (411/2341) regret=0.100679 ape=0.5401
[21:46:08] warmStart 17% (412/2341) regret=0.100679 ape=0.5401
[21:46:09] warmStart 17% (413/2341) regret=0.100679 ape=0.5401
[21:46:09] warmStart 17% (414/2341) regret=0.100679 ape=0.5401
[21:46:09] warmStart 17% (415/2341) regret=0.100679 ape=0.5401
[21:46:09] warmStart 17% (416/2341) regret=0.100679 ape=0.5401
[21:46:09] warmStart 17% (417/2341) regret=0.100679 ape=0.5401
[21:46:09] warmStart 17% (418/2341) regret=0.100679 ape=0.5401
[21:46:10] warmStart 17% (419/2341) regret=0.100679 ape=0.5401
[21:46:10] warmStart 17% (420/2341) regret=0.100679 ape=0.5401
[21:46:10] warmStart 17% (421/2341) regret=0.100679 ape=0.5401
[21:46:10] warmStart 18% (422/2341) regret=0.100679 ape=0.5401
[21:46:10] warmStart 18% (423/2341) regret=0.100679 ape=0.5401
[21:46:11] warmStart 18% (424/2341) regret=0.100679 ape=0.5401
[21:46:11] warmStart 18% (425/2341) regret=0.100679 ape=0.5401
[21:46:11] warmStart 18% (426/2341) regret=0.100679 ape=0.5401
[21:46:11] warmStart 18% (427/2341) regret=0.100679 ape=0.5401
[21:46:11] warmStart 18% (428/2341) regret=0.100679 ape=0.5401
[21:46:11] warmStart 18% (429/2341) regret=0.100603 ape=0.5392
[21:46:12] warmStart 18% (430/2341) regret=0.100603 ape=0.5392
[21:46:12] warmStart 18% (431/2341) regret=0.100603 ape=0.5392
[21:46:12] warmStart 18% (432/2341) regret=0.100603 ape=0.5392
[21:46:12] warmStart 18% (433/2341) regret=0.100603 ape=0.5392
[21:46:12] warmStart 18% (434/2341) regret=0.100510 ape=0.5392
[21:46:12] warmStart 18% (435/2341) regret=0.100603 ape=0.5392
[21:46:13] warmStart 18% (436/2341) regret=0.100603 ape=0.5392
[21:46:13] warmStart 18% (437/2341) regret=0.100603 ape=0.5392
[21:46:13] warmStart 18% (438/2341) regret=0.100603 ape=0.5392
[21:46:13] warmStart 18% (439/2341) regret=0.100603 ape=0.5392
[21:46:13] warmStart 18% (440/2341) regret=0.100603 ape=0.5392
[21:46:14] warmStart 18% (441/2341) regret=0.100603 ape=0.5392
[21:46:14] warmStart 18% (442/2341) regret=0.100510 ape=0.5392
[21:46:14] warmStart 18% (443/2341) regret=0.100603 ape=0.5392
[21:46:14] warmStart 18% (444/2341) regret=0.100603 ape=0.5392
[21:46:14] warmStart 19% (445/2341) regret=0.100603 ape=0.5392
[21:46:14] warmStart 19% (446/2341) regret=0.100603 ape=0.5392
[21:46:15] warmStart 19% (447/2341) regret=0.100603 ape=0.5392
[21:46:15] warmStart 19% (448/2341) regret=0.100603 ape=0.5392
[21:46:15] warmStart 19% (449/2341) regret=0.100603 ape=0.5392
[21:46:15] warmStart 19% (450/2341) regret=0.100603 ape=0.5392
[21:46:15] warmStart 19% (451/2341) regret=0.100603 ape=0.5392
[21:46:15] warmStart 19% (452/2341) regret=0.100603 ape=0.5392
[21:46:16] warmStart 19% (453/2341) regret=0.100603 ape=0.5392
[21:46:16] warmStart 19% (454/2341) regret=0.100603 ape=0.5392
[21:46:16] warmStart 19% (455/2341) regret=0.100603 ape=0.5392
[21:46:16] warmStart 19% (456/2341) regret=0.100603 ape=0.5392
[21:46:16] warmStart 19% (457/2341) regret=0.100603 ape=0.5392
[21:46:17] warmStart 19% (458/2341) regret=0.100603 ape=0.5392
[21:46:17] warmStart 19% (459/2341) regret=0.100603 ape=0.5392
[21:46:17] warmStart 19% (460/2341) regret=0.100603 ape=0.5392
[21:46:17] warmStart 19% (461/2341) regret=0.100603 ape=0.5392
[21:46:17] warmStart 19% (462/2341) regret=0.100603 ape=0.5392
[21:46:17] warmStart 19% (463/2341) regret=0.100603 ape=0.5392
[21:46:18] warmStart 19% (464/2341) regret=0.100603 ape=0.5392
[21:46:18] warmStart 19% (465/2341) regret=0.100603 ape=0.5392
[21:46:18] warmStart 19% (466/2341) regret=0.100603 ape=0.5392
[21:46:18] warmStart 19% (467/2341) regret=0.100603 ape=0.5392
[21:46:18] warmStart 19% (468/2341) regret=0.100603 ape=0.5392
[21:46:18] warmStart 20% (469/2341) regret=0.100603 ape=0.5392
[21:46:19] warmStart 20% (470/2341) regret=0.100603 ape=0.5392
[21:46:19] warmStart 20% (471/2341) regret=0.100603 ape=0.5392
[21:46:19] warmStart 20% (472/2341) regret=0.100630 ape=0.5392
[21:46:19] warmStart 20% (473/2341) regret=0.100603 ape=0.5392
[21:46:19] warmStart 20% (474/2341) regret=0.100603 ape=0.5392
[21:46:20] warmStart 20% (475/2341) regret=0.100603 ape=0.5392
[21:46:20] warmStart 20% (476/2341) regret=0.100603 ape=0.5392
[21:46:20] warmStart 20% (477/2341) regret=0.100603 ape=0.5392
[21:46:20] warmStart 20% (478/2341) regret=0.100603 ape=0.5392
[21:46:20] warmStart 20% (479/2341) regret=0.100603 ape=0.5392
[21:46:20] warmStart 20% (480/2341) regret=0.100583 ape=0.5382
[21:46:21] warmStart 20% (481/2341) regret=0.100603 ape=0.5392
[21:46:21] warmStart 20% (482/2341) regret=0.100603 ape=0.5392
[21:46:21] warmStart 20% (483/2341) regret=0.100603 ape=0.5392
[21:46:21] warmStart 20% (484/2341) regret=0.100603 ape=0.5392
[21:46:21] warmStart 20% (485/2341) regret=0.100603 ape=0.5392
[21:46:21] warmStart 20% (486/2341) regret=0.100603 ape=0.5392
[21:46:22] warmStart 20% (487/2341) regret=0.100603 ape=0.5392
[21:46:22] warmStart 20% (488/2341) regret=0.100603 ape=0.5392
[21:46:22] warmStart 20% (489/2341) regret=0.100603 ape=0.5392
[21:46:22] warmStart 20% (490/2341) regret=0.100603 ape=0.5392
[21:46:22] warmStart 20% (491/2341) regret=0.100603 ape=0.5392
[21:46:23] warmStart 21% (492/2341) regret=0.100603 ape=0.5392
[21:46:23] warmStart 21% (493/2341) regret=0.100603 ape=0.5392
[21:46:23] warmStart 21% (494/2341) regret=0.100603 ape=0.5392
[21:46:23] warmStart 21% (495/2341) regret=0.100603 ape=0.5392
[21:46:23] warmStart 21% (496/2341) regret=0.100603 ape=0.5392
[21:46:23] warmStart 21% (497/2341) regret=0.100510 ape=0.5392
[21:46:24] warmStart 21% (498/2341) regret=0.100603 ape=0.5392
[21:46:24] warmStart 21% (499/2341) regret=0.100603 ape=0.5392
[21:46:24] warmStart 21% (500/2341) regret=0.100603 ape=0.5392
[21:46:24] warmStart 21% (501/2341) regret=0.100603 ape=0.5392
[21:46:24] warmStart 21% (502/2341) regret=0.100603 ape=0.5392
[21:46:24] warmStart 21% (503/2341) regret=0.100603 ape=0.5392
[21:46:25] warmStart 21% (504/2341) regret=0.100603 ape=0.5392
[21:46:25] warmStart 21% (505/2341) regret=0.100603 ape=0.5392
[21:46:25] warmStart 21% (506/2341) regret=0.100603 ape=0.5392
[21:46:25] warmStart 21% (507/2341) regret=0.100603 ape=0.5392
[21:46:25] warmStart 21% (508/2341) regret=0.100211 ape=0.5382
[21:46:26] warmStart 21% (509/2341) regret=0.100211 ape=0.5382
[21:46:26] warmStart 21% (510/2341) regret=0.100211 ape=0.5382
[21:46:26] warmStart 21% (511/2341) regret=0.100211 ape=0.5382
[21:46:26] warmStart 21% (512/2341) regret=0.100211 ape=0.5382
[21:46:26] warmStart 21% (513/2341) regret=0.100211 ape=0.5382
[21:46:26] warmStart 21% (514/2341) regret=0.100211 ape=0.5382
[21:46:27] warmStart 21% (515/2341) regret=0.100211 ape=0.5382
[21:46:27] warmStart 22% (516/2341) regret=0.100119 ape=0.5382
[21:46:27] warmStart 22% (517/2341) regret=0.100211 ape=0.5382
[21:46:27] warmStart 22% (518/2341) regret=0.100211 ape=0.5382
[21:46:27] warmStart 22% (519/2341) regret=0.100211 ape=0.5382
[21:46:27] warmStart 22% (520/2341) regret=0.100211 ape=0.5382
[21:46:28] warmStart 22% (521/2341) regret=0.100211 ape=0.5382
[21:46:28] warmStart 22% (522/2341) regret=0.100211 ape=0.5382
[21:46:28] warmStart 22% (523/2341) regret=0.100211 ape=0.5382
[21:46:28] warmStart 22% (524/2341) regret=0.100211 ape=0.5382
[21:46:28] warmStart 22% (525/2341) regret=0.100211 ape=0.5382
[21:46:29] warmStart 22% (526/2341) regret=0.100211 ape=0.5382
[21:46:29] warmStart 22% (527/2341) regret=0.100211 ape=0.5382
[21:46:29] warmStart 22% (528/2341) regret=0.100211 ape=0.5382
[21:46:29] warmStart 22% (529/2341) regret=0.100211 ape=0.5382
[21:46:29] warmStart 22% (530/2341) regret=0.100211 ape=0.5382
[21:46:29] warmStart 22% (531/2341) regret=0.100211 ape=0.5382
[21:46:30] warmStart 22% (532/2341) regret=0.100211 ape=0.5382
[21:46:30] warmStart 22% (533/2341) regret=0.100211 ape=0.5382
[21:46:30] warmStart 22% (534/2341) regret=0.100211 ape=0.5382
[21:46:30] warmStart 22% (535/2341) regret=0.100211 ape=0.5382
[21:46:30] warmStart 22% (536/2341) regret=0.100211 ape=0.5382
[21:46:30] warmStart 22% (537/2341) regret=0.100211 ape=0.5382
[21:46:31] warmStart 22% (538/2341) regret=0.100211 ape=0.5382
[21:46:31] warmStart 23% (539/2341) regret=0.100211 ape=0.5382
[21:46:31] warmStart 23% (540/2341) regret=0.100211 ape=0.5382
[21:46:31] warmStart 23% (541/2341) regret=0.100211 ape=0.5382
[21:46:31] warmStart 23% (542/2341) regret=0.100211 ape=0.5382
[21:46:32] warmStart 23% (543/2341) regret=0.100211 ape=0.5382
[21:46:32] warmStart 23% (544/2341) regret=0.100211 ape=0.5382
[21:46:32] warmStart 23% (545/2341) regret=0.100211 ape=0.5382
[21:46:32] warmStart 23% (546/2341) regret=0.100211 ape=0.5382
[21:46:32] warmStart 23% (547/2341) regret=0.100211 ape=0.5382
[21:46:32] warmStart 23% (548/2341) regret=0.100211 ape=0.5382
[21:46:33] warmStart 23% (549/2341) regret=0.100211 ape=0.5382
[21:46:33] warmStart 23% (550/2341) regret=0.100211 ape=0.5382
[21:46:33] warmStart 23% (551/2341) regret=0.100211 ape=0.5382
[21:46:33] warmStart 23% (552/2341) regret=0.100211 ape=0.5382
[21:46:33] warmStart 23% (553/2341) regret=0.100211 ape=0.5382
[21:46:33] warmStart 23% (554/2341) regret=0.100211 ape=0.5382
[21:46:34] warmStart 23% (555/2341) regret=0.100211 ape=0.5382
[21:46:34] warmStart 23% (556/2341) regret=0.100211 ape=0.5382
[21:46:34] warmStart 23% (557/2341) regret=0.100211 ape=0.5382
[21:46:34] warmStart 23% (558/2341) regret=0.100211 ape=0.5382
[21:46:34] warmStart 23% (559/2341) regret=0.100211 ape=0.5382
[21:46:34] warmStart 23% (560/2341) regret=0.100211 ape=0.5382
[21:46:35] warmStart 23% (561/2341) regret=0.100211 ape=0.5382
[21:46:35] warmStart 24% (562/2341) regret=0.100211 ape=0.5382
[21:46:35] warmStart 24% (563/2341) regret=0.100211 ape=0.5382
[21:46:35] warmStart 24% (564/2341) regret=0.100211 ape=0.5382
[21:46:35] warmStart 24% (565/2341) regret=0.100211 ape=0.5382
[21:46:36] warmStart 24% (566/2341) regret=0.100211 ape=0.5382
[21:46:36] warmStart 24% (567/2341) regret=0.100211 ape=0.5382
[21:46:36] warmStart 24% (568/2341) regret=0.100211 ape=0.5382
[21:46:36] warmStart 24% (569/2341) regret=0.100211 ape=0.5382
[21:46:36] warmStart 24% (570/2341) regret=0.100211 ape=0.5382
[21:46:36] warmStart 24% (571/2341) regret=0.100211 ape=0.5382
[21:46:37] warmStart 24% (572/2341) regret=0.100211 ape=0.5382
[21:46:37] warmStart 24% (573/2341) regret=0.100211 ape=0.5382
[21:46:37] warmStart 24% (574/2341) regret=0.100211 ape=0.5382
[21:46:37] warmStart 24% (575/2341) regret=0.100211 ape=0.5382
[21:46:37] warmStart 24% (576/2341) regret=0.100211 ape=0.5382
[21:46:37] warmStart 24% (577/2341) regret=0.100211 ape=0.5382
[21:46:38] warmStart 24% (578/2341) regret=0.100211 ape=0.5382
[21:46:38] warmStart 24% (579/2341) regret=0.100211 ape=0.5382
[21:46:38] warmStart 24% (580/2341) regret=0.100211 ape=0.5382
[21:46:38] warmStart 24% (581/2341) regret=0.100211 ape=0.5382
[21:46:38] warmStart 24% (582/2341) regret=0.100211 ape=0.5382
[21:46:39] warmStart 24% (583/2341) regret=0.100211 ape=0.5382
[21:46:39] warmStart 24% (584/2341) regret=0.100211 ape=0.5382
[21:46:39] warmStart 24% (585/2341) regret=0.100211 ape=0.5382
[21:46:39] warmStart 25% (586/2341) regret=0.100211 ape=0.5382
[21:46:39] warmStart 25% (587/2341) regret=0.100211 ape=0.5382
[21:46:39] warmStart 25% (588/2341) regret=0.100211 ape=0.5382
[21:46:40] warmStart 25% (589/2341) regret=0.100211 ape=0.5382
[21:46:40] warmStart 25% (590/2341) regret=0.100211 ape=0.5382
[21:46:40] warmStart 25% (591/2341) regret=0.100211 ape=0.5382
[21:46:40] warmStart 25% (592/2341) regret=0.100211 ape=0.5382
[21:46:40] warmStart 25% (593/2341) regret=0.100211 ape=0.5382
[21:46:40] warmStart 25% (594/2341) regret=0.100211 ape=0.5382
[21:46:41] warmStart 25% (595/2341) regret=0.100211 ape=0.5382
[21:46:41] warmStart 25% (596/2341) regret=0.100211 ape=0.5382
[21:46:41] warmStart 25% (597/2341) regret=0.100211 ape=0.5382
[21:46:41] warmStart 25% (598/2341) regret=0.100211 ape=0.5382
[21:46:41] warmStart 25% (599/2341) regret=0.100211 ape=0.5382
[21:46:41] warmStart 25% (600/2341) regret=0.100211 ape=0.5382
[21:46:42] warmStart 25% (601/2341) regret=0.100211 ape=0.5382
[21:46:42] warmStart 25% (602/2341) regret=0.100211 ape=0.5382
[21:46:42] warmStart 25% (603/2341) regret=0.100211 ape=0.5382
[21:46:42] warmStart 25% (604/2341) regret=0.100211 ape=0.5382
[21:46:42] warmStart 25% (605/2341) regret=0.100211 ape=0.5382
[21:46:43] warmStart 25% (606/2341) regret=0.100211 ape=0.5382
[21:46:43] warmStart 25% (607/2341) regret=0.100211 ape=0.5382
[21:46:43] warmStart 25% (608/2341) regret=0.100211 ape=0.5382
[21:46:43] warmStart 26% (609/2341) regret=0.100211 ape=0.5382
[21:46:43] warmStart 26% (610/2341) regret=0.100186 ape=0.5373
[21:46:43] warmStart 26% (611/2341) regret=0.100211 ape=0.5382
[21:46:44] warmStart 26% (612/2341) regret=0.100211 ape=0.5382
[21:46:44] warmStart 26% (613/2341) regret=0.100211 ape=0.5382
[21:46:44] warmStart 26% (614/2341) regret=0.100211 ape=0.5382
[21:46:44] warmStart 26% (615/2341) regret=0.100211 ape=0.5382
[21:46:44] warmStart 26% (616/2341) regret=0.100211 ape=0.5382
[21:46:44] warmStart 26% (617/2341) regret=0.100211 ape=0.5382
[21:46:45] warmStart 26% (618/2341) regret=0.100211 ape=0.5382
[21:46:45] warmStart 26% (619/2341) regret=0.100211 ape=0.5382
[21:46:45] warmStart 26% (620/2341) regret=0.100211 ape=0.5382
[21:46:45] warmStart 26% (621/2341) regret=0.100211 ape=0.5382
[21:46:45] warmStart 26% (622/2341) regret=0.100211 ape=0.5382
[21:46:46] warmStart 26% (623/2341) regret=0.100211 ape=0.5382
[21:46:46] warmStart 26% (624/2341) regret=0.100211 ape=0.5382
[21:46:46] warmStart 26% (625/2341) regret=0.100211 ape=0.5382
[21:46:46] warmStart 26% (626/2341) regret=0.100211 ape=0.5382
[21:46:46] warmStart 26% (627/2341) regret=0.100211 ape=0.5382
[21:46:46] warmStart 26% (628/2341) regret=0.100211 ape=0.5382
[21:46:47] warmStart 26% (629/2341) regret=0.100211 ape=0.5382
[21:46:47] warmStart 26% (630/2341) regret=0.100423 ape=0.5382
[21:46:47] warmStart 26% (631/2341) regret=0.100211 ape=0.5382
[21:46:47] warmStart 26% (632/2341) regret=0.100211 ape=0.5382
[21:46:47] warmStart 27% (633/2341) regret=0.100211 ape=0.5382
[21:46:47] warmStart 27% (634/2341) regret=0.100211 ape=0.5382
[21:46:48] warmStart 27% (635/2341) regret=0.100186 ape=0.5373
[21:46:48] warmStart 27% (636/2341) regret=0.100211 ape=0.5382
[21:46:48] warmStart 27% (637/2341) regret=0.100229 ape=0.5392
[21:46:48] warmStart 27% (638/2341) regret=0.100211 ape=0.5382
[21:46:48] warmStart 27% (639/2341) regret=0.100211 ape=0.5382
[21:46:48] warmStart 27% (640/2341) regret=0.100211 ape=0.5382
[21:46:49] warmStart 27% (641/2341) regret=0.100211 ape=0.5382
[21:46:49] warmStart 27% (642/2341) regret=0.100211 ape=0.5382
[21:46:49] warmStart 27% (643/2341) regret=0.100211 ape=0.5382
[21:46:49] warmStart 27% (644/2341) regret=0.100211 ape=0.5382
[21:46:49] warmStart 27% (645/2341) regret=0.100211 ape=0.5382
[21:46:50] warmStart 27% (646/2341) regret=0.100211 ape=0.5382
[21:46:50] warmStart 27% (647/2341) regret=0.100211 ape=0.5382
[21:46:50] warmStart 27% (648/2341) regret=0.100211 ape=0.5382
[21:46:50] warmStart 27% (649/2341) regret=0.100211 ape=0.5382
[21:46:50] warmStart 27% (650/2341) regret=0.100211 ape=0.5382
[21:46:50] warmStart 27% (651/2341) regret=0.100211 ape=0.5382
[21:46:51] warmStart 27% (652/2341) regret=0.100211 ape=0.5382
[21:46:51] warmStart 27% (653/2341) regret=0.100211 ape=0.5382
[21:46:51] warmStart 27% (654/2341) regret=0.100211 ape=0.5382
[21:46:51] warmStart 27% (655/2341) regret=0.100211 ape=0.5382
[21:46:51] warmStart 28% (656/2341) regret=0.100211 ape=0.5382
[21:46:51] warmStart 28% (657/2341) regret=0.100211 ape=0.5382
[21:46:52] warmStart 28% (658/2341) regret=0.100211 ape=0.5382
[21:46:52] warmStart 28% (659/2341) regret=0.100211 ape=0.5382
[21:46:52] warmStart 28% (660/2341) regret=0.100211 ape=0.5382
[21:46:52] warmStart 28% (661/2341) regret=0.100209 ape=0.5382
[21:46:52] warmStart 28% (662/2341) regret=0.100211 ape=0.5382
[21:46:53] warmStart 28% (663/2341) regret=0.100211 ape=0.5382
[21:46:53] warmStart 28% (664/2341) regret=0.100211 ape=0.5382
[21:46:53] warmStart 28% (665/2341) regret=0.100211 ape=0.5382
[21:46:53] warmStart 28% (666/2341) regret=0.100119 ape=0.5382
[21:46:53] warmStart 28% (667/2341) regret=0.100211 ape=0.5382
[21:46:53] warmStart 28% (668/2341) regret=0.100211 ape=0.5382
[21:46:54] warmStart 28% (669/2341) regret=0.100211 ape=0.5382
[21:46:54] warmStart 28% (670/2341) regret=0.100211 ape=0.5382
[21:46:54] warmStart 28% (671/2341) regret=0.100211 ape=0.5382
[21:46:54] warmStart 28% (672/2341) regret=0.100287 ape=0.5392
[21:46:54] warmStart 28% (673/2341) regret=0.100211 ape=0.5382
[21:46:54] warmStart 28% (674/2341) regret=0.100211 ape=0.5382
[21:46:55] warmStart 28% (675/2341) regret=0.100211 ape=0.5382
[21:46:55] warmStart 28% (676/2341) regret=0.100211 ape=0.5382
[21:46:55] warmStart 28% (677/2341) regret=0.100119 ape=0.5382
[21:46:55] warmStart 28% (678/2341) regret=0.100211 ape=0.5382
[21:46:55] warmStart 29% (679/2341) regret=0.100211 ape=0.5382
[21:46:56] warmStart 29% (680/2341) regret=0.100211 ape=0.5382
[21:46:56] warmStart 29% (681/2341) regret=0.100211 ape=0.5382
[21:46:56] warmStart 29% (682/2341) regret=0.100211 ape=0.5382
[21:46:56] warmStart 29% (683/2341) regret=0.100211 ape=0.5382
[21:46:56] warmStart 29% (684/2341) regret=0.100211 ape=0.5382
[21:46:56] warmStart 29% (685/2341) regret=0.100211 ape=0.5382
[21:46:57] warmStart 29% (686/2341) regret=0.100211 ape=0.5382
[21:46:57] warmStart 29% (687/2341) regret=0.100211 ape=0.5382
[21:46:57] warmStart 29% (688/2341) regret=0.100211 ape=0.5382
[21:46:57] warmStart 29% (689/2341) regret=0.100211 ape=0.5382
[21:46:57] warmStart 29% (690/2341) regret=0.100211 ape=0.5382
[21:46:57] warmStart 29% (691/2341) regret=0.100211 ape=0.5382
[21:46:58] warmStart 29% (692/2341) regret=0.100211 ape=0.5382
[21:46:58] warmStart 29% (693/2341) regret=0.100211 ape=0.5382
[21:46:58] warmStart 29% (694/2341) regret=0.100211 ape=0.5382
[21:46:58] warmStart 29% (695/2341) regret=0.100211 ape=0.5382
[21:46:58] warmStart 29% (696/2341) regret=0.100211 ape=0.5382
[21:46:58] warmStart 29% (697/2341) regret=0.100211 ape=0.5382
[21:46:59] warmStart 29% (698/2341) regret=0.100211 ape=0.5382
[21:46:59] warmStart 29% (699/2341) regret=0.100211 ape=0.5382
[21:46:59] warmStart 29% (700/2341) regret=0.100211 ape=0.5382
[21:46:59] warmStart 29% (701/2341) regret=0.100211 ape=0.5382
[21:46:59] warmStart 29% (702/2341) regret=0.100211 ape=0.5382
[21:47:00] warmStart 30% (703/2341) regret=0.100211 ape=0.5382
[21:47:00] warmStart 30% (704/2341) regret=0.100165 ape=0.5382
[21:47:00] warmStart 30% (705/2341) regret=0.100211 ape=0.5382
[21:47:00] warmStart 30% (706/2341) regret=0.100211 ape=0.5382
[21:47:00] warmStart 30% (707/2341) regret=0.100211 ape=0.5382
[21:47:00] warmStart 30% (708/2341) regret=0.100156 ape=0.5373
[21:47:01] warmStart 30% (709/2341) regret=0.100156 ape=0.5373
[21:47:01] warmStart 30% (710/2341) regret=0.100156 ape=0.5373
[21:47:01] warmStart 30% (711/2341) regret=0.100211 ape=0.5382
[21:47:01] warmStart 30% (712/2341) regret=0.100211 ape=0.5382
[21:47:01] warmStart 30% (713/2341) regret=0.100211 ape=0.5382
[21:47:02] warmStart 30% (714/2341) regret=0.100211 ape=0.5382
[21:47:02] warmStart 30% (715/2341) regret=0.100211 ape=0.5382
[21:47:02] warmStart 30% (716/2341) regret=0.100211 ape=0.5382
[21:47:02] warmStart 30% (717/2341) regret=0.100211 ape=0.5382
[21:47:02] warmStart 30% (718/2341) regret=0.100211 ape=0.5382
[21:47:02] warmStart 30% (719/2341) regret=0.100211 ape=0.5382
[21:47:03] warmStart 30% (720/2341) regret=0.100211 ape=0.5382
[21:47:03] warmStart 30% (721/2341) regret=0.100211 ape=0.5382
[21:47:03] warmStart 30% (722/2341) regret=0.100211 ape=0.5382
[21:47:03] warmStart 30% (723/2341) regret=0.100211 ape=0.5382
[21:47:03] warmStart 30% (724/2341) regret=0.100211 ape=0.5382
[21:47:03] warmStart 30% (725/2341) regret=0.100211 ape=0.5382
[21:47:04] warmStart 31% (726/2341) regret=0.100211 ape=0.5382
[21:47:04] warmStart 31% (727/2341) regret=0.100211 ape=0.5382
[21:47:04] warmStart 31% (728/2341) regret=0.100211 ape=0.5382
[21:47:04] warmStart 31% (729/2341) regret=0.100211 ape=0.5382
[21:47:04] warmStart 31% (730/2341) regret=0.100211 ape=0.5382
[21:47:04] warmStart 31% (731/2341) regret=0.100211 ape=0.5382
[21:47:05] warmStart 31% (732/2341) regret=0.100165 ape=0.5382
[21:47:05] warmStart 31% (733/2341) regret=0.100165 ape=0.5382
[21:47:05] warmStart 31% (734/2341) regret=0.100165 ape=0.5382
[21:47:05] warmStart 31% (735/2341) regret=0.100165 ape=0.5382
[21:47:05] warmStart 31% (736/2341) regret=0.100165 ape=0.5382
[21:47:06] warmStart 31% (737/2341) regret=0.100165 ape=0.5382
[21:47:06] warmStart 31% (738/2341) regret=0.100165 ape=0.5382
[21:47:06] warmStart 31% (739/2341) regret=0.100165 ape=0.5382
[21:47:06] warmStart 31% (740/2341) regret=0.100165 ape=0.5382
[21:47:06] warmStart 31% (741/2341) regret=0.100165 ape=0.5382
[21:47:06] warmStart 31% (742/2341) regret=0.100165 ape=0.5382
[21:47:07] warmStart 31% (743/2341) regret=0.100165 ape=0.5382
[21:47:07] warmStart 31% (744/2341) regret=0.100165 ape=0.5382
[21:47:07] warmStart 31% (745/2341) regret=0.100165 ape=0.5382
[21:47:07] warmStart 31% (746/2341) regret=0.100165 ape=0.5382
[21:47:07] warmStart 31% (747/2341) regret=0.100165 ape=0.5382
[21:47:07] warmStart 31% (748/2341) regret=0.100165 ape=0.5382
[21:47:08] warmStart 31% (749/2341) regret=0.100193 ape=0.5382
[21:47:08] warmStart 32% (750/2341) regret=0.100165 ape=0.5382
[21:47:08] warmStart 32% (751/2341) regret=0.100165 ape=0.5382
[21:47:08] warmStart 32% (752/2341) regret=0.100165 ape=0.5382
[21:47:08] warmStart 32% (753/2341) regret=0.100165 ape=0.5382
[21:47:09] warmStart 32% (754/2341) regret=0.100165 ape=0.5382
[21:47:09] warmStart 32% (755/2341) regret=0.100165 ape=0.5382
[21:47:09] warmStart 32% (756/2341) regret=0.100165 ape=0.5382
[21:47:09] warmStart 32% (757/2341) regret=0.100165 ape=0.5382
[21:47:09] warmStart 32% (758/2341) regret=0.100165 ape=0.5382
[21:47:09] warmStart 32% (759/2341) regret=0.100031 ape=0.5373
[21:47:10] warmStart 32% (760/2341) regret=0.100031 ape=0.5373
[21:47:10] warmStart 32% (761/2341) regret=0.100031 ape=0.5373
[21:47:10] warmStart 32% (762/2341) regret=0.100031 ape=0.5373
[21:47:10] warmStart 32% (763/2341) regret=0.100031 ape=0.5373
[21:47:10] warmStart 32% (764/2341) regret=0.100031 ape=0.5373
[21:47:10] warmStart 32% (765/2341) regret=0.100031 ape=0.5373
[21:47:11] warmStart 32% (766/2341) regret=0.100031 ape=0.5373
[21:47:11] warmStart 32% (767/2341) regret=0.100031 ape=0.5373
[21:47:11] warmStart 32% (768/2341) regret=0.100031 ape=0.5373
[21:47:11] warmStart 32% (769/2341) regret=0.100031 ape=0.5373
[21:47:11] warmStart 32% (770/2341) regret=0.100027 ape=0.5373
[21:47:11] warmStart 32% (771/2341) regret=0.100031 ape=0.5373
[21:47:12] warmStart 32% (772/2341) regret=0.100031 ape=0.5373
[21:47:12] warmStart 33% (773/2341) regret=0.100031 ape=0.5373
[21:47:12] warmStart 33% (774/2341) regret=0.100031 ape=0.5373
[21:47:12] warmStart 33% (775/2341) regret=0.100031 ape=0.5373
[21:47:12] warmStart 33% (776/2341) regret=0.100031 ape=0.5373
[21:47:13] warmStart 33% (777/2341) regret=0.100031 ape=0.5373
[21:47:13] warmStart 33% (778/2341) regret=0.100031 ape=0.5373
[21:47:13] warmStart 33% (779/2341) regret=0.100031 ape=0.5373
[21:47:13] warmStart 33% (780/2341) regret=0.100031 ape=0.5373
[21:47:13] warmStart 33% (781/2341) regret=0.100031 ape=0.5373
[21:47:13] warmStart 33% (782/2341) regret=0.100031 ape=0.5373
[21:47:14] warmStart 33% (783/2341) regret=0.099704 ape=0.5373
[21:47:14] warmStart 33% (784/2341) regret=0.100031 ape=0.5373
[21:47:14] warmStart 33% (785/2341) regret=0.099704 ape=0.5373
[21:47:14] warmStart 33% (786/2341) regret=0.099704 ape=0.5373
[21:47:14] warmStart 33% (787/2341) regret=0.099704 ape=0.5373
[21:47:14] warmStart 33% (788/2341) regret=0.099704 ape=0.5373
[21:47:15] warmStart 33% (789/2341) regret=0.099704 ape=0.5373
[21:47:15] warmStart 33% (790/2341) regret=0.099704 ape=0.5373
[21:47:15] warmStart 33% (791/2341) regret=0.099704 ape=0.5373
[21:47:15] warmStart 33% (792/2341) regret=0.099704 ape=0.5373
[21:47:15] warmStart 33% (793/2341) regret=0.099704 ape=0.5373
[21:47:15] warmStart 33% (794/2341) regret=0.099704 ape=0.5373
[21:47:16] warmStart 33% (795/2341) regret=0.099704 ape=0.5373
[21:47:16] warmStart 34% (796/2341) regret=0.099679 ape=0.5364
[21:47:16] warmStart 34% (797/2341) regret=0.099704 ape=0.5373
[21:47:16] warmStart 34% (798/2341) regret=0.099704 ape=0.5373
[21:47:16] warmStart 34% (799/2341) regret=0.099704 ape=0.5373
[21:47:17] warmStart 34% (800/2341) regret=0.099704 ape=0.5373
[21:47:17] warmStart 34% (801/2341) regret=0.099704 ape=0.5373
[21:47:17] warmStart 34% (802/2341) regret=0.099704 ape=0.5373
[21:47:17] warmStart 34% (803/2341) regret=0.099704 ape=0.5373
[21:47:17] warmStart 34% (804/2341) regret=0.099704 ape=0.5373
[21:47:17] warmStart 34% (805/2341) regret=0.099704 ape=0.5373
[21:47:18] warmStart 34% (806/2341) regret=0.099704 ape=0.5373
[21:47:18] warmStart 34% (807/2341) regret=0.099704 ape=0.5373
[21:47:18] warmStart 34% (808/2341) regret=0.099704 ape=0.5373
[21:47:18] warmStart 34% (809/2341) regret=0.099704 ape=0.5373
[21:47:18] warmStart 34% (810/2341) regret=0.099704 ape=0.5373
[21:47:18] warmStart 34% (811/2341) regret=0.099704 ape=0.5373
[21:47:19] warmStart 34% (812/2341) regret=0.099704 ape=0.5373
[21:47:19] warmStart 34% (813/2341) regret=0.099704 ape=0.5373
[21:47:19] warmStart 34% (814/2341) regret=0.099704 ape=0.5373
[21:47:19] warmStart 34% (815/2341) regret=0.099110 ape=0.5364
[21:47:19] warmStart 34% (816/2341) regret=0.099110 ape=0.5364
[21:47:20] warmStart 34% (817/2341) regret=0.099110 ape=0.5364
[21:47:20] warmStart 34% (818/2341) regret=0.099110 ape=0.5364
[21:47:20] warmStart 34% (819/2341) regret=0.099110 ape=0.5364
[21:47:20] warmStart 35% (820/2341) regret=0.099110 ape=0.5364
[21:47:20] warmStart 35% (821/2341) regret=0.099110 ape=0.5364
[21:47:20] warmStart 35% (822/2341) regret=0.099110 ape=0.5364
[21:47:21] warmStart 35% (823/2341) regret=0.099110 ape=0.5364
[21:47:21] warmStart 35% (824/2341) regret=0.099110 ape=0.5364
[21:47:21] warmStart 35% (825/2341) regret=0.099110 ape=0.5364
[21:47:21] warmStart 35% (826/2341) regret=0.099110 ape=0.5364
[21:47:21] warmStart 35% (827/2341) regret=0.099110 ape=0.5364
[21:47:21] warmStart 35% (828/2341) regret=0.099110 ape=0.5364
[21:47:22] warmStart 35% (829/2341) regret=0.099110 ape=0.5364
[21:47:22] warmStart 35% (830/2341) regret=0.099110 ape=0.5364
[21:47:22] warmStart 35% (831/2341) regret=0.099110 ape=0.5364
[21:47:22] warmStart 35% (832/2341) regret=0.099110 ape=0.5364
[21:47:22] warmStart 35% (833/2341) regret=0.099110 ape=0.5364
[21:47:22] warmStart 35% (834/2341) regret=0.099110 ape=0.5364
[21:47:23] warmStart 35% (835/2341) regret=0.099110 ape=0.5364
[21:47:23] warmStart 35% (836/2341) regret=0.099110 ape=0.5364
[21:47:23] warmStart 35% (837/2341) regret=0.099110 ape=0.5364
[21:47:23] warmStart 35% (838/2341) regret=0.099110 ape=0.5364
[21:47:23] warmStart 35% (839/2341) regret=0.099110 ape=0.5364
[21:47:24] warmStart 35% (840/2341) regret=0.099110 ape=0.5364
[21:47:24] warmStart 35% (841/2341) regret=0.099110 ape=0.5364
[21:47:24] warmStart 35% (842/2341) regret=0.099110 ape=0.5364
[21:47:24] warmStart 36% (843/2341) regret=0.099110 ape=0.5364
[21:47:24] warmStart 36% (844/2341) regret=0.099110 ape=0.5364
[21:47:24] warmStart 36% (845/2341) regret=0.099110 ape=0.5364
[21:47:25] warmStart 36% (846/2341) regret=0.099110 ape=0.5364
[21:47:25] warmStart 36% (847/2341) regret=0.099110 ape=0.5364
[21:47:25] warmStart 36% (848/2341) regret=0.098676 ape=0.5355
[21:47:25] warmStart 36% (849/2341) regret=0.098676 ape=0.5355
[21:47:25] warmStart 36% (850/2341) regret=0.098676 ape=0.5355
[21:47:25] warmStart 36% (851/2341) regret=0.098676 ape=0.5355
[21:47:26] warmStart 36% (852/2341) regret=0.098676 ape=0.5355
[21:47:26] warmStart 36% (853/2341) regret=0.098651 ape=0.5346
[21:47:26] warmStart 36% (854/2341) regret=0.098651 ape=0.5346
[21:47:26] warmStart 36% (855/2341) regret=0.098651 ape=0.5346
[21:47:26] warmStart 36% (856/2341) regret=0.098651 ape=0.5346
[21:47:26] warmStart 36% (857/2341) regret=0.098672 ape=0.5355
[21:47:27] warmStart 36% (858/2341) regret=0.098672 ape=0.5355
[21:47:27] warmStart 36% (859/2341) regret=0.098672 ape=0.5355
[21:47:27] warmStart 36% (860/2341) regret=0.098672 ape=0.5355
[21:47:27] warmStart 36% (861/2341) regret=0.098672 ape=0.5355
[21:47:27] warmStart 36% (862/2341) regret=0.098672 ape=0.5355
[21:47:27] warmStart 36% (863/2341) regret=0.098672 ape=0.5355
[21:47:28] warmStart 36% (864/2341) regret=0.098672 ape=0.5355
[21:47:28] warmStart 36% (865/2341) regret=0.098672 ape=0.5355
[21:47:28] warmStart 36% (866/2341) regret=0.098672 ape=0.5355
[21:47:28] warmStart 37% (867/2341) regret=0.098672 ape=0.5355
[21:47:28] warmStart 37% (868/2341) regret=0.098672 ape=0.5355
[21:47:29] warmStart 37% (869/2341) regret=0.098672 ape=0.5355
[21:47:29] warmStart 37% (870/2341) regret=0.098672 ape=0.5355
[21:47:29] warmStart 37% (871/2341) regret=0.098672 ape=0.5355
[21:47:29] warmStart 37% (872/2341) regret=0.098672 ape=0.5355
[21:47:29] warmStart 37% (873/2341) regret=0.098672 ape=0.5355
[21:47:29] warmStart 37% (874/2341) regret=0.098672 ape=0.5355
[21:47:30] warmStart 37% (875/2341) regret=0.098690 ape=0.5364
[21:47:30] warmStart 37% (876/2341) regret=0.098672 ape=0.5355
[21:47:30] warmStart 37% (877/2341) regret=0.098672 ape=0.5355
[21:47:30] warmStart 37% (878/2341) regret=0.098672 ape=0.5355
[21:47:30] warmStart 37% (879/2341) regret=0.098672 ape=0.5355
[21:47:30] warmStart 37% (880/2341) regret=0.098672 ape=0.5355
[21:47:31] warmStart 37% (881/2341) regret=0.098672 ape=0.5355
[21:47:31] warmStart 37% (882/2341) regret=0.098672 ape=0.5355
[21:47:31] warmStart 37% (883/2341) regret=0.098672 ape=0.5355
[21:47:31] warmStart 37% (884/2341) regret=0.098672 ape=0.5355
[21:47:31] warmStart 37% (885/2341) regret=0.098672 ape=0.5355
[21:47:32] warmStart 37% (886/2341) regret=0.098672 ape=0.5355
[21:47:32] warmStart 37% (887/2341) regret=0.098672 ape=0.5355
[21:47:32] warmStart 37% (888/2341) regret=0.098672 ape=0.5355
[21:47:32] warmStart 37% (889/2341) regret=0.098699 ape=0.5355
[21:47:32] warmStart 38% (890/2341) regret=0.098672 ape=0.5355
[21:47:32] warmStart 38% (891/2341) regret=0.098951 ape=0.5355
[21:47:33] warmStart 38% (892/2341) regret=0.098672 ape=0.5355
[21:47:33] warmStart 38% (893/2341) regret=0.098672 ape=0.5355
[21:47:33] warmStart 38% (894/2341) regret=0.098672 ape=0.5355
[21:47:33] warmStart 38% (895/2341) regret=0.098672 ape=0.5355
[21:47:33] warmStart 38% (896/2341) regret=0.098672 ape=0.5355
[21:47:33] warmStart 38% (897/2341) regret=0.098672 ape=0.5355
[21:47:34] warmStart 38% (898/2341) regret=0.098672 ape=0.5355
[21:47:34] warmStart 38% (899/2341) regret=0.098672 ape=0.5355
[21:47:34] warmStart 38% (900/2341) regret=0.098672 ape=0.5355
[21:47:34] warmStart 38% (901/2341) regret=0.098672 ape=0.5355
[21:47:34] warmStart 38% (902/2341) regret=0.098672 ape=0.5355
[21:47:35] warmStart 38% (903/2341) regret=0.098672 ape=0.5355
[21:47:35] warmStart 38% (904/2341) regret=0.098672 ape=0.5355
[21:47:35] warmStart 38% (905/2341) regret=0.098672 ape=0.5355
[21:47:35] warmStart 38% (906/2341) regret=0.098672 ape=0.5355
[21:47:35] warmStart 38% (907/2341) regret=0.098672 ape=0.5355
[21:47:35] warmStart 38% (908/2341) regret=0.098672 ape=0.5355
[21:47:36] warmStart 38% (909/2341) regret=0.098672 ape=0.5355
[21:47:36] warmStart 38% (910/2341) regret=0.098672 ape=0.5355
[21:47:36] warmStart 38% (911/2341) regret=0.098672 ape=0.5355
[21:47:36] warmStart 38% (912/2341) regret=0.098672 ape=0.5355
[21:47:36] warmStart 39% (913/2341) regret=0.098672 ape=0.5355
[21:47:36] warmStart 39% (914/2341) regret=0.098616 ape=0.5346
[21:47:37] warmStart 39% (915/2341) regret=0.098616 ape=0.5346
[21:47:37] warmStart 39% (916/2341) regret=0.098616 ape=0.5346
[21:47:37] warmStart 39% (917/2341) regret=0.098616 ape=0.5346
[21:47:37] warmStart 39% (918/2341) regret=0.098616 ape=0.5346
[21:47:37] warmStart 39% (919/2341) regret=0.098616 ape=0.5346
[21:47:38] warmStart 39% (920/2341) regret=0.098616 ape=0.5346
[21:47:38] warmStart 39% (921/2341) regret=0.098616 ape=0.5346
[21:47:38] warmStart 39% (922/2341) regret=0.098616 ape=0.5346
[21:47:38] warmStart 39% (923/2341) regret=0.098616 ape=0.5346
[21:47:38] warmStart 39% (924/2341) regret=0.098616 ape=0.5346
[21:47:38] warmStart 39% (925/2341) regret=0.098616 ape=0.5346
[21:47:39] warmStart 39% (926/2341) regret=0.098616 ape=0.5346
[21:47:39] warmStart 39% (927/2341) regret=0.098616 ape=0.5346
[21:47:39] warmStart 39% (928/2341) regret=0.098616 ape=0.5346
[21:47:39] warmStart 39% (929/2341) regret=0.098616 ape=0.5346
[21:47:39] warmStart 39% (930/2341) regret=0.098616 ape=0.5346
[21:47:39] warmStart 39% (931/2341) regret=0.098616 ape=0.5346
[21:47:40] warmStart 39% (932/2341) regret=0.098370 ape=0.5336
[21:47:40] warmStart 39% (933/2341) regret=0.098370 ape=0.5336
[21:47:40] warmStart 39% (934/2341) regret=0.098370 ape=0.5336
[21:47:40] warmStart 39% (935/2341) regret=0.098370 ape=0.5336
[21:47:40] warmStart 39% (936/2341) regret=0.098370 ape=0.5336
[21:47:41] warmStart 40% (937/2341) regret=0.098370 ape=0.5336
[21:47:41] warmStart 40% (938/2341) regret=0.098370 ape=0.5336
[21:47:41] warmStart 40% (939/2341) regret=0.098370 ape=0.5336
[21:47:41] warmStart 40% (940/2341) regret=0.098370 ape=0.5336
[21:47:41] warmStart 40% (941/2341) regret=0.098370 ape=0.5336
[21:47:42] warmStart 40% (942/2341) regret=0.098370 ape=0.5336
[21:47:42] warmStart 40% (943/2341) regret=0.098370 ape=0.5336
[21:47:42] warmStart 40% (944/2341) regret=0.098370 ape=0.5336
[21:47:42] warmStart 40% (945/2341) regret=0.098370 ape=0.5336
[21:47:42] warmStart 40% (946/2341) regret=0.098370 ape=0.5336
[21:47:42] warmStart 40% (947/2341) regret=0.098370 ape=0.5336
[21:47:43] warmStart 40% (948/2341) regret=0.098370 ape=0.5336
[21:47:43] warmStart 40% (949/2341) regret=0.098370 ape=0.5336
[21:47:43] warmStart 40% (950/2341) regret=0.098370 ape=0.5336
[21:47:43] warmStart 40% (951/2341) regret=0.098370 ape=0.5336
[21:47:43] warmStart 40% (952/2341) regret=0.098370 ape=0.5336
[21:47:43] warmStart 40% (953/2341) regret=0.098370 ape=0.5336
[21:47:44] warmStart 40% (954/2341) regret=0.098370 ape=0.5336
[21:47:44] warmStart 40% (955/2341) regret=0.098370 ape=0.5336
[21:47:44] warmStart 40% (956/2341) regret=0.098370 ape=0.5336
[21:47:44] warmStart 40% (957/2341) regret=0.098370 ape=0.5336
[21:47:44] warmStart 40% (958/2341) regret=0.098370 ape=0.5336
[21:47:45] warmStart 40% (959/2341) regret=0.098370 ape=0.5336
[21:47:45] warmStart 41% (960/2341) regret=0.098370 ape=0.5336
[21:47:45] warmStart 41% (961/2341) regret=0.098370 ape=0.5336
[21:47:45] warmStart 41% (962/2341) regret=0.098370 ape=0.5336
[21:47:45] warmStart 41% (963/2341) regret=0.098370 ape=0.5336
[21:47:45] warmStart 41% (964/2341) regret=0.098370 ape=0.5336
[21:47:46] warmStart 41% (965/2341) regret=0.098370 ape=0.5336
[21:47:46] warmStart 41% (966/2341) regret=0.098370 ape=0.5336
[21:47:46] warmStart 41% (967/2341) regret=0.098370 ape=0.5336
[21:47:46] warmStart 41% (968/2341) regret=0.098370 ape=0.5336
[21:47:46] warmStart 41% (969/2341) regret=0.098370 ape=0.5336
[21:47:46] warmStart 41% (970/2341) regret=0.098370 ape=0.5336
[21:47:47] warmStart 41% (971/2341) regret=0.098370 ape=0.5336
[21:47:47] warmStart 41% (972/2341) regret=0.098370 ape=0.5336
[21:47:47] warmStart 41% (973/2341) regret=0.098370 ape=0.5336
[21:47:47] warmStart 41% (974/2341) regret=0.098370 ape=0.5336
[21:47:47] warmStart 41% (975/2341) regret=0.098370 ape=0.5336
[21:47:47] warmStart 41% (976/2341) regret=0.098370 ape=0.5336
[21:47:48] warmStart 41% (977/2341) regret=0.098370 ape=0.5336
[21:47:48] warmStart 41% (978/2341) regret=0.098370 ape=0.5336
[21:47:48] warmStart 41% (979/2341) regret=0.098370 ape=0.5336
[21:47:48] warmStart 41% (980/2341) regret=0.098370 ape=0.5336
[21:47:48] warmStart 41% (981/2341) regret=0.098370 ape=0.5336
[21:47:49] warmStart 41% (982/2341) regret=0.098370 ape=0.5336
[21:47:49] warmStart 41% (983/2341) regret=0.098370 ape=0.5336
[21:47:49] warmStart 42% (984/2341) regret=0.098370 ape=0.5336
[21:47:49] warmStart 42% (985/2341) regret=0.098398 ape=0.5336
[21:47:49] warmStart 42% (986/2341) regret=0.098370 ape=0.5336
[21:47:49] warmStart 42% (987/2341) regret=0.098370 ape=0.5336
[21:47:50] warmStart 42% (988/2341) regret=0.098370 ape=0.5336
[21:47:50] warmStart 42% (989/2341) regret=0.098370 ape=0.5336
[21:47:50] warmStart 42% (990/2341) regret=0.098370 ape=0.5336
[21:47:50] warmStart 42% (991/2341) regret=0.098398 ape=0.5336
[21:47:50] warmStart 42% (992/2341) regret=0.098370 ape=0.5336
[21:47:51] warmStart 42% (993/2341) regret=0.098370 ape=0.5336
[21:47:51] warmStart 42% (994/2341) regret=0.098370 ape=0.5336
[21:47:51] warmStart 42% (995/2341) regret=0.098370 ape=0.5336
[21:47:51] warmStart 42% (996/2341) regret=0.098370 ape=0.5336
[21:47:51] warmStart 42% (997/2341) regret=0.098370 ape=0.5336
[21:47:51] warmStart 42% (998/2341) regret=0.098370 ape=0.5336
[21:47:52] warmStart 42% (999/2341) regret=0.098370 ape=0.5336
[21:47:52] warmStart 42% (1000/2341) regret=0.098370 ape=0.5336
[21:47:52] warmStart 42% (1001/2341) regret=0.098370 ape=0.5336
[21:47:52] warmStart 42% (1002/2341) regret=0.098370 ape=0.5336
[21:47:52] warmStart 42% (1003/2341) regret=0.098370 ape=0.5336
[21:47:52] warmStart 42% (1004/2341) regret=0.098370 ape=0.5336
[21:47:53] warmStart 42% (1005/2341) regret=0.098370 ape=0.5336
[21:47:53] warmStart 42% (1006/2341) regret=0.098370 ape=0.5336
[21:47:53] warmStart 43% (1007/2341) regret=0.098370 ape=0.5336
[21:47:53] warmStart 43% (1008/2341) regret=0.098370 ape=0.5336
[21:47:53] warmStart 43% (1009/2341) regret=0.098370 ape=0.5336
[21:47:54] warmStart 43% (1010/2341) regret=0.098370 ape=0.5336
[21:47:54] warmStart 43% (1011/2341) regret=0.098370 ape=0.5336
[21:47:54] warmStart 43% (1012/2341) regret=0.098370 ape=0.5336
[21:47:54] warmStart 43% (1013/2341) regret=0.098370 ape=0.5336
[21:47:54] warmStart 43% (1014/2341) regret=0.098370 ape=0.5336
[21:47:54] warmStart 43% (1015/2341) regret=0.098388 ape=0.5346
[21:47:55] warmStart 43% (1016/2341) regret=0.098370 ape=0.5336
[21:47:55] warmStart 43% (1017/2341) regret=0.098370 ape=0.5336
[21:47:55] warmStart 43% (1018/2341) regret=0.098370 ape=0.5336
[21:47:55] warmStart 43% (1019/2341) regret=0.098370 ape=0.5336
[21:47:55] warmStart 43% (1020/2341) regret=0.098370 ape=0.5336
[21:47:55] warmStart 43% (1021/2341) regret=0.098370 ape=0.5336
[21:47:56] warmStart 43% (1022/2341) regret=0.098370 ape=0.5336
[21:47:56] warmStart 43% (1023/2341) regret=0.098370 ape=0.5336
[21:47:56] warmStart 43% (1024/2341) regret=0.098370 ape=0.5336
[21:47:56] warmStart 43% (1025/2341) regret=0.098370 ape=0.5336
[21:47:56] warmStart 43% (1026/2341) regret=0.098370 ape=0.5336
[21:47:57] warmStart 43% (1027/2341) regret=0.098370 ape=0.5336
[21:47:57] warmStart 43% (1028/2341) regret=0.098370 ape=0.5336
[21:47:57] warmStart 43% (1029/2341) regret=0.098370 ape=0.5336
[21:47:57] warmStart 43% (1030/2341) regret=0.098370 ape=0.5336
[21:47:57] warmStart 44% (1031/2341) regret=0.098370 ape=0.5336
[21:47:57] warmStart 44% (1032/2341) regret=0.098370 ape=0.5336
[21:47:58] warmStart 44% (1033/2341) regret=0.098370 ape=0.5336
[21:47:58] warmStart 44% (1034/2341) regret=0.098370 ape=0.5336
[21:47:58] warmStart 44% (1035/2341) regret=0.098370 ape=0.5336
[21:47:58] warmStart 44% (1036/2341) regret=0.098370 ape=0.5336
[21:47:58] warmStart 44% (1037/2341) regret=0.098370 ape=0.5336
[21:47:58] warmStart 44% (1038/2341) regret=0.098370 ape=0.5336
[21:47:59] warmStart 44% (1039/2341) regret=0.098370 ape=0.5336
[21:47:59] warmStart 44% (1040/2341) regret=0.098370 ape=0.5336
[21:47:59] warmStart 44% (1041/2341) regret=0.098370 ape=0.5336
[21:47:59] warmStart 44% (1042/2341) regret=0.098370 ape=0.5336
[21:47:59] warmStart 44% (1043/2341) regret=0.098370 ape=0.5336
[21:48:00] warmStart 44% (1044/2341) regret=0.098370 ape=0.5336
[21:48:00] warmStart 44% (1045/2341) regret=0.098370 ape=0.5336
[21:48:00] warmStart 44% (1046/2341) regret=0.098370 ape=0.5336
[21:48:00] warmStart 44% (1047/2341) regret=0.098370 ape=0.5336
[21:48:00] warmStart 44% (1048/2341) regret=0.098370 ape=0.5336
[21:48:00] warmStart 44% (1049/2341) regret=0.098370 ape=0.5336
[21:48:01] warmStart 44% (1050/2341) regret=0.098370 ape=0.5336
[21:48:01] warmStart 44% (1051/2341) regret=0.098370 ape=0.5336
[21:48:01] warmStart 44% (1052/2341) regret=0.098370 ape=0.5336
[21:48:01] warmStart 44% (1053/2341) regret=0.098370 ape=0.5336
[21:48:01] warmStart 45% (1054/2341) regret=0.098370 ape=0.5336
[21:48:01] warmStart 45% (1055/2341) regret=0.098370 ape=0.5336
[21:48:02] warmStart 45% (1056/2341) regret=0.098370 ape=0.5336
[21:48:02] warmStart 45% (1057/2341) regret=0.098370 ape=0.5336
[21:48:02] warmStart 45% (1058/2341) regret=0.098370 ape=0.5336
[21:48:02] warmStart 45% (1059/2341) regret=0.098370 ape=0.5336
[21:48:02] warmStart 45% (1060/2341) regret=0.098370 ape=0.5336
[21:48:03] warmStart 45% (1061/2341) regret=0.098370 ape=0.5336
[21:48:03] warmStart 45% (1062/2341) regret=0.098370 ape=0.5336
[21:48:03] warmStart 45% (1063/2341) regret=0.098370 ape=0.5336
[21:48:03] warmStart 45% (1064/2341) regret=0.098370 ape=0.5336
[21:48:03] warmStart 45% (1065/2341) regret=0.098370 ape=0.5336
[21:48:03] warmStart 45% (1066/2341) regret=0.098370 ape=0.5336
[21:48:04] warmStart 45% (1067/2341) regret=0.098370 ape=0.5336
[21:48:04] warmStart 45% (1068/2341) regret=0.098370 ape=0.5336
[21:48:04] warmStart 45% (1069/2341) regret=0.098370 ape=0.5336
[21:48:04] warmStart 45% (1070/2341) regret=0.098370 ape=0.5336
[21:48:04] warmStart 45% (1071/2341) regret=0.098370 ape=0.5336
[21:48:04] warmStart 45% (1072/2341) regret=0.098370 ape=0.5336
[21:48:05] warmStart 45% (1073/2341) regret=0.098370 ape=0.5336
[21:48:05] warmStart 45% (1074/2341) regret=0.098370 ape=0.5336
[21:48:05] warmStart 45% (1075/2341) regret=0.098370 ape=0.5336
[21:48:05] warmStart 45% (1076/2341) regret=0.098370 ape=0.5336
[21:48:05] warmStart 46% (1077/2341) regret=0.098370 ape=0.5336
[21:48:06] warmStart 46% (1078/2341) regret=0.098370 ape=0.5336
[21:48:06] warmStart 46% (1079/2341) regret=0.098370 ape=0.5336
[21:48:06] warmStart 46% (1080/2341) regret=0.098370 ape=0.5336
[21:48:06] warmStart 46% (1081/2341) regret=0.098370 ape=0.5336
[21:48:06] warmStart 46% (1082/2341) regret=0.098370 ape=0.5336
[21:48:06] warmStart 46% (1083/2341) regret=0.098370 ape=0.5336
[21:48:07] warmStart 46% (1084/2341) regret=0.098370 ape=0.5336
[21:48:07] warmStart 46% (1085/2341) regret=0.098370 ape=0.5336
[21:48:07] warmStart 46% (1086/2341) regret=0.098388 ape=0.5346
[21:48:07] warmStart 46% (1087/2341) regret=0.098370 ape=0.5336
[21:48:07] warmStart 46% (1088/2341) regret=0.098370 ape=0.5336
[21:48:07] warmStart 46% (1089/2341) regret=0.098370 ape=0.5336
[21:48:08] warmStart 46% (1090/2341) regret=0.098370 ape=0.5336
[21:48:08] warmStart 46% (1091/2341) regret=0.098370 ape=0.5336
[21:48:08] warmStart 46% (1092/2341) regret=0.098370 ape=0.5336
[21:48:08] warmStart 46% (1093/2341) regret=0.098370 ape=0.5336
[21:48:08] warmStart 46% (1094/2341) regret=0.098370 ape=0.5336
[21:48:09] warmStart 46% (1095/2341) regret=0.098370 ape=0.5336
[21:48:09] warmStart 46% (1096/2341) regret=0.098370 ape=0.5336
[21:48:09] warmStart 46% (1097/2341) regret=0.098370 ape=0.5336
[21:48:09] warmStart 46% (1098/2341) regret=0.098370 ape=0.5336
[21:48:09] warmStart 46% (1099/2341) regret=0.098370 ape=0.5336
[21:48:09] warmStart 46% (1100/2341) regret=0.098370 ape=0.5336
[21:48:10] warmStart 47% (1101/2341) regret=0.098370 ape=0.5336
[21:48:10] warmStart 47% (1102/2341) regret=0.098370 ape=0.5336
[21:48:10] warmStart 47% (1103/2341) regret=0.098370 ape=0.5336
[21:48:10] warmStart 47% (1104/2341) regret=0.098370 ape=0.5336
[21:48:10] warmStart 47% (1105/2341) regret=0.098370 ape=0.5336
[21:48:11] warmStart 47% (1106/2341) regret=0.098370 ape=0.5336
[21:48:11] warmStart 47% (1107/2341) regret=0.098370 ape=0.5336
[21:48:11] warmStart 47% (1108/2341) regret=0.098370 ape=0.5336
[21:48:11] warmStart 47% (1109/2341) regret=0.098370 ape=0.5336
[21:48:11] warmStart 47% (1110/2341) regret=0.098370 ape=0.5336
[21:48:11] warmStart 47% (1111/2341) regret=0.098370 ape=0.5336
[21:48:12] warmStart 47% (1112/2341) regret=0.098370 ape=0.5336
[21:48:12] warmStart 47% (1113/2341) regret=0.098370 ape=0.5336
[21:48:12] warmStart 47% (1114/2341) regret=0.098370 ape=0.5336
[21:48:12] warmStart 47% (1115/2341) regret=0.098370 ape=0.5336
[21:48:12] warmStart 47% (1116/2341) regret=0.098370 ape=0.5336
[21:48:12] warmStart 47% (1117/2341) regret=0.098370 ape=0.5336
[21:48:13] warmStart 47% (1118/2341) regret=0.098370 ape=0.5336
[21:48:13] warmStart 47% (1119/2341) regret=0.098370 ape=0.5336
[21:48:13] warmStart 47% (1120/2341) regret=0.098370 ape=0.5336
[21:48:13] warmStart 47% (1121/2341) regret=0.098370 ape=0.5336
[21:48:13] warmStart 47% (1122/2341) regret=0.098370 ape=0.5336
[21:48:14] warmStart 47% (1123/2341) regret=0.098370 ape=0.5336
[21:48:14] warmStart 48% (1124/2341) regret=0.098370 ape=0.5336
[21:48:14] warmStart 48% (1125/2341) regret=0.098370 ape=0.5336
[21:48:14] warmStart 48% (1126/2341) regret=0.098370 ape=0.5336
[21:48:14] warmStart 48% (1127/2341) regret=0.098370 ape=0.5336
[21:48:14] warmStart 48% (1128/2341) regret=0.098370 ape=0.5336
[21:48:15] warmStart 48% (1129/2341) regret=0.098370 ape=0.5336
[21:48:15] warmStart 48% (1130/2341) regret=0.098370 ape=0.5336
[21:48:15] warmStart 48% (1131/2341) regret=0.098370 ape=0.5336
[21:48:15] warmStart 48% (1132/2341) regret=0.098370 ape=0.5336
[21:48:15] warmStart 48% (1133/2341) regret=0.098370 ape=0.5336
[21:48:16] warmStart 48% (1134/2341) regret=0.098370 ape=0.5336
[21:48:16] warmStart 48% (1135/2341) regret=0.098370 ape=0.5336
[21:48:16] warmStart 48% (1136/2341) regret=0.098370 ape=0.5336
[21:48:16] warmStart 48% (1137/2341) regret=0.098370 ape=0.5336
[21:48:16] warmStart 48% (1138/2341) regret=0.098370 ape=0.5336
[21:48:16] warmStart 48% (1139/2341) regret=0.098370 ape=0.5336
[21:48:17] warmStart 48% (1140/2341) regret=0.098370 ape=0.5336
[21:48:17] warmStart 48% (1141/2341) regret=0.098370 ape=0.5336
[21:48:17] warmStart 48% (1142/2341) regret=0.098370 ape=0.5336
[21:48:17] warmStart 48% (1143/2341) regret=0.098370 ape=0.5336
[21:48:17] warmStart 48% (1144/2341) regret=0.098370 ape=0.5336
[21:48:17] warmStart 48% (1145/2341) regret=0.098370 ape=0.5336
[21:48:18] warmStart 48% (1146/2341) regret=0.098370 ape=0.5336
[21:48:18] warmStart 48% (1147/2341) regret=0.098370 ape=0.5336
[21:48:18] warmStart 49% (1148/2341) regret=0.098370 ape=0.5336
[21:48:18] warmStart 49% (1149/2341) regret=0.098370 ape=0.5336
[21:48:18] warmStart 49% (1150/2341) regret=0.098370 ape=0.5336
[21:48:19] warmStart 49% (1151/2341) regret=0.098370 ape=0.5336
[21:48:19] warmStart 49% (1152/2341) regret=0.098398 ape=0.5336
[21:48:19] warmStart 49% (1153/2341) regret=0.098370 ape=0.5336
[21:48:19] warmStart 49% (1154/2341) regret=0.098370 ape=0.5336
[21:48:19] warmStart 49% (1155/2341) regret=0.098370 ape=0.5336
[21:48:19] warmStart 49% (1156/2341) regret=0.098370 ape=0.5336
[21:48:20] warmStart 49% (1157/2341) regret=0.098370 ape=0.5336
[21:48:20] warmStart 49% (1158/2341) regret=0.098370 ape=0.5336
[21:48:20] warmStart 49% (1159/2341) regret=0.098370 ape=0.5336
[21:48:20] warmStart 49% (1160/2341) regret=0.098370 ape=0.5336
[21:48:20] warmStart 49% (1161/2341) regret=0.098370 ape=0.5336
[21:48:20] warmStart 49% (1162/2341) regret=0.098370 ape=0.5336
[21:48:21] warmStart 49% (1163/2341) regret=0.098370 ape=0.5336
[21:48:21] warmStart 49% (1164/2341) regret=0.098370 ape=0.5336
[21:48:21] warmStart 49% (1165/2341) regret=0.098370 ape=0.5336
[21:48:21] warmStart 49% (1166/2341) regret=0.098370 ape=0.5336
[21:48:21] warmStart 49% (1167/2341) regret=0.098370 ape=0.5336
[21:48:22] warmStart 49% (1168/2341) regret=0.098370 ape=0.5336
[21:48:22] warmStart 49% (1169/2341) regret=0.098370 ape=0.5336
[21:48:22] warmStart 49% (1170/2341) regret=0.098370 ape=0.5336
[21:48:22] warmStart 50% (1171/2341) regret=0.098370 ape=0.5336
[21:48:22] warmStart 50% (1172/2341) regret=0.098370 ape=0.5336
[21:48:22] warmStart 50% (1173/2341) regret=0.098370 ape=0.5336
[21:48:23] warmStart 50% (1174/2341) regret=0.098370 ape=0.5336
[21:48:23] warmStart 50% (1175/2341) regret=0.098370 ape=0.5336
[21:48:23] warmStart 50% (1176/2341) regret=0.098370 ape=0.5336
[21:48:23] warmStart 50% (1177/2341) regret=0.098370 ape=0.5336
[21:48:23] warmStart 50% (1178/2341) regret=0.098370 ape=0.5336
[21:48:24] warmStart 50% (1179/2341) regret=0.098370 ape=0.5336
[21:48:24] warmStart 50% (1180/2341) regret=0.098370 ape=0.5336
[21:48:24] warmStart 50% (1181/2341) regret=0.098370 ape=0.5336
[21:48:24] warmStart 50% (1182/2341) regret=0.098370 ape=0.5336
[21:48:24] warmStart 50% (1183/2341) regret=0.098370 ape=0.5336
[21:48:24] warmStart 50% (1184/2341) regret=0.098370 ape=0.5336
[21:48:25] warmStart 50% (1185/2341) regret=0.098370 ape=0.5336
[21:48:25] warmStart 50% (1186/2341) regret=0.098370 ape=0.5336
[21:48:25] warmStart 50% (1187/2341) regret=0.098370 ape=0.5336
[21:48:25] warmStart 50% (1188/2341) regret=0.098370 ape=0.5336
[21:48:25] warmStart 50% (1189/2341) regret=0.098388 ape=0.5336
[21:48:25] warmStart 50% (1190/2341) regret=0.098370 ape=0.5336
[21:48:26] warmStart 50% (1191/2341) regret=0.098370 ape=0.5336
[21:48:26] warmStart 50% (1192/2341) regret=0.098370 ape=0.5336
[21:48:26] warmStart 50% (1193/2341) regret=0.098370 ape=0.5336
[21:48:26] warmStart 51% (1194/2341) regret=0.098646 ape=0.5336
[21:48:26] warmStart 51% (1195/2341) regret=0.098370 ape=0.5336
[21:48:27] warmStart 51% (1196/2341) regret=0.098370 ape=0.5336
[21:48:27] warmStart 51% (1197/2341) regret=0.098370 ape=0.5336
[21:48:27] warmStart 51% (1198/2341) regret=0.098370 ape=0.5336
[21:48:27] warmStart 51% (1199/2341) regret=0.098370 ape=0.5336
[21:48:27] warmStart 51% (1200/2341) regret=0.098370 ape=0.5336
[21:48:27] warmStart 51% (1201/2341) regret=0.098370 ape=0.5336
[21:48:28] warmStart 51% (1202/2341) regret=0.098370 ape=0.5336
[21:48:28] warmStart 51% (1203/2341) regret=0.098370 ape=0.5336
[21:48:28] warmStart 51% (1204/2341) regret=0.098370 ape=0.5336
[21:48:28] warmStart 51% (1205/2341) regret=0.098370 ape=0.5336
[21:48:28] warmStart 51% (1206/2341) regret=0.098370 ape=0.5336
[21:48:28] warmStart 51% (1207/2341) regret=0.098370 ape=0.5336
[21:48:29] warmStart 51% (1208/2341) regret=0.098368 ape=0.5336
[21:48:29] warmStart 51% (1209/2341) regret=0.098370 ape=0.5336
[21:48:29] warmStart 51% (1210/2341) regret=0.098370 ape=0.5336
[21:48:29] warmStart 51% (1211/2341) regret=0.098370 ape=0.5336
[21:48:29] warmStart 51% (1212/2341) regret=0.098370 ape=0.5336
[21:48:30] warmStart 51% (1213/2341) regret=0.098370 ape=0.5336
[21:48:30] warmStart 51% (1214/2341) regret=0.098370 ape=0.5336
[21:48:30] warmStart 51% (1215/2341) regret=0.098370 ape=0.5336
[21:48:30] warmStart 51% (1216/2341) regret=0.098370 ape=0.5336
[21:48:30] warmStart 51% (1217/2341) regret=0.098370 ape=0.5336
[21:48:30] warmStart 52% (1218/2341) regret=0.098370 ape=0.5336
[21:48:31] warmStart 52% (1219/2341) regret=0.098370 ape=0.5336
[21:48:31] warmStart 52% (1220/2341) regret=0.098370 ape=0.5336
[21:48:31] warmStart 52% (1221/2341) regret=0.098370 ape=0.5336
[21:48:31] warmStart 52% (1222/2341) regret=0.098370 ape=0.5336
[21:48:31] warmStart 52% (1223/2341) regret=0.098370 ape=0.5336
[21:48:31] warmStart 52% (1224/2341) regret=0.098370 ape=0.5336
[21:48:32] warmStart 52% (1225/2341) regret=0.098370 ape=0.5336
[21:48:32] warmStart 52% (1226/2341) regret=0.098370 ape=0.5336
[21:48:32] warmStart 52% (1227/2341) regret=0.098370 ape=0.5336
[21:48:32] warmStart 52% (1228/2341) regret=0.098370 ape=0.5336
[21:48:32] warmStart 52% (1229/2341) regret=0.098370 ape=0.5336
[21:48:33] warmStart 52% (1230/2341) regret=0.098370 ape=0.5336
[21:48:33] warmStart 52% (1231/2341) regret=0.098370 ape=0.5336
[21:48:33] warmStart 52% (1232/2341) regret=0.098370 ape=0.5336
[21:48:33] warmStart 52% (1233/2341) regret=0.098370 ape=0.5336
[21:48:33] warmStart 52% (1234/2341) regret=0.098370 ape=0.5336
[21:48:33] warmStart 52% (1235/2341) regret=0.098370 ape=0.5336
[21:48:34] warmStart 52% (1236/2341) regret=0.098370 ape=0.5336
[21:48:34] warmStart 52% (1237/2341) regret=0.098370 ape=0.5336
[21:48:34] warmStart 52% (1238/2341) regret=0.098370 ape=0.5336
[21:48:34] warmStart 52% (1239/2341) regret=0.098370 ape=0.5336
[21:48:34] warmStart 52% (1240/2341) regret=0.098370 ape=0.5336
[21:48:35] warmStart 53% (1241/2341) regret=0.098370 ape=0.5336
[21:48:35] warmStart 53% (1242/2341) regret=0.098370 ape=0.5336
[21:48:35] warmStart 53% (1243/2341) regret=0.098370 ape=0.5336
[21:48:35] warmStart 53% (1244/2341) regret=0.098370 ape=0.5336
[21:48:35] warmStart 53% (1245/2341) regret=0.098370 ape=0.5336
[21:48:35] warmStart 53% (1246/2341) regret=0.098370 ape=0.5336
[21:48:36] warmStart 53% (1247/2341) regret=0.098370 ape=0.5336
[21:48:36] warmStart 53% (1248/2341) regret=0.098370 ape=0.5336
[21:48:36] warmStart 53% (1249/2341) regret=0.098370 ape=0.5336
[21:48:36] warmStart 53% (1250/2341) regret=0.098370 ape=0.5336
[21:48:36] warmStart 53% (1251/2341) regret=0.098370 ape=0.5336
[21:48:37] warmStart 53% (1252/2341) regret=0.098388 ape=0.5346
[21:48:37] warmStart 53% (1253/2341) regret=0.098370 ape=0.5336
[21:48:37] warmStart 53% (1254/2341) regret=0.098370 ape=0.5336
[21:48:37] warmStart 53% (1255/2341) regret=0.098370 ape=0.5336
[21:48:37] warmStart 53% (1256/2341) regret=0.098370 ape=0.5336
[21:48:37] warmStart 53% (1257/2341) regret=0.098370 ape=0.5336
[21:48:38] warmStart 53% (1258/2341) regret=0.098370 ape=0.5336
[21:48:38] warmStart 53% (1259/2341) regret=0.098370 ape=0.5336
[21:48:38] warmStart 53% (1260/2341) regret=0.098370 ape=0.5336
[21:48:38] warmStart 53% (1261/2341) regret=0.098084 ape=0.5327
[21:48:38] warmStart 53% (1262/2341) regret=0.098370 ape=0.5336
[21:48:39] warmStart 53% (1263/2341) regret=0.098370 ape=0.5336
[21:48:39] warmStart 53% (1264/2341) regret=0.098370 ape=0.5336
[21:48:39] warmStart 54% (1265/2341) regret=0.098370 ape=0.5336
[21:48:39] warmStart 54% (1266/2341) regret=0.098370 ape=0.5336
[21:48:39] warmStart 54% (1267/2341) regret=0.098370 ape=0.5336
[21:48:39] warmStart 54% (1268/2341) regret=0.098370 ape=0.5336
[21:48:40] warmStart 54% (1269/2341) regret=0.098370 ape=0.5336
[21:48:40] warmStart 54% (1270/2341) regret=0.098370 ape=0.5336
[21:48:40] warmStart 54% (1271/2341) regret=0.098370 ape=0.5336
[21:48:40] warmStart 54% (1272/2341) regret=0.098370 ape=0.5336
[21:48:40] warmStart 54% (1273/2341) regret=0.098370 ape=0.5336
[21:48:41] warmStart 54% (1274/2341) regret=0.098370 ape=0.5336
[21:48:41] warmStart 54% (1275/2341) regret=0.098370 ape=0.5336
[21:48:41] warmStart 54% (1276/2341) regret=0.098370 ape=0.5336
[21:48:41] warmStart 54% (1277/2341) regret=0.098370 ape=0.5336
[21:48:41] warmStart 54% (1278/2341) regret=0.098370 ape=0.5336
[21:48:41] warmStart 54% (1279/2341) regret=0.098370 ape=0.5336
[21:48:42] warmStart 54% (1280/2341) regret=0.098370 ape=0.5336
[21:48:42] warmStart 54% (1281/2341) regret=0.098370 ape=0.5336
[21:48:42] warmStart 54% (1282/2341) regret=0.098370 ape=0.5336
[21:48:42] warmStart 54% (1283/2341) regret=0.098370 ape=0.5336
[21:48:42] warmStart 54% (1284/2341) regret=0.098370 ape=0.5336
[21:48:43] warmStart 54% (1285/2341) regret=0.098370 ape=0.5336
[21:48:43] warmStart 54% (1286/2341) regret=0.098361 ape=0.5336
[21:48:43] warmStart 54% (1287/2341) regret=0.098361 ape=0.5336
[21:48:43] warmStart 55% (1288/2341) regret=0.098370 ape=0.5336
[21:48:43] warmStart 55% (1289/2341) regret=0.098370 ape=0.5336
[21:48:43] warmStart 55% (1290/2341) regret=0.098370 ape=0.5336
[21:48:44] warmStart 55% (1291/2341) regret=0.098370 ape=0.5336
[21:48:44] warmStart 55% (1292/2341) regret=0.098370 ape=0.5336
[21:48:44] warmStart 55% (1293/2341) regret=0.098370 ape=0.5336
[21:48:44] warmStart 55% (1294/2341) regret=0.098370 ape=0.5336
[21:48:44] warmStart 55% (1295/2341) regret=0.098370 ape=0.5336
[21:48:44] warmStart 55% (1296/2341) regret=0.098370 ape=0.5336
[21:48:45] warmStart 55% (1297/2341) regret=0.098370 ape=0.5336
[21:48:45] warmStart 55% (1298/2341) regret=0.098370 ape=0.5336
[21:48:45] warmStart 55% (1299/2341) regret=0.098370 ape=0.5336
[21:48:45] warmStart 55% (1300/2341) regret=0.098370 ape=0.5336
[21:48:45] warmStart 55% (1301/2341) regret=0.098370 ape=0.5336
[21:48:46] warmStart 55% (1302/2341) regret=0.098370 ape=0.5336
[21:48:46] warmStart 55% (1303/2341) regret=0.098370 ape=0.5336
[21:48:46] warmStart 55% (1304/2341) regret=0.098370 ape=0.5336
[21:48:46] warmStart 55% (1305/2341) regret=0.098370 ape=0.5336
[21:48:46] warmStart 55% (1306/2341) regret=0.098370 ape=0.5336
[21:48:46] warmStart 55% (1307/2341) regret=0.098370 ape=0.5336
[21:48:47] warmStart 55% (1308/2341) regret=0.098370 ape=0.5336
[21:48:47] warmStart 55% (1309/2341) regret=0.098370 ape=0.5336
[21:48:47] warmStart 55% (1310/2341) regret=0.098370 ape=0.5336
[21:48:47] warmStart 56% (1311/2341) regret=0.098370 ape=0.5336
[21:48:47] warmStart 56% (1312/2341) regret=0.098370 ape=0.5336
[21:48:48] warmStart 56% (1313/2341) regret=0.098370 ape=0.5336
[21:48:48] warmStart 56% (1314/2341) regret=0.098370 ape=0.5336
[21:48:48] warmStart 56% (1315/2341) regret=0.098370 ape=0.5336
[21:48:48] warmStart 56% (1316/2341) regret=0.098370 ape=0.5336
[21:48:48] warmStart 56% (1317/2341) regret=0.098370 ape=0.5336
[21:48:48] warmStart 56% (1318/2341) regret=0.098370 ape=0.5336
[21:48:49] warmStart 56% (1319/2341) regret=0.098370 ape=0.5336
[21:48:49] warmStart 56% (1320/2341) regret=0.098370 ape=0.5336
[21:48:49] warmStart 56% (1321/2341) regret=0.098370 ape=0.5336
[21:48:49] warmStart 56% (1322/2341) regret=0.098370 ape=0.5336
[21:48:49] warmStart 56% (1323/2341) regret=0.098370 ape=0.5336
[21:48:50] warmStart 56% (1324/2341) regret=0.098370 ape=0.5336
[21:48:50] warmStart 56% (1325/2341) regret=0.098370 ape=0.5336
[21:48:50] warmStart 56% (1326/2341) regret=0.098370 ape=0.5336
[21:48:50] warmStart 56% (1327/2341) regret=0.098370 ape=0.5336
[21:48:50] warmStart 56% (1328/2341) regret=0.098370 ape=0.5336
[21:48:50] warmStart 56% (1329/2341) regret=0.098370 ape=0.5336
[21:48:51] warmStart 56% (1330/2341) regret=0.098370 ape=0.5336
[21:48:51] warmStart 56% (1331/2341) regret=0.098370 ape=0.5336
[21:48:51] warmStart 56% (1332/2341) regret=0.098370 ape=0.5336
[21:48:51] warmStart 56% (1333/2341) regret=0.098370 ape=0.5336
[21:48:51] warmStart 56% (1334/2341) regret=0.098370 ape=0.5336
[21:48:52] warmStart 57% (1335/2341) regret=0.098370 ape=0.5336
[21:48:52] warmStart 57% (1336/2341) regret=0.098370 ape=0.5336
[21:48:52] warmStart 57% (1337/2341) regret=0.098370 ape=0.5336
[21:48:52] warmStart 57% (1338/2341) regret=0.098370 ape=0.5336
[21:48:52] warmStart 57% (1339/2341) regret=0.098370 ape=0.5336
[21:48:52] warmStart 57% (1340/2341) regret=0.098370 ape=0.5336
[21:48:53] warmStart 57% (1341/2341) regret=0.098370 ape=0.5336
[21:48:53] warmStart 57% (1342/2341) regret=0.098370 ape=0.5336
[21:48:53] warmStart 57% (1343/2341) regret=0.098370 ape=0.5336
[21:48:53] warmStart 57% (1344/2341) regret=0.098370 ape=0.5336
[21:48:53] warmStart 57% (1345/2341) regret=0.098739 ape=0.5336
[21:48:53] warmStart 57% (1346/2341) regret=0.098370 ape=0.5336
[21:48:54] warmStart 57% (1347/2341) regret=0.098370 ape=0.5336
[21:48:54] warmStart 57% (1348/2341) regret=0.098370 ape=0.5336
[21:48:54] warmStart 57% (1349/2341) regret=0.098370 ape=0.5336
[21:48:54] warmStart 57% (1350/2341) regret=0.098370 ape=0.5336
[21:48:54] warmStart 57% (1351/2341) regret=0.098370 ape=0.5336
[21:48:55] warmStart 57% (1352/2341) regret=0.098370 ape=0.5336
[21:48:55] warmStart 57% (1353/2341) regret=0.098370 ape=0.5336
[21:48:55] warmStart 57% (1354/2341) regret=0.098370 ape=0.5336
[21:48:55] warmStart 57% (1355/2341) regret=0.098370 ape=0.5336
[21:48:55] warmStart 57% (1356/2341) regret=0.098350 ape=0.5327
[21:48:55] warmStart 57% (1357/2341) regret=0.098350 ape=0.5327
[21:48:56] warmStart 58% (1358/2341) regret=0.098350 ape=0.5327
[21:48:56] warmStart 58% (1359/2341) regret=0.098350 ape=0.5327
[21:48:56] warmStart 58% (1360/2341) regret=0.098350 ape=0.5327
[21:48:56] warmStart 58% (1361/2341) regret=0.098350 ape=0.5327
[21:48:56] warmStart 58% (1362/2341) regret=0.098350 ape=0.5327
[21:48:56] warmStart 58% (1363/2341) regret=0.098350 ape=0.5327
[21:48:57] warmStart 58% (1364/2341) regret=0.098350 ape=0.5327
[21:48:57] warmStart 58% (1365/2341) regret=0.098350 ape=0.5327
[21:48:57] warmStart 58% (1366/2341) regret=0.098258 ape=0.5327
[21:48:57] warmStart 58% (1367/2341) regret=0.098350 ape=0.5327
[21:48:57] warmStart 58% (1368/2341) regret=0.098350 ape=0.5327
[21:48:58] warmStart 58% (1369/2341) regret=0.098350 ape=0.5327
[21:48:58] warmStart 58% (1370/2341) regret=0.098350 ape=0.5327
[21:48:58] warmStart 58% (1371/2341) regret=0.098350 ape=0.5327
[21:48:58] warmStart 58% (1372/2341) regret=0.098350 ape=0.5327
[21:48:58] warmStart 58% (1373/2341) regret=0.098350 ape=0.5327
[21:48:58] warmStart 58% (1374/2341) regret=0.098350 ape=0.5327
[21:48:59] warmStart 58% (1375/2341) regret=0.098350 ape=0.5327
[21:48:59] warmStart 58% (1376/2341) regret=0.098350 ape=0.5327
[21:48:59] warmStart 58% (1377/2341) regret=0.098350 ape=0.5327
[21:48:59] warmStart 58% (1378/2341) regret=0.098350 ape=0.5327
[21:48:59] warmStart 58% (1379/2341) regret=0.098350 ape=0.5327
[21:48:59] warmStart 58% (1380/2341) regret=0.098350 ape=0.5327
[21:49:00] warmStart 58% (1381/2341) regret=0.098350 ape=0.5327
[21:49:00] warmStart 59% (1382/2341) regret=0.098350 ape=0.5327
[21:49:00] warmStart 59% (1383/2341) regret=0.098350 ape=0.5327
[21:49:00] warmStart 59% (1384/2341) regret=0.098350 ape=0.5327
[21:49:00] warmStart 59% (1385/2341) regret=0.098350 ape=0.5327
[21:49:01] warmStart 59% (1386/2341) regret=0.098350 ape=0.5327
[21:49:01] warmStart 59% (1387/2341) regret=0.098350 ape=0.5327
[21:49:01] warmStart 59% (1388/2341) regret=0.098350 ape=0.5327
[21:49:01] warmStart 59% (1389/2341) regret=0.098350 ape=0.5327
[21:49:01] warmStart 59% (1390/2341) regret=0.098350 ape=0.5327
[21:49:01] warmStart 59% (1391/2341) regret=0.098350 ape=0.5327
[21:49:02] warmStart 59% (1392/2341) regret=0.098350 ape=0.5327
[21:49:02] warmStart 59% (1393/2341) regret=0.098350 ape=0.5327
[21:49:02] warmStart 59% (1394/2341) regret=0.098350 ape=0.5327
[21:49:02] warmStart 59% (1395/2341) regret=0.098350 ape=0.5327
[21:49:02] warmStart 59% (1396/2341) regret=0.098350 ape=0.5327
[21:49:02] warmStart 59% (1397/2341) regret=0.098350 ape=0.5327
[21:49:03] warmStart 59% (1398/2341) regret=0.098350 ape=0.5327
[21:49:03] warmStart 59% (1399/2341) regret=0.098350 ape=0.5327
[21:49:03] warmStart 59% (1400/2341) regret=0.098350 ape=0.5327
[21:49:03] warmStart 59% (1401/2341) regret=0.098350 ape=0.5327
[21:49:03] warmStart 59% (1402/2341) regret=0.098350 ape=0.5327
[21:49:04] warmStart 59% (1403/2341) regret=0.098350 ape=0.5327
[21:49:04] warmStart 59% (1404/2341) regret=0.098350 ape=0.5327
[21:49:04] warmStart 60% (1405/2341) regret=0.098350 ape=0.5327
[21:49:04] warmStart 60% (1406/2341) regret=0.098350 ape=0.5327
[21:49:04] warmStart 60% (1407/2341) regret=0.098350 ape=0.5327
[21:49:04] warmStart 60% (1408/2341) regret=0.098350 ape=0.5327
[21:49:05] warmStart 60% (1409/2341) regret=0.098350 ape=0.5327
[21:49:05] warmStart 60% (1410/2341) regret=0.098350 ape=0.5327
[21:49:05] warmStart 60% (1411/2341) regret=0.098350 ape=0.5327
[21:49:05] warmStart 60% (1412/2341) regret=0.098350 ape=0.5327
[21:49:05] warmStart 60% (1413/2341) regret=0.098350 ape=0.5327
[21:49:05] warmStart 60% (1414/2341) regret=0.098350 ape=0.5327
[21:49:06] warmStart 60% (1415/2341) regret=0.098350 ape=0.5327
[21:49:06] warmStart 60% (1416/2341) regret=0.098350 ape=0.5327
[21:49:06] warmStart 60% (1417/2341) regret=0.098350 ape=0.5327
[21:49:06] warmStart 60% (1418/2341) regret=0.098350 ape=0.5327
[21:49:06] warmStart 60% (1419/2341) regret=0.098350 ape=0.5327
[21:49:07] warmStart 60% (1420/2341) regret=0.098350 ape=0.5327
[21:49:07] warmStart 60% (1421/2341) regret=0.098350 ape=0.5327
[21:49:07] warmStart 60% (1422/2341) regret=0.098350 ape=0.5327
[21:49:07] warmStart 60% (1423/2341) regret=0.098350 ape=0.5327
[21:49:07] warmStart 60% (1424/2341) regret=0.098350 ape=0.5327
[21:49:07] warmStart 60% (1425/2341) regret=0.098350 ape=0.5327
[21:49:08] warmStart 60% (1426/2341) regret=0.098350 ape=0.5327
[21:49:08] warmStart 60% (1427/2341) regret=0.098350 ape=0.5327
[21:49:08] warmStart 60% (1428/2341) regret=0.098350 ape=0.5327
[21:49:08] warmStart 61% (1429/2341) regret=0.098350 ape=0.5327
[21:49:08] warmStart 61% (1430/2341) regret=0.098350 ape=0.5327
[21:49:08] warmStart 61% (1431/2341) regret=0.098350 ape=0.5327
[21:49:09] warmStart 61% (1432/2341) regret=0.098350 ape=0.5327
[21:49:09] warmStart 61% (1433/2341) regret=0.098350 ape=0.5327
[21:49:09] warmStart 61% (1434/2341) regret=0.098350 ape=0.5327
[21:49:09] warmStart 61% (1435/2341) regret=0.098350 ape=0.5327
[21:49:09] warmStart 61% (1436/2341) regret=0.098350 ape=0.5327
[21:49:10] warmStart 61% (1437/2341) regret=0.098350 ape=0.5327
[21:49:10] warmStart 61% (1438/2341) regret=0.098350 ape=0.5327
[21:49:10] warmStart 61% (1439/2341) regret=0.098350 ape=0.5327
[21:49:10] warmStart 61% (1440/2341) regret=0.098350 ape=0.5327
[21:49:10] warmStart 61% (1441/2341) regret=0.098350 ape=0.5327
[21:49:10] warmStart 61% (1442/2341) regret=0.098350 ape=0.5327
[21:49:11] warmStart 61% (1443/2341) regret=0.098350 ape=0.5327
[21:49:11] warmStart 61% (1444/2341) regret=0.098350 ape=0.5327
[21:49:11] warmStart 61% (1445/2341) regret=0.098350 ape=0.5327
[21:49:11] warmStart 61% (1446/2341) regret=0.098350 ape=0.5327
[21:49:11] warmStart 61% (1447/2341) regret=0.098350 ape=0.5327
[21:49:11] warmStart 61% (1448/2341) regret=0.098350 ape=0.5327
[21:49:12] warmStart 61% (1449/2341) regret=0.098350 ape=0.5327
[21:49:12] warmStart 61% (1450/2341) regret=0.098350 ape=0.5327
[21:49:12] warmStart 61% (1451/2341) regret=0.098350 ape=0.5327
[21:49:12] warmStart 62% (1452/2341) regret=0.098350 ape=0.5327
[21:49:12] warmStart 62% (1453/2341) regret=0.098350 ape=0.5327
[21:49:13] warmStart 62% (1454/2341) regret=0.098350 ape=0.5327
[21:49:13] warmStart 62% (1455/2341) regret=0.098350 ape=0.5327
[21:49:13] warmStart 62% (1456/2341) regret=0.098350 ape=0.5327
[21:49:13] warmStart 62% (1457/2341) regret=0.098350 ape=0.5327
[21:49:13] warmStart 62% (1458/2341) regret=0.098350 ape=0.5327
[21:49:13] warmStart 62% (1459/2341) regret=0.098350 ape=0.5327
[21:49:14] warmStart 62% (1460/2341) regret=0.098350 ape=0.5327
[21:49:14] warmStart 62% (1461/2341) regret=0.098350 ape=0.5327
[21:49:14] warmStart 62% (1462/2341) regret=0.098350 ape=0.5327
[21:49:14] warmStart 62% (1463/2341) regret=0.098350 ape=0.5327
[21:49:14] warmStart 62% (1464/2341) regret=0.098350 ape=0.5327
[21:49:15] warmStart 62% (1465/2341) regret=0.098350 ape=0.5327
[21:49:15] warmStart 62% (1466/2341) regret=0.098350 ape=0.5327
[21:49:15] warmStart 62% (1467/2341) regret=0.098350 ape=0.5327
[21:49:15] warmStart 62% (1468/2341) regret=0.098350 ape=0.5327
[21:49:15] warmStart 62% (1469/2341) regret=0.098350 ape=0.5327
[21:49:15] warmStart 62% (1470/2341) regret=0.098350 ape=0.5327
[21:49:16] warmStart 62% (1471/2341) regret=0.098350 ape=0.5327
[21:49:16] warmStart 62% (1472/2341) regret=0.098350 ape=0.5327
[21:49:16] warmStart 62% (1473/2341) regret=0.098626 ape=0.5327
[21:49:16] warmStart 62% (1474/2341) regret=0.098350 ape=0.5327
[21:49:16] warmStart 63% (1475/2341) regret=0.098350 ape=0.5327
[21:49:17] warmStart 63% (1476/2341) regret=0.098350 ape=0.5327
[21:49:17] warmStart 63% (1477/2341) regret=0.098350 ape=0.5327
[21:49:17] warmStart 63% (1478/2341) regret=0.098350 ape=0.5327
[21:49:17] warmStart 63% (1479/2341) regret=0.098350 ape=0.5327
[21:49:17] warmStart 63% (1480/2341) regret=0.098350 ape=0.5327
[21:49:17] warmStart 63% (1481/2341) regret=0.098350 ape=0.5327
[21:49:18] warmStart 63% (1482/2341) regret=0.098350 ape=0.5327
[21:49:18] warmStart 63% (1483/2341) regret=0.098350 ape=0.5327
[21:49:18] warmStart 63% (1484/2341) regret=0.098350 ape=0.5327
[21:49:18] warmStart 63% (1485/2341) regret=0.098350 ape=0.5327
[21:49:18] warmStart 63% (1486/2341) regret=0.098350 ape=0.5327
[21:49:18] warmStart 63% (1487/2341) regret=0.098350 ape=0.5327
[21:49:19] warmStart 63% (1488/2341) regret=0.098350 ape=0.5327
[21:49:19] warmStart 63% (1489/2341) regret=0.098350 ape=0.5327
[21:49:19] warmStart 63% (1490/2341) regret=0.098350 ape=0.5327
[21:49:19] warmStart 63% (1491/2341) regret=0.098350 ape=0.5327
[21:49:19] warmStart 63% (1492/2341) regret=0.098350 ape=0.5327
[21:49:20] warmStart 63% (1493/2341) regret=0.098350 ape=0.5327
[21:49:20] warmStart 63% (1494/2341) regret=0.098350 ape=0.5327
[21:49:20] warmStart 63% (1495/2341) regret=0.098350 ape=0.5327
[21:49:20] warmStart 63% (1496/2341) regret=0.098350 ape=0.5327
[21:49:20] warmStart 63% (1497/2341) regret=0.098350 ape=0.5327
[21:49:20] warmStart 63% (1498/2341) regret=0.098350 ape=0.5327
[21:49:21] warmStart 64% (1499/2341) regret=0.098350 ape=0.5327
[21:49:21] warmStart 64% (1500/2341) regret=0.098350 ape=0.5327
[21:49:21] warmStart 64% (1501/2341) regret=0.098350 ape=0.5327
[21:49:21] warmStart 64% (1502/2341) regret=0.098350 ape=0.5327
[21:49:21] warmStart 64% (1503/2341) regret=0.098350 ape=0.5327
[21:49:21] warmStart 64% (1504/2341) regret=0.098350 ape=0.5327
[21:49:22] warmStart 64% (1505/2341) regret=0.098350 ape=0.5327
[21:49:22] warmStart 64% (1506/2341) regret=0.098350 ape=0.5327
[21:49:22] warmStart 64% (1507/2341) regret=0.098318 ape=0.5327
[21:49:22] warmStart 64% (1508/2341) regret=0.098350 ape=0.5327
[21:49:22] warmStart 64% (1509/2341) regret=0.098350 ape=0.5327
[21:49:23] warmStart 64% (1510/2341) regret=0.098350 ape=0.5327
[21:49:23] warmStart 64% (1511/2341) regret=0.098350 ape=0.5327
[21:49:23] warmStart 64% (1512/2341) regret=0.098350 ape=0.5327
[21:49:23] warmStart 64% (1513/2341) regret=0.098350 ape=0.5327
[21:49:23] warmStart 64% (1514/2341) regret=0.098350 ape=0.5327
[21:49:23] warmStart 64% (1515/2341) regret=0.098350 ape=0.5327
[21:49:24] warmStart 64% (1516/2341) regret=0.098350 ape=0.5327
[21:49:24] warmStart 64% (1517/2341) regret=0.098350 ape=0.5327
[21:49:24] warmStart 64% (1518/2341) regret=0.098350 ape=0.5327
[21:49:24] warmStart 64% (1519/2341) regret=0.098350 ape=0.5327
[21:49:24] warmStart 64% (1520/2341) regret=0.098350 ape=0.5327
[21:49:25] warmStart 64% (1521/2341) regret=0.098350 ape=0.5327
[21:49:25] warmStart 65% (1522/2341) regret=0.098350 ape=0.5327
[21:49:25] warmStart 65% (1523/2341) regret=0.098350 ape=0.5327
[21:49:25] warmStart 65% (1524/2341) regret=0.098350 ape=0.5327
[21:49:25] warmStart 65% (1525/2341) regret=0.098350 ape=0.5327
[21:49:25] warmStart 65% (1526/2341) regret=0.098350 ape=0.5327
[21:49:26] warmStart 65% (1527/2341) regret=0.098350 ape=0.5327
[21:49:26] warmStart 65% (1528/2341) regret=0.098350 ape=0.5327
[21:49:26] warmStart 65% (1529/2341) regret=0.098350 ape=0.5327
[21:49:26] warmStart 65% (1530/2341) regret=0.098350 ape=0.5327
[21:49:26] warmStart 65% (1531/2341) regret=0.098350 ape=0.5327
[21:49:27] warmStart 65% (1532/2341) regret=0.098350 ape=0.5327
[21:49:27] warmStart 65% (1533/2341) regret=0.098350 ape=0.5327
[21:49:27] warmStart 65% (1534/2341) regret=0.098350 ape=0.5327
[21:49:27] warmStart 65% (1535/2341) regret=0.098350 ape=0.5327
[21:49:27] warmStart 65% (1536/2341) regret=0.098350 ape=0.5327
[21:49:27] warmStart 65% (1537/2341) regret=0.098350 ape=0.5327
[21:49:28] warmStart 65% (1538/2341) regret=0.098350 ape=0.5327
[21:49:28] warmStart 65% (1539/2341) regret=0.098350 ape=0.5327
[21:49:28] warmStart 65% (1540/2341) regret=0.098350 ape=0.5327
[21:49:28] warmStart 65% (1541/2341) regret=0.098350 ape=0.5327
[21:49:28] warmStart 65% (1542/2341) regret=0.098350 ape=0.5327
[21:49:28] warmStart 65% (1543/2341) regret=0.098350 ape=0.5327
[21:49:29] warmStart 65% (1544/2341) regret=0.098350 ape=0.5327
[21:49:29] warmStart 65% (1545/2341) regret=0.098350 ape=0.5327
[21:49:29] warmStart 66% (1546/2341) regret=0.098350 ape=0.5327
[21:49:29] warmStart 66% (1547/2341) regret=0.098350 ape=0.5327
[21:49:29] warmStart 66% (1548/2341) regret=0.098350 ape=0.5327
[21:49:30] warmStart 66% (1549/2341) regret=0.098350 ape=0.5327
[21:49:30] warmStart 66% (1550/2341) regret=0.098350 ape=0.5327
[21:49:30] warmStart 66% (1551/2341) regret=0.098350 ape=0.5327
[21:49:30] warmStart 66% (1552/2341) regret=0.098350 ape=0.5327
[21:49:30] warmStart 66% (1553/2341) regret=0.098350 ape=0.5327
[21:49:30] warmStart 66% (1554/2341) regret=0.098350 ape=0.5327
[21:49:31] warmStart 66% (1555/2341) regret=0.098350 ape=0.5327
[21:49:31] warmStart 66% (1556/2341) regret=0.098350 ape=0.5327
[21:49:31] warmStart 66% (1557/2341) regret=0.098350 ape=0.5327
[21:49:31] warmStart 66% (1558/2341) regret=0.098350 ape=0.5327
[21:49:31] warmStart 66% (1559/2341) regret=0.098350 ape=0.5327
[21:49:32] warmStart 66% (1560/2341) regret=0.098350 ape=0.5327
[21:49:32] warmStart 66% (1561/2341) regret=0.098350 ape=0.5327
[21:49:32] warmStart 66% (1562/2341) regret=0.098350 ape=0.5327
[21:49:32] warmStart 66% (1563/2341) regret=0.098350 ape=0.5327
[21:49:32] warmStart 66% (1564/2341) regret=0.098350 ape=0.5327
[21:49:32] warmStart 66% (1565/2341) regret=0.098350 ape=0.5327
[21:49:33] warmStart 66% (1566/2341) regret=0.098350 ape=0.5327
[21:49:33] warmStart 66% (1567/2341) regret=0.098350 ape=0.5327
[21:49:33] warmStart 66% (1568/2341) regret=0.098350 ape=0.5327
[21:49:33] warmStart 67% (1569/2341) regret=0.098350 ape=0.5327
[21:49:33] warmStart 67% (1570/2341) regret=0.098350 ape=0.5327
[21:49:34] warmStart 67% (1571/2341) regret=0.098350 ape=0.5327
[21:49:34] warmStart 67% (1572/2341) regret=0.098350 ape=0.5327
[21:49:34] warmStart 67% (1573/2341) regret=0.098350 ape=0.5327
[21:49:34] warmStart 67% (1574/2341) regret=0.098350 ape=0.5327
[21:49:34] warmStart 67% (1575/2341) regret=0.098350 ape=0.5327
[21:49:34] warmStart 67% (1576/2341) regret=0.098350 ape=0.5327
[21:49:35] warmStart 67% (1577/2341) regret=0.098350 ape=0.5327
[21:49:35] warmStart 67% (1578/2341) regret=0.098350 ape=0.5327
[21:49:35] warmStart 67% (1579/2341) regret=0.098350 ape=0.5327
[21:49:35] warmStart 67% (1580/2341) regret=0.098350 ape=0.5327
[21:49:35] warmStart 67% (1581/2341) regret=0.098350 ape=0.5327
[21:49:35] warmStart 67% (1582/2341) regret=0.098350 ape=0.5327
[21:49:36] warmStart 67% (1583/2341) regret=0.098350 ape=0.5327
[21:49:36] warmStart 67% (1584/2341) regret=0.098442 ape=0.5336
[21:49:36] warmStart 67% (1585/2341) regret=0.098350 ape=0.5327
[21:49:36] warmStart 67% (1586/2341) regret=0.098350 ape=0.5327
[21:49:36] warmStart 67% (1587/2341) regret=0.098350 ape=0.5327
[21:49:37] warmStart 67% (1588/2341) regret=0.098350 ape=0.5327
[21:49:37] warmStart 67% (1589/2341) regret=0.098350 ape=0.5327
[21:49:37] warmStart 67% (1590/2341) regret=0.098368 ape=0.5327
[21:49:37] warmStart 67% (1591/2341) regret=0.098350 ape=0.5327
[21:49:37] warmStart 68% (1592/2341) regret=0.098350 ape=0.5327
[21:49:37] warmStart 68% (1593/2341) regret=0.098350 ape=0.5327
[21:49:38] warmStart 68% (1594/2341) regret=0.098350 ape=0.5327
[21:49:38] warmStart 68% (1595/2341) regret=0.098350 ape=0.5327
[21:49:38] warmStart 68% (1596/2341) regret=0.098350 ape=0.5327
[21:49:38] warmStart 68% (1597/2341) regret=0.098350 ape=0.5327
[21:49:38] warmStart 68% (1598/2341) regret=0.098350 ape=0.5327
[21:49:39] warmStart 68% (1599/2341) regret=0.098258 ape=0.5327
[21:49:39] warmStart 68% (1600/2341) regret=0.098350 ape=0.5327
[21:49:39] warmStart 68% (1601/2341) regret=0.098350 ape=0.5327
[21:49:39] warmStart 68% (1602/2341) regret=0.098350 ape=0.5327
[21:49:39] warmStart 68% (1603/2341) regret=0.098378 ape=0.5327
[21:49:39] warmStart 68% (1604/2341) regret=0.098350 ape=0.5327
[21:49:40] warmStart 68% (1605/2341) regret=0.098350 ape=0.5327
[21:49:40] warmStart 68% (1606/2341) regret=0.098350 ape=0.5327
[21:49:40] warmStart 68% (1607/2341) regret=0.098350 ape=0.5327
[21:49:40] warmStart 68% (1608/2341) regret=0.098350 ape=0.5327
[21:49:40] warmStart 68% (1609/2341) regret=0.098350 ape=0.5327
[21:49:40] warmStart 68% (1610/2341) regret=0.098350 ape=0.5327
[21:49:41] warmStart 68% (1611/2341) regret=0.098350 ape=0.5327
[21:49:41] warmStart 68% (1612/2341) regret=0.098064 ape=0.5318
[21:49:41] warmStart 68% (1613/2341) regret=0.098064 ape=0.5318
[21:49:41] warmStart 68% (1614/2341) regret=0.098064 ape=0.5318
[21:49:41] warmStart 68% (1615/2341) regret=0.098064 ape=0.5318
[21:49:42] warmStart 69% (1616/2341) regret=0.098064 ape=0.5318
[21:49:42] warmStart 69% (1617/2341) regret=0.098064 ape=0.5318
[21:49:42] warmStart 69% (1618/2341) regret=0.098064 ape=0.5318
[21:49:42] warmStart 69% (1619/2341) regret=0.098064 ape=0.5318
[21:49:42] warmStart 69% (1620/2341) regret=0.098064 ape=0.5318
[21:49:43] warmStart 69% (1621/2341) regret=0.098064 ape=0.5318
[21:49:43] warmStart 69% (1622/2341) regret=0.098064 ape=0.5318
[21:49:43] warmStart 69% (1623/2341) regret=0.098083 ape=0.5318
[21:49:43] warmStart 69% (1624/2341) regret=0.098064 ape=0.5318
[21:49:43] warmStart 69% (1625/2341) regret=0.098083 ape=0.5318
[21:49:43] warmStart 69% (1626/2341) regret=0.098064 ape=0.5318
[21:49:44] warmStart 69% (1627/2341) regret=0.098064 ape=0.5318
[21:49:44] warmStart 69% (1628/2341) regret=0.098064 ape=0.5318
[21:49:44] warmStart 69% (1629/2341) regret=0.098064 ape=0.5318
[21:49:44] warmStart 69% (1630/2341) regret=0.098064 ape=0.5318
[21:49:44] warmStart 69% (1631/2341) regret=0.098064 ape=0.5318
[21:49:44] warmStart 69% (1632/2341) regret=0.098064 ape=0.5318
[21:49:45] warmStart 69% (1633/2341) regret=0.098064 ape=0.5318
[21:49:45] warmStart 69% (1634/2341) regret=0.098064 ape=0.5318
[21:49:45] warmStart 69% (1635/2341) regret=0.098064 ape=0.5318
[21:49:45] warmStart 69% (1636/2341) regret=0.098064 ape=0.5318
[21:49:45] warmStart 69% (1637/2341) regret=0.098064 ape=0.5318
[21:49:46] warmStart 69% (1638/2341) regret=0.098064 ape=0.5318
[21:49:46] warmStart 70% (1639/2341) regret=0.098064 ape=0.5318
[21:49:46] warmStart 70% (1640/2341) regret=0.098064 ape=0.5318
[21:49:46] warmStart 70% (1641/2341) regret=0.098064 ape=0.5318
[21:49:46] warmStart 70% (1642/2341) regret=0.098064 ape=0.5318
[21:49:46] warmStart 70% (1643/2341) regret=0.098064 ape=0.5318
[21:49:47] warmStart 70% (1644/2341) regret=0.098064 ape=0.5318
[21:49:47] warmStart 70% (1645/2341) regret=0.098064 ape=0.5318
[21:49:47] warmStart 70% (1646/2341) regret=0.098064 ape=0.5318
[21:49:47] warmStart 70% (1647/2341) regret=0.098064 ape=0.5318
[21:49:47] warmStart 70% (1648/2341) regret=0.098064 ape=0.5318
[21:49:47] warmStart 70% (1649/2341) regret=0.098064 ape=0.5318
[21:49:48] warmStart 70% (1650/2341) regret=0.098064 ape=0.5318
[21:49:48] warmStart 70% (1651/2341) regret=0.098064 ape=0.5318
[21:49:48] warmStart 70% (1652/2341) regret=0.098064 ape=0.5318
[21:49:48] warmStart 70% (1653/2341) regret=0.098064 ape=0.5318
[21:49:48] warmStart 70% (1654/2341) regret=0.098064 ape=0.5318
[21:49:49] warmStart 70% (1655/2341) regret=0.098064 ape=0.5318
[21:49:49] warmStart 70% (1656/2341) regret=0.098064 ape=0.5318
[21:49:49] warmStart 70% (1657/2341) regret=0.098064 ape=0.5318
[21:49:49] warmStart 70% (1658/2341) regret=0.098083 ape=0.5318
[21:49:49] warmStart 70% (1659/2341) regret=0.098064 ape=0.5318
[21:49:49] warmStart 70% (1660/2341) regret=0.098064 ape=0.5318
[21:49:50] warmStart 70% (1661/2341) regret=0.098064 ape=0.5318
[21:49:50] warmStart 70% (1662/2341) regret=0.098064 ape=0.5318
[21:49:50] warmStart 71% (1663/2341) regret=0.098064 ape=0.5318
[21:49:50] warmStart 71% (1664/2341) regret=0.098064 ape=0.5318
[21:49:50] warmStart 71% (1665/2341) regret=0.098064 ape=0.5318
[21:49:50] warmStart 71% (1666/2341) regret=0.098064 ape=0.5318
[21:49:51] warmStart 71% (1667/2341) regret=0.098166 ape=0.5318
[21:49:51] warmStart 71% (1668/2341) regret=0.098064 ape=0.5318
[21:49:51] warmStart 71% (1669/2341) regret=0.098064 ape=0.5318
[21:49:51] warmStart 71% (1670/2341) regret=0.098064 ape=0.5318
[21:49:51] warmStart 71% (1671/2341) regret=0.098064 ape=0.5318
[21:49:52] warmStart 71% (1672/2341) regret=0.098064 ape=0.5318
[21:49:52] warmStart 71% (1673/2341) regret=0.098064 ape=0.5318
[21:49:52] warmStart 71% (1674/2341) regret=0.098064 ape=0.5318
[21:49:52] warmStart 71% (1675/2341) regret=0.098064 ape=0.5318
[21:49:52] warmStart 71% (1676/2341) regret=0.098064 ape=0.5318
[21:49:53] warmStart 71% (1677/2341) regret=0.098083 ape=0.5318
[21:49:53] warmStart 71% (1678/2341) regret=0.098064 ape=0.5318
[21:49:53] warmStart 71% (1679/2341) regret=0.098064 ape=0.5318
[21:49:53] warmStart 71% (1680/2341) regret=0.098064 ape=0.5318
[21:49:53] warmStart 71% (1681/2341) regret=0.098064 ape=0.5318
[21:49:54] warmStart 71% (1682/2341) regret=0.098064 ape=0.5318
[21:49:54] warmStart 71% (1683/2341) regret=0.098064 ape=0.5318
[21:49:54] warmStart 71% (1684/2341) regret=0.098064 ape=0.5318
[21:49:54] warmStart 71% (1685/2341) regret=0.098064 ape=0.5318
[21:49:54] warmStart 72% (1686/2341) regret=0.098064 ape=0.5318
[21:49:54] warmStart 72% (1687/2341) regret=0.098064 ape=0.5318
[21:49:55] warmStart 72% (1688/2341) regret=0.098064 ape=0.5318
[21:49:55] warmStart 72% (1689/2341) regret=0.098064 ape=0.5318
[21:49:55] warmStart 72% (1690/2341) regret=0.098064 ape=0.5318
[21:49:55] warmStart 72% (1691/2341) regret=0.098083 ape=0.5318
[21:49:55] warmStart 72% (1692/2341) regret=0.098064 ape=0.5318
[21:49:55] warmStart 72% (1693/2341) regret=0.098064 ape=0.5318
[21:49:56] warmStart 72% (1694/2341) regret=0.098064 ape=0.5318
[21:49:56] warmStart 72% (1695/2341) regret=0.098064 ape=0.5318
[21:49:56] warmStart 72% (1696/2341) regret=0.098064 ape=0.5318
[21:49:56] warmStart 72% (1697/2341) regret=0.098064 ape=0.5318
[21:49:56] warmStart 72% (1698/2341) regret=0.098064 ape=0.5318
[21:49:57] warmStart 72% (1699/2341) regret=0.098064 ape=0.5318
[21:49:57] warmStart 72% (1700/2341) regret=0.098073 ape=0.5318
[21:49:57] warmStart 72% (1701/2341) regret=0.098064 ape=0.5318
[21:49:57] warmStart 72% (1702/2341) regret=0.098064 ape=0.5318
[21:49:57] warmStart 72% (1703/2341) regret=0.098064 ape=0.5318
[21:49:58] warmStart 72% (1704/2341) regret=0.098064 ape=0.5318
[21:49:58] warmStart 72% (1705/2341) regret=0.098064 ape=0.5318
[21:49:58] warmStart 72% (1706/2341) regret=0.098064 ape=0.5318
[21:49:58] warmStart 72% (1707/2341) regret=0.098064 ape=0.5318
[21:49:58] warmStart 72% (1708/2341) regret=0.098064 ape=0.5318
[21:49:58] warmStart 73% (1709/2341) regret=0.098064 ape=0.5318
[21:49:59] warmStart 73% (1710/2341) regret=0.098064 ape=0.5318
[21:49:59] warmStart 73% (1711/2341) regret=0.098064 ape=0.5318
[21:49:59] warmStart 73% (1712/2341) regret=0.098064 ape=0.5318
[21:49:59] warmStart 73% (1713/2341) regret=0.098064 ape=0.5318
[21:49:59] warmStart 73% (1714/2341) regret=0.098064 ape=0.5318
[21:49:59] warmStart 73% (1715/2341) regret=0.098064 ape=0.5318
[21:50:00] warmStart 73% (1716/2341) regret=0.098166 ape=0.5318
[21:50:00] warmStart 73% (1717/2341) regret=0.098064 ape=0.5318
[21:50:00] warmStart 73% (1718/2341) regret=0.098064 ape=0.5318
[21:50:00] warmStart 73% (1719/2341) regret=0.098179 ape=0.5327
[21:50:00] warmStart 73% (1720/2341) regret=0.098064 ape=0.5318
[21:50:01] warmStart 73% (1721/2341) regret=0.098064 ape=0.5318
[21:50:01] warmStart 73% (1722/2341) regret=0.098064 ape=0.5318
[21:50:01] warmStart 73% (1723/2341) regret=0.098064 ape=0.5318
[21:50:01] warmStart 73% (1724/2341) regret=0.098064 ape=0.5318
[21:50:01] warmStart 73% (1725/2341) regret=0.098064 ape=0.5318
[21:50:01] warmStart 73% (1726/2341) regret=0.098064 ape=0.5318
[21:50:02] warmStart 73% (1727/2341) regret=0.098092 ape=0.5318
[21:50:02] warmStart 73% (1728/2341) regret=0.098083 ape=0.5327
[21:50:02] warmStart 73% (1729/2341) regret=0.098064 ape=0.5318
[21:50:02] warmStart 73% (1730/2341) regret=0.098064 ape=0.5318
[21:50:02] warmStart 73% (1731/2341) regret=0.097972 ape=0.5318
[21:50:02] warmStart 73% (1732/2341) regret=0.098064 ape=0.5318
[21:50:03] warmStart 74% (1733/2341) regret=0.098064 ape=0.5318
[21:50:03] warmStart 74% (1734/2341) regret=0.098064 ape=0.5318
[21:50:03] warmStart 74% (1735/2341) regret=0.098064 ape=0.5318
[21:50:03] warmStart 74% (1736/2341) regret=0.098064 ape=0.5318
[21:50:03] warmStart 74% (1737/2341) regret=0.098064 ape=0.5318
[21:50:04] warmStart 74% (1738/2341) regret=0.098064 ape=0.5318
[21:50:04] warmStart 74% (1739/2341) regret=0.098064 ape=0.5318
[21:50:04] warmStart 74% (1740/2341) regret=0.098064 ape=0.5318
[21:50:04] warmStart 74% (1741/2341) regret=0.098064 ape=0.5318
[21:50:04] warmStart 74% (1742/2341) regret=0.098064 ape=0.5318
[21:50:04] warmStart 74% (1743/2341) regret=0.098064 ape=0.5318
[21:50:05] warmStart 74% (1744/2341) regret=0.098064 ape=0.5318
[21:50:05] warmStart 74% (1745/2341) regret=0.098064 ape=0.5318
[21:50:05] warmStart 74% (1746/2341) regret=0.098064 ape=0.5318
[21:50:05] warmStart 74% (1747/2341) regret=0.098064 ape=0.5318
[21:50:05] warmStart 74% (1748/2341) regret=0.098064 ape=0.5318
[21:50:06] warmStart 74% (1749/2341) regret=0.097972 ape=0.5318
[21:50:06] warmStart 74% (1750/2341) regret=0.098064 ape=0.5318
[21:50:06] warmStart 74% (1751/2341) regret=0.098064 ape=0.5318
[21:50:06] warmStart 74% (1752/2341) regret=0.098064 ape=0.5318
[21:50:06] warmStart 74% (1753/2341) regret=0.098064 ape=0.5318
[21:50:06] warmStart 74% (1754/2341) regret=0.098064 ape=0.5318
[21:50:07] warmStart 74% (1755/2341) regret=0.098064 ape=0.5318
[21:50:07] warmStart 75% (1756/2341) regret=0.098064 ape=0.5318
[21:50:07] warmStart 75% (1757/2341) regret=0.098064 ape=0.5318
[21:50:07] warmStart 75% (1758/2341) regret=0.098064 ape=0.5318
[21:50:07] warmStart 75% (1759/2341) regret=0.098064 ape=0.5318
[21:50:08] warmStart 75% (1760/2341) regret=0.098064 ape=0.5318
[21:50:08] warmStart 75% (1761/2341) regret=0.098064 ape=0.5318
[21:50:08] warmStart 75% (1762/2341) regret=0.098064 ape=0.5318
[21:50:08] warmStart 75% (1763/2341) regret=0.098064 ape=0.5318
[21:50:08] warmStart 75% (1764/2341) regret=0.098064 ape=0.5318
[21:50:08] warmStart 75% (1765/2341) regret=0.098064 ape=0.5318
[21:50:09] warmStart 75% (1766/2341) regret=0.098064 ape=0.5318
[21:50:09] warmStart 75% (1767/2341) regret=0.098179 ape=0.5327
[21:50:09] warmStart 75% (1768/2341) regret=0.098064 ape=0.5318
[21:50:09] warmStart 75% (1769/2341) regret=0.098064 ape=0.5318
[21:50:09] warmStart 75% (1770/2341) regret=0.098064 ape=0.5318
[21:50:10] warmStart 75% (1771/2341) regret=0.098064 ape=0.5318
[21:50:10] warmStart 75% (1772/2341) regret=0.098064 ape=0.5318
[21:50:10] warmStart 75% (1773/2341) regret=0.097760 ape=0.5309
[21:50:10] warmStart 75% (1774/2341) regret=0.098064 ape=0.5318
[21:50:10] warmStart 75% (1775/2341) regret=0.098064 ape=0.5318
[21:50:10] warmStart 75% (1776/2341) regret=0.098064 ape=0.5318
[21:50:11] warmStart 75% (1777/2341) regret=0.098064 ape=0.5318
[21:50:11] warmStart 75% (1778/2341) regret=0.098064 ape=0.5318
[21:50:11] warmStart 75% (1779/2341) regret=0.098064 ape=0.5318
[21:50:11] warmStart 76% (1780/2341) regret=0.098064 ape=0.5318
[21:50:11] warmStart 76% (1781/2341) regret=0.098064 ape=0.5318
[21:50:11] warmStart 76% (1782/2341) regret=0.098064 ape=0.5318
[21:50:12] warmStart 76% (1783/2341) regret=0.098064 ape=0.5318
[21:50:12] warmStart 76% (1784/2341) regret=0.098166 ape=0.5318
[21:50:12] warmStart 76% (1785/2341) regret=0.098064 ape=0.5318
[21:50:12] warmStart 76% (1786/2341) regret=0.098064 ape=0.5318
[21:50:12] warmStart 76% (1787/2341) regret=0.098064 ape=0.5318
[21:50:13] warmStart 76% (1788/2341) regret=0.098064 ape=0.5318
[21:50:13] warmStart 76% (1789/2341) regret=0.098064 ape=0.5318
[21:50:13] warmStart 76% (1790/2341) regret=0.098064 ape=0.5318
[21:50:13] warmStart 76% (1791/2341) regret=0.098064 ape=0.5318
[21:50:13] warmStart 76% (1792/2341) regret=0.098064 ape=0.5318
[21:50:13] warmStart 76% (1793/2341) regret=0.098064 ape=0.5318
[21:50:14] warmStart 76% (1794/2341) regret=0.098064 ape=0.5318
[21:50:14] warmStart 76% (1795/2341) regret=0.098064 ape=0.5318
[21:50:14] warmStart 76% (1796/2341) regret=0.098064 ape=0.5318
[21:50:14] warmStart 76% (1797/2341) regret=0.098064 ape=0.5318
[21:50:14] warmStart 76% (1798/2341) regret=0.098064 ape=0.5318
[21:50:15] warmStart 76% (1799/2341) regret=0.098064 ape=0.5318
[21:50:15] warmStart 76% (1800/2341) regret=0.098064 ape=0.5318
[21:50:15] warmStart 76% (1801/2341) regret=0.098064 ape=0.5318
[21:50:15] warmStart 76% (1802/2341) regret=0.098064 ape=0.5318
[21:50:15] warmStart 77% (1803/2341) regret=0.098064 ape=0.5318
[21:50:15] warmStart 77% (1804/2341) regret=0.098064 ape=0.5318
[21:50:16] warmStart 77% (1805/2341) regret=0.098064 ape=0.5318
[21:50:16] warmStart 77% (1806/2341) regret=0.098064 ape=0.5318
[21:50:16] warmStart 77% (1807/2341) regret=0.098064 ape=0.5318
[21:50:16] warmStart 77% (1808/2341) regret=0.098064 ape=0.5318
[21:50:16] warmStart 77% (1809/2341) regret=0.097972 ape=0.5318
[21:50:16] warmStart 77% (1810/2341) regret=0.098064 ape=0.5318
[21:50:17] warmStart 77% (1811/2341) regret=0.098064 ape=0.5318
[21:50:17] warmStart 77% (1812/2341) regret=0.098064 ape=0.5318
[21:50:17] warmStart 77% (1813/2341) regret=0.097991 ape=0.5318
[21:50:17] warmStart 77% (1814/2341) regret=0.097991 ape=0.5318
[21:50:17] warmStart 77% (1815/2341) regret=0.097991 ape=0.5318
[21:50:18] warmStart 77% (1816/2341) regret=0.097991 ape=0.5318
[21:50:18] warmStart 77% (1817/2341) regret=0.097991 ape=0.5318
[21:50:18] warmStart 77% (1818/2341) regret=0.097991 ape=0.5318
[21:50:18] warmStart 77% (1819/2341) regret=0.097991 ape=0.5318
[21:50:18] warmStart 77% (1820/2341) regret=0.097991 ape=0.5318
[21:50:18] warmStart 77% (1821/2341) regret=0.097991 ape=0.5318
[21:50:19] warmStart 77% (1822/2341) regret=0.097991 ape=0.5318
[21:50:19] warmStart 77% (1823/2341) regret=0.097991 ape=0.5318
[21:50:19] warmStart 77% (1824/2341) regret=0.097991 ape=0.5318
[21:50:19] warmStart 77% (1825/2341) regret=0.097991 ape=0.5318
[21:50:19] warmStart 78% (1826/2341) regret=0.097991 ape=0.5318
[21:50:20] warmStart 78% (1827/2341) regret=0.097991 ape=0.5318
[21:50:20] warmStart 78% (1828/2341) regret=0.097898 ape=0.5318
[21:50:20] warmStart 78% (1829/2341) regret=0.097991 ape=0.5318
[21:50:20] warmStart 78% (1830/2341) regret=0.097991 ape=0.5318
[21:50:20] warmStart 78% (1831/2341) regret=0.097991 ape=0.5318
[21:50:20] warmStart 78% (1832/2341) regret=0.097991 ape=0.5318
[21:50:21] warmStart 78% (1833/2341) regret=0.097991 ape=0.5318
[21:50:21] warmStart 78% (1834/2341) regret=0.097991 ape=0.5318
[21:50:21] warmStart 78% (1835/2341) regret=0.097991 ape=0.5318
[21:50:21] warmStart 78% (1836/2341) regret=0.097991 ape=0.5318
[21:50:21] warmStart 78% (1837/2341) regret=0.097991 ape=0.5318
[21:50:22] warmStart 78% (1838/2341) regret=0.097991 ape=0.5318
[21:50:22] warmStart 78% (1839/2341) regret=0.097991 ape=0.5318
[21:50:22] warmStart 78% (1840/2341) regret=0.097991 ape=0.5318
[21:50:22] warmStart 78% (1841/2341) regret=0.097991 ape=0.5318
[21:50:22] warmStart 78% (1842/2341) regret=0.097991 ape=0.5318
[21:50:22] warmStart 78% (1843/2341) regret=0.097991 ape=0.5318
[21:50:23] warmStart 78% (1844/2341) regret=0.097991 ape=0.5318
[21:50:23] warmStart 78% (1845/2341) regret=0.097991 ape=0.5318
[21:50:23] warmStart 78% (1846/2341) regret=0.097991 ape=0.5318
[21:50:23] warmStart 78% (1847/2341) regret=0.097991 ape=0.5318
[21:50:23] warmStart 78% (1848/2341) regret=0.097991 ape=0.5318
[21:50:23] warmStart 78% (1849/2341) regret=0.097991 ape=0.5318
[21:50:24] warmStart 79% (1850/2341) regret=0.097991 ape=0.5318
[21:50:24] warmStart 79% (1851/2341) regret=0.097991 ape=0.5318
[21:50:24] warmStart 79% (1852/2341) regret=0.097991 ape=0.5318
[21:50:24] warmStart 79% (1853/2341) regret=0.097991 ape=0.5318
[21:50:24] warmStart 79% (1854/2341) regret=0.097991 ape=0.5318
[21:50:25] warmStart 79% (1855/2341) regret=0.097991 ape=0.5318
[21:50:25] warmStart 79% (1856/2341) regret=0.097991 ape=0.5318
[21:50:25] warmStart 79% (1857/2341) regret=0.097991 ape=0.5318
[21:50:25] warmStart 79% (1858/2341) regret=0.097991 ape=0.5318
[21:50:25] warmStart 79% (1859/2341) regret=0.097991 ape=0.5318
[21:50:25] warmStart 79% (1860/2341) regret=0.097991 ape=0.5318
[21:50:26] warmStart 79% (1861/2341) regret=0.097991 ape=0.5318
[21:50:26] warmStart 79% (1862/2341) regret=0.097991 ape=0.5318
[21:50:26] warmStart 79% (1863/2341) regret=0.097991 ape=0.5318
[21:50:26] warmStart 79% (1864/2341) regret=0.097991 ape=0.5318
[21:50:26] warmStart 79% (1865/2341) regret=0.097991 ape=0.5318
[21:50:27] warmStart 79% (1866/2341) regret=0.097991 ape=0.5318
[21:50:27] warmStart 79% (1867/2341) regret=0.097991 ape=0.5318
[21:50:27] warmStart 79% (1868/2341) regret=0.097991 ape=0.5318
[21:50:27] warmStart 79% (1869/2341) regret=0.097991 ape=0.5318
[21:50:27] warmStart 79% (1870/2341) regret=0.097898 ape=0.5318
[21:50:27] warmStart 79% (1871/2341) regret=0.097991 ape=0.5318
[21:50:28] warmStart 79% (1872/2341) regret=0.097991 ape=0.5318
[21:50:28] warmStart 80% (1873/2341) regret=0.097991 ape=0.5318
[21:50:28] warmStart 80% (1874/2341) regret=0.097991 ape=0.5318
[21:50:28] warmStart 80% (1875/2341) regret=0.097991 ape=0.5318
[21:50:28] warmStart 80% (1876/2341) regret=0.097991 ape=0.5318
[21:50:29] warmStart 80% (1877/2341) regret=0.097991 ape=0.5318
[21:50:29] warmStart 80% (1878/2341) regret=0.097991 ape=0.5318
[21:50:29] warmStart 80% (1879/2341) regret=0.097991 ape=0.5318
[21:50:29] warmStart 80% (1880/2341) regret=0.097991 ape=0.5318
[21:50:29] warmStart 80% (1881/2341) regret=0.097991 ape=0.5318
[21:50:29] warmStart 80% (1882/2341) regret=0.097991 ape=0.5318
[21:50:30] warmStart 80% (1883/2341) regret=0.097991 ape=0.5318
[21:50:30] warmStart 80% (1884/2341) regret=0.097991 ape=0.5318
[21:50:30] warmStart 80% (1885/2341) regret=0.097991 ape=0.5318
[21:50:30] warmStart 80% (1886/2341) regret=0.097991 ape=0.5318
[21:50:30] warmStart 80% (1887/2341) regret=0.097991 ape=0.5318
[21:50:30] warmStart 80% (1888/2341) regret=0.097991 ape=0.5318
[21:50:31] warmStart 80% (1889/2341) regret=0.097991 ape=0.5318
[21:50:31] warmStart 80% (1890/2341) regret=0.097991 ape=0.5318
[21:50:31] warmStart 80% (1891/2341) regret=0.097991 ape=0.5318
[21:50:31] warmStart 80% (1892/2341) regret=0.097686 ape=0.5309
[21:50:31] warmStart 80% (1893/2341) regret=0.097686 ape=0.5309
[21:50:32] warmStart 80% (1894/2341) regret=0.097991 ape=0.5318
[21:50:32] warmStart 80% (1895/2341) regret=0.097991 ape=0.5318
[21:50:32] warmStart 80% (1896/2341) regret=0.097991 ape=0.5318
[21:50:32] warmStart 81% (1897/2341) regret=0.097991 ape=0.5318
[21:50:32] warmStart 81% (1898/2341) regret=0.098009 ape=0.5318
[21:50:32] warmStart 81% (1899/2341) regret=0.097991 ape=0.5318
[21:50:33] warmStart 81% (1900/2341) regret=0.097991 ape=0.5318
[21:50:33] warmStart 81% (1901/2341) regret=0.098009 ape=0.5318
[21:50:33] warmStart 81% (1902/2341) regret=0.097991 ape=0.5318
[21:50:33] warmStart 81% (1903/2341) regret=0.097958 ape=0.5318
[21:50:33] warmStart 81% (1904/2341) regret=0.097991 ape=0.5318
[21:50:34] warmStart 81% (1905/2341) regret=0.097991 ape=0.5318
[21:50:34] warmStart 81% (1906/2341) regret=0.097991 ape=0.5318
[21:50:34] warmStart 81% (1907/2341) regret=0.097991 ape=0.5318
[21:50:34] warmStart 81% (1908/2341) regret=0.097991 ape=0.5318
[21:50:34] warmStart 81% (1909/2341) regret=0.097991 ape=0.5318
[21:50:34] warmStart 81% (1910/2341) regret=0.097991 ape=0.5318
[21:50:35] warmStart 81% (1911/2341) regret=0.097991 ape=0.5318
[21:50:35] warmStart 81% (1912/2341) regret=0.097991 ape=0.5318
[21:50:35] warmStart 81% (1913/2341) regret=0.097991 ape=0.5318
[21:50:35] warmStart 81% (1914/2341) regret=0.098092 ape=0.5318
[21:50:35] warmStart 81% (1915/2341) regret=0.097991 ape=0.5318
[21:50:35] warmStart 81% (1916/2341) regret=0.097991 ape=0.5318
[21:50:36] warmStart 81% (1917/2341) regret=0.097991 ape=0.5318
[21:50:36] warmStart 81% (1918/2341) regret=0.097991 ape=0.5318
[21:50:36] warmStart 81% (1919/2341) regret=0.097991 ape=0.5318
[21:50:36] warmStart 82% (1920/2341) regret=0.097991 ape=0.5318
[21:50:36] warmStart 82% (1921/2341) regret=0.097991 ape=0.5318
[21:50:37] warmStart 82% (1922/2341) regret=0.097991 ape=0.5318
[21:50:37] warmStart 82% (1923/2341) regret=0.097631 ape=0.5318
[21:50:37] warmStart 82% (1924/2341) regret=0.097631 ape=0.5318
[21:50:37] warmStart 82% (1925/2341) regret=0.097631 ape=0.5318
[21:50:37] warmStart 82% (1926/2341) regret=0.097631 ape=0.5318
[21:50:38] warmStart 82% (1927/2341) regret=0.097631 ape=0.5318
[21:50:38] warmStart 82% (1928/2341) regret=0.097631 ape=0.5318
[21:50:38] warmStart 82% (1929/2341) regret=0.097631 ape=0.5318
[21:50:38] warmStart 82% (1930/2341) regret=0.097631 ape=0.5318
[21:50:38] warmStart 82% (1931/2341) regret=0.097631 ape=0.5318
[21:50:38] warmStart 82% (1932/2341) regret=0.097631 ape=0.5318
[21:50:39] warmStart 82% (1933/2341) regret=0.097631 ape=0.5318
[21:50:39] warmStart 82% (1934/2341) regret=0.097631 ape=0.5318
[21:50:39] warmStart 82% (1935/2341) regret=0.097631 ape=0.5318
[21:50:39] warmStart 82% (1936/2341) regret=0.097631 ape=0.5318
[21:50:39] warmStart 82% (1937/2341) regret=0.097631 ape=0.5318
[21:50:40] warmStart 82% (1938/2341) regret=0.097539 ape=0.5318
[21:50:40] warmStart 82% (1939/2341) regret=0.097631 ape=0.5318
[21:50:40] warmStart 82% (1940/2341) regret=0.097631 ape=0.5318
[21:50:40] warmStart 82% (1941/2341) regret=0.097631 ape=0.5318
[21:50:40] warmStart 82% (1942/2341) regret=0.097622 ape=0.5318
[21:50:40] warmStart 82% (1943/2341) regret=0.097631 ape=0.5318
[21:50:41] warmStart 83% (1944/2341) regret=0.097631 ape=0.5318
[21:50:41] warmStart 83% (1945/2341) regret=0.097315 ape=0.5309
[21:50:41] warmStart 83% (1946/2341) regret=0.097315 ape=0.5309
[21:50:41] warmStart 83% (1947/2341) regret=0.097315 ape=0.5309
[21:50:41] warmStart 83% (1948/2341) regret=0.097315 ape=0.5309
[21:50:42] warmStart 83% (1949/2341) regret=0.097315 ape=0.5309
[21:50:42] warmStart 83% (1950/2341) regret=0.097315 ape=0.5309
[21:50:42] warmStart 83% (1951/2341) regret=0.097315 ape=0.5309
[21:50:42] warmStart 83% (1952/2341) regret=0.097315 ape=0.5309
[21:50:42] warmStart 83% (1953/2341) regret=0.097315 ape=0.5309
[21:50:42] warmStart 83% (1954/2341) regret=0.097315 ape=0.5309
[21:50:43] warmStart 83% (1955/2341) regret=0.097315 ape=0.5309
[21:50:43] warmStart 83% (1956/2341) regret=0.097315 ape=0.5309
[21:50:43] warmStart 83% (1957/2341) regret=0.097315 ape=0.5309
[21:50:43] warmStart 83% (1958/2341) regret=0.097315 ape=0.5309
[21:50:43] warmStart 83% (1959/2341) regret=0.097315 ape=0.5309
[21:50:43] warmStart 83% (1960/2341) regret=0.097315 ape=0.5309
[21:50:44] warmStart 83% (1961/2341) regret=0.097315 ape=0.5309
[21:50:44] warmStart 83% (1962/2341) regret=0.097315 ape=0.5309
[21:50:44] warmStart 83% (1963/2341) regret=0.097315 ape=0.5309
[21:50:44] warmStart 83% (1964/2341) regret=0.097315 ape=0.5309
[21:50:44] warmStart 83% (1965/2341) regret=0.097315 ape=0.5309
[21:50:45] warmStart 83% (1966/2341) regret=0.097315 ape=0.5309
[21:50:45] warmStart 84% (1967/2341) regret=0.097282 ape=0.5309
[21:50:45] warmStart 84% (1968/2341) regret=0.097315 ape=0.5309
[21:50:45] warmStart 84% (1969/2341) regret=0.097315 ape=0.5309
[21:50:45] warmStart 84% (1970/2341) regret=0.097315 ape=0.5309
[21:50:45] warmStart 84% (1971/2341) regret=0.097315 ape=0.5309
[21:50:46] warmStart 84% (1972/2341) regret=0.097315 ape=0.5309
[21:50:46] warmStart 84% (1973/2341) regret=0.097315 ape=0.5309
[21:50:46] warmStart 84% (1974/2341) regret=0.097315 ape=0.5309
[21:50:46] warmStart 84% (1975/2341) regret=0.097315 ape=0.5309
[21:50:46] warmStart 84% (1976/2341) regret=0.097315 ape=0.5309
[21:50:47] warmStart 84% (1977/2341) regret=0.097315 ape=0.5309
[21:50:47] warmStart 84% (1978/2341) regret=0.097282 ape=0.5309
[21:50:47] warmStart 84% (1979/2341) regret=0.097282 ape=0.5309
[21:50:47] warmStart 84% (1980/2341) regret=0.097282 ape=0.5309
[21:50:47] warmStart 84% (1981/2341) regret=0.097301 ape=0.5309
[21:50:47] warmStart 84% (1982/2341) regret=0.097282 ape=0.5309
[21:50:48] warmStart 84% (1983/2341) regret=0.097282 ape=0.5309
[21:50:48] warmStart 84% (1984/2341) regret=0.097282 ape=0.5309
[21:50:48] warmStart 84% (1985/2341) regret=0.097282 ape=0.5309
[21:50:48] warmStart 84% (1986/2341) regret=0.097282 ape=0.5309
[21:50:48] warmStart 84% (1987/2341) regret=0.097282 ape=0.5309
[21:50:49] warmStart 84% (1988/2341) regret=0.097282 ape=0.5309
[21:50:49] warmStart 84% (1989/2341) regret=0.097315 ape=0.5309
[21:50:49] warmStart 85% (1990/2341) regret=0.097315 ape=0.5309
[21:50:49] warmStart 85% (1991/2341) regret=0.097315 ape=0.5309
[21:50:49] warmStart 85% (1992/2341) regret=0.097315 ape=0.5309
[21:50:49] warmStart 85% (1993/2341) regret=0.097315 ape=0.5309
[21:50:50] warmStart 85% (1994/2341) regret=0.097315 ape=0.5309
[21:50:50] warmStart 85% (1995/2341) regret=0.097315 ape=0.5309
[21:50:50] warmStart 85% (1996/2341) regret=0.097315 ape=0.5309
[21:50:50] warmStart 85% (1997/2341) regret=0.097315 ape=0.5309
[21:50:50] warmStart 85% (1998/2341) regret=0.097453 ape=0.5318
[21:50:50] warmStart 85% (1999/2341) regret=0.097453 ape=0.5318
[21:50:51] warmStart 85% (2000/2341) regret=0.097453 ape=0.5318
[21:50:51] warmStart 85% (2001/2341) regret=0.097453 ape=0.5318
[21:50:51] warmStart 85% (2002/2341) regret=0.097453 ape=0.5318
[21:50:51] warmStart 85% (2003/2341) regret=0.097453 ape=0.5318
[21:50:51] warmStart 85% (2004/2341) regret=0.097453 ape=0.5318
[21:50:52] warmStart 85% (2005/2341) regret=0.097453 ape=0.5318
[21:50:52] warmStart 85% (2006/2341) regret=0.097545 ape=0.5327
[21:50:52] warmStart 85% (2007/2341) regret=0.097453 ape=0.5318
[21:50:52] warmStart 85% (2008/2341) regret=0.097453 ape=0.5318
[21:50:52] warmStart 85% (2009/2341) regret=0.097453 ape=0.5318
[21:50:53] warmStart 85% (2010/2341) regret=0.097453 ape=0.5318
[21:50:53] warmStart 85% (2011/2341) regret=0.097453 ape=0.5318
[21:50:53] warmStart 85% (2012/2341) regret=0.097453 ape=0.5318
[21:50:53] warmStart 85% (2013/2341) regret=0.097453 ape=0.5318
[21:50:53] warmStart 86% (2014/2341) regret=0.097453 ape=0.5318
[21:50:53] warmStart 86% (2015/2341) regret=0.097453 ape=0.5318
[21:50:54] warmStart 86% (2016/2341) regret=0.097522 ape=0.5318
[21:50:54] warmStart 86% (2017/2341) regret=0.097421 ape=0.5318
[21:50:54] warmStart 86% (2018/2341) regret=0.097421 ape=0.5318
[21:50:54] warmStart 86% (2019/2341) regret=0.097421 ape=0.5318
[21:50:54] warmStart 86% (2020/2341) regret=0.097421 ape=0.5318
[21:50:54] warmStart 86% (2021/2341) regret=0.097421 ape=0.5318
[21:50:55] warmStart 86% (2022/2341) regret=0.097439 ape=0.5327
[21:50:55] warmStart 86% (2023/2341) regret=0.097421 ape=0.5318
[21:50:55] warmStart 86% (2024/2341) regret=0.097421 ape=0.5318
[21:50:55] warmStart 86% (2025/2341) regret=0.097421 ape=0.5318
[21:50:55] warmStart 86% (2026/2341) regret=0.097421 ape=0.5318
[21:50:56] warmStart 86% (2027/2341) regret=0.097421 ape=0.5318
[21:50:56] warmStart 86% (2028/2341) regret=0.097421 ape=0.5318
[21:50:56] warmStart 86% (2029/2341) regret=0.097421 ape=0.5318
[21:50:56] warmStart 86% (2030/2341) regret=0.097421 ape=0.5318
[21:50:56] warmStart 86% (2031/2341) regret=0.097421 ape=0.5318
[21:50:56] warmStart 86% (2032/2341) regret=0.097421 ape=0.5318
[21:50:57] warmStart 86% (2033/2341) regret=0.097421 ape=0.5318
[21:50:57] warmStart 86% (2034/2341) regret=0.097421 ape=0.5318
[21:50:57] warmStart 86% (2035/2341) regret=0.097421 ape=0.5318
[21:50:57] warmStart 86% (2036/2341) regret=0.097421 ape=0.5318
[21:50:57] warmStart 87% (2037/2341) regret=0.097421 ape=0.5318
[21:50:58] warmStart 87% (2038/2341) regret=0.097210 ape=0.5318
[21:50:58] warmStart 87% (2039/2341) regret=0.097210 ape=0.5318
[21:50:58] warmStart 87% (2040/2341) regret=0.097210 ape=0.5318
[21:50:58] warmStart 87% (2041/2341) regret=0.097210 ape=0.5318
[21:50:58] warmStart 87% (2042/2341) regret=0.097210 ape=0.5318
[21:50:58] warmStart 87% (2043/2341) regret=0.097210 ape=0.5318
[21:50:59] warmStart 87% (2044/2341) regret=0.097210 ape=0.5318
[21:50:59] warmStart 87% (2045/2341) regret=0.097210 ape=0.5318
[21:50:59] warmStart 87% (2046/2341) regret=0.097210 ape=0.5318
[21:50:59] warmStart 87% (2047/2341) regret=0.097210 ape=0.5318
[21:50:59] warmStart 87% (2048/2341) regret=0.097210 ape=0.5318
[21:51:00] warmStart 87% (2049/2341) regret=0.097210 ape=0.5318
[21:51:00] warmStart 87% (2050/2341) regret=0.096906 ape=0.5309
[21:51:00] warmStart 87% (2051/2341) regret=0.096906 ape=0.5309
[21:51:00] warmStart 87% (2052/2341) regret=0.096906 ape=0.5309
[21:51:00] warmStart 87% (2053/2341) regret=0.096906 ape=0.5309
[21:51:00] warmStart 87% (2054/2341) regret=0.096906 ape=0.5309
[21:51:01] warmStart 87% (2055/2341) regret=0.096906 ape=0.5309
[21:51:01] warmStart 87% (2056/2341) regret=0.096906 ape=0.5309
[21:51:01] warmStart 87% (2057/2341) regret=0.096906 ape=0.5309
[21:51:01] warmStart 87% (2058/2341) regret=0.096906 ape=0.5309
[21:51:01] warmStart 87% (2059/2341) regret=0.096906 ape=0.5309
[21:51:02] warmStart 87% (2060/2341) regret=0.097007 ape=0.5309
[21:51:02] warmStart 88% (2061/2341) regret=0.096906 ape=0.5309
[21:51:02] warmStart 88% (2062/2341) regret=0.096906 ape=0.5309
[21:51:02] warmStart 88% (2063/2341) regret=0.096906 ape=0.5309
[21:51:02] warmStart 88% (2064/2341) regret=0.096906 ape=0.5309
[21:51:02] warmStart 88% (2065/2341) regret=0.096906 ape=0.5309
[21:51:03] warmStart 88% (2066/2341) regret=0.096906 ape=0.5309
[21:51:03] warmStart 88% (2067/2341) regret=0.097021 ape=0.5318
[21:51:03] warmStart 88% (2068/2341) regret=0.096906 ape=0.5309
[21:51:03] warmStart 88% (2069/2341) regret=0.096906 ape=0.5309
[21:51:03] warmStart 88% (2070/2341) regret=0.096906 ape=0.5309
[21:51:03] warmStart 88% (2071/2341) regret=0.096906 ape=0.5309
[21:51:04] warmStart 88% (2072/2341) regret=0.096906 ape=0.5309
[21:51:04] warmStart 88% (2073/2341) regret=0.096906 ape=0.5309
[21:51:04] warmStart 88% (2074/2341) regret=0.096906 ape=0.5309
[21:51:04] warmStart 88% (2075/2341) regret=0.096906 ape=0.5309
[21:51:04] warmStart 88% (2076/2341) regret=0.096906 ape=0.5309
[21:51:05] warmStart 88% (2077/2341) regret=0.096906 ape=0.5309
[21:51:05] warmStart 88% (2078/2341) regret=0.096906 ape=0.5309
[21:51:05] warmStart 88% (2079/2341) regret=0.096906 ape=0.5309
[21:51:05] warmStart 88% (2080/2341) regret=0.096906 ape=0.5309
[21:51:05] warmStart 88% (2081/2341) regret=0.096906 ape=0.5309
[21:51:05] warmStart 88% (2082/2341) regret=0.096906 ape=0.5309
[21:51:06] warmStart 88% (2083/2341) regret=0.096906 ape=0.5309
[21:51:06] warmStart 89% (2084/2341) regret=0.096906 ape=0.5309
[21:51:06] warmStart 89% (2085/2341) regret=0.096906 ape=0.5309
[21:51:06] warmStart 89% (2086/2341) regret=0.096906 ape=0.5309
[21:51:06] warmStart 89% (2087/2341) regret=0.096906 ape=0.5309
[21:51:07] warmStart 89% (2088/2341) regret=0.096906 ape=0.5309
[21:51:07] warmStart 89% (2089/2341) regret=0.097183 ape=0.5309
[21:51:07] warmStart 89% (2090/2341) regret=0.096906 ape=0.5309
[21:51:07] warmStart 89% (2091/2341) regret=0.096906 ape=0.5309
[21:51:07] warmStart 89% (2092/2341) regret=0.096906 ape=0.5309
[21:51:07] warmStart 89% (2093/2341) regret=0.096906 ape=0.5309
[21:51:08] warmStart 89% (2094/2341) regret=0.096906 ape=0.5309
[21:51:08] warmStart 89% (2095/2341) regret=0.096906 ape=0.5309
[21:51:08] warmStart 89% (2096/2341) regret=0.096906 ape=0.5309
[21:51:08] warmStart 89% (2097/2341) regret=0.096906 ape=0.5309
[21:51:08] warmStart 89% (2098/2341) regret=0.096906 ape=0.5309
[21:51:08] warmStart 89% (2099/2341) regret=0.096906 ape=0.5309
[21:51:09] warmStart 89% (2100/2341) regret=0.096906 ape=0.5309
[21:51:09] warmStart 89% (2101/2341) regret=0.096906 ape=0.5309
[21:51:09] warmStart 89% (2102/2341) regret=0.096906 ape=0.5309
[21:51:09] warmStart 89% (2103/2341) regret=0.096938 ape=0.5309
[21:51:09] warmStart 89% (2104/2341) regret=0.096906 ape=0.5309
[21:51:10] warmStart 89% (2105/2341) regret=0.096906 ape=0.5309
[21:51:10] warmStart 89% (2106/2341) regret=0.096906 ape=0.5309
[21:51:10] warmStart 90% (2107/2341) regret=0.096906 ape=0.5309
[21:51:10] warmStart 90% (2108/2341) regret=0.096906 ape=0.5309
[21:51:10] warmStart 90% (2109/2341) regret=0.096906 ape=0.5309
[21:51:10] warmStart 90% (2110/2341) regret=0.096906 ape=0.5309
[21:51:11] warmStart 90% (2111/2341) regret=0.096906 ape=0.5309
[21:51:11] warmStart 90% (2112/2341) regret=0.096906 ape=0.5309
[21:51:11] warmStart 90% (2113/2341) regret=0.096906 ape=0.5309
[21:51:11] warmStart 90% (2114/2341) regret=0.096906 ape=0.5309
[21:51:11] warmStart 90% (2115/2341) regret=0.096906 ape=0.5309
[21:51:12] warmStart 90% (2116/2341) regret=0.096906 ape=0.5309
[21:51:12] warmStart 90% (2117/2341) regret=0.096906 ape=0.5309
[21:51:12] warmStart 90% (2118/2341) regret=0.096906 ape=0.5309
[21:51:12] warmStart 90% (2119/2341) regret=0.096906 ape=0.5309
[21:51:12] warmStart 90% (2120/2341) regret=0.096906 ape=0.5309
[21:51:12] warmStart 90% (2121/2341) regret=0.096906 ape=0.5309
[21:51:13] warmStart 90% (2122/2341) regret=0.096924 ape=0.5309
[21:51:13] warmStart 90% (2123/2341) regret=0.096906 ape=0.5309
[21:51:13] warmStart 90% (2124/2341) regret=0.096906 ape=0.5309
[21:51:13] warmStart 90% (2125/2341) regret=0.096906 ape=0.5309
[21:51:13] warmStart 90% (2126/2341) regret=0.096906 ape=0.5309
[21:51:14] warmStart 90% (2127/2341) regret=0.096906 ape=0.5309
[21:51:14] warmStart 90% (2128/2341) regret=0.096906 ape=0.5309
[21:51:14] warmStart 90% (2129/2341) regret=0.096906 ape=0.5309
[21:51:14] warmStart 90% (2130/2341) regret=0.096906 ape=0.5309
[21:51:14] warmStart 91% (2131/2341) regret=0.096906 ape=0.5309
[21:51:14] warmStart 91% (2132/2341) regret=0.096856 ape=0.5309
[21:51:15] warmStart 91% (2133/2341) regret=0.096856 ape=0.5309
[21:51:15] warmStart 91% (2134/2341) regret=0.096856 ape=0.5309
[21:51:15] warmStart 91% (2135/2341) regret=0.096875 ape=0.5309
[21:51:15] warmStart 91% (2136/2341) regret=0.096856 ape=0.5309
[21:51:15] warmStart 91% (2137/2341) regret=0.096856 ape=0.5309
[21:51:15] warmStart 91% (2138/2341) regret=0.096856 ape=0.5309
[21:51:16] warmStart 91% (2139/2341) regret=0.096856 ape=0.5309
[21:51:16] warmStart 91% (2140/2341) regret=0.096856 ape=0.5309
[21:51:16] warmStart 91% (2141/2341) regret=0.096856 ape=0.5309
[21:51:16] warmStart 91% (2142/2341) regret=0.096856 ape=0.5309
[21:51:16] warmStart 91% (2143/2341) regret=0.096856 ape=0.5309
[21:51:17] warmStart 91% (2144/2341) regret=0.096856 ape=0.5309
[21:51:17] warmStart 91% (2145/2341) regret=0.096856 ape=0.5309
[21:51:17] warmStart 91% (2146/2341) regret=0.096856 ape=0.5309
[21:51:17] warmStart 91% (2147/2341) regret=0.096856 ape=0.5309
[21:51:17] warmStart 91% (2148/2341) regret=0.096856 ape=0.5309
[21:51:17] warmStart 91% (2149/2341) regret=0.096856 ape=0.5309
[21:51:18] warmStart 91% (2150/2341) regret=0.096856 ape=0.5309
[21:51:18] warmStart 91% (2151/2341) regret=0.096948 ape=0.5318
[21:51:18] warmStart 91% (2152/2341) regret=0.096856 ape=0.5309
[21:51:18] warmStart 91% (2153/2341) regret=0.096856 ape=0.5309
[21:51:18] warmStart 92% (2154/2341) regret=0.096856 ape=0.5309
[21:51:19] warmStart 92% (2155/2341) regret=0.096856 ape=0.5309
[21:51:19] warmStart 92% (2156/2341) regret=0.096856 ape=0.5309
[21:51:19] warmStart 92% (2157/2341) regret=0.096856 ape=0.5309
[21:51:19] warmStart 92% (2158/2341) regret=0.096856 ape=0.5309
[21:51:19] warmStart 92% (2159/2341) regret=0.096856 ape=0.5309
[21:51:19] warmStart 92% (2160/2341) regret=0.096856 ape=0.5309
[21:51:20] warmStart 92% (2161/2341) regret=0.096856 ape=0.5309
[21:51:20] warmStart 92% (2162/2341) regret=0.096856 ape=0.5309
[21:51:20] warmStart 92% (2163/2341) regret=0.096856 ape=0.5309
[21:51:20] warmStart 92% (2164/2341) regret=0.096856 ape=0.5309
[21:51:20] warmStart 92% (2165/2341) regret=0.096856 ape=0.5309
[21:51:20] warmStart 92% (2166/2341) regret=0.096856 ape=0.5309
[21:51:21] warmStart 92% (2167/2341) regret=0.096856 ape=0.5309
[21:51:21] warmStart 92% (2168/2341) regret=0.096856 ape=0.5309
[21:51:21] warmStart 92% (2169/2341) regret=0.096856 ape=0.5309
[21:51:21] warmStart 92% (2170/2341) regret=0.096856 ape=0.5309
[21:51:21] warmStart 92% (2171/2341) regret=0.096759 ape=0.5300
[21:51:22] warmStart 92% (2172/2341) regret=0.096856 ape=0.5309
[21:51:22] warmStart 92% (2173/2341) regret=0.096856 ape=0.5309
[21:51:22] warmStart 92% (2174/2341) regret=0.096856 ape=0.5309
[21:51:22] warmStart 92% (2175/2341) regret=0.096856 ape=0.5309
[21:51:22] warmStart 92% (2176/2341) regret=0.096856 ape=0.5309
[21:51:23] warmStart 92% (2177/2341) regret=0.096856 ape=0.5309
[21:51:23] warmStart 93% (2178/2341) regret=0.096856 ape=0.5309
[21:51:23] warmStart 93% (2179/2341) regret=0.096856 ape=0.5309
[21:51:23] warmStart 93% (2180/2341) regret=0.096856 ape=0.5309
[21:51:23] warmStart 93% (2181/2341) regret=0.096856 ape=0.5309
[21:51:23] warmStart 93% (2182/2341) regret=0.096856 ape=0.5309
[21:51:24] warmStart 93% (2183/2341) regret=0.096856 ape=0.5309
[21:51:24] warmStart 93% (2184/2341) regret=0.096856 ape=0.5309
[21:51:24] warmStart 93% (2185/2341) regret=0.096856 ape=0.5309
[21:51:24] warmStart 93% (2186/2341) regret=0.096856 ape=0.5309
[21:51:24] warmStart 93% (2187/2341) regret=0.096856 ape=0.5309
[21:51:24] warmStart 93% (2188/2341) regret=0.096856 ape=0.5309
[21:51:25] warmStart 93% (2189/2341) regret=0.096856 ape=0.5309
[21:51:25] warmStart 93% (2190/2341) regret=0.096856 ape=0.5309
[21:51:25] warmStart 93% (2191/2341) regret=0.096856 ape=0.5309
[21:51:25] warmStart 93% (2192/2341) regret=0.096764 ape=0.5309
[21:51:25] warmStart 93% (2193/2341) regret=0.096856 ape=0.5309
[21:51:26] warmStart 93% (2194/2341) regret=0.096856 ape=0.5309
[21:51:26] warmStart 93% (2195/2341) regret=0.096856 ape=0.5309
[21:51:26] warmStart 93% (2196/2341) regret=0.096856 ape=0.5309
[21:51:26] warmStart 93% (2197/2341) regret=0.097133 ape=0.5309
[21:51:26] warmStart 93% (2198/2341) regret=0.096856 ape=0.5309
[21:51:26] warmStart 93% (2199/2341) regret=0.096856 ape=0.5309
[21:51:27] warmStart 93% (2200/2341) regret=0.096856 ape=0.5309
[21:51:27] warmStart 94% (2201/2341) regret=0.096856 ape=0.5309
[21:51:27] warmStart 94% (2202/2341) regret=0.096856 ape=0.5309
[21:51:27] warmStart 94% (2203/2341) regret=0.096759 ape=0.5300
[21:51:27] warmStart 94% (2204/2341) regret=0.096759 ape=0.5300
[21:51:28] warmStart 94% (2205/2341) regret=0.096759 ape=0.5300
[21:51:28] warmStart 94% (2206/2341) regret=0.096759 ape=0.5300
[21:51:28] warmStart 94% (2207/2341) regret=0.096759 ape=0.5300
[21:51:28] warmStart 94% (2208/2341) regret=0.096759 ape=0.5300
[21:51:28] warmStart 94% (2209/2341) regret=0.096759 ape=0.5300
[21:51:29] warmStart 94% (2210/2341) regret=0.096759 ape=0.5300
[21:51:29] warmStart 94% (2211/2341) regret=0.096759 ape=0.5300
[21:51:29] warmStart 94% (2212/2341) regret=0.096759 ape=0.5300
[21:51:29] warmStart 94% (2213/2341) regret=0.096759 ape=0.5300
[21:51:29] warmStart 94% (2214/2341) regret=0.096759 ape=0.5300
[21:51:29] warmStart 94% (2215/2341) regret=0.096759 ape=0.5300
[21:51:30] warmStart 94% (2216/2341) regret=0.096759 ape=0.5300
[21:51:30] warmStart 94% (2217/2341) regret=0.096759 ape=0.5300
[21:51:30] warmStart 94% (2218/2341) regret=0.096759 ape=0.5300
[21:51:30] warmStart 94% (2219/2341) regret=0.096758 ape=0.5300
[21:51:30] warmStart 94% (2220/2341) regret=0.096759 ape=0.5300
[21:51:30] warmStart 94% (2221/2341) regret=0.096759 ape=0.5300
[21:51:31] warmStart 94% (2222/2341) regret=0.096759 ape=0.5300
[21:51:31] warmStart 94% (2223/2341) regret=0.096759 ape=0.5300
[21:51:31] warmStart 95% (2224/2341) regret=0.096759 ape=0.5300
[21:51:31] warmStart 95% (2225/2341) regret=0.096759 ape=0.5300
[21:51:31] warmStart 95% (2226/2341) regret=0.096759 ape=0.5300
[21:51:32] warmStart 95% (2227/2341) regret=0.096759 ape=0.5300
[21:51:32] warmStart 95% (2228/2341) regret=0.096759 ape=0.5300
[21:51:32] warmStart 95% (2229/2341) regret=0.096759 ape=0.5300
[21:51:32] warmStart 95% (2230/2341) regret=0.096759 ape=0.5300
[21:51:32] warmStart 95% (2231/2341) regret=0.096759 ape=0.5300
[21:51:32] warmStart 95% (2232/2341) regret=0.096759 ape=0.5300
[21:51:33] warmStart 95% (2233/2341) regret=0.096759 ape=0.5300
[21:51:33] warmStart 95% (2234/2341) regret=0.096759 ape=0.5300
[21:51:33] warmStart 95% (2235/2341) regret=0.096759 ape=0.5300
[21:51:33] warmStart 95% (2236/2341) regret=0.096759 ape=0.5300
[21:51:33] warmStart 95% (2237/2341) regret=0.096759 ape=0.5300
[21:51:33] warmStart 95% (2238/2341) regret=0.096759 ape=0.5300
[21:51:34] warmStart 95% (2239/2341) regret=0.096759 ape=0.5300
[21:51:34] warmStart 95% (2240/2341) regret=0.096759 ape=0.5300
[21:51:34] warmStart 95% (2241/2341) regret=0.096759 ape=0.5300
[21:51:34] warmStart 95% (2242/2341) regret=0.096759 ape=0.5300
[21:51:34] warmStart 95% (2243/2341) regret=0.096759 ape=0.5300
[21:51:35] warmStart 95% (2244/2341) regret=0.096759 ape=0.5300
[21:51:35] warmStart 95% (2245/2341) regret=0.096759 ape=0.5300
[21:51:35] warmStart 95% (2246/2341) regret=0.096759 ape=0.5300
[21:51:35] warmStart 95% (2247/2341) regret=0.096759 ape=0.5300
[21:51:35] warmStart 96% (2248/2341) regret=0.096759 ape=0.5300
[21:51:35] warmStart 96% (2249/2341) regret=0.096759 ape=0.5300
[21:51:36] warmStart 96% (2250/2341) regret=0.096759 ape=0.5300
[21:51:36] warmStart 96% (2251/2341) regret=0.096759 ape=0.5300
[21:51:36] warmStart 96% (2252/2341) regret=0.096759 ape=0.5300
[21:51:36] warmStart 96% (2253/2341) regret=0.096759 ape=0.5300
[21:51:36] warmStart 96% (2254/2341) regret=0.096759 ape=0.5300
[21:51:36] warmStart 96% (2255/2341) regret=0.096759 ape=0.5300
[21:51:37] warmStart 96% (2256/2341) regret=0.096759 ape=0.5300
[21:51:37] warmStart 96% (2257/2341) regret=0.096759 ape=0.5300
[21:51:37] warmStart 96% (2258/2341) regret=0.096759 ape=0.5300
[21:51:37] warmStart 96% (2259/2341) regret=0.096759 ape=0.5300
[21:51:37] warmStart 96% (2260/2341) regret=0.096769 ape=0.5300
[21:51:38] warmStart 96% (2261/2341) regret=0.096759 ape=0.5300
[21:51:38] warmStart 96% (2262/2341) regret=0.096759 ape=0.5300
[21:51:38] warmStart 96% (2263/2341) regret=0.096759 ape=0.5300
[21:51:38] warmStart 96% (2264/2341) regret=0.096759 ape=0.5300
[21:51:38] warmStart 96% (2265/2341) regret=0.096759 ape=0.5300
[21:51:38] warmStart 96% (2266/2341) regret=0.096759 ape=0.5300
[21:51:39] warmStart 96% (2267/2341) regret=0.096759 ape=0.5300
[21:51:39] warmStart 96% (2268/2341) regret=0.096759 ape=0.5300
[21:51:39] warmStart 96% (2269/2341) regret=0.096759 ape=0.5300
[21:51:39] warmStart 96% (2270/2341) regret=0.096759 ape=0.5300
[21:51:39] warmStart 97% (2271/2341) regret=0.096759 ape=0.5300
[21:51:40] warmStart 97% (2272/2341) regret=0.096759 ape=0.5300
[21:51:40] warmStart 97% (2273/2341) regret=0.096759 ape=0.5300
[21:51:40] warmStart 97% (2274/2341) regret=0.096759 ape=0.5300
[21:51:40] warmStart 97% (2275/2341) regret=0.096759 ape=0.5300
[21:51:40] warmStart 97% (2276/2341) regret=0.096759 ape=0.5300
[21:51:40] warmStart 97% (2277/2341) regret=0.096759 ape=0.5300
[21:51:41] warmStart 97% (2278/2341) regret=0.096759 ape=0.5300
[21:51:41] warmStart 97% (2279/2341) regret=0.096759 ape=0.5300
[21:51:41] warmStart 97% (2280/2341) regret=0.096759 ape=0.5300
[21:51:41] warmStart 97% (2281/2341) regret=0.096759 ape=0.5300
[21:51:41] warmStart 97% (2282/2341) regret=0.096759 ape=0.5300
[21:51:42] warmStart 97% (2283/2341) regret=0.096759 ape=0.5300
[21:51:42] warmStart 97% (2284/2341) regret=0.096759 ape=0.5300
[21:51:42] warmStart 97% (2285/2341) regret=0.096759 ape=0.5300
[21:51:42] warmStart 97% (2286/2341) regret=0.096759 ape=0.5300
[21:51:42] warmStart 97% (2287/2341) regret=0.096759 ape=0.5300
[21:51:42] warmStart 97% (2288/2341) regret=0.096759 ape=0.5300
[21:51:43] warmStart 97% (2289/2341) regret=0.096759 ape=0.5300
[21:51:43] warmStart 97% (2290/2341) regret=0.096759 ape=0.5300
[21:51:43] warmStart 97% (2291/2341) regret=0.096759 ape=0.5300
[21:51:43] warmStart 97% (2292/2341) regret=0.096759 ape=0.5300
[21:51:43] warmStart 97% (2293/2341) regret=0.096759 ape=0.5300
[21:51:44] warmStart 97% (2294/2341) regret=0.096759 ape=0.5300
[21:51:44] warmStart 98% (2295/2341) regret=0.096759 ape=0.5300
[21:51:44] warmStart 98% (2296/2341) regret=0.096759 ape=0.5300
[21:51:44] warmStart 98% (2297/2341) regret=0.096759 ape=0.5300
[21:51:44] warmStart 98% (2298/2341) regret=0.096759 ape=0.5300
[21:51:44] warmStart 98% (2299/2341) regret=0.096759 ape=0.5300
[21:51:45] warmStart 98% (2300/2341) regret=0.096759 ape=0.5300
[21:51:45] warmStart 98% (2301/2341) regret=0.096759 ape=0.5300
[21:51:45] warmStart 98% (2302/2341) regret=0.096759 ape=0.5300
[21:51:45] warmStart 98% (2303/2341) regret=0.096759 ape=0.5300
[21:51:45] warmStart 98% (2304/2341) regret=0.096759 ape=0.5300
[21:51:45] warmStart 98% (2305/2341) regret=0.096759 ape=0.5300
[21:51:46] warmStart 98% (2306/2341) regret=0.096759 ape=0.5300
[21:51:46] warmStart 98% (2307/2341) regret=0.096759 ape=0.5300
[21:51:46] warmStart 98% (2308/2341) regret=0.096759 ape=0.5300
[21:51:46] warmStart 98% (2309/2341) regret=0.096759 ape=0.5300
[21:51:46] warmStart 98% (2310/2341) regret=0.096759 ape=0.5300
[21:51:47] warmStart 98% (2311/2341) regret=0.096759 ape=0.5300
[21:51:47] warmStart 98% (2312/2341) regret=0.096759 ape=0.5300
[21:51:47] warmStart 98% (2313/2341) regret=0.096759 ape=0.5300
[21:51:47] warmStart 98% (2314/2341) regret=0.096759 ape=0.5300
[21:51:47] warmStart 98% (2315/2341) regret=0.096759 ape=0.5300
[21:51:48] warmStart 98% (2316/2341) regret=0.096759 ape=0.5300
[21:51:48] warmStart 98% (2317/2341) regret=0.096750 ape=0.5300
[21:51:48] warmStart 99% (2318/2341) regret=0.096759 ape=0.5300
[21:51:48] warmStart 99% (2319/2341) regret=0.096778 ape=0.5300
[21:51:48] warmStart 99% (2320/2341) regret=0.096759 ape=0.5300
[21:51:48] warmStart 99% (2321/2341) regret=0.096759 ape=0.5300
[21:51:49] warmStart 99% (2322/2341) regret=0.096759 ape=0.5300
[21:51:49] warmStart 99% (2323/2341) regret=0.096759 ape=0.5300
[21:51:49] warmStart 99% (2324/2341) regret=0.096759 ape=0.5300
[21:51:49] warmStart 99% (2325/2341) regret=0.096759 ape=0.5300
[21:51:49] warmStart 99% (2326/2341) regret=0.096759 ape=0.5300
[21:51:49] warmStart 99% (2327/2341) regret=0.096759 ape=0.5300
[21:51:50] warmStart 99% (2328/2341) regret=0.096759 ape=0.5300
[21:51:50] warmStart 99% (2329/2341) regret=0.096759 ape=0.5300
[21:51:50] warmStart 99% (2330/2341) regret=0.096759 ape=0.5300
[21:51:50] warmStart 99% (2331/2341) regret=0.096759 ape=0.5300
[21:51:50] warmStart 99% (2332/2341) regret=0.096759 ape=0.5300
[21:51:51] warmStart 99% (2333/2341) regret=0.096759 ape=0.5300
[21:51:51] warmStart 99% (2334/2341) regret=0.096773 ape=0.5309
[21:51:51] warmStart 99% (2335/2341) regret=0.096759 ape=0.5300
[21:51:51] warmStart 99% (2336/2341) regret=0.096759 ape=0.5300
[21:51:51] warmStart 99% (2337/2341) regret=0.096759 ape=0.5300
[21:51:51] warmStart 99% (2338/2341) regret=0.096759 ape=0.5300
[21:51:52] warmStart 99% (2339/2341) regret=0.096759 ape=0.5300
[21:51:52] warmStart 99% (2340/2341) regret=0.096759 ape=0.5300
Warm w=500 finished: 2341 points, 423.95s wall time
  Final: regret=0.096759, ape=0.5300

Saved JSON: /home/users/g/s/gsavary/LudiiMCTSVariations/slurm_sweep_full_dataset/results_20260425_214412/sweep_warm_500_2_20260425_215152.json

Generating plots...
Saved regret plot: /home/users/g/s/gsavary/LudiiMCTSVariations/slurm_sweep_full_dataset/results_20260425_214412/sweep_warm_500_2_20260425_215152_regret.png
Saved APE plot: /home/users/g/s/gsavary/LudiiMCTSVariations/slurm_sweep_full_dataset/results_20260425_214412/sweep_warm_500_2_20260425_215152_ape.png

======================================================================
EXPERIMENT COMPLETE
======================================================================
Results saved to: /home/users/g/s/gsavary/LudiiMCTSVariations/slurm_sweep_full_dataset/results_20260425_214412
JSON file: sweep_warm_500_2_20260425_215152.json
Experiment finished. Results saved to: /home/users/g/s/gsavary/LudiiMCTSVariations/slurm_sweep_full_dataset/results_20260425_214412
