Starting experiment...
Project root: /home/users/g/s/gsavary/LudiiMCTSVariations
Method: warm:100
Output dir: /home/users/g/s/gsavary/LudiiMCTSVariations/slurm_sweep_full_dataset/results_20260425_145438
Seed: 1
Time limit:  seconds


======================================================================
SLURM Sweep Experiment - Single Method
======================================================================
Method: warm:100
Time limit: 7200.0s, Seed: 1, Batch size: 20
Output directory: /home/users/g/s/gsavary/LudiiMCTSVariations/slurm_sweep_full_dataset/results_20260425_145438

Loading Ludii dataset...
Loaded 1085 games
Using 1085 games (full dataset, no subsampling)

Running timing probe (100 pulls)...
  Estimated secs/pull: 0.023785

Time budget: 7200.0s → ~302711 total pulls
Per-method budget: 43244 pulls (~1028.6s)

Computing predictor-only performance...
  Predictions load failed: 118

Running WARM-START (w=100)...
[14:55:04] warmStart 0% (0/2163) regret=0.136068 ape=0.7171
[14:55:05] warmStart 0% (1/2163) regret=0.135551 ape=0.7152
[14:55:05] warmStart 0% (2/2163) regret=0.135505 ape=0.7161
[14:55:05] warmStart 0% (3/2163) regret=0.134876 ape=0.7152
[14:55:05] warmStart 0% (4/2163) regret=0.133724 ape=0.7143
[14:55:05] warmStart 0% (5/2163) regret=0.132261 ape=0.7115
[14:55:06] warmStart 0% (6/2163) regret=0.132100 ape=0.7106
[14:55:06] warmStart 0% (7/2163) regret=0.131769 ape=0.7106
[14:55:06] warmStart 0% (8/2163) regret=0.130291 ape=0.7088
[14:55:06] warmStart 0% (9/2163) regret=0.130254 ape=0.7088
[14:55:07] warmStart 0% (10/2163) regret=0.130254 ape=0.7088
[14:55:07] warmStart 0% (11/2163) regret=0.129185 ape=0.7069
[14:55:07] warmStart 0% (12/2163) regret=0.128336 ape=0.7060
[14:55:07] warmStart 0% (13/2163) regret=0.128336 ape=0.7060
[14:55:07] warmStart 0% (14/2163) regret=0.128336 ape=0.7060
[14:55:08] warmStart 0% (15/2163) regret=0.128206 ape=0.7060
[14:55:08] warmStart 0% (16/2163) regret=0.128206 ape=0.7060
[14:55:08] warmStart 0% (17/2163) regret=0.126425 ape=0.7023
[14:55:08] warmStart 0% (18/2163) regret=0.125679 ape=0.7005
[14:55:08] warmStart 0% (19/2163) regret=0.124484 ape=0.6986
[14:55:09] warmStart 0% (20/2163) regret=0.124043 ape=0.6977
[14:55:09] warmStart 0% (21/2163) regret=0.123687 ape=0.6968
[14:55:09] warmStart 1% (22/2163) regret=0.123627 ape=0.6968
[14:55:09] warmStart 1% (23/2163) regret=0.123304 ape=0.6959
[14:55:09] warmStart 1% (24/2163) regret=0.122733 ape=0.6959
[14:55:10] warmStart 1% (25/2163) regret=0.122516 ape=0.6959
[14:55:10] warmStart 1% (26/2163) regret=0.122951 ape=0.6959
[14:55:10] warmStart 1% (27/2163) regret=0.122739 ape=0.6959
[14:55:10] warmStart 1% (28/2163) regret=0.121817 ape=0.6959
[14:55:11] warmStart 1% (29/2163) regret=0.121562 ape=0.6959
[14:55:11] warmStart 1% (30/2163) regret=0.121562 ape=0.6959
[14:55:11] warmStart 1% (31/2163) regret=0.121562 ape=0.6959
[14:55:11] warmStart 1% (32/2163) regret=0.121562 ape=0.6959
[14:55:11] warmStart 1% (33/2163) regret=0.121263 ape=0.6949
[14:55:11] warmStart 1% (34/2163) regret=0.121263 ape=0.6949
[14:55:12] warmStart 1% (35/2163) regret=0.121364 ape=0.6949
[14:55:12] warmStart 1% (36/2163) regret=0.121612 ape=0.6949
[14:55:12] warmStart 1% (37/2163) regret=0.121612 ape=0.6949
[14:55:12] warmStart 1% (38/2163) regret=0.120917 ape=0.6940
[14:55:13] warmStart 1% (39/2163) regret=0.120716 ape=0.6931
[14:55:13] warmStart 1% (40/2163) regret=0.120716 ape=0.6931
[14:55:13] warmStart 1% (41/2163) regret=0.120716 ape=0.6931
[14:55:13] warmStart 1% (42/2163) regret=0.120404 ape=0.6922
[14:55:13] warmStart 1% (43/2163) regret=0.119559 ape=0.6922
[14:55:14] warmStart 2% (44/2163) regret=0.119559 ape=0.6922
[14:55:14] warmStart 2% (45/2163) regret=0.119559 ape=0.6922
[14:55:14] warmStart 2% (46/2163) regret=0.119559 ape=0.6922
[14:55:14] warmStart 2% (47/2163) regret=0.118767 ape=0.6912
[14:55:15] warmStart 2% (48/2163) regret=0.118767 ape=0.6912
[14:55:15] warmStart 2% (49/2163) regret=0.117825 ape=0.6903
[14:55:15] warmStart 2% (50/2163) regret=0.117834 ape=0.6903
[14:55:15] warmStart 2% (51/2163) regret=0.118104 ape=0.6903
[14:55:15] warmStart 2% (52/2163) regret=0.117243 ape=0.6894
[14:55:16] warmStart 2% (53/2163) regret=0.116248 ape=0.6876
[14:55:16] warmStart 2% (54/2163) regret=0.115798 ape=0.6866
[14:55:16] warmStart 2% (55/2163) regret=0.115798 ape=0.6866
[14:55:16] warmStart 2% (56/2163) regret=0.115638 ape=0.6866
[14:55:17] warmStart 2% (57/2163) regret=0.115085 ape=0.6857
[14:55:17] warmStart 2% (58/2163) regret=0.115085 ape=0.6857
[14:55:17] warmStart 2% (59/2163) regret=0.115085 ape=0.6857
[14:55:17] warmStart 2% (60/2163) regret=0.115205 ape=0.6866
[14:55:18] warmStart 2% (61/2163) regret=0.115205 ape=0.6866
[14:55:18] warmStart 2% (62/2163) regret=0.114661 ape=0.6866
[14:55:18] warmStart 2% (63/2163) regret=0.113974 ape=0.6866
[14:55:18] warmStart 2% (64/2163) regret=0.111746 ape=0.6848
[14:55:18] warmStart 3% (65/2163) regret=0.110746 ape=0.6848
[14:55:19] warmStart 3% (66/2163) regret=0.110699 ape=0.6848
[14:55:19] warmStart 3% (67/2163) regret=0.110699 ape=0.6848
[14:55:19] warmStart 3% (68/2163) regret=0.109782 ape=0.6839
[14:55:19] warmStart 3% (69/2163) regret=0.108695 ape=0.6839
[14:55:20] warmStart 3% (70/2163) regret=0.108732 ape=0.6839
[14:55:20] warmStart 3% (71/2163) regret=0.107907 ape=0.6839
[14:55:20] warmStart 3% (72/2163) regret=0.107971 ape=0.6839
[14:55:20] warmStart 3% (73/2163) regret=0.107971 ape=0.6839
[14:55:20] warmStart 3% (74/2163) regret=0.107755 ape=0.6839
[14:55:20] warmStart 3% (75/2163) regret=0.107727 ape=0.6839
[14:55:21] warmStart 3% (76/2163) regret=0.107718 ape=0.6839
[14:55:21] warmStart 3% (77/2163) regret=0.106746 ape=0.6829
[14:55:21] warmStart 3% (78/2163) regret=0.106312 ape=0.6839
[14:55:21] warmStart 3% (79/2163) regret=0.106004 ape=0.6839
[14:55:22] warmStart 3% (80/2163) regret=0.104484 ape=0.6829
[14:55:22] warmStart 3% (81/2163) regret=0.103226 ape=0.6820
[14:55:22] warmStart 3% (82/2163) regret=0.103192 ape=0.6811
[14:55:22] warmStart 3% (83/2163) regret=0.102884 ape=0.6820
[14:55:22] warmStart 3% (84/2163) regret=0.102578 ape=0.6820
[14:55:23] warmStart 3% (85/2163) regret=0.101712 ape=0.6811
[14:55:23] warmStart 3% (86/2163) regret=0.101389 ape=0.6802
[14:55:23] warmStart 4% (87/2163) regret=0.101329 ape=0.6793
[14:55:23] warmStart 4% (88/2163) regret=0.101308 ape=0.6793
[14:55:23] warmStart 4% (89/2163) regret=0.100764 ape=0.6793
[14:55:24] warmStart 4% (90/2163) regret=0.100755 ape=0.6793
[14:55:24] warmStart 4% (91/2163) regret=0.100755 ape=0.6793
[14:55:24] warmStart 4% (92/2163) regret=0.100105 ape=0.6793
[14:55:24] warmStart 4% (93/2163) regret=0.100105 ape=0.6793
[14:55:25] warmStart 4% (94/2163) regret=0.100194 ape=0.6793
[14:55:25] warmStart 4% (95/2163) regret=0.099461 ape=0.6793
[14:55:25] warmStart 4% (96/2163) regret=0.098186 ape=0.6793
[14:55:25] warmStart 4% (97/2163) regret=0.097060 ape=0.6783
[14:55:26] warmStart 4% (98/2163) regret=0.096954 ape=0.6783
[14:55:26] warmStart 4% (99/2163) regret=0.095973 ape=0.6774
[14:55:26] warmStart 4% (100/2163) regret=0.095610 ape=0.6765
[14:55:26] warmStart 4% (101/2163) regret=0.095066 ape=0.6765
[14:55:26] warmStart 4% (102/2163) regret=0.094705 ape=0.6756
[14:55:27] warmStart 4% (103/2163) regret=0.094130 ape=0.6765
[14:55:27] warmStart 4% (104/2163) regret=0.093728 ape=0.6765
[14:55:27] warmStart 4% (105/2163) regret=0.093849 ape=0.6765
[14:55:27] warmStart 4% (106/2163) regret=0.093849 ape=0.6765
[14:55:27] warmStart 4% (107/2163) regret=0.093349 ape=0.6756
[14:55:28] warmStart 4% (108/2163) regret=0.093146 ape=0.6747
[14:55:28] warmStart 5% (109/2163) regret=0.093091 ape=0.6737
[14:55:28] warmStart 5% (110/2163) regret=0.091073 ape=0.6728
[14:55:28] warmStart 5% (111/2163) regret=0.091073 ape=0.6728
[14:55:28] warmStart 5% (112/2163) regret=0.091165 ape=0.6728
[14:55:29] warmStart 5% (113/2163) regret=0.091165 ape=0.6728
[14:55:29] warmStart 5% (114/2163) regret=0.089182 ape=0.6710
[14:55:29] warmStart 5% (115/2163) regret=0.089155 ape=0.6710
[14:55:29] warmStart 5% (116/2163) regret=0.089155 ape=0.6710
[14:55:30] warmStart 5% (117/2163) regret=0.089155 ape=0.6710
[14:55:30] warmStart 5% (118/2163) regret=0.089155 ape=0.6710
[14:55:30] warmStart 5% (119/2163) regret=0.087669 ape=0.6691
[14:55:30] warmStart 5% (120/2163) regret=0.087066 ape=0.6682
[14:55:30] warmStart 5% (121/2163) regret=0.087131 ape=0.6682
[14:55:31] warmStart 5% (122/2163) regret=0.087131 ape=0.6682
[14:55:31] warmStart 5% (123/2163) regret=0.087136 ape=0.6682
[14:55:31] warmStart 5% (124/2163) regret=0.087136 ape=0.6682
[14:55:31] warmStart 5% (125/2163) regret=0.086988 ape=0.6682
[14:55:31] warmStart 5% (126/2163) regret=0.086913 ape=0.6682
[14:55:32] warmStart 5% (127/2163) regret=0.086812 ape=0.6682
[14:55:32] warmStart 5% (128/2163) regret=0.086701 ape=0.6691
[14:55:32] warmStart 5% (129/2163) regret=0.086628 ape=0.6691
[14:55:32] warmStart 6% (130/2163) regret=0.086665 ape=0.6691
[14:55:33] warmStart 6% (131/2163) regret=0.086582 ape=0.6691
[14:55:33] warmStart 6% (132/2163) regret=0.086886 ape=0.6691
[14:55:33] warmStart 6% (133/2163) regret=0.087373 ape=0.6700
[14:55:33] warmStart 6% (134/2163) regret=0.086520 ape=0.6691
[14:55:34] warmStart 6% (135/2163) regret=0.085829 ape=0.6682
[14:55:34] warmStart 6% (136/2163) regret=0.085405 ape=0.6682
[14:55:34] warmStart 6% (137/2163) regret=0.085243 ape=0.6673
[14:55:34] warmStart 6% (138/2163) regret=0.084902 ape=0.6664
[14:55:34] warmStart 6% (139/2163) regret=0.083432 ape=0.6645
[14:55:35] warmStart 6% (140/2163) regret=0.083432 ape=0.6645
[14:55:35] warmStart 6% (141/2163) regret=0.083248 ape=0.6645
[14:55:35] warmStart 6% (142/2163) regret=0.083009 ape=0.6645
[14:55:35] warmStart 6% (143/2163) regret=0.083052 ape=0.6645
[14:55:35] warmStart 6% (144/2163) regret=0.083052 ape=0.6645
[14:55:36] warmStart 6% (145/2163) regret=0.083144 ape=0.6645
[14:55:36] warmStart 6% (146/2163) regret=0.083144 ape=0.6645
[14:55:36] warmStart 6% (147/2163) regret=0.082987 ape=0.6636
[14:55:36] warmStart 6% (148/2163) regret=0.082498 ape=0.6618
[14:55:37] warmStart 6% (149/2163) regret=0.082314 ape=0.6618
[14:55:37] warmStart 6% (150/2163) regret=0.082197 ape=0.6618
[14:55:37] warmStart 6% (151/2163) regret=0.082197 ape=0.6618
[14:55:37] warmStart 7% (152/2163) regret=0.082049 ape=0.6618
[14:55:37] warmStart 7% (153/2163) regret=0.081624 ape=0.6608
[14:55:38] warmStart 7% (154/2163) regret=0.081678 ape=0.6608
[14:55:38] warmStart 7% (155/2163) regret=0.081678 ape=0.6608
[14:55:38] warmStart 7% (156/2163) regret=0.081455 ape=0.6599
[14:55:38] warmStart 7% (157/2163) regret=0.080810 ape=0.6590
[14:55:39] warmStart 7% (158/2163) regret=0.079901 ape=0.6590
[14:55:39] warmStart 7% (159/2163) regret=0.079505 ape=0.6590
[14:55:39] warmStart 7% (160/2163) regret=0.079391 ape=0.6590
[14:55:39] warmStart 7% (161/2163) regret=0.079280 ape=0.6581
[14:55:39] warmStart 7% (162/2163) regret=0.078649 ape=0.6562
[14:55:40] warmStart 7% (163/2163) regret=0.078972 ape=0.6571
[14:55:40] warmStart 7% (164/2163) regret=0.078829 ape=0.6562
[14:55:40] warmStart 7% (165/2163) regret=0.078764 ape=0.6562
[14:55:40] warmStart 7% (166/2163) regret=0.078433 ape=0.6562
[14:55:41] warmStart 7% (167/2163) regret=0.078018 ape=0.6553
[14:55:41] warmStart 7% (168/2163) regret=0.078071 ape=0.6553
[14:55:41] warmStart 7% (169/2163) regret=0.078071 ape=0.6553
[14:55:41] warmStart 7% (170/2163) regret=0.078071 ape=0.6553
[14:55:42] warmStart 7% (171/2163) regret=0.077672 ape=0.6553
[14:55:42] warmStart 7% (172/2163) regret=0.077740 ape=0.6544
[14:55:42] warmStart 7% (173/2163) regret=0.077636 ape=0.6553
[14:55:42] warmStart 8% (174/2163) regret=0.077594 ape=0.6553
[14:55:42] warmStart 8% (175/2163) regret=0.077594 ape=0.6553
[14:55:43] warmStart 8% (176/2163) regret=0.077855 ape=0.6562
[14:55:43] warmStart 8% (177/2163) regret=0.077876 ape=0.6562
[14:55:43] warmStart 8% (178/2163) regret=0.077904 ape=0.6562
[14:55:43] warmStart 8% (179/2163) regret=0.077807 ape=0.6544
[14:55:43] warmStart 8% (180/2163) regret=0.077475 ape=0.6535
[14:55:44] warmStart 8% (181/2163) regret=0.077045 ape=0.6535
[14:55:44] warmStart 8% (182/2163) regret=0.076273 ape=0.6516
[14:55:44] warmStart 8% (183/2163) regret=0.076273 ape=0.6516
[14:55:44] warmStart 8% (184/2163) regret=0.075738 ape=0.6498
[14:55:45] warmStart 8% (185/2163) regret=0.075563 ape=0.6498
[14:55:45] warmStart 8% (186/2163) regret=0.075544 ape=0.6498
[14:55:45] warmStart 8% (187/2163) regret=0.075544 ape=0.6498
[14:55:45] warmStart 8% (188/2163) regret=0.075544 ape=0.6498
[14:55:45] warmStart 8% (189/2163) regret=0.075544 ape=0.6498
[14:55:46] warmStart 8% (190/2163) regret=0.075544 ape=0.6498
[14:55:46] warmStart 8% (191/2163) regret=0.075544 ape=0.6498
[14:55:46] warmStart 8% (192/2163) regret=0.075544 ape=0.6498
[14:55:46] warmStart 8% (193/2163) regret=0.075544 ape=0.6498
[14:55:46] warmStart 8% (194/2163) regret=0.075526 ape=0.6498
[14:55:47] warmStart 9% (195/2163) regret=0.075526 ape=0.6498
[14:55:47] warmStart 9% (196/2163) regret=0.075526 ape=0.6498
[14:55:47] warmStart 9% (197/2163) regret=0.075526 ape=0.6498
[14:55:47] warmStart 9% (198/2163) regret=0.075526 ape=0.6498
[14:55:48] warmStart 9% (199/2163) regret=0.075526 ape=0.6498
[14:55:48] warmStart 9% (200/2163) regret=0.075526 ape=0.6498
[14:55:48] warmStart 9% (201/2163) regret=0.075526 ape=0.6498
[14:55:48] warmStart 9% (202/2163) regret=0.075526 ape=0.6498
[14:55:48] warmStart 9% (203/2163) regret=0.075526 ape=0.6498
[14:55:48] warmStart 9% (204/2163) regret=0.075351 ape=0.6488
[14:55:49] warmStart 9% (205/2163) regret=0.075351 ape=0.6488
[14:55:49] warmStart 9% (206/2163) regret=0.075351 ape=0.6488
[14:55:49] warmStart 9% (207/2163) regret=0.075351 ape=0.6488
[14:55:49] warmStart 9% (208/2163) regret=0.075351 ape=0.6488
[14:55:49] warmStart 9% (209/2163) regret=0.075351 ape=0.6488
[14:55:49] warmStart 9% (210/2163) regret=0.075351 ape=0.6488
[14:55:50] warmStart 9% (211/2163) regret=0.075351 ape=0.6488
[14:55:50] warmStart 9% (212/2163) regret=0.075351 ape=0.6488
[14:55:50] warmStart 9% (213/2163) regret=0.075351 ape=0.6488
[14:55:50] warmStart 9% (214/2163) regret=0.075351 ape=0.6488
[14:55:50] warmStart 9% (215/2163) regret=0.075351 ape=0.6488
[14:55:50] warmStart 9% (216/2163) regret=0.075351 ape=0.6488
[14:55:51] warmStart 10% (217/2163) regret=0.075351 ape=0.6488
[14:55:51] warmStart 10% (218/2163) regret=0.075351 ape=0.6488
[14:55:51] warmStart 10% (219/2163) regret=0.075005 ape=0.6479
[14:55:51] warmStart 10% (220/2163) regret=0.075005 ape=0.6479
[14:55:51] warmStart 10% (221/2163) regret=0.075005 ape=0.6479
[14:55:51] warmStart 10% (222/2163) regret=0.075005 ape=0.6479
[14:55:51] warmStart 10% (223/2163) regret=0.075005 ape=0.6479
[14:55:52] warmStart 10% (224/2163) regret=0.075005 ape=0.6479
[14:55:52] warmStart 10% (225/2163) regret=0.075005 ape=0.6479
[14:55:52] warmStart 10% (226/2163) regret=0.074789 ape=0.6479
[14:55:52] warmStart 10% (227/2163) regret=0.074835 ape=0.6488
[14:55:52] warmStart 10% (228/2163) regret=0.074835 ape=0.6488
[14:55:52] warmStart 10% (229/2163) regret=0.074835 ape=0.6488
[14:55:52] warmStart 10% (230/2163) regret=0.074835 ape=0.6488
[14:55:53] warmStart 10% (231/2163) regret=0.074835 ape=0.6488
[14:55:53] warmStart 10% (232/2163) regret=0.074835 ape=0.6488
[14:55:53] warmStart 10% (233/2163) regret=0.074835 ape=0.6488
[14:55:53] warmStart 10% (234/2163) regret=0.074835 ape=0.6488
[14:55:53] warmStart 10% (235/2163) regret=0.074761 ape=0.6488
[14:55:53] warmStart 10% (236/2163) regret=0.074661 ape=0.6479
[14:55:53] warmStart 10% (237/2163) regret=0.074953 ape=0.6488
[14:55:54] warmStart 11% (238/2163) regret=0.074610 ape=0.6488
[14:55:54] warmStart 11% (239/2163) regret=0.074610 ape=0.6488
[14:55:54] warmStart 11% (240/2163) regret=0.074610 ape=0.6488
[14:55:54] warmStart 11% (241/2163) regret=0.074610 ape=0.6488
[14:55:54] warmStart 11% (242/2163) regret=0.074610 ape=0.6488
[14:55:54] warmStart 11% (243/2163) regret=0.074555 ape=0.6488
[14:55:54] warmStart 11% (244/2163) regret=0.074555 ape=0.6488
[14:55:55] warmStart 11% (245/2163) regret=0.074555 ape=0.6488
[14:55:55] warmStart 11% (246/2163) regret=0.074555 ape=0.6488
[14:55:55] warmStart 11% (247/2163) regret=0.074555 ape=0.6488
[14:55:55] warmStart 11% (248/2163) regret=0.074500 ape=0.6488
[14:55:55] warmStart 11% (249/2163) regret=0.074500 ape=0.6488
[14:55:55] warmStart 11% (250/2163) regret=0.074500 ape=0.6488
[14:55:55] warmStart 11% (251/2163) regret=0.074500 ape=0.6488
[14:55:56] warmStart 11% (252/2163) regret=0.074500 ape=0.6488
[14:55:56] warmStart 11% (253/2163) regret=0.074500 ape=0.6488
[14:55:56] warmStart 11% (254/2163) regret=0.074398 ape=0.6479
[14:55:56] warmStart 11% (255/2163) regret=0.074242 ape=0.6479
[14:55:56] warmStart 11% (256/2163) regret=0.074242 ape=0.6479
[14:55:56] warmStart 11% (257/2163) regret=0.074242 ape=0.6479
[14:55:56] warmStart 11% (258/2163) regret=0.074242 ape=0.6479
[14:55:57] warmStart 11% (259/2163) regret=0.074242 ape=0.6479
[14:55:57] warmStart 12% (260/2163) regret=0.074242 ape=0.6479
[14:55:57] warmStart 12% (261/2163) regret=0.074242 ape=0.6479
[14:55:57] warmStart 12% (262/2163) regret=0.074242 ape=0.6479
[14:55:57] warmStart 12% (263/2163) regret=0.074242 ape=0.6479
[14:55:57] warmStart 12% (264/2163) regret=0.074242 ape=0.6479
[14:55:57] warmStart 12% (265/2163) regret=0.074242 ape=0.6479
[14:55:58] warmStart 12% (266/2163) regret=0.074237 ape=0.6479
[14:55:58] warmStart 12% (267/2163) regret=0.074237 ape=0.6479
[14:55:58] warmStart 12% (268/2163) regret=0.074237 ape=0.6479
[14:55:58] warmStart 12% (269/2163) regret=0.074237 ape=0.6479
[14:55:58] warmStart 12% (270/2163) regret=0.074237 ape=0.6479
[14:55:58] warmStart 12% (271/2163) regret=0.074237 ape=0.6479
[14:55:58] warmStart 12% (272/2163) regret=0.074237 ape=0.6479
[14:55:58] warmStart 12% (273/2163) regret=0.074237 ape=0.6479
[14:55:59] warmStart 12% (274/2163) regret=0.074228 ape=0.6479
[14:55:59] warmStart 12% (275/2163) regret=0.074228 ape=0.6479
[14:55:59] warmStart 12% (276/2163) regret=0.074228 ape=0.6479
[14:55:59] warmStart 12% (277/2163) regret=0.074228 ape=0.6479
[14:55:59] warmStart 12% (278/2163) regret=0.074228 ape=0.6479
[14:55:59] warmStart 12% (279/2163) regret=0.074228 ape=0.6479
[14:55:59] warmStart 12% (280/2163) regret=0.074329 ape=0.6470
[14:56:00] warmStart 12% (281/2163) regret=0.074163 ape=0.6461
[14:56:00] warmStart 13% (282/2163) regret=0.074087 ape=0.6452
[14:56:00] warmStart 13% (283/2163) regret=0.073629 ape=0.6442
[14:56:00] warmStart 13% (284/2163) regret=0.073638 ape=0.6442
[14:56:00] warmStart 13% (285/2163) regret=0.073136 ape=0.6442
[14:56:00] warmStart 13% (286/2163) regret=0.072716 ape=0.6424
[14:56:00] warmStart 13% (287/2163) regret=0.072873 ape=0.6424
[14:56:01] warmStart 13% (288/2163) regret=0.072633 ape=0.6415
[14:56:01] warmStart 13% (289/2163) regret=0.072693 ape=0.6415
[14:56:01] warmStart 13% (290/2163) regret=0.072685 ape=0.6415
[14:56:01] warmStart 13% (291/2163) regret=0.072505 ape=0.6415
[14:56:01] warmStart 13% (292/2163) regret=0.072312 ape=0.6406
[14:56:01] warmStart 13% (293/2163) regret=0.072480 ape=0.6424
[14:56:01] warmStart 13% (294/2163) regret=0.072425 ape=0.6424
[14:56:02] warmStart 13% (295/2163) regret=0.072222 ape=0.6415
[14:56:02] warmStart 13% (296/2163) regret=0.071840 ape=0.6415
[14:56:02] warmStart 13% (297/2163) regret=0.071319 ape=0.6415
[14:56:02] warmStart 13% (298/2163) regret=0.071350 ape=0.6415
[14:56:02] warmStart 13% (299/2163) regret=0.070858 ape=0.6406
[14:56:02] warmStart 13% (300/2163) regret=0.070858 ape=0.6406
[14:56:02] warmStart 13% (301/2163) regret=0.070459 ape=0.6396
[14:56:03] warmStart 13% (302/2163) regret=0.070307 ape=0.6378
[14:56:03] warmStart 14% (303/2163) regret=0.070206 ape=0.6378
[14:56:03] warmStart 14% (304/2163) regret=0.069733 ape=0.6378
[14:56:03] warmStart 14% (305/2163) regret=0.069001 ape=0.6359
[14:56:03] warmStart 14% (306/2163) regret=0.068974 ape=0.6359
[14:56:03] warmStart 14% (307/2163) regret=0.068974 ape=0.6359
[14:56:03] warmStart 14% (308/2163) regret=0.068974 ape=0.6359
[14:56:04] warmStart 14% (309/2163) regret=0.068915 ape=0.6350
[14:56:04] warmStart 14% (310/2163) regret=0.068394 ape=0.6350
[14:56:04] warmStart 14% (311/2163) regret=0.068394 ape=0.6350
[14:56:04] warmStart 14% (312/2163) regret=0.067643 ape=0.6341
[14:56:04] warmStart 14% (313/2163) regret=0.067375 ape=0.6332
[14:56:04] warmStart 14% (314/2163) regret=0.067187 ape=0.6323
[14:56:04] warmStart 14% (315/2163) regret=0.067113 ape=0.6313
[14:56:05] warmStart 14% (316/2163) regret=0.066278 ape=0.6295
[14:56:05] warmStart 14% (317/2163) regret=0.065900 ape=0.6286
[14:56:05] warmStart 14% (318/2163) regret=0.066130 ape=0.6286
[14:56:05] warmStart 14% (319/2163) regret=0.066066 ape=0.6286
[14:56:05] warmStart 14% (320/2163) regret=0.066301 ape=0.6286
[14:56:05] warmStart 14% (321/2163) regret=0.066297 ape=0.6286
[14:56:05] warmStart 14% (322/2163) regret=0.066204 ape=0.6276
[14:56:06] warmStart 14% (323/2163) regret=0.066129 ape=0.6276
[14:56:06] warmStart 14% (324/2163) regret=0.066239 ape=0.6286
[14:56:06] warmStart 15% (325/2163) regret=0.065963 ape=0.6276
[14:56:06] warmStart 15% (326/2163) regret=0.066055 ape=0.6267
[14:56:06] warmStart 15% (327/2163) regret=0.066387 ape=0.6276
[14:56:06] warmStart 15% (328/2163) regret=0.066574 ape=0.6276
[14:56:06] warmStart 15% (329/2163) regret=0.066461 ape=0.6267
[14:56:07] warmStart 15% (330/2163) regret=0.066322 ape=0.6258
[14:56:07] warmStart 15% (331/2163) regret=0.066322 ape=0.6258
[14:56:07] warmStart 15% (332/2163) regret=0.065836 ape=0.6249
[14:56:07] warmStart 15% (333/2163) regret=0.065689 ape=0.6240
[14:56:07] warmStart 15% (334/2163) regret=0.065689 ape=0.6240
[14:56:07] warmStart 15% (335/2163) regret=0.065412 ape=0.6240
[14:56:07] warmStart 15% (336/2163) regret=0.065338 ape=0.6240
[14:56:07] warmStart 15% (337/2163) regret=0.065295 ape=0.6240
[14:56:08] warmStart 15% (338/2163) regret=0.064936 ape=0.6240
[14:56:08] warmStart 15% (339/2163) regret=0.064807 ape=0.6230
[14:56:08] warmStart 15% (340/2163) regret=0.063940 ape=0.6221
[14:56:08] warmStart 15% (341/2163) regret=0.063902 ape=0.6212
[14:56:08] warmStart 15% (342/2163) regret=0.063902 ape=0.6212
[14:56:08] warmStart 15% (343/2163) regret=0.063247 ape=0.6203
[14:56:08] warmStart 15% (344/2163) regret=0.063852 ape=0.6212
[14:56:09] warmStart 15% (345/2163) regret=0.063486 ape=0.6203
[14:56:09] warmStart 15% (346/2163) regret=0.063638 ape=0.6194
[14:56:09] warmStart 16% (347/2163) regret=0.063678 ape=0.6203
[14:56:09] warmStart 16% (348/2163) regret=0.063417 ape=0.6194
[14:56:09] warmStart 16% (349/2163) regret=0.063400 ape=0.6194
[14:56:09] warmStart 16% (350/2163) regret=0.063124 ape=0.6194
[14:56:09] warmStart 16% (351/2163) regret=0.062757 ape=0.6184
[14:56:10] warmStart 16% (352/2163) regret=0.062089 ape=0.6175
[14:56:10] warmStart 16% (353/2163) regret=0.061774 ape=0.6157
[14:56:10] warmStart 16% (354/2163) regret=0.061753 ape=0.6157
[14:56:10] warmStart 16% (355/2163) regret=0.061692 ape=0.6157
[14:56:10] warmStart 16% (356/2163) regret=0.061753 ape=0.6157
[14:56:10] warmStart 16% (357/2163) regret=0.061739 ape=0.6157
[14:56:10] warmStart 16% (358/2163) regret=0.061753 ape=0.6157
[14:56:11] warmStart 16% (359/2163) regret=0.061511 ape=0.6147
[14:56:11] warmStart 16% (360/2163) regret=0.061668 ape=0.6147
[14:56:11] warmStart 16% (361/2163) regret=0.060986 ape=0.6138
[14:56:11] warmStart 16% (362/2163) regret=0.060986 ape=0.6138
[14:56:11] warmStart 16% (363/2163) regret=0.060925 ape=0.6138
[14:56:11] warmStart 16% (364/2163) regret=0.060986 ape=0.6138
[14:56:11] warmStart 16% (365/2163) regret=0.060958 ape=0.6138
[14:56:12] warmStart 16% (366/2163) regret=0.060958 ape=0.6138
[14:56:12] warmStart 16% (367/2163) regret=0.060958 ape=0.6138
[14:56:12] warmStart 17% (368/2163) regret=0.060548 ape=0.6129
[14:56:12] warmStart 17% (369/2163) regret=0.060817 ape=0.6138
[14:56:12] warmStart 17% (370/2163) regret=0.060817 ape=0.6138
[14:56:12] warmStart 17% (371/2163) regret=0.060813 ape=0.6138
[14:56:12] warmStart 17% (372/2163) regret=0.060813 ape=0.6138
[14:56:13] warmStart 17% (373/2163) regret=0.060813 ape=0.6138
[14:56:13] warmStart 17% (374/2163) regret=0.060776 ape=0.6129
[14:56:13] warmStart 17% (375/2163) regret=0.060831 ape=0.6120
[14:56:13] warmStart 17% (376/2163) regret=0.060702 ape=0.6120
[14:56:13] warmStart 17% (377/2163) regret=0.060652 ape=0.6120
[14:56:13] warmStart 17% (378/2163) regret=0.060652 ape=0.6120
[14:56:13] warmStart 17% (379/2163) regret=0.060652 ape=0.6120
[14:56:14] warmStart 17% (380/2163) regret=0.060629 ape=0.6111
[14:56:14] warmStart 17% (381/2163) regret=0.060616 ape=0.6111
[14:56:14] warmStart 17% (382/2163) regret=0.060304 ape=0.6101
[14:56:14] warmStart 17% (383/2163) regret=0.060286 ape=0.6101
[14:56:14] warmStart 17% (384/2163) regret=0.060193 ape=0.6101
[14:56:14] warmStart 17% (385/2163) regret=0.060166 ape=0.6101
[14:56:14] warmStart 17% (386/2163) regret=0.060166 ape=0.6101
[14:56:15] warmStart 17% (387/2163) regret=0.060074 ape=0.6101
[14:56:15] warmStart 17% (388/2163) regret=0.060147 ape=0.6092
[14:56:15] warmStart 17% (389/2163) regret=0.060147 ape=0.6092
[14:56:15] warmStart 18% (390/2163) regret=0.060147 ape=0.6092
[14:56:15] warmStart 18% (391/2163) regret=0.060147 ape=0.6092
[14:56:15] warmStart 18% (392/2163) regret=0.060157 ape=0.6092
[14:56:15] warmStart 18% (393/2163) regret=0.060046 ape=0.6092
[14:56:15] warmStart 18% (394/2163) regret=0.060108 ape=0.6092
[14:56:16] warmStart 18% (395/2163) regret=0.059952 ape=0.6092
[14:56:16] warmStart 18% (396/2163) regret=0.059979 ape=0.6083
[14:56:16] warmStart 18% (397/2163) regret=0.059801 ape=0.6065
[14:56:16] warmStart 18% (398/2163) regret=0.059801 ape=0.6065
[14:56:16] warmStart 18% (399/2163) regret=0.059801 ape=0.6065
[14:56:16] warmStart 18% (400/2163) regret=0.059801 ape=0.6065
[14:56:16] warmStart 18% (401/2163) regret=0.059736 ape=0.6065
[14:56:17] warmStart 18% (402/2163) regret=0.059736 ape=0.6065
[14:56:17] warmStart 18% (403/2163) regret=0.059736 ape=0.6065
[14:56:17] warmStart 18% (404/2163) regret=0.059700 ape=0.6065
[14:56:17] warmStart 18% (405/2163) regret=0.059550 ape=0.6065
[14:56:17] warmStart 18% (406/2163) regret=0.059550 ape=0.6065
[14:56:17] warmStart 18% (407/2163) regret=0.059531 ape=0.6065
[14:56:17] warmStart 18% (408/2163) regret=0.059609 ape=0.6065
[14:56:18] warmStart 18% (409/2163) regret=0.059503 ape=0.6055
[14:56:18] warmStart 18% (410/2163) regret=0.059503 ape=0.6055
[14:56:18] warmStart 19% (411/2163) regret=0.059116 ape=0.6046
[14:56:18] warmStart 19% (412/2163) regret=0.059125 ape=0.6055
[14:56:18] warmStart 19% (413/2163) regret=0.059125 ape=0.6055
[14:56:18] warmStart 19% (414/2163) regret=0.059125 ape=0.6055
[14:56:18] warmStart 19% (415/2163) regret=0.059125 ape=0.6055
[14:56:19] warmStart 19% (416/2163) regret=0.059135 ape=0.6065
[14:56:19] warmStart 19% (417/2163) regret=0.059126 ape=0.6065
[14:56:19] warmStart 19% (418/2163) regret=0.059264 ape=0.6065
[14:56:19] warmStart 19% (419/2163) regret=0.059037 ape=0.6055
[14:56:19] warmStart 19% (420/2163) regret=0.059037 ape=0.6055
[14:56:19] warmStart 19% (421/2163) regret=0.059350 ape=0.6055
[14:56:19] warmStart 19% (422/2163) regret=0.059037 ape=0.6055
[14:56:20] warmStart 19% (423/2163) regret=0.058829 ape=0.6046
[14:56:20] warmStart 19% (424/2163) regret=0.058829 ape=0.6046
[14:56:20] warmStart 19% (425/2163) regret=0.058829 ape=0.6046
[14:56:20] warmStart 19% (426/2163) regret=0.058809 ape=0.6046
[14:56:20] warmStart 19% (427/2163) regret=0.058809 ape=0.6046
[14:56:20] warmStart 19% (428/2163) regret=0.058809 ape=0.6046
[14:56:20] warmStart 19% (429/2163) regret=0.058800 ape=0.6046
[14:56:21] warmStart 19% (430/2163) regret=0.058819 ape=0.6046
[14:56:21] warmStart 19% (431/2163) regret=0.058773 ape=0.6046
[14:56:21] warmStart 19% (432/2163) regret=0.058773 ape=0.6046
[14:56:21] warmStart 20% (433/2163) regret=0.058801 ape=0.6046
[14:56:21] warmStart 20% (434/2163) regret=0.058635 ape=0.6037
[14:56:21] warmStart 20% (435/2163) regret=0.058736 ape=0.6046
[14:56:21] warmStart 20% (436/2163) regret=0.058220 ape=0.6046
[14:56:22] warmStart 20% (437/2163) regret=0.058156 ape=0.6037
[14:56:22] warmStart 20% (438/2163) regret=0.057850 ape=0.6028
[14:56:22] warmStart 20% (439/2163) regret=0.057887 ape=0.6028
[14:56:22] warmStart 20% (440/2163) regret=0.057804 ape=0.6028
[14:56:22] warmStart 20% (441/2163) regret=0.057905 ape=0.6046
[14:56:22] warmStart 20% (442/2163) regret=0.057398 ape=0.6037
[14:56:22] warmStart 20% (443/2163) regret=0.057398 ape=0.6037
[14:56:23] warmStart 20% (444/2163) regret=0.057398 ape=0.6037
[14:56:23] warmStart 20% (445/2163) regret=0.057407 ape=0.6046
[14:56:23] warmStart 20% (446/2163) regret=0.057407 ape=0.6046
[14:56:23] warmStart 20% (447/2163) regret=0.057407 ape=0.6046
[14:56:23] warmStart 20% (448/2163) regret=0.057159 ape=0.6037
[14:56:23] warmStart 20% (449/2163) regret=0.057583 ape=0.6046
[14:56:23] warmStart 20% (450/2163) regret=0.057407 ape=0.6046
[14:56:24] warmStart 20% (451/2163) regret=0.057407 ape=0.6046
[14:56:24] warmStart 20% (452/2163) regret=0.057426 ape=0.6055
[14:56:24] warmStart 20% (453/2163) regret=0.057450 ape=0.6055
[14:56:24] warmStart 20% (454/2163) regret=0.057420 ape=0.6046
[14:56:24] warmStart 21% (455/2163) regret=0.057490 ape=0.6055
[14:56:24] warmStart 21% (456/2163) regret=0.057461 ape=0.6055
[14:56:24] warmStart 21% (457/2163) regret=0.057461 ape=0.6055
[14:56:25] warmStart 21% (458/2163) regret=0.057410 ape=0.6055
[14:56:25] warmStart 21% (459/2163) regret=0.057476 ape=0.6055
[14:56:25] warmStart 21% (460/2163) regret=0.057411 ape=0.6046
[14:56:25] warmStart 21% (461/2163) regret=0.057423 ape=0.6037
[14:56:25] warmStart 21% (462/2163) regret=0.057559 ape=0.6028
[14:56:25] warmStart 21% (463/2163) regret=0.057564 ape=0.6028
[14:56:25] warmStart 21% (464/2163) regret=0.057340 ape=0.6037
[14:56:26] warmStart 21% (465/2163) regret=0.057409 ape=0.6037
[14:56:26] warmStart 21% (466/2163) regret=0.057019 ape=0.6028
[14:56:26] warmStart 21% (467/2163) regret=0.056954 ape=0.6028
[14:56:26] warmStart 21% (468/2163) regret=0.056954 ape=0.6028
[14:56:26] warmStart 21% (469/2163) regret=0.056424 ape=0.6028
[14:56:26] warmStart 21% (470/2163) regret=0.056467 ape=0.6028
[14:56:26] warmStart 21% (471/2163) regret=0.056532 ape=0.6037
[14:56:27] warmStart 21% (472/2163) regret=0.056467 ape=0.6028
[14:56:27] warmStart 21% (473/2163) regret=0.056452 ape=0.6028
[14:56:27] warmStart 21% (474/2163) regret=0.056398 ape=0.6028
[14:56:27] warmStart 21% (475/2163) regret=0.056266 ape=0.6009
[14:56:27] warmStart 22% (476/2163) regret=0.056298 ape=0.6018
[14:56:27] warmStart 22% (477/2163) regret=0.056185 ape=0.6018
[14:56:28] warmStart 22% (478/2163) regret=0.056185 ape=0.6018
[14:56:28] warmStart 22% (479/2163) regret=0.056185 ape=0.6018
[14:56:28] warmStart 22% (480/2163) regret=0.056134 ape=0.6018
[14:56:28] warmStart 22% (481/2163) regret=0.056015 ape=0.6018
[14:56:28] warmStart 22% (482/2163) regret=0.056015 ape=0.6018
[14:56:28] warmStart 22% (483/2163) regret=0.055265 ape=0.6018
[14:56:29] warmStart 22% (484/2163) regret=0.055016 ape=0.6009
[14:56:29] warmStart 22% (485/2163) regret=0.054882 ape=0.6009
[14:56:29] warmStart 22% (486/2163) regret=0.054882 ape=0.6009
[14:56:29] warmStart 22% (487/2163) regret=0.054882 ape=0.6009
[14:56:29] warmStart 22% (488/2163) regret=0.054882 ape=0.6009
[14:56:30] warmStart 22% (489/2163) regret=0.054495 ape=0.6009
[14:56:30] warmStart 22% (490/2163) regret=0.054495 ape=0.6009
[14:56:30] warmStart 22% (491/2163) regret=0.054495 ape=0.6009
[14:56:30] warmStart 22% (492/2163) regret=0.054495 ape=0.6009
[14:56:31] warmStart 22% (493/2163) regret=0.054495 ape=0.6009
[14:56:31] warmStart 22% (494/2163) regret=0.054495 ape=0.6009
[14:56:31] warmStart 22% (495/2163) regret=0.054495 ape=0.6009
[14:56:31] warmStart 22% (496/2163) regret=0.054495 ape=0.6009
[14:56:32] warmStart 22% (497/2163) regret=0.054495 ape=0.6009
[14:56:32] warmStart 23% (498/2163) regret=0.054495 ape=0.6009
[14:56:32] warmStart 23% (499/2163) regret=0.054495 ape=0.6009
[14:56:32] warmStart 23% (500/2163) regret=0.054495 ape=0.6009
[14:56:32] warmStart 23% (501/2163) regret=0.054495 ape=0.6009
[14:56:33] warmStart 23% (502/2163) regret=0.054495 ape=0.6009
[14:56:33] warmStart 23% (503/2163) regret=0.054495 ape=0.6009
[14:56:33] warmStart 23% (504/2163) regret=0.054495 ape=0.6009
[14:56:33] warmStart 23% (505/2163) regret=0.054495 ape=0.6009
[14:56:34] warmStart 23% (506/2163) regret=0.054495 ape=0.6009
[14:56:34] warmStart 23% (507/2163) regret=0.054306 ape=0.6000
[14:56:34] warmStart 23% (508/2163) regret=0.054319 ape=0.6000
[14:56:34] warmStart 23% (509/2163) regret=0.054319 ape=0.6000
[14:56:35] warmStart 23% (510/2163) regret=0.054319 ape=0.6000
[14:56:35] warmStart 23% (511/2163) regret=0.054319 ape=0.6000
[14:56:35] warmStart 23% (512/2163) regret=0.054319 ape=0.6000
[14:56:35] warmStart 23% (513/2163) regret=0.054319 ape=0.6000
[14:56:35] warmStart 23% (514/2163) regret=0.054132 ape=0.6000
[14:56:36] warmStart 23% (515/2163) regret=0.054132 ape=0.6000
[14:56:36] warmStart 23% (516/2163) regret=0.054132 ape=0.6000
[14:56:36] warmStart 23% (517/2163) regret=0.054132 ape=0.6000
[14:56:36] warmStart 23% (518/2163) regret=0.054132 ape=0.6000
[14:56:36] warmStart 23% (519/2163) regret=0.054132 ape=0.6000
[14:56:37] warmStart 24% (520/2163) regret=0.054132 ape=0.6000
[14:56:37] warmStart 24% (521/2163) regret=0.054124 ape=0.5991
[14:56:37] warmStart 24% (522/2163) regret=0.054124 ape=0.5991
[14:56:37] warmStart 24% (523/2163) regret=0.054124 ape=0.5991
[14:56:38] warmStart 24% (524/2163) regret=0.054124 ape=0.5991
[14:56:38] warmStart 24% (525/2163) regret=0.054124 ape=0.5991
[14:56:38] warmStart 24% (526/2163) regret=0.054124 ape=0.5991
[14:56:38] warmStart 24% (527/2163) regret=0.054124 ape=0.5991
[14:56:38] warmStart 24% (528/2163) regret=0.053930 ape=0.5991
[14:56:39] warmStart 24% (529/2163) regret=0.053930 ape=0.5991
[14:56:39] warmStart 24% (530/2163) regret=0.053930 ape=0.5991
[14:56:39] warmStart 24% (531/2163) regret=0.053930 ape=0.5991
[14:56:39] warmStart 24% (532/2163) regret=0.053930 ape=0.5991
[14:56:40] warmStart 24% (533/2163) regret=0.053930 ape=0.5991
[14:56:40] warmStart 24% (534/2163) regret=0.053930 ape=0.5991
[14:56:40] warmStart 24% (535/2163) regret=0.053935 ape=0.5991
[14:56:40] warmStart 24% (536/2163) regret=0.053935 ape=0.5991
[14:56:40] warmStart 24% (537/2163) regret=0.053935 ape=0.5991
[14:56:41] warmStart 24% (538/2163) regret=0.053935 ape=0.5991
[14:56:41] warmStart 24% (539/2163) regret=0.053935 ape=0.5991
[14:56:41] warmStart 24% (540/2163) regret=0.053935 ape=0.5991
[14:56:41] warmStart 25% (541/2163) regret=0.053935 ape=0.5991
[14:56:42] warmStart 25% (542/2163) regret=0.053935 ape=0.5991
[14:56:42] warmStart 25% (543/2163) regret=0.053935 ape=0.5991
[14:56:42] warmStart 25% (544/2163) regret=0.053935 ape=0.5991
[14:56:42] warmStart 25% (545/2163) regret=0.053935 ape=0.5991
[14:56:43] warmStart 25% (546/2163) regret=0.053772 ape=0.5982
[14:56:43] warmStart 25% (547/2163) regret=0.053772 ape=0.5982
[14:56:43] warmStart 25% (548/2163) regret=0.053772 ape=0.5982
[14:56:43] warmStart 25% (549/2163) regret=0.053772 ape=0.5982
[14:56:43] warmStart 25% (550/2163) regret=0.053772 ape=0.5982
[14:56:44] warmStart 25% (551/2163) regret=0.053772 ape=0.5982
[14:56:44] warmStart 25% (552/2163) regret=0.053772 ape=0.5982
[14:56:44] warmStart 25% (553/2163) regret=0.053772 ape=0.5982
[14:56:44] warmStart 25% (554/2163) regret=0.053772 ape=0.5982
[14:56:44] warmStart 25% (555/2163) regret=0.053569 ape=0.5972
[14:56:45] warmStart 25% (556/2163) regret=0.053569 ape=0.5972
[14:56:45] warmStart 25% (557/2163) regret=0.053385 ape=0.5972
[14:56:45] warmStart 25% (558/2163) regret=0.053293 ape=0.5963
[14:56:45] warmStart 25% (559/2163) regret=0.053293 ape=0.5963
[14:56:46] warmStart 25% (560/2163) regret=0.053293 ape=0.5963
[14:56:46] warmStart 25% (561/2163) regret=0.053293 ape=0.5963
[14:56:46] warmStart 25% (562/2163) regret=0.053293 ape=0.5963
[14:56:46] warmStart 26% (563/2163) regret=0.053293 ape=0.5963
[14:56:46] warmStart 26% (564/2163) regret=0.053293 ape=0.5963
[14:56:47] warmStart 26% (565/2163) regret=0.053293 ape=0.5963
[14:56:47] warmStart 26% (566/2163) regret=0.053293 ape=0.5963
[14:56:47] warmStart 26% (567/2163) regret=0.053289 ape=0.5963
[14:56:47] warmStart 26% (568/2163) regret=0.053289 ape=0.5963
[14:56:48] warmStart 26% (569/2163) regret=0.053289 ape=0.5963
[14:56:48] warmStart 26% (570/2163) regret=0.053230 ape=0.5963
[14:56:48] warmStart 26% (571/2163) regret=0.052968 ape=0.5954
[14:56:48] warmStart 26% (572/2163) regret=0.052968 ape=0.5954
[14:56:49] warmStart 26% (573/2163) regret=0.052968 ape=0.5954
[14:56:49] warmStart 26% (574/2163) regret=0.052968 ape=0.5954
[14:56:49] warmStart 26% (575/2163) regret=0.053040 ape=0.5954
[14:56:49] warmStart 26% (576/2163) regret=0.053146 ape=0.5954
[14:56:49] warmStart 26% (577/2163) regret=0.053191 ape=0.5954
[14:56:50] warmStart 26% (578/2163) regret=0.053191 ape=0.5954
[14:56:50] warmStart 26% (579/2163) regret=0.053154 ape=0.5945
[14:56:50] warmStart 26% (580/2163) regret=0.053209 ape=0.5945
[14:56:50] warmStart 26% (581/2163) regret=0.053181 ape=0.5945
[14:56:50] warmStart 26% (582/2163) regret=0.052651 ape=0.5945
[14:56:51] warmStart 26% (583/2163) regret=0.052873 ape=0.5945
[14:56:51] warmStart 26% (584/2163) regret=0.052873 ape=0.5945
[14:56:51] warmStart 27% (585/2163) regret=0.052873 ape=0.5945
[14:56:51] warmStart 27% (586/2163) regret=0.052882 ape=0.5954
[14:56:52] warmStart 27% (587/2163) regret=0.052900 ape=0.5954
[14:56:52] warmStart 27% (588/2163) regret=0.052951 ape=0.5954
[14:56:52] warmStart 27% (589/2163) regret=0.052859 ape=0.5954
[14:56:52] warmStart 27% (590/2163) regret=0.052463 ape=0.5945
[14:56:52] warmStart 27% (591/2163) regret=0.052463 ape=0.5945
[14:56:53] warmStart 27% (592/2163) regret=0.052347 ape=0.5935
[14:56:53] warmStart 27% (593/2163) regret=0.052348 ape=0.5935
[14:56:53] warmStart 27% (594/2163) regret=0.052302 ape=0.5935
[14:56:53] warmStart 27% (595/2163) regret=0.052302 ape=0.5935
[14:56:53] warmStart 27% (596/2163) regret=0.052053 ape=0.5917
[14:56:54] warmStart 27% (597/2163) regret=0.052038 ape=0.5917
[14:56:54] warmStart 27% (598/2163) regret=0.052038 ape=0.5917
[14:56:54] warmStart 27% (599/2163) regret=0.052052 ape=0.5917
[14:56:54] warmStart 27% (600/2163) regret=0.052054 ape=0.5926
[14:56:55] warmStart 27% (601/2163) regret=0.052054 ape=0.5926
[14:56:55] warmStart 27% (602/2163) regret=0.052069 ape=0.5926
[14:56:55] warmStart 27% (603/2163) regret=0.052420 ape=0.5935
[14:56:55] warmStart 27% (604/2163) regret=0.052420 ape=0.5935
[14:56:55] warmStart 27% (605/2163) regret=0.052420 ape=0.5935
[14:56:56] warmStart 28% (606/2163) regret=0.052885 ape=0.5945
[14:56:56] warmStart 28% (607/2163) regret=0.052350 ape=0.5935
[14:56:56] warmStart 28% (608/2163) regret=0.052350 ape=0.5935
[14:56:56] warmStart 28% (609/2163) regret=0.051928 ape=0.5935
[14:56:57] warmStart 28% (610/2163) regret=0.051882 ape=0.5935
[14:56:57] warmStart 28% (611/2163) regret=0.051891 ape=0.5945
[14:56:57] warmStart 28% (612/2163) regret=0.051709 ape=0.5926
[14:56:57] warmStart 28% (613/2163) regret=0.051709 ape=0.5926
[14:56:57] warmStart 28% (614/2163) regret=0.051736 ape=0.5926
[14:56:58] warmStart 28% (615/2163) regret=0.051736 ape=0.5926
[14:56:58] warmStart 28% (616/2163) regret=0.051782 ape=0.5926
[14:56:58] warmStart 28% (617/2163) regret=0.051733 ape=0.5917
[14:56:58] warmStart 28% (618/2163) regret=0.051733 ape=0.5917
[14:56:59] warmStart 28% (619/2163) regret=0.051733 ape=0.5917
[14:56:59] warmStart 28% (620/2163) regret=0.051733 ape=0.5917
[14:56:59] warmStart 28% (621/2163) regret=0.051733 ape=0.5917
[14:56:59] warmStart 28% (622/2163) regret=0.051733 ape=0.5917
[14:56:59] warmStart 28% (623/2163) regret=0.051733 ape=0.5917
[14:57:00] warmStart 28% (624/2163) regret=0.051733 ape=0.5917
[14:57:00] warmStart 28% (625/2163) regret=0.051733 ape=0.5917
[14:57:00] warmStart 28% (626/2163) regret=0.051733 ape=0.5917
[14:57:00] warmStart 28% (627/2163) regret=0.051733 ape=0.5917
[14:57:00] warmStart 29% (628/2163) regret=0.051733 ape=0.5917
[14:57:01] warmStart 29% (629/2163) regret=0.051733 ape=0.5917
[14:57:01] warmStart 29% (630/2163) regret=0.051733 ape=0.5917
[14:57:01] warmStart 29% (631/2163) regret=0.051733 ape=0.5917
[14:57:01] warmStart 29% (632/2163) regret=0.051733 ape=0.5917
[14:57:01] warmStart 29% (633/2163) regret=0.051733 ape=0.5917
[14:57:02] warmStart 29% (634/2163) regret=0.051733 ape=0.5917
[14:57:02] warmStart 29% (635/2163) regret=0.051733 ape=0.5917
[14:57:02] warmStart 29% (636/2163) regret=0.051733 ape=0.5917
[14:57:02] warmStart 29% (637/2163) regret=0.051733 ape=0.5917
[14:57:02] warmStart 29% (638/2163) regret=0.051733 ape=0.5917
[14:57:03] warmStart 29% (639/2163) regret=0.051733 ape=0.5917
[14:57:03] warmStart 29% (640/2163) regret=0.051733 ape=0.5917
[14:57:03] warmStart 29% (641/2163) regret=0.051733 ape=0.5917
[14:57:03] warmStart 29% (642/2163) regret=0.051733 ape=0.5917
[14:57:03] warmStart 29% (643/2163) regret=0.051733 ape=0.5917
[14:57:04] warmStart 29% (644/2163) regret=0.051733 ape=0.5917
[14:57:04] warmStart 29% (645/2163) regret=0.051733 ape=0.5917
[14:57:04] warmStart 29% (646/2163) regret=0.051733 ape=0.5917
[14:57:04] warmStart 29% (647/2163) regret=0.051733 ape=0.5917
[14:57:04] warmStart 29% (648/2163) regret=0.051733 ape=0.5917
[14:57:05] warmStart 30% (649/2163) regret=0.051733 ape=0.5917
[14:57:05] warmStart 30% (650/2163) regret=0.051733 ape=0.5917
[14:57:05] warmStart 30% (651/2163) regret=0.051733 ape=0.5917
[14:57:05] warmStart 30% (652/2163) regret=0.051772 ape=0.5917
[14:57:05] warmStart 30% (653/2163) regret=0.051615 ape=0.5917
[14:57:05] warmStart 30% (654/2163) regret=0.051606 ape=0.5908
[14:57:05] warmStart 30% (655/2163) regret=0.051606 ape=0.5908
[14:57:06] warmStart 30% (656/2163) regret=0.051394 ape=0.5908
[14:57:06] warmStart 30% (657/2163) regret=0.051196 ape=0.5908
[14:57:06] warmStart 30% (658/2163) regret=0.051274 ape=0.5908
[14:57:06] warmStart 30% (659/2163) regret=0.051274 ape=0.5908
[14:57:06] warmStart 30% (660/2163) regret=0.051274 ape=0.5908
[14:57:06] warmStart 30% (661/2163) regret=0.051274 ape=0.5908
[14:57:06] warmStart 30% (662/2163) regret=0.051274 ape=0.5908
[14:57:06] warmStart 30% (663/2163) regret=0.051274 ape=0.5908
[14:57:07] warmStart 30% (664/2163) regret=0.051274 ape=0.5908
[14:57:07] warmStart 30% (665/2163) regret=0.051196 ape=0.5908
[14:57:07] warmStart 30% (666/2163) regret=0.051196 ape=0.5908
[14:57:07] warmStart 30% (667/2163) regret=0.051196 ape=0.5908
[14:57:07] warmStart 30% (668/2163) regret=0.051196 ape=0.5908
[14:57:07] warmStart 30% (669/2163) regret=0.051157 ape=0.5908
[14:57:07] warmStart 30% (670/2163) regret=0.051227 ape=0.5908
[14:57:08] warmStart 31% (671/2163) regret=0.051227 ape=0.5908
[14:57:08] warmStart 31% (672/2163) regret=0.051227 ape=0.5908
[14:57:08] warmStart 31% (673/2163) regret=0.051227 ape=0.5908
[14:57:08] warmStart 31% (674/2163) regret=0.051227 ape=0.5908
[14:57:08] warmStart 31% (675/2163) regret=0.051227 ape=0.5908
[14:57:08] warmStart 31% (676/2163) regret=0.051227 ape=0.5908
[14:57:08] warmStart 31% (677/2163) regret=0.051227 ape=0.5908
[14:57:09] warmStart 31% (678/2163) regret=0.051196 ape=0.5899
[14:57:09] warmStart 31% (679/2163) regret=0.051196 ape=0.5899
[14:57:09] warmStart 31% (680/2163) regret=0.051196 ape=0.5899
[14:57:09] warmStart 31% (681/2163) regret=0.051233 ape=0.5899
[14:57:09] warmStart 31% (682/2163) regret=0.051233 ape=0.5899
[14:57:09] warmStart 31% (683/2163) regret=0.050800 ape=0.5899
[14:57:09] warmStart 31% (684/2163) regret=0.050800 ape=0.5899
[14:57:10] warmStart 31% (685/2163) regret=0.050800 ape=0.5899
[14:57:10] warmStart 31% (686/2163) regret=0.050800 ape=0.5899
[14:57:10] warmStart 31% (687/2163) regret=0.050800 ape=0.5899
[14:57:10] warmStart 31% (688/2163) regret=0.050800 ape=0.5899
[14:57:10] warmStart 31% (689/2163) regret=0.050800 ape=0.5899
[14:57:10] warmStart 31% (690/2163) regret=0.050768 ape=0.5889
[14:57:10] warmStart 31% (691/2163) regret=0.050768 ape=0.5889
[14:57:11] warmStart 31% (692/2163) regret=0.050768 ape=0.5889
[14:57:11] warmStart 32% (693/2163) regret=0.050768 ape=0.5889
[14:57:11] warmStart 32% (694/2163) regret=0.050768 ape=0.5889
[14:57:11] warmStart 32% (695/2163) regret=0.050768 ape=0.5889
[14:57:11] warmStart 32% (696/2163) regret=0.050732 ape=0.5889
[14:57:11] warmStart 32% (697/2163) regret=0.050732 ape=0.5889
[14:57:11] warmStart 32% (698/2163) regret=0.050732 ape=0.5889
[14:57:11] warmStart 32% (699/2163) regret=0.050732 ape=0.5889
[14:57:12] warmStart 32% (700/2163) regret=0.050732 ape=0.5889
[14:57:12] warmStart 32% (701/2163) regret=0.050732 ape=0.5889
[14:57:12] warmStart 32% (702/2163) regret=0.050732 ape=0.5889
[14:57:12] warmStart 32% (703/2163) regret=0.050732 ape=0.5889
[14:57:12] warmStart 32% (704/2163) regret=0.050732 ape=0.5889
[14:57:12] warmStart 32% (705/2163) regret=0.050624 ape=0.5889
[14:57:12] warmStart 32% (706/2163) regret=0.050624 ape=0.5889
[14:57:13] warmStart 32% (707/2163) regret=0.050624 ape=0.5889
[14:57:13] warmStart 32% (708/2163) regret=0.050624 ape=0.5889
[14:57:13] warmStart 32% (709/2163) regret=0.050624 ape=0.5889
[14:57:13] warmStart 32% (710/2163) regret=0.050790 ape=0.5889
[14:57:13] warmStart 32% (711/2163) regret=0.050790 ape=0.5889
[14:57:13] warmStart 32% (712/2163) regret=0.050790 ape=0.5889
[14:57:13] warmStart 32% (713/2163) regret=0.050790 ape=0.5889
[14:57:14] warmStart 33% (714/2163) regret=0.050791 ape=0.5889
[14:57:14] warmStart 33% (715/2163) regret=0.050791 ape=0.5889
[14:57:14] warmStart 33% (716/2163) regret=0.050791 ape=0.5889
[14:57:14] warmStart 33% (717/2163) regret=0.050791 ape=0.5889
[14:57:14] warmStart 33% (718/2163) regret=0.050791 ape=0.5889
[14:57:14] warmStart 33% (719/2163) regret=0.050791 ape=0.5889
[14:57:14] warmStart 33% (720/2163) regret=0.050791 ape=0.5889
[14:57:15] warmStart 33% (721/2163) regret=0.050791 ape=0.5889
[14:57:15] warmStart 33% (722/2163) regret=0.050791 ape=0.5889
[14:57:15] warmStart 33% (723/2163) regret=0.050791 ape=0.5889
[14:57:15] warmStart 33% (724/2163) regret=0.050791 ape=0.5889
[14:57:15] warmStart 33% (725/2163) regret=0.050791 ape=0.5889
[14:57:15] warmStart 33% (726/2163) regret=0.050791 ape=0.5889
[14:57:15] warmStart 33% (727/2163) regret=0.050791 ape=0.5889
[14:57:15] warmStart 33% (728/2163) regret=0.050791 ape=0.5889
[14:57:16] warmStart 33% (729/2163) regret=0.050717 ape=0.5889
[14:57:16] warmStart 33% (730/2163) regret=0.050717 ape=0.5889
[14:57:16] warmStart 33% (731/2163) regret=0.050717 ape=0.5889
[14:57:16] warmStart 33% (732/2163) regret=0.050717 ape=0.5889
[14:57:16] warmStart 33% (733/2163) regret=0.050743 ape=0.5889
[14:57:16] warmStart 33% (734/2163) regret=0.050743 ape=0.5889
[14:57:16] warmStart 33% (735/2163) regret=0.050743 ape=0.5889
[14:57:16] warmStart 34% (736/2163) regret=0.050743 ape=0.5889
[14:57:17] warmStart 34% (737/2163) regret=0.050743 ape=0.5889
[14:57:17] warmStart 34% (738/2163) regret=0.050743 ape=0.5889
[14:57:17] warmStart 34% (739/2163) regret=0.050743 ape=0.5889
[14:57:17] warmStart 34% (740/2163) regret=0.050671 ape=0.5889
[14:57:17] warmStart 34% (741/2163) regret=0.050671 ape=0.5889
[14:57:17] warmStart 34% (742/2163) regret=0.050671 ape=0.5889
[14:57:17] warmStart 34% (743/2163) regret=0.050671 ape=0.5889
[14:57:18] warmStart 34% (744/2163) regret=0.050653 ape=0.5880
[14:57:18] warmStart 34% (745/2163) regret=0.050100 ape=0.5880
[14:57:18] warmStart 34% (746/2163) regret=0.050100 ape=0.5880
[14:57:18] warmStart 34% (747/2163) regret=0.050100 ape=0.5880
[14:57:18] warmStart 34% (748/2163) regret=0.050164 ape=0.5880
[14:57:18] warmStart 34% (749/2163) regret=0.050367 ape=0.5889
[14:57:18] warmStart 34% (750/2163) regret=0.050367 ape=0.5889
[14:57:19] warmStart 34% (751/2163) regret=0.050358 ape=0.5889
[14:57:19] warmStart 34% (752/2163) regret=0.050358 ape=0.5889
[14:57:19] warmStart 34% (753/2163) regret=0.050187 ape=0.5880
[14:57:19] warmStart 34% (754/2163) regret=0.050187 ape=0.5880
[14:57:19] warmStart 34% (755/2163) regret=0.049961 ape=0.5880
[14:57:19] warmStart 34% (756/2163) regret=0.049961 ape=0.5880
[14:57:19] warmStart 34% (757/2163) regret=0.049961 ape=0.5880
[14:57:20] warmStart 35% (758/2163) regret=0.049961 ape=0.5880
[14:57:20] warmStart 35% (759/2163) regret=0.049961 ape=0.5880
[14:57:20] warmStart 35% (760/2163) regret=0.049961 ape=0.5880
[14:57:20] warmStart 35% (761/2163) regret=0.049961 ape=0.5880
[14:57:20] warmStart 35% (762/2163) regret=0.050063 ape=0.5880
[14:57:20] warmStart 35% (763/2163) regret=0.050063 ape=0.5880
[14:57:20] warmStart 35% (764/2163) regret=0.049542 ape=0.5871
[14:57:21] warmStart 35% (765/2163) regret=0.049542 ape=0.5871
[14:57:21] warmStart 35% (766/2163) regret=0.049583 ape=0.5871
[14:57:21] warmStart 35% (767/2163) regret=0.049583 ape=0.5871
[14:57:21] warmStart 35% (768/2163) regret=0.049680 ape=0.5871
[14:57:21] warmStart 35% (769/2163) regret=0.049583 ape=0.5871
[14:57:21] warmStart 35% (770/2163) regret=0.049293 ape=0.5862
[14:57:22] warmStart 35% (771/2163) regret=0.049127 ape=0.5862
[14:57:22] warmStart 35% (772/2163) regret=0.049127 ape=0.5862
[14:57:22] warmStart 35% (773/2163) regret=0.049424 ape=0.5862
[14:57:22] warmStart 35% (774/2163) regret=0.049424 ape=0.5862
[14:57:22] warmStart 35% (775/2163) regret=0.049490 ape=0.5862
[14:57:22] warmStart 35% (776/2163) regret=0.049513 ape=0.5862
[14:57:22] warmStart 35% (777/2163) regret=0.049513 ape=0.5862
[14:57:23] warmStart 35% (778/2163) regret=0.049462 ape=0.5862
[14:57:23] warmStart 36% (779/2163) regret=0.049370 ape=0.5862
[14:57:23] warmStart 36% (780/2163) regret=0.049388 ape=0.5862
[14:57:23] warmStart 36% (781/2163) regret=0.049241 ape=0.5862
[14:57:23] warmStart 36% (782/2163) regret=0.048660 ape=0.5853
[14:57:23] warmStart 36% (783/2163) regret=0.048587 ape=0.5853
[14:57:23] warmStart 36% (784/2163) regret=0.048587 ape=0.5853
[14:57:24] warmStart 36% (785/2163) regret=0.048669 ape=0.5853
[14:57:24] warmStart 36% (786/2163) regret=0.048669 ape=0.5853
[14:57:24] warmStart 36% (787/2163) regret=0.048669 ape=0.5853
[14:57:24] warmStart 36% (788/2163) regret=0.048762 ape=0.5853
[14:57:24] warmStart 36% (789/2163) regret=0.048762 ape=0.5853
[14:57:24] warmStart 36% (790/2163) regret=0.048596 ape=0.5853
[14:57:25] warmStart 36% (791/2163) regret=0.048596 ape=0.5853
[14:57:25] warmStart 36% (792/2163) regret=0.048596 ape=0.5853
[14:57:25] warmStart 36% (793/2163) regret=0.048181 ape=0.5843
[14:57:25] warmStart 36% (794/2163) regret=0.048181 ape=0.5843
[14:57:25] warmStart 36% (795/2163) regret=0.048328 ape=0.5843
[14:57:26] warmStart 36% (796/2163) regret=0.048328 ape=0.5843
[14:57:26] warmStart 36% (797/2163) regret=0.048328 ape=0.5843
[14:57:26] warmStart 36% (798/2163) regret=0.048259 ape=0.5825
[14:57:26] warmStart 36% (799/2163) regret=0.048259 ape=0.5825
[14:57:27] warmStart 36% (800/2163) regret=0.048057 ape=0.5816
[14:57:27] warmStart 37% (801/2163) regret=0.048115 ape=0.5825
[14:57:27] warmStart 37% (802/2163) regret=0.048124 ape=0.5825
[14:57:27] warmStart 37% (803/2163) regret=0.048078 ape=0.5825
[14:57:28] warmStart 37% (804/2163) regret=0.048248 ape=0.5825
[14:57:28] warmStart 37% (805/2163) regret=0.048322 ape=0.5834
[14:57:28] warmStart 37% (806/2163) regret=0.048174 ape=0.5834
[14:57:28] warmStart 37% (807/2163) regret=0.047824 ape=0.5825
[14:57:28] warmStart 37% (808/2163) regret=0.047824 ape=0.5825
[14:57:29] warmStart 37% (809/2163) regret=0.048239 ape=0.5834
[14:57:29] warmStart 37% (810/2163) regret=0.048239 ape=0.5834
[14:57:29] warmStart 37% (811/2163) regret=0.048117 ape=0.5834
[14:57:29] warmStart 37% (812/2163) regret=0.047984 ape=0.5834
[14:57:30] warmStart 37% (813/2163) regret=0.047587 ape=0.5834
[14:57:30] warmStart 37% (814/2163) regret=0.047701 ape=0.5843
[14:57:30] warmStart 37% (815/2163) regret=0.047701 ape=0.5843
[14:57:30] warmStart 37% (816/2163) regret=0.047696 ape=0.5843
[14:57:31] warmStart 37% (817/2163) regret=0.047696 ape=0.5843
[14:57:31] warmStart 37% (818/2163) regret=0.047691 ape=0.5843
[14:57:31] warmStart 37% (819/2163) regret=0.047397 ape=0.5834
[14:57:31] warmStart 37% (820/2163) regret=0.047360 ape=0.5834
[14:57:32] warmStart 37% (821/2163) regret=0.047503 ape=0.5853
[14:57:32] warmStart 38% (822/2163) regret=0.047503 ape=0.5853
[14:57:32] warmStart 38% (823/2163) regret=0.047443 ape=0.5843
[14:57:32] warmStart 38% (824/2163) regret=0.047516 ape=0.5853
[14:57:33] warmStart 38% (825/2163) regret=0.047491 ape=0.5853
[14:57:33] warmStart 38% (826/2163) regret=0.047764 ape=0.5853
[14:57:33] warmStart 38% (827/2163) regret=0.047196 ape=0.5853
[14:57:33] warmStart 38% (828/2163) regret=0.047135 ape=0.5853
[14:57:33] warmStart 38% (829/2163) regret=0.047196 ape=0.5853
[14:57:34] warmStart 38% (830/2163) regret=0.047196 ape=0.5853
[14:57:34] warmStart 38% (831/2163) regret=0.047196 ape=0.5853
[14:57:34] warmStart 38% (832/2163) regret=0.047196 ape=0.5853
[14:57:34] warmStart 38% (833/2163) regret=0.047058 ape=0.5853
[14:57:35] warmStart 38% (834/2163) regret=0.047058 ape=0.5853
[14:57:35] warmStart 38% (835/2163) regret=0.046904 ape=0.5843
[14:57:35] warmStart 38% (836/2163) regret=0.046758 ape=0.5843
[14:57:35] warmStart 38% (837/2163) regret=0.046759 ape=0.5843
[14:57:35] warmStart 38% (838/2163) regret=0.046690 ape=0.5843
[14:57:36] warmStart 38% (839/2163) regret=0.046677 ape=0.5834
[14:57:36] warmStart 38% (840/2163) regret=0.047106 ape=0.5834
[14:57:36] warmStart 38% (841/2163) regret=0.046700 ape=0.5825
[14:57:36] warmStart 38% (842/2163) regret=0.046700 ape=0.5825
[14:57:37] warmStart 38% (843/2163) regret=0.046700 ape=0.5825
[14:57:37] warmStart 39% (844/2163) regret=0.046691 ape=0.5825
[14:57:37] warmStart 39% (845/2163) regret=0.046726 ape=0.5825
[14:57:37] warmStart 39% (846/2163) regret=0.046652 ape=0.5806
[14:57:38] warmStart 39% (847/2163) regret=0.046617 ape=0.5806
[14:57:38] warmStart 39% (848/2163) regret=0.046653 ape=0.5806
[14:57:38] warmStart 39% (849/2163) regret=0.046653 ape=0.5806
[14:57:38] warmStart 39% (850/2163) regret=0.046580 ape=0.5806
[14:57:39] warmStart 39% (851/2163) regret=0.046133 ape=0.5806
[14:57:39] warmStart 39% (852/2163) regret=0.046029 ape=0.5797
[14:57:39] warmStart 39% (853/2163) regret=0.046094 ape=0.5797
[14:57:39] warmStart 39% (854/2163) regret=0.045891 ape=0.5788
[14:57:40] warmStart 39% (855/2163) regret=0.045891 ape=0.5788
[14:57:40] warmStart 39% (856/2163) regret=0.045907 ape=0.5788
[14:57:40] warmStart 39% (857/2163) regret=0.045907 ape=0.5788
[14:57:40] warmStart 39% (858/2163) regret=0.046127 ape=0.5788
[14:57:41] warmStart 39% (859/2163) regret=0.045889 ape=0.5788
[14:57:41] warmStart 39% (860/2163) regret=0.045829 ape=0.5788
[14:57:41] warmStart 39% (861/2163) regret=0.045829 ape=0.5788
[14:57:41] warmStart 39% (862/2163) regret=0.045799 ape=0.5788
[14:57:42] warmStart 39% (863/2163) regret=0.045734 ape=0.5779
[14:57:42] warmStart 39% (864/2163) regret=0.045826 ape=0.5788
[14:57:42] warmStart 39% (865/2163) regret=0.045780 ape=0.5779
[14:57:42] warmStart 40% (866/2163) regret=0.045766 ape=0.5779
[14:57:42] warmStart 40% (867/2163) regret=0.045674 ape=0.5770
[14:57:43] warmStart 40% (868/2163) regret=0.045574 ape=0.5770
[14:57:43] warmStart 40% (869/2163) regret=0.045550 ape=0.5760
[14:57:43] warmStart 40% (870/2163) regret=0.045550 ape=0.5760
[14:57:43] warmStart 40% (871/2163) regret=0.045504 ape=0.5760
[14:57:44] warmStart 40% (872/2163) regret=0.045550 ape=0.5760
[14:57:44] warmStart 40% (873/2163) regret=0.045817 ape=0.5760
[14:57:44] warmStart 40% (874/2163) regret=0.045550 ape=0.5760
[14:57:44] warmStart 40% (875/2163) regret=0.045541 ape=0.5751
[14:57:45] warmStart 40% (876/2163) regret=0.045587 ape=0.5760
[14:57:45] warmStart 40% (877/2163) regret=0.045587 ape=0.5760
[14:57:45] warmStart 40% (878/2163) regret=0.045587 ape=0.5760
[14:57:45] warmStart 40% (879/2163) regret=0.045587 ape=0.5760
[14:57:46] warmStart 40% (880/2163) regret=0.045587 ape=0.5760
[14:57:46] warmStart 40% (881/2163) regret=0.045587 ape=0.5760
[14:57:46] warmStart 40% (882/2163) regret=0.045587 ape=0.5760
[14:57:46] warmStart 40% (883/2163) regret=0.045587 ape=0.5760
[14:57:47] warmStart 40% (884/2163) regret=0.045587 ape=0.5760
[14:57:47] warmStart 40% (885/2163) regret=0.045587 ape=0.5760
[14:57:47] warmStart 40% (886/2163) regret=0.045587 ape=0.5760
[14:57:47] warmStart 41% (887/2163) regret=0.045587 ape=0.5760
[14:57:48] warmStart 41% (888/2163) regret=0.045587 ape=0.5760
[14:57:48] warmStart 41% (889/2163) regret=0.045587 ape=0.5760
[14:57:48] warmStart 41% (890/2163) regret=0.045587 ape=0.5760
[14:57:48] warmStart 41% (891/2163) regret=0.045587 ape=0.5760
[14:57:49] warmStart 41% (892/2163) regret=0.045587 ape=0.5760
[14:57:49] warmStart 41% (893/2163) regret=0.045587 ape=0.5760
[14:57:49] warmStart 41% (894/2163) regret=0.045587 ape=0.5760
[14:57:49] warmStart 41% (895/2163) regret=0.045577 ape=0.5760
[14:57:49] warmStart 41% (896/2163) regret=0.045577 ape=0.5760
[14:57:50] warmStart 41% (897/2163) regret=0.045577 ape=0.5760
[14:57:50] warmStart 41% (898/2163) regret=0.045577 ape=0.5760
[14:57:50] warmStart 41% (899/2163) regret=0.045577 ape=0.5760
[14:57:50] warmStart 41% (900/2163) regret=0.045577 ape=0.5760
[14:57:51] warmStart 41% (901/2163) regret=0.045577 ape=0.5760
[14:57:51] warmStart 41% (902/2163) regret=0.045577 ape=0.5760
[14:57:51] warmStart 41% (903/2163) regret=0.045577 ape=0.5760
[14:57:51] warmStart 41% (904/2163) regret=0.045577 ape=0.5760
[14:57:52] warmStart 41% (905/2163) regret=0.045577 ape=0.5760
[14:57:52] warmStart 41% (906/2163) regret=0.045577 ape=0.5760
[14:57:52] warmStart 41% (907/2163) regret=0.045577 ape=0.5760
[14:57:52] warmStart 41% (908/2163) regret=0.045988 ape=0.5770
[14:57:53] warmStart 42% (909/2163) regret=0.045988 ape=0.5770
[14:57:53] warmStart 42% (910/2163) regret=0.045891 ape=0.5760
[14:57:53] warmStart 42% (911/2163) regret=0.046151 ape=0.5760
[14:57:53] warmStart 42% (912/2163) regret=0.046320 ape=0.5770
[14:57:54] warmStart 42% (913/2163) regret=0.046323 ape=0.5770
[14:57:54] warmStart 42% (914/2163) regret=0.046323 ape=0.5770
[14:57:54] warmStart 42% (915/2163) regret=0.046192 ape=0.5760
[14:57:54] warmStart 42% (916/2163) regret=0.046192 ape=0.5760
[14:57:55] warmStart 42% (917/2163) regret=0.046192 ape=0.5760
[14:57:55] warmStart 42% (918/2163) regret=0.046192 ape=0.5760
[14:57:55] warmStart 42% (919/2163) regret=0.046192 ape=0.5760
[14:57:55] warmStart 42% (920/2163) regret=0.046125 ape=0.5760
[14:57:55] warmStart 42% (921/2163) regret=0.046125 ape=0.5760
[14:57:56] warmStart 42% (922/2163) regret=0.046125 ape=0.5760
[14:57:56] warmStart 42% (923/2163) regret=0.046125 ape=0.5760
[14:57:56] warmStart 42% (924/2163) regret=0.046125 ape=0.5760
[14:57:56] warmStart 42% (925/2163) regret=0.046125 ape=0.5760
[14:57:57] warmStart 42% (926/2163) regret=0.046125 ape=0.5760
[14:57:57] warmStart 42% (927/2163) regret=0.046125 ape=0.5760
[14:57:57] warmStart 42% (928/2163) regret=0.046125 ape=0.5760
[14:57:57] warmStart 42% (929/2163) regret=0.046125 ape=0.5760
[14:57:57] warmStart 42% (930/2163) regret=0.046125 ape=0.5760
[14:57:58] warmStart 43% (931/2163) regret=0.045673 ape=0.5751
[14:57:58] warmStart 43% (932/2163) regret=0.045673 ape=0.5751
[14:57:58] warmStart 43% (933/2163) regret=0.045673 ape=0.5751
[14:57:58] warmStart 43% (934/2163) regret=0.045673 ape=0.5751
[14:57:59] warmStart 43% (935/2163) regret=0.045673 ape=0.5751
[14:57:59] warmStart 43% (936/2163) regret=0.045673 ape=0.5751
[14:57:59] warmStart 43% (937/2163) regret=0.045673 ape=0.5751
[14:57:59] warmStart 43% (938/2163) regret=0.045673 ape=0.5751
[14:58:00] warmStart 43% (939/2163) regret=0.045673 ape=0.5751
[14:58:00] warmStart 43% (940/2163) regret=0.045673 ape=0.5751
[14:58:00] warmStart 43% (941/2163) regret=0.045544 ape=0.5742
[14:58:00] warmStart 43% (942/2163) regret=0.045544 ape=0.5742
[14:58:00] warmStart 43% (943/2163) regret=0.045544 ape=0.5742
[14:58:01] warmStart 43% (944/2163) regret=0.045544 ape=0.5742
[14:58:01] warmStart 43% (945/2163) regret=0.045544 ape=0.5742
[14:58:01] warmStart 43% (946/2163) regret=0.045544 ape=0.5742
[14:58:01] warmStart 43% (947/2163) regret=0.045544 ape=0.5742
[14:58:02] warmStart 43% (948/2163) regret=0.045544 ape=0.5742
[14:58:02] warmStart 43% (949/2163) regret=0.045544 ape=0.5742
[14:58:02] warmStart 43% (950/2163) regret=0.045544 ape=0.5742
[14:58:02] warmStart 43% (951/2163) regret=0.045544 ape=0.5742
[14:58:02] warmStart 44% (952/2163) regret=0.045544 ape=0.5742
[14:58:03] warmStart 44% (953/2163) regret=0.045544 ape=0.5742
[14:58:03] warmStart 44% (954/2163) regret=0.045536 ape=0.5742
[14:58:03] warmStart 44% (955/2163) regret=0.045536 ape=0.5742
[14:58:03] warmStart 44% (956/2163) regret=0.045536 ape=0.5742
[14:58:04] warmStart 44% (957/2163) regret=0.045536 ape=0.5742
[14:58:04] warmStart 44% (958/2163) regret=0.045536 ape=0.5742
[14:58:04] warmStart 44% (959/2163) regret=0.045536 ape=0.5742
[14:58:04] warmStart 44% (960/2163) regret=0.045536 ape=0.5742
[14:58:05] warmStart 44% (961/2163) regret=0.045539 ape=0.5742
[14:58:05] warmStart 44% (962/2163) regret=0.045539 ape=0.5742
[14:58:05] warmStart 44% (963/2163) regret=0.045539 ape=0.5742
[14:58:05] warmStart 44% (964/2163) regret=0.045539 ape=0.5742
[14:58:05] warmStart 44% (965/2163) regret=0.045539 ape=0.5742
[14:58:06] warmStart 44% (966/2163) regret=0.045539 ape=0.5742
[14:58:06] warmStart 44% (967/2163) regret=0.045539 ape=0.5742
[14:58:06] warmStart 44% (968/2163) regret=0.045539 ape=0.5742
[14:58:06] warmStart 44% (969/2163) regret=0.045539 ape=0.5742
[14:58:07] warmStart 44% (970/2163) regret=0.045539 ape=0.5742
[14:58:07] warmStart 44% (971/2163) regret=0.045539 ape=0.5742
[14:58:07] warmStart 44% (972/2163) regret=0.045539 ape=0.5742
[14:58:07] warmStart 44% (973/2163) regret=0.045539 ape=0.5742
[14:58:08] warmStart 45% (974/2163) regret=0.045539 ape=0.5742
[14:58:08] warmStart 45% (975/2163) regret=0.045539 ape=0.5742
[14:58:08] warmStart 45% (976/2163) regret=0.045332 ape=0.5733
[14:58:08] warmStart 45% (977/2163) regret=0.045332 ape=0.5733
[14:58:09] warmStart 45% (978/2163) regret=0.045332 ape=0.5733
[14:58:09] warmStart 45% (979/2163) regret=0.045479 ape=0.5742
[14:58:09] warmStart 45% (980/2163) regret=0.045479 ape=0.5742
[14:58:09] warmStart 45% (981/2163) regret=0.045479 ape=0.5742
[14:58:09] warmStart 45% (982/2163) regret=0.045479 ape=0.5742
[14:58:10] warmStart 45% (983/2163) regret=0.045401 ape=0.5733
[14:58:10] warmStart 45% (984/2163) regret=0.045418 ape=0.5733
[14:58:10] warmStart 45% (985/2163) regret=0.045471 ape=0.5733
[14:58:10] warmStart 45% (986/2163) regret=0.045563 ape=0.5733
[14:58:11] warmStart 45% (987/2163) regret=0.045563 ape=0.5733
[14:58:11] warmStart 45% (988/2163) regret=0.045425 ape=0.5733
[14:58:11] warmStart 45% (989/2163) regret=0.045360 ape=0.5733
[14:58:11] warmStart 45% (990/2163) regret=0.045360 ape=0.5733
[14:58:11] warmStart 45% (991/2163) regret=0.045360 ape=0.5733
[14:58:12] warmStart 45% (992/2163) regret=0.045323 ape=0.5733
[14:58:12] warmStart 45% (993/2163) regret=0.045296 ape=0.5733
[14:58:12] warmStart 45% (994/2163) regret=0.045351 ape=0.5733
[14:58:12] warmStart 46% (995/2163) regret=0.045411 ape=0.5733
[14:58:12] warmStart 46% (996/2163) regret=0.044869 ape=0.5724
[14:58:13] warmStart 46% (997/2163) regret=0.045278 ape=0.5733
[14:58:13] warmStart 46% (998/2163) regret=0.045235 ape=0.5724
[14:58:13] warmStart 46% (999/2163) regret=0.045190 ape=0.5724
[14:58:13] warmStart 46% (1000/2163) regret=0.045190 ape=0.5724
[14:58:13] warmStart 46% (1001/2163) regret=0.045200 ape=0.5733
[14:58:14] warmStart 46% (1002/2163) regret=0.044978 ape=0.5733
[14:58:14] warmStart 46% (1003/2163) regret=0.044969 ape=0.5733
[14:58:14] warmStart 46% (1004/2163) regret=0.044918 ape=0.5724
[14:58:14] warmStart 46% (1005/2163) regret=0.044647 ape=0.5714
[14:58:14] warmStart 46% (1006/2163) regret=0.044813 ape=0.5724
[14:58:14] warmStart 46% (1007/2163) regret=0.044877 ape=0.5724
[14:58:15] warmStart 46% (1008/2163) regret=0.044791 ape=0.5724
[14:58:15] warmStart 46% (1009/2163) regret=0.044791 ape=0.5724
[14:58:15] warmStart 46% (1010/2163) regret=0.044791 ape=0.5724
[14:58:15] warmStart 46% (1011/2163) regret=0.044791 ape=0.5724
[14:58:15] warmStart 46% (1012/2163) regret=0.044791 ape=0.5724
[14:58:15] warmStart 46% (1013/2163) regret=0.044791 ape=0.5724
[14:58:16] warmStart 46% (1014/2163) regret=0.044791 ape=0.5724
[14:58:16] warmStart 46% (1015/2163) regret=0.044753 ape=0.5724
[14:58:16] warmStart 46% (1016/2163) regret=0.044753 ape=0.5724
[14:58:16] warmStart 47% (1017/2163) regret=0.044753 ape=0.5724
[14:58:16] warmStart 47% (1018/2163) regret=0.044727 ape=0.5714
[14:58:16] warmStart 47% (1019/2163) regret=0.044727 ape=0.5714
[14:58:16] warmStart 47% (1020/2163) regret=0.044400 ape=0.5705
[14:58:17] warmStart 47% (1021/2163) regret=0.044438 ape=0.5705
[14:58:17] warmStart 47% (1022/2163) regret=0.044438 ape=0.5705
[14:58:17] warmStart 47% (1023/2163) regret=0.044539 ape=0.5705
[14:58:17] warmStart 47% (1024/2163) regret=0.044539 ape=0.5705
[14:58:17] warmStart 47% (1025/2163) regret=0.044576 ape=0.5705
[14:58:17] warmStart 47% (1026/2163) regret=0.044283 ape=0.5696
[14:58:17] warmStart 47% (1027/2163) regret=0.044202 ape=0.5696
[14:58:18] warmStart 47% (1028/2163) regret=0.044136 ape=0.5687
[14:58:18] warmStart 47% (1029/2163) regret=0.044039 ape=0.5687
[14:58:18] warmStart 47% (1030/2163) regret=0.044039 ape=0.5687
[14:58:18] warmStart 47% (1031/2163) regret=0.044039 ape=0.5687
[14:58:18] warmStart 47% (1032/2163) regret=0.044039 ape=0.5687
[14:58:18] warmStart 47% (1033/2163) regret=0.044039 ape=0.5687
[14:58:18] warmStart 47% (1034/2163) regret=0.044039 ape=0.5687
[14:58:19] warmStart 47% (1035/2163) regret=0.044039 ape=0.5687
[14:58:19] warmStart 47% (1036/2163) regret=0.044039 ape=0.5687
[14:58:19] warmStart 47% (1037/2163) regret=0.044039 ape=0.5687
[14:58:19] warmStart 47% (1038/2163) regret=0.044039 ape=0.5687
[14:58:19] warmStart 48% (1039/2163) regret=0.044039 ape=0.5687
[14:58:19] warmStart 48% (1040/2163) regret=0.043965 ape=0.5677
[14:58:19] warmStart 48% (1041/2163) regret=0.043961 ape=0.5668
[14:58:20] warmStart 48% (1042/2163) regret=0.043961 ape=0.5668
[14:58:20] warmStart 48% (1043/2163) regret=0.043961 ape=0.5668
[14:58:20] warmStart 48% (1044/2163) regret=0.043961 ape=0.5668
[14:58:20] warmStart 48% (1045/2163) regret=0.043961 ape=0.5668
[14:58:20] warmStart 48% (1046/2163) regret=0.043961 ape=0.5668
[14:58:20] warmStart 48% (1047/2163) regret=0.043961 ape=0.5668
[14:58:20] warmStart 48% (1048/2163) regret=0.043961 ape=0.5668
[14:58:21] warmStart 48% (1049/2163) regret=0.043961 ape=0.5668
[14:58:21] warmStart 48% (1050/2163) regret=0.043961 ape=0.5668
[14:58:21] warmStart 48% (1051/2163) regret=0.043961 ape=0.5668
[14:58:21] warmStart 48% (1052/2163) regret=0.043961 ape=0.5668
[14:58:21] warmStart 48% (1053/2163) regret=0.043952 ape=0.5659
[14:58:21] warmStart 48% (1054/2163) regret=0.043952 ape=0.5659
[14:58:21] warmStart 48% (1055/2163) regret=0.043952 ape=0.5659
[14:58:22] warmStart 48% (1056/2163) regret=0.043952 ape=0.5659
[14:58:22] warmStart 48% (1057/2163) regret=0.043952 ape=0.5659
[14:58:22] warmStart 48% (1058/2163) regret=0.043952 ape=0.5659
[14:58:22] warmStart 48% (1059/2163) regret=0.043952 ape=0.5659
[14:58:22] warmStart 49% (1060/2163) regret=0.043862 ape=0.5659
[14:58:22] warmStart 49% (1061/2163) regret=0.043941 ape=0.5668
[14:58:22] warmStart 49% (1062/2163) regret=0.043895 ape=0.5668
[14:58:23] warmStart 49% (1063/2163) regret=0.043895 ape=0.5668
[14:58:23] warmStart 49% (1064/2163) regret=0.044077 ape=0.5668
[14:58:23] warmStart 49% (1065/2163) regret=0.043736 ape=0.5659
[14:58:23] warmStart 49% (1066/2163) regret=0.043736 ape=0.5659
[14:58:23] warmStart 49% (1067/2163) regret=0.043701 ape=0.5650
[14:58:23] warmStart 49% (1068/2163) regret=0.044236 ape=0.5659
[14:58:23] warmStart 49% (1069/2163) regret=0.043697 ape=0.5641
[14:58:24] warmStart 49% (1070/2163) regret=0.043632 ape=0.5631
[14:58:24] warmStart 49% (1071/2163) regret=0.043706 ape=0.5641
[14:58:24] warmStart 49% (1072/2163) regret=0.043635 ape=0.5631
[14:58:24] warmStart 49% (1073/2163) regret=0.043687 ape=0.5641
[14:58:24] warmStart 49% (1074/2163) regret=0.043687 ape=0.5641
[14:58:24] warmStart 49% (1075/2163) regret=0.043687 ape=0.5641
[14:58:24] warmStart 49% (1076/2163) regret=0.043687 ape=0.5641
[14:58:24] warmStart 49% (1077/2163) regret=0.043687 ape=0.5641
[14:58:25] warmStart 49% (1078/2163) regret=0.043296 ape=0.5641
[14:58:25] warmStart 49% (1079/2163) regret=0.043365 ape=0.5641
[14:58:25] warmStart 49% (1080/2163) regret=0.043042 ape=0.5631
[14:58:25] warmStart 49% (1081/2163) regret=0.043369 ape=0.5631
[14:58:25] warmStart 50% (1082/2163) regret=0.043130 ape=0.5631
[14:58:25] warmStart 50% (1083/2163) regret=0.043049 ape=0.5631
[14:58:25] warmStart 50% (1084/2163) regret=0.043269 ape=0.5631
[14:58:26] warmStart 50% (1085/2163) regret=0.043130 ape=0.5631
[14:58:26] warmStart 50% (1086/2163) regret=0.043130 ape=0.5631
[14:58:26] warmStart 50% (1087/2163) regret=0.043168 ape=0.5641
[14:58:26] warmStart 50% (1088/2163) regret=0.043174 ape=0.5641
[14:58:26] warmStart 50% (1089/2163) regret=0.042941 ape=0.5622
[14:58:26] warmStart 50% (1090/2163) regret=0.042867 ape=0.5613
[14:58:27] warmStart 50% (1091/2163) regret=0.042837 ape=0.5622
[14:58:27] warmStart 50% (1092/2163) regret=0.042837 ape=0.5622
[14:58:27] warmStart 50% (1093/2163) regret=0.042837 ape=0.5622
[14:58:27] warmStart 50% (1094/2163) regret=0.042837 ape=0.5622
[14:58:27] warmStart 50% (1095/2163) regret=0.042597 ape=0.5613
[14:58:27] warmStart 50% (1096/2163) regret=0.042597 ape=0.5613
[14:58:27] warmStart 50% (1097/2163) regret=0.042597 ape=0.5613
[14:58:28] warmStart 50% (1098/2163) regret=0.042597 ape=0.5613
[14:58:28] warmStart 50% (1099/2163) regret=0.043114 ape=0.5613
[14:58:28] warmStart 50% (1100/2163) regret=0.042496 ape=0.5604
[14:58:28] warmStart 50% (1101/2163) regret=0.042496 ape=0.5604
[14:58:28] warmStart 50% (1102/2163) regret=0.042466 ape=0.5604
[14:58:28] warmStart 50% (1103/2163) regret=0.042364 ape=0.5604
[14:58:28] warmStart 51% (1104/2163) regret=0.042364 ape=0.5604
[14:58:28] warmStart 51% (1105/2163) regret=0.042364 ape=0.5604
[14:58:29] warmStart 51% (1106/2163) regret=0.042420 ape=0.5613
[14:58:29] warmStart 51% (1107/2163) regret=0.042420 ape=0.5613
[14:58:29] warmStart 51% (1108/2163) regret=0.042420 ape=0.5613
[14:58:29] warmStart 51% (1109/2163) regret=0.042420 ape=0.5613
[14:58:29] warmStart 51% (1110/2163) regret=0.042222 ape=0.5613
[14:58:29] warmStart 51% (1111/2163) regret=0.042438 ape=0.5613
[14:58:30] warmStart 51% (1112/2163) regret=0.042438 ape=0.5613
[14:58:30] warmStart 51% (1113/2163) regret=0.042438 ape=0.5613
[14:58:30] warmStart 51% (1114/2163) regret=0.042226 ape=0.5613
[14:58:30] warmStart 51% (1115/2163) regret=0.042093 ape=0.5604
[14:58:30] warmStart 51% (1116/2163) regret=0.042093 ape=0.5604
[14:58:30] warmStart 51% (1117/2163) regret=0.042093 ape=0.5604
[14:58:30] warmStart 51% (1118/2163) regret=0.042093 ape=0.5604
[14:58:31] warmStart 51% (1119/2163) regret=0.042093 ape=0.5604
[14:58:31] warmStart 51% (1120/2163) regret=0.042093 ape=0.5604
[14:58:31] warmStart 51% (1121/2163) regret=0.041991 ape=0.5604
[14:58:31] warmStart 51% (1122/2163) regret=0.041991 ape=0.5604
[14:58:31] warmStart 51% (1123/2163) regret=0.041991 ape=0.5604
[14:58:31] warmStart 51% (1124/2163) regret=0.041991 ape=0.5604
[14:58:31] warmStart 52% (1125/2163) regret=0.041991 ape=0.5604
[14:58:32] warmStart 52% (1126/2163) regret=0.041945 ape=0.5604
[14:58:32] warmStart 52% (1127/2163) regret=0.041945 ape=0.5604
[14:58:32] warmStart 52% (1128/2163) regret=0.041927 ape=0.5604
[14:58:32] warmStart 52% (1129/2163) regret=0.041636 ape=0.5604
[14:58:32] warmStart 52% (1130/2163) regret=0.041636 ape=0.5604
[14:58:32] warmStart 52% (1131/2163) regret=0.041636 ape=0.5604
[14:58:32] warmStart 52% (1132/2163) regret=0.041636 ape=0.5604
[14:58:33] warmStart 52% (1133/2163) regret=0.041636 ape=0.5604
[14:58:33] warmStart 52% (1134/2163) regret=0.041636 ape=0.5604
[14:58:33] warmStart 52% (1135/2163) regret=0.041636 ape=0.5604
[14:58:33] warmStart 52% (1136/2163) regret=0.041636 ape=0.5604
[14:58:33] warmStart 52% (1137/2163) regret=0.041636 ape=0.5604
[14:58:33] warmStart 52% (1138/2163) regret=0.041636 ape=0.5604
[14:58:33] warmStart 52% (1139/2163) regret=0.041636 ape=0.5604
[14:58:34] warmStart 52% (1140/2163) regret=0.041636 ape=0.5604
[14:58:34] warmStart 52% (1141/2163) regret=0.041636 ape=0.5604
[14:58:34] warmStart 52% (1142/2163) regret=0.041457 ape=0.5604
[14:58:34] warmStart 52% (1143/2163) regret=0.041457 ape=0.5604
[14:58:34] warmStart 52% (1144/2163) regret=0.041457 ape=0.5604
[14:58:34] warmStart 52% (1145/2163) regret=0.041457 ape=0.5604
[14:58:35] warmStart 52% (1146/2163) regret=0.041457 ape=0.5604
[14:58:35] warmStart 53% (1147/2163) regret=0.041457 ape=0.5604
[14:58:35] warmStart 53% (1148/2163) regret=0.041457 ape=0.5604
[14:58:35] warmStart 53% (1149/2163) regret=0.041457 ape=0.5604
[14:58:35] warmStart 53% (1150/2163) regret=0.041401 ape=0.5604
[14:58:35] warmStart 53% (1151/2163) regret=0.041401 ape=0.5604
[14:58:36] warmStart 53% (1152/2163) regret=0.040940 ape=0.5594
[14:58:36] warmStart 53% (1153/2163) regret=0.040940 ape=0.5594
[14:58:36] warmStart 53% (1154/2163) regret=0.040906 ape=0.5594
[14:58:36] warmStart 53% (1155/2163) regret=0.040906 ape=0.5594
[14:58:37] warmStart 53% (1156/2163) regret=0.040675 ape=0.5585
[14:58:37] warmStart 53% (1157/2163) regret=0.040675 ape=0.5585
[14:58:37] warmStart 53% (1158/2163) regret=0.040939 ape=0.5594
[14:58:37] warmStart 53% (1159/2163) regret=0.040939 ape=0.5594
[14:58:37] warmStart 53% (1160/2163) regret=0.040662 ape=0.5585
[14:58:38] warmStart 53% (1161/2163) regret=0.040662 ape=0.5585
[14:58:38] warmStart 53% (1162/2163) regret=0.040662 ape=0.5585
[14:58:38] warmStart 53% (1163/2163) regret=0.040662 ape=0.5585
[14:58:38] warmStart 53% (1164/2163) regret=0.040432 ape=0.5576
[14:58:39] warmStart 53% (1165/2163) regret=0.040432 ape=0.5576
[14:58:39] warmStart 53% (1166/2163) regret=0.040174 ape=0.5576
[14:58:39] warmStart 53% (1167/2163) regret=0.040174 ape=0.5576
[14:58:39] warmStart 53% (1168/2163) regret=0.040174 ape=0.5576
[14:58:40] warmStart 54% (1169/2163) regret=0.040174 ape=0.5576
[14:58:40] warmStart 54% (1170/2163) regret=0.040100 ape=0.5576
[14:58:40] warmStart 54% (1171/2163) regret=0.040164 ape=0.5576
[14:58:40] warmStart 54% (1172/2163) regret=0.040423 ape=0.5576
[14:58:41] warmStart 54% (1173/2163) regret=0.040423 ape=0.5576
[14:58:41] warmStart 54% (1174/2163) regret=0.040399 ape=0.5567
[14:58:41] warmStart 54% (1175/2163) regret=0.040399 ape=0.5567
[14:58:41] warmStart 54% (1176/2163) regret=0.040399 ape=0.5567
[14:58:41] warmStart 54% (1177/2163) regret=0.040399 ape=0.5567
[14:58:42] warmStart 54% (1178/2163) regret=0.040399 ape=0.5567
[14:58:42] warmStart 54% (1179/2163) regret=0.040075 ape=0.5558
[14:58:42] warmStart 54% (1180/2163) regret=0.040071 ape=0.5558
[14:58:42] warmStart 54% (1181/2163) regret=0.040071 ape=0.5558
[14:58:43] warmStart 54% (1182/2163) regret=0.040071 ape=0.5558
[14:58:43] warmStart 54% (1183/2163) regret=0.040071 ape=0.5558
[14:58:43] warmStart 54% (1184/2163) regret=0.040071 ape=0.5558
[14:58:43] warmStart 54% (1185/2163) regret=0.040071 ape=0.5558
[14:58:43] warmStart 54% (1186/2163) regret=0.040181 ape=0.5558
[14:58:44] warmStart 54% (1187/2163) regret=0.040002 ape=0.5558
[14:58:44] warmStart 54% (1188/2163) regret=0.040002 ape=0.5558
[14:58:44] warmStart 54% (1189/2163) regret=0.039882 ape=0.5558
[14:58:44] warmStart 55% (1190/2163) regret=0.039882 ape=0.5558
[14:58:45] warmStart 55% (1191/2163) regret=0.039882 ape=0.5558
[14:58:45] warmStart 55% (1192/2163) regret=0.039882 ape=0.5558
[14:58:45] warmStart 55% (1193/2163) regret=0.039882 ape=0.5558
[14:58:45] warmStart 55% (1194/2163) regret=0.039882 ape=0.5558
[14:58:45] warmStart 55% (1195/2163) regret=0.039882 ape=0.5558
[14:58:46] warmStart 55% (1196/2163) regret=0.039882 ape=0.5558
[14:58:46] warmStart 55% (1197/2163) regret=0.039593 ape=0.5548
[14:58:46] warmStart 55% (1198/2163) regret=0.039593 ape=0.5548
[14:58:46] warmStart 55% (1199/2163) regret=0.039593 ape=0.5548
[14:58:47] warmStart 55% (1200/2163) regret=0.039593 ape=0.5548
[14:58:47] warmStart 55% (1201/2163) regret=0.039596 ape=0.5548
[14:58:47] warmStart 55% (1202/2163) regret=0.039593 ape=0.5548
[14:58:47] warmStart 55% (1203/2163) regret=0.039563 ape=0.5539
[14:58:48] warmStart 55% (1204/2163) regret=0.039693 ape=0.5539
[14:58:48] warmStart 55% (1205/2163) regret=0.039700 ape=0.5539
[14:58:48] warmStart 55% (1206/2163) regret=0.039681 ape=0.5539
[14:58:48] warmStart 55% (1207/2163) regret=0.039488 ape=0.5539
[14:58:49] warmStart 55% (1208/2163) regret=0.039571 ape=0.5548
[14:58:49] warmStart 55% (1209/2163) regret=0.039488 ape=0.5539
[14:58:49] warmStart 55% (1210/2163) regret=0.039423 ape=0.5539
[14:58:49] warmStart 55% (1211/2163) regret=0.039423 ape=0.5539
[14:58:49] warmStart 56% (1212/2163) regret=0.039423 ape=0.5539
[14:58:50] warmStart 56% (1213/2163) regret=0.039423 ape=0.5539
[14:58:50] warmStart 56% (1214/2163) regret=0.039489 ape=0.5530
[14:58:50] warmStart 56% (1215/2163) regret=0.039489 ape=0.5530
[14:58:50] warmStart 56% (1216/2163) regret=0.039443 ape=0.5530
[14:58:51] warmStart 56% (1217/2163) regret=0.039447 ape=0.5530
[14:58:51] warmStart 56% (1218/2163) regret=0.039447 ape=0.5530
[14:58:51] warmStart 56% (1219/2163) regret=0.039447 ape=0.5530
[14:58:51] warmStart 56% (1220/2163) regret=0.039447 ape=0.5530
[14:58:52] warmStart 56% (1221/2163) regret=0.039447 ape=0.5530
[14:58:52] warmStart 56% (1222/2163) regret=0.039447 ape=0.5530
[14:58:52] warmStart 56% (1223/2163) regret=0.039447 ape=0.5530
[14:58:52] warmStart 56% (1224/2163) regret=0.039447 ape=0.5530
[14:58:52] warmStart 56% (1225/2163) regret=0.039475 ape=0.5530
[14:58:53] warmStart 56% (1226/2163) regret=0.039475 ape=0.5530
[14:58:53] warmStart 56% (1227/2163) regret=0.039475 ape=0.5530
[14:58:53] warmStart 56% (1228/2163) regret=0.039475 ape=0.5530
[14:58:53] warmStart 56% (1229/2163) regret=0.039447 ape=0.5530
[14:58:53] warmStart 56% (1230/2163) regret=0.039512 ape=0.5530
[14:58:54] warmStart 56% (1231/2163) regret=0.039512 ape=0.5530
[14:58:54] warmStart 56% (1232/2163) regret=0.039512 ape=0.5530
[14:58:54] warmStart 57% (1233/2163) regret=0.039512 ape=0.5530
[14:58:54] warmStart 57% (1234/2163) regret=0.039512 ape=0.5530
[14:58:55] warmStart 57% (1235/2163) regret=0.039512 ape=0.5530
[14:58:55] warmStart 57% (1236/2163) regret=0.039512 ape=0.5530
[14:58:55] warmStart 57% (1237/2163) regret=0.039419 ape=0.5521
[14:58:55] warmStart 57% (1238/2163) regret=0.039368 ape=0.5512
[14:58:55] warmStart 57% (1239/2163) regret=0.039368 ape=0.5512
[14:58:56] warmStart 57% (1240/2163) regret=0.039368 ape=0.5512
[14:58:56] warmStart 57% (1241/2163) regret=0.039368 ape=0.5512
[14:58:56] warmStart 57% (1242/2163) regret=0.039368 ape=0.5512
[14:58:56] warmStart 57% (1243/2163) regret=0.039368 ape=0.5512
[14:58:57] warmStart 57% (1244/2163) regret=0.039368 ape=0.5512
[14:58:57] warmStart 57% (1245/2163) regret=0.039368 ape=0.5512
[14:58:57] warmStart 57% (1246/2163) regret=0.039368 ape=0.5512
[14:58:57] warmStart 57% (1247/2163) regret=0.039368 ape=0.5512
[14:58:58] warmStart 57% (1248/2163) regret=0.039368 ape=0.5512
[14:58:58] warmStart 57% (1249/2163) regret=0.039414 ape=0.5512
[14:58:58] warmStart 57% (1250/2163) regret=0.039414 ape=0.5512
[14:58:58] warmStart 57% (1251/2163) regret=0.039414 ape=0.5512
[14:58:58] warmStart 57% (1252/2163) regret=0.039414 ape=0.5512
[14:58:59] warmStart 57% (1253/2163) regret=0.039414 ape=0.5512
[14:58:59] warmStart 57% (1254/2163) regret=0.039414 ape=0.5512
[14:58:59] warmStart 58% (1255/2163) regret=0.039414 ape=0.5512
[14:58:59] warmStart 58% (1256/2163) regret=0.039414 ape=0.5512
[14:59:00] warmStart 58% (1257/2163) regret=0.039414 ape=0.5512
[14:59:00] warmStart 58% (1258/2163) regret=0.039414 ape=0.5512
[14:59:00] warmStart 58% (1259/2163) regret=0.039414 ape=0.5512
[14:59:00] warmStart 58% (1260/2163) regret=0.039414 ape=0.5512
[14:59:01] warmStart 58% (1261/2163) regret=0.039414 ape=0.5512
[14:59:01] warmStart 58% (1262/2163) regret=0.039414 ape=0.5512
[14:59:01] warmStart 58% (1263/2163) regret=0.039414 ape=0.5512
[14:59:01] warmStart 58% (1264/2163) regret=0.039414 ape=0.5512
[14:59:01] warmStart 58% (1265/2163) regret=0.039414 ape=0.5512
[14:59:02] warmStart 58% (1266/2163) regret=0.039414 ape=0.5512
[14:59:02] warmStart 58% (1267/2163) regret=0.039414 ape=0.5512
[14:59:02] warmStart 58% (1268/2163) regret=0.039414 ape=0.5512
[14:59:02] warmStart 58% (1269/2163) regret=0.039414 ape=0.5512
[14:59:03] warmStart 58% (1270/2163) regret=0.039414 ape=0.5512
[14:59:03] warmStart 58% (1271/2163) regret=0.039414 ape=0.5512
[14:59:03] warmStart 58% (1272/2163) regret=0.039414 ape=0.5512
[14:59:03] warmStart 58% (1273/2163) regret=0.039414 ape=0.5512
[14:59:04] warmStart 58% (1274/2163) regret=0.039414 ape=0.5512
[14:59:04] warmStart 58% (1275/2163) regret=0.039414 ape=0.5512
[14:59:04] warmStart 58% (1276/2163) regret=0.039414 ape=0.5512
[14:59:04] warmStart 59% (1277/2163) regret=0.039414 ape=0.5512
[14:59:05] warmStart 59% (1278/2163) regret=0.039414 ape=0.5512
[14:59:05] warmStart 59% (1279/2163) regret=0.039414 ape=0.5512
[14:59:05] warmStart 59% (1280/2163) regret=0.039414 ape=0.5512
[14:59:05] warmStart 59% (1281/2163) regret=0.039414 ape=0.5512
[14:59:05] warmStart 59% (1282/2163) regret=0.039414 ape=0.5512
[14:59:06] warmStart 59% (1283/2163) regret=0.039414 ape=0.5512
[14:59:06] warmStart 59% (1284/2163) regret=0.039414 ape=0.5512
[14:59:06] warmStart 59% (1285/2163) regret=0.039414 ape=0.5512
[14:59:06] warmStart 59% (1286/2163) regret=0.039342 ape=0.5502
[14:59:07] warmStart 59% (1287/2163) regret=0.039342 ape=0.5502
[14:59:07] warmStart 59% (1288/2163) regret=0.039342 ape=0.5502
[14:59:07] warmStart 59% (1289/2163) regret=0.039342 ape=0.5502
[14:59:07] warmStart 59% (1290/2163) regret=0.039342 ape=0.5502
[14:59:07] warmStart 59% (1291/2163) regret=0.039342 ape=0.5502
[14:59:08] warmStart 59% (1292/2163) regret=0.039342 ape=0.5502
[14:59:08] warmStart 59% (1293/2163) regret=0.039229 ape=0.5502
[14:59:08] warmStart 59% (1294/2163) regret=0.039229 ape=0.5502
[14:59:08] warmStart 59% (1295/2163) regret=0.039236 ape=0.5502
[14:59:09] warmStart 59% (1296/2163) regret=0.039214 ape=0.5502
[14:59:09] warmStart 59% (1297/2163) regret=0.039214 ape=0.5502
[14:59:09] warmStart 60% (1298/2163) regret=0.039214 ape=0.5502
[14:59:09] warmStart 60% (1299/2163) regret=0.039279 ape=0.5502
[14:59:10] warmStart 60% (1300/2163) regret=0.039279 ape=0.5502
[14:59:10] warmStart 60% (1301/2163) regret=0.039328 ape=0.5502
[14:59:10] warmStart 60% (1302/2163) regret=0.038896 ape=0.5484
[14:59:10] warmStart 60% (1303/2163) regret=0.038792 ape=0.5484
[14:59:10] warmStart 60% (1304/2163) regret=0.038712 ape=0.5475
[14:59:11] warmStart 60% (1305/2163) regret=0.038712 ape=0.5475
[14:59:11] warmStart 60% (1306/2163) regret=0.038297 ape=0.5465
[14:59:11] warmStart 60% (1307/2163) regret=0.038085 ape=0.5456
[14:59:11] warmStart 60% (1308/2163) regret=0.038085 ape=0.5456
[14:59:12] warmStart 60% (1309/2163) regret=0.038085 ape=0.5456
[14:59:12] warmStart 60% (1310/2163) regret=0.038085 ape=0.5456
[14:59:12] warmStart 60% (1311/2163) regret=0.038085 ape=0.5456
[14:59:12] warmStart 60% (1312/2163) regret=0.038054 ape=0.5456
[14:59:13] warmStart 60% (1313/2163) regret=0.038054 ape=0.5456
[14:59:13] warmStart 60% (1314/2163) regret=0.038054 ape=0.5456
[14:59:13] warmStart 60% (1315/2163) regret=0.038054 ape=0.5456
[14:59:13] warmStart 60% (1316/2163) regret=0.038060 ape=0.5456
[14:59:14] warmStart 60% (1317/2163) regret=0.038060 ape=0.5456
[14:59:14] warmStart 60% (1318/2163) regret=0.038014 ape=0.5447
[14:59:14] warmStart 60% (1319/2163) regret=0.038014 ape=0.5447
[14:59:14] warmStart 61% (1320/2163) regret=0.038014 ape=0.5447
[14:59:14] warmStart 61% (1321/2163) regret=0.038014 ape=0.5447
[14:59:15] warmStart 61% (1322/2163) regret=0.037825 ape=0.5438
[14:59:15] warmStart 61% (1323/2163) regret=0.037825 ape=0.5438
[14:59:15] warmStart 61% (1324/2163) regret=0.037825 ape=0.5438
[14:59:15] warmStart 61% (1325/2163) regret=0.037825 ape=0.5438
[14:59:16] warmStart 61% (1326/2163) regret=0.038000 ape=0.5447
[14:59:16] warmStart 61% (1327/2163) regret=0.038000 ape=0.5447
[14:59:16] warmStart 61% (1328/2163) regret=0.038161 ape=0.5456
[14:59:16] warmStart 61% (1329/2163) regret=0.038019 ape=0.5456
[14:59:16] warmStart 61% (1330/2163) regret=0.038019 ape=0.5456
[14:59:17] warmStart 61% (1331/2163) regret=0.038069 ape=0.5465
[14:59:17] warmStart 61% (1332/2163) regret=0.038035 ape=0.5456
[14:59:17] warmStart 61% (1333/2163) regret=0.038035 ape=0.5456
[14:59:17] warmStart 61% (1334/2163) regret=0.038035 ape=0.5456
[14:59:18] warmStart 61% (1335/2163) regret=0.038035 ape=0.5456
[14:59:18] warmStart 61% (1336/2163) regret=0.038035 ape=0.5456
[14:59:18] warmStart 61% (1337/2163) regret=0.037934 ape=0.5456
[14:59:18] warmStart 61% (1338/2163) regret=0.037999 ape=0.5465
[14:59:18] warmStart 61% (1339/2163) regret=0.037934 ape=0.5456
[14:59:19] warmStart 61% (1340/2163) regret=0.037934 ape=0.5456
[14:59:19] warmStart 61% (1341/2163) regret=0.037934 ape=0.5456
[14:59:19] warmStart 62% (1342/2163) regret=0.037833 ape=0.5447
[14:59:19] warmStart 62% (1343/2163) regret=0.037833 ape=0.5447
[14:59:20] warmStart 62% (1344/2163) regret=0.037833 ape=0.5447
[14:59:20] warmStart 62% (1345/2163) regret=0.037833 ape=0.5447
[14:59:20] warmStart 62% (1346/2163) regret=0.037833 ape=0.5447
[14:59:20] warmStart 62% (1347/2163) regret=0.037833 ape=0.5447
[14:59:21] warmStart 62% (1348/2163) regret=0.037833 ape=0.5447
[14:59:21] warmStart 62% (1349/2163) regret=0.037768 ape=0.5438
[14:59:21] warmStart 62% (1350/2163) regret=0.037770 ape=0.5438
[14:59:21] warmStart 62% (1351/2163) regret=0.037770 ape=0.5438
[14:59:22] warmStart 62% (1352/2163) regret=0.037633 ape=0.5438
[14:59:22] warmStart 62% (1353/2163) regret=0.037633 ape=0.5438
[14:59:22] warmStart 62% (1354/2163) regret=0.037633 ape=0.5438
[14:59:22] warmStart 62% (1355/2163) regret=0.037633 ape=0.5438
[14:59:23] warmStart 62% (1356/2163) regret=0.037696 ape=0.5438
[14:59:23] warmStart 62% (1357/2163) regret=0.037633 ape=0.5438
[14:59:23] warmStart 62% (1358/2163) regret=0.037633 ape=0.5438
[14:59:23] warmStart 62% (1359/2163) regret=0.037633 ape=0.5438
[14:59:23] warmStart 62% (1360/2163) regret=0.037633 ape=0.5438
[14:59:24] warmStart 62% (1361/2163) regret=0.037218 ape=0.5438
[14:59:24] warmStart 62% (1362/2163) regret=0.037218 ape=0.5438
[14:59:24] warmStart 63% (1363/2163) regret=0.037218 ape=0.5438
[14:59:24] warmStart 63% (1364/2163) regret=0.037218 ape=0.5438
[14:59:25] warmStart 63% (1365/2163) regret=0.037218 ape=0.5438
[14:59:25] warmStart 63% (1366/2163) regret=0.037218 ape=0.5438
[14:59:25] warmStart 63% (1367/2163) regret=0.037140 ape=0.5438
[14:59:25] warmStart 63% (1368/2163) regret=0.037140 ape=0.5438
[14:59:25] warmStart 63% (1369/2163) regret=0.037140 ape=0.5438
[14:59:26] warmStart 63% (1370/2163) regret=0.037140 ape=0.5438
[14:59:26] warmStart 63% (1371/2163) regret=0.037130 ape=0.5429
[14:59:26] warmStart 63% (1372/2163) regret=0.037130 ape=0.5429
[14:59:26] warmStart 63% (1373/2163) regret=0.037130 ape=0.5429
[14:59:27] warmStart 63% (1374/2163) regret=0.037158 ape=0.5429
[14:59:27] warmStart 63% (1375/2163) regret=0.037158 ape=0.5429
[14:59:27] warmStart 63% (1376/2163) regret=0.037158 ape=0.5429
[14:59:27] warmStart 63% (1377/2163) regret=0.037158 ape=0.5429
[14:59:28] warmStart 63% (1378/2163) regret=0.037158 ape=0.5429
[14:59:28] warmStart 63% (1379/2163) regret=0.037158 ape=0.5429
[14:59:28] warmStart 63% (1380/2163) regret=0.037158 ape=0.5429
[14:59:28] warmStart 63% (1381/2163) regret=0.037158 ape=0.5429
[14:59:29] warmStart 63% (1382/2163) regret=0.037158 ape=0.5429
[14:59:29] warmStart 63% (1383/2163) regret=0.037158 ape=0.5429
[14:59:29] warmStart 63% (1384/2163) regret=0.037158 ape=0.5429
[14:59:29] warmStart 64% (1385/2163) regret=0.036568 ape=0.5419
[14:59:29] warmStart 64% (1386/2163) regret=0.036568 ape=0.5419
[14:59:30] warmStart 64% (1387/2163) regret=0.036568 ape=0.5419
[14:59:30] warmStart 64% (1388/2163) regret=0.036568 ape=0.5419
[14:59:30] warmStart 64% (1389/2163) regret=0.036568 ape=0.5419
[14:59:30] warmStart 64% (1390/2163) regret=0.036116 ape=0.5410
[14:59:31] warmStart 64% (1391/2163) regret=0.036116 ape=0.5410
[14:59:31] warmStart 64% (1392/2163) regret=0.036116 ape=0.5410
[14:59:31] warmStart 64% (1393/2163) regret=0.036116 ape=0.5410
[14:59:31] warmStart 64% (1394/2163) regret=0.036116 ape=0.5410
[14:59:32] warmStart 64% (1395/2163) regret=0.036116 ape=0.5410
[14:59:32] warmStart 64% (1396/2163) regret=0.036116 ape=0.5410
[14:59:32] warmStart 64% (1397/2163) regret=0.036116 ape=0.5410
[14:59:32] warmStart 64% (1398/2163) regret=0.036116 ape=0.5410
[14:59:32] warmStart 64% (1399/2163) regret=0.036116 ape=0.5410
[14:59:33] warmStart 64% (1400/2163) regret=0.036116 ape=0.5410
[14:59:33] warmStart 64% (1401/2163) regret=0.036116 ape=0.5410
[14:59:33] warmStart 64% (1402/2163) regret=0.036116 ape=0.5410
[14:59:33] warmStart 64% (1403/2163) regret=0.036116 ape=0.5410
[14:59:34] warmStart 64% (1404/2163) regret=0.036144 ape=0.5419
[14:59:34] warmStart 64% (1405/2163) regret=0.036121 ape=0.5419
[14:59:34] warmStart 65% (1406/2163) regret=0.036075 ape=0.5419
[14:59:34] warmStart 65% (1407/2163) regret=0.036075 ape=0.5419
[14:59:34] warmStart 65% (1408/2163) regret=0.036027 ape=0.5419
[14:59:34] warmStart 65% (1409/2163) regret=0.035852 ape=0.5410
[14:59:35] warmStart 65% (1410/2163) regret=0.035626 ape=0.5401
[14:59:35] warmStart 65% (1411/2163) regret=0.035626 ape=0.5401
[14:59:35] warmStart 65% (1412/2163) regret=0.035626 ape=0.5401
[14:59:35] warmStart 65% (1413/2163) regret=0.035426 ape=0.5382
[14:59:35] warmStart 65% (1414/2163) regret=0.035502 ape=0.5392
[14:59:36] warmStart 65% (1415/2163) regret=0.035502 ape=0.5392
[14:59:36] warmStart 65% (1416/2163) regret=0.035567 ape=0.5392
[14:59:36] warmStart 65% (1417/2163) regret=0.035567 ape=0.5392
[14:59:36] warmStart 65% (1418/2163) regret=0.035705 ape=0.5392
[14:59:37] warmStart 65% (1419/2163) regret=0.035539 ape=0.5392
[14:59:37] warmStart 65% (1420/2163) regret=0.035539 ape=0.5392
[14:59:37] warmStart 65% (1421/2163) regret=0.035410 ape=0.5392
[14:59:37] warmStart 65% (1422/2163) regret=0.035576 ape=0.5392
[14:59:38] warmStart 65% (1423/2163) regret=0.035530 ape=0.5392
[14:59:38] warmStart 65% (1424/2163) regret=0.035582 ape=0.5392
[14:59:38] warmStart 65% (1425/2163) regret=0.035576 ape=0.5392
[14:59:38] warmStart 65% (1426/2163) regret=0.035446 ape=0.5392
[14:59:39] warmStart 65% (1427/2163) regret=0.035424 ape=0.5392
[14:59:39] warmStart 66% (1428/2163) regret=0.035446 ape=0.5392
[14:59:39] warmStart 66% (1429/2163) regret=0.035477 ape=0.5392
[14:59:39] warmStart 66% (1430/2163) regret=0.035481 ape=0.5392
[14:59:40] warmStart 66% (1431/2163) regret=0.035476 ape=0.5392
[14:59:40] warmStart 66% (1432/2163) regret=0.035482 ape=0.5392
[14:59:40] warmStart 66% (1433/2163) regret=0.035454 ape=0.5392
[14:59:40] warmStart 66% (1434/2163) regret=0.035454 ape=0.5392
[14:59:40] warmStart 66% (1435/2163) regret=0.035344 ape=0.5392
[14:59:41] warmStart 66% (1436/2163) regret=0.035519 ape=0.5401
[14:59:41] warmStart 66% (1437/2163) regret=0.035519 ape=0.5401
[14:59:41] warmStart 66% (1438/2163) regret=0.035081 ape=0.5392
[14:59:41] warmStart 66% (1439/2163) regret=0.035081 ape=0.5392
[14:59:42] warmStart 66% (1440/2163) regret=0.035081 ape=0.5392
[14:59:42] warmStart 66% (1441/2163) regret=0.035081 ape=0.5392
[14:59:42] warmStart 66% (1442/2163) regret=0.035081 ape=0.5392
[14:59:42] warmStart 66% (1443/2163) regret=0.035081 ape=0.5392
[14:59:43] warmStart 66% (1444/2163) regret=0.035136 ape=0.5392
[14:59:43] warmStart 66% (1445/2163) regret=0.035136 ape=0.5392
[14:59:43] warmStart 66% (1446/2163) regret=0.035321 ape=0.5382
[14:59:43] warmStart 66% (1447/2163) regret=0.035321 ape=0.5382
[14:59:44] warmStart 66% (1448/2163) regret=0.035321 ape=0.5382
[14:59:44] warmStart 66% (1449/2163) regret=0.035321 ape=0.5382
[14:59:44] warmStart 67% (1450/2163) regret=0.035312 ape=0.5382
[14:59:44] warmStart 67% (1451/2163) regret=0.035312 ape=0.5382
[14:59:44] warmStart 67% (1452/2163) regret=0.035312 ape=0.5382
[14:59:45] warmStart 67% (1453/2163) regret=0.035312 ape=0.5382
[14:59:45] warmStart 67% (1454/2163) regret=0.034878 ape=0.5373
[14:59:45] warmStart 67% (1455/2163) regret=0.034464 ape=0.5364
[14:59:45] warmStart 67% (1456/2163) regret=0.034464 ape=0.5364
[14:59:46] warmStart 67% (1457/2163) regret=0.034464 ape=0.5364
[14:59:46] warmStart 67% (1458/2163) regret=0.034464 ape=0.5364
[14:59:46] warmStart 67% (1459/2163) regret=0.034464 ape=0.5364
[14:59:46] warmStart 67% (1460/2163) regret=0.034464 ape=0.5364
[14:59:46] warmStart 67% (1461/2163) regret=0.034464 ape=0.5364
[14:59:47] warmStart 67% (1462/2163) regret=0.034464 ape=0.5364
[14:59:47] warmStart 67% (1463/2163) regret=0.034464 ape=0.5364
[14:59:47] warmStart 67% (1464/2163) regret=0.034464 ape=0.5364
[14:59:47] warmStart 67% (1465/2163) regret=0.034464 ape=0.5364
[14:59:48] warmStart 67% (1466/2163) regret=0.034464 ape=0.5364
[14:59:48] warmStart 67% (1467/2163) regret=0.034464 ape=0.5364
[14:59:48] warmStart 67% (1468/2163) regret=0.034464 ape=0.5364
[14:59:48] warmStart 67% (1469/2163) regret=0.034464 ape=0.5364
[14:59:49] warmStart 67% (1470/2163) regret=0.034464 ape=0.5364
[14:59:49] warmStart 68% (1471/2163) regret=0.034464 ape=0.5364
[14:59:49] warmStart 68% (1472/2163) regret=0.034464 ape=0.5364
[14:59:49] warmStart 68% (1473/2163) regret=0.034464 ape=0.5364
[14:59:49] warmStart 68% (1474/2163) regret=0.034464 ape=0.5364
[14:59:50] warmStart 68% (1475/2163) regret=0.034464 ape=0.5364
[14:59:50] warmStart 68% (1476/2163) regret=0.034464 ape=0.5364
[14:59:50] warmStart 68% (1477/2163) regret=0.034464 ape=0.5364
[14:59:50] warmStart 68% (1478/2163) regret=0.034464 ape=0.5364
[14:59:51] warmStart 68% (1479/2163) regret=0.034464 ape=0.5364
[14:59:51] warmStart 68% (1480/2163) regret=0.034464 ape=0.5364
[14:59:51] warmStart 68% (1481/2163) regret=0.034464 ape=0.5364
[14:59:51] warmStart 68% (1482/2163) regret=0.034464 ape=0.5364
[14:59:52] warmStart 68% (1483/2163) regret=0.034464 ape=0.5364
[14:59:52] warmStart 68% (1484/2163) regret=0.034464 ape=0.5364
[14:59:52] warmStart 68% (1485/2163) regret=0.034464 ape=0.5364
[14:59:52] warmStart 68% (1486/2163) regret=0.034464 ape=0.5364
[14:59:52] warmStart 68% (1487/2163) regret=0.034464 ape=0.5364
[14:59:53] warmStart 68% (1488/2163) regret=0.034464 ape=0.5364
[14:59:53] warmStart 68% (1489/2163) regret=0.034464 ape=0.5364
[14:59:53] warmStart 68% (1490/2163) regret=0.034464 ape=0.5364
[14:59:53] warmStart 68% (1491/2163) regret=0.034464 ape=0.5364
[14:59:53] warmStart 68% (1492/2163) regret=0.034464 ape=0.5364
[14:59:54] warmStart 69% (1493/2163) regret=0.034464 ape=0.5364
[14:59:54] warmStart 69% (1494/2163) regret=0.034464 ape=0.5364
[14:59:54] warmStart 69% (1495/2163) regret=0.034464 ape=0.5364
[14:59:54] warmStart 69% (1496/2163) regret=0.034509 ape=0.5364
[14:59:55] warmStart 69% (1497/2163) regret=0.034509 ape=0.5364
[14:59:55] warmStart 69% (1498/2163) regret=0.034509 ape=0.5364
[14:59:55] warmStart 69% (1499/2163) regret=0.034509 ape=0.5364
[14:59:55] warmStart 69% (1500/2163) regret=0.034352 ape=0.5355
[14:59:55] warmStart 69% (1501/2163) regret=0.034352 ape=0.5355
[14:59:56] warmStart 69% (1502/2163) regret=0.034352 ape=0.5355
[14:59:56] warmStart 69% (1503/2163) regret=0.034352 ape=0.5355
[14:59:56] warmStart 69% (1504/2163) regret=0.034352 ape=0.5355
[14:59:56] warmStart 69% (1505/2163) regret=0.034352 ape=0.5355
[14:59:57] warmStart 69% (1506/2163) regret=0.034440 ape=0.5364
[14:59:57] warmStart 69% (1507/2163) regret=0.034440 ape=0.5364
[14:59:57] warmStart 69% (1508/2163) regret=0.034440 ape=0.5364
[14:59:57] warmStart 69% (1509/2163) regret=0.034440 ape=0.5364
[14:59:58] warmStart 69% (1510/2163) regret=0.034440 ape=0.5364
[14:59:58] warmStart 69% (1511/2163) regret=0.034509 ape=0.5373
[14:59:58] warmStart 69% (1512/2163) regret=0.034509 ape=0.5373
[14:59:58] warmStart 69% (1513/2163) regret=0.034509 ape=0.5373
[14:59:58] warmStart 69% (1514/2163) regret=0.034509 ape=0.5373
[14:59:59] warmStart 70% (1515/2163) regret=0.034509 ape=0.5373
[14:59:59] warmStart 70% (1516/2163) regret=0.034509 ape=0.5373
[14:59:59] warmStart 70% (1517/2163) regret=0.034501 ape=0.5373
[14:59:59] warmStart 70% (1518/2163) regret=0.034501 ape=0.5373
[15:00:00] warmStart 70% (1519/2163) regret=0.034501 ape=0.5373
[15:00:00] warmStart 70% (1520/2163) regret=0.034501 ape=0.5373
[15:00:00] warmStart 70% (1521/2163) regret=0.034501 ape=0.5373
[15:00:00] warmStart 70% (1522/2163) regret=0.034501 ape=0.5373
[15:00:01] warmStart 70% (1523/2163) regret=0.034501 ape=0.5373
[15:00:01] warmStart 70% (1524/2163) regret=0.034501 ape=0.5373
[15:00:01] warmStart 70% (1525/2163) regret=0.034501 ape=0.5373
[15:00:01] warmStart 70% (1526/2163) regret=0.034501 ape=0.5373
[15:00:02] warmStart 70% (1527/2163) regret=0.034501 ape=0.5373
[15:00:02] warmStart 70% (1528/2163) regret=0.034501 ape=0.5373
[15:00:02] warmStart 70% (1529/2163) regret=0.034474 ape=0.5364
[15:00:02] warmStart 70% (1530/2163) regret=0.034474 ape=0.5364
[15:00:03] warmStart 70% (1531/2163) regret=0.034568 ape=0.5364
[15:00:03] warmStart 70% (1532/2163) regret=0.034520 ape=0.5364
[15:00:03] warmStart 70% (1533/2163) regret=0.034520 ape=0.5364
[15:00:03] warmStart 70% (1534/2163) regret=0.034520 ape=0.5364
[15:00:03] warmStart 70% (1535/2163) regret=0.034520 ape=0.5364
[15:00:04] warmStart 71% (1536/2163) regret=0.034520 ape=0.5364
[15:00:04] warmStart 71% (1537/2163) regret=0.034543 ape=0.5364
[15:00:04] warmStart 71% (1538/2163) regret=0.034520 ape=0.5364
[15:00:04] warmStart 71% (1539/2163) regret=0.034279 ape=0.5355
[15:00:04] warmStart 71% (1540/2163) regret=0.034308 ape=0.5355
[15:00:04] warmStart 71% (1541/2163) regret=0.034212 ape=0.5346
[15:00:05] warmStart 71% (1542/2163) regret=0.034123 ape=0.5346
[15:00:05] warmStart 71% (1543/2163) regret=0.034391 ape=0.5346
[15:00:05] warmStart 71% (1544/2163) regret=0.034474 ape=0.5355
[15:00:05] warmStart 71% (1545/2163) regret=0.034547 ape=0.5355
[15:00:05] warmStart 71% (1546/2163) regret=0.034474 ape=0.5355
[15:00:05] warmStart 71% (1547/2163) regret=0.034474 ape=0.5355
[15:00:06] warmStart 71% (1548/2163) regret=0.034474 ape=0.5355
[15:00:06] warmStart 71% (1549/2163) regret=0.034441 ape=0.5355
[15:00:06] warmStart 71% (1550/2163) regret=0.034418 ape=0.5355
[15:00:06] warmStart 71% (1551/2163) regret=0.034551 ape=0.5364
[15:00:06] warmStart 71% (1552/2163) regret=0.034551 ape=0.5364
[15:00:06] warmStart 71% (1553/2163) regret=0.034505 ape=0.5364
[15:00:07] warmStart 71% (1554/2163) regret=0.034455 ape=0.5364
[15:00:07] warmStart 71% (1555/2163) regret=0.034363 ape=0.5364
[15:00:07] warmStart 71% (1556/2163) regret=0.034363 ape=0.5364
[15:00:07] warmStart 71% (1557/2163) regret=0.034363 ape=0.5364
[15:00:07] warmStart 72% (1558/2163) regret=0.034446 ape=0.5364
[15:00:07] warmStart 72% (1559/2163) regret=0.034382 ape=0.5364
[15:00:08] warmStart 72% (1560/2163) regret=0.034317 ape=0.5364
[15:00:08] warmStart 72% (1561/2163) regret=0.034317 ape=0.5364
[15:00:08] warmStart 72% (1562/2163) regret=0.034317 ape=0.5364
[15:00:08] warmStart 72% (1563/2163) regret=0.034317 ape=0.5364
[15:00:08] warmStart 72% (1564/2163) regret=0.034317 ape=0.5364
[15:00:08] warmStart 72% (1565/2163) regret=0.034313 ape=0.5364
[15:00:09] warmStart 72% (1566/2163) regret=0.034577 ape=0.5364
[15:00:09] warmStart 72% (1567/2163) regret=0.034313 ape=0.5364
[15:00:09] warmStart 72% (1568/2163) regret=0.034313 ape=0.5364
[15:00:09] warmStart 72% (1569/2163) regret=0.034313 ape=0.5364
[15:00:09] warmStart 72% (1570/2163) regret=0.034240 ape=0.5364
[15:00:09] warmStart 72% (1571/2163) regret=0.034247 ape=0.5364
[15:00:09] warmStart 72% (1572/2163) regret=0.034240 ape=0.5364
[15:00:10] warmStart 72% (1573/2163) regret=0.034185 ape=0.5364
[15:00:10] warmStart 72% (1574/2163) regret=0.034028 ape=0.5355
[15:00:10] warmStart 72% (1575/2163) regret=0.033904 ape=0.5355
[15:00:10] warmStart 72% (1576/2163) regret=0.033842 ape=0.5355
[15:00:10] warmStart 72% (1577/2163) regret=0.033962 ape=0.5355
[15:00:10] warmStart 72% (1578/2163) regret=0.034023 ape=0.5346
[15:00:10] warmStart 73% (1579/2163) regret=0.033879 ape=0.5336
[15:00:11] warmStart 73% (1580/2163) regret=0.033860 ape=0.5336
[15:00:11] warmStart 73% (1581/2163) regret=0.033805 ape=0.5327
[15:00:11] warmStart 73% (1582/2163) regret=0.034081 ape=0.5327
[15:00:11] warmStart 73% (1583/2163) regret=0.033777 ape=0.5318
[15:00:11] warmStart 73% (1584/2163) regret=0.033796 ape=0.5318
[15:00:11] warmStart 73% (1585/2163) regret=0.033763 ape=0.5327
[15:00:11] warmStart 73% (1586/2163) regret=0.033650 ape=0.5327
[15:00:12] warmStart 73% (1587/2163) regret=0.033594 ape=0.5318
[15:00:12] warmStart 73% (1588/2163) regret=0.033567 ape=0.5309
[15:00:12] warmStart 73% (1589/2163) regret=0.033567 ape=0.5309
[15:00:12] warmStart 73% (1590/2163) regret=0.033567 ape=0.5309
[15:00:12] warmStart 73% (1591/2163) regret=0.033567 ape=0.5309
[15:00:12] warmStart 73% (1592/2163) regret=0.033567 ape=0.5309
[15:00:12] warmStart 73% (1593/2163) regret=0.033567 ape=0.5309
[15:00:13] warmStart 73% (1594/2163) regret=0.033567 ape=0.5309
[15:00:13] warmStart 73% (1595/2163) regret=0.033558 ape=0.5300
[15:00:13] warmStart 73% (1596/2163) regret=0.033558 ape=0.5300
[15:00:13] warmStart 73% (1597/2163) regret=0.033558 ape=0.5300
[15:00:13] warmStart 73% (1598/2163) regret=0.033419 ape=0.5290
[15:00:13] warmStart 73% (1599/2163) regret=0.033419 ape=0.5290
[15:00:13] warmStart 73% (1600/2163) regret=0.033419 ape=0.5290
[15:00:14] warmStart 74% (1601/2163) regret=0.033419 ape=0.5290
[15:00:14] warmStart 74% (1602/2163) regret=0.033419 ape=0.5290
[15:00:14] warmStart 74% (1603/2163) regret=0.033419 ape=0.5290
[15:00:14] warmStart 74% (1604/2163) regret=0.033774 ape=0.5290
[15:00:14] warmStart 74% (1605/2163) regret=0.033419 ape=0.5290
[15:00:14] warmStart 74% (1606/2163) regret=0.033161 ape=0.5281
[15:00:14] warmStart 74% (1607/2163) regret=0.033078 ape=0.5272
[15:00:15] warmStart 74% (1608/2163) regret=0.033078 ape=0.5272
[15:00:15] warmStart 74% (1609/2163) regret=0.033078 ape=0.5272
[15:00:15] warmStart 74% (1610/2163) regret=0.033078 ape=0.5272
[15:00:15] warmStart 74% (1611/2163) regret=0.033078 ape=0.5272
[15:00:15] warmStart 74% (1612/2163) regret=0.033078 ape=0.5272
[15:00:15] warmStart 74% (1613/2163) regret=0.033078 ape=0.5272
[15:00:15] warmStart 74% (1614/2163) regret=0.033078 ape=0.5272
[15:00:16] warmStart 74% (1615/2163) regret=0.033078 ape=0.5272
[15:00:16] warmStart 74% (1616/2163) regret=0.033078 ape=0.5272
[15:00:16] warmStart 74% (1617/2163) regret=0.033078 ape=0.5272
[15:00:16] warmStart 74% (1618/2163) regret=0.033078 ape=0.5272
[15:00:16] warmStart 74% (1619/2163) regret=0.033078 ape=0.5272
[15:00:16] warmStart 74% (1620/2163) regret=0.033078 ape=0.5272
[15:00:16] warmStart 74% (1621/2163) regret=0.033078 ape=0.5272
[15:00:17] warmStart 74% (1622/2163) regret=0.033078 ape=0.5272
[15:00:17] warmStart 75% (1623/2163) regret=0.033078 ape=0.5272
[15:00:17] warmStart 75% (1624/2163) regret=0.033051 ape=0.5263
[15:00:17] warmStart 75% (1625/2163) regret=0.033051 ape=0.5263
[15:00:17] warmStart 75% (1626/2163) regret=0.033051 ape=0.5263
[15:00:17] warmStart 75% (1627/2163) regret=0.033051 ape=0.5263
[15:00:17] warmStart 75% (1628/2163) regret=0.033051 ape=0.5263
[15:00:18] warmStart 75% (1629/2163) regret=0.033051 ape=0.5263
[15:00:18] warmStart 75% (1630/2163) regret=0.033051 ape=0.5263
[15:00:18] warmStart 75% (1631/2163) regret=0.033051 ape=0.5263
[15:00:18] warmStart 75% (1632/2163) regret=0.033051 ape=0.5263
[15:00:18] warmStart 75% (1633/2163) regret=0.033051 ape=0.5263
[15:00:18] warmStart 75% (1634/2163) regret=0.033051 ape=0.5263
[15:00:18] warmStart 75% (1635/2163) regret=0.033051 ape=0.5263
[15:00:18] warmStart 75% (1636/2163) regret=0.033051 ape=0.5263
[15:00:19] warmStart 75% (1637/2163) regret=0.033051 ape=0.5263
[15:00:19] warmStart 75% (1638/2163) regret=0.033051 ape=0.5263
[15:00:19] warmStart 75% (1639/2163) regret=0.033051 ape=0.5263
[15:00:19] warmStart 75% (1640/2163) regret=0.033051 ape=0.5263
[15:00:19] warmStart 75% (1641/2163) regret=0.033051 ape=0.5263
[15:00:19] warmStart 75% (1642/2163) regret=0.032925 ape=0.5253
[15:00:19] warmStart 75% (1643/2163) regret=0.032983 ape=0.5253
[15:00:20] warmStart 76% (1644/2163) regret=0.032978 ape=0.5244
[15:00:20] warmStart 76% (1645/2163) regret=0.032978 ape=0.5244
[15:00:20] warmStart 76% (1646/2163) regret=0.032978 ape=0.5244
[15:00:20] warmStart 76% (1647/2163) regret=0.032978 ape=0.5244
[15:00:20] warmStart 76% (1648/2163) regret=0.032978 ape=0.5244
[15:00:20] warmStart 76% (1649/2163) regret=0.032978 ape=0.5244
[15:00:20] warmStart 76% (1650/2163) regret=0.032978 ape=0.5244
[15:00:21] warmStart 76% (1651/2163) regret=0.032978 ape=0.5244
[15:00:21] warmStart 76% (1652/2163) regret=0.032978 ape=0.5244
[15:00:21] warmStart 76% (1653/2163) regret=0.032978 ape=0.5244
[15:00:21] warmStart 76% (1654/2163) regret=0.032978 ape=0.5244
[15:00:21] warmStart 76% (1655/2163) regret=0.032978 ape=0.5244
[15:00:21] warmStart 76% (1656/2163) regret=0.032978 ape=0.5244
[15:00:21] warmStart 76% (1657/2163) regret=0.032978 ape=0.5244
[15:00:22] warmStart 76% (1658/2163) regret=0.032978 ape=0.5244
[15:00:22] warmStart 76% (1659/2163) regret=0.032978 ape=0.5244
[15:00:22] warmStart 76% (1660/2163) regret=0.032978 ape=0.5244
[15:00:22] warmStart 76% (1661/2163) regret=0.032978 ape=0.5244
[15:00:22] warmStart 76% (1662/2163) regret=0.032978 ape=0.5244
[15:00:22] warmStart 76% (1663/2163) regret=0.032978 ape=0.5244
[15:00:22] warmStart 76% (1664/2163) regret=0.032969 ape=0.5244
[15:00:23] warmStart 76% (1665/2163) regret=0.032969 ape=0.5244
[15:00:23] warmStart 77% (1666/2163) regret=0.032969 ape=0.5244
[15:00:23] warmStart 77% (1667/2163) regret=0.032969 ape=0.5244
[15:00:23] warmStart 77% (1668/2163) regret=0.032969 ape=0.5244
[15:00:23] warmStart 77% (1669/2163) regret=0.032969 ape=0.5244
[15:00:23] warmStart 77% (1670/2163) regret=0.032969 ape=0.5244
[15:00:23] warmStart 77% (1671/2163) regret=0.032969 ape=0.5244
[15:00:24] warmStart 77% (1672/2163) regret=0.032969 ape=0.5244
[15:00:24] warmStart 77% (1673/2163) regret=0.032969 ape=0.5244
[15:00:24] warmStart 77% (1674/2163) regret=0.032969 ape=0.5244
[15:00:24] warmStart 77% (1675/2163) regret=0.032967 ape=0.5244
[15:00:24] warmStart 77% (1676/2163) regret=0.032967 ape=0.5244
[15:00:24] warmStart 77% (1677/2163) regret=0.032967 ape=0.5244
[15:00:24] warmStart 77% (1678/2163) regret=0.032967 ape=0.5244
[15:00:24] warmStart 77% (1679/2163) regret=0.032953 ape=0.5244
[15:00:25] warmStart 77% (1680/2163) regret=0.032953 ape=0.5244
[15:00:25] warmStart 77% (1681/2163) regret=0.032953 ape=0.5244
[15:00:25] warmStart 77% (1682/2163) regret=0.032953 ape=0.5244
[15:00:25] warmStart 77% (1683/2163) regret=0.032953 ape=0.5244
[15:00:25] warmStart 77% (1684/2163) regret=0.032953 ape=0.5244
[15:00:25] warmStart 77% (1685/2163) regret=0.032953 ape=0.5244
[15:00:25] warmStart 77% (1686/2163) regret=0.032981 ape=0.5253
[15:00:26] warmStart 77% (1687/2163) regret=0.032981 ape=0.5253
[15:00:26] warmStart 78% (1688/2163) regret=0.032981 ape=0.5253
[15:00:26] warmStart 78% (1689/2163) regret=0.032981 ape=0.5253
[15:00:26] warmStart 78% (1690/2163) regret=0.032981 ape=0.5253
[15:00:26] warmStart 78% (1691/2163) regret=0.033253 ape=0.5263
[15:00:26] warmStart 78% (1692/2163) regret=0.032981 ape=0.5253
[15:00:26] warmStart 78% (1693/2163) regret=0.032981 ape=0.5253
[15:00:27] warmStart 78% (1694/2163) regret=0.032981 ape=0.5253
[15:00:27] warmStart 78% (1695/2163) regret=0.032981 ape=0.5253
[15:00:27] warmStart 78% (1696/2163) regret=0.032981 ape=0.5253
[15:00:27] warmStart 78% (1697/2163) regret=0.032981 ape=0.5253
[15:00:27] warmStart 78% (1698/2163) regret=0.032981 ape=0.5253
[15:00:27] warmStart 78% (1699/2163) regret=0.032981 ape=0.5253
[15:00:27] warmStart 78% (1700/2163) regret=0.033002 ape=0.5253
[15:00:27] warmStart 78% (1701/2163) regret=0.033002 ape=0.5253
[15:00:28] warmStart 78% (1702/2163) regret=0.033002 ape=0.5253
[15:00:28] warmStart 78% (1703/2163) regret=0.033023 ape=0.5253
[15:00:28] warmStart 78% (1704/2163) regret=0.033023 ape=0.5253
[15:00:28] warmStart 78% (1705/2163) regret=0.033023 ape=0.5253
[15:00:28] warmStart 78% (1706/2163) regret=0.033023 ape=0.5253
[15:00:28] warmStart 78% (1707/2163) regret=0.033023 ape=0.5253
[15:00:28] warmStart 78% (1708/2163) regret=0.033023 ape=0.5253
[15:00:29] warmStart 79% (1709/2163) regret=0.033023 ape=0.5253
[15:00:29] warmStart 79% (1710/2163) regret=0.033050 ape=0.5253
[15:00:29] warmStart 79% (1711/2163) regret=0.033022 ape=0.5244
[15:00:29] warmStart 79% (1712/2163) regret=0.032870 ape=0.5235
[15:00:29] warmStart 79% (1713/2163) regret=0.032870 ape=0.5235
[15:00:29] warmStart 79% (1714/2163) regret=0.032870 ape=0.5235
[15:00:29] warmStart 79% (1715/2163) regret=0.032870 ape=0.5235
[15:00:30] warmStart 79% (1716/2163) regret=0.032870 ape=0.5235
[15:00:30] warmStart 79% (1717/2163) regret=0.032743 ape=0.5226
[15:00:30] warmStart 79% (1718/2163) regret=0.032568 ape=0.5217
[15:00:30] warmStart 79% (1719/2163) regret=0.032582 ape=0.5226
[15:00:30] warmStart 79% (1720/2163) regret=0.032582 ape=0.5226
[15:00:30] warmStart 79% (1721/2163) regret=0.032582 ape=0.5226
[15:00:30] warmStart 79% (1722/2163) regret=0.032582 ape=0.5226
[15:00:30] warmStart 79% (1723/2163) regret=0.032582 ape=0.5226
[15:00:31] warmStart 79% (1724/2163) regret=0.032582 ape=0.5226
[15:00:31] warmStart 79% (1725/2163) regret=0.032582 ape=0.5226
[15:00:31] warmStart 79% (1726/2163) regret=0.032517 ape=0.5217
[15:00:31] warmStart 79% (1727/2163) regret=0.032453 ape=0.5217
[15:00:31] warmStart 79% (1728/2163) regret=0.032462 ape=0.5217
[15:00:31] warmStart 79% (1729/2163) regret=0.032467 ape=0.5217
[15:00:31] warmStart 79% (1730/2163) regret=0.032440 ape=0.5217
[15:00:32] warmStart 80% (1731/2163) regret=0.032440 ape=0.5217
[15:00:32] warmStart 80% (1732/2163) regret=0.032440 ape=0.5217
[15:00:32] warmStart 80% (1733/2163) regret=0.032302 ape=0.5217
[15:00:32] warmStart 80% (1734/2163) regret=0.032302 ape=0.5217
[15:00:32] warmStart 80% (1735/2163) regret=0.032302 ape=0.5217
[15:00:32] warmStart 80% (1736/2163) regret=0.032302 ape=0.5217
[15:00:33] warmStart 80% (1737/2163) regret=0.032302 ape=0.5217
[15:00:33] warmStart 80% (1738/2163) regret=0.032302 ape=0.5217
[15:00:33] warmStart 80% (1739/2163) regret=0.032302 ape=0.5217
[15:00:33] warmStart 80% (1740/2163) regret=0.032302 ape=0.5217
[15:00:33] warmStart 80% (1741/2163) regret=0.032302 ape=0.5217
[15:00:33] warmStart 80% (1742/2163) regret=0.032348 ape=0.5226
[15:00:33] warmStart 80% (1743/2163) regret=0.032302 ape=0.5217
[15:00:34] warmStart 80% (1744/2163) regret=0.032302 ape=0.5217
[15:00:34] warmStart 80% (1745/2163) regret=0.032302 ape=0.5217
[15:00:34] warmStart 80% (1746/2163) regret=0.032302 ape=0.5217
[15:00:34] warmStart 80% (1747/2163) regret=0.032302 ape=0.5217
[15:00:34] warmStart 80% (1748/2163) regret=0.032302 ape=0.5217
[15:00:34] warmStart 80% (1749/2163) regret=0.032302 ape=0.5217
[15:00:34] warmStart 80% (1750/2163) regret=0.032302 ape=0.5217
[15:00:34] warmStart 80% (1751/2163) regret=0.032302 ape=0.5217
[15:00:35] warmStart 80% (1752/2163) regret=0.032302 ape=0.5217
[15:00:35] warmStart 81% (1753/2163) regret=0.032302 ape=0.5217
[15:00:35] warmStart 81% (1754/2163) regret=0.032302 ape=0.5217
[15:00:35] warmStart 81% (1755/2163) regret=0.032302 ape=0.5217
[15:00:35] warmStart 81% (1756/2163) regret=0.032302 ape=0.5217
[15:00:35] warmStart 81% (1757/2163) regret=0.032373 ape=0.5226
[15:00:36] warmStart 81% (1758/2163) regret=0.032334 ape=0.5226
[15:00:36] warmStart 81% (1759/2163) regret=0.032334 ape=0.5226
[15:00:36] warmStart 81% (1760/2163) regret=0.032334 ape=0.5226
[15:00:36] warmStart 81% (1761/2163) regret=0.032338 ape=0.5226
[15:00:36] warmStart 81% (1762/2163) regret=0.032338 ape=0.5226
[15:00:36] warmStart 81% (1763/2163) regret=0.032338 ape=0.5226
[15:00:36] warmStart 81% (1764/2163) regret=0.032338 ape=0.5226
[15:00:37] warmStart 81% (1765/2163) regret=0.032006 ape=0.5217
[15:00:37] warmStart 81% (1766/2163) regret=0.032006 ape=0.5217
[15:00:37] warmStart 81% (1767/2163) regret=0.032006 ape=0.5217
[15:00:37] warmStart 81% (1768/2163) regret=0.032006 ape=0.5217
[15:00:37] warmStart 81% (1769/2163) regret=0.032006 ape=0.5217
[15:00:37] warmStart 81% (1770/2163) regret=0.032006 ape=0.5217
[15:00:37] warmStart 81% (1771/2163) regret=0.032006 ape=0.5217
[15:00:38] warmStart 81% (1772/2163) regret=0.032006 ape=0.5217
[15:00:38] warmStart 81% (1773/2163) regret=0.032006 ape=0.5217
[15:00:38] warmStart 82% (1774/2163) regret=0.032006 ape=0.5217
[15:00:38] warmStart 82% (1775/2163) regret=0.032006 ape=0.5217
[15:00:38] warmStart 82% (1776/2163) regret=0.032006 ape=0.5217
[15:00:38] warmStart 82% (1777/2163) regret=0.032016 ape=0.5217
[15:00:38] warmStart 82% (1778/2163) regret=0.032016 ape=0.5217
[15:00:39] warmStart 82% (1779/2163) regret=0.032016 ape=0.5217
[15:00:39] warmStart 82% (1780/2163) regret=0.032016 ape=0.5217
[15:00:39] warmStart 82% (1781/2163) regret=0.032034 ape=0.5217
[15:00:39] warmStart 82% (1782/2163) regret=0.032034 ape=0.5217
[15:00:39] warmStart 82% (1783/2163) regret=0.031942 ape=0.5207
[15:00:39] warmStart 82% (1784/2163) regret=0.032016 ape=0.5217
[15:00:39] warmStart 82% (1785/2163) regret=0.032034 ape=0.5217
[15:00:40] warmStart 82% (1786/2163) regret=0.032034 ape=0.5217
[15:00:40] warmStart 82% (1787/2163) regret=0.032043 ape=0.5217
[15:00:40] warmStart 82% (1788/2163) regret=0.032043 ape=0.5217
[15:00:40] warmStart 82% (1789/2163) regret=0.032034 ape=0.5207
[15:00:40] warmStart 82% (1790/2163) regret=0.032126 ape=0.5217
[15:00:40] warmStart 82% (1791/2163) regret=0.032094 ape=0.5207
[15:00:41] warmStart 82% (1792/2163) regret=0.032380 ape=0.5217
[15:00:41] warmStart 82% (1793/2163) regret=0.032204 ape=0.5217
[15:00:41] warmStart 82% (1794/2163) regret=0.032204 ape=0.5217
[15:00:41] warmStart 82% (1795/2163) regret=0.032204 ape=0.5217
[15:00:41] warmStart 83% (1796/2163) regret=0.032204 ape=0.5217
[15:00:41] warmStart 83% (1797/2163) regret=0.032131 ape=0.5207
[15:00:41] warmStart 83% (1798/2163) regret=0.032029 ape=0.5207
[15:00:42] warmStart 83% (1799/2163) regret=0.032029 ape=0.5207
[15:00:42] warmStart 83% (1800/2163) regret=0.032094 ape=0.5207
[15:00:42] warmStart 83% (1801/2163) regret=0.032094 ape=0.5207
[15:00:42] warmStart 83% (1802/2163) regret=0.032094 ape=0.5207
[15:00:42] warmStart 83% (1803/2163) regret=0.032094 ape=0.5207
[15:00:42] warmStart 83% (1804/2163) regret=0.032094 ape=0.5207
[15:00:42] warmStart 83% (1805/2163) regret=0.032126 ape=0.5207
[15:00:43] warmStart 83% (1806/2163) regret=0.032126 ape=0.5207
[15:00:43] warmStart 83% (1807/2163) regret=0.032126 ape=0.5207
[15:00:43] warmStart 83% (1808/2163) regret=0.031997 ape=0.5207
[15:00:43] warmStart 83% (1809/2163) regret=0.031997 ape=0.5207
[15:00:43] warmStart 83% (1810/2163) regret=0.031997 ape=0.5207
[15:00:44] warmStart 83% (1811/2163) regret=0.031997 ape=0.5207
[15:00:44] warmStart 83% (1812/2163) regret=0.031997 ape=0.5207
[15:00:44] warmStart 83% (1813/2163) regret=0.031997 ape=0.5207
[15:00:44] warmStart 83% (1814/2163) regret=0.031997 ape=0.5207
[15:00:44] warmStart 83% (1815/2163) regret=0.031997 ape=0.5207
[15:00:44] warmStart 83% (1816/2163) regret=0.031997 ape=0.5207
[15:00:44] warmStart 84% (1817/2163) regret=0.031997 ape=0.5207
[15:00:45] warmStart 84% (1818/2163) regret=0.031997 ape=0.5207
[15:00:45] warmStart 84% (1819/2163) regret=0.031997 ape=0.5207
[15:00:45] warmStart 84% (1820/2163) regret=0.031997 ape=0.5207
[15:00:45] warmStart 84% (1821/2163) regret=0.031997 ape=0.5207
[15:00:45] warmStart 84% (1822/2163) regret=0.031997 ape=0.5207
[15:00:46] warmStart 84% (1823/2163) regret=0.031997 ape=0.5207
[15:00:46] warmStart 84% (1824/2163) regret=0.031997 ape=0.5207
[15:00:46] warmStart 84% (1825/2163) regret=0.031997 ape=0.5207
[15:00:46] warmStart 84% (1826/2163) regret=0.031997 ape=0.5207
[15:00:47] warmStart 84% (1827/2163) regret=0.031997 ape=0.5207
[15:00:47] warmStart 84% (1828/2163) regret=0.031997 ape=0.5207
[15:00:47] warmStart 84% (1829/2163) regret=0.031997 ape=0.5207
[15:00:47] warmStart 84% (1830/2163) regret=0.031997 ape=0.5207
[15:00:48] warmStart 84% (1831/2163) regret=0.031997 ape=0.5207
[15:00:48] warmStart 84% (1832/2163) regret=0.031997 ape=0.5207
[15:00:48] warmStart 84% (1833/2163) regret=0.031997 ape=0.5207
[15:00:48] warmStart 84% (1834/2163) regret=0.031997 ape=0.5207
[15:00:48] warmStart 84% (1835/2163) regret=0.031997 ape=0.5207
[15:00:49] warmStart 84% (1836/2163) regret=0.031997 ape=0.5207
[15:00:49] warmStart 84% (1837/2163) regret=0.031997 ape=0.5207
[15:00:49] warmStart 84% (1838/2163) regret=0.031997 ape=0.5207
[15:00:49] warmStart 85% (1839/2163) regret=0.031997 ape=0.5207
[15:00:50] warmStart 85% (1840/2163) regret=0.031997 ape=0.5207
[15:00:50] warmStart 85% (1841/2163) regret=0.031905 ape=0.5189
[15:00:50] warmStart 85% (1842/2163) regret=0.031905 ape=0.5189
[15:00:50] warmStart 85% (1843/2163) regret=0.031905 ape=0.5189
[15:00:51] warmStart 85% (1844/2163) regret=0.031905 ape=0.5189
[15:00:51] warmStart 85% (1845/2163) regret=0.031905 ape=0.5189
[15:00:51] warmStart 85% (1846/2163) regret=0.031885 ape=0.5180
[15:00:51] warmStart 85% (1847/2163) regret=0.031885 ape=0.5180
[15:00:51] warmStart 85% (1848/2163) regret=0.031885 ape=0.5180
[15:00:52] warmStart 85% (1849/2163) regret=0.031885 ape=0.5180
[15:00:52] warmStart 85% (1850/2163) regret=0.031885 ape=0.5180
[15:00:52] warmStart 85% (1851/2163) regret=0.031885 ape=0.5180
[15:00:52] warmStart 85% (1852/2163) regret=0.031885 ape=0.5180
[15:00:53] warmStart 85% (1853/2163) regret=0.031885 ape=0.5180
[15:00:53] warmStart 85% (1854/2163) regret=0.031885 ape=0.5180
[15:00:53] warmStart 85% (1855/2163) regret=0.031885 ape=0.5180
[15:00:53] warmStart 85% (1856/2163) regret=0.031885 ape=0.5180
[15:00:53] warmStart 85% (1857/2163) regret=0.031885 ape=0.5180
[15:00:54] warmStart 85% (1858/2163) regret=0.031885 ape=0.5180
[15:00:54] warmStart 85% (1859/2163) regret=0.032125 ape=0.5189
[15:00:54] warmStart 85% (1860/2163) regret=0.032125 ape=0.5189
[15:00:54] warmStart 86% (1861/2163) regret=0.032125 ape=0.5189
[15:00:55] warmStart 86% (1862/2163) regret=0.032125 ape=0.5189
[15:00:55] warmStart 86% (1863/2163) regret=0.032125 ape=0.5189
[15:00:55] warmStart 86% (1864/2163) regret=0.032125 ape=0.5189
[15:00:55] warmStart 86% (1865/2163) regret=0.032102 ape=0.5189
[15:00:55] warmStart 86% (1866/2163) regret=0.032102 ape=0.5189
[15:00:56] warmStart 86% (1867/2163) regret=0.032092 ape=0.5189
[15:00:56] warmStart 86% (1868/2163) regret=0.032251 ape=0.5198
[15:00:56] warmStart 86% (1869/2163) regret=0.032092 ape=0.5189
[15:00:56] warmStart 86% (1870/2163) regret=0.032067 ape=0.5180
[15:00:56] warmStart 86% (1871/2163) regret=0.032085 ape=0.5189
[15:00:57] warmStart 86% (1872/2163) regret=0.031818 ape=0.5189
[15:00:57] warmStart 86% (1873/2163) regret=0.031574 ape=0.5180
[15:00:57] warmStart 86% (1874/2163) regret=0.031675 ape=0.5180
[15:00:57] warmStart 86% (1875/2163) regret=0.031537 ape=0.5180
[15:00:58] warmStart 86% (1876/2163) regret=0.031537 ape=0.5180
[15:00:58] warmStart 86% (1877/2163) regret=0.031362 ape=0.5180
[15:00:58] warmStart 86% (1878/2163) regret=0.031454 ape=0.5180
[15:00:58] warmStart 86% (1879/2163) regret=0.031454 ape=0.5180
[15:00:59] warmStart 86% (1880/2163) regret=0.031454 ape=0.5180
[15:00:59] warmStart 86% (1881/2163) regret=0.031288 ape=0.5171
[15:00:59] warmStart 87% (1882/2163) regret=0.031288 ape=0.5171
[15:00:59] warmStart 87% (1883/2163) regret=0.031288 ape=0.5171
[15:00:59] warmStart 87% (1884/2163) regret=0.031288 ape=0.5171
[15:01:00] warmStart 87% (1885/2163) regret=0.031288 ape=0.5171
[15:01:00] warmStart 87% (1886/2163) regret=0.031261 ape=0.5161
[15:01:00] warmStart 87% (1887/2163) regret=0.031261 ape=0.5161
[15:01:00] warmStart 87% (1888/2163) regret=0.031357 ape=0.5161
[15:01:01] warmStart 87% (1889/2163) regret=0.031357 ape=0.5161
[15:01:01] warmStart 87% (1890/2163) regret=0.031357 ape=0.5161
[15:01:01] warmStart 87% (1891/2163) regret=0.031357 ape=0.5161
[15:01:01] warmStart 87% (1892/2163) regret=0.031302 ape=0.5161
[15:01:02] warmStart 87% (1893/2163) regret=0.031265 ape=0.5161
[15:01:02] warmStart 87% (1894/2163) regret=0.031311 ape=0.5161
[15:01:02] warmStart 87% (1895/2163) regret=0.031311 ape=0.5161
[15:01:02] warmStart 87% (1896/2163) regret=0.031311 ape=0.5161
[15:01:03] warmStart 87% (1897/2163) regret=0.031311 ape=0.5161
[15:01:03] warmStart 87% (1898/2163) regret=0.031532 ape=0.5171
[15:01:03] warmStart 87% (1899/2163) regret=0.031311 ape=0.5161
[15:01:03] warmStart 87% (1900/2163) regret=0.031201 ape=0.5152
[15:01:03] warmStart 87% (1901/2163) regret=0.031201 ape=0.5152
[15:01:04] warmStart 87% (1902/2163) regret=0.031201 ape=0.5152
[15:01:04] warmStart 87% (1903/2163) regret=0.031201 ape=0.5152
[15:01:04] warmStart 88% (1904/2163) regret=0.031201 ape=0.5152
[15:01:04] warmStart 88% (1905/2163) regret=0.031201 ape=0.5152
[15:01:05] warmStart 88% (1906/2163) regret=0.031201 ape=0.5152
[15:01:05] warmStart 88% (1907/2163) regret=0.031201 ape=0.5152
[15:01:05] warmStart 88% (1908/2163) regret=0.031153 ape=0.5143
[15:01:05] warmStart 88% (1909/2163) regret=0.031149 ape=0.5143
[15:01:06] warmStart 88% (1910/2163) regret=0.031135 ape=0.5143
[15:01:06] warmStart 88% (1911/2163) regret=0.031098 ape=0.5143
[15:01:06] warmStart 88% (1912/2163) regret=0.031055 ape=0.5143
[15:01:06] warmStart 88% (1913/2163) regret=0.031103 ape=0.5143
[15:01:07] warmStart 88% (1914/2163) regret=0.031103 ape=0.5143
[15:01:07] warmStart 88% (1915/2163) regret=0.031103 ape=0.5143
[15:01:07] warmStart 88% (1916/2163) regret=0.031103 ape=0.5143
[15:01:07] warmStart 88% (1917/2163) regret=0.031103 ape=0.5143
[15:01:07] warmStart 88% (1918/2163) regret=0.031053 ape=0.5143
[15:01:08] warmStart 88% (1919/2163) regret=0.031053 ape=0.5143
[15:01:08] warmStart 88% (1920/2163) regret=0.031053 ape=0.5143
[15:01:08] warmStart 88% (1921/2163) regret=0.030997 ape=0.5143
[15:01:08] warmStart 88% (1922/2163) regret=0.031007 ape=0.5143
[15:01:08] warmStart 88% (1923/2163) regret=0.030924 ape=0.5134
[15:01:09] warmStart 88% (1924/2163) regret=0.030924 ape=0.5134
[15:01:09] warmStart 88% (1925/2163) regret=0.030891 ape=0.5134
[15:01:09] warmStart 89% (1926/2163) regret=0.030891 ape=0.5134
[15:01:09] warmStart 89% (1927/2163) regret=0.030819 ape=0.5134
[15:01:10] warmStart 89% (1928/2163) regret=0.030825 ape=0.5134
[15:01:10] warmStart 89% (1929/2163) regret=0.031553 ape=0.5143
[15:01:10] warmStart 89% (1930/2163) regret=0.030848 ape=0.5143
[15:01:10] warmStart 89% (1931/2163) regret=0.031484 ape=0.5152
[15:01:10] warmStart 89% (1932/2163) regret=0.030912 ape=0.5143
[15:01:11] warmStart 89% (1933/2163) regret=0.030951 ape=0.5143
[15:01:11] warmStart 89% (1934/2163) regret=0.030794 ape=0.5134
[15:01:11] warmStart 89% (1935/2163) regret=0.030801 ape=0.5143
[15:01:11] warmStart 89% (1936/2163) regret=0.030801 ape=0.5143
[15:01:12] warmStart 89% (1937/2163) regret=0.030778 ape=0.5134
[15:01:12] warmStart 89% (1938/2163) regret=0.030758 ape=0.5124
[15:01:12] warmStart 89% (1939/2163) regret=0.030712 ape=0.5115
[15:01:12] warmStart 89% (1940/2163) regret=0.030641 ape=0.5115
[15:01:13] warmStart 89% (1941/2163) regret=0.030641 ape=0.5115
[15:01:13] warmStart 89% (1942/2163) regret=0.030609 ape=0.5106
[15:01:13] warmStart 89% (1943/2163) regret=0.030609 ape=0.5106
[15:01:13] warmStart 89% (1944/2163) regret=0.030424 ape=0.5097
[15:01:13] warmStart 89% (1945/2163) regret=0.030424 ape=0.5097
[15:01:14] warmStart 89% (1946/2163) regret=0.030470 ape=0.5106
[15:01:14] warmStart 90% (1947/2163) regret=0.030470 ape=0.5106
[15:01:14] warmStart 90% (1948/2163) regret=0.030470 ape=0.5106
[15:01:14] warmStart 90% (1949/2163) regret=0.030489 ape=0.5097
[15:01:15] warmStart 90% (1950/2163) regret=0.030627 ape=0.5097
[15:01:15] warmStart 90% (1951/2163) regret=0.030286 ape=0.5088
[15:01:15] warmStart 90% (1952/2163) regret=0.030286 ape=0.5088
[15:01:15] warmStart 90% (1953/2163) regret=0.030323 ape=0.5088
[15:01:16] warmStart 90% (1954/2163) regret=0.030323 ape=0.5088
[15:01:16] warmStart 90% (1955/2163) regret=0.030314 ape=0.5088
[15:01:16] warmStart 90% (1956/2163) regret=0.030443 ape=0.5097
[15:01:16] warmStart 90% (1957/2163) regret=0.030314 ape=0.5088
[15:01:17] warmStart 90% (1958/2163) regret=0.030526 ape=0.5088
[15:01:17] warmStart 90% (1959/2163) regret=0.030286 ape=0.5078
[15:01:17] warmStart 90% (1960/2163) regret=0.030272 ape=0.5078
[15:01:17] warmStart 90% (1961/2163) regret=0.030185 ape=0.5069
[15:01:18] warmStart 90% (1962/2163) regret=0.030185 ape=0.5069
[15:01:18] warmStart 90% (1963/2163) regret=0.030185 ape=0.5069
[15:01:18] warmStart 90% (1964/2163) regret=0.030185 ape=0.5069
[15:01:18] warmStart 90% (1965/2163) regret=0.030185 ape=0.5069
[15:01:18] warmStart 90% (1966/2163) regret=0.030185 ape=0.5069
[15:01:19] warmStart 90% (1967/2163) regret=0.030203 ape=0.5078
[15:01:19] warmStart 90% (1968/2163) regret=0.030185 ape=0.5069
[15:01:19] warmStart 91% (1969/2163) regret=0.030268 ape=0.5069
[15:01:19] warmStart 91% (1970/2163) regret=0.030268 ape=0.5069
[15:01:20] warmStart 91% (1971/2163) regret=0.030211 ape=0.5069
[15:01:20] warmStart 91% (1972/2163) regret=0.030255 ape=0.5069
[15:01:20] warmStart 91% (1973/2163) regret=0.030225 ape=0.5060
[15:01:20] warmStart 91% (1974/2163) regret=0.030225 ape=0.5060
[15:01:21] warmStart 91% (1975/2163) regret=0.030225 ape=0.5060
[15:01:21] warmStart 91% (1976/2163) regret=0.030225 ape=0.5060
[15:01:21] warmStart 91% (1977/2163) regret=0.030225 ape=0.5060
[15:01:21] warmStart 91% (1978/2163) regret=0.030225 ape=0.5060
[15:01:22] warmStart 91% (1979/2163) regret=0.030225 ape=0.5060
[15:01:22] warmStart 91% (1980/2163) regret=0.030225 ape=0.5060
[15:01:22] warmStart 91% (1981/2163) regret=0.030225 ape=0.5060
[15:01:22] warmStart 91% (1982/2163) regret=0.030225 ape=0.5060
[15:01:23] warmStart 91% (1983/2163) regret=0.030225 ape=0.5060
[15:01:23] warmStart 91% (1984/2163) regret=0.030225 ape=0.5060
[15:01:23] warmStart 91% (1985/2163) regret=0.030225 ape=0.5060
[15:01:23] warmStart 91% (1986/2163) regret=0.030225 ape=0.5060
[15:01:24] warmStart 91% (1987/2163) regret=0.030225 ape=0.5060
[15:01:24] warmStart 91% (1988/2163) regret=0.030225 ape=0.5060
[15:01:24] warmStart 91% (1989/2163) regret=0.030225 ape=0.5060
[15:01:24] warmStart 92% (1990/2163) regret=0.030225 ape=0.5060
[15:01:25] warmStart 92% (1991/2163) regret=0.030225 ape=0.5060
[15:01:25] warmStart 92% (1992/2163) regret=0.030216 ape=0.5060
[15:01:25] warmStart 92% (1993/2163) regret=0.030216 ape=0.5060
[15:01:25] warmStart 92% (1994/2163) regret=0.030216 ape=0.5060
[15:01:25] warmStart 92% (1995/2163) regret=0.030216 ape=0.5060
[15:01:26] warmStart 92% (1996/2163) regret=0.030216 ape=0.5060
[15:01:26] warmStart 92% (1997/2163) regret=0.030216 ape=0.5060
[15:01:26] warmStart 92% (1998/2163) regret=0.030197 ape=0.5060
[15:01:26] warmStart 92% (1999/2163) regret=0.030197 ape=0.5060
[15:01:26] warmStart 92% (2000/2163) regret=0.030197 ape=0.5060
[15:01:27] warmStart 92% (2001/2163) regret=0.030197 ape=0.5060
[15:01:27] warmStart 92% (2002/2163) regret=0.030197 ape=0.5060
[15:01:27] warmStart 92% (2003/2163) regret=0.030197 ape=0.5060
[15:01:27] warmStart 92% (2004/2163) regret=0.030197 ape=0.5060
[15:01:28] warmStart 92% (2005/2163) regret=0.030229 ape=0.5069
[15:01:28] warmStart 92% (2006/2163) regret=0.030137 ape=0.5060
[15:01:28] warmStart 92% (2007/2163) regret=0.030129 ape=0.5060
[15:01:28] warmStart 92% (2008/2163) regret=0.030129 ape=0.5060
[15:01:28] warmStart 92% (2009/2163) regret=0.030090 ape=0.5051
[15:01:29] warmStart 92% (2010/2163) regret=0.030116 ape=0.5060
[15:01:29] warmStart 92% (2011/2163) regret=0.030116 ape=0.5060
[15:01:29] warmStart 93% (2012/2163) regret=0.030117 ape=0.5060
[15:01:29] warmStart 93% (2013/2163) regret=0.030099 ape=0.5060
[15:01:30] warmStart 93% (2014/2163) regret=0.030237 ape=0.5060
[15:01:30] warmStart 93% (2015/2163) regret=0.029749 ape=0.5041
[15:01:30] warmStart 93% (2016/2163) regret=0.029698 ape=0.5032
[15:01:30] warmStart 93% (2017/2163) regret=0.029698 ape=0.5032
[15:01:31] warmStart 93% (2018/2163) regret=0.029698 ape=0.5032
[15:01:31] warmStart 93% (2019/2163) regret=0.029731 ape=0.5041
[15:01:31] warmStart 93% (2020/2163) regret=0.029731 ape=0.5041
[15:01:31] warmStart 93% (2021/2163) regret=0.029731 ape=0.5041
[15:01:31] warmStart 93% (2022/2163) regret=0.029731 ape=0.5041
[15:01:32] warmStart 93% (2023/2163) regret=0.029731 ape=0.5041
[15:01:32] warmStart 93% (2024/2163) regret=0.029731 ape=0.5041
[15:01:32] warmStart 93% (2025/2163) regret=0.029731 ape=0.5041
[15:01:32] warmStart 93% (2026/2163) regret=0.029731 ape=0.5041
[15:01:33] warmStart 93% (2027/2163) regret=0.029731 ape=0.5041
[15:01:33] warmStart 93% (2028/2163) regret=0.029731 ape=0.5041
[15:01:33] warmStart 93% (2029/2163) regret=0.029731 ape=0.5041
[15:01:33] warmStart 93% (2030/2163) regret=0.029731 ape=0.5041
[15:01:34] warmStart 93% (2031/2163) regret=0.029731 ape=0.5041
[15:01:34] warmStart 93% (2032/2163) regret=0.029731 ape=0.5041
[15:01:34] warmStart 93% (2033/2163) regret=0.029731 ape=0.5041
[15:01:34] warmStart 94% (2034/2163) regret=0.029731 ape=0.5041
[15:01:34] warmStart 94% (2035/2163) regret=0.029731 ape=0.5041
[15:01:35] warmStart 94% (2036/2163) regret=0.029731 ape=0.5041
[15:01:35] warmStart 94% (2037/2163) regret=0.029731 ape=0.5041
[15:01:35] warmStart 94% (2038/2163) regret=0.029731 ape=0.5041
[15:01:35] warmStart 94% (2039/2163) regret=0.029731 ape=0.5041
[15:01:36] warmStart 94% (2040/2163) regret=0.029731 ape=0.5041
[15:01:36] warmStart 94% (2041/2163) regret=0.029731 ape=0.5041
[15:01:36] warmStart 94% (2042/2163) regret=0.029731 ape=0.5041
[15:01:36] warmStart 94% (2043/2163) regret=0.029731 ape=0.5041
[15:01:36] warmStart 94% (2044/2163) regret=0.029731 ape=0.5041
[15:01:37] warmStart 94% (2045/2163) regret=0.029731 ape=0.5041
[15:01:37] warmStart 94% (2046/2163) regret=0.029731 ape=0.5041
[15:01:37] warmStart 94% (2047/2163) regret=0.029731 ape=0.5041
[15:01:37] warmStart 94% (2048/2163) regret=0.029741 ape=0.5051
[15:01:37] warmStart 94% (2049/2163) regret=0.029660 ape=0.5041
[15:01:38] warmStart 94% (2050/2163) regret=0.029660 ape=0.5041
[15:01:38] warmStart 94% (2051/2163) regret=0.029660 ape=0.5041
[15:01:38] warmStart 94% (2052/2163) regret=0.029660 ape=0.5041
[15:01:38] warmStart 94% (2053/2163) regret=0.029660 ape=0.5041
[15:01:39] warmStart 94% (2054/2163) regret=0.029660 ape=0.5041
[15:01:39] warmStart 95% (2055/2163) regret=0.029660 ape=0.5041
[15:01:39] warmStart 95% (2056/2163) regret=0.029660 ape=0.5041
[15:01:39] warmStart 95% (2057/2163) regret=0.029660 ape=0.5041
[15:01:39] warmStart 95% (2058/2163) regret=0.029660 ape=0.5041
[15:01:40] warmStart 95% (2059/2163) regret=0.029660 ape=0.5041
[15:01:40] warmStart 95% (2060/2163) regret=0.029660 ape=0.5041
[15:01:40] warmStart 95% (2061/2163) regret=0.029660 ape=0.5041
[15:01:40] warmStart 95% (2062/2163) regret=0.029660 ape=0.5041
[15:01:41] warmStart 95% (2063/2163) regret=0.029660 ape=0.5041
[15:01:41] warmStart 95% (2064/2163) regret=0.029660 ape=0.5041
[15:01:41] warmStart 95% (2065/2163) regret=0.029660 ape=0.5041
[15:01:41] warmStart 95% (2066/2163) regret=0.029660 ape=0.5041
[15:01:42] warmStart 95% (2067/2163) regret=0.029642 ape=0.5032
[15:01:42] warmStart 95% (2068/2163) regret=0.029642 ape=0.5032
[15:01:42] warmStart 95% (2069/2163) regret=0.029642 ape=0.5032
[15:01:42] warmStart 95% (2070/2163) regret=0.029642 ape=0.5032
[15:01:42] warmStart 95% (2071/2163) regret=0.029642 ape=0.5032
[15:01:43] warmStart 95% (2072/2163) regret=0.029642 ape=0.5032
[15:01:43] warmStart 95% (2073/2163) regret=0.029638 ape=0.5032
[15:01:43] warmStart 95% (2074/2163) regret=0.029638 ape=0.5032
[15:01:43] warmStart 95% (2075/2163) regret=0.029646 ape=0.5041
[15:01:44] warmStart 95% (2076/2163) regret=0.029638 ape=0.5032
[15:01:44] warmStart 96% (2077/2163) regret=0.029647 ape=0.5032
[15:01:44] warmStart 96% (2078/2163) regret=0.029729 ape=0.5041
[15:01:44] warmStart 96% (2079/2163) regret=0.029729 ape=0.5041
[15:01:45] warmStart 96% (2080/2163) regret=0.029729 ape=0.5041
[15:01:45] warmStart 96% (2081/2163) regret=0.029466 ape=0.5023
[15:01:45] warmStart 96% (2082/2163) regret=0.029466 ape=0.5023
[15:01:45] warmStart 96% (2083/2163) regret=0.029881 ape=0.5032
[15:01:45] warmStart 96% (2084/2163) regret=0.029881 ape=0.5032
[15:01:46] warmStart 96% (2085/2163) regret=0.029881 ape=0.5032
[15:01:46] warmStart 96% (2086/2163) regret=0.029881 ape=0.5032
[15:01:46] warmStart 96% (2087/2163) regret=0.029817 ape=0.5023
[15:01:46] warmStart 96% (2088/2163) regret=0.029817 ape=0.5023
[15:01:47] warmStart 96% (2089/2163) regret=0.029817 ape=0.5023
[15:01:47] warmStart 96% (2090/2163) regret=0.029817 ape=0.5023
[15:01:47] warmStart 96% (2091/2163) regret=0.029817 ape=0.5023
[15:01:47] warmStart 96% (2092/2163) regret=0.029817 ape=0.5023
[15:01:48] warmStart 96% (2093/2163) regret=0.029817 ape=0.5023
[15:01:48] warmStart 96% (2094/2163) regret=0.029817 ape=0.5023
[15:01:48] warmStart 96% (2095/2163) regret=0.029817 ape=0.5023
[15:01:48] warmStart 96% (2096/2163) regret=0.029780 ape=0.5014
[15:01:49] warmStart 96% (2097/2163) regret=0.029780 ape=0.5014
[15:01:49] warmStart 96% (2098/2163) regret=0.029780 ape=0.5014
[15:01:49] warmStart 97% (2099/2163) regret=0.029780 ape=0.5014
[15:01:49] warmStart 97% (2100/2163) regret=0.029780 ape=0.5014
[15:01:50] warmStart 97% (2101/2163) regret=0.029743 ape=0.5005
[15:01:50] warmStart 97% (2102/2163) regret=0.029757 ape=0.5014
[15:01:50] warmStart 97% (2103/2163) regret=0.029757 ape=0.5014
[15:01:50] warmStart 97% (2104/2163) regret=0.029757 ape=0.5014
[15:01:51] warmStart 97% (2105/2163) regret=0.029757 ape=0.5014
[15:01:51] warmStart 97% (2106/2163) regret=0.029757 ape=0.5014
[15:01:51] warmStart 97% (2107/2163) regret=0.029784 ape=0.5014
[15:01:51] warmStart 97% (2108/2163) regret=0.029784 ape=0.5014
[15:01:52] warmStart 97% (2109/2163) regret=0.029784 ape=0.5014
[15:01:52] warmStart 97% (2110/2163) regret=0.029784 ape=0.5014
[15:01:52] warmStart 97% (2111/2163) regret=0.029784 ape=0.5014
[15:01:52] warmStart 97% (2112/2163) regret=0.029784 ape=0.5014
[15:01:52] warmStart 97% (2113/2163) regret=0.029784 ape=0.5014
[15:01:53] warmStart 97% (2114/2163) regret=0.029784 ape=0.5014
[15:01:53] warmStart 97% (2115/2163) regret=0.029784 ape=0.5014
[15:01:53] warmStart 97% (2116/2163) regret=0.029759 ape=0.5005
[15:01:53] warmStart 97% (2117/2163) regret=0.029413 ape=0.4995
[15:01:54] warmStart 97% (2118/2163) regret=0.029341 ape=0.4995
[15:01:54] warmStart 97% (2119/2163) regret=0.029341 ape=0.4995
[15:01:54] warmStart 98% (2120/2163) regret=0.029341 ape=0.4995
[15:01:54] warmStart 98% (2121/2163) regret=0.029185 ape=0.4986
[15:01:55] warmStart 98% (2122/2163) regret=0.029341 ape=0.4995
[15:01:55] warmStart 98% (2123/2163) regret=0.029267 ape=0.4986
[15:01:55] warmStart 98% (2124/2163) regret=0.029256 ape=0.4986
[15:01:55] warmStart 98% (2125/2163) regret=0.029235 ape=0.4986
[15:01:56] warmStart 98% (2126/2163) regret=0.029173 ape=0.4986
[15:01:56] warmStart 98% (2127/2163) regret=0.029127 ape=0.4986
[15:01:56] warmStart 98% (2128/2163) regret=0.029127 ape=0.4986
[15:01:56] warmStart 98% (2129/2163) regret=0.029127 ape=0.4986
[15:01:57] warmStart 98% (2130/2163) regret=0.028970 ape=0.4977
[15:01:57] warmStart 98% (2131/2163) regret=0.028970 ape=0.4977
[15:01:57] warmStart 98% (2132/2163) regret=0.028970 ape=0.4977
[15:01:57] warmStart 98% (2133/2163) regret=0.028970 ape=0.4977
[15:01:57] warmStart 98% (2134/2163) regret=0.029154 ape=0.4986
[15:01:58] warmStart 98% (2135/2163) regret=0.029191 ape=0.4986
[15:01:58] warmStart 98% (2136/2163) regret=0.029191 ape=0.4986
[15:01:58] warmStart 98% (2137/2163) regret=0.029191 ape=0.4986
[15:01:58] warmStart 98% (2138/2163) regret=0.029357 ape=0.4986
[15:01:59] warmStart 98% (2139/2163) regret=0.029385 ape=0.4986
[15:01:59] warmStart 98% (2140/2163) regret=0.029385 ape=0.4986
[15:01:59] warmStart 98% (2141/2163) regret=0.029385 ape=0.4986
[15:01:59] warmStart 99% (2142/2163) regret=0.029703 ape=0.4995
[15:02:00] warmStart 99% (2143/2163) regret=0.029385 ape=0.4986
[15:02:00] warmStart 99% (2144/2163) regret=0.029385 ape=0.4986
[15:02:00] warmStart 99% (2145/2163) regret=0.029385 ape=0.4986
[15:02:00] warmStart 99% (2146/2163) regret=0.029515 ape=0.4986
[15:02:01] warmStart 99% (2147/2163) regret=0.029515 ape=0.4986
[15:02:01] warmStart 99% (2148/2163) regret=0.029515 ape=0.4986
[15:02:01] warmStart 99% (2149/2163) regret=0.029515 ape=0.4986
[15:02:01] warmStart 99% (2150/2163) regret=0.029515 ape=0.4986
[15:02:02] warmStart 99% (2151/2163) regret=0.029515 ape=0.4986
[15:02:02] warmStart 99% (2152/2163) regret=0.029515 ape=0.4986
[15:02:02] warmStart 99% (2153/2163) regret=0.029515 ape=0.4986
[15:02:02] warmStart 99% (2154/2163) regret=0.029515 ape=0.4986
[15:02:03] warmStart 99% (2155/2163) regret=0.029436 ape=0.4986
[15:02:03] warmStart 99% (2156/2163) regret=0.029515 ape=0.4986
[15:02:03] warmStart 99% (2157/2163) regret=0.029478 ape=0.4986
[15:02:03] warmStart 99% (2158/2163) regret=0.029478 ape=0.4986
[15:02:03] warmStart 99% (2159/2163) regret=0.029478 ape=0.4986
[15:02:04] warmStart 99% (2160/2163) regret=0.029478 ape=0.4986
[15:02:04] warmStart 99% (2161/2163) regret=0.029338 ape=0.4986
Warm w=100 finished: 2162 points, 421.17s wall time
  Final: regret=0.029338, ape=0.4986

Saved JSON: /home/users/g/s/gsavary/LudiiMCTSVariations/slurm_sweep_full_dataset/results_20260425_145438/sweep_warm_100_1_20260425_150204.json

Generating plots...
Saved regret plot: /home/users/g/s/gsavary/LudiiMCTSVariations/slurm_sweep_full_dataset/results_20260425_145438/sweep_warm_100_1_20260425_150204_regret.png
Saved APE plot: /home/users/g/s/gsavary/LudiiMCTSVariations/slurm_sweep_full_dataset/results_20260425_145438/sweep_warm_100_1_20260425_150204_ape.png

======================================================================
EXPERIMENT COMPLETE
======================================================================
Results saved to: /home/users/g/s/gsavary/LudiiMCTSVariations/slurm_sweep_full_dataset/results_20260425_145438
JSON file: sweep_warm_100_1_20260425_150204.json
Experiment finished. Results saved to: /home/users/g/s/gsavary/LudiiMCTSVariations/slurm_sweep_full_dataset/results_20260425_145438
