Starting experiment...
Project root: /home/users/g/s/gsavary/LudiiMCTSVariations
Method: warm:100
Output dir: /home/users/g/s/gsavary/LudiiMCTSVariations/slurm_sweep_full_dataset/results_20260425_145739
Seed: 4
Time limit:  seconds


======================================================================
SLURM Sweep Experiment - Single Method
======================================================================
Method: warm:100
Time limit: 7200.0s, Seed: 4, Batch size: 20
Output directory: /home/users/g/s/gsavary/LudiiMCTSVariations/slurm_sweep_full_dataset/results_20260425_145739

Loading Ludii dataset...
Loaded 1085 games
Using 1085 games (full dataset, no subsampling)

Running timing probe (100 pulls)...
  Estimated secs/pull: 0.025521

Time budget: 7200.0s → ~282121 total pulls
Per-method budget: 40303 pulls (~1028.6s)

Computing predictor-only performance...
  Predictions load failed: 118

Running WARM-START (w=100)...
[14:58:06] warmStart 0% (0/2016) regret=0.138949 ape=0.7143
[14:58:06] warmStart 0% (1/2016) regret=0.138483 ape=0.7134
[14:58:06] warmStart 0% (2/2016) regret=0.136744 ape=0.7124
[14:58:06] warmStart 0% (3/2016) regret=0.136145 ape=0.7115
[14:58:07] warmStart 0% (4/2016) regret=0.135518 ape=0.7124
[14:58:07] warmStart 0% (5/2016) regret=0.135527 ape=0.7115
[14:58:07] warmStart 0% (6/2016) regret=0.135230 ape=0.7124
[14:58:07] warmStart 0% (7/2016) regret=0.133430 ape=0.7115
[14:58:07] warmStart 0% (8/2016) regret=0.133651 ape=0.7106
[14:58:08] warmStart 0% (9/2016) regret=0.133651 ape=0.7106
[14:58:08] warmStart 0% (10/2016) regret=0.132578 ape=0.7088
[14:58:08] warmStart 0% (11/2016) regret=0.130858 ape=0.7060
[14:58:08] warmStart 0% (12/2016) regret=0.130858 ape=0.7060
[14:58:08] warmStart 0% (13/2016) regret=0.130858 ape=0.7060
[14:58:09] warmStart 0% (14/2016) regret=0.130125 ape=0.7051
[14:58:09] warmStart 0% (15/2016) regret=0.128941 ape=0.7032
[14:58:09] warmStart 0% (16/2016) regret=0.128508 ape=0.7032
[14:58:09] warmStart 0% (17/2016) regret=0.128526 ape=0.7032
[14:58:09] warmStart 0% (18/2016) regret=0.127921 ape=0.7023
[14:58:10] warmStart 0% (19/2016) regret=0.126824 ape=0.7014
[14:58:10] warmStart 0% (20/2016) regret=0.126289 ape=0.7005
[14:58:10] warmStart 1% (21/2016) regret=0.126336 ape=0.6995
[14:58:10] warmStart 1% (22/2016) regret=0.126336 ape=0.6995
[14:58:10] warmStart 1% (23/2016) regret=0.126414 ape=0.6995
[14:58:11] warmStart 1% (24/2016) regret=0.126137 ape=0.6995
[14:58:11] warmStart 1% (25/2016) regret=0.126137 ape=0.6995
[14:58:11] warmStart 1% (26/2016) regret=0.126137 ape=0.6995
[14:58:11] warmStart 1% (27/2016) regret=0.126137 ape=0.6995
[14:58:12] warmStart 1% (28/2016) regret=0.125929 ape=0.6986
[14:58:12] warmStart 1% (29/2016) regret=0.125629 ape=0.6986
[14:58:12] warmStart 1% (30/2016) regret=0.124820 ape=0.6977
[14:58:12] warmStart 1% (31/2016) regret=0.123566 ape=0.6959
[14:58:12] warmStart 1% (32/2016) regret=0.123613 ape=0.6959
[14:58:13] warmStart 1% (33/2016) regret=0.123622 ape=0.6959
[14:58:13] warmStart 1% (34/2016) regret=0.123622 ape=0.6959
[14:58:13] warmStart 1% (35/2016) regret=0.123769 ape=0.6959
[14:58:13] warmStart 1% (36/2016) regret=0.123769 ape=0.6959
[14:58:13] warmStart 1% (37/2016) regret=0.123779 ape=0.6959
[14:58:14] warmStart 1% (38/2016) regret=0.122344 ape=0.6931
[14:58:14] warmStart 1% (39/2016) regret=0.122344 ape=0.6931
[14:58:14] warmStart 1% (40/2016) regret=0.122344 ape=0.6931
[14:58:14] warmStart 2% (41/2016) regret=0.122363 ape=0.6931
[14:58:15] warmStart 2% (42/2016) regret=0.122344 ape=0.6931
[14:58:15] warmStart 2% (43/2016) regret=0.122123 ape=0.6922
[14:58:15] warmStart 2% (44/2016) regret=0.121672 ape=0.6912
[14:58:15] warmStart 2% (45/2016) regret=0.121070 ape=0.6912
[14:58:15] warmStart 2% (46/2016) regret=0.121070 ape=0.6912
[14:58:16] warmStart 2% (47/2016) regret=0.121070 ape=0.6912
[14:58:16] warmStart 2% (48/2016) regret=0.121051 ape=0.6912
[14:58:16] warmStart 2% (49/2016) regret=0.121051 ape=0.6912
[14:58:16] warmStart 2% (50/2016) regret=0.121005 ape=0.6912
[14:58:16] warmStart 2% (51/2016) regret=0.119879 ape=0.6903
[14:58:17] warmStart 2% (52/2016) regret=0.118727 ape=0.6903
[14:58:17] warmStart 2% (53/2016) regret=0.118965 ape=0.6912
[14:58:17] warmStart 2% (54/2016) regret=0.118522 ape=0.6912
[14:58:17] warmStart 2% (55/2016) regret=0.118098 ape=0.6903
[14:58:17] warmStart 2% (56/2016) regret=0.117597 ape=0.6903
[14:58:18] warmStart 2% (57/2016) regret=0.117352 ape=0.6903
[14:58:18] warmStart 2% (58/2016) regret=0.116661 ape=0.6894
[14:58:18] warmStart 2% (59/2016) regret=0.116661 ape=0.6894
[14:58:18] warmStart 2% (60/2016) regret=0.116652 ape=0.6894
[14:58:18] warmStart 3% (61/2016) regret=0.116652 ape=0.6894
[14:58:19] warmStart 3% (62/2016) regret=0.116200 ape=0.6885
[14:58:19] warmStart 3% (63/2016) regret=0.116200 ape=0.6885
[14:58:19] warmStart 3% (64/2016) regret=0.116200 ape=0.6885
[14:58:19] warmStart 3% (65/2016) regret=0.115721 ape=0.6885
[14:58:20] warmStart 3% (66/2016) regret=0.114952 ape=0.6885
[14:58:20] warmStart 3% (67/2016) regret=0.114001 ape=0.6866
[14:58:20] warmStart 3% (68/2016) regret=0.113442 ape=0.6876
[14:58:20] warmStart 3% (69/2016) regret=0.112701 ape=0.6866
[14:58:20] warmStart 3% (70/2016) regret=0.112412 ape=0.6866
[14:58:21] warmStart 3% (71/2016) regret=0.111910 ape=0.6866
[14:58:21] warmStart 3% (72/2016) regret=0.110905 ape=0.6857
[14:58:21] warmStart 3% (73/2016) regret=0.110214 ape=0.6848
[14:58:21] warmStart 3% (74/2016) regret=0.109059 ape=0.6839
[14:58:21] warmStart 3% (75/2016) regret=0.108409 ape=0.6839
[14:58:22] warmStart 3% (76/2016) regret=0.108409 ape=0.6839
[14:58:22] warmStart 3% (77/2016) regret=0.108022 ape=0.6839
[14:58:22] warmStart 3% (78/2016) regret=0.106658 ape=0.6811
[14:58:22] warmStart 3% (79/2016) regret=0.106654 ape=0.6820
[14:58:22] warmStart 3% (80/2016) regret=0.106488 ape=0.6820
[14:58:23] warmStart 4% (81/2016) regret=0.106488 ape=0.6820
[14:58:23] warmStart 4% (82/2016) regret=0.105722 ape=0.6811
[14:58:23] warmStart 4% (83/2016) regret=0.104966 ape=0.6802
[14:58:23] warmStart 4% (84/2016) regret=0.105062 ape=0.6811
[14:58:23] warmStart 4% (85/2016) regret=0.105069 ape=0.6802
[14:58:24] warmStart 4% (86/2016) regret=0.104574 ape=0.6793
[14:58:24] warmStart 4% (87/2016) regret=0.104164 ape=0.6783
[14:58:24] warmStart 4% (88/2016) regret=0.104155 ape=0.6783
[14:58:24] warmStart 4% (89/2016) regret=0.103915 ape=0.6765
[14:58:24] warmStart 4% (90/2016) regret=0.103915 ape=0.6765
[14:58:25] warmStart 4% (91/2016) regret=0.104422 ape=0.6765
[14:58:25] warmStart 4% (92/2016) regret=0.104478 ape=0.6774
[14:58:25] warmStart 4% (93/2016) regret=0.104478 ape=0.6774
[14:58:25] warmStart 4% (94/2016) regret=0.104625 ape=0.6774
[14:58:26] warmStart 4% (95/2016) regret=0.104625 ape=0.6774
[14:58:26] warmStart 4% (96/2016) regret=0.104625 ape=0.6774
[14:58:26] warmStart 4% (97/2016) regret=0.103403 ape=0.6774
[14:58:26] warmStart 4% (98/2016) regret=0.102918 ape=0.6774
[14:58:26] warmStart 4% (99/2016) regret=0.101972 ape=0.6765
[14:58:27] warmStart 4% (100/2016) regret=0.100873 ape=0.6756
[14:58:27] warmStart 5% (101/2016) regret=0.100521 ape=0.6756
[14:58:27] warmStart 5% (102/2016) regret=0.100552 ape=0.6765
[14:58:27] warmStart 5% (103/2016) regret=0.099898 ape=0.6747
[14:58:27] warmStart 5% (104/2016) regret=0.099898 ape=0.6747
[14:58:28] warmStart 5% (105/2016) regret=0.099912 ape=0.6747
[14:58:28] warmStart 5% (106/2016) regret=0.099469 ape=0.6737
[14:58:28] warmStart 5% (107/2016) regret=0.099042 ape=0.6728
[14:58:28] warmStart 5% (108/2016) regret=0.098023 ape=0.6710
[14:58:28] warmStart 5% (109/2016) regret=0.098129 ape=0.6710
[14:58:29] warmStart 5% (110/2016) regret=0.097522 ape=0.6710
[14:58:29] warmStart 5% (111/2016) regret=0.097522 ape=0.6710
[14:58:29] warmStart 5% (112/2016) regret=0.096125 ape=0.6700
[14:58:29] warmStart 5% (113/2016) regret=0.094639 ape=0.6700
[14:58:29] warmStart 5% (114/2016) regret=0.094782 ape=0.6700
[14:58:30] warmStart 5% (115/2016) regret=0.094782 ape=0.6700
[14:58:30] warmStart 5% (116/2016) regret=0.094768 ape=0.6700
[14:58:30] warmStart 5% (117/2016) regret=0.093169 ape=0.6682
[14:58:30] warmStart 5% (118/2016) regret=0.093169 ape=0.6682
[14:58:31] warmStart 5% (119/2016) regret=0.092865 ape=0.6682
[14:58:31] warmStart 5% (120/2016) regret=0.092865 ape=0.6682
[14:58:31] warmStart 6% (121/2016) regret=0.092856 ape=0.6682
[14:58:31] warmStart 6% (122/2016) regret=0.092680 ape=0.6673
[14:58:31] warmStart 6% (123/2016) regret=0.091997 ape=0.6673
[14:58:32] warmStart 6% (124/2016) regret=0.091847 ape=0.6664
[14:58:32] warmStart 6% (125/2016) regret=0.091980 ape=0.6664
[14:58:32] warmStart 6% (126/2016) regret=0.092038 ape=0.6673
[14:58:32] warmStart 6% (127/2016) regret=0.091793 ape=0.6673
[14:58:32] warmStart 6% (128/2016) regret=0.091539 ape=0.6673
[14:58:33] warmStart 6% (129/2016) regret=0.090767 ape=0.6664
[14:58:33] warmStart 6% (130/2016) regret=0.090783 ape=0.6664
[14:58:33] warmStart 6% (131/2016) regret=0.090417 ape=0.6664
[14:58:33] warmStart 6% (132/2016) regret=0.090190 ape=0.6654
[14:58:33] warmStart 6% (133/2016) regret=0.089462 ape=0.6654
[14:58:34] warmStart 6% (134/2016) regret=0.089256 ape=0.6654
[14:58:34] warmStart 6% (135/2016) regret=0.088431 ape=0.6654
[14:58:34] warmStart 6% (136/2016) regret=0.088617 ape=0.6654
[14:58:34] warmStart 6% (137/2016) regret=0.087900 ape=0.6645
[14:58:35] warmStart 6% (138/2016) regret=0.087202 ape=0.6645
[14:58:35] warmStart 6% (139/2016) regret=0.087073 ape=0.6645
[14:58:35] warmStart 6% (140/2016) regret=0.086515 ape=0.6627
[14:58:35] warmStart 6% (141/2016) regret=0.085815 ape=0.6618
[14:58:35] warmStart 7% (142/2016) regret=0.085491 ape=0.6618
[14:58:36] warmStart 7% (143/2016) regret=0.084812 ape=0.6608
[14:58:36] warmStart 7% (144/2016) regret=0.084496 ape=0.6608
[14:58:36] warmStart 7% (145/2016) regret=0.084242 ape=0.6608
[14:58:36] warmStart 7% (146/2016) regret=0.083543 ape=0.6590
[14:58:36] warmStart 7% (147/2016) regret=0.083775 ape=0.6590
[14:58:37] warmStart 7% (148/2016) regret=0.082994 ape=0.6599
[14:58:37] warmStart 7% (149/2016) regret=0.082520 ape=0.6590
[14:58:37] warmStart 7% (150/2016) regret=0.082520 ape=0.6590
[14:58:37] warmStart 7% (151/2016) regret=0.081713 ape=0.6581
[14:58:37] warmStart 7% (152/2016) regret=0.081506 ape=0.6571
[14:58:38] warmStart 7% (153/2016) regret=0.081530 ape=0.6562
[14:58:38] warmStart 7% (154/2016) regret=0.081512 ape=0.6562
[14:58:38] warmStart 7% (155/2016) regret=0.081606 ape=0.6562
[14:58:38] warmStart 7% (156/2016) regret=0.081109 ape=0.6562
[14:58:38] warmStart 7% (157/2016) regret=0.081026 ape=0.6571
[14:58:39] warmStart 7% (158/2016) regret=0.081026 ape=0.6571
[14:58:39] warmStart 7% (159/2016) regret=0.081040 ape=0.6571
[14:58:39] warmStart 7% (160/2016) regret=0.081040 ape=0.6571
[14:58:39] warmStart 7% (161/2016) regret=0.080887 ape=0.6571
[14:58:40] warmStart 8% (162/2016) regret=0.079367 ape=0.6562
[14:58:40] warmStart 8% (163/2016) regret=0.078537 ape=0.6553
[14:58:40] warmStart 8% (164/2016) regret=0.077809 ape=0.6535
[14:58:40] warmStart 8% (165/2016) regret=0.077514 ape=0.6544
[14:58:40] warmStart 8% (166/2016) regret=0.077250 ape=0.6553
[14:58:41] warmStart 8% (167/2016) regret=0.076974 ape=0.6544
[14:58:41] warmStart 8% (168/2016) regret=0.075720 ape=0.6535
[14:58:41] warmStart 8% (169/2016) regret=0.075868 ape=0.6535
[14:58:41] warmStart 8% (170/2016) regret=0.076001 ape=0.6535
[14:58:41] warmStart 8% (171/2016) regret=0.076261 ape=0.6544
[14:58:42] warmStart 8% (172/2016) regret=0.075245 ape=0.6535
[14:58:42] warmStart 8% (173/2016) regret=0.074900 ape=0.6525
[14:58:42] warmStart 8% (174/2016) regret=0.074536 ape=0.6516
[14:58:42] warmStart 8% (175/2016) regret=0.074536 ape=0.6516
[14:58:42] warmStart 8% (176/2016) regret=0.074734 ape=0.6516
[14:58:43] warmStart 8% (177/2016) regret=0.074559 ape=0.6507
[14:58:43] warmStart 8% (178/2016) regret=0.074393 ape=0.6498
[14:58:43] warmStart 8% (179/2016) regret=0.074433 ape=0.6507
[14:58:43] warmStart 8% (180/2016) regret=0.074052 ape=0.6498
[14:58:44] warmStart 8% (181/2016) regret=0.073652 ape=0.6479
[14:58:44] warmStart 9% (182/2016) regret=0.073823 ape=0.6479
[14:58:44] warmStart 9% (183/2016) regret=0.073843 ape=0.6488
[14:58:44] warmStart 9% (184/2016) regret=0.074187 ape=0.6488
[14:58:44] warmStart 9% (185/2016) regret=0.074201 ape=0.6488
[14:58:45] warmStart 9% (186/2016) regret=0.073864 ape=0.6479
[14:58:45] warmStart 9% (187/2016) regret=0.073846 ape=0.6479
[14:58:45] warmStart 9% (188/2016) regret=0.073104 ape=0.6470
[14:58:45] warmStart 9% (189/2016) regret=0.072284 ape=0.6452
[14:58:45] warmStart 9% (190/2016) regret=0.072296 ape=0.6461
[14:58:46] warmStart 9% (191/2016) regret=0.072724 ape=0.6461
[14:58:46] warmStart 9% (192/2016) regret=0.071873 ape=0.6433
[14:58:46] warmStart 9% (193/2016) regret=0.071741 ape=0.6442
[14:58:46] warmStart 9% (194/2016) regret=0.071668 ape=0.6442
[14:58:46] warmStart 9% (195/2016) regret=0.071668 ape=0.6442
[14:58:47] warmStart 9% (196/2016) regret=0.071668 ape=0.6442
[14:58:47] warmStart 9% (197/2016) regret=0.071267 ape=0.6433
[14:58:47] warmStart 9% (198/2016) regret=0.071267 ape=0.6433
[14:58:47] warmStart 9% (199/2016) regret=0.071267 ape=0.6433
[14:58:47] warmStart 9% (200/2016) regret=0.071267 ape=0.6433
[14:58:48] warmStart 9% (201/2016) regret=0.071267 ape=0.6433
[14:58:48] warmStart 10% (202/2016) regret=0.071267 ape=0.6433
[14:58:48] warmStart 10% (203/2016) regret=0.071267 ape=0.6433
[14:58:48] warmStart 10% (204/2016) regret=0.071267 ape=0.6433
[14:58:48] warmStart 10% (205/2016) regret=0.071267 ape=0.6433
[14:58:49] warmStart 10% (206/2016) regret=0.071267 ape=0.6433
[14:58:49] warmStart 10% (207/2016) regret=0.071267 ape=0.6433
[14:58:49] warmStart 10% (208/2016) regret=0.071267 ape=0.6433
[14:58:49] warmStart 10% (209/2016) regret=0.071267 ape=0.6433
[14:58:49] warmStart 10% (210/2016) regret=0.071267 ape=0.6433
[14:58:50] warmStart 10% (211/2016) regret=0.071267 ape=0.6433
[14:58:50] warmStart 10% (212/2016) regret=0.071290 ape=0.6433
[14:58:50] warmStart 10% (213/2016) regret=0.071290 ape=0.6433
[14:58:50] warmStart 10% (214/2016) regret=0.071290 ape=0.6433
[14:58:50] warmStart 10% (215/2016) regret=0.071290 ape=0.6433
[14:58:50] warmStart 10% (216/2016) regret=0.071290 ape=0.6433
[14:58:51] warmStart 10% (217/2016) regret=0.071290 ape=0.6433
[14:58:51] warmStart 10% (218/2016) regret=0.071290 ape=0.6433
[14:58:51] warmStart 10% (219/2016) regret=0.071290 ape=0.6433
[14:58:51] warmStart 10% (220/2016) regret=0.071290 ape=0.6433
[14:58:51] warmStart 10% (221/2016) regret=0.071290 ape=0.6433
[14:58:51] warmStart 11% (222/2016) regret=0.071290 ape=0.6433
[14:58:52] warmStart 11% (223/2016) regret=0.071290 ape=0.6433
[14:58:52] warmStart 11% (224/2016) regret=0.071290 ape=0.6433
[14:58:52] warmStart 11% (225/2016) regret=0.071290 ape=0.6433
[14:58:52] warmStart 11% (226/2016) regret=0.071290 ape=0.6433
[14:58:52] warmStart 11% (227/2016) regret=0.071290 ape=0.6433
[14:58:53] warmStart 11% (228/2016) regret=0.071290 ape=0.6433
[14:58:53] warmStart 11% (229/2016) regret=0.071290 ape=0.6433
[14:58:53] warmStart 11% (230/2016) regret=0.071290 ape=0.6433
[14:58:53] warmStart 11% (231/2016) regret=0.071290 ape=0.6433
[14:58:53] warmStart 11% (232/2016) regret=0.071290 ape=0.6433
[14:58:53] warmStart 11% (233/2016) regret=0.071294 ape=0.6442
[14:58:53] warmStart 11% (234/2016) regret=0.071294 ape=0.6442
[14:58:54] warmStart 11% (235/2016) regret=0.071294 ape=0.6442
[14:58:54] warmStart 11% (236/2016) regret=0.071176 ape=0.6442
[14:58:54] warmStart 11% (237/2016) regret=0.071225 ape=0.6442
[14:58:54] warmStart 11% (238/2016) regret=0.071473 ape=0.6452
[14:58:54] warmStart 11% (239/2016) regret=0.071473 ape=0.6452
[14:58:55] warmStart 11% (240/2016) regret=0.071473 ape=0.6452
[14:58:55] warmStart 11% (241/2016) regret=0.071473 ape=0.6452
[14:58:55] warmStart 12% (242/2016) regret=0.071473 ape=0.6452
[14:58:55] warmStart 12% (243/2016) regret=0.071473 ape=0.6452
[14:58:55] warmStart 12% (244/2016) regret=0.071473 ape=0.6452
[14:58:55] warmStart 12% (245/2016) regret=0.071496 ape=0.6461
[14:58:55] warmStart 12% (246/2016) regret=0.071496 ape=0.6461
[14:58:56] warmStart 12% (247/2016) regret=0.071413 ape=0.6452
[14:58:56] warmStart 12% (248/2016) regret=0.071413 ape=0.6452
[14:58:56] warmStart 12% (249/2016) regret=0.071413 ape=0.6452
[14:58:56] warmStart 12% (250/2016) regret=0.071413 ape=0.6452
[14:58:56] warmStart 12% (251/2016) regret=0.071413 ape=0.6452
[14:58:56] warmStart 12% (252/2016) regret=0.071413 ape=0.6452
[14:58:56] warmStart 12% (253/2016) regret=0.071413 ape=0.6452
[14:58:57] warmStart 12% (254/2016) regret=0.071413 ape=0.6452
[14:58:57] warmStart 12% (255/2016) regret=0.071413 ape=0.6452
[14:58:57] warmStart 12% (256/2016) regret=0.071413 ape=0.6452
[14:58:57] warmStart 12% (257/2016) regret=0.071413 ape=0.6452
[14:58:57] warmStart 12% (258/2016) regret=0.071413 ape=0.6452
[14:58:57] warmStart 12% (259/2016) regret=0.071413 ape=0.6452
[14:58:57] warmStart 12% (260/2016) regret=0.071413 ape=0.6452
[14:58:58] warmStart 12% (261/2016) regret=0.071413 ape=0.6452
[14:58:58] warmStart 12% (262/2016) regret=0.071385 ape=0.6442
[14:58:58] warmStart 13% (263/2016) regret=0.071385 ape=0.6442
[14:58:58] warmStart 13% (264/2016) regret=0.071385 ape=0.6442
[14:58:58] warmStart 13% (265/2016) regret=0.071385 ape=0.6442
[14:58:58] warmStart 13% (266/2016) regret=0.071385 ape=0.6442
[14:58:58] warmStart 13% (267/2016) regret=0.071385 ape=0.6442
[14:58:59] warmStart 13% (268/2016) regret=0.071385 ape=0.6442
[14:58:59] warmStart 13% (269/2016) regret=0.071385 ape=0.6442
[14:58:59] warmStart 13% (270/2016) regret=0.071385 ape=0.6442
[14:58:59] warmStart 13% (271/2016) regret=0.071385 ape=0.6442
[14:58:59] warmStart 13% (272/2016) regret=0.071385 ape=0.6442
[14:58:59] warmStart 13% (273/2016) regret=0.071385 ape=0.6442
[14:59:00] warmStart 13% (274/2016) regret=0.071367 ape=0.6442
[14:59:00] warmStart 13% (275/2016) regret=0.071265 ape=0.6442
[14:59:00] warmStart 13% (276/2016) regret=0.071210 ape=0.6442
[14:59:00] warmStart 13% (277/2016) regret=0.071068 ape=0.6433
[14:59:00] warmStart 13% (278/2016) regret=0.070644 ape=0.6433
[14:59:00] warmStart 13% (279/2016) regret=0.070617 ape=0.6433
[14:59:01] warmStart 13% (280/2016) regret=0.070197 ape=0.6415
[14:59:01] warmStart 13% (281/2016) regret=0.070262 ape=0.6424
[14:59:01] warmStart 13% (282/2016) regret=0.070160 ape=0.6424
[14:59:01] warmStart 14% (283/2016) regret=0.070062 ape=0.6433
[14:59:01] warmStart 14% (284/2016) regret=0.069726 ape=0.6433
[14:59:02] warmStart 14% (285/2016) regret=0.069371 ape=0.6433
[14:59:02] warmStart 14% (286/2016) regret=0.068841 ape=0.6424
[14:59:02] warmStart 14% (287/2016) regret=0.068730 ape=0.6424
[14:59:02] warmStart 14% (288/2016) regret=0.068749 ape=0.6424
[14:59:02] warmStart 14% (289/2016) regret=0.069076 ape=0.6424
[14:59:02] warmStart 14% (290/2016) regret=0.068879 ape=0.6433
[14:59:03] warmStart 14% (291/2016) regret=0.068868 ape=0.6424
[14:59:03] warmStart 14% (292/2016) regret=0.068440 ape=0.6415
[14:59:03] warmStart 14% (293/2016) regret=0.068219 ape=0.6406
[14:59:03] warmStart 14% (294/2016) regret=0.069025 ape=0.6415
[14:59:03] warmStart 14% (295/2016) regret=0.068394 ape=0.6415
[14:59:04] warmStart 14% (296/2016) regret=0.068292 ape=0.6433
[14:59:04] warmStart 14% (297/2016) regret=0.068006 ape=0.6433
[14:59:04] warmStart 14% (298/2016) regret=0.067976 ape=0.6433
[14:59:04] warmStart 14% (299/2016) regret=0.067948 ape=0.6433
[14:59:04] warmStart 14% (300/2016) regret=0.067887 ape=0.6424
[14:59:04] warmStart 14% (301/2016) regret=0.067804 ape=0.6415
[14:59:05] warmStart 14% (302/2016) regret=0.067827 ape=0.6415
[14:59:05] warmStart 15% (303/2016) regret=0.067827 ape=0.6415
[14:59:05] warmStart 15% (304/2016) regret=0.067618 ape=0.6406
[14:59:05] warmStart 15% (305/2016) regret=0.067568 ape=0.6396
[14:59:05] warmStart 15% (306/2016) regret=0.066941 ape=0.6378
[14:59:06] warmStart 15% (307/2016) regret=0.066932 ape=0.6378
[14:59:06] warmStart 15% (308/2016) regret=0.066849 ape=0.6378
[14:59:06] warmStart 15% (309/2016) regret=0.066992 ape=0.6369
[14:59:06] warmStart 15% (310/2016) regret=0.066992 ape=0.6369
[14:59:06] warmStart 15% (311/2016) regret=0.067093 ape=0.6369
[14:59:06] warmStart 15% (312/2016) regret=0.066709 ape=0.6369
[14:59:07] warmStart 15% (313/2016) regret=0.066565 ape=0.6369
[14:59:07] warmStart 15% (314/2016) regret=0.066565 ape=0.6369
[14:59:07] warmStart 15% (315/2016) regret=0.066565 ape=0.6369
[14:59:07] warmStart 15% (316/2016) regret=0.066602 ape=0.6369
[14:59:07] warmStart 15% (317/2016) regret=0.066247 ape=0.6369
[14:59:07] warmStart 15% (318/2016) regret=0.065712 ape=0.6369
[14:59:08] warmStart 15% (319/2016) regret=0.065696 ape=0.6369
[14:59:08] warmStart 15% (320/2016) regret=0.065726 ape=0.6369
[14:59:08] warmStart 15% (321/2016) regret=0.065746 ape=0.6359
[14:59:08] warmStart 15% (322/2016) regret=0.065691 ape=0.6359
[14:59:08] warmStart 16% (323/2016) regret=0.065691 ape=0.6359
[14:59:09] warmStart 16% (324/2016) regret=0.065641 ape=0.6359
[14:59:09] warmStart 16% (325/2016) regret=0.065071 ape=0.6359
[14:59:09] warmStart 16% (326/2016) regret=0.064752 ape=0.6350
[14:59:09] warmStart 16% (327/2016) regret=0.064718 ape=0.6350
[14:59:09] warmStart 16% (328/2016) regret=0.064732 ape=0.6350
[14:59:10] warmStart 16% (329/2016) regret=0.064073 ape=0.6341
[14:59:10] warmStart 16% (330/2016) regret=0.064128 ape=0.6350
[14:59:10] warmStart 16% (331/2016) regret=0.064206 ape=0.6350
[14:59:10] warmStart 16% (332/2016) regret=0.064057 ape=0.6341
[14:59:10] warmStart 16% (333/2016) regret=0.064041 ape=0.6359
[14:59:10] warmStart 16% (334/2016) regret=0.063194 ape=0.6350
[14:59:11] warmStart 16% (335/2016) regret=0.062540 ape=0.6350
[14:59:11] warmStart 16% (336/2016) regret=0.062540 ape=0.6350
[14:59:11] warmStart 16% (337/2016) regret=0.062473 ape=0.6350
[14:59:11] warmStart 16% (338/2016) regret=0.062401 ape=0.6350
[14:59:11] warmStart 16% (339/2016) regret=0.062401 ape=0.6350
[14:59:12] warmStart 16% (340/2016) regret=0.062401 ape=0.6350
[14:59:12] warmStart 16% (341/2016) regret=0.062401 ape=0.6350
[14:59:12] warmStart 16% (342/2016) regret=0.062440 ape=0.6350
[14:59:12] warmStart 17% (343/2016) regret=0.062192 ape=0.6341
[14:59:12] warmStart 17% (344/2016) regret=0.061709 ape=0.6323
[14:59:12] warmStart 17% (345/2016) regret=0.061696 ape=0.6313
[14:59:13] warmStart 17% (346/2016) regret=0.061239 ape=0.6313
[14:59:13] warmStart 17% (347/2016) regret=0.061275 ape=0.6313
[14:59:13] warmStart 17% (348/2016) regret=0.061275 ape=0.6313
[14:59:13] warmStart 17% (349/2016) regret=0.061413 ape=0.6323
[14:59:13] warmStart 17% (350/2016) regret=0.061261 ape=0.6313
[14:59:14] warmStart 17% (351/2016) regret=0.061310 ape=0.6313
[14:59:14] warmStart 17% (352/2016) regret=0.061310 ape=0.6313
[14:59:14] warmStart 17% (353/2016) regret=0.061245 ape=0.6313
[14:59:14] warmStart 17% (354/2016) regret=0.061245 ape=0.6313
[14:59:14] warmStart 17% (355/2016) regret=0.061245 ape=0.6313
[14:59:14] warmStart 17% (356/2016) regret=0.061245 ape=0.6313
[14:59:15] warmStart 17% (357/2016) regret=0.061245 ape=0.6313
[14:59:15] warmStart 17% (358/2016) regret=0.061190 ape=0.6313
[14:59:15] warmStart 17% (359/2016) regret=0.061049 ape=0.6304
[14:59:15] warmStart 17% (360/2016) regret=0.061013 ape=0.6295
[14:59:15] warmStart 17% (361/2016) regret=0.060778 ape=0.6295
[14:59:16] warmStart 17% (362/2016) regret=0.060778 ape=0.6295
[14:59:16] warmStart 18% (363/2016) regret=0.060778 ape=0.6295
[14:59:16] warmStart 18% (364/2016) regret=0.060757 ape=0.6295
[14:59:16] warmStart 18% (365/2016) regret=0.060785 ape=0.6295
[14:59:16] warmStart 18% (366/2016) regret=0.060785 ape=0.6295
[14:59:16] warmStart 18% (367/2016) regret=0.060785 ape=0.6295
[14:59:17] warmStart 18% (368/2016) regret=0.060757 ape=0.6295
[14:59:17] warmStart 18% (369/2016) regret=0.060503 ape=0.6295
[14:59:17] warmStart 18% (370/2016) regret=0.060503 ape=0.6295
[14:59:17] warmStart 18% (371/2016) regret=0.060503 ape=0.6295
[14:59:17] warmStart 18% (372/2016) regret=0.059881 ape=0.6267
[14:59:18] warmStart 18% (373/2016) regret=0.059881 ape=0.6267
[14:59:18] warmStart 18% (374/2016) regret=0.059881 ape=0.6267
[14:59:18] warmStart 18% (375/2016) regret=0.059867 ape=0.6258
[14:59:18] warmStart 18% (376/2016) regret=0.059854 ape=0.6249
[14:59:18] warmStart 18% (377/2016) regret=0.059799 ape=0.6240
[14:59:18] warmStart 18% (378/2016) regret=0.059799 ape=0.6240
[14:59:19] warmStart 18% (379/2016) regret=0.059678 ape=0.6221
[14:59:19] warmStart 18% (380/2016) regret=0.059639 ape=0.6212
[14:59:19] warmStart 18% (381/2016) regret=0.059423 ape=0.6203
[14:59:19] warmStart 18% (382/2016) regret=0.059423 ape=0.6203
[14:59:19] warmStart 18% (383/2016) regret=0.059450 ape=0.6203
[14:59:19] warmStart 19% (384/2016) regret=0.059432 ape=0.6203
[14:59:20] warmStart 19% (385/2016) regret=0.059404 ape=0.6203
[14:59:20] warmStart 19% (386/2016) regret=0.059404 ape=0.6203
[14:59:20] warmStart 19% (387/2016) regret=0.059414 ape=0.6212
[14:59:20] warmStart 19% (388/2016) regret=0.059450 ape=0.6212
[14:59:20] warmStart 19% (389/2016) regret=0.059450 ape=0.6212
[14:59:21] warmStart 19% (390/2016) regret=0.059450 ape=0.6212
[14:59:21] warmStart 19% (391/2016) regret=0.059414 ape=0.6212
[14:59:21] warmStart 19% (392/2016) regret=0.059185 ape=0.6203
[14:59:21] warmStart 19% (393/2016) regret=0.059295 ape=0.6203
[14:59:21] warmStart 19% (394/2016) regret=0.059295 ape=0.6203
[14:59:21] warmStart 19% (395/2016) regret=0.059189 ape=0.6194
[14:59:22] warmStart 19% (396/2016) regret=0.059189 ape=0.6194
[14:59:22] warmStart 19% (397/2016) regret=0.059161 ape=0.6184
[14:59:22] warmStart 19% (398/2016) regret=0.058857 ape=0.6184
[14:59:22] warmStart 19% (399/2016) regret=0.058903 ape=0.6194
[14:59:22] warmStart 19% (400/2016) regret=0.058912 ape=0.6184
[14:59:22] warmStart 19% (401/2016) regret=0.058912 ape=0.6184
[14:59:23] warmStart 19% (402/2016) regret=0.058728 ape=0.6184
[14:59:23] warmStart 19% (403/2016) regret=0.058756 ape=0.6184
[14:59:23] warmStart 20% (404/2016) regret=0.058756 ape=0.6184
[14:59:23] warmStart 20% (405/2016) regret=0.058756 ape=0.6184
[14:59:23] warmStart 20% (406/2016) regret=0.058756 ape=0.6184
[14:59:24] warmStart 20% (407/2016) regret=0.058724 ape=0.6184
[14:59:24] warmStart 20% (408/2016) regret=0.058619 ape=0.6175
[14:59:24] warmStart 20% (409/2016) regret=0.058550 ape=0.6175
[14:59:24] warmStart 20% (410/2016) regret=0.058659 ape=0.6175
[14:59:24] warmStart 20% (411/2016) regret=0.058659 ape=0.6175
[14:59:25] warmStart 20% (412/2016) regret=0.058659 ape=0.6175
[14:59:25] warmStart 20% (413/2016) regret=0.058405 ape=0.6166
[14:59:25] warmStart 20% (414/2016) regret=0.058198 ape=0.6166
[14:59:25] warmStart 20% (415/2016) regret=0.057981 ape=0.6157
[14:59:25] warmStart 20% (416/2016) regret=0.057981 ape=0.6157
[14:59:25] warmStart 20% (417/2016) regret=0.057981 ape=0.6157
[14:59:26] warmStart 20% (418/2016) regret=0.057981 ape=0.6157
[14:59:26] warmStart 20% (419/2016) regret=0.057981 ape=0.6157
[14:59:26] warmStart 20% (420/2016) regret=0.058123 ape=0.6157
[14:59:26] warmStart 20% (421/2016) regret=0.057846 ape=0.6157
[14:59:26] warmStart 20% (422/2016) regret=0.058003 ape=0.6166
[14:59:27] warmStart 20% (423/2016) regret=0.057817 ape=0.6147
[14:59:27] warmStart 21% (424/2016) regret=0.057817 ape=0.6147
[14:59:27] warmStart 21% (425/2016) regret=0.057218 ape=0.6138
[14:59:27] warmStart 21% (426/2016) regret=0.057218 ape=0.6138
[14:59:27] warmStart 21% (427/2016) regret=0.057033 ape=0.6129
[14:59:27] warmStart 21% (428/2016) regret=0.057010 ape=0.6120
[14:59:28] warmStart 21% (429/2016) regret=0.056510 ape=0.6111
[14:59:28] warmStart 21% (430/2016) regret=0.056510 ape=0.6111
[14:59:28] warmStart 21% (431/2016) regret=0.056510 ape=0.6111
[14:59:28] warmStart 21% (432/2016) regret=0.056510 ape=0.6111
[14:59:28] warmStart 21% (433/2016) regret=0.056538 ape=0.6120
[14:59:29] warmStart 21% (434/2016) regret=0.056409 ape=0.6120
[14:59:29] warmStart 21% (435/2016) regret=0.056216 ape=0.6111
[14:59:29] warmStart 21% (436/2016) regret=0.055779 ape=0.6101
[14:59:29] warmStart 21% (437/2016) regret=0.055779 ape=0.6101
[14:59:29] warmStart 21% (438/2016) regret=0.055817 ape=0.6101
[14:59:29] warmStart 21% (439/2016) regret=0.055559 ape=0.6092
[14:59:30] warmStart 21% (440/2016) regret=0.055272 ape=0.6092
[14:59:30] warmStart 21% (441/2016) regret=0.055223 ape=0.6092
[14:59:30] warmStart 21% (442/2016) regret=0.055306 ape=0.6092
[14:59:30] warmStart 21% (443/2016) regret=0.055066 ape=0.6092
[14:59:30] warmStart 22% (444/2016) regret=0.054956 ape=0.6083
[14:59:31] warmStart 22% (445/2016) regret=0.055507 ape=0.6092
[14:59:31] warmStart 22% (446/2016) regret=0.054982 ape=0.6083
[14:59:31] warmStart 22% (447/2016) regret=0.055245 ape=0.6083
[14:59:31] warmStart 22% (448/2016) regret=0.055245 ape=0.6083
[14:59:31] warmStart 22% (449/2016) regret=0.055056 ape=0.6083
[14:59:31] warmStart 22% (450/2016) regret=0.055120 ape=0.6083
[14:59:32] warmStart 22% (451/2016) regret=0.055079 ape=0.6083
[14:59:32] warmStart 22% (452/2016) regret=0.055079 ape=0.6083
[14:59:32] warmStart 22% (453/2016) regret=0.055129 ape=0.6083
[14:59:32] warmStart 22% (454/2016) regret=0.055226 ape=0.6083
[14:59:32] warmStart 22% (455/2016) regret=0.055618 ape=0.6092
[14:59:33] warmStart 22% (456/2016) regret=0.056157 ape=0.6101
[14:59:33] warmStart 22% (457/2016) regret=0.056235 ape=0.6101
[14:59:33] warmStart 22% (458/2016) regret=0.056235 ape=0.6101
[14:59:33] warmStart 22% (459/2016) regret=0.056235 ape=0.6101
[14:59:33] warmStart 22% (460/2016) regret=0.055960 ape=0.6101
[14:59:34] warmStart 22% (461/2016) regret=0.055960 ape=0.6101
[14:59:34] warmStart 22% (462/2016) regret=0.055767 ape=0.6101
[14:59:34] warmStart 22% (463/2016) regret=0.055726 ape=0.6101
[14:59:34] warmStart 23% (464/2016) regret=0.055717 ape=0.6101
[14:59:34] warmStart 23% (465/2016) regret=0.056011 ape=0.6111
[14:59:34] warmStart 23% (466/2016) regret=0.056011 ape=0.6111
[14:59:35] warmStart 23% (467/2016) regret=0.056137 ape=0.6111
[14:59:35] warmStart 23% (468/2016) regret=0.056128 ape=0.6111
[14:59:35] warmStart 23% (469/2016) regret=0.056128 ape=0.6111
[14:59:35] warmStart 23% (470/2016) regret=0.055227 ape=0.6092
[14:59:35] warmStart 23% (471/2016) regret=0.055156 ape=0.6083
[14:59:36] warmStart 23% (472/2016) regret=0.055156 ape=0.6083
[14:59:36] warmStart 23% (473/2016) regret=0.054878 ape=0.6083
[14:59:36] warmStart 23% (474/2016) regret=0.054878 ape=0.6083
[14:59:36] warmStart 23% (475/2016) regret=0.054878 ape=0.6083
[14:59:36] warmStart 23% (476/2016) regret=0.054878 ape=0.6083
[14:59:36] warmStart 23% (477/2016) regret=0.054878 ape=0.6083
[14:59:37] warmStart 23% (478/2016) regret=0.054878 ape=0.6083
[14:59:37] warmStart 23% (479/2016) regret=0.054878 ape=0.6083
[14:59:37] warmStart 23% (480/2016) regret=0.054870 ape=0.6083
[14:59:37] warmStart 23% (481/2016) regret=0.054861 ape=0.6083
[14:59:37] warmStart 23% (482/2016) regret=0.054861 ape=0.6083
[14:59:37] warmStart 23% (483/2016) regret=0.054861 ape=0.6083
[14:59:38] warmStart 24% (484/2016) regret=0.054861 ape=0.6083
[14:59:38] warmStart 24% (485/2016) regret=0.054861 ape=0.6083
[14:59:38] warmStart 24% (486/2016) regret=0.054861 ape=0.6083
[14:59:38] warmStart 24% (487/2016) regret=0.054861 ape=0.6083
[14:59:38] warmStart 24% (488/2016) regret=0.054861 ape=0.6083
[14:59:38] warmStart 24% (489/2016) regret=0.054861 ape=0.6083
[14:59:39] warmStart 24% (490/2016) regret=0.054861 ape=0.6083
[14:59:39] warmStart 24% (491/2016) regret=0.054576 ape=0.6074
[14:59:39] warmStart 24% (492/2016) regret=0.054576 ape=0.6074
[14:59:39] warmStart 24% (493/2016) regret=0.054576 ape=0.6074
[14:59:39] warmStart 24% (494/2016) regret=0.054576 ape=0.6074
[14:59:40] warmStart 24% (495/2016) regret=0.054576 ape=0.6074
[14:59:40] warmStart 24% (496/2016) regret=0.054576 ape=0.6074
[14:59:40] warmStart 24% (497/2016) regret=0.054576 ape=0.6074
[14:59:40] warmStart 24% (498/2016) regret=0.054576 ape=0.6074
[14:59:40] warmStart 24% (499/2016) regret=0.054576 ape=0.6074
[14:59:40] warmStart 24% (500/2016) regret=0.054576 ape=0.6074
[14:59:41] warmStart 24% (501/2016) regret=0.054576 ape=0.6074
[14:59:41] warmStart 24% (502/2016) regret=0.054576 ape=0.6074
[14:59:41] warmStart 24% (503/2016) regret=0.054608 ape=0.6074
[14:59:41] warmStart 25% (504/2016) regret=0.054608 ape=0.6074
[14:59:41] warmStart 25% (505/2016) regret=0.054608 ape=0.6074
[14:59:42] warmStart 25% (506/2016) regret=0.054435 ape=0.6065
[14:59:42] warmStart 25% (507/2016) regret=0.054435 ape=0.6065
[14:59:42] warmStart 25% (508/2016) regret=0.054435 ape=0.6065
[14:59:42] warmStart 25% (509/2016) regret=0.054435 ape=0.6065
[14:59:42] warmStart 25% (510/2016) regret=0.054435 ape=0.6065
[14:59:43] warmStart 25% (511/2016) regret=0.054435 ape=0.6065
[14:59:43] warmStart 25% (512/2016) regret=0.054435 ape=0.6065
[14:59:43] warmStart 25% (513/2016) regret=0.054435 ape=0.6065
[14:59:43] warmStart 25% (514/2016) regret=0.054435 ape=0.6065
[14:59:43] warmStart 25% (515/2016) regret=0.054435 ape=0.6065
[14:59:43] warmStart 25% (516/2016) regret=0.054401 ape=0.6065
[14:59:44] warmStart 25% (517/2016) regret=0.054401 ape=0.6065
[14:59:44] warmStart 25% (518/2016) regret=0.054401 ape=0.6065
[14:59:44] warmStart 25% (519/2016) regret=0.054401 ape=0.6065
[14:59:44] warmStart 25% (520/2016) regret=0.053959 ape=0.6065
[14:59:44] warmStart 25% (521/2016) regret=0.053959 ape=0.6065
[14:59:44] warmStart 25% (522/2016) regret=0.053959 ape=0.6065
[14:59:45] warmStart 25% (523/2016) regret=0.053959 ape=0.6065
[14:59:45] warmStart 25% (524/2016) regret=0.053959 ape=0.6065
[14:59:45] warmStart 26% (525/2016) regret=0.053959 ape=0.6065
[14:59:45] warmStart 26% (526/2016) regret=0.053825 ape=0.6055
[14:59:45] warmStart 26% (527/2016) regret=0.053825 ape=0.6055
[14:59:46] warmStart 26% (528/2016) regret=0.053825 ape=0.6055
[14:59:46] warmStart 26% (529/2016) regret=0.053825 ape=0.6055
[14:59:46] warmStart 26% (530/2016) regret=0.053818 ape=0.6055
[14:59:46] warmStart 26% (531/2016) regret=0.053818 ape=0.6055
[14:59:46] warmStart 26% (532/2016) regret=0.053818 ape=0.6055
[14:59:46] warmStart 26% (533/2016) regret=0.053662 ape=0.6046
[14:59:47] warmStart 26% (534/2016) regret=0.053459 ape=0.6037
[14:59:47] warmStart 26% (535/2016) regret=0.053459 ape=0.6037
[14:59:47] warmStart 26% (536/2016) regret=0.053459 ape=0.6037
[14:59:47] warmStart 26% (537/2016) regret=0.053459 ape=0.6037
[14:59:47] warmStart 26% (538/2016) regret=0.053459 ape=0.6037
[14:59:48] warmStart 26% (539/2016) regret=0.053459 ape=0.6037
[14:59:48] warmStart 26% (540/2016) regret=0.053459 ape=0.6037
[14:59:48] warmStart 26% (541/2016) regret=0.053459 ape=0.6037
[14:59:48] warmStart 26% (542/2016) regret=0.053459 ape=0.6037
[14:59:48] warmStart 26% (543/2016) regret=0.053459 ape=0.6037
[14:59:48] warmStart 26% (544/2016) regret=0.053459 ape=0.6037
[14:59:49] warmStart 27% (545/2016) regret=0.053459 ape=0.6037
[14:59:49] warmStart 27% (546/2016) regret=0.053351 ape=0.6037
[14:59:49] warmStart 27% (547/2016) regret=0.053351 ape=0.6037
[14:59:49] warmStart 27% (548/2016) regret=0.053351 ape=0.6037
[14:59:49] warmStart 27% (549/2016) regret=0.053001 ape=0.6028
[14:59:50] warmStart 27% (550/2016) regret=0.053001 ape=0.6028
[14:59:50] warmStart 27% (551/2016) regret=0.053507 ape=0.6028
[14:59:50] warmStart 27% (552/2016) regret=0.052797 ape=0.6018
[14:59:50] warmStart 27% (553/2016) regret=0.052761 ape=0.6018
[14:59:50] warmStart 27% (554/2016) regret=0.052714 ape=0.6018
[14:59:50] warmStart 27% (555/2016) regret=0.052696 ape=0.6018
[14:59:51] warmStart 27% (556/2016) regret=0.052703 ape=0.6028
[14:59:51] warmStart 27% (557/2016) regret=0.052703 ape=0.6028
[14:59:51] warmStart 27% (558/2016) regret=0.052703 ape=0.6028
[14:59:51] warmStart 27% (559/2016) regret=0.052703 ape=0.6028
[14:59:51] warmStart 27% (560/2016) regret=0.052620 ape=0.6028
[14:59:52] warmStart 27% (561/2016) regret=0.052788 ape=0.6028
[14:59:52] warmStart 27% (562/2016) regret=0.052657 ape=0.6028
[14:59:52] warmStart 27% (563/2016) regret=0.052647 ape=0.6018
[14:59:52] warmStart 27% (564/2016) regret=0.052720 ape=0.6028
[14:59:52] warmStart 28% (565/2016) regret=0.052702 ape=0.6018
[14:59:53] warmStart 28% (566/2016) regret=0.052702 ape=0.6018
[14:59:53] warmStart 28% (567/2016) regret=0.052702 ape=0.6018
[14:59:53] warmStart 28% (568/2016) regret=0.052910 ape=0.6018
[14:59:53] warmStart 28% (569/2016) regret=0.052730 ape=0.6018
[14:59:53] warmStart 28% (570/2016) regret=0.052702 ape=0.6018
[14:59:54] warmStart 28% (571/2016) regret=0.052683 ape=0.6018
[14:59:54] warmStart 28% (572/2016) regret=0.052591 ape=0.6009
[14:59:54] warmStart 28% (573/2016) regret=0.052518 ape=0.6000
[14:59:54] warmStart 28% (574/2016) regret=0.052518 ape=0.6000
[14:59:54] warmStart 28% (575/2016) regret=0.053107 ape=0.6009
[14:59:55] warmStart 28% (576/2016) regret=0.052582 ape=0.6009
[14:59:55] warmStart 28% (577/2016) regret=0.052489 ape=0.6009
[14:59:55] warmStart 28% (578/2016) regret=0.052939 ape=0.6000
[14:59:55] warmStart 28% (579/2016) regret=0.052266 ape=0.6000
[14:59:55] warmStart 28% (580/2016) regret=0.052248 ape=0.6000
[14:59:55] warmStart 28% (581/2016) regret=0.052266 ape=0.6000
[14:59:56] warmStart 28% (582/2016) regret=0.052266 ape=0.6000
[14:59:56] warmStart 28% (583/2016) regret=0.052192 ape=0.5991
[14:59:56] warmStart 28% (584/2016) regret=0.052602 ape=0.5991
[14:59:56] warmStart 29% (585/2016) regret=0.052211 ape=0.5991
[14:59:56] warmStart 29% (586/2016) regret=0.052257 ape=0.5991
[14:59:57] warmStart 29% (587/2016) regret=0.052257 ape=0.5991
[14:59:57] warmStart 29% (588/2016) regret=0.052164 ape=0.6000
[14:59:57] warmStart 29% (589/2016) regret=0.052133 ape=0.5991
[14:59:57] warmStart 29% (590/2016) regret=0.052134 ape=0.5991
[14:59:57] warmStart 29% (591/2016) regret=0.052073 ape=0.5991
[14:59:58] warmStart 29% (592/2016) regret=0.052082 ape=0.6000
[14:59:58] warmStart 29% (593/2016) regret=0.052073 ape=0.5991
[14:59:58] warmStart 29% (594/2016) regret=0.051985 ape=0.5991
[14:59:58] warmStart 29% (595/2016) regret=0.051881 ape=0.5982
[14:59:58] warmStart 29% (596/2016) regret=0.051813 ape=0.5972
[14:59:59] warmStart 29% (597/2016) regret=0.051656 ape=0.5972
[14:59:59] warmStart 29% (598/2016) regret=0.051997 ape=0.5972
[14:59:59] warmStart 29% (599/2016) regret=0.051509 ape=0.5972
[14:59:59] warmStart 29% (600/2016) regret=0.051633 ape=0.5972
[14:59:59] warmStart 29% (601/2016) regret=0.051371 ape=0.5954
[14:59:59] warmStart 29% (602/2016) regret=0.051564 ape=0.5963
[15:00:00] warmStart 29% (603/2016) regret=0.051564 ape=0.5963
[15:00:00] warmStart 29% (604/2016) regret=0.051564 ape=0.5963
[15:00:00] warmStart 30% (605/2016) regret=0.051564 ape=0.5963
[15:00:00] warmStart 30% (606/2016) regret=0.051564 ape=0.5963
[15:00:00] warmStart 30% (607/2016) regret=0.051564 ape=0.5963
[15:00:01] warmStart 30% (608/2016) regret=0.051564 ape=0.5963
[15:00:01] warmStart 30% (609/2016) regret=0.051509 ape=0.5963
[15:00:01] warmStart 30% (610/2016) regret=0.051509 ape=0.5963
[15:00:01] warmStart 30% (611/2016) regret=0.051509 ape=0.5963
[15:00:01] warmStart 30% (612/2016) regret=0.051509 ape=0.5963
[15:00:02] warmStart 30% (613/2016) regret=0.051509 ape=0.5963
[15:00:02] warmStart 30% (614/2016) regret=0.051509 ape=0.5963
[15:00:02] warmStart 30% (615/2016) regret=0.051509 ape=0.5963
[15:00:02] warmStart 30% (616/2016) regret=0.051509 ape=0.5963
[15:00:02] warmStart 30% (617/2016) regret=0.051509 ape=0.5963
[15:00:03] warmStart 30% (618/2016) regret=0.051509 ape=0.5963
[15:00:03] warmStart 30% (619/2016) regret=0.051509 ape=0.5963
[15:00:03] warmStart 30% (620/2016) regret=0.051509 ape=0.5963
[15:00:03] warmStart 30% (621/2016) regret=0.051509 ape=0.5963
[15:00:03] warmStart 30% (622/2016) regret=0.051509 ape=0.5963
[15:00:03] warmStart 30% (623/2016) regret=0.051509 ape=0.5963
[15:00:04] warmStart 30% (624/2016) regret=0.051509 ape=0.5963
[15:00:04] warmStart 31% (625/2016) regret=0.051382 ape=0.5954
[15:00:04] warmStart 31% (626/2016) regret=0.051382 ape=0.5954
[15:00:04] warmStart 31% (627/2016) regret=0.051382 ape=0.5954
[15:00:04] warmStart 31% (628/2016) regret=0.051382 ape=0.5954
[15:00:05] warmStart 31% (629/2016) regret=0.051382 ape=0.5954
[15:00:05] warmStart 31% (630/2016) regret=0.051364 ape=0.5954
[15:00:05] warmStart 31% (631/2016) regret=0.051364 ape=0.5954
[15:00:05] warmStart 31% (632/2016) regret=0.051364 ape=0.5954
[15:00:05] warmStart 31% (633/2016) regret=0.051364 ape=0.5954
[15:00:05] warmStart 31% (634/2016) regret=0.051311 ape=0.5954
[15:00:06] warmStart 31% (635/2016) regret=0.051441 ape=0.5963
[15:00:06] warmStart 31% (636/2016) regret=0.051373 ape=0.5963
[15:00:06] warmStart 31% (637/2016) regret=0.051373 ape=0.5963
[15:00:06] warmStart 31% (638/2016) regret=0.051179 ape=0.5954
[15:00:06] warmStart 31% (639/2016) regret=0.050967 ape=0.5945
[15:00:07] warmStart 31% (640/2016) regret=0.051004 ape=0.5945
[15:00:07] warmStart 31% (641/2016) regret=0.050770 ape=0.5935
[15:00:07] warmStart 31% (642/2016) regret=0.050816 ape=0.5935
[15:00:07] warmStart 31% (643/2016) regret=0.050816 ape=0.5935
[15:00:07] warmStart 31% (644/2016) regret=0.050816 ape=0.5935
[15:00:08] warmStart 31% (645/2016) regret=0.050816 ape=0.5935
[15:00:08] warmStart 32% (646/2016) regret=0.050816 ape=0.5935
[15:00:08] warmStart 32% (647/2016) regret=0.050816 ape=0.5935
[15:00:08] warmStart 32% (648/2016) regret=0.050816 ape=0.5935
[15:00:08] warmStart 32% (649/2016) regret=0.050747 ape=0.5935
[15:00:09] warmStart 32% (650/2016) regret=0.050747 ape=0.5935
[15:00:09] warmStart 32% (651/2016) regret=0.050747 ape=0.5935
[15:00:09] warmStart 32% (652/2016) regret=0.050747 ape=0.5935
[15:00:09] warmStart 32% (653/2016) regret=0.050747 ape=0.5935
[15:00:09] warmStart 32% (654/2016) regret=0.050747 ape=0.5935
[15:00:10] warmStart 32% (655/2016) regret=0.050747 ape=0.5935
[15:00:10] warmStart 32% (656/2016) regret=0.050747 ape=0.5935
[15:00:10] warmStart 32% (657/2016) regret=0.050770 ape=0.5935
[15:00:10] warmStart 32% (658/2016) regret=0.050741 ape=0.5935
[15:00:10] warmStart 32% (659/2016) regret=0.050741 ape=0.5935
[15:00:10] warmStart 32% (660/2016) regret=0.050769 ape=0.5945
[15:00:11] warmStart 32% (661/2016) regret=0.050989 ape=0.5945
[15:00:11] warmStart 32% (662/2016) regret=0.050989 ape=0.5945
[15:00:11] warmStart 32% (663/2016) regret=0.050989 ape=0.5945
[15:00:11] warmStart 32% (664/2016) regret=0.050989 ape=0.5945
[15:00:11] warmStart 32% (665/2016) regret=0.050915 ape=0.5935
[15:00:12] warmStart 33% (666/2016) regret=0.050823 ape=0.5926
[15:00:12] warmStart 33% (667/2016) regret=0.050823 ape=0.5926
[15:00:12] warmStart 33% (668/2016) regret=0.050823 ape=0.5926
[15:00:12] warmStart 33% (669/2016) regret=0.050823 ape=0.5926
[15:00:12] warmStart 33% (670/2016) regret=0.050823 ape=0.5926
[15:00:12] warmStart 33% (671/2016) regret=0.050823 ape=0.5926
[15:00:13] warmStart 33% (672/2016) regret=0.050823 ape=0.5926
[15:00:13] warmStart 33% (673/2016) regret=0.050814 ape=0.5926
[15:00:13] warmStart 33% (674/2016) regret=0.050814 ape=0.5926
[15:00:13] warmStart 33% (675/2016) regret=0.050639 ape=0.5917
[15:00:13] warmStart 33% (676/2016) regret=0.050639 ape=0.5917
[15:00:13] warmStart 33% (677/2016) regret=0.050639 ape=0.5917
[15:00:14] warmStart 33% (678/2016) regret=0.050160 ape=0.5908
[15:00:14] warmStart 33% (679/2016) regret=0.050160 ape=0.5908
[15:00:14] warmStart 33% (680/2016) regret=0.050279 ape=0.5908
[15:00:14] warmStart 33% (681/2016) regret=0.050279 ape=0.5908
[15:00:14] warmStart 33% (682/2016) regret=0.050279 ape=0.5908
[15:00:14] warmStart 33% (683/2016) regret=0.050279 ape=0.5908
[15:00:15] warmStart 33% (684/2016) regret=0.050279 ape=0.5908
[15:00:15] warmStart 33% (685/2016) regret=0.050049 ape=0.5899
[15:00:15] warmStart 34% (686/2016) regret=0.050049 ape=0.5899
[15:00:15] warmStart 34% (687/2016) regret=0.050049 ape=0.5899
[15:00:15] warmStart 34% (688/2016) regret=0.050049 ape=0.5899
[15:00:16] warmStart 34% (689/2016) regret=0.050049 ape=0.5899
[15:00:16] warmStart 34% (690/2016) regret=0.050049 ape=0.5899
[15:00:16] warmStart 34% (691/2016) regret=0.050049 ape=0.5899
[15:00:16] warmStart 34% (692/2016) regret=0.050049 ape=0.5899
[15:00:16] warmStart 34% (693/2016) regret=0.050049 ape=0.5899
[15:00:17] warmStart 34% (694/2016) regret=0.050049 ape=0.5899
[15:00:17] warmStart 34% (695/2016) regret=0.050049 ape=0.5899
[15:00:17] warmStart 34% (696/2016) regret=0.050044 ape=0.5899
[15:00:17] warmStart 34% (697/2016) regret=0.050044 ape=0.5899
[15:00:17] warmStart 34% (698/2016) regret=0.050044 ape=0.5899
[15:00:17] warmStart 34% (699/2016) regret=0.050044 ape=0.5899
[15:00:18] warmStart 34% (700/2016) regret=0.050044 ape=0.5899
[15:00:18] warmStart 34% (701/2016) regret=0.049975 ape=0.5889
[15:00:18] warmStart 34% (702/2016) regret=0.049975 ape=0.5889
[15:00:18] warmStart 34% (703/2016) regret=0.049975 ape=0.5889
[15:00:18] warmStart 34% (704/2016) regret=0.049975 ape=0.5889
[15:00:19] warmStart 34% (705/2016) regret=0.049975 ape=0.5889
[15:00:19] warmStart 35% (706/2016) regret=0.049975 ape=0.5889
[15:00:19] warmStart 35% (707/2016) regret=0.049975 ape=0.5889
[15:00:19] warmStart 35% (708/2016) regret=0.049975 ape=0.5889
[15:00:19] warmStart 35% (709/2016) regret=0.049975 ape=0.5889
[15:00:19] warmStart 35% (710/2016) regret=0.049975 ape=0.5889
[15:00:20] warmStart 35% (711/2016) regret=0.049975 ape=0.5889
[15:00:20] warmStart 35% (712/2016) regret=0.049975 ape=0.5889
[15:00:20] warmStart 35% (713/2016) regret=0.049389 ape=0.5880
[15:00:20] warmStart 35% (714/2016) regret=0.048849 ape=0.5871
[15:00:20] warmStart 35% (715/2016) regret=0.048849 ape=0.5871
[15:00:20] warmStart 35% (716/2016) regret=0.048849 ape=0.5871
[15:00:21] warmStart 35% (717/2016) regret=0.048849 ape=0.5871
[15:00:21] warmStart 35% (718/2016) regret=0.048849 ape=0.5871
[15:00:21] warmStart 35% (719/2016) regret=0.048849 ape=0.5871
[15:00:21] warmStart 35% (720/2016) regret=0.048814 ape=0.5862
[15:00:21] warmStart 35% (721/2016) regret=0.048842 ape=0.5862
[15:00:22] warmStart 35% (722/2016) regret=0.048842 ape=0.5862
[15:00:22] warmStart 35% (723/2016) regret=0.048369 ape=0.5853
[15:00:22] warmStart 35% (724/2016) regret=0.048369 ape=0.5853
[15:00:22] warmStart 35% (725/2016) regret=0.048369 ape=0.5853
[15:00:22] warmStart 36% (726/2016) regret=0.048369 ape=0.5853
[15:00:22] warmStart 36% (727/2016) regret=0.048288 ape=0.5843
[15:00:23] warmStart 36% (728/2016) regret=0.048288 ape=0.5843
[15:00:23] warmStart 36% (729/2016) regret=0.048254 ape=0.5843
[15:00:23] warmStart 36% (730/2016) regret=0.048254 ape=0.5843
[15:00:23] warmStart 36% (731/2016) regret=0.048254 ape=0.5843
[15:00:23] warmStart 36% (732/2016) regret=0.048291 ape=0.5843
[15:00:23] warmStart 36% (733/2016) regret=0.048291 ape=0.5843
[15:00:24] warmStart 36% (734/2016) regret=0.048291 ape=0.5843
[15:00:24] warmStart 36% (735/2016) regret=0.047922 ape=0.5834
[15:00:24] warmStart 36% (736/2016) regret=0.047922 ape=0.5834
[15:00:24] warmStart 36% (737/2016) regret=0.047162 ape=0.5825
[15:00:24] warmStart 36% (738/2016) regret=0.047254 ape=0.5825
[15:00:25] warmStart 36% (739/2016) regret=0.047254 ape=0.5825
[15:00:25] warmStart 36% (740/2016) regret=0.047254 ape=0.5825
[15:00:25] warmStart 36% (741/2016) regret=0.047236 ape=0.5825
[15:00:25] warmStart 36% (742/2016) regret=0.047079 ape=0.5816
[15:00:25] warmStart 36% (743/2016) regret=0.046904 ape=0.5816
[15:00:26] warmStart 36% (744/2016) regret=0.046466 ape=0.5816
[15:00:26] warmStart 36% (745/2016) regret=0.046466 ape=0.5816
[15:00:26] warmStart 37% (746/2016) regret=0.046466 ape=0.5816
[15:00:26] warmStart 37% (747/2016) regret=0.046459 ape=0.5816
[15:00:26] warmStart 37% (748/2016) regret=0.046459 ape=0.5816
[15:00:27] warmStart 37% (749/2016) regret=0.046413 ape=0.5816
[15:00:27] warmStart 37% (750/2016) regret=0.046367 ape=0.5816
[15:00:27] warmStart 37% (751/2016) regret=0.046367 ape=0.5816
[15:00:27] warmStart 37% (752/2016) regret=0.046321 ape=0.5816
[15:00:27] warmStart 37% (753/2016) regret=0.046321 ape=0.5816
[15:00:27] warmStart 37% (754/2016) regret=0.046395 ape=0.5816
[15:00:28] warmStart 37% (755/2016) regret=0.046340 ape=0.5816
[15:00:28] warmStart 37% (756/2016) regret=0.046349 ape=0.5816
[15:00:28] warmStart 37% (757/2016) regret=0.046349 ape=0.5816
[15:00:28] warmStart 37% (758/2016) regret=0.046355 ape=0.5816
[15:00:28] warmStart 37% (759/2016) regret=0.046013 ape=0.5806
[15:00:29] warmStart 37% (760/2016) regret=0.045934 ape=0.5806
[15:00:29] warmStart 37% (761/2016) regret=0.045934 ape=0.5806
[15:00:29] warmStart 37% (762/2016) regret=0.045879 ape=0.5797
[15:00:29] warmStart 37% (763/2016) regret=0.045829 ape=0.5797
[15:00:29] warmStart 37% (764/2016) regret=0.045829 ape=0.5797
[15:00:29] warmStart 37% (765/2016) regret=0.045787 ape=0.5797
[15:00:30] warmStart 37% (766/2016) regret=0.045787 ape=0.5797
[15:00:30] warmStart 38% (767/2016) regret=0.045782 ape=0.5788
[15:00:30] warmStart 38% (768/2016) regret=0.045782 ape=0.5788
[15:00:30] warmStart 38% (769/2016) regret=0.045782 ape=0.5788
[15:00:30] warmStart 38% (770/2016) regret=0.045782 ape=0.5788
[15:00:31] warmStart 38% (771/2016) regret=0.045649 ape=0.5788
[15:00:31] warmStart 38% (772/2016) regret=0.045649 ape=0.5788
[15:00:31] warmStart 38% (773/2016) regret=0.045289 ape=0.5788
[15:00:31] warmStart 38% (774/2016) regret=0.045262 ape=0.5788
[15:00:31] warmStart 38% (775/2016) regret=0.044686 ape=0.5779
[15:00:32] warmStart 38% (776/2016) regret=0.044686 ape=0.5779
[15:00:32] warmStart 38% (777/2016) regret=0.044750 ape=0.5779
[15:00:32] warmStart 38% (778/2016) regret=0.044898 ape=0.5788
[15:00:32] warmStart 38% (779/2016) regret=0.044870 ape=0.5788
[15:00:32] warmStart 38% (780/2016) regret=0.045062 ape=0.5788
[15:00:32] warmStart 38% (781/2016) regret=0.045062 ape=0.5788
[15:00:32] warmStart 38% (782/2016) regret=0.045062 ape=0.5788
[15:00:33] warmStart 38% (783/2016) regret=0.045062 ape=0.5788
[15:00:33] warmStart 38% (784/2016) regret=0.045062 ape=0.5788
[15:00:33] warmStart 38% (785/2016) regret=0.045101 ape=0.5788
[15:00:33] warmStart 38% (786/2016) regret=0.045110 ape=0.5788
[15:00:33] warmStart 39% (787/2016) regret=0.045110 ape=0.5788
[15:00:33] warmStart 39% (788/2016) regret=0.045110 ape=0.5788
[15:00:34] warmStart 39% (789/2016) regret=0.045199 ape=0.5797
[15:00:34] warmStart 39% (790/2016) regret=0.045458 ape=0.5806
[15:00:34] warmStart 39% (791/2016) regret=0.045421 ape=0.5797
[15:00:34] warmStart 39% (792/2016) regret=0.045375 ape=0.5788
[15:00:34] warmStart 39% (793/2016) regret=0.045292 ape=0.5788
[15:00:34] warmStart 39% (794/2016) regret=0.044975 ape=0.5779
[15:00:35] warmStart 39% (795/2016) regret=0.044970 ape=0.5779
[15:00:35] warmStart 39% (796/2016) regret=0.044970 ape=0.5779
[15:00:35] warmStart 39% (797/2016) regret=0.044992 ape=0.5779
[15:00:35] warmStart 39% (798/2016) regret=0.045465 ape=0.5788
[15:00:35] warmStart 39% (799/2016) regret=0.045041 ape=0.5788
[15:00:35] warmStart 39% (800/2016) regret=0.045002 ape=0.5788
[15:00:36] warmStart 39% (801/2016) regret=0.045044 ape=0.5788
[15:00:36] warmStart 39% (802/2016) regret=0.045044 ape=0.5788
[15:00:36] warmStart 39% (803/2016) regret=0.044942 ape=0.5788
[15:00:36] warmStart 39% (804/2016) regret=0.045013 ape=0.5788
[15:00:36] warmStart 39% (805/2016) regret=0.045067 ape=0.5788
[15:00:36] warmStart 39% (806/2016) regret=0.045067 ape=0.5788
[15:00:36] warmStart 40% (807/2016) regret=0.045067 ape=0.5788
[15:00:37] warmStart 40% (808/2016) regret=0.045182 ape=0.5788
[15:00:37] warmStart 40% (809/2016) regret=0.045011 ape=0.5779
[15:00:37] warmStart 40% (810/2016) regret=0.044984 ape=0.5779
[15:00:37] warmStart 40% (811/2016) regret=0.044984 ape=0.5779
[15:00:37] warmStart 40% (812/2016) regret=0.045048 ape=0.5779
[15:00:37] warmStart 40% (813/2016) regret=0.044984 ape=0.5779
[15:00:37] warmStart 40% (814/2016) regret=0.044869 ape=0.5779
[15:00:38] warmStart 40% (815/2016) regret=0.044879 ape=0.5779
[15:00:38] warmStart 40% (816/2016) regret=0.044917 ape=0.5779
[15:00:38] warmStart 40% (817/2016) regret=0.044859 ape=0.5779
[15:00:38] warmStart 40% (818/2016) regret=0.044859 ape=0.5779
[15:00:38] warmStart 40% (819/2016) regret=0.044892 ape=0.5779
[15:00:38] warmStart 40% (820/2016) regret=0.044892 ape=0.5779
[15:00:38] warmStart 40% (821/2016) regret=0.044892 ape=0.5779
[15:00:39] warmStart 40% (822/2016) regret=0.044892 ape=0.5779
[15:00:39] warmStart 40% (823/2016) regret=0.045058 ape=0.5788
[15:00:39] warmStart 40% (824/2016) regret=0.045071 ape=0.5788
[15:00:39] warmStart 40% (825/2016) regret=0.044942 ape=0.5788
[15:00:39] warmStart 40% (826/2016) regret=0.044821 ape=0.5779
[15:00:39] warmStart 41% (827/2016) regret=0.044831 ape=0.5788
[15:00:39] warmStart 41% (828/2016) regret=0.044991 ape=0.5788
[15:00:40] warmStart 41% (829/2016) regret=0.044908 ape=0.5788
[15:00:40] warmStart 41% (830/2016) regret=0.044724 ape=0.5779
[15:00:40] warmStart 41% (831/2016) regret=0.044715 ape=0.5779
[15:00:40] warmStart 41% (832/2016) regret=0.045074 ape=0.5779
[15:00:40] warmStart 41% (833/2016) regret=0.044881 ape=0.5788
[15:00:40] warmStart 41% (834/2016) regret=0.044881 ape=0.5788
[15:00:41] warmStart 41% (835/2016) regret=0.044678 ape=0.5779
[15:00:41] warmStart 41% (836/2016) regret=0.044675 ape=0.5779
[15:00:41] warmStart 41% (837/2016) regret=0.044675 ape=0.5779
[15:00:41] warmStart 41% (838/2016) regret=0.044506 ape=0.5779
[15:00:41] warmStart 41% (839/2016) regret=0.044529 ape=0.5779
[15:00:41] warmStart 41% (840/2016) regret=0.044506 ape=0.5779
[15:00:42] warmStart 41% (841/2016) regret=0.044995 ape=0.5779
[15:00:42] warmStart 41% (842/2016) regret=0.044607 ape=0.5779
[15:00:42] warmStart 41% (843/2016) regret=0.044577 ape=0.5770
[15:00:42] warmStart 41% (844/2016) regret=0.044577 ape=0.5770
[15:00:42] warmStart 41% (845/2016) regret=0.044475 ape=0.5760
[15:00:43] warmStart 41% (846/2016) regret=0.044340 ape=0.5760
[15:00:43] warmStart 42% (847/2016) regret=0.044340 ape=0.5760
[15:00:43] warmStart 42% (848/2016) regret=0.044340 ape=0.5760
[15:00:43] warmStart 42% (849/2016) regret=0.044340 ape=0.5760
[15:00:43] warmStart 42% (850/2016) regret=0.044340 ape=0.5760
[15:00:43] warmStart 42% (851/2016) regret=0.044340 ape=0.5760
[15:00:44] warmStart 42% (852/2016) regret=0.044340 ape=0.5760
[15:00:44] warmStart 42% (853/2016) regret=0.044340 ape=0.5760
[15:00:44] warmStart 42% (854/2016) regret=0.044340 ape=0.5760
[15:00:44] warmStart 42% (855/2016) regret=0.044340 ape=0.5760
[15:00:44] warmStart 42% (856/2016) regret=0.044340 ape=0.5760
[15:00:45] warmStart 42% (857/2016) regret=0.044340 ape=0.5760
[15:00:45] warmStart 42% (858/2016) regret=0.044340 ape=0.5760
[15:00:45] warmStart 42% (859/2016) regret=0.044340 ape=0.5760
[15:00:45] warmStart 42% (860/2016) regret=0.044340 ape=0.5760
[15:00:45] warmStart 42% (861/2016) regret=0.044340 ape=0.5760
[15:00:46] warmStart 42% (862/2016) regret=0.044340 ape=0.5760
[15:00:46] warmStart 42% (863/2016) regret=0.044340 ape=0.5760
[15:00:46] warmStart 42% (864/2016) regret=0.044340 ape=0.5760
[15:00:46] warmStart 42% (865/2016) regret=0.044340 ape=0.5760
[15:00:46] warmStart 42% (866/2016) regret=0.044340 ape=0.5760
[15:00:46] warmStart 43% (867/2016) regret=0.044340 ape=0.5760
[15:00:47] warmStart 43% (868/2016) regret=0.044340 ape=0.5760
[15:00:47] warmStart 43% (869/2016) regret=0.044340 ape=0.5760
[15:00:47] warmStart 43% (870/2016) regret=0.044340 ape=0.5760
[15:00:47] warmStart 43% (871/2016) regret=0.044340 ape=0.5760
[15:00:47] warmStart 43% (872/2016) regret=0.044340 ape=0.5760
[15:00:48] warmStart 43% (873/2016) regret=0.044331 ape=0.5751
[15:00:48] warmStart 43% (874/2016) regret=0.044331 ape=0.5751
[15:00:48] warmStart 43% (875/2016) regret=0.044331 ape=0.5751
[15:00:48] warmStart 43% (876/2016) regret=0.044331 ape=0.5751
[15:00:48] warmStart 43% (877/2016) regret=0.044356 ape=0.5751
[15:00:48] warmStart 43% (878/2016) regret=0.044155 ape=0.5751
[15:00:49] warmStart 43% (879/2016) regret=0.043925 ape=0.5742
[15:00:49] warmStart 43% (880/2016) regret=0.043777 ape=0.5742
[15:00:49] warmStart 43% (881/2016) regret=0.043777 ape=0.5742
[15:00:49] warmStart 43% (882/2016) regret=0.043799 ape=0.5742
[15:00:49] warmStart 43% (883/2016) regret=0.043799 ape=0.5742
[15:00:50] warmStart 43% (884/2016) regret=0.043799 ape=0.5742
[15:00:50] warmStart 43% (885/2016) regret=0.043799 ape=0.5742
[15:00:50] warmStart 43% (886/2016) regret=0.043799 ape=0.5742
[15:00:50] warmStart 43% (887/2016) regret=0.043780 ape=0.5742
[15:00:50] warmStart 44% (888/2016) regret=0.043780 ape=0.5742
[15:00:51] warmStart 44% (889/2016) regret=0.043780 ape=0.5742
[15:00:51] warmStart 44% (890/2016) regret=0.043780 ape=0.5742
[15:00:51] warmStart 44% (891/2016) regret=0.043780 ape=0.5742
[15:00:51] warmStart 44% (892/2016) regret=0.043780 ape=0.5742
[15:00:51] warmStart 44% (893/2016) regret=0.043780 ape=0.5742
[15:00:51] warmStart 44% (894/2016) regret=0.043780 ape=0.5742
[15:00:52] warmStart 44% (895/2016) regret=0.043780 ape=0.5742
[15:00:52] warmStart 44% (896/2016) regret=0.043780 ape=0.5742
[15:00:52] warmStart 44% (897/2016) regret=0.043780 ape=0.5742
[15:00:52] warmStart 44% (898/2016) regret=0.043780 ape=0.5742
[15:00:52] warmStart 44% (899/2016) regret=0.043780 ape=0.5742
[15:00:52] warmStart 44% (900/2016) regret=0.043780 ape=0.5742
[15:00:53] warmStart 44% (901/2016) regret=0.043780 ape=0.5742
[15:00:53] warmStart 44% (902/2016) regret=0.043780 ape=0.5742
[15:00:53] warmStart 44% (903/2016) regret=0.043780 ape=0.5742
[15:00:53] warmStart 44% (904/2016) regret=0.043780 ape=0.5742
[15:00:53] warmStart 44% (905/2016) regret=0.043780 ape=0.5742
[15:00:54] warmStart 44% (906/2016) regret=0.043780 ape=0.5742
[15:00:54] warmStart 44% (907/2016) regret=0.043780 ape=0.5742
[15:00:54] warmStart 45% (908/2016) regret=0.043780 ape=0.5742
[15:00:54] warmStart 45% (909/2016) regret=0.043780 ape=0.5742
[15:00:54] warmStart 45% (910/2016) regret=0.043780 ape=0.5742
[15:00:54] warmStart 45% (911/2016) regret=0.043780 ape=0.5742
[15:00:55] warmStart 45% (912/2016) regret=0.043780 ape=0.5742
[15:00:55] warmStart 45% (913/2016) regret=0.043780 ape=0.5742
[15:00:55] warmStart 45% (914/2016) regret=0.043736 ape=0.5733
[15:00:55] warmStart 45% (915/2016) regret=0.043736 ape=0.5733
[15:00:55] warmStart 45% (916/2016) regret=0.043736 ape=0.5733
[15:00:55] warmStart 45% (917/2016) regret=0.043736 ape=0.5733
[15:00:56] warmStart 45% (918/2016) regret=0.043736 ape=0.5733
[15:00:56] warmStart 45% (919/2016) regret=0.043736 ape=0.5733
[15:00:56] warmStart 45% (920/2016) regret=0.043736 ape=0.5733
[15:00:56] warmStart 45% (921/2016) regret=0.043736 ape=0.5733
[15:00:56] warmStart 45% (922/2016) regret=0.043736 ape=0.5733
[15:00:57] warmStart 45% (923/2016) regret=0.043736 ape=0.5733
[15:00:57] warmStart 45% (924/2016) regret=0.043736 ape=0.5733
[15:00:57] warmStart 45% (925/2016) regret=0.043736 ape=0.5733
[15:00:57] warmStart 45% (926/2016) regret=0.043736 ape=0.5733
[15:00:57] warmStart 45% (927/2016) regret=0.043736 ape=0.5733
[15:00:57] warmStart 46% (928/2016) regret=0.043736 ape=0.5733
[15:00:58] warmStart 46% (929/2016) regret=0.043736 ape=0.5733
[15:00:58] warmStart 46% (930/2016) regret=0.043736 ape=0.5733
[15:00:58] warmStart 46% (931/2016) regret=0.043736 ape=0.5733
[15:00:58] warmStart 46% (932/2016) regret=0.043736 ape=0.5733
[15:00:58] warmStart 46% (933/2016) regret=0.043736 ape=0.5733
[15:00:59] warmStart 46% (934/2016) regret=0.043736 ape=0.5733
[15:00:59] warmStart 46% (935/2016) regret=0.043736 ape=0.5733
[15:00:59] warmStart 46% (936/2016) regret=0.043736 ape=0.5733
[15:00:59] warmStart 46% (937/2016) regret=0.043736 ape=0.5733
[15:00:59] warmStart 46% (938/2016) regret=0.043736 ape=0.5733
[15:00:59] warmStart 46% (939/2016) regret=0.043736 ape=0.5733
[15:01:00] warmStart 46% (940/2016) regret=0.043736 ape=0.5733
[15:01:00] warmStart 46% (941/2016) regret=0.043736 ape=0.5733
[15:01:00] warmStart 46% (942/2016) regret=0.043736 ape=0.5733
[15:01:00] warmStart 46% (943/2016) regret=0.043736 ape=0.5733
[15:01:00] warmStart 46% (944/2016) regret=0.043842 ape=0.5733
[15:01:01] warmStart 46% (945/2016) regret=0.043842 ape=0.5733
[15:01:01] warmStart 46% (946/2016) regret=0.043487 ape=0.5724
[15:01:01] warmStart 46% (947/2016) regret=0.043487 ape=0.5724
[15:01:01] warmStart 47% (948/2016) regret=0.043561 ape=0.5724
[15:01:01] warmStart 47% (949/2016) regret=0.043164 ape=0.5714
[15:01:01] warmStart 47% (950/2016) regret=0.043160 ape=0.5705
[15:01:02] warmStart 47% (951/2016) regret=0.043266 ape=0.5705
[15:01:02] warmStart 47% (952/2016) regret=0.043266 ape=0.5705
[15:01:02] warmStart 47% (953/2016) regret=0.043266 ape=0.5705
[15:01:02] warmStart 47% (954/2016) regret=0.043247 ape=0.5696
[15:01:02] warmStart 47% (955/2016) regret=0.043315 ape=0.5705
[15:01:03] warmStart 47% (956/2016) regret=0.043435 ape=0.5696
[15:01:03] warmStart 47% (957/2016) regret=0.043288 ape=0.5696
[15:01:03] warmStart 47% (958/2016) regret=0.043223 ape=0.5687
[15:01:03] warmStart 47% (959/2016) regret=0.043159 ape=0.5687
[15:01:03] warmStart 47% (960/2016) regret=0.043292 ape=0.5696
[15:01:04] warmStart 47% (961/2016) regret=0.043302 ape=0.5696
[15:01:04] warmStart 47% (962/2016) regret=0.043357 ape=0.5696
[15:01:04] warmStart 47% (963/2016) regret=0.043225 ape=0.5696
[15:01:04] warmStart 47% (964/2016) regret=0.043412 ape=0.5696
[15:01:04] warmStart 47% (965/2016) regret=0.043306 ape=0.5696
[15:01:04] warmStart 47% (966/2016) regret=0.043043 ape=0.5696
[15:01:05] warmStart 47% (967/2016) regret=0.042757 ape=0.5687
[15:01:05] warmStart 48% (968/2016) regret=0.042757 ape=0.5687
[15:01:05] warmStart 48% (969/2016) regret=0.042885 ape=0.5696
[15:01:05] warmStart 48% (970/2016) regret=0.042763 ape=0.5687
[15:01:05] warmStart 48% (971/2016) regret=0.042763 ape=0.5687
[15:01:06] warmStart 48% (972/2016) regret=0.042763 ape=0.5687
[15:01:06] warmStart 48% (973/2016) regret=0.042782 ape=0.5696
[15:01:06] warmStart 48% (974/2016) regret=0.042726 ape=0.5696
[15:01:06] warmStart 48% (975/2016) regret=0.042726 ape=0.5696
[15:01:06] warmStart 48% (976/2016) regret=0.042726 ape=0.5696
[15:01:07] warmStart 48% (977/2016) regret=0.042726 ape=0.5696
[15:01:07] warmStart 48% (978/2016) regret=0.042796 ape=0.5705
[15:01:07] warmStart 48% (979/2016) regret=0.042796 ape=0.5705
[15:01:07] warmStart 48% (980/2016) regret=0.042670 ape=0.5696
[15:01:07] warmStart 48% (981/2016) regret=0.042670 ape=0.5696
[15:01:08] warmStart 48% (982/2016) regret=0.042670 ape=0.5696
[15:01:08] warmStart 48% (983/2016) regret=0.042587 ape=0.5687
[15:01:08] warmStart 48% (984/2016) regret=0.042670 ape=0.5696
[15:01:08] warmStart 48% (985/2016) regret=0.042636 ape=0.5696
[15:01:08] warmStart 48% (986/2016) regret=0.042705 ape=0.5705
[15:01:08] warmStart 48% (987/2016) regret=0.042705 ape=0.5705
[15:01:09] warmStart 49% (988/2016) regret=0.042705 ape=0.5705
[15:01:09] warmStart 49% (989/2016) regret=0.042705 ape=0.5705
[15:01:09] warmStart 49% (990/2016) regret=0.042774 ape=0.5705
[15:01:09] warmStart 49% (991/2016) regret=0.043020 ape=0.5705
[15:01:09] warmStart 49% (992/2016) regret=0.043126 ape=0.5696
[15:01:10] warmStart 49% (993/2016) regret=0.042997 ape=0.5696
[15:01:10] warmStart 49% (994/2016) regret=0.042997 ape=0.5696
[15:01:10] warmStart 49% (995/2016) regret=0.043087 ape=0.5696
[15:01:10] warmStart 49% (996/2016) regret=0.042946 ape=0.5696
[15:01:10] warmStart 49% (997/2016) regret=0.042752 ape=0.5687
[15:01:11] warmStart 49% (998/2016) regret=0.042752 ape=0.5687
[15:01:11] warmStart 49% (999/2016) regret=0.042752 ape=0.5687
[15:01:11] warmStart 49% (1000/2016) regret=0.042752 ape=0.5687
[15:01:11] warmStart 49% (1001/2016) regret=0.042752 ape=0.5687
[15:01:11] warmStart 49% (1002/2016) regret=0.042752 ape=0.5687
[15:01:12] warmStart 49% (1003/2016) regret=0.042752 ape=0.5687
[15:01:12] warmStart 49% (1004/2016) regret=0.042752 ape=0.5687
[15:01:12] warmStart 49% (1005/2016) regret=0.042752 ape=0.5687
[15:01:12] warmStart 49% (1006/2016) regret=0.042752 ape=0.5687
[15:01:12] warmStart 49% (1007/2016) regret=0.042725 ape=0.5677
[15:01:12] warmStart 50% (1008/2016) regret=0.042725 ape=0.5677
[15:01:13] warmStart 50% (1009/2016) regret=0.042725 ape=0.5677
[15:01:13] warmStart 50% (1010/2016) regret=0.042725 ape=0.5677
[15:01:13] warmStart 50% (1011/2016) regret=0.042725 ape=0.5677
[15:01:13] warmStart 50% (1012/2016) regret=0.042725 ape=0.5677
[15:01:13] warmStart 50% (1013/2016) regret=0.042725 ape=0.5677
[15:01:14] warmStart 50% (1014/2016) regret=0.042725 ape=0.5677
[15:01:14] warmStart 50% (1015/2016) regret=0.042725 ape=0.5677
[15:01:14] warmStart 50% (1016/2016) regret=0.042725 ape=0.5677
[15:01:14] warmStart 50% (1017/2016) regret=0.042725 ape=0.5677
[15:01:14] warmStart 50% (1018/2016) regret=0.042725 ape=0.5677
[15:01:15] warmStart 50% (1019/2016) regret=0.042725 ape=0.5677
[15:01:15] warmStart 50% (1020/2016) regret=0.042725 ape=0.5677
[15:01:15] warmStart 50% (1021/2016) regret=0.042725 ape=0.5677
[15:01:15] warmStart 50% (1022/2016) regret=0.042725 ape=0.5677
[15:01:15] warmStart 50% (1023/2016) regret=0.042725 ape=0.5677
[15:01:15] warmStart 50% (1024/2016) regret=0.042725 ape=0.5677
[15:01:16] warmStart 50% (1025/2016) regret=0.042725 ape=0.5677
[15:01:16] warmStart 50% (1026/2016) regret=0.042725 ape=0.5677
[15:01:16] warmStart 50% (1027/2016) regret=0.042725 ape=0.5677
[15:01:16] warmStart 50% (1028/2016) regret=0.042694 ape=0.5668
[15:01:16] warmStart 51% (1029/2016) regret=0.042580 ape=0.5659
[15:01:17] warmStart 51% (1030/2016) regret=0.042604 ape=0.5659
[15:01:17] warmStart 51% (1031/2016) regret=0.042604 ape=0.5659
[15:01:17] warmStart 51% (1032/2016) regret=0.042546 ape=0.5659
[15:01:17] warmStart 51% (1033/2016) regret=0.042546 ape=0.5659
[15:01:17] warmStart 51% (1034/2016) regret=0.042260 ape=0.5659
[15:01:18] warmStart 51% (1035/2016) regret=0.042260 ape=0.5659
[15:01:18] warmStart 51% (1036/2016) regret=0.042357 ape=0.5650
[15:01:18] warmStart 51% (1037/2016) regret=0.042412 ape=0.5650
[15:01:18] warmStart 51% (1038/2016) regret=0.042348 ape=0.5641
[15:01:18] warmStart 51% (1039/2016) regret=0.042297 ape=0.5641
[15:01:18] warmStart 51% (1040/2016) regret=0.042675 ape=0.5641
[15:01:19] warmStart 51% (1041/2016) regret=0.042296 ape=0.5641
[15:01:19] warmStart 51% (1042/2016) regret=0.042296 ape=0.5641
[15:01:19] warmStart 51% (1043/2016) regret=0.042006 ape=0.5631
[15:01:19] warmStart 51% (1044/2016) regret=0.042006 ape=0.5631
[15:01:19] warmStart 51% (1045/2016) regret=0.041984 ape=0.5631
[15:01:20] warmStart 51% (1046/2016) regret=0.041984 ape=0.5631
[15:01:20] warmStart 51% (1047/2016) regret=0.041984 ape=0.5631
[15:01:20] warmStart 51% (1048/2016) regret=0.041984 ape=0.5631
[15:01:20] warmStart 52% (1049/2016) regret=0.041827 ape=0.5631
[15:01:20] warmStart 52% (1050/2016) regret=0.042058 ape=0.5631
[15:01:20] warmStart 52% (1051/2016) regret=0.041975 ape=0.5631
[15:01:21] warmStart 52% (1052/2016) regret=0.041744 ape=0.5631
[15:01:21] warmStart 52% (1053/2016) regret=0.041744 ape=0.5631
[15:01:21] warmStart 52% (1054/2016) regret=0.041744 ape=0.5631
[15:01:21] warmStart 52% (1055/2016) regret=0.042039 ape=0.5641
[15:01:21] warmStart 52% (1056/2016) regret=0.042039 ape=0.5641
[15:01:22] warmStart 52% (1057/2016) regret=0.041975 ape=0.5641
[15:01:22] warmStart 52% (1058/2016) regret=0.041979 ape=0.5641
[15:01:22] warmStart 52% (1059/2016) regret=0.041979 ape=0.5641
[15:01:22] warmStart 52% (1060/2016) regret=0.042016 ape=0.5650
[15:01:22] warmStart 52% (1061/2016) regret=0.042016 ape=0.5650
[15:01:23] warmStart 52% (1062/2016) regret=0.042016 ape=0.5650
[15:01:23] warmStart 52% (1063/2016) regret=0.042016 ape=0.5650
[15:01:23] warmStart 52% (1064/2016) regret=0.041777 ape=0.5641
[15:01:23] warmStart 52% (1065/2016) regret=0.041491 ape=0.5631
[15:01:23] warmStart 52% (1066/2016) regret=0.041491 ape=0.5631
[15:01:23] warmStart 52% (1067/2016) regret=0.041491 ape=0.5631
[15:01:24] warmStart 52% (1068/2016) regret=0.041445 ape=0.5631
[15:01:24] warmStart 53% (1069/2016) regret=0.041445 ape=0.5631
[15:01:24] warmStart 53% (1070/2016) regret=0.041445 ape=0.5631
[15:01:24] warmStart 53% (1071/2016) regret=0.041390 ape=0.5631
[15:01:24] warmStart 53% (1072/2016) regret=0.041390 ape=0.5631
[15:01:25] warmStart 53% (1073/2016) regret=0.041390 ape=0.5631
[15:01:25] warmStart 53% (1074/2016) regret=0.041390 ape=0.5631
[15:01:25] warmStart 53% (1075/2016) regret=0.041242 ape=0.5631
[15:01:25] warmStart 53% (1076/2016) regret=0.041069 ape=0.5622
[15:01:25] warmStart 53% (1077/2016) regret=0.040784 ape=0.5613
[15:01:26] warmStart 53% (1078/2016) regret=0.040733 ape=0.5613
[15:01:26] warmStart 53% (1079/2016) regret=0.040733 ape=0.5613
[15:01:26] warmStart 53% (1080/2016) regret=0.040730 ape=0.5613
[15:01:26] warmStart 53% (1081/2016) regret=0.040730 ape=0.5613
[15:01:26] warmStart 53% (1082/2016) regret=0.040730 ape=0.5613
[15:01:26] warmStart 53% (1083/2016) regret=0.040730 ape=0.5613
[15:01:27] warmStart 53% (1084/2016) regret=0.040730 ape=0.5613
[15:01:27] warmStart 53% (1085/2016) regret=0.040730 ape=0.5613
[15:01:27] warmStart 53% (1086/2016) regret=0.040721 ape=0.5613
[15:01:27] warmStart 53% (1087/2016) regret=0.040112 ape=0.5604
[15:01:27] warmStart 53% (1088/2016) regret=0.040112 ape=0.5604
[15:01:28] warmStart 54% (1089/2016) regret=0.040112 ape=0.5604
[15:01:28] warmStart 54% (1090/2016) regret=0.039993 ape=0.5594
[15:01:28] warmStart 54% (1091/2016) regret=0.040177 ape=0.5604
[15:01:28] warmStart 54% (1092/2016) regret=0.039993 ape=0.5594
[15:01:28] warmStart 54% (1093/2016) regret=0.040177 ape=0.5604
[15:01:29] warmStart 54% (1094/2016) regret=0.040177 ape=0.5604
[15:01:29] warmStart 54% (1095/2016) regret=0.040103 ape=0.5604
[15:01:29] warmStart 54% (1096/2016) regret=0.040103 ape=0.5604
[15:01:29] warmStart 54% (1097/2016) regret=0.040103 ape=0.5604
[15:01:29] warmStart 54% (1098/2016) regret=0.040103 ape=0.5604
[15:01:29] warmStart 54% (1099/2016) regret=0.040168 ape=0.5613
[15:01:30] warmStart 54% (1100/2016) regret=0.040168 ape=0.5613
[15:01:30] warmStart 54% (1101/2016) regret=0.040168 ape=0.5613
[15:01:30] warmStart 54% (1102/2016) regret=0.040095 ape=0.5604
[15:01:30] warmStart 54% (1103/2016) regret=0.040275 ape=0.5604
[15:01:30] warmStart 54% (1104/2016) regret=0.040271 ape=0.5604
[15:01:30] warmStart 54% (1105/2016) regret=0.040271 ape=0.5604
[15:01:31] warmStart 54% (1106/2016) regret=0.040271 ape=0.5604
[15:01:31] warmStart 54% (1107/2016) regret=0.040271 ape=0.5604
[15:01:31] warmStart 54% (1108/2016) regret=0.040271 ape=0.5604
[15:01:31] warmStart 55% (1109/2016) regret=0.040271 ape=0.5604
[15:01:31] warmStart 55% (1110/2016) regret=0.040271 ape=0.5604
[15:01:32] warmStart 55% (1111/2016) regret=0.040271 ape=0.5604
[15:01:32] warmStart 55% (1112/2016) regret=0.040280 ape=0.5613
[15:01:32] warmStart 55% (1113/2016) regret=0.040280 ape=0.5613
[15:01:32] warmStart 55% (1114/2016) regret=0.040280 ape=0.5613
[15:01:32] warmStart 55% (1115/2016) regret=0.040280 ape=0.5613
[15:01:33] warmStart 55% (1116/2016) regret=0.040280 ape=0.5613
[15:01:33] warmStart 55% (1117/2016) regret=0.040413 ape=0.5613
[15:01:33] warmStart 55% (1118/2016) regret=0.040413 ape=0.5613
[15:01:33] warmStart 55% (1119/2016) regret=0.040421 ape=0.5622
[15:01:33] warmStart 55% (1120/2016) regret=0.040421 ape=0.5622
[15:01:33] warmStart 55% (1121/2016) regret=0.040421 ape=0.5622
[15:01:34] warmStart 55% (1122/2016) regret=0.040423 ape=0.5622
[15:01:34] warmStart 55% (1123/2016) regret=0.040385 ape=0.5613
[15:01:34] warmStart 55% (1124/2016) regret=0.040385 ape=0.5613
[15:01:34] warmStart 55% (1125/2016) regret=0.040385 ape=0.5613
[15:01:34] warmStart 55% (1126/2016) regret=0.040385 ape=0.5613
[15:01:35] warmStart 55% (1127/2016) regret=0.040385 ape=0.5613
[15:01:35] warmStart 55% (1128/2016) regret=0.040671 ape=0.5613
[15:01:35] warmStart 56% (1129/2016) regret=0.040671 ape=0.5613
[15:01:35] warmStart 56% (1130/2016) regret=0.040651 ape=0.5604
[15:01:35] warmStart 56% (1131/2016) regret=0.040651 ape=0.5604
[15:01:35] warmStart 56% (1132/2016) regret=0.040651 ape=0.5604
[15:01:36] warmStart 56% (1133/2016) regret=0.040651 ape=0.5604
[15:01:36] warmStart 56% (1134/2016) regret=0.040651 ape=0.5604
[15:01:36] warmStart 56% (1135/2016) regret=0.040651 ape=0.5604
[15:01:36] warmStart 56% (1136/2016) regret=0.040651 ape=0.5604
[15:01:36] warmStart 56% (1137/2016) regret=0.040651 ape=0.5604
[15:01:36] warmStart 56% (1138/2016) regret=0.040651 ape=0.5604
[15:01:37] warmStart 56% (1139/2016) regret=0.040651 ape=0.5604
[15:01:37] warmStart 56% (1140/2016) regret=0.040651 ape=0.5604
[15:01:37] warmStart 56% (1141/2016) regret=0.040651 ape=0.5604
[15:01:37] warmStart 56% (1142/2016) regret=0.040704 ape=0.5604
[15:01:37] warmStart 56% (1143/2016) regret=0.040658 ape=0.5594
[15:01:38] warmStart 56% (1144/2016) regret=0.040622 ape=0.5585
[15:01:38] warmStart 56% (1145/2016) regret=0.040658 ape=0.5594
[15:01:38] warmStart 56% (1146/2016) regret=0.040451 ape=0.5594
[15:01:38] warmStart 56% (1147/2016) regret=0.040451 ape=0.5594
[15:01:38] warmStart 56% (1148/2016) regret=0.040451 ape=0.5594
[15:01:38] warmStart 56% (1149/2016) regret=0.040451 ape=0.5594
[15:01:39] warmStart 57% (1150/2016) regret=0.040380 ape=0.5585
[15:01:39] warmStart 57% (1151/2016) regret=0.040380 ape=0.5585
[15:01:39] warmStart 57% (1152/2016) regret=0.040380 ape=0.5585
[15:01:39] warmStart 57% (1153/2016) regret=0.040380 ape=0.5585
[15:01:39] warmStart 57% (1154/2016) regret=0.040380 ape=0.5585
[15:01:40] warmStart 57% (1155/2016) regret=0.040380 ape=0.5585
[15:01:40] warmStart 57% (1156/2016) regret=0.040380 ape=0.5585
[15:01:40] warmStart 57% (1157/2016) regret=0.040380 ape=0.5585
[15:01:40] warmStart 57% (1158/2016) regret=0.040380 ape=0.5585
[15:01:40] warmStart 57% (1159/2016) regret=0.040380 ape=0.5585
[15:01:40] warmStart 57% (1160/2016) regret=0.040384 ape=0.5585
[15:01:41] warmStart 57% (1161/2016) regret=0.040384 ape=0.5585
[15:01:41] warmStart 57% (1162/2016) regret=0.040384 ape=0.5585
[15:01:41] warmStart 57% (1163/2016) regret=0.040384 ape=0.5585
[15:01:41] warmStart 57% (1164/2016) regret=0.040384 ape=0.5585
[15:01:41] warmStart 57% (1165/2016) regret=0.040239 ape=0.5576
[15:01:42] warmStart 57% (1166/2016) regret=0.040482 ape=0.5585
[15:01:42] warmStart 57% (1167/2016) regret=0.040482 ape=0.5585
[15:01:42] warmStart 57% (1168/2016) regret=0.040501 ape=0.5585
[15:01:42] warmStart 57% (1169/2016) regret=0.040178 ape=0.5585
[15:01:42] warmStart 58% (1170/2016) regret=0.039948 ape=0.5576
[15:01:43] warmStart 58% (1171/2016) regret=0.040104 ape=0.5576
[15:01:43] warmStart 58% (1172/2016) regret=0.040104 ape=0.5576
[15:01:43] warmStart 58% (1173/2016) regret=0.040059 ape=0.5585
[15:01:43] warmStart 58% (1174/2016) regret=0.040059 ape=0.5585
[15:01:43] warmStart 58% (1175/2016) regret=0.040256 ape=0.5594
[15:01:44] warmStart 58% (1176/2016) regret=0.040002 ape=0.5576
[15:01:44] warmStart 58% (1177/2016) regret=0.040002 ape=0.5576
[15:01:44] warmStart 58% (1178/2016) regret=0.039926 ape=0.5576
[15:01:44] warmStart 58% (1179/2016) regret=0.039926 ape=0.5576
[15:01:44] warmStart 58% (1180/2016) regret=0.039768 ape=0.5567
[15:01:45] warmStart 58% (1181/2016) regret=0.039814 ape=0.5576
[15:01:45] warmStart 58% (1182/2016) regret=0.039787 ape=0.5567
[15:01:45] warmStart 58% (1183/2016) regret=0.039787 ape=0.5567
[15:01:45] warmStart 58% (1184/2016) regret=0.039787 ape=0.5567
[15:01:45] warmStart 58% (1185/2016) regret=0.039787 ape=0.5567
[15:01:45] warmStart 58% (1186/2016) regret=0.039787 ape=0.5567
[15:01:46] warmStart 58% (1187/2016) regret=0.039616 ape=0.5567
[15:01:46] warmStart 58% (1188/2016) regret=0.039650 ape=0.5567
[15:01:46] warmStart 58% (1189/2016) regret=0.039641 ape=0.5567
[15:01:46] warmStart 59% (1190/2016) regret=0.039616 ape=0.5567
[15:01:46] warmStart 59% (1191/2016) regret=0.039593 ape=0.5567
[15:01:47] warmStart 59% (1192/2016) regret=0.039575 ape=0.5567
[15:01:47] warmStart 59% (1193/2016) regret=0.039593 ape=0.5567
[15:01:47] warmStart 59% (1194/2016) regret=0.039593 ape=0.5567
[15:01:47] warmStart 59% (1195/2016) regret=0.039593 ape=0.5567
[15:01:47] warmStart 59% (1196/2016) regret=0.039676 ape=0.5567
[15:01:48] warmStart 59% (1197/2016) regret=0.039692 ape=0.5576
[15:01:48] warmStart 59% (1198/2016) regret=0.039649 ape=0.5567
[15:01:48] warmStart 59% (1199/2016) regret=0.039624 ape=0.5567
[15:01:48] warmStart 59% (1200/2016) regret=0.039713 ape=0.5576
[15:01:48] warmStart 59% (1201/2016) regret=0.039690 ape=0.5567
[15:01:48] warmStart 59% (1202/2016) regret=0.039519 ape=0.5567
[15:01:49] warmStart 59% (1203/2016) regret=0.039570 ape=0.5567
[15:01:49] warmStart 59% (1204/2016) regret=0.039598 ape=0.5567
[15:01:49] warmStart 59% (1205/2016) regret=0.039598 ape=0.5567
[15:01:49] warmStart 59% (1206/2016) regret=0.039598 ape=0.5567
[15:01:49] warmStart 59% (1207/2016) regret=0.039598 ape=0.5567
[15:01:50] warmStart 59% (1208/2016) regret=0.039727 ape=0.5567
[15:01:50] warmStart 59% (1209/2016) regret=0.039727 ape=0.5567
[15:01:50] warmStart 60% (1210/2016) regret=0.039727 ape=0.5567
[15:01:50] warmStart 60% (1211/2016) regret=0.039727 ape=0.5567
[15:01:50] warmStart 60% (1212/2016) regret=0.039727 ape=0.5567
[15:01:51] warmStart 60% (1213/2016) regret=0.039727 ape=0.5567
[15:01:51] warmStart 60% (1214/2016) regret=0.039727 ape=0.5567
[15:01:51] warmStart 60% (1215/2016) regret=0.039727 ape=0.5567
[15:01:51] warmStart 60% (1216/2016) regret=0.039727 ape=0.5567
[15:01:51] warmStart 60% (1217/2016) regret=0.039727 ape=0.5567
[15:01:51] warmStart 60% (1218/2016) regret=0.039727 ape=0.5567
[15:01:52] warmStart 60% (1219/2016) regret=0.039727 ape=0.5567
[15:01:52] warmStart 60% (1220/2016) regret=0.039727 ape=0.5567
[15:01:52] warmStart 60% (1221/2016) regret=0.039685 ape=0.5558
[15:01:52] warmStart 60% (1222/2016) regret=0.039685 ape=0.5558
[15:01:52] warmStart 60% (1223/2016) regret=0.039685 ape=0.5558
[15:01:52] warmStart 60% (1224/2016) regret=0.039685 ape=0.5558
[15:01:53] warmStart 60% (1225/2016) regret=0.039685 ape=0.5558
[15:01:53] warmStart 60% (1226/2016) regret=0.039685 ape=0.5558
[15:01:53] warmStart 60% (1227/2016) regret=0.039685 ape=0.5558
[15:01:53] warmStart 60% (1228/2016) regret=0.039602 ape=0.5548
[15:01:53] warmStart 60% (1229/2016) regret=0.039602 ape=0.5548
[15:01:54] warmStart 61% (1230/2016) regret=0.039602 ape=0.5548
[15:01:54] warmStart 61% (1231/2016) regret=0.039602 ape=0.5548
[15:01:54] warmStart 61% (1232/2016) regret=0.039602 ape=0.5548
[15:01:54] warmStart 61% (1233/2016) regret=0.039602 ape=0.5548
[15:01:54] warmStart 61% (1234/2016) regret=0.039602 ape=0.5548
[15:01:55] warmStart 61% (1235/2016) regret=0.039602 ape=0.5548
[15:01:55] warmStart 61% (1236/2016) regret=0.039602 ape=0.5548
[15:01:55] warmStart 61% (1237/2016) regret=0.039602 ape=0.5548
[15:01:55] warmStart 61% (1238/2016) regret=0.039602 ape=0.5548
[15:01:55] warmStart 61% (1239/2016) regret=0.039602 ape=0.5548
[15:01:55] warmStart 61% (1240/2016) regret=0.039574 ape=0.5548
[15:01:56] warmStart 61% (1241/2016) regret=0.039574 ape=0.5548
[15:01:56] warmStart 61% (1242/2016) regret=0.039574 ape=0.5548
[15:01:56] warmStart 61% (1243/2016) regret=0.039574 ape=0.5548
[15:01:56] warmStart 61% (1244/2016) regret=0.039574 ape=0.5548
[15:01:56] warmStart 61% (1245/2016) regret=0.039574 ape=0.5548
[15:01:57] warmStart 61% (1246/2016) regret=0.039574 ape=0.5548
[15:01:57] warmStart 61% (1247/2016) regret=0.039574 ape=0.5548
[15:01:57] warmStart 61% (1248/2016) regret=0.039574 ape=0.5548
[15:01:57] warmStart 61% (1249/2016) regret=0.039574 ape=0.5548
[15:01:57] warmStart 62% (1250/2016) regret=0.039574 ape=0.5548
[15:01:58] warmStart 62% (1251/2016) regret=0.039574 ape=0.5548
[15:01:58] warmStart 62% (1252/2016) regret=0.039574 ape=0.5548
[15:01:58] warmStart 62% (1253/2016) regret=0.039574 ape=0.5548
[15:01:58] warmStart 62% (1254/2016) regret=0.039574 ape=0.5548
[15:01:58] warmStart 62% (1255/2016) regret=0.039574 ape=0.5548
[15:01:58] warmStart 62% (1256/2016) regret=0.039574 ape=0.5548
[15:01:59] warmStart 62% (1257/2016) regret=0.039574 ape=0.5548
[15:01:59] warmStart 62% (1258/2016) regret=0.039558 ape=0.5548
[15:01:59] warmStart 62% (1259/2016) regret=0.039558 ape=0.5548
[15:01:59] warmStart 62% (1260/2016) regret=0.039558 ape=0.5548
[15:01:59] warmStart 62% (1261/2016) regret=0.039558 ape=0.5548
[15:01:59] warmStart 62% (1262/2016) regret=0.039558 ape=0.5548
[15:02:00] warmStart 62% (1263/2016) regret=0.039558 ape=0.5548
[15:02:00] warmStart 62% (1264/2016) regret=0.039558 ape=0.5548
[15:02:00] warmStart 62% (1265/2016) regret=0.039558 ape=0.5548
[15:02:00] warmStart 62% (1266/2016) regret=0.039558 ape=0.5548
[15:02:00] warmStart 62% (1267/2016) regret=0.039612 ape=0.5548
[15:02:01] warmStart 62% (1268/2016) regret=0.039465 ape=0.5539
[15:02:01] warmStart 62% (1269/2016) regret=0.039577 ape=0.5558
[15:02:01] warmStart 62% (1270/2016) regret=0.039540 ape=0.5558
[15:02:01] warmStart 63% (1271/2016) regret=0.039540 ape=0.5558
[15:02:01] warmStart 63% (1272/2016) regret=0.039517 ape=0.5548
[15:02:01] warmStart 63% (1273/2016) regret=0.039517 ape=0.5548
[15:02:02] warmStart 63% (1274/2016) regret=0.039523 ape=0.5548
[15:02:02] warmStart 63% (1275/2016) regret=0.039575 ape=0.5539
[15:02:02] warmStart 63% (1276/2016) regret=0.039400 ape=0.5539
[15:02:02] warmStart 63% (1277/2016) regret=0.039400 ape=0.5539
[15:02:02] warmStart 63% (1278/2016) regret=0.039400 ape=0.5539
[15:02:03] warmStart 63% (1279/2016) regret=0.039437 ape=0.5539
[15:02:03] warmStart 63% (1280/2016) regret=0.040008 ape=0.5539
[15:02:03] warmStart 63% (1281/2016) regret=0.039372 ape=0.5539
[15:02:03] warmStart 63% (1282/2016) regret=0.039372 ape=0.5539
[15:02:03] warmStart 63% (1283/2016) regret=0.039365 ape=0.5539
[15:02:03] warmStart 63% (1284/2016) regret=0.039365 ape=0.5539
[15:02:04] warmStart 63% (1285/2016) regret=0.039484 ape=0.5539
[15:02:04] warmStart 63% (1286/2016) regret=0.039484 ape=0.5539
[15:02:04] warmStart 63% (1287/2016) regret=0.039484 ape=0.5539
[15:02:04] warmStart 63% (1288/2016) regret=0.039497 ape=0.5539
[15:02:04] warmStart 63% (1289/2016) regret=0.039497 ape=0.5539
[15:02:05] warmStart 63% (1290/2016) regret=0.039497 ape=0.5539
[15:02:05] warmStart 64% (1291/2016) regret=0.039600 ape=0.5539
[15:02:05] warmStart 64% (1292/2016) regret=0.039494 ape=0.5530
[15:02:05] warmStart 64% (1293/2016) regret=0.039218 ape=0.5521
[15:02:05] warmStart 64% (1294/2016) regret=0.039494 ape=0.5530
[15:02:06] warmStart 64% (1295/2016) regret=0.039494 ape=0.5530
[15:02:06] warmStart 64% (1296/2016) regret=0.039494 ape=0.5530
[15:02:06] warmStart 64% (1297/2016) regret=0.039540 ape=0.5530
[15:02:06] warmStart 64% (1298/2016) regret=0.039540 ape=0.5530
[15:02:06] warmStart 64% (1299/2016) regret=0.039540 ape=0.5530
[15:02:07] warmStart 64% (1300/2016) regret=0.039540 ape=0.5530
[15:02:07] warmStart 64% (1301/2016) regret=0.039540 ape=0.5530
[15:02:07] warmStart 64% (1302/2016) regret=0.039540 ape=0.5530
[15:02:07] warmStart 64% (1303/2016) regret=0.039540 ape=0.5530
[15:02:07] warmStart 64% (1304/2016) regret=0.039540 ape=0.5530
[15:02:07] warmStart 64% (1305/2016) regret=0.039494 ape=0.5521
[15:02:08] warmStart 64% (1306/2016) regret=0.039494 ape=0.5521
[15:02:08] warmStart 64% (1307/2016) regret=0.039494 ape=0.5521
[15:02:08] warmStart 64% (1308/2016) regret=0.039983 ape=0.5521
[15:02:08] warmStart 64% (1309/2016) regret=0.039236 ape=0.5521
[15:02:08] warmStart 64% (1310/2016) regret=0.039236 ape=0.5521
[15:02:09] warmStart 65% (1311/2016) regret=0.039236 ape=0.5521
[15:02:09] warmStart 65% (1312/2016) regret=0.039236 ape=0.5521
[15:02:09] warmStart 65% (1313/2016) regret=0.039246 ape=0.5521
[15:02:09] warmStart 65% (1314/2016) regret=0.039153 ape=0.5521
[15:02:09] warmStart 65% (1315/2016) regret=0.039153 ape=0.5521
[15:02:09] warmStart 65% (1316/2016) regret=0.039153 ape=0.5521
[15:02:10] warmStart 65% (1317/2016) regret=0.039153 ape=0.5521
[15:02:10] warmStart 65% (1318/2016) regret=0.039253 ape=0.5521
[15:02:10] warmStart 65% (1319/2016) regret=0.039253 ape=0.5521
[15:02:10] warmStart 65% (1320/2016) regret=0.039253 ape=0.5521
[15:02:10] warmStart 65% (1321/2016) regret=0.039253 ape=0.5521
[15:02:11] warmStart 65% (1322/2016) regret=0.039253 ape=0.5521
[15:02:11] warmStart 65% (1323/2016) regret=0.039253 ape=0.5521
[15:02:11] warmStart 65% (1324/2016) regret=0.039286 ape=0.5521
[15:02:11] warmStart 65% (1325/2016) regret=0.039237 ape=0.5521
[15:02:11] warmStart 65% (1326/2016) regret=0.039270 ape=0.5521
[15:02:12] warmStart 65% (1327/2016) regret=0.039253 ape=0.5521
[15:02:12] warmStart 65% (1328/2016) regret=0.039253 ape=0.5521
[15:02:12] warmStart 65% (1329/2016) regret=0.039161 ape=0.5512
[15:02:12] warmStart 65% (1330/2016) regret=0.039161 ape=0.5512
[15:02:12] warmStart 66% (1331/2016) regret=0.039161 ape=0.5512
[15:02:12] warmStart 66% (1332/2016) regret=0.039063 ape=0.5512
[15:02:13] warmStart 66% (1333/2016) regret=0.039063 ape=0.5512
[15:02:13] warmStart 66% (1334/2016) regret=0.039063 ape=0.5512
[15:02:13] warmStart 66% (1335/2016) regret=0.039029 ape=0.5502
[15:02:13] warmStart 66% (1336/2016) regret=0.039029 ape=0.5502
[15:02:13] warmStart 66% (1337/2016) regret=0.039050 ape=0.5502
[15:02:13] warmStart 66% (1338/2016) regret=0.039050 ape=0.5502
[15:02:14] warmStart 66% (1339/2016) regret=0.039050 ape=0.5502
[15:02:14] warmStart 66% (1340/2016) regret=0.039152 ape=0.5502
[15:02:14] warmStart 66% (1341/2016) regret=0.039115 ape=0.5493
[15:02:14] warmStart 66% (1342/2016) regret=0.039152 ape=0.5502
[15:02:14] warmStart 66% (1343/2016) regret=0.039152 ape=0.5502
[15:02:15] warmStart 66% (1344/2016) regret=0.039035 ape=0.5502
[15:02:15] warmStart 66% (1345/2016) regret=0.039035 ape=0.5502
[15:02:15] warmStart 66% (1346/2016) regret=0.039044 ape=0.5512
[15:02:15] warmStart 66% (1347/2016) regret=0.039044 ape=0.5512
[15:02:15] warmStart 66% (1348/2016) regret=0.039044 ape=0.5512
[15:02:15] warmStart 66% (1349/2016) regret=0.039044 ape=0.5512
[15:02:16] warmStart 66% (1350/2016) regret=0.039044 ape=0.5512
[15:02:16] warmStart 67% (1351/2016) regret=0.039044 ape=0.5512
[15:02:16] warmStart 67% (1352/2016) regret=0.039044 ape=0.5512
[15:02:16] warmStart 67% (1353/2016) regret=0.039063 ape=0.5512
[15:02:17] warmStart 67% (1354/2016) regret=0.039095 ape=0.5512
[15:02:17] warmStart 67% (1355/2016) regret=0.039095 ape=0.5512
[15:02:17] warmStart 67% (1356/2016) regret=0.039095 ape=0.5512
[15:02:17] warmStart 67% (1357/2016) regret=0.039095 ape=0.5512
[15:02:17] warmStart 67% (1358/2016) regret=0.039095 ape=0.5512
[15:02:17] warmStart 67% (1359/2016) regret=0.039095 ape=0.5512
[15:02:17] warmStart 67% (1360/2016) regret=0.039095 ape=0.5512
[15:02:18] warmStart 67% (1361/2016) regret=0.038993 ape=0.5502
[15:02:18] warmStart 67% (1362/2016) regret=0.038993 ape=0.5502
[15:02:18] warmStart 67% (1363/2016) regret=0.038993 ape=0.5502
[15:02:18] warmStart 67% (1364/2016) regret=0.038993 ape=0.5502
[15:02:18] warmStart 67% (1365/2016) regret=0.038993 ape=0.5502
[15:02:18] warmStart 67% (1366/2016) regret=0.038993 ape=0.5502
[15:02:19] warmStart 67% (1367/2016) regret=0.038993 ape=0.5502
[15:02:19] warmStart 67% (1368/2016) regret=0.038993 ape=0.5502
[15:02:19] warmStart 67% (1369/2016) regret=0.039021 ape=0.5502
[15:02:19] warmStart 67% (1370/2016) regret=0.039021 ape=0.5502
[15:02:19] warmStart 68% (1371/2016) regret=0.039021 ape=0.5502
[15:02:19] warmStart 68% (1372/2016) regret=0.039021 ape=0.5502
[15:02:20] warmStart 68% (1373/2016) regret=0.039021 ape=0.5502
[15:02:20] warmStart 68% (1374/2016) regret=0.039021 ape=0.5502
[15:02:20] warmStart 68% (1375/2016) regret=0.039021 ape=0.5502
[15:02:20] warmStart 68% (1376/2016) regret=0.039021 ape=0.5502
[15:02:20] warmStart 68% (1377/2016) regret=0.039021 ape=0.5502
[15:02:20] warmStart 68% (1378/2016) regret=0.039021 ape=0.5502
[15:02:21] warmStart 68% (1379/2016) regret=0.039058 ape=0.5512
[15:02:21] warmStart 68% (1380/2016) regret=0.039058 ape=0.5512
[15:02:21] warmStart 68% (1381/2016) regret=0.039058 ape=0.5512
[15:02:21] warmStart 68% (1382/2016) regret=0.039058 ape=0.5512
[15:02:21] warmStart 68% (1383/2016) regret=0.039058 ape=0.5512
[15:02:21] warmStart 68% (1384/2016) regret=0.039058 ape=0.5512
[15:02:22] warmStart 68% (1385/2016) regret=0.039016 ape=0.5512
[15:02:22] warmStart 68% (1386/2016) regret=0.039016 ape=0.5512
[15:02:22] warmStart 68% (1387/2016) regret=0.039016 ape=0.5512
[15:02:22] warmStart 68% (1388/2016) regret=0.039016 ape=0.5512
[15:02:22] warmStart 68% (1389/2016) regret=0.039016 ape=0.5512
[15:02:22] warmStart 68% (1390/2016) regret=0.039020 ape=0.5512
[15:02:22] warmStart 68% (1391/2016) regret=0.039001 ape=0.5512
[15:02:22] warmStart 69% (1392/2016) regret=0.038983 ape=0.5512
[15:02:23] warmStart 69% (1393/2016) regret=0.038915 ape=0.5512
[15:02:23] warmStart 69% (1394/2016) regret=0.038650 ape=0.5502
[15:02:23] warmStart 69% (1395/2016) regret=0.038694 ape=0.5502
[15:02:23] warmStart 69% (1396/2016) regret=0.038694 ape=0.5502
[15:02:23] warmStart 69% (1397/2016) regret=0.038694 ape=0.5502
[15:02:23] warmStart 69% (1398/2016) regret=0.038694 ape=0.5502
[15:02:23] warmStart 69% (1399/2016) regret=0.038735 ape=0.5512
[15:02:24] warmStart 69% (1400/2016) regret=0.038652 ape=0.5512
[15:02:24] warmStart 69% (1401/2016) regret=0.038603 ape=0.5512
[15:02:24] warmStart 69% (1402/2016) regret=0.038589 ape=0.5512
[15:02:24] warmStart 69% (1403/2016) regret=0.038501 ape=0.5512
[15:02:24] warmStart 69% (1404/2016) regret=0.038621 ape=0.5512
[15:02:24] warmStart 69% (1405/2016) regret=0.038621 ape=0.5512
[15:02:24] warmStart 69% (1406/2016) regret=0.038354 ape=0.5502
[15:02:25] warmStart 69% (1407/2016) regret=0.038271 ape=0.5502
[15:02:25] warmStart 69% (1408/2016) regret=0.038257 ape=0.5502
[15:02:25] warmStart 69% (1409/2016) regret=0.038220 ape=0.5502
[15:02:25] warmStart 69% (1410/2016) regret=0.038132 ape=0.5493
[15:02:25] warmStart 69% (1411/2016) regret=0.037941 ape=0.5484
[15:02:25] warmStart 70% (1412/2016) regret=0.037924 ape=0.5484
[15:02:25] warmStart 70% (1413/2016) regret=0.037840 ape=0.5484
[15:02:26] warmStart 70% (1414/2016) regret=0.037840 ape=0.5475
[15:02:26] warmStart 70% (1415/2016) regret=0.037618 ape=0.5465
[15:02:26] warmStart 70% (1416/2016) regret=0.037711 ape=0.5465
[15:02:26] warmStart 70% (1417/2016) regret=0.037586 ape=0.5456
[15:02:26] warmStart 70% (1418/2016) regret=0.037669 ape=0.5465
[15:02:27] warmStart 70% (1419/2016) regret=0.037595 ape=0.5465
[15:02:27] warmStart 70% (1420/2016) regret=0.037595 ape=0.5465
[15:02:27] warmStart 70% (1421/2016) regret=0.037370 ape=0.5475
[15:02:27] warmStart 70% (1422/2016) regret=0.037370 ape=0.5475
[15:02:27] warmStart 70% (1423/2016) regret=0.037314 ape=0.5465
[15:02:28] warmStart 70% (1424/2016) regret=0.037314 ape=0.5465
[15:02:28] warmStart 70% (1425/2016) regret=0.036973 ape=0.5456
[15:02:28] warmStart 70% (1426/2016) regret=0.037049 ape=0.5456
[15:02:28] warmStart 70% (1427/2016) regret=0.037049 ape=0.5456
[15:02:28] warmStart 70% (1428/2016) regret=0.036741 ape=0.5447
[15:02:28] warmStart 70% (1429/2016) regret=0.036439 ape=0.5438
[15:02:29] warmStart 70% (1430/2016) regret=0.036439 ape=0.5438
[15:02:29] warmStart 70% (1431/2016) regret=0.036439 ape=0.5438
[15:02:29] warmStart 71% (1432/2016) regret=0.036439 ape=0.5438
[15:02:29] warmStart 71% (1433/2016) regret=0.036439 ape=0.5438
[15:02:29] warmStart 71% (1434/2016) regret=0.036043 ape=0.5429
[15:02:30] warmStart 71% (1435/2016) regret=0.035960 ape=0.5429
[15:02:30] warmStart 71% (1436/2016) regret=0.035960 ape=0.5429
[15:02:30] warmStart 71% (1437/2016) regret=0.035960 ape=0.5429
[15:02:30] warmStart 71% (1438/2016) regret=0.035933 ape=0.5429
[15:02:30] warmStart 71% (1439/2016) regret=0.035803 ape=0.5429
[15:02:31] warmStart 71% (1440/2016) regret=0.035803 ape=0.5429
[15:02:31] warmStart 71% (1441/2016) regret=0.035741 ape=0.5429
[15:02:31] warmStart 71% (1442/2016) regret=0.035741 ape=0.5429
[15:02:31] warmStart 71% (1443/2016) regret=0.035741 ape=0.5429
[15:02:31] warmStart 71% (1444/2016) regret=0.035741 ape=0.5429
[15:02:31] warmStart 71% (1445/2016) regret=0.035455 ape=0.5419
[15:02:32] warmStart 71% (1446/2016) regret=0.035326 ape=0.5419
[15:02:32] warmStart 71% (1447/2016) regret=0.035326 ape=0.5419
[15:02:32] warmStart 71% (1448/2016) regret=0.035326 ape=0.5419
[15:02:32] warmStart 71% (1449/2016) regret=0.035326 ape=0.5419
[15:02:32] warmStart 71% (1450/2016) regret=0.035326 ape=0.5419
[15:02:32] warmStart 71% (1451/2016) regret=0.035326 ape=0.5419
[15:02:33] warmStart 72% (1452/2016) regret=0.035326 ape=0.5419
[15:02:33] warmStart 72% (1453/2016) regret=0.035326 ape=0.5419
[15:02:33] warmStart 72% (1454/2016) regret=0.035326 ape=0.5419
[15:02:33] warmStart 72% (1455/2016) regret=0.035326 ape=0.5419
[15:02:33] warmStart 72% (1456/2016) regret=0.035326 ape=0.5419
[15:02:34] warmStart 72% (1457/2016) regret=0.035326 ape=0.5419
[15:02:34] warmStart 72% (1458/2016) regret=0.035326 ape=0.5419
[15:02:34] warmStart 72% (1459/2016) regret=0.035338 ape=0.5419
[15:02:34] warmStart 72% (1460/2016) regret=0.035338 ape=0.5419
[15:02:34] warmStart 72% (1461/2016) regret=0.035338 ape=0.5419
[15:02:34] warmStart 72% (1462/2016) regret=0.035338 ape=0.5419
[15:02:35] warmStart 72% (1463/2016) regret=0.035338 ape=0.5419
[15:02:35] warmStart 72% (1464/2016) regret=0.035338 ape=0.5419
[15:02:35] warmStart 72% (1465/2016) regret=0.035338 ape=0.5419
[15:02:35] warmStart 72% (1466/2016) regret=0.035338 ape=0.5419
[15:02:35] warmStart 72% (1467/2016) regret=0.035338 ape=0.5419
[15:02:36] warmStart 72% (1468/2016) regret=0.035338 ape=0.5419
[15:02:36] warmStart 72% (1469/2016) regret=0.035338 ape=0.5419
[15:02:36] warmStart 72% (1470/2016) regret=0.035338 ape=0.5419
[15:02:36] warmStart 72% (1471/2016) regret=0.035338 ape=0.5419
[15:02:36] warmStart 73% (1472/2016) regret=0.035338 ape=0.5419
[15:02:36] warmStart 73% (1473/2016) regret=0.035338 ape=0.5419
[15:02:37] warmStart 73% (1474/2016) regret=0.035338 ape=0.5419
[15:02:37] warmStart 73% (1475/2016) regret=0.035338 ape=0.5419
[15:02:37] warmStart 73% (1476/2016) regret=0.035338 ape=0.5419
[15:02:37] warmStart 73% (1477/2016) regret=0.035338 ape=0.5419
[15:02:37] warmStart 73% (1478/2016) regret=0.035338 ape=0.5419
[15:02:38] warmStart 73% (1479/2016) regret=0.035338 ape=0.5419
[15:02:38] warmStart 73% (1480/2016) regret=0.035338 ape=0.5419
[15:02:38] warmStart 73% (1481/2016) regret=0.035338 ape=0.5419
[15:02:38] warmStart 73% (1482/2016) regret=0.035338 ape=0.5419
[15:02:38] warmStart 73% (1483/2016) regret=0.035338 ape=0.5419
[15:02:38] warmStart 73% (1484/2016) regret=0.035338 ape=0.5419
[15:02:39] warmStart 73% (1485/2016) regret=0.035338 ape=0.5419
[15:02:39] warmStart 73% (1486/2016) regret=0.035338 ape=0.5419
[15:02:39] warmStart 73% (1487/2016) regret=0.035338 ape=0.5419
[15:02:39] warmStart 73% (1488/2016) regret=0.035338 ape=0.5419
[15:02:39] warmStart 73% (1489/2016) regret=0.035338 ape=0.5419
[15:02:40] warmStart 73% (1490/2016) regret=0.035338 ape=0.5419
[15:02:40] warmStart 73% (1491/2016) regret=0.035338 ape=0.5419
[15:02:40] warmStart 74% (1492/2016) regret=0.035338 ape=0.5419
[15:02:40] warmStart 74% (1493/2016) regret=0.035338 ape=0.5419
[15:02:40] warmStart 74% (1494/2016) regret=0.035338 ape=0.5419
[15:02:40] warmStart 74% (1495/2016) regret=0.035338 ape=0.5419
[15:02:41] warmStart 74% (1496/2016) regret=0.035338 ape=0.5419
[15:02:41] warmStart 74% (1497/2016) regret=0.035338 ape=0.5419
[15:02:41] warmStart 74% (1498/2016) regret=0.035338 ape=0.5419
[15:02:41] warmStart 74% (1499/2016) regret=0.035338 ape=0.5419
[15:02:41] warmStart 74% (1500/2016) regret=0.035338 ape=0.5419
[15:02:41] warmStart 74% (1501/2016) regret=0.035338 ape=0.5419
[15:02:42] warmStart 74% (1502/2016) regret=0.035338 ape=0.5419
[15:02:42] warmStart 74% (1503/2016) regret=0.035338 ape=0.5419
[15:02:42] warmStart 74% (1504/2016) regret=0.035366 ape=0.5419
[15:02:42] warmStart 74% (1505/2016) regret=0.035366 ape=0.5419
[15:02:42] warmStart 74% (1506/2016) regret=0.035377 ape=0.5429
[15:02:43] warmStart 74% (1507/2016) regret=0.035377 ape=0.5429
[15:02:43] warmStart 74% (1508/2016) regret=0.035377 ape=0.5429
[15:02:43] warmStart 74% (1509/2016) regret=0.035377 ape=0.5429
[15:02:43] warmStart 74% (1510/2016) regret=0.035377 ape=0.5429
[15:02:43] warmStart 74% (1511/2016) regret=0.035377 ape=0.5429
[15:02:44] warmStart 75% (1512/2016) regret=0.035377 ape=0.5429
[15:02:44] warmStart 75% (1513/2016) regret=0.035377 ape=0.5429
[15:02:44] warmStart 75% (1514/2016) regret=0.035377 ape=0.5429
[15:02:44] warmStart 75% (1515/2016) regret=0.035377 ape=0.5429
[15:02:44] warmStart 75% (1516/2016) regret=0.035377 ape=0.5429
[15:02:45] warmStart 75% (1517/2016) regret=0.035359 ape=0.5429
[15:02:45] warmStart 75% (1518/2016) regret=0.035359 ape=0.5429
[15:02:45] warmStart 75% (1519/2016) regret=0.035377 ape=0.5438
[15:02:45] warmStart 75% (1520/2016) regret=0.035377 ape=0.5438
[15:02:45] warmStart 75% (1521/2016) regret=0.035377 ape=0.5438
[15:02:46] warmStart 75% (1522/2016) regret=0.035371 ape=0.5438
[15:02:46] warmStart 75% (1523/2016) regret=0.035377 ape=0.5438
[15:02:46] warmStart 75% (1524/2016) regret=0.035608 ape=0.5447
[15:02:46] warmStart 75% (1525/2016) regret=0.035550 ape=0.5438
[15:02:46] warmStart 75% (1526/2016) regret=0.035602 ape=0.5447
[15:02:46] warmStart 75% (1527/2016) regret=0.035602 ape=0.5447
[15:02:47] warmStart 75% (1528/2016) regret=0.035602 ape=0.5447
[15:02:47] warmStart 75% (1529/2016) regret=0.035602 ape=0.5447
[15:02:47] warmStart 75% (1530/2016) regret=0.035577 ape=0.5447
[15:02:47] warmStart 75% (1531/2016) regret=0.035647 ape=0.5447
[15:02:48] warmStart 75% (1532/2016) regret=0.035564 ape=0.5447
[15:02:48] warmStart 76% (1533/2016) regret=0.035620 ape=0.5456
[15:02:48] warmStart 76% (1534/2016) regret=0.035472 ape=0.5438
[15:02:48] warmStart 76% (1535/2016) regret=0.035355 ape=0.5429
[15:02:48] warmStart 76% (1536/2016) regret=0.035355 ape=0.5429
[15:02:48] warmStart 76% (1537/2016) regret=0.035355 ape=0.5429
[15:02:49] warmStart 76% (1538/2016) regret=0.035355 ape=0.5429
[15:02:49] warmStart 76% (1539/2016) regret=0.035134 ape=0.5419
[15:02:49] warmStart 76% (1540/2016) regret=0.035134 ape=0.5419
[15:02:49] warmStart 76% (1541/2016) regret=0.035103 ape=0.5419
[15:02:49] warmStart 76% (1542/2016) regret=0.035131 ape=0.5419
[15:02:50] warmStart 76% (1543/2016) regret=0.035302 ape=0.5429
[15:02:50] warmStart 76% (1544/2016) regret=0.035302 ape=0.5429
[15:02:50] warmStart 76% (1545/2016) regret=0.035344 ape=0.5429
[15:02:50] warmStart 76% (1546/2016) regret=0.035361 ape=0.5429
[15:02:50] warmStart 76% (1547/2016) regret=0.035361 ape=0.5429
[15:02:50] warmStart 76% (1548/2016) regret=0.035361 ape=0.5429
[15:02:51] warmStart 76% (1549/2016) regret=0.035361 ape=0.5429
[15:02:51] warmStart 76% (1550/2016) regret=0.035361 ape=0.5429
[15:02:51] warmStart 76% (1551/2016) regret=0.035361 ape=0.5429
[15:02:51] warmStart 76% (1552/2016) regret=0.035361 ape=0.5429
[15:02:51] warmStart 77% (1553/2016) regret=0.035268 ape=0.5429
[15:02:52] warmStart 77% (1554/2016) regret=0.035232 ape=0.5429
[15:02:52] warmStart 77% (1555/2016) regret=0.035213 ape=0.5419
[15:02:52] warmStart 77% (1556/2016) regret=0.035213 ape=0.5419
[15:02:52] warmStart 77% (1557/2016) regret=0.035213 ape=0.5419
[15:02:52] warmStart 77% (1558/2016) regret=0.035213 ape=0.5419
[15:02:52] warmStart 77% (1559/2016) regret=0.035038 ape=0.5410
[15:02:53] warmStart 77% (1560/2016) regret=0.035038 ape=0.5410
[15:02:53] warmStart 77% (1561/2016) regret=0.035038 ape=0.5410
[15:02:53] warmStart 77% (1562/2016) regret=0.034983 ape=0.5401
[15:02:53] warmStart 77% (1563/2016) regret=0.034983 ape=0.5401
[15:02:53] warmStart 77% (1564/2016) regret=0.035093 ape=0.5401
[15:02:54] warmStart 77% (1565/2016) regret=0.035365 ape=0.5401
[15:02:54] warmStart 77% (1566/2016) regret=0.034983 ape=0.5401
[15:02:54] warmStart 77% (1567/2016) regret=0.034983 ape=0.5401
[15:02:54] warmStart 77% (1568/2016) regret=0.034992 ape=0.5401
[15:02:54] warmStart 77% (1569/2016) regret=0.034835 ape=0.5401
[15:02:55] warmStart 77% (1570/2016) regret=0.034955 ape=0.5401
[15:02:55] warmStart 77% (1571/2016) regret=0.034772 ape=0.5401
[15:02:55] warmStart 77% (1572/2016) regret=0.034825 ape=0.5401
[15:02:55] warmStart 78% (1573/2016) regret=0.034772 ape=0.5401
[15:02:55] warmStart 78% (1574/2016) regret=0.034760 ape=0.5401
[15:02:55] warmStart 78% (1575/2016) regret=0.034760 ape=0.5401
[15:02:56] warmStart 78% (1576/2016) regret=0.034539 ape=0.5392
[15:02:56] warmStart 78% (1577/2016) regret=0.034539 ape=0.5392
[15:02:56] warmStart 78% (1578/2016) regret=0.034539 ape=0.5392
[15:02:56] warmStart 78% (1579/2016) regret=0.034456 ape=0.5382
[15:02:56] warmStart 78% (1580/2016) regret=0.034442 ape=0.5373
[15:02:57] warmStart 78% (1581/2016) regret=0.034442 ape=0.5373
[15:02:57] warmStart 78% (1582/2016) regret=0.034497 ape=0.5382
[15:02:57] warmStart 78% (1583/2016) regret=0.034500 ape=0.5382
[15:02:57] warmStart 78% (1584/2016) regret=0.034639 ape=0.5382
[15:02:57] warmStart 78% (1585/2016) regret=0.034482 ape=0.5373
[15:02:58] warmStart 78% (1586/2016) regret=0.034480 ape=0.5364
[15:02:58] warmStart 78% (1587/2016) regret=0.034461 ape=0.5364
[15:02:58] warmStart 78% (1588/2016) regret=0.034292 ape=0.5355
[15:02:58] warmStart 78% (1589/2016) regret=0.034292 ape=0.5355
[15:02:58] warmStart 78% (1590/2016) regret=0.034283 ape=0.5346
[15:02:59] warmStart 78% (1591/2016) regret=0.034283 ape=0.5346
[15:02:59] warmStart 78% (1592/2016) regret=0.034283 ape=0.5346
[15:02:59] warmStart 79% (1593/2016) regret=0.034521 ape=0.5346
[15:02:59] warmStart 79% (1594/2016) regret=0.034258 ape=0.5336
[15:02:59] warmStart 79% (1595/2016) regret=0.034198 ape=0.5336
[15:02:59] warmStart 79% (1596/2016) regret=0.034181 ape=0.5336
[15:03:00] warmStart 79% (1597/2016) regret=0.034206 ape=0.5336
[15:03:00] warmStart 79% (1598/2016) regret=0.034206 ape=0.5336
[15:03:00] warmStart 79% (1599/2016) regret=0.034206 ape=0.5336
[15:03:00] warmStart 79% (1600/2016) regret=0.034206 ape=0.5336
[15:03:00] warmStart 79% (1601/2016) regret=0.034206 ape=0.5336
[15:03:01] warmStart 79% (1602/2016) regret=0.034104 ape=0.5336
[15:03:01] warmStart 79% (1603/2016) regret=0.034078 ape=0.5327
[15:03:01] warmStart 79% (1604/2016) regret=0.034078 ape=0.5327
[15:03:01] warmStart 79% (1605/2016) regret=0.034180 ape=0.5327
[15:03:01] warmStart 79% (1606/2016) regret=0.034092 ape=0.5327
[15:03:02] warmStart 79% (1607/2016) regret=0.034051 ape=0.5327
[15:03:02] warmStart 79% (1608/2016) regret=0.034296 ape=0.5327
[15:03:02] warmStart 79% (1609/2016) regret=0.034036 ape=0.5318
[15:03:02] warmStart 79% (1610/2016) regret=0.034036 ape=0.5318
[15:03:02] warmStart 79% (1611/2016) regret=0.034036 ape=0.5318
[15:03:03] warmStart 79% (1612/2016) regret=0.034036 ape=0.5318
[15:03:03] warmStart 80% (1613/2016) regret=0.034036 ape=0.5318
[15:03:03] warmStart 80% (1614/2016) regret=0.034036 ape=0.5318
[15:03:03] warmStart 80% (1615/2016) regret=0.034036 ape=0.5318
[15:03:04] warmStart 80% (1616/2016) regret=0.034036 ape=0.5318
[15:03:04] warmStart 80% (1617/2016) regret=0.034036 ape=0.5318
[15:03:04] warmStart 80% (1618/2016) regret=0.034036 ape=0.5318
[15:03:04] warmStart 80% (1619/2016) regret=0.034026 ape=0.5309
[15:03:04] warmStart 80% (1620/2016) regret=0.034026 ape=0.5309
[15:03:05] warmStart 80% (1621/2016) regret=0.034026 ape=0.5309
[15:03:05] warmStart 80% (1622/2016) regret=0.034026 ape=0.5309
[15:03:05] warmStart 80% (1623/2016) regret=0.034026 ape=0.5309
[15:03:05] warmStart 80% (1624/2016) regret=0.034026 ape=0.5309
[15:03:05] warmStart 80% (1625/2016) regret=0.034026 ape=0.5309
[15:03:06] warmStart 80% (1626/2016) regret=0.034026 ape=0.5309
[15:03:06] warmStart 80% (1627/2016) regret=0.034026 ape=0.5309
[15:03:06] warmStart 80% (1628/2016) regret=0.034026 ape=0.5309
[15:03:06] warmStart 80% (1629/2016) regret=0.034026 ape=0.5309
[15:03:06] warmStart 80% (1630/2016) regret=0.034026 ape=0.5309
[15:03:07] warmStart 80% (1631/2016) regret=0.034026 ape=0.5309
[15:03:07] warmStart 80% (1632/2016) regret=0.034026 ape=0.5309
[15:03:07] warmStart 81% (1633/2016) regret=0.034026 ape=0.5309
[15:03:07] warmStart 81% (1634/2016) regret=0.034026 ape=0.5309
[15:03:08] warmStart 81% (1635/2016) regret=0.034026 ape=0.5309
[15:03:08] warmStart 81% (1636/2016) regret=0.034026 ape=0.5309
[15:03:08] warmStart 81% (1637/2016) regret=0.034026 ape=0.5309
[15:03:08] warmStart 81% (1638/2016) regret=0.034026 ape=0.5309
[15:03:08] warmStart 81% (1639/2016) regret=0.034031 ape=0.5309
[15:03:09] warmStart 81% (1640/2016) regret=0.033924 ape=0.5300
[15:03:09] warmStart 81% (1641/2016) regret=0.033924 ape=0.5300
[15:03:09] warmStart 81% (1642/2016) regret=0.033919 ape=0.5290
[15:03:09] warmStart 81% (1643/2016) regret=0.033919 ape=0.5290
[15:03:09] warmStart 81% (1644/2016) regret=0.033919 ape=0.5290
[15:03:10] warmStart 81% (1645/2016) regret=0.033919 ape=0.5290
[15:03:10] warmStart 81% (1646/2016) regret=0.033919 ape=0.5290
[15:03:10] warmStart 81% (1647/2016) regret=0.033919 ape=0.5290
[15:03:10] warmStart 81% (1648/2016) regret=0.033919 ape=0.5290
[15:03:10] warmStart 81% (1649/2016) regret=0.033919 ape=0.5290
[15:03:11] warmStart 81% (1650/2016) regret=0.033919 ape=0.5290
[15:03:11] warmStart 81% (1651/2016) regret=0.033919 ape=0.5290
[15:03:11] warmStart 81% (1652/2016) regret=0.033919 ape=0.5290
[15:03:11] warmStart 81% (1653/2016) regret=0.033919 ape=0.5290
[15:03:11] warmStart 82% (1654/2016) regret=0.033919 ape=0.5290
[15:03:12] warmStart 82% (1655/2016) regret=0.033919 ape=0.5290
[15:03:12] warmStart 82% (1656/2016) regret=0.033919 ape=0.5290
[15:03:12] warmStart 82% (1657/2016) regret=0.033919 ape=0.5290
[15:03:12] warmStart 82% (1658/2016) regret=0.033919 ape=0.5290
[15:03:12] warmStart 82% (1659/2016) regret=0.033919 ape=0.5290
[15:03:13] warmStart 82% (1660/2016) regret=0.033919 ape=0.5290
[15:03:13] warmStart 82% (1661/2016) regret=0.033919 ape=0.5290
[15:03:13] warmStart 82% (1662/2016) regret=0.033919 ape=0.5290
[15:03:13] warmStart 82% (1663/2016) regret=0.033919 ape=0.5290
[15:03:13] warmStart 82% (1664/2016) regret=0.033919 ape=0.5290
[15:03:14] warmStart 82% (1665/2016) regret=0.033919 ape=0.5290
[15:03:14] warmStart 82% (1666/2016) regret=0.033919 ape=0.5290
[15:03:14] warmStart 82% (1667/2016) regret=0.033919 ape=0.5290
[15:03:14] warmStart 82% (1668/2016) regret=0.033919 ape=0.5290
[15:03:14] warmStart 82% (1669/2016) regret=0.033919 ape=0.5290
[15:03:15] warmStart 82% (1670/2016) regret=0.033919 ape=0.5290
[15:03:15] warmStart 82% (1671/2016) regret=0.033919 ape=0.5290
[15:03:15] warmStart 82% (1672/2016) regret=0.033919 ape=0.5290
[15:03:15] warmStart 82% (1673/2016) regret=0.033919 ape=0.5290
[15:03:15] warmStart 83% (1674/2016) regret=0.033919 ape=0.5290
[15:03:16] warmStart 83% (1675/2016) regret=0.033919 ape=0.5290
[15:03:16] warmStart 83% (1676/2016) regret=0.033919 ape=0.5290
[15:03:16] warmStart 83% (1677/2016) regret=0.033919 ape=0.5290
[15:03:16] warmStart 83% (1678/2016) regret=0.033919 ape=0.5290
[15:03:16] warmStart 83% (1679/2016) regret=0.033919 ape=0.5290
[15:03:17] warmStart 83% (1680/2016) regret=0.033919 ape=0.5290
[15:03:17] warmStart 83% (1681/2016) regret=0.033919 ape=0.5290
[15:03:17] warmStart 83% (1682/2016) regret=0.033919 ape=0.5290
[15:03:17] warmStart 83% (1683/2016) regret=0.033919 ape=0.5290
[15:03:17] warmStart 83% (1684/2016) regret=0.033919 ape=0.5290
[15:03:18] warmStart 83% (1685/2016) regret=0.033919 ape=0.5290
[15:03:18] warmStart 83% (1686/2016) regret=0.033919 ape=0.5290
[15:03:18] warmStart 83% (1687/2016) regret=0.033919 ape=0.5290
[15:03:18] warmStart 83% (1688/2016) regret=0.033919 ape=0.5290
[15:03:18] warmStart 83% (1689/2016) regret=0.033919 ape=0.5290
[15:03:19] warmStart 83% (1690/2016) regret=0.033919 ape=0.5290
[15:03:19] warmStart 83% (1691/2016) regret=0.033924 ape=0.5290
[15:03:19] warmStart 83% (1692/2016) regret=0.033924 ape=0.5290
[15:03:19] warmStart 83% (1693/2016) regret=0.033924 ape=0.5290
[15:03:19] warmStart 84% (1694/2016) regret=0.033924 ape=0.5290
[15:03:20] warmStart 84% (1695/2016) regret=0.033924 ape=0.5290
[15:03:20] warmStart 84% (1696/2016) regret=0.033904 ape=0.5290
[15:03:20] warmStart 84% (1697/2016) regret=0.033904 ape=0.5290
[15:03:20] warmStart 84% (1698/2016) regret=0.034056 ape=0.5290
[15:03:20] warmStart 84% (1699/2016) regret=0.033904 ape=0.5290
[15:03:21] warmStart 84% (1700/2016) regret=0.033904 ape=0.5290
[15:03:21] warmStart 84% (1701/2016) regret=0.033867 ape=0.5290
[15:03:21] warmStart 84% (1702/2016) regret=0.033885 ape=0.5290
[15:03:21] warmStart 84% (1703/2016) regret=0.033885 ape=0.5290
[15:03:21] warmStart 84% (1704/2016) regret=0.033885 ape=0.5290
[15:03:22] warmStart 84% (1705/2016) regret=0.033885 ape=0.5290
[15:03:22] warmStart 84% (1706/2016) regret=0.033885 ape=0.5290
[15:03:22] warmStart 84% (1707/2016) regret=0.033846 ape=0.5281
[15:03:22] warmStart 84% (1708/2016) regret=0.033846 ape=0.5281
[15:03:23] warmStart 84% (1709/2016) regret=0.033813 ape=0.5281
[15:03:23] warmStart 84% (1710/2016) regret=0.033813 ape=0.5281
[15:03:23] warmStart 84% (1711/2016) regret=0.033813 ape=0.5281
[15:03:23] warmStart 84% (1712/2016) regret=0.033813 ape=0.5281
[15:03:23] warmStart 84% (1713/2016) regret=0.033813 ape=0.5281
[15:03:24] warmStart 85% (1714/2016) regret=0.033813 ape=0.5281
[15:03:24] warmStart 85% (1715/2016) regret=0.033813 ape=0.5281
[15:03:24] warmStart 85% (1716/2016) regret=0.033813 ape=0.5281
[15:03:24] warmStart 85% (1717/2016) regret=0.033813 ape=0.5281
[15:03:24] warmStart 85% (1718/2016) regret=0.033887 ape=0.5281
[15:03:24] warmStart 85% (1719/2016) regret=0.033887 ape=0.5281
[15:03:25] warmStart 85% (1720/2016) regret=0.033804 ape=0.5272
[15:03:25] warmStart 85% (1721/2016) regret=0.033804 ape=0.5272
[15:03:25] warmStart 85% (1722/2016) regret=0.033804 ape=0.5272
[15:03:25] warmStart 85% (1723/2016) regret=0.033804 ape=0.5272
[15:03:25] warmStart 85% (1724/2016) regret=0.033804 ape=0.5272
[15:03:26] warmStart 85% (1725/2016) regret=0.033804 ape=0.5272
[15:03:26] warmStart 85% (1726/2016) regret=0.033804 ape=0.5272
[15:03:26] warmStart 85% (1727/2016) regret=0.033804 ape=0.5272
[15:03:26] warmStart 85% (1728/2016) regret=0.033804 ape=0.5272
[15:03:26] warmStart 85% (1729/2016) regret=0.033804 ape=0.5272
[15:03:27] warmStart 85% (1730/2016) regret=0.033804 ape=0.5272
[15:03:27] warmStart 85% (1731/2016) regret=0.033804 ape=0.5272
[15:03:27] warmStart 85% (1732/2016) regret=0.033804 ape=0.5272
[15:03:27] warmStart 85% (1733/2016) regret=0.033804 ape=0.5272
[15:03:28] warmStart 86% (1734/2016) regret=0.033804 ape=0.5272
[15:03:28] warmStart 86% (1735/2016) regret=0.033804 ape=0.5272
[15:03:28] warmStart 86% (1736/2016) regret=0.033804 ape=0.5272
[15:03:28] warmStart 86% (1737/2016) regret=0.033804 ape=0.5272
[15:03:28] warmStart 86% (1738/2016) regret=0.033804 ape=0.5272
[15:03:29] warmStart 86% (1739/2016) regret=0.033900 ape=0.5281
[15:03:29] warmStart 86% (1740/2016) regret=0.033900 ape=0.5281
[15:03:29] warmStart 86% (1741/2016) regret=0.033900 ape=0.5281
[15:03:29] warmStart 86% (1742/2016) regret=0.033900 ape=0.5281
[15:03:29] warmStart 86% (1743/2016) regret=0.033937 ape=0.5281
[15:03:30] warmStart 86% (1744/2016) regret=0.033937 ape=0.5281
[15:03:30] warmStart 86% (1745/2016) regret=0.033937 ape=0.5281
[15:03:30] warmStart 86% (1746/2016) regret=0.033937 ape=0.5281
[15:03:30] warmStart 86% (1747/2016) regret=0.033937 ape=0.5281
[15:03:30] warmStart 86% (1748/2016) regret=0.033937 ape=0.5281
[15:03:31] warmStart 86% (1749/2016) regret=0.033937 ape=0.5281
[15:03:31] warmStart 86% (1750/2016) regret=0.034002 ape=0.5281
[15:03:31] warmStart 86% (1751/2016) regret=0.033827 ape=0.5272
[15:03:31] warmStart 86% (1752/2016) regret=0.033827 ape=0.5272
[15:03:32] warmStart 86% (1753/2016) regret=0.033827 ape=0.5272
[15:03:32] warmStart 87% (1754/2016) regret=0.033759 ape=0.5263
[15:03:32] warmStart 87% (1755/2016) regret=0.033827 ape=0.5272
[15:03:32] warmStart 87% (1756/2016) regret=0.033827 ape=0.5272
[15:03:32] warmStart 87% (1757/2016) regret=0.033827 ape=0.5272
[15:03:33] warmStart 87% (1758/2016) regret=0.033827 ape=0.5272
[15:03:33] warmStart 87% (1759/2016) regret=0.033827 ape=0.5272
[15:03:33] warmStart 87% (1760/2016) regret=0.033827 ape=0.5272
[15:03:33] warmStart 87% (1761/2016) regret=0.033827 ape=0.5272
[15:03:33] warmStart 87% (1762/2016) regret=0.033900 ape=0.5281
[15:03:34] warmStart 87% (1763/2016) regret=0.033900 ape=0.5281
[15:03:34] warmStart 87% (1764/2016) regret=0.033900 ape=0.5281
[15:03:34] warmStart 87% (1765/2016) regret=0.033863 ape=0.5281
[15:03:34] warmStart 87% (1766/2016) regret=0.034038 ape=0.5272
[15:03:34] warmStart 87% (1767/2016) regret=0.033784 ape=0.5272
[15:03:35] warmStart 87% (1768/2016) regret=0.033784 ape=0.5272
[15:03:35] warmStart 87% (1769/2016) regret=0.033755 ape=0.5263
[15:03:35] warmStart 87% (1770/2016) regret=0.033755 ape=0.5263
[15:03:35] warmStart 87% (1771/2016) regret=0.033755 ape=0.5263
[15:03:36] warmStart 87% (1772/2016) regret=0.033755 ape=0.5263
[15:03:36] warmStart 87% (1773/2016) regret=0.033654 ape=0.5263
[15:03:36] warmStart 87% (1774/2016) regret=0.033755 ape=0.5263
[15:03:36] warmStart 88% (1775/2016) regret=0.033663 ape=0.5263
[15:03:36] warmStart 88% (1776/2016) regret=0.033663 ape=0.5263
[15:03:36] warmStart 88% (1777/2016) regret=0.033663 ape=0.5263
[15:03:37] warmStart 88% (1778/2016) regret=0.033704 ape=0.5263
[15:03:37] warmStart 88% (1779/2016) regret=0.033476 ape=0.5253
[15:03:37] warmStart 88% (1780/2016) regret=0.033273 ape=0.5253
[15:03:37] warmStart 88% (1781/2016) regret=0.033273 ape=0.5253
[15:03:37] warmStart 88% (1782/2016) regret=0.033337 ape=0.5253
[15:03:38] warmStart 88% (1783/2016) regret=0.033476 ape=0.5253
[15:03:38] warmStart 88% (1784/2016) regret=0.033476 ape=0.5253
[15:03:38] warmStart 88% (1785/2016) regret=0.033494 ape=0.5253
[15:03:38] warmStart 88% (1786/2016) regret=0.033480 ape=0.5253
[15:03:39] warmStart 88% (1787/2016) regret=0.033489 ape=0.5253
[15:03:39] warmStart 88% (1788/2016) regret=0.033449 ape=0.5244
[15:03:39] warmStart 88% (1789/2016) regret=0.033582 ape=0.5253
[15:03:39] warmStart 88% (1790/2016) regret=0.033669 ape=0.5263
[15:03:39] warmStart 88% (1791/2016) regret=0.033669 ape=0.5263
[15:03:40] warmStart 88% (1792/2016) regret=0.033347 ape=0.5253
[15:03:40] warmStart 88% (1793/2016) regret=0.032987 ape=0.5235
[15:03:40] warmStart 88% (1794/2016) regret=0.033052 ape=0.5244
[15:03:40] warmStart 89% (1795/2016) regret=0.033038 ape=0.5244
[15:03:40] warmStart 89% (1796/2016) regret=0.033038 ape=0.5244
[15:03:41] warmStart 89% (1797/2016) regret=0.033038 ape=0.5244
[15:03:41] warmStart 89% (1798/2016) regret=0.033038 ape=0.5244
[15:03:41] warmStart 89% (1799/2016) regret=0.033038 ape=0.5244
[15:03:41] warmStart 89% (1800/2016) regret=0.033038 ape=0.5244
[15:03:41] warmStart 89% (1801/2016) regret=0.033038 ape=0.5244
[15:03:42] warmStart 89% (1802/2016) regret=0.033038 ape=0.5244
[15:03:42] warmStart 89% (1803/2016) regret=0.033038 ape=0.5244
[15:03:42] warmStart 89% (1804/2016) regret=0.033038 ape=0.5244
[15:03:42] warmStart 89% (1805/2016) regret=0.033038 ape=0.5244
[15:03:42] warmStart 89% (1806/2016) regret=0.033038 ape=0.5244
[15:03:43] warmStart 89% (1807/2016) regret=0.033038 ape=0.5244
[15:03:43] warmStart 89% (1808/2016) regret=0.033038 ape=0.5244
[15:03:43] warmStart 89% (1809/2016) regret=0.033038 ape=0.5244
[15:03:43] warmStart 89% (1810/2016) regret=0.033038 ape=0.5244
[15:03:43] warmStart 89% (1811/2016) regret=0.033038 ape=0.5244
[15:03:44] warmStart 89% (1812/2016) regret=0.033038 ape=0.5244
[15:03:44] warmStart 89% (1813/2016) regret=0.033038 ape=0.5244
[15:03:44] warmStart 89% (1814/2016) regret=0.033038 ape=0.5244
[15:03:44] warmStart 90% (1815/2016) regret=0.033038 ape=0.5244
[15:03:44] warmStart 90% (1816/2016) regret=0.033052 ape=0.5244
[15:03:44] warmStart 90% (1817/2016) regret=0.033052 ape=0.5244
[15:03:45] warmStart 90% (1818/2016) regret=0.033052 ape=0.5244
[15:03:45] warmStart 90% (1819/2016) regret=0.033052 ape=0.5244
[15:03:45] warmStart 90% (1820/2016) regret=0.033052 ape=0.5244
[15:03:45] warmStart 90% (1821/2016) regret=0.033052 ape=0.5244
[15:03:45] warmStart 90% (1822/2016) regret=0.033052 ape=0.5244
[15:03:46] warmStart 90% (1823/2016) regret=0.033052 ape=0.5244
[15:03:46] warmStart 90% (1824/2016) regret=0.033052 ape=0.5244
[15:03:46] warmStart 90% (1825/2016) regret=0.033052 ape=0.5244
[15:03:46] warmStart 90% (1826/2016) regret=0.033052 ape=0.5244
[15:03:46] warmStart 90% (1827/2016) regret=0.033052 ape=0.5244
[15:03:47] warmStart 90% (1828/2016) regret=0.033052 ape=0.5244
[15:03:47] warmStart 90% (1829/2016) regret=0.033052 ape=0.5244
[15:03:47] warmStart 90% (1830/2016) regret=0.033052 ape=0.5244
[15:03:47] warmStart 90% (1831/2016) regret=0.033052 ape=0.5244
[15:03:47] warmStart 90% (1832/2016) regret=0.033052 ape=0.5244
[15:03:48] warmStart 90% (1833/2016) regret=0.033052 ape=0.5244
[15:03:48] warmStart 90% (1834/2016) regret=0.033056 ape=0.5244
[15:03:48] warmStart 91% (1835/2016) regret=0.033056 ape=0.5244
[15:03:48] warmStart 91% (1836/2016) regret=0.033056 ape=0.5244
[15:03:48] warmStart 91% (1837/2016) regret=0.033056 ape=0.5244
[15:03:49] warmStart 91% (1838/2016) regret=0.033056 ape=0.5244
[15:03:49] warmStart 91% (1839/2016) regret=0.033047 ape=0.5244
[15:03:49] warmStart 91% (1840/2016) regret=0.033047 ape=0.5244
[15:03:49] warmStart 91% (1841/2016) regret=0.033047 ape=0.5244
[15:03:49] warmStart 91% (1842/2016) regret=0.033047 ape=0.5244
[15:03:50] warmStart 91% (1843/2016) regret=0.033047 ape=0.5244
[15:03:50] warmStart 91% (1844/2016) regret=0.033047 ape=0.5244
[15:03:50] warmStart 91% (1845/2016) regret=0.033047 ape=0.5244
[15:03:50] warmStart 91% (1846/2016) regret=0.033047 ape=0.5244
[15:03:50] warmStart 91% (1847/2016) regret=0.033047 ape=0.5244
[15:03:51] warmStart 91% (1848/2016) regret=0.033047 ape=0.5244
[15:03:51] warmStart 91% (1849/2016) regret=0.033047 ape=0.5244
[15:03:51] warmStart 91% (1850/2016) regret=0.033047 ape=0.5244
[15:03:51] warmStart 91% (1851/2016) regret=0.033137 ape=0.5244
[15:03:51] warmStart 91% (1852/2016) regret=0.032989 ape=0.5244
[15:03:52] warmStart 91% (1853/2016) regret=0.032989 ape=0.5244
[15:03:52] warmStart 91% (1854/2016) regret=0.032989 ape=0.5244
[15:03:52] warmStart 92% (1855/2016) regret=0.032989 ape=0.5244
[15:03:52] warmStart 92% (1856/2016) regret=0.032989 ape=0.5244
[15:03:52] warmStart 92% (1857/2016) regret=0.032639 ape=0.5235
[15:03:52] warmStart 92% (1858/2016) regret=0.032639 ape=0.5235
[15:03:52] warmStart 92% (1859/2016) regret=0.032639 ape=0.5235
[15:03:53] warmStart 92% (1860/2016) regret=0.032585 ape=0.5235
[15:03:53] warmStart 92% (1861/2016) regret=0.032610 ape=0.5235
[15:03:53] warmStart 92% (1862/2016) regret=0.032610 ape=0.5235
[15:03:53] warmStart 92% (1863/2016) regret=0.032610 ape=0.5235
[15:03:53] warmStart 92% (1864/2016) regret=0.032610 ape=0.5235
[15:03:53] warmStart 92% (1865/2016) regret=0.032596 ape=0.5235
[15:03:53] warmStart 92% (1866/2016) regret=0.032596 ape=0.5235
[15:03:54] warmStart 92% (1867/2016) regret=0.032541 ape=0.5235
[15:03:54] warmStart 92% (1868/2016) regret=0.032541 ape=0.5235
[15:03:54] warmStart 92% (1869/2016) regret=0.032559 ape=0.5244
[15:03:54] warmStart 92% (1870/2016) regret=0.032559 ape=0.5244
[15:03:54] warmStart 92% (1871/2016) regret=0.032582 ape=0.5244
[15:03:54] warmStart 92% (1872/2016) regret=0.032559 ape=0.5244
[15:03:54] warmStart 92% (1873/2016) regret=0.032568 ape=0.5244
[15:03:55] warmStart 92% (1874/2016) regret=0.032476 ape=0.5244
[15:03:55] warmStart 93% (1875/2016) regret=0.032476 ape=0.5244
[15:03:55] warmStart 93% (1876/2016) regret=0.032393 ape=0.5244
[15:03:55] warmStart 93% (1877/2016) regret=0.032393 ape=0.5244
[15:03:55] warmStart 93% (1878/2016) regret=0.032393 ape=0.5244
[15:03:55] warmStart 93% (1879/2016) regret=0.032393 ape=0.5244
[15:03:55] warmStart 93% (1880/2016) regret=0.032393 ape=0.5244
[15:03:56] warmStart 93% (1881/2016) regret=0.032393 ape=0.5244
[15:03:56] warmStart 93% (1882/2016) regret=0.032393 ape=0.5244
[15:03:56] warmStart 93% (1883/2016) regret=0.032180 ape=0.5235
[15:03:56] warmStart 93% (1884/2016) regret=0.032180 ape=0.5235
[15:03:56] warmStart 93% (1885/2016) regret=0.032236 ape=0.5235
[15:03:56] warmStart 93% (1886/2016) regret=0.032236 ape=0.5235
[15:03:56] warmStart 93% (1887/2016) regret=0.032236 ape=0.5235
[15:03:57] warmStart 93% (1888/2016) regret=0.032236 ape=0.5235
[15:03:57] warmStart 93% (1889/2016) regret=0.032236 ape=0.5235
[15:03:57] warmStart 93% (1890/2016) regret=0.032116 ape=0.5226
[15:03:57] warmStart 93% (1891/2016) regret=0.032116 ape=0.5226
[15:03:57] warmStart 93% (1892/2016) regret=0.032116 ape=0.5226
[15:03:57] warmStart 93% (1893/2016) regret=0.032159 ape=0.5226
[15:03:57] warmStart 93% (1894/2016) regret=0.032159 ape=0.5226
[15:03:58] warmStart 93% (1895/2016) regret=0.032127 ape=0.5226
[15:03:58] warmStart 94% (1896/2016) regret=0.032127 ape=0.5226
[15:03:58] warmStart 94% (1897/2016) regret=0.032127 ape=0.5226
[15:03:58] warmStart 94% (1898/2016) regret=0.032021 ape=0.5217
[15:03:58] warmStart 94% (1899/2016) regret=0.032021 ape=0.5217
[15:03:58] warmStart 94% (1900/2016) regret=0.032021 ape=0.5217
[15:03:59] warmStart 94% (1901/2016) regret=0.032021 ape=0.5217
[15:03:59] warmStart 94% (1902/2016) regret=0.032052 ape=0.5226
[15:03:59] warmStart 94% (1903/2016) regret=0.032052 ape=0.5226
[15:03:59] warmStart 94% (1904/2016) regret=0.032052 ape=0.5226
[15:03:59] warmStart 94% (1905/2016) regret=0.032052 ape=0.5226
[15:03:59] warmStart 94% (1906/2016) regret=0.032052 ape=0.5226
[15:03:59] warmStart 94% (1907/2016) regret=0.032052 ape=0.5226
[15:04:00] warmStart 94% (1908/2016) regret=0.031753 ape=0.5207
[15:04:00] warmStart 94% (1909/2016) regret=0.031753 ape=0.5207
[15:04:00] warmStart 94% (1910/2016) regret=0.031753 ape=0.5207
[15:04:00] warmStart 94% (1911/2016) regret=0.031753 ape=0.5207
[15:04:00] warmStart 94% (1912/2016) regret=0.031690 ape=0.5207
[15:04:00] warmStart 94% (1913/2016) regret=0.031753 ape=0.5207
[15:04:00] warmStart 94% (1914/2016) regret=0.031753 ape=0.5207
[15:04:01] warmStart 94% (1915/2016) regret=0.031929 ape=0.5217
[15:04:01] warmStart 95% (1916/2016) regret=0.031753 ape=0.5207
[15:04:01] warmStart 95% (1917/2016) regret=0.031780 ape=0.5207
[15:04:01] warmStart 95% (1918/2016) regret=0.031707 ape=0.5198
[15:04:01] warmStart 95% (1919/2016) regret=0.031707 ape=0.5198
[15:04:02] warmStart 95% (1920/2016) regret=0.031679 ape=0.5189
[15:04:02] warmStart 95% (1921/2016) regret=0.031476 ape=0.5180
[15:04:02] warmStart 95% (1922/2016) regret=0.031448 ape=0.5171
[15:04:02] warmStart 95% (1923/2016) regret=0.031476 ape=0.5180
[15:04:02] warmStart 95% (1924/2016) regret=0.031424 ape=0.5180
[15:04:03] warmStart 95% (1925/2016) regret=0.031424 ape=0.5180
[15:04:03] warmStart 95% (1926/2016) regret=0.031405 ape=0.5180
[15:04:03] warmStart 95% (1927/2016) regret=0.031401 ape=0.5171
[15:04:03] warmStart 95% (1928/2016) regret=0.031401 ape=0.5171
[15:04:03] warmStart 95% (1929/2016) regret=0.031428 ape=0.5171
[15:04:04] warmStart 95% (1930/2016) regret=0.031410 ape=0.5171
[15:04:04] warmStart 95% (1931/2016) regret=0.031329 ape=0.5161
[15:04:04] warmStart 95% (1932/2016) regret=0.031329 ape=0.5161
[15:04:04] warmStart 95% (1933/2016) regret=0.031329 ape=0.5161
[15:04:05] warmStart 95% (1934/2016) regret=0.031329 ape=0.5161
[15:04:05] warmStart 95% (1935/2016) regret=0.031260 ape=0.5152
[15:04:05] warmStart 96% (1936/2016) regret=0.031249 ape=0.5143
[15:04:05] warmStart 96% (1937/2016) regret=0.031240 ape=0.5134
[15:04:05] warmStart 96% (1938/2016) regret=0.031240 ape=0.5134
[15:04:06] warmStart 96% (1939/2016) regret=0.031181 ape=0.5134
[15:04:06] warmStart 96% (1940/2016) regret=0.031167 ape=0.5134
[15:04:06] warmStart 96% (1941/2016) regret=0.031177 ape=0.5143
[15:04:06] warmStart 96% (1942/2016) regret=0.031177 ape=0.5143
[15:04:06] warmStart 96% (1943/2016) regret=0.031177 ape=0.5143
[15:04:07] warmStart 96% (1944/2016) regret=0.031177 ape=0.5143
[15:04:07] warmStart 96% (1945/2016) regret=0.031032 ape=0.5134
[15:04:07] warmStart 96% (1946/2016) regret=0.031032 ape=0.5134
[15:04:07] warmStart 96% (1947/2016) regret=0.031115 ape=0.5134
[15:04:07] warmStart 96% (1948/2016) regret=0.030995 ape=0.5124
[15:04:08] warmStart 96% (1949/2016) regret=0.030995 ape=0.5124
[15:04:08] warmStart 96% (1950/2016) regret=0.031407 ape=0.5124
[15:04:08] warmStart 96% (1951/2016) regret=0.030995 ape=0.5124
[15:04:08] warmStart 96% (1952/2016) regret=0.030977 ape=0.5124
[15:04:08] warmStart 96% (1953/2016) regret=0.031005 ape=0.5124
[15:04:09] warmStart 96% (1954/2016) regret=0.030968 ape=0.5124
[15:04:09] warmStart 96% (1955/2016) regret=0.030889 ape=0.5124
[15:04:09] warmStart 97% (1956/2016) regret=0.030889 ape=0.5124
[15:04:09] warmStart 97% (1957/2016) regret=0.030889 ape=0.5124
[15:04:09] warmStart 97% (1958/2016) regret=0.030880 ape=0.5124
[15:04:10] warmStart 97% (1959/2016) regret=0.030981 ape=0.5124
[15:04:10] warmStart 97% (1960/2016) regret=0.030981 ape=0.5124
[15:04:10] warmStart 97% (1961/2016) regret=0.031028 ape=0.5124
[15:04:10] warmStart 97% (1962/2016) regret=0.031083 ape=0.5124
[15:04:10] warmStart 97% (1963/2016) regret=0.031083 ape=0.5124
[15:04:11] warmStart 97% (1964/2016) regret=0.031083 ape=0.5124
[15:04:11] warmStart 97% (1965/2016) regret=0.031083 ape=0.5124
[15:04:11] warmStart 97% (1966/2016) regret=0.031083 ape=0.5124
[15:04:11] warmStart 97% (1967/2016) regret=0.031083 ape=0.5124
[15:04:11] warmStart 97% (1968/2016) regret=0.031083 ape=0.5124
[15:04:12] warmStart 97% (1969/2016) regret=0.031083 ape=0.5124
[15:04:12] warmStart 97% (1970/2016) regret=0.031083 ape=0.5124
[15:04:12] warmStart 97% (1971/2016) regret=0.031083 ape=0.5124
[15:04:12] warmStart 97% (1972/2016) regret=0.031083 ape=0.5124
[15:04:13] warmStart 97% (1973/2016) regret=0.031083 ape=0.5124
[15:04:13] warmStart 97% (1974/2016) regret=0.031083 ape=0.5124
[15:04:13] warmStart 97% (1975/2016) regret=0.031083 ape=0.5124
[15:04:13] warmStart 98% (1976/2016) regret=0.031083 ape=0.5124
[15:04:13] warmStart 98% (1977/2016) regret=0.031083 ape=0.5124
[15:04:14] warmStart 98% (1978/2016) regret=0.031083 ape=0.5124
[15:04:14] warmStart 98% (1979/2016) regret=0.031083 ape=0.5124
[15:04:14] warmStart 98% (1980/2016) regret=0.031083 ape=0.5124
[15:04:14] warmStart 98% (1981/2016) regret=0.031083 ape=0.5124
[15:04:14] warmStart 98% (1982/2016) regret=0.031078 ape=0.5124
[15:04:15] warmStart 98% (1983/2016) regret=0.031078 ape=0.5124
[15:04:15] warmStart 98% (1984/2016) regret=0.031078 ape=0.5124
[15:04:15] warmStart 98% (1985/2016) regret=0.031078 ape=0.5124
[15:04:15] warmStart 98% (1986/2016) regret=0.031078 ape=0.5124
[15:04:16] warmStart 98% (1987/2016) regret=0.031078 ape=0.5124
[15:04:16] warmStart 98% (1988/2016) regret=0.031078 ape=0.5124
[15:04:16] warmStart 98% (1989/2016) regret=0.031078 ape=0.5124
[15:04:16] warmStart 98% (1990/2016) regret=0.031078 ape=0.5124
[15:04:16] warmStart 98% (1991/2016) regret=0.031078 ape=0.5124
[15:04:17] warmStart 98% (1992/2016) regret=0.031078 ape=0.5124
[15:04:17] warmStart 98% (1993/2016) regret=0.031078 ape=0.5124
[15:04:17] warmStart 98% (1994/2016) regret=0.031111 ape=0.5124
[15:04:17] warmStart 98% (1995/2016) regret=0.031111 ape=0.5124
[15:04:17] warmStart 99% (1996/2016) regret=0.031124 ape=0.5124
[15:04:18] warmStart 99% (1997/2016) regret=0.031124 ape=0.5124
[15:04:18] warmStart 99% (1998/2016) regret=0.031124 ape=0.5124
[15:04:18] warmStart 99% (1999/2016) regret=0.031124 ape=0.5124
[15:04:18] warmStart 99% (2000/2016) regret=0.030841 ape=0.5115
[15:04:18] warmStart 99% (2001/2016) regret=0.031147 ape=0.5124
[15:04:19] warmStart 99% (2002/2016) regret=0.031111 ape=0.5124
[15:04:19] warmStart 99% (2003/2016) regret=0.031111 ape=0.5124
[15:04:19] warmStart 99% (2004/2016) regret=0.031111 ape=0.5124
[15:04:19] warmStart 99% (2005/2016) regret=0.031101 ape=0.5124
[15:04:20] warmStart 99% (2006/2016) regret=0.031101 ape=0.5124
[15:04:20] warmStart 99% (2007/2016) regret=0.030945 ape=0.5124
[15:04:20] warmStart 99% (2008/2016) regret=0.030705 ape=0.5115
[15:04:20] warmStart 99% (2009/2016) regret=0.030705 ape=0.5115
[15:04:20] warmStart 99% (2010/2016) regret=0.030705 ape=0.5115
[15:04:21] warmStart 99% (2011/2016) regret=0.030639 ape=0.5115
[15:04:21] warmStart 99% (2012/2016) regret=0.030639 ape=0.5115
[15:04:21] warmStart 99% (2013/2016) regret=0.030639 ape=0.5115
[15:04:21] warmStart 99% (2014/2016) regret=0.030639 ape=0.5115
Warm w=100 finished: 2015 points, 377.13s wall time
  Final: regret=0.030639, ape=0.5115

Saved JSON: /home/users/g/s/gsavary/LudiiMCTSVariations/slurm_sweep_full_dataset/results_20260425_145739/sweep_warm_100_4_20260425_150421.json

Generating plots...
Saved regret plot: /home/users/g/s/gsavary/LudiiMCTSVariations/slurm_sweep_full_dataset/results_20260425_145739/sweep_warm_100_4_20260425_150421_regret.png
Saved APE plot: /home/users/g/s/gsavary/LudiiMCTSVariations/slurm_sweep_full_dataset/results_20260425_145739/sweep_warm_100_4_20260425_150421_ape.png

======================================================================
EXPERIMENT COMPLETE
======================================================================
Results saved to: /home/users/g/s/gsavary/LudiiMCTSVariations/slurm_sweep_full_dataset/results_20260425_145739
JSON file: sweep_warm_100_4_20260425_150421.json
Experiment finished. Results saved to: /home/users/g/s/gsavary/LudiiMCTSVariations/slurm_sweep_full_dataset/results_20260425_145739
