Starting experiment...
Project root: /home/users/g/s/gsavary/LudiiMCTSVariations
Method: warm:5
Output dir: /home/users/g/s/gsavary/LudiiMCTSVariations/slurm_sweep_full_dataset/results_20260425_143907
Seed: 1
Time limit:  seconds


======================================================================
SLURM Sweep Experiment - Single Method
======================================================================
Method: warm:5
Time limit: 7200.0s, Seed: 1, Batch size: 20
Output directory: /home/users/g/s/gsavary/LudiiMCTSVariations/slurm_sweep_full_dataset/results_20260425_143907

Loading Ludii dataset...
Loaded 1085 games
Using 1085 games (full dataset, no subsampling)

Running timing probe (100 pulls)...
  Estimated secs/pull: 0.021979

Time budget: 7200.0s → ~327592 total pulls
Per-method budget: 46798 pulls (~1028.6s)

Computing predictor-only performance...
  Predictions load failed: 118

Running WARM-START (w=5)...
[14:39:32] warmStart 0% (0/2340) regret=0.136068 ape=0.7171
[14:39:33] warmStart 0% (1/2340) regret=0.135551 ape=0.7152
[14:39:33] warmStart 0% (2/2340) regret=0.135505 ape=0.7161
[14:39:33] warmStart 0% (3/2340) regret=0.134876 ape=0.7152
[14:39:33] warmStart 0% (4/2340) regret=0.133724 ape=0.7143
[14:39:33] warmStart 0% (5/2340) regret=0.132261 ape=0.7115
[14:39:33] warmStart 0% (6/2340) regret=0.132100 ape=0.7106
[14:39:34] warmStart 0% (7/2340) regret=0.131769 ape=0.7106
[14:39:34] warmStart 0% (8/2340) regret=0.130291 ape=0.7088
[14:39:34] warmStart 0% (9/2340) regret=0.130254 ape=0.7088
[14:39:34] warmStart 0% (10/2340) regret=0.130254 ape=0.7088
[14:39:34] warmStart 0% (11/2340) regret=0.129185 ape=0.7069
[14:39:34] warmStart 0% (12/2340) regret=0.128336 ape=0.7060
[14:39:35] warmStart 0% (13/2340) regret=0.128336 ape=0.7060
[14:39:35] warmStart 0% (14/2340) regret=0.128336 ape=0.7060
[14:39:35] warmStart 0% (15/2340) regret=0.128206 ape=0.7060
[14:39:35] warmStart 0% (16/2340) regret=0.128206 ape=0.7060
[14:39:35] warmStart 0% (17/2340) regret=0.126425 ape=0.7023
[14:39:35] warmStart 0% (18/2340) regret=0.125679 ape=0.7005
[14:39:35] warmStart 0% (19/2340) regret=0.124484 ape=0.6986
[14:39:36] warmStart 0% (20/2340) regret=0.124043 ape=0.6977
[14:39:36] warmStart 0% (21/2340) regret=0.123687 ape=0.6968
[14:39:36] warmStart 0% (22/2340) regret=0.123627 ape=0.6968
[14:39:36] warmStart 0% (23/2340) regret=0.123304 ape=0.6959
[14:39:36] warmStart 1% (24/2340) regret=0.122733 ape=0.6959
[14:39:36] warmStart 1% (25/2340) regret=0.122516 ape=0.6959
[14:39:36] warmStart 1% (26/2340) regret=0.122951 ape=0.6959
[14:39:37] warmStart 1% (27/2340) regret=0.122739 ape=0.6959
[14:39:37] warmStart 1% (28/2340) regret=0.121817 ape=0.6959
[14:39:37] warmStart 1% (29/2340) regret=0.121562 ape=0.6959
[14:39:37] warmStart 1% (30/2340) regret=0.121562 ape=0.6959
[14:39:37] warmStart 1% (31/2340) regret=0.121562 ape=0.6959
[14:39:37] warmStart 1% (32/2340) regret=0.121562 ape=0.6959
[14:39:38] warmStart 1% (33/2340) regret=0.121263 ape=0.6949
[14:39:38] warmStart 1% (34/2340) regret=0.121263 ape=0.6949
[14:39:38] warmStart 1% (35/2340) regret=0.121364 ape=0.6949
[14:39:38] warmStart 1% (36/2340) regret=0.121612 ape=0.6949
[14:39:38] warmStart 1% (37/2340) regret=0.121612 ape=0.6949
[14:39:38] warmStart 1% (38/2340) regret=0.120917 ape=0.6940
[14:39:39] warmStart 1% (39/2340) regret=0.120716 ape=0.6931
[14:39:39] warmStart 1% (40/2340) regret=0.120716 ape=0.6931
[14:39:39] warmStart 1% (41/2340) regret=0.120716 ape=0.6931
[14:39:39] warmStart 1% (42/2340) regret=0.120404 ape=0.6922
[14:39:39] warmStart 1% (43/2340) regret=0.119559 ape=0.6922
[14:39:39] warmStart 1% (44/2340) regret=0.119559 ape=0.6922
[14:39:39] warmStart 1% (45/2340) regret=0.119559 ape=0.6922
[14:39:40] warmStart 1% (46/2340) regret=0.119559 ape=0.6922
[14:39:40] warmStart 2% (47/2340) regret=0.118767 ape=0.6912
[14:39:40] warmStart 2% (48/2340) regret=0.118767 ape=0.6912
[14:39:40] warmStart 2% (49/2340) regret=0.117825 ape=0.6903
[14:39:40] warmStart 2% (50/2340) regret=0.117834 ape=0.6903
[14:39:40] warmStart 2% (51/2340) regret=0.118104 ape=0.6903
[14:39:41] warmStart 2% (52/2340) regret=0.117243 ape=0.6894
[14:39:41] warmStart 2% (53/2340) regret=0.116248 ape=0.6876
[14:39:41] warmStart 2% (54/2340) regret=0.115798 ape=0.6866
[14:39:41] warmStart 2% (55/2340) regret=0.115798 ape=0.6866
[14:39:41] warmStart 2% (56/2340) regret=0.115638 ape=0.6866
[14:39:41] warmStart 2% (57/2340) regret=0.115085 ape=0.6857
[14:39:41] warmStart 2% (58/2340) regret=0.115085 ape=0.6857
[14:39:42] warmStart 2% (59/2340) regret=0.115085 ape=0.6857
[14:39:42] warmStart 2% (60/2340) regret=0.115205 ape=0.6866
[14:39:42] warmStart 2% (61/2340) regret=0.115205 ape=0.6866
[14:39:42] warmStart 2% (62/2340) regret=0.114661 ape=0.6866
[14:39:42] warmStart 2% (63/2340) regret=0.113974 ape=0.6866
[14:39:42] warmStart 2% (64/2340) regret=0.111746 ape=0.6848
[14:39:43] warmStart 2% (65/2340) regret=0.110746 ape=0.6848
[14:39:43] warmStart 2% (66/2340) regret=0.110699 ape=0.6848
[14:39:43] warmStart 2% (67/2340) regret=0.110699 ape=0.6848
[14:39:43] warmStart 2% (68/2340) regret=0.109782 ape=0.6839
[14:39:43] warmStart 2% (69/2340) regret=0.108695 ape=0.6839
[14:39:43] warmStart 2% (70/2340) regret=0.108732 ape=0.6839
[14:39:43] warmStart 3% (71/2340) regret=0.107907 ape=0.6839
[14:39:44] warmStart 3% (72/2340) regret=0.107971 ape=0.6839
[14:39:44] warmStart 3% (73/2340) regret=0.107971 ape=0.6839
[14:39:44] warmStart 3% (74/2340) regret=0.107755 ape=0.6839
[14:39:44] warmStart 3% (75/2340) regret=0.107727 ape=0.6839
[14:39:44] warmStart 3% (76/2340) regret=0.107718 ape=0.6839
[14:39:44] warmStart 3% (77/2340) regret=0.106746 ape=0.6829
[14:39:44] warmStart 3% (78/2340) regret=0.106312 ape=0.6839
[14:39:45] warmStart 3% (79/2340) regret=0.106004 ape=0.6839
[14:39:45] warmStart 3% (80/2340) regret=0.104484 ape=0.6829
[14:39:45] warmStart 3% (81/2340) regret=0.103226 ape=0.6820
[14:39:45] warmStart 3% (82/2340) regret=0.103192 ape=0.6811
[14:39:45] warmStart 3% (83/2340) regret=0.102884 ape=0.6820
[14:39:45] warmStart 3% (84/2340) regret=0.102578 ape=0.6820
[14:39:46] warmStart 3% (85/2340) regret=0.101712 ape=0.6811
[14:39:46] warmStart 3% (86/2340) regret=0.101389 ape=0.6802
[14:39:46] warmStart 3% (87/2340) regret=0.101329 ape=0.6793
[14:39:46] warmStart 3% (88/2340) regret=0.101308 ape=0.6793
[14:39:46] warmStart 3% (89/2340) regret=0.100764 ape=0.6793
[14:39:46] warmStart 3% (90/2340) regret=0.100755 ape=0.6793
[14:39:46] warmStart 3% (91/2340) regret=0.100755 ape=0.6793
[14:39:47] warmStart 3% (92/2340) regret=0.100105 ape=0.6793
[14:39:47] warmStart 3% (93/2340) regret=0.100105 ape=0.6793
[14:39:47] warmStart 4% (94/2340) regret=0.100194 ape=0.6793
[14:39:47] warmStart 4% (95/2340) regret=0.099461 ape=0.6793
[14:39:47] warmStart 4% (96/2340) regret=0.098186 ape=0.6793
[14:39:47] warmStart 4% (97/2340) regret=0.097060 ape=0.6783
[14:39:48] warmStart 4% (98/2340) regret=0.096954 ape=0.6783
[14:39:48] warmStart 4% (99/2340) regret=0.095973 ape=0.6774
[14:39:48] warmStart 4% (100/2340) regret=0.095610 ape=0.6765
[14:39:48] warmStart 4% (101/2340) regret=0.095066 ape=0.6765
[14:39:48] warmStart 4% (102/2340) regret=0.094705 ape=0.6756
[14:39:48] warmStart 4% (103/2340) regret=0.094130 ape=0.6765
[14:39:48] warmStart 4% (104/2340) regret=0.093728 ape=0.6765
[14:39:49] warmStart 4% (105/2340) regret=0.093849 ape=0.6765
[14:39:49] warmStart 4% (106/2340) regret=0.093849 ape=0.6765
[14:39:49] warmStart 4% (107/2340) regret=0.093349 ape=0.6756
[14:39:49] warmStart 4% (108/2340) regret=0.093146 ape=0.6747
[14:39:49] warmStart 4% (109/2340) regret=0.093091 ape=0.6737
[14:39:49] warmStart 4% (110/2340) regret=0.091073 ape=0.6728
[14:39:50] warmStart 4% (111/2340) regret=0.091073 ape=0.6728
[14:39:50] warmStart 4% (112/2340) regret=0.091165 ape=0.6728
[14:39:50] warmStart 4% (113/2340) regret=0.091165 ape=0.6728
[14:39:50] warmStart 4% (114/2340) regret=0.089182 ape=0.6710
[14:39:50] warmStart 4% (115/2340) regret=0.089155 ape=0.6710
[14:39:50] warmStart 4% (116/2340) regret=0.089155 ape=0.6710
[14:39:50] warmStart 5% (117/2340) regret=0.089155 ape=0.6710
[14:39:51] warmStart 5% (118/2340) regret=0.089155 ape=0.6710
[14:39:51] warmStart 5% (119/2340) regret=0.087669 ape=0.6691
[14:39:51] warmStart 5% (120/2340) regret=0.087066 ape=0.6682
[14:39:51] warmStart 5% (121/2340) regret=0.087131 ape=0.6682
[14:39:51] warmStart 5% (122/2340) regret=0.087131 ape=0.6682
[14:39:51] warmStart 5% (123/2340) regret=0.087136 ape=0.6682
[14:39:52] warmStart 5% (124/2340) regret=0.087136 ape=0.6682
[14:39:52] warmStart 5% (125/2340) regret=0.086988 ape=0.6682
[14:39:52] warmStart 5% (126/2340) regret=0.086913 ape=0.6682
[14:39:52] warmStart 5% (127/2340) regret=0.086812 ape=0.6682
[14:39:52] warmStart 5% (128/2340) regret=0.086701 ape=0.6691
[14:39:52] warmStart 5% (129/2340) regret=0.086628 ape=0.6691
[14:39:52] warmStart 5% (130/2340) regret=0.086665 ape=0.6691
[14:39:53] warmStart 5% (131/2340) regret=0.086582 ape=0.6691
[14:39:53] warmStart 5% (132/2340) regret=0.086886 ape=0.6691
[14:39:53] warmStart 5% (133/2340) regret=0.087373 ape=0.6700
[14:39:53] warmStart 5% (134/2340) regret=0.086520 ape=0.6691
[14:39:53] warmStart 5% (135/2340) regret=0.085829 ape=0.6682
[14:39:53] warmStart 5% (136/2340) regret=0.085405 ape=0.6682
[14:39:54] warmStart 5% (137/2340) regret=0.085243 ape=0.6673
[14:39:54] warmStart 5% (138/2340) regret=0.084902 ape=0.6664
[14:39:54] warmStart 5% (139/2340) regret=0.083432 ape=0.6645
[14:39:54] warmStart 5% (140/2340) regret=0.083432 ape=0.6645
[14:39:54] warmStart 6% (141/2340) regret=0.083248 ape=0.6645
[14:39:54] warmStart 6% (142/2340) regret=0.083009 ape=0.6645
[14:39:55] warmStart 6% (143/2340) regret=0.083052 ape=0.6645
[14:39:55] warmStart 6% (144/2340) regret=0.083052 ape=0.6645
[14:39:55] warmStart 6% (145/2340) regret=0.083144 ape=0.6645
[14:39:55] warmStart 6% (146/2340) regret=0.083144 ape=0.6645
[14:39:55] warmStart 6% (147/2340) regret=0.082987 ape=0.6636
[14:39:55] warmStart 6% (148/2340) regret=0.082498 ape=0.6618
[14:39:55] warmStart 6% (149/2340) regret=0.082314 ape=0.6618
[14:39:56] warmStart 6% (150/2340) regret=0.082197 ape=0.6618
[14:39:56] warmStart 6% (151/2340) regret=0.082197 ape=0.6618
[14:39:56] warmStart 6% (152/2340) regret=0.082049 ape=0.6618
[14:39:56] warmStart 6% (153/2340) regret=0.081624 ape=0.6608
[14:39:56] warmStart 6% (154/2340) regret=0.081678 ape=0.6608
[14:39:56] warmStart 6% (155/2340) regret=0.081678 ape=0.6608
[14:39:57] warmStart 6% (156/2340) regret=0.081455 ape=0.6599
[14:39:57] warmStart 6% (157/2340) regret=0.080810 ape=0.6590
[14:39:57] warmStart 6% (158/2340) regret=0.079901 ape=0.6590
[14:39:57] warmStart 6% (159/2340) regret=0.079505 ape=0.6590
[14:39:57] warmStart 6% (160/2340) regret=0.079391 ape=0.6590
[14:39:57] warmStart 6% (161/2340) regret=0.079280 ape=0.6581
[14:39:57] warmStart 6% (162/2340) regret=0.078649 ape=0.6562
[14:39:58] warmStart 6% (163/2340) regret=0.078972 ape=0.6571
[14:39:58] warmStart 7% (164/2340) regret=0.078829 ape=0.6562
[14:39:58] warmStart 7% (165/2340) regret=0.078764 ape=0.6562
[14:39:58] warmStart 7% (166/2340) regret=0.078433 ape=0.6562
[14:39:58] warmStart 7% (167/2340) regret=0.078018 ape=0.6553
[14:39:58] warmStart 7% (168/2340) regret=0.078071 ape=0.6553
[14:39:58] warmStart 7% (169/2340) regret=0.078071 ape=0.6553
[14:39:59] warmStart 7% (170/2340) regret=0.078071 ape=0.6553
[14:39:59] warmStart 7% (171/2340) regret=0.077672 ape=0.6553
[14:39:59] warmStart 7% (172/2340) regret=0.077740 ape=0.6544
[14:39:59] warmStart 7% (173/2340) regret=0.077636 ape=0.6553
[14:39:59] warmStart 7% (174/2340) regret=0.077594 ape=0.6553
[14:39:59] warmStart 7% (175/2340) regret=0.077594 ape=0.6553
[14:40:00] warmStart 7% (176/2340) regret=0.077855 ape=0.6562
[14:40:00] warmStart 7% (177/2340) regret=0.077876 ape=0.6562
[14:40:00] warmStart 7% (178/2340) regret=0.077904 ape=0.6562
[14:40:00] warmStart 7% (179/2340) regret=0.077807 ape=0.6544
[14:40:00] warmStart 7% (180/2340) regret=0.077475 ape=0.6535
[14:40:00] warmStart 7% (181/2340) regret=0.077045 ape=0.6535
[14:40:01] warmStart 7% (182/2340) regret=0.076273 ape=0.6516
[14:40:01] warmStart 7% (183/2340) regret=0.076273 ape=0.6516
[14:40:01] warmStart 7% (184/2340) regret=0.075738 ape=0.6498
[14:40:01] warmStart 7% (185/2340) regret=0.075563 ape=0.6498
[14:40:01] warmStart 7% (186/2340) regret=0.075544 ape=0.6498
[14:40:01] warmStart 7% (187/2340) regret=0.075544 ape=0.6498
[14:40:01] warmStart 8% (188/2340) regret=0.075544 ape=0.6498
[14:40:02] warmStart 8% (189/2340) regret=0.075544 ape=0.6498
[14:40:02] warmStart 8% (190/2340) regret=0.075544 ape=0.6498
[14:40:02] warmStart 8% (191/2340) regret=0.075544 ape=0.6498
[14:40:02] warmStart 8% (192/2340) regret=0.075544 ape=0.6498
[14:40:02] warmStart 8% (193/2340) regret=0.075544 ape=0.6498
[14:40:02] warmStart 8% (194/2340) regret=0.075526 ape=0.6498
[14:40:03] warmStart 8% (195/2340) regret=0.075526 ape=0.6498
[14:40:03] warmStart 8% (196/2340) regret=0.075526 ape=0.6498
[14:40:03] warmStart 8% (197/2340) regret=0.075526 ape=0.6498
[14:40:03] warmStart 8% (198/2340) regret=0.075526 ape=0.6498
[14:40:03] warmStart 8% (199/2340) regret=0.075526 ape=0.6498
[14:40:03] warmStart 8% (200/2340) regret=0.075526 ape=0.6498
[14:40:04] warmStart 8% (201/2340) regret=0.075526 ape=0.6498
[14:40:04] warmStart 8% (202/2340) regret=0.075526 ape=0.6498
[14:40:04] warmStart 8% (203/2340) regret=0.075526 ape=0.6498
[14:40:04] warmStart 8% (204/2340) regret=0.075351 ape=0.6488
[14:40:04] warmStart 8% (205/2340) regret=0.075351 ape=0.6488
[14:40:04] warmStart 8% (206/2340) regret=0.075351 ape=0.6488
[14:40:04] warmStart 8% (207/2340) regret=0.075351 ape=0.6488
[14:40:05] warmStart 8% (208/2340) regret=0.075351 ape=0.6488
[14:40:05] warmStart 8% (209/2340) regret=0.075351 ape=0.6488
[14:40:05] warmStart 8% (210/2340) regret=0.075351 ape=0.6488
[14:40:05] warmStart 9% (211/2340) regret=0.075351 ape=0.6488
[14:40:05] warmStart 9% (212/2340) regret=0.075351 ape=0.6488
[14:40:05] warmStart 9% (213/2340) regret=0.075351 ape=0.6488
[14:40:06] warmStart 9% (214/2340) regret=0.075351 ape=0.6488
[14:40:06] warmStart 9% (215/2340) regret=0.075351 ape=0.6488
[14:40:06] warmStart 9% (216/2340) regret=0.075351 ape=0.6488
[14:40:06] warmStart 9% (217/2340) regret=0.075351 ape=0.6488
[14:40:06] warmStart 9% (218/2340) regret=0.075351 ape=0.6488
[14:40:06] warmStart 9% (219/2340) regret=0.075005 ape=0.6479
[14:40:06] warmStart 9% (220/2340) regret=0.075005 ape=0.6479
[14:40:07] warmStart 9% (221/2340) regret=0.075005 ape=0.6479
[14:40:07] warmStart 9% (222/2340) regret=0.075005 ape=0.6479
[14:40:07] warmStart 9% (223/2340) regret=0.075005 ape=0.6479
[14:40:07] warmStart 9% (224/2340) regret=0.075005 ape=0.6479
[14:40:07] warmStart 9% (225/2340) regret=0.075005 ape=0.6479
[14:40:07] warmStart 9% (226/2340) regret=0.074789 ape=0.6479
[14:40:08] warmStart 9% (227/2340) regret=0.074835 ape=0.6488
[14:40:08] warmStart 9% (228/2340) regret=0.074835 ape=0.6488
[14:40:08] warmStart 9% (229/2340) regret=0.074835 ape=0.6488
[14:40:08] warmStart 9% (230/2340) regret=0.074835 ape=0.6488
[14:40:08] warmStart 9% (231/2340) regret=0.074835 ape=0.6488
[14:40:08] warmStart 9% (232/2340) regret=0.074835 ape=0.6488
[14:40:08] warmStart 9% (233/2340) regret=0.074835 ape=0.6488
[14:40:09] warmStart 10% (234/2340) regret=0.074835 ape=0.6488
[14:40:09] warmStart 10% (235/2340) regret=0.074761 ape=0.6488
[14:40:09] warmStart 10% (236/2340) regret=0.074661 ape=0.6479
[14:40:09] warmStart 10% (237/2340) regret=0.074953 ape=0.6488
[14:40:09] warmStart 10% (238/2340) regret=0.074610 ape=0.6488
[14:40:09] warmStart 10% (239/2340) regret=0.074610 ape=0.6488
[14:40:10] warmStart 10% (240/2340) regret=0.074610 ape=0.6488
[14:40:10] warmStart 10% (241/2340) regret=0.074610 ape=0.6488
[14:40:10] warmStart 10% (242/2340) regret=0.074610 ape=0.6488
[14:40:10] warmStart 10% (243/2340) regret=0.074555 ape=0.6488
[14:40:10] warmStart 10% (244/2340) regret=0.074555 ape=0.6488
[14:40:10] warmStart 10% (245/2340) regret=0.074555 ape=0.6488
[14:40:11] warmStart 10% (246/2340) regret=0.074555 ape=0.6488
[14:40:11] warmStart 10% (247/2340) regret=0.074555 ape=0.6488
[14:40:11] warmStart 10% (248/2340) regret=0.074500 ape=0.6488
[14:40:11] warmStart 10% (249/2340) regret=0.074500 ape=0.6488
[14:40:11] warmStart 10% (250/2340) regret=0.074500 ape=0.6488
[14:40:11] warmStart 10% (251/2340) regret=0.074500 ape=0.6488
[14:40:12] warmStart 10% (252/2340) regret=0.074500 ape=0.6488
[14:40:12] warmStart 10% (253/2340) regret=0.074500 ape=0.6488
[14:40:12] warmStart 10% (254/2340) regret=0.074398 ape=0.6479
[14:40:12] warmStart 10% (255/2340) regret=0.074242 ape=0.6479
[14:40:12] warmStart 10% (256/2340) regret=0.074242 ape=0.6479
[14:40:12] warmStart 10% (257/2340) regret=0.074242 ape=0.6479
[14:40:12] warmStart 11% (258/2340) regret=0.074242 ape=0.6479
[14:40:13] warmStart 11% (259/2340) regret=0.074242 ape=0.6479
[14:40:13] warmStart 11% (260/2340) regret=0.074242 ape=0.6479
[14:40:13] warmStart 11% (261/2340) regret=0.074242 ape=0.6479
[14:40:13] warmStart 11% (262/2340) regret=0.074242 ape=0.6479
[14:40:13] warmStart 11% (263/2340) regret=0.074242 ape=0.6479
[14:40:13] warmStart 11% (264/2340) regret=0.074242 ape=0.6479
[14:40:13] warmStart 11% (265/2340) regret=0.074242 ape=0.6479
[14:40:14] warmStart 11% (266/2340) regret=0.074237 ape=0.6479
[14:40:14] warmStart 11% (267/2340) regret=0.074237 ape=0.6479
[14:40:14] warmStart 11% (268/2340) regret=0.074237 ape=0.6479
[14:40:14] warmStart 11% (269/2340) regret=0.074237 ape=0.6479
[14:40:14] warmStart 11% (270/2340) regret=0.074237 ape=0.6479
[14:40:14] warmStart 11% (271/2340) regret=0.074237 ape=0.6479
[14:40:15] warmStart 11% (272/2340) regret=0.074237 ape=0.6479
[14:40:15] warmStart 11% (273/2340) regret=0.074237 ape=0.6479
[14:40:15] warmStart 11% (274/2340) regret=0.074228 ape=0.6479
[14:40:15] warmStart 11% (275/2340) regret=0.074228 ape=0.6479
[14:40:15] warmStart 11% (276/2340) regret=0.074228 ape=0.6479
[14:40:15] warmStart 11% (277/2340) regret=0.074228 ape=0.6479
[14:40:16] warmStart 11% (278/2340) regret=0.074228 ape=0.6479
[14:40:16] warmStart 11% (279/2340) regret=0.074228 ape=0.6479
[14:40:16] warmStart 11% (280/2340) regret=0.074329 ape=0.6470
[14:40:16] warmStart 12% (281/2340) regret=0.074163 ape=0.6461
[14:40:16] warmStart 12% (282/2340) regret=0.074087 ape=0.6452
[14:40:16] warmStart 12% (283/2340) regret=0.073629 ape=0.6442
[14:40:17] warmStart 12% (284/2340) regret=0.073638 ape=0.6442
[14:40:17] warmStart 12% (285/2340) regret=0.073136 ape=0.6442
[14:40:17] warmStart 12% (286/2340) regret=0.072716 ape=0.6424
[14:40:17] warmStart 12% (287/2340) regret=0.072873 ape=0.6424
[14:40:17] warmStart 12% (288/2340) regret=0.072633 ape=0.6415
[14:40:17] warmStart 12% (289/2340) regret=0.072693 ape=0.6415
[14:40:17] warmStart 12% (290/2340) regret=0.072685 ape=0.6415
[14:40:18] warmStart 12% (291/2340) regret=0.072505 ape=0.6415
[14:40:18] warmStart 12% (292/2340) regret=0.072312 ape=0.6406
[14:40:18] warmStart 12% (293/2340) regret=0.072480 ape=0.6424
[14:40:18] warmStart 12% (294/2340) regret=0.072425 ape=0.6424
[14:40:18] warmStart 12% (295/2340) regret=0.072222 ape=0.6415
[14:40:18] warmStart 12% (296/2340) regret=0.071840 ape=0.6415
[14:40:18] warmStart 12% (297/2340) regret=0.071319 ape=0.6415
[14:40:19] warmStart 12% (298/2340) regret=0.071350 ape=0.6415
[14:40:19] warmStart 12% (299/2340) regret=0.070858 ape=0.6406
[14:40:19] warmStart 12% (300/2340) regret=0.070858 ape=0.6406
[14:40:19] warmStart 12% (301/2340) regret=0.070459 ape=0.6396
[14:40:19] warmStart 12% (302/2340) regret=0.070307 ape=0.6378
[14:40:19] warmStart 12% (303/2340) regret=0.070206 ape=0.6378
[14:40:20] warmStart 12% (304/2340) regret=0.069733 ape=0.6378
[14:40:20] warmStart 13% (305/2340) regret=0.069001 ape=0.6359
[14:40:20] warmStart 13% (306/2340) regret=0.068974 ape=0.6359
[14:40:20] warmStart 13% (307/2340) regret=0.068974 ape=0.6359
[14:40:20] warmStart 13% (308/2340) regret=0.068974 ape=0.6359
[14:40:20] warmStart 13% (309/2340) regret=0.068915 ape=0.6350
[14:40:20] warmStart 13% (310/2340) regret=0.068394 ape=0.6350
[14:40:21] warmStart 13% (311/2340) regret=0.068394 ape=0.6350
[14:40:21] warmStart 13% (312/2340) regret=0.067643 ape=0.6341
[14:40:21] warmStart 13% (313/2340) regret=0.067375 ape=0.6332
[14:40:21] warmStart 13% (314/2340) regret=0.067187 ape=0.6323
[14:40:21] warmStart 13% (315/2340) regret=0.067113 ape=0.6313
[14:40:21] warmStart 13% (316/2340) regret=0.066278 ape=0.6295
[14:40:22] warmStart 13% (317/2340) regret=0.065900 ape=0.6286
[14:40:22] warmStart 13% (318/2340) regret=0.066130 ape=0.6286
[14:40:22] warmStart 13% (319/2340) regret=0.066066 ape=0.6286
[14:40:22] warmStart 13% (320/2340) regret=0.066301 ape=0.6286
[14:40:22] warmStart 13% (321/2340) regret=0.066297 ape=0.6286
[14:40:22] warmStart 13% (322/2340) regret=0.066204 ape=0.6276
[14:40:22] warmStart 13% (323/2340) regret=0.066129 ape=0.6276
[14:40:23] warmStart 13% (324/2340) regret=0.066239 ape=0.6286
[14:40:23] warmStart 13% (325/2340) regret=0.065963 ape=0.6276
[14:40:23] warmStart 13% (326/2340) regret=0.066055 ape=0.6267
[14:40:23] warmStart 13% (327/2340) regret=0.066387 ape=0.6276
[14:40:23] warmStart 14% (328/2340) regret=0.066574 ape=0.6276
[14:40:23] warmStart 14% (329/2340) regret=0.066461 ape=0.6267
[14:40:24] warmStart 14% (330/2340) regret=0.066322 ape=0.6258
[14:40:24] warmStart 14% (331/2340) regret=0.066322 ape=0.6258
[14:40:24] warmStart 14% (332/2340) regret=0.065836 ape=0.6249
[14:40:24] warmStart 14% (333/2340) regret=0.065689 ape=0.6240
[14:40:24] warmStart 14% (334/2340) regret=0.065689 ape=0.6240
[14:40:24] warmStart 14% (335/2340) regret=0.065412 ape=0.6240
[14:40:24] warmStart 14% (336/2340) regret=0.065338 ape=0.6240
[14:40:25] warmStart 14% (337/2340) regret=0.065295 ape=0.6240
[14:40:25] warmStart 14% (338/2340) regret=0.064936 ape=0.6240
[14:40:25] warmStart 14% (339/2340) regret=0.064807 ape=0.6230
[14:40:25] warmStart 14% (340/2340) regret=0.063940 ape=0.6221
[14:40:25] warmStart 14% (341/2340) regret=0.063902 ape=0.6212
[14:40:25] warmStart 14% (342/2340) regret=0.063902 ape=0.6212
[14:40:26] warmStart 14% (343/2340) regret=0.063247 ape=0.6203
[14:40:26] warmStart 14% (344/2340) regret=0.063852 ape=0.6212
[14:40:26] warmStart 14% (345/2340) regret=0.063486 ape=0.6203
[14:40:26] warmStart 14% (346/2340) regret=0.063638 ape=0.6194
[14:40:26] warmStart 14% (347/2340) regret=0.063678 ape=0.6203
[14:40:26] warmStart 14% (348/2340) regret=0.063417 ape=0.6194
[14:40:26] warmStart 14% (349/2340) regret=0.063400 ape=0.6194
[14:40:27] warmStart 14% (350/2340) regret=0.063124 ape=0.6194
[14:40:27] warmStart 15% (351/2340) regret=0.062757 ape=0.6184
[14:40:27] warmStart 15% (352/2340) regret=0.062089 ape=0.6175
[14:40:27] warmStart 15% (353/2340) regret=0.061774 ape=0.6157
[14:40:27] warmStart 15% (354/2340) regret=0.061753 ape=0.6157
[14:40:27] warmStart 15% (355/2340) regret=0.061692 ape=0.6157
[14:40:28] warmStart 15% (356/2340) regret=0.061753 ape=0.6157
[14:40:28] warmStart 15% (357/2340) regret=0.061739 ape=0.6157
[14:40:28] warmStart 15% (358/2340) regret=0.061753 ape=0.6157
[14:40:28] warmStart 15% (359/2340) regret=0.061511 ape=0.6147
[14:40:28] warmStart 15% (360/2340) regret=0.061668 ape=0.6147
[14:40:28] warmStart 15% (361/2340) regret=0.060986 ape=0.6138
[14:40:28] warmStart 15% (362/2340) regret=0.060986 ape=0.6138
[14:40:29] warmStart 15% (363/2340) regret=0.060925 ape=0.6138
[14:40:29] warmStart 15% (364/2340) regret=0.060986 ape=0.6138
[14:40:29] warmStart 15% (365/2340) regret=0.060958 ape=0.6138
[14:40:29] warmStart 15% (366/2340) regret=0.060958 ape=0.6138
[14:40:29] warmStart 15% (367/2340) regret=0.060958 ape=0.6138
[14:40:29] warmStart 15% (368/2340) regret=0.060548 ape=0.6129
[14:40:30] warmStart 15% (369/2340) regret=0.060817 ape=0.6138
[14:40:30] warmStart 15% (370/2340) regret=0.060817 ape=0.6138
[14:40:30] warmStart 15% (371/2340) regret=0.060813 ape=0.6138
[14:40:30] warmStart 15% (372/2340) regret=0.060813 ape=0.6138
[14:40:30] warmStart 15% (373/2340) regret=0.060813 ape=0.6138
[14:40:30] warmStart 15% (374/2340) regret=0.060776 ape=0.6129
[14:40:31] warmStart 16% (375/2340) regret=0.060831 ape=0.6120
[14:40:31] warmStart 16% (376/2340) regret=0.060702 ape=0.6120
[14:40:31] warmStart 16% (377/2340) regret=0.060652 ape=0.6120
[14:40:31] warmStart 16% (378/2340) regret=0.060652 ape=0.6120
[14:40:31] warmStart 16% (379/2340) regret=0.060652 ape=0.6120
[14:40:31] warmStart 16% (380/2340) regret=0.060629 ape=0.6111
[14:40:32] warmStart 16% (381/2340) regret=0.060616 ape=0.6111
[14:40:32] warmStart 16% (382/2340) regret=0.060304 ape=0.6101
[14:40:32] warmStart 16% (383/2340) regret=0.060286 ape=0.6101
[14:40:32] warmStart 16% (384/2340) regret=0.060193 ape=0.6101
[14:40:32] warmStart 16% (385/2340) regret=0.060166 ape=0.6101
[14:40:32] warmStart 16% (386/2340) regret=0.060166 ape=0.6101
[14:40:32] warmStart 16% (387/2340) regret=0.060074 ape=0.6101
[14:40:33] warmStart 16% (388/2340) regret=0.060147 ape=0.6092
[14:40:33] warmStart 16% (389/2340) regret=0.060147 ape=0.6092
[14:40:33] warmStart 16% (390/2340) regret=0.060147 ape=0.6092
[14:40:33] warmStart 16% (391/2340) regret=0.060147 ape=0.6092
[14:40:33] warmStart 16% (392/2340) regret=0.060157 ape=0.6092
[14:40:33] warmStart 16% (393/2340) regret=0.060046 ape=0.6092
[14:40:33] warmStart 16% (394/2340) regret=0.060108 ape=0.6092
[14:40:34] warmStart 16% (395/2340) regret=0.059952 ape=0.6092
[14:40:34] warmStart 16% (396/2340) regret=0.059979 ape=0.6083
[14:40:34] warmStart 16% (397/2340) regret=0.059801 ape=0.6065
[14:40:34] warmStart 17% (398/2340) regret=0.059801 ape=0.6065
[14:40:34] warmStart 17% (399/2340) regret=0.059801 ape=0.6065
[14:40:34] warmStart 17% (400/2340) regret=0.059801 ape=0.6065
[14:40:35] warmStart 17% (401/2340) regret=0.059736 ape=0.6065
[14:40:35] warmStart 17% (402/2340) regret=0.059736 ape=0.6065
[14:40:35] warmStart 17% (403/2340) regret=0.059736 ape=0.6065
[14:40:35] warmStart 17% (404/2340) regret=0.059700 ape=0.6065
[14:40:35] warmStart 17% (405/2340) regret=0.059550 ape=0.6065
[14:40:35] warmStart 17% (406/2340) regret=0.059550 ape=0.6065
[14:40:35] warmStart 17% (407/2340) regret=0.059531 ape=0.6065
[14:40:36] warmStart 17% (408/2340) regret=0.059609 ape=0.6065
[14:40:36] warmStart 17% (409/2340) regret=0.059503 ape=0.6055
[14:40:36] warmStart 17% (410/2340) regret=0.059503 ape=0.6055
[14:40:36] warmStart 17% (411/2340) regret=0.059116 ape=0.6046
[14:40:36] warmStart 17% (412/2340) regret=0.059125 ape=0.6055
[14:40:36] warmStart 17% (413/2340) regret=0.059125 ape=0.6055
[14:40:37] warmStart 17% (414/2340) regret=0.059125 ape=0.6055
[14:40:37] warmStart 17% (415/2340) regret=0.059125 ape=0.6055
[14:40:37] warmStart 17% (416/2340) regret=0.059135 ape=0.6065
[14:40:37] warmStart 17% (417/2340) regret=0.059126 ape=0.6065
[14:40:37] warmStart 17% (418/2340) regret=0.059264 ape=0.6065
[14:40:37] warmStart 17% (419/2340) regret=0.059037 ape=0.6055
[14:40:37] warmStart 17% (420/2340) regret=0.059037 ape=0.6055
[14:40:38] warmStart 17% (421/2340) regret=0.059350 ape=0.6055
[14:40:38] warmStart 18% (422/2340) regret=0.059037 ape=0.6055
[14:40:38] warmStart 18% (423/2340) regret=0.058829 ape=0.6046
[14:40:38] warmStart 18% (424/2340) regret=0.058829 ape=0.6046
[14:40:38] warmStart 18% (425/2340) regret=0.058829 ape=0.6046
[14:40:38] warmStart 18% (426/2340) regret=0.058809 ape=0.6046
[14:40:39] warmStart 18% (427/2340) regret=0.058809 ape=0.6046
[14:40:39] warmStart 18% (428/2340) regret=0.058809 ape=0.6046
[14:40:39] warmStart 18% (429/2340) regret=0.058800 ape=0.6046
[14:40:39] warmStart 18% (430/2340) regret=0.058819 ape=0.6046
[14:40:39] warmStart 18% (431/2340) regret=0.058773 ape=0.6046
[14:40:39] warmStart 18% (432/2340) regret=0.058773 ape=0.6046
[14:40:40] warmStart 18% (433/2340) regret=0.058801 ape=0.6046
[14:40:40] warmStart 18% (434/2340) regret=0.058635 ape=0.6037
[14:40:40] warmStart 18% (435/2340) regret=0.058736 ape=0.6046
[14:40:40] warmStart 18% (436/2340) regret=0.058220 ape=0.6046
[14:40:40] warmStart 18% (437/2340) regret=0.058156 ape=0.6037
[14:40:40] warmStart 18% (438/2340) regret=0.057850 ape=0.6028
[14:40:41] warmStart 18% (439/2340) regret=0.057887 ape=0.6028
[14:40:41] warmStart 18% (440/2340) regret=0.057804 ape=0.6028
[14:40:41] warmStart 18% (441/2340) regret=0.057905 ape=0.6046
[14:40:41] warmStart 18% (442/2340) regret=0.057398 ape=0.6037
[14:40:41] warmStart 18% (443/2340) regret=0.057398 ape=0.6037
[14:40:41] warmStart 18% (444/2340) regret=0.057398 ape=0.6037
[14:40:41] warmStart 19% (445/2340) regret=0.057407 ape=0.6046
[14:40:42] warmStart 19% (446/2340) regret=0.057407 ape=0.6046
[14:40:42] warmStart 19% (447/2340) regret=0.057407 ape=0.6046
[14:40:42] warmStart 19% (448/2340) regret=0.057159 ape=0.6037
[14:40:42] warmStart 19% (449/2340) regret=0.057583 ape=0.6046
[14:40:42] warmStart 19% (450/2340) regret=0.057407 ape=0.6046
[14:40:42] warmStart 19% (451/2340) regret=0.057407 ape=0.6046
[14:40:43] warmStart 19% (452/2340) regret=0.057426 ape=0.6055
[14:40:43] warmStart 19% (453/2340) regret=0.057450 ape=0.6055
[14:40:43] warmStart 19% (454/2340) regret=0.057420 ape=0.6046
[14:40:43] warmStart 19% (455/2340) regret=0.057490 ape=0.6055
[14:40:43] warmStart 19% (456/2340) regret=0.057461 ape=0.6055
[14:40:43] warmStart 19% (457/2340) regret=0.057461 ape=0.6055
[14:40:43] warmStart 19% (458/2340) regret=0.057410 ape=0.6055
[14:40:44] warmStart 19% (459/2340) regret=0.057476 ape=0.6055
[14:40:44] warmStart 19% (460/2340) regret=0.057411 ape=0.6046
[14:40:44] warmStart 19% (461/2340) regret=0.057423 ape=0.6037
[14:40:44] warmStart 19% (462/2340) regret=0.057559 ape=0.6028
[14:40:44] warmStart 19% (463/2340) regret=0.057564 ape=0.6028
[14:40:44] warmStart 19% (464/2340) regret=0.057340 ape=0.6037
[14:40:45] warmStart 19% (465/2340) regret=0.057409 ape=0.6037
[14:40:45] warmStart 19% (466/2340) regret=0.057019 ape=0.6028
[14:40:45] warmStart 19% (467/2340) regret=0.056954 ape=0.6028
[14:40:45] warmStart 20% (468/2340) regret=0.056954 ape=0.6028
[14:40:45] warmStart 20% (469/2340) regret=0.056424 ape=0.6028
[14:40:45] warmStart 20% (470/2340) regret=0.056467 ape=0.6028
[14:40:46] warmStart 20% (471/2340) regret=0.056532 ape=0.6037
[14:40:46] warmStart 20% (472/2340) regret=0.056467 ape=0.6028
[14:40:46] warmStart 20% (473/2340) regret=0.056452 ape=0.6028
[14:40:46] warmStart 20% (474/2340) regret=0.056398 ape=0.6028
[14:40:46] warmStart 20% (475/2340) regret=0.056266 ape=0.6009
[14:40:46] warmStart 20% (476/2340) regret=0.056298 ape=0.6018
[14:40:46] warmStart 20% (477/2340) regret=0.056185 ape=0.6018
[14:40:47] warmStart 20% (478/2340) regret=0.056185 ape=0.6018
[14:40:47] warmStart 20% (479/2340) regret=0.056185 ape=0.6018
[14:40:47] warmStart 20% (480/2340) regret=0.056134 ape=0.6018
[14:40:47] warmStart 20% (481/2340) regret=0.056015 ape=0.6018
[14:40:47] warmStart 20% (482/2340) regret=0.056015 ape=0.6018
[14:40:47] warmStart 20% (483/2340) regret=0.055265 ape=0.6018
[14:40:48] warmStart 20% (484/2340) regret=0.055016 ape=0.6009
[14:40:48] warmStart 20% (485/2340) regret=0.054882 ape=0.6009
[14:40:48] warmStart 20% (486/2340) regret=0.054882 ape=0.6009
[14:40:48] warmStart 20% (487/2340) regret=0.054882 ape=0.6009
[14:40:48] warmStart 20% (488/2340) regret=0.054882 ape=0.6009
[14:40:48] warmStart 20% (489/2340) regret=0.054495 ape=0.6009
[14:40:48] warmStart 20% (490/2340) regret=0.054495 ape=0.6009
[14:40:49] warmStart 20% (491/2340) regret=0.054495 ape=0.6009
[14:40:49] warmStart 21% (492/2340) regret=0.054495 ape=0.6009
[14:40:49] warmStart 21% (493/2340) regret=0.054495 ape=0.6009
[14:40:49] warmStart 21% (494/2340) regret=0.054495 ape=0.6009
[14:40:49] warmStart 21% (495/2340) regret=0.054495 ape=0.6009
[14:40:49] warmStart 21% (496/2340) regret=0.054495 ape=0.6009
[14:40:50] warmStart 21% (497/2340) regret=0.054495 ape=0.6009
[14:40:50] warmStart 21% (498/2340) regret=0.054495 ape=0.6009
[14:40:50] warmStart 21% (499/2340) regret=0.054495 ape=0.6009
[14:40:50] warmStart 21% (500/2340) regret=0.054495 ape=0.6009
[14:40:50] warmStart 21% (501/2340) regret=0.054495 ape=0.6009
[14:40:50] warmStart 21% (502/2340) regret=0.054495 ape=0.6009
[14:40:50] warmStart 21% (503/2340) regret=0.054495 ape=0.6009
[14:40:51] warmStart 21% (504/2340) regret=0.054495 ape=0.6009
[14:40:51] warmStart 21% (505/2340) regret=0.054495 ape=0.6009
[14:40:51] warmStart 21% (506/2340) regret=0.054495 ape=0.6009
[14:40:51] warmStart 21% (507/2340) regret=0.054306 ape=0.6000
[14:40:51] warmStart 21% (508/2340) regret=0.054319 ape=0.6000
[14:40:51] warmStart 21% (509/2340) regret=0.054319 ape=0.6000
[14:40:51] warmStart 21% (510/2340) regret=0.054319 ape=0.6000
[14:40:52] warmStart 21% (511/2340) regret=0.054319 ape=0.6000
[14:40:52] warmStart 21% (512/2340) regret=0.054319 ape=0.6000
[14:40:52] warmStart 21% (513/2340) regret=0.054319 ape=0.6000
[14:40:52] warmStart 21% (514/2340) regret=0.054132 ape=0.6000
[14:40:52] warmStart 22% (515/2340) regret=0.054132 ape=0.6000
[14:40:52] warmStart 22% (516/2340) regret=0.054132 ape=0.6000
[14:40:53] warmStart 22% (517/2340) regret=0.054132 ape=0.6000
[14:40:53] warmStart 22% (518/2340) regret=0.054132 ape=0.6000
[14:40:53] warmStart 22% (519/2340) regret=0.054132 ape=0.6000
[14:40:53] warmStart 22% (520/2340) regret=0.054132 ape=0.6000
[14:40:53] warmStart 22% (521/2340) regret=0.054124 ape=0.5991
[14:40:53] warmStart 22% (522/2340) regret=0.054124 ape=0.5991
[14:40:54] warmStart 22% (523/2340) regret=0.054124 ape=0.5991
[14:40:54] warmStart 22% (524/2340) regret=0.054124 ape=0.5991
[14:40:54] warmStart 22% (525/2340) regret=0.054124 ape=0.5991
[14:40:54] warmStart 22% (526/2340) regret=0.054124 ape=0.5991
[14:40:54] warmStart 22% (527/2340) regret=0.054124 ape=0.5991
[14:40:54] warmStart 22% (528/2340) regret=0.053930 ape=0.5991
[14:40:55] warmStart 22% (529/2340) regret=0.053930 ape=0.5991
[14:40:55] warmStart 22% (530/2340) regret=0.053930 ape=0.5991
[14:40:55] warmStart 22% (531/2340) regret=0.053930 ape=0.5991
[14:40:55] warmStart 22% (532/2340) regret=0.053930 ape=0.5991
[14:40:55] warmStart 22% (533/2340) regret=0.053930 ape=0.5991
[14:40:55] warmStart 22% (534/2340) regret=0.053930 ape=0.5991
[14:40:55] warmStart 22% (535/2340) regret=0.053935 ape=0.5991
[14:40:56] warmStart 22% (536/2340) regret=0.053935 ape=0.5991
[14:40:56] warmStart 22% (537/2340) regret=0.053935 ape=0.5991
[14:40:56] warmStart 22% (538/2340) regret=0.053935 ape=0.5991
[14:40:56] warmStart 23% (539/2340) regret=0.053935 ape=0.5991
[14:40:56] warmStart 23% (540/2340) regret=0.053935 ape=0.5991
[14:40:56] warmStart 23% (541/2340) regret=0.053935 ape=0.5991
[14:40:56] warmStart 23% (542/2340) regret=0.053935 ape=0.5991
[14:40:57] warmStart 23% (543/2340) regret=0.053935 ape=0.5991
[14:40:57] warmStart 23% (544/2340) regret=0.053935 ape=0.5991
[14:40:57] warmStart 23% (545/2340) regret=0.053935 ape=0.5991
[14:40:57] warmStart 23% (546/2340) regret=0.053772 ape=0.5982
[14:40:57] warmStart 23% (547/2340) regret=0.053772 ape=0.5982
[14:40:57] warmStart 23% (548/2340) regret=0.053772 ape=0.5982
[14:40:57] warmStart 23% (549/2340) regret=0.053772 ape=0.5982
[14:40:58] warmStart 23% (550/2340) regret=0.053772 ape=0.5982
[14:40:58] warmStart 23% (551/2340) regret=0.053772 ape=0.5982
[14:40:58] warmStart 23% (552/2340) regret=0.053772 ape=0.5982
[14:40:58] warmStart 23% (553/2340) regret=0.053772 ape=0.5982
[14:40:58] warmStart 23% (554/2340) regret=0.053772 ape=0.5982
[14:40:58] warmStart 23% (555/2340) regret=0.053569 ape=0.5972
[14:40:59] warmStart 23% (556/2340) regret=0.053569 ape=0.5972
[14:40:59] warmStart 23% (557/2340) regret=0.053385 ape=0.5972
[14:40:59] warmStart 23% (558/2340) regret=0.053293 ape=0.5963
[14:40:59] warmStart 23% (559/2340) regret=0.053293 ape=0.5963
[14:40:59] warmStart 23% (560/2340) regret=0.053293 ape=0.5963
[14:40:59] warmStart 23% (561/2340) regret=0.053293 ape=0.5963
[14:40:59] warmStart 24% (562/2340) regret=0.053293 ape=0.5963
[14:41:00] warmStart 24% (563/2340) regret=0.053293 ape=0.5963
[14:41:00] warmStart 24% (564/2340) regret=0.053293 ape=0.5963
[14:41:00] warmStart 24% (565/2340) regret=0.053293 ape=0.5963
[14:41:00] warmStart 24% (566/2340) regret=0.053293 ape=0.5963
[14:41:00] warmStart 24% (567/2340) regret=0.053289 ape=0.5963
[14:41:00] warmStart 24% (568/2340) regret=0.053289 ape=0.5963
[14:41:01] warmStart 24% (569/2340) regret=0.053289 ape=0.5963
[14:41:01] warmStart 24% (570/2340) regret=0.053230 ape=0.5963
[14:41:01] warmStart 24% (571/2340) regret=0.052968 ape=0.5954
[14:41:01] warmStart 24% (572/2340) regret=0.052968 ape=0.5954
[14:41:01] warmStart 24% (573/2340) regret=0.052968 ape=0.5954
[14:41:01] warmStart 24% (574/2340) regret=0.052968 ape=0.5954
[14:41:02] warmStart 24% (575/2340) regret=0.053040 ape=0.5954
[14:41:02] warmStart 24% (576/2340) regret=0.053146 ape=0.5954
[14:41:02] warmStart 24% (577/2340) regret=0.053191 ape=0.5954
[14:41:02] warmStart 24% (578/2340) regret=0.053191 ape=0.5954
[14:41:02] warmStart 24% (579/2340) regret=0.053154 ape=0.5945
[14:41:02] warmStart 24% (580/2340) regret=0.053209 ape=0.5945
[14:41:02] warmStart 24% (581/2340) regret=0.053181 ape=0.5945
[14:41:03] warmStart 24% (582/2340) regret=0.052651 ape=0.5945
[14:41:03] warmStart 24% (583/2340) regret=0.052873 ape=0.5945
[14:41:03] warmStart 24% (584/2340) regret=0.052873 ape=0.5945
[14:41:03] warmStart 25% (585/2340) regret=0.052873 ape=0.5945
[14:41:03] warmStart 25% (586/2340) regret=0.052882 ape=0.5954
[14:41:03] warmStart 25% (587/2340) regret=0.052900 ape=0.5954
[14:41:04] warmStart 25% (588/2340) regret=0.052951 ape=0.5954
[14:41:04] warmStart 25% (589/2340) regret=0.052859 ape=0.5954
[14:41:04] warmStart 25% (590/2340) regret=0.052463 ape=0.5945
[14:41:04] warmStart 25% (591/2340) regret=0.052463 ape=0.5945
[14:41:04] warmStart 25% (592/2340) regret=0.052347 ape=0.5935
[14:41:04] warmStart 25% (593/2340) regret=0.052348 ape=0.5935
[14:41:05] warmStart 25% (594/2340) regret=0.052302 ape=0.5935
[14:41:05] warmStart 25% (595/2340) regret=0.052302 ape=0.5935
[14:41:05] warmStart 25% (596/2340) regret=0.052053 ape=0.5917
[14:41:05] warmStart 25% (597/2340) regret=0.052038 ape=0.5917
[14:41:05] warmStart 25% (598/2340) regret=0.052038 ape=0.5917
[14:41:05] warmStart 25% (599/2340) regret=0.052052 ape=0.5917
[14:41:06] warmStart 25% (600/2340) regret=0.052054 ape=0.5926
[14:41:06] warmStart 25% (601/2340) regret=0.052054 ape=0.5926
[14:41:06] warmStart 25% (602/2340) regret=0.052069 ape=0.5926
[14:41:06] warmStart 25% (603/2340) regret=0.052420 ape=0.5935
[14:41:06] warmStart 25% (604/2340) regret=0.052420 ape=0.5935
[14:41:06] warmStart 25% (605/2340) regret=0.052420 ape=0.5935
[14:41:06] warmStart 25% (606/2340) regret=0.052885 ape=0.5945
[14:41:07] warmStart 25% (607/2340) regret=0.052350 ape=0.5935
[14:41:07] warmStart 25% (608/2340) regret=0.052350 ape=0.5935
[14:41:07] warmStart 26% (609/2340) regret=0.051928 ape=0.5935
[14:41:07] warmStart 26% (610/2340) regret=0.051882 ape=0.5935
[14:41:07] warmStart 26% (611/2340) regret=0.051891 ape=0.5945
[14:41:07] warmStart 26% (612/2340) regret=0.051709 ape=0.5926
[14:41:08] warmStart 26% (613/2340) regret=0.051709 ape=0.5926
[14:41:08] warmStart 26% (614/2340) regret=0.051736 ape=0.5926
[14:41:08] warmStart 26% (615/2340) regret=0.051736 ape=0.5926
[14:41:08] warmStart 26% (616/2340) regret=0.051782 ape=0.5926
[14:41:08] warmStart 26% (617/2340) regret=0.051733 ape=0.5917
[14:41:08] warmStart 26% (618/2340) regret=0.051733 ape=0.5917
[14:41:09] warmStart 26% (619/2340) regret=0.051733 ape=0.5917
[14:41:09] warmStart 26% (620/2340) regret=0.051733 ape=0.5917
[14:41:09] warmStart 26% (621/2340) regret=0.051733 ape=0.5917
[14:41:09] warmStart 26% (622/2340) regret=0.051733 ape=0.5917
[14:41:09] warmStart 26% (623/2340) regret=0.051733 ape=0.5917
[14:41:09] warmStart 26% (624/2340) regret=0.051733 ape=0.5917
[14:41:09] warmStart 26% (625/2340) regret=0.051733 ape=0.5917
[14:41:10] warmStart 26% (626/2340) regret=0.051733 ape=0.5917
[14:41:10] warmStart 26% (627/2340) regret=0.051733 ape=0.5917
[14:41:10] warmStart 26% (628/2340) regret=0.051733 ape=0.5917
[14:41:10] warmStart 26% (629/2340) regret=0.051733 ape=0.5917
[14:41:10] warmStart 26% (630/2340) regret=0.051733 ape=0.5917
[14:41:10] warmStart 26% (631/2340) regret=0.051733 ape=0.5917
[14:41:11] warmStart 27% (632/2340) regret=0.051733 ape=0.5917
[14:41:11] warmStart 27% (633/2340) regret=0.051733 ape=0.5917
[14:41:11] warmStart 27% (634/2340) regret=0.051733 ape=0.5917
[14:41:11] warmStart 27% (635/2340) regret=0.051733 ape=0.5917
[14:41:11] warmStart 27% (636/2340) regret=0.051733 ape=0.5917
[14:41:11] warmStart 27% (637/2340) regret=0.051733 ape=0.5917
[14:41:12] warmStart 27% (638/2340) regret=0.051733 ape=0.5917
[14:41:12] warmStart 27% (639/2340) regret=0.051733 ape=0.5917
[14:41:12] warmStart 27% (640/2340) regret=0.051733 ape=0.5917
[14:41:12] warmStart 27% (641/2340) regret=0.051733 ape=0.5917
[14:41:12] warmStart 27% (642/2340) regret=0.051733 ape=0.5917
[14:41:12] warmStart 27% (643/2340) regret=0.051733 ape=0.5917
[14:41:12] warmStart 27% (644/2340) regret=0.051733 ape=0.5917
[14:41:13] warmStart 27% (645/2340) regret=0.051733 ape=0.5917
[14:41:13] warmStart 27% (646/2340) regret=0.051733 ape=0.5917
[14:41:13] warmStart 27% (647/2340) regret=0.051733 ape=0.5917
[14:41:13] warmStart 27% (648/2340) regret=0.051733 ape=0.5917
[14:41:13] warmStart 27% (649/2340) regret=0.051733 ape=0.5917
[14:41:13] warmStart 27% (650/2340) regret=0.051733 ape=0.5917
[14:41:14] warmStart 27% (651/2340) regret=0.051733 ape=0.5917
[14:41:14] warmStart 27% (652/2340) regret=0.051772 ape=0.5917
[14:41:14] warmStart 27% (653/2340) regret=0.051615 ape=0.5917
[14:41:14] warmStart 27% (654/2340) regret=0.051606 ape=0.5908
[14:41:14] warmStart 27% (655/2340) regret=0.051606 ape=0.5908
[14:41:14] warmStart 28% (656/2340) regret=0.051394 ape=0.5908
[14:41:15] warmStart 28% (657/2340) regret=0.051196 ape=0.5908
[14:41:15] warmStart 28% (658/2340) regret=0.051274 ape=0.5908
[14:41:15] warmStart 28% (659/2340) regret=0.051274 ape=0.5908
[14:41:15] warmStart 28% (660/2340) regret=0.051274 ape=0.5908
[14:41:15] warmStart 28% (661/2340) regret=0.051274 ape=0.5908
[14:41:15] warmStart 28% (662/2340) regret=0.051274 ape=0.5908
[14:41:15] warmStart 28% (663/2340) regret=0.051274 ape=0.5908
[14:41:16] warmStart 28% (664/2340) regret=0.051274 ape=0.5908
[14:41:16] warmStart 28% (665/2340) regret=0.051196 ape=0.5908
[14:41:16] warmStart 28% (666/2340) regret=0.051196 ape=0.5908
[14:41:16] warmStart 28% (667/2340) regret=0.051196 ape=0.5908
[14:41:16] warmStart 28% (668/2340) regret=0.051196 ape=0.5908
[14:41:16] warmStart 28% (669/2340) regret=0.051157 ape=0.5908
[14:41:17] warmStart 28% (670/2340) regret=0.051227 ape=0.5908
[14:41:17] warmStart 28% (671/2340) regret=0.051227 ape=0.5908
[14:41:17] warmStart 28% (672/2340) regret=0.051227 ape=0.5908
[14:41:17] warmStart 28% (673/2340) regret=0.051227 ape=0.5908
[14:41:17] warmStart 28% (674/2340) regret=0.051227 ape=0.5908
[14:41:18] warmStart 28% (675/2340) regret=0.051227 ape=0.5908
[14:41:18] warmStart 28% (676/2340) regret=0.051227 ape=0.5908
[14:41:18] warmStart 28% (677/2340) regret=0.051227 ape=0.5908
[14:41:18] warmStart 28% (678/2340) regret=0.051196 ape=0.5899
[14:41:18] warmStart 29% (679/2340) regret=0.051196 ape=0.5899
[14:41:18] warmStart 29% (680/2340) regret=0.051196 ape=0.5899
[14:41:18] warmStart 29% (681/2340) regret=0.051233 ape=0.5899
[14:41:19] warmStart 29% (682/2340) regret=0.051233 ape=0.5899
[14:41:19] warmStart 29% (683/2340) regret=0.050800 ape=0.5899
[14:41:19] warmStart 29% (684/2340) regret=0.050800 ape=0.5899
[14:41:19] warmStart 29% (685/2340) regret=0.050800 ape=0.5899
[14:41:19] warmStart 29% (686/2340) regret=0.050800 ape=0.5899
[14:41:19] warmStart 29% (687/2340) regret=0.050800 ape=0.5899
[14:41:19] warmStart 29% (688/2340) regret=0.050800 ape=0.5899
[14:41:20] warmStart 29% (689/2340) regret=0.050800 ape=0.5899
[14:41:20] warmStart 29% (690/2340) regret=0.050768 ape=0.5889
[14:41:20] warmStart 29% (691/2340) regret=0.050768 ape=0.5889
[14:41:20] warmStart 29% (692/2340) regret=0.050768 ape=0.5889
[14:41:20] warmStart 29% (693/2340) regret=0.050768 ape=0.5889
[14:41:20] warmStart 29% (694/2340) regret=0.050768 ape=0.5889
[14:41:20] warmStart 29% (695/2340) regret=0.050768 ape=0.5889
[14:41:21] warmStart 29% (696/2340) regret=0.050732 ape=0.5889
[14:41:21] warmStart 29% (697/2340) regret=0.050732 ape=0.5889
[14:41:21] warmStart 29% (698/2340) regret=0.050732 ape=0.5889
[14:41:21] warmStart 29% (699/2340) regret=0.050732 ape=0.5889
[14:41:21] warmStart 29% (700/2340) regret=0.050732 ape=0.5889
[14:41:21] warmStart 29% (701/2340) regret=0.050732 ape=0.5889
[14:41:22] warmStart 30% (702/2340) regret=0.050732 ape=0.5889
[14:41:22] warmStart 30% (703/2340) regret=0.050732 ape=0.5889
[14:41:22] warmStart 30% (704/2340) regret=0.050732 ape=0.5889
[14:41:22] warmStart 30% (705/2340) regret=0.050624 ape=0.5889
[14:41:22] warmStart 30% (706/2340) regret=0.050624 ape=0.5889
[14:41:22] warmStart 30% (707/2340) regret=0.050624 ape=0.5889
[14:41:22] warmStart 30% (708/2340) regret=0.050624 ape=0.5889
[14:41:23] warmStart 30% (709/2340) regret=0.050624 ape=0.5889
[14:41:23] warmStart 30% (710/2340) regret=0.050790 ape=0.5889
[14:41:23] warmStart 30% (711/2340) regret=0.050790 ape=0.5889
[14:41:23] warmStart 30% (712/2340) regret=0.050790 ape=0.5889
[14:41:23] warmStart 30% (713/2340) regret=0.050790 ape=0.5889
[14:41:23] warmStart 30% (714/2340) regret=0.050791 ape=0.5889
[14:41:24] warmStart 30% (715/2340) regret=0.050791 ape=0.5889
[14:41:24] warmStart 30% (716/2340) regret=0.050791 ape=0.5889
[14:41:24] warmStart 30% (717/2340) regret=0.050791 ape=0.5889
[14:41:24] warmStart 30% (718/2340) regret=0.050791 ape=0.5889
[14:41:24] warmStart 30% (719/2340) regret=0.050791 ape=0.5889
[14:41:24] warmStart 30% (720/2340) regret=0.050791 ape=0.5889
[14:41:24] warmStart 30% (721/2340) regret=0.050791 ape=0.5889
[14:41:25] warmStart 30% (722/2340) regret=0.050791 ape=0.5889
[14:41:25] warmStart 30% (723/2340) regret=0.050791 ape=0.5889
[14:41:25] warmStart 30% (724/2340) regret=0.050791 ape=0.5889
[14:41:25] warmStart 30% (725/2340) regret=0.050791 ape=0.5889
[14:41:25] warmStart 31% (726/2340) regret=0.050791 ape=0.5889
[14:41:25] warmStart 31% (727/2340) regret=0.050791 ape=0.5889
[14:41:26] warmStart 31% (728/2340) regret=0.050791 ape=0.5889
[14:41:26] warmStart 31% (729/2340) regret=0.050717 ape=0.5889
[14:41:26] warmStart 31% (730/2340) regret=0.050717 ape=0.5889
[14:41:26] warmStart 31% (731/2340) regret=0.050717 ape=0.5889
[14:41:26] warmStart 31% (732/2340) regret=0.050717 ape=0.5889
[14:41:26] warmStart 31% (733/2340) regret=0.050743 ape=0.5889
[14:41:26] warmStart 31% (734/2340) regret=0.050743 ape=0.5889
[14:41:27] warmStart 31% (735/2340) regret=0.050743 ape=0.5889
[14:41:27] warmStart 31% (736/2340) regret=0.050743 ape=0.5889
[14:41:27] warmStart 31% (737/2340) regret=0.050743 ape=0.5889
[14:41:27] warmStart 31% (738/2340) regret=0.050743 ape=0.5889
[14:41:27] warmStart 31% (739/2340) regret=0.050743 ape=0.5889
[14:41:27] warmStart 31% (740/2340) regret=0.050671 ape=0.5889
[14:41:27] warmStart 31% (741/2340) regret=0.050671 ape=0.5889
[14:41:28] warmStart 31% (742/2340) regret=0.050671 ape=0.5889
[14:41:28] warmStart 31% (743/2340) regret=0.050671 ape=0.5889
[14:41:28] warmStart 31% (744/2340) regret=0.050653 ape=0.5880
[14:41:28] warmStart 31% (745/2340) regret=0.050100 ape=0.5880
[14:41:28] warmStart 31% (746/2340) regret=0.050100 ape=0.5880
[14:41:28] warmStart 31% (747/2340) regret=0.050100 ape=0.5880
[14:41:28] warmStart 31% (748/2340) regret=0.050164 ape=0.5880
[14:41:29] warmStart 32% (749/2340) regret=0.050367 ape=0.5889
[14:41:29] warmStart 32% (750/2340) regret=0.050367 ape=0.5889
[14:41:29] warmStart 32% (751/2340) regret=0.050358 ape=0.5889
[14:41:29] warmStart 32% (752/2340) regret=0.050358 ape=0.5889
[14:41:29] warmStart 32% (753/2340) regret=0.050187 ape=0.5880
[14:41:29] warmStart 32% (754/2340) regret=0.050187 ape=0.5880
[14:41:30] warmStart 32% (755/2340) regret=0.049961 ape=0.5880
[14:41:30] warmStart 32% (756/2340) regret=0.049961 ape=0.5880
[14:41:30] warmStart 32% (757/2340) regret=0.049961 ape=0.5880
[14:41:30] warmStart 32% (758/2340) regret=0.049961 ape=0.5880
[14:41:30] warmStart 32% (759/2340) regret=0.049961 ape=0.5880
[14:41:30] warmStart 32% (760/2340) regret=0.049961 ape=0.5880
[14:41:31] warmStart 32% (761/2340) regret=0.049961 ape=0.5880
[14:41:31] warmStart 32% (762/2340) regret=0.050063 ape=0.5880
[14:41:31] warmStart 32% (763/2340) regret=0.050063 ape=0.5880
[14:41:31] warmStart 32% (764/2340) regret=0.049542 ape=0.5871
[14:41:31] warmStart 32% (765/2340) regret=0.049542 ape=0.5871
[14:41:31] warmStart 32% (766/2340) regret=0.049583 ape=0.5871
[14:41:32] warmStart 32% (767/2340) regret=0.049583 ape=0.5871
[14:41:32] warmStart 32% (768/2340) regret=0.049680 ape=0.5871
[14:41:32] warmStart 32% (769/2340) regret=0.049583 ape=0.5871
[14:41:32] warmStart 32% (770/2340) regret=0.049293 ape=0.5862
[14:41:32] warmStart 32% (771/2340) regret=0.049127 ape=0.5862
[14:41:32] warmStart 32% (772/2340) regret=0.049127 ape=0.5862
[14:41:33] warmStart 33% (773/2340) regret=0.049424 ape=0.5862
[14:41:33] warmStart 33% (774/2340) regret=0.049424 ape=0.5862
[14:41:33] warmStart 33% (775/2340) regret=0.049490 ape=0.5862
[14:41:33] warmStart 33% (776/2340) regret=0.049513 ape=0.5862
[14:41:33] warmStart 33% (777/2340) regret=0.049513 ape=0.5862
[14:41:33] warmStart 33% (778/2340) regret=0.049462 ape=0.5862
[14:41:34] warmStart 33% (779/2340) regret=0.049370 ape=0.5862
[14:41:34] warmStart 33% (780/2340) regret=0.049388 ape=0.5862
[14:41:34] warmStart 33% (781/2340) regret=0.049241 ape=0.5862
[14:41:34] warmStart 33% (782/2340) regret=0.048660 ape=0.5853
[14:41:34] warmStart 33% (783/2340) regret=0.048587 ape=0.5853
[14:41:34] warmStart 33% (784/2340) regret=0.048587 ape=0.5853
[14:41:34] warmStart 33% (785/2340) regret=0.048669 ape=0.5853
[14:41:35] warmStart 33% (786/2340) regret=0.048669 ape=0.5853
[14:41:35] warmStart 33% (787/2340) regret=0.048669 ape=0.5853
[14:41:35] warmStart 33% (788/2340) regret=0.048762 ape=0.5853
[14:41:35] warmStart 33% (789/2340) regret=0.048762 ape=0.5853
[14:41:35] warmStart 33% (790/2340) regret=0.048596 ape=0.5853
[14:41:35] warmStart 33% (791/2340) regret=0.048596 ape=0.5853
[14:41:36] warmStart 33% (792/2340) regret=0.048596 ape=0.5853
[14:41:36] warmStart 33% (793/2340) regret=0.048181 ape=0.5843
[14:41:36] warmStart 33% (794/2340) regret=0.048181 ape=0.5843
[14:41:36] warmStart 33% (795/2340) regret=0.048328 ape=0.5843
[14:41:36] warmStart 34% (796/2340) regret=0.048328 ape=0.5843
[14:41:36] warmStart 34% (797/2340) regret=0.048328 ape=0.5843
[14:41:36] warmStart 34% (798/2340) regret=0.048259 ape=0.5825
[14:41:37] warmStart 34% (799/2340) regret=0.048259 ape=0.5825
[14:41:37] warmStart 34% (800/2340) regret=0.048057 ape=0.5816
[14:41:37] warmStart 34% (801/2340) regret=0.048115 ape=0.5825
[14:41:37] warmStart 34% (802/2340) regret=0.048124 ape=0.5825
[14:41:37] warmStart 34% (803/2340) regret=0.048078 ape=0.5825
[14:41:37] warmStart 34% (804/2340) regret=0.048248 ape=0.5825
[14:41:37] warmStart 34% (805/2340) regret=0.048322 ape=0.5834
[14:41:38] warmStart 34% (806/2340) regret=0.048174 ape=0.5834
[14:41:38] warmStart 34% (807/2340) regret=0.047824 ape=0.5825
[14:41:38] warmStart 34% (808/2340) regret=0.047824 ape=0.5825
[14:41:38] warmStart 34% (809/2340) regret=0.048239 ape=0.5834
[14:41:38] warmStart 34% (810/2340) regret=0.048239 ape=0.5834
[14:41:38] warmStart 34% (811/2340) regret=0.048117 ape=0.5834
[14:41:38] warmStart 34% (812/2340) regret=0.047984 ape=0.5834
[14:41:39] warmStart 34% (813/2340) regret=0.047587 ape=0.5834
[14:41:39] warmStart 34% (814/2340) regret=0.047701 ape=0.5843
[14:41:39] warmStart 34% (815/2340) regret=0.047701 ape=0.5843
[14:41:39] warmStart 34% (816/2340) regret=0.047696 ape=0.5843
[14:41:39] warmStart 34% (817/2340) regret=0.047696 ape=0.5843
[14:41:39] warmStart 34% (818/2340) regret=0.047691 ape=0.5843
[14:41:40] warmStart 35% (819/2340) regret=0.047397 ape=0.5834
[14:41:40] warmStart 35% (820/2340) regret=0.047360 ape=0.5834
[14:41:40] warmStart 35% (821/2340) regret=0.047503 ape=0.5853
[14:41:40] warmStart 35% (822/2340) regret=0.047503 ape=0.5853
[14:41:40] warmStart 35% (823/2340) regret=0.047443 ape=0.5843
[14:41:40] warmStart 35% (824/2340) regret=0.047516 ape=0.5853
[14:41:40] warmStart 35% (825/2340) regret=0.047491 ape=0.5853
[14:41:41] warmStart 35% (826/2340) regret=0.047764 ape=0.5853
[14:41:41] warmStart 35% (827/2340) regret=0.047196 ape=0.5853
[14:41:41] warmStart 35% (828/2340) regret=0.047135 ape=0.5853
[14:41:41] warmStart 35% (829/2340) regret=0.047196 ape=0.5853
[14:41:41] warmStart 35% (830/2340) regret=0.047196 ape=0.5853
[14:41:41] warmStart 35% (831/2340) regret=0.047196 ape=0.5853
[14:41:42] warmStart 35% (832/2340) regret=0.047196 ape=0.5853
[14:41:42] warmStart 35% (833/2340) regret=0.047058 ape=0.5853
[14:41:42] warmStart 35% (834/2340) regret=0.047058 ape=0.5853
[14:41:42] warmStart 35% (835/2340) regret=0.046904 ape=0.5843
[14:41:42] warmStart 35% (836/2340) regret=0.046758 ape=0.5843
[14:41:42] warmStart 35% (837/2340) regret=0.046759 ape=0.5843
[14:41:43] warmStart 35% (838/2340) regret=0.046690 ape=0.5843
[14:41:43] warmStart 35% (839/2340) regret=0.046677 ape=0.5834
[14:41:43] warmStart 35% (840/2340) regret=0.047106 ape=0.5834
[14:41:43] warmStart 35% (841/2340) regret=0.046700 ape=0.5825
[14:41:43] warmStart 35% (842/2340) regret=0.046700 ape=0.5825
[14:41:43] warmStart 36% (843/2340) regret=0.046700 ape=0.5825
[14:41:43] warmStart 36% (844/2340) regret=0.046691 ape=0.5825
[14:41:44] warmStart 36% (845/2340) regret=0.046726 ape=0.5825
[14:41:44] warmStart 36% (846/2340) regret=0.046652 ape=0.5806
[14:41:44] warmStart 36% (847/2340) regret=0.046617 ape=0.5806
[14:41:44] warmStart 36% (848/2340) regret=0.046653 ape=0.5806
[14:41:44] warmStart 36% (849/2340) regret=0.046653 ape=0.5806
[14:41:44] warmStart 36% (850/2340) regret=0.046580 ape=0.5806
[14:41:44] warmStart 36% (851/2340) regret=0.046133 ape=0.5806
[14:41:45] warmStart 36% (852/2340) regret=0.046029 ape=0.5797
[14:41:45] warmStart 36% (853/2340) regret=0.046094 ape=0.5797
[14:41:45] warmStart 36% (854/2340) regret=0.045891 ape=0.5788
[14:41:45] warmStart 36% (855/2340) regret=0.045891 ape=0.5788
[14:41:45] warmStart 36% (856/2340) regret=0.045907 ape=0.5788
[14:41:45] warmStart 36% (857/2340) regret=0.045907 ape=0.5788
[14:41:46] warmStart 36% (858/2340) regret=0.046127 ape=0.5788
[14:41:46] warmStart 36% (859/2340) regret=0.045889 ape=0.5788
[14:41:46] warmStart 36% (860/2340) regret=0.045829 ape=0.5788
[14:41:46] warmStart 36% (861/2340) regret=0.045829 ape=0.5788
[14:41:46] warmStart 36% (862/2340) regret=0.045799 ape=0.5788
[14:41:46] warmStart 36% (863/2340) regret=0.045734 ape=0.5779
[14:41:47] warmStart 36% (864/2340) regret=0.045826 ape=0.5788
[14:41:47] warmStart 36% (865/2340) regret=0.045780 ape=0.5779
[14:41:47] warmStart 37% (866/2340) regret=0.045766 ape=0.5779
[14:41:47] warmStart 37% (867/2340) regret=0.045674 ape=0.5770
[14:41:47] warmStart 37% (868/2340) regret=0.045574 ape=0.5770
[14:41:47] warmStart 37% (869/2340) regret=0.045550 ape=0.5760
[14:41:47] warmStart 37% (870/2340) regret=0.045550 ape=0.5760
[14:41:48] warmStart 37% (871/2340) regret=0.045504 ape=0.5760
[14:41:48] warmStart 37% (872/2340) regret=0.045550 ape=0.5760
[14:41:48] warmStart 37% (873/2340) regret=0.045817 ape=0.5760
[14:41:48] warmStart 37% (874/2340) regret=0.045550 ape=0.5760
[14:41:48] warmStart 37% (875/2340) regret=0.045541 ape=0.5751
[14:41:48] warmStart 37% (876/2340) regret=0.045587 ape=0.5760
[14:41:48] warmStart 37% (877/2340) regret=0.045587 ape=0.5760
[14:41:49] warmStart 37% (878/2340) regret=0.045587 ape=0.5760
[14:41:49] warmStart 37% (879/2340) regret=0.045587 ape=0.5760
[14:41:49] warmStart 37% (880/2340) regret=0.045587 ape=0.5760
[14:41:49] warmStart 37% (881/2340) regret=0.045587 ape=0.5760
[14:41:49] warmStart 37% (882/2340) regret=0.045587 ape=0.5760
[14:41:49] warmStart 37% (883/2340) regret=0.045587 ape=0.5760
[14:41:50] warmStart 37% (884/2340) regret=0.045587 ape=0.5760
[14:41:50] warmStart 37% (885/2340) regret=0.045587 ape=0.5760
[14:41:50] warmStart 37% (886/2340) regret=0.045587 ape=0.5760
[14:41:50] warmStart 37% (887/2340) regret=0.045587 ape=0.5760
[14:41:50] warmStart 37% (888/2340) regret=0.045587 ape=0.5760
[14:41:50] warmStart 37% (889/2340) regret=0.045587 ape=0.5760
[14:41:50] warmStart 38% (890/2340) regret=0.045587 ape=0.5760
[14:41:51] warmStart 38% (891/2340) regret=0.045587 ape=0.5760
[14:41:51] warmStart 38% (892/2340) regret=0.045587 ape=0.5760
[14:41:51] warmStart 38% (893/2340) regret=0.045587 ape=0.5760
[14:41:51] warmStart 38% (894/2340) regret=0.045587 ape=0.5760
[14:41:51] warmStart 38% (895/2340) regret=0.045577 ape=0.5760
[14:41:51] warmStart 38% (896/2340) regret=0.045577 ape=0.5760
[14:41:52] warmStart 38% (897/2340) regret=0.045577 ape=0.5760
[14:41:52] warmStart 38% (898/2340) regret=0.045577 ape=0.5760
[14:41:52] warmStart 38% (899/2340) regret=0.045577 ape=0.5760
[14:41:52] warmStart 38% (900/2340) regret=0.045577 ape=0.5760
[14:41:52] warmStart 38% (901/2340) regret=0.045577 ape=0.5760
[14:41:52] warmStart 38% (902/2340) regret=0.045577 ape=0.5760
[14:41:53] warmStart 38% (903/2340) regret=0.045577 ape=0.5760
[14:41:53] warmStart 38% (904/2340) regret=0.045577 ape=0.5760
[14:41:53] warmStart 38% (905/2340) regret=0.045577 ape=0.5760
[14:41:53] warmStart 38% (906/2340) regret=0.045577 ape=0.5760
[14:41:53] warmStart 38% (907/2340) regret=0.045577 ape=0.5760
[14:41:53] warmStart 38% (908/2340) regret=0.045988 ape=0.5770
[14:41:54] warmStart 38% (909/2340) regret=0.045988 ape=0.5770
[14:41:54] warmStart 38% (910/2340) regret=0.045891 ape=0.5760
[14:41:54] warmStart 38% (911/2340) regret=0.046151 ape=0.5760
[14:41:54] warmStart 38% (912/2340) regret=0.046320 ape=0.5770
[14:41:54] warmStart 39% (913/2340) regret=0.046323 ape=0.5770
[14:41:54] warmStart 39% (914/2340) regret=0.046323 ape=0.5770
[14:41:54] warmStart 39% (915/2340) regret=0.046192 ape=0.5760
[14:41:55] warmStart 39% (916/2340) regret=0.046192 ape=0.5760
[14:41:55] warmStart 39% (917/2340) regret=0.046192 ape=0.5760
[14:41:55] warmStart 39% (918/2340) regret=0.046192 ape=0.5760
[14:41:55] warmStart 39% (919/2340) regret=0.046192 ape=0.5760
[14:41:55] warmStart 39% (920/2340) regret=0.046125 ape=0.5760
[14:41:55] warmStart 39% (921/2340) regret=0.046125 ape=0.5760
[14:41:56] warmStart 39% (922/2340) regret=0.046125 ape=0.5760
[14:41:56] warmStart 39% (923/2340) regret=0.046125 ape=0.5760
[14:41:56] warmStart 39% (924/2340) regret=0.046125 ape=0.5760
[14:41:56] warmStart 39% (925/2340) regret=0.046125 ape=0.5760
[14:41:56] warmStart 39% (926/2340) regret=0.046125 ape=0.5760
[14:41:56] warmStart 39% (927/2340) regret=0.046125 ape=0.5760
[14:41:56] warmStart 39% (928/2340) regret=0.046125 ape=0.5760
[14:41:57] warmStart 39% (929/2340) regret=0.046125 ape=0.5760
[14:41:57] warmStart 39% (930/2340) regret=0.046125 ape=0.5760
[14:41:57] warmStart 39% (931/2340) regret=0.045673 ape=0.5751
[14:41:57] warmStart 39% (932/2340) regret=0.045673 ape=0.5751
[14:41:57] warmStart 39% (933/2340) regret=0.045673 ape=0.5751
[14:41:57] warmStart 39% (934/2340) regret=0.045673 ape=0.5751
[14:41:57] warmStart 39% (935/2340) regret=0.045673 ape=0.5751
[14:41:58] warmStart 40% (936/2340) regret=0.045673 ape=0.5751
[14:41:58] warmStart 40% (937/2340) regret=0.045673 ape=0.5751
[14:41:58] warmStart 40% (938/2340) regret=0.045673 ape=0.5751
[14:41:58] warmStart 40% (939/2340) regret=0.045673 ape=0.5751
[14:41:58] warmStart 40% (940/2340) regret=0.045673 ape=0.5751
[14:41:58] warmStart 40% (941/2340) regret=0.045544 ape=0.5742
[14:41:59] warmStart 40% (942/2340) regret=0.045544 ape=0.5742
[14:41:59] warmStart 40% (943/2340) regret=0.045544 ape=0.5742
[14:41:59] warmStart 40% (944/2340) regret=0.045544 ape=0.5742
[14:41:59] warmStart 40% (945/2340) regret=0.045544 ape=0.5742
[14:41:59] warmStart 40% (946/2340) regret=0.045544 ape=0.5742
[14:41:59] warmStart 40% (947/2340) regret=0.045544 ape=0.5742
[14:41:59] warmStart 40% (948/2340) regret=0.045544 ape=0.5742
[14:42:00] warmStart 40% (949/2340) regret=0.045544 ape=0.5742
[14:42:00] warmStart 40% (950/2340) regret=0.045544 ape=0.5742
[14:42:00] warmStart 40% (951/2340) regret=0.045544 ape=0.5742
[14:42:00] warmStart 40% (952/2340) regret=0.045544 ape=0.5742
[14:42:00] warmStart 40% (953/2340) regret=0.045544 ape=0.5742
[14:42:00] warmStart 40% (954/2340) regret=0.045536 ape=0.5742
[14:42:01] warmStart 40% (955/2340) regret=0.045536 ape=0.5742
[14:42:01] warmStart 40% (956/2340) regret=0.045536 ape=0.5742
[14:42:01] warmStart 40% (957/2340) regret=0.045536 ape=0.5742
[14:42:01] warmStart 40% (958/2340) regret=0.045536 ape=0.5742
[14:42:01] warmStart 40% (959/2340) regret=0.045536 ape=0.5742
[14:42:01] warmStart 41% (960/2340) regret=0.045536 ape=0.5742
[14:42:01] warmStart 41% (961/2340) regret=0.045539 ape=0.5742
[14:42:02] warmStart 41% (962/2340) regret=0.045539 ape=0.5742
[14:42:02] warmStart 41% (963/2340) regret=0.045539 ape=0.5742
[14:42:02] warmStart 41% (964/2340) regret=0.045539 ape=0.5742
[14:42:02] warmStart 41% (965/2340) regret=0.045539 ape=0.5742
[14:42:02] warmStart 41% (966/2340) regret=0.045539 ape=0.5742
[14:42:02] warmStart 41% (967/2340) regret=0.045539 ape=0.5742
[14:42:02] warmStart 41% (968/2340) regret=0.045539 ape=0.5742
[14:42:03] warmStart 41% (969/2340) regret=0.045539 ape=0.5742
[14:42:03] warmStart 41% (970/2340) regret=0.045539 ape=0.5742
[14:42:03] warmStart 41% (971/2340) regret=0.045539 ape=0.5742
[14:42:03] warmStart 41% (972/2340) regret=0.045539 ape=0.5742
[14:42:03] warmStart 41% (973/2340) regret=0.045539 ape=0.5742
[14:42:03] warmStart 41% (974/2340) regret=0.045539 ape=0.5742
[14:42:03] warmStart 41% (975/2340) regret=0.045539 ape=0.5742
[14:42:04] warmStart 41% (976/2340) regret=0.045332 ape=0.5733
[14:42:04] warmStart 41% (977/2340) regret=0.045332 ape=0.5733
[14:42:04] warmStart 41% (978/2340) regret=0.045332 ape=0.5733
[14:42:04] warmStart 41% (979/2340) regret=0.045479 ape=0.5742
[14:42:04] warmStart 41% (980/2340) regret=0.045479 ape=0.5742
[14:42:05] warmStart 41% (981/2340) regret=0.045479 ape=0.5742
[14:42:05] warmStart 41% (982/2340) regret=0.045479 ape=0.5742
[14:42:05] warmStart 42% (983/2340) regret=0.045401 ape=0.5733
[14:42:05] warmStart 42% (984/2340) regret=0.045418 ape=0.5733
[14:42:05] warmStart 42% (985/2340) regret=0.045471 ape=0.5733
[14:42:05] warmStart 42% (986/2340) regret=0.045563 ape=0.5733
[14:42:06] warmStart 42% (987/2340) regret=0.045563 ape=0.5733
[14:42:06] warmStart 42% (988/2340) regret=0.045425 ape=0.5733
[14:42:06] warmStart 42% (989/2340) regret=0.045360 ape=0.5733
[14:42:06] warmStart 42% (990/2340) regret=0.045360 ape=0.5733
[14:42:06] warmStart 42% (991/2340) regret=0.045360 ape=0.5733
[14:42:06] warmStart 42% (992/2340) regret=0.045323 ape=0.5733
[14:42:06] warmStart 42% (993/2340) regret=0.045296 ape=0.5733
[14:42:07] warmStart 42% (994/2340) regret=0.045351 ape=0.5733
[14:42:07] warmStart 42% (995/2340) regret=0.045411 ape=0.5733
[14:42:07] warmStart 42% (996/2340) regret=0.044869 ape=0.5724
[14:42:07] warmStart 42% (997/2340) regret=0.045278 ape=0.5733
[14:42:07] warmStart 42% (998/2340) regret=0.045235 ape=0.5724
[14:42:07] warmStart 42% (999/2340) regret=0.045190 ape=0.5724
[14:42:07] warmStart 42% (1000/2340) regret=0.045190 ape=0.5724
[14:42:08] warmStart 42% (1001/2340) regret=0.045200 ape=0.5733
[14:42:08] warmStart 42% (1002/2340) regret=0.044978 ape=0.5733
[14:42:08] warmStart 42% (1003/2340) regret=0.044969 ape=0.5733
[14:42:08] warmStart 42% (1004/2340) regret=0.044918 ape=0.5724
[14:42:08] warmStart 42% (1005/2340) regret=0.044647 ape=0.5714
[14:42:08] warmStart 42% (1006/2340) regret=0.044813 ape=0.5724
[14:42:09] warmStart 43% (1007/2340) regret=0.044877 ape=0.5724
[14:42:09] warmStart 43% (1008/2340) regret=0.044791 ape=0.5724
[14:42:09] warmStart 43% (1009/2340) regret=0.044791 ape=0.5724
[14:42:09] warmStart 43% (1010/2340) regret=0.044791 ape=0.5724
[14:42:09] warmStart 43% (1011/2340) regret=0.044791 ape=0.5724
[14:42:10] warmStart 43% (1012/2340) regret=0.044791 ape=0.5724
[14:42:10] warmStart 43% (1013/2340) regret=0.044791 ape=0.5724
[14:42:10] warmStart 43% (1014/2340) regret=0.044791 ape=0.5724
[14:42:10] warmStart 43% (1015/2340) regret=0.044753 ape=0.5724
[14:42:10] warmStart 43% (1016/2340) regret=0.044753 ape=0.5724
[14:42:10] warmStart 43% (1017/2340) regret=0.044753 ape=0.5724
[14:42:10] warmStart 43% (1018/2340) regret=0.044727 ape=0.5714
[14:42:11] warmStart 43% (1019/2340) regret=0.044727 ape=0.5714
[14:42:11] warmStart 43% (1020/2340) regret=0.044400 ape=0.5705
[14:42:11] warmStart 43% (1021/2340) regret=0.044438 ape=0.5705
[14:42:11] warmStart 43% (1022/2340) regret=0.044438 ape=0.5705
[14:42:11] warmStart 43% (1023/2340) regret=0.044539 ape=0.5705
[14:42:11] warmStart 43% (1024/2340) regret=0.044539 ape=0.5705
[14:42:12] warmStart 43% (1025/2340) regret=0.044576 ape=0.5705
[14:42:12] warmStart 43% (1026/2340) regret=0.044283 ape=0.5696
[14:42:12] warmStart 43% (1027/2340) regret=0.044202 ape=0.5696
[14:42:12] warmStart 43% (1028/2340) regret=0.044136 ape=0.5687
[14:42:12] warmStart 43% (1029/2340) regret=0.044039 ape=0.5687
[14:42:12] warmStart 44% (1030/2340) regret=0.044039 ape=0.5687
[14:42:12] warmStart 44% (1031/2340) regret=0.044039 ape=0.5687
[14:42:13] warmStart 44% (1032/2340) regret=0.044039 ape=0.5687
[14:42:13] warmStart 44% (1033/2340) regret=0.044039 ape=0.5687
[14:42:13] warmStart 44% (1034/2340) regret=0.044039 ape=0.5687
[14:42:13] warmStart 44% (1035/2340) regret=0.044039 ape=0.5687
[14:42:13] warmStart 44% (1036/2340) regret=0.044039 ape=0.5687
[14:42:13] warmStart 44% (1037/2340) regret=0.044039 ape=0.5687
[14:42:14] warmStart 44% (1038/2340) regret=0.044039 ape=0.5687
[14:42:14] warmStart 44% (1039/2340) regret=0.044039 ape=0.5687
[14:42:14] warmStart 44% (1040/2340) regret=0.043965 ape=0.5677
[14:42:14] warmStart 44% (1041/2340) regret=0.043961 ape=0.5668
[14:42:14] warmStart 44% (1042/2340) regret=0.043961 ape=0.5668
[14:42:14] warmStart 44% (1043/2340) regret=0.043961 ape=0.5668
[14:42:15] warmStart 44% (1044/2340) regret=0.043961 ape=0.5668
[14:42:15] warmStart 44% (1045/2340) regret=0.043961 ape=0.5668
[14:42:15] warmStart 44% (1046/2340) regret=0.043961 ape=0.5668
[14:42:15] warmStart 44% (1047/2340) regret=0.043961 ape=0.5668
[14:42:15] warmStart 44% (1048/2340) regret=0.043961 ape=0.5668
[14:42:15] warmStart 44% (1049/2340) regret=0.043961 ape=0.5668
[14:42:15] warmStart 44% (1050/2340) regret=0.043961 ape=0.5668
[14:42:16] warmStart 44% (1051/2340) regret=0.043961 ape=0.5668
[14:42:16] warmStart 44% (1052/2340) regret=0.043961 ape=0.5668
[14:42:16] warmStart 45% (1053/2340) regret=0.043952 ape=0.5659
[14:42:16] warmStart 45% (1054/2340) regret=0.043952 ape=0.5659
[14:42:16] warmStart 45% (1055/2340) regret=0.043952 ape=0.5659
[14:42:16] warmStart 45% (1056/2340) regret=0.043952 ape=0.5659
[14:42:17] warmStart 45% (1057/2340) regret=0.043952 ape=0.5659
[14:42:17] warmStart 45% (1058/2340) regret=0.043952 ape=0.5659
[14:42:17] warmStart 45% (1059/2340) regret=0.043952 ape=0.5659
[14:42:17] warmStart 45% (1060/2340) regret=0.043862 ape=0.5659
[14:42:17] warmStart 45% (1061/2340) regret=0.043941 ape=0.5668
[14:42:17] warmStart 45% (1062/2340) regret=0.043895 ape=0.5668
[14:42:18] warmStart 45% (1063/2340) regret=0.043895 ape=0.5668
[14:42:18] warmStart 45% (1064/2340) regret=0.044077 ape=0.5668
[14:42:18] warmStart 45% (1065/2340) regret=0.043736 ape=0.5659
[14:42:18] warmStart 45% (1066/2340) regret=0.043736 ape=0.5659
[14:42:18] warmStart 45% (1067/2340) regret=0.043701 ape=0.5650
[14:42:18] warmStart 45% (1068/2340) regret=0.044236 ape=0.5659
[14:42:18] warmStart 45% (1069/2340) regret=0.043697 ape=0.5641
[14:42:19] warmStart 45% (1070/2340) regret=0.043632 ape=0.5631
[14:42:19] warmStart 45% (1071/2340) regret=0.043706 ape=0.5641
[14:42:19] warmStart 45% (1072/2340) regret=0.043635 ape=0.5631
[14:42:19] warmStart 45% (1073/2340) regret=0.043687 ape=0.5641
[14:42:19] warmStart 45% (1074/2340) regret=0.043687 ape=0.5641
[14:42:19] warmStart 45% (1075/2340) regret=0.043687 ape=0.5641
[14:42:20] warmStart 45% (1076/2340) regret=0.043687 ape=0.5641
[14:42:20] warmStart 46% (1077/2340) regret=0.043687 ape=0.5641
[14:42:20] warmStart 46% (1078/2340) regret=0.043296 ape=0.5641
[14:42:20] warmStart 46% (1079/2340) regret=0.043365 ape=0.5641
[14:42:20] warmStart 46% (1080/2340) regret=0.043042 ape=0.5631
[14:42:20] warmStart 46% (1081/2340) regret=0.043369 ape=0.5631
[14:42:21] warmStart 46% (1082/2340) regret=0.043130 ape=0.5631
[14:42:21] warmStart 46% (1083/2340) regret=0.043049 ape=0.5631
[14:42:21] warmStart 46% (1084/2340) regret=0.043269 ape=0.5631
[14:42:21] warmStart 46% (1085/2340) regret=0.043130 ape=0.5631
[14:42:21] warmStart 46% (1086/2340) regret=0.043130 ape=0.5631
[14:42:21] warmStart 46% (1087/2340) regret=0.043168 ape=0.5641
[14:42:22] warmStart 46% (1088/2340) regret=0.043174 ape=0.5641
[14:42:22] warmStart 46% (1089/2340) regret=0.042941 ape=0.5622
[14:42:22] warmStart 46% (1090/2340) regret=0.042867 ape=0.5613
[14:42:22] warmStart 46% (1091/2340) regret=0.042837 ape=0.5622
[14:42:22] warmStart 46% (1092/2340) regret=0.042837 ape=0.5622
[14:42:22] warmStart 46% (1093/2340) regret=0.042837 ape=0.5622
[14:42:23] warmStart 46% (1094/2340) regret=0.042837 ape=0.5622
[14:42:23] warmStart 46% (1095/2340) regret=0.042597 ape=0.5613
[14:42:23] warmStart 46% (1096/2340) regret=0.042597 ape=0.5613
[14:42:23] warmStart 46% (1097/2340) regret=0.042597 ape=0.5613
[14:42:23] warmStart 46% (1098/2340) regret=0.042597 ape=0.5613
[14:42:23] warmStart 46% (1099/2340) regret=0.043114 ape=0.5613
[14:42:23] warmStart 47% (1100/2340) regret=0.042496 ape=0.5604
[14:42:24] warmStart 47% (1101/2340) regret=0.042496 ape=0.5604
[14:42:24] warmStart 47% (1102/2340) regret=0.042466 ape=0.5604
[14:42:24] warmStart 47% (1103/2340) regret=0.042364 ape=0.5604
[14:42:24] warmStart 47% (1104/2340) regret=0.042364 ape=0.5604
[14:42:24] warmStart 47% (1105/2340) regret=0.042364 ape=0.5604
[14:42:24] warmStart 47% (1106/2340) regret=0.042420 ape=0.5613
[14:42:25] warmStart 47% (1107/2340) regret=0.042420 ape=0.5613
[14:42:25] warmStart 47% (1108/2340) regret=0.042420 ape=0.5613
[14:42:25] warmStart 47% (1109/2340) regret=0.042420 ape=0.5613
[14:42:25] warmStart 47% (1110/2340) regret=0.042222 ape=0.5613
[14:42:25] warmStart 47% (1111/2340) regret=0.042438 ape=0.5613
[14:42:25] warmStart 47% (1112/2340) regret=0.042438 ape=0.5613
[14:42:26] warmStart 47% (1113/2340) regret=0.042438 ape=0.5613
[14:42:26] warmStart 47% (1114/2340) regret=0.042226 ape=0.5613
[14:42:26] warmStart 47% (1115/2340) regret=0.042093 ape=0.5604
[14:42:26] warmStart 47% (1116/2340) regret=0.042093 ape=0.5604
[14:42:26] warmStart 47% (1117/2340) regret=0.042093 ape=0.5604
[14:42:26] warmStart 47% (1118/2340) regret=0.042093 ape=0.5604
[14:42:26] warmStart 47% (1119/2340) regret=0.042093 ape=0.5604
[14:42:27] warmStart 47% (1120/2340) regret=0.042093 ape=0.5604
[14:42:27] warmStart 47% (1121/2340) regret=0.041991 ape=0.5604
[14:42:27] warmStart 47% (1122/2340) regret=0.041991 ape=0.5604
[14:42:27] warmStart 47% (1123/2340) regret=0.041991 ape=0.5604
[14:42:27] warmStart 48% (1124/2340) regret=0.041991 ape=0.5604
[14:42:27] warmStart 48% (1125/2340) regret=0.041991 ape=0.5604
[14:42:28] warmStart 48% (1126/2340) regret=0.041945 ape=0.5604
[14:42:28] warmStart 48% (1127/2340) regret=0.041945 ape=0.5604
[14:42:28] warmStart 48% (1128/2340) regret=0.041927 ape=0.5604
[14:42:28] warmStart 48% (1129/2340) regret=0.041636 ape=0.5604
[14:42:28] warmStart 48% (1130/2340) regret=0.041636 ape=0.5604
[14:42:28] warmStart 48% (1131/2340) regret=0.041636 ape=0.5604
[14:42:29] warmStart 48% (1132/2340) regret=0.041636 ape=0.5604
[14:42:29] warmStart 48% (1133/2340) regret=0.041636 ape=0.5604
[14:42:29] warmStart 48% (1134/2340) regret=0.041636 ape=0.5604
[14:42:29] warmStart 48% (1135/2340) regret=0.041636 ape=0.5604
[14:42:29] warmStart 48% (1136/2340) regret=0.041636 ape=0.5604
[14:42:29] warmStart 48% (1137/2340) regret=0.041636 ape=0.5604
[14:42:29] warmStart 48% (1138/2340) regret=0.041636 ape=0.5604
[14:42:30] warmStart 48% (1139/2340) regret=0.041636 ape=0.5604
[14:42:30] warmStart 48% (1140/2340) regret=0.041636 ape=0.5604
[14:42:30] warmStart 48% (1141/2340) regret=0.041636 ape=0.5604
[14:42:30] warmStart 48% (1142/2340) regret=0.041457 ape=0.5604
[14:42:30] warmStart 48% (1143/2340) regret=0.041457 ape=0.5604
[14:42:30] warmStart 48% (1144/2340) regret=0.041457 ape=0.5604
[14:42:31] warmStart 48% (1145/2340) regret=0.041457 ape=0.5604
[14:42:31] warmStart 48% (1146/2340) regret=0.041457 ape=0.5604
[14:42:31] warmStart 49% (1147/2340) regret=0.041457 ape=0.5604
[14:42:31] warmStart 49% (1148/2340) regret=0.041457 ape=0.5604
[14:42:31] warmStart 49% (1149/2340) regret=0.041457 ape=0.5604
[14:42:31] warmStart 49% (1150/2340) regret=0.041401 ape=0.5604
[14:42:32] warmStart 49% (1151/2340) regret=0.041401 ape=0.5604
[14:42:32] warmStart 49% (1152/2340) regret=0.040940 ape=0.5594
[14:42:32] warmStart 49% (1153/2340) regret=0.040940 ape=0.5594
[14:42:32] warmStart 49% (1154/2340) regret=0.040906 ape=0.5594
[14:42:32] warmStart 49% (1155/2340) regret=0.040906 ape=0.5594
[14:42:32] warmStart 49% (1156/2340) regret=0.040675 ape=0.5585
[14:42:32] warmStart 49% (1157/2340) regret=0.040675 ape=0.5585
[14:42:33] warmStart 49% (1158/2340) regret=0.040939 ape=0.5594
[14:42:33] warmStart 49% (1159/2340) regret=0.040939 ape=0.5594
[14:42:33] warmStart 49% (1160/2340) regret=0.040662 ape=0.5585
[14:42:33] warmStart 49% (1161/2340) regret=0.040662 ape=0.5585
[14:42:33] warmStart 49% (1162/2340) regret=0.040662 ape=0.5585
[14:42:33] warmStart 49% (1163/2340) regret=0.040662 ape=0.5585
[14:42:34] warmStart 49% (1164/2340) regret=0.040432 ape=0.5576
[14:42:34] warmStart 49% (1165/2340) regret=0.040432 ape=0.5576
[14:42:34] warmStart 49% (1166/2340) regret=0.040174 ape=0.5576
[14:42:34] warmStart 49% (1167/2340) regret=0.040174 ape=0.5576
[14:42:34] warmStart 49% (1168/2340) regret=0.040174 ape=0.5576
[14:42:34] warmStart 49% (1169/2340) regret=0.040174 ape=0.5576
[14:42:34] warmStart 50% (1170/2340) regret=0.040100 ape=0.5576
[14:42:35] warmStart 50% (1171/2340) regret=0.040164 ape=0.5576
[14:42:35] warmStart 50% (1172/2340) regret=0.040423 ape=0.5576
[14:42:35] warmStart 50% (1173/2340) regret=0.040423 ape=0.5576
[14:42:35] warmStart 50% (1174/2340) regret=0.040399 ape=0.5567
[14:42:35] warmStart 50% (1175/2340) regret=0.040399 ape=0.5567
[14:42:35] warmStart 50% (1176/2340) regret=0.040399 ape=0.5567
[14:42:36] warmStart 50% (1177/2340) regret=0.040399 ape=0.5567
[14:42:36] warmStart 50% (1178/2340) regret=0.040399 ape=0.5567
[14:42:36] warmStart 50% (1179/2340) regret=0.040075 ape=0.5558
[14:42:36] warmStart 50% (1180/2340) regret=0.040071 ape=0.5558
[14:42:36] warmStart 50% (1181/2340) regret=0.040071 ape=0.5558
[14:42:36] warmStart 50% (1182/2340) regret=0.040071 ape=0.5558
[14:42:36] warmStart 50% (1183/2340) regret=0.040071 ape=0.5558
[14:42:37] warmStart 50% (1184/2340) regret=0.040071 ape=0.5558
[14:42:37] warmStart 50% (1185/2340) regret=0.040071 ape=0.5558
[14:42:37] warmStart 50% (1186/2340) regret=0.040181 ape=0.5558
[14:42:37] warmStart 50% (1187/2340) regret=0.040002 ape=0.5558
[14:42:37] warmStart 50% (1188/2340) regret=0.040002 ape=0.5558
[14:42:37] warmStart 50% (1189/2340) regret=0.039882 ape=0.5558
[14:42:38] warmStart 50% (1190/2340) regret=0.039882 ape=0.5558
[14:42:38] warmStart 50% (1191/2340) regret=0.039882 ape=0.5558
[14:42:38] warmStart 50% (1192/2340) regret=0.039882 ape=0.5558
[14:42:38] warmStart 50% (1193/2340) regret=0.039882 ape=0.5558
[14:42:38] warmStart 51% (1194/2340) regret=0.039882 ape=0.5558
[14:42:38] warmStart 51% (1195/2340) regret=0.039882 ape=0.5558
[14:42:38] warmStart 51% (1196/2340) regret=0.039882 ape=0.5558
[14:42:39] warmStart 51% (1197/2340) regret=0.039593 ape=0.5548
[14:42:39] warmStart 51% (1198/2340) regret=0.039593 ape=0.5548
[14:42:39] warmStart 51% (1199/2340) regret=0.039593 ape=0.5548
[14:42:39] warmStart 51% (1200/2340) regret=0.039593 ape=0.5548
[14:42:39] warmStart 51% (1201/2340) regret=0.039596 ape=0.5548
[14:42:39] warmStart 51% (1202/2340) regret=0.039593 ape=0.5548
[14:42:39] warmStart 51% (1203/2340) regret=0.039563 ape=0.5539
[14:42:40] warmStart 51% (1204/2340) regret=0.039693 ape=0.5539
[14:42:40] warmStart 51% (1205/2340) regret=0.039700 ape=0.5539
[14:42:40] warmStart 51% (1206/2340) regret=0.039681 ape=0.5539
[14:42:40] warmStart 51% (1207/2340) regret=0.039488 ape=0.5539
[14:42:40] warmStart 51% (1208/2340) regret=0.039571 ape=0.5548
[14:42:40] warmStart 51% (1209/2340) regret=0.039488 ape=0.5539
[14:42:41] warmStart 51% (1210/2340) regret=0.039423 ape=0.5539
[14:42:41] warmStart 51% (1211/2340) regret=0.039423 ape=0.5539
[14:42:41] warmStart 51% (1212/2340) regret=0.039423 ape=0.5539
[14:42:41] warmStart 51% (1213/2340) regret=0.039423 ape=0.5539
[14:42:41] warmStart 51% (1214/2340) regret=0.039489 ape=0.5530
[14:42:41] warmStart 51% (1215/2340) regret=0.039489 ape=0.5530
[14:42:42] warmStart 51% (1216/2340) regret=0.039443 ape=0.5530
[14:42:42] warmStart 52% (1217/2340) regret=0.039447 ape=0.5530
[14:42:42] warmStart 52% (1218/2340) regret=0.039447 ape=0.5530
[14:42:42] warmStart 52% (1219/2340) regret=0.039447 ape=0.5530
[14:42:42] warmStart 52% (1220/2340) regret=0.039447 ape=0.5530
[14:42:42] warmStart 52% (1221/2340) regret=0.039447 ape=0.5530
[14:42:43] warmStart 52% (1222/2340) regret=0.039447 ape=0.5530
[14:42:43] warmStart 52% (1223/2340) regret=0.039447 ape=0.5530
[14:42:43] warmStart 52% (1224/2340) regret=0.039447 ape=0.5530
[14:42:43] warmStart 52% (1225/2340) regret=0.039475 ape=0.5530
[14:42:43] warmStart 52% (1226/2340) regret=0.039475 ape=0.5530
[14:42:43] warmStart 52% (1227/2340) regret=0.039475 ape=0.5530
[14:42:43] warmStart 52% (1228/2340) regret=0.039475 ape=0.5530
[14:42:44] warmStart 52% (1229/2340) regret=0.039447 ape=0.5530
[14:42:44] warmStart 52% (1230/2340) regret=0.039512 ape=0.5530
[14:42:44] warmStart 52% (1231/2340) regret=0.039512 ape=0.5530
[14:42:44] warmStart 52% (1232/2340) regret=0.039512 ape=0.5530
[14:42:44] warmStart 52% (1233/2340) regret=0.039512 ape=0.5530
[14:42:44] warmStart 52% (1234/2340) regret=0.039512 ape=0.5530
[14:42:45] warmStart 52% (1235/2340) regret=0.039512 ape=0.5530
[14:42:45] warmStart 52% (1236/2340) regret=0.039512 ape=0.5530
[14:42:45] warmStart 52% (1237/2340) regret=0.039419 ape=0.5521
[14:42:45] warmStart 52% (1238/2340) regret=0.039368 ape=0.5512
[14:42:45] warmStart 52% (1239/2340) regret=0.039368 ape=0.5512
[14:42:45] warmStart 52% (1240/2340) regret=0.039368 ape=0.5512
[14:42:45] warmStart 53% (1241/2340) regret=0.039368 ape=0.5512
[14:42:46] warmStart 53% (1242/2340) regret=0.039368 ape=0.5512
[14:42:46] warmStart 53% (1243/2340) regret=0.039368 ape=0.5512
[14:42:46] warmStart 53% (1244/2340) regret=0.039368 ape=0.5512
[14:42:46] warmStart 53% (1245/2340) regret=0.039368 ape=0.5512
[14:42:46] warmStart 53% (1246/2340) regret=0.039368 ape=0.5512
[14:42:46] warmStart 53% (1247/2340) regret=0.039368 ape=0.5512
[14:42:47] warmStart 53% (1248/2340) regret=0.039368 ape=0.5512
[14:42:47] warmStart 53% (1249/2340) regret=0.039414 ape=0.5512
[14:42:47] warmStart 53% (1250/2340) regret=0.039414 ape=0.5512
[14:42:47] warmStart 53% (1251/2340) regret=0.039414 ape=0.5512
[14:42:47] warmStart 53% (1252/2340) regret=0.039414 ape=0.5512
[14:42:47] warmStart 53% (1253/2340) regret=0.039414 ape=0.5512
[14:42:48] warmStart 53% (1254/2340) regret=0.039414 ape=0.5512
[14:42:48] warmStart 53% (1255/2340) regret=0.039414 ape=0.5512
[14:42:48] warmStart 53% (1256/2340) regret=0.039414 ape=0.5512
[14:42:48] warmStart 53% (1257/2340) regret=0.039414 ape=0.5512
[14:42:48] warmStart 53% (1258/2340) regret=0.039414 ape=0.5512
[14:42:48] warmStart 53% (1259/2340) regret=0.039414 ape=0.5512
[14:42:49] warmStart 53% (1260/2340) regret=0.039414 ape=0.5512
[14:42:49] warmStart 53% (1261/2340) regret=0.039414 ape=0.5512
[14:42:49] warmStart 53% (1262/2340) regret=0.039414 ape=0.5512
[14:42:49] warmStart 53% (1263/2340) regret=0.039414 ape=0.5512
[14:42:49] warmStart 54% (1264/2340) regret=0.039414 ape=0.5512
[14:42:49] warmStart 54% (1265/2340) regret=0.039414 ape=0.5512
[14:42:49] warmStart 54% (1266/2340) regret=0.039414 ape=0.5512
[14:42:50] warmStart 54% (1267/2340) regret=0.039414 ape=0.5512
[14:42:50] warmStart 54% (1268/2340) regret=0.039414 ape=0.5512
[14:42:50] warmStart 54% (1269/2340) regret=0.039414 ape=0.5512
[14:42:50] warmStart 54% (1270/2340) regret=0.039414 ape=0.5512
[14:42:50] warmStart 54% (1271/2340) regret=0.039414 ape=0.5512
[14:42:50] warmStart 54% (1272/2340) regret=0.039414 ape=0.5512
[14:42:50] warmStart 54% (1273/2340) regret=0.039414 ape=0.5512
[14:42:51] warmStart 54% (1274/2340) regret=0.039414 ape=0.5512
[14:42:51] warmStart 54% (1275/2340) regret=0.039414 ape=0.5512
[14:42:51] warmStart 54% (1276/2340) regret=0.039414 ape=0.5512
[14:42:51] warmStart 54% (1277/2340) regret=0.039414 ape=0.5512
[14:42:51] warmStart 54% (1278/2340) regret=0.039414 ape=0.5512
[14:42:51] warmStart 54% (1279/2340) regret=0.039414 ape=0.5512
[14:42:51] warmStart 54% (1280/2340) regret=0.039414 ape=0.5512
[14:42:52] warmStart 54% (1281/2340) regret=0.039414 ape=0.5512
[14:42:52] warmStart 54% (1282/2340) regret=0.039414 ape=0.5512
[14:42:52] warmStart 54% (1283/2340) regret=0.039414 ape=0.5512
[14:42:52] warmStart 54% (1284/2340) regret=0.039414 ape=0.5512
[14:42:52] warmStart 54% (1285/2340) regret=0.039414 ape=0.5512
[14:42:52] warmStart 54% (1286/2340) regret=0.039342 ape=0.5502
[14:42:53] warmStart 55% (1287/2340) regret=0.039342 ape=0.5502
[14:42:53] warmStart 55% (1288/2340) regret=0.039342 ape=0.5502
[14:42:53] warmStart 55% (1289/2340) regret=0.039342 ape=0.5502
[14:42:53] warmStart 55% (1290/2340) regret=0.039342 ape=0.5502
[14:42:53] warmStart 55% (1291/2340) regret=0.039342 ape=0.5502
[14:42:53] warmStart 55% (1292/2340) regret=0.039342 ape=0.5502
[14:42:53] warmStart 55% (1293/2340) regret=0.039229 ape=0.5502
[14:42:54] warmStart 55% (1294/2340) regret=0.039229 ape=0.5502
[14:42:54] warmStart 55% (1295/2340) regret=0.039236 ape=0.5502
[14:42:54] warmStart 55% (1296/2340) regret=0.039214 ape=0.5502
[14:42:54] warmStart 55% (1297/2340) regret=0.039214 ape=0.5502
[14:42:54] warmStart 55% (1298/2340) regret=0.039214 ape=0.5502
[14:42:54] warmStart 55% (1299/2340) regret=0.039279 ape=0.5502
[14:42:55] warmStart 55% (1300/2340) regret=0.039279 ape=0.5502
[14:42:55] warmStart 55% (1301/2340) regret=0.039328 ape=0.5502
[14:42:55] warmStart 55% (1302/2340) regret=0.038896 ape=0.5484
[14:42:55] warmStart 55% (1303/2340) regret=0.038792 ape=0.5484
[14:42:55] warmStart 55% (1304/2340) regret=0.038712 ape=0.5475
[14:42:55] warmStart 55% (1305/2340) regret=0.038712 ape=0.5475
[14:42:55] warmStart 55% (1306/2340) regret=0.038297 ape=0.5465
[14:42:56] warmStart 55% (1307/2340) regret=0.038085 ape=0.5456
[14:42:56] warmStart 55% (1308/2340) regret=0.038085 ape=0.5456
[14:42:56] warmStart 55% (1309/2340) regret=0.038085 ape=0.5456
[14:42:56] warmStart 55% (1310/2340) regret=0.038085 ape=0.5456
[14:42:56] warmStart 56% (1311/2340) regret=0.038085 ape=0.5456
[14:42:56] warmStart 56% (1312/2340) regret=0.038054 ape=0.5456
[14:42:57] warmStart 56% (1313/2340) regret=0.038054 ape=0.5456
[14:42:57] warmStart 56% (1314/2340) regret=0.038054 ape=0.5456
[14:42:57] warmStart 56% (1315/2340) regret=0.038054 ape=0.5456
[14:42:57] warmStart 56% (1316/2340) regret=0.038060 ape=0.5456
[14:42:57] warmStart 56% (1317/2340) regret=0.038060 ape=0.5456
[14:42:57] warmStart 56% (1318/2340) regret=0.038014 ape=0.5447
[14:42:58] warmStart 56% (1319/2340) regret=0.038014 ape=0.5447
[14:42:58] warmStart 56% (1320/2340) regret=0.038014 ape=0.5447
[14:42:58] warmStart 56% (1321/2340) regret=0.038014 ape=0.5447
[14:42:58] warmStart 56% (1322/2340) regret=0.037825 ape=0.5438
[14:42:58] warmStart 56% (1323/2340) regret=0.037825 ape=0.5438
[14:42:58] warmStart 56% (1324/2340) regret=0.037825 ape=0.5438
[14:42:59] warmStart 56% (1325/2340) regret=0.037825 ape=0.5438
[14:42:59] warmStart 56% (1326/2340) regret=0.038000 ape=0.5447
[14:42:59] warmStart 56% (1327/2340) regret=0.038000 ape=0.5447
[14:42:59] warmStart 56% (1328/2340) regret=0.038161 ape=0.5456
[14:42:59] warmStart 56% (1329/2340) regret=0.038019 ape=0.5456
[14:42:59] warmStart 56% (1330/2340) regret=0.038019 ape=0.5456
[14:42:59] warmStart 56% (1331/2340) regret=0.038069 ape=0.5465
[14:43:00] warmStart 56% (1332/2340) regret=0.038035 ape=0.5456
[14:43:00] warmStart 56% (1333/2340) regret=0.038035 ape=0.5456
[14:43:00] warmStart 57% (1334/2340) regret=0.038035 ape=0.5456
[14:43:00] warmStart 57% (1335/2340) regret=0.038035 ape=0.5456
[14:43:00] warmStart 57% (1336/2340) regret=0.038035 ape=0.5456
[14:43:00] warmStart 57% (1337/2340) regret=0.037934 ape=0.5456
[14:43:01] warmStart 57% (1338/2340) regret=0.037999 ape=0.5465
[14:43:01] warmStart 57% (1339/2340) regret=0.037934 ape=0.5456
[14:43:01] warmStart 57% (1340/2340) regret=0.037934 ape=0.5456
[14:43:01] warmStart 57% (1341/2340) regret=0.037934 ape=0.5456
[14:43:01] warmStart 57% (1342/2340) regret=0.037833 ape=0.5447
[14:43:01] warmStart 57% (1343/2340) regret=0.037833 ape=0.5447
[14:43:02] warmStart 57% (1344/2340) regret=0.037833 ape=0.5447
[14:43:02] warmStart 57% (1345/2340) regret=0.037833 ape=0.5447
[14:43:02] warmStart 57% (1346/2340) regret=0.037833 ape=0.5447
[14:43:02] warmStart 57% (1347/2340) regret=0.037833 ape=0.5447
[14:43:02] warmStart 57% (1348/2340) regret=0.037833 ape=0.5447
[14:43:02] warmStart 57% (1349/2340) regret=0.037768 ape=0.5438
[14:43:03] warmStart 57% (1350/2340) regret=0.037770 ape=0.5438
[14:43:03] warmStart 57% (1351/2340) regret=0.037770 ape=0.5438
[14:43:03] warmStart 57% (1352/2340) regret=0.037633 ape=0.5438
[14:43:03] warmStart 57% (1353/2340) regret=0.037633 ape=0.5438
[14:43:03] warmStart 57% (1354/2340) regret=0.037633 ape=0.5438
[14:43:03] warmStart 57% (1355/2340) regret=0.037633 ape=0.5438
[14:43:03] warmStart 57% (1356/2340) regret=0.037696 ape=0.5438
[14:43:04] warmStart 57% (1357/2340) regret=0.037633 ape=0.5438
[14:43:04] warmStart 58% (1358/2340) regret=0.037633 ape=0.5438
[14:43:04] warmStart 58% (1359/2340) regret=0.037633 ape=0.5438
[14:43:04] warmStart 58% (1360/2340) regret=0.037633 ape=0.5438
[14:43:04] warmStart 58% (1361/2340) regret=0.037218 ape=0.5438
[14:43:04] warmStart 58% (1362/2340) regret=0.037218 ape=0.5438
[14:43:05] warmStart 58% (1363/2340) regret=0.037218 ape=0.5438
[14:43:05] warmStart 58% (1364/2340) regret=0.037218 ape=0.5438
[14:43:05] warmStart 58% (1365/2340) regret=0.037218 ape=0.5438
[14:43:05] warmStart 58% (1366/2340) regret=0.037218 ape=0.5438
[14:43:05] warmStart 58% (1367/2340) regret=0.037140 ape=0.5438
[14:43:05] warmStart 58% (1368/2340) regret=0.037140 ape=0.5438
[14:43:06] warmStart 58% (1369/2340) regret=0.037140 ape=0.5438
[14:43:06] warmStart 58% (1370/2340) regret=0.037140 ape=0.5438
[14:43:06] warmStart 58% (1371/2340) regret=0.037130 ape=0.5429
[14:43:06] warmStart 58% (1372/2340) regret=0.037130 ape=0.5429
[14:43:06] warmStart 58% (1373/2340) regret=0.037130 ape=0.5429
[14:43:06] warmStart 58% (1374/2340) regret=0.037158 ape=0.5429
[14:43:07] warmStart 58% (1375/2340) regret=0.037158 ape=0.5429
[14:43:07] warmStart 58% (1376/2340) regret=0.037158 ape=0.5429
[14:43:07] warmStart 58% (1377/2340) regret=0.037158 ape=0.5429
[14:43:07] warmStart 58% (1378/2340) regret=0.037158 ape=0.5429
[14:43:07] warmStart 58% (1379/2340) regret=0.037158 ape=0.5429
[14:43:07] warmStart 58% (1380/2340) regret=0.037158 ape=0.5429
[14:43:08] warmStart 59% (1381/2340) regret=0.037158 ape=0.5429
[14:43:08] warmStart 59% (1382/2340) regret=0.037158 ape=0.5429
[14:43:08] warmStart 59% (1383/2340) regret=0.037158 ape=0.5429
[14:43:08] warmStart 59% (1384/2340) regret=0.037158 ape=0.5429
[14:43:08] warmStart 59% (1385/2340) regret=0.036568 ape=0.5419
[14:43:08] warmStart 59% (1386/2340) regret=0.036568 ape=0.5419
[14:43:09] warmStart 59% (1387/2340) regret=0.036568 ape=0.5419
[14:43:09] warmStart 59% (1388/2340) regret=0.036568 ape=0.5419
[14:43:09] warmStart 59% (1389/2340) regret=0.036568 ape=0.5419
[14:43:09] warmStart 59% (1390/2340) regret=0.036116 ape=0.5410
[14:43:09] warmStart 59% (1391/2340) regret=0.036116 ape=0.5410
[14:43:09] warmStart 59% (1392/2340) regret=0.036116 ape=0.5410
[14:43:10] warmStart 59% (1393/2340) regret=0.036116 ape=0.5410
[14:43:10] warmStart 59% (1394/2340) regret=0.036116 ape=0.5410
[14:43:10] warmStart 59% (1395/2340) regret=0.036116 ape=0.5410
[14:43:10] warmStart 59% (1396/2340) regret=0.036116 ape=0.5410
[14:43:10] warmStart 59% (1397/2340) regret=0.036116 ape=0.5410
[14:43:10] warmStart 59% (1398/2340) regret=0.036116 ape=0.5410
[14:43:10] warmStart 59% (1399/2340) regret=0.036116 ape=0.5410
[14:43:11] warmStart 59% (1400/2340) regret=0.036116 ape=0.5410
[14:43:11] warmStart 59% (1401/2340) regret=0.036116 ape=0.5410
[14:43:11] warmStart 59% (1402/2340) regret=0.036116 ape=0.5410
[14:43:11] warmStart 59% (1403/2340) regret=0.036116 ape=0.5410
[14:43:11] warmStart 60% (1404/2340) regret=0.036144 ape=0.5419
[14:43:11] warmStart 60% (1405/2340) regret=0.036121 ape=0.5419
[14:43:12] warmStart 60% (1406/2340) regret=0.036075 ape=0.5419
[14:43:12] warmStart 60% (1407/2340) regret=0.036075 ape=0.5419
[14:43:12] warmStart 60% (1408/2340) regret=0.036027 ape=0.5419
[14:43:12] warmStart 60% (1409/2340) regret=0.035852 ape=0.5410
[14:43:12] warmStart 60% (1410/2340) regret=0.035626 ape=0.5401
[14:43:12] warmStart 60% (1411/2340) regret=0.035626 ape=0.5401
[14:43:12] warmStart 60% (1412/2340) regret=0.035626 ape=0.5401
[14:43:13] warmStart 60% (1413/2340) regret=0.035426 ape=0.5382
[14:43:13] warmStart 60% (1414/2340) regret=0.035502 ape=0.5392
[14:43:13] warmStart 60% (1415/2340) regret=0.035502 ape=0.5392
[14:43:13] warmStart 60% (1416/2340) regret=0.035567 ape=0.5392
[14:43:13] warmStart 60% (1417/2340) regret=0.035567 ape=0.5392
[14:43:13] warmStart 60% (1418/2340) regret=0.035705 ape=0.5392
[14:43:14] warmStart 60% (1419/2340) regret=0.035539 ape=0.5392
[14:43:14] warmStart 60% (1420/2340) regret=0.035539 ape=0.5392
[14:43:14] warmStart 60% (1421/2340) regret=0.035410 ape=0.5392
[14:43:14] warmStart 60% (1422/2340) regret=0.035576 ape=0.5392
[14:43:14] warmStart 60% (1423/2340) regret=0.035530 ape=0.5392
[14:43:14] warmStart 60% (1424/2340) regret=0.035582 ape=0.5392
[14:43:15] warmStart 60% (1425/2340) regret=0.035576 ape=0.5392
[14:43:15] warmStart 60% (1426/2340) regret=0.035446 ape=0.5392
[14:43:15] warmStart 60% (1427/2340) regret=0.035424 ape=0.5392
[14:43:15] warmStart 61% (1428/2340) regret=0.035446 ape=0.5392
[14:43:15] warmStart 61% (1429/2340) regret=0.035477 ape=0.5392
[14:43:15] warmStart 61% (1430/2340) regret=0.035481 ape=0.5392
[14:43:16] warmStart 61% (1431/2340) regret=0.035476 ape=0.5392
[14:43:16] warmStart 61% (1432/2340) regret=0.035482 ape=0.5392
[14:43:16] warmStart 61% (1433/2340) regret=0.035454 ape=0.5392
[14:43:16] warmStart 61% (1434/2340) regret=0.035454 ape=0.5392
[14:43:16] warmStart 61% (1435/2340) regret=0.035344 ape=0.5392
[14:43:16] warmStart 61% (1436/2340) regret=0.035519 ape=0.5401
[14:43:16] warmStart 61% (1437/2340) regret=0.035519 ape=0.5401
[14:43:17] warmStart 61% (1438/2340) regret=0.035081 ape=0.5392
[14:43:17] warmStart 61% (1439/2340) regret=0.035081 ape=0.5392
[14:43:17] warmStart 61% (1440/2340) regret=0.035081 ape=0.5392
[14:43:17] warmStart 61% (1441/2340) regret=0.035081 ape=0.5392
[14:43:17] warmStart 61% (1442/2340) regret=0.035081 ape=0.5392
[14:43:17] warmStart 61% (1443/2340) regret=0.035081 ape=0.5392
[14:43:18] warmStart 61% (1444/2340) regret=0.035136 ape=0.5392
[14:43:18] warmStart 61% (1445/2340) regret=0.035136 ape=0.5392
[14:43:18] warmStart 61% (1446/2340) regret=0.035321 ape=0.5382
[14:43:18] warmStart 61% (1447/2340) regret=0.035321 ape=0.5382
[14:43:18] warmStart 61% (1448/2340) regret=0.035321 ape=0.5382
[14:43:18] warmStart 61% (1449/2340) regret=0.035321 ape=0.5382
[14:43:19] warmStart 61% (1450/2340) regret=0.035312 ape=0.5382
[14:43:19] warmStart 62% (1451/2340) regret=0.035312 ape=0.5382
[14:43:19] warmStart 62% (1452/2340) regret=0.035312 ape=0.5382
[14:43:19] warmStart 62% (1453/2340) regret=0.035312 ape=0.5382
[14:43:19] warmStart 62% (1454/2340) regret=0.034878 ape=0.5373
[14:43:19] warmStart 62% (1455/2340) regret=0.034464 ape=0.5364
[14:43:19] warmStart 62% (1456/2340) regret=0.034464 ape=0.5364
[14:43:20] warmStart 62% (1457/2340) regret=0.034464 ape=0.5364
[14:43:20] warmStart 62% (1458/2340) regret=0.034464 ape=0.5364
[14:43:20] warmStart 62% (1459/2340) regret=0.034464 ape=0.5364
[14:43:20] warmStart 62% (1460/2340) regret=0.034464 ape=0.5364
[14:43:20] warmStart 62% (1461/2340) regret=0.034464 ape=0.5364
[14:43:20] warmStart 62% (1462/2340) regret=0.034464 ape=0.5364
[14:43:21] warmStart 62% (1463/2340) regret=0.034464 ape=0.5364
[14:43:21] warmStart 62% (1464/2340) regret=0.034464 ape=0.5364
[14:43:21] warmStart 62% (1465/2340) regret=0.034464 ape=0.5364
[14:43:21] warmStart 62% (1466/2340) regret=0.034464 ape=0.5364
[14:43:21] warmStart 62% (1467/2340) regret=0.034464 ape=0.5364
[14:43:21] warmStart 62% (1468/2340) regret=0.034464 ape=0.5364
[14:43:21] warmStart 62% (1469/2340) regret=0.034464 ape=0.5364
[14:43:22] warmStart 62% (1470/2340) regret=0.034464 ape=0.5364
[14:43:22] warmStart 62% (1471/2340) regret=0.034464 ape=0.5364
[14:43:22] warmStart 62% (1472/2340) regret=0.034464 ape=0.5364
[14:43:22] warmStart 62% (1473/2340) regret=0.034464 ape=0.5364
[14:43:22] warmStart 62% (1474/2340) regret=0.034464 ape=0.5364
[14:43:22] warmStart 63% (1475/2340) regret=0.034464 ape=0.5364
[14:43:23] warmStart 63% (1476/2340) regret=0.034464 ape=0.5364
[14:43:23] warmStart 63% (1477/2340) regret=0.034464 ape=0.5364
[14:43:23] warmStart 63% (1478/2340) regret=0.034464 ape=0.5364
[14:43:23] warmStart 63% (1479/2340) regret=0.034464 ape=0.5364
[14:43:23] warmStart 63% (1480/2340) regret=0.034464 ape=0.5364
[14:43:23] warmStart 63% (1481/2340) regret=0.034464 ape=0.5364
[14:43:23] warmStart 63% (1482/2340) regret=0.034464 ape=0.5364
[14:43:24] warmStart 63% (1483/2340) regret=0.034464 ape=0.5364
[14:43:24] warmStart 63% (1484/2340) regret=0.034464 ape=0.5364
[14:43:24] warmStart 63% (1485/2340) regret=0.034464 ape=0.5364
[14:43:24] warmStart 63% (1486/2340) regret=0.034464 ape=0.5364
[14:43:24] warmStart 63% (1487/2340) regret=0.034464 ape=0.5364
[14:43:24] warmStart 63% (1488/2340) regret=0.034464 ape=0.5364
[14:43:25] warmStart 63% (1489/2340) regret=0.034464 ape=0.5364
[14:43:25] warmStart 63% (1490/2340) regret=0.034464 ape=0.5364
[14:43:25] warmStart 63% (1491/2340) regret=0.034464 ape=0.5364
[14:43:25] warmStart 63% (1492/2340) regret=0.034464 ape=0.5364
[14:43:25] warmStart 63% (1493/2340) regret=0.034464 ape=0.5364
[14:43:25] warmStart 63% (1494/2340) regret=0.034464 ape=0.5364
[14:43:25] warmStart 63% (1495/2340) regret=0.034464 ape=0.5364
[14:43:26] warmStart 63% (1496/2340) regret=0.034509 ape=0.5364
[14:43:26] warmStart 63% (1497/2340) regret=0.034509 ape=0.5364
[14:43:26] warmStart 64% (1498/2340) regret=0.034509 ape=0.5364
[14:43:26] warmStart 64% (1499/2340) regret=0.034509 ape=0.5364
[14:43:26] warmStart 64% (1500/2340) regret=0.034352 ape=0.5355
[14:43:26] warmStart 64% (1501/2340) regret=0.034352 ape=0.5355
[14:43:26] warmStart 64% (1502/2340) regret=0.034352 ape=0.5355
[14:43:27] warmStart 64% (1503/2340) regret=0.034352 ape=0.5355
[14:43:27] warmStart 64% (1504/2340) regret=0.034352 ape=0.5355
[14:43:27] warmStart 64% (1505/2340) regret=0.034352 ape=0.5355
[14:43:27] warmStart 64% (1506/2340) regret=0.034440 ape=0.5364
[14:43:27] warmStart 64% (1507/2340) regret=0.034440 ape=0.5364
[14:43:27] warmStart 64% (1508/2340) regret=0.034440 ape=0.5364
[14:43:27] warmStart 64% (1509/2340) regret=0.034440 ape=0.5364
[14:43:28] warmStart 64% (1510/2340) regret=0.034440 ape=0.5364
[14:43:28] warmStart 64% (1511/2340) regret=0.034509 ape=0.5373
[14:43:28] warmStart 64% (1512/2340) regret=0.034509 ape=0.5373
[14:43:28] warmStart 64% (1513/2340) regret=0.034509 ape=0.5373
[14:43:28] warmStart 64% (1514/2340) regret=0.034509 ape=0.5373
[14:43:28] warmStart 64% (1515/2340) regret=0.034509 ape=0.5373
[14:43:29] warmStart 64% (1516/2340) regret=0.034509 ape=0.5373
[14:43:29] warmStart 64% (1517/2340) regret=0.034501 ape=0.5373
[14:43:29] warmStart 64% (1518/2340) regret=0.034501 ape=0.5373
[14:43:29] warmStart 64% (1519/2340) regret=0.034501 ape=0.5373
[14:43:29] warmStart 64% (1520/2340) regret=0.034501 ape=0.5373
[14:43:29] warmStart 65% (1521/2340) regret=0.034501 ape=0.5373
[14:43:29] warmStart 65% (1522/2340) regret=0.034501 ape=0.5373
[14:43:30] warmStart 65% (1523/2340) regret=0.034501 ape=0.5373
[14:43:30] warmStart 65% (1524/2340) regret=0.034501 ape=0.5373
[14:43:30] warmStart 65% (1525/2340) regret=0.034501 ape=0.5373
[14:43:30] warmStart 65% (1526/2340) regret=0.034501 ape=0.5373
[14:43:30] warmStart 65% (1527/2340) regret=0.034501 ape=0.5373
[14:43:30] warmStart 65% (1528/2340) regret=0.034501 ape=0.5373
[14:43:31] warmStart 65% (1529/2340) regret=0.034474 ape=0.5364
[14:43:31] warmStart 65% (1530/2340) regret=0.034474 ape=0.5364
[14:43:31] warmStart 65% (1531/2340) regret=0.034568 ape=0.5364
[14:43:31] warmStart 65% (1532/2340) regret=0.034520 ape=0.5364
[14:43:31] warmStart 65% (1533/2340) regret=0.034520 ape=0.5364
[14:43:32] warmStart 65% (1534/2340) regret=0.034520 ape=0.5364
[14:43:32] warmStart 65% (1535/2340) regret=0.034520 ape=0.5364
[14:43:32] warmStart 65% (1536/2340) regret=0.034520 ape=0.5364
[14:43:32] warmStart 65% (1537/2340) regret=0.034543 ape=0.5364
[14:43:32] warmStart 65% (1538/2340) regret=0.034520 ape=0.5364
[14:43:32] warmStart 65% (1539/2340) regret=0.034279 ape=0.5355
[14:43:33] warmStart 65% (1540/2340) regret=0.034308 ape=0.5355
[14:43:33] warmStart 65% (1541/2340) regret=0.034212 ape=0.5346
[14:43:33] warmStart 65% (1542/2340) regret=0.034123 ape=0.5346
[14:43:33] warmStart 65% (1543/2340) regret=0.034391 ape=0.5346
[14:43:33] warmStart 65% (1544/2340) regret=0.034474 ape=0.5355
[14:43:33] warmStart 66% (1545/2340) regret=0.034547 ape=0.5355
[14:43:33] warmStart 66% (1546/2340) regret=0.034474 ape=0.5355
[14:43:34] warmStart 66% (1547/2340) regret=0.034474 ape=0.5355
[14:43:34] warmStart 66% (1548/2340) regret=0.034474 ape=0.5355
[14:43:34] warmStart 66% (1549/2340) regret=0.034441 ape=0.5355
[14:43:34] warmStart 66% (1550/2340) regret=0.034418 ape=0.5355
[14:43:34] warmStart 66% (1551/2340) regret=0.034551 ape=0.5364
[14:43:34] warmStart 66% (1552/2340) regret=0.034551 ape=0.5364
[14:43:35] warmStart 66% (1553/2340) regret=0.034505 ape=0.5364
[14:43:35] warmStart 66% (1554/2340) regret=0.034455 ape=0.5364
[14:43:35] warmStart 66% (1555/2340) regret=0.034363 ape=0.5364
[14:43:35] warmStart 66% (1556/2340) regret=0.034363 ape=0.5364
[14:43:35] warmStart 66% (1557/2340) regret=0.034363 ape=0.5364
[14:43:35] warmStart 66% (1558/2340) regret=0.034446 ape=0.5364
[14:43:35] warmStart 66% (1559/2340) regret=0.034382 ape=0.5364
[14:43:36] warmStart 66% (1560/2340) regret=0.034317 ape=0.5364
[14:43:36] warmStart 66% (1561/2340) regret=0.034317 ape=0.5364
[14:43:36] warmStart 66% (1562/2340) regret=0.034317 ape=0.5364
[14:43:36] warmStart 66% (1563/2340) regret=0.034317 ape=0.5364
[14:43:36] warmStart 66% (1564/2340) regret=0.034317 ape=0.5364
[14:43:36] warmStart 66% (1565/2340) regret=0.034313 ape=0.5364
[14:43:37] warmStart 66% (1566/2340) regret=0.034577 ape=0.5364
[14:43:37] warmStart 66% (1567/2340) regret=0.034313 ape=0.5364
[14:43:37] warmStart 67% (1568/2340) regret=0.034313 ape=0.5364
[14:43:37] warmStart 67% (1569/2340) regret=0.034313 ape=0.5364
[14:43:37] warmStart 67% (1570/2340) regret=0.034240 ape=0.5364
[14:43:37] warmStart 67% (1571/2340) regret=0.034247 ape=0.5364
[14:43:38] warmStart 67% (1572/2340) regret=0.034240 ape=0.5364
[14:43:38] warmStart 67% (1573/2340) regret=0.034185 ape=0.5364
[14:43:38] warmStart 67% (1574/2340) regret=0.034028 ape=0.5355
[14:43:38] warmStart 67% (1575/2340) regret=0.033904 ape=0.5355
[14:43:38] warmStart 67% (1576/2340) regret=0.033842 ape=0.5355
[14:43:38] warmStart 67% (1577/2340) regret=0.033962 ape=0.5355
[14:43:39] warmStart 67% (1578/2340) regret=0.034023 ape=0.5346
[14:43:39] warmStart 67% (1579/2340) regret=0.033879 ape=0.5336
[14:43:39] warmStart 67% (1580/2340) regret=0.033860 ape=0.5336
[14:43:39] warmStart 67% (1581/2340) regret=0.033805 ape=0.5327
[14:43:39] warmStart 67% (1582/2340) regret=0.034081 ape=0.5327
[14:43:39] warmStart 67% (1583/2340) regret=0.033777 ape=0.5318
[14:43:40] warmStart 67% (1584/2340) regret=0.033796 ape=0.5318
[14:43:40] warmStart 67% (1585/2340) regret=0.033763 ape=0.5327
[14:43:40] warmStart 67% (1586/2340) regret=0.033650 ape=0.5327
[14:43:40] warmStart 67% (1587/2340) regret=0.033594 ape=0.5318
[14:43:40] warmStart 67% (1588/2340) regret=0.033567 ape=0.5309
[14:43:40] warmStart 67% (1589/2340) regret=0.033567 ape=0.5309
[14:43:41] warmStart 67% (1590/2340) regret=0.033567 ape=0.5309
[14:43:41] warmStart 67% (1591/2340) regret=0.033567 ape=0.5309
[14:43:41] warmStart 68% (1592/2340) regret=0.033567 ape=0.5309
[14:43:41] warmStart 68% (1593/2340) regret=0.033567 ape=0.5309
[14:43:41] warmStart 68% (1594/2340) regret=0.033567 ape=0.5309
[14:43:41] warmStart 68% (1595/2340) regret=0.033558 ape=0.5300
[14:43:42] warmStart 68% (1596/2340) regret=0.033558 ape=0.5300
[14:43:42] warmStart 68% (1597/2340) regret=0.033558 ape=0.5300
[14:43:42] warmStart 68% (1598/2340) regret=0.033419 ape=0.5290
[14:43:42] warmStart 68% (1599/2340) regret=0.033419 ape=0.5290
[14:43:42] warmStart 68% (1600/2340) regret=0.033419 ape=0.5290
[14:43:42] warmStart 68% (1601/2340) regret=0.033419 ape=0.5290
[14:43:42] warmStart 68% (1602/2340) regret=0.033419 ape=0.5290
[14:43:43] warmStart 68% (1603/2340) regret=0.033419 ape=0.5290
[14:43:43] warmStart 68% (1604/2340) regret=0.033774 ape=0.5290
[14:43:43] warmStart 68% (1605/2340) regret=0.033419 ape=0.5290
[14:43:43] warmStart 68% (1606/2340) regret=0.033161 ape=0.5281
[14:43:43] warmStart 68% (1607/2340) regret=0.033078 ape=0.5272
[14:43:43] warmStart 68% (1608/2340) regret=0.033078 ape=0.5272
[14:43:44] warmStart 68% (1609/2340) regret=0.033078 ape=0.5272
[14:43:44] warmStart 68% (1610/2340) regret=0.033078 ape=0.5272
[14:43:44] warmStart 68% (1611/2340) regret=0.033078 ape=0.5272
[14:43:44] warmStart 68% (1612/2340) regret=0.033078 ape=0.5272
[14:43:44] warmStart 68% (1613/2340) regret=0.033078 ape=0.5272
[14:43:44] warmStart 68% (1614/2340) regret=0.033078 ape=0.5272
[14:43:45] warmStart 69% (1615/2340) regret=0.033078 ape=0.5272
[14:43:45] warmStart 69% (1616/2340) regret=0.033078 ape=0.5272
[14:43:45] warmStart 69% (1617/2340) regret=0.033078 ape=0.5272
[14:43:45] warmStart 69% (1618/2340) regret=0.033078 ape=0.5272
[14:43:45] warmStart 69% (1619/2340) regret=0.033078 ape=0.5272
[14:43:45] warmStart 69% (1620/2340) regret=0.033078 ape=0.5272
[14:43:46] warmStart 69% (1621/2340) regret=0.033078 ape=0.5272
[14:43:46] warmStart 69% (1622/2340) regret=0.033078 ape=0.5272
[14:43:46] warmStart 69% (1623/2340) regret=0.033078 ape=0.5272
[14:43:46] warmStart 69% (1624/2340) regret=0.033051 ape=0.5263
[14:43:46] warmStart 69% (1625/2340) regret=0.033051 ape=0.5263
[14:43:46] warmStart 69% (1626/2340) regret=0.033051 ape=0.5263
[14:43:46] warmStart 69% (1627/2340) regret=0.033051 ape=0.5263
[14:43:47] warmStart 69% (1628/2340) regret=0.033051 ape=0.5263
[14:43:47] warmStart 69% (1629/2340) regret=0.033051 ape=0.5263
[14:43:47] warmStart 69% (1630/2340) regret=0.033051 ape=0.5263
[14:43:47] warmStart 69% (1631/2340) regret=0.033051 ape=0.5263
[14:43:47] warmStart 69% (1632/2340) regret=0.033051 ape=0.5263
[14:43:47] warmStart 69% (1633/2340) regret=0.033051 ape=0.5263
[14:43:48] warmStart 69% (1634/2340) regret=0.033051 ape=0.5263
[14:43:48] warmStart 69% (1635/2340) regret=0.033051 ape=0.5263
[14:43:48] warmStart 69% (1636/2340) regret=0.033051 ape=0.5263
[14:43:48] warmStart 69% (1637/2340) regret=0.033051 ape=0.5263
[14:43:48] warmStart 70% (1638/2340) regret=0.033051 ape=0.5263
[14:43:49] warmStart 70% (1639/2340) regret=0.033051 ape=0.5263
[14:43:49] warmStart 70% (1640/2340) regret=0.033051 ape=0.5263
[14:43:49] warmStart 70% (1641/2340) regret=0.033051 ape=0.5263
[14:43:49] warmStart 70% (1642/2340) regret=0.032925 ape=0.5253
[14:43:49] warmStart 70% (1643/2340) regret=0.032983 ape=0.5253
[14:43:49] warmStart 70% (1644/2340) regret=0.032978 ape=0.5244
[14:43:49] warmStart 70% (1645/2340) regret=0.032978 ape=0.5244
[14:43:50] warmStart 70% (1646/2340) regret=0.032978 ape=0.5244
[14:43:50] warmStart 70% (1647/2340) regret=0.032978 ape=0.5244
[14:43:50] warmStart 70% (1648/2340) regret=0.032978 ape=0.5244
[14:43:50] warmStart 70% (1649/2340) regret=0.032978 ape=0.5244
[14:43:50] warmStart 70% (1650/2340) regret=0.032978 ape=0.5244
[14:43:50] warmStart 70% (1651/2340) regret=0.032978 ape=0.5244
[14:43:50] warmStart 70% (1652/2340) regret=0.032978 ape=0.5244
[14:43:51] warmStart 70% (1653/2340) regret=0.032978 ape=0.5244
[14:43:51] warmStart 70% (1654/2340) regret=0.032978 ape=0.5244
[14:43:51] warmStart 70% (1655/2340) regret=0.032978 ape=0.5244
[14:43:51] warmStart 70% (1656/2340) regret=0.032978 ape=0.5244
[14:43:51] warmStart 70% (1657/2340) regret=0.032978 ape=0.5244
[14:43:51] warmStart 70% (1658/2340) regret=0.032978 ape=0.5244
[14:43:52] warmStart 70% (1659/2340) regret=0.032978 ape=0.5244
[14:43:52] warmStart 70% (1660/2340) regret=0.032978 ape=0.5244
[14:43:52] warmStart 70% (1661/2340) regret=0.032978 ape=0.5244
[14:43:52] warmStart 71% (1662/2340) regret=0.032978 ape=0.5244
[14:43:52] warmStart 71% (1663/2340) regret=0.032978 ape=0.5244
[14:43:52] warmStart 71% (1664/2340) regret=0.032969 ape=0.5244
[14:43:53] warmStart 71% (1665/2340) regret=0.032969 ape=0.5244
[14:43:53] warmStart 71% (1666/2340) regret=0.032969 ape=0.5244
[14:43:53] warmStart 71% (1667/2340) regret=0.032969 ape=0.5244
[14:43:53] warmStart 71% (1668/2340) regret=0.032969 ape=0.5244
[14:43:53] warmStart 71% (1669/2340) regret=0.032969 ape=0.5244
[14:43:53] warmStart 71% (1670/2340) regret=0.032969 ape=0.5244
[14:43:53] warmStart 71% (1671/2340) regret=0.032969 ape=0.5244
[14:43:54] warmStart 71% (1672/2340) regret=0.032969 ape=0.5244
[14:43:54] warmStart 71% (1673/2340) regret=0.032969 ape=0.5244
[14:43:54] warmStart 71% (1674/2340) regret=0.032969 ape=0.5244
[14:43:54] warmStart 71% (1675/2340) regret=0.032967 ape=0.5244
[14:43:54] warmStart 71% (1676/2340) regret=0.032967 ape=0.5244
[14:43:55] warmStart 71% (1677/2340) regret=0.032967 ape=0.5244
[14:43:55] warmStart 71% (1678/2340) regret=0.032967 ape=0.5244
[14:43:55] warmStart 71% (1679/2340) regret=0.032953 ape=0.5244
[14:43:55] warmStart 71% (1680/2340) regret=0.032953 ape=0.5244
[14:43:55] warmStart 71% (1681/2340) regret=0.032953 ape=0.5244
[14:43:55] warmStart 71% (1682/2340) regret=0.032953 ape=0.5244
[14:43:55] warmStart 71% (1683/2340) regret=0.032953 ape=0.5244
[14:43:56] warmStart 71% (1684/2340) regret=0.032953 ape=0.5244
[14:43:56] warmStart 72% (1685/2340) regret=0.032953 ape=0.5244
[14:43:56] warmStart 72% (1686/2340) regret=0.032981 ape=0.5253
[14:43:56] warmStart 72% (1687/2340) regret=0.032981 ape=0.5253
[14:43:56] warmStart 72% (1688/2340) regret=0.032981 ape=0.5253
[14:43:56] warmStart 72% (1689/2340) regret=0.032981 ape=0.5253
[14:43:56] warmStart 72% (1690/2340) regret=0.032981 ape=0.5253
[14:43:57] warmStart 72% (1691/2340) regret=0.033253 ape=0.5263
[14:43:57] warmStart 72% (1692/2340) regret=0.032981 ape=0.5253
[14:43:57] warmStart 72% (1693/2340) regret=0.032981 ape=0.5253
[14:43:57] warmStart 72% (1694/2340) regret=0.032981 ape=0.5253
[14:43:57] warmStart 72% (1695/2340) regret=0.032981 ape=0.5253
[14:43:57] warmStart 72% (1696/2340) regret=0.032981 ape=0.5253
[14:43:58] warmStart 72% (1697/2340) regret=0.032981 ape=0.5253
[14:43:58] warmStart 72% (1698/2340) regret=0.032981 ape=0.5253
[14:43:58] warmStart 72% (1699/2340) regret=0.032981 ape=0.5253
[14:43:58] warmStart 72% (1700/2340) regret=0.033002 ape=0.5253
[14:43:58] warmStart 72% (1701/2340) regret=0.033002 ape=0.5253
[14:43:58] warmStart 72% (1702/2340) regret=0.033002 ape=0.5253
[14:43:59] warmStart 72% (1703/2340) regret=0.033023 ape=0.5253
[14:43:59] warmStart 72% (1704/2340) regret=0.033023 ape=0.5253
[14:43:59] warmStart 72% (1705/2340) regret=0.033023 ape=0.5253
[14:43:59] warmStart 72% (1706/2340) regret=0.033023 ape=0.5253
[14:43:59] warmStart 72% (1707/2340) regret=0.033023 ape=0.5253
[14:43:59] warmStart 72% (1708/2340) regret=0.033023 ape=0.5253
[14:43:59] warmStart 73% (1709/2340) regret=0.033023 ape=0.5253
[14:44:00] warmStart 73% (1710/2340) regret=0.033050 ape=0.5253
[14:44:00] warmStart 73% (1711/2340) regret=0.033022 ape=0.5244
[14:44:00] warmStart 73% (1712/2340) regret=0.032870 ape=0.5235
[14:44:00] warmStart 73% (1713/2340) regret=0.032870 ape=0.5235
[14:44:00] warmStart 73% (1714/2340) regret=0.032870 ape=0.5235
[14:44:00] warmStart 73% (1715/2340) regret=0.032870 ape=0.5235
[14:44:01] warmStart 73% (1716/2340) regret=0.032870 ape=0.5235
[14:44:01] warmStart 73% (1717/2340) regret=0.032743 ape=0.5226
[14:44:01] warmStart 73% (1718/2340) regret=0.032568 ape=0.5217
[14:44:01] warmStart 73% (1719/2340) regret=0.032582 ape=0.5226
[14:44:01] warmStart 73% (1720/2340) regret=0.032582 ape=0.5226
[14:44:01] warmStart 73% (1721/2340) regret=0.032582 ape=0.5226
[14:44:01] warmStart 73% (1722/2340) regret=0.032582 ape=0.5226
[14:44:02] warmStart 73% (1723/2340) regret=0.032582 ape=0.5226
[14:44:02] warmStart 73% (1724/2340) regret=0.032582 ape=0.5226
[14:44:02] warmStart 73% (1725/2340) regret=0.032582 ape=0.5226
[14:44:02] warmStart 73% (1726/2340) regret=0.032517 ape=0.5217
[14:44:02] warmStart 73% (1727/2340) regret=0.032453 ape=0.5217
[14:44:02] warmStart 73% (1728/2340) regret=0.032462 ape=0.5217
[14:44:03] warmStart 73% (1729/2340) regret=0.032467 ape=0.5217
[14:44:03] warmStart 73% (1730/2340) regret=0.032440 ape=0.5217
[14:44:03] warmStart 73% (1731/2340) regret=0.032440 ape=0.5217
[14:44:03] warmStart 74% (1732/2340) regret=0.032440 ape=0.5217
[14:44:03] warmStart 74% (1733/2340) regret=0.032302 ape=0.5217
[14:44:03] warmStart 74% (1734/2340) regret=0.032302 ape=0.5217
[14:44:04] warmStart 74% (1735/2340) regret=0.032302 ape=0.5217
[14:44:04] warmStart 74% (1736/2340) regret=0.032302 ape=0.5217
[14:44:04] warmStart 74% (1737/2340) regret=0.032302 ape=0.5217
[14:44:04] warmStart 74% (1738/2340) regret=0.032302 ape=0.5217
[14:44:04] warmStart 74% (1739/2340) regret=0.032302 ape=0.5217
[14:44:04] warmStart 74% (1740/2340) regret=0.032302 ape=0.5217
[14:44:05] warmStart 74% (1741/2340) regret=0.032302 ape=0.5217
[14:44:05] warmStart 74% (1742/2340) regret=0.032348 ape=0.5226
[14:44:05] warmStart 74% (1743/2340) regret=0.032302 ape=0.5217
[14:44:05] warmStart 74% (1744/2340) regret=0.032302 ape=0.5217
[14:44:05] warmStart 74% (1745/2340) regret=0.032302 ape=0.5217
[14:44:05] warmStart 74% (1746/2340) regret=0.032302 ape=0.5217
[14:44:05] warmStart 74% (1747/2340) regret=0.032302 ape=0.5217
[14:44:06] warmStart 74% (1748/2340) regret=0.032302 ape=0.5217
[14:44:06] warmStart 74% (1749/2340) regret=0.032302 ape=0.5217
[14:44:06] warmStart 74% (1750/2340) regret=0.032302 ape=0.5217
[14:44:06] warmStart 74% (1751/2340) regret=0.032302 ape=0.5217
[14:44:06] warmStart 74% (1752/2340) regret=0.032302 ape=0.5217
[14:44:06] warmStart 74% (1753/2340) regret=0.032302 ape=0.5217
[14:44:07] warmStart 74% (1754/2340) regret=0.032302 ape=0.5217
[14:44:07] warmStart 75% (1755/2340) regret=0.032302 ape=0.5217
[14:44:07] warmStart 75% (1756/2340) regret=0.032302 ape=0.5217
[14:44:07] warmStart 75% (1757/2340) regret=0.032373 ape=0.5226
[14:44:07] warmStart 75% (1758/2340) regret=0.032334 ape=0.5226
[14:44:07] warmStart 75% (1759/2340) regret=0.032334 ape=0.5226
[14:44:08] warmStart 75% (1760/2340) regret=0.032334 ape=0.5226
[14:44:08] warmStart 75% (1761/2340) regret=0.032338 ape=0.5226
[14:44:08] warmStart 75% (1762/2340) regret=0.032338 ape=0.5226
[14:44:08] warmStart 75% (1763/2340) regret=0.032338 ape=0.5226
[14:44:08] warmStart 75% (1764/2340) regret=0.032338 ape=0.5226
[14:44:08] warmStart 75% (1765/2340) regret=0.032006 ape=0.5217
[14:44:09] warmStart 75% (1766/2340) regret=0.032006 ape=0.5217
[14:44:09] warmStart 75% (1767/2340) regret=0.032006 ape=0.5217
[14:44:09] warmStart 75% (1768/2340) regret=0.032006 ape=0.5217
[14:44:09] warmStart 75% (1769/2340) regret=0.032006 ape=0.5217
[14:44:09] warmStart 75% (1770/2340) regret=0.032006 ape=0.5217
[14:44:09] warmStart 75% (1771/2340) regret=0.032006 ape=0.5217
[14:44:09] warmStart 75% (1772/2340) regret=0.032006 ape=0.5217
[14:44:10] warmStart 75% (1773/2340) regret=0.032006 ape=0.5217
[14:44:10] warmStart 75% (1774/2340) regret=0.032006 ape=0.5217
[14:44:10] warmStart 75% (1775/2340) regret=0.032006 ape=0.5217
[14:44:10] warmStart 75% (1776/2340) regret=0.032006 ape=0.5217
[14:44:10] warmStart 75% (1777/2340) regret=0.032016 ape=0.5217
[14:44:10] warmStart 75% (1778/2340) regret=0.032016 ape=0.5217
[14:44:11] warmStart 76% (1779/2340) regret=0.032016 ape=0.5217
[14:44:11] warmStart 76% (1780/2340) regret=0.032016 ape=0.5217
[14:44:11] warmStart 76% (1781/2340) regret=0.032034 ape=0.5217
[14:44:11] warmStart 76% (1782/2340) regret=0.032034 ape=0.5217
[14:44:11] warmStart 76% (1783/2340) regret=0.031942 ape=0.5207
[14:44:11] warmStart 76% (1784/2340) regret=0.032016 ape=0.5217
[14:44:12] warmStart 76% (1785/2340) regret=0.032034 ape=0.5217
[14:44:12] warmStart 76% (1786/2340) regret=0.032034 ape=0.5217
[14:44:12] warmStart 76% (1787/2340) regret=0.032043 ape=0.5217
[14:44:12] warmStart 76% (1788/2340) regret=0.032043 ape=0.5217
[14:44:12] warmStart 76% (1789/2340) regret=0.032034 ape=0.5207
[14:44:12] warmStart 76% (1790/2340) regret=0.032126 ape=0.5217
[14:44:13] warmStart 76% (1791/2340) regret=0.032094 ape=0.5207
[14:44:13] warmStart 76% (1792/2340) regret=0.032380 ape=0.5217
[14:44:13] warmStart 76% (1793/2340) regret=0.032204 ape=0.5217
[14:44:13] warmStart 76% (1794/2340) regret=0.032204 ape=0.5217
[14:44:13] warmStart 76% (1795/2340) regret=0.032204 ape=0.5217
[14:44:13] warmStart 76% (1796/2340) regret=0.032204 ape=0.5217
[14:44:13] warmStart 76% (1797/2340) regret=0.032131 ape=0.5207
[14:44:14] warmStart 76% (1798/2340) regret=0.032029 ape=0.5207
[14:44:14] warmStart 76% (1799/2340) regret=0.032029 ape=0.5207
[14:44:14] warmStart 76% (1800/2340) regret=0.032094 ape=0.5207
[14:44:14] warmStart 76% (1801/2340) regret=0.032094 ape=0.5207
[14:44:14] warmStart 77% (1802/2340) regret=0.032094 ape=0.5207
[14:44:14] warmStart 77% (1803/2340) regret=0.032094 ape=0.5207
[14:44:14] warmStart 77% (1804/2340) regret=0.032094 ape=0.5207
[14:44:15] warmStart 77% (1805/2340) regret=0.032126 ape=0.5207
[14:44:15] warmStart 77% (1806/2340) regret=0.032126 ape=0.5207
[14:44:15] warmStart 77% (1807/2340) regret=0.032126 ape=0.5207
[14:44:15] warmStart 77% (1808/2340) regret=0.031997 ape=0.5207
[14:44:15] warmStart 77% (1809/2340) regret=0.031997 ape=0.5207
[14:44:15] warmStart 77% (1810/2340) regret=0.031997 ape=0.5207
[14:44:16] warmStart 77% (1811/2340) regret=0.031997 ape=0.5207
[14:44:16] warmStart 77% (1812/2340) regret=0.031997 ape=0.5207
[14:44:16] warmStart 77% (1813/2340) regret=0.031997 ape=0.5207
[14:44:16] warmStart 77% (1814/2340) regret=0.031997 ape=0.5207
[14:44:16] warmStart 77% (1815/2340) regret=0.031997 ape=0.5207
[14:44:16] warmStart 77% (1816/2340) regret=0.031997 ape=0.5207
[14:44:17] warmStart 77% (1817/2340) regret=0.031997 ape=0.5207
[14:44:17] warmStart 77% (1818/2340) regret=0.031997 ape=0.5207
[14:44:17] warmStart 77% (1819/2340) regret=0.031997 ape=0.5207
[14:44:17] warmStart 77% (1820/2340) regret=0.031997 ape=0.5207
[14:44:17] warmStart 77% (1821/2340) regret=0.031997 ape=0.5207
[14:44:17] warmStart 77% (1822/2340) regret=0.031997 ape=0.5207
[14:44:17] warmStart 77% (1823/2340) regret=0.031997 ape=0.5207
[14:44:18] warmStart 77% (1824/2340) regret=0.031997 ape=0.5207
[14:44:18] warmStart 77% (1825/2340) regret=0.031997 ape=0.5207
[14:44:18] warmStart 78% (1826/2340) regret=0.031997 ape=0.5207
[14:44:18] warmStart 78% (1827/2340) regret=0.031997 ape=0.5207
[14:44:18] warmStart 78% (1828/2340) regret=0.031997 ape=0.5207
[14:44:18] warmStart 78% (1829/2340) regret=0.031997 ape=0.5207
[14:44:18] warmStart 78% (1830/2340) regret=0.031997 ape=0.5207
[14:44:19] warmStart 78% (1831/2340) regret=0.031997 ape=0.5207
[14:44:19] warmStart 78% (1832/2340) regret=0.031997 ape=0.5207
[14:44:19] warmStart 78% (1833/2340) regret=0.031997 ape=0.5207
[14:44:19] warmStart 78% (1834/2340) regret=0.031997 ape=0.5207
[14:44:19] warmStart 78% (1835/2340) regret=0.031997 ape=0.5207
[14:44:19] warmStart 78% (1836/2340) regret=0.031997 ape=0.5207
[14:44:20] warmStart 78% (1837/2340) regret=0.031997 ape=0.5207
[14:44:20] warmStart 78% (1838/2340) regret=0.031997 ape=0.5207
[14:44:20] warmStart 78% (1839/2340) regret=0.031997 ape=0.5207
[14:44:20] warmStart 78% (1840/2340) regret=0.031997 ape=0.5207
[14:44:20] warmStart 78% (1841/2340) regret=0.031905 ape=0.5189
[14:44:20] warmStart 78% (1842/2340) regret=0.031905 ape=0.5189
[14:44:20] warmStart 78% (1843/2340) regret=0.031905 ape=0.5189
[14:44:21] warmStart 78% (1844/2340) regret=0.031905 ape=0.5189
[14:44:21] warmStart 78% (1845/2340) regret=0.031905 ape=0.5189
[14:44:21] warmStart 78% (1846/2340) regret=0.031885 ape=0.5180
[14:44:21] warmStart 78% (1847/2340) regret=0.031885 ape=0.5180
[14:44:21] warmStart 78% (1848/2340) regret=0.031885 ape=0.5180
[14:44:21] warmStart 79% (1849/2340) regret=0.031885 ape=0.5180
[14:44:21] warmStart 79% (1850/2340) regret=0.031885 ape=0.5180
[14:44:22] warmStart 79% (1851/2340) regret=0.031885 ape=0.5180
[14:44:22] warmStart 79% (1852/2340) regret=0.031885 ape=0.5180
[14:44:22] warmStart 79% (1853/2340) regret=0.031885 ape=0.5180
[14:44:22] warmStart 79% (1854/2340) regret=0.031885 ape=0.5180
[14:44:22] warmStart 79% (1855/2340) regret=0.031885 ape=0.5180
[14:44:22] warmStart 79% (1856/2340) regret=0.031885 ape=0.5180
[14:44:22] warmStart 79% (1857/2340) regret=0.031885 ape=0.5180
[14:44:22] warmStart 79% (1858/2340) regret=0.031885 ape=0.5180
[14:44:23] warmStart 79% (1859/2340) regret=0.032125 ape=0.5189
[14:44:23] warmStart 79% (1860/2340) regret=0.032125 ape=0.5189
[14:44:23] warmStart 79% (1861/2340) regret=0.032125 ape=0.5189
[14:44:23] warmStart 79% (1862/2340) regret=0.032125 ape=0.5189
[14:44:23] warmStart 79% (1863/2340) regret=0.032125 ape=0.5189
[14:44:23] warmStart 79% (1864/2340) regret=0.032125 ape=0.5189
[14:44:24] warmStart 79% (1865/2340) regret=0.032102 ape=0.5189
[14:44:24] warmStart 79% (1866/2340) regret=0.032102 ape=0.5189
[14:44:24] warmStart 79% (1867/2340) regret=0.032092 ape=0.5189
[14:44:24] warmStart 79% (1868/2340) regret=0.032251 ape=0.5198
[14:44:24] warmStart 79% (1869/2340) regret=0.032092 ape=0.5189
[14:44:24] warmStart 79% (1870/2340) regret=0.032067 ape=0.5180
[14:44:24] warmStart 79% (1871/2340) regret=0.032085 ape=0.5189
[14:44:25] warmStart 80% (1872/2340) regret=0.031818 ape=0.5189
[14:44:25] warmStart 80% (1873/2340) regret=0.031574 ape=0.5180
[14:44:25] warmStart 80% (1874/2340) regret=0.031675 ape=0.5180
[14:44:25] warmStart 80% (1875/2340) regret=0.031537 ape=0.5180
[14:44:25] warmStart 80% (1876/2340) regret=0.031537 ape=0.5180
[14:44:25] warmStart 80% (1877/2340) regret=0.031362 ape=0.5180
[14:44:26] warmStart 80% (1878/2340) regret=0.031454 ape=0.5180
[14:44:26] warmStart 80% (1879/2340) regret=0.031454 ape=0.5180
[14:44:26] warmStart 80% (1880/2340) regret=0.031454 ape=0.5180
[14:44:26] warmStart 80% (1881/2340) regret=0.031288 ape=0.5171
[14:44:26] warmStart 80% (1882/2340) regret=0.031288 ape=0.5171
[14:44:26] warmStart 80% (1883/2340) regret=0.031288 ape=0.5171
[14:44:26] warmStart 80% (1884/2340) regret=0.031288 ape=0.5171
[14:44:27] warmStart 80% (1885/2340) regret=0.031288 ape=0.5171
[14:44:27] warmStart 80% (1886/2340) regret=0.031261 ape=0.5161
[14:44:27] warmStart 80% (1887/2340) regret=0.031261 ape=0.5161
[14:44:27] warmStart 80% (1888/2340) regret=0.031357 ape=0.5161
[14:44:27] warmStart 80% (1889/2340) regret=0.031357 ape=0.5161
[14:44:28] warmStart 80% (1890/2340) regret=0.031357 ape=0.5161
[14:44:28] warmStart 80% (1891/2340) regret=0.031357 ape=0.5161
[14:44:28] warmStart 80% (1892/2340) regret=0.031302 ape=0.5161
[14:44:28] warmStart 80% (1893/2340) regret=0.031265 ape=0.5161
[14:44:28] warmStart 80% (1894/2340) regret=0.031311 ape=0.5161
[14:44:28] warmStart 80% (1895/2340) regret=0.031311 ape=0.5161
[14:44:29] warmStart 81% (1896/2340) regret=0.031311 ape=0.5161
[14:44:29] warmStart 81% (1897/2340) regret=0.031311 ape=0.5161
[14:44:29] warmStart 81% (1898/2340) regret=0.031532 ape=0.5171
[14:44:29] warmStart 81% (1899/2340) regret=0.031311 ape=0.5161
[14:44:29] warmStart 81% (1900/2340) regret=0.031201 ape=0.5152
[14:44:29] warmStart 81% (1901/2340) regret=0.031201 ape=0.5152
[14:44:29] warmStart 81% (1902/2340) regret=0.031201 ape=0.5152
[14:44:30] warmStart 81% (1903/2340) regret=0.031201 ape=0.5152
[14:44:30] warmStart 81% (1904/2340) regret=0.031201 ape=0.5152
[14:44:30] warmStart 81% (1905/2340) regret=0.031201 ape=0.5152
[14:44:30] warmStart 81% (1906/2340) regret=0.031201 ape=0.5152
[14:44:30] warmStart 81% (1907/2340) regret=0.031201 ape=0.5152
[14:44:30] warmStart 81% (1908/2340) regret=0.031153 ape=0.5143
[14:44:31] warmStart 81% (1909/2340) regret=0.031149 ape=0.5143
[14:44:31] warmStart 81% (1910/2340) regret=0.031135 ape=0.5143
[14:44:31] warmStart 81% (1911/2340) regret=0.031098 ape=0.5143
[14:44:31] warmStart 81% (1912/2340) regret=0.031055 ape=0.5143
[14:44:31] warmStart 81% (1913/2340) regret=0.031103 ape=0.5143
[14:44:31] warmStart 81% (1914/2340) regret=0.031103 ape=0.5143
[14:44:31] warmStart 81% (1915/2340) regret=0.031103 ape=0.5143
[14:44:32] warmStart 81% (1916/2340) regret=0.031103 ape=0.5143
[14:44:32] warmStart 81% (1917/2340) regret=0.031103 ape=0.5143
[14:44:32] warmStart 81% (1918/2340) regret=0.031053 ape=0.5143
[14:44:32] warmStart 82% (1919/2340) regret=0.031053 ape=0.5143
[14:44:32] warmStart 82% (1920/2340) regret=0.031053 ape=0.5143
[14:44:32] warmStart 82% (1921/2340) regret=0.030997 ape=0.5143
[14:44:33] warmStart 82% (1922/2340) regret=0.031007 ape=0.5143
[14:44:33] warmStart 82% (1923/2340) regret=0.030924 ape=0.5134
[14:44:33] warmStart 82% (1924/2340) regret=0.030924 ape=0.5134
[14:44:33] warmStart 82% (1925/2340) regret=0.030891 ape=0.5134
[14:44:33] warmStart 82% (1926/2340) regret=0.030891 ape=0.5134
[14:44:33] warmStart 82% (1927/2340) regret=0.030819 ape=0.5134
[14:44:34] warmStart 82% (1928/2340) regret=0.030825 ape=0.5134
[14:44:34] warmStart 82% (1929/2340) regret=0.031553 ape=0.5143
[14:44:34] warmStart 82% (1930/2340) regret=0.030848 ape=0.5143
[14:44:34] warmStart 82% (1931/2340) regret=0.031484 ape=0.5152
[14:44:34] warmStart 82% (1932/2340) regret=0.030912 ape=0.5143
[14:44:34] warmStart 82% (1933/2340) regret=0.030951 ape=0.5143
[14:44:35] warmStart 82% (1934/2340) regret=0.030794 ape=0.5134
[14:44:35] warmStart 82% (1935/2340) regret=0.030801 ape=0.5143
[14:44:35] warmStart 82% (1936/2340) regret=0.030801 ape=0.5143
[14:44:35] warmStart 82% (1937/2340) regret=0.030778 ape=0.5134
[14:44:35] warmStart 82% (1938/2340) regret=0.030758 ape=0.5124
[14:44:35] warmStart 82% (1939/2340) regret=0.030712 ape=0.5115
[14:44:35] warmStart 82% (1940/2340) regret=0.030641 ape=0.5115
[14:44:36] warmStart 82% (1941/2340) regret=0.030641 ape=0.5115
[14:44:36] warmStart 82% (1942/2340) regret=0.030609 ape=0.5106
[14:44:36] warmStart 83% (1943/2340) regret=0.030609 ape=0.5106
[14:44:36] warmStart 83% (1944/2340) regret=0.030424 ape=0.5097
[14:44:36] warmStart 83% (1945/2340) regret=0.030424 ape=0.5097
[14:44:36] warmStart 83% (1946/2340) regret=0.030470 ape=0.5106
[14:44:37] warmStart 83% (1947/2340) regret=0.030470 ape=0.5106
[14:44:37] warmStart 83% (1948/2340) regret=0.030470 ape=0.5106
[14:44:37] warmStart 83% (1949/2340) regret=0.030489 ape=0.5097
[14:44:37] warmStart 83% (1950/2340) regret=0.030627 ape=0.5097
[14:44:37] warmStart 83% (1951/2340) regret=0.030286 ape=0.5088
[14:44:37] warmStart 83% (1952/2340) regret=0.030286 ape=0.5088
[14:44:38] warmStart 83% (1953/2340) regret=0.030323 ape=0.5088
[14:44:38] warmStart 83% (1954/2340) regret=0.030323 ape=0.5088
[14:44:38] warmStart 83% (1955/2340) regret=0.030314 ape=0.5088
[14:44:38] warmStart 83% (1956/2340) regret=0.030443 ape=0.5097
[14:44:38] warmStart 83% (1957/2340) regret=0.030314 ape=0.5088
[14:44:38] warmStart 83% (1958/2340) regret=0.030526 ape=0.5088
[14:44:38] warmStart 83% (1959/2340) regret=0.030286 ape=0.5078
[14:44:39] warmStart 83% (1960/2340) regret=0.030272 ape=0.5078
[14:44:39] warmStart 83% (1961/2340) regret=0.030185 ape=0.5069
[14:44:39] warmStart 83% (1962/2340) regret=0.030185 ape=0.5069
[14:44:39] warmStart 83% (1963/2340) regret=0.030185 ape=0.5069
[14:44:39] warmStart 83% (1964/2340) regret=0.030185 ape=0.5069
[14:44:39] warmStart 83% (1965/2340) regret=0.030185 ape=0.5069
[14:44:40] warmStart 84% (1966/2340) regret=0.030185 ape=0.5069
[14:44:40] warmStart 84% (1967/2340) regret=0.030203 ape=0.5078
[14:44:40] warmStart 84% (1968/2340) regret=0.030185 ape=0.5069
[14:44:40] warmStart 84% (1969/2340) regret=0.030268 ape=0.5069
[14:44:40] warmStart 84% (1970/2340) regret=0.030268 ape=0.5069
[14:44:40] warmStart 84% (1971/2340) regret=0.030211 ape=0.5069
[14:44:41] warmStart 84% (1972/2340) regret=0.030255 ape=0.5069
[14:44:41] warmStart 84% (1973/2340) regret=0.030225 ape=0.5060
[14:44:41] warmStart 84% (1974/2340) regret=0.030225 ape=0.5060
[14:44:41] warmStart 84% (1975/2340) regret=0.030225 ape=0.5060
[14:44:41] warmStart 84% (1976/2340) regret=0.030225 ape=0.5060
[14:44:41] warmStart 84% (1977/2340) regret=0.030225 ape=0.5060
[14:44:42] warmStart 84% (1978/2340) regret=0.030225 ape=0.5060
[14:44:42] warmStart 84% (1979/2340) regret=0.030225 ape=0.5060
[14:44:42] warmStart 84% (1980/2340) regret=0.030225 ape=0.5060
[14:44:42] warmStart 84% (1981/2340) regret=0.030225 ape=0.5060
[14:44:42] warmStart 84% (1982/2340) regret=0.030225 ape=0.5060
[14:44:42] warmStart 84% (1983/2340) regret=0.030225 ape=0.5060
[14:44:43] warmStart 84% (1984/2340) regret=0.030225 ape=0.5060
[14:44:43] warmStart 84% (1985/2340) regret=0.030225 ape=0.5060
[14:44:43] warmStart 84% (1986/2340) regret=0.030225 ape=0.5060
[14:44:43] warmStart 84% (1987/2340) regret=0.030225 ape=0.5060
[14:44:43] warmStart 84% (1988/2340) regret=0.030225 ape=0.5060
[14:44:43] warmStart 85% (1989/2340) regret=0.030225 ape=0.5060
[14:44:44] warmStart 85% (1990/2340) regret=0.030225 ape=0.5060
[14:44:44] warmStart 85% (1991/2340) regret=0.030225 ape=0.5060
[14:44:44] warmStart 85% (1992/2340) regret=0.030216 ape=0.5060
[14:44:44] warmStart 85% (1993/2340) regret=0.030216 ape=0.5060
[14:44:44] warmStart 85% (1994/2340) regret=0.030216 ape=0.5060
[14:44:44] warmStart 85% (1995/2340) regret=0.030216 ape=0.5060
[14:44:45] warmStart 85% (1996/2340) regret=0.030216 ape=0.5060
[14:44:45] warmStart 85% (1997/2340) regret=0.030216 ape=0.5060
[14:44:45] warmStart 85% (1998/2340) regret=0.030197 ape=0.5060
[14:44:45] warmStart 85% (1999/2340) regret=0.030197 ape=0.5060
[14:44:45] warmStart 85% (2000/2340) regret=0.030197 ape=0.5060
[14:44:45] warmStart 85% (2001/2340) regret=0.030197 ape=0.5060
[14:44:45] warmStart 85% (2002/2340) regret=0.030197 ape=0.5060
[14:44:46] warmStart 85% (2003/2340) regret=0.030197 ape=0.5060
[14:44:46] warmStart 85% (2004/2340) regret=0.030197 ape=0.5060
[14:44:46] warmStart 85% (2005/2340) regret=0.030229 ape=0.5069
[14:44:46] warmStart 85% (2006/2340) regret=0.030137 ape=0.5060
[14:44:46] warmStart 85% (2007/2340) regret=0.030129 ape=0.5060
[14:44:46] warmStart 85% (2008/2340) regret=0.030129 ape=0.5060
[14:44:47] warmStart 85% (2009/2340) regret=0.030090 ape=0.5051
[14:44:47] warmStart 85% (2010/2340) regret=0.030116 ape=0.5060
[14:44:47] warmStart 85% (2011/2340) regret=0.030116 ape=0.5060
[14:44:47] warmStart 85% (2012/2340) regret=0.030117 ape=0.5060
[14:44:47] warmStart 86% (2013/2340) regret=0.030099 ape=0.5060
[14:44:47] warmStart 86% (2014/2340) regret=0.030237 ape=0.5060
[14:44:48] warmStart 86% (2015/2340) regret=0.029749 ape=0.5041
[14:44:48] warmStart 86% (2016/2340) regret=0.029698 ape=0.5032
[14:44:48] warmStart 86% (2017/2340) regret=0.029698 ape=0.5032
[14:44:48] warmStart 86% (2018/2340) regret=0.029698 ape=0.5032
[14:44:48] warmStart 86% (2019/2340) regret=0.029731 ape=0.5041
[14:44:48] warmStart 86% (2020/2340) regret=0.029731 ape=0.5041
[14:44:48] warmStart 86% (2021/2340) regret=0.029731 ape=0.5041
[14:44:49] warmStart 86% (2022/2340) regret=0.029731 ape=0.5041
[14:44:49] warmStart 86% (2023/2340) regret=0.029731 ape=0.5041
[14:44:49] warmStart 86% (2024/2340) regret=0.029731 ape=0.5041
[14:44:49] warmStart 86% (2025/2340) regret=0.029731 ape=0.5041
[14:44:49] warmStart 86% (2026/2340) regret=0.029731 ape=0.5041
[14:44:49] warmStart 86% (2027/2340) regret=0.029731 ape=0.5041
[14:44:50] warmStart 86% (2028/2340) regret=0.029731 ape=0.5041
[14:44:50] warmStart 86% (2029/2340) regret=0.029731 ape=0.5041
[14:44:50] warmStart 86% (2030/2340) regret=0.029731 ape=0.5041
[14:44:50] warmStart 86% (2031/2340) regret=0.029731 ape=0.5041
[14:44:50] warmStart 86% (2032/2340) regret=0.029731 ape=0.5041
[14:44:50] warmStart 86% (2033/2340) regret=0.029731 ape=0.5041
[14:44:51] warmStart 86% (2034/2340) regret=0.029731 ape=0.5041
[14:44:51] warmStart 86% (2035/2340) regret=0.029731 ape=0.5041
[14:44:51] warmStart 87% (2036/2340) regret=0.029731 ape=0.5041
[14:44:51] warmStart 87% (2037/2340) regret=0.029731 ape=0.5041
[14:44:51] warmStart 87% (2038/2340) regret=0.029731 ape=0.5041
[14:44:51] warmStart 87% (2039/2340) regret=0.029731 ape=0.5041
[14:44:51] warmStart 87% (2040/2340) regret=0.029731 ape=0.5041
[14:44:52] warmStart 87% (2041/2340) regret=0.029731 ape=0.5041
[14:44:52] warmStart 87% (2042/2340) regret=0.029731 ape=0.5041
[14:44:52] warmStart 87% (2043/2340) regret=0.029731 ape=0.5041
[14:44:52] warmStart 87% (2044/2340) regret=0.029731 ape=0.5041
[14:44:52] warmStart 87% (2045/2340) regret=0.029731 ape=0.5041
[14:44:52] warmStart 87% (2046/2340) regret=0.029731 ape=0.5041
[14:44:53] warmStart 87% (2047/2340) regret=0.029731 ape=0.5041
[14:44:53] warmStart 87% (2048/2340) regret=0.029741 ape=0.5051
[14:44:53] warmStart 87% (2049/2340) regret=0.029660 ape=0.5041
[14:44:53] warmStart 87% (2050/2340) regret=0.029660 ape=0.5041
[14:44:53] warmStart 87% (2051/2340) regret=0.029660 ape=0.5041
[14:44:53] warmStart 87% (2052/2340) regret=0.029660 ape=0.5041
[14:44:53] warmStart 87% (2053/2340) regret=0.029660 ape=0.5041
[14:44:54] warmStart 87% (2054/2340) regret=0.029660 ape=0.5041
[14:44:54] warmStart 87% (2055/2340) regret=0.029660 ape=0.5041
[14:44:54] warmStart 87% (2056/2340) regret=0.029660 ape=0.5041
[14:44:54] warmStart 87% (2057/2340) regret=0.029660 ape=0.5041
[14:44:54] warmStart 87% (2058/2340) regret=0.029660 ape=0.5041
[14:44:54] warmStart 87% (2059/2340) regret=0.029660 ape=0.5041
[14:44:55] warmStart 88% (2060/2340) regret=0.029660 ape=0.5041
[14:44:55] warmStart 88% (2061/2340) regret=0.029660 ape=0.5041
[14:44:55] warmStart 88% (2062/2340) regret=0.029660 ape=0.5041
[14:44:55] warmStart 88% (2063/2340) regret=0.029660 ape=0.5041
[14:44:55] warmStart 88% (2064/2340) regret=0.029660 ape=0.5041
[14:44:55] warmStart 88% (2065/2340) regret=0.029660 ape=0.5041
[14:44:55] warmStart 88% (2066/2340) regret=0.029660 ape=0.5041
[14:44:56] warmStart 88% (2067/2340) regret=0.029642 ape=0.5032
[14:44:56] warmStart 88% (2068/2340) regret=0.029642 ape=0.5032
[14:44:56] warmStart 88% (2069/2340) regret=0.029642 ape=0.5032
[14:44:56] warmStart 88% (2070/2340) regret=0.029642 ape=0.5032
[14:44:56] warmStart 88% (2071/2340) regret=0.029642 ape=0.5032
[14:44:56] warmStart 88% (2072/2340) regret=0.029642 ape=0.5032
[14:44:56] warmStart 88% (2073/2340) regret=0.029638 ape=0.5032
[14:44:57] warmStart 88% (2074/2340) regret=0.029638 ape=0.5032
[14:44:57] warmStart 88% (2075/2340) regret=0.029646 ape=0.5041
[14:44:57] warmStart 88% (2076/2340) regret=0.029638 ape=0.5032
[14:44:57] warmStart 88% (2077/2340) regret=0.029647 ape=0.5032
[14:44:57] warmStart 88% (2078/2340) regret=0.029729 ape=0.5041
[14:44:57] warmStart 88% (2079/2340) regret=0.029729 ape=0.5041
[14:44:58] warmStart 88% (2080/2340) regret=0.029729 ape=0.5041
[14:44:58] warmStart 88% (2081/2340) regret=0.029466 ape=0.5023
[14:44:58] warmStart 88% (2082/2340) regret=0.029466 ape=0.5023
[14:44:58] warmStart 89% (2083/2340) regret=0.029881 ape=0.5032
[14:44:58] warmStart 89% (2084/2340) regret=0.029881 ape=0.5032
[14:44:58] warmStart 89% (2085/2340) regret=0.029881 ape=0.5032
[14:44:59] warmStart 89% (2086/2340) regret=0.029881 ape=0.5032
[14:44:59] warmStart 89% (2087/2340) regret=0.029817 ape=0.5023
[14:44:59] warmStart 89% (2088/2340) regret=0.029817 ape=0.5023
[14:44:59] warmStart 89% (2089/2340) regret=0.029817 ape=0.5023
[14:44:59] warmStart 89% (2090/2340) regret=0.029817 ape=0.5023
[14:44:59] warmStart 89% (2091/2340) regret=0.029817 ape=0.5023
[14:44:59] warmStart 89% (2092/2340) regret=0.029817 ape=0.5023
[14:45:00] warmStart 89% (2093/2340) regret=0.029817 ape=0.5023
[14:45:00] warmStart 89% (2094/2340) regret=0.029817 ape=0.5023
[14:45:00] warmStart 89% (2095/2340) regret=0.029817 ape=0.5023
[14:45:00] warmStart 89% (2096/2340) regret=0.029780 ape=0.5014
[14:45:00] warmStart 89% (2097/2340) regret=0.029780 ape=0.5014
[14:45:00] warmStart 89% (2098/2340) regret=0.029780 ape=0.5014
[14:45:01] warmStart 89% (2099/2340) regret=0.029780 ape=0.5014
[14:45:01] warmStart 89% (2100/2340) regret=0.029780 ape=0.5014
[14:45:01] warmStart 89% (2101/2340) regret=0.029743 ape=0.5005
[14:45:01] warmStart 89% (2102/2340) regret=0.029757 ape=0.5014
[14:45:01] warmStart 89% (2103/2340) regret=0.029757 ape=0.5014
[14:45:02] warmStart 89% (2104/2340) regret=0.029757 ape=0.5014
[14:45:02] warmStart 89% (2105/2340) regret=0.029757 ape=0.5014
[14:45:02] warmStart 90% (2106/2340) regret=0.029757 ape=0.5014
[14:45:02] warmStart 90% (2107/2340) regret=0.029784 ape=0.5014
[14:45:02] warmStart 90% (2108/2340) regret=0.029784 ape=0.5014
[14:45:02] warmStart 90% (2109/2340) regret=0.029784 ape=0.5014
[14:45:02] warmStart 90% (2110/2340) regret=0.029784 ape=0.5014
[14:45:03] warmStart 90% (2111/2340) regret=0.029784 ape=0.5014
[14:45:03] warmStart 90% (2112/2340) regret=0.029784 ape=0.5014
[14:45:03] warmStart 90% (2113/2340) regret=0.029784 ape=0.5014
[14:45:03] warmStart 90% (2114/2340) regret=0.029784 ape=0.5014
[14:45:03] warmStart 90% (2115/2340) regret=0.029784 ape=0.5014
[14:45:03] warmStart 90% (2116/2340) regret=0.029759 ape=0.5005
[14:45:04] warmStart 90% (2117/2340) regret=0.029413 ape=0.4995
[14:45:04] warmStart 90% (2118/2340) regret=0.029341 ape=0.4995
[14:45:04] warmStart 90% (2119/2340) regret=0.029341 ape=0.4995
[14:45:04] warmStart 90% (2120/2340) regret=0.029341 ape=0.4995
[14:45:04] warmStart 90% (2121/2340) regret=0.029185 ape=0.4986
[14:45:04] warmStart 90% (2122/2340) regret=0.029341 ape=0.4995
[14:45:05] warmStart 90% (2123/2340) regret=0.029267 ape=0.4986
[14:45:05] warmStart 90% (2124/2340) regret=0.029256 ape=0.4986
[14:45:05] warmStart 90% (2125/2340) regret=0.029235 ape=0.4986
[14:45:05] warmStart 90% (2126/2340) regret=0.029173 ape=0.4986
[14:45:05] warmStart 90% (2127/2340) regret=0.029127 ape=0.4986
[14:45:05] warmStart 90% (2128/2340) regret=0.029127 ape=0.4986
[14:45:06] warmStart 90% (2129/2340) regret=0.029127 ape=0.4986
[14:45:06] warmStart 91% (2130/2340) regret=0.028970 ape=0.4977
[14:45:06] warmStart 91% (2131/2340) regret=0.028970 ape=0.4977
[14:45:06] warmStart 91% (2132/2340) regret=0.028970 ape=0.4977
[14:45:06] warmStart 91% (2133/2340) regret=0.028970 ape=0.4977
[14:45:06] warmStart 91% (2134/2340) regret=0.029154 ape=0.4986
[14:45:06] warmStart 91% (2135/2340) regret=0.029191 ape=0.4986
[14:45:07] warmStart 91% (2136/2340) regret=0.029191 ape=0.4986
[14:45:07] warmStart 91% (2137/2340) regret=0.029191 ape=0.4986
[14:45:07] warmStart 91% (2138/2340) regret=0.029357 ape=0.4986
[14:45:07] warmStart 91% (2139/2340) regret=0.029385 ape=0.4986
[14:45:07] warmStart 91% (2140/2340) regret=0.029385 ape=0.4986
[14:45:07] warmStart 91% (2141/2340) regret=0.029385 ape=0.4986
[14:45:08] warmStart 91% (2142/2340) regret=0.029703 ape=0.4995
[14:45:08] warmStart 91% (2143/2340) regret=0.029385 ape=0.4986
[14:45:08] warmStart 91% (2144/2340) regret=0.029385 ape=0.4986
[14:45:08] warmStart 91% (2145/2340) regret=0.029385 ape=0.4986
[14:45:08] warmStart 91% (2146/2340) regret=0.029515 ape=0.4986
[14:45:08] warmStart 91% (2147/2340) regret=0.029515 ape=0.4986
[14:45:09] warmStart 91% (2148/2340) regret=0.029515 ape=0.4986
[14:45:09] warmStart 91% (2149/2340) regret=0.029515 ape=0.4986
[14:45:09] warmStart 91% (2150/2340) regret=0.029515 ape=0.4986
[14:45:09] warmStart 91% (2151/2340) regret=0.029515 ape=0.4986
[14:45:09] warmStart 91% (2152/2340) regret=0.029515 ape=0.4986
[14:45:09] warmStart 92% (2153/2340) regret=0.029515 ape=0.4986
[14:45:10] warmStart 92% (2154/2340) regret=0.029515 ape=0.4986
[14:45:10] warmStart 92% (2155/2340) regret=0.029436 ape=0.4986
[14:45:10] warmStart 92% (2156/2340) regret=0.029515 ape=0.4986
[14:45:10] warmStart 92% (2157/2340) regret=0.029478 ape=0.4986
[14:45:10] warmStart 92% (2158/2340) regret=0.029478 ape=0.4986
[14:45:10] warmStart 92% (2159/2340) regret=0.029478 ape=0.4986
[14:45:11] warmStart 92% (2160/2340) regret=0.029478 ape=0.4986
[14:45:11] warmStart 92% (2161/2340) regret=0.029338 ape=0.4986
[14:45:11] warmStart 92% (2162/2340) regret=0.029338 ape=0.4986
[14:45:11] warmStart 92% (2163/2340) regret=0.029338 ape=0.4986
[14:45:11] warmStart 92% (2164/2340) regret=0.029338 ape=0.4986
[14:45:11] warmStart 92% (2165/2340) regret=0.029338 ape=0.4986
[14:45:12] warmStart 92% (2166/2340) regret=0.029347 ape=0.4995
[14:45:12] warmStart 92% (2167/2340) regret=0.029338 ape=0.4986
[14:45:12] warmStart 92% (2168/2340) regret=0.029449 ape=0.4986
[14:45:12] warmStart 92% (2169/2340) regret=0.029274 ape=0.4977
[14:45:12] warmStart 92% (2170/2340) regret=0.029274 ape=0.4977
[14:45:12] warmStart 92% (2171/2340) regret=0.029274 ape=0.4977
[14:45:12] warmStart 92% (2172/2340) regret=0.029195 ape=0.4977
[14:45:13] warmStart 92% (2173/2340) regret=0.029195 ape=0.4977
[14:45:13] warmStart 92% (2174/2340) regret=0.029193 ape=0.4977
[14:45:13] warmStart 92% (2175/2340) regret=0.029221 ape=0.4986
[14:45:13] warmStart 92% (2176/2340) regret=0.029202 ape=0.4986
[14:45:13] warmStart 93% (2177/2340) regret=0.029221 ape=0.4986
[14:45:13] warmStart 93% (2178/2340) regret=0.028999 ape=0.4977
[14:45:14] warmStart 93% (2179/2340) regret=0.029046 ape=0.4977
[14:45:14] warmStart 93% (2180/2340) regret=0.029046 ape=0.4977
[14:45:14] warmStart 93% (2181/2340) regret=0.029046 ape=0.4977
[14:45:14] warmStart 93% (2182/2340) regret=0.029036 ape=0.4977
[14:45:14] warmStart 93% (2183/2340) regret=0.029036 ape=0.4977
[14:45:14] warmStart 93% (2184/2340) regret=0.029036 ape=0.4977
[14:45:15] warmStart 93% (2185/2340) regret=0.029036 ape=0.4977
[14:45:15] warmStart 93% (2186/2340) regret=0.029036 ape=0.4977
[14:45:15] warmStart 93% (2187/2340) regret=0.029087 ape=0.4986
[14:45:15] warmStart 93% (2188/2340) regret=0.029087 ape=0.4986
[14:45:15] warmStart 93% (2189/2340) regret=0.029087 ape=0.4986
[14:45:15] warmStart 93% (2190/2340) regret=0.029087 ape=0.4986
[14:45:16] warmStart 93% (2191/2340) regret=0.029087 ape=0.4986
[14:45:16] warmStart 93% (2192/2340) regret=0.029022 ape=0.4986
[14:45:16] warmStart 93% (2193/2340) regret=0.029152 ape=0.4986
[14:45:16] warmStart 93% (2194/2340) regret=0.029050 ape=0.4977
[14:45:16] warmStart 93% (2195/2340) regret=0.029152 ape=0.4986
[14:45:16] warmStart 93% (2196/2340) regret=0.029071 ape=0.4986
[14:45:16] warmStart 93% (2197/2340) regret=0.029071 ape=0.4986
[14:45:17] warmStart 93% (2198/2340) regret=0.029099 ape=0.4986
[14:45:17] warmStart 93% (2199/2340) regret=0.029338 ape=0.4986
[14:45:17] warmStart 94% (2200/2340) regret=0.028841 ape=0.4968
[14:45:17] warmStart 94% (2201/2340) regret=0.028841 ape=0.4968
[14:45:17] warmStart 94% (2202/2340) regret=0.028841 ape=0.4968
[14:45:17] warmStart 94% (2203/2340) regret=0.028841 ape=0.4968
[14:45:18] warmStart 94% (2204/2340) regret=0.028841 ape=0.4968
[14:45:18] warmStart 94% (2205/2340) regret=0.028841 ape=0.4968
[14:45:18] warmStart 94% (2206/2340) regret=0.028835 ape=0.4968
[14:45:18] warmStart 94% (2207/2340) regret=0.028835 ape=0.4968
[14:45:18] warmStart 94% (2208/2340) regret=0.028835 ape=0.4968
[14:45:18] warmStart 94% (2209/2340) regret=0.028835 ape=0.4968
[14:45:18] warmStart 94% (2210/2340) regret=0.028835 ape=0.4968
[14:45:19] warmStart 94% (2211/2340) regret=0.028835 ape=0.4968
[14:45:19] warmStart 94% (2212/2340) regret=0.028835 ape=0.4968
[14:45:19] warmStart 94% (2213/2340) regret=0.028835 ape=0.4968
[14:45:19] warmStart 94% (2214/2340) regret=0.028835 ape=0.4968
[14:45:19] warmStart 94% (2215/2340) regret=0.028835 ape=0.4968
[14:45:19] warmStart 94% (2216/2340) regret=0.028835 ape=0.4968
[14:45:20] warmStart 94% (2217/2340) regret=0.028835 ape=0.4968
[14:45:20] warmStart 94% (2218/2340) regret=0.028835 ape=0.4968
[14:45:20] warmStart 94% (2219/2340) regret=0.028835 ape=0.4968
[14:45:20] warmStart 94% (2220/2340) regret=0.028835 ape=0.4968
[14:45:20] warmStart 94% (2221/2340) regret=0.028835 ape=0.4968
[14:45:20] warmStart 94% (2222/2340) regret=0.028835 ape=0.4968
[14:45:20] warmStart 95% (2223/2340) regret=0.028835 ape=0.4968
[14:45:21] warmStart 95% (2224/2340) regret=0.028835 ape=0.4968
[14:45:21] warmStart 95% (2225/2340) regret=0.028835 ape=0.4968
[14:45:21] warmStart 95% (2226/2340) regret=0.028835 ape=0.4968
[14:45:21] warmStart 95% (2227/2340) regret=0.028835 ape=0.4968
[14:45:21] warmStart 95% (2228/2340) regret=0.028835 ape=0.4968
[14:45:22] warmStart 95% (2229/2340) regret=0.028835 ape=0.4968
[14:45:22] warmStart 95% (2230/2340) regret=0.028835 ape=0.4968
[14:45:22] warmStart 95% (2231/2340) regret=0.028835 ape=0.4968
[14:45:22] warmStart 95% (2232/2340) regret=0.028835 ape=0.4968
[14:45:22] warmStart 95% (2233/2340) regret=0.028835 ape=0.4968
[14:45:22] warmStart 95% (2234/2340) regret=0.028835 ape=0.4968
[14:45:22] warmStart 95% (2235/2340) regret=0.028835 ape=0.4968
[14:45:23] warmStart 95% (2236/2340) regret=0.028835 ape=0.4968
[14:45:23] warmStart 95% (2237/2340) regret=0.028835 ape=0.4968
[14:45:23] warmStart 95% (2238/2340) regret=0.028835 ape=0.4968
[14:45:23] warmStart 95% (2239/2340) regret=0.028835 ape=0.4968
[14:45:23] warmStart 95% (2240/2340) regret=0.028835 ape=0.4968
[14:45:23] warmStart 95% (2241/2340) regret=0.028835 ape=0.4968
[14:45:24] warmStart 95% (2242/2340) regret=0.028835 ape=0.4968
[14:45:24] warmStart 95% (2243/2340) regret=0.028835 ape=0.4968
[14:45:24] warmStart 95% (2244/2340) regret=0.028835 ape=0.4968
[14:45:24] warmStart 95% (2245/2340) regret=0.028835 ape=0.4968
[14:45:24] warmStart 95% (2246/2340) regret=0.028835 ape=0.4968
[14:45:24] warmStart 96% (2247/2340) regret=0.028769 ape=0.4959
[14:45:24] warmStart 96% (2248/2340) regret=0.028769 ape=0.4959
[14:45:25] warmStart 96% (2249/2340) regret=0.028769 ape=0.4959
[14:45:25] warmStart 96% (2250/2340) regret=0.028769 ape=0.4959
[14:45:25] warmStart 96% (2251/2340) regret=0.028769 ape=0.4959
[14:45:25] warmStart 96% (2252/2340) regret=0.028726 ape=0.4949
[14:45:25] warmStart 96% (2253/2340) regret=0.028769 ape=0.4959
[14:45:25] warmStart 96% (2254/2340) regret=0.028769 ape=0.4959
[14:45:25] warmStart 96% (2255/2340) regret=0.028769 ape=0.4959
[14:45:25] warmStart 96% (2256/2340) regret=0.028764 ape=0.4959
[14:45:26] warmStart 96% (2257/2340) regret=0.028764 ape=0.4959
[14:45:26] warmStart 96% (2258/2340) regret=0.028525 ape=0.4949
[14:45:26] warmStart 96% (2259/2340) regret=0.028525 ape=0.4949
[14:45:26] warmStart 96% (2260/2340) regret=0.028525 ape=0.4949
[14:45:26] warmStart 96% (2261/2340) regret=0.028525 ape=0.4949
[14:45:27] warmStart 96% (2262/2340) regret=0.028645 ape=0.4949
[14:45:27] warmStart 96% (2263/2340) regret=0.028692 ape=0.4949
[14:45:27] warmStart 96% (2264/2340) regret=0.028645 ape=0.4949
[14:45:27] warmStart 96% (2265/2340) regret=0.028516 ape=0.4940
[14:45:27] warmStart 96% (2266/2340) regret=0.028633 ape=0.4949
[14:45:27] warmStart 96% (2267/2340) regret=0.028550 ape=0.4949
[14:45:28] warmStart 96% (2268/2340) regret=0.028518 ape=0.4949
[14:45:28] warmStart 96% (2269/2340) regret=0.028499 ape=0.4940
[14:45:28] warmStart 97% (2270/2340) regret=0.028499 ape=0.4940
[14:45:28] warmStart 97% (2271/2340) regret=0.028499 ape=0.4940
[14:45:28] warmStart 97% (2272/2340) regret=0.028486 ape=0.4940
[14:45:28] warmStart 97% (2273/2340) regret=0.028504 ape=0.4940
[14:45:28] warmStart 97% (2274/2340) regret=0.028486 ape=0.4940
[14:45:29] warmStart 97% (2275/2340) regret=0.028486 ape=0.4940
[14:45:29] warmStart 97% (2276/2340) regret=0.028460 ape=0.4931
[14:45:29] warmStart 97% (2277/2340) regret=0.028460 ape=0.4931
[14:45:29] warmStart 97% (2278/2340) regret=0.028456 ape=0.4931
[14:45:29] warmStart 97% (2279/2340) regret=0.028392 ape=0.4931
[14:45:29] warmStart 97% (2280/2340) regret=0.028305 ape=0.4931
[14:45:30] warmStart 97% (2281/2340) regret=0.028305 ape=0.4931
[14:45:30] warmStart 97% (2282/2340) regret=0.028305 ape=0.4931
[14:45:30] warmStart 97% (2283/2340) regret=0.028305 ape=0.4931
[14:45:30] warmStart 97% (2284/2340) regret=0.028305 ape=0.4931
[14:45:30] warmStart 97% (2285/2340) regret=0.028280 ape=0.4931
[14:45:30] warmStart 97% (2286/2340) regret=0.028280 ape=0.4931
[14:45:31] warmStart 97% (2287/2340) regret=0.028280 ape=0.4931
[14:45:31] warmStart 97% (2288/2340) regret=0.028350 ape=0.4940
[14:45:31] warmStart 97% (2289/2340) regret=0.028280 ape=0.4931
[14:45:31] warmStart 97% (2290/2340) regret=0.028280 ape=0.4931
[14:45:31] warmStart 97% (2291/2340) regret=0.028280 ape=0.4931
[14:45:31] warmStart 97% (2292/2340) regret=0.028280 ape=0.4931
[14:45:32] warmStart 97% (2293/2340) regret=0.028280 ape=0.4931
[14:45:32] warmStart 98% (2294/2340) regret=0.028280 ape=0.4931
[14:45:32] warmStart 98% (2295/2340) regret=0.028280 ape=0.4931
[14:45:32] warmStart 98% (2296/2340) regret=0.028280 ape=0.4931
[14:45:32] warmStart 98% (2297/2340) regret=0.028280 ape=0.4931
[14:45:32] warmStart 98% (2298/2340) regret=0.028280 ape=0.4931
[14:45:32] warmStart 98% (2299/2340) regret=0.028280 ape=0.4931
[14:45:33] warmStart 98% (2300/2340) regret=0.028280 ape=0.4931
[14:45:33] warmStart 98% (2301/2340) regret=0.028280 ape=0.4931
[14:45:33] warmStart 98% (2302/2340) regret=0.028262 ape=0.4922
[14:45:33] warmStart 98% (2303/2340) regret=0.028262 ape=0.4922
[14:45:33] warmStart 98% (2304/2340) regret=0.028262 ape=0.4922
[14:45:33] warmStart 98% (2305/2340) regret=0.028262 ape=0.4922
[14:45:34] warmStart 98% (2306/2340) regret=0.028262 ape=0.4922
[14:45:34] warmStart 98% (2307/2340) regret=0.028262 ape=0.4922
[14:45:34] warmStart 98% (2308/2340) regret=0.028262 ape=0.4922
[14:45:34] warmStart 98% (2309/2340) regret=0.028262 ape=0.4922
[14:45:34] warmStart 98% (2310/2340) regret=0.028262 ape=0.4922
[14:45:34] warmStart 98% (2311/2340) regret=0.028262 ape=0.4922
[14:45:35] warmStart 98% (2312/2340) regret=0.028276 ape=0.4922
[14:45:35] warmStart 98% (2313/2340) regret=0.028227 ape=0.4922
[14:45:35] warmStart 98% (2314/2340) regret=0.028554 ape=0.4922
[14:45:35] warmStart 98% (2315/2340) regret=0.028236 ape=0.4922
[14:45:35] warmStart 98% (2316/2340) regret=0.028217 ape=0.4922
[14:45:35] warmStart 99% (2317/2340) regret=0.028217 ape=0.4922
[14:45:36] warmStart 99% (2318/2340) regret=0.028346 ape=0.4931
[14:45:36] warmStart 99% (2319/2340) regret=0.028422 ape=0.4931
[14:45:36] warmStart 99% (2320/2340) regret=0.028422 ape=0.4931
[14:45:36] warmStart 99% (2321/2340) regret=0.028422 ape=0.4931
[14:45:36] warmStart 99% (2322/2340) regret=0.028422 ape=0.4931
[14:45:36] warmStart 99% (2323/2340) regret=0.028422 ape=0.4931
[14:45:37] warmStart 99% (2324/2340) regret=0.028422 ape=0.4931
[14:45:37] warmStart 99% (2325/2340) regret=0.028422 ape=0.4931
[14:45:37] warmStart 99% (2326/2340) regret=0.028422 ape=0.4931
[14:45:37] warmStart 99% (2327/2340) regret=0.028478 ape=0.4940
[14:45:37] warmStart 99% (2328/2340) regret=0.028478 ape=0.4940
[14:45:37] warmStart 99% (2329/2340) regret=0.028482 ape=0.4940
[14:45:37] warmStart 99% (2330/2340) regret=0.028482 ape=0.4940
[14:45:38] warmStart 99% (2331/2340) regret=0.028390 ape=0.4931
[14:45:38] warmStart 99% (2332/2340) regret=0.028390 ape=0.4931
[14:45:38] warmStart 99% (2333/2340) regret=0.028390 ape=0.4931
[14:45:38] warmStart 99% (2334/2340) regret=0.028363 ape=0.4931
[14:45:38] warmStart 99% (2335/2340) regret=0.028363 ape=0.4931
[14:45:38] warmStart 99% (2336/2340) regret=0.028363 ape=0.4931
[14:45:39] warmStart 99% (2337/2340) regret=0.027872 ape=0.4912
[14:45:39] warmStart 99% (2338/2340) regret=0.027872 ape=0.4912
Warm w=5 finished: 2339 points, 368.09s wall time
  Final: regret=0.027872, ape=0.4912

Saved JSON: /home/users/g/s/gsavary/LudiiMCTSVariations/slurm_sweep_full_dataset/results_20260425_143907/sweep_warm_5_1_20260425_144539.json

Generating plots...
Saved regret plot: /home/users/g/s/gsavary/LudiiMCTSVariations/slurm_sweep_full_dataset/results_20260425_143907/sweep_warm_5_1_20260425_144539_regret.png
Saved APE plot: /home/users/g/s/gsavary/LudiiMCTSVariations/slurm_sweep_full_dataset/results_20260425_143907/sweep_warm_5_1_20260425_144539_ape.png

======================================================================
EXPERIMENT COMPLETE
======================================================================
Results saved to: /home/users/g/s/gsavary/LudiiMCTSVariations/slurm_sweep_full_dataset/results_20260425_143907
JSON file: sweep_warm_5_1_20260425_144539.json
Experiment finished. Results saved to: /home/users/g/s/gsavary/LudiiMCTSVariations/slurm_sweep_full_dataset/results_20260425_143907
