Starting experiment...
Project root: /home/users/g/s/gsavary/LudiiMCTSVariations
Method: warm:500
Output dir: /home/users/g/s/gsavary/LudiiMCTSVariations/slurm_sweep_full_dataset/results_20260425_150639
Seed: 2
Time limit:  seconds


======================================================================
SLURM Sweep Experiment - Single Method
======================================================================
Method: warm:500
Time limit: 7200.0s, Seed: 2, Batch size: 20
Output directory: /home/users/g/s/gsavary/LudiiMCTSVariations/slurm_sweep_full_dataset/results_20260425_150639

Loading Ludii dataset...
Loaded 1085 games
Using 1085 games (full dataset, no subsampling)

Running timing probe (100 pulls)...
  Estimated secs/pull: 0.022418

Time budget: 7200.0s → ~321163 total pulls
Per-method budget: 45880 pulls (~1028.6s)

Computing predictor-only performance...
  Predictions load failed: 118

Running WARM-START (w=500)...
[15:07:05] warmStart 0% (0/2294) regret=0.135757 ape=0.7060
[15:07:05] warmStart 0% (1/2294) regret=0.135771 ape=0.7069
[15:07:05] warmStart 0% (2/2294) regret=0.135736 ape=0.7069
[15:07:05] warmStart 0% (3/2294) regret=0.135726 ape=0.7069
[15:07:05] warmStart 0% (4/2294) regret=0.134947 ape=0.7051
[15:07:05] warmStart 0% (5/2294) regret=0.134975 ape=0.7051
[15:07:06] warmStart 0% (6/2294) regret=0.134975 ape=0.7051
[15:07:06] warmStart 0% (7/2294) regret=0.135067 ape=0.7051
[15:07:06] warmStart 0% (8/2294) regret=0.134721 ape=0.7051
[15:07:06] warmStart 0% (9/2294) regret=0.134859 ape=0.7060
[15:07:06] warmStart 0% (10/2294) regret=0.133072 ape=0.7041
[15:07:06] warmStart 0% (11/2294) regret=0.132901 ape=0.7032
[15:07:07] warmStart 0% (12/2294) regret=0.132600 ape=0.7032
[15:07:07] warmStart 0% (13/2294) regret=0.131996 ape=0.7023
[15:07:07] warmStart 0% (14/2294) regret=0.131996 ape=0.7023
[15:07:07] warmStart 0% (15/2294) regret=0.130351 ape=0.7005
[15:07:07] warmStart 0% (16/2294) regret=0.130079 ape=0.6995
[15:07:07] warmStart 0% (17/2294) regret=0.128886 ape=0.6995
[15:07:08] warmStart 0% (18/2294) regret=0.128373 ape=0.6995
[15:07:08] warmStart 0% (19/2294) regret=0.128381 ape=0.7005
[15:07:08] warmStart 0% (20/2294) regret=0.128163 ape=0.7005
[15:07:08] warmStart 0% (21/2294) regret=0.128080 ape=0.6995
[15:07:08] warmStart 0% (22/2294) regret=0.128080 ape=0.6995
[15:07:08] warmStart 1% (23/2294) regret=0.127186 ape=0.6986
[15:07:09] warmStart 1% (24/2294) regret=0.127213 ape=0.6977
[15:07:09] warmStart 1% (25/2294) regret=0.127186 ape=0.6977
[15:07:09] warmStart 1% (26/2294) regret=0.126978 ape=0.6977
[15:07:09] warmStart 1% (27/2294) regret=0.126858 ape=0.6968
[15:07:09] warmStart 1% (28/2294) regret=0.126653 ape=0.6968
[15:07:09] warmStart 1% (29/2294) regret=0.126358 ape=0.6959
[15:07:10] warmStart 1% (30/2294) regret=0.126358 ape=0.6959
[15:07:10] warmStart 1% (31/2294) regret=0.126358 ape=0.6959
[15:07:10] warmStart 1% (32/2294) regret=0.126358 ape=0.6959
[15:07:10] warmStart 1% (33/2294) regret=0.125582 ape=0.6940
[15:07:10] warmStart 1% (34/2294) regret=0.125582 ape=0.6940
[15:07:10] warmStart 1% (35/2294) regret=0.125292 ape=0.6940
[15:07:11] warmStart 1% (36/2294) regret=0.125292 ape=0.6940
[15:07:11] warmStart 1% (37/2294) regret=0.125393 ape=0.6940
[15:07:11] warmStart 1% (38/2294) regret=0.125393 ape=0.6940
[15:07:11] warmStart 1% (39/2294) regret=0.125131 ape=0.6931
[15:07:11] warmStart 1% (40/2294) regret=0.124472 ape=0.6931
[15:07:11] warmStart 1% (41/2294) regret=0.124472 ape=0.6931
[15:07:11] warmStart 1% (42/2294) regret=0.124472 ape=0.6931
[15:07:12] warmStart 1% (43/2294) regret=0.124180 ape=0.6931
[15:07:12] warmStart 1% (44/2294) regret=0.124180 ape=0.6931
[15:07:12] warmStart 1% (45/2294) regret=0.124180 ape=0.6931
[15:07:12] warmStart 2% (46/2294) regret=0.124180 ape=0.6931
[15:07:12] warmStart 2% (47/2294) regret=0.124180 ape=0.6931
[15:07:12] warmStart 2% (48/2294) regret=0.124180 ape=0.6931
[15:07:13] warmStart 2% (49/2294) regret=0.123395 ape=0.6912
[15:07:13] warmStart 2% (50/2294) regret=0.122717 ape=0.6903
[15:07:13] warmStart 2% (51/2294) regret=0.122342 ape=0.6903
[15:07:13] warmStart 2% (52/2294) regret=0.121828 ape=0.6885
[15:07:13] warmStart 2% (53/2294) regret=0.121213 ape=0.6876
[15:07:13] warmStart 2% (54/2294) regret=0.119218 ape=0.6866
[15:07:13] warmStart 2% (55/2294) regret=0.117604 ape=0.6857
[15:07:14] warmStart 2% (56/2294) regret=0.117871 ape=0.6857
[15:07:14] warmStart 2% (57/2294) regret=0.117871 ape=0.6857
[15:07:14] warmStart 2% (58/2294) regret=0.117604 ape=0.6857
[15:07:14] warmStart 2% (59/2294) regret=0.117742 ape=0.6857
[15:07:14] warmStart 2% (60/2294) regret=0.117742 ape=0.6857
[15:07:14] warmStart 2% (61/2294) regret=0.117678 ape=0.6848
[15:07:15] warmStart 2% (62/2294) regret=0.117589 ape=0.6848
[15:07:15] warmStart 2% (63/2294) regret=0.117728 ape=0.6848
[15:07:15] warmStart 2% (64/2294) regret=0.116993 ape=0.6848
[15:07:15] warmStart 2% (65/2294) regret=0.115678 ape=0.6829
[15:07:15] warmStart 2% (66/2294) regret=0.115784 ape=0.6829
[15:07:15] warmStart 2% (67/2294) regret=0.115189 ape=0.6829
[15:07:16] warmStart 2% (68/2294) regret=0.115189 ape=0.6829
[15:07:16] warmStart 3% (69/2294) regret=0.114673 ape=0.6829
[15:07:16] warmStart 3% (70/2294) regret=0.114673 ape=0.6829
[15:07:16] warmStart 3% (71/2294) regret=0.112257 ape=0.6802
[15:07:16] warmStart 3% (72/2294) regret=0.111796 ape=0.6802
[15:07:16] warmStart 3% (73/2294) regret=0.111406 ape=0.6811
[15:07:16] warmStart 3% (74/2294) regret=0.111221 ape=0.6811
[15:07:17] warmStart 3% (75/2294) regret=0.110604 ape=0.6793
[15:07:17] warmStart 3% (76/2294) regret=0.110596 ape=0.6793
[15:07:17] warmStart 3% (77/2294) regret=0.110578 ape=0.6793
[15:07:17] warmStart 3% (78/2294) regret=0.109942 ape=0.6783
[15:07:17] warmStart 3% (79/2294) regret=0.108426 ape=0.6774
[15:07:17] warmStart 3% (80/2294) regret=0.107822 ape=0.6765
[15:07:18] warmStart 3% (81/2294) regret=0.107478 ape=0.6756
[15:07:18] warmStart 3% (82/2294) regret=0.107464 ape=0.6756
[15:07:18] warmStart 3% (83/2294) regret=0.106152 ape=0.6728
[15:07:18] warmStart 3% (84/2294) regret=0.105778 ape=0.6719
[15:07:18] warmStart 3% (85/2294) regret=0.105680 ape=0.6719
[15:07:18] warmStart 3% (86/2294) regret=0.105385 ape=0.6719
[15:07:18] warmStart 3% (87/2294) regret=0.105385 ape=0.6719
[15:07:19] warmStart 3% (88/2294) regret=0.104579 ape=0.6710
[15:07:19] warmStart 3% (89/2294) regret=0.104579 ape=0.6710
[15:07:19] warmStart 3% (90/2294) regret=0.104099 ape=0.6710
[15:07:19] warmStart 3% (91/2294) regret=0.103874 ape=0.6710
[15:07:19] warmStart 4% (92/2294) regret=0.103380 ape=0.6700
[15:07:19] warmStart 4% (93/2294) regret=0.103380 ape=0.6700
[15:07:20] warmStart 4% (94/2294) regret=0.103109 ape=0.6691
[15:07:20] warmStart 4% (95/2294) regret=0.103109 ape=0.6691
[15:07:20] warmStart 4% (96/2294) regret=0.102044 ape=0.6691
[15:07:20] warmStart 4% (97/2294) regret=0.101613 ape=0.6682
[15:07:20] warmStart 4% (98/2294) regret=0.100508 ape=0.6682
[15:07:20] warmStart 4% (99/2294) regret=0.100262 ape=0.6682
[15:07:20] warmStart 4% (100/2294) regret=0.099921 ape=0.6673
[15:07:21] warmStart 4% (101/2294) regret=0.099976 ape=0.6673
[15:07:21] warmStart 4% (102/2294) regret=0.099856 ape=0.6673
[15:07:21] warmStart 4% (103/2294) regret=0.099390 ape=0.6664
[15:07:21] warmStart 4% (104/2294) regret=0.099215 ape=0.6654
[15:07:21] warmStart 4% (105/2294) regret=0.097394 ape=0.6645
[15:07:21] warmStart 4% (106/2294) regret=0.097451 ape=0.6645
[15:07:22] warmStart 4% (107/2294) regret=0.097165 ape=0.6645
[15:07:22] warmStart 4% (108/2294) regret=0.096723 ape=0.6636
[15:07:22] warmStart 4% (109/2294) regret=0.096723 ape=0.6636
[15:07:22] warmStart 4% (110/2294) regret=0.096693 ape=0.6636
[15:07:22] warmStart 4% (111/2294) regret=0.096981 ape=0.6636
[15:07:22] warmStart 4% (112/2294) regret=0.096976 ape=0.6636
[15:07:23] warmStart 4% (113/2294) regret=0.096692 ape=0.6645
[15:07:23] warmStart 4% (114/2294) regret=0.096239 ape=0.6645
[15:07:23] warmStart 5% (115/2294) regret=0.096271 ape=0.6645
[15:07:23] warmStart 5% (116/2294) regret=0.096271 ape=0.6645
[15:07:23] warmStart 5% (117/2294) regret=0.095543 ape=0.6645
[15:07:23] warmStart 5% (118/2294) regret=0.094671 ape=0.6645
[15:07:23] warmStart 5% (119/2294) regret=0.094671 ape=0.6645
[15:07:24] warmStart 5% (120/2294) regret=0.094671 ape=0.6645
[15:07:24] warmStart 5% (121/2294) regret=0.093630 ape=0.6636
[15:07:24] warmStart 5% (122/2294) regret=0.093630 ape=0.6636
[15:07:24] warmStart 5% (123/2294) regret=0.093630 ape=0.6636
[15:07:24] warmStart 5% (124/2294) regret=0.092606 ape=0.6627
[15:07:25] warmStart 5% (125/2294) regret=0.092013 ape=0.6618
[15:07:25] warmStart 5% (126/2294) regret=0.092013 ape=0.6618
[15:07:25] warmStart 5% (127/2294) regret=0.091810 ape=0.6608
[15:07:25] warmStart 5% (128/2294) regret=0.091156 ape=0.6608
[15:07:25] warmStart 5% (129/2294) regret=0.090198 ape=0.6590
[15:07:25] warmStart 5% (130/2294) regret=0.090048 ape=0.6581
[15:07:25] warmStart 5% (131/2294) regret=0.090048 ape=0.6581
[15:07:26] warmStart 5% (132/2294) regret=0.089431 ape=0.6581
[15:07:26] warmStart 5% (133/2294) regret=0.089431 ape=0.6581
[15:07:26] warmStart 5% (134/2294) regret=0.089400 ape=0.6571
[15:07:26] warmStart 5% (135/2294) regret=0.089015 ape=0.6562
[15:07:26] warmStart 5% (136/2294) regret=0.089025 ape=0.6562
[15:07:26] warmStart 5% (137/2294) regret=0.088275 ape=0.6553
[15:07:27] warmStart 6% (138/2294) regret=0.087735 ape=0.6535
[15:07:27] warmStart 6% (139/2294) regret=0.087674 ape=0.6535
[15:07:27] warmStart 6% (140/2294) regret=0.087536 ape=0.6535
[15:07:27] warmStart 6% (141/2294) regret=0.087038 ape=0.6525
[15:07:27] warmStart 6% (142/2294) regret=0.086909 ape=0.6525
[15:07:27] warmStart 6% (143/2294) regret=0.087038 ape=0.6544
[15:07:27] warmStart 6% (144/2294) regret=0.086572 ape=0.6535
[15:07:28] warmStart 6% (145/2294) regret=0.086328 ape=0.6525
[15:07:28] warmStart 6% (146/2294) regret=0.086405 ape=0.6535
[15:07:28] warmStart 6% (147/2294) regret=0.086124 ape=0.6535
[15:07:28] warmStart 6% (148/2294) regret=0.086128 ape=0.6544
[15:07:28] warmStart 6% (149/2294) regret=0.086075 ape=0.6535
[15:07:28] warmStart 6% (150/2294) regret=0.086124 ape=0.6544
[15:07:29] warmStart 6% (151/2294) regret=0.085723 ape=0.6535
[15:07:29] warmStart 6% (152/2294) regret=0.085588 ape=0.6525
[15:07:29] warmStart 6% (153/2294) regret=0.085302 ape=0.6525
[15:07:29] warmStart 6% (154/2294) regret=0.085058 ape=0.6525
[15:07:29] warmStart 6% (155/2294) regret=0.084359 ape=0.6507
[15:07:29] warmStart 6% (156/2294) regret=0.084395 ape=0.6507
[15:07:29] warmStart 6% (157/2294) regret=0.083813 ape=0.6488
[15:07:30] warmStart 6% (158/2294) regret=0.083458 ape=0.6488
[15:07:30] warmStart 6% (159/2294) regret=0.082910 ape=0.6488
[15:07:30] warmStart 6% (160/2294) regret=0.082880 ape=0.6488
[15:07:30] warmStart 7% (161/2294) regret=0.082398 ape=0.6479
[15:07:30] warmStart 7% (162/2294) regret=0.082568 ape=0.6498
[15:07:30] warmStart 7% (163/2294) regret=0.082566 ape=0.6498
[15:07:31] warmStart 7% (164/2294) regret=0.082566 ape=0.6498
[15:07:31] warmStart 7% (165/2294) regret=0.082179 ape=0.6488
[15:07:31] warmStart 7% (166/2294) regret=0.081524 ape=0.6479
[15:07:31] warmStart 7% (167/2294) regret=0.080990 ape=0.6470
[15:07:31] warmStart 7% (168/2294) regret=0.081031 ape=0.6470
[15:07:31] warmStart 7% (169/2294) regret=0.080547 ape=0.6470
[15:07:31] warmStart 7% (170/2294) regret=0.080547 ape=0.6470
[15:07:32] warmStart 7% (171/2294) regret=0.079994 ape=0.6461
[15:07:32] warmStart 7% (172/2294) regret=0.079828 ape=0.6461
[15:07:32] warmStart 7% (173/2294) regret=0.079624 ape=0.6452
[15:07:32] warmStart 7% (174/2294) regret=0.079710 ape=0.6461
[15:07:32] warmStart 7% (175/2294) regret=0.079747 ape=0.6461
[15:07:32] warmStart 7% (176/2294) regret=0.079505 ape=0.6442
[15:07:33] warmStart 7% (177/2294) regret=0.078298 ape=0.6433
[15:07:33] warmStart 7% (178/2294) regret=0.078136 ape=0.6424
[15:07:33] warmStart 7% (179/2294) regret=0.077978 ape=0.6424
[15:07:33] warmStart 7% (180/2294) regret=0.077889 ape=0.6415
[15:07:33] warmStart 7% (181/2294) regret=0.077870 ape=0.6415
[15:07:33] warmStart 7% (182/2294) regret=0.077302 ape=0.6406
[15:07:33] warmStart 7% (183/2294) regret=0.077536 ape=0.6424
[15:07:34] warmStart 8% (184/2294) regret=0.077483 ape=0.6415
[15:07:34] warmStart 8% (185/2294) regret=0.077410 ape=0.6415
[15:07:34] warmStart 8% (186/2294) regret=0.076740 ape=0.6415
[15:07:34] warmStart 8% (187/2294) regret=0.075988 ape=0.6406
[15:07:34] warmStart 8% (188/2294) regret=0.075710 ape=0.6396
[15:07:34] warmStart 8% (189/2294) regret=0.075975 ape=0.6406
[15:07:34] warmStart 8% (190/2294) regret=0.076056 ape=0.6396
[15:07:35] warmStart 8% (191/2294) regret=0.075586 ape=0.6387
[15:07:35] warmStart 8% (192/2294) regret=0.075125 ape=0.6387
[15:07:35] warmStart 8% (193/2294) regret=0.074658 ape=0.6387
[15:07:35] warmStart 8% (194/2294) regret=0.074723 ape=0.6387
[15:07:35] warmStart 8% (195/2294) regret=0.073905 ape=0.6378
[15:07:35] warmStart 8% (196/2294) regret=0.073760 ape=0.6378
[15:07:35] warmStart 8% (197/2294) regret=0.073760 ape=0.6378
[15:07:36] warmStart 8% (198/2294) regret=0.073068 ape=0.6378
[15:07:36] warmStart 8% (199/2294) regret=0.072893 ape=0.6378
[15:07:36] warmStart 8% (200/2294) regret=0.072893 ape=0.6378
[15:07:36] warmStart 8% (201/2294) regret=0.072893 ape=0.6378
[15:07:36] warmStart 8% (202/2294) regret=0.072893 ape=0.6378
[15:07:36] warmStart 8% (203/2294) regret=0.072414 ape=0.6369
[15:07:37] warmStart 8% (204/2294) regret=0.072414 ape=0.6369
[15:07:37] warmStart 8% (205/2294) regret=0.072414 ape=0.6369
[15:07:37] warmStart 8% (206/2294) regret=0.072386 ape=0.6369
[15:07:37] warmStart 9% (207/2294) regret=0.072386 ape=0.6369
[15:07:37] warmStart 9% (208/2294) regret=0.072351 ape=0.6359
[15:07:37] warmStart 9% (209/2294) regret=0.072351 ape=0.6359
[15:07:38] warmStart 9% (210/2294) regret=0.072351 ape=0.6359
[15:07:38] warmStart 9% (211/2294) regret=0.072351 ape=0.6359
[15:07:38] warmStart 9% (212/2294) regret=0.072351 ape=0.6359
[15:07:38] warmStart 9% (213/2294) regret=0.072351 ape=0.6359
[15:07:38] warmStart 9% (214/2294) regret=0.072351 ape=0.6359
[15:07:38] warmStart 9% (215/2294) regret=0.072305 ape=0.6359
[15:07:38] warmStart 9% (216/2294) regret=0.072277 ape=0.6350
[15:07:39] warmStart 9% (217/2294) regret=0.072277 ape=0.6350
[15:07:39] warmStart 9% (218/2294) regret=0.072277 ape=0.6350
[15:07:39] warmStart 9% (219/2294) regret=0.072277 ape=0.6350
[15:07:39] warmStart 9% (220/2294) regret=0.072277 ape=0.6350
[15:07:39] warmStart 9% (221/2294) regret=0.072277 ape=0.6350
[15:07:39] warmStart 9% (222/2294) regret=0.072277 ape=0.6350
[15:07:40] warmStart 9% (223/2294) regret=0.071899 ape=0.6350
[15:07:40] warmStart 9% (224/2294) regret=0.071899 ape=0.6350
[15:07:40] warmStart 9% (225/2294) regret=0.071899 ape=0.6350
[15:07:40] warmStart 9% (226/2294) regret=0.071899 ape=0.6350
[15:07:40] warmStart 9% (227/2294) regret=0.071554 ape=0.6341
[15:07:40] warmStart 9% (228/2294) regret=0.071554 ape=0.6341
[15:07:40] warmStart 9% (229/2294) regret=0.071554 ape=0.6341
[15:07:41] warmStart 10% (230/2294) regret=0.071554 ape=0.6341
[15:07:41] warmStart 10% (231/2294) regret=0.071554 ape=0.6341
[15:07:41] warmStart 10% (232/2294) regret=0.071554 ape=0.6341
[15:07:41] warmStart 10% (233/2294) regret=0.071554 ape=0.6341
[15:07:41] warmStart 10% (234/2294) regret=0.071554 ape=0.6341
[15:07:41] warmStart 10% (235/2294) regret=0.071554 ape=0.6341
[15:07:41] warmStart 10% (236/2294) regret=0.071554 ape=0.6341
[15:07:42] warmStart 10% (237/2294) regret=0.071554 ape=0.6341
[15:07:42] warmStart 10% (238/2294) regret=0.071554 ape=0.6341
[15:07:42] warmStart 10% (239/2294) regret=0.071554 ape=0.6341
[15:07:42] warmStart 10% (240/2294) regret=0.071554 ape=0.6341
[15:07:42] warmStart 10% (241/2294) regret=0.071554 ape=0.6341
[15:07:42] warmStart 10% (242/2294) regret=0.071540 ape=0.6341
[15:07:42] warmStart 10% (243/2294) regret=0.071540 ape=0.6341
[15:07:43] warmStart 10% (244/2294) regret=0.071540 ape=0.6341
[15:07:43] warmStart 10% (245/2294) regret=0.071540 ape=0.6341
[15:07:43] warmStart 10% (246/2294) regret=0.071540 ape=0.6341
[15:07:43] warmStart 10% (247/2294) regret=0.071540 ape=0.6341
[15:07:43] warmStart 10% (248/2294) regret=0.071598 ape=0.6341
[15:07:43] warmStart 10% (249/2294) regret=0.071347 ape=0.6341
[15:07:44] warmStart 10% (250/2294) regret=0.071504 ape=0.6341
[15:07:44] warmStart 10% (251/2294) regret=0.071504 ape=0.6341
[15:07:44] warmStart 10% (252/2294) regret=0.071504 ape=0.6341
[15:07:44] warmStart 11% (253/2294) regret=0.071504 ape=0.6341
[15:07:44] warmStart 11% (254/2294) regret=0.071504 ape=0.6341
[15:07:44] warmStart 11% (255/2294) regret=0.071504 ape=0.6341
[15:07:45] warmStart 11% (256/2294) regret=0.071504 ape=0.6341
[15:07:45] warmStart 11% (257/2294) regret=0.071504 ape=0.6341
[15:07:45] warmStart 11% (258/2294) regret=0.071504 ape=0.6341
[15:07:45] warmStart 11% (259/2294) regret=0.071504 ape=0.6341
[15:07:45] warmStart 11% (260/2294) regret=0.071458 ape=0.6341
[15:07:45] warmStart 11% (261/2294) regret=0.071458 ape=0.6341
[15:07:45] warmStart 11% (262/2294) regret=0.071458 ape=0.6341
[15:07:46] warmStart 11% (263/2294) regret=0.071458 ape=0.6341
[15:07:46] warmStart 11% (264/2294) regret=0.071458 ape=0.6341
[15:07:46] warmStart 11% (265/2294) regret=0.071458 ape=0.6341
[15:07:46] warmStart 11% (266/2294) regret=0.071458 ape=0.6341
[15:07:46] warmStart 11% (267/2294) regret=0.071458 ape=0.6341
[15:07:46] warmStart 11% (268/2294) regret=0.071458 ape=0.6341
[15:07:47] warmStart 11% (269/2294) regret=0.071458 ape=0.6341
[15:07:47] warmStart 11% (270/2294) regret=0.071458 ape=0.6341
[15:07:47] warmStart 11% (271/2294) regret=0.071458 ape=0.6341
[15:07:47] warmStart 11% (272/2294) regret=0.071458 ape=0.6341
[15:07:47] warmStart 11% (273/2294) regret=0.071458 ape=0.6341
[15:07:47] warmStart 11% (274/2294) regret=0.071458 ape=0.6341
[15:07:47] warmStart 11% (275/2294) regret=0.071430 ape=0.6332
[15:07:48] warmStart 12% (276/2294) regret=0.071430 ape=0.6332
[15:07:48] warmStart 12% (277/2294) regret=0.071430 ape=0.6332
[15:07:48] warmStart 12% (278/2294) regret=0.071430 ape=0.6332
[15:07:48] warmStart 12% (279/2294) regret=0.071430 ape=0.6332
[15:07:48] warmStart 12% (280/2294) regret=0.071430 ape=0.6332
[15:07:48] warmStart 12% (281/2294) regret=0.071430 ape=0.6332
[15:07:49] warmStart 12% (282/2294) regret=0.071430 ape=0.6332
[15:07:49] warmStart 12% (283/2294) regret=0.071430 ape=0.6332
[15:07:49] warmStart 12% (284/2294) regret=0.071430 ape=0.6332
[15:07:49] warmStart 12% (285/2294) regret=0.071430 ape=0.6332
[15:07:49] warmStart 12% (286/2294) regret=0.071430 ape=0.6332
[15:07:49] warmStart 12% (287/2294) regret=0.071260 ape=0.6323
[15:07:50] warmStart 12% (288/2294) regret=0.071260 ape=0.6323
[15:07:50] warmStart 12% (289/2294) regret=0.071260 ape=0.6323
[15:07:50] warmStart 12% (290/2294) regret=0.071260 ape=0.6323
[15:07:50] warmStart 12% (291/2294) regret=0.071260 ape=0.6323
[15:07:50] warmStart 12% (292/2294) regret=0.071205 ape=0.6323
[15:07:50] warmStart 12% (293/2294) regret=0.070702 ape=0.6323
[15:07:51] warmStart 12% (294/2294) regret=0.070647 ape=0.6313
[15:07:51] warmStart 12% (295/2294) regret=0.070675 ape=0.6313
[15:07:51] warmStart 12% (296/2294) regret=0.070382 ape=0.6313
[15:07:51] warmStart 12% (297/2294) regret=0.070382 ape=0.6313
[15:07:51] warmStart 12% (298/2294) regret=0.070049 ape=0.6304
[15:07:51] warmStart 13% (299/2294) regret=0.069522 ape=0.6304
[15:07:52] warmStart 13% (300/2294) regret=0.069107 ape=0.6295
[15:07:52] warmStart 13% (301/2294) regret=0.069107 ape=0.6295
[15:07:52] warmStart 13% (302/2294) regret=0.069113 ape=0.6295
[15:07:52] warmStart 13% (303/2294) regret=0.069182 ape=0.6295
[15:07:52] warmStart 13% (304/2294) regret=0.068915 ape=0.6286
[15:07:52] warmStart 13% (305/2294) regret=0.069007 ape=0.6286
[15:07:53] warmStart 13% (306/2294) regret=0.068565 ape=0.6267
[15:07:53] warmStart 13% (307/2294) regret=0.068565 ape=0.6267
[15:07:53] warmStart 13% (308/2294) regret=0.068260 ape=0.6267
[15:07:53] warmStart 13% (309/2294) regret=0.068353 ape=0.6267
[15:07:53] warmStart 13% (310/2294) regret=0.068353 ape=0.6267
[15:07:53] warmStart 13% (311/2294) regret=0.067671 ape=0.6267
[15:07:53] warmStart 13% (312/2294) regret=0.067671 ape=0.6267
[15:07:54] warmStart 13% (313/2294) regret=0.067219 ape=0.6267
[15:07:54] warmStart 13% (314/2294) regret=0.067653 ape=0.6267
[15:07:54] warmStart 13% (315/2294) regret=0.067012 ape=0.6258
[15:07:54] warmStart 13% (316/2294) regret=0.067280 ape=0.6249
[15:07:54] warmStart 13% (317/2294) regret=0.066868 ape=0.6230
[15:07:54] warmStart 13% (318/2294) regret=0.066776 ape=0.6230
[15:07:55] warmStart 13% (319/2294) regret=0.066361 ape=0.6212
[15:07:55] warmStart 13% (320/2294) regret=0.065981 ape=0.6212
[15:07:55] warmStart 13% (321/2294) regret=0.065645 ape=0.6212
[15:07:55] warmStart 14% (322/2294) regret=0.065129 ape=0.6203
[15:07:55] warmStart 14% (323/2294) regret=0.064742 ape=0.6194
[15:07:55] warmStart 14% (324/2294) regret=0.064616 ape=0.6184
[15:07:56] warmStart 14% (325/2294) regret=0.064662 ape=0.6184
[15:07:56] warmStart 14% (326/2294) regret=0.064127 ape=0.6175
[15:07:56] warmStart 14% (327/2294) regret=0.064127 ape=0.6175
[15:07:56] warmStart 14% (328/2294) regret=0.064065 ape=0.6175
[15:07:56] warmStart 14% (329/2294) regret=0.063973 ape=0.6166
[15:07:56] warmStart 14% (330/2294) regret=0.064199 ape=0.6175
[15:07:56] warmStart 14% (331/2294) regret=0.063835 ape=0.6166
[15:07:57] warmStart 14% (332/2294) regret=0.063786 ape=0.6147
[15:07:57] warmStart 14% (333/2294) regret=0.063689 ape=0.6157
[15:07:57] warmStart 14% (334/2294) regret=0.063830 ape=0.6166
[15:07:57] warmStart 14% (335/2294) regret=0.063462 ape=0.6157
[15:07:57] warmStart 14% (336/2294) regret=0.063462 ape=0.6157
[15:07:57] warmStart 14% (337/2294) regret=0.063365 ape=0.6157
[15:07:58] warmStart 14% (338/2294) regret=0.063393 ape=0.6157
[15:07:58] warmStart 14% (339/2294) regret=0.063403 ape=0.6157
[15:07:58] warmStart 14% (340/2294) regret=0.063321 ape=0.6147
[15:07:58] warmStart 14% (341/2294) regret=0.063191 ape=0.6138
[15:07:58] warmStart 14% (342/2294) regret=0.062685 ape=0.6111
[15:07:58] warmStart 14% (343/2294) regret=0.062685 ape=0.6111
[15:07:59] warmStart 14% (344/2294) regret=0.062734 ape=0.6111
[15:07:59] warmStart 15% (345/2294) regret=0.062826 ape=0.6111
[15:07:59] warmStart 15% (346/2294) regret=0.062671 ape=0.6111
[15:07:59] warmStart 15% (347/2294) regret=0.062644 ape=0.6111
[15:07:59] warmStart 15% (348/2294) regret=0.062653 ape=0.6101
[15:07:59] warmStart 15% (349/2294) regret=0.061879 ape=0.6083
[15:08:00] warmStart 15% (350/2294) regret=0.061725 ape=0.6083
[15:08:00] warmStart 15% (351/2294) regret=0.061034 ape=0.6074
[15:08:00] warmStart 15% (352/2294) regret=0.061135 ape=0.6074
[15:08:00] warmStart 15% (353/2294) regret=0.061295 ape=0.6074
[15:08:00] warmStart 15% (354/2294) regret=0.062038 ape=0.6083
[15:08:00] warmStart 15% (355/2294) regret=0.061503 ape=0.6065
[15:08:00] warmStart 15% (356/2294) regret=0.061168 ape=0.6065
[15:08:01] warmStart 15% (357/2294) regret=0.061168 ape=0.6065
[15:08:01] warmStart 15% (358/2294) regret=0.061168 ape=0.6065
[15:08:01] warmStart 15% (359/2294) regret=0.061110 ape=0.6065
[15:08:01] warmStart 15% (360/2294) regret=0.060678 ape=0.6046
[15:08:01] warmStart 15% (361/2294) regret=0.060663 ape=0.6046
[15:08:01] warmStart 15% (362/2294) regret=0.060714 ape=0.6046
[15:08:02] warmStart 15% (363/2294) regret=0.060883 ape=0.6065
[15:08:02] warmStart 15% (364/2294) regret=0.061118 ape=0.6074
[15:08:02] warmStart 15% (365/2294) regret=0.061174 ape=0.6083
[15:08:02] warmStart 15% (366/2294) regret=0.061082 ape=0.6074
[15:08:02] warmStart 15% (367/2294) regret=0.060943 ape=0.6074
[15:08:02] warmStart 16% (368/2294) regret=0.060943 ape=0.6074
[15:08:03] warmStart 16% (369/2294) regret=0.060943 ape=0.6074
[15:08:03] warmStart 16% (370/2294) regret=0.060943 ape=0.6074
[15:08:03] warmStart 16% (371/2294) regret=0.061138 ape=0.6083
[15:08:03] warmStart 16% (372/2294) regret=0.061138 ape=0.6083
[15:08:03] warmStart 16% (373/2294) regret=0.061258 ape=0.6083
[15:08:03] warmStart 16% (374/2294) regret=0.061258 ape=0.6083
[15:08:04] warmStart 16% (375/2294) regret=0.061276 ape=0.6083
[15:08:04] warmStart 16% (376/2294) regret=0.061197 ape=0.6083
[15:08:04] warmStart 16% (377/2294) regret=0.061197 ape=0.6083
[15:08:04] warmStart 16% (378/2294) regret=0.061197 ape=0.6083
[15:08:04] warmStart 16% (379/2294) regret=0.061197 ape=0.6083
[15:08:04] warmStart 16% (380/2294) regret=0.061197 ape=0.6083
[15:08:05] warmStart 16% (381/2294) regret=0.061207 ape=0.6083
[15:08:05] warmStart 16% (382/2294) regret=0.061207 ape=0.6083
[15:08:05] warmStart 16% (383/2294) regret=0.061207 ape=0.6083
[15:08:05] warmStart 16% (384/2294) regret=0.061207 ape=0.6083
[15:08:05] warmStart 16% (385/2294) regret=0.061207 ape=0.6083
[15:08:05] warmStart 16% (386/2294) regret=0.060764 ape=0.6074
[15:08:05] warmStart 16% (387/2294) regret=0.060744 ape=0.6065
[15:08:06] warmStart 16% (388/2294) regret=0.060726 ape=0.6065
[15:08:06] warmStart 16% (389/2294) regret=0.060726 ape=0.6065
[15:08:06] warmStart 17% (390/2294) regret=0.060726 ape=0.6065
[15:08:06] warmStart 17% (391/2294) regret=0.060726 ape=0.6065
[15:08:06] warmStart 17% (392/2294) regret=0.060726 ape=0.6065
[15:08:06] warmStart 17% (393/2294) regret=0.060726 ape=0.6065
[15:08:07] warmStart 17% (394/2294) regret=0.060726 ape=0.6065
[15:08:07] warmStart 17% (395/2294) regret=0.060901 ape=0.6055
[15:08:07] warmStart 17% (396/2294) regret=0.060952 ape=0.6055
[15:08:07] warmStart 17% (397/2294) regret=0.060887 ape=0.6055
[15:08:07] warmStart 17% (398/2294) regret=0.060887 ape=0.6055
[15:08:07] warmStart 17% (399/2294) regret=0.060915 ape=0.6055
[15:08:08] warmStart 17% (400/2294) regret=0.060887 ape=0.6055
[15:08:08] warmStart 17% (401/2294) regret=0.060813 ape=0.6046
[15:08:08] warmStart 17% (402/2294) regret=0.060813 ape=0.6046
[15:08:08] warmStart 17% (403/2294) regret=0.060813 ape=0.6046
[15:08:08] warmStart 17% (404/2294) regret=0.060813 ape=0.6046
[15:08:08] warmStart 17% (405/2294) regret=0.060813 ape=0.6046
[15:08:09] warmStart 17% (406/2294) regret=0.060813 ape=0.6046
[15:08:09] warmStart 17% (407/2294) regret=0.060813 ape=0.6046
[15:08:09] warmStart 17% (408/2294) regret=0.060813 ape=0.6046
[15:08:09] warmStart 17% (409/2294) regret=0.060813 ape=0.6046
[15:08:09] warmStart 17% (410/2294) regret=0.060813 ape=0.6046
[15:08:09] warmStart 17% (411/2294) regret=0.060813 ape=0.6046
[15:08:09] warmStart 17% (412/2294) regret=0.060380 ape=0.6028
[15:08:10] warmStart 18% (413/2294) regret=0.060380 ape=0.6028
[15:08:10] warmStart 18% (414/2294) regret=0.060380 ape=0.6028
[15:08:10] warmStart 18% (415/2294) regret=0.060380 ape=0.6028
[15:08:10] warmStart 18% (416/2294) regret=0.060380 ape=0.6028
[15:08:10] warmStart 18% (417/2294) regret=0.060362 ape=0.6028
[15:08:10] warmStart 18% (418/2294) regret=0.060334 ape=0.6028
[15:08:10] warmStart 18% (419/2294) regret=0.060277 ape=0.6028
[15:08:11] warmStart 18% (420/2294) regret=0.060277 ape=0.6028
[15:08:11] warmStart 18% (421/2294) regret=0.060277 ape=0.6028
[15:08:11] warmStart 18% (422/2294) regret=0.060208 ape=0.6028
[15:08:11] warmStart 18% (423/2294) regret=0.060208 ape=0.6028
[15:08:11] warmStart 18% (424/2294) regret=0.059865 ape=0.6018
[15:08:11] warmStart 18% (425/2294) regret=0.059865 ape=0.6018
[15:08:12] warmStart 18% (426/2294) regret=0.059865 ape=0.6018
[15:08:12] warmStart 18% (427/2294) regret=0.059865 ape=0.6018
[15:08:12] warmStart 18% (428/2294) regret=0.059865 ape=0.6018
[15:08:12] warmStart 18% (429/2294) regret=0.059865 ape=0.6018
[15:08:12] warmStart 18% (430/2294) regret=0.059865 ape=0.6018
[15:08:12] warmStart 18% (431/2294) regret=0.059875 ape=0.6018
[15:08:13] warmStart 18% (432/2294) regret=0.059838 ape=0.6018
[15:08:13] warmStart 18% (433/2294) regret=0.059391 ape=0.6009
[15:08:13] warmStart 18% (434/2294) regret=0.059342 ape=0.6000
[15:08:13] warmStart 18% (435/2294) regret=0.059391 ape=0.6009
[15:08:13] warmStart 19% (436/2294) regret=0.059391 ape=0.6009
[15:08:13] warmStart 19% (437/2294) regret=0.059366 ape=0.6000
[15:08:13] warmStart 19% (438/2294) regret=0.059491 ape=0.6000
[15:08:14] warmStart 19% (439/2294) regret=0.059491 ape=0.6000
[15:08:14] warmStart 19% (440/2294) regret=0.059491 ape=0.6000
[15:08:14] warmStart 19% (441/2294) regret=0.059375 ape=0.5991
[15:08:14] warmStart 19% (442/2294) regret=0.058924 ape=0.5991
[15:08:14] warmStart 19% (443/2294) regret=0.058924 ape=0.5991
[15:08:14] warmStart 19% (444/2294) regret=0.058924 ape=0.5991
[15:08:15] warmStart 19% (445/2294) regret=0.058924 ape=0.5991
[15:08:15] warmStart 19% (446/2294) regret=0.058924 ape=0.5991
[15:08:15] warmStart 19% (447/2294) regret=0.058924 ape=0.5991
[15:08:15] warmStart 19% (448/2294) regret=0.058924 ape=0.5991
[15:08:15] warmStart 19% (449/2294) regret=0.058925 ape=0.5991
[15:08:15] warmStart 19% (450/2294) regret=0.058925 ape=0.5991
[15:08:16] warmStart 19% (451/2294) regret=0.058925 ape=0.5991
[15:08:16] warmStart 19% (452/2294) regret=0.058925 ape=0.5991
[15:08:16] warmStart 19% (453/2294) regret=0.058785 ape=0.5982
[15:08:16] warmStart 19% (454/2294) regret=0.058888 ape=0.5982
[15:08:16] warmStart 19% (455/2294) regret=0.058829 ape=0.5982
[15:08:16] warmStart 19% (456/2294) regret=0.058841 ape=0.5991
[15:08:17] warmStart 19% (457/2294) regret=0.058792 ape=0.5991
[15:08:17] warmStart 19% (458/2294) regret=0.058792 ape=0.5991
[15:08:17] warmStart 20% (459/2294) regret=0.058792 ape=0.5991
[15:08:17] warmStart 20% (460/2294) regret=0.058542 ape=0.5982
[15:08:17] warmStart 20% (461/2294) regret=0.058111 ape=0.5982
[15:08:17] warmStart 20% (462/2294) regret=0.058308 ape=0.6009
[15:08:18] warmStart 20% (463/2294) regret=0.058240 ape=0.6000
[15:08:18] warmStart 20% (464/2294) regret=0.058048 ape=0.6000
[15:08:18] warmStart 20% (465/2294) regret=0.058126 ape=0.6000
[15:08:18] warmStart 20% (466/2294) regret=0.058131 ape=0.6000
[15:08:18] warmStart 20% (467/2294) regret=0.057997 ape=0.5991
[15:08:18] warmStart 20% (468/2294) regret=0.057655 ape=0.5972
[15:08:19] warmStart 20% (469/2294) regret=0.057609 ape=0.5972
[15:08:19] warmStart 20% (470/2294) regret=0.057659 ape=0.5972
[15:08:19] warmStart 20% (471/2294) regret=0.057337 ape=0.5963
[15:08:19] warmStart 20% (472/2294) regret=0.057314 ape=0.5963
[15:08:19] warmStart 20% (473/2294) regret=0.057300 ape=0.5954
[15:08:19] warmStart 20% (474/2294) regret=0.057331 ape=0.5954
[15:08:20] warmStart 20% (475/2294) regret=0.057331 ape=0.5954
[15:08:20] warmStart 20% (476/2294) regret=0.057017 ape=0.5945
[15:08:20] warmStart 20% (477/2294) regret=0.057165 ape=0.5945
[15:08:20] warmStart 20% (478/2294) regret=0.057165 ape=0.5945
[15:08:20] warmStart 20% (479/2294) regret=0.057165 ape=0.5945
[15:08:20] warmStart 20% (480/2294) regret=0.057094 ape=0.5935
[15:08:21] warmStart 20% (481/2294) regret=0.057094 ape=0.5935
[15:08:21] warmStart 21% (482/2294) regret=0.057090 ape=0.5917
[15:08:21] warmStart 21% (483/2294) regret=0.056077 ape=0.5899
[15:08:21] warmStart 21% (484/2294) regret=0.056071 ape=0.5899
[15:08:21] warmStart 21% (485/2294) regret=0.056071 ape=0.5899
[15:08:21] warmStart 21% (486/2294) regret=0.056071 ape=0.5899
[15:08:22] warmStart 21% (487/2294) regret=0.055922 ape=0.5899
[15:08:22] warmStart 21% (488/2294) regret=0.055922 ape=0.5899
[15:08:22] warmStart 21% (489/2294) regret=0.055922 ape=0.5899
[15:08:22] warmStart 21% (490/2294) regret=0.055922 ape=0.5899
[15:08:22] warmStart 21% (491/2294) regret=0.055899 ape=0.5889
[15:08:22] warmStart 21% (492/2294) regret=0.056178 ape=0.5889
[15:08:23] warmStart 21% (493/2294) regret=0.055964 ape=0.5880
[15:08:23] warmStart 21% (494/2294) regret=0.055964 ape=0.5880
[15:08:23] warmStart 21% (495/2294) regret=0.055964 ape=0.5880
[15:08:23] warmStart 21% (496/2294) regret=0.055964 ape=0.5880
[15:08:23] warmStart 21% (497/2294) regret=0.055805 ape=0.5880
[15:08:23] warmStart 21% (498/2294) regret=0.055753 ape=0.5871
[15:08:23] warmStart 21% (499/2294) regret=0.055753 ape=0.5871
[15:08:24] warmStart 21% (500/2294) regret=0.055753 ape=0.5871
[15:08:24] warmStart 21% (501/2294) regret=0.055753 ape=0.5871
[15:08:24] warmStart 21% (502/2294) regret=0.055753 ape=0.5871
[15:08:24] warmStart 21% (503/2294) regret=0.055753 ape=0.5871
[15:08:24] warmStart 21% (504/2294) regret=0.055753 ape=0.5871
[15:08:24] warmStart 22% (505/2294) regret=0.055523 ape=0.5871
[15:08:24] warmStart 22% (506/2294) regret=0.055039 ape=0.5862
[15:08:25] warmStart 22% (507/2294) regret=0.055039 ape=0.5862
[15:08:25] warmStart 22% (508/2294) regret=0.055039 ape=0.5862
[15:08:25] warmStart 22% (509/2294) regret=0.055179 ape=0.5862
[15:08:25] warmStart 22% (510/2294) regret=0.055179 ape=0.5862
[15:08:25] warmStart 22% (511/2294) regret=0.055179 ape=0.5862
[15:08:25] warmStart 22% (512/2294) regret=0.055179 ape=0.5862
[15:08:26] warmStart 22% (513/2294) regret=0.055179 ape=0.5862
[15:08:26] warmStart 22% (514/2294) regret=0.055179 ape=0.5862
[15:08:26] warmStart 22% (515/2294) regret=0.055185 ape=0.5862
[15:08:26] warmStart 22% (516/2294) regret=0.055185 ape=0.5862
[15:08:26] warmStart 22% (517/2294) regret=0.055185 ape=0.5862
[15:08:26] warmStart 22% (518/2294) regret=0.055185 ape=0.5862
[15:08:27] warmStart 22% (519/2294) regret=0.055185 ape=0.5862
[15:08:27] warmStart 22% (520/2294) regret=0.055185 ape=0.5862
[15:08:27] warmStart 22% (521/2294) regret=0.055185 ape=0.5862
[15:08:27] warmStart 22% (522/2294) regret=0.055185 ape=0.5862
[15:08:27] warmStart 22% (523/2294) regret=0.055185 ape=0.5862
[15:08:27] warmStart 22% (524/2294) regret=0.055185 ape=0.5862
[15:08:28] warmStart 22% (525/2294) regret=0.055185 ape=0.5862
[15:08:28] warmStart 22% (526/2294) regret=0.055185 ape=0.5862
[15:08:28] warmStart 22% (527/2294) regret=0.055185 ape=0.5862
[15:08:28] warmStart 23% (528/2294) regret=0.055185 ape=0.5862
[15:08:28] warmStart 23% (529/2294) regret=0.055185 ape=0.5862
[15:08:28] warmStart 23% (530/2294) regret=0.055185 ape=0.5862
[15:08:28] warmStart 23% (531/2294) regret=0.055185 ape=0.5862
[15:08:29] warmStart 23% (532/2294) regret=0.055182 ape=0.5862
[15:08:29] warmStart 23% (533/2294) regret=0.055182 ape=0.5862
[15:08:29] warmStart 23% (534/2294) regret=0.054881 ape=0.5862
[15:08:29] warmStart 23% (535/2294) regret=0.054881 ape=0.5862
[15:08:29] warmStart 23% (536/2294) regret=0.054881 ape=0.5862
[15:08:29] warmStart 23% (537/2294) regret=0.054881 ape=0.5862
[15:08:30] warmStart 23% (538/2294) regret=0.054881 ape=0.5862
[15:08:30] warmStart 23% (539/2294) regret=0.054881 ape=0.5862
[15:08:30] warmStart 23% (540/2294) regret=0.054881 ape=0.5862
[15:08:30] warmStart 23% (541/2294) regret=0.054881 ape=0.5862
[15:08:30] warmStart 23% (542/2294) regret=0.054855 ape=0.5862
[15:08:30] warmStart 23% (543/2294) regret=0.054855 ape=0.5862
[15:08:31] warmStart 23% (544/2294) regret=0.054855 ape=0.5862
[15:08:31] warmStart 23% (545/2294) regret=0.054855 ape=0.5862
[15:08:31] warmStart 23% (546/2294) regret=0.054855 ape=0.5862
[15:08:31] warmStart 23% (547/2294) regret=0.054855 ape=0.5862
[15:08:31] warmStart 23% (548/2294) regret=0.054855 ape=0.5862
[15:08:31] warmStart 23% (549/2294) regret=0.054855 ape=0.5862
[15:08:31] warmStart 23% (550/2294) regret=0.054855 ape=0.5862
[15:08:32] warmStart 24% (551/2294) regret=0.054855 ape=0.5862
[15:08:32] warmStart 24% (552/2294) regret=0.054855 ape=0.5862
[15:08:32] warmStart 24% (553/2294) regret=0.054855 ape=0.5862
[15:08:32] warmStart 24% (554/2294) regret=0.054855 ape=0.5862
[15:08:32] warmStart 24% (555/2294) regret=0.054855 ape=0.5862
[15:08:32] warmStart 24% (556/2294) regret=0.054717 ape=0.5862
[15:08:32] warmStart 24% (557/2294) regret=0.054689 ape=0.5853
[15:08:33] warmStart 24% (558/2294) regret=0.054689 ape=0.5853
[15:08:33] warmStart 24% (559/2294) regret=0.054689 ape=0.5853
[15:08:33] warmStart 24% (560/2294) regret=0.054689 ape=0.5853
[15:08:33] warmStart 24% (561/2294) regret=0.054613 ape=0.5853
[15:08:33] warmStart 24% (562/2294) regret=0.054613 ape=0.5853
[15:08:33] warmStart 24% (563/2294) regret=0.054613 ape=0.5853
[15:08:33] warmStart 24% (564/2294) regret=0.054613 ape=0.5853
[15:08:34] warmStart 24% (565/2294) regret=0.054613 ape=0.5853
[15:08:34] warmStart 24% (566/2294) regret=0.054613 ape=0.5853
[15:08:34] warmStart 24% (567/2294) regret=0.054765 ape=0.5862
[15:08:34] warmStart 24% (568/2294) regret=0.054740 ape=0.5853
[15:08:34] warmStart 24% (569/2294) regret=0.054648 ape=0.5853
[15:08:34] warmStart 24% (570/2294) regret=0.054727 ape=0.5862
[15:08:35] warmStart 24% (571/2294) regret=0.054323 ape=0.5843
[15:08:35] warmStart 24% (572/2294) regret=0.054373 ape=0.5853
[15:08:35] warmStart 24% (573/2294) regret=0.054233 ape=0.5853
[15:08:35] warmStart 25% (574/2294) regret=0.053919 ape=0.5853
[15:08:35] warmStart 25% (575/2294) regret=0.053638 ape=0.5853
[15:08:35] warmStart 25% (576/2294) regret=0.053602 ape=0.5843
[15:08:36] warmStart 25% (577/2294) regret=0.053445 ape=0.5834
[15:08:36] warmStart 25% (578/2294) regret=0.053111 ape=0.5834
[15:08:36] warmStart 25% (579/2294) regret=0.053142 ape=0.5834
[15:08:36] warmStart 25% (580/2294) regret=0.052736 ape=0.5834
[15:08:36] warmStart 25% (581/2294) regret=0.052736 ape=0.5834
[15:08:36] warmStart 25% (582/2294) regret=0.052590 ape=0.5834
[15:08:37] warmStart 25% (583/2294) regret=0.052590 ape=0.5834
[15:08:37] warmStart 25% (584/2294) regret=0.052206 ape=0.5825
[15:08:37] warmStart 25% (585/2294) regret=0.052160 ape=0.5825
[15:08:37] warmStart 25% (586/2294) regret=0.052160 ape=0.5825
[15:08:37] warmStart 25% (587/2294) regret=0.052160 ape=0.5825
[15:08:37] warmStart 25% (588/2294) regret=0.052160 ape=0.5825
[15:08:37] warmStart 25% (589/2294) regret=0.052077 ape=0.5816
[15:08:38] warmStart 25% (590/2294) regret=0.052020 ape=0.5806
[15:08:38] warmStart 25% (591/2294) regret=0.052008 ape=0.5806
[15:08:38] warmStart 25% (592/2294) regret=0.052008 ape=0.5806
[15:08:38] warmStart 25% (593/2294) regret=0.051891 ape=0.5788
[15:08:38] warmStart 25% (594/2294) regret=0.051884 ape=0.5788
[15:08:38] warmStart 25% (595/2294) regret=0.051557 ape=0.5797
[15:08:39] warmStart 25% (596/2294) regret=0.051557 ape=0.5797
[15:08:39] warmStart 26% (597/2294) regret=0.051557 ape=0.5797
[15:08:39] warmStart 26% (598/2294) regret=0.051557 ape=0.5797
[15:08:39] warmStart 26% (599/2294) regret=0.051557 ape=0.5797
[15:08:39] warmStart 26% (600/2294) regret=0.051539 ape=0.5788
[15:08:39] warmStart 26% (601/2294) regret=0.051554 ape=0.5788
[15:08:39] warmStart 26% (602/2294) regret=0.051518 ape=0.5788
[15:08:40] warmStart 26% (603/2294) regret=0.051500 ape=0.5788
[15:08:40] warmStart 26% (604/2294) regret=0.051500 ape=0.5788
[15:08:40] warmStart 26% (605/2294) regret=0.051039 ape=0.5779
[15:08:40] warmStart 26% (606/2294) regret=0.051191 ape=0.5788
[15:08:40] warmStart 26% (607/2294) regret=0.051191 ape=0.5788
[15:08:40] warmStart 26% (608/2294) regret=0.051191 ape=0.5788
[15:08:41] warmStart 26% (609/2294) regret=0.051191 ape=0.5788
[15:08:41] warmStart 26% (610/2294) regret=0.051233 ape=0.5788
[15:08:41] warmStart 26% (611/2294) regret=0.051181 ape=0.5788
[15:08:41] warmStart 26% (612/2294) regret=0.051181 ape=0.5788
[15:08:41] warmStart 26% (613/2294) regret=0.051181 ape=0.5788
[15:08:41] warmStart 26% (614/2294) regret=0.051079 ape=0.5788
[15:08:42] warmStart 26% (615/2294) regret=0.051015 ape=0.5788
[15:08:42] warmStart 26% (616/2294) regret=0.051015 ape=0.5788
[15:08:42] warmStart 26% (617/2294) regret=0.051015 ape=0.5788
[15:08:42] warmStart 26% (618/2294) regret=0.051032 ape=0.5779
[15:08:42] warmStart 26% (619/2294) regret=0.050884 ape=0.5770
[15:08:42] warmStart 27% (620/2294) regret=0.050884 ape=0.5770
[15:08:42] warmStart 27% (621/2294) regret=0.050884 ape=0.5770
[15:08:43] warmStart 27% (622/2294) regret=0.050884 ape=0.5770
[15:08:43] warmStart 27% (623/2294) regret=0.050884 ape=0.5770
[15:08:43] warmStart 27% (624/2294) regret=0.050884 ape=0.5770
[15:08:43] warmStart 27% (625/2294) regret=0.050884 ape=0.5770
[15:08:43] warmStart 27% (626/2294) regret=0.050884 ape=0.5770
[15:08:43] warmStart 27% (627/2294) regret=0.050884 ape=0.5770
[15:08:44] warmStart 27% (628/2294) regret=0.050884 ape=0.5770
[15:08:44] warmStart 27% (629/2294) regret=0.050884 ape=0.5770
[15:08:44] warmStart 27% (630/2294) regret=0.050884 ape=0.5770
[15:08:44] warmStart 27% (631/2294) regret=0.050884 ape=0.5770
[15:08:44] warmStart 27% (632/2294) regret=0.050884 ape=0.5770
[15:08:44] warmStart 27% (633/2294) regret=0.050884 ape=0.5770
[15:08:45] warmStart 27% (634/2294) regret=0.050884 ape=0.5770
[15:08:45] warmStart 27% (635/2294) regret=0.050884 ape=0.5770
[15:08:45] warmStart 27% (636/2294) regret=0.050884 ape=0.5770
[15:08:45] warmStart 27% (637/2294) regret=0.050884 ape=0.5770
[15:08:45] warmStart 27% (638/2294) regret=0.050884 ape=0.5770
[15:08:45] warmStart 27% (639/2294) regret=0.050884 ape=0.5770
[15:08:46] warmStart 27% (640/2294) regret=0.050884 ape=0.5770
[15:08:46] warmStart 27% (641/2294) regret=0.050884 ape=0.5770
[15:08:46] warmStart 27% (642/2294) regret=0.050884 ape=0.5770
[15:08:46] warmStart 28% (643/2294) regret=0.050884 ape=0.5770
[15:08:46] warmStart 28% (644/2294) regret=0.050884 ape=0.5770
[15:08:46] warmStart 28% (645/2294) regret=0.050884 ape=0.5770
[15:08:47] warmStart 28% (646/2294) regret=0.050884 ape=0.5770
[15:08:47] warmStart 28% (647/2294) regret=0.050884 ape=0.5770
[15:08:47] warmStart 28% (648/2294) regret=0.050958 ape=0.5779
[15:08:47] warmStart 28% (649/2294) regret=0.050884 ape=0.5770
[15:08:47] warmStart 28% (650/2294) regret=0.050884 ape=0.5770
[15:08:47] warmStart 28% (651/2294) regret=0.050884 ape=0.5770
[15:08:48] warmStart 28% (652/2294) regret=0.050884 ape=0.5770
[15:08:48] warmStart 28% (653/2294) regret=0.050884 ape=0.5770
[15:08:48] warmStart 28% (654/2294) regret=0.050884 ape=0.5770
[15:08:48] warmStart 28% (655/2294) regret=0.050878 ape=0.5770
[15:08:48] warmStart 28% (656/2294) regret=0.050707 ape=0.5760
[15:08:48] warmStart 28% (657/2294) regret=0.050720 ape=0.5760
[15:08:48] warmStart 28% (658/2294) regret=0.050720 ape=0.5760
[15:08:49] warmStart 28% (659/2294) regret=0.050684 ape=0.5760
[15:08:49] warmStart 28% (660/2294) regret=0.050764 ape=0.5760
[15:08:49] warmStart 28% (661/2294) regret=0.050745 ape=0.5760
[15:08:49] warmStart 28% (662/2294) regret=0.050729 ape=0.5760
[15:08:49] warmStart 28% (663/2294) regret=0.050447 ape=0.5751
[15:08:49] warmStart 28% (664/2294) regret=0.050393 ape=0.5742
[15:08:50] warmStart 28% (665/2294) regret=0.050361 ape=0.5742
[15:08:50] warmStart 29% (666/2294) regret=0.050361 ape=0.5742
[15:08:50] warmStart 29% (667/2294) regret=0.050361 ape=0.5742
[15:08:50] warmStart 29% (668/2294) regret=0.050361 ape=0.5742
[15:08:50] warmStart 29% (669/2294) regret=0.050361 ape=0.5742
[15:08:51] warmStart 29% (670/2294) regret=0.050283 ape=0.5742
[15:08:51] warmStart 29% (671/2294) regret=0.050283 ape=0.5742
[15:08:51] warmStart 29% (672/2294) regret=0.050283 ape=0.5742
[15:08:51] warmStart 29% (673/2294) regret=0.050283 ape=0.5742
[15:08:51] warmStart 29% (674/2294) regret=0.050283 ape=0.5742
[15:08:51] warmStart 29% (675/2294) regret=0.050283 ape=0.5742
[15:08:51] warmStart 29% (676/2294) regret=0.050283 ape=0.5742
[15:08:52] warmStart 29% (677/2294) regret=0.049964 ape=0.5742
[15:08:52] warmStart 29% (678/2294) regret=0.049903 ape=0.5733
[15:08:52] warmStart 29% (679/2294) regret=0.049770 ape=0.5742
[15:08:52] warmStart 29% (680/2294) regret=0.049770 ape=0.5742
[15:08:52] warmStart 29% (681/2294) regret=0.049770 ape=0.5742
[15:08:52] warmStart 29% (682/2294) regret=0.049770 ape=0.5742
[15:08:53] warmStart 29% (683/2294) regret=0.049770 ape=0.5742
[15:08:53] warmStart 29% (684/2294) regret=0.049795 ape=0.5742
[15:08:53] warmStart 29% (685/2294) regret=0.049795 ape=0.5742
[15:08:53] warmStart 29% (686/2294) regret=0.049795 ape=0.5742
[15:08:53] warmStart 29% (687/2294) regret=0.049795 ape=0.5742
[15:08:53] warmStart 29% (688/2294) regret=0.049703 ape=0.5742
[15:08:54] warmStart 30% (689/2294) regret=0.049703 ape=0.5742
[15:08:54] warmStart 30% (690/2294) regret=0.049703 ape=0.5742
[15:08:54] warmStart 30% (691/2294) regret=0.049744 ape=0.5751
[15:08:54] warmStart 30% (692/2294) regret=0.049744 ape=0.5751
[15:08:54] warmStart 30% (693/2294) regret=0.049550 ape=0.5751
[15:08:54] warmStart 30% (694/2294) regret=0.049550 ape=0.5751
[15:08:54] warmStart 30% (695/2294) regret=0.049550 ape=0.5751
[15:08:55] warmStart 30% (696/2294) regret=0.049550 ape=0.5751
[15:08:55] warmStart 30% (697/2294) regret=0.049550 ape=0.5751
[15:08:55] warmStart 30% (698/2294) regret=0.048997 ape=0.5742
[15:08:55] warmStart 30% (699/2294) regret=0.048997 ape=0.5742
[15:08:55] warmStart 30% (700/2294) regret=0.048997 ape=0.5742
[15:08:55] warmStart 30% (701/2294) regret=0.048997 ape=0.5742
[15:08:55] warmStart 30% (702/2294) regret=0.048997 ape=0.5742
[15:08:56] warmStart 30% (703/2294) regret=0.048997 ape=0.5742
[15:08:56] warmStart 30% (704/2294) regret=0.048997 ape=0.5742
[15:08:56] warmStart 30% (705/2294) regret=0.048997 ape=0.5742
[15:08:56] warmStart 30% (706/2294) regret=0.048997 ape=0.5742
[15:08:56] warmStart 30% (707/2294) regret=0.048997 ape=0.5742
[15:08:56] warmStart 30% (708/2294) regret=0.048997 ape=0.5742
[15:08:57] warmStart 30% (709/2294) regret=0.048997 ape=0.5742
[15:08:57] warmStart 30% (710/2294) regret=0.048868 ape=0.5733
[15:08:57] warmStart 30% (711/2294) regret=0.048868 ape=0.5733
[15:08:57] warmStart 31% (712/2294) regret=0.048868 ape=0.5733
[15:08:57] warmStart 31% (713/2294) regret=0.048868 ape=0.5733
[15:08:57] warmStart 31% (714/2294) regret=0.048760 ape=0.5733
[15:08:58] warmStart 31% (715/2294) regret=0.048760 ape=0.5733
[15:08:58] warmStart 31% (716/2294) regret=0.048505 ape=0.5733
[15:08:58] warmStart 31% (717/2294) regret=0.048505 ape=0.5733
[15:08:58] warmStart 31% (718/2294) regret=0.048547 ape=0.5733
[15:08:58] warmStart 31% (719/2294) regret=0.048547 ape=0.5733
[15:08:58] warmStart 31% (720/2294) regret=0.048477 ape=0.5724
[15:08:59] warmStart 31% (721/2294) regret=0.048477 ape=0.5724
[15:08:59] warmStart 31% (722/2294) regret=0.048711 ape=0.5724
[15:08:59] warmStart 31% (723/2294) regret=0.048711 ape=0.5724
[15:08:59] warmStart 31% (724/2294) regret=0.048711 ape=0.5724
[15:08:59] warmStart 31% (725/2294) regret=0.048711 ape=0.5724
[15:08:59] warmStart 31% (726/2294) regret=0.048711 ape=0.5724
[15:08:59] warmStart 31% (727/2294) regret=0.048711 ape=0.5724
[15:09:00] warmStart 31% (728/2294) regret=0.048711 ape=0.5724
[15:09:00] warmStart 31% (729/2294) regret=0.048711 ape=0.5724
[15:09:00] warmStart 31% (730/2294) regret=0.048711 ape=0.5724
[15:09:00] warmStart 31% (731/2294) regret=0.048711 ape=0.5724
[15:09:00] warmStart 31% (732/2294) regret=0.048711 ape=0.5724
[15:09:00] warmStart 31% (733/2294) regret=0.048711 ape=0.5724
[15:09:01] warmStart 31% (734/2294) regret=0.048711 ape=0.5724
[15:09:01] warmStart 32% (735/2294) regret=0.048752 ape=0.5724
[15:09:01] warmStart 32% (736/2294) regret=0.048752 ape=0.5724
[15:09:01] warmStart 32% (737/2294) regret=0.048752 ape=0.5724
[15:09:01] warmStart 32% (738/2294) regret=0.048752 ape=0.5724
[15:09:01] warmStart 32% (739/2294) regret=0.048752 ape=0.5724
[15:09:01] warmStart 32% (740/2294) regret=0.048752 ape=0.5724
[15:09:02] warmStart 32% (741/2294) regret=0.048774 ape=0.5724
[15:09:02] warmStart 32% (742/2294) regret=0.048774 ape=0.5724
[15:09:02] warmStart 32% (743/2294) regret=0.048299 ape=0.5714
[15:09:02] warmStart 32% (744/2294) regret=0.048207 ape=0.5705
[15:09:02] warmStart 32% (745/2294) regret=0.048207 ape=0.5705
[15:09:02] warmStart 32% (746/2294) regret=0.048207 ape=0.5705
[15:09:03] warmStart 32% (747/2294) regret=0.048207 ape=0.5705
[15:09:03] warmStart 32% (748/2294) regret=0.048207 ape=0.5705
[15:09:03] warmStart 32% (749/2294) regret=0.048207 ape=0.5705
[15:09:03] warmStart 32% (750/2294) regret=0.048207 ape=0.5705
[15:09:03] warmStart 32% (751/2294) regret=0.048207 ape=0.5705
[15:09:03] warmStart 32% (752/2294) regret=0.048207 ape=0.5705
[15:09:03] warmStart 32% (753/2294) regret=0.048138 ape=0.5705
[15:09:04] warmStart 32% (754/2294) regret=0.047852 ape=0.5696
[15:09:04] warmStart 32% (755/2294) regret=0.048102 ape=0.5705
[15:09:04] warmStart 32% (756/2294) regret=0.048102 ape=0.5705
[15:09:04] warmStart 32% (757/2294) regret=0.047913 ape=0.5705
[15:09:04] warmStart 33% (758/2294) regret=0.047913 ape=0.5705
[15:09:05] warmStart 33% (759/2294) regret=0.047932 ape=0.5705
[15:09:05] warmStart 33% (760/2294) regret=0.047932 ape=0.5705
[15:09:05] warmStart 33% (761/2294) regret=0.047927 ape=0.5705
[15:09:05] warmStart 33% (762/2294) regret=0.047927 ape=0.5705
[15:09:05] warmStart 33% (763/2294) regret=0.047946 ape=0.5705
[15:09:05] warmStart 33% (764/2294) regret=0.047480 ape=0.5696
[15:09:05] warmStart 33% (765/2294) regret=0.047480 ape=0.5696
[15:09:06] warmStart 33% (766/2294) regret=0.047844 ape=0.5705
[15:09:06] warmStart 33% (767/2294) regret=0.047549 ape=0.5705
[15:09:06] warmStart 33% (768/2294) regret=0.047558 ape=0.5714
[15:09:06] warmStart 33% (769/2294) regret=0.047549 ape=0.5714
[15:09:06] warmStart 33% (770/2294) regret=0.047549 ape=0.5714
[15:09:06] warmStart 33% (771/2294) regret=0.047439 ape=0.5705
[15:09:07] warmStart 33% (772/2294) regret=0.047426 ape=0.5705
[15:09:07] warmStart 33% (773/2294) regret=0.047439 ape=0.5705
[15:09:07] warmStart 33% (774/2294) regret=0.047439 ape=0.5705
[15:09:07] warmStart 33% (775/2294) regret=0.047439 ape=0.5705
[15:09:07] warmStart 33% (776/2294) regret=0.047181 ape=0.5705
[15:09:07] warmStart 33% (777/2294) regret=0.047181 ape=0.5705
[15:09:07] warmStart 33% (778/2294) regret=0.047181 ape=0.5705
[15:09:08] warmStart 33% (779/2294) regret=0.047181 ape=0.5705
[15:09:08] warmStart 34% (780/2294) regret=0.047191 ape=0.5705
[15:09:08] warmStart 34% (781/2294) regret=0.047358 ape=0.5705
[15:09:08] warmStart 34% (782/2294) regret=0.047561 ape=0.5705
[15:09:08] warmStart 34% (783/2294) regret=0.047528 ape=0.5696
[15:09:08] warmStart 34% (784/2294) regret=0.047349 ape=0.5696
[15:09:09] warmStart 34% (785/2294) regret=0.047349 ape=0.5696
[15:09:09] warmStart 34% (786/2294) regret=0.047109 ape=0.5677
[15:09:09] warmStart 34% (787/2294) regret=0.047312 ape=0.5687
[15:09:09] warmStart 34% (788/2294) regret=0.047303 ape=0.5677
[15:09:09] warmStart 34% (789/2294) regret=0.047303 ape=0.5677
[15:09:09] warmStart 34% (790/2294) regret=0.046851 ape=0.5668
[15:09:10] warmStart 34% (791/2294) regret=0.046851 ape=0.5668
[15:09:10] warmStart 34% (792/2294) regret=0.046870 ape=0.5677
[15:09:10] warmStart 34% (793/2294) regret=0.046870 ape=0.5677
[15:09:10] warmStart 34% (794/2294) regret=0.046418 ape=0.5668
[15:09:10] warmStart 34% (795/2294) regret=0.046418 ape=0.5668
[15:09:10] warmStart 34% (796/2294) regret=0.046418 ape=0.5668
[15:09:10] warmStart 34% (797/2294) regret=0.045789 ape=0.5659
[15:09:11] warmStart 34% (798/2294) regret=0.045737 ape=0.5659
[15:09:11] warmStart 34% (799/2294) regret=0.045629 ape=0.5659
[15:09:11] warmStart 34% (800/2294) regret=0.045648 ape=0.5659
[15:09:11] warmStart 34% (801/2294) regret=0.045924 ape=0.5659
[15:09:11] warmStart 34% (802/2294) regret=0.045345 ape=0.5659
[15:09:11] warmStart 35% (803/2294) regret=0.045470 ape=0.5659
[15:09:12] warmStart 35% (804/2294) regret=0.045516 ape=0.5659
[15:09:12] warmStart 35% (805/2294) regret=0.045479 ape=0.5659
[15:09:12] warmStart 35% (806/2294) regret=0.045382 ape=0.5659
[15:09:12] warmStart 35% (807/2294) regret=0.045124 ape=0.5668
[15:09:12] warmStart 35% (808/2294) regret=0.045124 ape=0.5668
[15:09:12] warmStart 35% (809/2294) regret=0.045130 ape=0.5668
[15:09:13] warmStart 35% (810/2294) regret=0.045133 ape=0.5668
[15:09:13] warmStart 35% (811/2294) regret=0.045213 ape=0.5677
[15:09:13] warmStart 35% (812/2294) regret=0.045264 ape=0.5677
[15:09:13] warmStart 35% (813/2294) regret=0.045264 ape=0.5677
[15:09:13] warmStart 35% (814/2294) regret=0.045264 ape=0.5677
[15:09:13] warmStart 35% (815/2294) regret=0.045264 ape=0.5677
[15:09:14] warmStart 35% (816/2294) regret=0.045264 ape=0.5677
[15:09:14] warmStart 35% (817/2294) regret=0.045264 ape=0.5677
[15:09:14] warmStart 35% (818/2294) regret=0.045264 ape=0.5677
[15:09:14] warmStart 35% (819/2294) regret=0.045104 ape=0.5677
[15:09:14] warmStart 35% (820/2294) regret=0.044591 ape=0.5668
[15:09:14] warmStart 35% (821/2294) regret=0.044582 ape=0.5659
[15:09:15] warmStart 35% (822/2294) regret=0.044153 ape=0.5659
[15:09:15] warmStart 35% (823/2294) regret=0.044153 ape=0.5659
[15:09:15] warmStart 35% (824/2294) regret=0.044181 ape=0.5659
[15:09:15] warmStart 35% (825/2294) regret=0.044144 ape=0.5650
[15:09:15] warmStart 36% (826/2294) regret=0.044144 ape=0.5650
[15:09:15] warmStart 36% (827/2294) regret=0.044144 ape=0.5650
[15:09:15] warmStart 36% (828/2294) regret=0.044278 ape=0.5650
[15:09:16] warmStart 36% (829/2294) regret=0.044278 ape=0.5650
[15:09:16] warmStart 36% (830/2294) regret=0.044278 ape=0.5650
[15:09:16] warmStart 36% (831/2294) regret=0.044822 ape=0.5650
[15:09:16] warmStart 36% (832/2294) regret=0.044227 ape=0.5641
[15:09:16] warmStart 36% (833/2294) regret=0.044227 ape=0.5641
[15:09:16] warmStart 36% (834/2294) regret=0.044215 ape=0.5641
[15:09:17] warmStart 36% (835/2294) regret=0.044255 ape=0.5650
[15:09:17] warmStart 36% (836/2294) regret=0.044255 ape=0.5650
[15:09:17] warmStart 36% (837/2294) regret=0.044255 ape=0.5650
[15:09:17] warmStart 36% (838/2294) regret=0.044255 ape=0.5650
[15:09:17] warmStart 36% (839/2294) regret=0.044255 ape=0.5650
[15:09:17] warmStart 36% (840/2294) regret=0.044252 ape=0.5641
[15:09:18] warmStart 36% (841/2294) regret=0.044178 ape=0.5641
[15:09:18] warmStart 36% (842/2294) regret=0.044104 ape=0.5631
[15:09:18] warmStart 36% (843/2294) regret=0.044086 ape=0.5622
[15:09:18] warmStart 36% (844/2294) regret=0.044080 ape=0.5622
[15:09:18] warmStart 36% (845/2294) regret=0.044024 ape=0.5613
[15:09:18] warmStart 36% (846/2294) regret=0.044031 ape=0.5613
[15:09:19] warmStart 36% (847/2294) regret=0.044063 ape=0.5622
[15:09:19] warmStart 36% (848/2294) regret=0.043943 ape=0.5613
[15:09:19] warmStart 37% (849/2294) regret=0.044072 ape=0.5622
[15:09:19] warmStart 37% (850/2294) regret=0.044024 ape=0.5613
[15:09:19] warmStart 37% (851/2294) regret=0.044073 ape=0.5613
[15:09:19] warmStart 37% (852/2294) regret=0.043959 ape=0.5613
[15:09:20] warmStart 37% (853/2294) regret=0.043959 ape=0.5613
[15:09:20] warmStart 37% (854/2294) regret=0.044408 ape=0.5622
[15:09:20] warmStart 37% (855/2294) regret=0.043696 ape=0.5604
[15:09:20] warmStart 37% (856/2294) regret=0.043918 ape=0.5613
[15:09:20] warmStart 37% (857/2294) regret=0.043924 ape=0.5613
[15:09:20] warmStart 37% (858/2294) regret=0.043820 ape=0.5613
[15:09:21] warmStart 37% (859/2294) regret=0.043820 ape=0.5613
[15:09:21] warmStart 37% (860/2294) regret=0.043820 ape=0.5613
[15:09:21] warmStart 37% (861/2294) regret=0.043820 ape=0.5613
[15:09:21] warmStart 37% (862/2294) regret=0.043696 ape=0.5604
[15:09:21] warmStart 37% (863/2294) regret=0.043733 ape=0.5613
[15:09:21] warmStart 37% (864/2294) regret=0.043871 ape=0.5613
[15:09:21] warmStart 37% (865/2294) regret=0.043567 ape=0.5604
[15:09:22] warmStart 37% (866/2294) regret=0.043428 ape=0.5594
[15:09:22] warmStart 37% (867/2294) regret=0.043428 ape=0.5594
[15:09:22] warmStart 37% (868/2294) regret=0.043428 ape=0.5594
[15:09:22] warmStart 37% (869/2294) regret=0.043438 ape=0.5604
[15:09:22] warmStart 37% (870/2294) regret=0.043604 ape=0.5604
[15:09:22] warmStart 37% (871/2294) regret=0.043387 ape=0.5594
[15:09:23] warmStart 38% (872/2294) regret=0.043387 ape=0.5594
[15:09:23] warmStart 38% (873/2294) regret=0.043387 ape=0.5594
[15:09:23] warmStart 38% (874/2294) regret=0.043387 ape=0.5594
[15:09:23] warmStart 38% (875/2294) regret=0.043387 ape=0.5594
[15:09:23] warmStart 38% (876/2294) regret=0.043387 ape=0.5594
[15:09:23] warmStart 38% (877/2294) regret=0.043387 ape=0.5594
[15:09:24] warmStart 38% (878/2294) regret=0.043387 ape=0.5594
[15:09:24] warmStart 38% (879/2294) regret=0.043387 ape=0.5594
[15:09:24] warmStart 38% (880/2294) regret=0.043387 ape=0.5594
[15:09:24] warmStart 38% (881/2294) regret=0.043387 ape=0.5594
[15:09:24] warmStart 38% (882/2294) regret=0.043387 ape=0.5594
[15:09:24] warmStart 38% (883/2294) regret=0.043387 ape=0.5594
[15:09:24] warmStart 38% (884/2294) regret=0.043387 ape=0.5594
[15:09:25] warmStart 38% (885/2294) regret=0.043387 ape=0.5594
[15:09:25] warmStart 38% (886/2294) regret=0.043387 ape=0.5594
[15:09:25] warmStart 38% (887/2294) regret=0.043387 ape=0.5594
[15:09:25] warmStart 38% (888/2294) regret=0.043387 ape=0.5594
[15:09:25] warmStart 38% (889/2294) regret=0.043387 ape=0.5594
[15:09:25] warmStart 38% (890/2294) regret=0.043387 ape=0.5594
[15:09:26] warmStart 38% (891/2294) regret=0.043387 ape=0.5594
[15:09:26] warmStart 38% (892/2294) regret=0.043387 ape=0.5594
[15:09:26] warmStart 38% (893/2294) regret=0.043387 ape=0.5594
[15:09:26] warmStart 38% (894/2294) regret=0.043387 ape=0.5594
[15:09:26] warmStart 39% (895/2294) regret=0.043387 ape=0.5594
[15:09:26] warmStart 39% (896/2294) regret=0.043387 ape=0.5594
[15:09:27] warmStart 39% (897/2294) regret=0.043387 ape=0.5594
[15:09:27] warmStart 39% (898/2294) regret=0.043387 ape=0.5594
[15:09:27] warmStart 39% (899/2294) regret=0.043387 ape=0.5594
[15:09:27] warmStart 39% (900/2294) regret=0.043387 ape=0.5594
[15:09:27] warmStart 39% (901/2294) regret=0.043378 ape=0.5594
[15:09:27] warmStart 39% (902/2294) regret=0.043378 ape=0.5594
[15:09:28] warmStart 39% (903/2294) regret=0.043378 ape=0.5594
[15:09:28] warmStart 39% (904/2294) regret=0.043444 ape=0.5594
[15:09:28] warmStart 39% (905/2294) regret=0.043304 ape=0.5585
[15:09:28] warmStart 39% (906/2294) regret=0.043295 ape=0.5585
[15:09:28] warmStart 39% (907/2294) regret=0.043311 ape=0.5585
[15:09:28] warmStart 39% (908/2294) regret=0.043045 ape=0.5567
[15:09:29] warmStart 39% (909/2294) regret=0.043081 ape=0.5567
[15:09:29] warmStart 39% (910/2294) regret=0.043167 ape=0.5576
[15:09:29] warmStart 39% (911/2294) regret=0.043110 ape=0.5567
[15:09:29] warmStart 39% (912/2294) regret=0.043110 ape=0.5567
[15:09:29] warmStart 39% (913/2294) regret=0.043110 ape=0.5567
[15:09:29] warmStart 39% (914/2294) regret=0.043110 ape=0.5567
[15:09:30] warmStart 39% (915/2294) regret=0.043096 ape=0.5567
[15:09:30] warmStart 39% (916/2294) regret=0.043096 ape=0.5567
[15:09:30] warmStart 39% (917/2294) regret=0.043096 ape=0.5567
[15:09:30] warmStart 40% (918/2294) regret=0.043096 ape=0.5567
[15:09:30] warmStart 40% (919/2294) regret=0.043096 ape=0.5567
[15:09:30] warmStart 40% (920/2294) regret=0.043096 ape=0.5567
[15:09:30] warmStart 40% (921/2294) regret=0.043096 ape=0.5567
[15:09:31] warmStart 40% (922/2294) regret=0.043096 ape=0.5567
[15:09:31] warmStart 40% (923/2294) regret=0.043096 ape=0.5567
[15:09:31] warmStart 40% (924/2294) regret=0.042872 ape=0.5558
[15:09:31] warmStart 40% (925/2294) regret=0.042872 ape=0.5558
[15:09:31] warmStart 40% (926/2294) regret=0.042872 ape=0.5558
[15:09:31] warmStart 40% (927/2294) regret=0.042872 ape=0.5558
[15:09:31] warmStart 40% (928/2294) regret=0.042872 ape=0.5558
[15:09:32] warmStart 40% (929/2294) regret=0.042872 ape=0.5558
[15:09:32] warmStart 40% (930/2294) regret=0.043208 ape=0.5567
[15:09:32] warmStart 40% (931/2294) regret=0.043208 ape=0.5567
[15:09:32] warmStart 40% (932/2294) regret=0.043208 ape=0.5567
[15:09:32] warmStart 40% (933/2294) regret=0.043208 ape=0.5567
[15:09:32] warmStart 40% (934/2294) regret=0.043208 ape=0.5567
[15:09:33] warmStart 40% (935/2294) regret=0.043208 ape=0.5567
[15:09:33] warmStart 40% (936/2294) regret=0.043208 ape=0.5567
[15:09:33] warmStart 40% (937/2294) regret=0.043208 ape=0.5567
[15:09:33] warmStart 40% (938/2294) regret=0.043208 ape=0.5567
[15:09:33] warmStart 40% (939/2294) regret=0.043208 ape=0.5567
[15:09:33] warmStart 40% (940/2294) regret=0.043208 ape=0.5567
[15:09:34] warmStart 41% (941/2294) regret=0.043208 ape=0.5567
[15:09:34] warmStart 41% (942/2294) regret=0.043208 ape=0.5567
[15:09:34] warmStart 41% (943/2294) regret=0.043208 ape=0.5567
[15:09:34] warmStart 41% (944/2294) regret=0.043208 ape=0.5567
[15:09:34] warmStart 41% (945/2294) regret=0.043208 ape=0.5567
[15:09:34] warmStart 41% (946/2294) regret=0.043208 ape=0.5567
[15:09:34] warmStart 41% (947/2294) regret=0.043208 ape=0.5567
[15:09:35] warmStart 41% (948/2294) regret=0.043208 ape=0.5567
[15:09:35] warmStart 41% (949/2294) regret=0.043208 ape=0.5567
[15:09:35] warmStart 41% (950/2294) regret=0.043208 ape=0.5567
[15:09:35] warmStart 41% (951/2294) regret=0.043208 ape=0.5567
[15:09:35] warmStart 41% (952/2294) regret=0.043208 ape=0.5567
[15:09:35] warmStart 41% (953/2294) regret=0.043208 ape=0.5567
[15:09:36] warmStart 41% (954/2294) regret=0.043208 ape=0.5567
[15:09:36] warmStart 41% (955/2294) regret=0.043208 ape=0.5567
[15:09:36] warmStart 41% (956/2294) regret=0.043208 ape=0.5567
[15:09:36] warmStart 41% (957/2294) regret=0.043208 ape=0.5567
[15:09:36] warmStart 41% (958/2294) regret=0.043208 ape=0.5567
[15:09:36] warmStart 41% (959/2294) regret=0.043208 ape=0.5567
[15:09:36] warmStart 41% (960/2294) regret=0.043208 ape=0.5567
[15:09:37] warmStart 41% (961/2294) regret=0.043208 ape=0.5567
[15:09:37] warmStart 41% (962/2294) regret=0.043208 ape=0.5567
[15:09:37] warmStart 41% (963/2294) regret=0.043208 ape=0.5567
[15:09:37] warmStart 42% (964/2294) regret=0.043208 ape=0.5567
[15:09:37] warmStart 42% (965/2294) regret=0.043208 ape=0.5567
[15:09:37] warmStart 42% (966/2294) regret=0.043208 ape=0.5567
[15:09:37] warmStart 42% (967/2294) regret=0.043208 ape=0.5567
[15:09:38] warmStart 42% (968/2294) regret=0.043208 ape=0.5567
[15:09:38] warmStart 42% (969/2294) regret=0.043208 ape=0.5567
[15:09:38] warmStart 42% (970/2294) regret=0.043208 ape=0.5567
[15:09:38] warmStart 42% (971/2294) regret=0.043208 ape=0.5567
[15:09:38] warmStart 42% (972/2294) regret=0.043208 ape=0.5567
[15:09:38] warmStart 42% (973/2294) regret=0.043208 ape=0.5567
[15:09:39] warmStart 42% (974/2294) regret=0.043130 ape=0.5558
[15:09:39] warmStart 42% (975/2294) regret=0.043130 ape=0.5558
[15:09:39] warmStart 42% (976/2294) regret=0.043130 ape=0.5558
[15:09:39] warmStart 42% (977/2294) regret=0.043012 ape=0.5558
[15:09:39] warmStart 42% (978/2294) regret=0.043179 ape=0.5567
[15:09:39] warmStart 42% (979/2294) regret=0.043179 ape=0.5567
[15:09:39] warmStart 42% (980/2294) regret=0.043203 ape=0.5567
[15:09:40] warmStart 42% (981/2294) regret=0.043203 ape=0.5567
[15:09:40] warmStart 42% (982/2294) regret=0.043203 ape=0.5567
[15:09:40] warmStart 42% (983/2294) regret=0.043176 ape=0.5567
[15:09:40] warmStart 42% (984/2294) regret=0.043199 ape=0.5567
[15:09:40] warmStart 42% (985/2294) regret=0.043166 ape=0.5567
[15:09:41] warmStart 42% (986/2294) regret=0.043222 ape=0.5567
[15:09:41] warmStart 43% (987/2294) regret=0.043259 ape=0.5576
[15:09:41] warmStart 43% (988/2294) regret=0.043259 ape=0.5576
[15:09:41] warmStart 43% (989/2294) regret=0.042950 ape=0.5576
[15:09:41] warmStart 43% (990/2294) regret=0.042722 ape=0.5567
[15:09:41] warmStart 43% (991/2294) regret=0.042763 ape=0.5567
[15:09:41] warmStart 43% (992/2294) regret=0.042717 ape=0.5567
[15:09:42] warmStart 43% (993/2294) regret=0.042755 ape=0.5576
[15:09:42] warmStart 43% (994/2294) regret=0.042737 ape=0.5567
[15:09:42] warmStart 43% (995/2294) regret=0.042737 ape=0.5567
[15:09:42] warmStart 43% (996/2294) regret=0.042798 ape=0.5567
[15:09:42] warmStart 43% (997/2294) regret=0.042527 ape=0.5558
[15:09:42] warmStart 43% (998/2294) regret=0.042368 ape=0.5558
[15:09:43] warmStart 43% (999/2294) regret=0.042375 ape=0.5558
[15:09:43] warmStart 43% (1000/2294) regret=0.042375 ape=0.5558
[15:09:43] warmStart 43% (1001/2294) regret=0.042302 ape=0.5548
[15:09:43] warmStart 43% (1002/2294) regret=0.042400 ape=0.5548
[15:09:43] warmStart 43% (1003/2294) regret=0.042309 ape=0.5548
[15:09:43] warmStart 43% (1004/2294) regret=0.042306 ape=0.5548
[15:09:44] warmStart 43% (1005/2294) regret=0.042324 ape=0.5548
[15:09:44] warmStart 43% (1006/2294) regret=0.041361 ape=0.5530
[15:09:44] warmStart 43% (1007/2294) regret=0.041398 ape=0.5530
[15:09:44] warmStart 43% (1008/2294) regret=0.041350 ape=0.5530
[15:09:44] warmStart 43% (1009/2294) regret=0.041350 ape=0.5530
[15:09:44] warmStart 44% (1010/2294) regret=0.041350 ape=0.5530
[15:09:45] warmStart 44% (1011/2294) regret=0.041350 ape=0.5530
[15:09:45] warmStart 44% (1012/2294) regret=0.041350 ape=0.5530
[15:09:45] warmStart 44% (1013/2294) regret=0.041350 ape=0.5530
[15:09:45] warmStart 44% (1014/2294) regret=0.041350 ape=0.5530
[15:09:45] warmStart 44% (1015/2294) regret=0.041350 ape=0.5530
[15:09:45] warmStart 44% (1016/2294) regret=0.041235 ape=0.5530
[15:09:46] warmStart 44% (1017/2294) regret=0.041046 ape=0.5521
[15:09:46] warmStart 44% (1018/2294) regret=0.041073 ape=0.5521
[15:09:46] warmStart 44% (1019/2294) regret=0.041073 ape=0.5521
[15:09:46] warmStart 44% (1020/2294) regret=0.041073 ape=0.5521
[15:09:46] warmStart 44% (1021/2294) regret=0.041073 ape=0.5521
[15:09:46] warmStart 44% (1022/2294) regret=0.041073 ape=0.5521
[15:09:47] warmStart 44% (1023/2294) regret=0.041073 ape=0.5521
[15:09:47] warmStart 44% (1024/2294) regret=0.041073 ape=0.5521
[15:09:47] warmStart 44% (1025/2294) regret=0.041073 ape=0.5521
[15:09:47] warmStart 44% (1026/2294) regret=0.041073 ape=0.5521
[15:09:47] warmStart 44% (1027/2294) regret=0.041073 ape=0.5521
[15:09:47] warmStart 44% (1028/2294) regret=0.041073 ape=0.5521
[15:09:48] warmStart 44% (1029/2294) regret=0.041073 ape=0.5521
[15:09:48] warmStart 44% (1030/2294) regret=0.041073 ape=0.5521
[15:09:48] warmStart 44% (1031/2294) regret=0.041073 ape=0.5521
[15:09:48] warmStart 44% (1032/2294) regret=0.041073 ape=0.5521
[15:09:48] warmStart 45% (1033/2294) regret=0.041073 ape=0.5521
[15:09:48] warmStart 45% (1034/2294) regret=0.041073 ape=0.5521
[15:09:48] warmStart 45% (1035/2294) regret=0.041073 ape=0.5521
[15:09:49] warmStart 45% (1036/2294) regret=0.041073 ape=0.5521
[15:09:49] warmStart 45% (1037/2294) regret=0.041073 ape=0.5521
[15:09:49] warmStart 45% (1038/2294) regret=0.041073 ape=0.5521
[15:09:49] warmStart 45% (1039/2294) regret=0.041073 ape=0.5521
[15:09:49] warmStart 45% (1040/2294) regret=0.041073 ape=0.5521
[15:09:49] warmStart 45% (1041/2294) regret=0.041073 ape=0.5521
[15:09:50] warmStart 45% (1042/2294) regret=0.041073 ape=0.5521
[15:09:50] warmStart 45% (1043/2294) regret=0.041073 ape=0.5521
[15:09:50] warmStart 45% (1044/2294) regret=0.041073 ape=0.5521
[15:09:50] warmStart 45% (1045/2294) regret=0.041073 ape=0.5521
[15:09:50] warmStart 45% (1046/2294) regret=0.041073 ape=0.5521
[15:09:50] warmStart 45% (1047/2294) regret=0.041073 ape=0.5521
[15:09:51] warmStart 45% (1048/2294) regret=0.041073 ape=0.5521
[15:09:51] warmStart 45% (1049/2294) regret=0.041073 ape=0.5521
[15:09:51] warmStart 45% (1050/2294) regret=0.041073 ape=0.5521
[15:09:51] warmStart 45% (1051/2294) regret=0.041073 ape=0.5521
[15:09:51] warmStart 45% (1052/2294) regret=0.041073 ape=0.5521
[15:09:51] warmStart 45% (1053/2294) regret=0.041090 ape=0.5521
[15:09:51] warmStart 45% (1054/2294) regret=0.041073 ape=0.5521
[15:09:52] warmStart 45% (1055/2294) regret=0.041073 ape=0.5521
[15:09:52] warmStart 46% (1056/2294) regret=0.040988 ape=0.5512
[15:09:52] warmStart 46% (1057/2294) regret=0.040988 ape=0.5512
[15:09:52] warmStart 46% (1058/2294) regret=0.040988 ape=0.5512
[15:09:52] warmStart 46% (1059/2294) regret=0.040988 ape=0.5512
[15:09:52] warmStart 46% (1060/2294) regret=0.040910 ape=0.5512
[15:09:53] warmStart 46% (1061/2294) regret=0.040988 ape=0.5512
[15:09:53] warmStart 46% (1062/2294) regret=0.040787 ape=0.5502
[15:09:53] warmStart 46% (1063/2294) regret=0.040787 ape=0.5502
[15:09:53] warmStart 46% (1064/2294) regret=0.040787 ape=0.5502
[15:09:53] warmStart 46% (1065/2294) regret=0.040787 ape=0.5502
[15:09:53] warmStart 46% (1066/2294) regret=0.040575 ape=0.5484
[15:09:54] warmStart 46% (1067/2294) regret=0.040574 ape=0.5484
[15:09:54] warmStart 46% (1068/2294) regret=0.040546 ape=0.5475
[15:09:54] warmStart 46% (1069/2294) regret=0.040546 ape=0.5475
[15:09:54] warmStart 46% (1070/2294) regret=0.040546 ape=0.5475
[15:09:54] warmStart 46% (1071/2294) regret=0.040546 ape=0.5475
[15:09:54] warmStart 46% (1072/2294) regret=0.040620 ape=0.5475
[15:09:54] warmStart 46% (1073/2294) regret=0.040565 ape=0.5475
[15:09:55] warmStart 46% (1074/2294) regret=0.040565 ape=0.5475
[15:09:55] warmStart 46% (1075/2294) regret=0.040583 ape=0.5475
[15:09:55] warmStart 46% (1076/2294) regret=0.040574 ape=0.5475
[15:09:55] warmStart 46% (1077/2294) regret=0.040574 ape=0.5475
[15:09:55] warmStart 46% (1078/2294) regret=0.040574 ape=0.5475
[15:09:55] warmStart 47% (1079/2294) regret=0.040574 ape=0.5475
[15:09:56] warmStart 47% (1080/2294) regret=0.040482 ape=0.5465
[15:09:56] warmStart 47% (1081/2294) regret=0.040482 ape=0.5465
[15:09:56] warmStart 47% (1082/2294) regret=0.040476 ape=0.5465
[15:09:56] warmStart 47% (1083/2294) regret=0.040487 ape=0.5465
[15:09:56] warmStart 47% (1084/2294) regret=0.040493 ape=0.5465
[15:09:57] warmStart 47% (1085/2294) regret=0.040508 ape=0.5465
[15:09:57] warmStart 47% (1086/2294) regret=0.040473 ape=0.5456
[15:09:57] warmStart 47% (1087/2294) regret=0.040390 ape=0.5456
[15:09:57] warmStart 47% (1088/2294) regret=0.040360 ape=0.5456
[15:09:57] warmStart 47% (1089/2294) regret=0.040277 ape=0.5447
[15:09:57] warmStart 47% (1090/2294) regret=0.040181 ape=0.5438
[15:09:58] warmStart 47% (1091/2294) regret=0.040511 ape=0.5447
[15:09:58] warmStart 47% (1092/2294) regret=0.040533 ape=0.5447
[15:09:58] warmStart 47% (1093/2294) regret=0.040303 ape=0.5447
[15:09:58] warmStart 47% (1094/2294) regret=0.040223 ape=0.5447
[15:09:58] warmStart 47% (1095/2294) regret=0.040219 ape=0.5447
[15:09:58] warmStart 47% (1096/2294) regret=0.040223 ape=0.5447
[15:09:59] warmStart 47% (1097/2294) regret=0.040287 ape=0.5438
[15:09:59] warmStart 47% (1098/2294) regret=0.040024 ape=0.5429
[15:09:59] warmStart 47% (1099/2294) regret=0.039831 ape=0.5429
[15:09:59] warmStart 47% (1100/2294) regret=0.039582 ape=0.5419
[15:09:59] warmStart 47% (1101/2294) regret=0.039279 ape=0.5419
[15:09:59] warmStart 48% (1102/2294) regret=0.039279 ape=0.5419
[15:09:59] warmStart 48% (1103/2294) regret=0.039270 ape=0.5419
[15:10:00] warmStart 48% (1104/2294) regret=0.039353 ape=0.5429
[15:10:00] warmStart 48% (1105/2294) regret=0.039279 ape=0.5419
[15:10:00] warmStart 48% (1106/2294) regret=0.039279 ape=0.5419
[15:10:00] warmStart 48% (1107/2294) regret=0.039293 ape=0.5419
[15:10:00] warmStart 48% (1108/2294) regret=0.039293 ape=0.5419
[15:10:00] warmStart 48% (1109/2294) regret=0.039293 ape=0.5419
[15:10:01] warmStart 48% (1110/2294) regret=0.039293 ape=0.5419
[15:10:01] warmStart 48% (1111/2294) regret=0.039293 ape=0.5419
[15:10:01] warmStart 48% (1112/2294) regret=0.039293 ape=0.5419
[15:10:01] warmStart 48% (1113/2294) regret=0.039293 ape=0.5419
[15:10:01] warmStart 48% (1114/2294) regret=0.039206 ape=0.5401
[15:10:01] warmStart 48% (1115/2294) regret=0.039206 ape=0.5401
[15:10:02] warmStart 48% (1116/2294) regret=0.039206 ape=0.5401
[15:10:02] warmStart 48% (1117/2294) regret=0.039206 ape=0.5401
[15:10:02] warmStart 48% (1118/2294) regret=0.039203 ape=0.5401
[15:10:02] warmStart 48% (1119/2294) regret=0.039203 ape=0.5401
[15:10:02] warmStart 48% (1120/2294) regret=0.039203 ape=0.5401
[15:10:02] warmStart 48% (1121/2294) regret=0.039101 ape=0.5401
[15:10:03] warmStart 48% (1122/2294) regret=0.039101 ape=0.5401
[15:10:03] warmStart 48% (1123/2294) regret=0.039101 ape=0.5401
[15:10:03] warmStart 48% (1124/2294) regret=0.039175 ape=0.5401
[15:10:03] warmStart 49% (1125/2294) regret=0.039175 ape=0.5401
[15:10:03] warmStart 49% (1126/2294) regret=0.039194 ape=0.5401
[15:10:03] warmStart 49% (1127/2294) regret=0.038816 ape=0.5392
[15:10:03] warmStart 49% (1128/2294) regret=0.038797 ape=0.5392
[15:10:04] warmStart 49% (1129/2294) regret=0.038843 ape=0.5392
[15:10:04] warmStart 49% (1130/2294) regret=0.038797 ape=0.5392
[15:10:04] warmStart 49% (1131/2294) regret=0.038267 ape=0.5382
[15:10:04] warmStart 49% (1132/2294) regret=0.038267 ape=0.5382
[15:10:04] warmStart 49% (1133/2294) regret=0.038267 ape=0.5382
[15:10:04] warmStart 49% (1134/2294) regret=0.038267 ape=0.5382
[15:10:05] warmStart 49% (1135/2294) regret=0.038267 ape=0.5382
[15:10:05] warmStart 49% (1136/2294) regret=0.038267 ape=0.5382
[15:10:05] warmStart 49% (1137/2294) regret=0.038267 ape=0.5382
[15:10:05] warmStart 49% (1138/2294) regret=0.038267 ape=0.5382
[15:10:05] warmStart 49% (1139/2294) regret=0.038267 ape=0.5382
[15:10:05] warmStart 49% (1140/2294) regret=0.038258 ape=0.5382
[15:10:05] warmStart 49% (1141/2294) regret=0.038258 ape=0.5382
[15:10:06] warmStart 49% (1142/2294) regret=0.038258 ape=0.5382
[15:10:06] warmStart 49% (1143/2294) regret=0.038187 ape=0.5382
[15:10:06] warmStart 49% (1144/2294) regret=0.038243 ape=0.5382
[15:10:06] warmStart 49% (1145/2294) regret=0.038243 ape=0.5382
[15:10:06] warmStart 49% (1146/2294) regret=0.038243 ape=0.5382
[15:10:06] warmStart 50% (1147/2294) regret=0.038243 ape=0.5382
[15:10:07] warmStart 50% (1148/2294) regret=0.038243 ape=0.5382
[15:10:07] warmStart 50% (1149/2294) regret=0.038243 ape=0.5382
[15:10:07] warmStart 50% (1150/2294) regret=0.038243 ape=0.5382
[15:10:07] warmStart 50% (1151/2294) regret=0.038243 ape=0.5382
[15:10:07] warmStart 50% (1152/2294) regret=0.038243 ape=0.5382
[15:10:07] warmStart 50% (1153/2294) regret=0.038316 ape=0.5382
[15:10:08] warmStart 50% (1154/2294) regret=0.038316 ape=0.5382
[15:10:08] warmStart 50% (1155/2294) regret=0.038316 ape=0.5382
[15:10:08] warmStart 50% (1156/2294) regret=0.038316 ape=0.5382
[15:10:08] warmStart 50% (1157/2294) regret=0.038316 ape=0.5382
[15:10:08] warmStart 50% (1158/2294) regret=0.038316 ape=0.5382
[15:10:08] warmStart 50% (1159/2294) regret=0.038316 ape=0.5382
[15:10:08] warmStart 50% (1160/2294) regret=0.038316 ape=0.5382
[15:10:09] warmStart 50% (1161/2294) regret=0.038316 ape=0.5382
[15:10:09] warmStart 50% (1162/2294) regret=0.038086 ape=0.5373
[15:10:09] warmStart 50% (1163/2294) regret=0.038155 ape=0.5382
[15:10:09] warmStart 50% (1164/2294) regret=0.038154 ape=0.5382
[15:10:09] warmStart 50% (1165/2294) regret=0.038154 ape=0.5382
[15:10:09] warmStart 50% (1166/2294) regret=0.038154 ape=0.5382
[15:10:10] warmStart 50% (1167/2294) regret=0.038154 ape=0.5382
[15:10:10] warmStart 50% (1168/2294) regret=0.038154 ape=0.5382
[15:10:10] warmStart 50% (1169/2294) regret=0.037929 ape=0.5373
[15:10:10] warmStart 51% (1170/2294) regret=0.038011 ape=0.5382
[15:10:10] warmStart 51% (1171/2294) regret=0.038011 ape=0.5382
[15:10:10] warmStart 51% (1172/2294) regret=0.038011 ape=0.5382
[15:10:10] warmStart 51% (1173/2294) regret=0.038011 ape=0.5382
[15:10:11] warmStart 51% (1174/2294) regret=0.038011 ape=0.5382
[15:10:11] warmStart 51% (1175/2294) regret=0.038011 ape=0.5382
[15:10:11] warmStart 51% (1176/2294) regret=0.038033 ape=0.5382
[15:10:11] warmStart 51% (1177/2294) regret=0.038033 ape=0.5382
[15:10:11] warmStart 51% (1178/2294) regret=0.038033 ape=0.5382
[15:10:11] warmStart 51% (1179/2294) regret=0.038033 ape=0.5382
[15:10:12] warmStart 51% (1180/2294) regret=0.038217 ape=0.5392
[15:10:12] warmStart 51% (1181/2294) regret=0.038033 ape=0.5382
[15:10:12] warmStart 51% (1182/2294) regret=0.038033 ape=0.5382
[15:10:12] warmStart 51% (1183/2294) regret=0.038033 ape=0.5382
[15:10:12] warmStart 51% (1184/2294) regret=0.038033 ape=0.5382
[15:10:12] warmStart 51% (1185/2294) regret=0.038033 ape=0.5382
[15:10:12] warmStart 51% (1186/2294) regret=0.038033 ape=0.5382
[15:10:12] warmStart 51% (1187/2294) regret=0.038033 ape=0.5382
[15:10:13] warmStart 51% (1188/2294) regret=0.037830 ape=0.5373
[15:10:13] warmStart 51% (1189/2294) regret=0.037830 ape=0.5373
[15:10:13] warmStart 51% (1190/2294) regret=0.037830 ape=0.5373
[15:10:13] warmStart 51% (1191/2294) regret=0.037830 ape=0.5373
[15:10:13] warmStart 51% (1192/2294) regret=0.037830 ape=0.5373
[15:10:13] warmStart 52% (1193/2294) regret=0.037517 ape=0.5373
[15:10:13] warmStart 52% (1194/2294) regret=0.037517 ape=0.5373
[15:10:14] warmStart 52% (1195/2294) regret=0.037517 ape=0.5373
[15:10:14] warmStart 52% (1196/2294) regret=0.037517 ape=0.5373
[15:10:14] warmStart 52% (1197/2294) regret=0.037517 ape=0.5373
[15:10:14] warmStart 52% (1198/2294) regret=0.037517 ape=0.5373
[15:10:14] warmStart 52% (1199/2294) regret=0.037517 ape=0.5373
[15:10:14] warmStart 52% (1200/2294) regret=0.037517 ape=0.5373
[15:10:14] warmStart 52% (1201/2294) regret=0.037517 ape=0.5373
[15:10:15] warmStart 52% (1202/2294) regret=0.037517 ape=0.5373
[15:10:15] warmStart 52% (1203/2294) regret=0.037480 ape=0.5373
[15:10:15] warmStart 52% (1204/2294) regret=0.037445 ape=0.5373
[15:10:15] warmStart 52% (1205/2294) regret=0.037217 ape=0.5373
[15:10:15] warmStart 52% (1206/2294) regret=0.037248 ape=0.5373
[15:10:15] warmStart 52% (1207/2294) regret=0.037248 ape=0.5373
[15:10:15] warmStart 52% (1208/2294) regret=0.037263 ape=0.5373
[15:10:16] warmStart 52% (1209/2294) regret=0.037082 ape=0.5373
[15:10:16] warmStart 52% (1210/2294) regret=0.037133 ape=0.5373
[15:10:16] warmStart 52% (1211/2294) regret=0.037133 ape=0.5373
[15:10:16] warmStart 52% (1212/2294) regret=0.037139 ape=0.5373
[15:10:16] warmStart 52% (1213/2294) regret=0.037130 ape=0.5373
[15:10:16] warmStart 52% (1214/2294) regret=0.037028 ape=0.5364
[15:10:17] warmStart 52% (1215/2294) regret=0.037321 ape=0.5373
[15:10:17] warmStart 53% (1216/2294) regret=0.037321 ape=0.5373
[15:10:17] warmStart 53% (1217/2294) regret=0.037026 ape=0.5364
[15:10:17] warmStart 53% (1218/2294) regret=0.036994 ape=0.5364
[15:10:17] warmStart 53% (1219/2294) regret=0.036994 ape=0.5364
[15:10:17] warmStart 53% (1220/2294) regret=0.036994 ape=0.5364
[15:10:18] warmStart 53% (1221/2294) regret=0.037030 ape=0.5364
[15:10:18] warmStart 53% (1222/2294) regret=0.037030 ape=0.5364
[15:10:18] warmStart 53% (1223/2294) regret=0.037030 ape=0.5364
[15:10:18] warmStart 53% (1224/2294) regret=0.037030 ape=0.5364
[15:10:18] warmStart 53% (1225/2294) regret=0.037016 ape=0.5355
[15:10:18] warmStart 53% (1226/2294) regret=0.037016 ape=0.5355
[15:10:18] warmStart 53% (1227/2294) regret=0.037016 ape=0.5355
[15:10:19] warmStart 53% (1228/2294) regret=0.037018 ape=0.5346
[15:10:19] warmStart 53% (1229/2294) regret=0.037018 ape=0.5346
[15:10:19] warmStart 53% (1230/2294) regret=0.036964 ape=0.5346
[15:10:19] warmStart 53% (1231/2294) regret=0.036978 ape=0.5346
[15:10:19] warmStart 53% (1232/2294) regret=0.036978 ape=0.5346
[15:10:19] warmStart 53% (1233/2294) regret=0.036978 ape=0.5346
[15:10:19] warmStart 53% (1234/2294) regret=0.036978 ape=0.5346
[15:10:20] warmStart 53% (1235/2294) regret=0.036978 ape=0.5346
[15:10:20] warmStart 53% (1236/2294) regret=0.036978 ape=0.5346
[15:10:20] warmStart 53% (1237/2294) regret=0.036978 ape=0.5346
[15:10:20] warmStart 53% (1238/2294) regret=0.036978 ape=0.5346
[15:10:20] warmStart 54% (1239/2294) regret=0.036978 ape=0.5346
[15:10:20] warmStart 54% (1240/2294) regret=0.036978 ape=0.5346
[15:10:21] warmStart 54% (1241/2294) regret=0.036978 ape=0.5346
[15:10:21] warmStart 54% (1242/2294) regret=0.036978 ape=0.5346
[15:10:21] warmStart 54% (1243/2294) regret=0.036976 ape=0.5346
[15:10:21] warmStart 54% (1244/2294) regret=0.036976 ape=0.5346
[15:10:21] warmStart 54% (1245/2294) regret=0.036976 ape=0.5346
[15:10:21] warmStart 54% (1246/2294) regret=0.036976 ape=0.5346
[15:10:21] warmStart 54% (1247/2294) regret=0.036976 ape=0.5346
[15:10:22] warmStart 54% (1248/2294) regret=0.036976 ape=0.5346
[15:10:22] warmStart 54% (1249/2294) regret=0.036976 ape=0.5346
[15:10:22] warmStart 54% (1250/2294) regret=0.036714 ape=0.5336
[15:10:22] warmStart 54% (1251/2294) regret=0.036714 ape=0.5336
[15:10:22] warmStart 54% (1252/2294) regret=0.036714 ape=0.5336
[15:10:22] warmStart 54% (1253/2294) regret=0.036714 ape=0.5336
[15:10:22] warmStart 54% (1254/2294) regret=0.036714 ape=0.5336
[15:10:23] warmStart 54% (1255/2294) regret=0.036566 ape=0.5327
[15:10:23] warmStart 54% (1256/2294) regret=0.036566 ape=0.5327
[15:10:23] warmStart 54% (1257/2294) regret=0.036566 ape=0.5327
[15:10:23] warmStart 54% (1258/2294) regret=0.036566 ape=0.5327
[15:10:23] warmStart 54% (1259/2294) regret=0.036566 ape=0.5327
[15:10:23] warmStart 54% (1260/2294) regret=0.036566 ape=0.5327
[15:10:24] warmStart 54% (1261/2294) regret=0.036566 ape=0.5327
[15:10:24] warmStart 55% (1262/2294) regret=0.036566 ape=0.5327
[15:10:24] warmStart 55% (1263/2294) regret=0.036536 ape=0.5327
[15:10:24] warmStart 55% (1264/2294) regret=0.036536 ape=0.5327
[15:10:24] warmStart 55% (1265/2294) regret=0.036521 ape=0.5318
[15:10:24] warmStart 55% (1266/2294) regret=0.036521 ape=0.5318
[15:10:24] warmStart 55% (1267/2294) regret=0.036521 ape=0.5318
[15:10:25] warmStart 55% (1268/2294) regret=0.036521 ape=0.5318
[15:10:25] warmStart 55% (1269/2294) regret=0.036516 ape=0.5318
[15:10:25] warmStart 55% (1270/2294) regret=0.036516 ape=0.5318
[15:10:25] warmStart 55% (1271/2294) regret=0.036516 ape=0.5318
[15:10:25] warmStart 55% (1272/2294) regret=0.036516 ape=0.5318
[15:10:25] warmStart 55% (1273/2294) regret=0.036516 ape=0.5318
[15:10:26] warmStart 55% (1274/2294) regret=0.036516 ape=0.5318
[15:10:26] warmStart 55% (1275/2294) regret=0.036516 ape=0.5318
[15:10:26] warmStart 55% (1276/2294) regret=0.036516 ape=0.5318
[15:10:26] warmStart 55% (1277/2294) regret=0.036516 ape=0.5318
[15:10:26] warmStart 55% (1278/2294) regret=0.036516 ape=0.5318
[15:10:26] warmStart 55% (1279/2294) regret=0.036516 ape=0.5318
[15:10:26] warmStart 55% (1280/2294) regret=0.036516 ape=0.5318
[15:10:27] warmStart 55% (1281/2294) regret=0.036487 ape=0.5309
[15:10:27] warmStart 55% (1282/2294) regret=0.036487 ape=0.5309
[15:10:27] warmStart 55% (1283/2294) regret=0.036487 ape=0.5309
[15:10:27] warmStart 55% (1284/2294) regret=0.036487 ape=0.5309
[15:10:27] warmStart 56% (1285/2294) regret=0.036487 ape=0.5309
[15:10:27] warmStart 56% (1286/2294) regret=0.036471 ape=0.5309
[15:10:28] warmStart 56% (1287/2294) regret=0.036471 ape=0.5309
[15:10:28] warmStart 56% (1288/2294) regret=0.036471 ape=0.5309
[15:10:28] warmStart 56% (1289/2294) regret=0.036471 ape=0.5309
[15:10:28] warmStart 56% (1290/2294) regret=0.036471 ape=0.5309
[15:10:28] warmStart 56% (1291/2294) regret=0.036236 ape=0.5309
[15:10:28] warmStart 56% (1292/2294) regret=0.036236 ape=0.5309
[15:10:28] warmStart 56% (1293/2294) regret=0.036236 ape=0.5309
[15:10:29] warmStart 56% (1294/2294) regret=0.036236 ape=0.5309
[15:10:29] warmStart 56% (1295/2294) regret=0.036198 ape=0.5300
[15:10:29] warmStart 56% (1296/2294) regret=0.036225 ape=0.5300
[15:10:29] warmStart 56% (1297/2294) regret=0.036166 ape=0.5300
[15:10:29] warmStart 56% (1298/2294) regret=0.036110 ape=0.5300
[15:10:29] warmStart 56% (1299/2294) regret=0.036110 ape=0.5300
[15:10:30] warmStart 56% (1300/2294) regret=0.036110 ape=0.5300
[15:10:30] warmStart 56% (1301/2294) regret=0.036027 ape=0.5290
[15:10:30] warmStart 56% (1302/2294) regret=0.036027 ape=0.5290
[15:10:30] warmStart 56% (1303/2294) regret=0.036027 ape=0.5290
[15:10:30] warmStart 56% (1304/2294) regret=0.035972 ape=0.5290
[15:10:30] warmStart 56% (1305/2294) regret=0.036439 ape=0.5290
[15:10:31] warmStart 56% (1306/2294) regret=0.035972 ape=0.5290
[15:10:31] warmStart 56% (1307/2294) regret=0.035962 ape=0.5290
[15:10:31] warmStart 57% (1308/2294) regret=0.035962 ape=0.5290
[15:10:31] warmStart 57% (1309/2294) regret=0.035962 ape=0.5290
[15:10:31] warmStart 57% (1310/2294) regret=0.035962 ape=0.5290
[15:10:31] warmStart 57% (1311/2294) regret=0.035870 ape=0.5290
[15:10:32] warmStart 57% (1312/2294) regret=0.035889 ape=0.5290
[15:10:32] warmStart 57% (1313/2294) regret=0.035889 ape=0.5290
[15:10:32] warmStart 57% (1314/2294) regret=0.035683 ape=0.5290
[15:10:32] warmStart 57% (1315/2294) regret=0.035840 ape=0.5300
[15:10:32] warmStart 57% (1316/2294) regret=0.035840 ape=0.5300
[15:10:32] warmStart 57% (1317/2294) regret=0.035978 ape=0.5300
[15:10:33] warmStart 57% (1318/2294) regret=0.035978 ape=0.5300
[15:10:33] warmStart 57% (1319/2294) regret=0.035978 ape=0.5300
[15:10:33] warmStart 57% (1320/2294) regret=0.035978 ape=0.5300
[15:10:33] warmStart 57% (1321/2294) regret=0.035978 ape=0.5300
[15:10:33] warmStart 57% (1322/2294) regret=0.035978 ape=0.5300
[15:10:33] warmStart 57% (1323/2294) regret=0.035978 ape=0.5300
[15:10:34] warmStart 57% (1324/2294) regret=0.035877 ape=0.5290
[15:10:34] warmStart 57% (1325/2294) regret=0.035877 ape=0.5290
[15:10:34] warmStart 57% (1326/2294) regret=0.035877 ape=0.5290
[15:10:34] warmStart 57% (1327/2294) regret=0.035877 ape=0.5290
[15:10:34] warmStart 57% (1328/2294) regret=0.035877 ape=0.5290
[15:10:34] warmStart 57% (1329/2294) regret=0.035877 ape=0.5290
[15:10:35] warmStart 57% (1330/2294) regret=0.035877 ape=0.5290
[15:10:35] warmStart 58% (1331/2294) regret=0.035886 ape=0.5290
[15:10:35] warmStart 58% (1332/2294) regret=0.035647 ape=0.5290
[15:10:35] warmStart 58% (1333/2294) regret=0.035859 ape=0.5290
[15:10:35] warmStart 58% (1334/2294) regret=0.036043 ape=0.5290
[15:10:35] warmStart 58% (1335/2294) regret=0.035785 ape=0.5281
[15:10:36] warmStart 58% (1336/2294) regret=0.035785 ape=0.5281
[15:10:36] warmStart 58% (1337/2294) regret=0.035785 ape=0.5281
[15:10:36] warmStart 58% (1338/2294) regret=0.035785 ape=0.5281
[15:10:36] warmStart 58% (1339/2294) regret=0.035785 ape=0.5281
[15:10:36] warmStart 58% (1340/2294) regret=0.035785 ape=0.5281
[15:10:36] warmStart 58% (1341/2294) regret=0.035788 ape=0.5281
[15:10:37] warmStart 58% (1342/2294) regret=0.035788 ape=0.5281
[15:10:37] warmStart 58% (1343/2294) regret=0.035788 ape=0.5281
[15:10:37] warmStart 58% (1344/2294) regret=0.035788 ape=0.5281
[15:10:37] warmStart 58% (1345/2294) regret=0.035993 ape=0.5290
[15:10:37] warmStart 58% (1346/2294) regret=0.035788 ape=0.5281
[15:10:37] warmStart 58% (1347/2294) regret=0.035788 ape=0.5281
[15:10:37] warmStart 58% (1348/2294) regret=0.035788 ape=0.5281
[15:10:38] warmStart 58% (1349/2294) regret=0.035788 ape=0.5281
[15:10:38] warmStart 58% (1350/2294) regret=0.035788 ape=0.5281
[15:10:38] warmStart 58% (1351/2294) regret=0.035788 ape=0.5281
[15:10:38] warmStart 58% (1352/2294) regret=0.035788 ape=0.5281
[15:10:38] warmStart 58% (1353/2294) regret=0.035788 ape=0.5281
[15:10:38] warmStart 59% (1354/2294) regret=0.035728 ape=0.5281
[15:10:39] warmStart 59% (1355/2294) regret=0.035728 ape=0.5281
[15:10:39] warmStart 59% (1356/2294) regret=0.035728 ape=0.5281
[15:10:39] warmStart 59% (1357/2294) regret=0.035728 ape=0.5281
[15:10:39] warmStart 59% (1358/2294) regret=0.035728 ape=0.5281
[15:10:39] warmStart 59% (1359/2294) regret=0.035728 ape=0.5281
[15:10:39] warmStart 59% (1360/2294) regret=0.035728 ape=0.5281
[15:10:40] warmStart 59% (1361/2294) regret=0.035671 ape=0.5272
[15:10:40] warmStart 59% (1362/2294) regret=0.035671 ape=0.5272
[15:10:40] warmStart 59% (1363/2294) regret=0.035647 ape=0.5263
[15:10:40] warmStart 59% (1364/2294) regret=0.035647 ape=0.5263
[15:10:40] warmStart 59% (1365/2294) regret=0.035647 ape=0.5263
[15:10:41] warmStart 59% (1366/2294) regret=0.035647 ape=0.5263
[15:10:41] warmStart 59% (1367/2294) regret=0.035647 ape=0.5263
[15:10:41] warmStart 59% (1368/2294) regret=0.035601 ape=0.5263
[15:10:41] warmStart 59% (1369/2294) regret=0.035601 ape=0.5263
[15:10:41] warmStart 59% (1370/2294) regret=0.035601 ape=0.5263
[15:10:41] warmStart 59% (1371/2294) regret=0.035601 ape=0.5263
[15:10:41] warmStart 59% (1372/2294) regret=0.035601 ape=0.5263
[15:10:42] warmStart 59% (1373/2294) regret=0.035601 ape=0.5263
[15:10:42] warmStart 59% (1374/2294) regret=0.035601 ape=0.5263
[15:10:42] warmStart 59% (1375/2294) regret=0.035601 ape=0.5263
[15:10:42] warmStart 59% (1376/2294) regret=0.035601 ape=0.5263
[15:10:42] warmStart 60% (1377/2294) regret=0.035601 ape=0.5263
[15:10:42] warmStart 60% (1378/2294) regret=0.035601 ape=0.5263
[15:10:42] warmStart 60% (1379/2294) regret=0.035601 ape=0.5263
[15:10:43] warmStart 60% (1380/2294) regret=0.035601 ape=0.5263
[15:10:43] warmStart 60% (1381/2294) regret=0.035601 ape=0.5263
[15:10:43] warmStart 60% (1382/2294) regret=0.035601 ape=0.5263
[15:10:43] warmStart 60% (1383/2294) regret=0.035601 ape=0.5263
[15:10:43] warmStart 60% (1384/2294) regret=0.035601 ape=0.5263
[15:10:43] warmStart 60% (1385/2294) regret=0.035601 ape=0.5263
[15:10:44] warmStart 60% (1386/2294) regret=0.035601 ape=0.5263
[15:10:44] warmStart 60% (1387/2294) regret=0.035601 ape=0.5263
[15:10:44] warmStart 60% (1388/2294) regret=0.035574 ape=0.5263
[15:10:44] warmStart 60% (1389/2294) regret=0.035574 ape=0.5263
[15:10:44] warmStart 60% (1390/2294) regret=0.035574 ape=0.5263
[15:10:45] warmStart 60% (1391/2294) regret=0.035574 ape=0.5263
[15:10:45] warmStart 60% (1392/2294) regret=0.035565 ape=0.5253
[15:10:45] warmStart 60% (1393/2294) regret=0.035656 ape=0.5253
[15:10:45] warmStart 60% (1394/2294) regret=0.035656 ape=0.5253
[15:10:45] warmStart 60% (1395/2294) regret=0.035923 ape=0.5253
[15:10:45] warmStart 60% (1396/2294) regret=0.035923 ape=0.5253
[15:10:46] warmStart 60% (1397/2294) regret=0.035923 ape=0.5253
[15:10:46] warmStart 60% (1398/2294) regret=0.035923 ape=0.5253
[15:10:46] warmStart 60% (1399/2294) regret=0.035923 ape=0.5253
[15:10:46] warmStart 61% (1400/2294) regret=0.035923 ape=0.5253
[15:10:46] warmStart 61% (1401/2294) regret=0.035923 ape=0.5253
[15:10:46] warmStart 61% (1402/2294) regret=0.035923 ape=0.5253
[15:10:46] warmStart 61% (1403/2294) regret=0.035923 ape=0.5253
[15:10:47] warmStart 61% (1404/2294) regret=0.035923 ape=0.5253
[15:10:47] warmStart 61% (1405/2294) regret=0.035849 ape=0.5244
[15:10:47] warmStart 61% (1406/2294) regret=0.035849 ape=0.5244
[15:10:47] warmStart 61% (1407/2294) regret=0.035849 ape=0.5244
[15:10:47] warmStart 61% (1408/2294) regret=0.035849 ape=0.5244
[15:10:47] warmStart 61% (1409/2294) regret=0.035849 ape=0.5244
[15:10:48] warmStart 61% (1410/2294) regret=0.035849 ape=0.5244
[15:10:48] warmStart 61% (1411/2294) regret=0.035849 ape=0.5244
[15:10:48] warmStart 61% (1412/2294) regret=0.035849 ape=0.5244
[15:10:48] warmStart 61% (1413/2294) regret=0.035931 ape=0.5244
[15:10:48] warmStart 61% (1414/2294) regret=0.035894 ape=0.5244
[15:10:48] warmStart 61% (1415/2294) regret=0.035894 ape=0.5244
[15:10:48] warmStart 61% (1416/2294) regret=0.035762 ape=0.5235
[15:10:49] warmStart 61% (1417/2294) regret=0.035762 ape=0.5235
[15:10:49] warmStart 61% (1418/2294) regret=0.035776 ape=0.5235
[15:10:49] warmStart 61% (1419/2294) regret=0.035776 ape=0.5235
[15:10:49] warmStart 61% (1420/2294) regret=0.035776 ape=0.5235
[15:10:49] warmStart 61% (1421/2294) regret=0.035776 ape=0.5235
[15:10:49] warmStart 61% (1422/2294) regret=0.035684 ape=0.5235
[15:10:50] warmStart 62% (1423/2294) regret=0.035684 ape=0.5235
[15:10:50] warmStart 62% (1424/2294) regret=0.035684 ape=0.5235
[15:10:50] warmStart 62% (1425/2294) regret=0.035684 ape=0.5235
[15:10:50] warmStart 62% (1426/2294) regret=0.035721 ape=0.5235
[15:10:50] warmStart 62% (1427/2294) regret=0.035550 ape=0.5235
[15:10:50] warmStart 62% (1428/2294) regret=0.035235 ape=0.5217
[15:10:51] warmStart 62% (1429/2294) regret=0.035235 ape=0.5217
[15:10:51] warmStart 62% (1430/2294) regret=0.035080 ape=0.5207
[15:10:51] warmStart 62% (1431/2294) regret=0.035043 ape=0.5207
[15:10:51] warmStart 62% (1432/2294) regret=0.034973 ape=0.5198
[15:10:51] warmStart 62% (1433/2294) regret=0.034719 ape=0.5189
[15:10:51] warmStart 62% (1434/2294) regret=0.034719 ape=0.5189
[15:10:52] warmStart 62% (1435/2294) regret=0.034886 ape=0.5189
[15:10:52] warmStart 62% (1436/2294) regret=0.034628 ape=0.5180
[15:10:52] warmStart 62% (1437/2294) regret=0.034573 ape=0.5180
[15:10:52] warmStart 62% (1438/2294) regret=0.034581 ape=0.5180
[15:10:52] warmStart 62% (1439/2294) regret=0.034573 ape=0.5180
[15:10:52] warmStart 62% (1440/2294) regret=0.034391 ape=0.5180
[15:10:53] warmStart 62% (1441/2294) regret=0.034391 ape=0.5180
[15:10:53] warmStart 62% (1442/2294) regret=0.034414 ape=0.5189
[15:10:53] warmStart 62% (1443/2294) regret=0.034414 ape=0.5189
[15:10:53] warmStart 62% (1444/2294) regret=0.034414 ape=0.5189
[15:10:53] warmStart 62% (1445/2294) regret=0.034414 ape=0.5189
[15:10:53] warmStart 63% (1446/2294) regret=0.034414 ape=0.5189
[15:10:54] warmStart 63% (1447/2294) regret=0.034921 ape=0.5198
[15:10:54] warmStart 63% (1448/2294) regret=0.034718 ape=0.5198
[15:10:54] warmStart 63% (1449/2294) regret=0.034718 ape=0.5198
[15:10:54] warmStart 63% (1450/2294) regret=0.034718 ape=0.5198
[15:10:54] warmStart 63% (1451/2294) regret=0.034718 ape=0.5198
[15:10:54] warmStart 63% (1452/2294) regret=0.034718 ape=0.5198
[15:10:55] warmStart 63% (1453/2294) regret=0.034718 ape=0.5198
[15:10:55] warmStart 63% (1454/2294) regret=0.034221 ape=0.5189
[15:10:55] warmStart 63% (1455/2294) regret=0.034202 ape=0.5189
[15:10:55] warmStart 63% (1456/2294) regret=0.033857 ape=0.5180
[15:10:55] warmStart 63% (1457/2294) regret=0.033857 ape=0.5180
[15:10:55] warmStart 63% (1458/2294) regret=0.033857 ape=0.5180
[15:10:56] warmStart 63% (1459/2294) regret=0.033857 ape=0.5180
[15:10:56] warmStart 63% (1460/2294) regret=0.033857 ape=0.5180
[15:10:56] warmStart 63% (1461/2294) regret=0.033755 ape=0.5171
[15:10:56] warmStart 63% (1462/2294) regret=0.033562 ape=0.5161
[15:10:56] warmStart 63% (1463/2294) regret=0.033562 ape=0.5161
[15:10:56] warmStart 63% (1464/2294) regret=0.033543 ape=0.5161
[15:10:57] warmStart 63% (1465/2294) regret=0.033562 ape=0.5161
[15:10:57] warmStart 63% (1466/2294) regret=0.033562 ape=0.5161
[15:10:57] warmStart 63% (1467/2294) regret=0.033562 ape=0.5161
[15:10:57] warmStart 63% (1468/2294) regret=0.033562 ape=0.5161
[15:10:57] warmStart 64% (1469/2294) regret=0.033562 ape=0.5161
[15:10:57] warmStart 64% (1470/2294) regret=0.033562 ape=0.5161
[15:10:58] warmStart 64% (1471/2294) regret=0.033562 ape=0.5161
[15:10:58] warmStart 64% (1472/2294) regret=0.033562 ape=0.5161
[15:10:58] warmStart 64% (1473/2294) regret=0.033562 ape=0.5161
[15:10:58] warmStart 64% (1474/2294) regret=0.033562 ape=0.5161
[15:10:58] warmStart 64% (1475/2294) regret=0.033562 ape=0.5161
[15:10:58] warmStart 64% (1476/2294) regret=0.033562 ape=0.5161
[15:10:58] warmStart 64% (1477/2294) regret=0.033562 ape=0.5161
[15:10:59] warmStart 64% (1478/2294) regret=0.033562 ape=0.5161
[15:10:59] warmStart 64% (1479/2294) regret=0.033562 ape=0.5161
[15:10:59] warmStart 64% (1480/2294) regret=0.033562 ape=0.5161
[15:10:59] warmStart 64% (1481/2294) regret=0.033562 ape=0.5161
[15:10:59] warmStart 64% (1482/2294) regret=0.033562 ape=0.5161
[15:11:00] warmStart 64% (1483/2294) regret=0.033562 ape=0.5161
[15:11:00] warmStart 64% (1484/2294) regret=0.033562 ape=0.5161
[15:11:00] warmStart 64% (1485/2294) regret=0.033562 ape=0.5161
[15:11:00] warmStart 64% (1486/2294) regret=0.033562 ape=0.5161
[15:11:00] warmStart 64% (1487/2294) regret=0.033562 ape=0.5161
[15:11:00] warmStart 64% (1488/2294) regret=0.033562 ape=0.5161
[15:11:00] warmStart 64% (1489/2294) regret=0.033562 ape=0.5161
[15:11:00] warmStart 64% (1490/2294) regret=0.033562 ape=0.5161
[15:11:01] warmStart 64% (1491/2294) regret=0.033453 ape=0.5161
[15:11:01] warmStart 65% (1492/2294) regret=0.033453 ape=0.5161
[15:11:01] warmStart 65% (1493/2294) regret=0.033453 ape=0.5161
[15:11:01] warmStart 65% (1494/2294) regret=0.033453 ape=0.5161
[15:11:01] warmStart 65% (1495/2294) regret=0.033453 ape=0.5161
[15:11:01] warmStart 65% (1496/2294) regret=0.033453 ape=0.5161
[15:11:02] warmStart 65% (1497/2294) regret=0.033453 ape=0.5161
[15:11:02] warmStart 65% (1498/2294) regret=0.033453 ape=0.5161
[15:11:02] warmStart 65% (1499/2294) regret=0.033453 ape=0.5161
[15:11:02] warmStart 65% (1500/2294) regret=0.033453 ape=0.5161
[15:11:02] warmStart 65% (1501/2294) regret=0.033453 ape=0.5161
[15:11:02] warmStart 65% (1502/2294) regret=0.033453 ape=0.5161
[15:11:02] warmStart 65% (1503/2294) regret=0.033453 ape=0.5161
[15:11:03] warmStart 65% (1504/2294) regret=0.033453 ape=0.5161
[15:11:03] warmStart 65% (1505/2294) regret=0.033320 ape=0.5152
[15:11:03] warmStart 65% (1506/2294) regret=0.033320 ape=0.5152
[15:11:03] warmStart 65% (1507/2294) regret=0.033320 ape=0.5152
[15:11:03] warmStart 65% (1508/2294) regret=0.033320 ape=0.5152
[15:11:03] warmStart 65% (1509/2294) regret=0.033320 ape=0.5152
[15:11:04] warmStart 65% (1510/2294) regret=0.033320 ape=0.5152
[15:11:04] warmStart 65% (1511/2294) regret=0.033320 ape=0.5152
[15:11:04] warmStart 65% (1512/2294) regret=0.033320 ape=0.5152
[15:11:04] warmStart 65% (1513/2294) regret=0.033320 ape=0.5152
[15:11:04] warmStart 65% (1514/2294) regret=0.033320 ape=0.5152
[15:11:04] warmStart 66% (1515/2294) regret=0.033320 ape=0.5152
[15:11:04] warmStart 66% (1516/2294) regret=0.033320 ape=0.5152
[15:11:05] warmStart 66% (1517/2294) regret=0.033320 ape=0.5152
[15:11:05] warmStart 66% (1518/2294) regret=0.033320 ape=0.5152
[15:11:05] warmStart 66% (1519/2294) regret=0.033320 ape=0.5152
[15:11:05] warmStart 66% (1520/2294) regret=0.033320 ape=0.5152
[15:11:05] warmStart 66% (1521/2294) regret=0.033315 ape=0.5152
[15:11:05] warmStart 66% (1522/2294) regret=0.033315 ape=0.5152
[15:11:06] warmStart 66% (1523/2294) regret=0.033329 ape=0.5152
[15:11:06] warmStart 66% (1524/2294) regret=0.033329 ape=0.5152
[15:11:06] warmStart 66% (1525/2294) regret=0.033329 ape=0.5152
[15:11:06] warmStart 66% (1526/2294) regret=0.033329 ape=0.5152
[15:11:06] warmStart 66% (1527/2294) regret=0.033329 ape=0.5152
[15:11:06] warmStart 66% (1528/2294) regret=0.033329 ape=0.5152
[15:11:07] warmStart 66% (1529/2294) regret=0.033329 ape=0.5152
[15:11:07] warmStart 66% (1530/2294) regret=0.033329 ape=0.5152
[15:11:07] warmStart 66% (1531/2294) regret=0.033329 ape=0.5152
[15:11:07] warmStart 66% (1532/2294) regret=0.033329 ape=0.5152
[15:11:07] warmStart 66% (1533/2294) regret=0.033329 ape=0.5152
[15:11:07] warmStart 66% (1534/2294) regret=0.033329 ape=0.5152
[15:11:08] warmStart 66% (1535/2294) regret=0.033329 ape=0.5152
[15:11:08] warmStart 66% (1536/2294) regret=0.033329 ape=0.5152
[15:11:08] warmStart 67% (1537/2294) regret=0.033329 ape=0.5152
[15:11:08] warmStart 67% (1538/2294) regret=0.033246 ape=0.5143
[15:11:08] warmStart 67% (1539/2294) regret=0.033292 ape=0.5143
[15:11:08] warmStart 67% (1540/2294) regret=0.033292 ape=0.5143
[15:11:09] warmStart 67% (1541/2294) regret=0.033196 ape=0.5134
[15:11:09] warmStart 67% (1542/2294) regret=0.033266 ape=0.5134
[15:11:09] warmStart 67% (1543/2294) regret=0.033222 ape=0.5143
[15:11:09] warmStart 67% (1544/2294) regret=0.033525 ape=0.5152
[15:11:09] warmStart 67% (1545/2294) regret=0.033755 ape=0.5152
[15:11:09] warmStart 67% (1546/2294) regret=0.033414 ape=0.5152
[15:11:10] warmStart 67% (1547/2294) regret=0.033443 ape=0.5152
[15:11:10] warmStart 67% (1548/2294) regret=0.033525 ape=0.5152
[15:11:10] warmStart 67% (1549/2294) regret=0.033512 ape=0.5152
[15:11:10] warmStart 67% (1550/2294) regret=0.033512 ape=0.5152
[15:11:10] warmStart 67% (1551/2294) regret=0.033102 ape=0.5161
[15:11:10] warmStart 67% (1552/2294) regret=0.033210 ape=0.5152
[15:11:10] warmStart 67% (1553/2294) regret=0.033104 ape=0.5143
[15:11:11] warmStart 67% (1554/2294) regret=0.033141 ape=0.5143
[15:11:11] warmStart 67% (1555/2294) regret=0.033141 ape=0.5143
[15:11:11] warmStart 67% (1556/2294) regret=0.033299 ape=0.5143
[15:11:11] warmStart 67% (1557/2294) regret=0.033141 ape=0.5143
[15:11:11] warmStart 67% (1558/2294) regret=0.033141 ape=0.5143
[15:11:11] warmStart 67% (1559/2294) regret=0.033141 ape=0.5143
[15:11:12] warmStart 68% (1560/2294) regret=0.033115 ape=0.5134
[15:11:12] warmStart 68% (1561/2294) regret=0.033115 ape=0.5134
[15:11:12] warmStart 68% (1562/2294) regret=0.033115 ape=0.5134
[15:11:12] warmStart 68% (1563/2294) regret=0.033105 ape=0.5124
[15:11:12] warmStart 68% (1564/2294) regret=0.032820 ape=0.5115
[15:11:12] warmStart 68% (1565/2294) regret=0.032820 ape=0.5115
[15:11:13] warmStart 68% (1566/2294) regret=0.032552 ape=0.5115
[15:11:13] warmStart 68% (1567/2294) regret=0.032552 ape=0.5115
[15:11:13] warmStart 68% (1568/2294) regret=0.032506 ape=0.5106
[15:11:13] warmStart 68% (1569/2294) regret=0.032525 ape=0.5106
[15:11:13] warmStart 68% (1570/2294) regret=0.032405 ape=0.5097
[15:11:13] warmStart 68% (1571/2294) regret=0.032386 ape=0.5097
[15:11:14] warmStart 68% (1572/2294) regret=0.032423 ape=0.5097
[15:11:14] warmStart 68% (1573/2294) regret=0.032386 ape=0.5097
[15:11:14] warmStart 68% (1574/2294) regret=0.032386 ape=0.5097
[15:11:14] warmStart 68% (1575/2294) regret=0.032480 ape=0.5088
[15:11:14] warmStart 68% (1576/2294) regret=0.032334 ape=0.5088
[15:11:14] warmStart 68% (1577/2294) regret=0.032334 ape=0.5088
[15:11:14] warmStart 68% (1578/2294) regret=0.032334 ape=0.5088
[15:11:15] warmStart 68% (1579/2294) regret=0.032334 ape=0.5088
[15:11:15] warmStart 68% (1580/2294) regret=0.032325 ape=0.5088
[15:11:15] warmStart 68% (1581/2294) regret=0.032274 ape=0.5088
[15:11:15] warmStart 68% (1582/2294) regret=0.032274 ape=0.5088
[15:11:15] warmStart 69% (1583/2294) regret=0.032264 ape=0.5088
[15:11:15] warmStart 69% (1584/2294) regret=0.032274 ape=0.5088
[15:11:16] warmStart 69% (1585/2294) regret=0.032274 ape=0.5088
[15:11:16] warmStart 69% (1586/2294) regret=0.032224 ape=0.5088
[15:11:16] warmStart 69% (1587/2294) regret=0.032259 ape=0.5088
[15:11:16] warmStart 69% (1588/2294) regret=0.032268 ape=0.5088
[15:11:16] warmStart 69% (1589/2294) regret=0.032107 ape=0.5078
[15:11:16] warmStart 69% (1590/2294) regret=0.031969 ape=0.5069
[15:11:17] warmStart 69% (1591/2294) regret=0.031821 ape=0.5060
[15:11:17] warmStart 69% (1592/2294) regret=0.032108 ape=0.5069
[15:11:17] warmStart 69% (1593/2294) regret=0.031745 ape=0.5060
[15:11:17] warmStart 69% (1594/2294) regret=0.031745 ape=0.5060
[15:11:17] warmStart 69% (1595/2294) regret=0.031883 ape=0.5060
[15:11:17] warmStart 69% (1596/2294) regret=0.031745 ape=0.5060
[15:11:18] warmStart 69% (1597/2294) regret=0.031745 ape=0.5060
[15:11:18] warmStart 69% (1598/2294) regret=0.031676 ape=0.5060
[15:11:18] warmStart 69% (1599/2294) regret=0.031671 ape=0.5051
[15:11:18] warmStart 69% (1600/2294) regret=0.031736 ape=0.5051
[15:11:18] warmStart 69% (1601/2294) regret=0.031819 ape=0.5051
[15:11:18] warmStart 69% (1602/2294) regret=0.031671 ape=0.5051
[15:11:19] warmStart 69% (1603/2294) regret=0.031671 ape=0.5051
[15:11:19] warmStart 69% (1604/2294) regret=0.031671 ape=0.5051
[15:11:19] warmStart 69% (1605/2294) regret=0.031671 ape=0.5051
[15:11:19] warmStart 70% (1606/2294) regret=0.031671 ape=0.5051
[15:11:19] warmStart 70% (1607/2294) regret=0.031671 ape=0.5051
[15:11:19] warmStart 70% (1608/2294) regret=0.031565 ape=0.5041
[15:11:20] warmStart 70% (1609/2294) regret=0.031897 ape=0.5051
[15:11:20] warmStart 70% (1610/2294) regret=0.031565 ape=0.5041
[15:11:20] warmStart 70% (1611/2294) regret=0.031565 ape=0.5041
[15:11:20] warmStart 70% (1612/2294) regret=0.031565 ape=0.5041
[15:11:20] warmStart 70% (1613/2294) regret=0.031565 ape=0.5041
[15:11:20] warmStart 70% (1614/2294) regret=0.031565 ape=0.5041
[15:11:21] warmStart 70% (1615/2294) regret=0.031565 ape=0.5041
[15:11:21] warmStart 70% (1616/2294) regret=0.031565 ape=0.5041
[15:11:21] warmStart 70% (1617/2294) regret=0.031565 ape=0.5041
[15:11:21] warmStart 70% (1618/2294) regret=0.031565 ape=0.5041
[15:11:21] warmStart 70% (1619/2294) regret=0.031565 ape=0.5041
[15:11:21] warmStart 70% (1620/2294) regret=0.031565 ape=0.5041
[15:11:22] warmStart 70% (1621/2294) regret=0.031565 ape=0.5041
[15:11:22] warmStart 70% (1622/2294) regret=0.031565 ape=0.5041
[15:11:22] warmStart 70% (1623/2294) regret=0.031565 ape=0.5041
[15:11:22] warmStart 70% (1624/2294) regret=0.031565 ape=0.5041
[15:11:22] warmStart 70% (1625/2294) regret=0.031565 ape=0.5041
[15:11:22] warmStart 70% (1626/2294) regret=0.031565 ape=0.5041
[15:11:23] warmStart 70% (1627/2294) regret=0.031565 ape=0.5041
[15:11:23] warmStart 70% (1628/2294) regret=0.031565 ape=0.5041
[15:11:23] warmStart 71% (1629/2294) regret=0.031556 ape=0.5041
[15:11:23] warmStart 71% (1630/2294) regret=0.031556 ape=0.5041
[15:11:23] warmStart 71% (1631/2294) regret=0.031556 ape=0.5041
[15:11:23] warmStart 71% (1632/2294) regret=0.031556 ape=0.5041
[15:11:24] warmStart 71% (1633/2294) regret=0.031556 ape=0.5041
[15:11:24] warmStart 71% (1634/2294) regret=0.031556 ape=0.5041
[15:11:24] warmStart 71% (1635/2294) regret=0.031556 ape=0.5041
[15:11:24] warmStart 71% (1636/2294) regret=0.031556 ape=0.5041
[15:11:24] warmStart 71% (1637/2294) regret=0.031547 ape=0.5041
[15:11:24] warmStart 71% (1638/2294) regret=0.031547 ape=0.5041
[15:11:25] warmStart 71% (1639/2294) regret=0.031547 ape=0.5041
[15:11:25] warmStart 71% (1640/2294) regret=0.031547 ape=0.5041
[15:11:25] warmStart 71% (1641/2294) regret=0.031547 ape=0.5041
[15:11:25] warmStart 71% (1642/2294) regret=0.031547 ape=0.5041
[15:11:25] warmStart 71% (1643/2294) regret=0.031485 ape=0.5041
[15:11:25] warmStart 71% (1644/2294) regret=0.031439 ape=0.5032
[15:11:25] warmStart 71% (1645/2294) regret=0.031439 ape=0.5032
[15:11:26] warmStart 71% (1646/2294) regret=0.031439 ape=0.5032
[15:11:26] warmStart 71% (1647/2294) regret=0.031439 ape=0.5032
[15:11:26] warmStart 71% (1648/2294) regret=0.031439 ape=0.5032
[15:11:26] warmStart 71% (1649/2294) regret=0.031439 ape=0.5032
[15:11:26] warmStart 71% (1650/2294) regret=0.031427 ape=0.5023
[15:11:26] warmStart 71% (1651/2294) regret=0.031427 ape=0.5023
[15:11:26] warmStart 72% (1652/2294) regret=0.031427 ape=0.5023
[15:11:27] warmStart 72% (1653/2294) regret=0.031110 ape=0.5014
[15:11:27] warmStart 72% (1654/2294) regret=0.031110 ape=0.5014
[15:11:27] warmStart 72% (1655/2294) regret=0.031110 ape=0.5014
[15:11:27] warmStart 72% (1656/2294) regret=0.031109 ape=0.5014
[15:11:27] warmStart 72% (1657/2294) regret=0.031109 ape=0.5014
[15:11:27] warmStart 72% (1658/2294) regret=0.031109 ape=0.5014
[15:11:28] warmStart 72% (1659/2294) regret=0.031109 ape=0.5014
[15:11:28] warmStart 72% (1660/2294) regret=0.031109 ape=0.5014
[15:11:28] warmStart 72% (1661/2294) regret=0.031109 ape=0.5014
[15:11:28] warmStart 72% (1662/2294) regret=0.031109 ape=0.5014
[15:11:28] warmStart 72% (1663/2294) regret=0.031109 ape=0.5014
[15:11:28] warmStart 72% (1664/2294) regret=0.031109 ape=0.5014
[15:11:29] warmStart 72% (1665/2294) regret=0.031109 ape=0.5014
[15:11:29] warmStart 72% (1666/2294) regret=0.031109 ape=0.5014
[15:11:29] warmStart 72% (1667/2294) regret=0.031109 ape=0.5014
[15:11:29] warmStart 72% (1668/2294) regret=0.031109 ape=0.5014
[15:11:29] warmStart 72% (1669/2294) regret=0.031109 ape=0.5014
[15:11:29] warmStart 72% (1670/2294) regret=0.031109 ape=0.5014
[15:11:30] warmStart 72% (1671/2294) regret=0.031109 ape=0.5014
[15:11:30] warmStart 72% (1672/2294) regret=0.031109 ape=0.5014
[15:11:30] warmStart 72% (1673/2294) regret=0.031109 ape=0.5014
[15:11:30] warmStart 72% (1674/2294) regret=0.031079 ape=0.5014
[15:11:30] warmStart 73% (1675/2294) regret=0.031079 ape=0.5014
[15:11:30] warmStart 73% (1676/2294) regret=0.031079 ape=0.5014
[15:11:30] warmStart 73% (1677/2294) regret=0.031079 ape=0.5014
[15:11:31] warmStart 73% (1678/2294) regret=0.031079 ape=0.5014
[15:11:31] warmStart 73% (1679/2294) regret=0.031079 ape=0.5014
[15:11:31] warmStart 73% (1680/2294) regret=0.031079 ape=0.5014
[15:11:31] warmStart 73% (1681/2294) regret=0.031079 ape=0.5014
[15:11:31] warmStart 73% (1682/2294) regret=0.031079 ape=0.5014
[15:11:31] warmStart 73% (1683/2294) regret=0.031079 ape=0.5014
[15:11:32] warmStart 73% (1684/2294) regret=0.031079 ape=0.5014
[15:11:32] warmStart 73% (1685/2294) regret=0.031079 ape=0.5014
[15:11:32] warmStart 73% (1686/2294) regret=0.031079 ape=0.5014
[15:11:32] warmStart 73% (1687/2294) regret=0.031079 ape=0.5014
[15:11:32] warmStart 73% (1688/2294) regret=0.031079 ape=0.5014
[15:11:32] warmStart 73% (1689/2294) regret=0.031079 ape=0.5014
[15:11:33] warmStart 73% (1690/2294) regret=0.031079 ape=0.5014
[15:11:33] warmStart 73% (1691/2294) regret=0.031079 ape=0.5014
[15:11:33] warmStart 73% (1692/2294) regret=0.031079 ape=0.5014
[15:11:33] warmStart 73% (1693/2294) regret=0.031079 ape=0.5014
[15:11:33] warmStart 73% (1694/2294) regret=0.031079 ape=0.5014
[15:11:33] warmStart 73% (1695/2294) regret=0.031079 ape=0.5014
[15:11:33] warmStart 73% (1696/2294) regret=0.031079 ape=0.5014
[15:11:34] warmStart 73% (1697/2294) regret=0.031079 ape=0.5014
[15:11:34] warmStart 74% (1698/2294) regret=0.031079 ape=0.5014
[15:11:34] warmStart 74% (1699/2294) regret=0.030955 ape=0.5014
[15:11:34] warmStart 74% (1700/2294) regret=0.030955 ape=0.5014
[15:11:34] warmStart 74% (1701/2294) regret=0.030955 ape=0.5014
[15:11:34] warmStart 74% (1702/2294) regret=0.030955 ape=0.5014
[15:11:34] warmStart 74% (1703/2294) regret=0.030955 ape=0.5014
[15:11:35] warmStart 74% (1704/2294) regret=0.030955 ape=0.5014
[15:11:35] warmStart 74% (1705/2294) regret=0.030955 ape=0.5014
[15:11:35] warmStart 74% (1706/2294) regret=0.030978 ape=0.5023
[15:11:35] warmStart 74% (1707/2294) regret=0.030969 ape=0.5023
[15:11:35] warmStart 74% (1708/2294) regret=0.030992 ape=0.5023
[15:11:35] warmStart 74% (1709/2294) regret=0.030941 ape=0.5023
[15:11:36] warmStart 74% (1710/2294) regret=0.030941 ape=0.5023
[15:11:36] warmStart 74% (1711/2294) regret=0.030941 ape=0.5023
[15:11:36] warmStart 74% (1712/2294) regret=0.030941 ape=0.5023
[15:11:36] warmStart 74% (1713/2294) regret=0.030941 ape=0.5023
[15:11:36] warmStart 74% (1714/2294) regret=0.030877 ape=0.5014
[15:11:36] warmStart 74% (1715/2294) regret=0.030877 ape=0.5014
[15:11:37] warmStart 74% (1716/2294) regret=0.030877 ape=0.5014
[15:11:37] warmStart 74% (1717/2294) regret=0.030877 ape=0.5014
[15:11:37] warmStart 74% (1718/2294) regret=0.030877 ape=0.5014
[15:11:37] warmStart 74% (1719/2294) regret=0.030877 ape=0.5014
[15:11:37] warmStart 74% (1720/2294) regret=0.030877 ape=0.5014
[15:11:37] warmStart 75% (1721/2294) regret=0.030877 ape=0.5014
[15:11:37] warmStart 75% (1722/2294) regret=0.030905 ape=0.5023
[15:11:38] warmStart 75% (1723/2294) regret=0.030840 ape=0.5023
[15:11:38] warmStart 75% (1724/2294) regret=0.030840 ape=0.5023
[15:11:38] warmStart 75% (1725/2294) regret=0.030840 ape=0.5023
[15:11:38] warmStart 75% (1726/2294) regret=0.030840 ape=0.5023
[15:11:38] warmStart 75% (1727/2294) regret=0.030840 ape=0.5023
[15:11:38] warmStart 75% (1728/2294) regret=0.030840 ape=0.5023
[15:11:39] warmStart 75% (1729/2294) regret=0.030840 ape=0.5023
[15:11:39] warmStart 75% (1730/2294) regret=0.030840 ape=0.5023
[15:11:39] warmStart 75% (1731/2294) regret=0.030840 ape=0.5023
[15:11:39] warmStart 75% (1732/2294) regret=0.030840 ape=0.5023
[15:11:39] warmStart 75% (1733/2294) regret=0.030840 ape=0.5023
[15:11:40] warmStart 75% (1734/2294) regret=0.030780 ape=0.5023
[15:11:40] warmStart 75% (1735/2294) regret=0.030780 ape=0.5023
[15:11:40] warmStart 75% (1736/2294) regret=0.030780 ape=0.5023
[15:11:40] warmStart 75% (1737/2294) regret=0.030918 ape=0.5023
[15:11:40] warmStart 75% (1738/2294) regret=0.030918 ape=0.5023
[15:11:40] warmStart 75% (1739/2294) regret=0.030918 ape=0.5023
[15:11:41] warmStart 75% (1740/2294) regret=0.030918 ape=0.5023
[15:11:41] warmStart 75% (1741/2294) regret=0.030918 ape=0.5023
[15:11:41] warmStart 75% (1742/2294) regret=0.030918 ape=0.5023
[15:11:41] warmStart 75% (1743/2294) regret=0.030825 ape=0.5014
[15:11:41] warmStart 76% (1744/2294) regret=0.030825 ape=0.5014
[15:11:41] warmStart 76% (1745/2294) regret=0.030862 ape=0.5014
[15:11:42] warmStart 76% (1746/2294) regret=0.030862 ape=0.5014
[15:11:42] warmStart 76% (1747/2294) regret=0.030862 ape=0.5014
[15:11:42] warmStart 76% (1748/2294) regret=0.030538 ape=0.5005
[15:11:42] warmStart 76% (1749/2294) regret=0.030538 ape=0.5005
[15:11:42] warmStart 76% (1750/2294) regret=0.030538 ape=0.5005
[15:11:42] warmStart 76% (1751/2294) regret=0.030630 ape=0.5014
[15:11:43] warmStart 76% (1752/2294) regret=0.030575 ape=0.5014
[15:11:43] warmStart 76% (1753/2294) regret=0.030575 ape=0.5014
[15:11:43] warmStart 76% (1754/2294) regret=0.030594 ape=0.5014
[15:11:43] warmStart 76% (1755/2294) regret=0.030575 ape=0.5014
[15:11:43] warmStart 76% (1756/2294) regret=0.030575 ape=0.5014
[15:11:43] warmStart 76% (1757/2294) regret=0.030345 ape=0.5005
[15:11:44] warmStart 76% (1758/2294) regret=0.030345 ape=0.5005
[15:11:44] warmStart 76% (1759/2294) regret=0.030191 ape=0.4995
[15:11:44] warmStart 76% (1760/2294) regret=0.030191 ape=0.4995
[15:11:44] warmStart 76% (1761/2294) regret=0.030191 ape=0.4995
[15:11:44] warmStart 76% (1762/2294) regret=0.030191 ape=0.4995
[15:11:44] warmStart 76% (1763/2294) regret=0.030255 ape=0.4995
[15:11:45] warmStart 76% (1764/2294) regret=0.030255 ape=0.4995
[15:11:45] warmStart 76% (1765/2294) regret=0.030255 ape=0.4995
[15:11:45] warmStart 76% (1766/2294) regret=0.030255 ape=0.4995
[15:11:45] warmStart 77% (1767/2294) regret=0.030255 ape=0.4995
[15:11:45] warmStart 77% (1768/2294) regret=0.030255 ape=0.4995
[15:11:45] warmStart 77% (1769/2294) regret=0.030181 ape=0.4995
[15:11:46] warmStart 77% (1770/2294) regret=0.030181 ape=0.4995
[15:11:46] warmStart 77% (1771/2294) regret=0.030181 ape=0.4995
[15:11:46] warmStart 77% (1772/2294) regret=0.030181 ape=0.4995
[15:11:46] warmStart 77% (1773/2294) regret=0.030127 ape=0.4986
[15:11:46] warmStart 77% (1774/2294) regret=0.030127 ape=0.4986
[15:11:46] warmStart 77% (1775/2294) regret=0.030091 ape=0.4977
[15:11:46] warmStart 77% (1776/2294) regret=0.030091 ape=0.4977
[15:11:47] warmStart 77% (1777/2294) regret=0.030091 ape=0.4977
[15:11:47] warmStart 77% (1778/2294) regret=0.030091 ape=0.4977
[15:11:47] warmStart 77% (1779/2294) regret=0.030091 ape=0.4977
[15:11:47] warmStart 77% (1780/2294) regret=0.030091 ape=0.4977
[15:11:47] warmStart 77% (1781/2294) regret=0.030173 ape=0.4986
[15:11:47] warmStart 77% (1782/2294) regret=0.030183 ape=0.4977
[15:11:48] warmStart 77% (1783/2294) regret=0.030091 ape=0.4977
[15:11:48] warmStart 77% (1784/2294) regret=0.030091 ape=0.4977
[15:11:48] warmStart 77% (1785/2294) regret=0.030091 ape=0.4977
[15:11:48] warmStart 77% (1786/2294) regret=0.029867 ape=0.4977
[15:11:48] warmStart 77% (1787/2294) regret=0.029998 ape=0.4977
[15:11:48] warmStart 77% (1788/2294) regret=0.029998 ape=0.4977
[15:11:49] warmStart 77% (1789/2294) regret=0.029998 ape=0.4977
[15:11:49] warmStart 78% (1790/2294) regret=0.029998 ape=0.4977
[15:11:49] warmStart 78% (1791/2294) regret=0.029998 ape=0.4977
[15:11:49] warmStart 78% (1792/2294) regret=0.029998 ape=0.4977
[15:11:49] warmStart 78% (1793/2294) regret=0.029998 ape=0.4977
[15:11:49] warmStart 78% (1794/2294) regret=0.030026 ape=0.4977
[15:11:50] warmStart 78% (1795/2294) regret=0.030026 ape=0.4977
[15:11:50] warmStart 78% (1796/2294) regret=0.030026 ape=0.4977
[15:11:50] warmStart 78% (1797/2294) regret=0.030026 ape=0.4977
[15:11:50] warmStart 78% (1798/2294) regret=0.030026 ape=0.4977
[15:11:50] warmStart 78% (1799/2294) regret=0.030044 ape=0.4977
[15:11:50] warmStart 78% (1800/2294) regret=0.029869 ape=0.4968
[15:11:51] warmStart 78% (1801/2294) regret=0.029869 ape=0.4968
[15:11:51] warmStart 78% (1802/2294) regret=0.029869 ape=0.4968
[15:11:51] warmStart 78% (1803/2294) regret=0.029888 ape=0.4968
[15:11:51] warmStart 78% (1804/2294) regret=0.029888 ape=0.4968
[15:11:51] warmStart 78% (1805/2294) regret=0.029888 ape=0.4968
[15:11:51] warmStart 78% (1806/2294) regret=0.029888 ape=0.4968
[15:11:51] warmStart 78% (1807/2294) regret=0.029888 ape=0.4968
[15:11:52] warmStart 78% (1808/2294) regret=0.029888 ape=0.4968
[15:11:52] warmStart 78% (1809/2294) regret=0.029888 ape=0.4968
[15:11:52] warmStart 78% (1810/2294) regret=0.029888 ape=0.4968
[15:11:52] warmStart 78% (1811/2294) regret=0.029888 ape=0.4968
[15:11:52] warmStart 78% (1812/2294) regret=0.029888 ape=0.4968
[15:11:52] warmStart 79% (1813/2294) regret=0.029888 ape=0.4968
[15:11:53] warmStart 79% (1814/2294) regret=0.029888 ape=0.4968
[15:11:53] warmStart 79% (1815/2294) regret=0.029888 ape=0.4968
[15:11:53] warmStart 79% (1816/2294) regret=0.029888 ape=0.4968
[15:11:53] warmStart 79% (1817/2294) regret=0.029888 ape=0.4968
[15:11:53] warmStart 79% (1818/2294) regret=0.029888 ape=0.4968
[15:11:53] warmStart 79% (1819/2294) regret=0.029888 ape=0.4968
[15:11:54] warmStart 79% (1820/2294) regret=0.029888 ape=0.4968
[15:11:54] warmStart 79% (1821/2294) regret=0.029888 ape=0.4968
[15:11:54] warmStart 79% (1822/2294) regret=0.029888 ape=0.4968
[15:11:54] warmStart 79% (1823/2294) regret=0.029888 ape=0.4968
[15:11:54] warmStart 79% (1824/2294) regret=0.029888 ape=0.4968
[15:11:54] warmStart 79% (1825/2294) regret=0.029888 ape=0.4968
[15:11:55] warmStart 79% (1826/2294) regret=0.029888 ape=0.4968
[15:11:55] warmStart 79% (1827/2294) regret=0.029888 ape=0.4968
[15:11:55] warmStart 79% (1828/2294) regret=0.029888 ape=0.4968
[15:11:55] warmStart 79% (1829/2294) regret=0.029888 ape=0.4968
[15:11:55] warmStart 79% (1830/2294) regret=0.029888 ape=0.4968
[15:11:55] warmStart 79% (1831/2294) regret=0.029888 ape=0.4968
[15:11:55] warmStart 79% (1832/2294) regret=0.029888 ape=0.4968
[15:11:56] warmStart 79% (1833/2294) regret=0.029888 ape=0.4968
[15:11:56] warmStart 79% (1834/2294) regret=0.029888 ape=0.4968
[15:11:56] warmStart 79% (1835/2294) regret=0.029888 ape=0.4968
[15:11:56] warmStart 80% (1836/2294) regret=0.029869 ape=0.4968
[15:11:56] warmStart 80% (1837/2294) regret=0.029869 ape=0.4968
[15:11:56] warmStart 80% (1838/2294) regret=0.029869 ape=0.4968
[15:11:57] warmStart 80% (1839/2294) regret=0.029869 ape=0.4968
[15:11:57] warmStart 80% (1840/2294) regret=0.029869 ape=0.4968
[15:11:57] warmStart 80% (1841/2294) regret=0.030023 ape=0.4977
[15:11:57] warmStart 80% (1842/2294) regret=0.030023 ape=0.4977
[15:11:57] warmStart 80% (1843/2294) regret=0.030023 ape=0.4977
[15:11:57] warmStart 80% (1844/2294) regret=0.030023 ape=0.4977
[15:11:57] warmStart 80% (1845/2294) regret=0.030023 ape=0.4977
[15:11:58] warmStart 80% (1846/2294) regret=0.030023 ape=0.4977
[15:11:58] warmStart 80% (1847/2294) regret=0.030023 ape=0.4977
[15:11:58] warmStart 80% (1848/2294) regret=0.030023 ape=0.4977
[15:11:58] warmStart 80% (1849/2294) regret=0.030023 ape=0.4977
[15:11:58] warmStart 80% (1850/2294) regret=0.030023 ape=0.4977
[15:11:58] warmStart 80% (1851/2294) regret=0.030058 ape=0.4977
[15:11:58] warmStart 80% (1852/2294) regret=0.030058 ape=0.4977
[15:11:59] warmStart 80% (1853/2294) regret=0.030050 ape=0.4977
[15:11:59] warmStart 80% (1854/2294) regret=0.030050 ape=0.4977
[15:11:59] warmStart 80% (1855/2294) regret=0.030230 ape=0.4995
[15:11:59] warmStart 80% (1856/2294) regret=0.030124 ape=0.4986
[15:11:59] warmStart 80% (1857/2294) regret=0.030156 ape=0.4995
[15:11:59] warmStart 80% (1858/2294) regret=0.030156 ape=0.4995
[15:12:00] warmStart 81% (1859/2294) regret=0.030156 ape=0.4995
[15:12:00] warmStart 81% (1860/2294) regret=0.030156 ape=0.4995
[15:12:00] warmStart 81% (1861/2294) regret=0.030115 ape=0.4995
[15:12:00] warmStart 81% (1862/2294) regret=0.030267 ape=0.5005
[15:12:00] warmStart 81% (1863/2294) regret=0.030261 ape=0.5005
[15:12:00] warmStart 81% (1864/2294) regret=0.030261 ape=0.5005
[15:12:01] warmStart 81% (1865/2294) regret=0.030261 ape=0.5005
[15:12:01] warmStart 81% (1866/2294) regret=0.030417 ape=0.5014
[15:12:01] warmStart 81% (1867/2294) regret=0.030316 ape=0.5014
[15:12:01] warmStart 81% (1868/2294) regret=0.030399 ape=0.5014
[15:12:01] warmStart 81% (1869/2294) regret=0.030399 ape=0.5014
[15:12:01] warmStart 81% (1870/2294) regret=0.030399 ape=0.5014
[15:12:02] warmStart 81% (1871/2294) regret=0.030463 ape=0.5014
[15:12:02] warmStart 81% (1872/2294) regret=0.030463 ape=0.5014
[15:12:02] warmStart 81% (1873/2294) regret=0.030463 ape=0.5014
[15:12:02] warmStart 81% (1874/2294) regret=0.030463 ape=0.5014
[15:12:02] warmStart 81% (1875/2294) regret=0.030445 ape=0.5014
[15:12:02] warmStart 81% (1876/2294) regret=0.030371 ape=0.5005
[15:12:03] warmStart 81% (1877/2294) regret=0.030371 ape=0.5005
[15:12:03] warmStart 81% (1878/2294) regret=0.030371 ape=0.5005
[15:12:03] warmStart 81% (1879/2294) regret=0.029975 ape=0.4986
[15:12:03] warmStart 81% (1880/2294) regret=0.030058 ape=0.4995
[15:12:03] warmStart 81% (1881/2294) regret=0.030122 ape=0.4995
[15:12:03] warmStart 82% (1882/2294) regret=0.030122 ape=0.4995
[15:12:04] warmStart 82% (1883/2294) regret=0.029984 ape=0.4995
[15:12:04] warmStart 82% (1884/2294) regret=0.029984 ape=0.4995
[15:12:04] warmStart 82% (1885/2294) regret=0.030007 ape=0.4995
[15:12:04] warmStart 82% (1886/2294) regret=0.030007 ape=0.4995
[15:12:04] warmStart 82% (1887/2294) regret=0.030007 ape=0.4995
[15:12:04] warmStart 82% (1888/2294) regret=0.030007 ape=0.4995
[15:12:04] warmStart 82% (1889/2294) regret=0.030007 ape=0.4995
[15:12:05] warmStart 82% (1890/2294) regret=0.030007 ape=0.4995
[15:12:05] warmStart 82% (1891/2294) regret=0.030007 ape=0.4995
[15:12:05] warmStart 82% (1892/2294) regret=0.030007 ape=0.4995
[15:12:05] warmStart 82% (1893/2294) regret=0.030007 ape=0.4995
[15:12:05] warmStart 82% (1894/2294) regret=0.030007 ape=0.4995
[15:12:05] warmStart 82% (1895/2294) regret=0.030007 ape=0.4995
[15:12:06] warmStart 82% (1896/2294) regret=0.030007 ape=0.4995
[15:12:06] warmStart 82% (1897/2294) regret=0.030007 ape=0.4995
[15:12:06] warmStart 82% (1898/2294) regret=0.030007 ape=0.4995
[15:12:06] warmStart 82% (1899/2294) regret=0.029953 ape=0.4995
[15:12:06] warmStart 82% (1900/2294) regret=0.029953 ape=0.4995
[15:12:06] warmStart 82% (1901/2294) regret=0.029953 ape=0.4995
[15:12:07] warmStart 82% (1902/2294) regret=0.029953 ape=0.4995
[15:12:07] warmStart 82% (1903/2294) regret=0.029953 ape=0.4995
[15:12:07] warmStart 82% (1904/2294) regret=0.029953 ape=0.4995
[15:12:07] warmStart 83% (1905/2294) regret=0.029845 ape=0.4986
[15:12:07] warmStart 83% (1906/2294) regret=0.029845 ape=0.4986
[15:12:07] warmStart 83% (1907/2294) regret=0.029845 ape=0.4986
[15:12:08] warmStart 83% (1908/2294) regret=0.029845 ape=0.4986
[15:12:08] warmStart 83% (1909/2294) regret=0.029845 ape=0.4986
[15:12:08] warmStart 83% (1910/2294) regret=0.029703 ape=0.4986
[15:12:08] warmStart 83% (1911/2294) regret=0.029703 ape=0.4986
[15:12:08] warmStart 83% (1912/2294) regret=0.029703 ape=0.4986
[15:12:09] warmStart 83% (1913/2294) regret=0.029703 ape=0.4986
[15:12:09] warmStart 83% (1914/2294) regret=0.029703 ape=0.4986
[15:12:09] warmStart 83% (1915/2294) regret=0.029703 ape=0.4986
[15:12:09] warmStart 83% (1916/2294) regret=0.029671 ape=0.4977
[15:12:09] warmStart 83% (1917/2294) regret=0.029671 ape=0.4977
[15:12:09] warmStart 83% (1918/2294) regret=0.029677 ape=0.4977
[15:12:10] warmStart 83% (1919/2294) regret=0.029607 ape=0.4977
[15:12:10] warmStart 83% (1920/2294) regret=0.029607 ape=0.4977
[15:12:10] warmStart 83% (1921/2294) regret=0.029376 ape=0.4968
[15:12:10] warmStart 83% (1922/2294) regret=0.029441 ape=0.4977
[15:12:10] warmStart 83% (1923/2294) regret=0.029441 ape=0.4977
[15:12:10] warmStart 83% (1924/2294) regret=0.029441 ape=0.4977
[15:12:10] warmStart 83% (1925/2294) regret=0.029441 ape=0.4977
[15:12:11] warmStart 83% (1926/2294) regret=0.029367 ape=0.4977
[15:12:11] warmStart 84% (1927/2294) regret=0.029800 ape=0.4977
[15:12:11] warmStart 84% (1928/2294) regret=0.029378 ape=0.4977
[15:12:11] warmStart 84% (1929/2294) regret=0.029378 ape=0.4977
[15:12:11] warmStart 84% (1930/2294) regret=0.029332 ape=0.4977
[15:12:11] warmStart 84% (1931/2294) regret=0.029354 ape=0.4977
[15:12:12] warmStart 84% (1932/2294) regret=0.029400 ape=0.4977
[15:12:12] warmStart 84% (1933/2294) regret=0.029400 ape=0.4977
[15:12:12] warmStart 84% (1934/2294) regret=0.029400 ape=0.4977
[15:12:12] warmStart 84% (1935/2294) regret=0.029555 ape=0.4986
[15:12:12] warmStart 84% (1936/2294) regret=0.029400 ape=0.4977
[15:12:12] warmStart 84% (1937/2294) regret=0.029440 ape=0.4977
[15:12:13] warmStart 84% (1938/2294) regret=0.029302 ape=0.4977
[15:12:13] warmStart 84% (1939/2294) regret=0.029247 ape=0.4968
[15:12:13] warmStart 84% (1940/2294) regret=0.029074 ape=0.4968
[15:12:13] warmStart 84% (1941/2294) regret=0.029074 ape=0.4968
[15:12:13] warmStart 84% (1942/2294) regret=0.029074 ape=0.4968
[15:12:13] warmStart 84% (1943/2294) regret=0.029074 ape=0.4968
[15:12:14] warmStart 84% (1944/2294) regret=0.029074 ape=0.4968
[15:12:14] warmStart 84% (1945/2294) regret=0.029074 ape=0.4968
[15:12:14] warmStart 84% (1946/2294) regret=0.029074 ape=0.4968
[15:12:14] warmStart 84% (1947/2294) regret=0.029074 ape=0.4968
[15:12:14] warmStart 84% (1948/2294) regret=0.029074 ape=0.4968
[15:12:14] warmStart 84% (1949/2294) regret=0.029074 ape=0.4968
[15:12:15] warmStart 85% (1950/2294) regret=0.029074 ape=0.4968
[15:12:15] warmStart 85% (1951/2294) regret=0.029074 ape=0.4968
[15:12:15] warmStart 85% (1952/2294) regret=0.029074 ape=0.4968
[15:12:15] warmStart 85% (1953/2294) regret=0.029074 ape=0.4968
[15:12:15] warmStart 85% (1954/2294) regret=0.029004 ape=0.4959
[15:12:15] warmStart 85% (1955/2294) regret=0.029004 ape=0.4959
[15:12:16] warmStart 85% (1956/2294) regret=0.029004 ape=0.4959
[15:12:16] warmStart 85% (1957/2294) regret=0.029004 ape=0.4959
[15:12:16] warmStart 85% (1958/2294) regret=0.029004 ape=0.4959
[15:12:16] warmStart 85% (1959/2294) regret=0.029004 ape=0.4959
[15:12:16] warmStart 85% (1960/2294) regret=0.029004 ape=0.4959
[15:12:16] warmStart 85% (1961/2294) regret=0.029004 ape=0.4959
[15:12:17] warmStart 85% (1962/2294) regret=0.029004 ape=0.4959
[15:12:17] warmStart 85% (1963/2294) regret=0.029004 ape=0.4959
[15:12:17] warmStart 85% (1964/2294) regret=0.029004 ape=0.4959
[15:12:17] warmStart 85% (1965/2294) regret=0.029004 ape=0.4959
[15:12:17] warmStart 85% (1966/2294) regret=0.029004 ape=0.4959
[15:12:17] warmStart 85% (1967/2294) regret=0.029004 ape=0.4959
[15:12:17] warmStart 85% (1968/2294) regret=0.029004 ape=0.4959
[15:12:18] warmStart 85% (1969/2294) regret=0.029004 ape=0.4959
[15:12:18] warmStart 85% (1970/2294) regret=0.029004 ape=0.4959
[15:12:18] warmStart 85% (1971/2294) regret=0.029004 ape=0.4959
[15:12:18] warmStart 85% (1972/2294) regret=0.029004 ape=0.4959
[15:12:18] warmStart 86% (1973/2294) regret=0.029004 ape=0.4959
[15:12:18] warmStart 86% (1974/2294) regret=0.029004 ape=0.4959
[15:12:19] warmStart 86% (1975/2294) regret=0.029004 ape=0.4959
[15:12:19] warmStart 86% (1976/2294) regret=0.029017 ape=0.4959
[15:12:19] warmStart 86% (1977/2294) regret=0.029017 ape=0.4959
[15:12:19] warmStart 86% (1978/2294) regret=0.029011 ape=0.4959
[15:12:19] warmStart 86% (1979/2294) regret=0.029011 ape=0.4959
[15:12:19] warmStart 86% (1980/2294) regret=0.029030 ape=0.4959
[15:12:20] warmStart 86% (1981/2294) regret=0.029030 ape=0.4959
[15:12:20] warmStart 86% (1982/2294) regret=0.029030 ape=0.4959
[15:12:20] warmStart 86% (1983/2294) regret=0.028993 ape=0.4949
[15:12:20] warmStart 86% (1984/2294) regret=0.028993 ape=0.4949
[15:12:20] warmStart 86% (1985/2294) regret=0.028951 ape=0.4940
[15:12:20] warmStart 86% (1986/2294) regret=0.029025 ape=0.4949
[15:12:21] warmStart 86% (1987/2294) regret=0.029058 ape=0.4949
[15:12:21] warmStart 86% (1988/2294) regret=0.029049 ape=0.4949
[15:12:21] warmStart 86% (1989/2294) regret=0.029058 ape=0.4949
[15:12:21] warmStart 86% (1990/2294) regret=0.029058 ape=0.4949
[15:12:21] warmStart 86% (1991/2294) regret=0.029058 ape=0.4949
[15:12:21] warmStart 86% (1992/2294) regret=0.029081 ape=0.4959
[15:12:22] warmStart 86% (1993/2294) regret=0.029081 ape=0.4959
[15:12:22] warmStart 86% (1994/2294) regret=0.029081 ape=0.4959
[15:12:22] warmStart 86% (1995/2294) regret=0.029081 ape=0.4959
[15:12:22] warmStart 87% (1996/2294) regret=0.029081 ape=0.4959
[15:12:22] warmStart 87% (1997/2294) regret=0.029081 ape=0.4959
[15:12:22] warmStart 87% (1998/2294) regret=0.029081 ape=0.4959
[15:12:23] warmStart 87% (1999/2294) regret=0.029081 ape=0.4959
[15:12:23] warmStart 87% (2000/2294) regret=0.029081 ape=0.4959
[15:12:23] warmStart 87% (2001/2294) regret=0.029081 ape=0.4959
[15:12:23] warmStart 87% (2002/2294) regret=0.029081 ape=0.4959
[15:12:23] warmStart 87% (2003/2294) regret=0.029081 ape=0.4959
[15:12:23] warmStart 87% (2004/2294) regret=0.029081 ape=0.4959
[15:12:24] warmStart 87% (2005/2294) regret=0.029081 ape=0.4959
[15:12:24] warmStart 87% (2006/2294) regret=0.029081 ape=0.4959
[15:12:24] warmStart 87% (2007/2294) regret=0.029081 ape=0.4959
[15:12:24] warmStart 87% (2008/2294) regret=0.029081 ape=0.4959
[15:12:24] warmStart 87% (2009/2294) regret=0.029081 ape=0.4959
[15:12:24] warmStart 87% (2010/2294) regret=0.029081 ape=0.4959
[15:12:24] warmStart 87% (2011/2294) regret=0.029081 ape=0.4959
[15:12:25] warmStart 87% (2012/2294) regret=0.029081 ape=0.4959
[15:12:25] warmStart 87% (2013/2294) regret=0.029081 ape=0.4959
[15:12:25] warmStart 87% (2014/2294) regret=0.029081 ape=0.4959
[15:12:25] warmStart 87% (2015/2294) regret=0.029081 ape=0.4959
[15:12:25] warmStart 87% (2016/2294) regret=0.029081 ape=0.4959
[15:12:26] warmStart 87% (2017/2294) regret=0.029081 ape=0.4959
[15:12:26] warmStart 87% (2018/2294) regret=0.029081 ape=0.4959
[15:12:26] warmStart 88% (2019/2294) regret=0.029081 ape=0.4959
[15:12:26] warmStart 88% (2020/2294) regret=0.029081 ape=0.4959
[15:12:26] warmStart 88% (2021/2294) regret=0.029081 ape=0.4959
[15:12:26] warmStart 88% (2022/2294) regret=0.029081 ape=0.4959
[15:12:27] warmStart 88% (2023/2294) regret=0.029081 ape=0.4959
[15:12:27] warmStart 88% (2024/2294) regret=0.029081 ape=0.4959
[15:12:27] warmStart 88% (2025/2294) regret=0.029047 ape=0.4959
[15:12:27] warmStart 88% (2026/2294) regret=0.029047 ape=0.4959
[15:12:27] warmStart 88% (2027/2294) regret=0.029047 ape=0.4959
[15:12:27] warmStart 88% (2028/2294) regret=0.029047 ape=0.4959
[15:12:27] warmStart 88% (2029/2294) regret=0.029047 ape=0.4959
[15:12:27] warmStart 88% (2030/2294) regret=0.029047 ape=0.4959
[15:12:28] warmStart 88% (2031/2294) regret=0.029047 ape=0.4959
[15:12:28] warmStart 88% (2032/2294) regret=0.029047 ape=0.4959
[15:12:28] warmStart 88% (2033/2294) regret=0.029047 ape=0.4959
[15:12:28] warmStart 88% (2034/2294) regret=0.029047 ape=0.4959
[15:12:28] warmStart 88% (2035/2294) regret=0.029047 ape=0.4959
[15:12:28] warmStart 88% (2036/2294) regret=0.029047 ape=0.4959
[15:12:29] warmStart 88% (2037/2294) regret=0.029047 ape=0.4959
[15:12:29] warmStart 88% (2038/2294) regret=0.029047 ape=0.4959
[15:12:29] warmStart 88% (2039/2294) regret=0.029047 ape=0.4959
[15:12:29] warmStart 88% (2040/2294) regret=0.029047 ape=0.4959
[15:12:29] warmStart 88% (2041/2294) regret=0.029047 ape=0.4959
[15:12:29] warmStart 89% (2042/2294) regret=0.029047 ape=0.4959
[15:12:29] warmStart 89% (2043/2294) regret=0.029047 ape=0.4959
[15:12:30] warmStart 89% (2044/2294) regret=0.029047 ape=0.4959
[15:12:30] warmStart 89% (2045/2294) regret=0.029047 ape=0.4959
[15:12:30] warmStart 89% (2046/2294) regret=0.029047 ape=0.4959
[15:12:30] warmStart 89% (2047/2294) regret=0.029047 ape=0.4959
[15:12:30] warmStart 89% (2048/2294) regret=0.029047 ape=0.4959
[15:12:30] warmStart 89% (2049/2294) regret=0.029047 ape=0.4959
[15:12:30] warmStart 89% (2050/2294) regret=0.029047 ape=0.4959
[15:12:31] warmStart 89% (2051/2294) regret=0.029047 ape=0.4959
[15:12:31] warmStart 89% (2052/2294) regret=0.029047 ape=0.4959
[15:12:31] warmStart 89% (2053/2294) regret=0.029047 ape=0.4959
[15:12:31] warmStart 89% (2054/2294) regret=0.029031 ape=0.4959
[15:12:31] warmStart 89% (2055/2294) regret=0.029031 ape=0.4959
[15:12:31] warmStart 89% (2056/2294) regret=0.029031 ape=0.4959
[15:12:32] warmStart 89% (2057/2294) regret=0.029031 ape=0.4959
[15:12:32] warmStart 89% (2058/2294) regret=0.029051 ape=0.4959
[15:12:32] warmStart 89% (2059/2294) regret=0.029051 ape=0.4959
[15:12:32] warmStart 89% (2060/2294) regret=0.029051 ape=0.4959
[15:12:32] warmStart 89% (2061/2294) regret=0.029051 ape=0.4959
[15:12:33] warmStart 89% (2062/2294) regret=0.029051 ape=0.4959
[15:12:33] warmStart 89% (2063/2294) regret=0.029051 ape=0.4959
[15:12:33] warmStart 89% (2064/2294) regret=0.028991 ape=0.4959
[15:12:33] warmStart 90% (2065/2294) regret=0.028991 ape=0.4959
[15:12:33] warmStart 90% (2066/2294) regret=0.028991 ape=0.4959
[15:12:33] warmStart 90% (2067/2294) regret=0.028991 ape=0.4959
[15:12:33] warmStart 90% (2068/2294) regret=0.028991 ape=0.4959
[15:12:34] warmStart 90% (2069/2294) regret=0.028991 ape=0.4959
[15:12:34] warmStart 90% (2070/2294) regret=0.028991 ape=0.4959
[15:12:34] warmStart 90% (2071/2294) regret=0.028991 ape=0.4959
[15:12:34] warmStart 90% (2072/2294) regret=0.028991 ape=0.4959
[15:12:34] warmStart 90% (2073/2294) regret=0.028991 ape=0.4959
[15:12:34] warmStart 90% (2074/2294) regret=0.028991 ape=0.4959
[15:12:35] warmStart 90% (2075/2294) regret=0.028991 ape=0.4959
[15:12:35] warmStart 90% (2076/2294) regret=0.028991 ape=0.4959
[15:12:35] warmStart 90% (2077/2294) regret=0.028991 ape=0.4959
[15:12:35] warmStart 90% (2078/2294) regret=0.028991 ape=0.4959
[15:12:35] warmStart 90% (2079/2294) regret=0.028991 ape=0.4959
[15:12:35] warmStart 90% (2080/2294) regret=0.028991 ape=0.4959
[15:12:36] warmStart 90% (2081/2294) regret=0.028991 ape=0.4959
[15:12:36] warmStart 90% (2082/2294) regret=0.028991 ape=0.4959
[15:12:36] warmStart 90% (2083/2294) regret=0.028991 ape=0.4959
[15:12:36] warmStart 90% (2084/2294) regret=0.028991 ape=0.4959
[15:12:36] warmStart 90% (2085/2294) regret=0.028991 ape=0.4959
[15:12:36] warmStart 90% (2086/2294) regret=0.029037 ape=0.4968
[15:12:37] warmStart 90% (2087/2294) regret=0.028586 ape=0.4959
[15:12:37] warmStart 91% (2088/2294) regret=0.028586 ape=0.4959
[15:12:37] warmStart 91% (2089/2294) regret=0.028586 ape=0.4959
[15:12:37] warmStart 91% (2090/2294) regret=0.028586 ape=0.4959
[15:12:37] warmStart 91% (2091/2294) regret=0.028480 ape=0.4949
[15:12:37] warmStart 91% (2092/2294) regret=0.028973 ape=0.4968
[15:12:38] warmStart 91% (2093/2294) regret=0.028608 ape=0.4968
[15:12:38] warmStart 91% (2094/2294) regret=0.028580 ape=0.4968
[15:12:38] warmStart 91% (2095/2294) regret=0.028672 ape=0.4968
[15:12:38] warmStart 91% (2096/2294) regret=0.028567 ape=0.4959
[15:12:38] warmStart 91% (2097/2294) regret=0.028537 ape=0.4959
[15:12:38] warmStart 91% (2098/2294) regret=0.028537 ape=0.4959
[15:12:39] warmStart 91% (2099/2294) regret=0.028537 ape=0.4959
[15:12:39] warmStart 91% (2100/2294) regret=0.028537 ape=0.4959
[15:12:39] warmStart 91% (2101/2294) regret=0.028537 ape=0.4959
[15:12:39] warmStart 91% (2102/2294) regret=0.028460 ape=0.4949
[15:12:39] warmStart 91% (2103/2294) regret=0.028460 ape=0.4949
[15:12:39] warmStart 91% (2104/2294) regret=0.028441 ape=0.4940
[15:12:40] warmStart 91% (2105/2294) regret=0.028441 ape=0.4940
[15:12:40] warmStart 91% (2106/2294) regret=0.028441 ape=0.4940
[15:12:40] warmStart 91% (2107/2294) regret=0.028441 ape=0.4940
[15:12:40] warmStart 91% (2108/2294) regret=0.028441 ape=0.4940
[15:12:40] warmStart 91% (2109/2294) regret=0.028405 ape=0.4940
[15:12:40] warmStart 91% (2110/2294) regret=0.028405 ape=0.4940
[15:12:41] warmStart 92% (2111/2294) regret=0.028257 ape=0.4931
[15:12:41] warmStart 92% (2112/2294) regret=0.028257 ape=0.4931
[15:12:41] warmStart 92% (2113/2294) regret=0.028257 ape=0.4931
[15:12:41] warmStart 92% (2114/2294) regret=0.028248 ape=0.4922
[15:12:41] warmStart 92% (2115/2294) regret=0.028349 ape=0.4931
[15:12:41] warmStart 92% (2116/2294) regret=0.028349 ape=0.4931
[15:12:41] warmStart 92% (2117/2294) regret=0.028349 ape=0.4931
[15:12:42] warmStart 92% (2118/2294) regret=0.028349 ape=0.4931
[15:12:42] warmStart 92% (2119/2294) regret=0.028349 ape=0.4931
[15:12:42] warmStart 92% (2120/2294) regret=0.028349 ape=0.4931
[15:12:42] warmStart 92% (2121/2294) regret=0.028349 ape=0.4931
[15:12:42] warmStart 92% (2122/2294) regret=0.028349 ape=0.4931
[15:12:42] warmStart 92% (2123/2294) regret=0.028349 ape=0.4931
[15:12:43] warmStart 92% (2124/2294) regret=0.028349 ape=0.4931
[15:12:43] warmStart 92% (2125/2294) regret=0.028330 ape=0.4922
[15:12:43] warmStart 92% (2126/2294) regret=0.028410 ape=0.4922
[15:12:43] warmStart 92% (2127/2294) regret=0.028424 ape=0.4922
[15:12:43] warmStart 92% (2128/2294) regret=0.028148 ape=0.4922
[15:12:43] warmStart 92% (2129/2294) regret=0.028148 ape=0.4922
[15:12:44] warmStart 92% (2130/2294) regret=0.028148 ape=0.4922
[15:12:44] warmStart 92% (2131/2294) regret=0.028148 ape=0.4922
[15:12:44] warmStart 92% (2132/2294) regret=0.028148 ape=0.4922
[15:12:44] warmStart 92% (2133/2294) regret=0.028149 ape=0.4922
[15:12:44] warmStart 93% (2134/2294) regret=0.028148 ape=0.4922
[15:12:44] warmStart 93% (2135/2294) regret=0.028151 ape=0.4922
[15:12:44] warmStart 93% (2136/2294) regret=0.028151 ape=0.4922
[15:12:45] warmStart 93% (2137/2294) regret=0.028151 ape=0.4922
[15:12:45] warmStart 93% (2138/2294) regret=0.028151 ape=0.4922
[15:12:45] warmStart 93% (2139/2294) regret=0.028151 ape=0.4922
[15:12:45] warmStart 93% (2140/2294) regret=0.028148 ape=0.4912
[15:12:45] warmStart 93% (2141/2294) regret=0.028148 ape=0.4912
[15:12:45] warmStart 93% (2142/2294) regret=0.028116 ape=0.4912
[15:12:46] warmStart 93% (2143/2294) regret=0.028167 ape=0.4912
[15:12:46] warmStart 93% (2144/2294) regret=0.028148 ape=0.4912
[15:12:46] warmStart 93% (2145/2294) regret=0.028225 ape=0.4922
[15:12:46] warmStart 93% (2146/2294) regret=0.028225 ape=0.4922
[15:12:46] warmStart 93% (2147/2294) regret=0.028225 ape=0.4922
[15:12:46] warmStart 93% (2148/2294) regret=0.028225 ape=0.4922
[15:12:47] warmStart 93% (2149/2294) regret=0.028234 ape=0.4922
[15:12:47] warmStart 93% (2150/2294) regret=0.028202 ape=0.4912
[15:12:47] warmStart 93% (2151/2294) regret=0.028064 ape=0.4903
[15:12:47] warmStart 93% (2152/2294) regret=0.028070 ape=0.4894
[15:12:47] warmStart 93% (2153/2294) regret=0.028171 ape=0.4894
[15:12:47] warmStart 93% (2154/2294) regret=0.028070 ape=0.4894
[15:12:48] warmStart 93% (2155/2294) regret=0.028114 ape=0.4894
[15:12:48] warmStart 93% (2156/2294) regret=0.028114 ape=0.4894
[15:12:48] warmStart 94% (2157/2294) regret=0.028162 ape=0.4903
[15:12:48] warmStart 94% (2158/2294) regret=0.028162 ape=0.4903
[15:12:48] warmStart 94% (2159/2294) regret=0.027996 ape=0.4903
[15:12:48] warmStart 94% (2160/2294) regret=0.027996 ape=0.4903
[15:12:48] warmStart 94% (2161/2294) regret=0.027885 ape=0.4894
[15:12:49] warmStart 94% (2162/2294) regret=0.027784 ape=0.4894
[15:12:49] warmStart 94% (2163/2294) regret=0.027784 ape=0.4894
[15:12:49] warmStart 94% (2164/2294) regret=0.027770 ape=0.4885
[15:12:49] warmStart 94% (2165/2294) regret=0.027964 ape=0.4885
[15:12:49] warmStart 94% (2166/2294) regret=0.027908 ape=0.4885
[15:12:49] warmStart 94% (2167/2294) regret=0.027908 ape=0.4885
[15:12:49] warmStart 94% (2168/2294) regret=0.027908 ape=0.4885
[15:12:50] warmStart 94% (2169/2294) regret=0.027814 ape=0.4885
[15:12:50] warmStart 94% (2170/2294) regret=0.027814 ape=0.4885
[15:12:50] warmStart 94% (2171/2294) regret=0.027814 ape=0.4885
[15:12:50] warmStart 94% (2172/2294) regret=0.027773 ape=0.4885
[15:12:50] warmStart 94% (2173/2294) regret=0.027773 ape=0.4885
[15:12:50] warmStart 94% (2174/2294) regret=0.027773 ape=0.4885
[15:12:51] warmStart 94% (2175/2294) regret=0.027773 ape=0.4885
[15:12:51] warmStart 94% (2176/2294) regret=0.027773 ape=0.4885
[15:12:51] warmStart 94% (2177/2294) regret=0.027773 ape=0.4885
[15:12:51] warmStart 94% (2178/2294) regret=0.027773 ape=0.4885
[15:12:51] warmStart 94% (2179/2294) regret=0.027773 ape=0.4885
[15:12:51] warmStart 95% (2180/2294) regret=0.027773 ape=0.4885
[15:12:51] warmStart 95% (2181/2294) regret=0.027773 ape=0.4885
[15:12:52] warmStart 95% (2182/2294) regret=0.027773 ape=0.4885
[15:12:52] warmStart 95% (2183/2294) regret=0.027773 ape=0.4885
[15:12:52] warmStart 95% (2184/2294) regret=0.027773 ape=0.4885
[15:12:52] warmStart 95% (2185/2294) regret=0.027773 ape=0.4885
[15:12:52] warmStart 95% (2186/2294) regret=0.027773 ape=0.4885
[15:12:52] warmStart 95% (2187/2294) regret=0.027773 ape=0.4885
[15:12:52] warmStart 95% (2188/2294) regret=0.027773 ape=0.4885
[15:12:53] warmStart 95% (2189/2294) regret=0.027773 ape=0.4885
[15:12:53] warmStart 95% (2190/2294) regret=0.027773 ape=0.4885
[15:12:53] warmStart 95% (2191/2294) regret=0.027773 ape=0.4885
[15:12:53] warmStart 95% (2192/2294) regret=0.027773 ape=0.4885
[15:12:53] warmStart 95% (2193/2294) regret=0.027773 ape=0.4885
[15:12:53] warmStart 95% (2194/2294) regret=0.027773 ape=0.4885
[15:12:54] warmStart 95% (2195/2294) regret=0.027773 ape=0.4885
[15:12:54] warmStart 95% (2196/2294) regret=0.027773 ape=0.4885
[15:12:54] warmStart 95% (2197/2294) regret=0.027773 ape=0.4885
[15:12:54] warmStart 95% (2198/2294) regret=0.027773 ape=0.4885
[15:12:54] warmStart 95% (2199/2294) regret=0.027773 ape=0.4885
[15:12:54] warmStart 95% (2200/2294) regret=0.027773 ape=0.4885
[15:12:54] warmStart 95% (2201/2294) regret=0.027773 ape=0.4885
[15:12:55] warmStart 95% (2202/2294) regret=0.027773 ape=0.4885
[15:12:55] warmStart 96% (2203/2294) regret=0.027773 ape=0.4885
[15:12:55] warmStart 96% (2204/2294) regret=0.027773 ape=0.4885
[15:12:55] warmStart 96% (2205/2294) regret=0.027773 ape=0.4885
[15:12:55] warmStart 96% (2206/2294) regret=0.027773 ape=0.4885
[15:12:55] warmStart 96% (2207/2294) regret=0.027768 ape=0.4876
[15:12:56] warmStart 96% (2208/2294) regret=0.027768 ape=0.4876
[15:12:56] warmStart 96% (2209/2294) regret=0.027768 ape=0.4876
[15:12:56] warmStart 96% (2210/2294) regret=0.027768 ape=0.4876
[15:12:56] warmStart 96% (2211/2294) regret=0.027768 ape=0.4876
[15:12:56] warmStart 96% (2212/2294) regret=0.027768 ape=0.4876
[15:12:56] warmStart 96% (2213/2294) regret=0.027768 ape=0.4876
[15:12:56] warmStart 96% (2214/2294) regret=0.027768 ape=0.4876
[15:12:57] warmStart 96% (2215/2294) regret=0.027768 ape=0.4876
[15:12:57] warmStart 96% (2216/2294) regret=0.027768 ape=0.4876
[15:12:57] warmStart 96% (2217/2294) regret=0.027768 ape=0.4876
[15:12:57] warmStart 96% (2218/2294) regret=0.027768 ape=0.4876
[15:12:57] warmStart 96% (2219/2294) regret=0.027768 ape=0.4876
[15:12:57] warmStart 96% (2220/2294) regret=0.027768 ape=0.4876
[15:12:57] warmStart 96% (2221/2294) regret=0.027768 ape=0.4876
[15:12:58] warmStart 96% (2222/2294) regret=0.027768 ape=0.4876
[15:12:58] warmStart 96% (2223/2294) regret=0.027768 ape=0.4876
[15:12:58] warmStart 96% (2224/2294) regret=0.027768 ape=0.4876
[15:12:58] warmStart 96% (2225/2294) regret=0.027767 ape=0.4876
[15:12:58] warmStart 97% (2226/2294) regret=0.027767 ape=0.4876
[15:12:58] warmStart 97% (2227/2294) regret=0.027767 ape=0.4876
[15:12:58] warmStart 97% (2228/2294) regret=0.027767 ape=0.4876
[15:12:58] warmStart 97% (2229/2294) regret=0.027767 ape=0.4876
[15:12:59] warmStart 97% (2230/2294) regret=0.027735 ape=0.4876
[15:12:59] warmStart 97% (2231/2294) regret=0.027596 ape=0.4876
[15:12:59] warmStart 97% (2232/2294) regret=0.027492 ape=0.4857
[15:12:59] warmStart 97% (2233/2294) regret=0.027409 ape=0.4857
[15:12:59] warmStart 97% (2234/2294) regret=0.027409 ape=0.4857
[15:12:59] warmStart 97% (2235/2294) regret=0.027460 ape=0.4866
[15:13:00] warmStart 97% (2236/2294) regret=0.027192 ape=0.4857
[15:13:00] warmStart 97% (2237/2294) regret=0.027192 ape=0.4857
[15:13:00] warmStart 97% (2238/2294) regret=0.027146 ape=0.4848
[15:13:00] warmStart 97% (2239/2294) regret=0.027146 ape=0.4848
[15:13:00] warmStart 97% (2240/2294) regret=0.027146 ape=0.4848
[15:13:00] warmStart 97% (2241/2294) regret=0.027125 ape=0.4848
[15:13:01] warmStart 97% (2242/2294) regret=0.027125 ape=0.4848
[15:13:01] warmStart 97% (2243/2294) regret=0.027208 ape=0.4848
[15:13:01] warmStart 97% (2244/2294) regret=0.027125 ape=0.4848
[15:13:01] warmStart 97% (2245/2294) regret=0.027125 ape=0.4848
[15:13:01] warmStart 97% (2246/2294) regret=0.027125 ape=0.4848
[15:13:01] warmStart 97% (2247/2294) regret=0.027125 ape=0.4848
[15:13:01] warmStart 97% (2248/2294) regret=0.027125 ape=0.4848
[15:13:02] warmStart 98% (2249/2294) regret=0.027125 ape=0.4848
[15:13:02] warmStart 98% (2250/2294) regret=0.027089 ape=0.4848
[15:13:02] warmStart 98% (2251/2294) regret=0.027043 ape=0.4848
[15:13:02] warmStart 98% (2252/2294) regret=0.026924 ape=0.4839
[15:13:02] warmStart 98% (2253/2294) regret=0.026754 ape=0.4829
[15:13:02] warmStart 98% (2254/2294) regret=0.026690 ape=0.4829
[15:13:03] warmStart 98% (2255/2294) regret=0.026690 ape=0.4829
[15:13:03] warmStart 98% (2256/2294) regret=0.026690 ape=0.4829
[15:13:03] warmStart 98% (2257/2294) regret=0.026690 ape=0.4829
[15:13:03] warmStart 98% (2258/2294) regret=0.026690 ape=0.4829
[15:13:03] warmStart 98% (2259/2294) regret=0.026690 ape=0.4829
[15:13:03] warmStart 98% (2260/2294) regret=0.026690 ape=0.4829
[15:13:03] warmStart 98% (2261/2294) regret=0.026690 ape=0.4829
[15:13:04] warmStart 98% (2262/2294) regret=0.026690 ape=0.4829
[15:13:04] warmStart 98% (2263/2294) regret=0.026690 ape=0.4829
[15:13:04] warmStart 98% (2264/2294) regret=0.026690 ape=0.4829
[15:13:04] warmStart 98% (2265/2294) regret=0.026690 ape=0.4829
[15:13:04] warmStart 98% (2266/2294) regret=0.026690 ape=0.4829
[15:13:04] warmStart 98% (2267/2294) regret=0.026690 ape=0.4829
[15:13:05] warmStart 98% (2268/2294) regret=0.026690 ape=0.4829
[15:13:05] warmStart 98% (2269/2294) regret=0.026690 ape=0.4829
[15:13:05] warmStart 98% (2270/2294) regret=0.026690 ape=0.4829
[15:13:05] warmStart 98% (2271/2294) regret=0.026690 ape=0.4829
[15:13:05] warmStart 99% (2272/2294) regret=0.026690 ape=0.4829
[15:13:05] warmStart 99% (2273/2294) regret=0.026690 ape=0.4829
[15:13:06] warmStart 99% (2274/2294) regret=0.026690 ape=0.4829
[15:13:06] warmStart 99% (2275/2294) regret=0.026690 ape=0.4829
[15:13:06] warmStart 99% (2276/2294) regret=0.026690 ape=0.4829
[15:13:06] warmStart 99% (2277/2294) regret=0.026690 ape=0.4829
[15:13:06] warmStart 99% (2278/2294) regret=0.026690 ape=0.4829
[15:13:06] warmStart 99% (2279/2294) regret=0.026690 ape=0.4829
[15:13:07] warmStart 99% (2280/2294) regret=0.026690 ape=0.4829
[15:13:07] warmStart 99% (2281/2294) regret=0.026681 ape=0.4829
[15:13:07] warmStart 99% (2282/2294) regret=0.026681 ape=0.4829
[15:13:07] warmStart 99% (2283/2294) regret=0.026662 ape=0.4829
[15:13:07] warmStart 99% (2284/2294) regret=0.026662 ape=0.4829
[15:13:08] warmStart 99% (2285/2294) regret=0.026662 ape=0.4829
[15:13:08] warmStart 99% (2286/2294) regret=0.026662 ape=0.4829
[15:13:08] warmStart 99% (2287/2294) regret=0.026662 ape=0.4829
[15:13:08] warmStart 99% (2288/2294) regret=0.026662 ape=0.4829
[15:13:08] warmStart 99% (2289/2294) regret=0.026662 ape=0.4829
[15:13:08] warmStart 99% (2290/2294) regret=0.026662 ape=0.4829
[15:13:08] warmStart 99% (2291/2294) regret=0.026803 ape=0.4839
[15:13:09] warmStart 99% (2292/2294) regret=0.026662 ape=0.4829
[15:13:09] warmStart 99% (2293/2294) regret=0.026662 ape=0.4829
Warm w=500 finished: 2294 points, 365.84s wall time
  Final: regret=0.026662, ape=0.4829

Saved JSON: /home/users/g/s/gsavary/LudiiMCTSVariations/slurm_sweep_full_dataset/results_20260425_150639/sweep_warm_500_2_20260425_151309.json

Generating plots...
Saved regret plot: /home/users/g/s/gsavary/LudiiMCTSVariations/slurm_sweep_full_dataset/results_20260425_150639/sweep_warm_500_2_20260425_151309_regret.png
Saved APE plot: /home/users/g/s/gsavary/LudiiMCTSVariations/slurm_sweep_full_dataset/results_20260425_150639/sweep_warm_500_2_20260425_151309_ape.png

======================================================================
EXPERIMENT COMPLETE
======================================================================
Results saved to: /home/users/g/s/gsavary/LudiiMCTSVariations/slurm_sweep_full_dataset/results_20260425_150639
JSON file: sweep_warm_500_2_20260425_151309.json
Experiment finished. Results saved to: /home/users/g/s/gsavary/LudiiMCTSVariations/slurm_sweep_full_dataset/results_20260425_150639
