Starting experiment...
Project root: /home/users/g/s/gsavary/LudiiMCTSVariations
Method: baseline
Output dir: /home/users/g/s/gsavary/LudiiMCTSVariations/slurm_sweep_full_dataset/results_20260425_143236
Seed: 3
Time limit:  seconds


======================================================================
SLURM Sweep Experiment - Single Method
======================================================================
Method: baseline
Time limit: 7200.0s, Seed: 3, Batch size: 20
Output directory: /home/users/g/s/gsavary/LudiiMCTSVariations/slurm_sweep_full_dataset/results_20260425_143236

Loading Ludii dataset...
Loaded 1085 games
Using 1085 games (full dataset, no subsampling)

Running timing probe (100 pulls)...
  Estimated secs/pull: 0.022292

Time budget: 7200.0s → ~322980 total pulls
Per-method budget: 46140 pulls (~1028.6s)

Computing predictor-only performance...
  Predictions load failed: 118

Running BASELINE (cold start)...
[14:33:03] regretChangePotential 0% (1/2307) regret=0.148532 ape=0.7161
[14:33:03] regretChangePotential 0% (2/2307) regret=0.148226 ape=0.7171
[14:33:03] regretChangePotential 0% (3/2307) regret=0.148280 ape=0.7180
[14:33:03] regretChangePotential 0% (4/2307) regret=0.147571 ape=0.7180
[14:33:03] regretChangePotential 0% (5/2307) regret=0.146144 ape=0.7171
[14:33:04] regretChangePotential 0% (6/2307) regret=0.145559 ape=0.7161
[14:33:04] regretChangePotential 0% (7/2307) regret=0.145137 ape=0.7161
[14:33:04] regretChangePotential 0% (8/2307) regret=0.144148 ape=0.7152
[14:33:04] regretChangePotential 0% (9/2307) regret=0.144148 ape=0.7152
[14:33:04] regretChangePotential 0% (10/2307) regret=0.142960 ape=0.7134
[14:33:04] regretChangePotential 0% (11/2307) regret=0.142551 ape=0.7134
[14:33:04] regretChangePotential 0% (12/2307) regret=0.141895 ape=0.7106
[14:33:05] regretChangePotential 0% (13/2307) regret=0.141418 ape=0.7097
[14:33:05] regretChangePotential 0% (14/2307) regret=0.141418 ape=0.7097
[14:33:05] regretChangePotential 0% (15/2307) regret=0.141418 ape=0.7097
[14:33:05] regretChangePotential 0% (16/2307) regret=0.141475 ape=0.7097
[14:33:05] regretChangePotential 0% (17/2307) regret=0.141088 ape=0.7097
[14:33:05] regretChangePotential 0% (18/2307) regret=0.140196 ape=0.7088
[14:33:05] regretChangePotential 0% (19/2307) regret=0.140316 ape=0.7106
[14:33:06] regretChangePotential 0% (20/2307) regret=0.139677 ape=0.7088
[14:33:06] regretChangePotential 0% (21/2307) regret=0.139013 ape=0.7078
[14:33:06] regretChangePotential 0% (22/2307) regret=0.139013 ape=0.7078
[14:33:06] regretChangePotential 0% (23/2307) regret=0.138322 ape=0.7078
[14:33:06] regretChangePotential 1% (24/2307) regret=0.138295 ape=0.7069
[14:33:06] regretChangePotential 1% (25/2307) regret=0.138316 ape=0.7078
[14:33:06] regretChangePotential 1% (26/2307) regret=0.138187 ape=0.7078
[14:33:07] regretChangePotential 1% (27/2307) regret=0.137610 ape=0.7078
[14:33:07] regretChangePotential 1% (28/2307) regret=0.136363 ape=0.7060
[14:33:07] regretChangePotential 1% (29/2307) regret=0.136390 ape=0.7060
[14:33:07] regretChangePotential 1% (30/2307) regret=0.136390 ape=0.7060
[14:33:07] regretChangePotential 1% (31/2307) regret=0.135800 ape=0.7060
[14:33:07] regretChangePotential 1% (32/2307) regret=0.135910 ape=0.7060
[14:33:07] regretChangePotential 1% (33/2307) regret=0.135411 ape=0.7051
[14:33:08] regretChangePotential 1% (34/2307) regret=0.135631 ape=0.7060
[14:33:08] regretChangePotential 1% (35/2307) regret=0.135631 ape=0.7060
[14:33:08] regretChangePotential 1% (36/2307) regret=0.134942 ape=0.7060
[14:33:08] regretChangePotential 1% (37/2307) regret=0.133153 ape=0.7032
[14:33:08] regretChangePotential 1% (38/2307) regret=0.133153 ape=0.7032
[14:33:08] regretChangePotential 1% (39/2307) regret=0.133153 ape=0.7032
[14:33:09] regretChangePotential 1% (40/2307) regret=0.132397 ape=0.7032
[14:33:09] regretChangePotential 1% (41/2307) regret=0.132397 ape=0.7032
[14:33:09] regretChangePotential 1% (42/2307) regret=0.132397 ape=0.7032
[14:33:09] regretChangePotential 1% (43/2307) regret=0.132397 ape=0.7032
[14:33:09] regretChangePotential 1% (44/2307) regret=0.131384 ape=0.7023
[14:33:09] regretChangePotential 1% (45/2307) regret=0.131384 ape=0.7023
[14:33:09] regretChangePotential 1% (46/2307) regret=0.130139 ape=0.7005
[14:33:10] regretChangePotential 2% (47/2307) regret=0.129227 ape=0.6986
[14:33:10] regretChangePotential 2% (48/2307) regret=0.129227 ape=0.6986
[14:33:10] regretChangePotential 2% (49/2307) regret=0.128629 ape=0.6977
[14:33:10] regretChangePotential 2% (50/2307) regret=0.127815 ape=0.6977
[14:33:10] regretChangePotential 2% (51/2307) regret=0.126193 ape=0.6949
[14:33:10] regretChangePotential 2% (52/2307) regret=0.126235 ape=0.6949
[14:33:10] regretChangePotential 2% (53/2307) regret=0.125341 ape=0.6940
[14:33:11] regretChangePotential 2% (54/2307) regret=0.125341 ape=0.6940
[14:33:11] regretChangePotential 2% (55/2307) regret=0.124853 ape=0.6931
[14:33:11] regretChangePotential 2% (56/2307) regret=0.123963 ape=0.6912
[14:33:11] regretChangePotential 2% (57/2307) regret=0.123638 ape=0.6903
[14:33:11] regretChangePotential 2% (58/2307) regret=0.123638 ape=0.6903
[14:33:11] regretChangePotential 2% (59/2307) regret=0.123484 ape=0.6903
[14:33:11] regretChangePotential 2% (60/2307) regret=0.123639 ape=0.6912
[14:33:12] regretChangePotential 2% (61/2307) regret=0.123593 ape=0.6912
[14:33:12] regretChangePotential 2% (62/2307) regret=0.123258 ape=0.6903
[14:33:12] regretChangePotential 2% (63/2307) regret=0.122482 ape=0.6903
[14:33:12] regretChangePotential 2% (64/2307) regret=0.122315 ape=0.6894
[14:33:12] regretChangePotential 2% (65/2307) regret=0.122255 ape=0.6894
[14:33:12] regretChangePotential 2% (66/2307) regret=0.122195 ape=0.6885
[14:33:13] regretChangePotential 2% (67/2307) regret=0.121835 ape=0.6885
[14:33:13] regretChangePotential 2% (68/2307) regret=0.121771 ape=0.6885
[14:33:13] regretChangePotential 2% (69/2307) regret=0.120978 ape=0.6894
[14:33:13] regretChangePotential 3% (70/2307) regret=0.119922 ape=0.6885
[14:33:13] regretChangePotential 3% (71/2307) regret=0.119098 ape=0.6876
[14:33:13] regretChangePotential 3% (72/2307) regret=0.118591 ape=0.6866
[14:33:13] regretChangePotential 3% (73/2307) regret=0.118537 ape=0.6866
[14:33:14] regretChangePotential 3% (74/2307) regret=0.116508 ape=0.6848
[14:33:14] regretChangePotential 3% (75/2307) regret=0.116529 ape=0.6848
[14:33:14] regretChangePotential 3% (76/2307) regret=0.115318 ape=0.6857
[14:33:14] regretChangePotential 3% (77/2307) regret=0.114415 ape=0.6848
[14:33:14] regretChangePotential 3% (78/2307) regret=0.114415 ape=0.6848
[14:33:14] regretChangePotential 3% (79/2307) regret=0.114341 ape=0.6848
[14:33:14] regretChangePotential 3% (80/2307) regret=0.113349 ape=0.6848
[14:33:15] regretChangePotential 3% (81/2307) regret=0.112315 ape=0.6839
[14:33:15] regretChangePotential 3% (82/2307) regret=0.112185 ape=0.6839
[14:33:15] regretChangePotential 3% (83/2307) regret=0.112078 ape=0.6829
[14:33:15] regretChangePotential 3% (84/2307) regret=0.111474 ape=0.6829
[14:33:15] regretChangePotential 3% (85/2307) regret=0.110776 ape=0.6829
[14:33:15] regretChangePotential 3% (86/2307) regret=0.110245 ape=0.6829
[14:33:16] regretChangePotential 3% (87/2307) regret=0.110176 ape=0.6829
[14:33:16] regretChangePotential 3% (88/2307) regret=0.109264 ape=0.6829
[14:33:16] regretChangePotential 3% (89/2307) regret=0.107761 ape=0.6820
[14:33:16] regretChangePotential 3% (90/2307) regret=0.106673 ape=0.6802
[14:33:16] regretChangePotential 3% (91/2307) regret=0.106673 ape=0.6802
[14:33:16] regretChangePotential 3% (92/2307) regret=0.106673 ape=0.6802
[14:33:16] regretChangePotential 4% (93/2307) regret=0.106673 ape=0.6802
[14:33:17] regretChangePotential 4% (94/2307) regret=0.106673 ape=0.6802
[14:33:17] regretChangePotential 4% (95/2307) regret=0.105558 ape=0.6783
[14:33:17] regretChangePotential 4% (96/2307) regret=0.106012 ape=0.6793
[14:33:17] regretChangePotential 4% (97/2307) regret=0.104872 ape=0.6774
[14:33:17] regretChangePotential 4% (98/2307) regret=0.104983 ape=0.6765
[14:33:17] regretChangePotential 4% (99/2307) regret=0.104610 ape=0.6747
[14:33:17] regretChangePotential 4% (100/2307) regret=0.104610 ape=0.6747
[14:33:18] regretChangePotential 4% (101/2307) regret=0.103277 ape=0.6737
[14:33:18] regretChangePotential 4% (102/2307) regret=0.103262 ape=0.6728
[14:33:18] regretChangePotential 4% (103/2307) regret=0.103262 ape=0.6728
[14:33:18] regretChangePotential 4% (104/2307) regret=0.103580 ape=0.6728
[14:33:18] regretChangePotential 4% (105/2307) regret=0.102746 ape=0.6719
[14:33:18] regretChangePotential 4% (106/2307) regret=0.102010 ape=0.6700
[14:33:18] regretChangePotential 4% (107/2307) regret=0.102136 ape=0.6710
[14:33:19] regretChangePotential 4% (108/2307) regret=0.101375 ape=0.6710
[14:33:19] regretChangePotential 4% (109/2307) regret=0.100626 ape=0.6710
[14:33:19] regretChangePotential 4% (110/2307) regret=0.100737 ape=0.6700
[14:33:19] regretChangePotential 4% (111/2307) regret=0.100269 ape=0.6691
[14:33:19] regretChangePotential 4% (112/2307) regret=0.099433 ape=0.6682
[14:33:19] regretChangePotential 4% (113/2307) regret=0.099433 ape=0.6682
[14:33:19] regretChangePotential 4% (114/2307) regret=0.099433 ape=0.6682
[14:33:20] regretChangePotential 4% (115/2307) regret=0.099073 ape=0.6682
[14:33:20] regretChangePotential 5% (116/2307) regret=0.099348 ape=0.6673
[14:33:20] regretChangePotential 5% (117/2307) regret=0.098622 ape=0.6664
[14:33:20] regretChangePotential 5% (118/2307) regret=0.097479 ape=0.6654
[14:33:20] regretChangePotential 5% (119/2307) regret=0.097069 ape=0.6645
[14:33:20] regretChangePotential 5% (120/2307) regret=0.096682 ape=0.6645
[14:33:20] regretChangePotential 5% (121/2307) regret=0.096682 ape=0.6645
[14:33:21] regretChangePotential 5% (122/2307) regret=0.095866 ape=0.6636
[14:33:21] regretChangePotential 5% (123/2307) regret=0.095142 ape=0.6627
[14:33:21] regretChangePotential 5% (124/2307) regret=0.094592 ape=0.6618
[14:33:21] regretChangePotential 5% (125/2307) regret=0.094438 ape=0.6627
[14:33:21] regretChangePotential 5% (126/2307) regret=0.094080 ape=0.6627
[14:33:21] regretChangePotential 5% (127/2307) regret=0.094069 ape=0.6618
[14:33:22] regretChangePotential 5% (128/2307) regret=0.094069 ape=0.6618
[14:33:22] regretChangePotential 5% (129/2307) regret=0.094308 ape=0.6627
[14:33:22] regretChangePotential 5% (130/2307) regret=0.094374 ape=0.6627
[14:33:22] regretChangePotential 5% (131/2307) regret=0.094305 ape=0.6627
[14:33:22] regretChangePotential 5% (132/2307) regret=0.094066 ape=0.6627
[14:33:22] regretChangePotential 5% (133/2307) regret=0.093614 ape=0.6627
[14:33:22] regretChangePotential 5% (134/2307) regret=0.093614 ape=0.6627
[14:33:23] regretChangePotential 5% (135/2307) regret=0.093024 ape=0.6618
[14:33:23] regretChangePotential 5% (136/2307) regret=0.092413 ape=0.6608
[14:33:23] regretChangePotential 5% (137/2307) regret=0.092072 ape=0.6590
[14:33:23] regretChangePotential 5% (138/2307) regret=0.092040 ape=0.6581
[14:33:23] regretChangePotential 6% (139/2307) regret=0.091635 ape=0.6571
[14:33:23] regretChangePotential 6% (140/2307) regret=0.091287 ape=0.6571
[14:33:23] regretChangePotential 6% (141/2307) regret=0.091593 ape=0.6571
[14:33:24] regretChangePotential 6% (142/2307) regret=0.090993 ape=0.6562
[14:33:24] regretChangePotential 6% (143/2307) regret=0.091162 ape=0.6562
[14:33:24] regretChangePotential 6% (144/2307) regret=0.090696 ape=0.6553
[14:33:24] regretChangePotential 6% (145/2307) regret=0.090722 ape=0.6553
[14:33:24] regretChangePotential 6% (146/2307) regret=0.090704 ape=0.6553
[14:33:24] regretChangePotential 6% (147/2307) regret=0.090635 ape=0.6544
[14:33:24] regretChangePotential 6% (148/2307) regret=0.090635 ape=0.6544
[14:33:25] regretChangePotential 6% (149/2307) regret=0.090635 ape=0.6544
[14:33:25] regretChangePotential 6% (150/2307) regret=0.090192 ape=0.6535
[14:33:25] regretChangePotential 6% (151/2307) regret=0.090218 ape=0.6544
[14:33:25] regretChangePotential 6% (152/2307) regret=0.089619 ape=0.6535
[14:33:25] regretChangePotential 6% (153/2307) regret=0.089124 ape=0.6525
[14:33:25] regretChangePotential 6% (154/2307) regret=0.089357 ape=0.6525
[14:33:25] regretChangePotential 6% (155/2307) regret=0.089246 ape=0.6525
[14:33:26] regretChangePotential 6% (156/2307) regret=0.089135 ape=0.6516
[14:33:26] regretChangePotential 6% (157/2307) regret=0.088661 ape=0.6507
[14:33:26] regretChangePotential 6% (158/2307) regret=0.088661 ape=0.6507
[14:33:26] regretChangePotential 6% (159/2307) regret=0.088661 ape=0.6507
[14:33:26] regretChangePotential 6% (160/2307) regret=0.088055 ape=0.6498
[14:33:26] regretChangePotential 6% (161/2307) regret=0.087387 ape=0.6507
[14:33:27] regretChangePotential 7% (162/2307) regret=0.087539 ape=0.6507
[14:33:27] regretChangePotential 7% (163/2307) regret=0.087205 ape=0.6488
[14:33:27] regretChangePotential 7% (164/2307) regret=0.087344 ape=0.6498
[14:33:27] regretChangePotential 7% (165/2307) regret=0.087247 ape=0.6498
[14:33:27] regretChangePotential 7% (166/2307) regret=0.086649 ape=0.6488
[14:33:27] regretChangePotential 7% (167/2307) regret=0.086514 ape=0.6488
[14:33:27] regretChangePotential 7% (168/2307) regret=0.086841 ape=0.6488
[14:33:28] regretChangePotential 7% (169/2307) regret=0.085977 ape=0.6488
[14:33:28] regretChangePotential 7% (170/2307) regret=0.086019 ape=0.6488
[14:33:28] regretChangePotential 7% (171/2307) regret=0.086042 ape=0.6479
[14:33:28] regretChangePotential 7% (172/2307) regret=0.085918 ape=0.6479
[14:33:28] regretChangePotential 7% (173/2307) regret=0.085761 ape=0.6470
[14:33:28] regretChangePotential 7% (174/2307) regret=0.085660 ape=0.6470
[14:33:28] regretChangePotential 7% (175/2307) regret=0.085616 ape=0.6479
[14:33:29] regretChangePotential 7% (176/2307) regret=0.085434 ape=0.6470
[14:33:29] regretChangePotential 7% (177/2307) regret=0.085360 ape=0.6470
[14:33:29] regretChangePotential 7% (178/2307) regret=0.084974 ape=0.6479
[14:33:29] regretChangePotential 7% (179/2307) regret=0.084956 ape=0.6479
[14:33:29] regretChangePotential 7% (180/2307) regret=0.084583 ape=0.6479
[14:33:29] regretChangePotential 7% (181/2307) regret=0.084603 ape=0.6479
[14:33:29] regretChangePotential 7% (182/2307) regret=0.083100 ape=0.6470
[14:33:30] regretChangePotential 7% (183/2307) regret=0.082556 ape=0.6452
[14:33:30] regretChangePotential 7% (184/2307) regret=0.082556 ape=0.6452
[14:33:30] regretChangePotential 8% (185/2307) regret=0.082831 ape=0.6461
[14:33:30] regretChangePotential 8% (186/2307) regret=0.083139 ape=0.6452
[14:33:30] regretChangePotential 8% (187/2307) regret=0.082775 ape=0.6452
[14:33:30] regretChangePotential 8% (188/2307) regret=0.082277 ape=0.6442
[14:33:31] regretChangePotential 8% (189/2307) regret=0.081549 ape=0.6433
[14:33:31] regretChangePotential 8% (190/2307) regret=0.081802 ape=0.6433
[14:33:31] regretChangePotential 8% (191/2307) regret=0.080868 ape=0.6415
[14:33:31] regretChangePotential 8% (192/2307) regret=0.080464 ape=0.6406
[14:33:31] regretChangePotential 8% (193/2307) regret=0.079865 ape=0.6396
[14:33:31] regretChangePotential 8% (194/2307) regret=0.079119 ape=0.6396
[14:33:31] regretChangePotential 8% (195/2307) regret=0.079119 ape=0.6396
[14:33:32] regretChangePotential 8% (196/2307) regret=0.079073 ape=0.6396
[14:33:32] regretChangePotential 8% (197/2307) regret=0.079073 ape=0.6396
[14:33:32] regretChangePotential 8% (198/2307) regret=0.079073 ape=0.6396
[14:33:32] regretChangePotential 8% (199/2307) regret=0.079096 ape=0.6396
[14:33:32] regretChangePotential 8% (200/2307) regret=0.079096 ape=0.6396
[14:33:32] regretChangePotential 8% (201/2307) regret=0.079096 ape=0.6396
[14:33:32] regretChangePotential 8% (202/2307) regret=0.079096 ape=0.6396
[14:33:33] regretChangePotential 8% (203/2307) regret=0.079096 ape=0.6396
[14:33:33] regretChangePotential 8% (204/2307) regret=0.079096 ape=0.6396
[14:33:33] regretChangePotential 8% (205/2307) regret=0.079096 ape=0.6396
[14:33:33] regretChangePotential 8% (206/2307) regret=0.079096 ape=0.6396
[14:33:33] regretChangePotential 8% (207/2307) regret=0.079096 ape=0.6396
[14:33:33] regretChangePotential 9% (208/2307) regret=0.079096 ape=0.6396
[14:33:33] regretChangePotential 9% (209/2307) regret=0.078893 ape=0.6378
[14:33:34] regretChangePotential 9% (210/2307) regret=0.078893 ape=0.6378
[14:33:34] regretChangePotential 9% (211/2307) regret=0.078893 ape=0.6378
[14:33:34] regretChangePotential 9% (212/2307) regret=0.078893 ape=0.6378
[14:33:34] regretChangePotential 9% (213/2307) regret=0.078893 ape=0.6378
[14:33:34] regretChangePotential 9% (214/2307) regret=0.078893 ape=0.6378
[14:33:34] regretChangePotential 9% (215/2307) regret=0.078736 ape=0.6378
[14:33:35] regretChangePotential 9% (216/2307) regret=0.078736 ape=0.6378
[14:33:35] regretChangePotential 9% (217/2307) regret=0.078727 ape=0.6378
[14:33:35] regretChangePotential 9% (218/2307) regret=0.078727 ape=0.6378
[14:33:35] regretChangePotential 9% (219/2307) regret=0.078727 ape=0.6378
[14:33:35] regretChangePotential 9% (220/2307) regret=0.078727 ape=0.6378
[14:33:35] regretChangePotential 9% (221/2307) regret=0.078718 ape=0.6369
[14:33:35] regretChangePotential 9% (222/2307) regret=0.078718 ape=0.6369
[14:33:36] regretChangePotential 9% (223/2307) regret=0.078718 ape=0.6369
[14:33:36] regretChangePotential 9% (224/2307) regret=0.078709 ape=0.6369
[14:33:36] regretChangePotential 9% (225/2307) regret=0.078709 ape=0.6369
[14:33:36] regretChangePotential 9% (226/2307) regret=0.078745 ape=0.6369
[14:33:36] regretChangePotential 9% (227/2307) regret=0.078745 ape=0.6369
[14:33:36] regretChangePotential 9% (228/2307) regret=0.078745 ape=0.6369
[14:33:36] regretChangePotential 9% (229/2307) regret=0.078745 ape=0.6369
[14:33:37] regretChangePotential 9% (230/2307) regret=0.078745 ape=0.6369
[14:33:37] regretChangePotential 10% (231/2307) regret=0.078745 ape=0.6369
[14:33:37] regretChangePotential 10% (232/2307) regret=0.078766 ape=0.6369
[14:33:37] regretChangePotential 10% (233/2307) regret=0.078840 ape=0.6369
[14:33:37] regretChangePotential 10% (234/2307) regret=0.077956 ape=0.6350
[14:33:37] regretChangePotential 10% (235/2307) regret=0.078051 ape=0.6341
[14:33:37] regretChangePotential 10% (236/2307) regret=0.077344 ape=0.6332
[14:33:38] regretChangePotential 10% (237/2307) regret=0.077344 ape=0.6332
[14:33:38] regretChangePotential 10% (238/2307) regret=0.077344 ape=0.6332
[14:33:38] regretChangePotential 10% (239/2307) regret=0.077344 ape=0.6332
[14:33:38] regretChangePotential 10% (240/2307) regret=0.077344 ape=0.6332
[14:33:38] regretChangePotential 10% (241/2307) regret=0.077344 ape=0.6332
[14:33:38] regretChangePotential 10% (242/2307) regret=0.077344 ape=0.6332
[14:33:38] regretChangePotential 10% (243/2307) regret=0.077344 ape=0.6332
[14:33:39] regretChangePotential 10% (244/2307) regret=0.077275 ape=0.6323
[14:33:39] regretChangePotential 10% (245/2307) regret=0.077275 ape=0.6323
[14:33:39] regretChangePotential 10% (246/2307) regret=0.077275 ape=0.6323
[14:33:39] regretChangePotential 10% (247/2307) regret=0.077275 ape=0.6323
[14:33:39] regretChangePotential 10% (248/2307) regret=0.077275 ape=0.6323
[14:33:39] regretChangePotential 10% (249/2307) regret=0.077275 ape=0.6323
[14:33:39] regretChangePotential 10% (250/2307) regret=0.077275 ape=0.6323
[14:33:40] regretChangePotential 10% (251/2307) regret=0.077275 ape=0.6323
[14:33:40] regretChangePotential 10% (252/2307) regret=0.077275 ape=0.6323
[14:33:40] regretChangePotential 10% (253/2307) regret=0.077275 ape=0.6323
[14:33:40] regretChangePotential 11% (254/2307) regret=0.077275 ape=0.6323
[14:33:40] regretChangePotential 11% (255/2307) regret=0.077275 ape=0.6323
[14:33:40] regretChangePotential 11% (256/2307) regret=0.077275 ape=0.6323
[14:33:41] regretChangePotential 11% (257/2307) regret=0.077275 ape=0.6323
[14:33:41] regretChangePotential 11% (258/2307) regret=0.077275 ape=0.6323
[14:33:41] regretChangePotential 11% (259/2307) regret=0.077275 ape=0.6323
[14:33:41] regretChangePotential 11% (260/2307) regret=0.077275 ape=0.6323
[14:33:41] regretChangePotential 11% (261/2307) regret=0.077275 ape=0.6323
[14:33:41] regretChangePotential 11% (262/2307) regret=0.077275 ape=0.6323
[14:33:41] regretChangePotential 11% (263/2307) regret=0.077275 ape=0.6323
[14:33:42] regretChangePotential 11% (264/2307) regret=0.077275 ape=0.6323
[14:33:42] regretChangePotential 11% (265/2307) regret=0.077275 ape=0.6323
[14:33:42] regretChangePotential 11% (266/2307) regret=0.077275 ape=0.6323
[14:33:42] regretChangePotential 11% (267/2307) regret=0.077165 ape=0.6323
[14:33:42] regretChangePotential 11% (268/2307) regret=0.077165 ape=0.6323
[14:33:42] regretChangePotential 11% (269/2307) regret=0.076381 ape=0.6304
[14:33:42] regretChangePotential 11% (270/2307) regret=0.076245 ape=0.6295
[14:33:43] regretChangePotential 11% (271/2307) regret=0.076245 ape=0.6295
[14:33:43] regretChangePotential 11% (272/2307) regret=0.076383 ape=0.6295
[14:33:43] regretChangePotential 11% (273/2307) regret=0.075724 ape=0.6295
[14:33:43] regretChangePotential 11% (274/2307) regret=0.075623 ape=0.6286
[14:33:43] regretChangePotential 11% (275/2307) regret=0.075623 ape=0.6286
[14:33:43] regretChangePotential 11% (276/2307) regret=0.075411 ape=0.6276
[14:33:43] regretChangePotential 12% (277/2307) regret=0.074917 ape=0.6267
[14:33:44] regretChangePotential 12% (278/2307) regret=0.074840 ape=0.6267
[14:33:44] regretChangePotential 12% (279/2307) regret=0.074690 ape=0.6267
[14:33:44] regretChangePotential 12% (280/2307) regret=0.074690 ape=0.6267
[14:33:44] regretChangePotential 12% (281/2307) regret=0.074524 ape=0.6267
[14:33:44] regretChangePotential 12% (282/2307) regret=0.074312 ape=0.6267
[14:33:44] regretChangePotential 12% (283/2307) regret=0.074376 ape=0.6267
[14:33:44] regretChangePotential 12% (284/2307) regret=0.074554 ape=0.6267
[14:33:45] regretChangePotential 12% (285/2307) regret=0.074246 ape=0.6258
[14:33:45] regretChangePotential 12% (286/2307) regret=0.074243 ape=0.6258
[14:33:45] regretChangePotential 12% (287/2307) regret=0.073826 ape=0.6249
[14:33:45] regretChangePotential 12% (288/2307) regret=0.074273 ape=0.6258
[14:33:45] regretChangePotential 12% (289/2307) regret=0.074688 ape=0.6258
[14:33:45] regretChangePotential 12% (290/2307) regret=0.074425 ape=0.6258
[14:33:46] regretChangePotential 12% (291/2307) regret=0.074425 ape=0.6258
[14:33:46] regretChangePotential 12% (292/2307) regret=0.074526 ape=0.6258
[14:33:46] regretChangePotential 12% (293/2307) regret=0.074526 ape=0.6258
[14:33:46] regretChangePotential 12% (294/2307) regret=0.074360 ape=0.6249
[14:33:46] regretChangePotential 12% (295/2307) regret=0.074471 ape=0.6249
[14:33:46] regretChangePotential 12% (296/2307) regret=0.074471 ape=0.6249
[14:33:46] regretChangePotential 12% (297/2307) regret=0.074314 ape=0.6249
[14:33:47] regretChangePotential 12% (298/2307) regret=0.074190 ape=0.6240
[14:33:47] regretChangePotential 12% (299/2307) regret=0.074391 ape=0.6240
[14:33:47] regretChangePotential 13% (300/2307) regret=0.073953 ape=0.6230
[14:33:47] regretChangePotential 13% (301/2307) regret=0.073856 ape=0.6230
[14:33:47] regretChangePotential 13% (302/2307) regret=0.073886 ape=0.6230
[14:33:47] regretChangePotential 13% (303/2307) regret=0.073886 ape=0.6230
[14:33:47] regretChangePotential 13% (304/2307) regret=0.073886 ape=0.6230
[14:33:48] regretChangePotential 13% (305/2307) regret=0.073529 ape=0.6221
[14:33:48] regretChangePotential 13% (306/2307) regret=0.073151 ape=0.6212
[14:33:48] regretChangePotential 13% (307/2307) regret=0.072831 ape=0.6212
[14:33:48] regretChangePotential 13% (308/2307) regret=0.072895 ape=0.6212
[14:33:48] regretChangePotential 13% (309/2307) regret=0.072236 ape=0.6203
[14:33:48] regretChangePotential 13% (310/2307) regret=0.072236 ape=0.6203
[14:33:48] regretChangePotential 13% (311/2307) regret=0.072280 ape=0.6194
[14:33:49] regretChangePotential 13% (312/2307) regret=0.072519 ape=0.6194
[14:33:49] regretChangePotential 13% (313/2307) regret=0.072524 ape=0.6203
[14:33:49] regretChangePotential 13% (314/2307) regret=0.072367 ape=0.6203
[14:33:49] regretChangePotential 13% (315/2307) regret=0.072293 ape=0.6203
[14:33:49] regretChangePotential 13% (316/2307) regret=0.072367 ape=0.6203
[14:33:49] regretChangePotential 13% (317/2307) regret=0.072554 ape=0.6203
[14:33:50] regretChangePotential 13% (318/2307) regret=0.072735 ape=0.6203
[14:33:50] regretChangePotential 13% (319/2307) regret=0.072717 ape=0.6203
[14:33:50] regretChangePotential 13% (320/2307) regret=0.072597 ape=0.6194
[14:33:50] regretChangePotential 13% (321/2307) regret=0.072412 ape=0.6194
[14:33:50] regretChangePotential 13% (322/2307) regret=0.072399 ape=0.6194
[14:33:50] regretChangePotential 14% (323/2307) regret=0.072242 ape=0.6194
[14:33:50] regretChangePotential 14% (324/2307) regret=0.072200 ape=0.6194
[14:33:51] regretChangePotential 14% (325/2307) regret=0.072009 ape=0.6203
[14:33:51] regretChangePotential 14% (326/2307) regret=0.071405 ape=0.6194
[14:33:51] regretChangePotential 14% (327/2307) regret=0.071313 ape=0.6194
[14:33:51] regretChangePotential 14% (328/2307) regret=0.071313 ape=0.6194
[14:33:51] regretChangePotential 14% (329/2307) regret=0.071023 ape=0.6184
[14:33:51] regretChangePotential 14% (330/2307) regret=0.070793 ape=0.6184
[14:33:51] regretChangePotential 14% (331/2307) regret=0.071154 ape=0.6184
[14:33:52] regretChangePotential 14% (332/2307) regret=0.071218 ape=0.6184
[14:33:52] regretChangePotential 14% (333/2307) regret=0.071246 ape=0.6184
[14:33:52] regretChangePotential 14% (334/2307) regret=0.071178 ape=0.6184
[14:33:52] regretChangePotential 14% (335/2307) regret=0.071125 ape=0.6184
[14:33:52] regretChangePotential 14% (336/2307) regret=0.070720 ape=0.6175
[14:33:52] regretChangePotential 14% (337/2307) regret=0.070334 ape=0.6157
[14:33:52] regretChangePotential 14% (338/2307) regret=0.070454 ape=0.6157
[14:33:53] regretChangePotential 14% (339/2307) regret=0.070412 ape=0.6157
[14:33:53] regretChangePotential 14% (340/2307) regret=0.070412 ape=0.6157
[14:33:53] regretChangePotential 14% (341/2307) regret=0.070412 ape=0.6157
[14:33:53] regretChangePotential 14% (342/2307) regret=0.070412 ape=0.6157
[14:33:53] regretChangePotential 14% (343/2307) regret=0.070468 ape=0.6157
[14:33:53] regretChangePotential 14% (344/2307) regret=0.070053 ape=0.6157
[14:33:53] regretChangePotential 14% (345/2307) regret=0.070007 ape=0.6147
[14:33:54] regretChangePotential 14% (346/2307) regret=0.069957 ape=0.6147
[14:33:54] regretChangePotential 15% (347/2307) regret=0.069957 ape=0.6157
[14:33:54] regretChangePotential 15% (348/2307) regret=0.069922 ape=0.6147
[14:33:54] regretChangePotential 15% (349/2307) regret=0.069315 ape=0.6138
[14:33:54] regretChangePotential 15% (350/2307) regret=0.069177 ape=0.6138
[14:33:54] regretChangePotential 15% (351/2307) regret=0.068946 ape=0.6129
[14:33:54] regretChangePotential 15% (352/2307) regret=0.068903 ape=0.6129
[14:33:55] regretChangePotential 15% (353/2307) regret=0.068999 ape=0.6138
[14:33:55] regretChangePotential 15% (354/2307) regret=0.068999 ape=0.6138
[14:33:55] regretChangePotential 15% (355/2307) regret=0.068824 ape=0.6129
[14:33:55] regretChangePotential 15% (356/2307) regret=0.069322 ape=0.6129
[14:33:55] regretChangePotential 15% (357/2307) regret=0.068791 ape=0.6129
[14:33:55] regretChangePotential 15% (358/2307) regret=0.068677 ape=0.6120
[14:33:56] regretChangePotential 15% (359/2307) regret=0.068677 ape=0.6120
[14:33:56] regretChangePotential 15% (360/2307) regret=0.069110 ape=0.6129
[14:33:56] regretChangePotential 15% (361/2307) regret=0.068820 ape=0.6129
[14:33:56] regretChangePotential 15% (362/2307) regret=0.068865 ape=0.6129
[14:33:56] regretChangePotential 15% (363/2307) regret=0.068820 ape=0.6129
[14:33:56] regretChangePotential 15% (364/2307) regret=0.068820 ape=0.6129
[14:33:56] regretChangePotential 15% (365/2307) regret=0.068437 ape=0.6129
[14:33:57] regretChangePotential 15% (366/2307) regret=0.068437 ape=0.6129
[14:33:57] regretChangePotential 15% (367/2307) regret=0.068437 ape=0.6129
[14:33:57] regretChangePotential 15% (368/2307) regret=0.068306 ape=0.6129
[14:33:57] regretChangePotential 15% (369/2307) regret=0.068306 ape=0.6129
[14:33:57] regretChangePotential 16% (370/2307) regret=0.068306 ape=0.6129
[14:33:57] regretChangePotential 16% (371/2307) regret=0.068306 ape=0.6129
[14:33:57] regretChangePotential 16% (372/2307) regret=0.068315 ape=0.6129
[14:33:58] regretChangePotential 16% (373/2307) regret=0.067628 ape=0.6129
[14:33:58] regretChangePotential 16% (374/2307) regret=0.067628 ape=0.6129
[14:33:58] regretChangePotential 16% (375/2307) regret=0.067628 ape=0.6129
[14:33:58] regretChangePotential 16% (376/2307) regret=0.067725 ape=0.6138
[14:33:58] regretChangePotential 16% (377/2307) regret=0.067642 ape=0.6138
[14:33:58] regretChangePotential 16% (378/2307) regret=0.067642 ape=0.6138
[14:33:58] regretChangePotential 16% (379/2307) regret=0.067642 ape=0.6138
[14:33:59] regretChangePotential 16% (380/2307) regret=0.067642 ape=0.6138
[14:33:59] regretChangePotential 16% (381/2307) regret=0.067710 ape=0.6138
[14:33:59] regretChangePotential 16% (382/2307) regret=0.067444 ape=0.6129
[14:33:59] regretChangePotential 16% (383/2307) regret=0.067444 ape=0.6129
[14:33:59] regretChangePotential 16% (384/2307) regret=0.067381 ape=0.6129
[14:33:59] regretChangePotential 16% (385/2307) regret=0.067381 ape=0.6129
[14:33:59] regretChangePotential 16% (386/2307) regret=0.067381 ape=0.6129
[14:34:00] regretChangePotential 16% (387/2307) regret=0.067381 ape=0.6129
[14:34:00] regretChangePotential 16% (388/2307) regret=0.067381 ape=0.6129
[14:34:00] regretChangePotential 16% (389/2307) regret=0.067381 ape=0.6129
[14:34:00] regretChangePotential 16% (390/2307) regret=0.067289 ape=0.6120
[14:34:00] regretChangePotential 16% (391/2307) regret=0.067289 ape=0.6120
[14:34:00] regretChangePotential 16% (392/2307) regret=0.067398 ape=0.6120
[14:34:00] regretChangePotential 17% (393/2307) regret=0.067217 ape=0.6111
[14:34:01] regretChangePotential 17% (394/2307) regret=0.067217 ape=0.6111
[14:34:01] regretChangePotential 17% (395/2307) regret=0.067070 ape=0.6101
[14:34:01] regretChangePotential 17% (396/2307) regret=0.067070 ape=0.6101
[14:34:01] regretChangePotential 17% (397/2307) regret=0.066711 ape=0.6092
[14:34:01] regretChangePotential 17% (398/2307) regret=0.066762 ape=0.6092
[14:34:01] regretChangePotential 17% (399/2307) regret=0.066237 ape=0.6083
[14:34:02] regretChangePotential 17% (400/2307) regret=0.066237 ape=0.6083
[14:34:02] regretChangePotential 17% (401/2307) regret=0.066237 ape=0.6083
[14:34:02] regretChangePotential 17% (402/2307) regret=0.066237 ape=0.6083
[14:34:02] regretChangePotential 17% (403/2307) regret=0.066227 ape=0.6083
[14:34:02] regretChangePotential 17% (404/2307) regret=0.066221 ape=0.6083
[14:34:02] regretChangePotential 17% (405/2307) regret=0.066249 ape=0.6092
[14:34:02] regretChangePotential 17% (406/2307) regret=0.066315 ape=0.6092
[14:34:03] regretChangePotential 17% (407/2307) regret=0.066171 ape=0.6092
[14:34:03] regretChangePotential 17% (408/2307) regret=0.066682 ape=0.6101
[14:34:03] regretChangePotential 17% (409/2307) regret=0.066272 ape=0.6092
[14:34:03] regretChangePotential 17% (410/2307) regret=0.066293 ape=0.6101
[14:34:03] regretChangePotential 17% (411/2307) regret=0.066169 ape=0.6092
[14:34:03] regretChangePotential 17% (412/2307) regret=0.066234 ape=0.6092
[14:34:03] regretChangePotential 17% (413/2307) regret=0.066234 ape=0.6092
[14:34:04] regretChangePotential 17% (414/2307) regret=0.066234 ape=0.6092
[14:34:04] regretChangePotential 17% (415/2307) regret=0.066238 ape=0.6092
[14:34:04] regretChangePotential 18% (416/2307) regret=0.066029 ape=0.6092
[14:34:04] regretChangePotential 18% (417/2307) regret=0.065869 ape=0.6083
[14:34:04] regretChangePotential 18% (418/2307) regret=0.065851 ape=0.6083
[14:34:04] regretChangePotential 18% (419/2307) regret=0.065851 ape=0.6083
[14:34:05] regretChangePotential 18% (420/2307) regret=0.065482 ape=0.6074
[14:34:05] regretChangePotential 18% (421/2307) regret=0.065482 ape=0.6074
[14:34:05] regretChangePotential 18% (422/2307) regret=0.065934 ape=0.6083
[14:34:05] regretChangePotential 18% (423/2307) regret=0.065538 ape=0.6065
[14:34:05] regretChangePotential 18% (424/2307) regret=0.065538 ape=0.6065
[14:34:05] regretChangePotential 18% (425/2307) regret=0.065326 ape=0.6065
[14:34:05] regretChangePotential 18% (426/2307) regret=0.065031 ape=0.6055
[14:34:06] regretChangePotential 18% (427/2307) regret=0.064999 ape=0.6055
[14:34:06] regretChangePotential 18% (428/2307) regret=0.064869 ape=0.6046
[14:34:06] regretChangePotential 18% (429/2307) regret=0.064905 ape=0.6055
[14:34:06] regretChangePotential 18% (430/2307) regret=0.064905 ape=0.6055
[14:34:06] regretChangePotential 18% (431/2307) regret=0.064347 ape=0.6046
[14:34:06] regretChangePotential 18% (432/2307) regret=0.063964 ape=0.6046
[14:34:06] regretChangePotential 18% (433/2307) regret=0.063964 ape=0.6046
[14:34:07] regretChangePotential 18% (434/2307) regret=0.063964 ape=0.6046
[14:34:07] regretChangePotential 18% (435/2307) regret=0.063964 ape=0.6046
[14:34:07] regretChangePotential 18% (436/2307) regret=0.063912 ape=0.6037
[14:34:07] regretChangePotential 18% (437/2307) regret=0.064030 ape=0.6046
[14:34:07] regretChangePotential 18% (438/2307) regret=0.063804 ape=0.6037
[14:34:07] regretChangePotential 19% (439/2307) regret=0.063804 ape=0.6037
[14:34:07] regretChangePotential 19% (440/2307) regret=0.063770 ape=0.6037
[14:34:08] regretChangePotential 19% (441/2307) regret=0.063934 ape=0.6046
[14:34:08] regretChangePotential 19% (442/2307) regret=0.063740 ape=0.6037
[14:34:08] regretChangePotential 19% (443/2307) regret=0.063394 ape=0.6028
[14:34:08] regretChangePotential 19% (444/2307) regret=0.063997 ape=0.6028
[14:34:08] regretChangePotential 19% (445/2307) regret=0.064130 ape=0.6018
[14:34:08] regretChangePotential 19% (446/2307) regret=0.064106 ape=0.6028
[14:34:08] regretChangePotential 19% (447/2307) regret=0.063841 ape=0.6009
[14:34:09] regretChangePotential 19% (448/2307) regret=0.063764 ape=0.6009
[14:34:09] regretChangePotential 19% (449/2307) regret=0.063939 ape=0.6028
[14:34:09] regretChangePotential 19% (450/2307) regret=0.063082 ape=0.6018
[14:34:09] regretChangePotential 19% (451/2307) regret=0.063257 ape=0.6028
[14:34:09] regretChangePotential 19% (452/2307) regret=0.063190 ape=0.6018
[14:34:09] regretChangePotential 19% (453/2307) regret=0.063190 ape=0.6018
[14:34:10] regretChangePotential 19% (454/2307) regret=0.062761 ape=0.6009
[14:34:10] regretChangePotential 19% (455/2307) regret=0.062003 ape=0.6000
[14:34:10] regretChangePotential 19% (456/2307) regret=0.061572 ape=0.5991
[14:34:10] regretChangePotential 19% (457/2307) regret=0.061572 ape=0.5991
[14:34:10] regretChangePotential 19% (458/2307) regret=0.061572 ape=0.5991
[14:34:10] regretChangePotential 19% (459/2307) regret=0.061392 ape=0.5982
[14:34:10] regretChangePotential 19% (460/2307) regret=0.060950 ape=0.5963
[14:34:11] regretChangePotential 19% (461/2307) regret=0.060559 ape=0.5954
[14:34:11] regretChangePotential 20% (462/2307) regret=0.060430 ape=0.5954
[14:34:11] regretChangePotential 20% (463/2307) regret=0.059761 ape=0.5945
[14:34:11] regretChangePotential 20% (464/2307) regret=0.059761 ape=0.5945
[14:34:11] regretChangePotential 20% (465/2307) regret=0.059757 ape=0.5945
[14:34:11] regretChangePotential 20% (466/2307) regret=0.059661 ape=0.5935
[14:34:12] regretChangePotential 20% (467/2307) regret=0.059661 ape=0.5935
[14:34:12] regretChangePotential 20% (468/2307) regret=0.059661 ape=0.5935
[14:34:12] regretChangePotential 20% (469/2307) regret=0.059661 ape=0.5935
[14:34:12] regretChangePotential 20% (470/2307) regret=0.059661 ape=0.5935
[14:34:12] regretChangePotential 20% (471/2307) regret=0.059220 ape=0.5935
[14:34:12] regretChangePotential 20% (472/2307) regret=0.059220 ape=0.5935
[14:34:12] regretChangePotential 20% (473/2307) regret=0.059001 ape=0.5926
[14:34:13] regretChangePotential 20% (474/2307) regret=0.058955 ape=0.5926
[14:34:13] regretChangePotential 20% (475/2307) regret=0.058955 ape=0.5926
[14:34:13] regretChangePotential 20% (476/2307) regret=0.058955 ape=0.5926
[14:34:13] regretChangePotential 20% (477/2307) regret=0.058863 ape=0.5917
[14:34:13] regretChangePotential 20% (478/2307) regret=0.058644 ape=0.5908
[14:34:13] regretChangePotential 20% (479/2307) regret=0.058576 ape=0.5908
[14:34:13] regretChangePotential 20% (480/2307) regret=0.058576 ape=0.5908
[14:34:14] regretChangePotential 20% (481/2307) regret=0.058576 ape=0.5908
[14:34:14] regretChangePotential 20% (482/2307) regret=0.058576 ape=0.5908
[14:34:14] regretChangePotential 20% (483/2307) regret=0.058576 ape=0.5908
[14:34:14] regretChangePotential 20% (484/2307) regret=0.058576 ape=0.5908
[14:34:14] regretChangePotential 21% (485/2307) regret=0.058576 ape=0.5908
[14:34:14] regretChangePotential 21% (486/2307) regret=0.058576 ape=0.5908
[14:34:14] regretChangePotential 21% (487/2307) regret=0.058576 ape=0.5908
[14:34:15] regretChangePotential 21% (488/2307) regret=0.058576 ape=0.5908
[14:34:15] regretChangePotential 21% (489/2307) regret=0.058413 ape=0.5908
[14:34:15] regretChangePotential 21% (490/2307) regret=0.057966 ape=0.5908
[14:34:15] regretChangePotential 21% (491/2307) regret=0.057966 ape=0.5908
[14:34:15] regretChangePotential 21% (492/2307) regret=0.057966 ape=0.5908
[14:34:15] regretChangePotential 21% (493/2307) regret=0.057966 ape=0.5908
[14:34:15] regretChangePotential 21% (494/2307) regret=0.057966 ape=0.5908
[14:34:16] regretChangePotential 21% (495/2307) regret=0.057966 ape=0.5908
[14:34:16] regretChangePotential 21% (496/2307) regret=0.057966 ape=0.5908
[14:34:16] regretChangePotential 21% (497/2307) regret=0.057966 ape=0.5908
[14:34:16] regretChangePotential 21% (498/2307) regret=0.057966 ape=0.5908
[14:34:16] regretChangePotential 21% (499/2307) regret=0.057966 ape=0.5908
[14:34:16] regretChangePotential 21% (500/2307) regret=0.057966 ape=0.5908
[14:34:16] regretChangePotential 21% (501/2307) regret=0.057966 ape=0.5908
[14:34:17] regretChangePotential 21% (502/2307) regret=0.057966 ape=0.5908
[14:34:17] regretChangePotential 21% (503/2307) regret=0.057966 ape=0.5908
[14:34:17] regretChangePotential 21% (504/2307) regret=0.057966 ape=0.5908
[14:34:17] regretChangePotential 21% (505/2307) regret=0.057966 ape=0.5908
[14:34:17] regretChangePotential 21% (506/2307) regret=0.057966 ape=0.5908
[14:34:17] regretChangePotential 21% (507/2307) regret=0.057966 ape=0.5908
[14:34:17] regretChangePotential 22% (508/2307) regret=0.057966 ape=0.5908
[14:34:18] regretChangePotential 22% (509/2307) regret=0.057966 ape=0.5908
[14:34:18] regretChangePotential 22% (510/2307) regret=0.057966 ape=0.5908
[14:34:18] regretChangePotential 22% (511/2307) regret=0.057966 ape=0.5908
[14:34:18] regretChangePotential 22% (512/2307) regret=0.057901 ape=0.5908
[14:34:18] regretChangePotential 22% (513/2307) regret=0.057901 ape=0.5908
[14:34:18] regretChangePotential 22% (514/2307) regret=0.057839 ape=0.5899
[14:34:18] regretChangePotential 22% (515/2307) regret=0.057839 ape=0.5899
[14:34:19] regretChangePotential 22% (516/2307) regret=0.057839 ape=0.5899
[14:34:19] regretChangePotential 22% (517/2307) regret=0.057839 ape=0.5899
[14:34:19] regretChangePotential 22% (518/2307) regret=0.057839 ape=0.5899
[14:34:19] regretChangePotential 22% (519/2307) regret=0.057839 ape=0.5899
[14:34:19] regretChangePotential 22% (520/2307) regret=0.057839 ape=0.5899
[14:34:19] regretChangePotential 22% (521/2307) regret=0.057839 ape=0.5899
[14:34:19] regretChangePotential 22% (522/2307) regret=0.057706 ape=0.5889
[14:34:20] regretChangePotential 22% (523/2307) regret=0.057706 ape=0.5889
[14:34:20] regretChangePotential 22% (524/2307) regret=0.057706 ape=0.5889
[14:34:20] regretChangePotential 22% (525/2307) regret=0.057706 ape=0.5889
[14:34:20] regretChangePotential 22% (526/2307) regret=0.057706 ape=0.5889
[14:34:20] regretChangePotential 22% (527/2307) regret=0.057706 ape=0.5889
[14:34:20] regretChangePotential 22% (528/2307) regret=0.057706 ape=0.5889
[14:34:20] regretChangePotential 22% (529/2307) regret=0.057706 ape=0.5889
[14:34:20] regretChangePotential 22% (530/2307) regret=0.057503 ape=0.5880
[14:34:21] regretChangePotential 23% (531/2307) regret=0.056623 ape=0.5862
[14:34:21] regretChangePotential 23% (532/2307) regret=0.056269 ape=0.5853
[14:34:21] regretChangePotential 23% (533/2307) regret=0.056269 ape=0.5853
[14:34:21] regretChangePotential 23% (534/2307) regret=0.056269 ape=0.5853
[14:34:21] regretChangePotential 23% (535/2307) regret=0.056269 ape=0.5853
[14:34:21] regretChangePotential 23% (536/2307) regret=0.056269 ape=0.5853
[14:34:21] regretChangePotential 23% (537/2307) regret=0.056269 ape=0.5853
[14:34:22] regretChangePotential 23% (538/2307) regret=0.056269 ape=0.5853
[14:34:22] regretChangePotential 23% (539/2307) regret=0.056269 ape=0.5853
[14:34:22] regretChangePotential 23% (540/2307) regret=0.056123 ape=0.5853
[14:34:22] regretChangePotential 23% (541/2307) regret=0.056159 ape=0.5853
[14:34:22] regretChangePotential 23% (542/2307) regret=0.056174 ape=0.5853
[14:34:22] regretChangePotential 23% (543/2307) regret=0.056174 ape=0.5853
[14:34:22] regretChangePotential 23% (544/2307) regret=0.056174 ape=0.5853
[14:34:23] regretChangePotential 23% (545/2307) regret=0.056104 ape=0.5843
[14:34:23] regretChangePotential 23% (546/2307) regret=0.055902 ape=0.5834
[14:34:23] regretChangePotential 23% (547/2307) regret=0.055902 ape=0.5834
[14:34:23] regretChangePotential 23% (548/2307) regret=0.055843 ape=0.5834
[14:34:23] regretChangePotential 23% (549/2307) regret=0.055811 ape=0.5834
[14:34:23] regretChangePotential 23% (550/2307) regret=0.055797 ape=0.5834
[14:34:24] regretChangePotential 23% (551/2307) regret=0.056000 ape=0.5834
[14:34:24] regretChangePotential 23% (552/2307) regret=0.055668 ape=0.5834
[14:34:24] regretChangePotential 23% (553/2307) regret=0.055668 ape=0.5834
[14:34:24] regretChangePotential 24% (554/2307) regret=0.055539 ape=0.5825
[14:34:24] regretChangePotential 24% (555/2307) regret=0.055571 ape=0.5825
[14:34:24] regretChangePotential 24% (556/2307) regret=0.055341 ape=0.5816
[14:34:24] regretChangePotential 24% (557/2307) regret=0.055423 ape=0.5816
[14:34:25] regretChangePotential 24% (558/2307) regret=0.055285 ape=0.5806
[14:34:25] regretChangePotential 24% (559/2307) regret=0.054807 ape=0.5797
[14:34:25] regretChangePotential 24% (560/2307) regret=0.054964 ape=0.5806
[14:34:25] regretChangePotential 24% (561/2307) regret=0.054752 ape=0.5788
[14:34:25] regretChangePotential 24% (562/2307) regret=0.054783 ape=0.5788
[14:34:25] regretChangePotential 24% (563/2307) regret=0.054709 ape=0.5788
[14:34:25] regretChangePotential 24% (564/2307) regret=0.054709 ape=0.5788
[14:34:26] regretChangePotential 24% (565/2307) regret=0.054462 ape=0.5770
[14:34:26] regretChangePotential 24% (566/2307) regret=0.054474 ape=0.5770
[14:34:26] regretChangePotential 24% (567/2307) regret=0.054474 ape=0.5770
[14:34:26] regretChangePotential 24% (568/2307) regret=0.054068 ape=0.5760
[14:34:26] regretChangePotential 24% (569/2307) regret=0.054044 ape=0.5760
[14:34:26] regretChangePotential 24% (570/2307) regret=0.054197 ape=0.5770
[14:34:26] regretChangePotential 24% (571/2307) regret=0.054068 ape=0.5760
[14:34:27] regretChangePotential 24% (572/2307) regret=0.053727 ape=0.5751
[14:34:27] regretChangePotential 24% (573/2307) regret=0.053718 ape=0.5751
[14:34:27] regretChangePotential 24% (574/2307) regret=0.053718 ape=0.5751
[14:34:27] regretChangePotential 24% (575/2307) regret=0.053718 ape=0.5751
[14:34:27] regretChangePotential 24% (576/2307) regret=0.054317 ape=0.5760
[14:34:27] regretChangePotential 25% (577/2307) regret=0.053718 ape=0.5751
[14:34:28] regretChangePotential 25% (578/2307) regret=0.053718 ape=0.5751
[14:34:28] regretChangePotential 25% (579/2307) regret=0.053718 ape=0.5751
[14:34:28] regretChangePotential 25% (580/2307) regret=0.053718 ape=0.5751
[14:34:28] regretChangePotential 25% (581/2307) regret=0.053653 ape=0.5751
[14:34:28] regretChangePotential 25% (582/2307) regret=0.053653 ape=0.5751
[14:34:28] regretChangePotential 25% (583/2307) regret=0.053667 ape=0.5751
[14:34:28] regretChangePotential 25% (584/2307) regret=0.053667 ape=0.5751
[14:34:29] regretChangePotential 25% (585/2307) regret=0.053557 ape=0.5742
[14:34:29] regretChangePotential 25% (586/2307) regret=0.053557 ape=0.5742
[14:34:29] regretChangePotential 25% (587/2307) regret=0.052893 ape=0.5733
[14:34:29] regretChangePotential 25% (588/2307) regret=0.052893 ape=0.5733
[14:34:29] regretChangePotential 25% (589/2307) regret=0.052893 ape=0.5733
[14:34:29] regretChangePotential 25% (590/2307) regret=0.052893 ape=0.5733
[14:34:30] regretChangePotential 25% (591/2307) regret=0.052893 ape=0.5733
[14:34:30] regretChangePotential 25% (592/2307) regret=0.052893 ape=0.5733
[14:34:30] regretChangePotential 25% (593/2307) regret=0.052893 ape=0.5733
[14:34:30] regretChangePotential 25% (594/2307) regret=0.052893 ape=0.5733
[14:34:30] regretChangePotential 25% (595/2307) regret=0.052893 ape=0.5733
[14:34:30] regretChangePotential 25% (596/2307) regret=0.052893 ape=0.5733
[14:34:30] regretChangePotential 25% (597/2307) regret=0.052893 ape=0.5733
[14:34:31] regretChangePotential 25% (598/2307) regret=0.052893 ape=0.5733
[14:34:31] regretChangePotential 25% (599/2307) regret=0.052893 ape=0.5733
[14:34:31] regretChangePotential 26% (600/2307) regret=0.052893 ape=0.5733
[14:34:31] regretChangePotential 26% (601/2307) regret=0.052893 ape=0.5733
[14:34:31] regretChangePotential 26% (602/2307) regret=0.052893 ape=0.5733
[14:34:31] regretChangePotential 26% (603/2307) regret=0.052893 ape=0.5733
[14:34:31] regretChangePotential 26% (604/2307) regret=0.052893 ape=0.5733
[14:34:32] regretChangePotential 26% (605/2307) regret=0.052893 ape=0.5733
[14:34:32] regretChangePotential 26% (606/2307) regret=0.052893 ape=0.5733
[14:34:32] regretChangePotential 26% (607/2307) regret=0.052893 ape=0.5733
[14:34:32] regretChangePotential 26% (608/2307) regret=0.052893 ape=0.5733
[14:34:32] regretChangePotential 26% (609/2307) regret=0.052893 ape=0.5733
[14:34:32] regretChangePotential 26% (610/2307) regret=0.052893 ape=0.5733
[14:34:33] regretChangePotential 26% (611/2307) regret=0.052893 ape=0.5733
[14:34:33] regretChangePotential 26% (612/2307) regret=0.052893 ape=0.5733
[14:34:33] regretChangePotential 26% (613/2307) regret=0.052893 ape=0.5733
[14:34:33] regretChangePotential 26% (614/2307) regret=0.052893 ape=0.5733
[14:34:33] regretChangePotential 26% (615/2307) regret=0.052893 ape=0.5733
[14:34:33] regretChangePotential 26% (616/2307) regret=0.052893 ape=0.5733
[14:34:33] regretChangePotential 26% (617/2307) regret=0.052893 ape=0.5733
[14:34:34] regretChangePotential 26% (618/2307) regret=0.052893 ape=0.5733
[14:34:34] regretChangePotential 26% (619/2307) regret=0.052893 ape=0.5733
[14:34:34] regretChangePotential 26% (620/2307) regret=0.053027 ape=0.5742
[14:34:34] regretChangePotential 26% (621/2307) regret=0.052907 ape=0.5742
[14:34:34] regretChangePotential 26% (622/2307) regret=0.052907 ape=0.5742
[14:34:34] regretChangePotential 27% (623/2307) regret=0.052916 ape=0.5742
[14:34:35] regretChangePotential 27% (624/2307) regret=0.053016 ape=0.5751
[14:34:35] regretChangePotential 27% (625/2307) regret=0.053016 ape=0.5751
[14:34:35] regretChangePotential 27% (626/2307) regret=0.053180 ape=0.5742
[14:34:35] regretChangePotential 27% (627/2307) regret=0.053310 ape=0.5742
[14:34:35] regretChangePotential 27% (628/2307) regret=0.053145 ape=0.5742
[14:34:35] regretChangePotential 27% (629/2307) regret=0.053145 ape=0.5742
[14:34:35] regretChangePotential 27% (630/2307) regret=0.053145 ape=0.5742
[14:34:36] regretChangePotential 27% (631/2307) regret=0.053145 ape=0.5742
[14:34:36] regretChangePotential 27% (632/2307) regret=0.053145 ape=0.5742
[14:34:36] regretChangePotential 27% (633/2307) regret=0.053218 ape=0.5751
[14:34:36] regretChangePotential 27% (634/2307) regret=0.053218 ape=0.5751
[14:34:36] regretChangePotential 27% (635/2307) regret=0.053218 ape=0.5751
[14:34:36] regretChangePotential 27% (636/2307) regret=0.053218 ape=0.5751
[14:34:37] regretChangePotential 27% (637/2307) regret=0.053218 ape=0.5751
[14:34:37] regretChangePotential 27% (638/2307) regret=0.053134 ape=0.5751
[14:34:37] regretChangePotential 27% (639/2307) regret=0.053118 ape=0.5751
[14:34:37] regretChangePotential 27% (640/2307) regret=0.053120 ape=0.5751
[14:34:37] regretChangePotential 27% (641/2307) regret=0.053042 ape=0.5742
[14:34:37] regretChangePotential 27% (642/2307) regret=0.053023 ape=0.5742
[14:34:37] regretChangePotential 27% (643/2307) regret=0.053023 ape=0.5742
[14:34:38] regretChangePotential 27% (644/2307) regret=0.053023 ape=0.5742
[14:34:38] regretChangePotential 27% (645/2307) regret=0.053023 ape=0.5742
[14:34:38] regretChangePotential 28% (646/2307) regret=0.053060 ape=0.5742
[14:34:38] regretChangePotential 28% (647/2307) regret=0.053060 ape=0.5742
[14:34:38] regretChangePotential 28% (648/2307) regret=0.053060 ape=0.5742
[14:34:38] regretChangePotential 28% (649/2307) regret=0.053060 ape=0.5742
[14:34:38] regretChangePotential 28% (650/2307) regret=0.053060 ape=0.5742
[14:34:39] regretChangePotential 28% (651/2307) regret=0.053060 ape=0.5742
[14:34:39] regretChangePotential 28% (652/2307) regret=0.052894 ape=0.5742
[14:34:39] regretChangePotential 28% (653/2307) regret=0.052894 ape=0.5742
[14:34:39] regretChangePotential 28% (654/2307) regret=0.052295 ape=0.5733
[14:34:39] regretChangePotential 28% (655/2307) regret=0.052894 ape=0.5742
[14:34:39] regretChangePotential 28% (656/2307) regret=0.052894 ape=0.5742
[14:34:39] regretChangePotential 28% (657/2307) regret=0.052894 ape=0.5742
[14:34:40] regretChangePotential 28% (658/2307) regret=0.052894 ape=0.5742
[14:34:40] regretChangePotential 28% (659/2307) regret=0.052894 ape=0.5742
[14:34:40] regretChangePotential 28% (660/2307) regret=0.052894 ape=0.5742
[14:34:40] regretChangePotential 28% (661/2307) regret=0.052894 ape=0.5742
[14:34:40] regretChangePotential 28% (662/2307) regret=0.052894 ape=0.5742
[14:34:40] regretChangePotential 28% (663/2307) regret=0.052894 ape=0.5742
[14:34:40] regretChangePotential 28% (664/2307) regret=0.052894 ape=0.5742
[14:34:41] regretChangePotential 28% (665/2307) regret=0.052894 ape=0.5742
[14:34:41] regretChangePotential 28% (666/2307) regret=0.052894 ape=0.5742
[14:34:41] regretChangePotential 28% (667/2307) regret=0.052894 ape=0.5742
[14:34:41] regretChangePotential 28% (668/2307) regret=0.052894 ape=0.5742
[14:34:41] regretChangePotential 28% (669/2307) regret=0.052894 ape=0.5742
[14:34:41] regretChangePotential 29% (670/2307) regret=0.052307 ape=0.5724
[14:34:41] regretChangePotential 29% (671/2307) regret=0.052307 ape=0.5724
[14:34:42] regretChangePotential 29% (672/2307) regret=0.052307 ape=0.5724
[14:34:42] regretChangePotential 29% (673/2307) regret=0.052307 ape=0.5724
[14:34:42] regretChangePotential 29% (674/2307) regret=0.052307 ape=0.5724
[14:34:42] regretChangePotential 29% (675/2307) regret=0.052307 ape=0.5724
[14:34:42] regretChangePotential 29% (676/2307) regret=0.052307 ape=0.5724
[14:34:42] regretChangePotential 29% (677/2307) regret=0.052307 ape=0.5724
[14:34:42] regretChangePotential 29% (678/2307) regret=0.052307 ape=0.5724
[14:34:43] regretChangePotential 29% (679/2307) regret=0.051924 ape=0.5714
[14:34:43] regretChangePotential 29% (680/2307) regret=0.051924 ape=0.5714
[14:34:43] regretChangePotential 29% (681/2307) regret=0.051924 ape=0.5714
[14:34:43] regretChangePotential 29% (682/2307) regret=0.051362 ape=0.5705
[14:34:43] regretChangePotential 29% (683/2307) regret=0.051362 ape=0.5705
[14:34:43] regretChangePotential 29% (684/2307) regret=0.051362 ape=0.5705
[14:34:43] regretChangePotential 29% (685/2307) regret=0.051362 ape=0.5705
[14:34:44] regretChangePotential 29% (686/2307) regret=0.051362 ape=0.5705
[14:34:44] regretChangePotential 29% (687/2307) regret=0.051362 ape=0.5705
[14:34:44] regretChangePotential 29% (688/2307) regret=0.051310 ape=0.5705
[14:34:44] regretChangePotential 29% (689/2307) regret=0.051079 ape=0.5696
[14:34:44] regretChangePotential 29% (690/2307) regret=0.051079 ape=0.5696
[14:34:44] regretChangePotential 29% (691/2307) regret=0.051079 ape=0.5696
[14:34:44] regretChangePotential 29% (692/2307) regret=0.051070 ape=0.5696
[14:34:45] regretChangePotential 30% (693/2307) regret=0.050904 ape=0.5687
[14:34:45] regretChangePotential 30% (694/2307) regret=0.050904 ape=0.5687
[14:34:45] regretChangePotential 30% (695/2307) regret=0.050904 ape=0.5687
[14:34:45] regretChangePotential 30% (696/2307) regret=0.050904 ape=0.5687
[14:34:45] regretChangePotential 30% (697/2307) regret=0.050904 ape=0.5687
[14:34:45] regretChangePotential 30% (698/2307) regret=0.050429 ape=0.5687
[14:34:45] regretChangePotential 30% (699/2307) regret=0.050429 ape=0.5687
[14:34:45] regretChangePotential 30% (700/2307) regret=0.050429 ape=0.5687
[14:34:46] regretChangePotential 30% (701/2307) regret=0.050429 ape=0.5687
[14:34:46] regretChangePotential 30% (702/2307) regret=0.050429 ape=0.5687
[14:34:46] regretChangePotential 30% (703/2307) regret=0.050429 ape=0.5687
[14:34:46] regretChangePotential 30% (704/2307) regret=0.050429 ape=0.5687
[14:34:46] regretChangePotential 30% (705/2307) regret=0.050448 ape=0.5687
[14:34:46] regretChangePotential 30% (706/2307) regret=0.050448 ape=0.5687
[14:34:47] regretChangePotential 30% (707/2307) regret=0.050054 ape=0.5677
[14:34:47] regretChangePotential 30% (708/2307) regret=0.050054 ape=0.5677
[14:34:47] regretChangePotential 30% (709/2307) regret=0.050054 ape=0.5677
[14:34:47] regretChangePotential 30% (710/2307) regret=0.050054 ape=0.5677
[14:34:47] regretChangePotential 30% (711/2307) regret=0.050054 ape=0.5677
[14:34:47] regretChangePotential 30% (712/2307) regret=0.050054 ape=0.5677
[14:34:47] regretChangePotential 30% (713/2307) regret=0.049985 ape=0.5668
[14:34:48] regretChangePotential 30% (714/2307) regret=0.050031 ape=0.5677
[14:34:48] regretChangePotential 30% (715/2307) regret=0.050095 ape=0.5677
[14:34:48] regretChangePotential 31% (716/2307) regret=0.050095 ape=0.5677
[14:34:48] regretChangePotential 31% (717/2307) regret=0.050095 ape=0.5677
[14:34:48] regretChangePotential 31% (718/2307) regret=0.050118 ape=0.5687
[14:34:48] regretChangePotential 31% (719/2307) regret=0.050118 ape=0.5687
[14:34:49] regretChangePotential 31% (720/2307) regret=0.049717 ape=0.5668
[14:34:49] regretChangePotential 31% (721/2307) regret=0.049717 ape=0.5668
[14:34:49] regretChangePotential 31% (722/2307) regret=0.049717 ape=0.5668
[14:34:49] regretChangePotential 31% (723/2307) regret=0.049690 ape=0.5668
[14:34:49] regretChangePotential 31% (724/2307) regret=0.049690 ape=0.5668
[14:34:49] regretChangePotential 31% (725/2307) regret=0.049690 ape=0.5668
[14:34:50] regretChangePotential 31% (726/2307) regret=0.049690 ape=0.5668
[14:34:50] regretChangePotential 31% (727/2307) regret=0.049547 ape=0.5659
[14:34:50] regretChangePotential 31% (728/2307) regret=0.049547 ape=0.5659
[14:34:50] regretChangePotential 31% (729/2307) regret=0.049547 ape=0.5659
[14:34:50] regretChangePotential 31% (730/2307) regret=0.049547 ape=0.5659
[14:34:50] regretChangePotential 31% (731/2307) regret=0.049547 ape=0.5659
[14:34:50] regretChangePotential 31% (732/2307) regret=0.049547 ape=0.5659
[14:34:51] regretChangePotential 31% (733/2307) regret=0.049280 ape=0.5650
[14:34:51] regretChangePotential 31% (734/2307) regret=0.049280 ape=0.5650
[14:34:51] regretChangePotential 31% (735/2307) regret=0.049303 ape=0.5650
[14:34:51] regretChangePotential 31% (736/2307) regret=0.049303 ape=0.5650
[14:34:51] regretChangePotential 31% (737/2307) regret=0.049303 ape=0.5650
[14:34:51] regretChangePotential 31% (738/2307) regret=0.048931 ape=0.5650
[14:34:51] regretChangePotential 32% (739/2307) regret=0.048931 ape=0.5650
[14:34:52] regretChangePotential 32% (740/2307) regret=0.048700 ape=0.5650
[14:34:52] regretChangePotential 32% (741/2307) regret=0.048700 ape=0.5650
[14:34:52] regretChangePotential 32% (742/2307) regret=0.048700 ape=0.5650
[14:34:52] regretChangePotential 32% (743/2307) regret=0.048843 ape=0.5659
[14:34:52] regretChangePotential 32% (744/2307) regret=0.048428 ape=0.5650
[14:34:52] regretChangePotential 32% (745/2307) regret=0.048428 ape=0.5650
[14:34:53] regretChangePotential 32% (746/2307) regret=0.048428 ape=0.5650
[14:34:53] regretChangePotential 32% (747/2307) regret=0.048419 ape=0.5650
[14:34:53] regretChangePotential 32% (748/2307) regret=0.048382 ape=0.5650
[14:34:53] regretChangePotential 32% (749/2307) regret=0.048467 ape=0.5650
[14:34:53] regretChangePotential 32% (750/2307) regret=0.048467 ape=0.5650
[14:34:53] regretChangePotential 32% (751/2307) regret=0.048467 ape=0.5650
[14:34:53] regretChangePotential 32% (752/2307) regret=0.048467 ape=0.5650
[14:34:54] regretChangePotential 32% (753/2307) regret=0.048467 ape=0.5650
[14:34:54] regretChangePotential 32% (754/2307) regret=0.048467 ape=0.5650
[14:34:54] regretChangePotential 32% (755/2307) regret=0.048467 ape=0.5650
[14:34:54] regretChangePotential 32% (756/2307) regret=0.048467 ape=0.5650
[14:34:54] regretChangePotential 32% (757/2307) regret=0.048381 ape=0.5641
[14:34:54] regretChangePotential 32% (758/2307) regret=0.047938 ape=0.5631
[14:34:54] regretChangePotential 32% (759/2307) regret=0.047966 ape=0.5631
[14:34:55] regretChangePotential 32% (760/2307) regret=0.047800 ape=0.5622
[14:34:55] regretChangePotential 32% (761/2307) regret=0.047800 ape=0.5622
[14:34:55] regretChangePotential 33% (762/2307) regret=0.047708 ape=0.5622
[14:34:55] regretChangePotential 33% (763/2307) regret=0.047708 ape=0.5622
[14:34:55] regretChangePotential 33% (764/2307) regret=0.047708 ape=0.5622
[14:34:55] regretChangePotential 33% (765/2307) regret=0.047708 ape=0.5622
[14:34:56] regretChangePotential 33% (766/2307) regret=0.047708 ape=0.5622
[14:34:56] regretChangePotential 33% (767/2307) regret=0.047708 ape=0.5622
[14:34:56] regretChangePotential 33% (768/2307) regret=0.047275 ape=0.5622
[14:34:56] regretChangePotential 33% (769/2307) regret=0.047618 ape=0.5641
[14:34:56] regretChangePotential 33% (770/2307) regret=0.047578 ape=0.5641
[14:34:56] regretChangePotential 33% (771/2307) regret=0.047620 ape=0.5641
[14:34:57] regretChangePotential 33% (772/2307) regret=0.047491 ape=0.5641
[14:34:57] regretChangePotential 33% (773/2307) regret=0.047467 ape=0.5641
[14:34:57] regretChangePotential 33% (774/2307) regret=0.047317 ape=0.5631
[14:34:57] regretChangePotential 33% (775/2307) regret=0.047317 ape=0.5631
[14:34:57] regretChangePotential 33% (776/2307) regret=0.047349 ape=0.5631
[14:34:57] regretChangePotential 33% (777/2307) regret=0.047349 ape=0.5631
[14:34:57] regretChangePotential 33% (778/2307) regret=0.047100 ape=0.5622
[14:34:58] regretChangePotential 33% (779/2307) regret=0.047100 ape=0.5622
[14:34:58] regretChangePotential 33% (780/2307) regret=0.047100 ape=0.5622
[14:34:58] regretChangePotential 33% (781/2307) regret=0.047128 ape=0.5622
[14:34:58] regretChangePotential 33% (782/2307) regret=0.047089 ape=0.5622
[14:34:58] regretChangePotential 33% (783/2307) regret=0.047039 ape=0.5622
[14:34:58] regretChangePotential 33% (784/2307) regret=0.047163 ape=0.5631
[14:34:58] regretChangePotential 34% (785/2307) regret=0.047283 ape=0.5631
[14:34:59] regretChangePotential 34% (786/2307) regret=0.047145 ape=0.5622
[14:34:59] regretChangePotential 34% (787/2307) regret=0.047172 ape=0.5622
[14:34:59] regretChangePotential 34% (788/2307) regret=0.047255 ape=0.5631
[14:34:59] regretChangePotential 34% (789/2307) regret=0.047182 ape=0.5622
[14:34:59] regretChangePotential 34% (790/2307) regret=0.046905 ape=0.5622
[14:34:59] regretChangePotential 34% (791/2307) regret=0.046905 ape=0.5622
[14:34:59] regretChangePotential 34% (792/2307) regret=0.046902 ape=0.5622
[14:35:00] regretChangePotential 34% (793/2307) regret=0.046716 ape=0.5613
[14:35:00] regretChangePotential 34% (794/2307) regret=0.046716 ape=0.5613
[14:35:00] regretChangePotential 34% (795/2307) regret=0.046854 ape=0.5613
[14:35:00] regretChangePotential 34% (796/2307) regret=0.046965 ape=0.5613
[14:35:00] regretChangePotential 34% (797/2307) regret=0.046781 ape=0.5613
[14:35:00] regretChangePotential 34% (798/2307) regret=0.046781 ape=0.5613
[14:35:01] regretChangePotential 34% (799/2307) regret=0.046570 ape=0.5613
[14:35:01] regretChangePotential 34% (800/2307) regret=0.046564 ape=0.5604
[14:35:01] regretChangePotential 34% (801/2307) regret=0.046398 ape=0.5604
[14:35:01] regretChangePotential 34% (802/2307) regret=0.046387 ape=0.5604
[14:35:01] regretChangePotential 34% (803/2307) regret=0.046101 ape=0.5594
[14:35:01] regretChangePotential 34% (804/2307) regret=0.046111 ape=0.5594
[14:35:01] regretChangePotential 34% (805/2307) regret=0.046101 ape=0.5594
[14:35:02] regretChangePotential 34% (806/2307) regret=0.046104 ape=0.5594
[14:35:02] regretChangePotential 34% (807/2307) regret=0.046150 ape=0.5594
[14:35:02] regretChangePotential 35% (808/2307) regret=0.046104 ape=0.5594
[14:35:02] regretChangePotential 35% (809/2307) regret=0.046104 ape=0.5594
[14:35:02] regretChangePotential 35% (810/2307) regret=0.046113 ape=0.5594
[14:35:02] regretChangePotential 35% (811/2307) regret=0.045892 ape=0.5594
[14:35:03] regretChangePotential 35% (812/2307) regret=0.045802 ape=0.5594
[14:35:03] regretChangePotential 35% (813/2307) regret=0.045802 ape=0.5594
[14:35:03] regretChangePotential 35% (814/2307) regret=0.045690 ape=0.5585
[14:35:03] regretChangePotential 35% (815/2307) regret=0.045570 ape=0.5576
[14:35:03] regretChangePotential 35% (816/2307) regret=0.045577 ape=0.5576
[14:35:03] regretChangePotential 35% (817/2307) regret=0.045577 ape=0.5576
[14:35:03] regretChangePotential 35% (818/2307) regret=0.045724 ape=0.5576
[14:35:04] regretChangePotential 35% (819/2307) regret=0.045632 ape=0.5576
[14:35:04] regretChangePotential 35% (820/2307) regret=0.045793 ape=0.5576
[14:35:04] regretChangePotential 35% (821/2307) regret=0.045411 ape=0.5567
[14:35:04] regretChangePotential 35% (822/2307) regret=0.045420 ape=0.5567
[14:35:04] regretChangePotential 35% (823/2307) regret=0.045442 ape=0.5567
[14:35:04] regretChangePotential 35% (824/2307) regret=0.045170 ape=0.5558
[14:35:04] regretChangePotential 35% (825/2307) regret=0.045117 ape=0.5558
[14:35:05] regretChangePotential 35% (826/2307) regret=0.044897 ape=0.5558
[14:35:05] regretChangePotential 35% (827/2307) regret=0.044868 ape=0.5558
[14:35:05] regretChangePotential 35% (828/2307) regret=0.044788 ape=0.5548
[14:35:05] regretChangePotential 35% (829/2307) regret=0.044788 ape=0.5548
[14:35:05] regretChangePotential 35% (830/2307) regret=0.044788 ape=0.5548
[14:35:05] regretChangePotential 36% (831/2307) regret=0.044788 ape=0.5548
[14:35:06] regretChangePotential 36% (832/2307) regret=0.044852 ape=0.5548
[14:35:06] regretChangePotential 36% (833/2307) regret=0.044788 ape=0.5548
[14:35:06] regretChangePotential 36% (834/2307) regret=0.044751 ape=0.5548
[14:35:06] regretChangePotential 36% (835/2307) regret=0.044530 ape=0.5539
[14:35:06] regretChangePotential 36% (836/2307) regret=0.044530 ape=0.5539
[14:35:06] regretChangePotential 36% (837/2307) regret=0.044530 ape=0.5539
[14:35:06] regretChangePotential 36% (838/2307) regret=0.044530 ape=0.5539
[14:35:07] regretChangePotential 36% (839/2307) regret=0.044530 ape=0.5539
[14:35:07] regretChangePotential 36% (840/2307) regret=0.044530 ape=0.5539
[14:35:07] regretChangePotential 36% (841/2307) regret=0.044530 ape=0.5539
[14:35:07] regretChangePotential 36% (842/2307) regret=0.044530 ape=0.5539
[14:35:07] regretChangePotential 36% (843/2307) regret=0.044530 ape=0.5539
[14:35:07] regretChangePotential 36% (844/2307) regret=0.044530 ape=0.5539
[14:35:07] regretChangePotential 36% (845/2307) regret=0.044530 ape=0.5539
[14:35:08] regretChangePotential 36% (846/2307) regret=0.044530 ape=0.5539
[14:35:08] regretChangePotential 36% (847/2307) regret=0.044437 ape=0.5539
[14:35:08] regretChangePotential 36% (848/2307) regret=0.044437 ape=0.5539
[14:35:08] regretChangePotential 36% (849/2307) regret=0.044437 ape=0.5539
[14:35:08] regretChangePotential 36% (850/2307) regret=0.044437 ape=0.5539
[14:35:08] regretChangePotential 36% (851/2307) regret=0.044437 ape=0.5539
[14:35:09] regretChangePotential 36% (852/2307) regret=0.044437 ape=0.5539
[14:35:09] regretChangePotential 36% (853/2307) regret=0.044428 ape=0.5539
[14:35:09] regretChangePotential 37% (854/2307) regret=0.044419 ape=0.5539
[14:35:09] regretChangePotential 37% (855/2307) regret=0.044419 ape=0.5539
[14:35:09] regretChangePotential 37% (856/2307) regret=0.044419 ape=0.5539
[14:35:09] regretChangePotential 37% (857/2307) regret=0.044419 ape=0.5539
[14:35:09] regretChangePotential 37% (858/2307) regret=0.044419 ape=0.5539
[14:35:10] regretChangePotential 37% (859/2307) regret=0.044419 ape=0.5539
[14:35:10] regretChangePotential 37% (860/2307) regret=0.044419 ape=0.5539
[14:35:10] regretChangePotential 37% (861/2307) regret=0.044419 ape=0.5539
[14:35:10] regretChangePotential 37% (862/2307) regret=0.044419 ape=0.5539
[14:35:10] regretChangePotential 37% (863/2307) regret=0.044419 ape=0.5539
[14:35:10] regretChangePotential 37% (864/2307) regret=0.044419 ape=0.5539
[14:35:10] regretChangePotential 37% (865/2307) regret=0.044419 ape=0.5539
[14:35:11] regretChangePotential 37% (866/2307) regret=0.044456 ape=0.5539
[14:35:11] regretChangePotential 37% (867/2307) regret=0.044414 ape=0.5539
[14:35:11] regretChangePotential 37% (868/2307) regret=0.044406 ape=0.5539
[14:35:11] regretChangePotential 37% (869/2307) regret=0.044456 ape=0.5539
[14:35:11] regretChangePotential 37% (870/2307) regret=0.044456 ape=0.5539
[14:35:11] regretChangePotential 37% (871/2307) regret=0.044456 ape=0.5539
[14:35:11] regretChangePotential 37% (872/2307) regret=0.044456 ape=0.5539
[14:35:12] regretChangePotential 37% (873/2307) regret=0.044456 ape=0.5539
[14:35:12] regretChangePotential 37% (874/2307) regret=0.044456 ape=0.5539
[14:35:12] regretChangePotential 37% (875/2307) regret=0.044456 ape=0.5539
[14:35:12] regretChangePotential 37% (876/2307) regret=0.044456 ape=0.5539
[14:35:12] regretChangePotential 38% (877/2307) regret=0.044456 ape=0.5539
[14:35:12] regretChangePotential 38% (878/2307) regret=0.044456 ape=0.5539
[14:35:12] regretChangePotential 38% (879/2307) regret=0.044456 ape=0.5539
[14:35:13] regretChangePotential 38% (880/2307) regret=0.044456 ape=0.5539
[14:35:13] regretChangePotential 38% (881/2307) regret=0.044456 ape=0.5539
[14:35:13] regretChangePotential 38% (882/2307) regret=0.044456 ape=0.5539
[14:35:13] regretChangePotential 38% (883/2307) regret=0.044456 ape=0.5539
[14:35:13] regretChangePotential 38% (884/2307) regret=0.044456 ape=0.5539
[14:35:13] regretChangePotential 38% (885/2307) regret=0.044456 ape=0.5539
[14:35:13] regretChangePotential 38% (886/2307) regret=0.044456 ape=0.5539
[14:35:14] regretChangePotential 38% (887/2307) regret=0.044456 ape=0.5539
[14:35:14] regretChangePotential 38% (888/2307) regret=0.044456 ape=0.5539
[14:35:14] regretChangePotential 38% (889/2307) regret=0.044456 ape=0.5539
[14:35:14] regretChangePotential 38% (890/2307) regret=0.044456 ape=0.5539
[14:35:14] regretChangePotential 38% (891/2307) regret=0.044456 ape=0.5539
[14:35:14] regretChangePotential 38% (892/2307) regret=0.044456 ape=0.5539
[14:35:14] regretChangePotential 38% (893/2307) regret=0.044456 ape=0.5539
[14:35:15] regretChangePotential 38% (894/2307) regret=0.044456 ape=0.5539
[14:35:15] regretChangePotential 38% (895/2307) regret=0.044456 ape=0.5539
[14:35:15] regretChangePotential 38% (896/2307) regret=0.044456 ape=0.5539
[14:35:15] regretChangePotential 38% (897/2307) regret=0.044456 ape=0.5539
[14:35:15] regretChangePotential 38% (898/2307) regret=0.044456 ape=0.5539
[14:35:15] regretChangePotential 38% (899/2307) regret=0.044456 ape=0.5539
[14:35:15] regretChangePotential 39% (900/2307) regret=0.044456 ape=0.5539
[14:35:16] regretChangePotential 39% (901/2307) regret=0.044456 ape=0.5539
[14:35:16] regretChangePotential 39% (902/2307) regret=0.044456 ape=0.5539
[14:35:16] regretChangePotential 39% (903/2307) regret=0.044456 ape=0.5539
[14:35:16] regretChangePotential 39% (904/2307) regret=0.044456 ape=0.5539
[14:35:16] regretChangePotential 39% (905/2307) regret=0.044456 ape=0.5539
[14:35:16] regretChangePotential 39% (906/2307) regret=0.044456 ape=0.5539
[14:35:17] regretChangePotential 39% (907/2307) regret=0.044456 ape=0.5539
[14:35:17] regretChangePotential 39% (908/2307) regret=0.044456 ape=0.5539
[14:35:17] regretChangePotential 39% (909/2307) regret=0.044456 ape=0.5539
[14:35:17] regretChangePotential 39% (910/2307) regret=0.044456 ape=0.5539
[14:35:17] regretChangePotential 39% (911/2307) regret=0.044456 ape=0.5539
[14:35:17] regretChangePotential 39% (912/2307) regret=0.044456 ape=0.5539
[14:35:17] regretChangePotential 39% (913/2307) regret=0.044456 ape=0.5539
[14:35:17] regretChangePotential 39% (914/2307) regret=0.044456 ape=0.5539
[14:35:18] regretChangePotential 39% (915/2307) regret=0.044452 ape=0.5530
[14:35:18] regretChangePotential 39% (916/2307) regret=0.044452 ape=0.5530
[14:35:18] regretChangePotential 39% (917/2307) regret=0.044452 ape=0.5530
[14:35:18] regretChangePotential 39% (918/2307) regret=0.044452 ape=0.5530
[14:35:18] regretChangePotential 39% (919/2307) regret=0.044452 ape=0.5530
[14:35:18] regretChangePotential 39% (920/2307) regret=0.044452 ape=0.5530
[14:35:18] regretChangePotential 39% (921/2307) regret=0.044452 ape=0.5530
[14:35:19] regretChangePotential 39% (922/2307) regret=0.044600 ape=0.5530
[14:35:19] regretChangePotential 40% (923/2307) regret=0.044600 ape=0.5530
[14:35:19] regretChangePotential 40% (924/2307) regret=0.044600 ape=0.5530
[14:35:19] regretChangePotential 40% (925/2307) regret=0.044600 ape=0.5530
[14:35:19] regretChangePotential 40% (926/2307) regret=0.044529 ape=0.5530
[14:35:19] regretChangePotential 40% (927/2307) regret=0.044501 ape=0.5530
[14:35:20] regretChangePotential 40% (928/2307) regret=0.044575 ape=0.5539
[14:35:20] regretChangePotential 40% (929/2307) regret=0.044676 ape=0.5539
[14:35:20] regretChangePotential 40% (930/2307) regret=0.044557 ape=0.5539
[14:35:20] regretChangePotential 40% (931/2307) regret=0.044471 ape=0.5539
[14:35:20] regretChangePotential 40% (932/2307) regret=0.044467 ape=0.5539
[14:35:20] regretChangePotential 40% (933/2307) regret=0.044448 ape=0.5530
[14:35:20] regretChangePotential 40% (934/2307) regret=0.044471 ape=0.5530
[14:35:21] regretChangePotential 40% (935/2307) regret=0.044681 ape=0.5530
[14:35:21] regretChangePotential 40% (936/2307) regret=0.044681 ape=0.5530
[14:35:21] regretChangePotential 40% (937/2307) regret=0.044681 ape=0.5530
[14:35:21] regretChangePotential 40% (938/2307) regret=0.044875 ape=0.5539
[14:35:21] regretChangePotential 40% (939/2307) regret=0.044635 ape=0.5530
[14:35:21] regretChangePotential 40% (940/2307) regret=0.044630 ape=0.5530
[14:35:21] regretChangePotential 40% (941/2307) regret=0.044584 ape=0.5530
[14:35:22] regretChangePotential 40% (942/2307) regret=0.044584 ape=0.5530
[14:35:22] regretChangePotential 40% (943/2307) regret=0.044782 ape=0.5530
[14:35:22] regretChangePotential 40% (944/2307) regret=0.044782 ape=0.5530
[14:35:22] regretChangePotential 40% (945/2307) regret=0.044672 ape=0.5530
[14:35:22] regretChangePotential 41% (946/2307) regret=0.044676 ape=0.5530
[14:35:22] regretChangePotential 41% (947/2307) regret=0.044676 ape=0.5530
[14:35:22] regretChangePotential 41% (948/2307) regret=0.044676 ape=0.5530
[14:35:23] regretChangePotential 41% (949/2307) regret=0.044643 ape=0.5530
[14:35:23] regretChangePotential 41% (950/2307) regret=0.044556 ape=0.5521
[14:35:23] regretChangePotential 41% (951/2307) regret=0.044416 ape=0.5521
[14:35:23] regretChangePotential 41% (952/2307) regret=0.044416 ape=0.5521
[14:35:23] regretChangePotential 41% (953/2307) regret=0.044259 ape=0.5521
[14:35:23] regretChangePotential 41% (954/2307) regret=0.044167 ape=0.5521
[14:35:24] regretChangePotential 41% (955/2307) regret=0.044268 ape=0.5521
[14:35:24] regretChangePotential 41% (956/2307) regret=0.044268 ape=0.5521
[14:35:24] regretChangePotential 41% (957/2307) regret=0.044310 ape=0.5530
[14:35:24] regretChangePotential 41% (958/2307) regret=0.044310 ape=0.5530
[14:35:24] regretChangePotential 41% (959/2307) regret=0.044672 ape=0.5548
[14:35:24] regretChangePotential 41% (960/2307) regret=0.044527 ape=0.5539
[14:35:24] regretChangePotential 41% (961/2307) regret=0.044527 ape=0.5539
[14:35:25] regretChangePotential 41% (962/2307) regret=0.044527 ape=0.5539
[14:35:25] regretChangePotential 41% (963/2307) regret=0.044524 ape=0.5539
[14:35:25] regretChangePotential 41% (964/2307) regret=0.044268 ape=0.5539
[14:35:25] regretChangePotential 41% (965/2307) regret=0.044268 ape=0.5539
[14:35:25] regretChangePotential 41% (966/2307) regret=0.044268 ape=0.5539
[14:35:25] regretChangePotential 41% (967/2307) regret=0.044268 ape=0.5539
[14:35:25] regretChangePotential 41% (968/2307) regret=0.044268 ape=0.5539
[14:35:26] regretChangePotential 42% (969/2307) regret=0.044268 ape=0.5539
[14:35:26] regretChangePotential 42% (970/2307) regret=0.044268 ape=0.5539
[14:35:26] regretChangePotential 42% (971/2307) regret=0.044268 ape=0.5539
[14:35:26] regretChangePotential 42% (972/2307) regret=0.044314 ape=0.5539
[14:35:26] regretChangePotential 42% (973/2307) regret=0.044290 ape=0.5539
[14:35:26] regretChangePotential 42% (974/2307) regret=0.044290 ape=0.5539
[14:35:26] regretChangePotential 42% (975/2307) regret=0.044144 ape=0.5539
[14:35:27] regretChangePotential 42% (976/2307) regret=0.044144 ape=0.5539
[14:35:27] regretChangePotential 42% (977/2307) regret=0.044144 ape=0.5539
[14:35:27] regretChangePotential 42% (978/2307) regret=0.044144 ape=0.5539
[14:35:27] regretChangePotential 42% (979/2307) regret=0.043960 ape=0.5530
[14:35:27] regretChangePotential 42% (980/2307) regret=0.043960 ape=0.5530
[14:35:27] regretChangePotential 42% (981/2307) regret=0.043895 ape=0.5530
[14:35:28] regretChangePotential 42% (982/2307) regret=0.043809 ape=0.5521
[14:35:28] regretChangePotential 42% (983/2307) regret=0.044021 ape=0.5521
[14:35:28] regretChangePotential 42% (984/2307) regret=0.044035 ape=0.5521
[14:35:28] regretChangePotential 42% (985/2307) regret=0.043828 ape=0.5512
[14:35:28] regretChangePotential 42% (986/2307) regret=0.043828 ape=0.5512
[14:35:28] regretChangePotential 42% (987/2307) regret=0.043828 ape=0.5512
[14:35:28] regretChangePotential 42% (988/2307) regret=0.043828 ape=0.5512
[14:35:29] regretChangePotential 42% (989/2307) regret=0.043828 ape=0.5512
[14:35:29] regretChangePotential 42% (990/2307) regret=0.043828 ape=0.5512
[14:35:29] regretChangePotential 42% (991/2307) regret=0.043828 ape=0.5512
[14:35:29] regretChangePotential 42% (992/2307) regret=0.043828 ape=0.5512
[14:35:29] regretChangePotential 43% (993/2307) regret=0.043828 ape=0.5512
[14:35:29] regretChangePotential 43% (994/2307) regret=0.043828 ape=0.5512
[14:35:29] regretChangePotential 43% (995/2307) regret=0.043828 ape=0.5512
[14:35:30] regretChangePotential 43% (996/2307) regret=0.043828 ape=0.5512
[14:35:30] regretChangePotential 43% (997/2307) regret=0.043828 ape=0.5512
[14:35:30] regretChangePotential 43% (998/2307) regret=0.043828 ape=0.5512
[14:35:30] regretChangePotential 43% (999/2307) regret=0.043828 ape=0.5512
[14:35:30] regretChangePotential 43% (1000/2307) regret=0.043828 ape=0.5512
[14:35:30] regretChangePotential 43% (1001/2307) regret=0.043828 ape=0.5512
[14:35:30] regretChangePotential 43% (1002/2307) regret=0.043828 ape=0.5512
[14:35:31] regretChangePotential 43% (1003/2307) regret=0.043828 ape=0.5512
[14:35:31] regretChangePotential 43% (1004/2307) regret=0.043828 ape=0.5512
[14:35:31] regretChangePotential 43% (1005/2307) regret=0.043828 ape=0.5512
[14:35:31] regretChangePotential 43% (1006/2307) regret=0.043832 ape=0.5512
[14:35:31] regretChangePotential 43% (1007/2307) regret=0.043832 ape=0.5512
[14:35:31] regretChangePotential 43% (1008/2307) regret=0.043832 ape=0.5512
[14:35:31] regretChangePotential 43% (1009/2307) regret=0.043832 ape=0.5512
[14:35:32] regretChangePotential 43% (1010/2307) regret=0.043832 ape=0.5512
[14:35:32] regretChangePotential 43% (1011/2307) regret=0.043832 ape=0.5512
[14:35:32] regretChangePotential 43% (1012/2307) regret=0.043832 ape=0.5512
[14:35:32] regretChangePotential 43% (1013/2307) regret=0.043846 ape=0.5512
[14:35:32] regretChangePotential 43% (1014/2307) regret=0.043832 ape=0.5512
[14:35:32] regretChangePotential 43% (1015/2307) regret=0.043731 ape=0.5512
[14:35:33] regretChangePotential 44% (1016/2307) regret=0.043703 ape=0.5502
[14:35:33] regretChangePotential 44% (1017/2307) regret=0.043703 ape=0.5502
[14:35:33] regretChangePotential 44% (1018/2307) regret=0.043685 ape=0.5493
[14:35:33] regretChangePotential 44% (1019/2307) regret=0.043645 ape=0.5484
[14:35:33] regretChangePotential 44% (1020/2307) regret=0.043645 ape=0.5484
[14:35:33] regretChangePotential 44% (1021/2307) regret=0.043291 ape=0.5465
[14:35:33] regretChangePotential 44% (1022/2307) regret=0.043208 ape=0.5456
[14:35:34] regretChangePotential 44% (1023/2307) regret=0.043208 ape=0.5456
[14:35:34] regretChangePotential 44% (1024/2307) regret=0.042894 ape=0.5456
[14:35:34] regretChangePotential 44% (1025/2307) regret=0.042927 ape=0.5456
[14:35:34] regretChangePotential 44% (1026/2307) regret=0.042927 ape=0.5456
[14:35:34] regretChangePotential 44% (1027/2307) regret=0.042696 ape=0.5456
[14:35:34] regretChangePotential 44% (1028/2307) regret=0.042696 ape=0.5456
[14:35:35] regretChangePotential 44% (1029/2307) regret=0.042586 ape=0.5456
[14:35:35] regretChangePotential 44% (1030/2307) regret=0.042567 ape=0.5456
[14:35:35] regretChangePotential 44% (1031/2307) regret=0.042268 ape=0.5456
[14:35:35] regretChangePotential 44% (1032/2307) regret=0.042268 ape=0.5456
[14:35:35] regretChangePotential 44% (1033/2307) regret=0.042212 ape=0.5447
[14:35:35] regretChangePotential 44% (1034/2307) regret=0.042203 ape=0.5438
[14:35:35] regretChangePotential 44% (1035/2307) regret=0.042102 ape=0.5429
[14:35:36] regretChangePotential 44% (1036/2307) regret=0.042102 ape=0.5429
[14:35:36] regretChangePotential 44% (1037/2307) regret=0.042083 ape=0.5419
[14:35:36] regretChangePotential 44% (1038/2307) regret=0.042083 ape=0.5419
[14:35:36] regretChangePotential 45% (1039/2307) regret=0.041910 ape=0.5410
[14:35:36] regretChangePotential 45% (1040/2307) regret=0.041947 ape=0.5410
[14:35:36] regretChangePotential 45% (1041/2307) regret=0.041910 ape=0.5410
[14:35:36] regretChangePotential 45% (1042/2307) regret=0.041949 ape=0.5410
[14:35:37] regretChangePotential 45% (1043/2307) regret=0.041910 ape=0.5410
[14:35:37] regretChangePotential 45% (1044/2307) regret=0.041699 ape=0.5410
[14:35:37] regretChangePotential 45% (1045/2307) regret=0.041699 ape=0.5410
[14:35:37] regretChangePotential 45% (1046/2307) regret=0.041699 ape=0.5410
[14:35:37] regretChangePotential 45% (1047/2307) regret=0.041859 ape=0.5410
[14:35:37] regretChangePotential 45% (1048/2307) regret=0.041753 ape=0.5410
[14:35:37] regretChangePotential 45% (1049/2307) regret=0.042011 ape=0.5410
[14:35:38] regretChangePotential 45% (1050/2307) regret=0.041744 ape=0.5410
[14:35:38] regretChangePotential 45% (1051/2307) regret=0.041818 ape=0.5401
[14:35:38] regretChangePotential 45% (1052/2307) regret=0.041712 ape=0.5392
[14:35:38] regretChangePotential 45% (1053/2307) regret=0.041841 ape=0.5401
[14:35:38] regretChangePotential 45% (1054/2307) regret=0.041712 ape=0.5392
[14:35:38] regretChangePotential 45% (1055/2307) regret=0.041712 ape=0.5392
[14:35:39] regretChangePotential 45% (1056/2307) regret=0.041733 ape=0.5392
[14:35:39] regretChangePotential 45% (1057/2307) regret=0.041871 ape=0.5392
[14:35:39] regretChangePotential 45% (1058/2307) regret=0.041822 ape=0.5392
[14:35:39] regretChangePotential 45% (1059/2307) regret=0.041887 ape=0.5392
[14:35:39] regretChangePotential 45% (1060/2307) regret=0.041887 ape=0.5392
[14:35:39] regretChangePotential 45% (1061/2307) regret=0.041887 ape=0.5392
[14:35:39] regretChangePotential 46% (1062/2307) regret=0.041887 ape=0.5392
[14:35:40] regretChangePotential 46% (1063/2307) regret=0.041887 ape=0.5392
[14:35:40] regretChangePotential 46% (1064/2307) regret=0.041887 ape=0.5392
[14:35:40] regretChangePotential 46% (1065/2307) regret=0.041887 ape=0.5392
[14:35:40] regretChangePotential 46% (1066/2307) regret=0.041887 ape=0.5392
[14:35:40] regretChangePotential 46% (1067/2307) regret=0.041739 ape=0.5392
[14:35:40] regretChangePotential 46% (1068/2307) regret=0.041739 ape=0.5392
[14:35:40] regretChangePotential 46% (1069/2307) regret=0.041739 ape=0.5392
[14:35:41] regretChangePotential 46% (1070/2307) regret=0.041739 ape=0.5392
[14:35:41] regretChangePotential 46% (1071/2307) regret=0.041739 ape=0.5392
[14:35:41] regretChangePotential 46% (1072/2307) regret=0.041702 ape=0.5392
[14:35:41] regretChangePotential 46% (1073/2307) regret=0.041702 ape=0.5392
[14:35:41] regretChangePotential 46% (1074/2307) regret=0.041702 ape=0.5392
[14:35:41] regretChangePotential 46% (1075/2307) regret=0.041702 ape=0.5392
[14:35:42] regretChangePotential 46% (1076/2307) regret=0.041702 ape=0.5392
[14:35:42] regretChangePotential 46% (1077/2307) regret=0.041283 ape=0.5382
[14:35:42] regretChangePotential 46% (1078/2307) regret=0.041099 ape=0.5373
[14:35:42] regretChangePotential 46% (1079/2307) regret=0.040546 ape=0.5364
[14:35:42] regretChangePotential 46% (1080/2307) regret=0.040371 ape=0.5355
[14:35:42] regretChangePotential 46% (1081/2307) regret=0.040371 ape=0.5355
[14:35:42] regretChangePotential 46% (1082/2307) regret=0.040371 ape=0.5355
[14:35:43] regretChangePotential 46% (1083/2307) regret=0.040371 ape=0.5355
[14:35:43] regretChangePotential 46% (1084/2307) regret=0.040364 ape=0.5346
[14:35:43] regretChangePotential 47% (1085/2307) regret=0.040420 ape=0.5346
[14:35:43] regretChangePotential 47% (1086/2307) regret=0.040420 ape=0.5346
[14:35:43] regretChangePotential 47% (1087/2307) regret=0.040724 ape=0.5355
[14:35:43] regretChangePotential 47% (1088/2307) regret=0.040724 ape=0.5355
[14:35:43] regretChangePotential 47% (1089/2307) regret=0.040721 ape=0.5346
[14:35:44] regretChangePotential 47% (1090/2307) regret=0.040649 ape=0.5336
[14:35:44] regretChangePotential 47% (1091/2307) regret=0.040649 ape=0.5336
[14:35:44] regretChangePotential 47% (1092/2307) regret=0.040649 ape=0.5336
[14:35:44] regretChangePotential 47% (1093/2307) regret=0.040649 ape=0.5336
[14:35:44] regretChangePotential 47% (1094/2307) regret=0.040649 ape=0.5336
[14:35:44] regretChangePotential 47% (1095/2307) regret=0.040649 ape=0.5336
[14:35:44] regretChangePotential 47% (1096/2307) regret=0.040649 ape=0.5336
[14:35:45] regretChangePotential 47% (1097/2307) regret=0.040649 ape=0.5336
[14:35:45] regretChangePotential 47% (1098/2307) regret=0.040649 ape=0.5336
[14:35:45] regretChangePotential 47% (1099/2307) regret=0.040649 ape=0.5336
[14:35:45] regretChangePotential 47% (1100/2307) regret=0.040649 ape=0.5336
[14:35:45] regretChangePotential 47% (1101/2307) regret=0.040649 ape=0.5336
[14:35:45] regretChangePotential 47% (1102/2307) regret=0.040649 ape=0.5336
[14:35:45] regretChangePotential 47% (1103/2307) regret=0.040685 ape=0.5336
[14:35:46] regretChangePotential 47% (1104/2307) regret=0.040685 ape=0.5336
[14:35:46] regretChangePotential 47% (1105/2307) regret=0.040593 ape=0.5327
[14:35:46] regretChangePotential 47% (1106/2307) regret=0.040593 ape=0.5327
[14:35:46] regretChangePotential 47% (1107/2307) regret=0.040593 ape=0.5327
[14:35:46] regretChangePotential 48% (1108/2307) regret=0.040649 ape=0.5327
[14:35:46] regretChangePotential 48% (1109/2307) regret=0.040266 ape=0.5318
[14:35:47] regretChangePotential 48% (1110/2307) regret=0.040165 ape=0.5318
[14:35:47] regretChangePotential 48% (1111/2307) regret=0.040169 ape=0.5318
[14:35:47] regretChangePotential 48% (1112/2307) regret=0.040169 ape=0.5318
[14:35:47] regretChangePotential 48% (1113/2307) regret=0.040556 ape=0.5327
[14:35:47] regretChangePotential 48% (1114/2307) regret=0.040556 ape=0.5327
[14:35:47] regretChangePotential 48% (1115/2307) regret=0.040556 ape=0.5327
[14:35:47] regretChangePotential 48% (1116/2307) regret=0.040556 ape=0.5327
[14:35:48] regretChangePotential 48% (1117/2307) regret=0.040326 ape=0.5318
[14:35:48] regretChangePotential 48% (1118/2307) regret=0.040326 ape=0.5318
[14:35:48] regretChangePotential 48% (1119/2307) regret=0.040326 ape=0.5318
[14:35:48] regretChangePotential 48% (1120/2307) regret=0.040326 ape=0.5318
[14:35:48] regretChangePotential 48% (1121/2307) regret=0.040326 ape=0.5318
[14:35:48] regretChangePotential 48% (1122/2307) regret=0.040363 ape=0.5318
[14:35:48] regretChangePotential 48% (1123/2307) regret=0.040400 ape=0.5318
[14:35:49] regretChangePotential 48% (1124/2307) regret=0.040395 ape=0.5318
[14:35:49] regretChangePotential 48% (1125/2307) regret=0.040395 ape=0.5318
[14:35:49] regretChangePotential 48% (1126/2307) regret=0.040395 ape=0.5318
[14:35:49] regretChangePotential 48% (1127/2307) regret=0.040366 ape=0.5309
[14:35:49] regretChangePotential 48% (1128/2307) regret=0.040366 ape=0.5309
[14:35:49] regretChangePotential 48% (1129/2307) regret=0.040366 ape=0.5309
[14:35:49] regretChangePotential 48% (1130/2307) regret=0.040366 ape=0.5309
[14:35:50] regretChangePotential 49% (1131/2307) regret=0.040366 ape=0.5309
[14:35:50] regretChangePotential 49% (1132/2307) regret=0.040364 ape=0.5309
[14:35:50] regretChangePotential 49% (1133/2307) regret=0.040364 ape=0.5309
[14:35:50] regretChangePotential 49% (1134/2307) regret=0.040364 ape=0.5309
[14:35:50] regretChangePotential 49% (1135/2307) regret=0.040364 ape=0.5309
[14:35:50] regretChangePotential 49% (1136/2307) regret=0.040271 ape=0.5300
[14:35:50] regretChangePotential 49% (1137/2307) regret=0.040271 ape=0.5300
[14:35:51] regretChangePotential 49% (1138/2307) regret=0.040271 ape=0.5300
[14:35:51] regretChangePotential 49% (1139/2307) regret=0.040212 ape=0.5300
[14:35:51] regretChangePotential 49% (1140/2307) regret=0.040212 ape=0.5300
[14:35:51] regretChangePotential 49% (1141/2307) regret=0.040267 ape=0.5300
[14:35:51] regretChangePotential 49% (1142/2307) regret=0.040248 ape=0.5300
[14:35:51] regretChangePotential 49% (1143/2307) regret=0.040248 ape=0.5300
[14:35:51] regretChangePotential 49% (1144/2307) regret=0.040184 ape=0.5300
[14:35:52] regretChangePotential 49% (1145/2307) regret=0.040463 ape=0.5300
[14:35:52] regretChangePotential 49% (1146/2307) regret=0.040463 ape=0.5300
[14:35:52] regretChangePotential 49% (1147/2307) regret=0.040647 ape=0.5300
[14:35:52] regretChangePotential 49% (1148/2307) regret=0.040647 ape=0.5300
[14:35:52] regretChangePotential 49% (1149/2307) regret=0.040647 ape=0.5300
[14:35:52] regretChangePotential 49% (1150/2307) regret=0.040647 ape=0.5300
[14:35:52] regretChangePotential 49% (1151/2307) regret=0.040645 ape=0.5309
[14:35:53] regretChangePotential 49% (1152/2307) regret=0.040737 ape=0.5309
[14:35:53] regretChangePotential 49% (1153/2307) regret=0.040737 ape=0.5309
[14:35:53] regretChangePotential 50% (1154/2307) regret=0.040795 ape=0.5309
[14:35:53] regretChangePotential 50% (1155/2307) regret=0.040696 ape=0.5309
[14:35:53] regretChangePotential 50% (1156/2307) regret=0.040696 ape=0.5309
[14:35:53] regretChangePotential 50% (1157/2307) regret=0.040696 ape=0.5309
[14:35:54] regretChangePotential 50% (1158/2307) regret=0.040395 ape=0.5290
[14:35:54] regretChangePotential 50% (1159/2307) regret=0.040215 ape=0.5290
[14:35:54] regretChangePotential 50% (1160/2307) regret=0.040215 ape=0.5290
[14:35:54] regretChangePotential 50% (1161/2307) regret=0.040150 ape=0.5290
[14:35:54] regretChangePotential 50% (1162/2307) regret=0.039950 ape=0.5290
[14:35:54] regretChangePotential 50% (1163/2307) regret=0.039996 ape=0.5290
[14:35:54] regretChangePotential 50% (1164/2307) regret=0.039996 ape=0.5290
[14:35:55] regretChangePotential 50% (1165/2307) regret=0.039612 ape=0.5281
[14:35:55] regretChangePotential 50% (1166/2307) regret=0.039612 ape=0.5281
[14:35:55] regretChangePotential 50% (1167/2307) regret=0.039391 ape=0.5272
[14:35:55] regretChangePotential 50% (1168/2307) regret=0.039391 ape=0.5272
[14:35:55] regretChangePotential 50% (1169/2307) regret=0.039391 ape=0.5272
[14:35:55] regretChangePotential 50% (1170/2307) regret=0.039391 ape=0.5272
[14:35:55] regretChangePotential 50% (1171/2307) regret=0.039455 ape=0.5272
[14:35:56] regretChangePotential 50% (1172/2307) regret=0.039455 ape=0.5272
[14:35:56] regretChangePotential 50% (1173/2307) regret=0.039455 ape=0.5272
[14:35:56] regretChangePotential 50% (1174/2307) regret=0.039455 ape=0.5272
[14:35:56] regretChangePotential 50% (1175/2307) regret=0.039455 ape=0.5272
[14:35:56] regretChangePotential 50% (1176/2307) regret=0.039455 ape=0.5272
[14:35:56] regretChangePotential 51% (1177/2307) regret=0.039455 ape=0.5272
[14:35:56] regretChangePotential 51% (1178/2307) regret=0.039474 ape=0.5272
[14:35:57] regretChangePotential 51% (1179/2307) regret=0.039474 ape=0.5272
[14:35:57] regretChangePotential 51% (1180/2307) regret=0.039474 ape=0.5272
[14:35:57] regretChangePotential 51% (1181/2307) regret=0.039362 ape=0.5272
[14:35:57] regretChangePotential 51% (1182/2307) regret=0.039474 ape=0.5272
[14:35:57] regretChangePotential 51% (1183/2307) regret=0.039474 ape=0.5272
[14:35:57] regretChangePotential 51% (1184/2307) regret=0.039474 ape=0.5272
[14:35:57] regretChangePotential 51% (1185/2307) regret=0.039474 ape=0.5272
[14:35:58] regretChangePotential 51% (1186/2307) regret=0.039474 ape=0.5272
[14:35:58] regretChangePotential 51% (1187/2307) regret=0.039474 ape=0.5272
[14:35:58] regretChangePotential 51% (1188/2307) regret=0.039474 ape=0.5272
[14:35:58] regretChangePotential 51% (1189/2307) regret=0.039474 ape=0.5272
[14:35:58] regretChangePotential 51% (1190/2307) regret=0.039474 ape=0.5272
[14:35:58] regretChangePotential 51% (1191/2307) regret=0.039474 ape=0.5272
[14:35:58] regretChangePotential 51% (1192/2307) regret=0.039474 ape=0.5272
[14:35:59] regretChangePotential 51% (1193/2307) regret=0.039474 ape=0.5272
[14:35:59] regretChangePotential 51% (1194/2307) regret=0.039416 ape=0.5272
[14:35:59] regretChangePotential 51% (1195/2307) regret=0.039251 ape=0.5272
[14:35:59] regretChangePotential 51% (1196/2307) regret=0.039251 ape=0.5272
[14:35:59] regretChangePotential 51% (1197/2307) regret=0.039251 ape=0.5272
[14:35:59] regretChangePotential 51% (1198/2307) regret=0.039145 ape=0.5272
[14:35:59] regretChangePotential 51% (1199/2307) regret=0.039145 ape=0.5272
[14:36:00] regretChangePotential 52% (1200/2307) regret=0.039145 ape=0.5272
[14:36:00] regretChangePotential 52% (1201/2307) regret=0.039145 ape=0.5272
[14:36:00] regretChangePotential 52% (1202/2307) regret=0.039145 ape=0.5272
[14:36:00] regretChangePotential 52% (1203/2307) regret=0.039145 ape=0.5272
[14:36:00] regretChangePotential 52% (1204/2307) regret=0.039145 ape=0.5272
[14:36:00] regretChangePotential 52% (1205/2307) regret=0.039145 ape=0.5272
[14:36:01] regretChangePotential 52% (1206/2307) regret=0.039145 ape=0.5272
[14:36:01] regretChangePotential 52% (1207/2307) regret=0.039145 ape=0.5272
[14:36:01] regretChangePotential 52% (1208/2307) regret=0.039145 ape=0.5272
[14:36:01] regretChangePotential 52% (1209/2307) regret=0.039145 ape=0.5272
[14:36:01] regretChangePotential 52% (1210/2307) regret=0.039145 ape=0.5272
[14:36:01] regretChangePotential 52% (1211/2307) regret=0.039022 ape=0.5272
[14:36:01] regretChangePotential 52% (1212/2307) regret=0.039022 ape=0.5272
[14:36:02] regretChangePotential 52% (1213/2307) regret=0.039022 ape=0.5272
[14:36:02] regretChangePotential 52% (1214/2307) regret=0.039022 ape=0.5272
[14:36:02] regretChangePotential 52% (1215/2307) regret=0.039022 ape=0.5272
[14:36:02] regretChangePotential 52% (1216/2307) regret=0.039022 ape=0.5272
[14:36:02] regretChangePotential 52% (1217/2307) regret=0.039022 ape=0.5272
[14:36:02] regretChangePotential 52% (1218/2307) regret=0.039022 ape=0.5272
[14:36:02] regretChangePotential 52% (1219/2307) regret=0.039022 ape=0.5272
[14:36:03] regretChangePotential 52% (1220/2307) regret=0.039022 ape=0.5272
[14:36:03] regretChangePotential 52% (1221/2307) regret=0.039252 ape=0.5281
[14:36:03] regretChangePotential 52% (1222/2307) regret=0.039252 ape=0.5281
[14:36:03] regretChangePotential 53% (1223/2307) regret=0.039252 ape=0.5281
[14:36:03] regretChangePotential 53% (1224/2307) regret=0.039252 ape=0.5281
[14:36:03] regretChangePotential 53% (1225/2307) regret=0.039252 ape=0.5281
[14:36:03] regretChangePotential 53% (1226/2307) regret=0.039252 ape=0.5281
[14:36:04] regretChangePotential 53% (1227/2307) regret=0.039252 ape=0.5281
[14:36:04] regretChangePotential 53% (1228/2307) regret=0.039252 ape=0.5281
[14:36:04] regretChangePotential 53% (1229/2307) regret=0.039252 ape=0.5281
[14:36:04] regretChangePotential 53% (1230/2307) regret=0.039252 ape=0.5281
[14:36:04] regretChangePotential 53% (1231/2307) regret=0.039252 ape=0.5281
[14:36:04] regretChangePotential 53% (1232/2307) regret=0.039252 ape=0.5281
[14:36:04] regretChangePotential 53% (1233/2307) regret=0.039252 ape=0.5281
[14:36:05] regretChangePotential 53% (1234/2307) regret=0.039275 ape=0.5290
[14:36:05] regretChangePotential 53% (1235/2307) regret=0.039116 ape=0.5281
[14:36:05] regretChangePotential 53% (1236/2307) regret=0.039116 ape=0.5281
[14:36:05] regretChangePotential 53% (1237/2307) regret=0.039116 ape=0.5281
[14:36:05] regretChangePotential 53% (1238/2307) regret=0.039116 ape=0.5281
[14:36:05] regretChangePotential 53% (1239/2307) regret=0.039088 ape=0.5281
[14:36:05] regretChangePotential 53% (1240/2307) regret=0.039088 ape=0.5281
[14:36:06] regretChangePotential 53% (1241/2307) regret=0.039098 ape=0.5290
[14:36:06] regretChangePotential 53% (1242/2307) regret=0.039098 ape=0.5290
[14:36:06] regretChangePotential 53% (1243/2307) regret=0.039132 ape=0.5290
[14:36:06] regretChangePotential 53% (1244/2307) regret=0.039143 ape=0.5290
[14:36:06] regretChangePotential 53% (1245/2307) regret=0.039132 ape=0.5290
[14:36:06] regretChangePotential 54% (1246/2307) regret=0.039132 ape=0.5290
[14:36:06] regretChangePotential 54% (1247/2307) regret=0.039132 ape=0.5290
[14:36:07] regretChangePotential 54% (1248/2307) regret=0.039251 ape=0.5290
[14:36:07] regretChangePotential 54% (1249/2307) regret=0.039196 ape=0.5290
[14:36:07] regretChangePotential 54% (1250/2307) regret=0.039141 ape=0.5290
[14:36:07] regretChangePotential 54% (1251/2307) regret=0.039039 ape=0.5290
[14:36:07] regretChangePotential 54% (1252/2307) regret=0.038611 ape=0.5290
[14:36:07] regretChangePotential 54% (1253/2307) regret=0.038602 ape=0.5281
[14:36:08] regretChangePotential 54% (1254/2307) regret=0.038602 ape=0.5281
[14:36:08] regretChangePotential 54% (1255/2307) regret=0.038602 ape=0.5281
[14:36:08] regretChangePotential 54% (1256/2307) regret=0.038832 ape=0.5281
[14:36:08] regretChangePotential 54% (1257/2307) regret=0.038921 ape=0.5281
[14:36:08] regretChangePotential 54% (1258/2307) regret=0.038602 ape=0.5281
[14:36:08] regretChangePotential 54% (1259/2307) regret=0.038510 ape=0.5281
[14:36:08] regretChangePotential 54% (1260/2307) regret=0.038510 ape=0.5281
[14:36:09] regretChangePotential 54% (1261/2307) regret=0.038537 ape=0.5281
[14:36:09] regretChangePotential 54% (1262/2307) regret=0.038546 ape=0.5281
[14:36:09] regretChangePotential 54% (1263/2307) regret=0.038427 ape=0.5281
[14:36:09] regretChangePotential 54% (1264/2307) regret=0.038293 ape=0.5272
[14:36:09] regretChangePotential 54% (1265/2307) regret=0.038293 ape=0.5272
[14:36:09] regretChangePotential 54% (1266/2307) regret=0.038293 ape=0.5272
[14:36:09] regretChangePotential 54% (1267/2307) regret=0.038238 ape=0.5263
[14:36:10] regretChangePotential 54% (1268/2307) regret=0.038238 ape=0.5263
[14:36:10] regretChangePotential 55% (1269/2307) regret=0.038238 ape=0.5263
[14:36:10] regretChangePotential 55% (1270/2307) regret=0.038238 ape=0.5263
[14:36:10] regretChangePotential 55% (1271/2307) regret=0.038192 ape=0.5253
[14:36:10] regretChangePotential 55% (1272/2307) regret=0.038104 ape=0.5253
[14:36:10] regretChangePotential 55% (1273/2307) regret=0.038104 ape=0.5253
[14:36:10] regretChangePotential 55% (1274/2307) regret=0.038104 ape=0.5253
[14:36:11] regretChangePotential 55% (1275/2307) regret=0.038104 ape=0.5253
[14:36:11] regretChangePotential 55% (1276/2307) regret=0.038132 ape=0.5253
[14:36:11] regretChangePotential 55% (1277/2307) regret=0.038099 ape=0.5244
[14:36:11] regretChangePotential 55% (1278/2307) regret=0.038099 ape=0.5244
[14:36:11] regretChangePotential 55% (1279/2307) regret=0.038099 ape=0.5244
[14:36:11] regretChangePotential 55% (1280/2307) regret=0.038067 ape=0.5235
[14:36:12] regretChangePotential 55% (1281/2307) regret=0.037648 ape=0.5226
[14:36:12] regretChangePotential 55% (1282/2307) regret=0.037648 ape=0.5226
[14:36:12] regretChangePotential 55% (1283/2307) regret=0.037614 ape=0.5217
[14:36:12] regretChangePotential 55% (1284/2307) regret=0.037614 ape=0.5217
[14:36:12] regretChangePotential 55% (1285/2307) regret=0.037614 ape=0.5217
[14:36:12] regretChangePotential 55% (1286/2307) regret=0.037614 ape=0.5217
[14:36:12] regretChangePotential 55% (1287/2307) regret=0.037614 ape=0.5217
[14:36:13] regretChangePotential 55% (1288/2307) regret=0.037706 ape=0.5217
[14:36:13] regretChangePotential 55% (1289/2307) regret=0.037706 ape=0.5217
[14:36:13] regretChangePotential 55% (1290/2307) regret=0.037706 ape=0.5217
[14:36:13] regretChangePotential 55% (1291/2307) regret=0.037937 ape=0.5217
[14:36:13] regretChangePotential 56% (1292/2307) regret=0.037697 ape=0.5217
[14:36:13] regretChangePotential 56% (1293/2307) regret=0.037697 ape=0.5217
[14:36:13] regretChangePotential 56% (1294/2307) regret=0.038029 ape=0.5226
[14:36:14] regretChangePotential 56% (1295/2307) regret=0.037953 ape=0.5235
[14:36:14] regretChangePotential 56% (1296/2307) regret=0.037761 ape=0.5235
[14:36:14] regretChangePotential 56% (1297/2307) regret=0.037789 ape=0.5235
[14:36:14] regretChangePotential 56% (1298/2307) regret=0.037832 ape=0.5226
[14:36:14] regretChangePotential 56% (1299/2307) regret=0.037832 ape=0.5226
[14:36:14] regretChangePotential 56% (1300/2307) regret=0.037832 ape=0.5226
[14:36:15] regretChangePotential 56% (1301/2307) regret=0.037832 ape=0.5226
[14:36:15] regretChangePotential 56% (1302/2307) regret=0.037832 ape=0.5226
[14:36:15] regretChangePotential 56% (1303/2307) regret=0.037832 ape=0.5226
[14:36:15] regretChangePotential 56% (1304/2307) regret=0.037832 ape=0.5226
[14:36:15] regretChangePotential 56% (1305/2307) regret=0.037832 ape=0.5226
[14:36:15] regretChangePotential 56% (1306/2307) regret=0.037834 ape=0.5226
[14:36:15] regretChangePotential 56% (1307/2307) regret=0.037834 ape=0.5226
[14:36:16] regretChangePotential 56% (1308/2307) regret=0.037834 ape=0.5226
[14:36:16] regretChangePotential 56% (1309/2307) regret=0.037746 ape=0.5226
[14:36:16] regretChangePotential 56% (1310/2307) regret=0.037629 ape=0.5226
[14:36:16] regretChangePotential 56% (1311/2307) regret=0.037493 ape=0.5217
[14:36:16] regretChangePotential 56% (1312/2307) regret=0.038027 ape=0.5217
[14:36:16] regretChangePotential 56% (1313/2307) regret=0.037972 ape=0.5217
[14:36:16] regretChangePotential 56% (1314/2307) regret=0.037456 ape=0.5207
[14:36:17] regretChangePotential 57% (1315/2307) regret=0.037640 ape=0.5217
[14:36:17] regretChangePotential 57% (1316/2307) regret=0.037640 ape=0.5217
[14:36:17] regretChangePotential 57% (1317/2307) regret=0.037640 ape=0.5217
[14:36:17] regretChangePotential 57% (1318/2307) regret=0.037640 ape=0.5217
[14:36:17] regretChangePotential 57% (1319/2307) regret=0.037640 ape=0.5217
[14:36:17] regretChangePotential 57% (1320/2307) regret=0.037640 ape=0.5217
[14:36:18] regretChangePotential 57% (1321/2307) regret=0.037640 ape=0.5217
[14:36:18] regretChangePotential 57% (1322/2307) regret=0.037640 ape=0.5217
[14:36:18] regretChangePotential 57% (1323/2307) regret=0.037640 ape=0.5217
[14:36:18] regretChangePotential 57% (1324/2307) regret=0.037640 ape=0.5217
[14:36:18] regretChangePotential 57% (1325/2307) regret=0.037797 ape=0.5226
[14:36:18] regretChangePotential 57% (1326/2307) regret=0.037276 ape=0.5217
[14:36:19] regretChangePotential 57% (1327/2307) regret=0.037276 ape=0.5217
[14:36:19] regretChangePotential 57% (1328/2307) regret=0.037276 ape=0.5217
[14:36:19] regretChangePotential 57% (1329/2307) regret=0.037276 ape=0.5217
[14:36:19] regretChangePotential 57% (1330/2307) regret=0.037276 ape=0.5217
[14:36:19] regretChangePotential 57% (1331/2307) regret=0.036566 ape=0.5207
[14:36:19] regretChangePotential 57% (1332/2307) regret=0.036543 ape=0.5207
[14:36:19] regretChangePotential 57% (1333/2307) regret=0.036543 ape=0.5207
[14:36:20] regretChangePotential 57% (1334/2307) regret=0.036543 ape=0.5207
[14:36:20] regretChangePotential 57% (1335/2307) regret=0.036608 ape=0.5217
[14:36:20] regretChangePotential 57% (1336/2307) regret=0.036608 ape=0.5217
[14:36:20] regretChangePotential 57% (1337/2307) regret=0.036608 ape=0.5217
[14:36:20] regretChangePotential 57% (1338/2307) regret=0.036608 ape=0.5217
[14:36:20] regretChangePotential 58% (1339/2307) regret=0.036608 ape=0.5217
[14:36:21] regretChangePotential 58% (1340/2307) regret=0.036682 ape=0.5217
[14:36:21] regretChangePotential 58% (1341/2307) regret=0.036682 ape=0.5217
[14:36:21] regretChangePotential 58% (1342/2307) regret=0.036682 ape=0.5217
[14:36:21] regretChangePotential 58% (1343/2307) regret=0.036682 ape=0.5217
[14:36:21] regretChangePotential 58% (1344/2307) regret=0.036682 ape=0.5217
[14:36:21] regretChangePotential 58% (1345/2307) regret=0.036682 ape=0.5217
[14:36:21] regretChangePotential 58% (1346/2307) regret=0.036682 ape=0.5217
[14:36:22] regretChangePotential 58% (1347/2307) regret=0.036682 ape=0.5217
[14:36:22] regretChangePotential 58% (1348/2307) regret=0.036682 ape=0.5217
[14:36:22] regretChangePotential 58% (1349/2307) regret=0.036682 ape=0.5217
[14:36:22] regretChangePotential 58% (1350/2307) regret=0.036682 ape=0.5217
[14:36:22] regretChangePotential 58% (1351/2307) regret=0.036737 ape=0.5217
[14:36:22] regretChangePotential 58% (1352/2307) regret=0.036737 ape=0.5217
[14:36:23] regretChangePotential 58% (1353/2307) regret=0.036368 ape=0.5207
[14:36:23] regretChangePotential 58% (1354/2307) regret=0.036368 ape=0.5207
[14:36:23] regretChangePotential 58% (1355/2307) regret=0.035820 ape=0.5198
[14:36:23] regretChangePotential 58% (1356/2307) regret=0.035820 ape=0.5198
[14:36:23] regretChangePotential 58% (1357/2307) regret=0.035820 ape=0.5198
[14:36:23] regretChangePotential 58% (1358/2307) regret=0.035820 ape=0.5198
[14:36:23] regretChangePotential 58% (1359/2307) regret=0.035801 ape=0.5198
[14:36:24] regretChangePotential 58% (1360/2307) regret=0.035801 ape=0.5198
[14:36:24] regretChangePotential 58% (1361/2307) regret=0.035801 ape=0.5198
[14:36:24] regretChangePotential 59% (1362/2307) regret=0.035801 ape=0.5198
[14:36:24] regretChangePotential 59% (1363/2307) regret=0.035912 ape=0.5198
[14:36:24] regretChangePotential 59% (1364/2307) regret=0.035912 ape=0.5198
[14:36:24] regretChangePotential 59% (1365/2307) regret=0.035912 ape=0.5198
[14:36:24] regretChangePotential 59% (1366/2307) regret=0.035912 ape=0.5198
[14:36:25] regretChangePotential 59% (1367/2307) regret=0.036049 ape=0.5198
[14:36:25] regretChangePotential 59% (1368/2307) regret=0.036142 ape=0.5198
[14:36:25] regretChangePotential 59% (1369/2307) regret=0.036142 ape=0.5198
[14:36:25] regretChangePotential 59% (1370/2307) regret=0.036142 ape=0.5198
[14:36:25] regretChangePotential 59% (1371/2307) regret=0.036127 ape=0.5189
[14:36:25] regretChangePotential 59% (1372/2307) regret=0.036127 ape=0.5189
[14:36:26] regretChangePotential 59% (1373/2307) regret=0.036099 ape=0.5189
[14:36:26] regretChangePotential 59% (1374/2307) regret=0.036099 ape=0.5189
[14:36:26] regretChangePotential 59% (1375/2307) regret=0.036099 ape=0.5189
[14:36:26] regretChangePotential 59% (1376/2307) regret=0.035869 ape=0.5180
[14:36:26] regretChangePotential 59% (1377/2307) regret=0.035869 ape=0.5180
[14:36:26] regretChangePotential 59% (1378/2307) regret=0.035622 ape=0.5180
[14:36:26] regretChangePotential 59% (1379/2307) regret=0.035622 ape=0.5180
[14:36:27] regretChangePotential 59% (1380/2307) regret=0.035601 ape=0.5180
[14:36:27] regretChangePotential 59% (1381/2307) regret=0.035629 ape=0.5180
[14:36:27] regretChangePotential 59% (1382/2307) regret=0.035601 ape=0.5180
[14:36:27] regretChangePotential 59% (1383/2307) regret=0.035550 ape=0.5171
[14:36:27] regretChangePotential 59% (1384/2307) regret=0.035550 ape=0.5171
[14:36:27] regretChangePotential 60% (1385/2307) regret=0.035556 ape=0.5171
[14:36:27] regretChangePotential 60% (1386/2307) regret=0.035550 ape=0.5171
[14:36:28] regretChangePotential 60% (1387/2307) regret=0.035550 ape=0.5171
[14:36:28] regretChangePotential 60% (1388/2307) regret=0.035550 ape=0.5171
[14:36:28] regretChangePotential 60% (1389/2307) regret=0.035550 ape=0.5171
[14:36:28] regretChangePotential 60% (1390/2307) regret=0.035025 ape=0.5161
[14:36:28] regretChangePotential 60% (1391/2307) regret=0.035025 ape=0.5161
[14:36:28] regretChangePotential 60% (1392/2307) regret=0.035025 ape=0.5161
[14:36:29] regretChangePotential 60% (1393/2307) regret=0.035102 ape=0.5161
[14:36:29] regretChangePotential 60% (1394/2307) regret=0.034844 ape=0.5152
[14:36:29] regretChangePotential 60% (1395/2307) regret=0.034844 ape=0.5152
[14:36:29] regretChangePotential 60% (1396/2307) regret=0.034839 ape=0.5152
[14:36:29] regretChangePotential 60% (1397/2307) regret=0.034839 ape=0.5152
[14:36:29] regretChangePotential 60% (1398/2307) regret=0.034839 ape=0.5152
[14:36:29] regretChangePotential 60% (1399/2307) regret=0.034839 ape=0.5152
[14:36:30] regretChangePotential 60% (1400/2307) regret=0.034839 ape=0.5152
[14:36:30] regretChangePotential 60% (1401/2307) regret=0.034878 ape=0.5152
[14:36:30] regretChangePotential 60% (1402/2307) regret=0.034839 ape=0.5152
[14:36:30] regretChangePotential 60% (1403/2307) regret=0.034839 ape=0.5152
[14:36:30] regretChangePotential 60% (1404/2307) regret=0.034839 ape=0.5152
[14:36:30] regretChangePotential 60% (1405/2307) regret=0.034839 ape=0.5152
[14:36:31] regretChangePotential 60% (1406/2307) regret=0.035235 ape=0.5161
[14:36:31] regretChangePotential 60% (1407/2307) regret=0.034839 ape=0.5152
[14:36:31] regretChangePotential 61% (1408/2307) regret=0.034839 ape=0.5152
[14:36:31] regretChangePotential 61% (1409/2307) regret=0.034764 ape=0.5152
[14:36:31] regretChangePotential 61% (1410/2307) regret=0.034994 ape=0.5152
[14:36:31] regretChangePotential 61% (1411/2307) regret=0.034994 ape=0.5152
[14:36:31] regretChangePotential 61% (1412/2307) regret=0.034994 ape=0.5152
[14:36:32] regretChangePotential 61% (1413/2307) regret=0.034982 ape=0.5143
[14:36:32] regretChangePotential 61% (1414/2307) regret=0.034982 ape=0.5143
[14:36:32] regretChangePotential 61% (1415/2307) regret=0.035093 ape=0.5143
[14:36:32] regretChangePotential 61% (1416/2307) regret=0.035093 ape=0.5143
[14:36:32] regretChangePotential 61% (1417/2307) regret=0.035057 ape=0.5143
[14:36:32] regretChangePotential 61% (1418/2307) regret=0.035039 ape=0.5143
[14:36:32] regretChangePotential 61% (1419/2307) regret=0.035057 ape=0.5143
[14:36:33] regretChangePotential 61% (1420/2307) regret=0.034956 ape=0.5134
[14:36:33] regretChangePotential 61% (1421/2307) regret=0.034910 ape=0.5134
[14:36:33] regretChangePotential 61% (1422/2307) regret=0.034910 ape=0.5134
[14:36:33] regretChangePotential 61% (1423/2307) regret=0.034513 ape=0.5124
[14:36:33] regretChangePotential 61% (1424/2307) regret=0.034513 ape=0.5124
[14:36:33] regretChangePotential 61% (1425/2307) regret=0.034513 ape=0.5124
[14:36:34] regretChangePotential 61% (1426/2307) regret=0.034513 ape=0.5124
[14:36:34] regretChangePotential 61% (1427/2307) regret=0.034528 ape=0.5134
[14:36:34] regretChangePotential 61% (1428/2307) regret=0.034549 ape=0.5134
[14:36:34] regretChangePotential 61% (1429/2307) regret=0.034549 ape=0.5134
[14:36:34] regretChangePotential 61% (1430/2307) regret=0.034549 ape=0.5134
[14:36:34] regretChangePotential 62% (1431/2307) regret=0.034549 ape=0.5134
[14:36:34] regretChangePotential 62% (1432/2307) regret=0.034549 ape=0.5134
[14:36:35] regretChangePotential 62% (1433/2307) regret=0.034613 ape=0.5134
[14:36:35] regretChangePotential 62% (1434/2307) regret=0.034613 ape=0.5134
[14:36:35] regretChangePotential 62% (1435/2307) regret=0.034613 ape=0.5134
[14:36:35] regretChangePotential 62% (1436/2307) regret=0.034613 ape=0.5134
[14:36:35] regretChangePotential 62% (1437/2307) regret=0.034613 ape=0.5134
[14:36:35] regretChangePotential 62% (1438/2307) regret=0.034613 ape=0.5134
[14:36:36] regretChangePotential 62% (1439/2307) regret=0.034613 ape=0.5134
[14:36:36] regretChangePotential 62% (1440/2307) regret=0.034613 ape=0.5134
[14:36:36] regretChangePotential 62% (1441/2307) regret=0.034613 ape=0.5134
[14:36:36] regretChangePotential 62% (1442/2307) regret=0.034613 ape=0.5134
[14:36:36] regretChangePotential 62% (1443/2307) regret=0.034613 ape=0.5134
[14:36:36] regretChangePotential 62% (1444/2307) regret=0.034613 ape=0.5134
[14:36:36] regretChangePotential 62% (1445/2307) regret=0.034613 ape=0.5134
[14:36:36] regretChangePotential 62% (1446/2307) regret=0.034613 ape=0.5134
[14:36:37] regretChangePotential 62% (1447/2307) regret=0.034613 ape=0.5134
[14:36:37] regretChangePotential 62% (1448/2307) regret=0.034613 ape=0.5134
[14:36:37] regretChangePotential 62% (1449/2307) regret=0.034613 ape=0.5134
[14:36:37] regretChangePotential 62% (1450/2307) regret=0.034613 ape=0.5134
[14:36:37] regretChangePotential 62% (1451/2307) regret=0.034613 ape=0.5134
[14:36:37] regretChangePotential 62% (1452/2307) regret=0.034613 ape=0.5134
[14:36:38] regretChangePotential 62% (1453/2307) regret=0.034613 ape=0.5134
[14:36:38] regretChangePotential 63% (1454/2307) regret=0.034613 ape=0.5134
[14:36:38] regretChangePotential 63% (1455/2307) regret=0.034613 ape=0.5134
[14:36:38] regretChangePotential 63% (1456/2307) regret=0.034613 ape=0.5134
[14:36:38] regretChangePotential 63% (1457/2307) regret=0.034613 ape=0.5134
[14:36:38] regretChangePotential 63% (1458/2307) regret=0.034613 ape=0.5134
[14:36:38] regretChangePotential 63% (1459/2307) regret=0.034613 ape=0.5134
[14:36:38] regretChangePotential 63% (1460/2307) regret=0.034613 ape=0.5134
[14:36:39] regretChangePotential 63% (1461/2307) regret=0.034613 ape=0.5134
[14:36:39] regretChangePotential 63% (1462/2307) regret=0.034613 ape=0.5134
[14:36:39] regretChangePotential 63% (1463/2307) regret=0.034627 ape=0.5134
[14:36:39] regretChangePotential 63% (1464/2307) regret=0.034627 ape=0.5134
[14:36:39] regretChangePotential 63% (1465/2307) regret=0.034627 ape=0.5134
[14:36:39] regretChangePotential 63% (1466/2307) regret=0.034627 ape=0.5134
[14:36:40] regretChangePotential 63% (1467/2307) regret=0.034627 ape=0.5134
[14:36:40] regretChangePotential 63% (1468/2307) regret=0.034627 ape=0.5134
[14:36:40] regretChangePotential 63% (1469/2307) regret=0.034627 ape=0.5134
[14:36:40] regretChangePotential 63% (1470/2307) regret=0.034627 ape=0.5134
[14:36:40] regretChangePotential 63% (1471/2307) regret=0.034627 ape=0.5134
[14:36:40] regretChangePotential 63% (1472/2307) regret=0.034627 ape=0.5134
[14:36:40] regretChangePotential 63% (1473/2307) regret=0.034627 ape=0.5134
[14:36:41] regretChangePotential 63% (1474/2307) regret=0.034627 ape=0.5134
[14:36:41] regretChangePotential 63% (1475/2307) regret=0.034627 ape=0.5134
[14:36:41] regretChangePotential 63% (1476/2307) regret=0.034471 ape=0.5124
[14:36:41] regretChangePotential 64% (1477/2307) regret=0.034471 ape=0.5124
[14:36:41] regretChangePotential 64% (1478/2307) regret=0.034471 ape=0.5124
[14:36:41] regretChangePotential 64% (1479/2307) regret=0.034471 ape=0.5124
[14:36:41] regretChangePotential 64% (1480/2307) regret=0.034471 ape=0.5124
[14:36:42] regretChangePotential 64% (1481/2307) regret=0.034471 ape=0.5124
[14:36:42] regretChangePotential 64% (1482/2307) regret=0.034471 ape=0.5124
[14:36:42] regretChangePotential 64% (1483/2307) regret=0.034471 ape=0.5124
[14:36:42] regretChangePotential 64% (1484/2307) regret=0.034471 ape=0.5124
[14:36:42] regretChangePotential 64% (1485/2307) regret=0.034471 ape=0.5124
[14:36:42] regretChangePotential 64% (1486/2307) regret=0.034471 ape=0.5124
[14:36:42] regretChangePotential 64% (1487/2307) regret=0.034471 ape=0.5124
[14:36:43] regretChangePotential 64% (1488/2307) regret=0.034471 ape=0.5124
[14:36:43] regretChangePotential 64% (1489/2307) regret=0.034471 ape=0.5124
[14:36:43] regretChangePotential 64% (1490/2307) regret=0.034471 ape=0.5124
[14:36:43] regretChangePotential 64% (1491/2307) regret=0.034471 ape=0.5124
[14:36:43] regretChangePotential 64% (1492/2307) regret=0.034472 ape=0.5124
[14:36:43] regretChangePotential 64% (1493/2307) regret=0.034472 ape=0.5124
[14:36:43] regretChangePotential 64% (1494/2307) regret=0.034472 ape=0.5124
[14:36:44] regretChangePotential 64% (1495/2307) regret=0.034472 ape=0.5124
[14:36:44] regretChangePotential 64% (1496/2307) regret=0.034472 ape=0.5124
[14:36:44] regretChangePotential 64% (1497/2307) regret=0.034472 ape=0.5124
[14:36:44] regretChangePotential 64% (1498/2307) regret=0.034472 ape=0.5124
[14:36:44] regretChangePotential 64% (1499/2307) regret=0.034472 ape=0.5124
[14:36:44] regretChangePotential 65% (1500/2307) regret=0.034472 ape=0.5124
[14:36:44] regretChangePotential 65% (1501/2307) regret=0.034472 ape=0.5124
[14:36:45] regretChangePotential 65% (1502/2307) regret=0.034472 ape=0.5124
[14:36:45] regretChangePotential 65% (1503/2307) regret=0.034475 ape=0.5124
[14:36:45] regretChangePotential 65% (1504/2307) regret=0.034558 ape=0.5124
[14:36:45] regretChangePotential 65% (1505/2307) regret=0.034475 ape=0.5124
[14:36:45] regretChangePotential 65% (1506/2307) regret=0.034475 ape=0.5124
[14:36:45] regretChangePotential 65% (1507/2307) regret=0.034495 ape=0.5124
[14:36:46] regretChangePotential 65% (1508/2307) regret=0.034524 ape=0.5124
[14:36:46] regretChangePotential 65% (1509/2307) regret=0.034524 ape=0.5124
[14:36:46] regretChangePotential 65% (1510/2307) regret=0.034524 ape=0.5124
[14:36:46] regretChangePotential 65% (1511/2307) regret=0.034524 ape=0.5124
[14:36:46] regretChangePotential 65% (1512/2307) regret=0.034524 ape=0.5124
[14:36:46] regretChangePotential 65% (1513/2307) regret=0.034524 ape=0.5124
[14:36:47] regretChangePotential 65% (1514/2307) regret=0.034524 ape=0.5124
[14:36:47] regretChangePotential 65% (1515/2307) regret=0.034478 ape=0.5124
[14:36:47] regretChangePotential 65% (1516/2307) regret=0.034478 ape=0.5124
[14:36:47] regretChangePotential 65% (1517/2307) regret=0.034114 ape=0.5115
[14:36:47] regretChangePotential 65% (1518/2307) regret=0.034114 ape=0.5115
[14:36:47] regretChangePotential 65% (1519/2307) regret=0.034114 ape=0.5115
[14:36:47] regretChangePotential 65% (1520/2307) regret=0.034177 ape=0.5115
[14:36:48] regretChangePotential 65% (1521/2307) regret=0.034177 ape=0.5115
[14:36:48] regretChangePotential 65% (1522/2307) regret=0.034158 ape=0.5106
[14:36:48] regretChangePotential 66% (1523/2307) regret=0.034152 ape=0.5106
[14:36:48] regretChangePotential 66% (1524/2307) regret=0.034158 ape=0.5106
[14:36:48] regretChangePotential 66% (1525/2307) regret=0.034098 ape=0.5097
[14:36:48] regretChangePotential 66% (1526/2307) regret=0.033799 ape=0.5088
[14:36:48] regretChangePotential 66% (1527/2307) regret=0.033704 ape=0.5078
[14:36:49] regretChangePotential 66% (1528/2307) regret=0.033870 ape=0.5088
[14:36:49] regretChangePotential 66% (1529/2307) regret=0.033704 ape=0.5078
[14:36:49] regretChangePotential 66% (1530/2307) regret=0.033944 ape=0.5078
[14:36:49] regretChangePotential 66% (1531/2307) regret=0.033603 ape=0.5078
[14:36:49] regretChangePotential 66% (1532/2307) regret=0.033603 ape=0.5078
[14:36:49] regretChangePotential 66% (1533/2307) regret=0.033603 ape=0.5078
[14:36:49] regretChangePotential 66% (1534/2307) regret=0.033603 ape=0.5078
[14:36:50] regretChangePotential 66% (1535/2307) regret=0.033610 ape=0.5078
[14:36:50] regretChangePotential 66% (1536/2307) regret=0.033605 ape=0.5078
[14:36:50] regretChangePotential 66% (1537/2307) regret=0.033621 ape=0.5088
[14:36:50] regretChangePotential 66% (1538/2307) regret=0.033621 ape=0.5088
[14:36:50] regretChangePotential 66% (1539/2307) regret=0.033621 ape=0.5088
[14:36:50] regretChangePotential 66% (1540/2307) regret=0.033621 ape=0.5088
[14:36:50] regretChangePotential 66% (1541/2307) regret=0.033354 ape=0.5078
[14:36:51] regretChangePotential 66% (1542/2307) regret=0.033529 ape=0.5088
[14:36:51] regretChangePotential 66% (1543/2307) regret=0.033529 ape=0.5088
[14:36:51] regretChangePotential 66% (1544/2307) regret=0.033721 ape=0.5088
[14:36:51] regretChangePotential 66% (1545/2307) regret=0.033514 ape=0.5078
[14:36:51] regretChangePotential 67% (1546/2307) regret=0.033514 ape=0.5078
[14:36:51] regretChangePotential 67% (1547/2307) regret=0.033514 ape=0.5078
[14:36:51] regretChangePotential 67% (1548/2307) regret=0.033514 ape=0.5078
[14:36:52] regretChangePotential 67% (1549/2307) regret=0.033514 ape=0.5078
[14:36:52] regretChangePotential 67% (1550/2307) regret=0.033491 ape=0.5069
[14:36:52] regretChangePotential 67% (1551/2307) regret=0.033491 ape=0.5069
[14:36:52] regretChangePotential 67% (1552/2307) regret=0.033491 ape=0.5069
[14:36:52] regretChangePotential 67% (1553/2307) regret=0.033491 ape=0.5069
[14:36:52] regretChangePotential 67% (1554/2307) regret=0.033851 ape=0.5069
[14:36:53] regretChangePotential 67% (1555/2307) regret=0.033528 ape=0.5069
[14:36:53] regretChangePotential 67% (1556/2307) regret=0.033491 ape=0.5069
[14:36:53] regretChangePotential 67% (1557/2307) regret=0.033455 ape=0.5060
[14:36:53] regretChangePotential 67% (1558/2307) regret=0.033455 ape=0.5060
[14:36:53] regretChangePotential 67% (1559/2307) regret=0.033528 ape=0.5060
[14:36:53] regretChangePotential 67% (1560/2307) regret=0.033418 ape=0.5060
[14:36:53] regretChangePotential 67% (1561/2307) regret=0.033418 ape=0.5060
[14:36:54] regretChangePotential 67% (1562/2307) regret=0.033418 ape=0.5060
[14:36:54] regretChangePotential 67% (1563/2307) regret=0.033418 ape=0.5060
[14:36:54] regretChangePotential 67% (1564/2307) regret=0.033372 ape=0.5060
[14:36:54] regretChangePotential 67% (1565/2307) regret=0.033376 ape=0.5060
[14:36:54] regretChangePotential 67% (1566/2307) regret=0.033291 ape=0.5060
[14:36:54] regretChangePotential 67% (1567/2307) regret=0.033309 ape=0.5060
[14:36:55] regretChangePotential 67% (1568/2307) regret=0.033291 ape=0.5060
[14:36:55] regretChangePotential 68% (1569/2307) regret=0.033291 ape=0.5060
[14:36:55] regretChangePotential 68% (1570/2307) regret=0.033291 ape=0.5060
[14:36:55] regretChangePotential 68% (1571/2307) regret=0.033291 ape=0.5060
[14:36:55] regretChangePotential 68% (1572/2307) regret=0.033203 ape=0.5060
[14:36:55] regretChangePotential 68% (1573/2307) regret=0.033203 ape=0.5060
[14:36:55] regretChangePotential 68% (1574/2307) regret=0.033203 ape=0.5060
[14:36:56] regretChangePotential 68% (1575/2307) regret=0.033203 ape=0.5060
[14:36:56] regretChangePotential 68% (1576/2307) regret=0.033194 ape=0.5051
[14:36:56] regretChangePotential 68% (1577/2307) regret=0.033194 ape=0.5051
[14:36:56] regretChangePotential 68% (1578/2307) regret=0.033162 ape=0.5051
[14:36:56] regretChangePotential 68% (1579/2307) regret=0.033162 ape=0.5051
[14:36:56] regretChangePotential 68% (1580/2307) regret=0.033162 ape=0.5051
[14:36:56] regretChangePotential 68% (1581/2307) regret=0.033162 ape=0.5051
[14:36:57] regretChangePotential 68% (1582/2307) regret=0.033162 ape=0.5051
[14:36:57] regretChangePotential 68% (1583/2307) regret=0.033162 ape=0.5051
[14:36:57] regretChangePotential 68% (1584/2307) regret=0.033162 ape=0.5051
[14:36:57] regretChangePotential 68% (1585/2307) regret=0.033162 ape=0.5051
[14:36:57] regretChangePotential 68% (1586/2307) regret=0.033162 ape=0.5051
[14:36:57] regretChangePotential 68% (1587/2307) regret=0.033162 ape=0.5051
[14:36:58] regretChangePotential 68% (1588/2307) regret=0.033162 ape=0.5051
[14:36:58] regretChangePotential 68% (1589/2307) regret=0.033162 ape=0.5051
[14:36:58] regretChangePotential 68% (1590/2307) regret=0.033162 ape=0.5051
[14:36:58] regretChangePotential 68% (1591/2307) regret=0.033162 ape=0.5051
[14:36:58] regretChangePotential 69% (1592/2307) regret=0.033116 ape=0.5041
[14:36:58] regretChangePotential 69% (1593/2307) regret=0.033116 ape=0.5041
[14:36:58] regretChangePotential 69% (1594/2307) regret=0.033116 ape=0.5041
[14:36:59] regretChangePotential 69% (1595/2307) regret=0.033116 ape=0.5041
[14:36:59] regretChangePotential 69% (1596/2307) regret=0.033116 ape=0.5041
[14:36:59] regretChangePotential 69% (1597/2307) regret=0.033116 ape=0.5041
[14:36:59] regretChangePotential 69% (1598/2307) regret=0.033116 ape=0.5041
[14:36:59] regretChangePotential 69% (1599/2307) regret=0.033061 ape=0.5041
[14:36:59] regretChangePotential 69% (1600/2307) regret=0.033061 ape=0.5041
[14:37:00] regretChangePotential 69% (1601/2307) regret=0.033061 ape=0.5041
[14:37:00] regretChangePotential 69% (1602/2307) regret=0.033061 ape=0.5041
[14:37:00] regretChangePotential 69% (1603/2307) regret=0.033061 ape=0.5041
[14:37:00] regretChangePotential 69% (1604/2307) regret=0.033061 ape=0.5041
[14:37:00] regretChangePotential 69% (1605/2307) regret=0.033061 ape=0.5041
[14:37:00] regretChangePotential 69% (1606/2307) regret=0.033061 ape=0.5041
[14:37:00] regretChangePotential 69% (1607/2307) regret=0.033061 ape=0.5041
[14:37:01] regretChangePotential 69% (1608/2307) regret=0.033061 ape=0.5041
[14:37:01] regretChangePotential 69% (1609/2307) regret=0.033061 ape=0.5041
[14:37:01] regretChangePotential 69% (1610/2307) regret=0.033061 ape=0.5041
[14:37:01] regretChangePotential 69% (1611/2307) regret=0.033061 ape=0.5041
[14:37:01] regretChangePotential 69% (1612/2307) regret=0.033061 ape=0.5041
[14:37:01] regretChangePotential 69% (1613/2307) regret=0.033061 ape=0.5041
[14:37:01] regretChangePotential 69% (1614/2307) regret=0.033061 ape=0.5041
[14:37:02] regretChangePotential 70% (1615/2307) regret=0.033061 ape=0.5041
[14:37:02] regretChangePotential 70% (1616/2307) regret=0.033061 ape=0.5041
[14:37:02] regretChangePotential 70% (1617/2307) regret=0.033061 ape=0.5041
[14:37:02] regretChangePotential 70% (1618/2307) regret=0.033061 ape=0.5041
[14:37:02] regretChangePotential 70% (1619/2307) regret=0.033061 ape=0.5041
[14:37:02] regretChangePotential 70% (1620/2307) regret=0.033061 ape=0.5041
[14:37:02] regretChangePotential 70% (1621/2307) regret=0.032830 ape=0.5032
[14:37:03] regretChangePotential 70% (1622/2307) regret=0.032830 ape=0.5032
[14:37:03] regretChangePotential 70% (1623/2307) regret=0.032830 ape=0.5032
[14:37:03] regretChangePotential 70% (1624/2307) regret=0.032830 ape=0.5032
[14:37:03] regretChangePotential 70% (1625/2307) regret=0.032830 ape=0.5032
[14:37:03] regretChangePotential 70% (1626/2307) regret=0.032830 ape=0.5032
[14:37:03] regretChangePotential 70% (1627/2307) regret=0.032830 ape=0.5032
[14:37:03] regretChangePotential 70% (1628/2307) regret=0.032830 ape=0.5032
[14:37:04] regretChangePotential 70% (1629/2307) regret=0.032830 ape=0.5032
[14:37:04] regretChangePotential 70% (1630/2307) regret=0.032830 ape=0.5032
[14:37:04] regretChangePotential 70% (1631/2307) regret=0.032830 ape=0.5032
[14:37:04] regretChangePotential 70% (1632/2307) regret=0.032830 ape=0.5032
[14:37:04] regretChangePotential 70% (1633/2307) regret=0.032830 ape=0.5032
[14:37:04] regretChangePotential 70% (1634/2307) regret=0.032830 ape=0.5032
[14:37:04] regretChangePotential 70% (1635/2307) regret=0.032830 ape=0.5032
[14:37:05] regretChangePotential 70% (1636/2307) regret=0.032802 ape=0.5023
[14:37:05] regretChangePotential 70% (1637/2307) regret=0.032802 ape=0.5023
[14:37:05] regretChangePotential 71% (1638/2307) regret=0.032802 ape=0.5023
[14:37:05] regretChangePotential 71% (1639/2307) regret=0.032802 ape=0.5023
[14:37:05] regretChangePotential 71% (1640/2307) regret=0.032802 ape=0.5023
[14:37:05] regretChangePotential 71% (1641/2307) regret=0.032802 ape=0.5023
[14:37:05] regretChangePotential 71% (1642/2307) regret=0.032802 ape=0.5023
[14:37:06] regretChangePotential 71% (1643/2307) regret=0.032802 ape=0.5023
[14:37:06] regretChangePotential 71% (1644/2307) regret=0.032802 ape=0.5023
[14:37:06] regretChangePotential 71% (1645/2307) regret=0.032802 ape=0.5023
[14:37:06] regretChangePotential 71% (1646/2307) regret=0.032802 ape=0.5023
[14:37:06] regretChangePotential 71% (1647/2307) regret=0.032802 ape=0.5023
[14:37:06] regretChangePotential 71% (1648/2307) regret=0.032802 ape=0.5023
[14:37:07] regretChangePotential 71% (1649/2307) regret=0.032802 ape=0.5023
[14:37:07] regretChangePotential 71% (1650/2307) regret=0.032802 ape=0.5023
[14:37:07] regretChangePotential 71% (1651/2307) regret=0.032802 ape=0.5023
[14:37:07] regretChangePotential 71% (1652/2307) regret=0.032802 ape=0.5023
[14:37:07] regretChangePotential 71% (1653/2307) regret=0.032802 ape=0.5023
[14:37:07] regretChangePotential 71% (1654/2307) regret=0.032802 ape=0.5023
[14:37:07] regretChangePotential 71% (1655/2307) regret=0.032802 ape=0.5023
[14:37:08] regretChangePotential 71% (1656/2307) regret=0.032815 ape=0.5023
[14:37:08] regretChangePotential 71% (1657/2307) regret=0.032806 ape=0.5023
[14:37:08] regretChangePotential 71% (1658/2307) regret=0.032806 ape=0.5023
[14:37:08] regretChangePotential 71% (1659/2307) regret=0.032817 ape=0.5023
[14:37:08] regretChangePotential 71% (1660/2307) regret=0.032641 ape=0.5023
[14:37:08] regretChangePotential 71% (1661/2307) regret=0.032771 ape=0.5032
[14:37:08] regretChangePotential 72% (1662/2307) regret=0.032641 ape=0.5023
[14:37:09] regretChangePotential 72% (1663/2307) regret=0.032641 ape=0.5023
[14:37:09] regretChangePotential 72% (1664/2307) regret=0.032641 ape=0.5023
[14:37:09] regretChangePotential 72% (1665/2307) regret=0.032647 ape=0.5023
[14:37:09] regretChangePotential 72% (1666/2307) regret=0.032647 ape=0.5023
[14:37:09] regretChangePotential 72% (1667/2307) regret=0.032647 ape=0.5023
[14:37:09] regretChangePotential 72% (1668/2307) regret=0.032647 ape=0.5023
[14:37:10] regretChangePotential 72% (1669/2307) regret=0.032606 ape=0.5023
[14:37:10] regretChangePotential 72% (1670/2307) regret=0.032606 ape=0.5023
[14:37:10] regretChangePotential 72% (1671/2307) regret=0.032606 ape=0.5023
[14:37:10] regretChangePotential 72% (1672/2307) regret=0.032606 ape=0.5023
[14:37:10] regretChangePotential 72% (1673/2307) regret=0.032603 ape=0.5023
[14:37:10] regretChangePotential 72% (1674/2307) regret=0.032603 ape=0.5023
[14:37:10] regretChangePotential 72% (1675/2307) regret=0.032603 ape=0.5023
[14:37:11] regretChangePotential 72% (1676/2307) regret=0.032513 ape=0.5023
[14:37:11] regretChangePotential 72% (1677/2307) regret=0.032474 ape=0.5023
[14:37:11] regretChangePotential 72% (1678/2307) regret=0.032449 ape=0.5023
[14:37:11] regretChangePotential 72% (1679/2307) regret=0.032477 ape=0.5023
[14:37:11] regretChangePotential 72% (1680/2307) regret=0.032449 ape=0.5023
[14:37:11] regretChangePotential 72% (1681/2307) regret=0.032440 ape=0.5023
[14:37:11] regretChangePotential 72% (1682/2307) regret=0.032449 ape=0.5023
[14:37:12] regretChangePotential 72% (1683/2307) regret=0.032449 ape=0.5023
[14:37:12] regretChangePotential 72% (1684/2307) regret=0.032449 ape=0.5023
[14:37:12] regretChangePotential 73% (1685/2307) regret=0.032449 ape=0.5023
[14:37:12] regretChangePotential 73% (1686/2307) regret=0.032449 ape=0.5023
[14:37:12] regretChangePotential 73% (1687/2307) regret=0.032449 ape=0.5023
[14:37:12] regretChangePotential 73% (1688/2307) regret=0.032449 ape=0.5023
[14:37:13] regretChangePotential 73% (1689/2307) regret=0.032449 ape=0.5023
[14:37:13] regretChangePotential 73% (1690/2307) regret=0.032449 ape=0.5023
[14:37:13] regretChangePotential 73% (1691/2307) regret=0.032449 ape=0.5023
[14:37:13] regretChangePotential 73% (1692/2307) regret=0.032449 ape=0.5023
[14:37:13] regretChangePotential 73% (1693/2307) regret=0.032449 ape=0.5023
[14:37:13] regretChangePotential 73% (1694/2307) regret=0.032449 ape=0.5023
[14:37:13] regretChangePotential 73% (1695/2307) regret=0.032449 ape=0.5023
[14:37:14] regretChangePotential 73% (1696/2307) regret=0.032449 ape=0.5023
[14:37:14] regretChangePotential 73% (1697/2307) regret=0.032551 ape=0.5023
[14:37:14] regretChangePotential 73% (1698/2307) regret=0.032551 ape=0.5023
[14:37:14] regretChangePotential 73% (1699/2307) regret=0.032551 ape=0.5023
[14:37:14] regretChangePotential 73% (1700/2307) regret=0.032551 ape=0.5023
[14:37:14] regretChangePotential 73% (1701/2307) regret=0.032551 ape=0.5023
[14:37:15] regretChangePotential 73% (1702/2307) regret=0.032551 ape=0.5023
[14:37:15] regretChangePotential 73% (1703/2307) regret=0.032551 ape=0.5023
[14:37:15] regretChangePotential 73% (1704/2307) regret=0.032551 ape=0.5023
[14:37:15] regretChangePotential 73% (1705/2307) regret=0.032551 ape=0.5023
[14:37:15] regretChangePotential 73% (1706/2307) regret=0.032551 ape=0.5023
[14:37:15] regretChangePotential 73% (1707/2307) regret=0.032587 ape=0.5023
[14:37:15] regretChangePotential 74% (1708/2307) regret=0.032587 ape=0.5023
[14:37:16] regretChangePotential 74% (1709/2307) regret=0.032587 ape=0.5023
[14:37:16] regretChangePotential 74% (1710/2307) regret=0.032587 ape=0.5023
[14:37:16] regretChangePotential 74% (1711/2307) regret=0.032587 ape=0.5023
[14:37:16] regretChangePotential 74% (1712/2307) regret=0.032458 ape=0.5023
[14:37:16] regretChangePotential 74% (1713/2307) regret=0.032458 ape=0.5023
[14:37:16] regretChangePotential 74% (1714/2307) regret=0.032458 ape=0.5023
[14:37:17] regretChangePotential 74% (1715/2307) regret=0.032458 ape=0.5023
[14:37:17] regretChangePotential 74% (1716/2307) regret=0.032458 ape=0.5023
[14:37:17] regretChangePotential 74% (1717/2307) regret=0.032130 ape=0.5014
[14:37:17] regretChangePotential 74% (1718/2307) regret=0.032130 ape=0.5014
[14:37:17] regretChangePotential 74% (1719/2307) regret=0.032188 ape=0.5014
[14:37:17] regretChangePotential 74% (1720/2307) regret=0.032188 ape=0.5014
[14:37:17] regretChangePotential 74% (1721/2307) regret=0.032140 ape=0.5014
[14:37:18] regretChangePotential 74% (1722/2307) regret=0.032119 ape=0.5014
[14:37:18] regretChangePotential 74% (1723/2307) regret=0.032119 ape=0.5014
[14:37:18] regretChangePotential 74% (1724/2307) regret=0.032119 ape=0.5014
[14:37:18] regretChangePotential 74% (1725/2307) regret=0.032119 ape=0.5014
[14:37:18] regretChangePotential 74% (1726/2307) regret=0.032119 ape=0.5014
[14:37:18] regretChangePotential 74% (1727/2307) regret=0.032119 ape=0.5014
[14:37:19] regretChangePotential 74% (1728/2307) regret=0.032119 ape=0.5014
[14:37:19] regretChangePotential 74% (1729/2307) regret=0.032119 ape=0.5014
[14:37:19] regretChangePotential 74% (1730/2307) regret=0.032119 ape=0.5014
[14:37:19] regretChangePotential 75% (1731/2307) regret=0.032119 ape=0.5014
[14:37:19] regretChangePotential 75% (1732/2307) regret=0.032061 ape=0.5014
[14:37:19] regretChangePotential 75% (1733/2307) regret=0.032061 ape=0.5014
[14:37:19] regretChangePotential 75% (1734/2307) regret=0.032065 ape=0.5023
[14:37:20] regretChangePotential 75% (1735/2307) regret=0.032065 ape=0.5023
[14:37:20] regretChangePotential 75% (1736/2307) regret=0.032065 ape=0.5023
[14:37:20] regretChangePotential 75% (1737/2307) regret=0.032065 ape=0.5023
[14:37:20] regretChangePotential 75% (1738/2307) regret=0.032111 ape=0.5023
[14:37:20] regretChangePotential 75% (1739/2307) regret=0.032130 ape=0.5023
[14:37:20] regretChangePotential 75% (1740/2307) regret=0.032111 ape=0.5023
[14:37:20] regretChangePotential 75% (1741/2307) regret=0.032228 ape=0.5032
[14:37:21] regretChangePotential 75% (1742/2307) regret=0.032230 ape=0.5032
[14:37:21] regretChangePotential 75% (1743/2307) regret=0.032228 ape=0.5032
[14:37:21] regretChangePotential 75% (1744/2307) regret=0.032228 ape=0.5032
[14:37:21] regretChangePotential 75% (1745/2307) regret=0.032228 ape=0.5032
[14:37:21] regretChangePotential 75% (1746/2307) regret=0.032228 ape=0.5032
[14:37:21] regretChangePotential 75% (1747/2307) regret=0.032228 ape=0.5032
[14:37:22] regretChangePotential 75% (1748/2307) regret=0.032228 ape=0.5032
[14:37:22] regretChangePotential 75% (1749/2307) regret=0.032228 ape=0.5032
[14:37:22] regretChangePotential 75% (1750/2307) regret=0.032228 ape=0.5032
[14:37:22] regretChangePotential 75% (1751/2307) regret=0.032191 ape=0.5032
[14:37:22] regretChangePotential 75% (1752/2307) regret=0.032191 ape=0.5032
[14:37:22] regretChangePotential 75% (1753/2307) regret=0.032191 ape=0.5032
[14:37:22] regretChangePotential 76% (1754/2307) regret=0.032191 ape=0.5032
[14:37:23] regretChangePotential 76% (1755/2307) regret=0.032191 ape=0.5032
[14:37:23] regretChangePotential 76% (1756/2307) regret=0.032191 ape=0.5032
[14:37:23] regretChangePotential 76% (1757/2307) regret=0.032191 ape=0.5032
[14:37:23] regretChangePotential 76% (1758/2307) regret=0.032237 ape=0.5032
[14:37:23] regretChangePotential 76% (1759/2307) regret=0.032237 ape=0.5032
[14:37:23] regretChangePotential 76% (1760/2307) regret=0.032237 ape=0.5032
[14:37:23] regretChangePotential 76% (1761/2307) regret=0.032237 ape=0.5032
[14:37:24] regretChangePotential 76% (1762/2307) regret=0.032237 ape=0.5032
[14:37:24] regretChangePotential 76% (1763/2307) regret=0.032237 ape=0.5032
[14:37:24] regretChangePotential 76% (1764/2307) regret=0.032237 ape=0.5032
[14:37:24] regretChangePotential 76% (1765/2307) regret=0.032237 ape=0.5032
[14:37:24] regretChangePotential 76% (1766/2307) regret=0.032237 ape=0.5032
[14:37:24] regretChangePotential 76% (1767/2307) regret=0.032237 ape=0.5032
[14:37:25] regretChangePotential 76% (1768/2307) regret=0.032237 ape=0.5032
[14:37:25] regretChangePotential 76% (1769/2307) regret=0.032237 ape=0.5032
[14:37:25] regretChangePotential 76% (1770/2307) regret=0.032237 ape=0.5032
[14:37:25] regretChangePotential 76% (1771/2307) regret=0.032237 ape=0.5032
[14:37:25] regretChangePotential 76% (1772/2307) regret=0.032237 ape=0.5032
[14:37:25] regretChangePotential 76% (1773/2307) regret=0.032237 ape=0.5032
[14:37:25] regretChangePotential 76% (1774/2307) regret=0.032237 ape=0.5032
[14:37:26] regretChangePotential 76% (1775/2307) regret=0.032237 ape=0.5032
[14:37:26] regretChangePotential 76% (1776/2307) regret=0.032237 ape=0.5032
[14:37:26] regretChangePotential 77% (1777/2307) regret=0.032237 ape=0.5032
[14:37:26] regretChangePotential 77% (1778/2307) regret=0.032237 ape=0.5032
[14:37:26] regretChangePotential 77% (1779/2307) regret=0.032237 ape=0.5032
[14:37:26] regretChangePotential 77% (1780/2307) regret=0.031850 ape=0.5023
[14:37:26] regretChangePotential 77% (1781/2307) regret=0.031850 ape=0.5023
[14:37:27] regretChangePotential 77% (1782/2307) regret=0.031850 ape=0.5023
[14:37:27] regretChangePotential 77% (1783/2307) regret=0.031850 ape=0.5023
[14:37:27] regretChangePotential 77% (1784/2307) regret=0.031850 ape=0.5023
[14:37:27] regretChangePotential 77% (1785/2307) regret=0.031850 ape=0.5023
[14:37:27] regretChangePotential 77% (1786/2307) regret=0.031850 ape=0.5023
[14:37:27] regretChangePotential 77% (1787/2307) regret=0.031850 ape=0.5023
[14:37:27] regretChangePotential 77% (1788/2307) regret=0.031223 ape=0.5014
[14:37:28] regretChangePotential 77% (1789/2307) regret=0.031187 ape=0.5014
[14:37:28] regretChangePotential 77% (1790/2307) regret=0.031187 ape=0.5014
[14:37:28] regretChangePotential 77% (1791/2307) regret=0.031187 ape=0.5014
[14:37:28] regretChangePotential 77% (1792/2307) regret=0.031187 ape=0.5014
[14:37:28] regretChangePotential 77% (1793/2307) regret=0.031187 ape=0.5014
[14:37:28] regretChangePotential 77% (1794/2307) regret=0.031187 ape=0.5014
[14:37:28] regretChangePotential 77% (1795/2307) regret=0.031187 ape=0.5014
[14:37:29] regretChangePotential 77% (1796/2307) regret=0.031187 ape=0.5014
[14:37:29] regretChangePotential 77% (1797/2307) regret=0.031187 ape=0.5014
[14:37:29] regretChangePotential 77% (1798/2307) regret=0.031187 ape=0.5014
[14:37:29] regretChangePotential 77% (1799/2307) regret=0.031187 ape=0.5014
[14:37:29] regretChangePotential 78% (1800/2307) regret=0.031136 ape=0.5014
[14:37:29] regretChangePotential 78% (1801/2307) regret=0.031136 ape=0.5014
[14:37:29] regretChangePotential 78% (1802/2307) regret=0.031136 ape=0.5014
[14:37:30] regretChangePotential 78% (1803/2307) regret=0.031136 ape=0.5014
[14:37:30] regretChangePotential 78% (1804/2307) regret=0.031136 ape=0.5014
[14:37:30] regretChangePotential 78% (1805/2307) regret=0.031136 ape=0.5014
[14:37:30] regretChangePotential 78% (1806/2307) regret=0.031136 ape=0.5014
[14:37:30] regretChangePotential 78% (1807/2307) regret=0.031136 ape=0.5014
[14:37:30] regretChangePotential 78% (1808/2307) regret=0.031163 ape=0.5023
[14:37:30] regretChangePotential 78% (1809/2307) regret=0.031295 ape=0.5032
[14:37:31] regretChangePotential 78% (1810/2307) regret=0.031295 ape=0.5032
[14:37:31] regretChangePotential 78% (1811/2307) regret=0.031267 ape=0.5032
[14:37:31] regretChangePotential 78% (1812/2307) regret=0.031355 ape=0.5032
[14:37:31] regretChangePotential 78% (1813/2307) regret=0.031355 ape=0.5032
[14:37:31] regretChangePotential 78% (1814/2307) regret=0.031502 ape=0.5032
[14:37:31] regretChangePotential 78% (1815/2307) regret=0.031355 ape=0.5032
[14:37:32] regretChangePotential 78% (1816/2307) regret=0.031279 ape=0.5023
[14:37:32] regretChangePotential 78% (1817/2307) regret=0.031279 ape=0.5023
[14:37:32] regretChangePotential 78% (1818/2307) regret=0.031279 ape=0.5023
[14:37:32] regretChangePotential 78% (1819/2307) regret=0.031275 ape=0.5023
[14:37:32] regretChangePotential 78% (1820/2307) regret=0.031279 ape=0.5023
[14:37:32] regretChangePotential 78% (1821/2307) regret=0.031279 ape=0.5023
[14:37:33] regretChangePotential 78% (1822/2307) regret=0.031279 ape=0.5023
[14:37:33] regretChangePotential 79% (1823/2307) regret=0.031261 ape=0.5023
[14:37:33] regretChangePotential 79% (1824/2307) regret=0.031104 ape=0.5014
[14:37:33] regretChangePotential 79% (1825/2307) regret=0.031104 ape=0.5014
[14:37:33] regretChangePotential 79% (1826/2307) regret=0.031104 ape=0.5014
[14:37:33] regretChangePotential 79% (1827/2307) regret=0.031104 ape=0.5014
[14:37:33] regretChangePotential 79% (1828/2307) regret=0.031104 ape=0.5014
[14:37:34] regretChangePotential 79% (1829/2307) regret=0.031104 ape=0.5014
[14:37:34] regretChangePotential 79% (1830/2307) regret=0.031556 ape=0.5023
[14:37:34] regretChangePotential 79% (1831/2307) regret=0.031556 ape=0.5023
[14:37:34] regretChangePotential 79% (1832/2307) regret=0.031256 ape=0.5014
[14:37:34] regretChangePotential 79% (1833/2307) regret=0.031459 ape=0.5023
[14:37:34] regretChangePotential 79% (1834/2307) regret=0.031459 ape=0.5023
[14:37:34] regretChangePotential 79% (1835/2307) regret=0.031459 ape=0.5023
[14:37:35] regretChangePotential 79% (1836/2307) regret=0.031459 ape=0.5023
[14:37:35] regretChangePotential 79% (1837/2307) regret=0.031459 ape=0.5023
[14:37:35] regretChangePotential 79% (1838/2307) regret=0.031459 ape=0.5023
[14:37:35] regretChangePotential 79% (1839/2307) regret=0.031459 ape=0.5023
[14:37:35] regretChangePotential 79% (1840/2307) regret=0.031459 ape=0.5023
[14:37:35] regretChangePotential 79% (1841/2307) regret=0.031459 ape=0.5023
[14:37:36] regretChangePotential 79% (1842/2307) regret=0.031459 ape=0.5023
[14:37:36] regretChangePotential 79% (1843/2307) regret=0.031459 ape=0.5023
[14:37:36] regretChangePotential 79% (1844/2307) regret=0.031459 ape=0.5023
[14:37:36] regretChangePotential 79% (1845/2307) regret=0.031459 ape=0.5023
[14:37:36] regretChangePotential 80% (1846/2307) regret=0.031459 ape=0.5023
[14:37:36] regretChangePotential 80% (1847/2307) regret=0.031459 ape=0.5023
[14:37:36] regretChangePotential 80% (1848/2307) regret=0.031654 ape=0.5023
[14:37:37] regretChangePotential 80% (1849/2307) regret=0.031476 ape=0.5014
[14:37:37] regretChangePotential 80% (1850/2307) regret=0.031474 ape=0.5014
[14:37:37] regretChangePotential 80% (1851/2307) regret=0.031396 ape=0.5005
[14:37:37] regretChangePotential 80% (1852/2307) regret=0.031323 ape=0.4995
[14:37:37] regretChangePotential 80% (1853/2307) regret=0.031390 ape=0.4995
[14:37:37] regretChangePotential 80% (1854/2307) regret=0.031390 ape=0.4995
[14:37:38] regretChangePotential 80% (1855/2307) regret=0.031390 ape=0.4995
[14:37:38] regretChangePotential 80% (1856/2307) regret=0.031380 ape=0.4995
[14:37:38] regretChangePotential 80% (1857/2307) regret=0.031380 ape=0.4995
[14:37:38] regretChangePotential 80% (1858/2307) regret=0.031380 ape=0.4995
[14:37:38] regretChangePotential 80% (1859/2307) regret=0.031380 ape=0.4995
[14:37:38] regretChangePotential 80% (1860/2307) regret=0.031380 ape=0.4995
[14:37:39] regretChangePotential 80% (1861/2307) regret=0.031380 ape=0.4995
[14:37:39] regretChangePotential 80% (1862/2307) regret=0.031210 ape=0.4995
[14:37:39] regretChangePotential 80% (1863/2307) regret=0.031210 ape=0.4995
[14:37:39] regretChangePotential 80% (1864/2307) regret=0.031220 ape=0.4995
[14:37:39] regretChangePotential 80% (1865/2307) regret=0.031220 ape=0.4995
[14:37:39] regretChangePotential 80% (1866/2307) regret=0.031128 ape=0.4986
[14:37:39] regretChangePotential 80% (1867/2307) regret=0.031326 ape=0.4986
[14:37:40] regretChangePotential 80% (1868/2307) regret=0.031128 ape=0.4986
[14:37:40] regretChangePotential 81% (1869/2307) regret=0.031114 ape=0.4977
[14:37:40] regretChangePotential 81% (1870/2307) regret=0.031114 ape=0.4977
[14:37:40] regretChangePotential 81% (1871/2307) regret=0.031065 ape=0.4968
[14:37:40] regretChangePotential 81% (1872/2307) regret=0.031001 ape=0.4968
[14:37:40] regretChangePotential 81% (1873/2307) regret=0.030793 ape=0.4959
[14:37:40] regretChangePotential 81% (1874/2307) regret=0.030793 ape=0.4959
[14:37:41] regretChangePotential 81% (1875/2307) regret=0.030793 ape=0.4959
[14:37:41] regretChangePotential 81% (1876/2307) regret=0.030793 ape=0.4959
[14:37:41] regretChangePotential 81% (1877/2307) regret=0.030747 ape=0.4949
[14:37:41] regretChangePotential 81% (1878/2307) regret=0.030839 ape=0.4959
[14:37:41] regretChangePotential 81% (1879/2307) regret=0.030849 ape=0.4959
[14:37:41] regretChangePotential 81% (1880/2307) regret=0.030849 ape=0.4959
[14:37:41] regretChangePotential 81% (1881/2307) regret=0.030849 ape=0.4959
[14:37:42] regretChangePotential 81% (1882/2307) regret=0.030626 ape=0.4949
[14:37:42] regretChangePotential 81% (1883/2307) regret=0.030626 ape=0.4949
[14:37:42] regretChangePotential 81% (1884/2307) regret=0.030543 ape=0.4940
[14:37:42] regretChangePotential 81% (1885/2307) regret=0.030543 ape=0.4940
[14:37:42] regretChangePotential 81% (1886/2307) regret=0.030543 ape=0.4940
[14:37:42] regretChangePotential 81% (1887/2307) regret=0.030543 ape=0.4940
[14:37:42] regretChangePotential 81% (1888/2307) regret=0.031165 ape=0.4949
[14:37:43] regretChangePotential 81% (1889/2307) regret=0.030530 ape=0.4940
[14:37:43] regretChangePotential 81% (1890/2307) regret=0.030510 ape=0.4940
[14:37:43] regretChangePotential 81% (1891/2307) regret=0.030510 ape=0.4940
[14:37:43] regretChangePotential 82% (1892/2307) regret=0.030464 ape=0.4931
[14:37:43] regretChangePotential 82% (1893/2307) regret=0.030458 ape=0.4931
[14:37:44] regretChangePotential 82% (1894/2307) regret=0.030458 ape=0.4931
[14:37:44] regretChangePotential 82% (1895/2307) regret=0.030472 ape=0.4940
[14:37:44] regretChangePotential 82% (1896/2307) regret=0.030472 ape=0.4940
[14:37:44] regretChangePotential 82% (1897/2307) regret=0.030472 ape=0.4940
[14:37:44] regretChangePotential 82% (1898/2307) regret=0.030472 ape=0.4940
[14:37:44] regretChangePotential 82% (1899/2307) regret=0.030564 ape=0.4949
[14:37:44] regretChangePotential 82% (1900/2307) regret=0.030587 ape=0.4959
[14:37:45] regretChangePotential 82% (1901/2307) regret=0.030601 ape=0.4959
[14:37:45] regretChangePotential 82% (1902/2307) regret=0.030761 ape=0.4968
[14:37:45] regretChangePotential 82% (1903/2307) regret=0.030649 ape=0.4968
[14:37:45] regretChangePotential 82% (1904/2307) regret=0.030601 ape=0.4959
[14:37:45] regretChangePotential 82% (1905/2307) regret=0.030601 ape=0.4959
[14:37:45] regretChangePotential 82% (1906/2307) regret=0.030601 ape=0.4959
[14:37:45] regretChangePotential 82% (1907/2307) regret=0.030441 ape=0.4949
[14:37:46] regretChangePotential 82% (1908/2307) regret=0.030497 ape=0.4959
[14:37:46] regretChangePotential 82% (1909/2307) regret=0.030497 ape=0.4959
[14:37:46] regretChangePotential 82% (1910/2307) regret=0.030497 ape=0.4959
[14:37:46] regretChangePotential 82% (1911/2307) regret=0.030497 ape=0.4959
[14:37:46] regretChangePotential 82% (1912/2307) regret=0.030497 ape=0.4959
[14:37:46] regretChangePotential 82% (1913/2307) regret=0.030497 ape=0.4959
[14:37:47] regretChangePotential 82% (1914/2307) regret=0.030497 ape=0.4959
[14:37:47] regretChangePotential 83% (1915/2307) regret=0.030497 ape=0.4959
[14:37:47] regretChangePotential 83% (1916/2307) regret=0.030497 ape=0.4959
[14:37:47] regretChangePotential 83% (1917/2307) regret=0.030497 ape=0.4959
[14:37:47] regretChangePotential 83% (1918/2307) regret=0.030497 ape=0.4959
[14:37:47] regretChangePotential 83% (1919/2307) regret=0.030497 ape=0.4959
[14:37:47] regretChangePotential 83% (1920/2307) regret=0.030497 ape=0.4959
[14:37:48] regretChangePotential 83% (1921/2307) regret=0.030497 ape=0.4959
[14:37:48] regretChangePotential 83% (1922/2307) regret=0.030497 ape=0.4959
[14:37:48] regretChangePotential 83% (1923/2307) regret=0.030497 ape=0.4959
[14:37:48] regretChangePotential 83% (1924/2307) regret=0.030497 ape=0.4959
[14:37:48] regretChangePotential 83% (1925/2307) regret=0.030497 ape=0.4959
[14:37:48] regretChangePotential 83% (1926/2307) regret=0.030497 ape=0.4959
[14:37:48] regretChangePotential 83% (1927/2307) regret=0.030497 ape=0.4959
[14:37:49] regretChangePotential 83% (1928/2307) regret=0.030497 ape=0.4959
[14:37:49] regretChangePotential 83% (1929/2307) regret=0.030497 ape=0.4959
[14:37:49] regretChangePotential 83% (1930/2307) regret=0.030497 ape=0.4959
[14:37:49] regretChangePotential 83% (1931/2307) regret=0.030497 ape=0.4959
[14:37:49] regretChangePotential 83% (1932/2307) regret=0.030497 ape=0.4959
[14:37:49] regretChangePotential 83% (1933/2307) regret=0.030497 ape=0.4959
[14:37:50] regretChangePotential 83% (1934/2307) regret=0.030497 ape=0.4959
[14:37:50] regretChangePotential 83% (1935/2307) regret=0.030497 ape=0.4959
[14:37:50] regretChangePotential 83% (1936/2307) regret=0.030503 ape=0.4968
[14:37:50] regretChangePotential 83% (1937/2307) regret=0.030503 ape=0.4968
[14:37:50] regretChangePotential 84% (1938/2307) regret=0.030503 ape=0.4968
[14:37:50] regretChangePotential 84% (1939/2307) regret=0.030503 ape=0.4968
[14:37:50] regretChangePotential 84% (1940/2307) regret=0.030503 ape=0.4968
[14:37:51] regretChangePotential 84% (1941/2307) regret=0.030503 ape=0.4968
[14:37:51] regretChangePotential 84% (1942/2307) regret=0.030503 ape=0.4968
[14:37:51] regretChangePotential 84% (1943/2307) regret=0.030484 ape=0.4959
[14:37:51] regretChangePotential 84% (1944/2307) regret=0.030503 ape=0.4968
[14:37:51] regretChangePotential 84% (1945/2307) regret=0.030503 ape=0.4968
[14:37:51] regretChangePotential 84% (1946/2307) regret=0.030503 ape=0.4968
[14:37:52] regretChangePotential 84% (1947/2307) regret=0.030444 ape=0.4968
[14:37:52] regretChangePotential 84% (1948/2307) regret=0.030573 ape=0.4968
[14:37:52] regretChangePotential 84% (1949/2307) regret=0.030573 ape=0.4968
[14:37:52] regretChangePotential 84% (1950/2307) regret=0.030537 ape=0.4968
[14:37:52] regretChangePotential 84% (1951/2307) regret=0.030459 ape=0.4968
[14:37:52] regretChangePotential 84% (1952/2307) regret=0.030473 ape=0.4968
[14:37:52] regretChangePotential 84% (1953/2307) regret=0.030473 ape=0.4968
[14:37:53] regretChangePotential 84% (1954/2307) regret=0.030500 ape=0.4968
[14:37:53] regretChangePotential 84% (1955/2307) regret=0.030500 ape=0.4968
[14:37:53] regretChangePotential 84% (1956/2307) regret=0.030500 ape=0.4968
[14:37:53] regretChangePotential 84% (1957/2307) regret=0.030500 ape=0.4968
[14:37:53] regretChangePotential 84% (1958/2307) regret=0.030500 ape=0.4968
[14:37:53] regretChangePotential 84% (1959/2307) regret=0.030500 ape=0.4968
[14:37:54] regretChangePotential 84% (1960/2307) regret=0.030500 ape=0.4968
[14:37:54] regretChangePotential 85% (1961/2307) regret=0.030500 ape=0.4968
[14:37:54] regretChangePotential 85% (1962/2307) regret=0.030500 ape=0.4968
[14:37:54] regretChangePotential 85% (1963/2307) regret=0.030500 ape=0.4968
[14:37:54] regretChangePotential 85% (1964/2307) regret=0.030500 ape=0.4968
[14:37:54] regretChangePotential 85% (1965/2307) regret=0.030500 ape=0.4968
[14:37:54] regretChangePotential 85% (1966/2307) regret=0.030500 ape=0.4968
[14:37:55] regretChangePotential 85% (1967/2307) regret=0.030500 ape=0.4968
[14:37:55] regretChangePotential 85% (1968/2307) regret=0.030500 ape=0.4968
[14:37:55] regretChangePotential 85% (1969/2307) regret=0.030500 ape=0.4968
[14:37:55] regretChangePotential 85% (1970/2307) regret=0.030500 ape=0.4968
[14:37:55] regretChangePotential 85% (1971/2307) regret=0.030500 ape=0.4968
[14:37:55] regretChangePotential 85% (1972/2307) regret=0.030500 ape=0.4968
[14:37:55] regretChangePotential 85% (1973/2307) regret=0.030500 ape=0.4968
[14:37:56] regretChangePotential 85% (1974/2307) regret=0.030500 ape=0.4968
[14:37:56] regretChangePotential 85% (1975/2307) regret=0.030500 ape=0.4968
[14:37:56] regretChangePotential 85% (1976/2307) regret=0.030500 ape=0.4968
[14:37:56] regretChangePotential 85% (1977/2307) regret=0.030500 ape=0.4968
[14:37:56] regretChangePotential 85% (1978/2307) regret=0.030500 ape=0.4968
[14:37:56] regretChangePotential 85% (1979/2307) regret=0.030500 ape=0.4968
[14:37:56] regretChangePotential 85% (1980/2307) regret=0.030500 ape=0.4968
[14:37:57] regretChangePotential 85% (1981/2307) regret=0.030500 ape=0.4968
[14:37:57] regretChangePotential 85% (1982/2307) regret=0.030500 ape=0.4968
[14:37:57] regretChangePotential 85% (1983/2307) regret=0.030500 ape=0.4968
[14:37:57] regretChangePotential 85% (1984/2307) regret=0.030500 ape=0.4968
[14:37:57] regretChangePotential 86% (1985/2307) regret=0.030500 ape=0.4968
[14:37:57] regretChangePotential 86% (1986/2307) regret=0.030500 ape=0.4968
[14:37:58] regretChangePotential 86% (1987/2307) regret=0.030500 ape=0.4968
[14:37:58] regretChangePotential 86% (1988/2307) regret=0.030500 ape=0.4968
[14:37:58] regretChangePotential 86% (1989/2307) regret=0.030500 ape=0.4968
[14:37:58] regretChangePotential 86% (1990/2307) regret=0.030500 ape=0.4968
[14:37:58] regretChangePotential 86% (1991/2307) regret=0.030500 ape=0.4968
[14:37:58] regretChangePotential 86% (1992/2307) regret=0.030500 ape=0.4968
[14:37:58] regretChangePotential 86% (1993/2307) regret=0.030500 ape=0.4968
[14:37:59] regretChangePotential 86% (1994/2307) regret=0.030500 ape=0.4968
[14:37:59] regretChangePotential 86% (1995/2307) regret=0.030500 ape=0.4968
[14:37:59] regretChangePotential 86% (1996/2307) regret=0.030500 ape=0.4968
[14:37:59] regretChangePotential 86% (1997/2307) regret=0.030500 ape=0.4968
[14:37:59] regretChangePotential 86% (1998/2307) regret=0.030500 ape=0.4968
[14:37:59] regretChangePotential 86% (1999/2307) regret=0.030500 ape=0.4968
[14:37:59] regretChangePotential 86% (2000/2307) regret=0.030500 ape=0.4968
[14:38:00] regretChangePotential 86% (2001/2307) regret=0.030500 ape=0.4968
[14:38:00] regretChangePotential 86% (2002/2307) regret=0.030500 ape=0.4968
[14:38:00] regretChangePotential 86% (2003/2307) regret=0.030500 ape=0.4968
[14:38:00] regretChangePotential 86% (2004/2307) regret=0.030500 ape=0.4968
[14:38:00] regretChangePotential 86% (2005/2307) regret=0.030500 ape=0.4968
[14:38:00] regretChangePotential 86% (2006/2307) regret=0.030500 ape=0.4968
[14:38:00] regretChangePotential 86% (2007/2307) regret=0.030500 ape=0.4968
[14:38:01] regretChangePotential 87% (2008/2307) regret=0.030454 ape=0.4968
[14:38:01] regretChangePotential 87% (2009/2307) regret=0.030454 ape=0.4968
[14:38:01] regretChangePotential 87% (2010/2307) regret=0.030454 ape=0.4968
[14:38:01] regretChangePotential 87% (2011/2307) regret=0.030454 ape=0.4968
[14:38:01] regretChangePotential 87% (2012/2307) regret=0.030454 ape=0.4968
[14:38:01] regretChangePotential 87% (2013/2307) regret=0.030454 ape=0.4968
[14:38:01] regretChangePotential 87% (2014/2307) regret=0.030454 ape=0.4968
[14:38:02] regretChangePotential 87% (2015/2307) regret=0.030454 ape=0.4968
[14:38:02] regretChangePotential 87% (2016/2307) regret=0.030454 ape=0.4968
[14:38:02] regretChangePotential 87% (2017/2307) regret=0.030454 ape=0.4968
[14:38:02] regretChangePotential 87% (2018/2307) regret=0.030454 ape=0.4968
[14:38:02] regretChangePotential 87% (2019/2307) regret=0.030454 ape=0.4968
[14:38:02] regretChangePotential 87% (2020/2307) regret=0.030390 ape=0.4968
[14:38:03] regretChangePotential 87% (2021/2307) regret=0.030390 ape=0.4968
[14:38:03] regretChangePotential 87% (2022/2307) regret=0.030390 ape=0.4968
[14:38:03] regretChangePotential 87% (2023/2307) regret=0.030390 ape=0.4968
[14:38:03] regretChangePotential 87% (2024/2307) regret=0.030390 ape=0.4968
[14:38:03] regretChangePotential 87% (2025/2307) regret=0.030390 ape=0.4968
[14:38:03] regretChangePotential 87% (2026/2307) regret=0.030390 ape=0.4968
[14:38:04] regretChangePotential 87% (2027/2307) regret=0.030390 ape=0.4968
[14:38:04] regretChangePotential 87% (2028/2307) regret=0.030390 ape=0.4968
[14:38:04] regretChangePotential 87% (2029/2307) regret=0.030390 ape=0.4968
[14:38:04] regretChangePotential 87% (2030/2307) regret=0.030390 ape=0.4968
[14:38:04] regretChangePotential 88% (2031/2307) regret=0.030390 ape=0.4968
[14:38:04] regretChangePotential 88% (2032/2307) regret=0.030390 ape=0.4968
[14:38:05] regretChangePotential 88% (2033/2307) regret=0.030390 ape=0.4968
[14:38:05] regretChangePotential 88% (2034/2307) regret=0.030390 ape=0.4968
[14:38:05] regretChangePotential 88% (2035/2307) regret=0.030445 ape=0.4968
[14:38:05] regretChangePotential 88% (2036/2307) regret=0.030445 ape=0.4968
[14:38:05] regretChangePotential 88% (2037/2307) regret=0.029862 ape=0.4949
[14:38:05] regretChangePotential 88% (2038/2307) regret=0.029931 ape=0.4959
[14:38:05] regretChangePotential 88% (2039/2307) regret=0.029888 ape=0.4959
[14:38:06] regretChangePotential 88% (2040/2307) regret=0.029888 ape=0.4959
[14:38:06] regretChangePotential 88% (2041/2307) regret=0.029888 ape=0.4959
[14:38:06] regretChangePotential 88% (2042/2307) regret=0.029888 ape=0.4959
[14:38:06] regretChangePotential 88% (2043/2307) regret=0.029888 ape=0.4959
[14:38:06] regretChangePotential 88% (2044/2307) regret=0.029888 ape=0.4959
[14:38:06] regretChangePotential 88% (2045/2307) regret=0.029888 ape=0.4959
[14:38:06] regretChangePotential 88% (2046/2307) regret=0.029888 ape=0.4959
[14:38:07] regretChangePotential 88% (2047/2307) regret=0.029888 ape=0.4959
[14:38:07] regretChangePotential 88% (2048/2307) regret=0.029888 ape=0.4959
[14:38:07] regretChangePotential 88% (2049/2307) regret=0.029888 ape=0.4959
[14:38:07] regretChangePotential 88% (2050/2307) regret=0.030247 ape=0.4977
[14:38:07] regretChangePotential 88% (2051/2307) regret=0.030247 ape=0.4977
[14:38:07] regretChangePotential 88% (2052/2307) regret=0.030247 ape=0.4977
[14:38:08] regretChangePotential 88% (2053/2307) regret=0.030316 ape=0.4977
[14:38:08] regretChangePotential 89% (2054/2307) regret=0.030316 ape=0.4977
[14:38:08] regretChangePotential 89% (2055/2307) regret=0.030288 ape=0.4977
[14:38:08] regretChangePotential 89% (2056/2307) regret=0.030288 ape=0.4977
[14:38:08] regretChangePotential 89% (2057/2307) regret=0.030288 ape=0.4977
[14:38:08] regretChangePotential 89% (2058/2307) regret=0.030288 ape=0.4977
[14:38:08] regretChangePotential 89% (2059/2307) regret=0.030288 ape=0.4977
[14:38:09] regretChangePotential 89% (2060/2307) regret=0.030141 ape=0.4977
[14:38:09] regretChangePotential 89% (2061/2307) regret=0.030141 ape=0.4977
[14:38:09] regretChangePotential 89% (2062/2307) regret=0.030141 ape=0.4977
[14:38:09] regretChangePotential 89% (2063/2307) regret=0.030141 ape=0.4977
[14:38:09] regretChangePotential 89% (2064/2307) regret=0.030141 ape=0.4977
[14:38:09] regretChangePotential 89% (2065/2307) regret=0.030141 ape=0.4977
[14:38:10] regretChangePotential 89% (2066/2307) regret=0.030196 ape=0.4977
[14:38:10] regretChangePotential 89% (2067/2307) regret=0.030196 ape=0.4977
[14:38:10] regretChangePotential 89% (2068/2307) regret=0.030196 ape=0.4977
[14:38:10] regretChangePotential 89% (2069/2307) regret=0.030196 ape=0.4977
[14:38:10] regretChangePotential 89% (2070/2307) regret=0.030095 ape=0.4968
[14:38:10] regretChangePotential 89% (2071/2307) regret=0.029892 ape=0.4959
[14:38:10] regretChangePotential 89% (2072/2307) regret=0.029892 ape=0.4959
[14:38:11] regretChangePotential 89% (2073/2307) regret=0.029855 ape=0.4959
[14:38:11] regretChangePotential 89% (2074/2307) regret=0.029855 ape=0.4959
[14:38:11] regretChangePotential 89% (2075/2307) regret=0.030009 ape=0.4968
[14:38:11] regretChangePotential 89% (2076/2307) regret=0.029914 ape=0.4968
[14:38:11] regretChangePotential 90% (2077/2307) regret=0.029960 ape=0.4968
[14:38:11] regretChangePotential 90% (2078/2307) regret=0.029914 ape=0.4968
[14:38:11] regretChangePotential 90% (2079/2307) regret=0.030043 ape=0.4977
[14:38:12] regretChangePotential 90% (2080/2307) regret=0.029914 ape=0.4968
[14:38:12] regretChangePotential 90% (2081/2307) regret=0.029914 ape=0.4968
[14:38:12] regretChangePotential 90% (2082/2307) regret=0.029904 ape=0.4968
[14:38:12] regretChangePotential 90% (2083/2307) regret=0.029914 ape=0.4968
[14:38:12] regretChangePotential 90% (2084/2307) regret=0.029914 ape=0.4968
[14:38:12] regretChangePotential 90% (2085/2307) regret=0.029821 ape=0.4959
[14:38:13] regretChangePotential 90% (2086/2307) regret=0.029825 ape=0.4959
[14:38:13] regretChangePotential 90% (2087/2307) regret=0.029825 ape=0.4959
[14:38:13] regretChangePotential 90% (2088/2307) regret=0.029825 ape=0.4959
[14:38:13] regretChangePotential 90% (2089/2307) regret=0.029715 ape=0.4959
[14:38:13] regretChangePotential 90% (2090/2307) regret=0.029825 ape=0.4959
[14:38:13] regretChangePotential 90% (2091/2307) regret=0.029825 ape=0.4959
[14:38:13] regretChangePotential 90% (2092/2307) regret=0.029825 ape=0.4959
[14:38:14] regretChangePotential 90% (2093/2307) regret=0.029825 ape=0.4959
[14:38:14] regretChangePotential 90% (2094/2307) regret=0.029825 ape=0.4959
[14:38:14] regretChangePotential 90% (2095/2307) regret=0.029825 ape=0.4959
[14:38:14] regretChangePotential 90% (2096/2307) regret=0.029477 ape=0.4959
[14:38:14] regretChangePotential 90% (2097/2307) regret=0.029691 ape=0.4968
[14:38:14] regretChangePotential 90% (2098/2307) regret=0.029691 ape=0.4968
[14:38:15] regretChangePotential 90% (2099/2307) regret=0.029663 ape=0.4959
[14:38:15] regretChangePotential 91% (2100/2307) regret=0.029620 ape=0.4959
[14:38:15] regretChangePotential 91% (2101/2307) regret=0.029620 ape=0.4959
[14:38:15] regretChangePotential 91% (2102/2307) regret=0.029537 ape=0.4959
[14:38:15] regretChangePotential 91% (2103/2307) regret=0.029537 ape=0.4959
[14:38:15] regretChangePotential 91% (2104/2307) regret=0.029537 ape=0.4959
[14:38:15] regretChangePotential 91% (2105/2307) regret=0.029537 ape=0.4959
[14:38:16] regretChangePotential 91% (2106/2307) regret=0.029537 ape=0.4959
[14:38:16] regretChangePotential 91% (2107/2307) regret=0.029537 ape=0.4959
[14:38:16] regretChangePotential 91% (2108/2307) regret=0.029537 ape=0.4959
[14:38:16] regretChangePotential 91% (2109/2307) regret=0.029537 ape=0.4959
[14:38:16] regretChangePotential 91% (2110/2307) regret=0.029537 ape=0.4959
[14:38:16] regretChangePotential 91% (2111/2307) regret=0.029537 ape=0.4959
[14:38:16] regretChangePotential 91% (2112/2307) regret=0.029537 ape=0.4959
[14:38:17] regretChangePotential 91% (2113/2307) regret=0.029547 ape=0.4959
[14:38:17] regretChangePotential 91% (2114/2307) regret=0.029537 ape=0.4959
[14:38:17] regretChangePotential 91% (2115/2307) regret=0.029537 ape=0.4959
[14:38:17] regretChangePotential 91% (2116/2307) regret=0.029583 ape=0.4968
[14:38:17] regretChangePotential 91% (2117/2307) regret=0.029583 ape=0.4968
[14:38:17] regretChangePotential 91% (2118/2307) regret=0.029583 ape=0.4968
[14:38:17] regretChangePotential 91% (2119/2307) regret=0.029583 ape=0.4968
[14:38:18] regretChangePotential 91% (2120/2307) regret=0.029593 ape=0.4968
[14:38:18] regretChangePotential 91% (2121/2307) regret=0.029547 ape=0.4959
[14:38:18] regretChangePotential 91% (2122/2307) regret=0.029464 ape=0.4959
[14:38:18] regretChangePotential 92% (2123/2307) regret=0.029501 ape=0.4959
[14:38:18] regretChangePotential 92% (2124/2307) regret=0.029501 ape=0.4959
[14:38:18] regretChangePotential 92% (2125/2307) regret=0.029501 ape=0.4959
[14:38:19] regretChangePotential 92% (2126/2307) regret=0.029501 ape=0.4959
[14:38:19] regretChangePotential 92% (2127/2307) regret=0.029496 ape=0.4959
[14:38:19] regretChangePotential 92% (2128/2307) regret=0.029496 ape=0.4959
[14:38:19] regretChangePotential 92% (2129/2307) regret=0.029376 ape=0.4949
[14:38:19] regretChangePotential 92% (2130/2307) regret=0.029118 ape=0.4940
[14:38:19] regretChangePotential 92% (2131/2307) regret=0.029118 ape=0.4940
[14:38:19] regretChangePotential 92% (2132/2307) regret=0.029118 ape=0.4940
[14:38:20] regretChangePotential 92% (2133/2307) regret=0.029454 ape=0.4940
[14:38:20] regretChangePotential 92% (2134/2307) regret=0.029177 ape=0.4940
[14:38:20] regretChangePotential 92% (2135/2307) regret=0.029177 ape=0.4940
[14:38:20] regretChangePotential 92% (2136/2307) regret=0.028796 ape=0.4940
[14:38:20] regretChangePotential 92% (2137/2307) regret=0.028796 ape=0.4940
[14:38:20] regretChangePotential 92% (2138/2307) regret=0.028856 ape=0.4940
[14:38:20] regretChangePotential 92% (2139/2307) regret=0.028839 ape=0.4931
[14:38:21] regretChangePotential 92% (2140/2307) regret=0.028793 ape=0.4940
[14:38:21] regretChangePotential 92% (2141/2307) regret=0.028793 ape=0.4940
[14:38:21] regretChangePotential 92% (2142/2307) regret=0.028793 ape=0.4940
[14:38:21] regretChangePotential 92% (2143/2307) regret=0.028793 ape=0.4940
[14:38:21] regretChangePotential 92% (2144/2307) regret=0.028793 ape=0.4940
[14:38:21] regretChangePotential 92% (2145/2307) regret=0.028793 ape=0.4940
[14:38:22] regretChangePotential 93% (2146/2307) regret=0.028793 ape=0.4940
[14:38:22] regretChangePotential 93% (2147/2307) regret=0.028793 ape=0.4940
[14:38:22] regretChangePotential 93% (2148/2307) regret=0.028793 ape=0.4940
[14:38:22] regretChangePotential 93% (2149/2307) regret=0.028793 ape=0.4940
[14:38:22] regretChangePotential 93% (2150/2307) regret=0.028793 ape=0.4940
[14:38:22] regretChangePotential 93% (2151/2307) regret=0.028793 ape=0.4940
[14:38:22] regretChangePotential 93% (2152/2307) regret=0.028793 ape=0.4940
[14:38:23] regretChangePotential 93% (2153/2307) regret=0.028793 ape=0.4940
[14:38:23] regretChangePotential 93% (2154/2307) regret=0.028793 ape=0.4940
[14:38:23] regretChangePotential 93% (2155/2307) regret=0.028793 ape=0.4940
[14:38:23] regretChangePotential 93% (2156/2307) regret=0.028793 ape=0.4940
[14:38:23] regretChangePotential 93% (2157/2307) regret=0.028793 ape=0.4940
[14:38:23] regretChangePotential 93% (2158/2307) regret=0.028793 ape=0.4940
[14:38:23] regretChangePotential 93% (2159/2307) regret=0.028793 ape=0.4940
[14:38:24] regretChangePotential 93% (2160/2307) regret=0.028793 ape=0.4940
[14:38:24] regretChangePotential 93% (2161/2307) regret=0.028793 ape=0.4940
[14:38:24] regretChangePotential 93% (2162/2307) regret=0.028793 ape=0.4940
[14:38:24] regretChangePotential 93% (2163/2307) regret=0.028793 ape=0.4940
[14:38:24] regretChangePotential 93% (2164/2307) regret=0.028793 ape=0.4940
[14:38:24] regretChangePotential 93% (2165/2307) regret=0.028793 ape=0.4940
[14:38:24] regretChangePotential 93% (2166/2307) regret=0.028793 ape=0.4940
[14:38:25] regretChangePotential 93% (2167/2307) regret=0.028793 ape=0.4940
[14:38:25] regretChangePotential 93% (2168/2307) regret=0.028793 ape=0.4940
[14:38:25] regretChangePotential 94% (2169/2307) regret=0.028793 ape=0.4940
[14:38:25] regretChangePotential 94% (2170/2307) regret=0.028793 ape=0.4940
[14:38:25] regretChangePotential 94% (2171/2307) regret=0.028793 ape=0.4940
[14:38:25] regretChangePotential 94% (2172/2307) regret=0.028830 ape=0.4940
[14:38:25] regretChangePotential 94% (2173/2307) regret=0.028830 ape=0.4940
[14:38:26] regretChangePotential 94% (2174/2307) regret=0.028830 ape=0.4940
[14:38:26] regretChangePotential 94% (2175/2307) regret=0.028830 ape=0.4940
[14:38:26] regretChangePotential 94% (2176/2307) regret=0.028830 ape=0.4940
[14:38:26] regretChangePotential 94% (2177/2307) regret=0.028830 ape=0.4940
[14:38:26] regretChangePotential 94% (2178/2307) regret=0.028830 ape=0.4940
[14:38:26] regretChangePotential 94% (2179/2307) regret=0.028830 ape=0.4940
[14:38:27] regretChangePotential 94% (2180/2307) regret=0.028830 ape=0.4940
[14:38:27] regretChangePotential 94% (2181/2307) regret=0.028830 ape=0.4940
[14:38:27] regretChangePotential 94% (2182/2307) regret=0.028830 ape=0.4940
[14:38:27] regretChangePotential 94% (2183/2307) regret=0.028830 ape=0.4940
[14:38:27] regretChangePotential 94% (2184/2307) regret=0.028830 ape=0.4940
[14:38:27] regretChangePotential 94% (2185/2307) regret=0.028830 ape=0.4940
[14:38:27] regretChangePotential 94% (2186/2307) regret=0.028830 ape=0.4940
[14:38:28] regretChangePotential 94% (2187/2307) regret=0.028965 ape=0.4949
[14:38:28] regretChangePotential 94% (2188/2307) regret=0.028999 ape=0.4949
[14:38:28] regretChangePotential 94% (2189/2307) regret=0.028999 ape=0.4949
[14:38:28] regretChangePotential 94% (2190/2307) regret=0.028999 ape=0.4949
[14:38:28] regretChangePotential 94% (2191/2307) regret=0.028999 ape=0.4949
[14:38:28] regretChangePotential 95% (2192/2307) regret=0.029017 ape=0.4949
[14:38:28] regretChangePotential 95% (2193/2307) regret=0.029017 ape=0.4949
[14:38:29] regretChangePotential 95% (2194/2307) regret=0.028934 ape=0.4949
[14:38:29] regretChangePotential 95% (2195/2307) regret=0.028934 ape=0.4949
[14:38:29] regretChangePotential 95% (2196/2307) regret=0.028934 ape=0.4949
[14:38:29] regretChangePotential 95% (2197/2307) regret=0.028934 ape=0.4949
[14:38:29] regretChangePotential 95% (2198/2307) regret=0.028921 ape=0.4949
[14:38:29] regretChangePotential 95% (2199/2307) regret=0.028921 ape=0.4949
[14:38:30] regretChangePotential 95% (2200/2307) regret=0.028921 ape=0.4949
[14:38:30] regretChangePotential 95% (2201/2307) regret=0.028921 ape=0.4949
[14:38:30] regretChangePotential 95% (2202/2307) regret=0.028921 ape=0.4949
[14:38:30] regretChangePotential 95% (2203/2307) regret=0.028921 ape=0.4949
[14:38:30] regretChangePotential 95% (2204/2307) regret=0.028921 ape=0.4949
[14:38:30] regretChangePotential 95% (2205/2307) regret=0.028902 ape=0.4949
[14:38:31] regretChangePotential 95% (2206/2307) regret=0.028921 ape=0.4949
[14:38:31] regretChangePotential 95% (2207/2307) regret=0.028921 ape=0.4949
[14:38:31] regretChangePotential 95% (2208/2307) regret=0.028930 ape=0.4949
[14:38:31] regretChangePotential 95% (2209/2307) regret=0.028865 ape=0.4949
[14:38:31] regretChangePotential 95% (2210/2307) regret=0.028921 ape=0.4949
[14:38:31] regretChangePotential 95% (2211/2307) regret=0.028921 ape=0.4949
[14:38:32] regretChangePotential 95% (2212/2307) regret=0.028882 ape=0.4949
[14:38:32] regretChangePotential 95% (2213/2307) regret=0.028946 ape=0.4949
[14:38:32] regretChangePotential 95% (2214/2307) regret=0.028946 ape=0.4949
[14:38:32] regretChangePotential 96% (2215/2307) regret=0.029046 ape=0.4949
[14:38:32] regretChangePotential 96% (2216/2307) regret=0.029046 ape=0.4949
[14:38:32] regretChangePotential 96% (2217/2307) regret=0.029046 ape=0.4949
[14:38:32] regretChangePotential 96% (2218/2307) regret=0.029046 ape=0.4949
[14:38:33] regretChangePotential 96% (2219/2307) regret=0.029046 ape=0.4949
[14:38:33] regretChangePotential 96% (2220/2307) regret=0.029046 ape=0.4949
[14:38:33] regretChangePotential 96% (2221/2307) regret=0.028981 ape=0.4949
[14:38:33] regretChangePotential 96% (2222/2307) regret=0.029046 ape=0.4949
[14:38:33] regretChangePotential 96% (2223/2307) regret=0.028963 ape=0.4949
[14:38:33] regretChangePotential 96% (2224/2307) regret=0.028963 ape=0.4949
[14:38:33] regretChangePotential 96% (2225/2307) regret=0.028963 ape=0.4949
[14:38:34] regretChangePotential 96% (2226/2307) regret=0.028963 ape=0.4949
[14:38:34] regretChangePotential 96% (2227/2307) regret=0.028963 ape=0.4949
[14:38:34] regretChangePotential 96% (2228/2307) regret=0.028972 ape=0.4949
[14:38:34] regretChangePotential 96% (2229/2307) regret=0.028855 ape=0.4940
[14:38:34] regretChangePotential 96% (2230/2307) regret=0.028855 ape=0.4940
[14:38:34] regretChangePotential 96% (2231/2307) regret=0.028855 ape=0.4940
[14:38:35] regretChangePotential 96% (2232/2307) regret=0.028855 ape=0.4940
[14:38:35] regretChangePotential 96% (2233/2307) regret=0.028855 ape=0.4940
[14:38:35] regretChangePotential 96% (2234/2307) regret=0.028855 ape=0.4940
[14:38:35] regretChangePotential 96% (2235/2307) regret=0.028855 ape=0.4940
[14:38:35] regretChangePotential 96% (2236/2307) regret=0.028855 ape=0.4940
[14:38:35] regretChangePotential 96% (2237/2307) regret=0.028855 ape=0.4940
[14:38:35] regretChangePotential 97% (2238/2307) regret=0.028855 ape=0.4940
[14:38:36] regretChangePotential 97% (2239/2307) regret=0.028855 ape=0.4940
[14:38:36] regretChangePotential 97% (2240/2307) regret=0.028855 ape=0.4940
[14:38:36] regretChangePotential 97% (2241/2307) regret=0.028855 ape=0.4940
[14:38:36] regretChangePotential 97% (2242/2307) regret=0.028855 ape=0.4940
[14:38:36] regretChangePotential 97% (2243/2307) regret=0.028855 ape=0.4940
[14:38:36] regretChangePotential 97% (2244/2307) regret=0.028855 ape=0.4940
[14:38:36] regretChangePotential 97% (2245/2307) regret=0.028855 ape=0.4940
[14:38:37] regretChangePotential 97% (2246/2307) regret=0.028855 ape=0.4940
[14:38:37] regretChangePotential 97% (2247/2307) regret=0.028855 ape=0.4940
[14:38:37] regretChangePotential 97% (2248/2307) regret=0.028855 ape=0.4940
[14:38:37] regretChangePotential 97% (2249/2307) regret=0.028855 ape=0.4940
[14:38:37] regretChangePotential 97% (2250/2307) regret=0.028855 ape=0.4940
[14:38:37] regretChangePotential 97% (2251/2307) regret=0.028855 ape=0.4940
[14:38:38] regretChangePotential 97% (2252/2307) regret=0.028855 ape=0.4940
[14:38:38] regretChangePotential 97% (2253/2307) regret=0.028855 ape=0.4940
[14:38:38] regretChangePotential 97% (2254/2307) regret=0.028855 ape=0.4940
[14:38:38] regretChangePotential 97% (2255/2307) regret=0.028855 ape=0.4940
[14:38:38] regretChangePotential 97% (2256/2307) regret=0.028855 ape=0.4940
[14:38:38] regretChangePotential 97% (2257/2307) regret=0.028855 ape=0.4940
[14:38:38] regretChangePotential 97% (2258/2307) regret=0.028855 ape=0.4940
[14:38:39] regretChangePotential 97% (2259/2307) regret=0.029362 ape=0.4940
[14:38:39] regretChangePotential 97% (2260/2307) regret=0.028855 ape=0.4940
[14:38:39] regretChangePotential 98% (2261/2307) regret=0.028855 ape=0.4940
[14:38:39] regretChangePotential 98% (2262/2307) regret=0.028855 ape=0.4940
[14:38:39] regretChangePotential 98% (2263/2307) regret=0.028931 ape=0.4940
[14:38:39] regretChangePotential 98% (2264/2307) regret=0.028814 ape=0.4931
[14:38:39] regretChangePotential 98% (2265/2307) regret=0.028846 ape=0.4940
[14:38:40] regretChangePotential 98% (2266/2307) regret=0.028814 ape=0.4931
[14:38:40] regretChangePotential 98% (2267/2307) regret=0.028814 ape=0.4931
[14:38:40] regretChangePotential 98% (2268/2307) regret=0.028952 ape=0.4931
[14:38:40] regretChangePotential 98% (2269/2307) regret=0.029035 ape=0.4931
[14:38:40] regretChangePotential 98% (2270/2307) regret=0.028758 ape=0.4922
[14:38:40] regretChangePotential 98% (2271/2307) regret=0.029145 ape=0.4931
[14:38:41] regretChangePotential 98% (2272/2307) regret=0.028738 ape=0.4912
[14:38:41] regretChangePotential 98% (2273/2307) regret=0.028738 ape=0.4912
[14:38:41] regretChangePotential 98% (2274/2307) regret=0.028830 ape=0.4912
[14:38:41] regretChangePotential 98% (2275/2307) regret=0.028738 ape=0.4912
[14:38:41] regretChangePotential 98% (2276/2307) regret=0.028738 ape=0.4912
[14:38:41] regretChangePotential 98% (2277/2307) regret=0.028738 ape=0.4912
[14:38:42] regretChangePotential 98% (2278/2307) regret=0.028738 ape=0.4912
[14:38:42] regretChangePotential 98% (2279/2307) regret=0.028738 ape=0.4912
[14:38:42] regretChangePotential 98% (2280/2307) regret=0.028738 ape=0.4912
[14:38:42] regretChangePotential 98% (2281/2307) regret=0.028738 ape=0.4912
[14:38:42] regretChangePotential 98% (2282/2307) regret=0.028738 ape=0.4912
[14:38:42] regretChangePotential 98% (2283/2307) regret=0.028508 ape=0.4903
[14:38:42] regretChangePotential 99% (2284/2307) regret=0.028508 ape=0.4903
[14:38:43] regretChangePotential 99% (2285/2307) regret=0.028508 ape=0.4903
[14:38:43] regretChangePotential 99% (2286/2307) regret=0.028551 ape=0.4903
[14:38:43] regretChangePotential 99% (2287/2307) regret=0.028620 ape=0.4903
[14:38:43] regretChangePotential 99% (2288/2307) regret=0.028620 ape=0.4903
[14:38:43] regretChangePotential 99% (2289/2307) regret=0.028620 ape=0.4903
[14:38:43] regretChangePotential 99% (2290/2307) regret=0.028620 ape=0.4903
[14:38:43] regretChangePotential 99% (2291/2307) regret=0.028629 ape=0.4903
[14:38:44] regretChangePotential 99% (2292/2307) regret=0.028565 ape=0.4894
[14:38:44] regretChangePotential 99% (2293/2307) regret=0.028565 ape=0.4894
[14:38:44] regretChangePotential 99% (2294/2307) regret=0.028583 ape=0.4894
[14:38:44] regretChangePotential 99% (2295/2307) regret=0.028583 ape=0.4894
[14:38:44] regretChangePotential 99% (2296/2307) regret=0.028546 ape=0.4894
[14:38:44] regretChangePotential 99% (2297/2307) regret=0.028440 ape=0.4885
[14:38:44] regretChangePotential 99% (2298/2307) regret=0.028440 ape=0.4885
[14:38:45] regretChangePotential 99% (2299/2307) regret=0.028440 ape=0.4885
[14:38:45] regretChangePotential 99% (2300/2307) regret=0.028568 ape=0.4885
[14:38:45] regretChangePotential 99% (2301/2307) regret=0.028433 ape=0.4885
[14:38:45] regretChangePotential 99% (2302/2307) regret=0.028433 ape=0.4885
[14:38:45] regretChangePotential 99% (2303/2307) regret=0.028433 ape=0.4885
[14:38:45] regretChangePotential 99% (2304/2307) regret=0.028506 ape=0.4894
[14:38:46] regretChangePotential 99% (2305/2307) regret=0.028506 ape=0.4894
[14:38:46] regretChangePotential 99% (2306/2307) regret=0.028506 ape=0.4894
[14:38:46] regretChangePotential 100% (2307/2307) regret=0.028506 ape=0.4894
Baseline finished: 2308 points, 344.63s wall time
  Final: regret=0.028506, ape=0.4894

Saved JSON: /home/users/g/s/gsavary/LudiiMCTSVariations/slurm_sweep_full_dataset/results_20260425_143236/sweep_baseline_3_20260425_143846.json

Generating plots...
Saved regret plot: /home/users/g/s/gsavary/LudiiMCTSVariations/slurm_sweep_full_dataset/results_20260425_143236/sweep_baseline_3_20260425_143846_regret.png
Saved APE plot: /home/users/g/s/gsavary/LudiiMCTSVariations/slurm_sweep_full_dataset/results_20260425_143236/sweep_baseline_3_20260425_143846_ape.png

======================================================================
EXPERIMENT COMPLETE
======================================================================
Results saved to: /home/users/g/s/gsavary/LudiiMCTSVariations/slurm_sweep_full_dataset/results_20260425_143236
JSON file: sweep_baseline_3_20260425_143846.json
Experiment finished. Results saved to: /home/users/g/s/gsavary/LudiiMCTSVariations/slurm_sweep_full_dataset/results_20260425_143236
