Starting experiment...
Project root: /home/users/g/s/gsavary/LudiiMCTSVariations
Method: warm:100
Output dir: /home/users/g/s/gsavary/LudiiMCTSVariations/slurm_sweep_full_dataset/results_20260425_145739
Seed: 3
Time limit:  seconds


======================================================================
SLURM Sweep Experiment - Single Method
======================================================================
Method: warm:100
Time limit: 7200.0s, Seed: 3, Batch size: 20
Output directory: /home/users/g/s/gsavary/LudiiMCTSVariations/slurm_sweep_full_dataset/results_20260425_145739

Loading Ludii dataset...
Loaded 1085 games
Using 1085 games (full dataset, no subsampling)

Running timing probe (100 pulls)...
  Estimated secs/pull: 0.021701

Time budget: 7200.0s → ~331788 total pulls
Per-method budget: 47398 pulls (~1028.6s)

Computing predictor-only performance...
  Predictions load failed: 118

Running WARM-START (w=100)...
[14:58:03] warmStart 0% (0/2370) regret=0.132762 ape=0.7124
[14:58:03] warmStart 0% (1/2370) regret=0.132116 ape=0.7124
[14:58:03] warmStart 0% (2/2370) regret=0.130871 ape=0.7124
[14:58:03] warmStart 0% (3/2370) regret=0.130419 ape=0.7134
[14:58:04] warmStart 0% (4/2370) regret=0.128327 ape=0.7115
[14:58:04] warmStart 0% (5/2370) regret=0.127710 ape=0.7115
[14:58:04] warmStart 0% (6/2370) regret=0.127624 ape=0.7115
[14:58:04] warmStart 0% (7/2370) regret=0.127090 ape=0.7097
[14:58:04] warmStart 0% (8/2370) regret=0.126583 ape=0.7097
[14:58:04] warmStart 0% (9/2370) regret=0.125523 ape=0.7088
[14:58:04] warmStart 0% (10/2370) regret=0.124237 ape=0.7078
[14:58:05] warmStart 0% (11/2370) regret=0.123960 ape=0.7078
[14:58:05] warmStart 0% (12/2370) regret=0.123960 ape=0.7078
[14:58:05] warmStart 0% (13/2370) regret=0.123227 ape=0.7069
[14:58:05] warmStart 0% (14/2370) regret=0.123237 ape=0.7069
[14:58:05] warmStart 0% (15/2370) regret=0.123163 ape=0.7069
[14:58:05] warmStart 0% (16/2370) regret=0.123135 ape=0.7069
[14:58:05] warmStart 0% (17/2370) regret=0.122927 ape=0.7051
[14:58:06] warmStart 0% (18/2370) regret=0.123093 ape=0.7051
[14:58:06] warmStart 0% (19/2370) regret=0.122075 ape=0.7051
[14:58:06] warmStart 0% (20/2370) regret=0.121711 ape=0.7041
[14:58:06] warmStart 0% (21/2370) regret=0.121082 ape=0.7032
[14:58:06] warmStart 0% (22/2370) regret=0.121082 ape=0.7032
[14:58:06] warmStart 0% (23/2370) regret=0.120737 ape=0.7032
[14:58:06] warmStart 1% (24/2370) regret=0.120758 ape=0.7041
[14:58:07] warmStart 1% (25/2370) regret=0.120219 ape=0.7032
[14:58:07] warmStart 1% (26/2370) regret=0.119556 ape=0.7032
[14:58:07] warmStart 1% (27/2370) regret=0.119095 ape=0.7032
[14:58:07] warmStart 1% (28/2370) regret=0.119095 ape=0.7032
[14:58:07] warmStart 1% (29/2370) regret=0.118616 ape=0.7023
[14:58:07] warmStart 1% (30/2370) regret=0.118616 ape=0.7023
[14:58:07] warmStart 1% (31/2370) regret=0.118632 ape=0.7014
[14:58:08] warmStart 1% (32/2370) regret=0.117743 ape=0.6995
[14:58:08] warmStart 1% (33/2370) regret=0.117743 ape=0.6995
[14:58:08] warmStart 1% (34/2370) regret=0.117708 ape=0.6986
[14:58:08] warmStart 1% (35/2370) regret=0.117680 ape=0.6986
[14:58:08] warmStart 1% (36/2370) regret=0.117680 ape=0.6986
[14:58:08] warmStart 1% (37/2370) regret=0.117116 ape=0.6986
[14:58:08] warmStart 1% (38/2370) regret=0.115418 ape=0.6968
[14:58:09] warmStart 1% (39/2370) regret=0.115704 ape=0.6977
[14:58:09] warmStart 1% (40/2370) regret=0.115704 ape=0.6977
[14:58:09] warmStart 1% (41/2370) regret=0.115664 ape=0.6968
[14:58:09] warmStart 1% (42/2370) regret=0.115650 ape=0.6968
[14:58:09] warmStart 1% (43/2370) regret=0.115650 ape=0.6968
[14:58:09] warmStart 1% (44/2370) regret=0.115355 ape=0.6968
[14:58:09] warmStart 1% (45/2370) regret=0.115355 ape=0.6968
[14:58:09] warmStart 1% (46/2370) regret=0.115240 ape=0.6968
[14:58:10] warmStart 1% (47/2370) regret=0.114704 ape=0.6977
[14:58:10] warmStart 2% (48/2370) regret=0.114716 ape=0.6977
[14:58:10] warmStart 2% (49/2370) regret=0.113924 ape=0.6949
[14:58:10] warmStart 2% (50/2370) regret=0.113896 ape=0.6949
[14:58:10] warmStart 2% (51/2370) regret=0.114062 ape=0.6949
[14:58:10] warmStart 2% (52/2370) regret=0.113181 ape=0.6940
[14:58:10] warmStart 2% (53/2370) regret=0.112616 ape=0.6931
[14:58:11] warmStart 2% (54/2370) regret=0.111934 ape=0.6922
[14:58:11] warmStart 2% (55/2370) regret=0.111934 ape=0.6922
[14:58:11] warmStart 2% (56/2370) regret=0.111934 ape=0.6922
[14:58:11] warmStart 2% (57/2370) regret=0.111648 ape=0.6922
[14:58:11] warmStart 2% (58/2370) regret=0.111648 ape=0.6922
[14:58:11] warmStart 2% (59/2370) regret=0.111648 ape=0.6922
[14:58:11] warmStart 2% (60/2370) regret=0.111648 ape=0.6922
[14:58:12] warmStart 2% (61/2370) regret=0.111762 ape=0.6922
[14:58:12] warmStart 2% (62/2370) regret=0.111565 ape=0.6931
[14:58:12] warmStart 2% (63/2370) regret=0.111174 ape=0.6922
[14:58:12] warmStart 2% (64/2370) regret=0.110608 ape=0.6912
[14:58:12] warmStart 2% (65/2370) regret=0.110280 ape=0.6912
[14:58:12] warmStart 2% (66/2370) regret=0.110280 ape=0.6912
[14:58:12] warmStart 2% (67/2370) regret=0.110024 ape=0.6903
[14:58:13] warmStart 2% (68/2370) regret=0.108909 ape=0.6903
[14:58:13] warmStart 2% (69/2370) regret=0.108465 ape=0.6885
[14:58:13] warmStart 2% (70/2370) regret=0.106792 ape=0.6866
[14:58:13] warmStart 2% (71/2370) regret=0.106792 ape=0.6866
[14:58:13] warmStart 3% (72/2370) regret=0.106346 ape=0.6857
[14:58:13] warmStart 3% (73/2370) regret=0.106244 ape=0.6848
[14:58:13] warmStart 3% (74/2370) regret=0.106244 ape=0.6848
[14:58:14] warmStart 3% (75/2370) regret=0.106244 ape=0.6848
[14:58:14] warmStart 3% (76/2370) regret=0.106244 ape=0.6848
[14:58:14] warmStart 3% (77/2370) regret=0.105829 ape=0.6829
[14:58:14] warmStart 3% (78/2370) regret=0.104483 ape=0.6820
[14:58:14] warmStart 3% (79/2370) regret=0.104459 ape=0.6829
[14:58:14] warmStart 3% (80/2370) regret=0.104459 ape=0.6829
[14:58:14] warmStart 3% (81/2370) regret=0.104481 ape=0.6820
[14:58:15] warmStart 3% (82/2370) regret=0.104481 ape=0.6820
[14:58:15] warmStart 3% (83/2370) regret=0.103473 ape=0.6811
[14:58:15] warmStart 3% (84/2370) regret=0.102660 ape=0.6802
[14:58:15] warmStart 3% (85/2370) regret=0.102660 ape=0.6802
[14:58:15] warmStart 3% (86/2370) regret=0.102175 ape=0.6802
[14:58:15] warmStart 3% (87/2370) regret=0.101376 ape=0.6793
[14:58:15] warmStart 3% (88/2370) regret=0.100459 ape=0.6783
[14:58:16] warmStart 3% (89/2370) regret=0.100031 ape=0.6765
[14:58:16] warmStart 3% (90/2370) regret=0.099814 ape=0.6756
[14:58:16] warmStart 3% (91/2370) regret=0.099814 ape=0.6756
[14:58:16] warmStart 3% (92/2370) regret=0.099275 ape=0.6756
[14:58:16] warmStart 3% (93/2370) regret=0.099275 ape=0.6756
[14:58:16] warmStart 3% (94/2370) regret=0.098539 ape=0.6747
[14:58:16] warmStart 4% (95/2370) regret=0.098539 ape=0.6747
[14:58:17] warmStart 4% (96/2370) regret=0.097835 ape=0.6747
[14:58:17] warmStart 4% (97/2370) regret=0.097457 ape=0.6737
[14:58:17] warmStart 4% (98/2370) regret=0.096783 ape=0.6710
[14:58:17] warmStart 4% (99/2370) regret=0.095944 ape=0.6700
[14:58:17] warmStart 4% (100/2370) regret=0.096074 ape=0.6691
[14:58:17] warmStart 4% (101/2370) regret=0.096046 ape=0.6691
[14:58:17] warmStart 4% (102/2370) regret=0.095034 ape=0.6682
[14:58:18] warmStart 4% (103/2370) regret=0.094942 ape=0.6682
[14:58:18] warmStart 4% (104/2370) regret=0.094619 ape=0.6673
[14:58:18] warmStart 4% (105/2370) regret=0.094375 ape=0.6664
[14:58:18] warmStart 4% (106/2370) regret=0.093919 ape=0.6664
[14:58:18] warmStart 4% (107/2370) regret=0.092209 ape=0.6664
[14:58:18] warmStart 4% (108/2370) regret=0.091668 ape=0.6645
[14:58:18] warmStart 4% (109/2370) regret=0.090323 ape=0.6627
[14:58:19] warmStart 4% (110/2370) regret=0.090261 ape=0.6618
[14:58:19] warmStart 4% (111/2370) regret=0.089837 ape=0.6618
[14:58:19] warmStart 4% (112/2370) regret=0.089347 ape=0.6618
[14:58:19] warmStart 4% (113/2370) regret=0.088930 ape=0.6618
[14:58:19] warmStart 4% (114/2370) regret=0.088209 ape=0.6627
[14:58:19] warmStart 4% (115/2370) regret=0.087524 ape=0.6618
[14:58:19] warmStart 4% (116/2370) regret=0.087335 ape=0.6618
[14:58:20] warmStart 4% (117/2370) regret=0.086654 ape=0.6608
[14:58:20] warmStart 4% (118/2370) regret=0.086784 ape=0.6608
[14:58:20] warmStart 5% (119/2370) regret=0.087088 ape=0.6608
[14:58:20] warmStart 5% (120/2370) regret=0.087088 ape=0.6608
[14:58:20] warmStart 5% (121/2370) regret=0.086461 ape=0.6599
[14:58:20] warmStart 5% (122/2370) regret=0.086306 ape=0.6599
[14:58:20] warmStart 5% (123/2370) regret=0.085509 ape=0.6590
[14:58:20] warmStart 5% (124/2370) regret=0.085435 ape=0.6590
[14:58:21] warmStart 5% (125/2370) regret=0.085559 ape=0.6590
[14:58:21] warmStart 5% (126/2370) regret=0.085550 ape=0.6590
[14:58:21] warmStart 5% (127/2370) regret=0.085532 ape=0.6590
[14:58:21] warmStart 5% (128/2370) regret=0.085500 ape=0.6590
[14:58:21] warmStart 5% (129/2370) regret=0.085446 ape=0.6590
[14:58:21] warmStart 5% (130/2370) regret=0.085363 ape=0.6590
[14:58:21] warmStart 5% (131/2370) regret=0.085091 ape=0.6599
[14:58:22] warmStart 5% (132/2370) regret=0.084499 ape=0.6590
[14:58:22] warmStart 5% (133/2370) regret=0.083880 ape=0.6581
[14:58:22] warmStart 5% (134/2370) regret=0.083781 ape=0.6581
[14:58:22] warmStart 5% (135/2370) regret=0.083856 ape=0.6590
[14:58:22] warmStart 5% (136/2370) regret=0.083559 ape=0.6590
[14:58:22] warmStart 5% (137/2370) regret=0.083588 ape=0.6590
[14:58:22] warmStart 5% (138/2370) regret=0.083468 ape=0.6581
[14:58:23] warmStart 5% (139/2370) regret=0.082979 ape=0.6562
[14:58:23] warmStart 5% (140/2370) regret=0.082998 ape=0.6562
[14:58:23] warmStart 5% (141/2370) regret=0.082979 ape=0.6562
[14:58:23] warmStart 5% (142/2370) regret=0.082276 ape=0.6553
[14:58:23] warmStart 6% (143/2370) regret=0.082231 ape=0.6553
[14:58:23] warmStart 6% (144/2370) regret=0.082036 ape=0.6553
[14:58:23] warmStart 6% (145/2370) regret=0.082036 ape=0.6553
[14:58:24] warmStart 6% (146/2370) regret=0.081873 ape=0.6544
[14:58:24] warmStart 6% (147/2370) regret=0.081338 ape=0.6525
[14:58:24] warmStart 6% (148/2370) regret=0.081085 ape=0.6525
[14:58:24] warmStart 6% (149/2370) regret=0.081209 ape=0.6535
[14:58:24] warmStart 6% (150/2370) regret=0.080768 ape=0.6535
[14:58:24] warmStart 6% (151/2370) regret=0.080522 ape=0.6535
[14:58:24] warmStart 6% (152/2370) regret=0.080741 ape=0.6535
[14:58:24] warmStart 6% (153/2370) regret=0.080465 ape=0.6535
[14:58:25] warmStart 6% (154/2370) regret=0.080331 ape=0.6525
[14:58:25] warmStart 6% (155/2370) regret=0.080377 ape=0.6525
[14:58:25] warmStart 6% (156/2370) regret=0.079919 ape=0.6525
[14:58:25] warmStart 6% (157/2370) regret=0.079158 ape=0.6516
[14:58:25] warmStart 6% (158/2370) regret=0.078506 ape=0.6516
[14:58:25] warmStart 6% (159/2370) regret=0.078298 ape=0.6516
[14:58:25] warmStart 6% (160/2370) regret=0.077782 ape=0.6516
[14:58:26] warmStart 6% (161/2370) regret=0.077211 ape=0.6507
[14:58:26] warmStart 6% (162/2370) regret=0.077151 ape=0.6507
[14:58:26] warmStart 6% (163/2370) regret=0.076659 ape=0.6498
[14:58:26] warmStart 6% (164/2370) regret=0.076659 ape=0.6498
[14:58:26] warmStart 6% (165/2370) regret=0.076807 ape=0.6498
[14:58:26] warmStart 7% (166/2370) regret=0.076192 ape=0.6498
[14:58:26] warmStart 7% (167/2370) regret=0.076211 ape=0.6498
[14:58:27] warmStart 7% (168/2370) regret=0.076276 ape=0.6507
[14:58:27] warmStart 7% (169/2370) regret=0.075819 ape=0.6498
[14:58:27] warmStart 7% (170/2370) regret=0.076036 ape=0.6498
[14:58:27] warmStart 7% (171/2370) regret=0.076060 ape=0.6498
[14:58:27] warmStart 7% (172/2370) regret=0.075903 ape=0.6498
[14:58:27] warmStart 7% (173/2370) regret=0.075619 ape=0.6498
[14:58:27] warmStart 7% (174/2370) regret=0.075286 ape=0.6498
[14:58:28] warmStart 7% (175/2370) regret=0.074811 ape=0.6488
[14:58:28] warmStart 7% (176/2370) regret=0.074269 ape=0.6479
[14:58:28] warmStart 7% (177/2370) regret=0.073351 ape=0.6470
[14:58:28] warmStart 7% (178/2370) regret=0.073643 ape=0.6470
[14:58:28] warmStart 7% (179/2370) regret=0.073810 ape=0.6470
[14:58:28] warmStart 7% (180/2370) regret=0.073467 ape=0.6461
[14:58:28] warmStart 7% (181/2370) regret=0.073510 ape=0.6461
[14:58:29] warmStart 7% (182/2370) regret=0.073107 ape=0.6452
[14:58:29] warmStart 7% (183/2370) regret=0.072195 ape=0.6442
[14:58:29] warmStart 7% (184/2370) regret=0.071665 ape=0.6424
[14:58:29] warmStart 7% (185/2370) regret=0.071674 ape=0.6433
[14:58:29] warmStart 7% (186/2370) regret=0.070365 ape=0.6406
[14:58:29] warmStart 7% (187/2370) regret=0.070107 ape=0.6396
[14:58:29] warmStart 7% (188/2370) regret=0.069619 ape=0.6387
[14:58:30] warmStart 7% (189/2370) regret=0.069619 ape=0.6387
[14:58:30] warmStart 8% (190/2370) regret=0.069619 ape=0.6387
[14:58:30] warmStart 8% (191/2370) regret=0.069619 ape=0.6387
[14:58:30] warmStart 8% (192/2370) regret=0.069619 ape=0.6387
[14:58:30] warmStart 8% (193/2370) regret=0.069619 ape=0.6387
[14:58:30] warmStart 8% (194/2370) regret=0.069619 ape=0.6387
[14:58:30] warmStart 8% (195/2370) regret=0.069619 ape=0.6387
[14:58:31] warmStart 8% (196/2370) regret=0.069619 ape=0.6387
[14:58:31] warmStart 8% (197/2370) regret=0.069619 ape=0.6387
[14:58:31] warmStart 8% (198/2370) regret=0.069619 ape=0.6387
[14:58:31] warmStart 8% (199/2370) regret=0.069619 ape=0.6387
[14:58:31] warmStart 8% (200/2370) regret=0.069619 ape=0.6387
[14:58:31] warmStart 8% (201/2370) regret=0.069619 ape=0.6387
[14:58:31] warmStart 8% (202/2370) regret=0.069619 ape=0.6387
[14:58:32] warmStart 8% (203/2370) regret=0.069619 ape=0.6387
[14:58:32] warmStart 8% (204/2370) regret=0.069453 ape=0.6378
[14:58:32] warmStart 8% (205/2370) regret=0.069453 ape=0.6378
[14:58:32] warmStart 8% (206/2370) regret=0.069444 ape=0.6378
[14:58:32] warmStart 8% (207/2370) regret=0.069444 ape=0.6378
[14:58:32] warmStart 8% (208/2370) regret=0.069444 ape=0.6378
[14:58:32] warmStart 8% (209/2370) regret=0.069398 ape=0.6378
[14:58:33] warmStart 8% (210/2370) regret=0.069398 ape=0.6378
[14:58:33] warmStart 8% (211/2370) regret=0.069398 ape=0.6378
[14:58:33] warmStart 8% (212/2370) regret=0.069398 ape=0.6378
[14:58:33] warmStart 8% (213/2370) regret=0.069333 ape=0.6369
[14:58:33] warmStart 9% (214/2370) regret=0.069333 ape=0.6369
[14:58:33] warmStart 9% (215/2370) regret=0.069333 ape=0.6369
[14:58:33] warmStart 9% (216/2370) regret=0.069333 ape=0.6369
[14:58:34] warmStart 9% (217/2370) regret=0.069043 ape=0.6359
[14:58:34] warmStart 9% (218/2370) regret=0.069043 ape=0.6359
[14:58:34] warmStart 9% (219/2370) regret=0.069034 ape=0.6350
[14:58:34] warmStart 9% (220/2370) regret=0.069006 ape=0.6341
[14:58:34] warmStart 9% (221/2370) regret=0.068969 ape=0.6332
[14:58:34] warmStart 9% (222/2370) regret=0.068969 ape=0.6332
[14:58:34] warmStart 9% (223/2370) regret=0.068969 ape=0.6332
[14:58:35] warmStart 9% (224/2370) regret=0.068969 ape=0.6332
[14:58:35] warmStart 9% (225/2370) regret=0.068969 ape=0.6332
[14:58:35] warmStart 9% (226/2370) regret=0.068932 ape=0.6323
[14:58:35] warmStart 9% (227/2370) regret=0.068932 ape=0.6323
[14:58:35] warmStart 9% (228/2370) regret=0.068932 ape=0.6323
[14:58:35] warmStart 9% (229/2370) regret=0.068873 ape=0.6323
[14:58:35] warmStart 9% (230/2370) regret=0.069042 ape=0.6332
[14:58:35] warmStart 9% (231/2370) regret=0.068460 ape=0.6313
[14:58:36] warmStart 9% (232/2370) regret=0.068460 ape=0.6313
[14:58:36] warmStart 9% (233/2370) regret=0.068460 ape=0.6313
[14:58:36] warmStart 9% (234/2370) regret=0.068460 ape=0.6313
[14:58:36] warmStart 9% (235/2370) regret=0.068460 ape=0.6313
[14:58:36] warmStart 9% (236/2370) regret=0.068460 ape=0.6313
[14:58:36] warmStart 10% (237/2370) regret=0.068460 ape=0.6313
[14:58:36] warmStart 10% (238/2370) regret=0.068460 ape=0.6313
[14:58:37] warmStart 10% (239/2370) regret=0.068460 ape=0.6313
[14:58:37] warmStart 10% (240/2370) regret=0.068404 ape=0.6313
[14:58:37] warmStart 10% (241/2370) regret=0.068404 ape=0.6313
[14:58:37] warmStart 10% (242/2370) regret=0.068404 ape=0.6313
[14:58:37] warmStart 10% (243/2370) regret=0.068404 ape=0.6313
[14:58:37] warmStart 10% (244/2370) regret=0.068404 ape=0.6313
[14:58:37] warmStart 10% (245/2370) regret=0.068404 ape=0.6313
[14:58:38] warmStart 10% (246/2370) regret=0.068395 ape=0.6313
[14:58:38] warmStart 10% (247/2370) regret=0.068395 ape=0.6313
[14:58:38] warmStart 10% (248/2370) regret=0.068395 ape=0.6313
[14:58:38] warmStart 10% (249/2370) regret=0.068395 ape=0.6313
[14:58:38] warmStart 10% (250/2370) regret=0.068395 ape=0.6313
[14:58:38] warmStart 10% (251/2370) regret=0.068395 ape=0.6313
[14:58:38] warmStart 10% (252/2370) regret=0.068395 ape=0.6313
[14:58:39] warmStart 10% (253/2370) regret=0.068395 ape=0.6313
[14:58:39] warmStart 10% (254/2370) regret=0.068395 ape=0.6313
[14:58:39] warmStart 10% (255/2370) regret=0.068395 ape=0.6313
[14:58:39] warmStart 10% (256/2370) regret=0.068395 ape=0.6313
[14:58:39] warmStart 10% (257/2370) regret=0.068395 ape=0.6313
[14:58:39] warmStart 10% (258/2370) regret=0.068395 ape=0.6313
[14:58:39] warmStart 10% (259/2370) regret=0.068395 ape=0.6313
[14:58:40] warmStart 10% (260/2370) regret=0.068395 ape=0.6313
[14:58:40] warmStart 11% (261/2370) regret=0.068395 ape=0.6313
[14:58:40] warmStart 11% (262/2370) regret=0.068395 ape=0.6313
[14:58:40] warmStart 11% (263/2370) regret=0.068395 ape=0.6313
[14:58:40] warmStart 11% (264/2370) regret=0.068395 ape=0.6313
[14:58:40] warmStart 11% (265/2370) regret=0.068395 ape=0.6313
[14:58:40] warmStart 11% (266/2370) regret=0.068395 ape=0.6313
[14:58:41] warmStart 11% (267/2370) regret=0.068248 ape=0.6313
[14:58:41] warmStart 11% (268/2370) regret=0.068061 ape=0.6304
[14:58:41] warmStart 11% (269/2370) regret=0.068061 ape=0.6304
[14:58:41] warmStart 11% (270/2370) regret=0.068135 ape=0.6304
[14:58:41] warmStart 11% (271/2370) regret=0.068042 ape=0.6304
[14:58:41] warmStart 11% (272/2370) regret=0.067614 ape=0.6286
[14:58:41] warmStart 11% (273/2370) regret=0.067844 ape=0.6286
[14:58:42] warmStart 11% (274/2370) regret=0.067685 ape=0.6286
[14:58:42] warmStart 11% (275/2370) regret=0.067826 ape=0.6286
[14:58:42] warmStart 11% (276/2370) regret=0.067722 ape=0.6276
[14:58:42] warmStart 11% (277/2370) regret=0.067273 ape=0.6258
[14:58:42] warmStart 11% (278/2370) regret=0.067347 ape=0.6258
[14:58:42] warmStart 11% (279/2370) regret=0.066776 ape=0.6258
[14:58:42] warmStart 11% (280/2370) regret=0.066831 ape=0.6267
[14:58:43] warmStart 11% (281/2370) regret=0.066776 ape=0.6258
[14:58:43] warmStart 11% (282/2370) regret=0.066760 ape=0.6249
[14:58:43] warmStart 11% (283/2370) regret=0.066567 ape=0.6240
[14:58:43] warmStart 11% (284/2370) regret=0.066502 ape=0.6240
[14:58:43] warmStart 12% (285/2370) regret=0.066582 ape=0.6249
[14:58:43] warmStart 12% (286/2370) regret=0.066553 ape=0.6240
[14:58:43] warmStart 12% (287/2370) regret=0.066038 ape=0.6221
[14:58:43] warmStart 12% (288/2370) regret=0.065857 ape=0.6212
[14:58:44] warmStart 12% (289/2370) regret=0.065863 ape=0.6212
[14:58:44] warmStart 12% (290/2370) regret=0.065829 ape=0.6221
[14:58:44] warmStart 12% (291/2370) regret=0.065719 ape=0.6221
[14:58:44] warmStart 12% (292/2370) regret=0.065843 ape=0.6230
[14:58:44] warmStart 12% (293/2370) regret=0.066152 ape=0.6221
[14:58:44] warmStart 12% (294/2370) regret=0.065458 ape=0.6194
[14:58:44] warmStart 12% (295/2370) regret=0.065081 ape=0.6194
[14:58:45] warmStart 12% (296/2370) regret=0.065081 ape=0.6194
[14:58:45] warmStart 12% (297/2370) regret=0.064647 ape=0.6194
[14:58:45] warmStart 12% (298/2370) regret=0.064647 ape=0.6194
[14:58:45] warmStart 12% (299/2370) regret=0.064672 ape=0.6194
[14:58:45] warmStart 12% (300/2370) regret=0.064265 ape=0.6203
[14:58:45] warmStart 12% (301/2370) regret=0.064302 ape=0.6203
[14:58:45] warmStart 12% (302/2370) regret=0.064283 ape=0.6203
[14:58:46] warmStart 12% (303/2370) regret=0.064440 ape=0.6212
[14:58:46] warmStart 12% (304/2370) regret=0.064394 ape=0.6203
[14:58:46] warmStart 12% (305/2370) regret=0.064441 ape=0.6203
[14:58:46] warmStart 12% (306/2370) regret=0.064004 ape=0.6184
[14:58:46] warmStart 12% (307/2370) regret=0.063673 ape=0.6175
[14:58:46] warmStart 12% (308/2370) regret=0.063617 ape=0.6175
[14:58:46] warmStart 13% (309/2370) regret=0.063562 ape=0.6175
[14:58:47] warmStart 13% (310/2370) regret=0.063534 ape=0.6175
[14:58:47] warmStart 13% (311/2370) regret=0.063447 ape=0.6166
[14:58:47] warmStart 13% (312/2370) regret=0.063447 ape=0.6166
[14:58:47] warmStart 13% (313/2370) regret=0.063447 ape=0.6166
[14:58:47] warmStart 13% (314/2370) regret=0.063447 ape=0.6166
[14:58:47] warmStart 13% (315/2370) regret=0.064005 ape=0.6175
[14:58:47] warmStart 13% (316/2370) regret=0.063807 ape=0.6166
[14:58:48] warmStart 13% (317/2370) regret=0.063544 ape=0.6157
[14:58:48] warmStart 13% (318/2370) regret=0.063710 ape=0.6157
[14:58:48] warmStart 13% (319/2370) regret=0.063775 ape=0.6147
[14:58:48] warmStart 13% (320/2370) regret=0.063841 ape=0.6147
[14:58:48] warmStart 13% (321/2370) regret=0.063647 ape=0.6138
[14:58:48] warmStart 13% (322/2370) regret=0.063573 ape=0.6138
[14:58:48] warmStart 13% (323/2370) regret=0.063196 ape=0.6138
[14:58:49] warmStart 13% (324/2370) regret=0.063176 ape=0.6147
[14:58:49] warmStart 13% (325/2370) regret=0.063175 ape=0.6157
[14:58:49] warmStart 13% (326/2370) regret=0.063529 ape=0.6166
[14:58:49] warmStart 13% (327/2370) regret=0.063159 ape=0.6157
[14:58:49] warmStart 13% (328/2370) regret=0.063159 ape=0.6157
[14:58:49] warmStart 13% (329/2370) regret=0.063380 ape=0.6166
[14:58:49] warmStart 13% (330/2370) regret=0.063380 ape=0.6166
[14:58:50] warmStart 13% (331/2370) regret=0.063411 ape=0.6166
[14:58:50] warmStart 14% (332/2370) regret=0.063441 ape=0.6175
[14:58:50] warmStart 14% (333/2370) regret=0.063355 ape=0.6175
[14:58:50] warmStart 14% (334/2370) regret=0.063094 ape=0.6175
[14:58:50] warmStart 14% (335/2370) regret=0.063088 ape=0.6175
[14:58:50] warmStart 14% (336/2370) regret=0.063088 ape=0.6175
[14:58:50] warmStart 14% (337/2370) regret=0.063088 ape=0.6175
[14:58:51] warmStart 14% (338/2370) regret=0.063070 ape=0.6175
[14:58:51] warmStart 14% (339/2370) regret=0.062904 ape=0.6166
[14:58:51] warmStart 14% (340/2370) regret=0.062839 ape=0.6166
[14:58:51] warmStart 14% (341/2370) regret=0.062618 ape=0.6175
[14:58:51] warmStart 14% (342/2370) regret=0.062535 ape=0.6175
[14:58:51] warmStart 14% (343/2370) regret=0.062642 ape=0.6175
[14:58:51] warmStart 14% (344/2370) regret=0.062642 ape=0.6175
[14:58:52] warmStart 14% (345/2370) regret=0.062642 ape=0.6175
[14:58:52] warmStart 14% (346/2370) regret=0.062673 ape=0.6175
[14:58:52] warmStart 14% (347/2370) regret=0.062642 ape=0.6175
[14:58:52] warmStart 14% (348/2370) regret=0.062613 ape=0.6175
[14:58:52] warmStart 14% (349/2370) regret=0.062613 ape=0.6175
[14:58:52] warmStart 14% (350/2370) regret=0.062613 ape=0.6175
[14:58:52] warmStart 14% (351/2370) regret=0.062613 ape=0.6175
[14:58:53] warmStart 14% (352/2370) regret=0.062613 ape=0.6175
[14:58:53] warmStart 14% (353/2370) regret=0.062608 ape=0.6166
[14:58:53] warmStart 14% (354/2370) regret=0.062608 ape=0.6166
[14:58:53] warmStart 14% (355/2370) regret=0.062608 ape=0.6166
[14:58:53] warmStart 15% (356/2370) regret=0.062608 ape=0.6166
[14:58:53] warmStart 15% (357/2370) regret=0.063134 ape=0.6166
[14:58:53] warmStart 15% (358/2370) regret=0.062608 ape=0.6166
[14:58:54] warmStart 15% (359/2370) regret=0.062608 ape=0.6166
[14:58:54] warmStart 15% (360/2370) regret=0.062608 ape=0.6166
[14:58:54] warmStart 15% (361/2370) regret=0.062849 ape=0.6166
[14:58:54] warmStart 15% (362/2370) regret=0.062719 ape=0.6166
[14:58:54] warmStart 15% (363/2370) regret=0.062719 ape=0.6166
[14:58:54] warmStart 15% (364/2370) regret=0.062719 ape=0.6166
[14:58:54] warmStart 15% (365/2370) regret=0.062524 ape=0.6166
[14:58:54] warmStart 15% (366/2370) regret=0.062524 ape=0.6166
[14:58:55] warmStart 15% (367/2370) regret=0.062458 ape=0.6157
[14:58:55] warmStart 15% (368/2370) regret=0.062419 ape=0.6147
[14:58:55] warmStart 15% (369/2370) regret=0.062419 ape=0.6147
[14:58:55] warmStart 15% (370/2370) regret=0.062369 ape=0.6147
[14:58:55] warmStart 15% (371/2370) regret=0.062005 ape=0.6138
[14:58:55] warmStart 15% (372/2370) regret=0.061887 ape=0.6129
[14:58:55] warmStart 15% (373/2370) regret=0.061887 ape=0.6129
[14:58:56] warmStart 15% (374/2370) regret=0.061887 ape=0.6129
[14:58:56] warmStart 15% (375/2370) regret=0.061851 ape=0.6129
[14:58:56] warmStart 15% (376/2370) regret=0.061860 ape=0.6129
[14:58:56] warmStart 15% (377/2370) regret=0.061749 ape=0.6129
[14:58:56] warmStart 15% (378/2370) regret=0.061749 ape=0.6129
[14:58:56] warmStart 15% (379/2370) regret=0.061906 ape=0.6129
[14:58:56] warmStart 16% (380/2370) regret=0.061534 ape=0.6120
[14:58:57] warmStart 16% (381/2370) regret=0.061556 ape=0.6120
[14:58:57] warmStart 16% (382/2370) regret=0.061556 ape=0.6120
[14:58:57] warmStart 16% (383/2370) regret=0.061197 ape=0.6101
[14:58:57] warmStart 16% (384/2370) regret=0.061197 ape=0.6101
[14:58:57] warmStart 16% (385/2370) regret=0.061197 ape=0.6101
[14:58:57] warmStart 16% (386/2370) regret=0.061197 ape=0.6101
[14:58:57] warmStart 16% (387/2370) regret=0.061104 ape=0.6101
[14:58:58] warmStart 16% (388/2370) regret=0.060717 ape=0.6101
[14:58:58] warmStart 16% (389/2370) regret=0.060698 ape=0.6101
[14:58:58] warmStart 16% (390/2370) regret=0.060753 ape=0.6101
[14:58:58] warmStart 16% (391/2370) regret=0.060191 ape=0.6092
[14:58:58] warmStart 16% (392/2370) regret=0.060191 ape=0.6092
[14:58:58] warmStart 16% (393/2370) regret=0.060191 ape=0.6092
[14:58:58] warmStart 16% (394/2370) regret=0.059881 ape=0.6101
[14:58:59] warmStart 16% (395/2370) regret=0.059881 ape=0.6101
[14:58:59] warmStart 16% (396/2370) regret=0.059876 ape=0.6101
[14:58:59] warmStart 16% (397/2370) regret=0.059969 ape=0.6101
[14:58:59] warmStart 16% (398/2370) regret=0.060328 ape=0.6111
[14:58:59] warmStart 16% (399/2370) regret=0.060098 ape=0.6111
[14:58:59] warmStart 16% (400/2370) regret=0.060098 ape=0.6111
[14:58:59] warmStart 16% (401/2370) regret=0.060236 ape=0.6120
[14:59:00] warmStart 16% (402/2370) regret=0.060319 ape=0.6120
[14:59:00] warmStart 17% (403/2370) regret=0.060220 ape=0.6129
[14:59:00] warmStart 17% (404/2370) regret=0.060219 ape=0.6120
[14:59:00] warmStart 17% (405/2370) regret=0.060219 ape=0.6120
[14:59:00] warmStart 17% (406/2370) regret=0.060219 ape=0.6120
[14:59:00] warmStart 17% (407/2370) regret=0.060219 ape=0.6120
[14:59:00] warmStart 17% (408/2370) regret=0.060219 ape=0.6120
[14:59:01] warmStart 17% (409/2370) regret=0.059915 ape=0.6120
[14:59:01] warmStart 17% (410/2370) regret=0.059924 ape=0.6120
[14:59:01] warmStart 17% (411/2370) regret=0.059669 ape=0.6120
[14:59:01] warmStart 17% (412/2370) regret=0.059828 ape=0.6120
[14:59:01] warmStart 17% (413/2370) regret=0.059828 ape=0.6120
[14:59:01] warmStart 17% (414/2370) regret=0.059766 ape=0.6120
[14:59:01] warmStart 17% (415/2370) regret=0.059808 ape=0.6111
[14:59:02] warmStart 17% (416/2370) regret=0.059808 ape=0.6111
[14:59:02] warmStart 17% (417/2370) regret=0.059656 ape=0.6101
[14:59:02] warmStart 17% (418/2370) regret=0.059656 ape=0.6101
[14:59:02] warmStart 17% (419/2370) regret=0.059407 ape=0.6092
[14:59:02] warmStart 17% (420/2370) regret=0.059407 ape=0.6092
[14:59:02] warmStart 17% (421/2370) regret=0.059407 ape=0.6092
[14:59:02] warmStart 17% (422/2370) regret=0.059351 ape=0.6092
[14:59:03] warmStart 17% (423/2370) regret=0.059158 ape=0.6083
[14:59:03] warmStart 17% (424/2370) regret=0.059301 ape=0.6092
[14:59:03] warmStart 17% (425/2370) regret=0.059245 ape=0.6083
[14:59:03] warmStart 17% (426/2370) regret=0.059245 ape=0.6083
[14:59:03] warmStart 18% (427/2370) regret=0.059072 ape=0.6074
[14:59:03] warmStart 18% (428/2370) regret=0.059136 ape=0.6074
[14:59:03] warmStart 18% (429/2370) regret=0.059136 ape=0.6074
[14:59:03] warmStart 18% (430/2370) regret=0.058924 ape=0.6065
[14:59:04] warmStart 18% (431/2370) regret=0.058924 ape=0.6065
[14:59:04] warmStart 18% (432/2370) regret=0.058924 ape=0.6065
[14:59:04] warmStart 18% (433/2370) regret=0.058887 ape=0.6065
[14:59:04] warmStart 18% (434/2370) regret=0.059586 ape=0.6083
[14:59:04] warmStart 18% (435/2370) regret=0.059849 ape=0.6083
[14:59:04] warmStart 18% (436/2370) regret=0.059868 ape=0.6092
[14:59:04] warmStart 18% (437/2370) regret=0.059713 ape=0.6092
[14:59:05] warmStart 18% (438/2370) regret=0.059680 ape=0.6101
[14:59:05] warmStart 18% (439/2370) regret=0.059614 ape=0.6101
[14:59:05] warmStart 18% (440/2370) regret=0.059614 ape=0.6101
[14:59:05] warmStart 18% (441/2370) regret=0.059614 ape=0.6101
[14:59:05] warmStart 18% (442/2370) regret=0.059628 ape=0.6111
[14:59:05] warmStart 18% (443/2370) regret=0.059600 ape=0.6101
[14:59:05] warmStart 18% (444/2370) regret=0.059282 ape=0.6101
[14:59:06] warmStart 18% (445/2370) regret=0.059282 ape=0.6101
[14:59:06] warmStart 18% (446/2370) regret=0.059241 ape=0.6101
[14:59:06] warmStart 18% (447/2370) regret=0.059241 ape=0.6101
[14:59:06] warmStart 18% (448/2370) regret=0.059244 ape=0.6101
[14:59:06] warmStart 18% (449/2370) regret=0.059278 ape=0.6101
[14:59:06] warmStart 18% (450/2370) regret=0.059236 ape=0.6101
[14:59:06] warmStart 19% (451/2370) regret=0.059236 ape=0.6101
[14:59:07] warmStart 19% (452/2370) regret=0.059213 ape=0.6101
[14:59:07] warmStart 19% (453/2370) regret=0.059236 ape=0.6101
[14:59:07] warmStart 19% (454/2370) regret=0.058889 ape=0.6092
[14:59:07] warmStart 19% (455/2370) regret=0.058147 ape=0.6092
[14:59:07] warmStart 19% (456/2370) regret=0.057926 ape=0.6083
[14:59:07] warmStart 19% (457/2370) regret=0.058248 ape=0.6092
[14:59:07] warmStart 19% (458/2370) regret=0.057920 ape=0.6092
[14:59:08] warmStart 19% (459/2370) regret=0.057943 ape=0.6092
[14:59:08] warmStart 19% (460/2370) regret=0.057943 ape=0.6092
[14:59:08] warmStart 19% (461/2370) regret=0.057943 ape=0.6092
[14:59:08] warmStart 19% (462/2370) regret=0.057768 ape=0.6083
[14:59:08] warmStart 19% (463/2370) regret=0.057768 ape=0.6083
[14:59:08] warmStart 19% (464/2370) regret=0.057768 ape=0.6083
[14:59:08] warmStart 19% (465/2370) regret=0.057579 ape=0.6083
[14:59:09] warmStart 19% (466/2370) regret=0.057579 ape=0.6083
[14:59:09] warmStart 19% (467/2370) regret=0.057561 ape=0.6083
[14:59:09] warmStart 19% (468/2370) regret=0.057561 ape=0.6083
[14:59:09] warmStart 19% (469/2370) regret=0.057561 ape=0.6083
[14:59:09] warmStart 19% (470/2370) regret=0.057561 ape=0.6083
[14:59:09] warmStart 19% (471/2370) regret=0.057431 ape=0.6083
[14:59:09] warmStart 19% (472/2370) regret=0.057431 ape=0.6083
[14:59:10] warmStart 19% (473/2370) regret=0.057431 ape=0.6083
[14:59:10] warmStart 20% (474/2370) regret=0.057428 ape=0.6083
[14:59:10] warmStart 20% (475/2370) regret=0.057428 ape=0.6083
[14:59:10] warmStart 20% (476/2370) regret=0.057404 ape=0.6083
[14:59:10] warmStart 20% (477/2370) regret=0.057404 ape=0.6083
[14:59:10] warmStart 20% (478/2370) regret=0.057404 ape=0.6083
[14:59:10] warmStart 20% (479/2370) regret=0.057404 ape=0.6083
[14:59:10] warmStart 20% (480/2370) regret=0.057404 ape=0.6083
[14:59:11] warmStart 20% (481/2370) regret=0.057404 ape=0.6083
[14:59:11] warmStart 20% (482/2370) regret=0.057241 ape=0.6074
[14:59:11] warmStart 20% (483/2370) regret=0.057241 ape=0.6074
[14:59:11] warmStart 20% (484/2370) regret=0.057241 ape=0.6074
[14:59:11] warmStart 20% (485/2370) regret=0.057241 ape=0.6074
[14:59:11] warmStart 20% (486/2370) regret=0.057241 ape=0.6074
[14:59:11] warmStart 20% (487/2370) regret=0.057241 ape=0.6074
[14:59:12] warmStart 20% (488/2370) regret=0.057241 ape=0.6074
[14:59:12] warmStart 20% (489/2370) regret=0.057241 ape=0.6074
[14:59:12] warmStart 20% (490/2370) regret=0.057241 ape=0.6074
[14:59:12] warmStart 20% (491/2370) regret=0.057241 ape=0.6074
[14:59:12] warmStart 20% (492/2370) regret=0.057241 ape=0.6074
[14:59:12] warmStart 20% (493/2370) regret=0.057241 ape=0.6074
[14:59:12] warmStart 20% (494/2370) regret=0.057241 ape=0.6074
[14:59:13] warmStart 20% (495/2370) regret=0.057241 ape=0.6074
[14:59:13] warmStart 20% (496/2370) regret=0.057241 ape=0.6074
[14:59:13] warmStart 20% (497/2370) regret=0.057241 ape=0.6074
[14:59:13] warmStart 21% (498/2370) regret=0.057241 ape=0.6074
[14:59:13] warmStart 21% (499/2370) regret=0.057241 ape=0.6074
[14:59:13] warmStart 21% (500/2370) regret=0.057241 ape=0.6074
[14:59:13] warmStart 21% (501/2370) regret=0.057241 ape=0.6074
[14:59:14] warmStart 21% (502/2370) regret=0.057015 ape=0.6065
[14:59:14] warmStart 21% (503/2370) regret=0.057015 ape=0.6065
[14:59:14] warmStart 21% (504/2370) regret=0.056998 ape=0.6055
[14:59:14] warmStart 21% (505/2370) regret=0.056998 ape=0.6055
[14:59:14] warmStart 21% (506/2370) regret=0.056998 ape=0.6055
[14:59:14] warmStart 21% (507/2370) regret=0.056743 ape=0.6055
[14:59:14] warmStart 21% (508/2370) regret=0.056743 ape=0.6055
[14:59:14] warmStart 21% (509/2370) regret=0.056743 ape=0.6055
[14:59:15] warmStart 21% (510/2370) regret=0.056743 ape=0.6055
[14:59:15] warmStart 21% (511/2370) regret=0.056352 ape=0.6046
[14:59:15] warmStart 21% (512/2370) regret=0.056352 ape=0.6046
[14:59:15] warmStart 21% (513/2370) regret=0.056352 ape=0.6046
[14:59:15] warmStart 21% (514/2370) regret=0.056352 ape=0.6046
[14:59:15] warmStart 21% (515/2370) regret=0.056315 ape=0.6046
[14:59:15] warmStart 21% (516/2370) regret=0.056315 ape=0.6046
[14:59:16] warmStart 21% (517/2370) regret=0.056112 ape=0.6046
[14:59:16] warmStart 21% (518/2370) regret=0.056112 ape=0.6046
[14:59:16] warmStart 21% (519/2370) regret=0.055920 ape=0.6037
[14:59:16] warmStart 21% (520/2370) regret=0.055882 ape=0.6028
[14:59:16] warmStart 21% (521/2370) regret=0.055882 ape=0.6028
[14:59:16] warmStart 22% (522/2370) regret=0.055882 ape=0.6028
[14:59:16] warmStart 22% (523/2370) regret=0.055790 ape=0.6028
[14:59:16] warmStart 22% (524/2370) regret=0.055764 ape=0.6018
[14:59:17] warmStart 22% (525/2370) regret=0.055764 ape=0.6018
[14:59:17] warmStart 22% (526/2370) regret=0.055764 ape=0.6018
[14:59:17] warmStart 22% (527/2370) regret=0.055764 ape=0.6018
[14:59:17] warmStart 22% (528/2370) regret=0.055764 ape=0.6018
[14:59:17] warmStart 22% (529/2370) regret=0.055786 ape=0.6018
[14:59:17] warmStart 22% (530/2370) regret=0.055786 ape=0.6018
[14:59:17] warmStart 22% (531/2370) regret=0.055380 ape=0.6009
[14:59:18] warmStart 22% (532/2370) regret=0.055238 ape=0.6000
[14:59:18] warmStart 22% (533/2370) regret=0.055238 ape=0.6000
[14:59:18] warmStart 22% (534/2370) regret=0.055238 ape=0.6000
[14:59:18] warmStart 22% (535/2370) regret=0.055238 ape=0.6000
[14:59:18] warmStart 22% (536/2370) regret=0.055238 ape=0.6000
[14:59:18] warmStart 22% (537/2370) regret=0.055238 ape=0.6000
[14:59:18] warmStart 22% (538/2370) regret=0.055238 ape=0.6000
[14:59:18] warmStart 22% (539/2370) regret=0.055238 ape=0.6000
[14:59:19] warmStart 22% (540/2370) regret=0.055238 ape=0.6000
[14:59:19] warmStart 22% (541/2370) regret=0.055238 ape=0.6000
[14:59:19] warmStart 22% (542/2370) regret=0.055199 ape=0.5991
[14:59:19] warmStart 22% (543/2370) regret=0.055199 ape=0.5991
[14:59:19] warmStart 22% (544/2370) regret=0.055199 ape=0.5991
[14:59:19] warmStart 22% (545/2370) regret=0.055199 ape=0.5991
[14:59:19] warmStart 23% (546/2370) regret=0.055007 ape=0.5991
[14:59:20] warmStart 23% (547/2370) regret=0.054841 ape=0.5972
[14:59:20] warmStart 23% (548/2370) regret=0.054850 ape=0.5972
[14:59:20] warmStart 23% (549/2370) regret=0.054841 ape=0.5972
[14:59:20] warmStart 23% (550/2370) regret=0.054878 ape=0.5982
[14:59:20] warmStart 23% (551/2370) regret=0.054878 ape=0.5982
[14:59:20] warmStart 23% (552/2370) regret=0.054915 ape=0.5982
[14:59:20] warmStart 23% (553/2370) regret=0.054507 ape=0.5972
[14:59:21] warmStart 23% (554/2370) regret=0.054544 ape=0.5972
[14:59:21] warmStart 23% (555/2370) regret=0.054544 ape=0.5972
[14:59:21] warmStart 23% (556/2370) regret=0.054544 ape=0.5972
[14:59:21] warmStart 23% (557/2370) regret=0.054544 ape=0.5972
[14:59:21] warmStart 23% (558/2370) regret=0.054458 ape=0.5972
[14:59:21] warmStart 23% (559/2370) regret=0.054544 ape=0.5972
[14:59:21] warmStart 23% (560/2370) regret=0.054461 ape=0.5972
[14:59:22] warmStart 23% (561/2370) regret=0.054387 ape=0.5963
[14:59:22] warmStart 23% (562/2370) regret=0.054074 ape=0.5963
[14:59:22] warmStart 23% (563/2370) regret=0.054074 ape=0.5963
[14:59:22] warmStart 23% (564/2370) regret=0.053945 ape=0.5963
[14:59:22] warmStart 23% (565/2370) regret=0.053714 ape=0.5963
[14:59:22] warmStart 23% (566/2370) regret=0.053714 ape=0.5963
[14:59:22] warmStart 23% (567/2370) regret=0.053585 ape=0.5963
[14:59:23] warmStart 23% (568/2370) regret=0.053714 ape=0.5963
[14:59:23] warmStart 24% (569/2370) regret=0.053608 ape=0.5954
[14:59:23] warmStart 24% (570/2370) regret=0.053599 ape=0.5954
[14:59:23] warmStart 24% (571/2370) regret=0.053544 ape=0.5945
[14:59:23] warmStart 24% (572/2370) regret=0.053180 ape=0.5935
[14:59:23] warmStart 24% (573/2370) regret=0.053180 ape=0.5935
[14:59:23] warmStart 24% (574/2370) regret=0.053191 ape=0.5945
[14:59:24] warmStart 24% (575/2370) regret=0.053844 ape=0.5935
[14:59:24] warmStart 24% (576/2370) regret=0.052852 ape=0.5917
[14:59:24] warmStart 24% (577/2370) regret=0.052778 ape=0.5908
[14:59:24] warmStart 24% (578/2370) regret=0.052852 ape=0.5917
[14:59:24] warmStart 24% (579/2370) regret=0.052787 ape=0.5908
[14:59:24] warmStart 24% (580/2370) regret=0.053082 ape=0.5908
[14:59:24] warmStart 24% (581/2370) regret=0.052916 ape=0.5908
[14:59:24] warmStart 24% (582/2370) regret=0.052916 ape=0.5908
[14:59:25] warmStart 24% (583/2370) regret=0.053110 ape=0.5908
[14:59:25] warmStart 24% (584/2370) regret=0.052950 ape=0.5917
[14:59:25] warmStart 24% (585/2370) regret=0.053182 ape=0.5908
[14:59:25] warmStart 24% (586/2370) regret=0.052939 ape=0.5908
[14:59:25] warmStart 24% (587/2370) regret=0.052731 ape=0.5908
[14:59:25] warmStart 24% (588/2370) regret=0.052952 ape=0.5908
[14:59:26] warmStart 24% (589/2370) regret=0.052962 ape=0.5908
[14:59:26] warmStart 24% (590/2370) regret=0.052266 ape=0.5889
[14:59:26] warmStart 24% (591/2370) regret=0.052307 ape=0.5889
[14:59:26] warmStart 24% (592/2370) regret=0.052283 ape=0.5880
[14:59:26] warmStart 25% (593/2370) regret=0.052283 ape=0.5880
[14:59:26] warmStart 25% (594/2370) regret=0.052098 ape=0.5871
[14:59:26] warmStart 25% (595/2370) regret=0.051968 ape=0.5871
[14:59:26] warmStart 25% (596/2370) regret=0.051853 ape=0.5862
[14:59:27] warmStart 25% (597/2370) regret=0.051638 ape=0.5862
[14:59:27] warmStart 25% (598/2370) regret=0.051599 ape=0.5843
[14:59:27] warmStart 25% (599/2370) regret=0.051434 ape=0.5834
[14:59:27] warmStart 25% (600/2370) regret=0.051434 ape=0.5834
[14:59:27] warmStart 25% (601/2370) regret=0.051434 ape=0.5834
[14:59:27] warmStart 25% (602/2370) regret=0.051434 ape=0.5834
[14:59:27] warmStart 25% (603/2370) regret=0.051434 ape=0.5834
[14:59:28] warmStart 25% (604/2370) regret=0.051434 ape=0.5834
[14:59:28] warmStart 25% (605/2370) regret=0.051434 ape=0.5834
[14:59:28] warmStart 25% (606/2370) regret=0.051434 ape=0.5834
[14:59:28] warmStart 25% (607/2370) regret=0.051434 ape=0.5834
[14:59:28] warmStart 25% (608/2370) regret=0.051434 ape=0.5834
[14:59:28] warmStart 25% (609/2370) regret=0.051364 ape=0.5825
[14:59:29] warmStart 25% (610/2370) regret=0.051364 ape=0.5825
[14:59:29] warmStart 25% (611/2370) regret=0.051364 ape=0.5825
[14:59:29] warmStart 25% (612/2370) regret=0.051364 ape=0.5825
[14:59:29] warmStart 25% (613/2370) regret=0.051364 ape=0.5825
[14:59:29] warmStart 25% (614/2370) regret=0.051364 ape=0.5825
[14:59:29] warmStart 25% (615/2370) regret=0.051364 ape=0.5825
[14:59:29] warmStart 25% (616/2370) regret=0.051364 ape=0.5825
[14:59:30] warmStart 26% (617/2370) regret=0.051364 ape=0.5825
[14:59:30] warmStart 26% (618/2370) regret=0.051364 ape=0.5825
[14:59:30] warmStart 26% (619/2370) regret=0.051337 ape=0.5825
[14:59:30] warmStart 26% (620/2370) regret=0.051337 ape=0.5825
[14:59:30] warmStart 26% (621/2370) regret=0.051337 ape=0.5825
[14:59:30] warmStart 26% (622/2370) regret=0.051337 ape=0.5825
[14:59:30] warmStart 26% (623/2370) regret=0.051337 ape=0.5825
[14:59:31] warmStart 26% (624/2370) regret=0.051337 ape=0.5825
[14:59:31] warmStart 26% (625/2370) regret=0.051337 ape=0.5825
[14:59:31] warmStart 26% (626/2370) regret=0.051337 ape=0.5825
[14:59:31] warmStart 26% (627/2370) regret=0.051337 ape=0.5825
[14:59:31] warmStart 26% (628/2370) regret=0.051337 ape=0.5825
[14:59:31] warmStart 26% (629/2370) regret=0.051445 ape=0.5825
[14:59:31] warmStart 26% (630/2370) regret=0.051119 ape=0.5825
[14:59:31] warmStart 26% (631/2370) regret=0.051130 ape=0.5825
[14:59:32] warmStart 26% (632/2370) regret=0.051382 ape=0.5825
[14:59:32] warmStart 26% (633/2370) regret=0.051153 ape=0.5825
[14:59:32] warmStart 26% (634/2370) regret=0.051170 ape=0.5816
[14:59:32] warmStart 26% (635/2370) regret=0.051203 ape=0.5825
[14:59:32] warmStart 26% (636/2370) regret=0.051142 ape=0.5825
[14:59:32] warmStart 26% (637/2370) regret=0.051303 ape=0.5825
[14:59:32] warmStart 26% (638/2370) regret=0.051168 ape=0.5816
[14:59:33] warmStart 26% (639/2370) regret=0.051114 ape=0.5806
[14:59:33] warmStart 27% (640/2370) regret=0.051114 ape=0.5806
[14:59:33] warmStart 27% (641/2370) regret=0.051114 ape=0.5806
[14:59:33] warmStart 27% (642/2370) regret=0.051114 ape=0.5806
[14:59:33] warmStart 27% (643/2370) regret=0.051114 ape=0.5806
[14:59:33] warmStart 27% (644/2370) regret=0.051114 ape=0.5806
[14:59:33] warmStart 27% (645/2370) regret=0.051114 ape=0.5806
[14:59:34] warmStart 27% (646/2370) regret=0.051114 ape=0.5806
[14:59:34] warmStart 27% (647/2370) regret=0.051114 ape=0.5806
[14:59:34] warmStart 27% (648/2370) regret=0.051114 ape=0.5806
[14:59:34] warmStart 27% (649/2370) regret=0.051114 ape=0.5806
[14:59:34] warmStart 27% (650/2370) regret=0.051114 ape=0.5806
[14:59:34] warmStart 27% (651/2370) regret=0.051114 ape=0.5806
[14:59:34] warmStart 27% (652/2370) regret=0.051091 ape=0.5806
[14:59:35] warmStart 27% (653/2370) regret=0.051266 ape=0.5816
[14:59:35] warmStart 27% (654/2370) regret=0.051581 ape=0.5816
[14:59:35] warmStart 27% (655/2370) regret=0.051111 ape=0.5806
[14:59:35] warmStart 27% (656/2370) regret=0.051111 ape=0.5806
[14:59:35] warmStart 27% (657/2370) regret=0.051111 ape=0.5806
[14:59:35] warmStart 27% (658/2370) regret=0.051111 ape=0.5806
[14:59:35] warmStart 27% (659/2370) regret=0.051111 ape=0.5806
[14:59:36] warmStart 27% (660/2370) regret=0.051019 ape=0.5797
[14:59:36] warmStart 27% (661/2370) regret=0.051019 ape=0.5797
[14:59:36] warmStart 27% (662/2370) regret=0.051019 ape=0.5797
[14:59:36] warmStart 27% (663/2370) regret=0.051019 ape=0.5797
[14:59:36] warmStart 28% (664/2370) regret=0.051019 ape=0.5797
[14:59:36] warmStart 28% (665/2370) regret=0.051019 ape=0.5797
[14:59:36] warmStart 28% (666/2370) regret=0.051019 ape=0.5797
[14:59:37] warmStart 28% (667/2370) regret=0.051042 ape=0.5797
[14:59:37] warmStart 28% (668/2370) regret=0.051042 ape=0.5797
[14:59:37] warmStart 28% (669/2370) regret=0.051134 ape=0.5797
[14:59:37] warmStart 28% (670/2370) regret=0.050660 ape=0.5788
[14:59:37] warmStart 28% (671/2370) regret=0.050660 ape=0.5788
[14:59:37] warmStart 28% (672/2370) regret=0.050660 ape=0.5788
[14:59:37] warmStart 28% (673/2370) regret=0.050660 ape=0.5788
[14:59:37] warmStart 28% (674/2370) regret=0.050374 ape=0.5779
[14:59:38] warmStart 28% (675/2370) regret=0.050374 ape=0.5779
[14:59:38] warmStart 28% (676/2370) regret=0.050374 ape=0.5779
[14:59:38] warmStart 28% (677/2370) regret=0.050374 ape=0.5779
[14:59:38] warmStart 28% (678/2370) regret=0.050374 ape=0.5779
[14:59:38] warmStart 28% (679/2370) regret=0.050374 ape=0.5779
[14:59:38] warmStart 28% (680/2370) regret=0.050374 ape=0.5779
[14:59:38] warmStart 28% (681/2370) regret=0.050374 ape=0.5779
[14:59:39] warmStart 28% (682/2370) regret=0.050374 ape=0.5779
[14:59:39] warmStart 28% (683/2370) regret=0.050374 ape=0.5779
[14:59:39] warmStart 28% (684/2370) regret=0.050374 ape=0.5779
[14:59:39] warmStart 28% (685/2370) regret=0.050374 ape=0.5779
[14:59:39] warmStart 28% (686/2370) regret=0.050374 ape=0.5779
[14:59:39] warmStart 28% (687/2370) regret=0.050374 ape=0.5779
[14:59:39] warmStart 29% (688/2370) regret=0.050374 ape=0.5779
[14:59:40] warmStart 29% (689/2370) regret=0.050374 ape=0.5779
[14:59:40] warmStart 29% (690/2370) regret=0.050374 ape=0.5779
[14:59:40] warmStart 29% (691/2370) regret=0.050374 ape=0.5779
[14:59:40] warmStart 29% (692/2370) regret=0.050374 ape=0.5779
[14:59:40] warmStart 29% (693/2370) regret=0.050374 ape=0.5779
[14:59:40] warmStart 29% (694/2370) regret=0.050374 ape=0.5779
[14:59:40] warmStart 29% (695/2370) regret=0.050305 ape=0.5770
[14:59:40] warmStart 29% (696/2370) regret=0.050305 ape=0.5770
[14:59:41] warmStart 29% (697/2370) regret=0.050305 ape=0.5770
[14:59:41] warmStart 29% (698/2370) regret=0.050305 ape=0.5770
[14:59:41] warmStart 29% (699/2370) regret=0.050305 ape=0.5770
[14:59:41] warmStart 29% (700/2370) regret=0.050305 ape=0.5770
[14:59:41] warmStart 29% (701/2370) regret=0.050305 ape=0.5770
[14:59:41] warmStart 29% (702/2370) regret=0.050305 ape=0.5770
[14:59:41] warmStart 29% (703/2370) regret=0.050305 ape=0.5770
[14:59:42] warmStart 29% (704/2370) regret=0.050305 ape=0.5770
[14:59:42] warmStart 29% (705/2370) regret=0.050305 ape=0.5770
[14:59:42] warmStart 29% (706/2370) regret=0.050305 ape=0.5770
[14:59:42] warmStart 29% (707/2370) regret=0.050285 ape=0.5770
[14:59:42] warmStart 29% (708/2370) regret=0.050285 ape=0.5770
[14:59:42] warmStart 29% (709/2370) regret=0.050312 ape=0.5770
[14:59:42] warmStart 29% (710/2370) regret=0.050312 ape=0.5770
[14:59:42] warmStart 30% (711/2370) regret=0.050312 ape=0.5770
[14:59:43] warmStart 30% (712/2370) regret=0.050312 ape=0.5770
[14:59:43] warmStart 30% (713/2370) regret=0.050312 ape=0.5770
[14:59:43] warmStart 30% (714/2370) regret=0.050312 ape=0.5770
[14:59:43] warmStart 30% (715/2370) regret=0.050312 ape=0.5770
[14:59:43] warmStart 30% (716/2370) regret=0.050339 ape=0.5770
[14:59:43] warmStart 30% (717/2370) regret=0.050339 ape=0.5770
[14:59:43] warmStart 30% (718/2370) regret=0.050320 ape=0.5770
[14:59:44] warmStart 30% (719/2370) regret=0.050219 ape=0.5770
[14:59:44] warmStart 30% (720/2370) regret=0.050320 ape=0.5770
[14:59:44] warmStart 30% (721/2370) regret=0.050320 ape=0.5770
[14:59:44] warmStart 30% (722/2370) regret=0.050320 ape=0.5770
[14:59:44] warmStart 30% (723/2370) regret=0.050320 ape=0.5770
[14:59:44] warmStart 30% (724/2370) regret=0.050320 ape=0.5770
[14:59:44] warmStart 30% (725/2370) regret=0.050366 ape=0.5770
[14:59:44] warmStart 30% (726/2370) regret=0.050366 ape=0.5770
[14:59:45] warmStart 30% (727/2370) regret=0.050366 ape=0.5770
[14:59:45] warmStart 30% (728/2370) regret=0.050366 ape=0.5770
[14:59:45] warmStart 30% (729/2370) regret=0.050366 ape=0.5770
[14:59:45] warmStart 30% (730/2370) regret=0.050426 ape=0.5770
[14:59:45] warmStart 30% (731/2370) regret=0.050426 ape=0.5770
[14:59:45] warmStart 30% (732/2370) regret=0.050269 ape=0.5760
[14:59:45] warmStart 30% (733/2370) regret=0.050269 ape=0.5760
[14:59:46] warmStart 30% (734/2370) regret=0.049809 ape=0.5751
[14:59:46] warmStart 31% (735/2370) regret=0.049753 ape=0.5742
[14:59:46] warmStart 31% (736/2370) regret=0.049753 ape=0.5742
[14:59:46] warmStart 31% (737/2370) regret=0.049707 ape=0.5742
[14:59:46] warmStart 31% (738/2370) regret=0.049707 ape=0.5742
[14:59:46] warmStart 31% (739/2370) regret=0.049707 ape=0.5742
[14:59:46] warmStart 31% (740/2370) regret=0.049855 ape=0.5751
[14:59:47] warmStart 31% (741/2370) regret=0.049696 ape=0.5733
[14:59:47] warmStart 31% (742/2370) regret=0.049696 ape=0.5733
[14:59:47] warmStart 31% (743/2370) regret=0.049235 ape=0.5724
[14:59:47] warmStart 31% (744/2370) regret=0.049475 ape=0.5733
[14:59:47] warmStart 31% (745/2370) regret=0.049475 ape=0.5733
[14:59:47] warmStart 31% (746/2370) regret=0.049475 ape=0.5733
[14:59:47] warmStart 31% (747/2370) regret=0.048659 ape=0.5714
[14:59:48] warmStart 31% (748/2370) regret=0.048659 ape=0.5714
[14:59:48] warmStart 31% (749/2370) regret=0.048659 ape=0.5714
[14:59:48] warmStart 31% (750/2370) regret=0.048659 ape=0.5714
[14:59:48] warmStart 31% (751/2370) regret=0.048659 ape=0.5714
[14:59:48] warmStart 31% (752/2370) regret=0.048682 ape=0.5714
[14:59:48] warmStart 31% (753/2370) regret=0.048682 ape=0.5714
[14:59:49] warmStart 31% (754/2370) regret=0.048682 ape=0.5714
[14:59:49] warmStart 31% (755/2370) regret=0.048682 ape=0.5714
[14:59:49] warmStart 31% (756/2370) regret=0.048682 ape=0.5714
[14:59:49] warmStart 31% (757/2370) regret=0.048569 ape=0.5714
[14:59:49] warmStart 31% (758/2370) regret=0.048569 ape=0.5714
[14:59:49] warmStart 32% (759/2370) regret=0.048449 ape=0.5714
[14:59:49] warmStart 32% (760/2370) regret=0.048449 ape=0.5714
[14:59:50] warmStart 32% (761/2370) regret=0.048449 ape=0.5714
[14:59:50] warmStart 32% (762/2370) regret=0.048299 ape=0.5714
[14:59:50] warmStart 32% (763/2370) regret=0.048557 ape=0.5724
[14:59:50] warmStart 32% (764/2370) regret=0.048653 ape=0.5724
[14:59:50] warmStart 32% (765/2370) regret=0.048607 ape=0.5724
[14:59:50] warmStart 32% (766/2370) regret=0.048634 ape=0.5724
[14:59:50] warmStart 32% (767/2370) regret=0.048634 ape=0.5724
[14:59:51] warmStart 32% (768/2370) regret=0.048800 ape=0.5724
[14:59:51] warmStart 32% (769/2370) regret=0.048799 ape=0.5724
[14:59:51] warmStart 32% (770/2370) regret=0.048799 ape=0.5724
[14:59:51] warmStart 32% (771/2370) regret=0.048660 ape=0.5714
[14:59:51] warmStart 32% (772/2370) regret=0.048527 ape=0.5714
[14:59:51] warmStart 32% (773/2370) regret=0.048527 ape=0.5714
[14:59:51] warmStart 32% (774/2370) regret=0.048527 ape=0.5714
[14:59:51] warmStart 32% (775/2370) regret=0.048527 ape=0.5714
[14:59:52] warmStart 32% (776/2370) regret=0.048536 ape=0.5714
[14:59:52] warmStart 32% (777/2370) regret=0.048536 ape=0.5714
[14:59:52] warmStart 32% (778/2370) regret=0.048667 ape=0.5724
[14:59:52] warmStart 32% (779/2370) regret=0.048536 ape=0.5714
[14:59:52] warmStart 32% (780/2370) regret=0.048527 ape=0.5714
[14:59:52] warmStart 32% (781/2370) regret=0.048690 ape=0.5724
[14:59:52] warmStart 32% (782/2370) regret=0.048690 ape=0.5724
[14:59:53] warmStart 33% (783/2370) regret=0.048339 ape=0.5724
[14:59:53] warmStart 33% (784/2370) regret=0.048339 ape=0.5724
[14:59:53] warmStart 33% (785/2370) regret=0.048276 ape=0.5724
[14:59:53] warmStart 33% (786/2370) regret=0.048276 ape=0.5724
[14:59:53] warmStart 33% (787/2370) regret=0.048276 ape=0.5724
[14:59:53] warmStart 33% (788/2370) regret=0.048276 ape=0.5724
[14:59:53] warmStart 33% (789/2370) regret=0.048127 ape=0.5724
[14:59:54] warmStart 33% (790/2370) regret=0.047793 ape=0.5705
[14:59:54] warmStart 33% (791/2370) regret=0.047683 ape=0.5705
[14:59:54] warmStart 33% (792/2370) regret=0.047598 ape=0.5705
[14:59:54] warmStart 33% (793/2370) regret=0.047598 ape=0.5705
[14:59:54] warmStart 33% (794/2370) regret=0.047598 ape=0.5705
[14:59:54] warmStart 33% (795/2370) regret=0.047598 ape=0.5705
[14:59:54] warmStart 33% (796/2370) regret=0.047515 ape=0.5705
[14:59:55] warmStart 33% (797/2370) regret=0.047497 ape=0.5705
[14:59:55] warmStart 33% (798/2370) regret=0.047497 ape=0.5705
[14:59:55] warmStart 33% (799/2370) regret=0.047497 ape=0.5705
[14:59:55] warmStart 33% (800/2370) regret=0.047463 ape=0.5696
[14:59:55] warmStart 33% (801/2370) regret=0.047526 ape=0.5705
[14:59:55] warmStart 33% (802/2370) regret=0.047766 ape=0.5705
[14:59:55] warmStart 33% (803/2370) regret=0.047643 ape=0.5696
[14:59:56] warmStart 33% (804/2370) regret=0.047574 ape=0.5687
[14:59:56] warmStart 33% (805/2370) regret=0.047574 ape=0.5687
[14:59:56] warmStart 34% (806/2370) regret=0.047823 ape=0.5687
[14:59:56] warmStart 34% (807/2370) regret=0.047438 ape=0.5677
[14:59:56] warmStart 34% (808/2370) regret=0.047438 ape=0.5677
[14:59:56] warmStart 34% (809/2370) regret=0.047420 ape=0.5677
[14:59:56] warmStart 34% (810/2370) regret=0.047065 ape=0.5677
[14:59:57] warmStart 34% (811/2370) regret=0.047420 ape=0.5677
[14:59:57] warmStart 34% (812/2370) regret=0.047420 ape=0.5677
[14:59:57] warmStart 34% (813/2370) regret=0.047402 ape=0.5677
[14:59:57] warmStart 34% (814/2370) regret=0.047718 ape=0.5677
[14:59:57] warmStart 34% (815/2370) regret=0.047420 ape=0.5677
[14:59:57] warmStart 34% (816/2370) regret=0.047365 ape=0.5668
[14:59:57] warmStart 34% (817/2370) regret=0.047365 ape=0.5668
[14:59:58] warmStart 34% (818/2370) regret=0.047148 ape=0.5659
[14:59:58] warmStart 34% (819/2370) regret=0.047148 ape=0.5659
[14:59:58] warmStart 34% (820/2370) regret=0.047162 ape=0.5659
[14:59:58] warmStart 34% (821/2370) regret=0.047392 ape=0.5668
[14:59:58] warmStart 34% (822/2370) regret=0.047392 ape=0.5668
[14:59:58] warmStart 34% (823/2370) regret=0.047337 ape=0.5659
[14:59:58] warmStart 34% (824/2370) regret=0.047365 ape=0.5659
[14:59:59] warmStart 34% (825/2370) regret=0.047157 ape=0.5641
[14:59:59] warmStart 34% (826/2370) regret=0.047126 ape=0.5641
[14:59:59] warmStart 34% (827/2370) regret=0.047126 ape=0.5641
[14:59:59] warmStart 34% (828/2370) regret=0.047150 ape=0.5641
[14:59:59] warmStart 34% (829/2370) regret=0.047150 ape=0.5641
[14:59:59] warmStart 35% (830/2370) regret=0.047076 ape=0.5641
[14:59:59] warmStart 35% (831/2370) regret=0.047140 ape=0.5641
[15:00:00] warmStart 35% (832/2370) regret=0.047200 ape=0.5641
[15:00:00] warmStart 35% (833/2370) regret=0.047117 ape=0.5641
[15:00:00] warmStart 35% (834/2370) regret=0.047048 ape=0.5641
[15:00:00] warmStart 35% (835/2370) regret=0.047048 ape=0.5641
[15:00:00] warmStart 35% (836/2370) regret=0.047048 ape=0.5641
[15:00:00] warmStart 35% (837/2370) regret=0.047021 ape=0.5631
[15:00:00] warmStart 35% (838/2370) regret=0.046942 ape=0.5631
[15:00:01] warmStart 35% (839/2370) regret=0.046896 ape=0.5631
[15:00:01] warmStart 35% (840/2370) regret=0.046896 ape=0.5631
[15:00:01] warmStart 35% (841/2370) regret=0.046988 ape=0.5641
[15:00:01] warmStart 35% (842/2370) regret=0.046832 ape=0.5631
[15:00:01] warmStart 35% (843/2370) regret=0.046832 ape=0.5631
[15:00:01] warmStart 35% (844/2370) regret=0.046733 ape=0.5631
[15:00:01] warmStart 35% (845/2370) regret=0.046733 ape=0.5631
[15:00:02] warmStart 35% (846/2370) regret=0.046702 ape=0.5631
[15:00:02] warmStart 35% (847/2370) regret=0.046702 ape=0.5631
[15:00:02] warmStart 35% (848/2370) regret=0.046702 ape=0.5631
[15:00:02] warmStart 35% (849/2370) regret=0.046702 ape=0.5631
[15:00:02] warmStart 35% (850/2370) regret=0.046702 ape=0.5631
[15:00:02] warmStart 35% (851/2370) regret=0.046702 ape=0.5631
[15:00:02] warmStart 35% (852/2370) regret=0.046702 ape=0.5631
[15:00:03] warmStart 35% (853/2370) regret=0.046702 ape=0.5631
[15:00:03] warmStart 36% (854/2370) regret=0.046702 ape=0.5631
[15:00:03] warmStart 36% (855/2370) regret=0.046720 ape=0.5641
[15:00:03] warmStart 36% (856/2370) regret=0.046720 ape=0.5641
[15:00:03] warmStart 36% (857/2370) regret=0.046720 ape=0.5641
[15:00:03] warmStart 36% (858/2370) regret=0.046720 ape=0.5641
[15:00:03] warmStart 36% (859/2370) regret=0.046720 ape=0.5641
[15:00:04] warmStart 36% (860/2370) regret=0.046720 ape=0.5641
[15:00:04] warmStart 36% (861/2370) regret=0.046720 ape=0.5641
[15:00:04] warmStart 36% (862/2370) regret=0.046720 ape=0.5641
[15:00:04] warmStart 36% (863/2370) regret=0.046720 ape=0.5641
[15:00:04] warmStart 36% (864/2370) regret=0.046720 ape=0.5641
[15:00:04] warmStart 36% (865/2370) regret=0.046720 ape=0.5641
[15:00:04] warmStart 36% (866/2370) regret=0.046720 ape=0.5641
[15:00:05] warmStart 36% (867/2370) regret=0.046720 ape=0.5641
[15:00:05] warmStart 36% (868/2370) regret=0.046720 ape=0.5641
[15:00:05] warmStart 36% (869/2370) regret=0.046720 ape=0.5641
[15:00:05] warmStart 36% (870/2370) regret=0.046720 ape=0.5641
[15:00:05] warmStart 36% (871/2370) regret=0.046720 ape=0.5641
[15:00:05] warmStart 36% (872/2370) regret=0.046720 ape=0.5641
[15:00:05] warmStart 36% (873/2370) regret=0.046720 ape=0.5641
[15:00:05] warmStart 36% (874/2370) regret=0.046720 ape=0.5641
[15:00:06] warmStart 36% (875/2370) regret=0.046751 ape=0.5641
[15:00:06] warmStart 36% (876/2370) regret=0.046421 ape=0.5641
[15:00:06] warmStart 37% (877/2370) regret=0.046391 ape=0.5631
[15:00:06] warmStart 37% (878/2370) regret=0.046585 ape=0.5641
[15:00:06] warmStart 37% (879/2370) regret=0.046287 ape=0.5631
[15:00:06] warmStart 37% (880/2370) regret=0.046287 ape=0.5631
[15:00:06] warmStart 37% (881/2370) regret=0.046287 ape=0.5631
[15:00:07] warmStart 37% (882/2370) regret=0.046287 ape=0.5631
[15:00:07] warmStart 37% (883/2370) regret=0.046287 ape=0.5631
[15:00:07] warmStart 37% (884/2370) regret=0.046287 ape=0.5631
[15:00:07] warmStart 37% (885/2370) regret=0.046287 ape=0.5631
[15:00:07] warmStart 37% (886/2370) regret=0.046287 ape=0.5631
[15:00:07] warmStart 37% (887/2370) regret=0.046287 ape=0.5631
[15:00:07] warmStart 37% (888/2370) regret=0.046287 ape=0.5631
[15:00:08] warmStart 37% (889/2370) regret=0.046287 ape=0.5631
[15:00:08] warmStart 37% (890/2370) regret=0.046287 ape=0.5631
[15:00:08] warmStart 37% (891/2370) regret=0.046287 ape=0.5631
[15:00:08] warmStart 37% (892/2370) regret=0.046287 ape=0.5631
[15:00:08] warmStart 37% (893/2370) regret=0.046287 ape=0.5631
[15:00:08] warmStart 37% (894/2370) regret=0.046287 ape=0.5631
[15:00:08] warmStart 37% (895/2370) regret=0.046287 ape=0.5631
[15:00:09] warmStart 37% (896/2370) regret=0.046287 ape=0.5631
[15:00:09] warmStart 37% (897/2370) regret=0.046287 ape=0.5631
[15:00:09] warmStart 37% (898/2370) regret=0.046287 ape=0.5631
[15:00:09] warmStart 37% (899/2370) regret=0.046287 ape=0.5631
[15:00:09] warmStart 37% (900/2370) regret=0.046287 ape=0.5631
[15:00:09] warmStart 38% (901/2370) regret=0.046287 ape=0.5631
[15:00:09] warmStart 38% (902/2370) regret=0.046287 ape=0.5631
[15:00:10] warmStart 38% (903/2370) regret=0.046287 ape=0.5631
[15:00:10] warmStart 38% (904/2370) regret=0.046287 ape=0.5631
[15:00:10] warmStart 38% (905/2370) regret=0.046287 ape=0.5631
[15:00:10] warmStart 38% (906/2370) regret=0.046287 ape=0.5631
[15:00:10] warmStart 38% (907/2370) regret=0.046287 ape=0.5631
[15:00:10] warmStart 38% (908/2370) regret=0.046299 ape=0.5641
[15:00:10] warmStart 38% (909/2370) regret=0.046299 ape=0.5641
[15:00:10] warmStart 38% (910/2370) regret=0.046299 ape=0.5641
[15:00:11] warmStart 38% (911/2370) regret=0.046299 ape=0.5641
[15:00:11] warmStart 38% (912/2370) regret=0.046299 ape=0.5641
[15:00:11] warmStart 38% (913/2370) regret=0.046299 ape=0.5641
[15:00:11] warmStart 38% (914/2370) regret=0.046299 ape=0.5641
[15:00:11] warmStart 38% (915/2370) regret=0.046299 ape=0.5641
[15:00:11] warmStart 38% (916/2370) regret=0.046299 ape=0.5641
[15:00:11] warmStart 38% (917/2370) regret=0.046299 ape=0.5641
[15:00:12] warmStart 38% (918/2370) regret=0.046299 ape=0.5641
[15:00:12] warmStart 38% (919/2370) regret=0.046299 ape=0.5641
[15:00:12] warmStart 38% (920/2370) regret=0.046299 ape=0.5641
[15:00:12] warmStart 38% (921/2370) regret=0.046299 ape=0.5641
[15:00:12] warmStart 38% (922/2370) regret=0.046299 ape=0.5641
[15:00:12] warmStart 38% (923/2370) regret=0.046299 ape=0.5641
[15:00:12] warmStart 38% (924/2370) regret=0.046299 ape=0.5641
[15:00:13] warmStart 39% (925/2370) regret=0.046299 ape=0.5641
[15:00:13] warmStart 39% (926/2370) regret=0.046299 ape=0.5641
[15:00:13] warmStart 39% (927/2370) regret=0.046299 ape=0.5641
[15:00:13] warmStart 39% (928/2370) regret=0.046340 ape=0.5631
[15:00:13] warmStart 39% (929/2370) regret=0.046340 ape=0.5631
[15:00:13] warmStart 39% (930/2370) regret=0.046340 ape=0.5631
[15:00:13] warmStart 39% (931/2370) regret=0.046340 ape=0.5631
[15:00:13] warmStart 39% (932/2370) regret=0.046340 ape=0.5631
[15:00:14] warmStart 39% (933/2370) regret=0.046340 ape=0.5631
[15:00:14] warmStart 39% (934/2370) regret=0.046340 ape=0.5631
[15:00:14] warmStart 39% (935/2370) regret=0.046340 ape=0.5631
[15:00:14] warmStart 39% (936/2370) regret=0.046340 ape=0.5631
[15:00:14] warmStart 39% (937/2370) regret=0.046340 ape=0.5631
[15:00:14] warmStart 39% (938/2370) regret=0.046333 ape=0.5622
[15:00:14] warmStart 39% (939/2370) regret=0.046333 ape=0.5622
[15:00:14] warmStart 39% (940/2370) regret=0.046342 ape=0.5622
[15:00:15] warmStart 39% (941/2370) regret=0.046342 ape=0.5622
[15:00:15] warmStart 39% (942/2370) regret=0.046342 ape=0.5622
[15:00:15] warmStart 39% (943/2370) regret=0.046577 ape=0.5631
[15:00:15] warmStart 39% (944/2370) regret=0.046577 ape=0.5631
[15:00:15] warmStart 39% (945/2370) regret=0.046309 ape=0.5622
[15:00:15] warmStart 39% (946/2370) regret=0.046304 ape=0.5622
[15:00:15] warmStart 39% (947/2370) regret=0.046304 ape=0.5622
[15:00:16] warmStart 40% (948/2370) regret=0.046313 ape=0.5622
[15:00:16] warmStart 40% (949/2370) regret=0.046193 ape=0.5613
[15:00:16] warmStart 40% (950/2370) regret=0.046149 ape=0.5613
[15:00:16] warmStart 40% (951/2370) regret=0.046168 ape=0.5613
[15:00:16] warmStart 40% (952/2370) regret=0.045651 ape=0.5604
[15:00:16] warmStart 40% (953/2370) regret=0.045702 ape=0.5604
[15:00:16] warmStart 40% (954/2370) regret=0.045002 ape=0.5594
[15:00:17] warmStart 40% (955/2370) regret=0.045163 ape=0.5594
[15:00:17] warmStart 40% (956/2370) regret=0.045133 ape=0.5594
[15:00:17] warmStart 40% (957/2370) regret=0.044856 ape=0.5594
[15:00:17] warmStart 40% (958/2370) regret=0.044870 ape=0.5594
[15:00:17] warmStart 40% (959/2370) regret=0.044331 ape=0.5585
[15:00:17] warmStart 40% (960/2370) regret=0.044216 ape=0.5585
[15:00:17] warmStart 40% (961/2370) regret=0.044078 ape=0.5585
[15:00:18] warmStart 40% (962/2370) regret=0.044042 ape=0.5585
[15:00:18] warmStart 40% (963/2370) regret=0.043993 ape=0.5585
[15:00:18] warmStart 40% (964/2370) regret=0.044005 ape=0.5585
[15:00:18] warmStart 40% (965/2370) regret=0.044134 ape=0.5594
[15:00:18] warmStart 40% (966/2370) regret=0.044134 ape=0.5594
[15:00:18] warmStart 40% (967/2370) regret=0.044100 ape=0.5585
[15:00:18] warmStart 40% (968/2370) regret=0.044100 ape=0.5585
[15:00:18] warmStart 40% (969/2370) regret=0.043796 ape=0.5576
[15:00:19] warmStart 40% (970/2370) regret=0.043916 ape=0.5576
[15:00:19] warmStart 40% (971/2370) regret=0.043704 ape=0.5567
[15:00:19] warmStart 41% (972/2370) regret=0.043694 ape=0.5567
[15:00:19] warmStart 41% (973/2370) regret=0.043812 ape=0.5576
[15:00:19] warmStart 41% (974/2370) regret=0.043754 ape=0.5576
[15:00:19] warmStart 41% (975/2370) regret=0.043754 ape=0.5576
[15:00:20] warmStart 41% (976/2370) regret=0.043721 ape=0.5576
[15:00:20] warmStart 41% (977/2370) regret=0.043746 ape=0.5585
[15:00:20] warmStart 41% (978/2370) regret=0.043746 ape=0.5585
[15:00:20] warmStart 41% (979/2370) regret=0.043746 ape=0.5585
[15:00:20] warmStart 41% (980/2370) regret=0.043746 ape=0.5585
[15:00:20] warmStart 41% (981/2370) regret=0.043746 ape=0.5585
[15:00:20] warmStart 41% (982/2370) regret=0.043746 ape=0.5585
[15:00:21] warmStart 41% (983/2370) regret=0.043746 ape=0.5585
[15:00:21] warmStart 41% (984/2370) regret=0.043542 ape=0.5576
[15:00:21] warmStart 41% (985/2370) regret=0.043420 ape=0.5576
[15:00:21] warmStart 41% (986/2370) regret=0.043450 ape=0.5585
[15:00:21] warmStart 41% (987/2370) regret=0.043462 ape=0.5585
[15:00:21] warmStart 41% (988/2370) regret=0.043410 ape=0.5585
[15:00:21] warmStart 41% (989/2370) regret=0.043492 ape=0.5585
[15:00:22] warmStart 41% (990/2370) regret=0.043486 ape=0.5585
[15:00:22] warmStart 41% (991/2370) regret=0.043377 ape=0.5576
[15:00:22] warmStart 41% (992/2370) regret=0.043331 ape=0.5576
[15:00:22] warmStart 41% (993/2370) regret=0.043402 ape=0.5576
[15:00:22] warmStart 41% (994/2370) regret=0.043402 ape=0.5576
[15:00:22] warmStart 41% (995/2370) regret=0.043317 ape=0.5576
[15:00:22] warmStart 42% (996/2370) regret=0.043510 ape=0.5585
[15:00:23] warmStart 42% (997/2370) regret=0.043510 ape=0.5585
[15:00:23] warmStart 42% (998/2370) regret=0.043510 ape=0.5585
[15:00:23] warmStart 42% (999/2370) regret=0.043510 ape=0.5585
[15:00:23] warmStart 42% (1000/2370) regret=0.043510 ape=0.5585
[15:00:23] warmStart 42% (1001/2370) regret=0.043464 ape=0.5576
[15:00:23] warmStart 42% (1002/2370) regret=0.043464 ape=0.5576
[15:00:23] warmStart 42% (1003/2370) regret=0.043464 ape=0.5576
[15:00:24] warmStart 42% (1004/2370) regret=0.043464 ape=0.5576
[15:00:24] warmStart 42% (1005/2370) regret=0.043464 ape=0.5576
[15:00:24] warmStart 42% (1006/2370) regret=0.043464 ape=0.5576
[15:00:24] warmStart 42% (1007/2370) regret=0.043464 ape=0.5576
[15:00:24] warmStart 42% (1008/2370) regret=0.043464 ape=0.5576
[15:00:24] warmStart 42% (1009/2370) regret=0.043464 ape=0.5576
[15:00:24] warmStart 42% (1010/2370) regret=0.043464 ape=0.5576
[15:00:25] warmStart 42% (1011/2370) regret=0.043464 ape=0.5576
[15:00:25] warmStart 42% (1012/2370) regret=0.043464 ape=0.5576
[15:00:25] warmStart 42% (1013/2370) regret=0.043464 ape=0.5576
[15:00:25] warmStart 42% (1014/2370) regret=0.043464 ape=0.5576
[15:00:25] warmStart 42% (1015/2370) regret=0.043464 ape=0.5576
[15:00:25] warmStart 42% (1016/2370) regret=0.043464 ape=0.5576
[15:00:25] warmStart 42% (1017/2370) regret=0.043464 ape=0.5576
[15:00:26] warmStart 42% (1018/2370) regret=0.043464 ape=0.5576
[15:00:26] warmStart 42% (1019/2370) regret=0.043464 ape=0.5576
[15:00:26] warmStart 43% (1020/2370) regret=0.043464 ape=0.5576
[15:00:26] warmStart 43% (1021/2370) regret=0.043464 ape=0.5576
[15:00:26] warmStart 43% (1022/2370) regret=0.043437 ape=0.5576
[15:00:26] warmStart 43% (1023/2370) regret=0.043345 ape=0.5576
[15:00:26] warmStart 43% (1024/2370) regret=0.043243 ape=0.5576
[15:00:26] warmStart 43% (1025/2370) regret=0.043243 ape=0.5576
[15:00:27] warmStart 43% (1026/2370) regret=0.043086 ape=0.5576
[15:00:27] warmStart 43% (1027/2370) regret=0.042930 ape=0.5567
[15:00:27] warmStart 43% (1028/2370) regret=0.042930 ape=0.5567
[15:00:27] warmStart 43% (1029/2370) regret=0.042930 ape=0.5567
[15:00:27] warmStart 43% (1030/2370) regret=0.042898 ape=0.5558
[15:00:27] warmStart 43% (1031/2370) regret=0.042930 ape=0.5567
[15:00:27] warmStart 43% (1032/2370) regret=0.042875 ape=0.5558
[15:00:28] warmStart 43% (1033/2370) regret=0.042847 ape=0.5548
[15:00:28] warmStart 43% (1034/2370) regret=0.042847 ape=0.5548
[15:00:28] warmStart 43% (1035/2370) regret=0.042718 ape=0.5539
[15:00:28] warmStart 43% (1036/2370) regret=0.042706 ape=0.5530
[15:00:28] warmStart 43% (1037/2370) regret=0.042706 ape=0.5530
[15:00:28] warmStart 43% (1038/2370) regret=0.042706 ape=0.5530
[15:00:28] warmStart 43% (1039/2370) regret=0.042740 ape=0.5530
[15:00:29] warmStart 43% (1040/2370) regret=0.042685 ape=0.5521
[15:00:29] warmStart 43% (1041/2370) regret=0.042626 ape=0.5512
[15:00:29] warmStart 43% (1042/2370) regret=0.042617 ape=0.5512
[15:00:29] warmStart 44% (1043/2370) regret=0.042626 ape=0.5512
[15:00:29] warmStart 44% (1044/2370) regret=0.042626 ape=0.5512
[15:00:29] warmStart 44% (1045/2370) regret=0.042580 ape=0.5502
[15:00:29] warmStart 44% (1046/2370) regret=0.042579 ape=0.5493
[15:00:30] warmStart 44% (1047/2370) regret=0.042579 ape=0.5493
[15:00:30] warmStart 44% (1048/2370) regret=0.042459 ape=0.5484
[15:00:30] warmStart 44% (1049/2370) regret=0.042468 ape=0.5484
[15:00:30] warmStart 44% (1050/2370) regret=0.042413 ape=0.5475
[15:00:30] warmStart 44% (1051/2370) regret=0.042413 ape=0.5475
[15:00:30] warmStart 44% (1052/2370) regret=0.042436 ape=0.5475
[15:00:30] warmStart 44% (1053/2370) regret=0.042399 ape=0.5475
[15:00:31] warmStart 44% (1054/2370) regret=0.042399 ape=0.5475
[15:00:31] warmStart 44% (1055/2370) regret=0.042283 ape=0.5465
[15:00:31] warmStart 44% (1056/2370) regret=0.042291 ape=0.5465
[15:00:31] warmStart 44% (1057/2370) regret=0.042292 ape=0.5465
[15:00:31] warmStart 44% (1058/2370) regret=0.042218 ape=0.5465
[15:00:31] warmStart 44% (1059/2370) regret=0.042223 ape=0.5475
[15:00:31] warmStart 44% (1060/2370) regret=0.042135 ape=0.5475
[15:00:32] warmStart 44% (1061/2370) regret=0.042331 ape=0.5484
[15:00:32] warmStart 44% (1062/2370) regret=0.042218 ape=0.5475
[15:00:32] warmStart 44% (1063/2370) regret=0.042135 ape=0.5475
[15:00:32] warmStart 44% (1064/2370) regret=0.042148 ape=0.5475
[15:00:32] warmStart 44% (1065/2370) regret=0.042111 ape=0.5465
[15:00:32] warmStart 44% (1066/2370) regret=0.042111 ape=0.5465
[15:00:32] warmStart 45% (1067/2370) regret=0.041761 ape=0.5456
[15:00:33] warmStart 45% (1068/2370) regret=0.041761 ape=0.5456
[15:00:33] warmStart 45% (1069/2370) regret=0.041825 ape=0.5456
[15:00:33] warmStart 45% (1070/2370) regret=0.041825 ape=0.5456
[15:00:33] warmStart 45% (1071/2370) regret=0.041825 ape=0.5456
[15:00:33] warmStart 45% (1072/2370) regret=0.041825 ape=0.5456
[15:00:33] warmStart 45% (1073/2370) regret=0.041930 ape=0.5456
[15:00:33] warmStart 45% (1074/2370) regret=0.041930 ape=0.5456
[15:00:34] warmStart 45% (1075/2370) regret=0.041930 ape=0.5456
[15:00:34] warmStart 45% (1076/2370) regret=0.041930 ape=0.5456
[15:00:34] warmStart 45% (1077/2370) regret=0.041930 ape=0.5456
[15:00:34] warmStart 45% (1078/2370) regret=0.041930 ape=0.5456
[15:00:34] warmStart 45% (1079/2370) regret=0.041930 ape=0.5456
[15:00:34] warmStart 45% (1080/2370) regret=0.041796 ape=0.5447
[15:00:34] warmStart 45% (1081/2370) regret=0.042045 ape=0.5447
[15:00:35] warmStart 45% (1082/2370) regret=0.042045 ape=0.5447
[15:00:35] warmStart 45% (1083/2370) regret=0.042045 ape=0.5447
[15:00:35] warmStart 45% (1084/2370) regret=0.042045 ape=0.5447
[15:00:35] warmStart 45% (1085/2370) regret=0.042109 ape=0.5447
[15:00:35] warmStart 45% (1086/2370) regret=0.042109 ape=0.5447
[15:00:35] warmStart 45% (1087/2370) regret=0.042109 ape=0.5447
[15:00:35] warmStart 45% (1088/2370) regret=0.042192 ape=0.5447
[15:00:36] warmStart 45% (1089/2370) regret=0.042340 ape=0.5447
[15:00:36] warmStart 45% (1090/2370) regret=0.042142 ape=0.5447
[15:00:36] warmStart 46% (1091/2370) regret=0.042142 ape=0.5447
[15:00:36] warmStart 46% (1092/2370) regret=0.041907 ape=0.5438
[15:00:36] warmStart 46% (1093/2370) regret=0.041741 ape=0.5429
[15:00:36] warmStart 46% (1094/2370) regret=0.041741 ape=0.5429
[15:00:36] warmStart 46% (1095/2370) regret=0.041741 ape=0.5429
[15:00:36] warmStart 46% (1096/2370) regret=0.041741 ape=0.5429
[15:00:37] warmStart 46% (1097/2370) regret=0.041787 ape=0.5429
[15:00:37] warmStart 46% (1098/2370) regret=0.041418 ape=0.5419
[15:00:37] warmStart 46% (1099/2370) regret=0.041418 ape=0.5419
[15:00:37] warmStart 46% (1100/2370) regret=0.041418 ape=0.5419
[15:00:37] warmStart 46% (1101/2370) regret=0.041418 ape=0.5419
[15:00:37] warmStart 46% (1102/2370) regret=0.041076 ape=0.5410
[15:00:37] warmStart 46% (1103/2370) regret=0.041076 ape=0.5410
[15:00:38] warmStart 46% (1104/2370) regret=0.041076 ape=0.5410
[15:00:38] warmStart 46% (1105/2370) regret=0.040905 ape=0.5401
[15:00:38] warmStart 46% (1106/2370) regret=0.040905 ape=0.5401
[15:00:38] warmStart 46% (1107/2370) regret=0.040905 ape=0.5401
[15:00:38] warmStart 46% (1108/2370) regret=0.040905 ape=0.5401
[15:00:38] warmStart 46% (1109/2370) regret=0.040905 ape=0.5401
[15:00:38] warmStart 46% (1110/2370) regret=0.040905 ape=0.5401
[15:00:39] warmStart 46% (1111/2370) regret=0.040891 ape=0.5401
[15:00:39] warmStart 46% (1112/2370) regret=0.040891 ape=0.5401
[15:00:39] warmStart 46% (1113/2370) regret=0.040891 ape=0.5401
[15:00:39] warmStart 47% (1114/2370) regret=0.040891 ape=0.5401
[15:00:39] warmStart 47% (1115/2370) regret=0.040891 ape=0.5401
[15:00:39] warmStart 47% (1116/2370) regret=0.040891 ape=0.5401
[15:00:39] warmStart 47% (1117/2370) regret=0.040894 ape=0.5401
[15:00:40] warmStart 47% (1118/2370) regret=0.040894 ape=0.5401
[15:00:40] warmStart 47% (1119/2370) regret=0.040894 ape=0.5401
[15:00:40] warmStart 47% (1120/2370) regret=0.040894 ape=0.5401
[15:00:40] warmStart 47% (1121/2370) regret=0.040894 ape=0.5401
[15:00:40] warmStart 47% (1122/2370) regret=0.040894 ape=0.5401
[15:00:40] warmStart 47% (1123/2370) regret=0.040894 ape=0.5401
[15:00:40] warmStart 47% (1124/2370) regret=0.040894 ape=0.5401
[15:00:41] warmStart 47% (1125/2370) regret=0.040894 ape=0.5401
[15:00:41] warmStart 47% (1126/2370) regret=0.040894 ape=0.5401
[15:00:41] warmStart 47% (1127/2370) regret=0.040894 ape=0.5401
[15:00:41] warmStart 47% (1128/2370) regret=0.040894 ape=0.5401
[15:00:41] warmStart 47% (1129/2370) regret=0.040645 ape=0.5401
[15:00:41] warmStart 47% (1130/2370) regret=0.040546 ape=0.5392
[15:00:41] warmStart 47% (1131/2370) regret=0.040546 ape=0.5392
[15:00:41] warmStart 47% (1132/2370) regret=0.040546 ape=0.5392
[15:00:42] warmStart 47% (1133/2370) regret=0.040546 ape=0.5392
[15:00:42] warmStart 47% (1134/2370) regret=0.040523 ape=0.5382
[15:00:42] warmStart 47% (1135/2370) regret=0.040431 ape=0.5382
[15:00:42] warmStart 47% (1136/2370) regret=0.040376 ape=0.5382
[15:00:42] warmStart 47% (1137/2370) regret=0.040376 ape=0.5382
[15:00:42] warmStart 48% (1138/2370) regret=0.040376 ape=0.5382
[15:00:42] warmStart 48% (1139/2370) regret=0.040376 ape=0.5382
[15:00:43] warmStart 48% (1140/2370) regret=0.040376 ape=0.5382
[15:00:43] warmStart 48% (1141/2370) regret=0.040376 ape=0.5382
[15:00:43] warmStart 48% (1142/2370) regret=0.040376 ape=0.5382
[15:00:43] warmStart 48% (1143/2370) regret=0.040376 ape=0.5382
[15:00:43] warmStart 48% (1144/2370) regret=0.040376 ape=0.5382
[15:00:43] warmStart 48% (1145/2370) regret=0.039781 ape=0.5373
[15:00:43] warmStart 48% (1146/2370) regret=0.039781 ape=0.5373
[15:00:44] warmStart 48% (1147/2370) regret=0.039781 ape=0.5373
[15:00:44] warmStart 48% (1148/2370) regret=0.039781 ape=0.5373
[15:00:44] warmStart 48% (1149/2370) regret=0.039468 ape=0.5373
[15:00:44] warmStart 48% (1150/2370) regret=0.039454 ape=0.5373
[15:00:44] warmStart 48% (1151/2370) regret=0.039454 ape=0.5373
[15:00:44] warmStart 48% (1152/2370) regret=0.039454 ape=0.5373
[15:00:44] warmStart 48% (1153/2370) regret=0.039454 ape=0.5373
[15:00:44] warmStart 48% (1154/2370) regret=0.039454 ape=0.5373
[15:00:45] warmStart 48% (1155/2370) regret=0.039454 ape=0.5373
[15:00:45] warmStart 48% (1156/2370) regret=0.039454 ape=0.5373
[15:00:45] warmStart 48% (1157/2370) regret=0.039454 ape=0.5373
[15:00:45] warmStart 48% (1158/2370) regret=0.039454 ape=0.5373
[15:00:45] warmStart 48% (1159/2370) regret=0.039454 ape=0.5373
[15:00:45] warmStart 48% (1160/2370) regret=0.039454 ape=0.5373
[15:00:45] warmStart 48% (1161/2370) regret=0.039473 ape=0.5373
[15:00:46] warmStart 49% (1162/2370) regret=0.039473 ape=0.5373
[15:00:46] warmStart 49% (1163/2370) regret=0.039473 ape=0.5373
[15:00:46] warmStart 49% (1164/2370) regret=0.039316 ape=0.5373
[15:00:46] warmStart 49% (1165/2370) regret=0.039215 ape=0.5373
[15:00:46] warmStart 49% (1166/2370) regret=0.039215 ape=0.5373
[15:00:46] warmStart 49% (1167/2370) regret=0.039215 ape=0.5373
[15:00:46] warmStart 49% (1168/2370) regret=0.039215 ape=0.5373
[15:00:46] warmStart 49% (1169/2370) regret=0.039215 ape=0.5373
[15:00:47] warmStart 49% (1170/2370) regret=0.039215 ape=0.5373
[15:00:47] warmStart 49% (1171/2370) regret=0.039118 ape=0.5373
[15:00:47] warmStart 49% (1172/2370) regret=0.039118 ape=0.5373
[15:00:47] warmStart 49% (1173/2370) regret=0.039118 ape=0.5373
[15:00:47] warmStart 49% (1174/2370) regret=0.039011 ape=0.5373
[15:00:47] warmStart 49% (1175/2370) regret=0.039034 ape=0.5373
[15:00:48] warmStart 49% (1176/2370) regret=0.038886 ape=0.5364
[15:00:48] warmStart 49% (1177/2370) regret=0.038674 ape=0.5364
[15:00:48] warmStart 49% (1178/2370) regret=0.038693 ape=0.5355
[15:00:48] warmStart 49% (1179/2370) regret=0.038622 ape=0.5355
[15:00:48] warmStart 49% (1180/2370) regret=0.038769 ape=0.5355
[15:00:48] warmStart 49% (1181/2370) regret=0.038872 ape=0.5355
[15:00:48] warmStart 49% (1182/2370) regret=0.038872 ape=0.5355
[15:00:48] warmStart 49% (1183/2370) regret=0.038713 ape=0.5346
[15:00:49] warmStart 49% (1184/2370) regret=0.038615 ape=0.5346
[15:00:49] warmStart 50% (1185/2370) regret=0.038615 ape=0.5346
[15:00:49] warmStart 50% (1186/2370) regret=0.038370 ape=0.5336
[15:00:49] warmStart 50% (1187/2370) regret=0.038370 ape=0.5336
[15:00:49] warmStart 50% (1188/2370) regret=0.038430 ape=0.5336
[15:00:49] warmStart 50% (1189/2370) regret=0.038315 ape=0.5336
[15:00:49] warmStart 50% (1190/2370) regret=0.038370 ape=0.5336
[15:00:50] warmStart 50% (1191/2370) regret=0.038131 ape=0.5336
[15:00:50] warmStart 50% (1192/2370) regret=0.038131 ape=0.5336
[15:00:50] warmStart 50% (1193/2370) regret=0.038131 ape=0.5336
[15:00:50] warmStart 50% (1194/2370) regret=0.038084 ape=0.5336
[15:00:50] warmStart 50% (1195/2370) regret=0.038041 ape=0.5336
[15:00:50] warmStart 50% (1196/2370) regret=0.038041 ape=0.5336
[15:00:50] warmStart 50% (1197/2370) regret=0.038041 ape=0.5336
[15:00:51] warmStart 50% (1198/2370) regret=0.038032 ape=0.5336
[15:00:51] warmStart 50% (1199/2370) regret=0.038041 ape=0.5336
[15:00:51] warmStart 50% (1200/2370) regret=0.038184 ape=0.5336
[15:00:51] warmStart 50% (1201/2370) regret=0.038041 ape=0.5336
[15:00:51] warmStart 50% (1202/2370) regret=0.038041 ape=0.5336
[15:00:51] warmStart 50% (1203/2370) regret=0.038308 ape=0.5336
[15:00:51] warmStart 50% (1204/2370) regret=0.038041 ape=0.5336
[15:00:52] warmStart 50% (1205/2370) regret=0.038041 ape=0.5336
[15:00:52] warmStart 50% (1206/2370) regret=0.038041 ape=0.5336
[15:00:52] warmStart 50% (1207/2370) regret=0.038005 ape=0.5336
[15:00:52] warmStart 50% (1208/2370) regret=0.038097 ape=0.5336
[15:00:52] warmStart 51% (1209/2370) regret=0.038097 ape=0.5336
[15:00:52] warmStart 51% (1210/2370) regret=0.038328 ape=0.5346
[15:00:52] warmStart 51% (1211/2370) regret=0.038328 ape=0.5346
[15:00:53] warmStart 51% (1212/2370) regret=0.038328 ape=0.5346
[15:00:53] warmStart 51% (1213/2370) regret=0.038328 ape=0.5346
[15:00:53] warmStart 51% (1214/2370) regret=0.038328 ape=0.5346
[15:00:53] warmStart 51% (1215/2370) regret=0.038296 ape=0.5336
[15:00:53] warmStart 51% (1216/2370) regret=0.038296 ape=0.5336
[15:00:53] warmStart 51% (1217/2370) regret=0.038296 ape=0.5336
[15:00:53] warmStart 51% (1218/2370) regret=0.038296 ape=0.5336
[15:00:54] warmStart 51% (1219/2370) regret=0.038296 ape=0.5336
[15:00:54] warmStart 51% (1220/2370) regret=0.038296 ape=0.5336
[15:00:54] warmStart 51% (1221/2370) regret=0.038296 ape=0.5336
[15:00:54] warmStart 51% (1222/2370) regret=0.038296 ape=0.5336
[15:00:54] warmStart 51% (1223/2370) regret=0.038296 ape=0.5336
[15:00:54] warmStart 51% (1224/2370) regret=0.038296 ape=0.5336
[15:00:54] warmStart 51% (1225/2370) regret=0.038296 ape=0.5336
[15:00:54] warmStart 51% (1226/2370) regret=0.038296 ape=0.5336
[15:00:55] warmStart 51% (1227/2370) regret=0.038296 ape=0.5336
[15:00:55] warmStart 51% (1228/2370) regret=0.038296 ape=0.5336
[15:00:55] warmStart 51% (1229/2370) regret=0.038296 ape=0.5336
[15:00:55] warmStart 51% (1230/2370) regret=0.038296 ape=0.5336
[15:00:55] warmStart 51% (1231/2370) regret=0.038224 ape=0.5327
[15:00:55] warmStart 51% (1232/2370) regret=0.038224 ape=0.5327
[15:00:55] warmStart 52% (1233/2370) regret=0.038224 ape=0.5327
[15:00:56] warmStart 52% (1234/2370) regret=0.038224 ape=0.5327
[15:00:56] warmStart 52% (1235/2370) regret=0.038224 ape=0.5327
[15:00:56] warmStart 52% (1236/2370) regret=0.038224 ape=0.5327
[15:00:56] warmStart 52% (1237/2370) regret=0.038224 ape=0.5327
[15:00:56] warmStart 52% (1238/2370) regret=0.038224 ape=0.5327
[15:00:56] warmStart 52% (1239/2370) regret=0.038224 ape=0.5327
[15:00:56] warmStart 52% (1240/2370) regret=0.038224 ape=0.5327
[15:00:57] warmStart 52% (1241/2370) regret=0.038224 ape=0.5327
[15:00:57] warmStart 52% (1242/2370) regret=0.038224 ape=0.5327
[15:00:57] warmStart 52% (1243/2370) regret=0.038224 ape=0.5327
[15:00:57] warmStart 52% (1244/2370) regret=0.038210 ape=0.5318
[15:00:57] warmStart 52% (1245/2370) regret=0.038210 ape=0.5318
[15:00:57] warmStart 52% (1246/2370) regret=0.038210 ape=0.5318
[15:00:57] warmStart 52% (1247/2370) regret=0.038197 ape=0.5318
[15:00:57] warmStart 52% (1248/2370) regret=0.038197 ape=0.5318
[15:00:58] warmStart 52% (1249/2370) regret=0.038197 ape=0.5318
[15:00:58] warmStart 52% (1250/2370) regret=0.038197 ape=0.5318
[15:00:58] warmStart 52% (1251/2370) regret=0.038197 ape=0.5318
[15:00:58] warmStart 52% (1252/2370) regret=0.038197 ape=0.5318
[15:00:58] warmStart 52% (1253/2370) regret=0.038197 ape=0.5318
[15:00:58] warmStart 52% (1254/2370) regret=0.038197 ape=0.5318
[15:00:58] warmStart 52% (1255/2370) regret=0.038197 ape=0.5318
[15:00:59] warmStart 52% (1256/2370) regret=0.038197 ape=0.5318
[15:00:59] warmStart 53% (1257/2370) regret=0.038197 ape=0.5318
[15:00:59] warmStart 53% (1258/2370) regret=0.038197 ape=0.5318
[15:00:59] warmStart 53% (1259/2370) regret=0.038197 ape=0.5318
[15:00:59] warmStart 53% (1260/2370) regret=0.038223 ape=0.5318
[15:00:59] warmStart 53% (1261/2370) regret=0.038223 ape=0.5318
[15:00:59] warmStart 53% (1262/2370) regret=0.038223 ape=0.5318
[15:01:00] warmStart 53% (1263/2370) regret=0.038223 ape=0.5318
[15:01:00] warmStart 53% (1264/2370) regret=0.038223 ape=0.5318
[15:01:00] warmStart 53% (1265/2370) regret=0.038223 ape=0.5318
[15:01:00] warmStart 53% (1266/2370) regret=0.038223 ape=0.5318
[15:01:00] warmStart 53% (1267/2370) regret=0.038223 ape=0.5318
[15:01:00] warmStart 53% (1268/2370) regret=0.038223 ape=0.5318
[15:01:00] warmStart 53% (1269/2370) regret=0.038223 ape=0.5318
[15:01:00] warmStart 53% (1270/2370) regret=0.038223 ape=0.5318
[15:01:01] warmStart 53% (1271/2370) regret=0.038223 ape=0.5318
[15:01:01] warmStart 53% (1272/2370) regret=0.038223 ape=0.5318
[15:01:01] warmStart 53% (1273/2370) regret=0.038223 ape=0.5318
[15:01:01] warmStart 53% (1274/2370) regret=0.038239 ape=0.5318
[15:01:01] warmStart 53% (1275/2370) regret=0.038173 ape=0.5318
[15:01:01] warmStart 53% (1276/2370) regret=0.038159 ape=0.5318
[15:01:01] warmStart 53% (1277/2370) regret=0.038137 ape=0.5318
[15:01:02] warmStart 53% (1278/2370) regret=0.038137 ape=0.5318
[15:01:02] warmStart 53% (1279/2370) regret=0.038091 ape=0.5318
[15:01:02] warmStart 54% (1280/2370) regret=0.038096 ape=0.5318
[15:01:02] warmStart 54% (1281/2370) regret=0.038096 ape=0.5318
[15:01:02] warmStart 54% (1282/2370) regret=0.037926 ape=0.5309
[15:01:02] warmStart 54% (1283/2370) regret=0.037926 ape=0.5309
[15:01:02] warmStart 54% (1284/2370) regret=0.037926 ape=0.5309
[15:01:03] warmStart 54% (1285/2370) regret=0.037955 ape=0.5309
[15:01:03] warmStart 54% (1286/2370) regret=0.037955 ape=0.5309
[15:01:03] warmStart 54% (1287/2370) regret=0.038098 ape=0.5309
[15:01:03] warmStart 54% (1288/2370) regret=0.038084 ape=0.5309
[15:01:03] warmStart 54% (1289/2370) regret=0.038176 ape=0.5309
[15:01:03] warmStart 54% (1290/2370) regret=0.037955 ape=0.5309
[15:01:03] warmStart 54% (1291/2370) regret=0.037955 ape=0.5309
[15:01:04] warmStart 54% (1292/2370) regret=0.037955 ape=0.5309
[15:01:04] warmStart 54% (1293/2370) regret=0.037839 ape=0.5309
[15:01:04] warmStart 54% (1294/2370) regret=0.037572 ape=0.5300
[15:01:04] warmStart 54% (1295/2370) regret=0.037516 ape=0.5300
[15:01:04] warmStart 54% (1296/2370) regret=0.037516 ape=0.5300
[15:01:04] warmStart 54% (1297/2370) regret=0.037728 ape=0.5300
[15:01:04] warmStart 54% (1298/2370) regret=0.038139 ape=0.5300
[15:01:05] warmStart 54% (1299/2370) regret=0.037728 ape=0.5300
[15:01:05] warmStart 54% (1300/2370) regret=0.037728 ape=0.5300
[15:01:05] warmStart 54% (1301/2370) regret=0.037728 ape=0.5300
[15:01:05] warmStart 54% (1302/2370) regret=0.037732 ape=0.5309
[15:01:05] warmStart 54% (1303/2370) regret=0.037732 ape=0.5309
[15:01:05] warmStart 55% (1304/2370) regret=0.037732 ape=0.5309
[15:01:05] warmStart 55% (1305/2370) regret=0.037732 ape=0.5309
[15:01:06] warmStart 55% (1306/2370) regret=0.037732 ape=0.5309
[15:01:06] warmStart 55% (1307/2370) regret=0.037670 ape=0.5300
[15:01:06] warmStart 55% (1308/2370) regret=0.037670 ape=0.5300
[15:01:06] warmStart 55% (1309/2370) regret=0.037670 ape=0.5300
[15:01:06] warmStart 55% (1310/2370) regret=0.037725 ape=0.5309
[15:01:06] warmStart 55% (1311/2370) regret=0.037725 ape=0.5309
[15:01:06] warmStart 55% (1312/2370) regret=0.037725 ape=0.5309
[15:01:07] warmStart 55% (1313/2370) regret=0.037725 ape=0.5309
[15:01:07] warmStart 55% (1314/2370) regret=0.037725 ape=0.5309
[15:01:07] warmStart 55% (1315/2370) regret=0.037725 ape=0.5309
[15:01:07] warmStart 55% (1316/2370) regret=0.037614 ape=0.5309
[15:01:07] warmStart 55% (1317/2370) regret=0.037596 ape=0.5300
[15:01:07] warmStart 55% (1318/2370) regret=0.037596 ape=0.5300
[15:01:07] warmStart 55% (1319/2370) regret=0.037596 ape=0.5300
[15:01:08] warmStart 55% (1320/2370) regret=0.037596 ape=0.5300
[15:01:08] warmStart 55% (1321/2370) regret=0.037596 ape=0.5300
[15:01:08] warmStart 55% (1322/2370) regret=0.037596 ape=0.5300
[15:01:08] warmStart 55% (1323/2370) regret=0.037596 ape=0.5300
[15:01:08] warmStart 55% (1324/2370) regret=0.037620 ape=0.5290
[15:01:08] warmStart 55% (1325/2370) regret=0.037679 ape=0.5290
[15:01:08] warmStart 55% (1326/2370) regret=0.037679 ape=0.5290
[15:01:09] warmStart 55% (1327/2370) regret=0.037679 ape=0.5290
[15:01:09] warmStart 56% (1328/2370) regret=0.037711 ape=0.5290
[15:01:09] warmStart 56% (1329/2370) regret=0.037679 ape=0.5290
[15:01:09] warmStart 56% (1330/2370) regret=0.037679 ape=0.5290
[15:01:09] warmStart 56% (1331/2370) regret=0.037679 ape=0.5290
[15:01:09] warmStart 56% (1332/2370) regret=0.037679 ape=0.5290
[15:01:09] warmStart 56% (1333/2370) regret=0.037679 ape=0.5290
[15:01:10] warmStart 56% (1334/2370) regret=0.037679 ape=0.5290
[15:01:10] warmStart 56% (1335/2370) regret=0.037780 ape=0.5290
[15:01:10] warmStart 56% (1336/2370) regret=0.037780 ape=0.5290
[15:01:10] warmStart 56% (1337/2370) regret=0.037780 ape=0.5290
[15:01:10] warmStart 56% (1338/2370) regret=0.037780 ape=0.5290
[15:01:10] warmStart 56% (1339/2370) regret=0.037780 ape=0.5290
[15:01:10] warmStart 56% (1340/2370) regret=0.037780 ape=0.5290
[15:01:11] warmStart 56% (1341/2370) regret=0.037707 ape=0.5281
[15:01:11] warmStart 56% (1342/2370) regret=0.037780 ape=0.5290
[15:01:11] warmStart 56% (1343/2370) regret=0.037780 ape=0.5290
[15:01:11] warmStart 56% (1344/2370) regret=0.037780 ape=0.5290
[15:01:11] warmStart 56% (1345/2370) regret=0.037780 ape=0.5290
[15:01:11] warmStart 56% (1346/2370) regret=0.037780 ape=0.5290
[15:01:11] warmStart 56% (1347/2370) regret=0.037780 ape=0.5290
[15:01:12] warmStart 56% (1348/2370) regret=0.037780 ape=0.5290
[15:01:12] warmStart 56% (1349/2370) regret=0.037780 ape=0.5290
[15:01:12] warmStart 56% (1350/2370) regret=0.037780 ape=0.5290
[15:01:12] warmStart 57% (1351/2370) regret=0.037780 ape=0.5290
[15:01:12] warmStart 57% (1352/2370) regret=0.037780 ape=0.5290
[15:01:12] warmStart 57% (1353/2370) regret=0.037780 ape=0.5290
[15:01:12] warmStart 57% (1354/2370) regret=0.037780 ape=0.5290
[15:01:12] warmStart 57% (1355/2370) regret=0.037780 ape=0.5290
[15:01:13] warmStart 57% (1356/2370) regret=0.037780 ape=0.5290
[15:01:13] warmStart 57% (1357/2370) regret=0.037780 ape=0.5290
[15:01:13] warmStart 57% (1358/2370) regret=0.037780 ape=0.5290
[15:01:13] warmStart 57% (1359/2370) regret=0.037780 ape=0.5290
[15:01:13] warmStart 57% (1360/2370) regret=0.037780 ape=0.5290
[15:01:13] warmStart 57% (1361/2370) regret=0.037780 ape=0.5290
[15:01:14] warmStart 57% (1362/2370) regret=0.037780 ape=0.5290
[15:01:14] warmStart 57% (1363/2370) regret=0.037780 ape=0.5290
[15:01:14] warmStart 57% (1364/2370) regret=0.037780 ape=0.5290
[15:01:14] warmStart 57% (1365/2370) regret=0.037780 ape=0.5290
[15:01:14] warmStart 57% (1366/2370) regret=0.037780 ape=0.5290
[15:01:14] warmStart 57% (1367/2370) regret=0.037780 ape=0.5290
[15:01:14] warmStart 57% (1368/2370) regret=0.037453 ape=0.5290
[15:01:15] warmStart 57% (1369/2370) regret=0.037453 ape=0.5290
[15:01:15] warmStart 57% (1370/2370) regret=0.037453 ape=0.5290
[15:01:15] warmStart 57% (1371/2370) regret=0.037453 ape=0.5290
[15:01:15] warmStart 57% (1372/2370) regret=0.037499 ape=0.5300
[15:01:15] warmStart 57% (1373/2370) regret=0.037554 ape=0.5300
[15:01:15] warmStart 57% (1374/2370) regret=0.037554 ape=0.5300
[15:01:15] warmStart 58% (1375/2370) regret=0.037435 ape=0.5300
[15:01:16] warmStart 58% (1376/2370) regret=0.037435 ape=0.5300
[15:01:16] warmStart 58% (1377/2370) regret=0.037541 ape=0.5309
[15:01:16] warmStart 58% (1378/2370) regret=0.037541 ape=0.5309
[15:01:16] warmStart 58% (1379/2370) regret=0.037541 ape=0.5309
[15:01:16] warmStart 58% (1380/2370) regret=0.037541 ape=0.5309
[15:01:16] warmStart 58% (1381/2370) regret=0.037697 ape=0.5318
[15:01:16] warmStart 58% (1382/2370) regret=0.037697 ape=0.5318
[15:01:17] warmStart 58% (1383/2370) regret=0.037697 ape=0.5318
[15:01:17] warmStart 58% (1384/2370) regret=0.037697 ape=0.5318
[15:01:17] warmStart 58% (1385/2370) regret=0.037697 ape=0.5318
[15:01:17] warmStart 58% (1386/2370) regret=0.037697 ape=0.5318
[15:01:17] warmStart 58% (1387/2370) regret=0.037697 ape=0.5318
[15:01:17] warmStart 58% (1388/2370) regret=0.037725 ape=0.5318
[15:01:17] warmStart 58% (1389/2370) regret=0.037734 ape=0.5318
[15:01:18] warmStart 58% (1390/2370) regret=0.037734 ape=0.5318
[15:01:18] warmStart 58% (1391/2370) regret=0.037734 ape=0.5318
[15:01:18] warmStart 58% (1392/2370) regret=0.037780 ape=0.5318
[15:01:18] warmStart 58% (1393/2370) regret=0.037517 ape=0.5327
[15:01:18] warmStart 58% (1394/2370) regret=0.037291 ape=0.5318
[15:01:18] warmStart 58% (1395/2370) regret=0.037183 ape=0.5309
[15:01:18] warmStart 58% (1396/2370) regret=0.037215 ape=0.5300
[15:01:19] warmStart 58% (1397/2370) regret=0.036763 ape=0.5290
[15:01:19] warmStart 58% (1398/2370) regret=0.036904 ape=0.5300
[15:01:19] warmStart 59% (1399/2370) regret=0.036763 ape=0.5290
[15:01:19] warmStart 59% (1400/2370) regret=0.036763 ape=0.5290
[15:01:19] warmStart 59% (1401/2370) regret=0.036763 ape=0.5290
[15:01:19] warmStart 59% (1402/2370) regret=0.036763 ape=0.5290
[15:01:19] warmStart 59% (1403/2370) regret=0.036395 ape=0.5281
[15:01:20] warmStart 59% (1404/2370) regret=0.036395 ape=0.5281
[15:01:20] warmStart 59% (1405/2370) regret=0.036395 ape=0.5281
[15:01:20] warmStart 59% (1406/2370) regret=0.036395 ape=0.5281
[15:01:20] warmStart 59% (1407/2370) regret=0.036362 ape=0.5281
[15:01:20] warmStart 59% (1408/2370) regret=0.036362 ape=0.5281
[15:01:20] warmStart 59% (1409/2370) regret=0.036330 ape=0.5272
[15:01:20] warmStart 59% (1410/2370) regret=0.036330 ape=0.5272
[15:01:21] warmStart 59% (1411/2370) regret=0.036225 ape=0.5272
[15:01:21] warmStart 59% (1412/2370) regret=0.036243 ape=0.5272
[15:01:21] warmStart 59% (1413/2370) regret=0.036258 ape=0.5272
[15:01:21] warmStart 59% (1414/2370) regret=0.036229 ape=0.5263
[15:01:21] warmStart 59% (1415/2370) regret=0.036224 ape=0.5272
[15:01:21] warmStart 59% (1416/2370) regret=0.036224 ape=0.5272
[15:01:21] warmStart 59% (1417/2370) regret=0.036224 ape=0.5272
[15:01:22] warmStart 59% (1418/2370) regret=0.036224 ape=0.5272
[15:01:22] warmStart 59% (1419/2370) regret=0.036433 ape=0.5272
[15:01:22] warmStart 59% (1420/2370) regret=0.036350 ape=0.5272
[15:01:22] warmStart 59% (1421/2370) regret=0.036267 ape=0.5272
[15:01:22] warmStart 60% (1422/2370) regret=0.036226 ape=0.5263
[15:01:22] warmStart 60% (1423/2370) regret=0.036226 ape=0.5263
[15:01:22] warmStart 60% (1424/2370) regret=0.036226 ape=0.5263
[15:01:23] warmStart 60% (1425/2370) regret=0.036226 ape=0.5263
[15:01:23] warmStart 60% (1426/2370) regret=0.036131 ape=0.5263
[15:01:23] warmStart 60% (1427/2370) regret=0.036001 ape=0.5244
[15:01:23] warmStart 60% (1428/2370) regret=0.036035 ape=0.5244
[15:01:23] warmStart 60% (1429/2370) regret=0.035948 ape=0.5235
[15:01:23] warmStart 60% (1430/2370) regret=0.035948 ape=0.5235
[15:01:23] warmStart 60% (1431/2370) regret=0.035966 ape=0.5235
[15:01:24] warmStart 60% (1432/2370) regret=0.035948 ape=0.5235
[15:01:24] warmStart 60% (1433/2370) regret=0.035948 ape=0.5235
[15:01:24] warmStart 60% (1434/2370) regret=0.035752 ape=0.5226
[15:01:24] warmStart 60% (1435/2370) regret=0.035657 ape=0.5226
[15:01:24] warmStart 60% (1436/2370) regret=0.035657 ape=0.5226
[15:01:24] warmStart 60% (1437/2370) regret=0.035657 ape=0.5226
[15:01:24] warmStart 60% (1438/2370) regret=0.035657 ape=0.5226
[15:01:25] warmStart 60% (1439/2370) regret=0.035657 ape=0.5226
[15:01:25] warmStart 60% (1440/2370) regret=0.035657 ape=0.5226
[15:01:25] warmStart 60% (1441/2370) regret=0.035657 ape=0.5226
[15:01:25] warmStart 60% (1442/2370) regret=0.035657 ape=0.5226
[15:01:25] warmStart 60% (1443/2370) regret=0.035657 ape=0.5226
[15:01:25] warmStart 60% (1444/2370) regret=0.035657 ape=0.5226
[15:01:25] warmStart 60% (1445/2370) regret=0.035657 ape=0.5226
[15:01:26] warmStart 61% (1446/2370) regret=0.035657 ape=0.5226
[15:01:26] warmStart 61% (1447/2370) regret=0.035657 ape=0.5226
[15:01:26] warmStart 61% (1448/2370) regret=0.035657 ape=0.5226
[15:01:26] warmStart 61% (1449/2370) regret=0.035657 ape=0.5226
[15:01:26] warmStart 61% (1450/2370) regret=0.035657 ape=0.5226
[15:01:26] warmStart 61% (1451/2370) regret=0.035657 ape=0.5226
[15:01:26] warmStart 61% (1452/2370) regret=0.035657 ape=0.5226
[15:01:26] warmStart 61% (1453/2370) regret=0.035657 ape=0.5226
[15:01:27] warmStart 61% (1454/2370) regret=0.035657 ape=0.5226
[15:01:27] warmStart 61% (1455/2370) regret=0.035657 ape=0.5226
[15:01:27] warmStart 61% (1456/2370) regret=0.035657 ape=0.5226
[15:01:27] warmStart 61% (1457/2370) regret=0.035657 ape=0.5226
[15:01:27] warmStart 61% (1458/2370) regret=0.035657 ape=0.5226
[15:01:27] warmStart 61% (1459/2370) regret=0.035657 ape=0.5226
[15:01:27] warmStart 61% (1460/2370) regret=0.035657 ape=0.5226
[15:01:28] warmStart 61% (1461/2370) regret=0.035657 ape=0.5226
[15:01:28] warmStart 61% (1462/2370) regret=0.035657 ape=0.5226
[15:01:28] warmStart 61% (1463/2370) regret=0.035657 ape=0.5226
[15:01:28] warmStart 61% (1464/2370) regret=0.035657 ape=0.5226
[15:01:28] warmStart 61% (1465/2370) regret=0.035657 ape=0.5226
[15:01:28] warmStart 61% (1466/2370) regret=0.035657 ape=0.5226
[15:01:28] warmStart 61% (1467/2370) regret=0.035657 ape=0.5226
[15:01:29] warmStart 61% (1468/2370) regret=0.035625 ape=0.5226
[15:01:29] warmStart 61% (1469/2370) regret=0.035625 ape=0.5226
[15:01:29] warmStart 62% (1470/2370) regret=0.035625 ape=0.5226
[15:01:29] warmStart 62% (1471/2370) regret=0.035625 ape=0.5226
[15:01:29] warmStart 62% (1472/2370) regret=0.035625 ape=0.5226
[15:01:29] warmStart 62% (1473/2370) regret=0.035625 ape=0.5226
[15:01:29] warmStart 62% (1474/2370) regret=0.035625 ape=0.5226
[15:01:30] warmStart 62% (1475/2370) regret=0.035625 ape=0.5226
[15:01:30] warmStart 62% (1476/2370) regret=0.035625 ape=0.5226
[15:01:30] warmStart 62% (1477/2370) regret=0.035625 ape=0.5226
[15:01:30] warmStart 62% (1478/2370) regret=0.035625 ape=0.5226
[15:01:30] warmStart 62% (1479/2370) regret=0.035625 ape=0.5226
[15:01:30] warmStart 62% (1480/2370) regret=0.035625 ape=0.5226
[15:01:30] warmStart 62% (1481/2370) regret=0.035625 ape=0.5226
[15:01:30] warmStart 62% (1482/2370) regret=0.035625 ape=0.5226
[15:01:31] warmStart 62% (1483/2370) regret=0.035625 ape=0.5226
[15:01:31] warmStart 62% (1484/2370) regret=0.035625 ape=0.5226
[15:01:31] warmStart 62% (1485/2370) regret=0.035625 ape=0.5226
[15:01:31] warmStart 62% (1486/2370) regret=0.035625 ape=0.5226
[15:01:31] warmStart 62% (1487/2370) regret=0.035625 ape=0.5226
[15:01:31] warmStart 62% (1488/2370) regret=0.035625 ape=0.5226
[15:01:31] warmStart 62% (1489/2370) regret=0.035625 ape=0.5226
[15:01:32] warmStart 62% (1490/2370) regret=0.035625 ape=0.5226
[15:01:32] warmStart 62% (1491/2370) regret=0.035625 ape=0.5226
[15:01:32] warmStart 62% (1492/2370) regret=0.035625 ape=0.5226
[15:01:32] warmStart 62% (1493/2370) regret=0.035625 ape=0.5226
[15:01:32] warmStart 63% (1494/2370) regret=0.035625 ape=0.5226
[15:01:32] warmStart 63% (1495/2370) regret=0.035635 ape=0.5235
[15:01:32] warmStart 63% (1496/2370) regret=0.035635 ape=0.5235
[15:01:32] warmStart 63% (1497/2370) regret=0.035635 ape=0.5235
[15:01:33] warmStart 63% (1498/2370) regret=0.035635 ape=0.5235
[15:01:33] warmStart 63% (1499/2370) regret=0.035635 ape=0.5235
[15:01:33] warmStart 63% (1500/2370) regret=0.035635 ape=0.5235
[15:01:33] warmStart 63% (1501/2370) regret=0.035635 ape=0.5235
[15:01:33] warmStart 63% (1502/2370) regret=0.035542 ape=0.5235
[15:01:33] warmStart 63% (1503/2370) regret=0.035542 ape=0.5235
[15:01:33] warmStart 63% (1504/2370) regret=0.035542 ape=0.5235
[15:01:34] warmStart 63% (1505/2370) regret=0.035542 ape=0.5235
[15:01:34] warmStart 63% (1506/2370) regret=0.035542 ape=0.5235
[15:01:34] warmStart 63% (1507/2370) regret=0.035542 ape=0.5235
[15:01:34] warmStart 63% (1508/2370) regret=0.035542 ape=0.5235
[15:01:34] warmStart 63% (1509/2370) regret=0.035542 ape=0.5235
[15:01:34] warmStart 63% (1510/2370) regret=0.035542 ape=0.5235
[15:01:34] warmStart 63% (1511/2370) regret=0.035542 ape=0.5235
[15:01:35] warmStart 63% (1512/2370) regret=0.035542 ape=0.5235
[15:01:35] warmStart 63% (1513/2370) regret=0.035542 ape=0.5235
[15:01:35] warmStart 63% (1514/2370) regret=0.035542 ape=0.5235
[15:01:35] warmStart 63% (1515/2370) regret=0.035542 ape=0.5235
[15:01:35] warmStart 63% (1516/2370) regret=0.035542 ape=0.5235
[15:01:35] warmStart 64% (1517/2370) regret=0.035542 ape=0.5235
[15:01:36] warmStart 64% (1518/2370) regret=0.035542 ape=0.5235
[15:01:36] warmStart 64% (1519/2370) regret=0.035542 ape=0.5235
[15:01:36] warmStart 64% (1520/2370) regret=0.035542 ape=0.5235
[15:01:36] warmStart 64% (1521/2370) regret=0.035564 ape=0.5235
[15:01:36] warmStart 64% (1522/2370) regret=0.035757 ape=0.5235
[15:01:36] warmStart 64% (1523/2370) regret=0.035564 ape=0.5235
[15:01:36] warmStart 64% (1524/2370) regret=0.035306 ape=0.5226
[15:01:37] warmStart 64% (1525/2370) regret=0.035306 ape=0.5226
[15:01:37] warmStart 64% (1526/2370) regret=0.035306 ape=0.5226
[15:01:37] warmStart 64% (1527/2370) regret=0.035306 ape=0.5226
[15:01:37] warmStart 64% (1528/2370) regret=0.035306 ape=0.5226
[15:01:37] warmStart 64% (1529/2370) regret=0.035320 ape=0.5226
[15:01:37] warmStart 64% (1530/2370) regret=0.035306 ape=0.5226
[15:01:37] warmStart 64% (1531/2370) regret=0.035306 ape=0.5226
[15:01:38] warmStart 64% (1532/2370) regret=0.035367 ape=0.5226
[15:01:38] warmStart 64% (1533/2370) regret=0.035306 ape=0.5226
[15:01:38] warmStart 64% (1534/2370) regret=0.035306 ape=0.5226
[15:01:38] warmStart 64% (1535/2370) regret=0.035343 ape=0.5226
[15:01:38] warmStart 64% (1536/2370) regret=0.035366 ape=0.5226
[15:01:38] warmStart 64% (1537/2370) regret=0.035357 ape=0.5217
[15:01:38] warmStart 64% (1538/2370) regret=0.035360 ape=0.5217
[15:01:39] warmStart 64% (1539/2370) regret=0.035360 ape=0.5217
[15:01:39] warmStart 64% (1540/2370) regret=0.035360 ape=0.5217
[15:01:39] warmStart 65% (1541/2370) regret=0.035360 ape=0.5217
[15:01:39] warmStart 65% (1542/2370) regret=0.035360 ape=0.5217
[15:01:39] warmStart 65% (1543/2370) regret=0.035360 ape=0.5217
[15:01:39] warmStart 65% (1544/2370) regret=0.035360 ape=0.5217
[15:01:39] warmStart 65% (1545/2370) regret=0.035360 ape=0.5217
[15:01:40] warmStart 65% (1546/2370) regret=0.035360 ape=0.5217
[15:01:40] warmStart 65% (1547/2370) regret=0.035279 ape=0.5207
[15:01:40] warmStart 65% (1548/2370) regret=0.035161 ape=0.5207
[15:01:40] warmStart 65% (1549/2370) regret=0.035142 ape=0.5217
[15:01:40] warmStart 65% (1550/2370) regret=0.035022 ape=0.5207
[15:01:40] warmStart 65% (1551/2370) regret=0.034944 ape=0.5217
[15:01:40] warmStart 65% (1552/2370) regret=0.034907 ape=0.5217
[15:01:41] warmStart 65% (1553/2370) regret=0.034798 ape=0.5217
[15:01:41] warmStart 65% (1554/2370) regret=0.034775 ape=0.5217
[15:01:41] warmStart 65% (1555/2370) regret=0.034775 ape=0.5217
[15:01:41] warmStart 65% (1556/2370) regret=0.034775 ape=0.5217
[15:01:41] warmStart 65% (1557/2370) regret=0.034775 ape=0.5217
[15:01:41] warmStart 65% (1558/2370) regret=0.034738 ape=0.5217
[15:01:41] warmStart 65% (1559/2370) regret=0.034632 ape=0.5207
[15:01:42] warmStart 65% (1560/2370) regret=0.034632 ape=0.5207
[15:01:42] warmStart 65% (1561/2370) regret=0.034632 ape=0.5207
[15:01:42] warmStart 65% (1562/2370) regret=0.034780 ape=0.5207
[15:01:42] warmStart 65% (1563/2370) regret=0.034632 ape=0.5207
[15:01:42] warmStart 65% (1564/2370) regret=0.034448 ape=0.5198
[15:01:42] warmStart 66% (1565/2370) regret=0.034448 ape=0.5198
[15:01:42] warmStart 66% (1566/2370) regret=0.034439 ape=0.5198
[15:01:43] warmStart 66% (1567/2370) regret=0.034434 ape=0.5189
[15:01:43] warmStart 66% (1568/2370) regret=0.034448 ape=0.5198
[15:01:43] warmStart 66% (1569/2370) regret=0.034485 ape=0.5207
[15:01:43] warmStart 66% (1570/2370) regret=0.034663 ape=0.5207
[15:01:43] warmStart 66% (1571/2370) regret=0.034474 ape=0.5198
[15:01:43] warmStart 66% (1572/2370) regret=0.034459 ape=0.5198
[15:01:43] warmStart 66% (1573/2370) regret=0.034450 ape=0.5189
[15:01:44] warmStart 66% (1574/2370) regret=0.034450 ape=0.5189
[15:01:44] warmStart 66% (1575/2370) regret=0.034433 ape=0.5189
[15:01:44] warmStart 66% (1576/2370) regret=0.034433 ape=0.5189
[15:01:44] warmStart 66% (1577/2370) regret=0.034460 ape=0.5198
[15:01:44] warmStart 66% (1578/2370) regret=0.035096 ape=0.5198
[15:01:44] warmStart 66% (1579/2370) regret=0.034433 ape=0.5189
[15:01:44] warmStart 66% (1580/2370) regret=0.034287 ape=0.5180
[15:01:45] warmStart 66% (1581/2370) regret=0.034287 ape=0.5180
[15:01:45] warmStart 66% (1582/2370) regret=0.034269 ape=0.5171
[15:01:45] warmStart 66% (1583/2370) regret=0.034264 ape=0.5161
[15:01:45] warmStart 66% (1584/2370) regret=0.034229 ape=0.5152
[15:01:45] warmStart 66% (1585/2370) regret=0.034229 ape=0.5152
[15:01:45] warmStart 66% (1586/2370) regret=0.034212 ape=0.5152
[15:01:45] warmStart 66% (1587/2370) regret=0.034203 ape=0.5152
[15:01:46] warmStart 67% (1588/2370) regret=0.034028 ape=0.5143
[15:01:46] warmStart 67% (1589/2370) regret=0.034072 ape=0.5152
[15:01:46] warmStart 67% (1590/2370) regret=0.034025 ape=0.5143
[15:01:46] warmStart 67% (1591/2370) regret=0.033880 ape=0.5134
[15:01:46] warmStart 67% (1592/2370) regret=0.033864 ape=0.5134
[15:01:46] warmStart 67% (1593/2370) regret=0.033945 ape=0.5134
[15:01:46] warmStart 67% (1594/2370) regret=0.033853 ape=0.5124
[15:01:47] warmStart 67% (1595/2370) regret=0.033705 ape=0.5124
[15:01:47] warmStart 67% (1596/2370) regret=0.033705 ape=0.5124
[15:01:47] warmStart 67% (1597/2370) regret=0.033728 ape=0.5124
[15:01:47] warmStart 67% (1598/2370) regret=0.033581 ape=0.5115
[15:01:47] warmStart 67% (1599/2370) regret=0.033700 ape=0.5115
[15:01:47] warmStart 67% (1600/2370) regret=0.033339 ape=0.5115
[15:01:47] warmStart 67% (1601/2370) regret=0.033324 ape=0.5115
[15:01:48] warmStart 67% (1602/2370) regret=0.033352 ape=0.5124
[15:01:48] warmStart 67% (1603/2370) regret=0.033315 ape=0.5115
[15:01:48] warmStart 67% (1604/2370) regret=0.033315 ape=0.5115
[15:01:48] warmStart 67% (1605/2370) regret=0.033220 ape=0.5106
[15:01:48] warmStart 67% (1606/2370) regret=0.033220 ape=0.5106
[15:01:48] warmStart 67% (1607/2370) regret=0.033220 ape=0.5106
[15:01:48] warmStart 67% (1608/2370) regret=0.033220 ape=0.5106
[15:01:49] warmStart 67% (1609/2370) regret=0.033220 ape=0.5106
[15:01:49] warmStart 67% (1610/2370) regret=0.033220 ape=0.5106
[15:01:49] warmStart 67% (1611/2370) regret=0.033220 ape=0.5106
[15:01:49] warmStart 68% (1612/2370) regret=0.033220 ape=0.5106
[15:01:49] warmStart 68% (1613/2370) regret=0.033220 ape=0.5106
[15:01:49] warmStart 68% (1614/2370) regret=0.033220 ape=0.5106
[15:01:49] warmStart 68% (1615/2370) regret=0.033220 ape=0.5106
[15:01:50] warmStart 68% (1616/2370) regret=0.033220 ape=0.5106
[15:01:50] warmStart 68% (1617/2370) regret=0.033220 ape=0.5106
[15:01:50] warmStart 68% (1618/2370) regret=0.033220 ape=0.5106
[15:01:50] warmStart 68% (1619/2370) regret=0.033220 ape=0.5106
[15:01:50] warmStart 68% (1620/2370) regret=0.033220 ape=0.5106
[15:01:50] warmStart 68% (1621/2370) regret=0.033220 ape=0.5106
[15:01:50] warmStart 68% (1622/2370) regret=0.033220 ape=0.5106
[15:01:50] warmStart 68% (1623/2370) regret=0.033220 ape=0.5106
[15:01:51] warmStart 68% (1624/2370) regret=0.033220 ape=0.5106
[15:01:51] warmStart 68% (1625/2370) regret=0.033220 ape=0.5106
[15:01:51] warmStart 68% (1626/2370) regret=0.033220 ape=0.5106
[15:01:51] warmStart 68% (1627/2370) regret=0.033220 ape=0.5106
[15:01:51] warmStart 68% (1628/2370) regret=0.033220 ape=0.5106
[15:01:51] warmStart 68% (1629/2370) regret=0.033220 ape=0.5106
[15:01:51] warmStart 68% (1630/2370) regret=0.033220 ape=0.5106
[15:01:52] warmStart 68% (1631/2370) regret=0.033220 ape=0.5106
[15:01:52] warmStart 68% (1632/2370) regret=0.033220 ape=0.5106
[15:01:52] warmStart 68% (1633/2370) regret=0.033220 ape=0.5106
[15:01:52] warmStart 68% (1634/2370) regret=0.033220 ape=0.5106
[15:01:52] warmStart 68% (1635/2370) regret=0.033220 ape=0.5106
[15:01:52] warmStart 69% (1636/2370) regret=0.033220 ape=0.5106
[15:01:52] warmStart 69% (1637/2370) regret=0.033068 ape=0.5106
[15:01:53] warmStart 69% (1638/2370) regret=0.033068 ape=0.5106
[15:01:53] warmStart 69% (1639/2370) regret=0.033068 ape=0.5106
[15:01:53] warmStart 69% (1640/2370) regret=0.033068 ape=0.5106
[15:01:53] warmStart 69% (1641/2370) regret=0.033068 ape=0.5106
[15:01:53] warmStart 69% (1642/2370) regret=0.033068 ape=0.5106
[15:01:53] warmStart 69% (1643/2370) regret=0.033068 ape=0.5106
[15:01:53] warmStart 69% (1644/2370) regret=0.033068 ape=0.5106
[15:01:54] warmStart 69% (1645/2370) regret=0.033068 ape=0.5106
[15:01:54] warmStart 69% (1646/2370) regret=0.033068 ape=0.5106
[15:01:54] warmStart 69% (1647/2370) regret=0.033068 ape=0.5106
[15:01:54] warmStart 69% (1648/2370) regret=0.033068 ape=0.5106
[15:01:54] warmStart 69% (1649/2370) regret=0.033068 ape=0.5106
[15:01:54] warmStart 69% (1650/2370) regret=0.033086 ape=0.5106
[15:01:54] warmStart 69% (1651/2370) regret=0.033068 ape=0.5106
[15:01:55] warmStart 69% (1652/2370) regret=0.033091 ape=0.5106
[15:01:55] warmStart 69% (1653/2370) regret=0.033091 ape=0.5106
[15:01:55] warmStart 69% (1654/2370) regret=0.033091 ape=0.5106
[15:01:55] warmStart 69% (1655/2370) regret=0.033091 ape=0.5106
[15:01:55] warmStart 69% (1656/2370) regret=0.033091 ape=0.5106
[15:01:55] warmStart 69% (1657/2370) regret=0.033091 ape=0.5106
[15:01:55] warmStart 69% (1658/2370) regret=0.033091 ape=0.5106
[15:01:55] warmStart 70% (1659/2370) regret=0.033091 ape=0.5106
[15:01:56] warmStart 70% (1660/2370) regret=0.033091 ape=0.5106
[15:01:56] warmStart 70% (1661/2370) regret=0.033091 ape=0.5106
[15:01:56] warmStart 70% (1662/2370) regret=0.033091 ape=0.5106
[15:01:56] warmStart 70% (1663/2370) regret=0.033091 ape=0.5106
[15:01:56] warmStart 70% (1664/2370) regret=0.033174 ape=0.5106
[15:01:56] warmStart 70% (1665/2370) regret=0.033174 ape=0.5106
[15:01:57] warmStart 70% (1666/2370) regret=0.033174 ape=0.5106
[15:01:57] warmStart 70% (1667/2370) regret=0.033174 ape=0.5106
[15:01:57] warmStart 70% (1668/2370) regret=0.033065 ape=0.5106
[15:01:57] warmStart 70% (1669/2370) regret=0.033037 ape=0.5106
[15:01:57] warmStart 70% (1670/2370) regret=0.033037 ape=0.5106
[15:01:57] warmStart 70% (1671/2370) regret=0.033037 ape=0.5106
[15:01:57] warmStart 70% (1672/2370) regret=0.033037 ape=0.5106
[15:01:57] warmStart 70% (1673/2370) regret=0.033037 ape=0.5106
[15:01:58] warmStart 70% (1674/2370) regret=0.033037 ape=0.5106
[15:01:58] warmStart 70% (1675/2370) regret=0.033037 ape=0.5106
[15:01:58] warmStart 70% (1676/2370) regret=0.033037 ape=0.5106
[15:01:58] warmStart 70% (1677/2370) regret=0.033037 ape=0.5106
[15:01:58] warmStart 70% (1678/2370) regret=0.033037 ape=0.5106
[15:01:58] warmStart 70% (1679/2370) regret=0.033037 ape=0.5106
[15:01:58] warmStart 70% (1680/2370) regret=0.033037 ape=0.5106
[15:01:59] warmStart 70% (1681/2370) regret=0.033037 ape=0.5106
[15:01:59] warmStart 70% (1682/2370) regret=0.033037 ape=0.5106
[15:01:59] warmStart 71% (1683/2370) regret=0.033037 ape=0.5106
[15:01:59] warmStart 71% (1684/2370) regret=0.033037 ape=0.5106
[15:01:59] warmStart 71% (1685/2370) regret=0.033037 ape=0.5106
[15:01:59] warmStart 71% (1686/2370) regret=0.033037 ape=0.5106
[15:01:59] warmStart 71% (1687/2370) regret=0.033037 ape=0.5106
[15:01:59] warmStart 71% (1688/2370) regret=0.033037 ape=0.5106
[15:02:00] warmStart 71% (1689/2370) regret=0.033037 ape=0.5106
[15:02:00] warmStart 71% (1690/2370) regret=0.033037 ape=0.5106
[15:02:00] warmStart 71% (1691/2370) regret=0.033019 ape=0.5097
[15:02:00] warmStart 71% (1692/2370) regret=0.033019 ape=0.5097
[15:02:00] warmStart 71% (1693/2370) regret=0.033019 ape=0.5097
[15:02:00] warmStart 71% (1694/2370) regret=0.033019 ape=0.5097
[15:02:00] warmStart 71% (1695/2370) regret=0.032973 ape=0.5097
[15:02:01] warmStart 71% (1696/2370) regret=0.032955 ape=0.5097
[15:02:01] warmStart 71% (1697/2370) regret=0.032955 ape=0.5097
[15:02:01] warmStart 71% (1698/2370) regret=0.032793 ape=0.5088
[15:02:01] warmStart 71% (1699/2370) regret=0.032793 ape=0.5088
[15:02:01] warmStart 71% (1700/2370) regret=0.032793 ape=0.5088
[15:02:01] warmStart 71% (1701/2370) regret=0.032793 ape=0.5088
[15:02:01] warmStart 71% (1702/2370) regret=0.032797 ape=0.5078
[15:02:02] warmStart 71% (1703/2370) regret=0.032858 ape=0.5078
[15:02:02] warmStart 71% (1704/2370) regret=0.032858 ape=0.5078
[15:02:02] warmStart 71% (1705/2370) regret=0.032858 ape=0.5078
[15:02:02] warmStart 71% (1706/2370) regret=0.032846 ape=0.5069
[15:02:02] warmStart 72% (1707/2370) regret=0.032846 ape=0.5069
[15:02:02] warmStart 72% (1708/2370) regret=0.032846 ape=0.5069
[15:02:02] warmStart 72% (1709/2370) regret=0.032846 ape=0.5069
[15:02:02] warmStart 72% (1710/2370) regret=0.032939 ape=0.5069
[15:02:03] warmStart 72% (1711/2370) regret=0.032939 ape=0.5069
[15:02:03] warmStart 72% (1712/2370) regret=0.032939 ape=0.5069
[15:02:03] warmStart 72% (1713/2370) regret=0.032914 ape=0.5060
[15:02:03] warmStart 72% (1714/2370) regret=0.032914 ape=0.5060
[15:02:03] warmStart 72% (1715/2370) regret=0.032914 ape=0.5060
[15:02:03] warmStart 72% (1716/2370) regret=0.032813 ape=0.5051
[15:02:03] warmStart 72% (1717/2370) regret=0.032813 ape=0.5051
[15:02:04] warmStart 72% (1718/2370) regret=0.032813 ape=0.5051
[15:02:04] warmStart 72% (1719/2370) regret=0.032813 ape=0.5051
[15:02:04] warmStart 72% (1720/2370) regret=0.032315 ape=0.5041
[15:02:04] warmStart 72% (1721/2370) regret=0.032315 ape=0.5041
[15:02:04] warmStart 72% (1722/2370) regret=0.032315 ape=0.5041
[15:02:04] warmStart 72% (1723/2370) regret=0.032315 ape=0.5041
[15:02:04] warmStart 72% (1724/2370) regret=0.032315 ape=0.5041
[15:02:05] warmStart 72% (1725/2370) regret=0.032315 ape=0.5041
[15:02:05] warmStart 72% (1726/2370) regret=0.032315 ape=0.5041
[15:02:05] warmStart 72% (1727/2370) regret=0.032315 ape=0.5041
[15:02:05] warmStart 72% (1728/2370) regret=0.032315 ape=0.5041
[15:02:05] warmStart 72% (1729/2370) regret=0.032315 ape=0.5041
[15:02:05] warmStart 72% (1730/2370) regret=0.032315 ape=0.5041
[15:02:05] warmStart 73% (1731/2370) regret=0.032315 ape=0.5041
[15:02:06] warmStart 73% (1732/2370) regret=0.032315 ape=0.5041
[15:02:06] warmStart 73% (1733/2370) regret=0.032315 ape=0.5041
[15:02:06] warmStart 73% (1734/2370) regret=0.032315 ape=0.5041
[15:02:06] warmStart 73% (1735/2370) regret=0.032315 ape=0.5041
[15:02:06] warmStart 73% (1736/2370) regret=0.032315 ape=0.5041
[15:02:06] warmStart 73% (1737/2370) regret=0.032315 ape=0.5041
[15:02:07] warmStart 73% (1738/2370) regret=0.032315 ape=0.5041
[15:02:07] warmStart 73% (1739/2370) regret=0.032315 ape=0.5041
[15:02:07] warmStart 73% (1740/2370) regret=0.032315 ape=0.5041
[15:02:07] warmStart 73% (1741/2370) regret=0.032167 ape=0.5041
[15:02:07] warmStart 73% (1742/2370) regret=0.032172 ape=0.5051
[15:02:07] warmStart 73% (1743/2370) regret=0.032167 ape=0.5041
[15:02:07] warmStart 73% (1744/2370) regret=0.032167 ape=0.5041
[15:02:08] warmStart 73% (1745/2370) regret=0.032167 ape=0.5041
[15:02:08] warmStart 73% (1746/2370) regret=0.032167 ape=0.5041
[15:02:08] warmStart 73% (1747/2370) regret=0.032217 ape=0.5041
[15:02:08] warmStart 73% (1748/2370) regret=0.032158 ape=0.5041
[15:02:08] warmStart 73% (1749/2370) regret=0.032213 ape=0.5041
[15:02:08] warmStart 73% (1750/2370) regret=0.032213 ape=0.5041
[15:02:08] warmStart 73% (1751/2370) regret=0.032213 ape=0.5041
[15:02:09] warmStart 73% (1752/2370) regret=0.032213 ape=0.5041
[15:02:09] warmStart 73% (1753/2370) regret=0.032213 ape=0.5041
[15:02:09] warmStart 74% (1754/2370) regret=0.032213 ape=0.5041
[15:02:09] warmStart 74% (1755/2370) regret=0.032213 ape=0.5041
[15:02:09] warmStart 74% (1756/2370) regret=0.031898 ape=0.5032
[15:02:09] warmStart 74% (1757/2370) regret=0.031898 ape=0.5032
[15:02:09] warmStart 74% (1758/2370) regret=0.031898 ape=0.5032
[15:02:10] warmStart 74% (1759/2370) regret=0.031677 ape=0.5032
[15:02:10] warmStart 74% (1760/2370) regret=0.031677 ape=0.5032
[15:02:10] warmStart 74% (1761/2370) regret=0.031409 ape=0.5023
[15:02:10] warmStart 74% (1762/2370) regret=0.031409 ape=0.5023
[15:02:10] warmStart 74% (1763/2370) regret=0.031356 ape=0.5023
[15:02:10] warmStart 74% (1764/2370) regret=0.031356 ape=0.5023
[15:02:10] warmStart 74% (1765/2370) regret=0.031356 ape=0.5023
[15:02:11] warmStart 74% (1766/2370) regret=0.031356 ape=0.5023
[15:02:11] warmStart 74% (1767/2370) regret=0.031322 ape=0.5023
[15:02:11] warmStart 74% (1768/2370) regret=0.031322 ape=0.5023
[15:02:11] warmStart 74% (1769/2370) regret=0.031396 ape=0.5023
[15:02:11] warmStart 74% (1770/2370) regret=0.031396 ape=0.5023
[15:02:11] warmStart 74% (1771/2370) regret=0.031396 ape=0.5023
[15:02:11] warmStart 74% (1772/2370) regret=0.031396 ape=0.5023
[15:02:12] warmStart 74% (1773/2370) regret=0.031414 ape=0.5023
[15:02:12] warmStart 74% (1774/2370) regret=0.031414 ape=0.5023
[15:02:12] warmStart 74% (1775/2370) regret=0.031682 ape=0.5041
[15:02:12] warmStart 74% (1776/2370) regret=0.031682 ape=0.5041
[15:02:12] warmStart 74% (1777/2370) regret=0.031682 ape=0.5041
[15:02:12] warmStart 75% (1778/2370) regret=0.031857 ape=0.5051
[15:02:12] warmStart 75% (1779/2370) regret=0.031746 ape=0.5051
[15:02:13] warmStart 75% (1780/2370) regret=0.031746 ape=0.5051
[15:02:13] warmStart 75% (1781/2370) regret=0.031746 ape=0.5051
[15:02:13] warmStart 75% (1782/2370) regret=0.031746 ape=0.5051
[15:02:13] warmStart 75% (1783/2370) regret=0.031746 ape=0.5051
[15:02:13] warmStart 75% (1784/2370) regret=0.032050 ape=0.5060
[15:02:13] warmStart 75% (1785/2370) regret=0.032014 ape=0.5060
[15:02:13] warmStart 75% (1786/2370) regret=0.032050 ape=0.5060
[15:02:14] warmStart 75% (1787/2370) regret=0.032050 ape=0.5060
[15:02:14] warmStart 75% (1788/2370) regret=0.032050 ape=0.5060
[15:02:14] warmStart 75% (1789/2370) regret=0.032010 ape=0.5051
[15:02:14] warmStart 75% (1790/2370) regret=0.032010 ape=0.5051
[15:02:14] warmStart 75% (1791/2370) regret=0.032022 ape=0.5051
[15:02:14] warmStart 75% (1792/2370) regret=0.031946 ape=0.5041
[15:02:14] warmStart 75% (1793/2370) regret=0.031946 ape=0.5041
[15:02:15] warmStart 75% (1794/2370) regret=0.032001 ape=0.5041
[15:02:15] warmStart 75% (1795/2370) regret=0.031946 ape=0.5041
[15:02:15] warmStart 75% (1796/2370) regret=0.031979 ape=0.5051
[15:02:15] warmStart 75% (1797/2370) regret=0.031850 ape=0.5032
[15:02:15] warmStart 75% (1798/2370) regret=0.031855 ape=0.5041
[15:02:15] warmStart 75% (1799/2370) regret=0.031846 ape=0.5032
[15:02:15] warmStart 75% (1800/2370) regret=0.031781 ape=0.5032
[15:02:16] warmStart 75% (1801/2370) regret=0.031726 ape=0.5032
[15:02:16] warmStart 76% (1802/2370) regret=0.031726 ape=0.5032
[15:02:16] warmStart 76% (1803/2370) regret=0.031726 ape=0.5032
[15:02:16] warmStart 76% (1804/2370) regret=0.031726 ape=0.5032
[15:02:16] warmStart 76% (1805/2370) regret=0.031694 ape=0.5023
[15:02:16] warmStart 76% (1806/2370) regret=0.031704 ape=0.5023
[15:02:16] warmStart 76% (1807/2370) regret=0.031704 ape=0.5023
[15:02:17] warmStart 76% (1808/2370) regret=0.031704 ape=0.5023
[15:02:17] warmStart 76% (1809/2370) regret=0.031704 ape=0.5023
[15:02:17] warmStart 76% (1810/2370) regret=0.031704 ape=0.5023
[15:02:17] warmStart 76% (1811/2370) regret=0.031704 ape=0.5023
[15:02:17] warmStart 76% (1812/2370) regret=0.031704 ape=0.5023
[15:02:17] warmStart 76% (1813/2370) regret=0.031704 ape=0.5023
[15:02:17] warmStart 76% (1814/2370) regret=0.031704 ape=0.5023
[15:02:18] warmStart 76% (1815/2370) regret=0.031704 ape=0.5023
[15:02:18] warmStart 76% (1816/2370) regret=0.031492 ape=0.5014
[15:02:18] warmStart 76% (1817/2370) regret=0.031492 ape=0.5014
[15:02:18] warmStart 76% (1818/2370) regret=0.031492 ape=0.5014
[15:02:18] warmStart 76% (1819/2370) regret=0.031492 ape=0.5014
[15:02:18] warmStart 76% (1820/2370) regret=0.031492 ape=0.5014
[15:02:18] warmStart 76% (1821/2370) regret=0.031421 ape=0.5014
[15:02:18] warmStart 76% (1822/2370) regret=0.031421 ape=0.5014
[15:02:19] warmStart 76% (1823/2370) regret=0.031421 ape=0.5014
[15:02:19] warmStart 76% (1824/2370) regret=0.031421 ape=0.5014
[15:02:19] warmStart 77% (1825/2370) regret=0.031421 ape=0.5014
[15:02:19] warmStart 77% (1826/2370) regret=0.031263 ape=0.5005
[15:02:19] warmStart 77% (1827/2370) regret=0.031263 ape=0.5005
[15:02:19] warmStart 77% (1828/2370) regret=0.031263 ape=0.5005
[15:02:19] warmStart 77% (1829/2370) regret=0.031263 ape=0.5005
[15:02:20] warmStart 77% (1830/2370) regret=0.031263 ape=0.5005
[15:02:20] warmStart 77% (1831/2370) regret=0.031263 ape=0.5005
[15:02:20] warmStart 77% (1832/2370) regret=0.031263 ape=0.5005
[15:02:20] warmStart 77% (1833/2370) regret=0.031263 ape=0.5005
[15:02:20] warmStart 77% (1834/2370) regret=0.031263 ape=0.5005
[15:02:20] warmStart 77% (1835/2370) regret=0.031263 ape=0.5005
[15:02:20] warmStart 77% (1836/2370) regret=0.031263 ape=0.5005
[15:02:21] warmStart 77% (1837/2370) regret=0.031271 ape=0.5005
[15:02:21] warmStart 77% (1838/2370) regret=0.031271 ape=0.5005
[15:02:21] warmStart 77% (1839/2370) regret=0.031271 ape=0.5005
[15:02:21] warmStart 77% (1840/2370) regret=0.031271 ape=0.5005
[15:02:21] warmStart 77% (1841/2370) regret=0.031271 ape=0.5005
[15:02:21] warmStart 77% (1842/2370) regret=0.031298 ape=0.5014
[15:02:21] warmStart 77% (1843/2370) regret=0.031298 ape=0.5014
[15:02:22] warmStart 77% (1844/2370) regret=0.031298 ape=0.5014
[15:02:22] warmStart 77% (1845/2370) regret=0.031298 ape=0.5014
[15:02:22] warmStart 77% (1846/2370) regret=0.031298 ape=0.5014
[15:02:22] warmStart 77% (1847/2370) regret=0.031298 ape=0.5014
[15:02:22] warmStart 77% (1848/2370) regret=0.031298 ape=0.5014
[15:02:22] warmStart 78% (1849/2370) regret=0.031298 ape=0.5014
[15:02:22] warmStart 78% (1850/2370) regret=0.031298 ape=0.5014
[15:02:23] warmStart 78% (1851/2370) regret=0.031298 ape=0.5014
[15:02:23] warmStart 78% (1852/2370) regret=0.031298 ape=0.5014
[15:02:23] warmStart 78% (1853/2370) regret=0.031298 ape=0.5014
[15:02:23] warmStart 78% (1854/2370) regret=0.031298 ape=0.5014
[15:02:23] warmStart 78% (1855/2370) regret=0.031298 ape=0.5014
[15:02:23] warmStart 78% (1856/2370) regret=0.030994 ape=0.5005
[15:02:23] warmStart 78% (1857/2370) regret=0.030994 ape=0.5005
[15:02:23] warmStart 78% (1858/2370) regret=0.030994 ape=0.5005
[15:02:24] warmStart 78% (1859/2370) regret=0.030994 ape=0.5005
[15:02:24] warmStart 78% (1860/2370) regret=0.031077 ape=0.5014
[15:02:24] warmStart 78% (1861/2370) regret=0.030994 ape=0.5005
[15:02:24] warmStart 78% (1862/2370) regret=0.031006 ape=0.5014
[15:02:24] warmStart 78% (1863/2370) regret=0.031006 ape=0.5014
[15:02:24] warmStart 78% (1864/2370) regret=0.031001 ape=0.5014
[15:02:24] warmStart 78% (1865/2370) regret=0.031001 ape=0.5014
[15:02:25] warmStart 78% (1866/2370) regret=0.031001 ape=0.5014
[15:02:25] warmStart 78% (1867/2370) regret=0.031001 ape=0.5014
[15:02:25] warmStart 78% (1868/2370) regret=0.030973 ape=0.5005
[15:02:25] warmStart 78% (1869/2370) regret=0.030881 ape=0.4995
[15:02:25] warmStart 78% (1870/2370) regret=0.030881 ape=0.4995
[15:02:25] warmStart 78% (1871/2370) regret=0.030881 ape=0.4995
[15:02:25] warmStart 78% (1872/2370) regret=0.030881 ape=0.4995
[15:02:26] warmStart 79% (1873/2370) regret=0.030854 ape=0.4995
[15:02:26] warmStart 79% (1874/2370) regret=0.031116 ape=0.4995
[15:02:26] warmStart 79% (1875/2370) regret=0.031061 ape=0.4995
[15:02:26] warmStart 79% (1876/2370) regret=0.031061 ape=0.4995
[15:02:26] warmStart 79% (1877/2370) regret=0.031061 ape=0.4995
[15:02:26] warmStart 79% (1878/2370) regret=0.031061 ape=0.4995
[15:02:26] warmStart 79% (1879/2370) regret=0.031061 ape=0.4995
[15:02:27] warmStart 79% (1880/2370) regret=0.031135 ape=0.5005
[15:02:27] warmStart 79% (1881/2370) regret=0.031405 ape=0.5005
[15:02:27] warmStart 79% (1882/2370) regret=0.031276 ape=0.4995
[15:02:27] warmStart 79% (1883/2370) regret=0.031276 ape=0.4995
[15:02:27] warmStart 79% (1884/2370) regret=0.031359 ape=0.5005
[15:02:27] warmStart 79% (1885/2370) regret=0.031359 ape=0.5005
[15:02:27] warmStart 79% (1886/2370) regret=0.031276 ape=0.4995
[15:02:28] warmStart 79% (1887/2370) regret=0.031276 ape=0.4995
[15:02:28] warmStart 79% (1888/2370) regret=0.031276 ape=0.4995
[15:02:28] warmStart 79% (1889/2370) regret=0.031276 ape=0.4995
[15:02:28] warmStart 79% (1890/2370) regret=0.031276 ape=0.4995
[15:02:28] warmStart 79% (1891/2370) regret=0.031276 ape=0.4995
[15:02:28] warmStart 79% (1892/2370) regret=0.031276 ape=0.4995
[15:02:28] warmStart 79% (1893/2370) regret=0.031276 ape=0.4995
[15:02:29] warmStart 79% (1894/2370) regret=0.031276 ape=0.4995
[15:02:29] warmStart 79% (1895/2370) regret=0.031276 ape=0.4995
[15:02:29] warmStart 80% (1896/2370) regret=0.031276 ape=0.4995
[15:02:29] warmStart 80% (1897/2370) regret=0.031378 ape=0.4995
[15:02:29] warmStart 80% (1898/2370) regret=0.031378 ape=0.4995
[15:02:29] warmStart 80% (1899/2370) regret=0.031378 ape=0.4995
[15:02:29] warmStart 80% (1900/2370) regret=0.031378 ape=0.4995
[15:02:30] warmStart 80% (1901/2370) regret=0.031378 ape=0.4995
[15:02:30] warmStart 80% (1902/2370) regret=0.031378 ape=0.4995
[15:02:30] warmStart 80% (1903/2370) regret=0.031378 ape=0.4995
[15:02:30] warmStart 80% (1904/2370) regret=0.031387 ape=0.5005
[15:02:30] warmStart 80% (1905/2370) regret=0.031387 ape=0.5005
[15:02:30] warmStart 80% (1906/2370) regret=0.031387 ape=0.5005
[15:02:30] warmStart 80% (1907/2370) regret=0.031387 ape=0.5005
[15:02:31] warmStart 80% (1908/2370) regret=0.031387 ape=0.5005
[15:02:31] warmStart 80% (1909/2370) regret=0.031387 ape=0.5005
[15:02:31] warmStart 80% (1910/2370) regret=0.031387 ape=0.5005
[15:02:31] warmStart 80% (1911/2370) regret=0.031032 ape=0.4995
[15:02:31] warmStart 80% (1912/2370) regret=0.031066 ape=0.4995
[15:02:31] warmStart 80% (1913/2370) regret=0.031066 ape=0.4995
[15:02:31] warmStart 80% (1914/2370) regret=0.031054 ape=0.4986
[15:02:32] warmStart 80% (1915/2370) regret=0.031054 ape=0.4986
[15:02:32] warmStart 80% (1916/2370) regret=0.031054 ape=0.4986
[15:02:32] warmStart 80% (1917/2370) regret=0.031054 ape=0.4986
[15:02:32] warmStart 80% (1918/2370) regret=0.031054 ape=0.4986
[15:02:32] warmStart 80% (1919/2370) regret=0.030925 ape=0.4986
[15:02:32] warmStart 81% (1920/2370) regret=0.031054 ape=0.4986
[15:02:32] warmStart 81% (1921/2370) regret=0.030958 ape=0.4977
[15:02:33] warmStart 81% (1922/2370) regret=0.030718 ape=0.4977
[15:02:33] warmStart 81% (1923/2370) regret=0.030594 ape=0.4968
[15:02:33] warmStart 81% (1924/2370) regret=0.030485 ape=0.4968
[15:02:33] warmStart 81% (1925/2370) regret=0.030583 ape=0.4968
[15:02:33] warmStart 81% (1926/2370) regret=0.030550 ape=0.4968
[15:02:33] warmStart 81% (1927/2370) regret=0.030550 ape=0.4968
[15:02:33] warmStart 81% (1928/2370) regret=0.030550 ape=0.4968
[15:02:33] warmStart 81% (1929/2370) regret=0.030615 ape=0.4968
[15:02:34] warmStart 81% (1930/2370) regret=0.030615 ape=0.4968
[15:02:34] warmStart 81% (1931/2370) regret=0.030615 ape=0.4968
[15:02:34] warmStart 81% (1932/2370) regret=0.030845 ape=0.4968
[15:02:34] warmStart 81% (1933/2370) regret=0.030721 ape=0.4977
[15:02:34] warmStart 81% (1934/2370) regret=0.030822 ape=0.4977
[15:02:34] warmStart 81% (1935/2370) regret=0.030693 ape=0.4977
[15:02:34] warmStart 81% (1936/2370) regret=0.030693 ape=0.4977
[15:02:35] warmStart 81% (1937/2370) regret=0.030693 ape=0.4977
[15:02:35] warmStart 81% (1938/2370) regret=0.030693 ape=0.4977
[15:02:35] warmStart 81% (1939/2370) regret=0.030693 ape=0.4977
[15:02:35] warmStart 81% (1940/2370) regret=0.030693 ape=0.4977
[15:02:35] warmStart 81% (1941/2370) regret=0.030592 ape=0.4977
[15:02:35] warmStart 81% (1942/2370) regret=0.030548 ape=0.4977
[15:02:35] warmStart 81% (1943/2370) regret=0.030548 ape=0.4977
[15:02:36] warmStart 82% (1944/2370) regret=0.030588 ape=0.4977
[15:02:36] warmStart 82% (1945/2370) regret=0.030549 ape=0.4977
[15:02:36] warmStart 82% (1946/2370) regret=0.030549 ape=0.4977
[15:02:36] warmStart 82% (1947/2370) regret=0.030549 ape=0.4977
[15:02:36] warmStart 82% (1948/2370) regret=0.030522 ape=0.4977
[15:02:36] warmStart 82% (1949/2370) regret=0.030522 ape=0.4977
[15:02:36] warmStart 82% (1950/2370) regret=0.030522 ape=0.4977
[15:02:37] warmStart 82% (1951/2370) regret=0.030589 ape=0.4986
[15:02:37] warmStart 82% (1952/2370) regret=0.030879 ape=0.4986
[15:02:37] warmStart 82% (1953/2370) regret=0.031121 ape=0.4995
[15:02:37] warmStart 82% (1954/2370) regret=0.030614 ape=0.4986
[15:02:37] warmStart 82% (1955/2370) regret=0.030446 ape=0.4986
[15:02:37] warmStart 82% (1956/2370) regret=0.030446 ape=0.4986
[15:02:37] warmStart 82% (1957/2370) regret=0.030465 ape=0.4995
[15:02:38] warmStart 82% (1958/2370) regret=0.030453 ape=0.4995
[15:02:38] warmStart 82% (1959/2370) regret=0.030453 ape=0.4995
[15:02:38] warmStart 82% (1960/2370) regret=0.030443 ape=0.4995
[15:02:38] warmStart 82% (1961/2370) regret=0.030416 ape=0.4995
[15:02:38] warmStart 82% (1962/2370) regret=0.030416 ape=0.4995
[15:02:38] warmStart 82% (1963/2370) regret=0.030416 ape=0.4995
[15:02:38] warmStart 82% (1964/2370) regret=0.030563 ape=0.4995
[15:02:39] warmStart 82% (1965/2370) regret=0.030416 ape=0.4995
[15:02:39] warmStart 82% (1966/2370) regret=0.030913 ape=0.4995
[15:02:39] warmStart 82% (1967/2370) regret=0.030416 ape=0.4995
[15:02:39] warmStart 83% (1968/2370) regret=0.030416 ape=0.4995
[15:02:39] warmStart 83% (1969/2370) regret=0.030416 ape=0.4995
[15:02:39] warmStart 83% (1970/2370) regret=0.030416 ape=0.4995
[15:02:39] warmStart 83% (1971/2370) regret=0.030416 ape=0.4995
[15:02:40] warmStart 83% (1972/2370) regret=0.030416 ape=0.4995
[15:02:40] warmStart 83% (1973/2370) regret=0.030416 ape=0.4995
[15:02:40] warmStart 83% (1974/2370) regret=0.030416 ape=0.4995
[15:02:40] warmStart 83% (1975/2370) regret=0.030416 ape=0.4995
[15:02:40] warmStart 83% (1976/2370) regret=0.030416 ape=0.4995
[15:02:40] warmStart 83% (1977/2370) regret=0.030416 ape=0.4995
[15:02:40] warmStart 83% (1978/2370) regret=0.030416 ape=0.4995
[15:02:41] warmStart 83% (1979/2370) regret=0.030416 ape=0.4995
[15:02:41] warmStart 83% (1980/2370) regret=0.030416 ape=0.4995
[15:02:41] warmStart 83% (1981/2370) regret=0.030416 ape=0.4995
[15:02:41] warmStart 83% (1982/2370) regret=0.030416 ape=0.4995
[15:02:41] warmStart 83% (1983/2370) regret=0.030416 ape=0.4995
[15:02:41] warmStart 83% (1984/2370) regret=0.030416 ape=0.4995
[15:02:41] warmStart 83% (1985/2370) regret=0.030416 ape=0.4995
[15:02:42] warmStart 83% (1986/2370) regret=0.030416 ape=0.4995
[15:02:42] warmStart 83% (1987/2370) regret=0.030416 ape=0.4995
[15:02:42] warmStart 83% (1988/2370) regret=0.030416 ape=0.4995
[15:02:42] warmStart 83% (1989/2370) regret=0.030416 ape=0.4995
[15:02:42] warmStart 83% (1990/2370) regret=0.030416 ape=0.4995
[15:02:42] warmStart 84% (1991/2370) regret=0.030430 ape=0.4995
[15:02:42] warmStart 84% (1992/2370) regret=0.030430 ape=0.4995
[15:02:43] warmStart 84% (1993/2370) regret=0.030430 ape=0.4995
[15:02:43] warmStart 84% (1994/2370) regret=0.030430 ape=0.4995
[15:02:43] warmStart 84% (1995/2370) regret=0.030430 ape=0.4995
[15:02:43] warmStart 84% (1996/2370) regret=0.030600 ape=0.5005
[15:02:43] warmStart 84% (1997/2370) regret=0.030621 ape=0.5005
[15:02:43] warmStart 84% (1998/2370) regret=0.030430 ape=0.4995
[15:02:44] warmStart 84% (1999/2370) regret=0.030430 ape=0.4995
[15:02:44] warmStart 84% (2000/2370) regret=0.030430 ape=0.4995
[15:02:44] warmStart 84% (2001/2370) regret=0.030439 ape=0.4995
[15:02:44] warmStart 84% (2002/2370) regret=0.030439 ape=0.4995
[15:02:44] warmStart 84% (2003/2370) regret=0.030393 ape=0.4995
[15:02:44] warmStart 84% (2004/2370) regret=0.030393 ape=0.4995
[15:02:44] warmStart 84% (2005/2370) regret=0.030393 ape=0.4995
[15:02:45] warmStart 84% (2006/2370) regret=0.030393 ape=0.4995
[15:02:45] warmStart 84% (2007/2370) regret=0.030347 ape=0.4986
[15:02:45] warmStart 84% (2008/2370) regret=0.030347 ape=0.4986
[15:02:45] warmStart 84% (2009/2370) regret=0.030407 ape=0.4986
[15:02:45] warmStart 84% (2010/2370) regret=0.030330 ape=0.4977
[15:02:45] warmStart 84% (2011/2370) regret=0.030330 ape=0.4977
[15:02:45] warmStart 84% (2012/2370) regret=0.030330 ape=0.4977
[15:02:45] warmStart 84% (2013/2370) regret=0.030206 ape=0.4977
[15:02:46] warmStart 84% (2014/2370) regret=0.030358 ape=0.4977
[15:02:46] warmStart 85% (2015/2370) regret=0.030206 ape=0.4977
[15:02:46] warmStart 85% (2016/2370) regret=0.030206 ape=0.4977
[15:02:46] warmStart 85% (2017/2370) regret=0.030206 ape=0.4977
[15:02:46] warmStart 85% (2018/2370) regret=0.030206 ape=0.4977
[15:02:46] warmStart 85% (2019/2370) regret=0.030206 ape=0.4977
[15:02:46] warmStart 85% (2020/2370) regret=0.030206 ape=0.4977
[15:02:47] warmStart 85% (2021/2370) regret=0.030206 ape=0.4977
[15:02:47] warmStart 85% (2022/2370) regret=0.030206 ape=0.4977
[15:02:47] warmStart 85% (2023/2370) regret=0.030206 ape=0.4977
[15:02:47] warmStart 85% (2024/2370) regret=0.030206 ape=0.4977
[15:02:47] warmStart 85% (2025/2370) regret=0.030206 ape=0.4977
[15:02:47] warmStart 85% (2026/2370) regret=0.030206 ape=0.4977
[15:02:47] warmStart 85% (2027/2370) regret=0.030206 ape=0.4977
[15:02:48] warmStart 85% (2028/2370) regret=0.030206 ape=0.4977
[15:02:48] warmStart 85% (2029/2370) regret=0.030206 ape=0.4977
[15:02:48] warmStart 85% (2030/2370) regret=0.030206 ape=0.4977
[15:02:48] warmStart 85% (2031/2370) regret=0.030206 ape=0.4977
[15:02:48] warmStart 85% (2032/2370) regret=0.030206 ape=0.4977
[15:02:48] warmStart 85% (2033/2370) regret=0.030206 ape=0.4977
[15:02:48] warmStart 85% (2034/2370) regret=0.030206 ape=0.4977
[15:02:49] warmStart 85% (2035/2370) regret=0.030206 ape=0.4977
[15:02:49] warmStart 85% (2036/2370) regret=0.030206 ape=0.4977
[15:02:49] warmStart 85% (2037/2370) regret=0.030206 ape=0.4977
[15:02:49] warmStart 85% (2038/2370) regret=0.030206 ape=0.4977
[15:02:49] warmStart 86% (2039/2370) regret=0.030206 ape=0.4977
[15:02:49] warmStart 86% (2040/2370) regret=0.030206 ape=0.4977
[15:02:49] warmStart 86% (2041/2370) regret=0.030206 ape=0.4977
[15:02:49] warmStart 86% (2042/2370) regret=0.030206 ape=0.4977
[15:02:50] warmStart 86% (2043/2370) regret=0.030206 ape=0.4977
[15:02:50] warmStart 86% (2044/2370) regret=0.030206 ape=0.4977
[15:02:50] warmStart 86% (2045/2370) regret=0.030206 ape=0.4977
[15:02:50] warmStart 86% (2046/2370) regret=0.030206 ape=0.4977
[15:02:50] warmStart 86% (2047/2370) regret=0.030206 ape=0.4977
[15:02:50] warmStart 86% (2048/2370) regret=0.030206 ape=0.4977
[15:02:50] warmStart 86% (2049/2370) regret=0.030206 ape=0.4977
[15:02:51] warmStart 86% (2050/2370) regret=0.030206 ape=0.4977
[15:02:51] warmStart 86% (2051/2370) regret=0.030206 ape=0.4977
[15:02:51] warmStart 86% (2052/2370) regret=0.030206 ape=0.4977
[15:02:51] warmStart 86% (2053/2370) regret=0.030206 ape=0.4977
[15:02:51] warmStart 86% (2054/2370) regret=0.030206 ape=0.4977
[15:02:51] warmStart 86% (2055/2370) regret=0.030206 ape=0.4977
[15:02:51] warmStart 86% (2056/2370) regret=0.030206 ape=0.4977
[15:02:52] warmStart 86% (2057/2370) regret=0.030206 ape=0.4977
[15:02:52] warmStart 86% (2058/2370) regret=0.030206 ape=0.4977
[15:02:52] warmStart 86% (2059/2370) regret=0.030206 ape=0.4977
[15:02:52] warmStart 86% (2060/2370) regret=0.030206 ape=0.4977
[15:02:52] warmStart 86% (2061/2370) regret=0.030206 ape=0.4977
[15:02:52] warmStart 87% (2062/2370) regret=0.030206 ape=0.4977
[15:02:52] warmStart 87% (2063/2370) regret=0.030206 ape=0.4977
[15:02:52] warmStart 87% (2064/2370) regret=0.030206 ape=0.4977
[15:02:53] warmStart 87% (2065/2370) regret=0.030206 ape=0.4977
[15:02:53] warmStart 87% (2066/2370) regret=0.030206 ape=0.4977
[15:02:53] warmStart 87% (2067/2370) regret=0.030206 ape=0.4977
[15:02:53] warmStart 87% (2068/2370) regret=0.030248 ape=0.4977
[15:02:53] warmStart 87% (2069/2370) regret=0.030254 ape=0.4977
[15:02:53] warmStart 87% (2070/2370) regret=0.030248 ape=0.4977
[15:02:53] warmStart 87% (2071/2370) regret=0.030248 ape=0.4977
[15:02:54] warmStart 87% (2072/2370) regret=0.030248 ape=0.4977
[15:02:54] warmStart 87% (2073/2370) regret=0.030248 ape=0.4977
[15:02:54] warmStart 87% (2074/2370) regret=0.030248 ape=0.4977
[15:02:54] warmStart 87% (2075/2370) regret=0.030248 ape=0.4977
[15:02:54] warmStart 87% (2076/2370) regret=0.030248 ape=0.4977
[15:02:54] warmStart 87% (2077/2370) regret=0.030248 ape=0.4977
[15:02:54] warmStart 87% (2078/2370) regret=0.030211 ape=0.4977
[15:02:55] warmStart 87% (2079/2370) regret=0.030211 ape=0.4977
[15:02:55] warmStart 87% (2080/2370) regret=0.030184 ape=0.4977
[15:02:55] warmStart 87% (2081/2370) regret=0.030184 ape=0.4977
[15:02:55] warmStart 87% (2082/2370) regret=0.030202 ape=0.4977
[15:02:55] warmStart 87% (2083/2370) regret=0.030202 ape=0.4977
[15:02:55] warmStart 87% (2084/2370) regret=0.030202 ape=0.4977
[15:02:55] warmStart 87% (2085/2370) regret=0.030202 ape=0.4977
[15:02:56] warmStart 88% (2086/2370) regret=0.030202 ape=0.4977
[15:02:56] warmStart 88% (2087/2370) regret=0.030202 ape=0.4977
[15:02:56] warmStart 88% (2088/2370) regret=0.030202 ape=0.4977
[15:02:56] warmStart 88% (2089/2370) regret=0.030202 ape=0.4977
[15:02:56] warmStart 88% (2090/2370) regret=0.030202 ape=0.4977
[15:02:56] warmStart 88% (2091/2370) regret=0.030202 ape=0.4977
[15:02:57] warmStart 88% (2092/2370) regret=0.030202 ape=0.4977
[15:02:57] warmStart 88% (2093/2370) regret=0.030202 ape=0.4977
[15:02:57] warmStart 88% (2094/2370) regret=0.030202 ape=0.4977
[15:02:57] warmStart 88% (2095/2370) regret=0.030184 ape=0.4977
[15:02:57] warmStart 88% (2096/2370) regret=0.030184 ape=0.4977
[15:02:57] warmStart 88% (2097/2370) regret=0.030184 ape=0.4977
[15:02:57] warmStart 88% (2098/2370) regret=0.030202 ape=0.4986
[15:02:57] warmStart 88% (2099/2370) regret=0.030202 ape=0.4986
[15:02:58] warmStart 88% (2100/2370) regret=0.030230 ape=0.4986
[15:02:58] warmStart 88% (2101/2370) regret=0.030175 ape=0.4986
[15:02:58] warmStart 88% (2102/2370) regret=0.030175 ape=0.4986
[15:02:58] warmStart 88% (2103/2370) regret=0.030175 ape=0.4986
[15:02:58] warmStart 88% (2104/2370) regret=0.030175 ape=0.4986
[15:02:58] warmStart 88% (2105/2370) regret=0.030175 ape=0.4986
[15:02:58] warmStart 88% (2106/2370) regret=0.030175 ape=0.4986
[15:02:59] warmStart 88% (2107/2370) regret=0.030175 ape=0.4986
[15:02:59] warmStart 88% (2108/2370) regret=0.030175 ape=0.4986
[15:02:59] warmStart 88% (2109/2370) regret=0.030175 ape=0.4986
[15:02:59] warmStart 89% (2110/2370) regret=0.030175 ape=0.4986
[15:02:59] warmStart 89% (2111/2370) regret=0.030175 ape=0.4986
[15:02:59] warmStart 89% (2112/2370) regret=0.030138 ape=0.4986
[15:02:59] warmStart 89% (2113/2370) regret=0.030132 ape=0.4986
[15:03:00] warmStart 89% (2114/2370) regret=0.029994 ape=0.4986
[15:03:00] warmStart 89% (2115/2370) regret=0.030012 ape=0.4986
[15:03:00] warmStart 89% (2116/2370) regret=0.030012 ape=0.4986
[15:03:00] warmStart 89% (2117/2370) regret=0.030012 ape=0.4986
[15:03:00] warmStart 89% (2118/2370) regret=0.030012 ape=0.4986
[15:03:00] warmStart 89% (2119/2370) regret=0.030012 ape=0.4986
[15:03:01] warmStart 89% (2120/2370) regret=0.030104 ape=0.4986
[15:03:01] warmStart 89% (2121/2370) regret=0.030104 ape=0.4986
[15:03:01] warmStart 89% (2122/2370) regret=0.030109 ape=0.4986
[15:03:01] warmStart 89% (2123/2370) regret=0.030068 ape=0.4986
[15:03:01] warmStart 89% (2124/2370) regret=0.030068 ape=0.4986
[15:03:01] warmStart 89% (2125/2370) regret=0.030068 ape=0.4986
[15:03:01] warmStart 89% (2126/2370) regret=0.030068 ape=0.4986
[15:03:02] warmStart 89% (2127/2370) regret=0.030068 ape=0.4986
[15:03:02] warmStart 89% (2128/2370) regret=0.029672 ape=0.4977
[15:03:02] warmStart 89% (2129/2370) regret=0.029672 ape=0.4977
[15:03:02] warmStart 89% (2130/2370) regret=0.029441 ape=0.4968
[15:03:02] warmStart 89% (2131/2370) regret=0.029441 ape=0.4968
[15:03:02] warmStart 89% (2132/2370) regret=0.029441 ape=0.4968
[15:03:02] warmStart 90% (2133/2370) regret=0.029441 ape=0.4968
[15:03:03] warmStart 90% (2134/2370) regret=0.029441 ape=0.4968
[15:03:03] warmStart 90% (2135/2370) regret=0.029349 ape=0.4968
[15:03:03] warmStart 90% (2136/2370) regret=0.029349 ape=0.4968
[15:03:03] warmStart 90% (2137/2370) regret=0.029303 ape=0.4968
[15:03:03] warmStart 90% (2138/2370) regret=0.029349 ape=0.4968
[15:03:03] warmStart 90% (2139/2370) regret=0.029321 ape=0.4968
[15:03:03] warmStart 90% (2140/2370) regret=0.029266 ape=0.4968
[15:03:04] warmStart 90% (2141/2370) regret=0.029266 ape=0.4968
[15:03:04] warmStart 90% (2142/2370) regret=0.029266 ape=0.4968
[15:03:04] warmStart 90% (2143/2370) regret=0.029266 ape=0.4968
[15:03:04] warmStart 90% (2144/2370) regret=0.029266 ape=0.4968
[15:03:04] warmStart 90% (2145/2370) regret=0.029266 ape=0.4968
[15:03:04] warmStart 90% (2146/2370) regret=0.029266 ape=0.4968
[15:03:04] warmStart 90% (2147/2370) regret=0.029266 ape=0.4968
[15:03:05] warmStart 90% (2148/2370) regret=0.029155 ape=0.4968
[15:03:05] warmStart 90% (2149/2370) regret=0.029266 ape=0.4968
[15:03:05] warmStart 90% (2150/2370) regret=0.029266 ape=0.4968
[15:03:05] warmStart 90% (2151/2370) regret=0.029266 ape=0.4968
[15:03:05] warmStart 90% (2152/2370) regret=0.029266 ape=0.4968
[15:03:05] warmStart 90% (2153/2370) regret=0.029254 ape=0.4968
[15:03:05] warmStart 90% (2154/2370) regret=0.029254 ape=0.4968
[15:03:06] warmStart 90% (2155/2370) regret=0.029235 ape=0.4968
[15:03:06] warmStart 90% (2156/2370) regret=0.029291 ape=0.4968
[15:03:06] warmStart 91% (2157/2370) regret=0.029291 ape=0.4968
[15:03:06] warmStart 91% (2158/2370) regret=0.029291 ape=0.4968
[15:03:06] warmStart 91% (2159/2370) regret=0.029241 ape=0.4968
[15:03:06] warmStart 91% (2160/2370) regret=0.029241 ape=0.4968
[15:03:06] warmStart 91% (2161/2370) regret=0.029236 ape=0.4968
[15:03:07] warmStart 91% (2162/2370) regret=0.029236 ape=0.4968
[15:03:07] warmStart 91% (2163/2370) regret=0.029172 ape=0.4949
[15:03:07] warmStart 91% (2164/2370) regret=0.029213 ape=0.4959
[15:03:07] warmStart 91% (2165/2370) regret=0.029079 ape=0.4949
[15:03:07] warmStart 91% (2166/2370) regret=0.028937 ape=0.4940
[15:03:07] warmStart 91% (2167/2370) regret=0.028937 ape=0.4940
[15:03:07] warmStart 91% (2168/2370) regret=0.028937 ape=0.4940
[15:03:08] warmStart 91% (2169/2370) regret=0.028811 ape=0.4940
[15:03:08] warmStart 91% (2170/2370) regret=0.029041 ape=0.4940
[15:03:08] warmStart 91% (2171/2370) regret=0.029041 ape=0.4940
[15:03:08] warmStart 91% (2172/2370) regret=0.029023 ape=0.4940
[15:03:08] warmStart 91% (2173/2370) regret=0.029023 ape=0.4940
[15:03:08] warmStart 91% (2174/2370) regret=0.029023 ape=0.4940
[15:03:08] warmStart 91% (2175/2370) regret=0.029069 ape=0.4940
[15:03:09] warmStart 91% (2176/2370) regret=0.029069 ape=0.4940
[15:03:09] warmStart 91% (2177/2370) regret=0.029032 ape=0.4940
[15:03:09] warmStart 91% (2178/2370) regret=0.029069 ape=0.4940
[15:03:09] warmStart 91% (2179/2370) regret=0.028931 ape=0.4940
[15:03:09] warmStart 91% (2180/2370) regret=0.028931 ape=0.4940
[15:03:09] warmStart 92% (2181/2370) regret=0.028906 ape=0.4940
[15:03:09] warmStart 92% (2182/2370) regret=0.028906 ape=0.4940
[15:03:10] warmStart 92% (2183/2370) regret=0.028906 ape=0.4940
[15:03:10] warmStart 92% (2184/2370) regret=0.028796 ape=0.4931
[15:03:10] warmStart 92% (2185/2370) regret=0.028796 ape=0.4931
[15:03:10] warmStart 92% (2186/2370) regret=0.028796 ape=0.4931
[15:03:10] warmStart 92% (2187/2370) regret=0.028823 ape=0.4931
[15:03:10] warmStart 92% (2188/2370) regret=0.028823 ape=0.4931
[15:03:10] warmStart 92% (2189/2370) regret=0.028823 ape=0.4931
[15:03:11] warmStart 92% (2190/2370) regret=0.028823 ape=0.4931
[15:03:11] warmStart 92% (2191/2370) regret=0.028897 ape=0.4931
[15:03:11] warmStart 92% (2192/2370) regret=0.028897 ape=0.4931
[15:03:11] warmStart 92% (2193/2370) regret=0.028897 ape=0.4931
[15:03:11] warmStart 92% (2194/2370) regret=0.028897 ape=0.4931
[15:03:11] warmStart 92% (2195/2370) regret=0.028837 ape=0.4922
[15:03:12] warmStart 92% (2196/2370) regret=0.028897 ape=0.4931
[15:03:12] warmStart 92% (2197/2370) regret=0.028897 ape=0.4931
[15:03:12] warmStart 92% (2198/2370) regret=0.028897 ape=0.4931
[15:03:12] warmStart 92% (2199/2370) regret=0.028932 ape=0.4940
[15:03:12] warmStart 92% (2200/2370) regret=0.028932 ape=0.4940
[15:03:12] warmStart 92% (2201/2370) regret=0.028932 ape=0.4940
[15:03:12] warmStart 92% (2202/2370) regret=0.028932 ape=0.4940
[15:03:13] warmStart 92% (2203/2370) regret=0.028932 ape=0.4940
[15:03:13] warmStart 92% (2204/2370) regret=0.028932 ape=0.4940
[15:03:13] warmStart 93% (2205/2370) regret=0.028932 ape=0.4940
[15:03:13] warmStart 93% (2206/2370) regret=0.028932 ape=0.4940
[15:03:13] warmStart 93% (2207/2370) regret=0.028932 ape=0.4940
[15:03:13] warmStart 93% (2208/2370) regret=0.028932 ape=0.4940
[15:03:13] warmStart 93% (2209/2370) regret=0.028932 ape=0.4940
[15:03:14] warmStart 93% (2210/2370) regret=0.028932 ape=0.4940
[15:03:14] warmStart 93% (2211/2370) regret=0.028932 ape=0.4940
[15:03:14] warmStart 93% (2212/2370) regret=0.028932 ape=0.4940
[15:03:14] warmStart 93% (2213/2370) regret=0.028932 ape=0.4940
[15:03:14] warmStart 93% (2214/2370) regret=0.028932 ape=0.4940
[15:03:14] warmStart 93% (2215/2370) regret=0.028932 ape=0.4940
[15:03:14] warmStart 93% (2216/2370) regret=0.028932 ape=0.4940
[15:03:14] warmStart 93% (2217/2370) regret=0.028932 ape=0.4940
[15:03:15] warmStart 93% (2218/2370) regret=0.028932 ape=0.4940
[15:03:15] warmStart 93% (2219/2370) regret=0.028932 ape=0.4940
[15:03:15] warmStart 93% (2220/2370) regret=0.028932 ape=0.4940
[15:03:15] warmStart 93% (2221/2370) regret=0.028932 ape=0.4940
[15:03:15] warmStart 93% (2222/2370) regret=0.028932 ape=0.4940
[15:03:15] warmStart 93% (2223/2370) regret=0.028932 ape=0.4940
[15:03:15] warmStart 93% (2224/2370) regret=0.028932 ape=0.4940
[15:03:16] warmStart 93% (2225/2370) regret=0.028932 ape=0.4940
[15:03:16] warmStart 93% (2226/2370) regret=0.028932 ape=0.4940
[15:03:16] warmStart 93% (2227/2370) regret=0.028932 ape=0.4940
[15:03:16] warmStart 94% (2228/2370) regret=0.028932 ape=0.4940
[15:03:16] warmStart 94% (2229/2370) regret=0.028932 ape=0.4940
[15:03:16] warmStart 94% (2230/2370) regret=0.028932 ape=0.4940
[15:03:16] warmStart 94% (2231/2370) regret=0.028932 ape=0.4940
[15:03:17] warmStart 94% (2232/2370) regret=0.028932 ape=0.4940
[15:03:17] warmStart 94% (2233/2370) regret=0.028932 ape=0.4940
[15:03:17] warmStart 94% (2234/2370) regret=0.028932 ape=0.4940
[15:03:17] warmStart 94% (2235/2370) regret=0.028932 ape=0.4940
[15:03:17] warmStart 94% (2236/2370) regret=0.028932 ape=0.4940
[15:03:17] warmStart 94% (2237/2370) regret=0.028932 ape=0.4940
[15:03:17] warmStart 94% (2238/2370) regret=0.028932 ape=0.4940
[15:03:17] warmStart 94% (2239/2370) regret=0.028932 ape=0.4940
[15:03:18] warmStart 94% (2240/2370) regret=0.028932 ape=0.4940
[15:03:18] warmStart 94% (2241/2370) regret=0.028932 ape=0.4940
[15:03:18] warmStart 94% (2242/2370) regret=0.028932 ape=0.4940
[15:03:18] warmStart 94% (2243/2370) regret=0.028932 ape=0.4940
[15:03:18] warmStart 94% (2244/2370) regret=0.028932 ape=0.4940
[15:03:18] warmStart 94% (2245/2370) regret=0.028932 ape=0.4940
[15:03:18] warmStart 94% (2246/2370) regret=0.028932 ape=0.4940
[15:03:19] warmStart 94% (2247/2370) regret=0.028932 ape=0.4940
[15:03:19] warmStart 94% (2248/2370) regret=0.028932 ape=0.4940
[15:03:19] warmStart 94% (2249/2370) regret=0.028932 ape=0.4940
[15:03:19] warmStart 94% (2250/2370) regret=0.028932 ape=0.4940
[15:03:19] warmStart 94% (2251/2370) regret=0.028932 ape=0.4940
[15:03:19] warmStart 95% (2252/2370) regret=0.029015 ape=0.4940
[15:03:19] warmStart 95% (2253/2370) regret=0.029015 ape=0.4940
[15:03:19] warmStart 95% (2254/2370) regret=0.028932 ape=0.4931
[15:03:20] warmStart 95% (2255/2370) regret=0.029144 ape=0.4940
[15:03:20] warmStart 95% (2256/2370) regret=0.029144 ape=0.4940
[15:03:20] warmStart 95% (2257/2370) regret=0.029144 ape=0.4940
[15:03:20] warmStart 95% (2258/2370) regret=0.029144 ape=0.4940
[15:03:20] warmStart 95% (2259/2370) regret=0.029144 ape=0.4940
[15:03:20] warmStart 95% (2260/2370) regret=0.029144 ape=0.4940
[15:03:20] warmStart 95% (2261/2370) regret=0.029065 ape=0.4931
[15:03:21] warmStart 95% (2262/2370) regret=0.029065 ape=0.4931
[15:03:21] warmStart 95% (2263/2370) regret=0.028761 ape=0.4922
[15:03:21] warmStart 95% (2264/2370) regret=0.028761 ape=0.4922
[15:03:21] warmStart 95% (2265/2370) regret=0.028761 ape=0.4922
[15:03:21] warmStart 95% (2266/2370) regret=0.028890 ape=0.4922
[15:03:21] warmStart 95% (2267/2370) regret=0.028498 ape=0.4912
[15:03:21] warmStart 95% (2268/2370) regret=0.028761 ape=0.4922
[15:03:22] warmStart 95% (2269/2370) regret=0.028761 ape=0.4922
[15:03:22] warmStart 95% (2270/2370) regret=0.028772 ape=0.4922
[15:03:22] warmStart 95% (2271/2370) regret=0.028816 ape=0.4931
[15:03:22] warmStart 95% (2272/2370) regret=0.028816 ape=0.4931
[15:03:22] warmStart 95% (2273/2370) regret=0.028816 ape=0.4931
[15:03:22] warmStart 95% (2274/2370) regret=0.028816 ape=0.4931
[15:03:22] warmStart 95% (2275/2370) regret=0.028751 ape=0.4931
[15:03:23] warmStart 96% (2276/2370) regret=0.029202 ape=0.4940
[15:03:23] warmStart 96% (2277/2370) regret=0.028713 ape=0.4931
[15:03:23] warmStart 96% (2278/2370) regret=0.028751 ape=0.4931
[15:03:23] warmStart 96% (2279/2370) regret=0.028751 ape=0.4931
[15:03:23] warmStart 96% (2280/2370) regret=0.028751 ape=0.4931
[15:03:23] warmStart 96% (2281/2370) regret=0.028751 ape=0.4931
[15:03:23] warmStart 96% (2282/2370) regret=0.028778 ape=0.4940
[15:03:24] warmStart 96% (2283/2370) regret=0.028861 ape=0.4931
[15:03:24] warmStart 96% (2284/2370) regret=0.028806 ape=0.4931
[15:03:24] warmStart 96% (2285/2370) regret=0.028649 ape=0.4922
[15:03:24] warmStart 96% (2286/2370) regret=0.028649 ape=0.4922
[15:03:24] warmStart 96% (2287/2370) regret=0.028649 ape=0.4922
[15:03:24] warmStart 96% (2288/2370) regret=0.028649 ape=0.4922
[15:03:24] warmStart 96% (2289/2370) regret=0.028649 ape=0.4922
[15:03:25] warmStart 96% (2290/2370) regret=0.028649 ape=0.4922
[15:03:25] warmStart 96% (2291/2370) regret=0.028649 ape=0.4922
[15:03:25] warmStart 96% (2292/2370) regret=0.028649 ape=0.4922
[15:03:25] warmStart 96% (2293/2370) regret=0.028649 ape=0.4922
[15:03:25] warmStart 96% (2294/2370) regret=0.028649 ape=0.4922
[15:03:25] warmStart 96% (2295/2370) regret=0.028649 ape=0.4922
[15:03:25] warmStart 96% (2296/2370) regret=0.028649 ape=0.4922
[15:03:26] warmStart 96% (2297/2370) regret=0.028649 ape=0.4922
[15:03:26] warmStart 96% (2298/2370) regret=0.028649 ape=0.4922
[15:03:26] warmStart 97% (2299/2370) regret=0.028649 ape=0.4922
[15:03:26] warmStart 97% (2300/2370) regret=0.028649 ape=0.4922
[15:03:26] warmStart 97% (2301/2370) regret=0.028649 ape=0.4922
[15:03:26] warmStart 97% (2302/2370) regret=0.028649 ape=0.4922
[15:03:26] warmStart 97% (2303/2370) regret=0.028649 ape=0.4922
[15:03:27] warmStart 97% (2304/2370) regret=0.028649 ape=0.4922
[15:03:27] warmStart 97% (2305/2370) regret=0.028649 ape=0.4922
[15:03:27] warmStart 97% (2306/2370) regret=0.028649 ape=0.4922
[15:03:27] warmStart 97% (2307/2370) regret=0.028649 ape=0.4922
[15:03:27] warmStart 97% (2308/2370) regret=0.028649 ape=0.4922
[15:03:27] warmStart 97% (2309/2370) regret=0.028649 ape=0.4922
[15:03:27] warmStart 97% (2310/2370) regret=0.028649 ape=0.4922
[15:03:28] warmStart 97% (2311/2370) regret=0.028649 ape=0.4922
[15:03:28] warmStart 97% (2312/2370) regret=0.028649 ape=0.4922
[15:03:28] warmStart 97% (2313/2370) regret=0.028649 ape=0.4922
[15:03:28] warmStart 97% (2314/2370) regret=0.028649 ape=0.4922
[15:03:28] warmStart 97% (2315/2370) regret=0.028649 ape=0.4922
[15:03:28] warmStart 97% (2316/2370) regret=0.028649 ape=0.4922
[15:03:28] warmStart 97% (2317/2370) regret=0.028649 ape=0.4922
[15:03:29] warmStart 97% (2318/2370) regret=0.028649 ape=0.4922
[15:03:29] warmStart 97% (2319/2370) regret=0.028649 ape=0.4922
[15:03:29] warmStart 97% (2320/2370) regret=0.028649 ape=0.4922
[15:03:29] warmStart 97% (2321/2370) regret=0.028649 ape=0.4922
[15:03:29] warmStart 97% (2322/2370) regret=0.028649 ape=0.4922
[15:03:29] warmStart 98% (2323/2370) regret=0.028603 ape=0.4912
[15:03:29] warmStart 98% (2324/2370) regret=0.028603 ape=0.4912
[15:03:30] warmStart 98% (2325/2370) regret=0.028603 ape=0.4912
[15:03:30] warmStart 98% (2326/2370) regret=0.028603 ape=0.4912
[15:03:30] warmStart 98% (2327/2370) regret=0.028603 ape=0.4912
[15:03:30] warmStart 98% (2328/2370) regret=0.028602 ape=0.4912
[15:03:30] warmStart 98% (2329/2370) regret=0.028602 ape=0.4912
[15:03:30] warmStart 98% (2330/2370) regret=0.028602 ape=0.4912
[15:03:30] warmStart 98% (2331/2370) regret=0.028602 ape=0.4912
[15:03:31] warmStart 98% (2332/2370) regret=0.028675 ape=0.4912
[15:03:31] warmStart 98% (2333/2370) regret=0.028519 ape=0.4912
[15:03:31] warmStart 98% (2334/2370) regret=0.028519 ape=0.4912
[15:03:31] warmStart 98% (2335/2370) regret=0.028519 ape=0.4912
[15:03:31] warmStart 98% (2336/2370) regret=0.028519 ape=0.4912
[15:03:31] warmStart 98% (2337/2370) regret=0.028528 ape=0.4912
[15:03:31] warmStart 98% (2338/2370) regret=0.028394 ape=0.4903
[15:03:32] warmStart 98% (2339/2370) regret=0.028394 ape=0.4903
[15:03:32] warmStart 98% (2340/2370) regret=0.028394 ape=0.4903
[15:03:32] warmStart 98% (2341/2370) regret=0.028394 ape=0.4903
[15:03:32] warmStart 98% (2342/2370) regret=0.028155 ape=0.4894
[15:03:32] warmStart 98% (2343/2370) regret=0.028127 ape=0.4885
[15:03:32] warmStart 98% (2344/2370) regret=0.028127 ape=0.4885
[15:03:32] warmStart 98% (2345/2370) regret=0.028652 ape=0.4894
[15:03:33] warmStart 98% (2346/2370) regret=0.028127 ape=0.4885
[15:03:33] warmStart 99% (2347/2370) regret=0.028127 ape=0.4885
[15:03:33] warmStart 99% (2348/2370) regret=0.028127 ape=0.4885
[15:03:33] warmStart 99% (2349/2370) regret=0.028127 ape=0.4885
[15:03:33] warmStart 99% (2350/2370) regret=0.028127 ape=0.4885
[15:03:33] warmStart 99% (2351/2370) regret=0.028127 ape=0.4885
[15:03:33] warmStart 99% (2352/2370) regret=0.028084 ape=0.4885
[15:03:34] warmStart 99% (2353/2370) regret=0.028104 ape=0.4885
[15:03:34] warmStart 99% (2354/2370) regret=0.028104 ape=0.4885
[15:03:34] warmStart 99% (2355/2370) regret=0.028086 ape=0.4876
[15:03:34] warmStart 99% (2356/2370) regret=0.028086 ape=0.4876
[15:03:34] warmStart 99% (2357/2370) regret=0.028086 ape=0.4876
[15:03:34] warmStart 99% (2358/2370) regret=0.028086 ape=0.4876
[15:03:34] warmStart 99% (2359/2370) regret=0.028086 ape=0.4876
[15:03:35] warmStart 99% (2360/2370) regret=0.028086 ape=0.4876
[15:03:35] warmStart 99% (2361/2370) regret=0.028086 ape=0.4876
[15:03:35] warmStart 99% (2362/2370) regret=0.028086 ape=0.4876
[15:03:35] warmStart 99% (2363/2370) regret=0.028053 ape=0.4866
[15:03:35] warmStart 99% (2364/2370) regret=0.028053 ape=0.4866
[15:03:35] warmStart 99% (2365/2370) regret=0.028058 ape=0.4866
[15:03:35] warmStart 99% (2366/2370) regret=0.028053 ape=0.4866
[15:03:35] warmStart 99% (2367/2370) regret=0.028053 ape=0.4866
[15:03:36] warmStart 99% (2368/2370) regret=0.028101 ape=0.4866
Warm w=100 finished: 2369 points, 334.32s wall time
  Final: regret=0.028101, ape=0.4866

Saved JSON: /home/users/g/s/gsavary/LudiiMCTSVariations/slurm_sweep_full_dataset/results_20260425_145739/sweep_warm_100_3_20260425_150336.json

Generating plots...
Saved regret plot: /home/users/g/s/gsavary/LudiiMCTSVariations/slurm_sweep_full_dataset/results_20260425_145739/sweep_warm_100_3_20260425_150336_regret.png
Saved APE plot: /home/users/g/s/gsavary/LudiiMCTSVariations/slurm_sweep_full_dataset/results_20260425_145739/sweep_warm_100_3_20260425_150336_ape.png

======================================================================
EXPERIMENT COMPLETE
======================================================================
Results saved to: /home/users/g/s/gsavary/LudiiMCTSVariations/slurm_sweep_full_dataset/results_20260425_145739
JSON file: sweep_warm_100_3_20260425_150336.json
Experiment finished. Results saved to: /home/users/g/s/gsavary/LudiiMCTSVariations/slurm_sweep_full_dataset/results_20260425_145739
