Starting experiment...
Project root: /home/users/g/s/gsavary/LudiiMCTSVariations
Method: warm:100
Output dir: /home/users/g/s/gsavary/LudiiMCTSVariations/slurm_sweep_full_dataset/results_20260425_214312
Seed: 3
Time limit:  seconds


======================================================================
SLURM Sweep Experiment - Single Method
======================================================================
Method: warm:100
Time limit: 7200.0s, Seed: 3, Batch size: 20
Output directory: /home/users/g/s/gsavary/LudiiMCTSVariations/slurm_sweep_full_dataset/results_20260425_214312

Loading Ludii dataset...
Loaded 1085 games
Using 1085 games (full dataset, no subsampling)

Running timing probe (100 pulls)...
  Estimated secs/pull: 0.027448

Time budget: 7200.0s → ~262311 total pulls
Per-method budget: 37473 pulls (~1028.6s)

Computing predictor-only performance...
  Predictions loaded: 23675 agent predictions
  Predictor-only: regret=0.104318, ape=0.4894

Running WARM-START (w=100)...
[21:43:52] warmStart 0% (0/1874) regret=0.107422 ape=0.5834
[21:43:53] warmStart 0% (1/1874) regret=0.107422 ape=0.5834
[21:43:53] warmStart 0% (2/1874) regret=0.107422 ape=0.5834
[21:43:53] warmStart 0% (3/1874) regret=0.107422 ape=0.5834
[21:43:54] warmStart 0% (4/1874) regret=0.107422 ape=0.5834
[21:43:54] warmStart 0% (5/1874) regret=0.107422 ape=0.5834
[21:43:54] warmStart 0% (6/1874) regret=0.107422 ape=0.5834
[21:43:54] warmStart 0% (7/1874) regret=0.107468 ape=0.5834
[21:43:54] warmStart 0% (8/1874) regret=0.107468 ape=0.5834
[21:43:55] warmStart 0% (9/1874) regret=0.107509 ape=0.5843
[21:43:55] warmStart 0% (10/1874) regret=0.107509 ape=0.5843
[21:43:55] warmStart 0% (11/1874) regret=0.107509 ape=0.5843
[21:43:55] warmStart 0% (12/1874) regret=0.107509 ape=0.5843
[21:43:55] warmStart 0% (13/1874) regret=0.107509 ape=0.5843
[21:43:56] warmStart 0% (14/1874) regret=0.107509 ape=0.5843
[21:43:56] warmStart 0% (15/1874) regret=0.107508 ape=0.5843
[21:43:56] warmStart 0% (16/1874) regret=0.107468 ape=0.5834
[21:43:56] warmStart 0% (17/1874) regret=0.107468 ape=0.5834
[21:43:57] warmStart 0% (18/1874) regret=0.107468 ape=0.5834
[21:43:57] warmStart 1% (19/1874) regret=0.107468 ape=0.5834
[21:43:57] warmStart 1% (20/1874) regret=0.107468 ape=0.5834
[21:43:57] warmStart 1% (21/1874) regret=0.107468 ape=0.5834
[21:43:58] warmStart 1% (22/1874) regret=0.107468 ape=0.5834
[21:43:58] warmStart 1% (23/1874) regret=0.107468 ape=0.5834
[21:43:58] warmStart 1% (24/1874) regret=0.107468 ape=0.5834
[21:43:58] warmStart 1% (25/1874) regret=0.107468 ape=0.5834
[21:43:58] warmStart 1% (26/1874) regret=0.107468 ape=0.5834
[21:43:59] warmStart 1% (27/1874) regret=0.107468 ape=0.5834
[21:43:59] warmStart 1% (28/1874) regret=0.107468 ape=0.5834
[21:43:59] warmStart 1% (29/1874) regret=0.107468 ape=0.5834
[21:44:00] warmStart 1% (30/1874) regret=0.107468 ape=0.5834
[21:44:00] warmStart 1% (31/1874) regret=0.107468 ape=0.5834
[21:44:00] warmStart 1% (32/1874) regret=0.107468 ape=0.5834
[21:44:00] warmStart 1% (33/1874) regret=0.107468 ape=0.5834
[21:44:00] warmStart 1% (34/1874) regret=0.107468 ape=0.5834
[21:44:01] warmStart 1% (35/1874) regret=0.107468 ape=0.5834
[21:44:01] warmStart 1% (36/1874) regret=0.107468 ape=0.5834
[21:44:01] warmStart 1% (37/1874) regret=0.107468 ape=0.5834
[21:44:01] warmStart 2% (38/1874) regret=0.107468 ape=0.5834
[21:44:02] warmStart 2% (39/1874) regret=0.107468 ape=0.5834
[21:44:02] warmStart 2% (40/1874) regret=0.106804 ape=0.5825
[21:44:02] warmStart 2% (41/1874) regret=0.106708 ape=0.5816
[21:44:02] warmStart 2% (42/1874) regret=0.106708 ape=0.5816
[21:44:03] warmStart 2% (43/1874) regret=0.106708 ape=0.5816
[21:44:03] warmStart 2% (44/1874) regret=0.106708 ape=0.5816
[21:44:03] warmStart 2% (45/1874) regret=0.106708 ape=0.5816
[21:44:03] warmStart 2% (46/1874) regret=0.106708 ape=0.5816
[21:44:03] warmStart 2% (47/1874) regret=0.106708 ape=0.5816
[21:44:04] warmStart 2% (48/1874) regret=0.106708 ape=0.5816
[21:44:04] warmStart 2% (49/1874) regret=0.106708 ape=0.5816
[21:44:04] warmStart 2% (50/1874) regret=0.106708 ape=0.5816
[21:44:04] warmStart 2% (51/1874) regret=0.106710 ape=0.5816
[21:44:04] warmStart 2% (52/1874) regret=0.106710 ape=0.5816
[21:44:05] warmStart 2% (53/1874) regret=0.106710 ape=0.5816
[21:44:05] warmStart 2% (54/1874) regret=0.106710 ape=0.5816
[21:44:05] warmStart 2% (55/1874) regret=0.106710 ape=0.5816
[21:44:05] warmStart 2% (56/1874) regret=0.106710 ape=0.5816
[21:44:05] warmStart 3% (57/1874) regret=0.106710 ape=0.5816
[21:44:06] warmStart 3% (58/1874) regret=0.106710 ape=0.5816
[21:44:06] warmStart 3% (59/1874) regret=0.106710 ape=0.5816
[21:44:06] warmStart 3% (60/1874) regret=0.106710 ape=0.5816
[21:44:06] warmStart 3% (61/1874) regret=0.106710 ape=0.5816
[21:44:07] warmStart 3% (62/1874) regret=0.106710 ape=0.5816
[21:44:07] warmStart 3% (63/1874) regret=0.106710 ape=0.5816
[21:44:07] warmStart 3% (64/1874) regret=0.106710 ape=0.5816
[21:44:07] warmStart 3% (65/1874) regret=0.106710 ape=0.5816
[21:44:08] warmStart 3% (66/1874) regret=0.106710 ape=0.5816
[21:44:08] warmStart 3% (67/1874) regret=0.106691 ape=0.5816
[21:44:08] warmStart 3% (68/1874) regret=0.106691 ape=0.5816
[21:44:08] warmStart 3% (69/1874) regret=0.106691 ape=0.5816
[21:44:09] warmStart 3% (70/1874) regret=0.106691 ape=0.5816
[21:44:09] warmStart 3% (71/1874) regret=0.106733 ape=0.5825
[21:44:09] warmStart 3% (72/1874) regret=0.106733 ape=0.5825
[21:44:09] warmStart 3% (73/1874) regret=0.106659 ape=0.5825
[21:44:10] warmStart 3% (74/1874) regret=0.106618 ape=0.5816
[21:44:10] warmStart 4% (75/1874) regret=0.106618 ape=0.5816
[21:44:10] warmStart 4% (76/1874) regret=0.106618 ape=0.5816
[21:44:10] warmStart 4% (77/1874) regret=0.106618 ape=0.5816
[21:44:11] warmStart 4% (78/1874) regret=0.105797 ape=0.5806
[21:44:11] warmStart 4% (79/1874) regret=0.105797 ape=0.5806
[21:44:11] warmStart 4% (80/1874) regret=0.105871 ape=0.5806
[21:44:11] warmStart 4% (81/1874) regret=0.105797 ape=0.5806
[21:44:12] warmStart 4% (82/1874) regret=0.105797 ape=0.5806
[21:44:12] warmStart 4% (83/1874) regret=0.105797 ape=0.5806
[21:44:12] warmStart 4% (84/1874) regret=0.105797 ape=0.5806
[21:44:12] warmStart 4% (85/1874) regret=0.105839 ape=0.5816
[21:44:12] warmStart 4% (86/1874) regret=0.105756 ape=0.5816
[21:44:13] warmStart 4% (87/1874) regret=0.105848 ape=0.5816
[21:44:13] warmStart 4% (88/1874) regret=0.105848 ape=0.5816
[21:44:13] warmStart 4% (89/1874) regret=0.105807 ape=0.5806
[21:44:13] warmStart 4% (90/1874) regret=0.105807 ape=0.5806
[21:44:13] warmStart 4% (91/1874) regret=0.105807 ape=0.5806
[21:44:14] warmStart 4% (92/1874) regret=0.105807 ape=0.5806
[21:44:14] warmStart 4% (93/1874) regret=0.105807 ape=0.5806
[21:44:14] warmStart 5% (94/1874) regret=0.105807 ape=0.5806
[21:44:14] warmStart 5% (95/1874) regret=0.105807 ape=0.5806
[21:44:15] warmStart 5% (96/1874) regret=0.105807 ape=0.5806
[21:44:15] warmStart 5% (97/1874) regret=0.106079 ape=0.5806
[21:44:15] warmStart 5% (98/1874) regret=0.106082 ape=0.5816
[21:44:15] warmStart 5% (99/1874) regret=0.106082 ape=0.5816
[21:44:16] warmStart 5% (100/1874) regret=0.106052 ape=0.5806
[21:44:16] warmStart 5% (101/1874) regret=0.106052 ape=0.5806
[21:44:16] warmStart 5% (102/1874) regret=0.106052 ape=0.5806
[21:44:16] warmStart 5% (103/1874) regret=0.106094 ape=0.5816
[21:44:17] warmStart 5% (104/1874) regret=0.106094 ape=0.5816
[21:44:17] warmStart 5% (105/1874) regret=0.106094 ape=0.5816
[21:44:17] warmStart 5% (106/1874) regret=0.106052 ape=0.5806
[21:44:17] warmStart 5% (107/1874) regret=0.106052 ape=0.5806
[21:44:18] warmStart 5% (108/1874) regret=0.105951 ape=0.5806
[21:44:18] warmStart 5% (109/1874) regret=0.106052 ape=0.5806
[21:44:18] warmStart 5% (110/1874) regret=0.106052 ape=0.5806
[21:44:18] warmStart 5% (111/1874) regret=0.106052 ape=0.5806
[21:44:18] warmStart 5% (112/1874) regret=0.106052 ape=0.5806
[21:44:19] warmStart 6% (113/1874) regret=0.106052 ape=0.5806
[21:44:19] warmStart 6% (114/1874) regret=0.106052 ape=0.5806
[21:44:19] warmStart 6% (115/1874) regret=0.106052 ape=0.5806
[21:44:19] warmStart 6% (116/1874) regret=0.106052 ape=0.5806
[21:44:20] warmStart 6% (117/1874) regret=0.106052 ape=0.5806
[21:44:20] warmStart 6% (118/1874) regret=0.105951 ape=0.5806
[21:44:20] warmStart 6% (119/1874) regret=0.105951 ape=0.5806
[21:44:20] warmStart 6% (120/1874) regret=0.105951 ape=0.5806
[21:44:20] warmStart 6% (121/1874) regret=0.105951 ape=0.5806
[21:44:21] warmStart 6% (122/1874) regret=0.105951 ape=0.5806
[21:44:21] warmStart 6% (123/1874) regret=0.105951 ape=0.5806
[21:44:21] warmStart 6% (124/1874) regret=0.105951 ape=0.5806
[21:44:21] warmStart 6% (125/1874) regret=0.105951 ape=0.5806
[21:44:22] warmStart 6% (126/1874) regret=0.105444 ape=0.5797
[21:44:22] warmStart 6% (127/1874) regret=0.105433 ape=0.5788
[21:44:22] warmStart 6% (128/1874) regret=0.105444 ape=0.5797
[21:44:22] warmStart 6% (129/1874) regret=0.105444 ape=0.5797
[21:44:23] warmStart 6% (130/1874) regret=0.105444 ape=0.5797
[21:44:23] warmStart 6% (131/1874) regret=0.105444 ape=0.5797
[21:44:23] warmStart 7% (132/1874) regret=0.105444 ape=0.5797
[21:44:23] warmStart 7% (133/1874) regret=0.105444 ape=0.5797
[21:44:23] warmStart 7% (134/1874) regret=0.105443 ape=0.5797
[21:44:24] warmStart 7% (135/1874) regret=0.105444 ape=0.5797
[21:44:24] warmStart 7% (136/1874) regret=0.105444 ape=0.5797
[21:44:24] warmStart 7% (137/1874) regret=0.105444 ape=0.5797
[21:44:24] warmStart 7% (138/1874) regret=0.105444 ape=0.5797
[21:44:25] warmStart 7% (139/1874) regret=0.105444 ape=0.5797
[21:44:25] warmStart 7% (140/1874) regret=0.105421 ape=0.5797
[21:44:25] warmStart 7% (141/1874) regret=0.105444 ape=0.5797
[21:44:25] warmStart 7% (142/1874) regret=0.105444 ape=0.5797
[21:44:25] warmStart 7% (143/1874) regret=0.105444 ape=0.5797
[21:44:25] warmStart 7% (144/1874) regret=0.105237 ape=0.5788
[21:44:26] warmStart 7% (145/1874) regret=0.105237 ape=0.5788
[21:44:26] warmStart 7% (146/1874) regret=0.105218 ape=0.5788
[21:44:26] warmStart 7% (147/1874) regret=0.105218 ape=0.5788
[21:44:26] warmStart 7% (148/1874) regret=0.104638 ape=0.5788
[21:44:26] warmStart 7% (149/1874) regret=0.104638 ape=0.5788
[21:44:27] warmStart 8% (150/1874) regret=0.104638 ape=0.5788
[21:44:27] warmStart 8% (151/1874) regret=0.104638 ape=0.5788
[21:44:27] warmStart 8% (152/1874) regret=0.104638 ape=0.5788
[21:44:27] warmStart 8% (153/1874) regret=0.104638 ape=0.5788
[21:44:28] warmStart 8% (154/1874) regret=0.104638 ape=0.5788
[21:44:28] warmStart 8% (155/1874) regret=0.104626 ape=0.5779
[21:44:28] warmStart 8% (156/1874) regret=0.104638 ape=0.5788
[21:44:28] warmStart 8% (157/1874) regret=0.104638 ape=0.5788
[21:44:28] warmStart 8% (158/1874) regret=0.104638 ape=0.5788
[21:44:29] warmStart 8% (159/1874) regret=0.104638 ape=0.5788
[21:44:29] warmStart 8% (160/1874) regret=0.104638 ape=0.5788
[21:44:29] warmStart 8% (161/1874) regret=0.104638 ape=0.5788
[21:44:29] warmStart 8% (162/1874) regret=0.104638 ape=0.5788
[21:44:30] warmStart 8% (163/1874) regret=0.104638 ape=0.5788
[21:44:30] warmStart 8% (164/1874) regret=0.104638 ape=0.5788
[21:44:30] warmStart 8% (165/1874) regret=0.104638 ape=0.5788
[21:44:30] warmStart 8% (166/1874) regret=0.104628 ape=0.5788
[21:44:31] warmStart 8% (167/1874) regret=0.104624 ape=0.5788
[21:44:31] warmStart 8% (168/1874) regret=0.104638 ape=0.5788
[21:44:31] warmStart 9% (169/1874) regret=0.104108 ape=0.5779
[21:44:31] warmStart 9% (170/1874) regret=0.104108 ape=0.5779
[21:44:32] warmStart 9% (171/1874) regret=0.104108 ape=0.5779
[21:44:32] warmStart 9% (172/1874) regret=0.104126 ape=0.5779
[21:44:32] warmStart 9% (173/1874) regret=0.104108 ape=0.5779
[21:44:32] warmStart 9% (174/1874) regret=0.104108 ape=0.5779
[21:44:32] warmStart 9% (175/1874) regret=0.103856 ape=0.5779
[21:44:33] warmStart 9% (176/1874) regret=0.103856 ape=0.5779
[21:44:33] warmStart 9% (177/1874) regret=0.103856 ape=0.5779
[21:44:33] warmStart 9% (178/1874) regret=0.103856 ape=0.5779
[21:44:33] warmStart 9% (179/1874) regret=0.103900 ape=0.5779
[21:44:34] warmStart 9% (180/1874) regret=0.104227 ape=0.5779
[21:44:34] warmStart 9% (181/1874) regret=0.104204 ape=0.5779
[21:44:34] warmStart 9% (182/1874) regret=0.104227 ape=0.5779
[21:44:34] warmStart 9% (183/1874) regret=0.104227 ape=0.5779
[21:44:35] warmStart 9% (184/1874) regret=0.104227 ape=0.5779
[21:44:35] warmStart 9% (185/1874) regret=0.104227 ape=0.5779
[21:44:35] warmStart 9% (186/1874) regret=0.104227 ape=0.5779
[21:44:35] warmStart 9% (187/1874) regret=0.104194 ape=0.5770
[21:44:36] warmStart 10% (188/1874) regret=0.104227 ape=0.5779
[21:44:36] warmStart 10% (189/1874) regret=0.104227 ape=0.5779
[21:44:36] warmStart 10% (190/1874) regret=0.104227 ape=0.5779
[21:44:36] warmStart 10% (191/1874) regret=0.104227 ape=0.5779
[21:44:36] warmStart 10% (192/1874) regret=0.104227 ape=0.5779
[21:44:37] warmStart 10% (193/1874) regret=0.104227 ape=0.5779
[21:44:37] warmStart 10% (194/1874) regret=0.104227 ape=0.5779
[21:44:37] warmStart 10% (195/1874) regret=0.103379 ape=0.5770
[21:44:37] warmStart 10% (196/1874) regret=0.103379 ape=0.5770
[21:44:38] warmStart 10% (197/1874) regret=0.103379 ape=0.5770
[21:44:38] warmStart 10% (198/1874) regret=0.103379 ape=0.5770
[21:44:38] warmStart 10% (199/1874) regret=0.103356 ape=0.5770
[21:44:38] warmStart 10% (200/1874) regret=0.103379 ape=0.5770
[21:44:38] warmStart 10% (201/1874) regret=0.103379 ape=0.5770
[21:44:39] warmStart 10% (202/1874) regret=0.103379 ape=0.5770
[21:44:39] warmStart 10% (203/1874) regret=0.103370 ape=0.5770
[21:44:39] warmStart 10% (204/1874) regret=0.103379 ape=0.5770
[21:44:39] warmStart 10% (205/1874) regret=0.102457 ape=0.5760
[21:44:40] warmStart 10% (206/1874) regret=0.102457 ape=0.5760
[21:44:40] warmStart 11% (207/1874) regret=0.102457 ape=0.5760
[21:44:40] warmStart 11% (208/1874) regret=0.102457 ape=0.5760
[21:44:40] warmStart 11% (209/1874) regret=0.102674 ape=0.5760
[21:44:41] warmStart 11% (210/1874) regret=0.102430 ape=0.5760
[21:44:41] warmStart 11% (211/1874) regret=0.102448 ape=0.5760
[21:44:41] warmStart 11% (212/1874) regret=0.102660 ape=0.5760
[21:44:41] warmStart 11% (213/1874) regret=0.102448 ape=0.5760
[21:44:42] warmStart 11% (214/1874) regret=0.102448 ape=0.5760
[21:44:42] warmStart 11% (215/1874) regret=0.102448 ape=0.5760
[21:44:42] warmStart 11% (216/1874) regret=0.102448 ape=0.5760
[21:44:42] warmStart 11% (217/1874) regret=0.102448 ape=0.5760
[21:44:43] warmStart 11% (218/1874) regret=0.102448 ape=0.5760
[21:44:43] warmStart 11% (219/1874) regret=0.102448 ape=0.5760
[21:44:43] warmStart 11% (220/1874) regret=0.102448 ape=0.5760
[21:44:43] warmStart 11% (221/1874) regret=0.102526 ape=0.5760
[21:44:44] warmStart 11% (222/1874) regret=0.102406 ape=0.5760
[21:44:44] warmStart 11% (223/1874) regret=0.102300 ape=0.5751
[21:44:44] warmStart 11% (224/1874) regret=0.102300 ape=0.5751
[21:44:44] warmStart 12% (225/1874) regret=0.102291 ape=0.5751
[21:44:44] warmStart 12% (226/1874) regret=0.102291 ape=0.5751
[21:44:45] warmStart 12% (227/1874) regret=0.101950 ape=0.5742
[21:44:45] warmStart 12% (228/1874) regret=0.101950 ape=0.5742
[21:44:45] warmStart 12% (229/1874) regret=0.101950 ape=0.5742
[21:44:45] warmStart 12% (230/1874) regret=0.101941 ape=0.5742
[21:44:46] warmStart 12% (231/1874) regret=0.101941 ape=0.5742
[21:44:46] warmStart 12% (232/1874) regret=0.101941 ape=0.5742
[21:44:46] warmStart 12% (233/1874) regret=0.101941 ape=0.5742
[21:44:46] warmStart 12% (234/1874) regret=0.101895 ape=0.5733
[21:44:46] warmStart 12% (235/1874) regret=0.101895 ape=0.5733
[21:44:46] warmStart 12% (236/1874) regret=0.101895 ape=0.5733
[21:44:47] warmStart 12% (237/1874) regret=0.101895 ape=0.5733
[21:44:47] warmStart 12% (238/1874) regret=0.101895 ape=0.5733
[21:44:47] warmStart 12% (239/1874) regret=0.101861 ape=0.5733
[21:44:47] warmStart 12% (240/1874) regret=0.101895 ape=0.5733
[21:44:47] warmStart 12% (241/1874) regret=0.101065 ape=0.5733
[21:44:48] warmStart 12% (242/1874) regret=0.101065 ape=0.5733
[21:44:48] warmStart 12% (243/1874) regret=0.101075 ape=0.5733
[21:44:48] warmStart 13% (244/1874) regret=0.101093 ape=0.5733
[21:44:48] warmStart 13% (245/1874) regret=0.101075 ape=0.5733
[21:44:49] warmStart 13% (246/1874) regret=0.100651 ape=0.5733
[21:44:49] warmStart 13% (247/1874) regret=0.100651 ape=0.5733
[21:44:49] warmStart 13% (248/1874) regret=0.100651 ape=0.5733
[21:44:49] warmStart 13% (249/1874) regret=0.100651 ape=0.5733
[21:44:50] warmStart 13% (250/1874) regret=0.100651 ape=0.5733
[21:44:50] warmStart 13% (251/1874) regret=0.100651 ape=0.5733
[21:44:50] warmStart 13% (252/1874) regret=0.100356 ape=0.5733
[21:44:50] warmStart 13% (253/1874) regret=0.100356 ape=0.5733
[21:44:51] warmStart 13% (254/1874) regret=0.100356 ape=0.5733
[21:44:51] warmStart 13% (255/1874) regret=0.100356 ape=0.5733
[21:44:51] warmStart 13% (256/1874) regret=0.100356 ape=0.5733
[21:44:51] warmStart 13% (257/1874) regret=0.100356 ape=0.5733
[21:44:51] warmStart 13% (258/1874) regret=0.100356 ape=0.5733
[21:44:52] warmStart 13% (259/1874) regret=0.100356 ape=0.5733
[21:44:52] warmStart 13% (260/1874) regret=0.100347 ape=0.5733
[21:44:52] warmStart 13% (261/1874) regret=0.100347 ape=0.5733
[21:44:52] warmStart 13% (262/1874) regret=0.100347 ape=0.5733
[21:44:53] warmStart 14% (263/1874) regret=0.100347 ape=0.5733
[21:44:53] warmStart 14% (264/1874) regret=0.100347 ape=0.5733
[21:44:53] warmStart 14% (265/1874) regret=0.100379 ape=0.5733
[21:44:53] warmStart 14% (266/1874) regret=0.100642 ape=0.5742
[21:44:53] warmStart 14% (267/1874) regret=0.100425 ape=0.5733
[21:44:54] warmStart 14% (268/1874) regret=0.100310 ape=0.5724
[21:44:54] warmStart 14% (269/1874) regret=0.100310 ape=0.5724
[21:44:54] warmStart 14% (270/1874) regret=0.100310 ape=0.5724
[21:44:54] warmStart 14% (271/1874) regret=0.100310 ape=0.5724
[21:44:55] warmStart 14% (272/1874) regret=0.100310 ape=0.5724
[21:44:55] warmStart 14% (273/1874) regret=0.100310 ape=0.5724
[21:44:55] warmStart 14% (274/1874) regret=0.100310 ape=0.5724
[21:44:55] warmStart 14% (275/1874) regret=0.100310 ape=0.5724
[21:44:55] warmStart 14% (276/1874) regret=0.100319 ape=0.5724
[21:44:56] warmStart 14% (277/1874) regret=0.100310 ape=0.5724
[21:44:56] warmStart 14% (278/1874) regret=0.100310 ape=0.5724
[21:44:56] warmStart 14% (279/1874) regret=0.100301 ape=0.5714
[21:44:56] warmStart 14% (280/1874) regret=0.100301 ape=0.5714
[21:44:57] warmStart 14% (281/1874) regret=0.100301 ape=0.5714
[21:44:57] warmStart 15% (282/1874) regret=0.100310 ape=0.5714
[21:44:57] warmStart 15% (283/1874) regret=0.100310 ape=0.5714
[21:44:57] warmStart 15% (284/1874) regret=0.100310 ape=0.5714
[21:44:58] warmStart 15% (285/1874) regret=0.100310 ape=0.5714
[21:44:58] warmStart 15% (286/1874) regret=0.100310 ape=0.5714
[21:44:58] warmStart 15% (287/1874) regret=0.100328 ape=0.5714
[21:44:58] warmStart 15% (288/1874) regret=0.100310 ape=0.5714
[21:44:59] warmStart 15% (289/1874) regret=0.100310 ape=0.5714
[21:44:59] warmStart 15% (290/1874) regret=0.100310 ape=0.5714
[21:44:59] warmStart 15% (291/1874) regret=0.100375 ape=0.5714
[21:44:59] warmStart 15% (292/1874) regret=0.100310 ape=0.5714
[21:45:00] warmStart 15% (293/1874) regret=0.100298 ape=0.5705
[21:45:00] warmStart 15% (294/1874) regret=0.100310 ape=0.5714
[21:45:00] warmStart 15% (295/1874) regret=0.100310 ape=0.5714
[21:45:00] warmStart 15% (296/1874) regret=0.100504 ape=0.5714
[21:45:00] warmStart 15% (297/1874) regret=0.100310 ape=0.5714
[21:45:01] warmStart 15% (298/1874) regret=0.100310 ape=0.5714
[21:45:01] warmStart 15% (299/1874) regret=0.100296 ape=0.5714
[21:45:01] warmStart 16% (300/1874) regret=0.100310 ape=0.5714
[21:45:01] warmStart 16% (301/1874) regret=0.100310 ape=0.5714
[21:45:02] warmStart 16% (302/1874) regret=0.100310 ape=0.5714
[21:45:02] warmStart 16% (303/1874) regret=0.100310 ape=0.5714
[21:45:02] warmStart 16% (304/1874) regret=0.100310 ape=0.5714
[21:45:02] warmStart 16% (305/1874) regret=0.100411 ape=0.5714
[21:45:03] warmStart 16% (306/1874) regret=0.100310 ape=0.5714
[21:45:03] warmStart 16% (307/1874) regret=0.100310 ape=0.5714
[21:45:03] warmStart 16% (308/1874) regret=0.100310 ape=0.5714
[21:45:03] warmStart 16% (309/1874) regret=0.100310 ape=0.5714
[21:45:03] warmStart 16% (310/1874) regret=0.100310 ape=0.5714
[21:45:04] warmStart 16% (311/1874) regret=0.100301 ape=0.5714
[21:45:04] warmStart 16% (312/1874) regret=0.100310 ape=0.5714
[21:45:04] warmStart 16% (313/1874) regret=0.100368 ape=0.5724
[21:45:04] warmStart 16% (314/1874) regret=0.100060 ape=0.5724
[21:45:05] warmStart 16% (315/1874) regret=0.100027 ape=0.5714
[21:45:05] warmStart 16% (316/1874) regret=0.100027 ape=0.5714
[21:45:05] warmStart 16% (317/1874) regret=0.100027 ape=0.5714
[21:45:05] warmStart 16% (318/1874) regret=0.099456 ape=0.5714
[21:45:06] warmStart 17% (319/1874) regret=0.099456 ape=0.5714
[21:45:06] warmStart 17% (320/1874) regret=0.099456 ape=0.5714
[21:45:06] warmStart 17% (321/1874) regret=0.099456 ape=0.5714
[21:45:06] warmStart 17% (322/1874) regret=0.098365 ape=0.5705
[21:45:07] warmStart 17% (323/1874) regret=0.098397 ape=0.5705
[21:45:07] warmStart 17% (324/1874) regret=0.098335 ape=0.5705
[21:45:07] warmStart 17% (325/1874) regret=0.098335 ape=0.5705
[21:45:07] warmStart 17% (326/1874) regret=0.098280 ape=0.5705
[21:45:07] warmStart 17% (327/1874) regret=0.098280 ape=0.5705
[21:45:08] warmStart 17% (328/1874) regret=0.098280 ape=0.5705
[21:45:08] warmStart 17% (329/1874) regret=0.098267 ape=0.5696
[21:45:08] warmStart 17% (330/1874) regret=0.098280 ape=0.5705
[21:45:08] warmStart 17% (331/1874) regret=0.098280 ape=0.5705
[21:45:08] warmStart 17% (332/1874) regret=0.098280 ape=0.5705
[21:45:09] warmStart 17% (333/1874) regret=0.098501 ape=0.5705
[21:45:09] warmStart 17% (334/1874) regret=0.098022 ape=0.5705
[21:45:09] warmStart 17% (335/1874) regret=0.098022 ape=0.5705
[21:45:09] warmStart 17% (336/1874) regret=0.098022 ape=0.5705
[21:45:09] warmStart 17% (337/1874) regret=0.098022 ape=0.5705
[21:45:10] warmStart 18% (338/1874) regret=0.098022 ape=0.5705
[21:45:10] warmStart 18% (339/1874) regret=0.098022 ape=0.5705
[21:45:10] warmStart 18% (340/1874) regret=0.098022 ape=0.5705
[21:45:10] warmStart 18% (341/1874) regret=0.098022 ape=0.5705
[21:45:11] warmStart 18% (342/1874) regret=0.097998 ape=0.5705
[21:45:11] warmStart 18% (343/1874) regret=0.098022 ape=0.5705
[21:45:11] warmStart 18% (344/1874) regret=0.098022 ape=0.5705
[21:45:11] warmStart 18% (345/1874) regret=0.098022 ape=0.5705
[21:45:12] warmStart 18% (346/1874) regret=0.098022 ape=0.5705
[21:45:12] warmStart 18% (347/1874) regret=0.098022 ape=0.5705
[21:45:12] warmStart 18% (348/1874) regret=0.098022 ape=0.5705
[21:45:12] warmStart 18% (349/1874) regret=0.098022 ape=0.5705
[21:45:12] warmStart 18% (350/1874) regret=0.098040 ape=0.5705
[21:45:13] warmStart 18% (351/1874) regret=0.098040 ape=0.5705
[21:45:13] warmStart 18% (352/1874) regret=0.098040 ape=0.5705
[21:45:13] warmStart 18% (353/1874) regret=0.098040 ape=0.5705
[21:45:13] warmStart 18% (354/1874) regret=0.098022 ape=0.5705
[21:45:14] warmStart 18% (355/1874) regret=0.098137 ape=0.5714
[21:45:14] warmStart 18% (356/1874) regret=0.098022 ape=0.5705
[21:45:14] warmStart 19% (357/1874) regret=0.098022 ape=0.5705
[21:45:14] warmStart 19% (358/1874) regret=0.098022 ape=0.5705
[21:45:15] warmStart 19% (359/1874) regret=0.098022 ape=0.5705
[21:45:15] warmStart 19% (360/1874) regret=0.098137 ape=0.5714
[21:45:15] warmStart 19% (361/1874) regret=0.098022 ape=0.5705
[21:45:15] warmStart 19% (362/1874) regret=0.098022 ape=0.5705
[21:45:15] warmStart 19% (363/1874) regret=0.098022 ape=0.5705
[21:45:16] warmStart 19% (364/1874) regret=0.098022 ape=0.5705
[21:45:16] warmStart 19% (365/1874) regret=0.098022 ape=0.5705
[21:45:16] warmStart 19% (366/1874) regret=0.098022 ape=0.5705
[21:45:16] warmStart 19% (367/1874) regret=0.098022 ape=0.5705
[21:45:17] warmStart 19% (368/1874) regret=0.098022 ape=0.5705
[21:45:17] warmStart 19% (369/1874) regret=0.098022 ape=0.5705
[21:45:17] warmStart 19% (370/1874) regret=0.098095 ape=0.5714
[21:45:17] warmStart 19% (371/1874) regret=0.098022 ape=0.5705
[21:45:18] warmStart 19% (372/1874) regret=0.098022 ape=0.5705
[21:45:18] warmStart 19% (373/1874) regret=0.098022 ape=0.5705
[21:45:18] warmStart 19% (374/1874) regret=0.098234 ape=0.5705
[21:45:18] warmStart 20% (375/1874) regret=0.098123 ape=0.5705
[21:45:18] warmStart 20% (376/1874) regret=0.098022 ape=0.5705
[21:45:19] warmStart 20% (377/1874) regret=0.098022 ape=0.5705
[21:45:19] warmStart 20% (378/1874) regret=0.098095 ape=0.5705
[21:45:19] warmStart 20% (379/1874) regret=0.098022 ape=0.5705
[21:45:19] warmStart 20% (380/1874) regret=0.098022 ape=0.5705
[21:45:20] warmStart 20% (381/1874) regret=0.098022 ape=0.5705
[21:45:20] warmStart 20% (382/1874) regret=0.098312 ape=0.5705
[21:45:20] warmStart 20% (383/1874) regret=0.098312 ape=0.5705
[21:45:20] warmStart 20% (384/1874) regret=0.098312 ape=0.5705
[21:45:21] warmStart 20% (385/1874) regret=0.098312 ape=0.5705
[21:45:21] warmStart 20% (386/1874) regret=0.098293 ape=0.5705
[21:45:21] warmStart 20% (387/1874) regret=0.098293 ape=0.5705
[21:45:21] warmStart 20% (388/1874) regret=0.098293 ape=0.5705
[21:45:21] warmStart 20% (389/1874) regret=0.098293 ape=0.5705
[21:45:22] warmStart 20% (390/1874) regret=0.098293 ape=0.5705
[21:45:22] warmStart 20% (391/1874) regret=0.098293 ape=0.5705
[21:45:22] warmStart 20% (392/1874) regret=0.098293 ape=0.5705
[21:45:22] warmStart 20% (393/1874) regret=0.098293 ape=0.5705
[21:45:22] warmStart 21% (394/1874) regret=0.098293 ape=0.5705
[21:45:23] warmStart 21% (395/1874) regret=0.098293 ape=0.5705
[21:45:23] warmStart 21% (396/1874) regret=0.098293 ape=0.5705
[21:45:23] warmStart 21% (397/1874) regret=0.098293 ape=0.5705
[21:45:23] warmStart 21% (398/1874) regret=0.098293 ape=0.5705
[21:45:24] warmStart 21% (399/1874) regret=0.098293 ape=0.5705
[21:45:24] warmStart 21% (400/1874) regret=0.098118 ape=0.5696
[21:45:24] warmStart 21% (401/1874) regret=0.098118 ape=0.5696
[21:45:24] warmStart 21% (402/1874) regret=0.098118 ape=0.5696
[21:45:25] warmStart 21% (403/1874) regret=0.098118 ape=0.5696
[21:45:25] warmStart 21% (404/1874) regret=0.098118 ape=0.5696
[21:45:25] warmStart 21% (405/1874) regret=0.098118 ape=0.5696
[21:45:25] warmStart 21% (406/1874) regret=0.098118 ape=0.5696
[21:45:26] warmStart 21% (407/1874) regret=0.098118 ape=0.5696
[21:45:26] warmStart 21% (408/1874) regret=0.098060 ape=0.5687
[21:45:26] warmStart 21% (409/1874) regret=0.098026 ape=0.5687
[21:45:26] warmStart 21% (410/1874) regret=0.098060 ape=0.5687
[21:45:26] warmStart 21% (411/1874) regret=0.098060 ape=0.5687
[21:45:27] warmStart 21% (412/1874) regret=0.098060 ape=0.5687
[21:45:27] warmStart 22% (413/1874) regret=0.098060 ape=0.5687
[21:45:27] warmStart 22% (414/1874) regret=0.098134 ape=0.5687
[21:45:27] warmStart 22% (415/1874) regret=0.098060 ape=0.5687
[21:45:28] warmStart 22% (416/1874) regret=0.098060 ape=0.5687
[21:45:28] warmStart 22% (417/1874) regret=0.098060 ape=0.5687
[21:45:28] warmStart 22% (418/1874) regret=0.098060 ape=0.5687
[21:45:28] warmStart 22% (419/1874) regret=0.098060 ape=0.5687
[21:45:28] warmStart 22% (420/1874) regret=0.097770 ape=0.5677
[21:45:29] warmStart 22% (421/1874) regret=0.097770 ape=0.5677
[21:45:29] warmStart 22% (422/1874) regret=0.097770 ape=0.5677
[21:45:29] warmStart 22% (423/1874) regret=0.097770 ape=0.5677
[21:45:29] warmStart 22% (424/1874) regret=0.097770 ape=0.5677
[21:45:29] warmStart 22% (425/1874) regret=0.097770 ape=0.5677
[21:45:30] warmStart 22% (426/1874) regret=0.097770 ape=0.5677
[21:45:30] warmStart 22% (427/1874) regret=0.097770 ape=0.5677
[21:45:30] warmStart 22% (428/1874) regret=0.097770 ape=0.5677
[21:45:30] warmStart 22% (429/1874) regret=0.097770 ape=0.5677
[21:45:30] warmStart 22% (430/1874) regret=0.097770 ape=0.5677
[21:45:31] warmStart 22% (431/1874) regret=0.097770 ape=0.5677
[21:45:31] warmStart 23% (432/1874) regret=0.097770 ape=0.5677
[21:45:31] warmStart 23% (433/1874) regret=0.097770 ape=0.5677
[21:45:31] warmStart 23% (434/1874) regret=0.097770 ape=0.5677
[21:45:32] warmStart 23% (435/1874) regret=0.097770 ape=0.5677
[21:45:32] warmStart 23% (436/1874) regret=0.097770 ape=0.5677
[21:45:32] warmStart 23% (437/1874) regret=0.097770 ape=0.5677
[21:45:32] warmStart 23% (438/1874) regret=0.097770 ape=0.5677
[21:45:33] warmStart 23% (439/1874) regret=0.097705 ape=0.5677
[21:45:33] warmStart 23% (440/1874) regret=0.097770 ape=0.5677
[21:45:33] warmStart 23% (441/1874) regret=0.097770 ape=0.5677
[21:45:33] warmStart 23% (442/1874) regret=0.097770 ape=0.5677
[21:45:33] warmStart 23% (443/1874) regret=0.097770 ape=0.5677
[21:45:34] warmStart 23% (444/1874) regret=0.097770 ape=0.5677
[21:45:34] warmStart 23% (445/1874) regret=0.097770 ape=0.5677
[21:45:34] warmStart 23% (446/1874) regret=0.097506 ape=0.5677
[21:45:35] warmStart 23% (447/1874) regret=0.097506 ape=0.5677
[21:45:35] warmStart 23% (448/1874) regret=0.097506 ape=0.5677
[21:45:35] warmStart 23% (449/1874) regret=0.097506 ape=0.5677
[21:45:35] warmStart 24% (450/1874) regret=0.097718 ape=0.5677
[21:45:35] warmStart 24% (451/1874) regret=0.097506 ape=0.5677
[21:45:36] warmStart 24% (452/1874) regret=0.097428 ape=0.5668
[21:45:36] warmStart 24% (453/1874) regret=0.097428 ape=0.5668
[21:45:36] warmStart 24% (454/1874) regret=0.097428 ape=0.5668
[21:45:36] warmStart 24% (455/1874) regret=0.097428 ape=0.5668
[21:45:37] warmStart 24% (456/1874) regret=0.097428 ape=0.5668
[21:45:37] warmStart 24% (457/1874) regret=0.097419 ape=0.5668
[21:45:37] warmStart 24% (458/1874) regret=0.097428 ape=0.5668
[21:45:37] warmStart 24% (459/1874) regret=0.097400 ape=0.5668
[21:45:37] warmStart 24% (460/1874) regret=0.097400 ape=0.5668
[21:45:38] warmStart 24% (461/1874) regret=0.097400 ape=0.5668
[21:45:38] warmStart 24% (462/1874) regret=0.097400 ape=0.5668
[21:45:38] warmStart 24% (463/1874) regret=0.097400 ape=0.5668
[21:45:38] warmStart 24% (464/1874) regret=0.097400 ape=0.5668
[21:45:39] warmStart 24% (465/1874) regret=0.097400 ape=0.5668
[21:45:39] warmStart 24% (466/1874) regret=0.097400 ape=0.5668
[21:45:39] warmStart 24% (467/1874) regret=0.097400 ape=0.5668
[21:45:39] warmStart 24% (468/1874) regret=0.097400 ape=0.5668
[21:45:40] warmStart 25% (469/1874) regret=0.097308 ape=0.5659
[21:45:40] warmStart 25% (470/1874) regret=0.097308 ape=0.5659
[21:45:40] warmStart 25% (471/1874) regret=0.097308 ape=0.5659
[21:45:40] warmStart 25% (472/1874) regret=0.097308 ape=0.5659
[21:45:40] warmStart 25% (473/1874) regret=0.097308 ape=0.5659
[21:45:41] warmStart 25% (474/1874) regret=0.097308 ape=0.5659
[21:45:41] warmStart 25% (475/1874) regret=0.097308 ape=0.5659
[21:45:41] warmStart 25% (476/1874) regret=0.097308 ape=0.5659
[21:45:41] warmStart 25% (477/1874) regret=0.097308 ape=0.5659
[21:45:42] warmStart 25% (478/1874) regret=0.097308 ape=0.5659
[21:45:42] warmStart 25% (479/1874) regret=0.097308 ape=0.5659
[21:45:42] warmStart 25% (480/1874) regret=0.097308 ape=0.5659
[21:45:42] warmStart 25% (481/1874) regret=0.097308 ape=0.5659
[21:45:43] warmStart 25% (482/1874) regret=0.097308 ape=0.5659
[21:45:43] warmStart 25% (483/1874) regret=0.097308 ape=0.5659
[21:45:43] warmStart 25% (484/1874) regret=0.097308 ape=0.5659
[21:45:43] warmStart 25% (485/1874) regret=0.097308 ape=0.5659
[21:45:43] warmStart 25% (486/1874) regret=0.097305 ape=0.5650
[21:45:44] warmStart 25% (487/1874) regret=0.097308 ape=0.5659
[21:45:44] warmStart 26% (488/1874) regret=0.097239 ape=0.5659
[21:45:44] warmStart 26% (489/1874) regret=0.097239 ape=0.5659
[21:45:44] warmStart 26% (490/1874) regret=0.097248 ape=0.5659
[21:45:45] warmStart 26% (491/1874) regret=0.097239 ape=0.5659
[21:45:45] warmStart 26% (492/1874) regret=0.097239 ape=0.5659
[21:45:45] warmStart 26% (493/1874) regret=0.097239 ape=0.5659
[21:45:45] warmStart 26% (494/1874) regret=0.097239 ape=0.5659
[21:45:46] warmStart 26% (495/1874) regret=0.097227 ape=0.5650
[21:45:46] warmStart 26% (496/1874) regret=0.097239 ape=0.5659
[21:45:46] warmStart 26% (497/1874) regret=0.097239 ape=0.5659
[21:45:46] warmStart 26% (498/1874) regret=0.097239 ape=0.5659
[21:45:47] warmStart 26% (499/1874) regret=0.097239 ape=0.5659
[21:45:47] warmStart 26% (500/1874) regret=0.097239 ape=0.5659
[21:45:47] warmStart 26% (501/1874) regret=0.097239 ape=0.5659
[21:45:47] warmStart 26% (502/1874) regret=0.097239 ape=0.5659
[21:45:47] warmStart 26% (503/1874) regret=0.097239 ape=0.5659
[21:45:48] warmStart 26% (504/1874) regret=0.097239 ape=0.5659
[21:45:48] warmStart 26% (505/1874) regret=0.097239 ape=0.5659
[21:45:48] warmStart 27% (506/1874) regret=0.097239 ape=0.5659
[21:45:48] warmStart 27% (507/1874) regret=0.097239 ape=0.5659
[21:45:49] warmStart 27% (508/1874) regret=0.097239 ape=0.5659
[21:45:49] warmStart 27% (509/1874) regret=0.097239 ape=0.5659
[21:45:49] warmStart 27% (510/1874) regret=0.097239 ape=0.5659
[21:45:49] warmStart 27% (511/1874) regret=0.097239 ape=0.5659
[21:45:50] warmStart 27% (512/1874) regret=0.097331 ape=0.5668
[21:45:50] warmStart 27% (513/1874) regret=0.097239 ape=0.5659
[21:45:50] warmStart 27% (514/1874) regret=0.097239 ape=0.5659
[21:45:50] warmStart 27% (515/1874) regret=0.097267 ape=0.5659
[21:45:50] warmStart 27% (516/1874) regret=0.097239 ape=0.5659
[21:45:50] warmStart 27% (517/1874) regret=0.097239 ape=0.5659
[21:45:51] warmStart 27% (518/1874) regret=0.097239 ape=0.5659
[21:45:51] warmStart 27% (519/1874) regret=0.097239 ape=0.5659
[21:45:51] warmStart 27% (520/1874) regret=0.097239 ape=0.5659
[21:45:51] warmStart 27% (521/1874) regret=0.097205 ape=0.5659
[21:45:51] warmStart 27% (522/1874) regret=0.097239 ape=0.5659
[21:45:52] warmStart 27% (523/1874) regret=0.097239 ape=0.5659
[21:45:52] warmStart 27% (524/1874) regret=0.097239 ape=0.5659
[21:45:52] warmStart 28% (525/1874) regret=0.097239 ape=0.5659
[21:45:52] warmStart 28% (526/1874) regret=0.097128 ape=0.5650
[21:45:53] warmStart 28% (527/1874) regret=0.097128 ape=0.5650
[21:45:53] warmStart 28% (528/1874) regret=0.097128 ape=0.5650
[21:45:53] warmStart 28% (529/1874) regret=0.097128 ape=0.5650
[21:45:53] warmStart 28% (530/1874) regret=0.097128 ape=0.5650
[21:45:54] warmStart 28% (531/1874) regret=0.097128 ape=0.5650
[21:45:54] warmStart 28% (532/1874) regret=0.097128 ape=0.5650
[21:45:54] warmStart 28% (533/1874) regret=0.097128 ape=0.5650
[21:45:54] warmStart 28% (534/1874) regret=0.097128 ape=0.5650
[21:45:55] warmStart 28% (535/1874) regret=0.097128 ape=0.5650
[21:45:55] warmStart 28% (536/1874) regret=0.097128 ape=0.5650
[21:45:55] warmStart 28% (537/1874) regret=0.097128 ape=0.5650
[21:45:55] warmStart 28% (538/1874) regret=0.097128 ape=0.5650
[21:45:55] warmStart 28% (539/1874) regret=0.097128 ape=0.5650
[21:45:56] warmStart 28% (540/1874) regret=0.097128 ape=0.5650
[21:45:56] warmStart 28% (541/1874) regret=0.097128 ape=0.5650
[21:45:56] warmStart 28% (542/1874) regret=0.097128 ape=0.5650
[21:45:56] warmStart 28% (543/1874) regret=0.097128 ape=0.5650
[21:45:57] warmStart 29% (544/1874) regret=0.097094 ape=0.5650
[21:45:57] warmStart 29% (545/1874) regret=0.097094 ape=0.5650
[21:45:57] warmStart 29% (546/1874) regret=0.097191 ape=0.5659
[21:45:57] warmStart 29% (547/1874) regret=0.097113 ape=0.5650
[21:45:58] warmStart 29% (548/1874) regret=0.095919 ape=0.5641
[21:45:58] warmStart 29% (549/1874) regret=0.095919 ape=0.5641
[21:45:58] warmStart 29% (550/1874) regret=0.095919 ape=0.5641
[21:45:58] warmStart 29% (551/1874) regret=0.095938 ape=0.5641
[21:45:58] warmStart 29% (552/1874) regret=0.095938 ape=0.5641
[21:45:59] warmStart 29% (553/1874) regret=0.095938 ape=0.5641
[21:45:59] warmStart 29% (554/1874) regret=0.095938 ape=0.5641
[21:45:59] warmStart 29% (555/1874) regret=0.095938 ape=0.5641
[21:45:59] warmStart 29% (556/1874) regret=0.095942 ape=0.5641
[21:46:00] warmStart 29% (557/1874) regret=0.095942 ape=0.5641
[21:46:00] warmStart 29% (558/1874) regret=0.095942 ape=0.5641
[21:46:00] warmStart 29% (559/1874) regret=0.095942 ape=0.5641
[21:46:00] warmStart 29% (560/1874) regret=0.095942 ape=0.5641
[21:46:01] warmStart 29% (561/1874) regret=0.095942 ape=0.5641
[21:46:01] warmStart 29% (562/1874) regret=0.095942 ape=0.5641
[21:46:01] warmStart 30% (563/1874) regret=0.095942 ape=0.5641
[21:46:01] warmStart 30% (564/1874) regret=0.095942 ape=0.5641
[21:46:02] warmStart 30% (565/1874) regret=0.095942 ape=0.5641
[21:46:02] warmStart 30% (566/1874) regret=0.095942 ape=0.5641
[21:46:02] warmStart 30% (567/1874) regret=0.095942 ape=0.5641
[21:46:02] warmStart 30% (568/1874) regret=0.095942 ape=0.5641
[21:46:03] warmStart 30% (569/1874) regret=0.095942 ape=0.5641
[21:46:03] warmStart 30% (570/1874) regret=0.095942 ape=0.5641
[21:46:03] warmStart 30% (571/1874) regret=0.095942 ape=0.5641
[21:46:03] warmStart 30% (572/1874) regret=0.095942 ape=0.5641
[21:46:04] warmStart 30% (573/1874) regret=0.095942 ape=0.5641
[21:46:04] warmStart 30% (574/1874) regret=0.095942 ape=0.5641
[21:46:04] warmStart 30% (575/1874) regret=0.095942 ape=0.5641
[21:46:04] warmStart 30% (576/1874) regret=0.095765 ape=0.5631
[21:46:05] warmStart 30% (577/1874) regret=0.095839 ape=0.5631
[21:46:05] warmStart 30% (578/1874) regret=0.095765 ape=0.5631
[21:46:05] warmStart 30% (579/1874) regret=0.095765 ape=0.5631
[21:46:05] warmStart 30% (580/1874) regret=0.095765 ape=0.5631
[21:46:06] warmStart 31% (581/1874) regret=0.095765 ape=0.5631
[21:46:06] warmStart 31% (582/1874) regret=0.095765 ape=0.5631
[21:46:06] warmStart 31% (583/1874) regret=0.095765 ape=0.5631
[21:46:06] warmStart 31% (584/1874) regret=0.095765 ape=0.5631
[21:46:07] warmStart 31% (585/1874) regret=0.095765 ape=0.5631
[21:46:07] warmStart 31% (586/1874) regret=0.095765 ape=0.5631
[21:46:07] warmStart 31% (587/1874) regret=0.095765 ape=0.5631
[21:46:07] warmStart 31% (588/1874) regret=0.095765 ape=0.5631
[21:46:07] warmStart 31% (589/1874) regret=0.095783 ape=0.5631
[21:46:08] warmStart 31% (590/1874) regret=0.095749 ape=0.5631
[21:46:08] warmStart 31% (591/1874) regret=0.095765 ape=0.5631
[21:46:08] warmStart 31% (592/1874) regret=0.095765 ape=0.5631
[21:46:08] warmStart 31% (593/1874) regret=0.095765 ape=0.5631
[21:46:09] warmStart 31% (594/1874) regret=0.095862 ape=0.5641
[21:46:09] warmStart 31% (595/1874) regret=0.095765 ape=0.5631
[21:46:09] warmStart 31% (596/1874) regret=0.095765 ape=0.5631
[21:46:09] warmStart 31% (597/1874) regret=0.095774 ape=0.5631
[21:46:10] warmStart 31% (598/1874) regret=0.095774 ape=0.5631
[21:46:10] warmStart 31% (599/1874) regret=0.095774 ape=0.5631
[21:46:10] warmStart 32% (600/1874) regret=0.095774 ape=0.5631
[21:46:10] warmStart 32% (601/1874) regret=0.095774 ape=0.5631
[21:46:11] warmStart 32% (602/1874) regret=0.095774 ape=0.5631
[21:46:11] warmStart 32% (603/1874) regret=0.095774 ape=0.5631
[21:46:11] warmStart 32% (604/1874) regret=0.095774 ape=0.5631
[21:46:11] warmStart 32% (605/1874) regret=0.095774 ape=0.5631
[21:46:11] warmStart 32% (606/1874) regret=0.095774 ape=0.5631
[21:46:11] warmStart 32% (607/1874) regret=0.095774 ape=0.5631
[21:46:12] warmStart 32% (608/1874) regret=0.095774 ape=0.5631
[21:46:12] warmStart 32% (609/1874) regret=0.095774 ape=0.5631
[21:46:12] warmStart 32% (610/1874) regret=0.095774 ape=0.5631
[21:46:12] warmStart 32% (611/1874) regret=0.095774 ape=0.5631
[21:46:12] warmStart 32% (612/1874) regret=0.095774 ape=0.5631
[21:46:13] warmStart 32% (613/1874) regret=0.095774 ape=0.5631
[21:46:13] warmStart 32% (614/1874) regret=0.095774 ape=0.5631
[21:46:13] warmStart 32% (615/1874) regret=0.095774 ape=0.5631
[21:46:13] warmStart 32% (616/1874) regret=0.095774 ape=0.5631
[21:46:14] warmStart 32% (617/1874) regret=0.095774 ape=0.5631
[21:46:14] warmStart 32% (618/1874) regret=0.095774 ape=0.5631
[21:46:14] warmStart 33% (619/1874) regret=0.095719 ape=0.5622
[21:46:15] warmStart 33% (620/1874) regret=0.095774 ape=0.5631
[21:46:15] warmStart 33% (621/1874) regret=0.095774 ape=0.5631
[21:46:15] warmStart 33% (622/1874) regret=0.095774 ape=0.5631
[21:46:15] warmStart 33% (623/1874) regret=0.095774 ape=0.5631
[21:46:15] warmStart 33% (624/1874) regret=0.095774 ape=0.5631
[21:46:16] warmStart 33% (625/1874) regret=0.095774 ape=0.5631
[21:46:16] warmStart 33% (626/1874) regret=0.095774 ape=0.5631
[21:46:16] warmStart 33% (627/1874) regret=0.095774 ape=0.5631
[21:46:16] warmStart 33% (628/1874) regret=0.095771 ape=0.5622
[21:46:17] warmStart 33% (629/1874) regret=0.095774 ape=0.5631
[21:46:17] warmStart 33% (630/1874) regret=0.095774 ape=0.5631
[21:46:17] warmStart 33% (631/1874) regret=0.095691 ape=0.5631
[21:46:17] warmStart 33% (632/1874) regret=0.095763 ape=0.5622
[21:46:18] warmStart 33% (633/1874) regret=0.095763 ape=0.5622
[21:46:18] warmStart 33% (634/1874) regret=0.095763 ape=0.5622
[21:46:18] warmStart 33% (635/1874) regret=0.095763 ape=0.5622
[21:46:18] warmStart 33% (636/1874) regret=0.095763 ape=0.5622
[21:46:19] warmStart 33% (637/1874) regret=0.095763 ape=0.5622
[21:46:19] warmStart 34% (638/1874) regret=0.095763 ape=0.5622
[21:46:19] warmStart 34% (639/1874) regret=0.095763 ape=0.5622
[21:46:19] warmStart 34% (640/1874) regret=0.095763 ape=0.5622
[21:46:20] warmStart 34% (641/1874) regret=0.095763 ape=0.5622
[21:46:20] warmStart 34% (642/1874) regret=0.095768 ape=0.5622
[21:46:20] warmStart 34% (643/1874) regret=0.095768 ape=0.5622
[21:46:21] warmStart 34% (644/1874) regret=0.095763 ape=0.5622
[21:46:21] warmStart 34% (645/1874) regret=0.095735 ape=0.5622
[21:46:21] warmStart 34% (646/1874) regret=0.095763 ape=0.5622
[21:46:21] warmStart 34% (647/1874) regret=0.095767 ape=0.5622
[21:46:21] warmStart 34% (648/1874) regret=0.095763 ape=0.5622
[21:46:22] warmStart 34% (649/1874) regret=0.095763 ape=0.5622
[21:46:22] warmStart 34% (650/1874) regret=0.095763 ape=0.5622
[21:46:22] warmStart 34% (651/1874) regret=0.095763 ape=0.5622
[21:46:22] warmStart 34% (652/1874) regret=0.095763 ape=0.5622
[21:46:23] warmStart 34% (653/1874) regret=0.095763 ape=0.5622
[21:46:23] warmStart 34% (654/1874) regret=0.095763 ape=0.5622
[21:46:23] warmStart 34% (655/1874) regret=0.095800 ape=0.5622
[21:46:23] warmStart 35% (656/1874) regret=0.095763 ape=0.5622
[21:46:24] warmStart 35% (657/1874) regret=0.095753 ape=0.5622
[21:46:24] warmStart 35% (658/1874) regret=0.095759 ape=0.5622
[21:46:24] warmStart 35% (659/1874) regret=0.095759 ape=0.5622
[21:46:24] warmStart 35% (660/1874) regret=0.095758 ape=0.5622
[21:46:25] warmStart 35% (661/1874) regret=0.095759 ape=0.5622
[21:46:25] warmStart 35% (662/1874) regret=0.095759 ape=0.5622
[21:46:25] warmStart 35% (663/1874) regret=0.095704 ape=0.5613
[21:46:25] warmStart 35% (664/1874) regret=0.095759 ape=0.5622
[21:46:25] warmStart 35% (665/1874) regret=0.095759 ape=0.5622
[21:46:26] warmStart 35% (666/1874) regret=0.095759 ape=0.5622
[21:46:26] warmStart 35% (667/1874) regret=0.095759 ape=0.5622
[21:46:26] warmStart 35% (668/1874) regret=0.095759 ape=0.5622
[21:46:26] warmStart 35% (669/1874) regret=0.095759 ape=0.5622
[21:46:27] warmStart 35% (670/1874) regret=0.095833 ape=0.5622
[21:46:27] warmStart 35% (671/1874) regret=0.095459 ape=0.5613
[21:46:27] warmStart 35% (672/1874) regret=0.095459 ape=0.5613
[21:46:27] warmStart 35% (673/1874) regret=0.095533 ape=0.5613
[21:46:28] warmStart 35% (674/1874) regret=0.095533 ape=0.5613
[21:46:28] warmStart 36% (675/1874) regret=0.095533 ape=0.5613
[21:46:28] warmStart 36% (676/1874) regret=0.095533 ape=0.5613
[21:46:28] warmStart 36% (677/1874) regret=0.095533 ape=0.5613
[21:46:29] warmStart 36% (678/1874) regret=0.095533 ape=0.5613
[21:46:29] warmStart 36% (679/1874) regret=0.095533 ape=0.5613
[21:46:29] warmStart 36% (680/1874) regret=0.095533 ape=0.5613
[21:46:29] warmStart 36% (681/1874) regret=0.095533 ape=0.5613
[21:46:30] warmStart 36% (682/1874) regret=0.095533 ape=0.5613
[21:46:30] warmStart 36% (683/1874) regret=0.095533 ape=0.5613
[21:46:30] warmStart 36% (684/1874) regret=0.095533 ape=0.5613
[21:46:30] warmStart 36% (685/1874) regret=0.095533 ape=0.5613
[21:46:30] warmStart 36% (686/1874) regret=0.095533 ape=0.5613
[21:46:31] warmStart 36% (687/1874) regret=0.095533 ape=0.5613
[21:46:31] warmStart 36% (688/1874) regret=0.095528 ape=0.5613
[21:46:31] warmStart 36% (689/1874) regret=0.095528 ape=0.5613
[21:46:31] warmStart 36% (690/1874) regret=0.095528 ape=0.5613
[21:46:32] warmStart 36% (691/1874) regret=0.095528 ape=0.5613
[21:46:32] warmStart 36% (692/1874) regret=0.095528 ape=0.5613
[21:46:32] warmStart 36% (693/1874) regret=0.095528 ape=0.5613
[21:46:32] warmStart 37% (694/1874) regret=0.095528 ape=0.5613
[21:46:32] warmStart 37% (695/1874) regret=0.095528 ape=0.5613
[21:46:33] warmStart 37% (696/1874) regret=0.095528 ape=0.5613
[21:46:33] warmStart 37% (697/1874) regret=0.095528 ape=0.5613
[21:46:33] warmStart 37% (698/1874) regret=0.095528 ape=0.5613
[21:46:33] warmStart 37% (699/1874) regret=0.095528 ape=0.5613
[21:46:33] warmStart 37% (700/1874) regret=0.095528 ape=0.5613
[21:46:34] warmStart 37% (701/1874) regret=0.095454 ape=0.5613
[21:46:34] warmStart 37% (702/1874) regret=0.095528 ape=0.5613
[21:46:34] warmStart 37% (703/1874) regret=0.095454 ape=0.5613
[21:46:34] warmStart 37% (704/1874) regret=0.095454 ape=0.5613
[21:46:35] warmStart 37% (705/1874) regret=0.095454 ape=0.5613
[21:46:35] warmStart 37% (706/1874) regret=0.095454 ape=0.5613
[21:46:35] warmStart 37% (707/1874) regret=0.095454 ape=0.5613
[21:46:35] warmStart 37% (708/1874) regret=0.095454 ape=0.5613
[21:46:36] warmStart 37% (709/1874) regret=0.095454 ape=0.5613
[21:46:36] warmStart 37% (710/1874) regret=0.095454 ape=0.5613
[21:46:36] warmStart 37% (711/1874) regret=0.095454 ape=0.5613
[21:46:36] warmStart 37% (712/1874) regret=0.095454 ape=0.5613
[21:46:36] warmStart 38% (713/1874) regret=0.095454 ape=0.5613
[21:46:37] warmStart 38% (714/1874) regret=0.095454 ape=0.5613
[21:46:37] warmStart 38% (715/1874) regret=0.095454 ape=0.5613
[21:46:37] warmStart 38% (716/1874) regret=0.095454 ape=0.5613
[21:46:37] warmStart 38% (717/1874) regret=0.095454 ape=0.5613
[21:46:38] warmStart 38% (718/1874) regret=0.095454 ape=0.5613
[21:46:38] warmStart 38% (719/1874) regret=0.095454 ape=0.5613
[21:46:38] warmStart 38% (720/1874) regret=0.095454 ape=0.5613
[21:46:38] warmStart 38% (721/1874) regret=0.095454 ape=0.5613
[21:46:39] warmStart 38% (722/1874) regret=0.095454 ape=0.5613
[21:46:39] warmStart 38% (723/1874) regret=0.095454 ape=0.5613
[21:46:39] warmStart 38% (724/1874) regret=0.095454 ape=0.5613
[21:46:39] warmStart 38% (725/1874) regret=0.095454 ape=0.5613
[21:46:40] warmStart 38% (726/1874) regret=0.095454 ape=0.5613
[21:46:40] warmStart 38% (727/1874) regret=0.095454 ape=0.5613
[21:46:40] warmStart 38% (728/1874) regret=0.095454 ape=0.5613
[21:46:40] warmStart 38% (729/1874) regret=0.095454 ape=0.5613
[21:46:40] warmStart 38% (730/1874) regret=0.095454 ape=0.5613
[21:46:41] warmStart 39% (731/1874) regret=0.095454 ape=0.5613
[21:46:41] warmStart 39% (732/1874) regret=0.095454 ape=0.5613
[21:46:41] warmStart 39% (733/1874) regret=0.095454 ape=0.5613
[21:46:42] warmStart 39% (734/1874) regret=0.095454 ape=0.5613
[21:46:42] warmStart 39% (735/1874) regret=0.095454 ape=0.5613
[21:46:42] warmStart 39% (736/1874) regret=0.095454 ape=0.5613
[21:46:42] warmStart 39% (737/1874) regret=0.095454 ape=0.5613
[21:46:43] warmStart 39% (738/1874) regret=0.095454 ape=0.5613
[21:46:43] warmStart 39% (739/1874) regret=0.095454 ape=0.5613
[21:46:43] warmStart 39% (740/1874) regret=0.095454 ape=0.5613
[21:46:43] warmStart 39% (741/1874) regret=0.095454 ape=0.5613
[21:46:43] warmStart 39% (742/1874) regret=0.095454 ape=0.5613
[21:46:44] warmStart 39% (743/1874) regret=0.095445 ape=0.5613
[21:46:44] warmStart 39% (744/1874) regret=0.095454 ape=0.5613
[21:46:44] warmStart 39% (745/1874) regret=0.095454 ape=0.5613
[21:46:44] warmStart 39% (746/1874) regret=0.095454 ape=0.5613
[21:46:45] warmStart 39% (747/1874) regret=0.095454 ape=0.5613
[21:46:45] warmStart 39% (748/1874) regret=0.095454 ape=0.5613
[21:46:45] warmStart 39% (749/1874) regret=0.095454 ape=0.5613
[21:46:45] warmStart 40% (750/1874) regret=0.095454 ape=0.5613
[21:46:46] warmStart 40% (751/1874) regret=0.095454 ape=0.5613
[21:46:46] warmStart 40% (752/1874) regret=0.095436 ape=0.5613
[21:46:46] warmStart 40% (753/1874) regret=0.095436 ape=0.5613
[21:46:46] warmStart 40% (754/1874) regret=0.095445 ape=0.5613
[21:46:46] warmStart 40% (755/1874) regret=0.095436 ape=0.5613
[21:46:47] warmStart 40% (756/1874) regret=0.095436 ape=0.5613
[21:46:47] warmStart 40% (757/1874) regret=0.095804 ape=0.5613
[21:46:47] warmStart 40% (758/1874) regret=0.095436 ape=0.5613
[21:46:47] warmStart 40% (759/1874) regret=0.095472 ape=0.5613
[21:46:48] warmStart 40% (760/1874) regret=0.095472 ape=0.5613
[21:46:48] warmStart 40% (761/1874) regret=0.095472 ape=0.5613
[21:46:48] warmStart 40% (762/1874) regret=0.095472 ape=0.5613
[21:46:48] warmStart 40% (763/1874) regret=0.095472 ape=0.5613
[21:46:49] warmStart 40% (764/1874) regret=0.095472 ape=0.5613
[21:46:49] warmStart 40% (765/1874) regret=0.095472 ape=0.5613
[21:46:49] warmStart 40% (766/1874) regret=0.095472 ape=0.5613
[21:46:49] warmStart 40% (767/1874) regret=0.095472 ape=0.5613
[21:46:50] warmStart 40% (768/1874) regret=0.095472 ape=0.5613
[21:46:50] warmStart 41% (769/1874) regret=0.095472 ape=0.5613
[21:46:50] warmStart 41% (770/1874) regret=0.095472 ape=0.5613
[21:46:50] warmStart 41% (771/1874) regret=0.095472 ape=0.5613
[21:46:51] warmStart 41% (772/1874) regret=0.095472 ape=0.5613
[21:46:51] warmStart 41% (773/1874) regret=0.095565 ape=0.5622
[21:46:51] warmStart 41% (774/1874) regret=0.095565 ape=0.5622
[21:46:51] warmStart 41% (775/1874) regret=0.095565 ape=0.5622
[21:46:52] warmStart 41% (776/1874) regret=0.095565 ape=0.5622
[21:46:52] warmStart 41% (777/1874) regret=0.095574 ape=0.5622
[21:46:52] warmStart 41% (778/1874) regret=0.095565 ape=0.5622
[21:46:52] warmStart 41% (779/1874) regret=0.095565 ape=0.5622
[21:46:52] warmStart 41% (780/1874) regret=0.095565 ape=0.5622
[21:46:53] warmStart 41% (781/1874) regret=0.095565 ape=0.5622
[21:46:53] warmStart 41% (782/1874) regret=0.095588 ape=0.5622
[21:46:53] warmStart 41% (783/1874) regret=0.095588 ape=0.5622
[21:46:53] warmStart 41% (784/1874) regret=0.095572 ape=0.5622
[21:46:53] warmStart 41% (785/1874) regret=0.095572 ape=0.5622
[21:46:54] warmStart 41% (786/1874) regret=0.095572 ape=0.5622
[21:46:54] warmStart 41% (787/1874) regret=0.095572 ape=0.5622
[21:46:54] warmStart 42% (788/1874) regret=0.095572 ape=0.5622
[21:46:54] warmStart 42% (789/1874) regret=0.095572 ape=0.5622
[21:46:55] warmStart 42% (790/1874) regret=0.095572 ape=0.5622
[21:46:55] warmStart 42% (791/1874) regret=0.095572 ape=0.5622
[21:46:55] warmStart 42% (792/1874) regret=0.095572 ape=0.5622
[21:46:55] warmStart 42% (793/1874) regret=0.095578 ape=0.5622
[21:46:56] warmStart 42% (794/1874) regret=0.095572 ape=0.5622
[21:46:56] warmStart 42% (795/1874) regret=0.095572 ape=0.5622
[21:46:56] warmStart 42% (796/1874) regret=0.095572 ape=0.5622
[21:46:56] warmStart 42% (797/1874) regret=0.095425 ape=0.5622
[21:46:57] warmStart 42% (798/1874) regret=0.095425 ape=0.5622
[21:46:57] warmStart 42% (799/1874) regret=0.095425 ape=0.5622
[21:46:57] warmStart 42% (800/1874) regret=0.095425 ape=0.5622
[21:46:58] warmStart 42% (801/1874) regret=0.095411 ape=0.5622
[21:46:58] warmStart 42% (802/1874) regret=0.095411 ape=0.5622
[21:46:58] warmStart 42% (803/1874) regret=0.095411 ape=0.5622
[21:46:58] warmStart 42% (804/1874) regret=0.095411 ape=0.5622
[21:46:58] warmStart 42% (805/1874) regret=0.095411 ape=0.5622
[21:46:59] warmStart 43% (806/1874) regret=0.095411 ape=0.5622
[21:46:59] warmStart 43% (807/1874) regret=0.095411 ape=0.5622
[21:46:59] warmStart 43% (808/1874) regret=0.095411 ape=0.5622
[21:46:59] warmStart 43% (809/1874) regret=0.095411 ape=0.5622
[21:47:00] warmStart 43% (810/1874) regret=0.095443 ape=0.5631
[21:47:00] warmStart 43% (811/1874) regret=0.095411 ape=0.5622
[21:47:00] warmStart 43% (812/1874) regret=0.095411 ape=0.5622
[21:47:00] warmStart 43% (813/1874) regret=0.095411 ape=0.5622
[21:47:01] warmStart 43% (814/1874) regret=0.095377 ape=0.5622
[21:47:01] warmStart 43% (815/1874) regret=0.095377 ape=0.5622
[21:47:01] warmStart 43% (816/1874) regret=0.095377 ape=0.5622
[21:47:01] warmStart 43% (817/1874) regret=0.095414 ape=0.5631
[21:47:01] warmStart 43% (818/1874) regret=0.095414 ape=0.5631
[21:47:02] warmStart 43% (819/1874) regret=0.095414 ape=0.5631
[21:47:02] warmStart 43% (820/1874) regret=0.095414 ape=0.5631
[21:47:02] warmStart 43% (821/1874) regret=0.095414 ape=0.5631
[21:47:02] warmStart 43% (822/1874) regret=0.095414 ape=0.5631
[21:47:03] warmStart 43% (823/1874) regret=0.095414 ape=0.5631
[21:47:03] warmStart 43% (824/1874) regret=0.095414 ape=0.5631
[21:47:03] warmStart 44% (825/1874) regret=0.095414 ape=0.5631
[21:47:04] warmStart 44% (826/1874) regret=0.095414 ape=0.5631
[21:47:04] warmStart 44% (827/1874) regret=0.095414 ape=0.5631
[21:47:04] warmStart 44% (828/1874) regret=0.095414 ape=0.5631
[21:47:04] warmStart 44% (829/1874) regret=0.095414 ape=0.5631
[21:47:04] warmStart 44% (830/1874) regret=0.095414 ape=0.5631
[21:47:05] warmStart 44% (831/1874) regret=0.095414 ape=0.5631
[21:47:05] warmStart 44% (832/1874) regret=0.095414 ape=0.5631
[21:47:05] warmStart 44% (833/1874) regret=0.095414 ape=0.5631
[21:47:05] warmStart 44% (834/1874) regret=0.095414 ape=0.5631
[21:47:06] warmStart 44% (835/1874) regret=0.095414 ape=0.5631
[21:47:06] warmStart 44% (836/1874) regret=0.095414 ape=0.5631
[21:47:06] warmStart 44% (837/1874) regret=0.095414 ape=0.5631
[21:47:06] warmStart 44% (838/1874) regret=0.095414 ape=0.5631
[21:47:07] warmStart 44% (839/1874) regret=0.095414 ape=0.5631
[21:47:07] warmStart 44% (840/1874) regret=0.095414 ape=0.5631
[21:47:07] warmStart 44% (841/1874) regret=0.095414 ape=0.5631
[21:47:07] warmStart 44% (842/1874) regret=0.095432 ape=0.5631
[21:47:07] warmStart 44% (843/1874) regret=0.095414 ape=0.5631
[21:47:08] warmStart 45% (844/1874) regret=0.095414 ape=0.5631
[21:47:08] warmStart 45% (845/1874) regret=0.095414 ape=0.5631
[21:47:08] warmStart 45% (846/1874) regret=0.095414 ape=0.5631
[21:47:08] warmStart 45% (847/1874) regret=0.095414 ape=0.5631
[21:47:09] warmStart 45% (848/1874) regret=0.095414 ape=0.5631
[21:47:09] warmStart 45% (849/1874) regret=0.095391 ape=0.5631
[21:47:09] warmStart 45% (850/1874) regret=0.095391 ape=0.5631
[21:47:09] warmStart 45% (851/1874) regret=0.095375 ape=0.5631
[21:47:10] warmStart 45% (852/1874) regret=0.095391 ape=0.5631
[21:47:10] warmStart 45% (853/1874) regret=0.095391 ape=0.5631
[21:47:10] warmStart 45% (854/1874) regret=0.095391 ape=0.5631
[21:47:11] warmStart 45% (855/1874) regret=0.095391 ape=0.5631
[21:47:11] warmStart 45% (856/1874) regret=0.095391 ape=0.5631
[21:47:11] warmStart 45% (857/1874) regret=0.095391 ape=0.5631
[21:47:11] warmStart 45% (858/1874) regret=0.095391 ape=0.5631
[21:47:12] warmStart 45% (859/1874) regret=0.095391 ape=0.5631
[21:47:12] warmStart 45% (860/1874) regret=0.095400 ape=0.5631
[21:47:12] warmStart 45% (861/1874) regret=0.095400 ape=0.5631
[21:47:12] warmStart 45% (862/1874) regret=0.095400 ape=0.5631
[21:47:12] warmStart 46% (863/1874) regret=0.095400 ape=0.5631
[21:47:13] warmStart 46% (864/1874) regret=0.095400 ape=0.5631
[21:47:13] warmStart 46% (865/1874) regret=0.095400 ape=0.5631
[21:47:13] warmStart 46% (866/1874) regret=0.095400 ape=0.5631
[21:47:13] warmStart 46% (867/1874) regret=0.095400 ape=0.5631
[21:47:13] warmStart 46% (868/1874) regret=0.095400 ape=0.5631
[21:47:14] warmStart 46% (869/1874) regret=0.095400 ape=0.5631
[21:47:14] warmStart 46% (870/1874) regret=0.095384 ape=0.5631
[21:47:14] warmStart 46% (871/1874) regret=0.095384 ape=0.5631
[21:47:14] warmStart 46% (872/1874) regret=0.095384 ape=0.5631
[21:47:14] warmStart 46% (873/1874) regret=0.095400 ape=0.5631
[21:47:15] warmStart 46% (874/1874) regret=0.095397 ape=0.5631
[21:47:15] warmStart 46% (875/1874) regret=0.095400 ape=0.5631
[21:47:15] warmStart 46% (876/1874) regret=0.095400 ape=0.5631
[21:47:15] warmStart 46% (877/1874) regret=0.095400 ape=0.5631
[21:47:16] warmStart 46% (878/1874) regret=0.094664 ape=0.5622
[21:47:16] warmStart 46% (879/1874) regret=0.094529 ape=0.5622
[21:47:16] warmStart 46% (880/1874) regret=0.094529 ape=0.5622
[21:47:16] warmStart 47% (881/1874) regret=0.094535 ape=0.5622
[21:47:17] warmStart 47% (882/1874) regret=0.094535 ape=0.5622
[21:47:17] warmStart 47% (883/1874) regret=0.094538 ape=0.5622
[21:47:17] warmStart 47% (884/1874) regret=0.094535 ape=0.5622
[21:47:17] warmStart 47% (885/1874) regret=0.094535 ape=0.5622
[21:47:18] warmStart 47% (886/1874) regret=0.094519 ape=0.5622
[21:47:18] warmStart 47% (887/1874) regret=0.094535 ape=0.5622
[21:47:18] warmStart 47% (888/1874) regret=0.094535 ape=0.5622
[21:47:18] warmStart 47% (889/1874) regret=0.094535 ape=0.5622
[21:47:19] warmStart 47% (890/1874) regret=0.094535 ape=0.5622
[21:47:19] warmStart 47% (891/1874) regret=0.094535 ape=0.5622
[21:47:19] warmStart 47% (892/1874) regret=0.094535 ape=0.5622
[21:47:19] warmStart 47% (893/1874) regret=0.094535 ape=0.5622
[21:47:19] warmStart 47% (894/1874) regret=0.094535 ape=0.5622
[21:47:20] warmStart 47% (895/1874) regret=0.094535 ape=0.5622
[21:47:20] warmStart 47% (896/1874) regret=0.094535 ape=0.5622
[21:47:20] warmStart 47% (897/1874) regret=0.094535 ape=0.5622
[21:47:20] warmStart 47% (898/1874) regret=0.094535 ape=0.5622
[21:47:21] warmStart 47% (899/1874) regret=0.094535 ape=0.5622
[21:47:21] warmStart 48% (900/1874) regret=0.094535 ape=0.5622
[21:47:21] warmStart 48% (901/1874) regret=0.094535 ape=0.5622
[21:47:21] warmStart 48% (902/1874) regret=0.094535 ape=0.5622
[21:47:22] warmStart 48% (903/1874) regret=0.094535 ape=0.5622
[21:47:22] warmStart 48% (904/1874) regret=0.094535 ape=0.5622
[21:47:22] warmStart 48% (905/1874) regret=0.094535 ape=0.5622
[21:47:22] warmStart 48% (906/1874) regret=0.094577 ape=0.5622
[21:47:22] warmStart 48% (907/1874) regret=0.094577 ape=0.5622
[21:47:23] warmStart 48% (908/1874) regret=0.094577 ape=0.5622
[21:47:23] warmStart 48% (909/1874) regret=0.094577 ape=0.5622
[21:47:23] warmStart 48% (910/1874) regret=0.094692 ape=0.5631
[21:47:23] warmStart 48% (911/1874) regret=0.094577 ape=0.5622
[21:47:24] warmStart 48% (912/1874) regret=0.094577 ape=0.5622
[21:47:24] warmStart 48% (913/1874) regret=0.094577 ape=0.5622
[21:47:24] warmStart 48% (914/1874) regret=0.094577 ape=0.5622
[21:47:24] warmStart 48% (915/1874) regret=0.094715 ape=0.5631
[21:47:25] warmStart 48% (916/1874) regret=0.094577 ape=0.5622
[21:47:25] warmStart 48% (917/1874) regret=0.094577 ape=0.5622
[21:47:25] warmStart 48% (918/1874) regret=0.094577 ape=0.5622
[21:47:25] warmStart 49% (919/1874) regret=0.094577 ape=0.5622
[21:47:26] warmStart 49% (920/1874) regret=0.094577 ape=0.5622
[21:47:26] warmStart 49% (921/1874) regret=0.094577 ape=0.5622
[21:47:26] warmStart 49% (922/1874) regret=0.094577 ape=0.5622
[21:47:26] warmStart 49% (923/1874) regret=0.094577 ape=0.5622
[21:47:27] warmStart 49% (924/1874) regret=0.094577 ape=0.5622
[21:47:27] warmStart 49% (925/1874) regret=0.094577 ape=0.5622
[21:47:27] warmStart 49% (926/1874) regret=0.094577 ape=0.5622
[21:47:27] warmStart 49% (927/1874) regret=0.094577 ape=0.5622
[21:47:27] warmStart 49% (928/1874) regret=0.094575 ape=0.5622
[21:47:28] warmStart 49% (929/1874) regret=0.094577 ape=0.5622
[21:47:28] warmStart 49% (930/1874) regret=0.094577 ape=0.5622
[21:47:28] warmStart 49% (931/1874) regret=0.094577 ape=0.5622
[21:47:28] warmStart 49% (932/1874) regret=0.094419 ape=0.5631
[21:47:29] warmStart 49% (933/1874) regret=0.094303 ape=0.5622
[21:47:29] warmStart 49% (934/1874) regret=0.094303 ape=0.5622
[21:47:29] warmStart 49% (935/1874) regret=0.094303 ape=0.5622
[21:47:29] warmStart 49% (936/1874) regret=0.094359 ape=0.5631
[21:47:30] warmStart 50% (937/1874) regret=0.094303 ape=0.5622
[21:47:30] warmStart 50% (938/1874) regret=0.094303 ape=0.5622
[21:47:30] warmStart 50% (939/1874) regret=0.094303 ape=0.5622
[21:47:30] warmStart 50% (940/1874) regret=0.094303 ape=0.5622
[21:47:31] warmStart 50% (941/1874) regret=0.094303 ape=0.5622
[21:47:31] warmStart 50% (942/1874) regret=0.094303 ape=0.5622
[21:47:31] warmStart 50% (943/1874) regret=0.094303 ape=0.5622
[21:47:31] warmStart 50% (944/1874) regret=0.094303 ape=0.5622
[21:47:32] warmStart 50% (945/1874) regret=0.094303 ape=0.5622
[21:47:32] warmStart 50% (946/1874) regret=0.094303 ape=0.5622
[21:47:32] warmStart 50% (947/1874) regret=0.094303 ape=0.5622
[21:47:32] warmStart 50% (948/1874) regret=0.094303 ape=0.5622
[21:47:32] warmStart 50% (949/1874) regret=0.094303 ape=0.5622
[21:47:33] warmStart 50% (950/1874) regret=0.094303 ape=0.5622
[21:47:33] warmStart 50% (951/1874) regret=0.094796 ape=0.5622
[21:47:33] warmStart 50% (952/1874) regret=0.094303 ape=0.5622
[21:47:33] warmStart 50% (953/1874) regret=0.094303 ape=0.5622
[21:47:34] warmStart 50% (954/1874) regret=0.094303 ape=0.5622
[21:47:34] warmStart 50% (955/1874) regret=0.094303 ape=0.5622
[21:47:34] warmStart 51% (956/1874) regret=0.094303 ape=0.5622
[21:47:34] warmStart 51% (957/1874) regret=0.094303 ape=0.5622
[21:47:34] warmStart 51% (958/1874) regret=0.094303 ape=0.5622
[21:47:35] warmStart 51% (959/1874) regret=0.094303 ape=0.5622
[21:47:35] warmStart 51% (960/1874) regret=0.094267 ape=0.5613
[21:47:35] warmStart 51% (961/1874) regret=0.094267 ape=0.5613
[21:47:35] warmStart 51% (962/1874) regret=0.094267 ape=0.5613
[21:47:35] warmStart 51% (963/1874) regret=0.094267 ape=0.5613
[21:47:36] warmStart 51% (964/1874) regret=0.094267 ape=0.5613
[21:47:36] warmStart 51% (965/1874) regret=0.094299 ape=0.5613
[21:47:36] warmStart 51% (966/1874) regret=0.094267 ape=0.5613
[21:47:36] warmStart 51% (967/1874) regret=0.094267 ape=0.5613
[21:47:36] warmStart 51% (968/1874) regret=0.094267 ape=0.5613
[21:47:37] warmStart 51% (969/1874) regret=0.094267 ape=0.5613
[21:47:37] warmStart 51% (970/1874) regret=0.094267 ape=0.5613
[21:47:37] warmStart 51% (971/1874) regret=0.094267 ape=0.5613
[21:47:37] warmStart 51% (972/1874) regret=0.094267 ape=0.5613
[21:47:38] warmStart 51% (973/1874) regret=0.094267 ape=0.5613
[21:47:38] warmStart 51% (974/1874) regret=0.094267 ape=0.5613
[21:47:38] warmStart 52% (975/1874) regret=0.094267 ape=0.5613
[21:47:38] warmStart 52% (976/1874) regret=0.094267 ape=0.5613
[21:47:38] warmStart 52% (977/1874) regret=0.094257 ape=0.5604
[21:47:39] warmStart 52% (978/1874) regret=0.094257 ape=0.5604
[21:47:39] warmStart 52% (979/1874) regret=0.094257 ape=0.5604
[21:47:39] warmStart 52% (980/1874) regret=0.094267 ape=0.5613
[21:47:39] warmStart 52% (981/1874) regret=0.094267 ape=0.5613
[21:47:40] warmStart 52% (982/1874) regret=0.094267 ape=0.5613
[21:47:40] warmStart 52% (983/1874) regret=0.094211 ape=0.5604
[21:47:40] warmStart 52% (984/1874) regret=0.094211 ape=0.5604
[21:47:40] warmStart 52% (985/1874) regret=0.094211 ape=0.5604
[21:47:41] warmStart 52% (986/1874) regret=0.094211 ape=0.5604
[21:47:41] warmStart 52% (987/1874) regret=0.094211 ape=0.5604
[21:47:41] warmStart 52% (988/1874) regret=0.094188 ape=0.5604
[21:47:41] warmStart 52% (989/1874) regret=0.094188 ape=0.5604
[21:47:41] warmStart 52% (990/1874) regret=0.094188 ape=0.5604
[21:47:42] warmStart 52% (991/1874) regret=0.094211 ape=0.5604
[21:47:42] warmStart 52% (992/1874) regret=0.094211 ape=0.5604
[21:47:42] warmStart 52% (993/1874) regret=0.094211 ape=0.5604
[21:47:42] warmStart 53% (994/1874) regret=0.094211 ape=0.5604
[21:47:43] warmStart 53% (995/1874) regret=0.094066 ape=0.5594
[21:47:43] warmStart 53% (996/1874) regret=0.094066 ape=0.5594
[21:47:43] warmStart 53% (997/1874) regret=0.094066 ape=0.5594
[21:47:43] warmStart 53% (998/1874) regret=0.094066 ape=0.5594
[21:47:43] warmStart 53% (999/1874) regret=0.094166 ape=0.5594
[21:47:44] warmStart 53% (1000/1874) regret=0.094166 ape=0.5594
[21:47:44] warmStart 53% (1001/1874) regret=0.094166 ape=0.5594
[21:47:44] warmStart 53% (1002/1874) regret=0.094075 ape=0.5594
[21:47:44] warmStart 53% (1003/1874) regret=0.094075 ape=0.5594
[21:47:45] warmStart 53% (1004/1874) regret=0.094066 ape=0.5594
[21:47:45] warmStart 53% (1005/1874) regret=0.094066 ape=0.5594
[21:47:45] warmStart 53% (1006/1874) regret=0.094066 ape=0.5594
[21:47:45] warmStart 53% (1007/1874) regret=0.094066 ape=0.5594
[21:47:45] warmStart 53% (1008/1874) regret=0.094066 ape=0.5594
[21:47:46] warmStart 53% (1009/1874) regret=0.094106 ape=0.5594
[21:47:46] warmStart 53% (1010/1874) regret=0.094066 ape=0.5594
[21:47:46] warmStart 53% (1011/1874) regret=0.094106 ape=0.5594
[21:47:46] warmStart 54% (1012/1874) regret=0.094106 ape=0.5594
[21:47:47] warmStart 54% (1013/1874) regret=0.094106 ape=0.5594
[21:47:47] warmStart 54% (1014/1874) regret=0.094106 ape=0.5594
[21:47:47] warmStart 54% (1015/1874) regret=0.094106 ape=0.5594
[21:47:47] warmStart 54% (1016/1874) regret=0.094106 ape=0.5594
[21:47:47] warmStart 54% (1017/1874) regret=0.094106 ape=0.5594
[21:47:48] warmStart 54% (1018/1874) regret=0.094106 ape=0.5594
[21:47:48] warmStart 54% (1019/1874) regret=0.094106 ape=0.5594
[21:47:48] warmStart 54% (1020/1874) regret=0.094106 ape=0.5594
[21:47:48] warmStart 54% (1021/1874) regret=0.094106 ape=0.5594
[21:47:48] warmStart 54% (1022/1874) regret=0.094106 ape=0.5594
[21:47:49] warmStart 54% (1023/1874) regret=0.094106 ape=0.5594
[21:47:49] warmStart 54% (1024/1874) regret=0.094106 ape=0.5594
[21:47:49] warmStart 54% (1025/1874) regret=0.094106 ape=0.5594
[21:47:49] warmStart 54% (1026/1874) regret=0.094106 ape=0.5594
[21:47:50] warmStart 54% (1027/1874) regret=0.094106 ape=0.5594
[21:47:50] warmStart 54% (1028/1874) regret=0.094106 ape=0.5594
[21:47:50] warmStart 54% (1029/1874) regret=0.094106 ape=0.5594
[21:47:50] warmStart 54% (1030/1874) regret=0.094106 ape=0.5594
[21:47:51] warmStart 55% (1031/1874) regret=0.094106 ape=0.5594
[21:47:51] warmStart 55% (1032/1874) regret=0.094106 ape=0.5594
[21:47:51] warmStart 55% (1033/1874) regret=0.094106 ape=0.5594
[21:47:51] warmStart 55% (1034/1874) regret=0.094106 ape=0.5594
[21:47:52] warmStart 55% (1035/1874) regret=0.094080 ape=0.5594
[21:47:52] warmStart 55% (1036/1874) regret=0.094080 ape=0.5594
[21:47:52] warmStart 55% (1037/1874) regret=0.094379 ape=0.5604
[21:47:52] warmStart 55% (1038/1874) regret=0.094080 ape=0.5594
[21:47:52] warmStart 55% (1039/1874) regret=0.094080 ape=0.5594
[21:47:53] warmStart 55% (1040/1874) regret=0.094116 ape=0.5594
[21:47:53] warmStart 55% (1041/1874) regret=0.094080 ape=0.5594
[21:47:53] warmStart 55% (1042/1874) regret=0.094080 ape=0.5594
[21:47:53] warmStart 55% (1043/1874) regret=0.094080 ape=0.5594
[21:47:54] warmStart 55% (1044/1874) regret=0.094080 ape=0.5594
[21:47:54] warmStart 55% (1045/1874) regret=0.094080 ape=0.5594
[21:47:54] warmStart 55% (1046/1874) regret=0.094080 ape=0.5594
[21:47:54] warmStart 55% (1047/1874) regret=0.094080 ape=0.5594
[21:47:55] warmStart 55% (1048/1874) regret=0.094080 ape=0.5594
[21:47:55] warmStart 55% (1049/1874) regret=0.094080 ape=0.5594
[21:47:55] warmStart 56% (1050/1874) regret=0.094080 ape=0.5594
[21:47:55] warmStart 56% (1051/1874) regret=0.094089 ape=0.5594
[21:47:55] warmStart 56% (1052/1874) regret=0.094089 ape=0.5594
[21:47:56] warmStart 56% (1053/1874) regret=0.094089 ape=0.5594
[21:47:56] warmStart 56% (1054/1874) regret=0.094089 ape=0.5594
[21:47:56] warmStart 56% (1055/1874) regret=0.094089 ape=0.5594
[21:47:56] warmStart 56% (1056/1874) regret=0.094089 ape=0.5594
[21:47:57] warmStart 56% (1057/1874) regret=0.094227 ape=0.5604
[21:47:57] warmStart 56% (1058/1874) regret=0.094121 ape=0.5604
[21:47:57] warmStart 56% (1059/1874) regret=0.094089 ape=0.5594
[21:47:57] warmStart 56% (1060/1874) regret=0.094038 ape=0.5585
[21:47:57] warmStart 56% (1061/1874) regret=0.094038 ape=0.5585
[21:47:58] warmStart 56% (1062/1874) regret=0.094038 ape=0.5585
[21:47:58] warmStart 56% (1063/1874) regret=0.094038 ape=0.5585
[21:47:58] warmStart 56% (1064/1874) regret=0.094038 ape=0.5585
[21:47:58] warmStart 56% (1065/1874) regret=0.094038 ape=0.5585
[21:47:58] warmStart 56% (1066/1874) regret=0.094038 ape=0.5585
[21:47:59] warmStart 56% (1067/1874) regret=0.094100 ape=0.5585
[21:47:59] warmStart 56% (1068/1874) regret=0.094038 ape=0.5585
[21:47:59] warmStart 57% (1069/1874) regret=0.094038 ape=0.5585
[21:47:59] warmStart 57% (1070/1874) regret=0.094038 ape=0.5585
[21:47:59] warmStart 57% (1071/1874) regret=0.094038 ape=0.5585
[21:47:59] warmStart 57% (1072/1874) regret=0.094038 ape=0.5585
[21:48:00] warmStart 57% (1073/1874) regret=0.094038 ape=0.5585
[21:48:00] warmStart 57% (1074/1874) regret=0.094001 ape=0.5585
[21:48:00] warmStart 57% (1075/1874) regret=0.093998 ape=0.5585
[21:48:00] warmStart 57% (1076/1874) regret=0.093998 ape=0.5585
[21:48:01] warmStart 57% (1077/1874) regret=0.093998 ape=0.5585
[21:48:01] warmStart 57% (1078/1874) regret=0.093998 ape=0.5585
[21:48:01] warmStart 57% (1079/1874) regret=0.093998 ape=0.5585
[21:48:01] warmStart 57% (1080/1874) regret=0.093998 ape=0.5585
[21:48:02] warmStart 57% (1081/1874) regret=0.093998 ape=0.5585
[21:48:02] warmStart 57% (1082/1874) regret=0.093998 ape=0.5585
[21:48:02] warmStart 57% (1083/1874) regret=0.093998 ape=0.5585
[21:48:02] warmStart 57% (1084/1874) regret=0.093998 ape=0.5585
[21:48:03] warmStart 57% (1085/1874) regret=0.093998 ape=0.5585
[21:48:03] warmStart 57% (1086/1874) regret=0.093998 ape=0.5585
[21:48:03] warmStart 58% (1087/1874) regret=0.093998 ape=0.5585
[21:48:03] warmStart 58% (1088/1874) regret=0.093998 ape=0.5585
[21:48:04] warmStart 58% (1089/1874) regret=0.093998 ape=0.5585
[21:48:04] warmStart 58% (1090/1874) regret=0.093998 ape=0.5585
[21:48:04] warmStart 58% (1091/1874) regret=0.093998 ape=0.5585
[21:48:04] warmStart 58% (1092/1874) regret=0.093998 ape=0.5585
[21:48:05] warmStart 58% (1093/1874) regret=0.093998 ape=0.5585
[21:48:05] warmStart 58% (1094/1874) regret=0.093998 ape=0.5585
[21:48:05] warmStart 58% (1095/1874) regret=0.093998 ape=0.5585
[21:48:06] warmStart 58% (1096/1874) regret=0.093998 ape=0.5585
[21:48:06] warmStart 58% (1097/1874) regret=0.093998 ape=0.5585
[21:48:06] warmStart 58% (1098/1874) regret=0.093998 ape=0.5585
[21:48:06] warmStart 58% (1099/1874) regret=0.093998 ape=0.5585
[21:48:06] warmStart 58% (1100/1874) regret=0.093990 ape=0.5585
[21:48:07] warmStart 58% (1101/1874) regret=0.093998 ape=0.5585
[21:48:07] warmStart 58% (1102/1874) regret=0.093998 ape=0.5585
[21:48:07] warmStart 58% (1103/1874) regret=0.093998 ape=0.5585
[21:48:07] warmStart 58% (1104/1874) regret=0.093998 ape=0.5585
[21:48:08] warmStart 58% (1105/1874) regret=0.093998 ape=0.5585
[21:48:08] warmStart 59% (1106/1874) regret=0.093998 ape=0.5585
[21:48:08] warmStart 59% (1107/1874) regret=0.093998 ape=0.5585
[21:48:08] warmStart 59% (1108/1874) regret=0.093998 ape=0.5585
[21:48:09] warmStart 59% (1109/1874) regret=0.093998 ape=0.5585
[21:48:09] warmStart 59% (1110/1874) regret=0.093998 ape=0.5585
[21:48:09] warmStart 59% (1111/1874) regret=0.093998 ape=0.5585
[21:48:09] warmStart 59% (1112/1874) regret=0.093998 ape=0.5585
[21:48:10] warmStart 59% (1113/1874) regret=0.093998 ape=0.5585
[21:48:10] warmStart 59% (1114/1874) regret=0.093998 ape=0.5585
[21:48:10] warmStart 59% (1115/1874) regret=0.093998 ape=0.5585
[21:48:10] warmStart 59% (1116/1874) regret=0.093998 ape=0.5585
[21:48:10] warmStart 59% (1117/1874) regret=0.093998 ape=0.5585
[21:48:11] warmStart 59% (1118/1874) regret=0.093998 ape=0.5585
[21:48:11] warmStart 59% (1119/1874) regret=0.094038 ape=0.5585
[21:48:11] warmStart 59% (1120/1874) regret=0.094038 ape=0.5585
[21:48:11] warmStart 59% (1121/1874) regret=0.094038 ape=0.5585
[21:48:12] warmStart 59% (1122/1874) regret=0.094038 ape=0.5585
[21:48:12] warmStart 59% (1123/1874) regret=0.094038 ape=0.5585
[21:48:12] warmStart 59% (1124/1874) regret=0.094038 ape=0.5585
[21:48:12] warmStart 60% (1125/1874) regret=0.094038 ape=0.5585
[21:48:12] warmStart 60% (1126/1874) regret=0.094038 ape=0.5585
[21:48:13] warmStart 60% (1127/1874) regret=0.094038 ape=0.5585
[21:48:13] warmStart 60% (1128/1874) regret=0.094393 ape=0.5594
[21:48:13] warmStart 60% (1129/1874) regret=0.094393 ape=0.5594
[21:48:13] warmStart 60% (1130/1874) regret=0.093994 ape=0.5585
[21:48:14] warmStart 60% (1131/1874) regret=0.094038 ape=0.5585
[21:48:14] warmStart 60% (1132/1874) regret=0.093494 ape=0.5585
[21:48:14] warmStart 60% (1133/1874) regret=0.093494 ape=0.5585
[21:48:14] warmStart 60% (1134/1874) regret=0.093481 ape=0.5585
[21:48:14] warmStart 60% (1135/1874) regret=0.093494 ape=0.5585
[21:48:15] warmStart 60% (1136/1874) regret=0.093557 ape=0.5585
[21:48:15] warmStart 60% (1137/1874) regret=0.093471 ape=0.5585
[21:48:15] warmStart 60% (1138/1874) regret=0.093557 ape=0.5585
[21:48:15] warmStart 60% (1139/1874) regret=0.093557 ape=0.5585
[21:48:16] warmStart 60% (1140/1874) regret=0.093471 ape=0.5585
[21:48:16] warmStart 60% (1141/1874) regret=0.093471 ape=0.5585
[21:48:16] warmStart 60% (1142/1874) regret=0.093471 ape=0.5585
[21:48:16] warmStart 60% (1143/1874) regret=0.093471 ape=0.5585
[21:48:17] warmStart 61% (1144/1874) regret=0.093471 ape=0.5585
[21:48:17] warmStart 61% (1145/1874) regret=0.093471 ape=0.5585
[21:48:17] warmStart 61% (1146/1874) regret=0.093471 ape=0.5585
[21:48:17] warmStart 61% (1147/1874) regret=0.093471 ape=0.5585
[21:48:18] warmStart 61% (1148/1874) regret=0.093471 ape=0.5585
[21:48:18] warmStart 61% (1149/1874) regret=0.093471 ape=0.5585
[21:48:18] warmStart 61% (1150/1874) regret=0.093471 ape=0.5585
[21:48:18] warmStart 61% (1151/1874) regret=0.093471 ape=0.5585
[21:48:19] warmStart 61% (1152/1874) regret=0.093471 ape=0.5585
[21:48:19] warmStart 61% (1153/1874) regret=0.093471 ape=0.5585
[21:48:19] warmStart 61% (1154/1874) regret=0.093471 ape=0.5585
[21:48:19] warmStart 61% (1155/1874) regret=0.093471 ape=0.5585
[21:48:19] warmStart 61% (1156/1874) regret=0.093471 ape=0.5585
[21:48:20] warmStart 61% (1157/1874) regret=0.092983 ape=0.5576
[21:48:20] warmStart 61% (1158/1874) regret=0.092983 ape=0.5576
[21:48:20] warmStart 61% (1159/1874) regret=0.092983 ape=0.5576
[21:48:20] warmStart 61% (1160/1874) regret=0.092983 ape=0.5576
[21:48:20] warmStart 61% (1161/1874) regret=0.092983 ape=0.5576
[21:48:20] warmStart 62% (1162/1874) regret=0.092983 ape=0.5576
[21:48:21] warmStart 62% (1163/1874) regret=0.092983 ape=0.5576
[21:48:21] warmStart 62% (1164/1874) regret=0.092983 ape=0.5576
[21:48:21] warmStart 62% (1165/1874) regret=0.092983 ape=0.5576
[21:48:21] warmStart 62% (1166/1874) regret=0.092983 ape=0.5576
[21:48:21] warmStart 62% (1167/1874) regret=0.092983 ape=0.5576
[21:48:22] warmStart 62% (1168/1874) regret=0.092983 ape=0.5576
[21:48:22] warmStart 62% (1169/1874) regret=0.092863 ape=0.5576
[21:48:22] warmStart 62% (1170/1874) regret=0.092863 ape=0.5576
[21:48:22] warmStart 62% (1171/1874) regret=0.092863 ape=0.5576
[21:48:22] warmStart 62% (1172/1874) regret=0.092863 ape=0.5576
[21:48:23] warmStart 62% (1173/1874) regret=0.092863 ape=0.5576
[21:48:23] warmStart 62% (1174/1874) regret=0.092863 ape=0.5576
[21:48:23] warmStart 62% (1175/1874) regret=0.092863 ape=0.5576
[21:48:23] warmStart 62% (1176/1874) regret=0.092863 ape=0.5576
[21:48:24] warmStart 62% (1177/1874) regret=0.092863 ape=0.5576
[21:48:24] warmStart 62% (1178/1874) regret=0.092863 ape=0.5576
[21:48:24] warmStart 62% (1179/1874) regret=0.092863 ape=0.5576
[21:48:25] warmStart 62% (1180/1874) regret=0.092863 ape=0.5576
[21:48:25] warmStart 63% (1181/1874) regret=0.092863 ape=0.5576
[21:48:25] warmStart 63% (1182/1874) regret=0.092573 ape=0.5576
[21:48:25] warmStart 63% (1183/1874) regret=0.092573 ape=0.5576
[21:48:25] warmStart 63% (1184/1874) regret=0.092573 ape=0.5576
[21:48:26] warmStart 63% (1185/1874) regret=0.092573 ape=0.5576
[21:48:26] warmStart 63% (1186/1874) regret=0.092573 ape=0.5576
[21:48:26] warmStart 63% (1187/1874) regret=0.092573 ape=0.5576
[21:48:26] warmStart 63% (1188/1874) regret=0.092702 ape=0.5585
[21:48:27] warmStart 63% (1189/1874) regret=0.092702 ape=0.5585
[21:48:27] warmStart 63% (1190/1874) regret=0.092702 ape=0.5585
[21:48:27] warmStart 63% (1191/1874) regret=0.092702 ape=0.5585
[21:48:27] warmStart 63% (1192/1874) regret=0.092702 ape=0.5585
[21:48:27] warmStart 63% (1193/1874) regret=0.092702 ape=0.5585
[21:48:28] warmStart 63% (1194/1874) regret=0.092702 ape=0.5585
[21:48:28] warmStart 63% (1195/1874) regret=0.092702 ape=0.5585
[21:48:28] warmStart 63% (1196/1874) regret=0.092702 ape=0.5585
[21:48:28] warmStart 63% (1197/1874) regret=0.092702 ape=0.5585
[21:48:29] warmStart 63% (1198/1874) regret=0.092702 ape=0.5585
[21:48:29] warmStart 63% (1199/1874) regret=0.092702 ape=0.5585
[21:48:29] warmStart 64% (1200/1874) regret=0.092702 ape=0.5585
[21:48:29] warmStart 64% (1201/1874) regret=0.092702 ape=0.5585
[21:48:29] warmStart 64% (1202/1874) regret=0.092702 ape=0.5585
[21:48:30] warmStart 64% (1203/1874) regret=0.092702 ape=0.5585
[21:48:30] warmStart 64% (1204/1874) regret=0.092702 ape=0.5585
[21:48:30] warmStart 64% (1205/1874) regret=0.092702 ape=0.5585
[21:48:30] warmStart 64% (1206/1874) regret=0.092702 ape=0.5585
[21:48:30] warmStart 64% (1207/1874) regret=0.092702 ape=0.5585
[21:48:31] warmStart 64% (1208/1874) regret=0.092702 ape=0.5585
[21:48:31] warmStart 64% (1209/1874) regret=0.092702 ape=0.5585
[21:48:31] warmStart 64% (1210/1874) regret=0.092702 ape=0.5585
[21:48:31] warmStart 64% (1211/1874) regret=0.092702 ape=0.5585
[21:48:32] warmStart 64% (1212/1874) regret=0.092702 ape=0.5585
[21:48:32] warmStart 64% (1213/1874) regret=0.092702 ape=0.5585
[21:48:32] warmStart 64% (1214/1874) regret=0.092702 ape=0.5585
[21:48:32] warmStart 64% (1215/1874) regret=0.092702 ape=0.5585
[21:48:32] warmStart 64% (1216/1874) regret=0.092702 ape=0.5585
[21:48:33] warmStart 64% (1217/1874) regret=0.092702 ape=0.5585
[21:48:33] warmStart 64% (1218/1874) regret=0.092798 ape=0.5594
[21:48:33] warmStart 65% (1219/1874) regret=0.092702 ape=0.5585
[21:48:33] warmStart 65% (1220/1874) regret=0.092702 ape=0.5585
[21:48:34] warmStart 65% (1221/1874) regret=0.092702 ape=0.5585
[21:48:34] warmStart 65% (1222/1874) regret=0.092702 ape=0.5585
[21:48:34] warmStart 65% (1223/1874) regret=0.092662 ape=0.5585
[21:48:34] warmStart 65% (1224/1874) regret=0.092702 ape=0.5585
[21:48:35] warmStart 65% (1225/1874) regret=0.092702 ape=0.5585
[21:48:35] warmStart 65% (1226/1874) regret=0.092992 ape=0.5585
[21:48:35] warmStart 65% (1227/1874) regret=0.092702 ape=0.5585
[21:48:35] warmStart 65% (1228/1874) regret=0.092702 ape=0.5585
[21:48:35] warmStart 65% (1229/1874) regret=0.092702 ape=0.5585
[21:48:36] warmStart 65% (1230/1874) regret=0.092702 ape=0.5585
[21:48:36] warmStart 65% (1231/1874) regret=0.092702 ape=0.5585
[21:48:36] warmStart 65% (1232/1874) regret=0.092702 ape=0.5585
[21:48:36] warmStart 65% (1233/1874) regret=0.092702 ape=0.5585
[21:48:36] warmStart 65% (1234/1874) regret=0.092702 ape=0.5585
[21:48:37] warmStart 65% (1235/1874) regret=0.092702 ape=0.5585
[21:48:37] warmStart 65% (1236/1874) regret=0.092702 ape=0.5585
[21:48:37] warmStart 66% (1237/1874) regret=0.092651 ape=0.5585
[21:48:37] warmStart 66% (1238/1874) regret=0.092802 ape=0.5585
[21:48:38] warmStart 66% (1239/1874) regret=0.092802 ape=0.5585
[21:48:38] warmStart 66% (1240/1874) regret=0.092802 ape=0.5585
[21:48:38] warmStart 66% (1241/1874) regret=0.092802 ape=0.5585
[21:48:38] warmStart 66% (1242/1874) regret=0.092802 ape=0.5585
[21:48:39] warmStart 66% (1243/1874) regret=0.092802 ape=0.5585
[21:48:39] warmStart 66% (1244/1874) regret=0.092802 ape=0.5585
[21:48:39] warmStart 66% (1245/1874) regret=0.092802 ape=0.5585
[21:48:39] warmStart 66% (1246/1874) regret=0.092802 ape=0.5585
[21:48:39] warmStart 66% (1247/1874) regret=0.092802 ape=0.5585
[21:48:40] warmStart 66% (1248/1874) regret=0.092802 ape=0.5585
[21:48:40] warmStart 66% (1249/1874) regret=0.092760 ape=0.5585
[21:48:40] warmStart 66% (1250/1874) regret=0.092760 ape=0.5585
[21:48:40] warmStart 66% (1251/1874) regret=0.092760 ape=0.5585
[21:48:41] warmStart 66% (1252/1874) regret=0.092760 ape=0.5585
[21:48:41] warmStart 66% (1253/1874) regret=0.092903 ape=0.5585
[21:48:41] warmStart 66% (1254/1874) regret=0.092760 ape=0.5585
[21:48:41] warmStart 66% (1255/1874) regret=0.092760 ape=0.5585
[21:48:41] warmStart 67% (1256/1874) regret=0.092760 ape=0.5585
[21:48:42] warmStart 67% (1257/1874) regret=0.092760 ape=0.5585
[21:48:42] warmStart 67% (1258/1874) regret=0.092760 ape=0.5585
[21:48:42] warmStart 67% (1259/1874) regret=0.092760 ape=0.5585
[21:48:42] warmStart 67% (1260/1874) regret=0.092760 ape=0.5585
[21:48:43] warmStart 67% (1261/1874) regret=0.092751 ape=0.5585
[21:48:43] warmStart 67% (1262/1874) regret=0.092751 ape=0.5585
[21:48:43] warmStart 67% (1263/1874) regret=0.092751 ape=0.5585
[21:48:43] warmStart 67% (1264/1874) regret=0.092751 ape=0.5585
[21:48:44] warmStart 67% (1265/1874) regret=0.092751 ape=0.5585
[21:48:44] warmStart 67% (1266/1874) regret=0.092751 ape=0.5585
[21:48:44] warmStart 67% (1267/1874) regret=0.092751 ape=0.5585
[21:48:44] warmStart 67% (1268/1874) regret=0.092751 ape=0.5585
[21:48:44] warmStart 67% (1269/1874) regret=0.092751 ape=0.5585
[21:48:44] warmStart 67% (1270/1874) regret=0.092751 ape=0.5585
[21:48:45] warmStart 67% (1271/1874) regret=0.092751 ape=0.5585
[21:48:45] warmStart 67% (1272/1874) regret=0.092751 ape=0.5585
[21:48:45] warmStart 67% (1273/1874) regret=0.092751 ape=0.5585
[21:48:45] warmStart 67% (1274/1874) regret=0.092751 ape=0.5585
[21:48:45] warmStart 68% (1275/1874) regret=0.092751 ape=0.5585
[21:48:46] warmStart 68% (1276/1874) regret=0.092751 ape=0.5585
[21:48:46] warmStart 68% (1277/1874) regret=0.092751 ape=0.5585
[21:48:46] warmStart 68% (1278/1874) regret=0.092866 ape=0.5594
[21:48:46] warmStart 68% (1279/1874) regret=0.092866 ape=0.5594
[21:48:46] warmStart 68% (1280/1874) regret=0.092838 ape=0.5594
[21:48:47] warmStart 68% (1281/1874) regret=0.092838 ape=0.5594
[21:48:47] warmStart 68% (1282/1874) regret=0.092838 ape=0.5594
[21:48:47] warmStart 68% (1283/1874) regret=0.092838 ape=0.5594
[21:48:47] warmStart 68% (1284/1874) regret=0.092838 ape=0.5594
[21:48:48] warmStart 68% (1285/1874) regret=0.092838 ape=0.5594
[21:48:48] warmStart 68% (1286/1874) regret=0.092838 ape=0.5594
[21:48:48] warmStart 68% (1287/1874) regret=0.092838 ape=0.5594
[21:48:48] warmStart 68% (1288/1874) regret=0.092645 ape=0.5594
[21:48:49] warmStart 68% (1289/1874) regret=0.092645 ape=0.5594
[21:48:49] warmStart 68% (1290/1874) regret=0.092645 ape=0.5594
[21:48:49] warmStart 68% (1291/1874) regret=0.092643 ape=0.5594
[21:48:49] warmStart 68% (1292/1874) regret=0.092643 ape=0.5594
[21:48:50] warmStart 68% (1293/1874) regret=0.092645 ape=0.5594
[21:48:50] warmStart 69% (1294/1874) regret=0.092645 ape=0.5594
[21:48:50] warmStart 69% (1295/1874) regret=0.092645 ape=0.5594
[21:48:50] warmStart 69% (1296/1874) regret=0.092645 ape=0.5594
[21:48:50] warmStart 69% (1297/1874) regret=0.092645 ape=0.5594
[21:48:51] warmStart 69% (1298/1874) regret=0.092673 ape=0.5594
[21:48:51] warmStart 69% (1299/1874) regret=0.092645 ape=0.5594
[21:48:51] warmStart 69% (1300/1874) regret=0.092645 ape=0.5594
[21:48:51] warmStart 69% (1301/1874) regret=0.092645 ape=0.5594
[21:48:52] warmStart 69% (1302/1874) regret=0.092645 ape=0.5594
[21:48:52] warmStart 69% (1303/1874) regret=0.092645 ape=0.5594
[21:48:52] warmStart 69% (1304/1874) regret=0.092645 ape=0.5594
[21:48:52] warmStart 69% (1305/1874) regret=0.092645 ape=0.5594
[21:48:52] warmStart 69% (1306/1874) regret=0.092645 ape=0.5594
[21:48:53] warmStart 69% (1307/1874) regret=0.092645 ape=0.5594
[21:48:53] warmStart 69% (1308/1874) regret=0.092645 ape=0.5594
[21:48:53] warmStart 69% (1309/1874) regret=0.092645 ape=0.5594
[21:48:53] warmStart 69% (1310/1874) regret=0.092645 ape=0.5594
[21:48:53] warmStart 69% (1311/1874) regret=0.092645 ape=0.5594
[21:48:54] warmStart 70% (1312/1874) regret=0.092645 ape=0.5594
[21:48:54] warmStart 70% (1313/1874) regret=0.092645 ape=0.5594
[21:48:54] warmStart 70% (1314/1874) regret=0.092645 ape=0.5594
[21:48:54] warmStart 70% (1315/1874) regret=0.092645 ape=0.5594
[21:48:55] warmStart 70% (1316/1874) regret=0.092645 ape=0.5594
[21:48:55] warmStart 70% (1317/1874) regret=0.092645 ape=0.5594
[21:48:55] warmStart 70% (1318/1874) regret=0.092645 ape=0.5594
[21:48:55] warmStart 70% (1319/1874) regret=0.092645 ape=0.5594
[21:48:56] warmStart 70% (1320/1874) regret=0.092645 ape=0.5594
[21:48:56] warmStart 70% (1321/1874) regret=0.092645 ape=0.5594
[21:48:56] warmStart 70% (1322/1874) regret=0.092645 ape=0.5594
[21:48:56] warmStart 70% (1323/1874) regret=0.092645 ape=0.5594
[21:48:56] warmStart 70% (1324/1874) regret=0.092645 ape=0.5594
[21:48:57] warmStart 70% (1325/1874) regret=0.092645 ape=0.5594
[21:48:57] warmStart 70% (1326/1874) regret=0.092645 ape=0.5594
[21:48:57] warmStart 70% (1327/1874) regret=0.092645 ape=0.5594
[21:48:57] warmStart 70% (1328/1874) regret=0.092645 ape=0.5594
[21:48:57] warmStart 70% (1329/1874) regret=0.092645 ape=0.5594
[21:48:58] warmStart 70% (1330/1874) regret=0.092645 ape=0.5594
[21:48:58] warmStart 71% (1331/1874) regret=0.092545 ape=0.5594
[21:48:58] warmStart 71% (1332/1874) regret=0.092545 ape=0.5594
[21:48:58] warmStart 71% (1333/1874) regret=0.092545 ape=0.5594
[21:48:59] warmStart 71% (1334/1874) regret=0.092545 ape=0.5594
[21:48:59] warmStart 71% (1335/1874) regret=0.092545 ape=0.5594
[21:48:59] warmStart 71% (1336/1874) regret=0.092545 ape=0.5594
[21:48:59] warmStart 71% (1337/1874) regret=0.092545 ape=0.5594
[21:48:59] warmStart 71% (1338/1874) regret=0.092545 ape=0.5594
[21:49:00] warmStart 71% (1339/1874) regret=0.092545 ape=0.5594
[21:49:00] warmStart 71% (1340/1874) regret=0.092545 ape=0.5594
[21:49:00] warmStart 71% (1341/1874) regret=0.092545 ape=0.5594
[21:49:00] warmStart 71% (1342/1874) regret=0.092545 ape=0.5594
[21:49:01] warmStart 71% (1343/1874) regret=0.092545 ape=0.5594
[21:49:01] warmStart 71% (1344/1874) regret=0.092545 ape=0.5594
[21:49:01] warmStart 71% (1345/1874) regret=0.092545 ape=0.5594
[21:49:01] warmStart 71% (1346/1874) regret=0.092545 ape=0.5594
[21:49:02] warmStart 71% (1347/1874) regret=0.092601 ape=0.5594
[21:49:02] warmStart 71% (1348/1874) regret=0.092601 ape=0.5594
[21:49:02] warmStart 71% (1349/1874) regret=0.092601 ape=0.5594
[21:49:02] warmStart 72% (1350/1874) regret=0.092601 ape=0.5594
[21:49:02] warmStart 72% (1351/1874) regret=0.092601 ape=0.5594
[21:49:03] warmStart 72% (1352/1874) regret=0.092601 ape=0.5594
[21:49:03] warmStart 72% (1353/1874) regret=0.092601 ape=0.5594
[21:49:03] warmStart 72% (1354/1874) regret=0.092601 ape=0.5594
[21:49:03] warmStart 72% (1355/1874) regret=0.092591 ape=0.5594
[21:49:04] warmStart 72% (1356/1874) regret=0.092601 ape=0.5594
[21:49:04] warmStart 72% (1357/1874) regret=0.092601 ape=0.5594
[21:49:04] warmStart 72% (1358/1874) regret=0.092601 ape=0.5594
[21:49:04] warmStart 72% (1359/1874) regret=0.092601 ape=0.5594
[21:49:04] warmStart 72% (1360/1874) regret=0.092582 ape=0.5594
[21:49:05] warmStart 72% (1361/1874) regret=0.092582 ape=0.5594
[21:49:05] warmStart 72% (1362/1874) regret=0.092582 ape=0.5594
[21:49:05] warmStart 72% (1363/1874) regret=0.092582 ape=0.5594
[21:49:05] warmStart 72% (1364/1874) regret=0.092582 ape=0.5594
[21:49:06] warmStart 72% (1365/1874) regret=0.092582 ape=0.5594
[21:49:06] warmStart 72% (1366/1874) regret=0.092582 ape=0.5594
[21:49:06] warmStart 72% (1367/1874) regret=0.092582 ape=0.5594
[21:49:06] warmStart 72% (1368/1874) regret=0.092582 ape=0.5594
[21:49:07] warmStart 73% (1369/1874) regret=0.092582 ape=0.5594
[21:49:07] warmStart 73% (1370/1874) regret=0.092582 ape=0.5594
[21:49:07] warmStart 73% (1371/1874) regret=0.092582 ape=0.5594
[21:49:07] warmStart 73% (1372/1874) regret=0.092582 ape=0.5594
[21:49:07] warmStart 73% (1373/1874) regret=0.092582 ape=0.5594
[21:49:08] warmStart 73% (1374/1874) regret=0.092582 ape=0.5594
[21:49:08] warmStart 73% (1375/1874) regret=0.092582 ape=0.5594
[21:49:08] warmStart 73% (1376/1874) regret=0.092582 ape=0.5594
[21:49:08] warmStart 73% (1377/1874) regret=0.092582 ape=0.5594
[21:49:08] warmStart 73% (1378/1874) regret=0.092582 ape=0.5594
[21:49:08] warmStart 73% (1379/1874) regret=0.092582 ape=0.5594
[21:49:09] warmStart 73% (1380/1874) regret=0.092582 ape=0.5594
[21:49:09] warmStart 73% (1381/1874) regret=0.092582 ape=0.5594
[21:49:09] warmStart 73% (1382/1874) regret=0.092582 ape=0.5594
[21:49:09] warmStart 73% (1383/1874) regret=0.092582 ape=0.5594
[21:49:10] warmStart 73% (1384/1874) regret=0.092582 ape=0.5594
[21:49:10] warmStart 73% (1385/1874) regret=0.092582 ape=0.5594
[21:49:10] warmStart 73% (1386/1874) regret=0.092582 ape=0.5594
[21:49:10] warmStart 74% (1387/1874) regret=0.092582 ape=0.5594
[21:49:10] warmStart 74% (1388/1874) regret=0.092582 ape=0.5594
[21:49:11] warmStart 74% (1389/1874) regret=0.092573 ape=0.5594
[21:49:11] warmStart 74% (1390/1874) regret=0.092490 ape=0.5594
[21:49:11] warmStart 74% (1391/1874) regret=0.092490 ape=0.5594
[21:49:11] warmStart 74% (1392/1874) regret=0.092490 ape=0.5594
[21:49:12] warmStart 74% (1393/1874) regret=0.092490 ape=0.5594
[21:49:12] warmStart 74% (1394/1874) regret=0.092490 ape=0.5594
[21:49:12] warmStart 74% (1395/1874) regret=0.092490 ape=0.5594
[21:49:12] warmStart 74% (1396/1874) regret=0.092490 ape=0.5594
[21:49:13] warmStart 74% (1397/1874) regret=0.092490 ape=0.5594
[21:49:13] warmStart 74% (1398/1874) regret=0.092375 ape=0.5585
[21:49:13] warmStart 74% (1399/1874) regret=0.092375 ape=0.5585
[21:49:13] warmStart 74% (1400/1874) regret=0.092375 ape=0.5585
[21:49:13] warmStart 74% (1401/1874) regret=0.092375 ape=0.5585
[21:49:14] warmStart 74% (1402/1874) regret=0.092375 ape=0.5585
[21:49:14] warmStart 74% (1403/1874) regret=0.092375 ape=0.5585
[21:49:14] warmStart 74% (1404/1874) regret=0.092375 ape=0.5585
[21:49:14] warmStart 74% (1405/1874) regret=0.092375 ape=0.5585
[21:49:14] warmStart 75% (1406/1874) regret=0.092375 ape=0.5585
[21:49:15] warmStart 75% (1407/1874) regret=0.092358 ape=0.5585
[21:49:15] warmStart 75% (1408/1874) regret=0.092358 ape=0.5585
[21:49:15] warmStart 75% (1409/1874) regret=0.092358 ape=0.5585
[21:49:15] warmStart 75% (1410/1874) regret=0.092358 ape=0.5585
[21:49:16] warmStart 75% (1411/1874) regret=0.092358 ape=0.5585
[21:49:16] warmStart 75% (1412/1874) regret=0.092635 ape=0.5585
[21:49:16] warmStart 75% (1413/1874) regret=0.092358 ape=0.5585
[21:49:16] warmStart 75% (1414/1874) regret=0.092358 ape=0.5585
[21:49:17] warmStart 75% (1415/1874) regret=0.092358 ape=0.5585
[21:49:17] warmStart 75% (1416/1874) regret=0.092358 ape=0.5585
[21:49:17] warmStart 75% (1417/1874) regret=0.092358 ape=0.5585
[21:49:17] warmStart 75% (1418/1874) regret=0.092358 ape=0.5585
[21:49:18] warmStart 75% (1419/1874) regret=0.092375 ape=0.5585
[21:49:18] warmStart 75% (1420/1874) regret=0.092375 ape=0.5585
[21:49:18] warmStart 75% (1421/1874) regret=0.092375 ape=0.5585
[21:49:18] warmStart 75% (1422/1874) regret=0.092375 ape=0.5585
[21:49:19] warmStart 75% (1423/1874) regret=0.092375 ape=0.5585
[21:49:19] warmStart 75% (1424/1874) regret=0.092375 ape=0.5585
[21:49:19] warmStart 76% (1425/1874) regret=0.092375 ape=0.5585
[21:49:19] warmStart 76% (1426/1874) regret=0.092375 ape=0.5585
[21:49:19] warmStart 76% (1427/1874) regret=0.092375 ape=0.5585
[21:49:20] warmStart 76% (1428/1874) regret=0.092375 ape=0.5585
[21:49:20] warmStart 76% (1429/1874) regret=0.092375 ape=0.5585
[21:49:20] warmStart 76% (1430/1874) regret=0.092375 ape=0.5585
[21:49:20] warmStart 76% (1431/1874) regret=0.092375 ape=0.5585
[21:49:20] warmStart 76% (1432/1874) regret=0.092375 ape=0.5585
[21:49:21] warmStart 76% (1433/1874) regret=0.092375 ape=0.5585
[21:49:21] warmStart 76% (1434/1874) regret=0.092375 ape=0.5585
[21:49:21] warmStart 76% (1435/1874) regret=0.092375 ape=0.5585
[21:49:21] warmStart 76% (1436/1874) regret=0.092375 ape=0.5585
[21:49:22] warmStart 76% (1437/1874) regret=0.092375 ape=0.5585
[21:49:22] warmStart 76% (1438/1874) regret=0.092375 ape=0.5585
[21:49:22] warmStart 76% (1439/1874) regret=0.092375 ape=0.5585
[21:49:22] warmStart 76% (1440/1874) regret=0.092375 ape=0.5585
[21:49:22] warmStart 76% (1441/1874) regret=0.092375 ape=0.5585
[21:49:23] warmStart 76% (1442/1874) regret=0.092375 ape=0.5585
[21:49:23] warmStart 77% (1443/1874) regret=0.092375 ape=0.5585
[21:49:23] warmStart 77% (1444/1874) regret=0.092384 ape=0.5585
[21:49:23] warmStart 77% (1445/1874) regret=0.092384 ape=0.5585
[21:49:23] warmStart 77% (1446/1874) regret=0.092384 ape=0.5585
[21:49:24] warmStart 77% (1447/1874) regret=0.092384 ape=0.5585
[21:49:24] warmStart 77% (1448/1874) regret=0.092340 ape=0.5585
[21:49:24] warmStart 77% (1449/1874) regret=0.092340 ape=0.5585
[21:49:24] warmStart 77% (1450/1874) regret=0.092340 ape=0.5585
[21:49:25] warmStart 77% (1451/1874) regret=0.092340 ape=0.5585
[21:49:25] warmStart 77% (1452/1874) regret=0.092340 ape=0.5585
[21:49:25] warmStart 77% (1453/1874) regret=0.092340 ape=0.5585
[21:49:25] warmStart 77% (1454/1874) regret=0.092340 ape=0.5585
[21:49:26] warmStart 77% (1455/1874) regret=0.092340 ape=0.5585
[21:49:26] warmStart 77% (1456/1874) regret=0.092340 ape=0.5585
[21:49:26] warmStart 77% (1457/1874) regret=0.092340 ape=0.5585
[21:49:26] warmStart 77% (1458/1874) regret=0.092340 ape=0.5585
[21:49:27] warmStart 77% (1459/1874) regret=0.092340 ape=0.5585
[21:49:27] warmStart 77% (1460/1874) regret=0.092340 ape=0.5585
[21:49:27] warmStart 77% (1461/1874) regret=0.092340 ape=0.5585
[21:49:27] warmStart 78% (1462/1874) regret=0.092340 ape=0.5585
[21:49:28] warmStart 78% (1463/1874) regret=0.092340 ape=0.5585
[21:49:28] warmStart 78% (1464/1874) regret=0.092340 ape=0.5585
[21:49:28] warmStart 78% (1465/1874) regret=0.092340 ape=0.5585
[21:49:28] warmStart 78% (1466/1874) regret=0.092340 ape=0.5585
[21:49:28] warmStart 78% (1467/1874) regret=0.092340 ape=0.5585
[21:49:29] warmStart 78% (1468/1874) regret=0.092340 ape=0.5585
[21:49:29] warmStart 78% (1469/1874) regret=0.092340 ape=0.5585
[21:49:29] warmStart 78% (1470/1874) regret=0.092340 ape=0.5585
[21:49:29] warmStart 78% (1471/1874) regret=0.092340 ape=0.5585
[21:49:30] warmStart 78% (1472/1874) regret=0.092340 ape=0.5585
[21:49:30] warmStart 78% (1473/1874) regret=0.092340 ape=0.5585
[21:49:30] warmStart 78% (1474/1874) regret=0.092340 ape=0.5585
[21:49:30] warmStart 78% (1475/1874) regret=0.091924 ape=0.5594
[21:49:30] warmStart 78% (1476/1874) regret=0.091924 ape=0.5594
[21:49:31] warmStart 78% (1477/1874) regret=0.091924 ape=0.5594
[21:49:31] warmStart 78% (1478/1874) regret=0.091924 ape=0.5594
[21:49:31] warmStart 78% (1479/1874) regret=0.091878 ape=0.5585
[21:49:31] warmStart 78% (1480/1874) regret=0.091875 ape=0.5585
[21:49:31] warmStart 79% (1481/1874) regret=0.091875 ape=0.5585
[21:49:32] warmStart 79% (1482/1874) regret=0.091875 ape=0.5585
[21:49:32] warmStart 79% (1483/1874) regret=0.091878 ape=0.5585
[21:49:32] warmStart 79% (1484/1874) regret=0.091981 ape=0.5585
[21:49:32] warmStart 79% (1485/1874) regret=0.091875 ape=0.5585
[21:49:32] warmStart 79% (1486/1874) regret=0.091981 ape=0.5585
[21:49:33] warmStart 79% (1487/1874) regret=0.091875 ape=0.5585
[21:49:33] warmStart 79% (1488/1874) regret=0.091875 ape=0.5585
[21:49:33] warmStart 79% (1489/1874) regret=0.091875 ape=0.5585
[21:49:33] warmStart 79% (1490/1874) regret=0.091986 ape=0.5585
[21:49:34] warmStart 79% (1491/1874) regret=0.091875 ape=0.5585
[21:49:34] warmStart 79% (1492/1874) regret=0.091875 ape=0.5585
[21:49:34] warmStart 79% (1493/1874) regret=0.091875 ape=0.5585
[21:49:34] warmStart 79% (1494/1874) regret=0.091875 ape=0.5585
[21:49:35] warmStart 79% (1495/1874) regret=0.091875 ape=0.5585
[21:49:35] warmStart 79% (1496/1874) regret=0.091877 ape=0.5585
[21:49:35] warmStart 79% (1497/1874) regret=0.091875 ape=0.5585
[21:49:35] warmStart 79% (1498/1874) regret=0.091886 ape=0.5585
[21:49:36] warmStart 79% (1499/1874) regret=0.091875 ape=0.5585
[21:49:36] warmStart 80% (1500/1874) regret=0.091886 ape=0.5585
[21:49:36] warmStart 80% (1501/1874) regret=0.091886 ape=0.5585
[21:49:36] warmStart 80% (1502/1874) regret=0.091886 ape=0.5585
[21:49:36] warmStart 80% (1503/1874) regret=0.091886 ape=0.5585
[21:49:37] warmStart 80% (1504/1874) regret=0.091886 ape=0.5585
[21:49:37] warmStart 80% (1505/1874) regret=0.091886 ape=0.5585
[21:49:37] warmStart 80% (1506/1874) regret=0.091886 ape=0.5585
[21:49:37] warmStart 80% (1507/1874) regret=0.091886 ape=0.5585
[21:49:38] warmStart 80% (1508/1874) regret=0.091886 ape=0.5585
[21:49:38] warmStart 80% (1509/1874) regret=0.091886 ape=0.5585
[21:49:38] warmStart 80% (1510/1874) regret=0.091886 ape=0.5585
[21:49:38] warmStart 80% (1511/1874) regret=0.091822 ape=0.5585
[21:49:38] warmStart 80% (1512/1874) regret=0.091941 ape=0.5585
[21:49:39] warmStart 80% (1513/1874) regret=0.091886 ape=0.5585
[21:49:39] warmStart 80% (1514/1874) regret=0.091886 ape=0.5585
[21:49:39] warmStart 80% (1515/1874) regret=0.091886 ape=0.5585
[21:49:39] warmStart 80% (1516/1874) regret=0.091886 ape=0.5585
[21:49:39] warmStart 80% (1517/1874) regret=0.091886 ape=0.5585
[21:49:40] warmStart 81% (1518/1874) regret=0.091886 ape=0.5585
[21:49:40] warmStart 81% (1519/1874) regret=0.091886 ape=0.5585
[21:49:40] warmStart 81% (1520/1874) regret=0.091886 ape=0.5585
[21:49:40] warmStart 81% (1521/1874) regret=0.091886 ape=0.5585
[21:49:41] warmStart 81% (1522/1874) regret=0.091886 ape=0.5585
[21:49:41] warmStart 81% (1523/1874) regret=0.091886 ape=0.5585
[21:49:41] warmStart 81% (1524/1874) regret=0.091886 ape=0.5585
[21:49:41] warmStart 81% (1525/1874) regret=0.091886 ape=0.5585
[21:49:42] warmStart 81% (1526/1874) regret=0.091886 ape=0.5585
[21:49:42] warmStart 81% (1527/1874) regret=0.091886 ape=0.5585
[21:49:42] warmStart 81% (1528/1874) regret=0.091886 ape=0.5585
[21:49:42] warmStart 81% (1529/1874) regret=0.091886 ape=0.5585
[21:49:43] warmStart 81% (1530/1874) regret=0.091886 ape=0.5585
[21:49:43] warmStart 81% (1531/1874) regret=0.091886 ape=0.5585
[21:49:43] warmStart 81% (1532/1874) regret=0.091886 ape=0.5585
[21:49:43] warmStart 81% (1533/1874) regret=0.091886 ape=0.5585
[21:49:43] warmStart 81% (1534/1874) regret=0.091886 ape=0.5585
[21:49:44] warmStart 81% (1535/1874) regret=0.091886 ape=0.5585
[21:49:44] warmStart 81% (1536/1874) regret=0.092015 ape=0.5585
[21:49:44] warmStart 82% (1537/1874) regret=0.091937 ape=0.5576
[21:49:44] warmStart 82% (1538/1874) regret=0.091937 ape=0.5576
[21:49:44] warmStart 82% (1539/1874) regret=0.091937 ape=0.5576
[21:49:45] warmStart 82% (1540/1874) regret=0.091937 ape=0.5576
[21:49:45] warmStart 82% (1541/1874) regret=0.091937 ape=0.5576
[21:49:45] warmStart 82% (1542/1874) regret=0.091937 ape=0.5576
[21:49:45] warmStart 82% (1543/1874) regret=0.091937 ape=0.5576
[21:49:46] warmStart 82% (1544/1874) regret=0.091937 ape=0.5576
[21:49:46] warmStart 82% (1545/1874) regret=0.091937 ape=0.5576
[21:49:46] warmStart 82% (1546/1874) regret=0.091937 ape=0.5576
[21:49:46] warmStart 82% (1547/1874) regret=0.091937 ape=0.5576
[21:49:46] warmStart 82% (1548/1874) regret=0.091937 ape=0.5576
[21:49:47] warmStart 82% (1549/1874) regret=0.091937 ape=0.5576
[21:49:47] warmStart 82% (1550/1874) regret=0.091934 ape=0.5576
[21:49:47] warmStart 82% (1551/1874) regret=0.091940 ape=0.5576
[21:49:47] warmStart 82% (1552/1874) regret=0.091955 ape=0.5576
[21:49:48] warmStart 82% (1553/1874) regret=0.091937 ape=0.5576
[21:49:48] warmStart 82% (1554/1874) regret=0.091937 ape=0.5576
[21:49:48] warmStart 82% (1555/1874) regret=0.091937 ape=0.5576
[21:49:48] warmStart 83% (1556/1874) regret=0.091937 ape=0.5576
[21:49:49] warmStart 83% (1557/1874) regret=0.091937 ape=0.5576
[21:49:49] warmStart 83% (1558/1874) regret=0.091937 ape=0.5576
[21:49:49] warmStart 83% (1559/1874) regret=0.091937 ape=0.5576
[21:49:49] warmStart 83% (1560/1874) regret=0.091937 ape=0.5576
[21:49:49] warmStart 83% (1561/1874) regret=0.091937 ape=0.5576
[21:49:50] warmStart 83% (1562/1874) regret=0.091921 ape=0.5576
[21:49:50] warmStart 83% (1563/1874) regret=0.091937 ape=0.5576
[21:49:50] warmStart 83% (1564/1874) regret=0.091937 ape=0.5576
[21:49:50] warmStart 83% (1565/1874) regret=0.091937 ape=0.5576
[21:49:50] warmStart 83% (1566/1874) regret=0.091937 ape=0.5576
[21:49:51] warmStart 83% (1567/1874) regret=0.091937 ape=0.5576
[21:49:51] warmStart 83% (1568/1874) regret=0.091937 ape=0.5576
[21:49:51] warmStart 83% (1569/1874) regret=0.091937 ape=0.5576
[21:49:51] warmStart 83% (1570/1874) regret=0.091937 ape=0.5576
[21:49:52] warmStart 83% (1571/1874) regret=0.091928 ape=0.5576
[21:49:52] warmStart 83% (1572/1874) regret=0.091937 ape=0.5576
[21:49:52] warmStart 83% (1573/1874) regret=0.091937 ape=0.5576
[21:49:52] warmStart 83% (1574/1874) regret=0.091937 ape=0.5576
[21:49:53] warmStart 84% (1575/1874) regret=0.091937 ape=0.5576
[21:49:53] warmStart 84% (1576/1874) regret=0.091937 ape=0.5576
[21:49:53] warmStart 84% (1577/1874) regret=0.091937 ape=0.5576
[21:49:53] warmStart 84% (1578/1874) regret=0.091937 ape=0.5576
[21:49:54] warmStart 84% (1579/1874) regret=0.091527 ape=0.5576
[21:49:54] warmStart 84% (1580/1874) regret=0.091527 ape=0.5576
[21:49:54] warmStart 84% (1581/1874) regret=0.091527 ape=0.5576
[21:49:54] warmStart 84% (1582/1874) regret=0.091467 ape=0.5576
[21:49:54] warmStart 84% (1583/1874) regret=0.091504 ape=0.5585
[21:49:54] warmStart 84% (1584/1874) regret=0.091504 ape=0.5585
[21:49:55] warmStart 84% (1585/1874) regret=0.091504 ape=0.5585
[21:49:55] warmStart 84% (1586/1874) regret=0.091504 ape=0.5585
[21:49:55] warmStart 84% (1587/1874) regret=0.091504 ape=0.5585
[21:49:55] warmStart 84% (1588/1874) regret=0.091504 ape=0.5585
[21:49:55] warmStart 84% (1589/1874) regret=0.091504 ape=0.5585
[21:49:56] warmStart 84% (1590/1874) regret=0.091504 ape=0.5585
[21:49:56] warmStart 84% (1591/1874) regret=0.091393 ape=0.5576
[21:49:56] warmStart 84% (1592/1874) regret=0.091393 ape=0.5576
[21:49:56] warmStart 85% (1593/1874) regret=0.091393 ape=0.5576
[21:49:56] warmStart 85% (1594/1874) regret=0.091393 ape=0.5576
[21:49:57] warmStart 85% (1595/1874) regret=0.091407 ape=0.5576
[21:49:57] warmStart 85% (1596/1874) regret=0.091407 ape=0.5576
[21:49:57] warmStart 85% (1597/1874) regret=0.091407 ape=0.5576
[21:49:57] warmStart 85% (1598/1874) regret=0.091393 ape=0.5576
[21:49:58] warmStart 85% (1599/1874) regret=0.091393 ape=0.5576
[21:49:58] warmStart 85% (1600/1874) regret=0.091393 ape=0.5576
[21:49:58] warmStart 85% (1601/1874) regret=0.091393 ape=0.5576
[21:49:58] warmStart 85% (1602/1874) regret=0.091393 ape=0.5576
[21:49:59] warmStart 85% (1603/1874) regret=0.091377 ape=0.5576
[21:49:59] warmStart 85% (1604/1874) regret=0.091393 ape=0.5576
[21:49:59] warmStart 85% (1605/1874) regret=0.091393 ape=0.5576
[21:49:59] warmStart 85% (1606/1874) regret=0.091393 ape=0.5576
[21:49:59] warmStart 85% (1607/1874) regret=0.091393 ape=0.5576
[21:50:00] warmStart 85% (1608/1874) regret=0.091411 ape=0.5576
[21:50:00] warmStart 85% (1609/1874) regret=0.091393 ape=0.5576
[21:50:00] warmStart 85% (1610/1874) regret=0.091393 ape=0.5576
[21:50:00] warmStart 85% (1611/1874) regret=0.091393 ape=0.5576
[21:50:01] warmStart 86% (1612/1874) regret=0.091393 ape=0.5576
[21:50:01] warmStart 86% (1613/1874) regret=0.091393 ape=0.5576
[21:50:01] warmStart 86% (1614/1874) regret=0.091393 ape=0.5576
[21:50:01] warmStart 86% (1615/1874) regret=0.091393 ape=0.5576
[21:50:01] warmStart 86% (1616/1874) regret=0.091393 ape=0.5576
[21:50:02] warmStart 86% (1617/1874) regret=0.091393 ape=0.5576
[21:50:02] warmStart 86% (1618/1874) regret=0.091393 ape=0.5576
[21:50:02] warmStart 86% (1619/1874) regret=0.091393 ape=0.5576
[21:50:02] warmStart 86% (1620/1874) regret=0.091393 ape=0.5576
[21:50:02] warmStart 86% (1621/1874) regret=0.091393 ape=0.5576
[21:50:03] warmStart 86% (1622/1874) regret=0.091393 ape=0.5576
[21:50:03] warmStart 86% (1623/1874) regret=0.091393 ape=0.5576
[21:50:03] warmStart 86% (1624/1874) regret=0.091393 ape=0.5576
[21:50:03] warmStart 86% (1625/1874) regret=0.091393 ape=0.5576
[21:50:04] warmStart 86% (1626/1874) regret=0.091393 ape=0.5576
[21:50:04] warmStart 86% (1627/1874) regret=0.091393 ape=0.5576
[21:50:04] warmStart 86% (1628/1874) regret=0.091393 ape=0.5576
[21:50:04] warmStart 86% (1629/1874) regret=0.091393 ape=0.5576
[21:50:05] warmStart 86% (1630/1874) regret=0.091393 ape=0.5576
[21:50:05] warmStart 87% (1631/1874) regret=0.091393 ape=0.5576
[21:50:05] warmStart 87% (1632/1874) regret=0.091393 ape=0.5576
[21:50:05] warmStart 87% (1633/1874) regret=0.091393 ape=0.5576
[21:50:06] warmStart 87% (1634/1874) regret=0.091393 ape=0.5576
[21:50:06] warmStart 87% (1635/1874) regret=0.091393 ape=0.5576
[21:50:06] warmStart 87% (1636/1874) regret=0.091393 ape=0.5576
[21:50:06] warmStart 87% (1637/1874) regret=0.091393 ape=0.5576
[21:50:06] warmStart 87% (1638/1874) regret=0.091393 ape=0.5576
[21:50:07] warmStart 87% (1639/1874) regret=0.091384 ape=0.5576
[21:50:07] warmStart 87% (1640/1874) regret=0.091384 ape=0.5576
[21:50:07] warmStart 87% (1641/1874) regret=0.091384 ape=0.5576
[21:50:07] warmStart 87% (1642/1874) regret=0.091384 ape=0.5576
[21:50:08] warmStart 87% (1643/1874) regret=0.091384 ape=0.5576
[21:50:08] warmStart 87% (1644/1874) regret=0.091328 ape=0.5567
[21:50:08] warmStart 87% (1645/1874) regret=0.091384 ape=0.5576
[21:50:08] warmStart 87% (1646/1874) regret=0.091384 ape=0.5576
[21:50:09] warmStart 87% (1647/1874) regret=0.091384 ape=0.5576
[21:50:09] warmStart 87% (1648/1874) regret=0.091384 ape=0.5576
[21:50:09] warmStart 87% (1649/1874) regret=0.091384 ape=0.5576
[21:50:09] warmStart 88% (1650/1874) regret=0.091384 ape=0.5576
[21:50:09] warmStart 88% (1651/1874) regret=0.091384 ape=0.5576
[21:50:09] warmStart 88% (1652/1874) regret=0.091378 ape=0.5576
[21:50:10] warmStart 88% (1653/1874) regret=0.091378 ape=0.5576
[21:50:10] warmStart 88% (1654/1874) regret=0.091378 ape=0.5576
[21:50:10] warmStart 88% (1655/1874) regret=0.091396 ape=0.5576
[21:50:10] warmStart 88% (1656/1874) regret=0.091396 ape=0.5576
[21:50:11] warmStart 88% (1657/1874) regret=0.091396 ape=0.5576
[21:50:11] warmStart 88% (1658/1874) regret=0.091396 ape=0.5576
[21:50:11] warmStart 88% (1659/1874) regret=0.091396 ape=0.5576
[21:50:11] warmStart 88% (1660/1874) regret=0.091396 ape=0.5576
[21:50:12] warmStart 88% (1661/1874) regret=0.091396 ape=0.5576
[21:50:12] warmStart 88% (1662/1874) regret=0.091396 ape=0.5576
[21:50:12] warmStart 88% (1663/1874) regret=0.091396 ape=0.5576
[21:50:12] warmStart 88% (1664/1874) regret=0.091380 ape=0.5576
[21:50:12] warmStart 88% (1665/1874) regret=0.091356 ape=0.5576
[21:50:13] warmStart 88% (1666/1874) regret=0.091472 ape=0.5585
[21:50:13] warmStart 88% (1667/1874) regret=0.091356 ape=0.5576
[21:50:13] warmStart 89% (1668/1874) regret=0.091356 ape=0.5576
[21:50:13] warmStart 89% (1669/1874) regret=0.091356 ape=0.5576
[21:50:13] warmStart 89% (1670/1874) regret=0.091356 ape=0.5576
[21:50:14] warmStart 89% (1671/1874) regret=0.091356 ape=0.5576
[21:50:14] warmStart 89% (1672/1874) regret=0.091356 ape=0.5576
[21:50:14] warmStart 89% (1673/1874) regret=0.091356 ape=0.5576
[21:50:14] warmStart 89% (1674/1874) regret=0.091356 ape=0.5576
[21:50:15] warmStart 89% (1675/1874) regret=0.091356 ape=0.5576
[21:50:15] warmStart 89% (1676/1874) regret=0.091356 ape=0.5576
[21:50:15] warmStart 89% (1677/1874) regret=0.091356 ape=0.5576
[21:50:15] warmStart 89% (1678/1874) regret=0.091356 ape=0.5576
[21:50:15] warmStart 89% (1679/1874) regret=0.091356 ape=0.5576
[21:50:16] warmStart 89% (1680/1874) regret=0.091356 ape=0.5576
[21:50:16] warmStart 89% (1681/1874) regret=0.091356 ape=0.5576
[21:50:16] warmStart 89% (1682/1874) regret=0.091356 ape=0.5576
[21:50:16] warmStart 89% (1683/1874) regret=0.091356 ape=0.5576
[21:50:17] warmStart 89% (1684/1874) regret=0.091356 ape=0.5576
[21:50:17] warmStart 89% (1685/1874) regret=0.091356 ape=0.5576
[21:50:17] warmStart 89% (1686/1874) regret=0.091356 ape=0.5576
[21:50:17] warmStart 90% (1687/1874) regret=0.091356 ape=0.5576
[21:50:18] warmStart 90% (1688/1874) regret=0.091356 ape=0.5576
[21:50:18] warmStart 90% (1689/1874) regret=0.091356 ape=0.5576
[21:50:18] warmStart 90% (1690/1874) regret=0.091356 ape=0.5576
[21:50:18] warmStart 90% (1691/1874) regret=0.091356 ape=0.5576
[21:50:18] warmStart 90% (1692/1874) regret=0.091356 ape=0.5576
[21:50:18] warmStart 90% (1693/1874) regret=0.091356 ape=0.5576
[21:50:19] warmStart 90% (1694/1874) regret=0.091356 ape=0.5576
[21:50:19] warmStart 90% (1695/1874) regret=0.091356 ape=0.5576
[21:50:19] warmStart 90% (1696/1874) regret=0.091356 ape=0.5576
[21:50:19] warmStart 90% (1697/1874) regret=0.091310 ape=0.5576
[21:50:19] warmStart 90% (1698/1874) regret=0.091310 ape=0.5576
[21:50:20] warmStart 90% (1699/1874) regret=0.091310 ape=0.5576
[21:50:20] warmStart 90% (1700/1874) regret=0.091310 ape=0.5576
[21:50:20] warmStart 90% (1701/1874) regret=0.091097 ape=0.5567
[21:50:20] warmStart 90% (1702/1874) regret=0.091234 ape=0.5576
[21:50:21] warmStart 90% (1703/1874) regret=0.091308 ape=0.5576
[21:50:21] warmStart 90% (1704/1874) regret=0.091097 ape=0.5567
[21:50:21] warmStart 90% (1705/1874) regret=0.091310 ape=0.5576
[21:50:21] warmStart 91% (1706/1874) regret=0.091310 ape=0.5576
[21:50:22] warmStart 91% (1707/1874) regret=0.091310 ape=0.5576
[21:50:22] warmStart 91% (1708/1874) regret=0.091310 ape=0.5576
[21:50:22] warmStart 91% (1709/1874) regret=0.091310 ape=0.5576
[21:50:22] warmStart 91% (1710/1874) regret=0.091310 ape=0.5576
[21:50:23] warmStart 91% (1711/1874) regret=0.091301 ape=0.5576
[21:50:23] warmStart 91% (1712/1874) regret=0.091310 ape=0.5576
[21:50:23] warmStart 91% (1713/1874) regret=0.091310 ape=0.5576
[21:50:23] warmStart 91% (1714/1874) regret=0.091310 ape=0.5576
[21:50:24] warmStart 91% (1715/1874) regret=0.091310 ape=0.5576
[21:50:24] warmStart 91% (1716/1874) regret=0.091310 ape=0.5576
[21:50:24] warmStart 91% (1717/1874) regret=0.091310 ape=0.5576
[21:50:24] warmStart 91% (1718/1874) regret=0.091310 ape=0.5576
[21:50:24] warmStart 91% (1719/1874) regret=0.091310 ape=0.5576
[21:50:25] warmStart 91% (1720/1874) regret=0.091310 ape=0.5576
[21:50:25] warmStart 91% (1721/1874) regret=0.091310 ape=0.5576
[21:50:25] warmStart 91% (1722/1874) regret=0.091310 ape=0.5576
[21:50:25] warmStart 91% (1723/1874) regret=0.091310 ape=0.5576
[21:50:26] warmStart 91% (1724/1874) regret=0.091310 ape=0.5576
[21:50:26] warmStart 92% (1725/1874) regret=0.091097 ape=0.5567
[21:50:26] warmStart 92% (1726/1874) regret=0.091097 ape=0.5567
[21:50:26] warmStart 92% (1727/1874) regret=0.091097 ape=0.5567
[21:50:27] warmStart 92% (1728/1874) regret=0.091097 ape=0.5567
[21:50:27] warmStart 92% (1729/1874) regret=0.091097 ape=0.5567
[21:50:27] warmStart 92% (1730/1874) regret=0.091097 ape=0.5567
[21:50:27] warmStart 92% (1731/1874) regret=0.091097 ape=0.5567
[21:50:27] warmStart 92% (1732/1874) regret=0.091097 ape=0.5567
[21:50:28] warmStart 92% (1733/1874) regret=0.091097 ape=0.5567
[21:50:28] warmStart 92% (1734/1874) regret=0.091097 ape=0.5567
[21:50:28] warmStart 92% (1735/1874) regret=0.091070 ape=0.5558
[21:50:28] warmStart 92% (1736/1874) regret=0.091070 ape=0.5558
[21:50:29] warmStart 92% (1737/1874) regret=0.091070 ape=0.5558
[21:50:29] warmStart 92% (1738/1874) regret=0.091070 ape=0.5558
[21:50:29] warmStart 92% (1739/1874) regret=0.091070 ape=0.5558
[21:50:29] warmStart 92% (1740/1874) regret=0.091070 ape=0.5558
[21:50:29] warmStart 92% (1741/1874) regret=0.091070 ape=0.5558
[21:50:30] warmStart 92% (1742/1874) regret=0.091070 ape=0.5558
[21:50:30] warmStart 93% (1743/1874) regret=0.091070 ape=0.5558
[21:50:30] warmStart 93% (1744/1874) regret=0.091070 ape=0.5558
[21:50:30] warmStart 93% (1745/1874) regret=0.091070 ape=0.5558
[21:50:31] warmStart 93% (1746/1874) regret=0.091064 ape=0.5558
[21:50:31] warmStart 93% (1747/1874) regret=0.091070 ape=0.5558
[21:50:31] warmStart 93% (1748/1874) regret=0.091070 ape=0.5558
[21:50:31] warmStart 93% (1749/1874) regret=0.091070 ape=0.5558
[21:50:31] warmStart 93% (1750/1874) regret=0.091070 ape=0.5558
[21:50:32] warmStart 93% (1751/1874) regret=0.091064 ape=0.5558
[21:50:32] warmStart 93% (1752/1874) regret=0.091064 ape=0.5558
[21:50:32] warmStart 93% (1753/1874) regret=0.091064 ape=0.5558
[21:50:32] warmStart 93% (1754/1874) regret=0.091064 ape=0.5558
[21:50:32] warmStart 93% (1755/1874) regret=0.091064 ape=0.5558
[21:50:33] warmStart 93% (1756/1874) regret=0.091064 ape=0.5558
[21:50:33] warmStart 93% (1757/1874) regret=0.091064 ape=0.5558
[21:50:33] warmStart 93% (1758/1874) regret=0.091064 ape=0.5558
[21:50:33] warmStart 93% (1759/1874) regret=0.091064 ape=0.5558
[21:50:33] warmStart 93% (1760/1874) regret=0.091064 ape=0.5558
[21:50:34] warmStart 93% (1761/1874) regret=0.091064 ape=0.5558
[21:50:34] warmStart 94% (1762/1874) regret=0.091064 ape=0.5558
[21:50:34] warmStart 94% (1763/1874) regret=0.091064 ape=0.5558
[21:50:34] warmStart 94% (1764/1874) regret=0.091064 ape=0.5558
[21:50:35] warmStart 94% (1765/1874) regret=0.091064 ape=0.5558
[21:50:35] warmStart 94% (1766/1874) regret=0.091064 ape=0.5558
[21:50:35] warmStart 94% (1767/1874) regret=0.091064 ape=0.5558
[21:50:35] warmStart 94% (1768/1874) regret=0.091046 ape=0.5558
[21:50:36] warmStart 94% (1769/1874) regret=0.091064 ape=0.5558
[21:50:36] warmStart 94% (1770/1874) regret=0.091064 ape=0.5558
[21:50:36] warmStart 94% (1771/1874) regret=0.091064 ape=0.5558
[21:50:36] warmStart 94% (1772/1874) regret=0.091064 ape=0.5558
[21:50:37] warmStart 94% (1773/1874) regret=0.091064 ape=0.5558
[21:50:37] warmStart 94% (1774/1874) regret=0.091064 ape=0.5558
[21:50:37] warmStart 94% (1775/1874) regret=0.091064 ape=0.5558
[21:50:37] warmStart 94% (1776/1874) regret=0.091064 ape=0.5558
[21:50:38] warmStart 94% (1777/1874) regret=0.091064 ape=0.5558
[21:50:38] warmStart 94% (1778/1874) regret=0.091064 ape=0.5558
[21:50:38] warmStart 94% (1779/1874) regret=0.091064 ape=0.5558
[21:50:38] warmStart 94% (1780/1874) regret=0.091027 ape=0.5558
[21:50:38] warmStart 95% (1781/1874) regret=0.091064 ape=0.5558
[21:50:39] warmStart 95% (1782/1874) regret=0.091064 ape=0.5558
[21:50:39] warmStart 95% (1783/1874) regret=0.091064 ape=0.5558
[21:50:39] warmStart 95% (1784/1874) regret=0.091064 ape=0.5558
[21:50:39] warmStart 95% (1785/1874) regret=0.091064 ape=0.5558
[21:50:40] warmStart 95% (1786/1874) regret=0.091064 ape=0.5558
[21:50:40] warmStart 95% (1787/1874) regret=0.091064 ape=0.5558
[21:50:40] warmStart 95% (1788/1874) regret=0.091064 ape=0.5558
[21:50:40] warmStart 95% (1789/1874) regret=0.091064 ape=0.5558
[21:50:41] warmStart 95% (1790/1874) regret=0.091064 ape=0.5558
[21:50:41] warmStart 95% (1791/1874) regret=0.091064 ape=0.5558
[21:50:41] warmStart 95% (1792/1874) regret=0.091064 ape=0.5558
[21:50:41] warmStart 95% (1793/1874) regret=0.091064 ape=0.5558
[21:50:41] warmStart 95% (1794/1874) regret=0.091064 ape=0.5558
[21:50:41] warmStart 95% (1795/1874) regret=0.090788 ape=0.5558
[21:50:42] warmStart 95% (1796/1874) regret=0.090788 ape=0.5558
[21:50:42] warmStart 95% (1797/1874) regret=0.090785 ape=0.5558
[21:50:42] warmStart 95% (1798/1874) regret=0.090788 ape=0.5558
[21:50:42] warmStart 95% (1799/1874) regret=0.090788 ape=0.5558
[21:50:42] warmStart 96% (1800/1874) regret=0.090788 ape=0.5558
[21:50:43] warmStart 96% (1801/1874) regret=0.090788 ape=0.5558
[21:50:43] warmStart 96% (1802/1874) regret=0.090788 ape=0.5558
[21:50:43] warmStart 96% (1803/1874) regret=0.090788 ape=0.5558
[21:50:43] warmStart 96% (1804/1874) regret=0.090903 ape=0.5567
[21:50:44] warmStart 96% (1805/1874) regret=0.090788 ape=0.5558
[21:50:44] warmStart 96% (1806/1874) regret=0.090760 ape=0.5558
[21:50:44] warmStart 96% (1807/1874) regret=0.090760 ape=0.5558
[21:50:44] warmStart 96% (1808/1874) regret=0.090760 ape=0.5558
[21:50:45] warmStart 96% (1809/1874) regret=0.090760 ape=0.5558
[21:50:45] warmStart 96% (1810/1874) regret=0.090760 ape=0.5558
[21:50:45] warmStart 96% (1811/1874) regret=0.090760 ape=0.5558
[21:50:45] warmStart 96% (1812/1874) regret=0.090709 ape=0.5558
[21:50:46] warmStart 96% (1813/1874) regret=0.090760 ape=0.5558
[21:50:46] warmStart 96% (1814/1874) regret=0.090760 ape=0.5558
[21:50:46] warmStart 96% (1815/1874) regret=0.090760 ape=0.5558
[21:50:46] warmStart 96% (1816/1874) regret=0.090760 ape=0.5558
[21:50:47] warmStart 96% (1817/1874) regret=0.090760 ape=0.5558
[21:50:47] warmStart 97% (1818/1874) regret=0.090760 ape=0.5558
[21:50:47] warmStart 97% (1819/1874) regret=0.090760 ape=0.5558
[21:50:47] warmStart 97% (1820/1874) regret=0.090760 ape=0.5558
[21:50:47] warmStart 97% (1821/1874) regret=0.090760 ape=0.5558
[21:50:48] warmStart 97% (1822/1874) regret=0.090760 ape=0.5558
[21:50:48] warmStart 97% (1823/1874) regret=0.090760 ape=0.5558
[21:50:48] warmStart 97% (1824/1874) regret=0.090760 ape=0.5558
[21:50:48] warmStart 97% (1825/1874) regret=0.090760 ape=0.5558
[21:50:49] warmStart 97% (1826/1874) regret=0.090760 ape=0.5558
[21:50:49] warmStart 97% (1827/1874) regret=0.090760 ape=0.5558
[21:50:49] warmStart 97% (1828/1874) regret=0.090760 ape=0.5558
[21:50:49] warmStart 97% (1829/1874) regret=0.090760 ape=0.5558
[21:50:49] warmStart 97% (1830/1874) regret=0.090760 ape=0.5558
[21:50:50] warmStart 97% (1831/1874) regret=0.090760 ape=0.5558
[21:50:50] warmStart 97% (1832/1874) regret=0.090760 ape=0.5558
[21:50:50] warmStart 97% (1833/1874) regret=0.090760 ape=0.5558
[21:50:50] warmStart 97% (1834/1874) regret=0.090760 ape=0.5558
[21:50:51] warmStart 97% (1835/1874) regret=0.090760 ape=0.5558
[21:50:51] warmStart 97% (1836/1874) regret=0.090760 ape=0.5558
[21:50:51] warmStart 98% (1837/1874) regret=0.090760 ape=0.5558
[21:50:51] warmStart 98% (1838/1874) regret=0.090760 ape=0.5558
[21:50:52] warmStart 98% (1839/1874) regret=0.090760 ape=0.5558
[21:50:52] warmStart 98% (1840/1874) regret=0.090760 ape=0.5558
[21:50:52] warmStart 98% (1841/1874) regret=0.090760 ape=0.5558
[21:50:52] warmStart 98% (1842/1874) regret=0.090760 ape=0.5558
[21:50:52] warmStart 98% (1843/1874) regret=0.090760 ape=0.5558
[21:50:53] warmStart 98% (1844/1874) regret=0.090760 ape=0.5558
[21:50:53] warmStart 98% (1845/1874) regret=0.090875 ape=0.5567
[21:50:53] warmStart 98% (1846/1874) regret=0.090760 ape=0.5558
[21:50:53] warmStart 98% (1847/1874) regret=0.090760 ape=0.5558
[21:50:54] warmStart 98% (1848/1874) regret=0.090760 ape=0.5558
[21:50:54] warmStart 98% (1849/1874) regret=0.090760 ape=0.5558
[21:50:54] warmStart 98% (1850/1874) regret=0.090760 ape=0.5558
[21:50:54] warmStart 98% (1851/1874) regret=0.090760 ape=0.5558
[21:50:54] warmStart 98% (1852/1874) regret=0.090744 ape=0.5558
[21:50:55] warmStart 98% (1853/1874) regret=0.090760 ape=0.5558
[21:50:55] warmStart 98% (1854/1874) regret=0.090760 ape=0.5558
[21:50:55] warmStart 98% (1855/1874) regret=0.090760 ape=0.5558
[21:50:55] warmStart 99% (1856/1874) regret=0.090762 ape=0.5558
[21:50:56] warmStart 99% (1857/1874) regret=0.090760 ape=0.5558
[21:50:56] warmStart 99% (1858/1874) regret=0.090792 ape=0.5558
[21:50:56] warmStart 99% (1859/1874) regret=0.090760 ape=0.5558
[21:50:56] warmStart 99% (1860/1874) regret=0.090760 ape=0.5558
[21:50:56] warmStart 99% (1861/1874) regret=0.090760 ape=0.5558
[21:50:57] warmStart 99% (1862/1874) regret=0.090760 ape=0.5558
[21:50:57] warmStart 99% (1863/1874) regret=0.090760 ape=0.5558
[21:50:57] warmStart 99% (1864/1874) regret=0.090760 ape=0.5558
[21:50:57] warmStart 99% (1865/1874) regret=0.090760 ape=0.5558
[21:50:58] warmStart 99% (1866/1874) regret=0.090760 ape=0.5558
[21:50:58] warmStart 99% (1867/1874) regret=0.090760 ape=0.5558
[21:50:58] warmStart 99% (1868/1874) regret=0.090760 ape=0.5558
[21:50:58] warmStart 99% (1869/1874) regret=0.090760 ape=0.5558
[21:50:59] warmStart 99% (1870/1874) regret=0.090760 ape=0.5558
[21:50:59] warmStart 99% (1871/1874) regret=0.090760 ape=0.5558
[21:50:59] warmStart 99% (1872/1874) regret=0.090760 ape=0.5558
Warm w=100 finished: 1873 points, 429.92s wall time
  Final: regret=0.090760, ape=0.5558

Saved JSON: /home/users/g/s/gsavary/LudiiMCTSVariations/slurm_sweep_full_dataset/results_20260425_214312/sweep_warm_100_3_20260425_215059.json

Generating plots...
Saved regret plot: /home/users/g/s/gsavary/LudiiMCTSVariations/slurm_sweep_full_dataset/results_20260425_214312/sweep_warm_100_3_20260425_215059_regret.png
Saved APE plot: /home/users/g/s/gsavary/LudiiMCTSVariations/slurm_sweep_full_dataset/results_20260425_214312/sweep_warm_100_3_20260425_215059_ape.png

======================================================================
EXPERIMENT COMPLETE
======================================================================
Results saved to: /home/users/g/s/gsavary/LudiiMCTSVariations/slurm_sweep_full_dataset/results_20260425_214312
JSON file: sweep_warm_100_3_20260425_215059.json
Experiment finished. Results saved to: /home/users/g/s/gsavary/LudiiMCTSVariations/slurm_sweep_full_dataset/results_20260425_214312
