Starting experiment...
Project root: /home/users/g/s/gsavary/LudiiMCTSVariations
Method: warm:50
Output dir: /home/users/g/s/gsavary/LudiiMCTSVariations/slurm_sweep_full_dataset/results_20260425_214242
Seed: 4
Time limit:  seconds


======================================================================
SLURM Sweep Experiment - Single Method
======================================================================
Method: warm:50
Time limit: 7200.0s, Seed: 4, Batch size: 20
Output directory: /home/users/g/s/gsavary/LudiiMCTSVariations/slurm_sweep_full_dataset/results_20260425_214242

Loading Ludii dataset...
Loaded 1085 games
Using 1085 games (full dataset, no subsampling)

Running timing probe (100 pulls)...
  Estimated secs/pull: 0.021912

Time budget: 7200.0s → ~328591 total pulls
Per-method budget: 46941 pulls (~1028.6s)

Computing predictor-only performance...
  Predictions loaded: 23675 agent predictions
  Predictor-only: regret=0.104318, ape=0.4894

Running WARM-START (w=50)...
[21:43:16] warmStart 0% (0/2348) regret=0.113570 ape=0.6018
[21:43:17] warmStart 0% (1/2348) regret=0.113165 ape=0.6009
[21:43:17] warmStart 0% (2/2348) regret=0.112731 ape=0.6000
[21:43:17] warmStart 0% (3/2348) regret=0.111884 ape=0.5991
[21:43:17] warmStart 0% (4/2348) regret=0.111893 ape=0.6000
[21:43:17] warmStart 0% (5/2348) regret=0.111893 ape=0.6000
[21:43:18] warmStart 0% (6/2348) regret=0.111893 ape=0.6000
[21:43:18] warmStart 0% (7/2348) regret=0.111888 ape=0.6000
[21:43:18] warmStart 0% (8/2348) regret=0.111888 ape=0.6000
[21:43:18] warmStart 0% (9/2348) regret=0.111861 ape=0.6000
[21:43:19] warmStart 0% (10/2348) regret=0.111920 ape=0.6000
[21:43:19] warmStart 0% (11/2348) regret=0.111920 ape=0.6000
[21:43:19] warmStart 0% (12/2348) regret=0.111956 ape=0.6000
[21:43:19] warmStart 0% (13/2348) regret=0.111919 ape=0.5991
[21:43:19] warmStart 0% (14/2348) regret=0.111919 ape=0.5991
[21:43:20] warmStart 0% (15/2348) regret=0.111896 ape=0.5991
[21:43:20] warmStart 0% (16/2348) regret=0.111896 ape=0.5991
[21:43:20] warmStart 0% (17/2348) regret=0.111896 ape=0.5991
[21:43:20] warmStart 0% (18/2348) regret=0.111896 ape=0.5991
[21:43:20] warmStart 0% (19/2348) regret=0.111901 ape=0.5991
[21:43:21] warmStart 0% (20/2348) regret=0.111864 ape=0.5991
[21:43:21] warmStart 0% (21/2348) regret=0.111864 ape=0.5991
[21:43:21] warmStart 0% (22/2348) regret=0.111864 ape=0.5991
[21:43:21] warmStart 0% (23/2348) regret=0.111850 ape=0.5982
[21:43:22] warmStart 1% (24/2348) regret=0.111850 ape=0.5982
[21:43:22] warmStart 1% (25/2348) regret=0.111850 ape=0.5982
[21:43:22] warmStart 1% (26/2348) regret=0.111850 ape=0.5982
[21:43:22] warmStart 1% (27/2348) regret=0.111214 ape=0.5982
[21:43:22] warmStart 1% (28/2348) regret=0.111214 ape=0.5982
[21:43:23] warmStart 1% (29/2348) regret=0.110800 ape=0.5982
[21:43:23] warmStart 1% (30/2348) regret=0.110357 ape=0.5982
[21:43:23] warmStart 1% (31/2348) regret=0.110357 ape=0.5982
[21:43:23] warmStart 1% (32/2348) regret=0.110357 ape=0.5982
[21:43:23] warmStart 1% (33/2348) regret=0.110357 ape=0.5982
[21:43:24] warmStart 1% (34/2348) regret=0.109592 ape=0.5982
[21:43:24] warmStart 1% (35/2348) regret=0.109060 ape=0.5982
[21:43:24] warmStart 1% (36/2348) regret=0.109060 ape=0.5982
[21:43:24] warmStart 1% (37/2348) regret=0.109060 ape=0.5982
[21:43:25] warmStart 1% (38/2348) regret=0.109060 ape=0.5982
[21:43:25] warmStart 1% (39/2348) regret=0.109060 ape=0.5982
[21:43:25] warmStart 1% (40/2348) regret=0.109060 ape=0.5982
[21:43:25] warmStart 1% (41/2348) regret=0.109060 ape=0.5982
[21:43:26] warmStart 1% (42/2348) regret=0.109060 ape=0.5982
[21:43:26] warmStart 1% (43/2348) regret=0.109015 ape=0.5982
[21:43:26] warmStart 1% (44/2348) regret=0.109015 ape=0.5982
[21:43:26] warmStart 1% (45/2348) regret=0.109015 ape=0.5982
[21:43:26] warmStart 1% (46/2348) regret=0.108854 ape=0.5982
[21:43:27] warmStart 2% (47/2348) regret=0.108854 ape=0.5982
[21:43:27] warmStart 2% (48/2348) regret=0.108826 ape=0.5982
[21:43:27] warmStart 2% (49/2348) regret=0.107151 ape=0.5972
[21:43:27] warmStart 2% (50/2348) regret=0.107417 ape=0.5972
[21:43:27] warmStart 2% (51/2348) regret=0.107417 ape=0.5972
[21:43:28] warmStart 2% (52/2348) regret=0.107417 ape=0.5972
[21:43:28] warmStart 2% (53/2348) regret=0.107417 ape=0.5972
[21:43:28] warmStart 2% (54/2348) regret=0.107417 ape=0.5972
[21:43:28] warmStart 2% (55/2348) regret=0.106753 ape=0.5972
[21:43:29] warmStart 2% (56/2348) regret=0.106753 ape=0.5972
[21:43:29] warmStart 2% (57/2348) regret=0.106753 ape=0.5972
[21:43:29] warmStart 2% (58/2348) regret=0.106772 ape=0.5972
[21:43:29] warmStart 2% (59/2348) regret=0.106772 ape=0.5972
[21:43:30] warmStart 2% (60/2348) regret=0.106772 ape=0.5972
[21:43:30] warmStart 2% (61/2348) regret=0.106558 ape=0.5972
[21:43:30] warmStart 2% (62/2348) regret=0.106558 ape=0.5972
[21:43:30] warmStart 2% (63/2348) regret=0.106586 ape=0.5972
[21:43:30] warmStart 2% (64/2348) regret=0.106586 ape=0.5972
[21:43:31] warmStart 2% (65/2348) regret=0.106586 ape=0.5972
[21:43:31] warmStart 2% (66/2348) regret=0.106586 ape=0.5972
[21:43:31] warmStart 2% (67/2348) regret=0.106586 ape=0.5972
[21:43:31] warmStart 2% (68/2348) regret=0.106586 ape=0.5972
[21:43:32] warmStart 2% (69/2348) regret=0.106586 ape=0.5972
[21:43:32] warmStart 2% (70/2348) regret=0.106586 ape=0.5972
[21:43:32] warmStart 3% (71/2348) regret=0.106586 ape=0.5972
[21:43:32] warmStart 3% (72/2348) regret=0.106586 ape=0.5972
[21:43:32] warmStart 3% (73/2348) regret=0.106582 ape=0.5972
[21:43:33] warmStart 3% (74/2348) regret=0.106586 ape=0.5972
[21:43:33] warmStart 3% (75/2348) regret=0.105922 ape=0.5972
[21:43:33] warmStart 3% (76/2348) regret=0.106257 ape=0.5982
[21:43:33] warmStart 3% (77/2348) regret=0.105981 ape=0.5982
[21:43:33] warmStart 3% (78/2348) regret=0.105734 ape=0.5972
[21:43:34] warmStart 3% (79/2348) regret=0.105342 ape=0.5963
[21:43:34] warmStart 3% (80/2348) regret=0.105342 ape=0.5963
[21:43:34] warmStart 3% (81/2348) regret=0.104464 ape=0.5954
[21:43:34] warmStart 3% (82/2348) regret=0.104464 ape=0.5954
[21:43:35] warmStart 3% (83/2348) regret=0.104464 ape=0.5954
[21:43:35] warmStart 3% (84/2348) regret=0.104464 ape=0.5954
[21:43:35] warmStart 3% (85/2348) regret=0.104464 ape=0.5954
[21:43:35] warmStart 3% (86/2348) regret=0.104464 ape=0.5954
[21:43:35] warmStart 3% (87/2348) regret=0.104349 ape=0.5945
[21:43:36] warmStart 3% (88/2348) regret=0.104349 ape=0.5945
[21:43:36] warmStart 3% (89/2348) regret=0.104349 ape=0.5945
[21:43:36] warmStart 3% (90/2348) regret=0.104349 ape=0.5945
[21:43:36] warmStart 3% (91/2348) regret=0.104349 ape=0.5945
[21:43:37] warmStart 3% (92/2348) regret=0.104349 ape=0.5945
[21:43:37] warmStart 3% (93/2348) regret=0.104349 ape=0.5945
[21:43:37] warmStart 4% (94/2348) regret=0.104349 ape=0.5945
[21:43:37] warmStart 4% (95/2348) regret=0.104349 ape=0.5945
[21:43:38] warmStart 4% (96/2348) regret=0.104349 ape=0.5945
[21:43:38] warmStart 4% (97/2348) regret=0.104349 ape=0.5945
[21:43:38] warmStart 4% (98/2348) regret=0.104445 ape=0.5954
[21:43:38] warmStart 4% (99/2348) regret=0.104349 ape=0.5945
[21:43:38] warmStart 4% (100/2348) regret=0.104349 ape=0.5945
[21:43:39] warmStart 4% (101/2348) regret=0.104349 ape=0.5945
[21:43:39] warmStart 4% (102/2348) regret=0.103908 ape=0.5935
[21:43:39] warmStart 4% (103/2348) regret=0.103958 ape=0.5926
[21:43:39] warmStart 4% (104/2348) regret=0.103958 ape=0.5926
[21:43:40] warmStart 4% (105/2348) regret=0.103931 ape=0.5926
[21:43:40] warmStart 4% (106/2348) regret=0.103958 ape=0.5926
[21:43:40] warmStart 4% (107/2348) regret=0.103958 ape=0.5926
[21:43:40] warmStart 4% (108/2348) regret=0.103958 ape=0.5926
[21:43:40] warmStart 4% (109/2348) regret=0.104645 ape=0.5935
[21:43:41] warmStart 4% (110/2348) regret=0.104798 ape=0.5935
[21:43:41] warmStart 4% (111/2348) regret=0.104742 ape=0.5935
[21:43:41] warmStart 4% (112/2348) regret=0.104742 ape=0.5935
[21:43:41] warmStart 4% (113/2348) regret=0.104699 ape=0.5935
[21:43:42] warmStart 4% (114/2348) regret=0.104699 ape=0.5935
[21:43:42] warmStart 4% (115/2348) regret=0.104699 ape=0.5935
[21:43:42] warmStart 4% (116/2348) regret=0.104699 ape=0.5935
[21:43:42] warmStart 4% (117/2348) regret=0.104699 ape=0.5935
[21:43:42] warmStart 5% (118/2348) regret=0.104616 ape=0.5926
[21:43:43] warmStart 5% (119/2348) regret=0.104616 ape=0.5926
[21:43:43] warmStart 5% (120/2348) regret=0.104616 ape=0.5926
[21:43:43] warmStart 5% (121/2348) regret=0.104252 ape=0.5926
[21:43:43] warmStart 5% (122/2348) regret=0.104234 ape=0.5926
[21:43:43] warmStart 5% (123/2348) regret=0.104234 ape=0.5926
[21:43:44] warmStart 5% (124/2348) regret=0.104234 ape=0.5926
[21:43:44] warmStart 5% (125/2348) regret=0.104230 ape=0.5926
[21:43:44] warmStart 5% (126/2348) regret=0.104349 ape=0.5935
[21:43:44] warmStart 5% (127/2348) regret=0.104349 ape=0.5935
[21:43:45] warmStart 5% (128/2348) regret=0.104349 ape=0.5935
[21:43:45] warmStart 5% (129/2348) regret=0.104349 ape=0.5935
[21:43:45] warmStart 5% (130/2348) regret=0.104349 ape=0.5935
[21:43:45] warmStart 5% (131/2348) regret=0.104349 ape=0.5935
[21:43:45] warmStart 5% (132/2348) regret=0.104349 ape=0.5935
[21:43:46] warmStart 5% (133/2348) regret=0.104349 ape=0.5935
[21:43:46] warmStart 5% (134/2348) regret=0.104349 ape=0.5935
[21:43:46] warmStart 5% (135/2348) regret=0.104349 ape=0.5935
[21:43:46] warmStart 5% (136/2348) regret=0.104349 ape=0.5935
[21:43:47] warmStart 5% (137/2348) regret=0.104349 ape=0.5935
[21:43:47] warmStart 5% (138/2348) regret=0.104349 ape=0.5935
[21:43:47] warmStart 5% (139/2348) regret=0.104349 ape=0.5935
[21:43:47] warmStart 5% (140/2348) regret=0.104349 ape=0.5935
[21:43:47] warmStart 6% (141/2348) regret=0.104349 ape=0.5935
[21:43:48] warmStart 6% (142/2348) regret=0.104349 ape=0.5935
[21:43:48] warmStart 6% (143/2348) regret=0.104349 ape=0.5935
[21:43:48] warmStart 6% (144/2348) regret=0.103865 ape=0.5926
[21:43:48] warmStart 6% (145/2348) regret=0.104349 ape=0.5935
[21:43:49] warmStart 6% (146/2348) regret=0.104349 ape=0.5935
[21:43:49] warmStart 6% (147/2348) regret=0.104349 ape=0.5935
[21:43:49] warmStart 6% (148/2348) regret=0.104349 ape=0.5935
[21:43:49] warmStart 6% (149/2348) regret=0.104165 ape=0.5935
[21:43:49] warmStart 6% (150/2348) regret=0.104602 ape=0.5945
[21:43:50] warmStart 6% (151/2348) regret=0.104165 ape=0.5935
[21:43:50] warmStart 6% (152/2348) regret=0.104165 ape=0.5935
[21:43:50] warmStart 6% (153/2348) regret=0.103658 ape=0.5926
[21:43:50] warmStart 6% (154/2348) regret=0.103658 ape=0.5926
[21:43:50] warmStart 6% (155/2348) regret=0.103639 ape=0.5926
[21:43:51] warmStart 6% (156/2348) regret=0.103639 ape=0.5926
[21:43:51] warmStart 6% (157/2348) regret=0.103561 ape=0.5926
[21:43:51] warmStart 6% (158/2348) regret=0.103639 ape=0.5926
[21:43:51] warmStart 6% (159/2348) regret=0.103125 ape=0.5935
[21:43:52] warmStart 6% (160/2348) regret=0.103125 ape=0.5935
[21:43:52] warmStart 6% (161/2348) regret=0.103125 ape=0.5935
[21:43:52] warmStart 6% (162/2348) regret=0.102969 ape=0.5935
[21:43:52] warmStart 6% (163/2348) regret=0.102969 ape=0.5935
[21:43:52] warmStart 6% (164/2348) regret=0.102969 ape=0.5935
[21:43:53] warmStart 7% (165/2348) regret=0.102969 ape=0.5935
[21:43:53] warmStart 7% (166/2348) regret=0.102969 ape=0.5935
[21:43:53] warmStart 7% (167/2348) regret=0.103006 ape=0.5935
[21:43:53] warmStart 7% (168/2348) regret=0.103006 ape=0.5935
[21:43:53] warmStart 7% (169/2348) regret=0.102522 ape=0.5926
[21:43:54] warmStart 7% (170/2348) regret=0.102522 ape=0.5926
[21:43:54] warmStart 7% (171/2348) regret=0.102522 ape=0.5926
[21:43:54] warmStart 7% (172/2348) regret=0.102588 ape=0.5926
[21:43:54] warmStart 7% (173/2348) regret=0.101867 ape=0.5917
[21:43:54] warmStart 7% (174/2348) regret=0.101904 ape=0.5917
[21:43:54] warmStart 7% (175/2348) regret=0.101904 ape=0.5917
[21:43:54] warmStart 7% (176/2348) regret=0.101913 ape=0.5917
[21:43:55] warmStart 7% (177/2348) regret=0.101904 ape=0.5917
[21:43:55] warmStart 7% (178/2348) regret=0.101922 ape=0.5917
[21:43:55] warmStart 7% (179/2348) regret=0.101922 ape=0.5917
[21:43:55] warmStart 7% (180/2348) regret=0.101941 ape=0.5917
[21:43:55] warmStart 7% (181/2348) regret=0.101904 ape=0.5917
[21:43:55] warmStart 7% (182/2348) regret=0.101904 ape=0.5917
[21:43:55] warmStart 7% (183/2348) regret=0.101904 ape=0.5917
[21:43:56] warmStart 7% (184/2348) regret=0.101904 ape=0.5917
[21:43:56] warmStart 7% (185/2348) regret=0.101904 ape=0.5917
[21:43:56] warmStart 7% (186/2348) regret=0.101904 ape=0.5917
[21:43:56] warmStart 7% (187/2348) regret=0.101904 ape=0.5917
[21:43:56] warmStart 8% (188/2348) regret=0.101904 ape=0.5917
[21:43:56] warmStart 8% (189/2348) regret=0.101904 ape=0.5917
[21:43:56] warmStart 8% (190/2348) regret=0.101904 ape=0.5917
[21:43:56] warmStart 8% (191/2348) regret=0.101789 ape=0.5908
[21:43:57] warmStart 8% (192/2348) regret=0.101789 ape=0.5908
[21:43:57] warmStart 8% (193/2348) regret=0.101796 ape=0.5908
[21:43:57] warmStart 8% (194/2348) regret=0.101798 ape=0.5908
[21:43:57] warmStart 8% (195/2348) regret=0.101789 ape=0.5908
[21:43:57] warmStart 8% (196/2348) regret=0.101789 ape=0.5908
[21:43:57] warmStart 8% (197/2348) regret=0.101789 ape=0.5908
[21:43:57] warmStart 8% (198/2348) regret=0.101454 ape=0.5899
[21:43:58] warmStart 8% (199/2348) regret=0.101454 ape=0.5899
[21:43:58] warmStart 8% (200/2348) regret=0.101454 ape=0.5899
[21:43:58] warmStart 8% (201/2348) regret=0.101454 ape=0.5899
[21:43:58] warmStart 8% (202/2348) regret=0.101454 ape=0.5899
[21:43:58] warmStart 8% (203/2348) regret=0.101454 ape=0.5899
[21:43:58] warmStart 8% (204/2348) regret=0.101455 ape=0.5899
[21:43:58] warmStart 8% (205/2348) regret=0.101454 ape=0.5899
[21:43:59] warmStart 8% (206/2348) regret=0.101454 ape=0.5899
[21:43:59] warmStart 8% (207/2348) regret=0.101468 ape=0.5899
[21:43:59] warmStart 8% (208/2348) regret=0.101418 ape=0.5899
[21:43:59] warmStart 8% (209/2348) regret=0.101367 ape=0.5899
[21:43:59] warmStart 8% (210/2348) regret=0.101263 ape=0.5899
[21:43:59] warmStart 8% (211/2348) regret=0.101189 ape=0.5899
[21:43:59] warmStart 9% (212/2348) regret=0.101189 ape=0.5899
[21:44:00] warmStart 9% (213/2348) regret=0.101189 ape=0.5899
[21:44:00] warmStart 9% (214/2348) regret=0.101290 ape=0.5899
[21:44:00] warmStart 9% (215/2348) regret=0.101290 ape=0.5899
[21:44:00] warmStart 9% (216/2348) regret=0.101618 ape=0.5899
[21:44:00] warmStart 9% (217/2348) regret=0.101290 ape=0.5899
[21:44:00] warmStart 9% (218/2348) regret=0.101290 ape=0.5899
[21:44:00] warmStart 9% (219/2348) regret=0.101290 ape=0.5899
[21:44:00] warmStart 9% (220/2348) regret=0.101219 ape=0.5908
[21:44:01] warmStart 9% (221/2348) regret=0.101293 ape=0.5908
[21:44:01] warmStart 9% (222/2348) regret=0.101155 ape=0.5908
[21:44:01] warmStart 9% (223/2348) regret=0.101311 ape=0.5908
[21:44:01] warmStart 9% (224/2348) regret=0.101311 ape=0.5908
[21:44:01] warmStart 9% (225/2348) regret=0.101311 ape=0.5908
[21:44:01] warmStart 9% (226/2348) regret=0.101311 ape=0.5908
[21:44:01] warmStart 9% (227/2348) regret=0.101295 ape=0.5908
[21:44:02] warmStart 9% (228/2348) regret=0.101295 ape=0.5908
[21:44:02] warmStart 9% (229/2348) regret=0.101309 ape=0.5908
[21:44:02] warmStart 9% (230/2348) regret=0.101295 ape=0.5908
[21:44:02] warmStart 9% (231/2348) regret=0.101295 ape=0.5908
[21:44:02] warmStart 9% (232/2348) regret=0.101295 ape=0.5908
[21:44:02] warmStart 9% (233/2348) regret=0.101295 ape=0.5908
[21:44:02] warmStart 9% (234/2348) regret=0.101295 ape=0.5908
[21:44:03] warmStart 10% (235/2348) regret=0.101295 ape=0.5908
[21:44:03] warmStart 10% (236/2348) regret=0.100742 ape=0.5908
[21:44:03] warmStart 10% (237/2348) regret=0.100742 ape=0.5908
[21:44:03] warmStart 10% (238/2348) regret=0.100742 ape=0.5908
[21:44:03] warmStart 10% (239/2348) regret=0.100742 ape=0.5908
[21:44:03] warmStart 10% (240/2348) regret=0.100742 ape=0.5908
[21:44:03] warmStart 10% (241/2348) regret=0.100742 ape=0.5908
[21:44:04] warmStart 10% (242/2348) regret=0.100775 ape=0.5908
[21:44:04] warmStart 10% (243/2348) regret=0.100775 ape=0.5908
[21:44:04] warmStart 10% (244/2348) regret=0.100775 ape=0.5908
[21:44:04] warmStart 10% (245/2348) regret=0.100775 ape=0.5908
[21:44:04] warmStart 10% (246/2348) regret=0.100775 ape=0.5908
[21:44:04] warmStart 10% (247/2348) regret=0.100821 ape=0.5908
[21:44:04] warmStart 10% (248/2348) regret=0.100438 ape=0.5908
[21:44:05] warmStart 10% (249/2348) regret=0.100577 ape=0.5908
[21:44:05] warmStart 10% (250/2348) regret=0.100577 ape=0.5908
[21:44:05] warmStart 10% (251/2348) regret=0.100577 ape=0.5908
[21:44:05] warmStart 10% (252/2348) regret=0.100577 ape=0.5908
[21:44:05] warmStart 10% (253/2348) regret=0.100577 ape=0.5908
[21:44:05] warmStart 10% (254/2348) regret=0.100586 ape=0.5908
[21:44:05] warmStart 10% (255/2348) regret=0.100577 ape=0.5908
[21:44:06] warmStart 10% (256/2348) regret=0.100577 ape=0.5908
[21:44:06] warmStart 10% (257/2348) regret=0.100577 ape=0.5908
[21:44:06] warmStart 10% (258/2348) regret=0.100577 ape=0.5908
[21:44:06] warmStart 11% (259/2348) regret=0.100577 ape=0.5908
[21:44:06] warmStart 11% (260/2348) regret=0.100577 ape=0.5908
[21:44:06] warmStart 11% (261/2348) regret=0.100577 ape=0.5908
[21:44:06] warmStart 11% (262/2348) regret=0.100577 ape=0.5908
[21:44:07] warmStart 11% (263/2348) regret=0.100577 ape=0.5908
[21:44:07] warmStart 11% (264/2348) regret=0.100577 ape=0.5908
[21:44:07] warmStart 11% (265/2348) regret=0.100577 ape=0.5908
[21:44:07] warmStart 11% (266/2348) regret=0.100579 ape=0.5908
[21:44:07] warmStart 11% (267/2348) regret=0.100579 ape=0.5908
[21:44:07] warmStart 11% (268/2348) regret=0.100579 ape=0.5908
[21:44:07] warmStart 11% (269/2348) regret=0.100579 ape=0.5908
[21:44:07] warmStart 11% (270/2348) regret=0.100699 ape=0.5917
[21:44:08] warmStart 11% (271/2348) regret=0.100715 ape=0.5917
[21:44:08] warmStart 11% (272/2348) regret=0.100712 ape=0.5917
[21:44:08] warmStart 11% (273/2348) regret=0.100745 ape=0.5917
[21:44:08] warmStart 11% (274/2348) regret=0.100201 ape=0.5908
[21:44:08] warmStart 11% (275/2348) regret=0.100256 ape=0.5908
[21:44:08] warmStart 11% (276/2348) regret=0.099832 ape=0.5908
[21:44:08] warmStart 11% (277/2348) regret=0.099832 ape=0.5908
[21:44:09] warmStart 11% (278/2348) regret=0.099832 ape=0.5908
[21:44:09] warmStart 11% (279/2348) regret=0.099832 ape=0.5908
[21:44:09] warmStart 11% (280/2348) regret=0.099832 ape=0.5908
[21:44:09] warmStart 11% (281/2348) regret=0.099832 ape=0.5908
[21:44:09] warmStart 12% (282/2348) regret=0.099832 ape=0.5908
[21:44:09] warmStart 12% (283/2348) regret=0.099851 ape=0.5908
[21:44:09] warmStart 12% (284/2348) regret=0.099832 ape=0.5908
[21:44:10] warmStart 12% (285/2348) regret=0.099832 ape=0.5908
[21:44:10] warmStart 12% (286/2348) regret=0.099795 ape=0.5908
[21:44:10] warmStart 12% (287/2348) regret=0.099795 ape=0.5908
[21:44:10] warmStart 12% (288/2348) regret=0.099795 ape=0.5908
[21:44:10] warmStart 12% (289/2348) regret=0.099795 ape=0.5908
[21:44:10] warmStart 12% (290/2348) regret=0.099786 ape=0.5899
[21:44:10] warmStart 12% (291/2348) regret=0.099795 ape=0.5908
[21:44:11] warmStart 12% (292/2348) regret=0.099795 ape=0.5908
[21:44:11] warmStart 12% (293/2348) regret=0.099795 ape=0.5908
[21:44:11] warmStart 12% (294/2348) regret=0.099793 ape=0.5908
[21:44:11] warmStart 12% (295/2348) regret=0.099781 ape=0.5908
[21:44:11] warmStart 12% (296/2348) regret=0.099781 ape=0.5908
[21:44:11] warmStart 12% (297/2348) regret=0.099824 ape=0.5908
[21:44:11] warmStart 12% (298/2348) regret=0.099824 ape=0.5908
[21:44:12] warmStart 12% (299/2348) regret=0.099824 ape=0.5908
[21:44:12] warmStart 12% (300/2348) regret=0.099781 ape=0.5908
[21:44:12] warmStart 12% (301/2348) regret=0.099781 ape=0.5908
[21:44:12] warmStart 12% (302/2348) regret=0.099781 ape=0.5908
[21:44:12] warmStart 12% (303/2348) regret=0.098933 ape=0.5899
[21:44:12] warmStart 12% (304/2348) regret=0.098933 ape=0.5899
[21:44:13] warmStart 12% (305/2348) regret=0.098933 ape=0.5899
[21:44:13] warmStart 13% (306/2348) regret=0.098933 ape=0.5899
[21:44:13] warmStart 13% (307/2348) regret=0.098933 ape=0.5899
[21:44:13] warmStart 13% (308/2348) regret=0.098933 ape=0.5899
[21:44:13] warmStart 13% (309/2348) regret=0.098933 ape=0.5899
[21:44:14] warmStart 13% (310/2348) regret=0.098933 ape=0.5899
[21:44:14] warmStart 13% (311/2348) regret=0.098933 ape=0.5899
[21:44:14] warmStart 13% (312/2348) regret=0.098933 ape=0.5899
[21:44:14] warmStart 13% (313/2348) regret=0.098933 ape=0.5899
[21:44:15] warmStart 13% (314/2348) regret=0.098933 ape=0.5899
[21:44:15] warmStart 13% (315/2348) regret=0.098933 ape=0.5899
[21:44:15] warmStart 13% (316/2348) regret=0.098933 ape=0.5899
[21:44:15] warmStart 13% (317/2348) regret=0.098933 ape=0.5899
[21:44:15] warmStart 13% (318/2348) regret=0.098933 ape=0.5899
[21:44:16] warmStart 13% (319/2348) regret=0.098933 ape=0.5899
[21:44:16] warmStart 13% (320/2348) regret=0.098933 ape=0.5899
[21:44:16] warmStart 13% (321/2348) regret=0.098933 ape=0.5899
[21:44:16] warmStart 13% (322/2348) regret=0.098638 ape=0.5899
[21:44:17] warmStart 13% (323/2348) regret=0.098681 ape=0.5899
[21:44:17] warmStart 13% (324/2348) regret=0.098681 ape=0.5899
[21:44:17] warmStart 13% (325/2348) regret=0.098638 ape=0.5899
[21:44:17] warmStart 13% (326/2348) regret=0.098638 ape=0.5899
[21:44:17] warmStart 13% (327/2348) regret=0.098638 ape=0.5899
[21:44:18] warmStart 13% (328/2348) regret=0.098638 ape=0.5899
[21:44:18] warmStart 14% (329/2348) regret=0.098638 ape=0.5899
[21:44:18] warmStart 14% (330/2348) regret=0.098638 ape=0.5899
[21:44:18] warmStart 14% (331/2348) regret=0.098638 ape=0.5899
[21:44:18] warmStart 14% (332/2348) regret=0.098638 ape=0.5899
[21:44:19] warmStart 14% (333/2348) regret=0.098463 ape=0.5899
[21:44:19] warmStart 14% (334/2348) regret=0.097679 ape=0.5889
[21:44:19] warmStart 14% (335/2348) regret=0.097686 ape=0.5889
[21:44:19] warmStart 14% (336/2348) regret=0.097167 ape=0.5880
[21:44:20] warmStart 14% (337/2348) regret=0.097167 ape=0.5880
[21:44:20] warmStart 14% (338/2348) regret=0.097167 ape=0.5880
[21:44:20] warmStart 14% (339/2348) regret=0.097167 ape=0.5880
[21:44:20] warmStart 14% (340/2348) regret=0.097167 ape=0.5880
[21:44:21] warmStart 14% (341/2348) regret=0.097167 ape=0.5880
[21:44:21] warmStart 14% (342/2348) regret=0.097167 ape=0.5880
[21:44:21] warmStart 14% (343/2348) regret=0.097167 ape=0.5880
[21:44:21] warmStart 14% (344/2348) regret=0.097167 ape=0.5880
[21:44:21] warmStart 14% (345/2348) regret=0.097103 ape=0.5871
[21:44:22] warmStart 14% (346/2348) regret=0.097103 ape=0.5871
[21:44:22] warmStart 14% (347/2348) regret=0.097103 ape=0.5871
[21:44:22] warmStart 14% (348/2348) regret=0.097049 ape=0.5871
[21:44:22] warmStart 14% (349/2348) regret=0.097103 ape=0.5871
[21:44:23] warmStart 14% (350/2348) regret=0.097103 ape=0.5871
[21:44:23] warmStart 14% (351/2348) regret=0.097446 ape=0.5871
[21:44:23] warmStart 14% (352/2348) regret=0.097146 ape=0.5871
[21:44:23] warmStart 15% (353/2348) regret=0.097121 ape=0.5871
[21:44:24] warmStart 15% (354/2348) regret=0.097103 ape=0.5871
[21:44:24] warmStart 15% (355/2348) regret=0.097121 ape=0.5871
[21:44:24] warmStart 15% (356/2348) regret=0.097103 ape=0.5871
[21:44:24] warmStart 15% (357/2348) regret=0.097103 ape=0.5871
[21:44:24] warmStart 15% (358/2348) regret=0.097103 ape=0.5871
[21:44:25] warmStart 15% (359/2348) regret=0.097103 ape=0.5871
[21:44:25] warmStart 15% (360/2348) regret=0.097103 ape=0.5871
[21:44:25] warmStart 15% (361/2348) regret=0.097103 ape=0.5871
[21:44:25] warmStart 15% (362/2348) regret=0.097119 ape=0.5871
[21:44:26] warmStart 15% (363/2348) regret=0.097119 ape=0.5871
[21:44:26] warmStart 15% (364/2348) regret=0.097119 ape=0.5871
[21:44:26] warmStart 15% (365/2348) regret=0.097119 ape=0.5871
[21:44:26] warmStart 15% (366/2348) regret=0.096262 ape=0.5871
[21:44:26] warmStart 15% (367/2348) regret=0.096262 ape=0.5871
[21:44:27] warmStart 15% (368/2348) regret=0.096262 ape=0.5871
[21:44:27] warmStart 15% (369/2348) regret=0.096262 ape=0.5871
[21:44:27] warmStart 15% (370/2348) regret=0.096262 ape=0.5871
[21:44:27] warmStart 15% (371/2348) regret=0.096262 ape=0.5871
[21:44:27] warmStart 15% (372/2348) regret=0.096262 ape=0.5871
[21:44:28] warmStart 15% (373/2348) regret=0.096262 ape=0.5871
[21:44:28] warmStart 15% (374/2348) regret=0.096234 ape=0.5871
[21:44:28] warmStart 15% (375/2348) regret=0.096262 ape=0.5871
[21:44:28] warmStart 16% (376/2348) regret=0.096252 ape=0.5862
[21:44:29] warmStart 16% (377/2348) regret=0.096252 ape=0.5862
[21:44:29] warmStart 16% (378/2348) regret=0.096252 ape=0.5862
[21:44:29] warmStart 16% (379/2348) regret=0.096250 ape=0.5853
[21:44:29] warmStart 16% (380/2348) regret=0.095936 ape=0.5853
[21:44:29] warmStart 16% (381/2348) regret=0.095936 ape=0.5853
[21:44:30] warmStart 16% (382/2348) regret=0.095936 ape=0.5853
[21:44:30] warmStart 16% (383/2348) regret=0.095908 ape=0.5853
[21:44:30] warmStart 16% (384/2348) regret=0.095908 ape=0.5853
[21:44:30] warmStart 16% (385/2348) regret=0.095908 ape=0.5853
[21:44:31] warmStart 16% (386/2348) regret=0.095908 ape=0.5853
[21:44:31] warmStart 16% (387/2348) regret=0.095816 ape=0.5843
[21:44:31] warmStart 16% (388/2348) regret=0.095816 ape=0.5843
[21:44:31] warmStart 16% (389/2348) regret=0.095816 ape=0.5843
[21:44:32] warmStart 16% (390/2348) regret=0.095521 ape=0.5834
[21:44:32] warmStart 16% (391/2348) regret=0.095521 ape=0.5834
[21:44:32] warmStart 16% (392/2348) regret=0.095540 ape=0.5834
[21:44:32] warmStart 16% (393/2348) regret=0.095521 ape=0.5834
[21:44:32] warmStart 16% (394/2348) regret=0.095528 ape=0.5834
[21:44:33] warmStart 16% (395/2348) regret=0.095521 ape=0.5834
[21:44:33] warmStart 16% (396/2348) regret=0.095848 ape=0.5834
[21:44:33] warmStart 16% (397/2348) regret=0.095521 ape=0.5834
[21:44:33] warmStart 16% (398/2348) regret=0.095521 ape=0.5834
[21:44:33] warmStart 16% (399/2348) regret=0.095489 ape=0.5834
[21:44:34] warmStart 17% (400/2348) regret=0.095521 ape=0.5834
[21:44:34] warmStart 17% (401/2348) regret=0.095521 ape=0.5834
[21:44:34] warmStart 17% (402/2348) regret=0.095558 ape=0.5834
[21:44:34] warmStart 17% (403/2348) regret=0.095558 ape=0.5834
[21:44:35] warmStart 17% (404/2348) regret=0.095558 ape=0.5834
[21:44:35] warmStart 17% (405/2348) regret=0.095558 ape=0.5834
[21:44:35] warmStart 17% (406/2348) regret=0.095558 ape=0.5834
[21:44:35] warmStart 17% (407/2348) regret=0.095558 ape=0.5834
[21:44:35] warmStart 17% (408/2348) regret=0.095558 ape=0.5834
[21:44:36] warmStart 17% (409/2348) regret=0.095558 ape=0.5834
[21:44:36] warmStart 17% (410/2348) regret=0.095558 ape=0.5834
[21:44:36] warmStart 17% (411/2348) regret=0.095558 ape=0.5834
[21:44:36] warmStart 17% (412/2348) regret=0.095549 ape=0.5834
[21:44:37] warmStart 17% (413/2348) regret=0.095586 ape=0.5834
[21:44:37] warmStart 17% (414/2348) regret=0.095586 ape=0.5834
[21:44:37] warmStart 17% (415/2348) regret=0.095586 ape=0.5834
[21:44:37] warmStart 17% (416/2348) regret=0.095517 ape=0.5834
[21:44:37] warmStart 17% (417/2348) regret=0.095567 ape=0.5834
[21:44:38] warmStart 17% (418/2348) regret=0.095586 ape=0.5834
[21:44:38] warmStart 17% (419/2348) regret=0.095586 ape=0.5834
[21:44:38] warmStart 17% (420/2348) regret=0.095586 ape=0.5834
[21:44:38] warmStart 17% (421/2348) regret=0.095586 ape=0.5834
[21:44:39] warmStart 17% (422/2348) regret=0.095586 ape=0.5834
[21:44:39] warmStart 18% (423/2348) regret=0.095586 ape=0.5834
[21:44:39] warmStart 18% (424/2348) regret=0.095586 ape=0.5834
[21:44:39] warmStart 18% (425/2348) regret=0.095586 ape=0.5834
[21:44:40] warmStart 18% (426/2348) regret=0.095830 ape=0.5834
[21:44:40] warmStart 18% (427/2348) regret=0.095737 ape=0.5834
[21:44:40] warmStart 18% (428/2348) regret=0.095737 ape=0.5834
[21:44:40] warmStart 18% (429/2348) regret=0.095599 ape=0.5834
[21:44:40] warmStart 18% (430/2348) regret=0.095599 ape=0.5834
[21:44:41] warmStart 18% (431/2348) regret=0.095599 ape=0.5834
[21:44:41] warmStart 18% (432/2348) regret=0.095599 ape=0.5834
[21:44:41] warmStart 18% (433/2348) regret=0.095583 ape=0.5834
[21:44:41] warmStart 18% (434/2348) regret=0.095583 ape=0.5834
[21:44:42] warmStart 18% (435/2348) regret=0.095569 ape=0.5825
[21:44:42] warmStart 18% (436/2348) regret=0.095583 ape=0.5834
[21:44:42] warmStart 18% (437/2348) regret=0.095583 ape=0.5834
[21:44:42] warmStart 18% (438/2348) regret=0.095619 ape=0.5834
[21:44:42] warmStart 18% (439/2348) regret=0.095637 ape=0.5834
[21:44:43] warmStart 18% (440/2348) regret=0.095619 ape=0.5834
[21:44:43] warmStart 18% (441/2348) regret=0.095537 ape=0.5834
[21:44:43] warmStart 18% (442/2348) regret=0.095483 ape=0.5834
[21:44:43] warmStart 18% (443/2348) regret=0.095483 ape=0.5834
[21:44:44] warmStart 18% (444/2348) regret=0.095483 ape=0.5834
[21:44:44] warmStart 18% (445/2348) regret=0.095483 ape=0.5834
[21:44:44] warmStart 18% (446/2348) regret=0.095483 ape=0.5834
[21:44:44] warmStart 19% (447/2348) regret=0.095483 ape=0.5834
[21:44:44] warmStart 19% (448/2348) regret=0.095474 ape=0.5825
[21:44:45] warmStart 19% (449/2348) regret=0.095474 ape=0.5825
[21:44:45] warmStart 19% (450/2348) regret=0.095474 ape=0.5825
[21:44:45] warmStart 19% (451/2348) regret=0.095474 ape=0.5825
[21:44:45] warmStart 19% (452/2348) regret=0.095474 ape=0.5825
[21:44:46] warmStart 19% (453/2348) regret=0.095474 ape=0.5825
[21:44:46] warmStart 19% (454/2348) regret=0.095474 ape=0.5825
[21:44:46] warmStart 19% (455/2348) regret=0.095474 ape=0.5825
[21:44:46] warmStart 19% (456/2348) regret=0.095474 ape=0.5825
[21:44:46] warmStart 19% (457/2348) regret=0.095474 ape=0.5825
[21:44:47] warmStart 19% (458/2348) regret=0.095474 ape=0.5825
[21:44:47] warmStart 19% (459/2348) regret=0.095556 ape=0.5825
[21:44:47] warmStart 19% (460/2348) regret=0.095556 ape=0.5825
[21:44:47] warmStart 19% (461/2348) regret=0.095556 ape=0.5825
[21:44:48] warmStart 19% (462/2348) regret=0.095556 ape=0.5825
[21:44:48] warmStart 19% (463/2348) regret=0.095556 ape=0.5825
[21:44:48] warmStart 19% (464/2348) regret=0.095556 ape=0.5825
[21:44:48] warmStart 19% (465/2348) regret=0.095556 ape=0.5825
[21:44:49] warmStart 19% (466/2348) regret=0.095556 ape=0.5825
[21:44:49] warmStart 19% (467/2348) regret=0.095556 ape=0.5825
[21:44:49] warmStart 19% (468/2348) regret=0.095556 ape=0.5825
[21:44:49] warmStart 19% (469/2348) regret=0.095554 ape=0.5816
[21:44:49] warmStart 20% (470/2348) regret=0.095471 ape=0.5816
[21:44:50] warmStart 20% (471/2348) regret=0.095453 ape=0.5816
[21:44:50] warmStart 20% (472/2348) regret=0.095453 ape=0.5816
[21:44:50] warmStart 20% (473/2348) regret=0.095453 ape=0.5816
[21:44:50] warmStart 20% (474/2348) regret=0.095453 ape=0.5816
[21:44:51] warmStart 20% (475/2348) regret=0.095361 ape=0.5816
[21:44:51] warmStart 20% (476/2348) regret=0.095361 ape=0.5816
[21:44:51] warmStart 20% (477/2348) regret=0.095361 ape=0.5816
[21:44:51] warmStart 20% (478/2348) regret=0.095361 ape=0.5816
[21:44:51] warmStart 20% (479/2348) regret=0.095361 ape=0.5816
[21:44:52] warmStart 20% (480/2348) regret=0.095361 ape=0.5816
[21:44:52] warmStart 20% (481/2348) regret=0.095407 ape=0.5816
[21:44:52] warmStart 20% (482/2348) regret=0.095195 ape=0.5816
[21:44:52] warmStart 20% (483/2348) regret=0.095379 ape=0.5816
[21:44:52] warmStart 20% (484/2348) regret=0.095361 ape=0.5816
[21:44:53] warmStart 20% (485/2348) regret=0.095361 ape=0.5816
[21:44:53] warmStart 20% (486/2348) regret=0.095361 ape=0.5816
[21:44:53] warmStart 20% (487/2348) regret=0.095361 ape=0.5816
[21:44:53] warmStart 20% (488/2348) regret=0.095361 ape=0.5816
[21:44:53] warmStart 20% (489/2348) regret=0.095419 ape=0.5816
[21:44:53] warmStart 20% (490/2348) regret=0.094751 ape=0.5816
[21:44:54] warmStart 20% (491/2348) regret=0.094783 ape=0.5825
[21:44:54] warmStart 20% (492/2348) regret=0.094740 ape=0.5816
[21:44:54] warmStart 20% (493/2348) regret=0.094751 ape=0.5816
[21:44:54] warmStart 21% (494/2348) regret=0.094548 ape=0.5816
[21:44:54] warmStart 21% (495/2348) regret=0.094511 ape=0.5816
[21:44:54] warmStart 21% (496/2348) regret=0.094548 ape=0.5816
[21:44:55] warmStart 21% (497/2348) regret=0.094548 ape=0.5816
[21:44:55] warmStart 21% (498/2348) regret=0.094548 ape=0.5816
[21:44:55] warmStart 21% (499/2348) regret=0.094548 ape=0.5816
[21:44:55] warmStart 21% (500/2348) regret=0.094548 ape=0.5816
[21:44:55] warmStart 21% (501/2348) regret=0.094591 ape=0.5816
[21:44:55] warmStart 21% (502/2348) regret=0.094591 ape=0.5816
[21:44:55] warmStart 21% (503/2348) regret=0.094591 ape=0.5816
[21:44:56] warmStart 21% (504/2348) regret=0.094591 ape=0.5816
[21:44:56] warmStart 21% (505/2348) regret=0.094693 ape=0.5816
[21:44:56] warmStart 21% (506/2348) regret=0.094591 ape=0.5816
[21:44:56] warmStart 21% (507/2348) regret=0.094591 ape=0.5816
[21:44:56] warmStart 21% (508/2348) regret=0.094591 ape=0.5816
[21:44:56] warmStart 21% (509/2348) regret=0.094447 ape=0.5816
[21:44:56] warmStart 21% (510/2348) regret=0.094447 ape=0.5816
[21:44:57] warmStart 21% (511/2348) regret=0.094449 ape=0.5825
[21:44:57] warmStart 21% (512/2348) regret=0.094449 ape=0.5825
[21:44:57] warmStart 21% (513/2348) regret=0.094311 ape=0.5816
[21:44:57] warmStart 21% (514/2348) regret=0.094302 ape=0.5816
[21:44:57] warmStart 21% (515/2348) regret=0.094302 ape=0.5816
[21:44:57] warmStart 21% (516/2348) regret=0.094600 ape=0.5825
[21:44:57] warmStart 22% (517/2348) regret=0.094600 ape=0.5825
[21:44:58] warmStart 22% (518/2348) regret=0.094595 ape=0.5825
[21:44:58] warmStart 22% (519/2348) regret=0.094411 ape=0.5825
[21:44:58] warmStart 22% (520/2348) regret=0.094379 ape=0.5825
[21:44:58] warmStart 22% (521/2348) regret=0.094305 ape=0.5806
[21:44:58] warmStart 22% (522/2348) regret=0.094332 ape=0.5816
[21:44:58] warmStart 22% (523/2348) regret=0.094360 ape=0.5816
[21:44:58] warmStart 22% (524/2348) regret=0.094360 ape=0.5816
[21:44:59] warmStart 22% (525/2348) regret=0.094369 ape=0.5816
[21:44:59] warmStart 22% (526/2348) regret=0.094305 ape=0.5806
[21:44:59] warmStart 22% (527/2348) regret=0.094305 ape=0.5806
[21:44:59] warmStart 22% (528/2348) regret=0.094305 ape=0.5806
[21:44:59] warmStart 22% (529/2348) regret=0.094305 ape=0.5806
[21:44:59] warmStart 22% (530/2348) regret=0.094305 ape=0.5806
[21:44:59] warmStart 22% (531/2348) regret=0.094268 ape=0.5806
[21:45:00] warmStart 22% (532/2348) regret=0.094296 ape=0.5816
[21:45:00] warmStart 22% (533/2348) regret=0.094268 ape=0.5806
[21:45:00] warmStart 22% (534/2348) regret=0.094268 ape=0.5806
[21:45:00] warmStart 22% (535/2348) regret=0.094268 ape=0.5806
[21:45:00] warmStart 22% (536/2348) regret=0.094268 ape=0.5806
[21:45:00] warmStart 22% (537/2348) regret=0.094268 ape=0.5806
[21:45:00] warmStart 22% (538/2348) regret=0.094329 ape=0.5806
[21:45:01] warmStart 22% (539/2348) regret=0.094311 ape=0.5806
[21:45:01] warmStart 22% (540/2348) regret=0.094311 ape=0.5806
[21:45:01] warmStart 23% (541/2348) regret=0.094311 ape=0.5806
[21:45:01] warmStart 23% (542/2348) regret=0.094311 ape=0.5806
[21:45:01] warmStart 23% (543/2348) regret=0.094318 ape=0.5806
[21:45:01] warmStart 23% (544/2348) regret=0.094311 ape=0.5806
[21:45:01] warmStart 23% (545/2348) regret=0.094311 ape=0.5806
[21:45:02] warmStart 23% (546/2348) regret=0.094260 ape=0.5797
[21:45:02] warmStart 23% (547/2348) regret=0.094260 ape=0.5797
[21:45:02] warmStart 23% (548/2348) regret=0.094260 ape=0.5797
[21:45:02] warmStart 23% (549/2348) regret=0.094260 ape=0.5797
[21:45:02] warmStart 23% (550/2348) regret=0.094217 ape=0.5797
[21:45:02] warmStart 23% (551/2348) regret=0.093890 ape=0.5788
[21:45:02] warmStart 23% (552/2348) regret=0.093821 ape=0.5788
[21:45:03] warmStart 23% (553/2348) regret=0.093821 ape=0.5788
[21:45:03] warmStart 23% (554/2348) regret=0.093821 ape=0.5788
[21:45:03] warmStart 23% (555/2348) regret=0.093821 ape=0.5788
[21:45:03] warmStart 23% (556/2348) regret=0.093821 ape=0.5788
[21:45:03] warmStart 23% (557/2348) regret=0.093821 ape=0.5788
[21:45:03] warmStart 23% (558/2348) regret=0.093872 ape=0.5797
[21:45:03] warmStart 23% (559/2348) regret=0.093927 ape=0.5806
[21:45:03] warmStart 23% (560/2348) regret=0.093706 ape=0.5797
[21:45:04] warmStart 23% (561/2348) regret=0.093706 ape=0.5797
[21:45:04] warmStart 23% (562/2348) regret=0.093512 ape=0.5797
[21:45:04] warmStart 23% (563/2348) regret=0.093512 ape=0.5797
[21:45:04] warmStart 24% (564/2348) regret=0.093319 ape=0.5788
[21:45:04] warmStart 24% (565/2348) regret=0.093319 ape=0.5788
[21:45:04] warmStart 24% (566/2348) regret=0.093319 ape=0.5788
[21:45:04] warmStart 24% (567/2348) regret=0.093319 ape=0.5788
[21:45:05] warmStart 24% (568/2348) regret=0.093319 ape=0.5788
[21:45:05] warmStart 24% (569/2348) regret=0.093319 ape=0.5788
[21:45:05] warmStart 24% (570/2348) regret=0.093319 ape=0.5788
[21:45:05] warmStart 24% (571/2348) regret=0.093323 ape=0.5788
[21:45:05] warmStart 24% (572/2348) regret=0.093319 ape=0.5788
[21:45:05] warmStart 24% (573/2348) regret=0.093362 ape=0.5788
[21:45:05] warmStart 24% (574/2348) regret=0.093362 ape=0.5788
[21:45:06] warmStart 24% (575/2348) regret=0.093362 ape=0.5788
[21:45:06] warmStart 24% (576/2348) regret=0.093362 ape=0.5788
[21:45:06] warmStart 24% (577/2348) regret=0.093362 ape=0.5788
[21:45:06] warmStart 24% (578/2348) regret=0.093362 ape=0.5788
[21:45:06] warmStart 24% (579/2348) regret=0.093362 ape=0.5788
[21:45:06] warmStart 24% (580/2348) regret=0.093312 ape=0.5779
[21:45:06] warmStart 24% (581/2348) regret=0.093312 ape=0.5779
[21:45:06] warmStart 24% (582/2348) regret=0.093312 ape=0.5779
[21:45:07] warmStart 24% (583/2348) regret=0.093312 ape=0.5779
[21:45:07] warmStart 24% (584/2348) regret=0.093312 ape=0.5779
[21:45:07] warmStart 24% (585/2348) regret=0.093312 ape=0.5779
[21:45:07] warmStart 24% (586/2348) regret=0.093004 ape=0.5779
[21:45:07] warmStart 25% (587/2348) regret=0.093004 ape=0.5779
[21:45:07] warmStart 25% (588/2348) regret=0.093004 ape=0.5779
[21:45:08] warmStart 25% (589/2348) regret=0.092147 ape=0.5779
[21:45:08] warmStart 25% (590/2348) regret=0.092147 ape=0.5779
[21:45:08] warmStart 25% (591/2348) regret=0.092147 ape=0.5779
[21:45:08] warmStart 25% (592/2348) regret=0.092147 ape=0.5779
[21:45:08] warmStart 25% (593/2348) regret=0.092147 ape=0.5779
[21:45:08] warmStart 25% (594/2348) regret=0.092142 ape=0.5779
[21:45:08] warmStart 25% (595/2348) regret=0.092147 ape=0.5779
[21:45:09] warmStart 25% (596/2348) regret=0.092147 ape=0.5779
[21:45:09] warmStart 25% (597/2348) regret=0.092154 ape=0.5779
[21:45:09] warmStart 25% (598/2348) regret=0.091976 ape=0.5760
[21:45:09] warmStart 25% (599/2348) regret=0.091976 ape=0.5760
[21:45:09] warmStart 25% (600/2348) regret=0.091976 ape=0.5760
[21:45:09] warmStart 25% (601/2348) regret=0.091976 ape=0.5760
[21:45:09] warmStart 25% (602/2348) regret=0.091933 ape=0.5760
[21:45:10] warmStart 25% (603/2348) regret=0.091933 ape=0.5760
[21:45:10] warmStart 25% (604/2348) regret=0.091933 ape=0.5760
[21:45:10] warmStart 25% (605/2348) regret=0.091933 ape=0.5760
[21:45:10] warmStart 25% (606/2348) regret=0.091864 ape=0.5760
[21:45:10] warmStart 25% (607/2348) regret=0.091933 ape=0.5760
[21:45:11] warmStart 25% (608/2348) regret=0.091933 ape=0.5760
[21:45:11] warmStart 25% (609/2348) regret=0.091936 ape=0.5760
[21:45:11] warmStart 25% (610/2348) regret=0.091936 ape=0.5760
[21:45:11] warmStart 26% (611/2348) regret=0.091936 ape=0.5760
[21:45:11] warmStart 26% (612/2348) regret=0.091936 ape=0.5760
[21:45:12] warmStart 26% (613/2348) regret=0.091936 ape=0.5760
[21:45:12] warmStart 26% (614/2348) regret=0.091931 ape=0.5751
[21:45:12] warmStart 26% (615/2348) regret=0.091936 ape=0.5760
[21:45:12] warmStart 26% (616/2348) regret=0.091798 ape=0.5751
[21:45:13] warmStart 26% (617/2348) regret=0.091798 ape=0.5751
[21:45:13] warmStart 26% (618/2348) regret=0.091798 ape=0.5751
[21:45:13] warmStart 26% (619/2348) regret=0.091798 ape=0.5751
[21:45:13] warmStart 26% (620/2348) regret=0.091798 ape=0.5751
[21:45:13] warmStart 26% (621/2348) regret=0.091798 ape=0.5751
[21:45:14] warmStart 26% (622/2348) regret=0.091219 ape=0.5742
[21:45:14] warmStart 26% (623/2348) regret=0.091219 ape=0.5742
[21:45:14] warmStart 26% (624/2348) regret=0.091219 ape=0.5742
[21:45:14] warmStart 26% (625/2348) regret=0.091219 ape=0.5742
[21:45:15] warmStart 26% (626/2348) regret=0.091182 ape=0.5751
[21:45:15] warmStart 26% (627/2348) regret=0.091182 ape=0.5751
[21:45:15] warmStart 26% (628/2348) regret=0.091182 ape=0.5751
[21:45:15] warmStart 26% (629/2348) regret=0.091182 ape=0.5751
[21:45:15] warmStart 26% (630/2348) regret=0.091182 ape=0.5751
[21:45:16] warmStart 26% (631/2348) regret=0.091182 ape=0.5751
[21:45:16] warmStart 26% (632/2348) regret=0.091225 ape=0.5751
[21:45:16] warmStart 26% (633/2348) regret=0.091225 ape=0.5751
[21:45:16] warmStart 27% (634/2348) regret=0.091225 ape=0.5751
[21:45:16] warmStart 27% (635/2348) regret=0.091225 ape=0.5751
[21:45:17] warmStart 27% (636/2348) regret=0.091232 ape=0.5751
[21:45:17] warmStart 27% (637/2348) regret=0.091239 ape=0.5751
[21:45:17] warmStart 27% (638/2348) regret=0.091225 ape=0.5751
[21:45:17] warmStart 27% (639/2348) regret=0.091225 ape=0.5751
[21:45:18] warmStart 27% (640/2348) regret=0.091225 ape=0.5751
[21:45:18] warmStart 27% (641/2348) regret=0.091225 ape=0.5751
[21:45:18] warmStart 27% (642/2348) regret=0.091271 ape=0.5760
[21:45:18] warmStart 27% (643/2348) regret=0.091182 ape=0.5751
[21:45:18] warmStart 27% (644/2348) regret=0.091182 ape=0.5751
[21:45:19] warmStart 27% (645/2348) regret=0.091187 ape=0.5751
[21:45:19] warmStart 27% (646/2348) regret=0.091182 ape=0.5751
[21:45:19] warmStart 27% (647/2348) regret=0.091182 ape=0.5751
[21:45:19] warmStart 27% (648/2348) regret=0.091182 ape=0.5751
[21:45:20] warmStart 27% (649/2348) regret=0.091182 ape=0.5751
[21:45:20] warmStart 27% (650/2348) regret=0.091182 ape=0.5751
[21:45:20] warmStart 27% (651/2348) regret=0.091284 ape=0.5751
[21:45:20] warmStart 27% (652/2348) regret=0.091284 ape=0.5751
[21:45:21] warmStart 27% (653/2348) regret=0.091284 ape=0.5751
[21:45:21] warmStart 27% (654/2348) regret=0.091284 ape=0.5751
[21:45:21] warmStart 27% (655/2348) regret=0.091284 ape=0.5751
[21:45:21] warmStart 27% (656/2348) regret=0.091151 ape=0.5742
[21:45:21] warmStart 27% (657/2348) regret=0.091284 ape=0.5751
[21:45:22] warmStart 28% (658/2348) regret=0.091284 ape=0.5751
[21:45:22] warmStart 28% (659/2348) regret=0.091284 ape=0.5751
[21:45:22] warmStart 28% (660/2348) regret=0.091284 ape=0.5751
[21:45:22] warmStart 28% (661/2348) regret=0.091284 ape=0.5751
[21:45:23] warmStart 28% (662/2348) regret=0.091284 ape=0.5751
[21:45:23] warmStart 28% (663/2348) regret=0.091284 ape=0.5751
[21:45:23] warmStart 28% (664/2348) regret=0.091284 ape=0.5751
[21:45:23] warmStart 28% (665/2348) regret=0.091327 ape=0.5751
[21:45:23] warmStart 28% (666/2348) regret=0.091456 ape=0.5760
[21:45:24] warmStart 28% (667/2348) regret=0.091327 ape=0.5751
[21:45:24] warmStart 28% (668/2348) regret=0.091327 ape=0.5751
[21:45:24] warmStart 28% (669/2348) regret=0.091327 ape=0.5751
[21:45:24] warmStart 28% (670/2348) regret=0.091331 ape=0.5751
[21:45:25] warmStart 28% (671/2348) regret=0.091327 ape=0.5751
[21:45:25] warmStart 28% (672/2348) regret=0.091327 ape=0.5751
[21:45:25] warmStart 28% (673/2348) regret=0.091327 ape=0.5751
[21:45:25] warmStart 28% (674/2348) regret=0.091327 ape=0.5751
[21:45:25] warmStart 28% (675/2348) regret=0.091327 ape=0.5751
[21:45:26] warmStart 28% (676/2348) regret=0.091268 ape=0.5751
[21:45:26] warmStart 28% (677/2348) regret=0.091268 ape=0.5751
[21:45:26] warmStart 28% (678/2348) regret=0.091268 ape=0.5751
[21:45:26] warmStart 28% (679/2348) regret=0.091268 ape=0.5751
[21:45:27] warmStart 28% (680/2348) regret=0.091268 ape=0.5751
[21:45:27] warmStart 29% (681/2348) regret=0.091268 ape=0.5751
[21:45:27] warmStart 29% (682/2348) regret=0.091266 ape=0.5742
[21:45:27] warmStart 29% (683/2348) regret=0.091268 ape=0.5751
[21:45:27] warmStart 29% (684/2348) regret=0.091268 ape=0.5751
[21:45:28] warmStart 29% (685/2348) regret=0.091268 ape=0.5751
[21:45:28] warmStart 29% (686/2348) regret=0.091268 ape=0.5751
[21:45:28] warmStart 29% (687/2348) regret=0.091268 ape=0.5751
[21:45:28] warmStart 29% (688/2348) regret=0.091125 ape=0.5733
[21:45:28] warmStart 29% (689/2348) regret=0.091124 ape=0.5742
[21:45:29] warmStart 29% (690/2348) regret=0.090851 ape=0.5742
[21:45:29] warmStart 29% (691/2348) regret=0.090851 ape=0.5742
[21:45:29] warmStart 29% (692/2348) regret=0.090851 ape=0.5742
[21:45:29] warmStart 29% (693/2348) regret=0.090851 ape=0.5742
[21:45:30] warmStart 29% (694/2348) regret=0.090851 ape=0.5742
[21:45:30] warmStart 29% (695/2348) regret=0.090851 ape=0.5742
[21:45:30] warmStart 29% (696/2348) regret=0.090851 ape=0.5742
[21:45:30] warmStart 29% (697/2348) regret=0.090851 ape=0.5742
[21:45:30] warmStart 29% (698/2348) regret=0.090851 ape=0.5742
[21:45:31] warmStart 29% (699/2348) regret=0.090219 ape=0.5733
[21:45:31] warmStart 29% (700/2348) regret=0.090196 ape=0.5733
[21:45:31] warmStart 29% (701/2348) regret=0.090219 ape=0.5733
[21:45:31] warmStart 29% (702/2348) regret=0.090219 ape=0.5733
[21:45:32] warmStart 29% (703/2348) regret=0.090035 ape=0.5733
[21:45:32] warmStart 29% (704/2348) regret=0.090035 ape=0.5733
[21:45:32] warmStart 30% (705/2348) regret=0.090035 ape=0.5733
[21:45:32] warmStart 30% (706/2348) regret=0.090016 ape=0.5733
[21:45:33] warmStart 30% (707/2348) regret=0.090055 ape=0.5733
[21:45:33] warmStart 30% (708/2348) regret=0.090055 ape=0.5733
[21:45:33] warmStart 30% (709/2348) regret=0.090109 ape=0.5742
[21:45:33] warmStart 30% (710/2348) regret=0.089566 ape=0.5733
[21:45:33] warmStart 30% (711/2348) regret=0.089566 ape=0.5733
[21:45:34] warmStart 30% (712/2348) regret=0.089566 ape=0.5733
[21:45:34] warmStart 30% (713/2348) regret=0.089566 ape=0.5733
[21:45:34] warmStart 30% (714/2348) regret=0.089566 ape=0.5733
[21:45:34] warmStart 30% (715/2348) regret=0.089566 ape=0.5733
[21:45:35] warmStart 30% (716/2348) regret=0.089566 ape=0.5733
[21:45:35] warmStart 30% (717/2348) regret=0.089566 ape=0.5733
[21:45:35] warmStart 30% (718/2348) regret=0.089760 ape=0.5733
[21:45:35] warmStart 30% (719/2348) regret=0.089566 ape=0.5733
[21:45:35] warmStart 30% (720/2348) regret=0.089566 ape=0.5733
[21:45:36] warmStart 30% (721/2348) regret=0.089566 ape=0.5733
[21:45:36] warmStart 30% (722/2348) regret=0.089566 ape=0.5733
[21:45:36] warmStart 30% (723/2348) regret=0.089566 ape=0.5733
[21:45:36] warmStart 30% (724/2348) regret=0.089262 ape=0.5733
[21:45:37] warmStart 30% (725/2348) regret=0.089262 ape=0.5733
[21:45:37] warmStart 30% (726/2348) regret=0.089262 ape=0.5733
[21:45:37] warmStart 30% (727/2348) regret=0.089262 ape=0.5733
[21:45:37] warmStart 31% (728/2348) regret=0.089262 ape=0.5733
[21:45:37] warmStart 31% (729/2348) regret=0.089260 ape=0.5724
[21:45:38] warmStart 31% (730/2348) regret=0.089301 ape=0.5733
[21:45:38] warmStart 31% (731/2348) regret=0.089301 ape=0.5733
[21:45:38] warmStart 31% (732/2348) regret=0.089301 ape=0.5733
[21:45:38] warmStart 31% (733/2348) regret=0.089301 ape=0.5733
[21:45:38] warmStart 31% (734/2348) regret=0.089301 ape=0.5733
[21:45:39] warmStart 31% (735/2348) regret=0.089301 ape=0.5733
[21:45:39] warmStart 31% (736/2348) regret=0.088997 ape=0.5724
[21:45:39] warmStart 31% (737/2348) regret=0.088997 ape=0.5724
[21:45:39] warmStart 31% (738/2348) regret=0.088997 ape=0.5724
[21:45:40] warmStart 31% (739/2348) regret=0.088997 ape=0.5724
[21:45:40] warmStart 31% (740/2348) regret=0.088977 ape=0.5724
[21:45:40] warmStart 31% (741/2348) regret=0.088977 ape=0.5724
[21:45:40] warmStart 31% (742/2348) regret=0.088972 ape=0.5714
[21:45:40] warmStart 31% (743/2348) regret=0.088972 ape=0.5714
[21:45:41] warmStart 31% (744/2348) regret=0.088972 ape=0.5714
[21:45:41] warmStart 31% (745/2348) regret=0.088917 ape=0.5705
[21:45:41] warmStart 31% (746/2348) regret=0.088972 ape=0.5714
[21:45:41] warmStart 31% (747/2348) regret=0.089000 ape=0.5714
[21:45:42] warmStart 31% (748/2348) regret=0.088926 ape=0.5714
[21:45:42] warmStart 31% (749/2348) regret=0.088972 ape=0.5714
[21:45:42] warmStart 31% (750/2348) regret=0.088977 ape=0.5724
[21:45:42] warmStart 31% (751/2348) regret=0.088945 ape=0.5724
[21:45:42] warmStart 32% (752/2348) regret=0.088945 ape=0.5724
[21:45:43] warmStart 32% (753/2348) regret=0.088983 ape=0.5724
[21:45:43] warmStart 32% (754/2348) regret=0.088945 ape=0.5724
[21:45:43] warmStart 32% (755/2348) regret=0.088945 ape=0.5724
[21:45:43] warmStart 32% (756/2348) regret=0.088945 ape=0.5724
[21:45:44] warmStart 32% (757/2348) regret=0.088945 ape=0.5724
[21:45:44] warmStart 32% (758/2348) regret=0.088958 ape=0.5724
[21:45:44] warmStart 32% (759/2348) regret=0.088945 ape=0.5724
[21:45:44] warmStart 32% (760/2348) regret=0.089009 ape=0.5733
[21:45:45] warmStart 32% (761/2348) regret=0.088812 ape=0.5714
[21:45:45] warmStart 32% (762/2348) regret=0.088743 ape=0.5714
[21:45:45] warmStart 32% (763/2348) regret=0.088870 ape=0.5714
[21:45:45] warmStart 32% (764/2348) regret=0.088812 ape=0.5714
[21:45:45] warmStart 32% (765/2348) regret=0.088812 ape=0.5714
[21:45:46] warmStart 32% (766/2348) regret=0.088812 ape=0.5714
[21:45:46] warmStart 32% (767/2348) regret=0.088812 ape=0.5714
[21:45:46] warmStart 32% (768/2348) regret=0.088828 ape=0.5714
[21:45:46] warmStart 32% (769/2348) regret=0.088828 ape=0.5714
[21:45:46] warmStart 32% (770/2348) regret=0.088828 ape=0.5714
[21:45:47] warmStart 32% (771/2348) regret=0.088726 ape=0.5705
[21:45:47] warmStart 32% (772/2348) regret=0.088726 ape=0.5705
[21:45:47] warmStart 32% (773/2348) regret=0.088773 ape=0.5705
[21:45:47] warmStart 32% (774/2348) regret=0.088688 ape=0.5705
[21:45:48] warmStart 33% (775/2348) regret=0.088503 ape=0.5696
[21:45:48] warmStart 33% (776/2348) regret=0.088503 ape=0.5696
[21:45:48] warmStart 33% (777/2348) regret=0.088468 ape=0.5696
[21:45:48] warmStart 33% (778/2348) regret=0.088468 ape=0.5696
[21:45:48] warmStart 33% (779/2348) regret=0.088459 ape=0.5687
[21:45:49] warmStart 33% (780/2348) regret=0.088462 ape=0.5687
[21:45:49] warmStart 33% (781/2348) regret=0.088468 ape=0.5696
[21:45:49] warmStart 33% (782/2348) regret=0.088468 ape=0.5696
[21:45:49] warmStart 33% (783/2348) regret=0.088468 ape=0.5696
[21:45:49] warmStart 33% (784/2348) regret=0.088468 ape=0.5696
[21:45:49] warmStart 33% (785/2348) regret=0.088468 ape=0.5696
[21:45:50] warmStart 33% (786/2348) regret=0.088468 ape=0.5696
[21:45:50] warmStart 33% (787/2348) regret=0.088468 ape=0.5696
[21:45:50] warmStart 33% (788/2348) regret=0.088468 ape=0.5696
[21:45:50] warmStart 33% (789/2348) regret=0.088699 ape=0.5705
[21:45:50] warmStart 33% (790/2348) regret=0.088468 ape=0.5696
[21:45:50] warmStart 33% (791/2348) regret=0.088468 ape=0.5696
[21:45:51] warmStart 33% (792/2348) regret=0.088468 ape=0.5696
[21:45:51] warmStart 33% (793/2348) regret=0.088302 ape=0.5696
[21:45:51] warmStart 33% (794/2348) regret=0.088468 ape=0.5696
[21:45:51] warmStart 33% (795/2348) regret=0.088468 ape=0.5696
[21:45:51] warmStart 33% (796/2348) regret=0.088468 ape=0.5696
[21:45:52] warmStart 33% (797/2348) regret=0.088468 ape=0.5696
[21:45:52] warmStart 33% (798/2348) regret=0.088468 ape=0.5696
[21:45:52] warmStart 34% (799/2348) regret=0.088468 ape=0.5696
[21:45:52] warmStart 34% (800/2348) regret=0.088468 ape=0.5696
[21:45:52] warmStart 34% (801/2348) regret=0.088468 ape=0.5696
[21:45:52] warmStart 34% (802/2348) regret=0.088468 ape=0.5696
[21:45:52] warmStart 34% (803/2348) regret=0.088468 ape=0.5696
[21:45:53] warmStart 34% (804/2348) regret=0.088468 ape=0.5696
[21:45:53] warmStart 34% (805/2348) regret=0.088468 ape=0.5696
[21:45:53] warmStart 34% (806/2348) regret=0.088468 ape=0.5696
[21:45:53] warmStart 34% (807/2348) regret=0.088468 ape=0.5696
[21:45:53] warmStart 34% (808/2348) regret=0.088468 ape=0.5696
[21:45:53] warmStart 34% (809/2348) regret=0.088468 ape=0.5696
[21:45:53] warmStart 34% (810/2348) regret=0.088468 ape=0.5696
[21:45:53] warmStart 34% (811/2348) regret=0.088468 ape=0.5696
[21:45:54] warmStart 34% (812/2348) regret=0.088468 ape=0.5696
[21:45:54] warmStart 34% (813/2348) regret=0.088468 ape=0.5696
[21:45:54] warmStart 34% (814/2348) regret=0.088468 ape=0.5696
[21:45:54] warmStart 34% (815/2348) regret=0.088468 ape=0.5696
[21:45:54] warmStart 34% (816/2348) regret=0.088468 ape=0.5696
[21:45:54] warmStart 34% (817/2348) regret=0.088468 ape=0.5696
[21:45:54] warmStart 34% (818/2348) regret=0.088390 ape=0.5696
[21:45:55] warmStart 34% (819/2348) regret=0.088390 ape=0.5696
[21:45:55] warmStart 34% (820/2348) regret=0.088390 ape=0.5696
[21:45:55] warmStart 34% (821/2348) regret=0.088390 ape=0.5696
[21:45:55] warmStart 35% (822/2348) regret=0.088390 ape=0.5696
[21:45:55] warmStart 35% (823/2348) regret=0.088390 ape=0.5696
[21:45:55] warmStart 35% (824/2348) regret=0.088390 ape=0.5696
[21:45:55] warmStart 35% (825/2348) regret=0.088390 ape=0.5696
[21:45:56] warmStart 35% (826/2348) regret=0.088390 ape=0.5696
[21:45:56] warmStart 35% (827/2348) regret=0.088759 ape=0.5696
[21:45:56] warmStart 35% (828/2348) regret=0.088390 ape=0.5696
[21:45:56] warmStart 35% (829/2348) regret=0.088390 ape=0.5696
[21:45:56] warmStart 35% (830/2348) regret=0.088390 ape=0.5696
[21:45:56] warmStart 35% (831/2348) regret=0.088274 ape=0.5696
[21:45:56] warmStart 35% (832/2348) regret=0.088274 ape=0.5696
[21:45:57] warmStart 35% (833/2348) regret=0.088242 ape=0.5696
[21:45:57] warmStart 35% (834/2348) regret=0.088272 ape=0.5687
[21:45:57] warmStart 35% (835/2348) regret=0.088274 ape=0.5696
[21:45:57] warmStart 35% (836/2348) regret=0.088274 ape=0.5696
[21:45:57] warmStart 35% (837/2348) regret=0.088306 ape=0.5696
[21:45:57] warmStart 35% (838/2348) regret=0.088306 ape=0.5696
[21:45:57] warmStart 35% (839/2348) regret=0.088306 ape=0.5696
[21:45:57] warmStart 35% (840/2348) regret=0.088306 ape=0.5696
[21:45:58] warmStart 35% (841/2348) regret=0.088306 ape=0.5696
[21:45:58] warmStart 35% (842/2348) regret=0.088306 ape=0.5696
[21:45:58] warmStart 35% (843/2348) regret=0.088306 ape=0.5696
[21:45:58] warmStart 35% (844/2348) regret=0.088306 ape=0.5696
[21:45:58] warmStart 35% (845/2348) regret=0.088306 ape=0.5696
[21:45:58] warmStart 36% (846/2348) regret=0.088306 ape=0.5696
[21:45:58] warmStart 36% (847/2348) regret=0.088306 ape=0.5696
[21:45:59] warmStart 36% (848/2348) regret=0.088306 ape=0.5696
[21:45:59] warmStart 36% (849/2348) regret=0.088302 ape=0.5696
[21:45:59] warmStart 36% (850/2348) regret=0.088306 ape=0.5696
[21:45:59] warmStart 36% (851/2348) regret=0.088306 ape=0.5696
[21:45:59] warmStart 36% (852/2348) regret=0.088306 ape=0.5696
[21:45:59] warmStart 36% (853/2348) regret=0.088304 ape=0.5687
[21:45:59] warmStart 36% (854/2348) regret=0.088306 ape=0.5696
[21:46:00] warmStart 36% (855/2348) regret=0.088306 ape=0.5696
[21:46:00] warmStart 36% (856/2348) regret=0.088306 ape=0.5696
[21:46:00] warmStart 36% (857/2348) regret=0.088251 ape=0.5687
[21:46:00] warmStart 36% (858/2348) regret=0.088251 ape=0.5687
[21:46:00] warmStart 36% (859/2348) regret=0.088251 ape=0.5687
[21:46:00] warmStart 36% (860/2348) regret=0.088326 ape=0.5696
[21:46:00] warmStart 36% (861/2348) regret=0.088271 ape=0.5687
[21:46:01] warmStart 36% (862/2348) regret=0.088022 ape=0.5687
[21:46:01] warmStart 36% (863/2348) regret=0.088013 ape=0.5687
[21:46:01] warmStart 36% (864/2348) regret=0.088013 ape=0.5687
[21:46:01] warmStart 36% (865/2348) regret=0.087974 ape=0.5687
[21:46:01] warmStart 36% (866/2348) regret=0.087974 ape=0.5687
[21:46:01] warmStart 36% (867/2348) regret=0.087974 ape=0.5687
[21:46:01] warmStart 36% (868/2348) regret=0.087974 ape=0.5687
[21:46:01] warmStart 37% (869/2348) regret=0.087979 ape=0.5696
[21:46:02] warmStart 37% (870/2348) regret=0.087974 ape=0.5687
[21:46:02] warmStart 37% (871/2348) regret=0.087974 ape=0.5687
[21:46:02] warmStart 37% (872/2348) regret=0.087974 ape=0.5687
[21:46:02] warmStart 37% (873/2348) regret=0.087974 ape=0.5687
[21:46:02] warmStart 37% (874/2348) regret=0.087974 ape=0.5687
[21:46:02] warmStart 37% (875/2348) regret=0.087974 ape=0.5687
[21:46:02] warmStart 37% (876/2348) regret=0.087974 ape=0.5687
[21:46:03] warmStart 37% (877/2348) regret=0.087974 ape=0.5687
[21:46:03] warmStart 37% (878/2348) regret=0.087974 ape=0.5687
[21:46:03] warmStart 37% (879/2348) regret=0.087864 ape=0.5677
[21:46:03] warmStart 37% (880/2348) regret=0.087977 ape=0.5687
[21:46:03] warmStart 37% (881/2348) regret=0.087977 ape=0.5687
[21:46:03] warmStart 37% (882/2348) regret=0.087591 ape=0.5687
[21:46:03] warmStart 37% (883/2348) regret=0.087539 ape=0.5687
[21:46:04] warmStart 37% (884/2348) regret=0.087591 ape=0.5687
[21:46:04] warmStart 37% (885/2348) regret=0.087539 ape=0.5687
[21:46:04] warmStart 37% (886/2348) regret=0.087539 ape=0.5687
[21:46:04] warmStart 37% (887/2348) regret=0.087539 ape=0.5687
[21:46:04] warmStart 37% (888/2348) regret=0.087539 ape=0.5687
[21:46:04] warmStart 37% (889/2348) regret=0.087465 ape=0.5677
[21:46:04] warmStart 37% (890/2348) regret=0.087373 ape=0.5668
[21:46:05] warmStart 37% (891/2348) regret=0.087373 ape=0.5668
[21:46:05] warmStart 37% (892/2348) regret=0.087373 ape=0.5668
[21:46:05] warmStart 38% (893/2348) regret=0.087373 ape=0.5668
[21:46:05] warmStart 38% (894/2348) regret=0.087373 ape=0.5668
[21:46:05] warmStart 38% (895/2348) regret=0.087373 ape=0.5668
[21:46:05] warmStart 38% (896/2348) regret=0.087428 ape=0.5668
[21:46:05] warmStart 38% (897/2348) regret=0.087373 ape=0.5668
[21:46:06] warmStart 38% (898/2348) regret=0.087373 ape=0.5668
[21:46:06] warmStart 38% (899/2348) regret=0.087373 ape=0.5668
[21:46:06] warmStart 38% (900/2348) regret=0.087373 ape=0.5668
[21:46:06] warmStart 38% (901/2348) regret=0.087373 ape=0.5668
[21:46:06] warmStart 38% (902/2348) regret=0.087373 ape=0.5668
[21:46:06] warmStart 38% (903/2348) regret=0.087431 ape=0.5668
[21:46:06] warmStart 38% (904/2348) regret=0.087431 ape=0.5668
[21:46:07] warmStart 38% (905/2348) regret=0.087431 ape=0.5668
[21:46:07] warmStart 38% (906/2348) regret=0.087431 ape=0.5668
[21:46:07] warmStart 38% (907/2348) regret=0.087431 ape=0.5668
[21:46:07] warmStart 38% (908/2348) regret=0.087431 ape=0.5668
[21:46:07] warmStart 38% (909/2348) regret=0.087431 ape=0.5668
[21:46:08] warmStart 38% (910/2348) regret=0.087431 ape=0.5668
[21:46:08] warmStart 38% (911/2348) regret=0.087431 ape=0.5668
[21:46:08] warmStart 38% (912/2348) regret=0.087431 ape=0.5668
[21:46:08] warmStart 38% (913/2348) regret=0.087431 ape=0.5668
[21:46:08] warmStart 38% (914/2348) regret=0.087431 ape=0.5668
[21:46:09] warmStart 38% (915/2348) regret=0.087431 ape=0.5668
[21:46:09] warmStart 39% (916/2348) regret=0.087436 ape=0.5677
[21:46:09] warmStart 39% (917/2348) regret=0.087431 ape=0.5668
[21:46:09] warmStart 39% (918/2348) regret=0.087339 ape=0.5668
[21:46:09] warmStart 39% (919/2348) regret=0.087376 ape=0.5668
[21:46:10] warmStart 39% (920/2348) regret=0.087376 ape=0.5668
[21:46:10] warmStart 39% (921/2348) regret=0.087376 ape=0.5668
[21:46:10] warmStart 39% (922/2348) regret=0.087376 ape=0.5668
[21:46:10] warmStart 39% (923/2348) regret=0.087376 ape=0.5668
[21:46:10] warmStart 39% (924/2348) regret=0.087376 ape=0.5668
[21:46:11] warmStart 39% (925/2348) regret=0.087425 ape=0.5677
[21:46:11] warmStart 39% (926/2348) regret=0.087437 ape=0.5677
[21:46:11] warmStart 39% (927/2348) regret=0.087425 ape=0.5677
[21:46:11] warmStart 39% (928/2348) regret=0.087425 ape=0.5677
[21:46:11] warmStart 39% (929/2348) regret=0.087425 ape=0.5677
[21:46:12] warmStart 39% (930/2348) regret=0.087425 ape=0.5677
[21:46:12] warmStart 39% (931/2348) regret=0.087425 ape=0.5677
[21:46:12] warmStart 39% (932/2348) regret=0.087425 ape=0.5677
[21:46:12] warmStart 39% (933/2348) regret=0.087525 ape=0.5677
[21:46:12] warmStart 39% (934/2348) regret=0.087425 ape=0.5677
[21:46:13] warmStart 39% (935/2348) regret=0.087425 ape=0.5677
[21:46:13] warmStart 39% (936/2348) regret=0.087425 ape=0.5677
[21:46:13] warmStart 39% (937/2348) regret=0.087425 ape=0.5677
[21:46:13] warmStart 39% (938/2348) regret=0.087425 ape=0.5677
[21:46:13] warmStart 39% (939/2348) regret=0.087425 ape=0.5677
[21:46:14] warmStart 40% (940/2348) regret=0.087425 ape=0.5677
[21:46:14] warmStart 40% (941/2348) regret=0.087425 ape=0.5677
[21:46:14] warmStart 40% (942/2348) regret=0.087425 ape=0.5677
[21:46:14] warmStart 40% (943/2348) regret=0.087425 ape=0.5677
[21:46:14] warmStart 40% (944/2348) regret=0.087425 ape=0.5677
[21:46:14] warmStart 40% (945/2348) regret=0.087425 ape=0.5677
[21:46:15] warmStart 40% (946/2348) regret=0.087425 ape=0.5677
[21:46:15] warmStart 40% (947/2348) regret=0.087425 ape=0.5677
[21:46:15] warmStart 40% (948/2348) regret=0.087324 ape=0.5677
[21:46:15] warmStart 40% (949/2348) regret=0.087324 ape=0.5677
[21:46:15] warmStart 40% (950/2348) regret=0.087321 ape=0.5668
[21:46:16] warmStart 40% (951/2348) regret=0.087324 ape=0.5677
[21:46:16] warmStart 40% (952/2348) regret=0.087324 ape=0.5677
[21:46:16] warmStart 40% (953/2348) regret=0.087324 ape=0.5677
[21:46:16] warmStart 40% (954/2348) regret=0.087324 ape=0.5677
[21:46:16] warmStart 40% (955/2348) regret=0.087324 ape=0.5677
[21:46:17] warmStart 40% (956/2348) regret=0.087324 ape=0.5677
[21:46:17] warmStart 40% (957/2348) regret=0.087324 ape=0.5677
[21:46:17] warmStart 40% (958/2348) regret=0.087324 ape=0.5677
[21:46:17] warmStart 40% (959/2348) regret=0.087324 ape=0.5677
[21:46:17] warmStart 40% (960/2348) regret=0.087324 ape=0.5677
[21:46:18] warmStart 40% (961/2348) regret=0.087351 ape=0.5677
[21:46:18] warmStart 40% (962/2348) regret=0.087324 ape=0.5677
[21:46:18] warmStart 41% (963/2348) regret=0.087324 ape=0.5677
[21:46:18] warmStart 41% (964/2348) regret=0.087324 ape=0.5677
[21:46:18] warmStart 41% (965/2348) regret=0.087324 ape=0.5677
[21:46:19] warmStart 41% (966/2348) regret=0.087324 ape=0.5677
[21:46:19] warmStart 41% (967/2348) regret=0.086715 ape=0.5677
[21:46:19] warmStart 41% (968/2348) regret=0.086715 ape=0.5677
[21:46:19] warmStart 41% (969/2348) regret=0.086743 ape=0.5687
[21:46:19] warmStart 41% (970/2348) regret=0.086715 ape=0.5677
[21:46:20] warmStart 41% (971/2348) regret=0.086720 ape=0.5677
[21:46:20] warmStart 41% (972/2348) regret=0.086715 ape=0.5677
[21:46:20] warmStart 41% (973/2348) regret=0.086715 ape=0.5677
[21:46:20] warmStart 41% (974/2348) regret=0.086715 ape=0.5677
[21:46:20] warmStart 41% (975/2348) regret=0.086715 ape=0.5677
[21:46:20] warmStart 41% (976/2348) regret=0.086715 ape=0.5677
[21:46:21] warmStart 41% (977/2348) regret=0.086715 ape=0.5677
[21:46:21] warmStart 41% (978/2348) regret=0.086715 ape=0.5677
[21:46:21] warmStart 41% (979/2348) regret=0.086715 ape=0.5677
[21:46:21] warmStart 41% (980/2348) regret=0.086715 ape=0.5677
[21:46:21] warmStart 41% (981/2348) regret=0.086831 ape=0.5687
[21:46:22] warmStart 41% (982/2348) regret=0.086900 ape=0.5677
[21:46:22] warmStart 41% (983/2348) regret=0.086715 ape=0.5677
[21:46:22] warmStart 41% (984/2348) regret=0.086715 ape=0.5677
[21:46:22] warmStart 41% (985/2348) regret=0.086715 ape=0.5677
[21:46:22] warmStart 41% (986/2348) regret=0.086715 ape=0.5677
[21:46:23] warmStart 42% (987/2348) regret=0.086715 ape=0.5677
[21:46:23] warmStart 42% (988/2348) regret=0.086715 ape=0.5677
[21:46:23] warmStart 42% (989/2348) regret=0.086715 ape=0.5677
[21:46:23] warmStart 42% (990/2348) regret=0.086715 ape=0.5677
[21:46:24] warmStart 42% (991/2348) regret=0.086715 ape=0.5677
[21:46:24] warmStart 42% (992/2348) regret=0.086715 ape=0.5677
[21:46:24] warmStart 42% (993/2348) regret=0.086715 ape=0.5677
[21:46:24] warmStart 42% (994/2348) regret=0.086715 ape=0.5677
[21:46:24] warmStart 42% (995/2348) regret=0.086918 ape=0.5677
[21:46:25] warmStart 42% (996/2348) regret=0.086715 ape=0.5677
[21:46:25] warmStart 42% (997/2348) regret=0.086890 ape=0.5677
[21:46:25] warmStart 42% (998/2348) regret=0.086890 ape=0.5677
[21:46:25] warmStart 42% (999/2348) regret=0.086890 ape=0.5677
[21:46:25] warmStart 42% (1000/2348) regret=0.086890 ape=0.5677
[21:46:25] warmStart 42% (1001/2348) regret=0.086893 ape=0.5677
[21:46:26] warmStart 42% (1002/2348) regret=0.086890 ape=0.5677
[21:46:26] warmStart 42% (1003/2348) regret=0.086890 ape=0.5677
[21:46:26] warmStart 42% (1004/2348) regret=0.086890 ape=0.5677
[21:46:26] warmStart 42% (1005/2348) regret=0.086752 ape=0.5677
[21:46:26] warmStart 42% (1006/2348) regret=0.086752 ape=0.5677
[21:46:27] warmStart 42% (1007/2348) regret=0.086752 ape=0.5677
[21:46:27] warmStart 42% (1008/2348) regret=0.086798 ape=0.5677
[21:46:27] warmStart 42% (1009/2348) regret=0.086752 ape=0.5677
[21:46:27] warmStart 43% (1010/2348) regret=0.086752 ape=0.5677
[21:46:28] warmStart 43% (1011/2348) regret=0.086738 ape=0.5668
[21:46:28] warmStart 43% (1012/2348) regret=0.086759 ape=0.5677
[21:46:28] warmStart 43% (1013/2348) regret=0.086752 ape=0.5677
[21:46:28] warmStart 43% (1014/2348) regret=0.086752 ape=0.5677
[21:46:28] warmStart 43% (1015/2348) regret=0.086752 ape=0.5677
[21:46:29] warmStart 43% (1016/2348) regret=0.086752 ape=0.5677
[21:46:29] warmStart 43% (1017/2348) regret=0.086703 ape=0.5668
[21:46:29] warmStart 43% (1018/2348) regret=0.086703 ape=0.5668
[21:46:29] warmStart 43% (1019/2348) regret=0.086703 ape=0.5668
[21:46:29] warmStart 43% (1020/2348) regret=0.086703 ape=0.5668
[21:46:29] warmStart 43% (1021/2348) regret=0.086703 ape=0.5668
[21:46:30] warmStart 43% (1022/2348) regret=0.086703 ape=0.5668
[21:46:30] warmStart 43% (1023/2348) regret=0.086703 ape=0.5668
[21:46:30] warmStart 43% (1024/2348) regret=0.086703 ape=0.5668
[21:46:30] warmStart 43% (1025/2348) regret=0.086703 ape=0.5668
[21:46:30] warmStart 43% (1026/2348) regret=0.086703 ape=0.5668
[21:46:31] warmStart 43% (1027/2348) regret=0.086703 ape=0.5668
[21:46:31] warmStart 43% (1028/2348) regret=0.086703 ape=0.5668
[21:46:31] warmStart 43% (1029/2348) regret=0.086703 ape=0.5668
[21:46:31] warmStart 43% (1030/2348) regret=0.086749 ape=0.5668
[21:46:31] warmStart 43% (1031/2348) regret=0.086749 ape=0.5668
[21:46:32] warmStart 43% (1032/2348) regret=0.086749 ape=0.5668
[21:46:32] warmStart 43% (1033/2348) regret=0.086749 ape=0.5668
[21:46:32] warmStart 44% (1034/2348) regret=0.086749 ape=0.5668
[21:46:32] warmStart 44% (1035/2348) regret=0.086750 ape=0.5668
[21:46:32] warmStart 44% (1036/2348) regret=0.086749 ape=0.5668
[21:46:33] warmStart 44% (1037/2348) regret=0.086745 ape=0.5659
[21:46:33] warmStart 44% (1038/2348) regret=0.086745 ape=0.5659
[21:46:33] warmStart 44% (1039/2348) regret=0.086745 ape=0.5659
[21:46:33] warmStart 44% (1040/2348) regret=0.086745 ape=0.5659
[21:46:33] warmStart 44% (1041/2348) regret=0.086745 ape=0.5659
[21:46:34] warmStart 44% (1042/2348) regret=0.086689 ape=0.5659
[21:46:34] warmStart 44% (1043/2348) regret=0.087049 ape=0.5659
[21:46:34] warmStart 44% (1044/2348) regret=0.087049 ape=0.5659
[21:46:34] warmStart 44% (1045/2348) regret=0.087049 ape=0.5659
[21:46:34] warmStart 44% (1046/2348) regret=0.087067 ape=0.5659
[21:46:35] warmStart 44% (1047/2348) regret=0.087058 ape=0.5659
[21:46:35] warmStart 44% (1048/2348) regret=0.087067 ape=0.5659
[21:46:35] warmStart 44% (1049/2348) regret=0.087067 ape=0.5659
[21:46:35] warmStart 44% (1050/2348) regret=0.087067 ape=0.5659
[21:46:35] warmStart 44% (1051/2348) regret=0.087067 ape=0.5659
[21:46:36] warmStart 44% (1052/2348) regret=0.087067 ape=0.5659
[21:46:36] warmStart 44% (1053/2348) regret=0.087067 ape=0.5659
[21:46:36] warmStart 44% (1054/2348) regret=0.087067 ape=0.5659
[21:46:36] warmStart 44% (1055/2348) regret=0.087067 ape=0.5659
[21:46:36] warmStart 44% (1056/2348) regret=0.087067 ape=0.5659
[21:46:36] warmStart 45% (1057/2348) regret=0.087067 ape=0.5659
[21:46:37] warmStart 45% (1058/2348) regret=0.087067 ape=0.5659
[21:46:37] warmStart 45% (1059/2348) regret=0.086938 ape=0.5650
[21:46:37] warmStart 45% (1060/2348) regret=0.087067 ape=0.5659
[21:46:37] warmStart 45% (1061/2348) regret=0.087104 ape=0.5659
[21:46:37] warmStart 45% (1062/2348) regret=0.087067 ape=0.5659
[21:46:38] warmStart 45% (1063/2348) regret=0.087067 ape=0.5659
[21:46:38] warmStart 45% (1064/2348) regret=0.087067 ape=0.5659
[21:46:38] warmStart 45% (1065/2348) regret=0.087298 ape=0.5668
[21:46:38] warmStart 45% (1066/2348) regret=0.087067 ape=0.5659
[21:46:38] warmStart 45% (1067/2348) regret=0.087067 ape=0.5659
[21:46:39] warmStart 45% (1068/2348) regret=0.087067 ape=0.5659
[21:46:39] warmStart 45% (1069/2348) regret=0.087067 ape=0.5659
[21:46:39] warmStart 45% (1070/2348) regret=0.087067 ape=0.5659
[21:46:39] warmStart 45% (1071/2348) regret=0.087090 ape=0.5659
[21:46:39] warmStart 45% (1072/2348) regret=0.087067 ape=0.5659
[21:46:40] warmStart 45% (1073/2348) regret=0.087067 ape=0.5659
[21:46:40] warmStart 45% (1074/2348) regret=0.087410 ape=0.5668
[21:46:40] warmStart 45% (1075/2348) regret=0.087067 ape=0.5659
[21:46:40] warmStart 45% (1076/2348) regret=0.087067 ape=0.5659
[21:46:40] warmStart 45% (1077/2348) regret=0.087067 ape=0.5659
[21:46:41] warmStart 45% (1078/2348) regret=0.087067 ape=0.5659
[21:46:41] warmStart 45% (1079/2348) regret=0.087067 ape=0.5659
[21:46:41] warmStart 45% (1080/2348) regret=0.087067 ape=0.5659
[21:46:41] warmStart 46% (1081/2348) regret=0.087067 ape=0.5659
[21:46:41] warmStart 46% (1082/2348) regret=0.087067 ape=0.5659
[21:46:42] warmStart 46% (1083/2348) regret=0.087067 ape=0.5659
[21:46:42] warmStart 46% (1084/2348) regret=0.087067 ape=0.5659
[21:46:42] warmStart 46% (1085/2348) regret=0.087067 ape=0.5659
[21:46:42] warmStart 46% (1086/2348) regret=0.087067 ape=0.5659
[21:46:42] warmStart 46% (1087/2348) regret=0.087067 ape=0.5659
[21:46:42] warmStart 46% (1088/2348) regret=0.087067 ape=0.5659
[21:46:43] warmStart 46% (1089/2348) regret=0.087067 ape=0.5659
[21:46:43] warmStart 46% (1090/2348) regret=0.087067 ape=0.5659
[21:46:43] warmStart 46% (1091/2348) regret=0.087067 ape=0.5659
[21:46:43] warmStart 46% (1092/2348) regret=0.087067 ape=0.5659
[21:46:43] warmStart 46% (1093/2348) regret=0.087067 ape=0.5659
[21:46:44] warmStart 46% (1094/2348) regret=0.087067 ape=0.5659
[21:46:44] warmStart 46% (1095/2348) regret=0.087067 ape=0.5659
[21:46:44] warmStart 46% (1096/2348) regret=0.087067 ape=0.5659
[21:46:44] warmStart 46% (1097/2348) regret=0.087067 ape=0.5659
[21:46:44] warmStart 46% (1098/2348) regret=0.087067 ape=0.5659
[21:46:44] warmStart 46% (1099/2348) regret=0.087067 ape=0.5659
[21:46:45] warmStart 46% (1100/2348) regret=0.087067 ape=0.5659
[21:46:45] warmStart 46% (1101/2348) regret=0.086892 ape=0.5659
[21:46:45] warmStart 46% (1102/2348) regret=0.086892 ape=0.5659
[21:46:45] warmStart 46% (1103/2348) regret=0.086892 ape=0.5659
[21:46:45] warmStart 47% (1104/2348) regret=0.086892 ape=0.5659
[21:46:45] warmStart 47% (1105/2348) regret=0.086864 ape=0.5650
[21:46:45] warmStart 47% (1106/2348) regret=0.086864 ape=0.5650
[21:46:46] warmStart 47% (1107/2348) regret=0.086864 ape=0.5650
[21:46:46] warmStart 47% (1108/2348) regret=0.086938 ape=0.5659
[21:46:46] warmStart 47% (1109/2348) regret=0.086892 ape=0.5659
[21:46:46] warmStart 47% (1110/2348) regret=0.086938 ape=0.5659
[21:46:46] warmStart 47% (1111/2348) regret=0.086892 ape=0.5659
[21:46:46] warmStart 47% (1112/2348) regret=0.086892 ape=0.5659
[21:46:46] warmStart 47% (1113/2348) regret=0.086892 ape=0.5659
[21:46:47] warmStart 47% (1114/2348) regret=0.086892 ape=0.5659
[21:46:47] warmStart 47% (1115/2348) regret=0.086889 ape=0.5650
[21:46:47] warmStart 47% (1116/2348) regret=0.086889 ape=0.5650
[21:46:47] warmStart 47% (1117/2348) regret=0.086892 ape=0.5659
[21:46:47] warmStart 47% (1118/2348) regret=0.086892 ape=0.5659
[21:46:47] warmStart 47% (1119/2348) regret=0.086892 ape=0.5659
[21:46:47] warmStart 47% (1120/2348) regret=0.086892 ape=0.5659
[21:46:47] warmStart 47% (1121/2348) regret=0.086892 ape=0.5659
[21:46:48] warmStart 47% (1122/2348) regret=0.086892 ape=0.5659
[21:46:48] warmStart 47% (1123/2348) regret=0.086892 ape=0.5659
[21:46:48] warmStart 47% (1124/2348) regret=0.086892 ape=0.5659
[21:46:48] warmStart 47% (1125/2348) regret=0.086892 ape=0.5659
[21:46:48] warmStart 47% (1126/2348) regret=0.086892 ape=0.5659
[21:46:48] warmStart 47% (1127/2348) regret=0.086892 ape=0.5659
[21:46:48] warmStart 48% (1128/2348) regret=0.087041 ape=0.5659
[21:46:49] warmStart 48% (1129/2348) regret=0.086892 ape=0.5659
[21:46:49] warmStart 48% (1130/2348) regret=0.086846 ape=0.5659
[21:46:49] warmStart 48% (1131/2348) regret=0.086846 ape=0.5659
[21:46:49] warmStart 48% (1132/2348) regret=0.086892 ape=0.5659
[21:46:49] warmStart 48% (1133/2348) regret=0.086892 ape=0.5659
[21:46:49] warmStart 48% (1134/2348) regret=0.086892 ape=0.5659
[21:46:49] warmStart 48% (1135/2348) regret=0.086892 ape=0.5659
[21:46:50] warmStart 48% (1136/2348) regret=0.086892 ape=0.5659
[21:46:50] warmStart 48% (1137/2348) regret=0.086892 ape=0.5659
[21:46:50] warmStart 48% (1138/2348) regret=0.086892 ape=0.5659
[21:46:50] warmStart 48% (1139/2348) regret=0.086892 ape=0.5659
[21:46:50] warmStart 48% (1140/2348) regret=0.086892 ape=0.5659
[21:46:50] warmStart 48% (1141/2348) regret=0.086892 ape=0.5659
[21:46:50] warmStart 48% (1142/2348) regret=0.086892 ape=0.5659
[21:46:51] warmStart 48% (1143/2348) regret=0.086892 ape=0.5659
[21:46:51] warmStart 48% (1144/2348) regret=0.086892 ape=0.5659
[21:46:51] warmStart 48% (1145/2348) regret=0.086892 ape=0.5659
[21:46:51] warmStart 48% (1146/2348) regret=0.086892 ape=0.5659
[21:46:51] warmStart 48% (1147/2348) regret=0.086892 ape=0.5659
[21:46:51] warmStart 48% (1148/2348) regret=0.086892 ape=0.5659
[21:46:51] warmStart 48% (1149/2348) regret=0.086892 ape=0.5659
[21:46:52] warmStart 48% (1150/2348) regret=0.086892 ape=0.5659
[21:46:52] warmStart 49% (1151/2348) regret=0.086892 ape=0.5659
[21:46:52] warmStart 49% (1152/2348) regret=0.086892 ape=0.5659
[21:46:52] warmStart 49% (1153/2348) regret=0.086777 ape=0.5650
[21:46:52] warmStart 49% (1154/2348) regret=0.086777 ape=0.5650
[21:46:52] warmStart 49% (1155/2348) regret=0.086777 ape=0.5650
[21:46:52] warmStart 49% (1156/2348) regret=0.086777 ape=0.5650
[21:46:52] warmStart 49% (1157/2348) regret=0.086777 ape=0.5650
[21:46:53] warmStart 49% (1158/2348) regret=0.086777 ape=0.5650
[21:46:53] warmStart 49% (1159/2348) regret=0.086777 ape=0.5650
[21:46:53] warmStart 49% (1160/2348) regret=0.086777 ape=0.5650
[21:46:53] warmStart 49% (1161/2348) regret=0.086777 ape=0.5650
[21:46:53] warmStart 49% (1162/2348) regret=0.086777 ape=0.5650
[21:46:53] warmStart 49% (1163/2348) regret=0.086777 ape=0.5650
[21:46:53] warmStart 49% (1164/2348) regret=0.086777 ape=0.5650
[21:46:54] warmStart 49% (1165/2348) regret=0.086777 ape=0.5650
[21:46:54] warmStart 49% (1166/2348) regret=0.086777 ape=0.5650
[21:46:54] warmStart 49% (1167/2348) regret=0.086777 ape=0.5650
[21:46:54] warmStart 49% (1168/2348) regret=0.086841 ape=0.5659
[21:46:54] warmStart 49% (1169/2348) regret=0.086777 ape=0.5650
[21:46:54] warmStart 49% (1170/2348) regret=0.086777 ape=0.5650
[21:46:54] warmStart 49% (1171/2348) regret=0.086777 ape=0.5650
[21:46:55] warmStart 49% (1172/2348) regret=0.086789 ape=0.5650
[21:46:55] warmStart 49% (1173/2348) regret=0.086679 ape=0.5641
[21:46:55] warmStart 50% (1174/2348) regret=0.086679 ape=0.5641
[21:46:55] warmStart 50% (1175/2348) regret=0.086679 ape=0.5641
[21:46:55] warmStart 50% (1176/2348) regret=0.086494 ape=0.5631
[21:46:55] warmStart 50% (1177/2348) regret=0.086503 ape=0.5631
[21:46:55] warmStart 50% (1178/2348) regret=0.086494 ape=0.5631
[21:46:56] warmStart 50% (1179/2348) regret=0.086494 ape=0.5631
[21:46:56] warmStart 50% (1180/2348) regret=0.086467 ape=0.5631
[21:46:56] warmStart 50% (1181/2348) regret=0.086494 ape=0.5631
[21:46:56] warmStart 50% (1182/2348) regret=0.086531 ape=0.5631
[21:46:56] warmStart 50% (1183/2348) regret=0.086531 ape=0.5631
[21:46:56] warmStart 50% (1184/2348) regret=0.086531 ape=0.5631
[21:46:56] warmStart 50% (1185/2348) regret=0.086531 ape=0.5631
[21:46:57] warmStart 50% (1186/2348) regret=0.086546 ape=0.5631
[21:46:57] warmStart 50% (1187/2348) regret=0.086531 ape=0.5631
[21:46:57] warmStart 50% (1188/2348) regret=0.086531 ape=0.5631
[21:46:57] warmStart 50% (1189/2348) regret=0.086531 ape=0.5631
[21:46:57] warmStart 50% (1190/2348) regret=0.086531 ape=0.5631
[21:46:57] warmStart 50% (1191/2348) regret=0.086531 ape=0.5631
[21:46:57] warmStart 50% (1192/2348) regret=0.086531 ape=0.5631
[21:46:58] warmStart 50% (1193/2348) regret=0.086531 ape=0.5631
[21:46:58] warmStart 50% (1194/2348) regret=0.086531 ape=0.5631
[21:46:58] warmStart 50% (1195/2348) regret=0.086531 ape=0.5631
[21:46:58] warmStart 50% (1196/2348) regret=0.086531 ape=0.5631
[21:46:58] warmStart 50% (1197/2348) regret=0.086531 ape=0.5631
[21:46:58] warmStart 51% (1198/2348) regret=0.086531 ape=0.5631
[21:46:58] warmStart 51% (1199/2348) regret=0.086543 ape=0.5641
[21:46:59] warmStart 51% (1200/2348) regret=0.086531 ape=0.5631
[21:46:59] warmStart 51% (1201/2348) regret=0.086531 ape=0.5631
[21:46:59] warmStart 51% (1202/2348) regret=0.086531 ape=0.5631
[21:46:59] warmStart 51% (1203/2348) regret=0.086549 ape=0.5641
[21:46:59] warmStart 51% (1204/2348) regret=0.086531 ape=0.5631
[21:46:59] warmStart 51% (1205/2348) regret=0.086531 ape=0.5631
[21:46:59] warmStart 51% (1206/2348) regret=0.086531 ape=0.5631
[21:47:00] warmStart 51% (1207/2348) regret=0.086531 ape=0.5631
[21:47:00] warmStart 51% (1208/2348) regret=0.086531 ape=0.5631
[21:47:00] warmStart 51% (1209/2348) regret=0.086374 ape=0.5622
[21:47:00] warmStart 51% (1210/2348) regret=0.086374 ape=0.5622
[21:47:00] warmStart 51% (1211/2348) regret=0.086374 ape=0.5622
[21:47:00] warmStart 51% (1212/2348) regret=0.086374 ape=0.5622
[21:47:00] warmStart 51% (1213/2348) regret=0.086374 ape=0.5622
[21:47:01] warmStart 51% (1214/2348) regret=0.086374 ape=0.5622
[21:47:01] warmStart 51% (1215/2348) regret=0.086361 ape=0.5613
[21:47:01] warmStart 51% (1216/2348) regret=0.086374 ape=0.5622
[21:47:01] warmStart 51% (1217/2348) regret=0.086374 ape=0.5622
[21:47:01] warmStart 51% (1218/2348) regret=0.086374 ape=0.5622
[21:47:01] warmStart 51% (1219/2348) regret=0.086374 ape=0.5622
[21:47:02] warmStart 51% (1220/2348) regret=0.086374 ape=0.5622
[21:47:02] warmStart 52% (1221/2348) regret=0.086338 ape=0.5622
[21:47:02] warmStart 52% (1222/2348) regret=0.086374 ape=0.5622
[21:47:02] warmStart 52% (1223/2348) regret=0.086282 ape=0.5613
[21:47:02] warmStart 52% (1224/2348) regret=0.086194 ape=0.5604
[21:47:03] warmStart 52% (1225/2348) regret=0.086194 ape=0.5604
[21:47:03] warmStart 52% (1226/2348) regret=0.086194 ape=0.5604
[21:47:03] warmStart 52% (1227/2348) regret=0.086194 ape=0.5604
[21:47:03] warmStart 52% (1228/2348) regret=0.086194 ape=0.5604
[21:47:03] warmStart 52% (1229/2348) regret=0.086232 ape=0.5604
[21:47:04] warmStart 52% (1230/2348) regret=0.086194 ape=0.5604
[21:47:04] warmStart 52% (1231/2348) regret=0.086194 ape=0.5604
[21:47:04] warmStart 52% (1232/2348) regret=0.086194 ape=0.5604
[21:47:04] warmStart 52% (1233/2348) regret=0.086180 ape=0.5594
[21:47:04] warmStart 52% (1234/2348) regret=0.085903 ape=0.5594
[21:47:05] warmStart 52% (1235/2348) regret=0.085903 ape=0.5594
[21:47:05] warmStart 52% (1236/2348) regret=0.085903 ape=0.5594
[21:47:05] warmStart 52% (1237/2348) regret=0.085903 ape=0.5594
[21:47:05] warmStart 52% (1238/2348) regret=0.085903 ape=0.5594
[21:47:05] warmStart 52% (1239/2348) regret=0.085903 ape=0.5594
[21:47:06] warmStart 52% (1240/2348) regret=0.085922 ape=0.5594
[21:47:06] warmStart 52% (1241/2348) regret=0.085922 ape=0.5594
[21:47:06] warmStart 52% (1242/2348) regret=0.085876 ape=0.5594
[21:47:06] warmStart 52% (1243/2348) regret=0.085903 ape=0.5594
[21:47:06] warmStart 52% (1244/2348) regret=0.085903 ape=0.5594
[21:47:07] warmStart 53% (1245/2348) regret=0.085903 ape=0.5594
[21:47:07] warmStart 53% (1246/2348) regret=0.085903 ape=0.5594
[21:47:07] warmStart 53% (1247/2348) regret=0.085903 ape=0.5594
[21:47:07] warmStart 53% (1248/2348) regret=0.085903 ape=0.5594
[21:47:07] warmStart 53% (1249/2348) regret=0.085903 ape=0.5594
[21:47:08] warmStart 53% (1250/2348) regret=0.085903 ape=0.5594
[21:47:08] warmStart 53% (1251/2348) regret=0.085903 ape=0.5594
[21:47:08] warmStart 53% (1252/2348) regret=0.085903 ape=0.5594
[21:47:08] warmStart 53% (1253/2348) regret=0.085903 ape=0.5594
[21:47:08] warmStart 53% (1254/2348) regret=0.085903 ape=0.5594
[21:47:09] warmStart 53% (1255/2348) regret=0.085903 ape=0.5594
[21:47:09] warmStart 53% (1256/2348) regret=0.085903 ape=0.5594
[21:47:09] warmStart 53% (1257/2348) regret=0.085903 ape=0.5594
[21:47:09] warmStart 53% (1258/2348) regret=0.085903 ape=0.5594
[21:47:09] warmStart 53% (1259/2348) regret=0.085953 ape=0.5604
[21:47:09] warmStart 53% (1260/2348) regret=0.085953 ape=0.5604
[21:47:10] warmStart 53% (1261/2348) regret=0.085953 ape=0.5604
[21:47:10] warmStart 53% (1262/2348) regret=0.085953 ape=0.5604
[21:47:10] warmStart 53% (1263/2348) regret=0.085953 ape=0.5604
[21:47:10] warmStart 53% (1264/2348) regret=0.085953 ape=0.5604
[21:47:10] warmStart 53% (1265/2348) regret=0.085953 ape=0.5604
[21:47:11] warmStart 53% (1266/2348) regret=0.085953 ape=0.5604
[21:47:11] warmStart 53% (1267/2348) regret=0.085953 ape=0.5604
[21:47:11] warmStart 54% (1268/2348) regret=0.085906 ape=0.5604
[21:47:11] warmStart 54% (1269/2348) regret=0.085953 ape=0.5604
[21:47:11] warmStart 54% (1270/2348) regret=0.085946 ape=0.5604
[21:47:12] warmStart 54% (1271/2348) regret=0.085957 ape=0.5613
[21:47:12] warmStart 54% (1272/2348) regret=0.085971 ape=0.5613
[21:47:12] warmStart 54% (1273/2348) regret=0.085957 ape=0.5613
[21:47:12] warmStart 54% (1274/2348) regret=0.085966 ape=0.5613
[21:47:12] warmStart 54% (1275/2348) regret=0.085957 ape=0.5613
[21:47:13] warmStart 54% (1276/2348) regret=0.085957 ape=0.5613
[21:47:13] warmStart 54% (1277/2348) regret=0.085957 ape=0.5613
[21:47:13] warmStart 54% (1278/2348) regret=0.085957 ape=0.5613
[21:47:13] warmStart 54% (1279/2348) regret=0.085957 ape=0.5613
[21:47:13] warmStart 54% (1280/2348) regret=0.085957 ape=0.5613
[21:47:14] warmStart 54% (1281/2348) regret=0.085957 ape=0.5613
[21:47:14] warmStart 54% (1282/2348) regret=0.085957 ape=0.5613
[21:47:14] warmStart 54% (1283/2348) regret=0.085602 ape=0.5613
[21:47:14] warmStart 54% (1284/2348) regret=0.085602 ape=0.5613
[21:47:14] warmStart 54% (1285/2348) regret=0.085602 ape=0.5613
[21:47:14] warmStart 54% (1286/2348) regret=0.085602 ape=0.5613
[21:47:15] warmStart 54% (1287/2348) regret=0.085602 ape=0.5613
[21:47:15] warmStart 54% (1288/2348) regret=0.085602 ape=0.5613
[21:47:15] warmStart 54% (1289/2348) regret=0.085602 ape=0.5613
[21:47:15] warmStart 54% (1290/2348) regret=0.085602 ape=0.5613
[21:47:15] warmStart 54% (1291/2348) regret=0.085602 ape=0.5613
[21:47:16] warmStart 55% (1292/2348) regret=0.085612 ape=0.5613
[21:47:16] warmStart 55% (1293/2348) regret=0.085602 ape=0.5613
[21:47:16] warmStart 55% (1294/2348) regret=0.085602 ape=0.5613
[21:47:16] warmStart 55% (1295/2348) regret=0.085605 ape=0.5613
[21:47:16] warmStart 55% (1296/2348) regret=0.085602 ape=0.5613
[21:47:17] warmStart 55% (1297/2348) regret=0.085648 ape=0.5613
[21:47:17] warmStart 55% (1298/2348) regret=0.085602 ape=0.5613
[21:47:17] warmStart 55% (1299/2348) regret=0.085602 ape=0.5613
[21:47:17] warmStart 55% (1300/2348) regret=0.085602 ape=0.5613
[21:47:17] warmStart 55% (1301/2348) regret=0.085602 ape=0.5613
[21:47:18] warmStart 55% (1302/2348) regret=0.085473 ape=0.5604
[21:47:18] warmStart 55% (1303/2348) regret=0.085473 ape=0.5604
[21:47:18] warmStart 55% (1304/2348) regret=0.085529 ape=0.5604
[21:47:18] warmStart 55% (1305/2348) regret=0.085473 ape=0.5604
[21:47:18] warmStart 55% (1306/2348) regret=0.085473 ape=0.5604
[21:47:19] warmStart 55% (1307/2348) regret=0.085473 ape=0.5604
[21:47:19] warmStart 55% (1308/2348) regret=0.085473 ape=0.5604
[21:47:19] warmStart 55% (1309/2348) regret=0.085473 ape=0.5604
[21:47:19] warmStart 55% (1310/2348) regret=0.085473 ape=0.5604
[21:47:19] warmStart 55% (1311/2348) regret=0.085473 ape=0.5604
[21:47:20] warmStart 55% (1312/2348) regret=0.085473 ape=0.5604
[21:47:20] warmStart 55% (1313/2348) regret=0.085459 ape=0.5604
[21:47:20] warmStart 55% (1314/2348) regret=0.085459 ape=0.5604
[21:47:20] warmStart 56% (1315/2348) regret=0.085459 ape=0.5604
[21:47:20] warmStart 56% (1316/2348) regret=0.085459 ape=0.5604
[21:47:20] warmStart 56% (1317/2348) regret=0.085453 ape=0.5604
[21:47:21] warmStart 56% (1318/2348) regret=0.085453 ape=0.5604
[21:47:21] warmStart 56% (1319/2348) regret=0.085453 ape=0.5604
[21:47:21] warmStart 56% (1320/2348) regret=0.085453 ape=0.5604
[21:47:21] warmStart 56% (1321/2348) regret=0.085453 ape=0.5604
[21:47:21] warmStart 56% (1322/2348) regret=0.085149 ape=0.5604
[21:47:22] warmStart 56% (1323/2348) regret=0.085149 ape=0.5604
[21:47:22] warmStart 56% (1324/2348) regret=0.085149 ape=0.5604
[21:47:22] warmStart 56% (1325/2348) regret=0.085149 ape=0.5604
[21:47:22] warmStart 56% (1326/2348) regret=0.085103 ape=0.5604
[21:47:22] warmStart 56% (1327/2348) regret=0.085103 ape=0.5604
[21:47:23] warmStart 56% (1328/2348) regret=0.085103 ape=0.5604
[21:47:23] warmStart 56% (1329/2348) regret=0.085103 ape=0.5604
[21:47:23] warmStart 56% (1330/2348) regret=0.085103 ape=0.5604
[21:47:23] warmStart 56% (1331/2348) regret=0.085103 ape=0.5604
[21:47:24] warmStart 56% (1332/2348) regret=0.085103 ape=0.5604
[21:47:24] warmStart 56% (1333/2348) regret=0.085103 ape=0.5604
[21:47:24] warmStart 56% (1334/2348) regret=0.085103 ape=0.5604
[21:47:24] warmStart 56% (1335/2348) regret=0.085103 ape=0.5604
[21:47:24] warmStart 56% (1336/2348) regret=0.085121 ape=0.5604
[21:47:25] warmStart 56% (1337/2348) regret=0.085103 ape=0.5604
[21:47:25] warmStart 56% (1338/2348) regret=0.084965 ape=0.5613
[21:47:25] warmStart 57% (1339/2348) regret=0.084961 ape=0.5604
[21:47:25] warmStart 57% (1340/2348) regret=0.084786 ape=0.5604
[21:47:25] warmStart 57% (1341/2348) regret=0.084961 ape=0.5604
[21:47:26] warmStart 57% (1342/2348) regret=0.084961 ape=0.5604
[21:47:26] warmStart 57% (1343/2348) regret=0.085039 ape=0.5604
[21:47:26] warmStart 57% (1344/2348) regret=0.084961 ape=0.5604
[21:47:26] warmStart 57% (1345/2348) regret=0.084961 ape=0.5604
[21:47:26] warmStart 57% (1346/2348) regret=0.084961 ape=0.5604
[21:47:27] warmStart 57% (1347/2348) regret=0.084961 ape=0.5604
[21:47:27] warmStart 57% (1348/2348) regret=0.084961 ape=0.5604
[21:47:27] warmStart 57% (1349/2348) regret=0.084961 ape=0.5604
[21:47:27] warmStart 57% (1350/2348) regret=0.084961 ape=0.5604
[21:47:27] warmStart 57% (1351/2348) regret=0.084961 ape=0.5604
[21:47:28] warmStart 57% (1352/2348) regret=0.084961 ape=0.5604
[21:47:28] warmStart 57% (1353/2348) regret=0.084961 ape=0.5604
[21:47:28] warmStart 57% (1354/2348) regret=0.084961 ape=0.5604
[21:47:28] warmStart 57% (1355/2348) regret=0.084961 ape=0.5604
[21:47:28] warmStart 57% (1356/2348) regret=0.084961 ape=0.5604
[21:47:29] warmStart 57% (1357/2348) regret=0.084961 ape=0.5604
[21:47:29] warmStart 57% (1358/2348) regret=0.084776 ape=0.5594
[21:47:29] warmStart 57% (1359/2348) regret=0.084776 ape=0.5594
[21:47:29] warmStart 57% (1360/2348) regret=0.084776 ape=0.5594
[21:47:29] warmStart 57% (1361/2348) regret=0.084776 ape=0.5594
[21:47:30] warmStart 58% (1362/2348) regret=0.084776 ape=0.5594
[21:47:30] warmStart 58% (1363/2348) regret=0.084776 ape=0.5594
[21:47:30] warmStart 58% (1364/2348) regret=0.084776 ape=0.5594
[21:47:30] warmStart 58% (1365/2348) regret=0.084776 ape=0.5594
[21:47:30] warmStart 58% (1366/2348) regret=0.084776 ape=0.5594
[21:47:30] warmStart 58% (1367/2348) regret=0.084776 ape=0.5594
[21:47:31] warmStart 58% (1368/2348) regret=0.084776 ape=0.5594
[21:47:31] warmStart 58% (1369/2348) regret=0.084776 ape=0.5594
[21:47:31] warmStart 58% (1370/2348) regret=0.084776 ape=0.5594
[21:47:31] warmStart 58% (1371/2348) regret=0.084776 ape=0.5594
[21:47:31] warmStart 58% (1372/2348) regret=0.084783 ape=0.5594
[21:47:32] warmStart 58% (1373/2348) regret=0.084776 ape=0.5594
[21:47:32] warmStart 58% (1374/2348) regret=0.084776 ape=0.5594
[21:47:32] warmStart 58% (1375/2348) regret=0.084776 ape=0.5594
[21:47:32] warmStart 58% (1376/2348) regret=0.084776 ape=0.5594
[21:47:32] warmStart 58% (1377/2348) regret=0.084772 ape=0.5585
[21:47:33] warmStart 58% (1378/2348) regret=0.084786 ape=0.5585
[21:47:33] warmStart 58% (1379/2348) regret=0.084786 ape=0.5585
[21:47:33] warmStart 58% (1380/2348) regret=0.084786 ape=0.5585
[21:47:33] warmStart 58% (1381/2348) regret=0.084786 ape=0.5585
[21:47:33] warmStart 58% (1382/2348) regret=0.084786 ape=0.5585
[21:47:34] warmStart 58% (1383/2348) regret=0.084786 ape=0.5585
[21:47:34] warmStart 58% (1384/2348) regret=0.084730 ape=0.5576
[21:47:34] warmStart 58% (1385/2348) regret=0.084730 ape=0.5576
[21:47:34] warmStart 59% (1386/2348) regret=0.084730 ape=0.5576
[21:47:34] warmStart 59% (1387/2348) regret=0.084730 ape=0.5576
[21:47:35] warmStart 59% (1388/2348) regret=0.084730 ape=0.5576
[21:47:35] warmStart 59% (1389/2348) regret=0.084730 ape=0.5576
[21:47:35] warmStart 59% (1390/2348) regret=0.084730 ape=0.5576
[21:47:35] warmStart 59% (1391/2348) regret=0.084730 ape=0.5576
[21:47:35] warmStart 59% (1392/2348) regret=0.084730 ape=0.5576
[21:47:35] warmStart 59% (1393/2348) regret=0.084730 ape=0.5576
[21:47:36] warmStart 59% (1394/2348) regret=0.084730 ape=0.5576
[21:47:36] warmStart 59% (1395/2348) regret=0.084730 ape=0.5576
[21:47:36] warmStart 59% (1396/2348) regret=0.084730 ape=0.5576
[21:47:36] warmStart 59% (1397/2348) regret=0.084730 ape=0.5576
[21:47:36] warmStart 59% (1398/2348) regret=0.084730 ape=0.5576
[21:47:37] warmStart 59% (1399/2348) regret=0.084638 ape=0.5576
[21:47:37] warmStart 59% (1400/2348) regret=0.084638 ape=0.5576
[21:47:37] warmStart 59% (1401/2348) regret=0.084638 ape=0.5576
[21:47:37] warmStart 59% (1402/2348) regret=0.084638 ape=0.5576
[21:47:37] warmStart 59% (1403/2348) regret=0.084638 ape=0.5576
[21:47:38] warmStart 59% (1404/2348) regret=0.084638 ape=0.5576
[21:47:38] warmStart 59% (1405/2348) regret=0.084472 ape=0.5576
[21:47:38] warmStart 59% (1406/2348) regret=0.084472 ape=0.5576
[21:47:38] warmStart 59% (1407/2348) regret=0.084479 ape=0.5576
[21:47:38] warmStart 59% (1408/2348) regret=0.084479 ape=0.5576
[21:47:38] warmStart 60% (1409/2348) regret=0.084479 ape=0.5576
[21:47:39] warmStart 60% (1410/2348) regret=0.084479 ape=0.5576
[21:47:39] warmStart 60% (1411/2348) regret=0.084446 ape=0.5576
[21:47:39] warmStart 60% (1412/2348) regret=0.084446 ape=0.5576
[21:47:39] warmStart 60% (1413/2348) regret=0.084446 ape=0.5576
[21:47:39] warmStart 60% (1414/2348) regret=0.084451 ape=0.5576
[21:47:40] warmStart 60% (1415/2348) regret=0.084446 ape=0.5576
[21:47:40] warmStart 60% (1416/2348) regret=0.084446 ape=0.5576
[21:47:40] warmStart 60% (1417/2348) regret=0.084446 ape=0.5576
[21:47:40] warmStart 60% (1418/2348) regret=0.084453 ape=0.5576
[21:47:40] warmStart 60% (1419/2348) regret=0.084453 ape=0.5576
[21:47:40] warmStart 60% (1420/2348) regret=0.084446 ape=0.5576
[21:47:41] warmStart 60% (1421/2348) regret=0.084446 ape=0.5576
[21:47:41] warmStart 60% (1422/2348) regret=0.084446 ape=0.5576
[21:47:41] warmStart 60% (1423/2348) regret=0.084446 ape=0.5576
[21:47:41] warmStart 60% (1424/2348) regret=0.084446 ape=0.5576
[21:47:41] warmStart 60% (1425/2348) regret=0.084446 ape=0.5576
[21:47:41] warmStart 60% (1426/2348) regret=0.084446 ape=0.5576
[21:47:42] warmStart 60% (1427/2348) regret=0.084446 ape=0.5576
[21:47:42] warmStart 60% (1428/2348) regret=0.084446 ape=0.5576
[21:47:42] warmStart 60% (1429/2348) regret=0.084446 ape=0.5576
[21:47:42] warmStart 60% (1430/2348) regret=0.084446 ape=0.5576
[21:47:42] warmStart 60% (1431/2348) regret=0.084440 ape=0.5576
[21:47:43] warmStart 60% (1432/2348) regret=0.084440 ape=0.5576
[21:47:43] warmStart 61% (1433/2348) regret=0.084440 ape=0.5576
[21:47:43] warmStart 61% (1434/2348) regret=0.084440 ape=0.5576
[21:47:43] warmStart 61% (1435/2348) regret=0.084440 ape=0.5576
[21:47:43] warmStart 61% (1436/2348) regret=0.084442 ape=0.5576
[21:47:44] warmStart 61% (1437/2348) regret=0.084440 ape=0.5576
[21:47:44] warmStart 61% (1438/2348) regret=0.084440 ape=0.5576
[21:47:44] warmStart 61% (1439/2348) regret=0.084440 ape=0.5576
[21:47:44] warmStart 61% (1440/2348) regret=0.084440 ape=0.5576
[21:47:44] warmStart 61% (1441/2348) regret=0.084440 ape=0.5576
[21:47:45] warmStart 61% (1442/2348) regret=0.084440 ape=0.5576
[21:47:45] warmStart 61% (1443/2348) regret=0.084440 ape=0.5576
[21:47:45] warmStart 61% (1444/2348) regret=0.084440 ape=0.5576
[21:47:45] warmStart 61% (1445/2348) regret=0.084440 ape=0.5576
[21:47:45] warmStart 61% (1446/2348) regret=0.084387 ape=0.5576
[21:47:46] warmStart 61% (1447/2348) regret=0.084387 ape=0.5576
[21:47:46] warmStart 61% (1448/2348) regret=0.084465 ape=0.5576
[21:47:46] warmStart 61% (1449/2348) regret=0.084465 ape=0.5576
[21:47:46] warmStart 61% (1450/2348) regret=0.084483 ape=0.5576
[21:47:46] warmStart 61% (1451/2348) regret=0.084483 ape=0.5576
[21:47:46] warmStart 61% (1452/2348) regret=0.084483 ape=0.5576
[21:47:47] warmStart 61% (1453/2348) regret=0.084483 ape=0.5576
[21:47:47] warmStart 61% (1454/2348) regret=0.084483 ape=0.5576
[21:47:47] warmStart 61% (1455/2348) regret=0.084483 ape=0.5576
[21:47:47] warmStart 62% (1456/2348) regret=0.084483 ape=0.5576
[21:47:47] warmStart 62% (1457/2348) regret=0.084483 ape=0.5576
[21:47:48] warmStart 62% (1458/2348) regret=0.084483 ape=0.5576
[21:47:48] warmStart 62% (1459/2348) regret=0.084483 ape=0.5576
[21:47:48] warmStart 62% (1460/2348) regret=0.084483 ape=0.5576
[21:47:48] warmStart 62% (1461/2348) regret=0.084483 ape=0.5576
[21:47:48] warmStart 62% (1462/2348) regret=0.084483 ape=0.5576
[21:47:49] warmStart 62% (1463/2348) regret=0.084483 ape=0.5576
[21:47:49] warmStart 62% (1464/2348) regret=0.084483 ape=0.5576
[21:47:49] warmStart 62% (1465/2348) regret=0.084483 ape=0.5576
[21:47:49] warmStart 62% (1466/2348) regret=0.084557 ape=0.5576
[21:47:49] warmStart 62% (1467/2348) regret=0.084483 ape=0.5576
[21:47:49] warmStart 62% (1468/2348) regret=0.084483 ape=0.5576
[21:47:50] warmStart 62% (1469/2348) regret=0.084483 ape=0.5576
[21:47:50] warmStart 62% (1470/2348) regret=0.084483 ape=0.5576
[21:47:50] warmStart 62% (1471/2348) regret=0.084483 ape=0.5576
[21:47:50] warmStart 62% (1472/2348) regret=0.084483 ape=0.5576
[21:47:50] warmStart 62% (1473/2348) regret=0.084253 ape=0.5567
[21:47:51] warmStart 62% (1474/2348) regret=0.083539 ape=0.5558
[21:47:51] warmStart 62% (1475/2348) regret=0.083539 ape=0.5558
[21:47:51] warmStart 62% (1476/2348) regret=0.083577 ape=0.5558
[21:47:51] warmStart 62% (1477/2348) regret=0.083539 ape=0.5558
[21:47:51] warmStart 62% (1478/2348) regret=0.083527 ape=0.5558
[21:47:52] warmStart 62% (1479/2348) regret=0.083536 ape=0.5558
[21:47:52] warmStart 63% (1480/2348) regret=0.083550 ape=0.5558
[21:47:52] warmStart 63% (1481/2348) regret=0.083536 ape=0.5558
[21:47:52] warmStart 63% (1482/2348) regret=0.083536 ape=0.5558
[21:47:52] warmStart 63% (1483/2348) regret=0.083536 ape=0.5558
[21:47:52] warmStart 63% (1484/2348) regret=0.083536 ape=0.5558
[21:47:53] warmStart 63% (1485/2348) regret=0.083536 ape=0.5558
[21:47:53] warmStart 63% (1486/2348) regret=0.083536 ape=0.5558
[21:47:53] warmStart 63% (1487/2348) regret=0.083536 ape=0.5558
[21:47:53] warmStart 63% (1488/2348) regret=0.083536 ape=0.5558
[21:47:53] warmStart 63% (1489/2348) regret=0.083536 ape=0.5558
[21:47:54] warmStart 63% (1490/2348) regret=0.083536 ape=0.5558
[21:47:54] warmStart 63% (1491/2348) regret=0.083536 ape=0.5558
[21:47:54] warmStart 63% (1492/2348) regret=0.083536 ape=0.5558
[21:47:54] warmStart 63% (1493/2348) regret=0.083536 ape=0.5558
[21:47:54] warmStart 63% (1494/2348) regret=0.083536 ape=0.5558
[21:47:55] warmStart 63% (1495/2348) regret=0.083536 ape=0.5558
[21:47:55] warmStart 63% (1496/2348) regret=0.083536 ape=0.5558
[21:47:55] warmStart 63% (1497/2348) regret=0.083536 ape=0.5558
[21:47:55] warmStart 63% (1498/2348) regret=0.083536 ape=0.5558
[21:47:55] warmStart 63% (1499/2348) regret=0.083536 ape=0.5558
[21:47:56] warmStart 63% (1500/2348) regret=0.083536 ape=0.5558
[21:47:56] warmStart 63% (1501/2348) regret=0.083536 ape=0.5558
[21:47:56] warmStart 63% (1502/2348) regret=0.083536 ape=0.5558
[21:47:56] warmStart 64% (1503/2348) regret=0.083536 ape=0.5558
[21:47:56] warmStart 64% (1504/2348) regret=0.083536 ape=0.5558
[21:47:57] warmStart 64% (1505/2348) regret=0.083536 ape=0.5558
[21:47:57] warmStart 64% (1506/2348) regret=0.083536 ape=0.5558
[21:47:57] warmStart 64% (1507/2348) regret=0.083536 ape=0.5558
[21:47:57] warmStart 64% (1508/2348) regret=0.083536 ape=0.5558
[21:47:57] warmStart 64% (1509/2348) regret=0.083536 ape=0.5558
[21:47:58] warmStart 64% (1510/2348) regret=0.083536 ape=0.5558
[21:47:58] warmStart 64% (1511/2348) regret=0.083536 ape=0.5558
[21:47:58] warmStart 64% (1512/2348) regret=0.083536 ape=0.5558
[21:47:58] warmStart 64% (1513/2348) regret=0.083806 ape=0.5567
[21:47:58] warmStart 64% (1514/2348) regret=0.083530 ape=0.5558
[21:47:59] warmStart 64% (1515/2348) regret=0.083530 ape=0.5558
[21:47:59] warmStart 64% (1516/2348) regret=0.083530 ape=0.5558
[21:47:59] warmStart 64% (1517/2348) regret=0.083530 ape=0.5558
[21:47:59] warmStart 64% (1518/2348) regret=0.083536 ape=0.5558
[21:47:59] warmStart 64% (1519/2348) regret=0.083536 ape=0.5558
[21:48:00] warmStart 64% (1520/2348) regret=0.083536 ape=0.5558
[21:48:00] warmStart 64% (1521/2348) regret=0.083537 ape=0.5558
[21:48:00] warmStart 64% (1522/2348) regret=0.083536 ape=0.5558
[21:48:00] warmStart 64% (1523/2348) regret=0.083536 ape=0.5558
[21:48:00] warmStart 64% (1524/2348) regret=0.083767 ape=0.5558
[21:48:01] warmStart 64% (1525/2348) regret=0.083536 ape=0.5558
[21:48:01] warmStart 64% (1526/2348) regret=0.083548 ape=0.5558
[21:48:01] warmStart 65% (1527/2348) regret=0.083548 ape=0.5558
[21:48:01] warmStart 65% (1528/2348) regret=0.083548 ape=0.5558
[21:48:01] warmStart 65% (1529/2348) regret=0.083548 ape=0.5558
[21:48:01] warmStart 65% (1530/2348) regret=0.083548 ape=0.5558
[21:48:02] warmStart 65% (1531/2348) regret=0.083548 ape=0.5558
[21:48:02] warmStart 65% (1532/2348) regret=0.083539 ape=0.5558
[21:48:02] warmStart 65% (1533/2348) regret=0.083539 ape=0.5558
[21:48:02] warmStart 65% (1534/2348) regret=0.083539 ape=0.5558
[21:48:02] warmStart 65% (1535/2348) regret=0.083552 ape=0.5558
[21:48:03] warmStart 65% (1536/2348) regret=0.083552 ape=0.5558
[21:48:03] warmStart 65% (1537/2348) regret=0.083552 ape=0.5558
[21:48:03] warmStart 65% (1538/2348) regret=0.083552 ape=0.5558
[21:48:03] warmStart 65% (1539/2348) regret=0.083552 ape=0.5558
[21:48:03] warmStart 65% (1540/2348) regret=0.083552 ape=0.5558
[21:48:04] warmStart 65% (1541/2348) regret=0.083552 ape=0.5558
[21:48:04] warmStart 65% (1542/2348) regret=0.083552 ape=0.5558
[21:48:04] warmStart 65% (1543/2348) regret=0.083552 ape=0.5558
[21:48:04] warmStart 65% (1544/2348) regret=0.083552 ape=0.5558
[21:48:04] warmStart 65% (1545/2348) regret=0.083552 ape=0.5558
[21:48:05] warmStart 65% (1546/2348) regret=0.083552 ape=0.5558
[21:48:05] warmStart 65% (1547/2348) regret=0.083552 ape=0.5558
[21:48:05] warmStart 65% (1548/2348) regret=0.083552 ape=0.5558
[21:48:05] warmStart 65% (1549/2348) regret=0.083552 ape=0.5558
[21:48:05] warmStart 66% (1550/2348) regret=0.083552 ape=0.5558
[21:48:06] warmStart 66% (1551/2348) regret=0.083525 ape=0.5548
[21:48:06] warmStart 66% (1552/2348) regret=0.083552 ape=0.5558
[21:48:06] warmStart 66% (1553/2348) regret=0.083552 ape=0.5558
[21:48:06] warmStart 66% (1554/2348) regret=0.083552 ape=0.5558
[21:48:06] warmStart 66% (1555/2348) regret=0.083552 ape=0.5558
[21:48:07] warmStart 66% (1556/2348) regret=0.083552 ape=0.5558
[21:48:07] warmStart 66% (1557/2348) regret=0.083552 ape=0.5558
[21:48:07] warmStart 66% (1558/2348) regret=0.083552 ape=0.5558
[21:48:07] warmStart 66% (1559/2348) regret=0.083552 ape=0.5558
[21:48:07] warmStart 66% (1560/2348) regret=0.083465 ape=0.5548
[21:48:07] warmStart 66% (1561/2348) regret=0.083552 ape=0.5558
[21:48:08] warmStart 66% (1562/2348) regret=0.083552 ape=0.5558
[21:48:08] warmStart 66% (1563/2348) regret=0.083552 ape=0.5558
[21:48:08] warmStart 66% (1564/2348) regret=0.083552 ape=0.5558
[21:48:08] warmStart 66% (1565/2348) regret=0.083552 ape=0.5558
[21:48:08] warmStart 66% (1566/2348) regret=0.083552 ape=0.5558
[21:48:09] warmStart 66% (1567/2348) regret=0.083552 ape=0.5558
[21:48:09] warmStart 66% (1568/2348) regret=0.083552 ape=0.5558
[21:48:09] warmStart 66% (1569/2348) regret=0.083552 ape=0.5558
[21:48:09] warmStart 66% (1570/2348) regret=0.083552 ape=0.5558
[21:48:09] warmStart 66% (1571/2348) regret=0.083552 ape=0.5558
[21:48:10] warmStart 66% (1572/2348) regret=0.083552 ape=0.5558
[21:48:10] warmStart 66% (1573/2348) regret=0.083603 ape=0.5567
[21:48:10] warmStart 67% (1574/2348) regret=0.083552 ape=0.5558
[21:48:10] warmStart 67% (1575/2348) regret=0.083494 ape=0.5558
[21:48:10] warmStart 67% (1576/2348) regret=0.083494 ape=0.5558
[21:48:10] warmStart 67% (1577/2348) regret=0.083494 ape=0.5558
[21:48:11] warmStart 67% (1578/2348) regret=0.083494 ape=0.5558
[21:48:11] warmStart 67% (1579/2348) regret=0.083494 ape=0.5558
[21:48:11] warmStart 67% (1580/2348) regret=0.083512 ape=0.5558
[21:48:11] warmStart 67% (1581/2348) regret=0.083494 ape=0.5558
[21:48:11] warmStart 67% (1582/2348) regret=0.083494 ape=0.5558
[21:48:11] warmStart 67% (1583/2348) regret=0.083494 ape=0.5558
[21:48:12] warmStart 67% (1584/2348) regret=0.083494 ape=0.5558
[21:48:12] warmStart 67% (1585/2348) regret=0.083494 ape=0.5558
[21:48:12] warmStart 67% (1586/2348) regret=0.083494 ape=0.5558
[21:48:12] warmStart 67% (1587/2348) regret=0.083494 ape=0.5558
[21:48:12] warmStart 67% (1588/2348) regret=0.083494 ape=0.5558
[21:48:12] warmStart 67% (1589/2348) regret=0.083393 ape=0.5558
[21:48:13] warmStart 67% (1590/2348) regret=0.083393 ape=0.5558
[21:48:13] warmStart 67% (1591/2348) regret=0.083393 ape=0.5558
[21:48:13] warmStart 67% (1592/2348) regret=0.083305 ape=0.5548
[21:48:13] warmStart 67% (1593/2348) regret=0.083305 ape=0.5548
[21:48:13] warmStart 67% (1594/2348) regret=0.083305 ape=0.5548
[21:48:13] warmStart 67% (1595/2348) regret=0.083305 ape=0.5548
[21:48:13] warmStart 67% (1596/2348) regret=0.083305 ape=0.5548
[21:48:14] warmStart 68% (1597/2348) regret=0.083305 ape=0.5548
[21:48:14] warmStart 68% (1598/2348) regret=0.083305 ape=0.5548
[21:48:14] warmStart 68% (1599/2348) regret=0.083305 ape=0.5548
[21:48:14] warmStart 68% (1600/2348) regret=0.083305 ape=0.5548
[21:48:14] warmStart 68% (1601/2348) regret=0.083305 ape=0.5548
[21:48:14] warmStart 68% (1602/2348) regret=0.083305 ape=0.5548
[21:48:15] warmStart 68% (1603/2348) regret=0.083305 ape=0.5548
[21:48:15] warmStart 68% (1604/2348) regret=0.083291 ape=0.5548
[21:48:15] warmStart 68% (1605/2348) regret=0.083305 ape=0.5548
[21:48:15] warmStart 68% (1606/2348) regret=0.083291 ape=0.5548
[21:48:15] warmStart 68% (1607/2348) regret=0.083291 ape=0.5548
[21:48:15] warmStart 68% (1608/2348) regret=0.083291 ape=0.5548
[21:48:15] warmStart 68% (1609/2348) regret=0.083291 ape=0.5548
[21:48:15] warmStart 68% (1610/2348) regret=0.083291 ape=0.5548
[21:48:16] warmStart 68% (1611/2348) regret=0.083291 ape=0.5548
[21:48:16] warmStart 68% (1612/2348) regret=0.083291 ape=0.5548
[21:48:16] warmStart 68% (1613/2348) regret=0.083291 ape=0.5548
[21:48:16] warmStart 68% (1614/2348) regret=0.083291 ape=0.5548
[21:48:16] warmStart 68% (1615/2348) regret=0.083291 ape=0.5548
[21:48:16] warmStart 68% (1616/2348) regret=0.083291 ape=0.5548
[21:48:16] warmStart 68% (1617/2348) regret=0.083291 ape=0.5548
[21:48:17] warmStart 68% (1618/2348) regret=0.083291 ape=0.5548
[21:48:17] warmStart 68% (1619/2348) regret=0.083291 ape=0.5548
[21:48:17] warmStart 68% (1620/2348) regret=0.083307 ape=0.5548
[21:48:17] warmStart 69% (1621/2348) regret=0.083291 ape=0.5548
[21:48:17] warmStart 69% (1622/2348) regret=0.083291 ape=0.5548
[21:48:17] warmStart 69% (1623/2348) regret=0.083291 ape=0.5548
[21:48:17] warmStart 69% (1624/2348) regret=0.083291 ape=0.5548
[21:48:18] warmStart 69% (1625/2348) regret=0.083291 ape=0.5548
[21:48:18] warmStart 69% (1626/2348) regret=0.083291 ape=0.5548
[21:48:18] warmStart 69% (1627/2348) regret=0.083291 ape=0.5548
[21:48:18] warmStart 69% (1628/2348) regret=0.083291 ape=0.5548
[21:48:18] warmStart 69% (1629/2348) regret=0.083291 ape=0.5548
[21:48:18] warmStart 69% (1630/2348) regret=0.083291 ape=0.5548
[21:48:18] warmStart 69% (1631/2348) regret=0.083291 ape=0.5548
[21:48:19] warmStart 69% (1632/2348) regret=0.083291 ape=0.5548
[21:48:19] warmStart 69% (1633/2348) regret=0.083291 ape=0.5548
[21:48:19] warmStart 69% (1634/2348) regret=0.083291 ape=0.5548
[21:48:19] warmStart 69% (1635/2348) regret=0.083291 ape=0.5548
[21:48:19] warmStart 69% (1636/2348) regret=0.083291 ape=0.5548
[21:48:19] warmStart 69% (1637/2348) regret=0.083291 ape=0.5548
[21:48:19] warmStart 69% (1638/2348) regret=0.083291 ape=0.5548
[21:48:20] warmStart 69% (1639/2348) regret=0.083291 ape=0.5548
[21:48:20] warmStart 69% (1640/2348) regret=0.083291 ape=0.5548
[21:48:20] warmStart 69% (1641/2348) regret=0.083291 ape=0.5548
[21:48:20] warmStart 69% (1642/2348) regret=0.083307 ape=0.5548
[21:48:20] warmStart 69% (1643/2348) regret=0.083291 ape=0.5548
[21:48:20] warmStart 70% (1644/2348) regret=0.083291 ape=0.5548
[21:48:20] warmStart 70% (1645/2348) regret=0.083291 ape=0.5548
[21:48:21] warmStart 70% (1646/2348) regret=0.083291 ape=0.5548
[21:48:21] warmStart 70% (1647/2348) regret=0.083291 ape=0.5548
[21:48:21] warmStart 70% (1648/2348) regret=0.083273 ape=0.5539
[21:48:21] warmStart 70% (1649/2348) regret=0.083250 ape=0.5539
[21:48:21] warmStart 70% (1650/2348) regret=0.083250 ape=0.5539
[21:48:21] warmStart 70% (1651/2348) regret=0.083250 ape=0.5539
[21:48:21] warmStart 70% (1652/2348) regret=0.083250 ape=0.5539
[21:48:22] warmStart 70% (1653/2348) regret=0.083213 ape=0.5539
[21:48:22] warmStart 70% (1654/2348) regret=0.083213 ape=0.5539
[21:48:22] warmStart 70% (1655/2348) regret=0.083213 ape=0.5539
[21:48:22] warmStart 70% (1656/2348) regret=0.083213 ape=0.5539
[21:48:22] warmStart 70% (1657/2348) regret=0.083213 ape=0.5539
[21:48:22] warmStart 70% (1658/2348) regret=0.083213 ape=0.5539
[21:48:22] warmStart 70% (1659/2348) regret=0.083213 ape=0.5539
[21:48:23] warmStart 70% (1660/2348) regret=0.083209 ape=0.5539
[21:48:23] warmStart 70% (1661/2348) regret=0.083213 ape=0.5539
[21:48:23] warmStart 70% (1662/2348) regret=0.083213 ape=0.5539
[21:48:23] warmStart 70% (1663/2348) regret=0.083213 ape=0.5539
[21:48:23] warmStart 70% (1664/2348) regret=0.083213 ape=0.5539
[21:48:23] warmStart 70% (1665/2348) regret=0.083213 ape=0.5539
[21:48:23] warmStart 70% (1666/2348) regret=0.083213 ape=0.5539
[21:48:24] warmStart 70% (1667/2348) regret=0.083213 ape=0.5539
[21:48:24] warmStart 71% (1668/2348) regret=0.083213 ape=0.5539
[21:48:24] warmStart 71% (1669/2348) regret=0.083213 ape=0.5539
[21:48:24] warmStart 71% (1670/2348) regret=0.083213 ape=0.5539
[21:48:24] warmStart 71% (1671/2348) regret=0.083213 ape=0.5539
[21:48:24] warmStart 71% (1672/2348) regret=0.083213 ape=0.5539
[21:48:24] warmStart 71% (1673/2348) regret=0.083213 ape=0.5539
[21:48:24] warmStart 71% (1674/2348) regret=0.083213 ape=0.5539
[21:48:25] warmStart 71% (1675/2348) regret=0.083264 ape=0.5548
[21:48:25] warmStart 71% (1676/2348) regret=0.083213 ape=0.5539
[21:48:25] warmStart 71% (1677/2348) regret=0.083213 ape=0.5539
[21:48:25] warmStart 71% (1678/2348) regret=0.083213 ape=0.5539
[21:48:25] warmStart 71% (1679/2348) regret=0.083213 ape=0.5539
[21:48:25] warmStart 71% (1680/2348) regret=0.083213 ape=0.5539
[21:48:25] warmStart 71% (1681/2348) regret=0.083213 ape=0.5539
[21:48:26] warmStart 71% (1682/2348) regret=0.083213 ape=0.5539
[21:48:26] warmStart 71% (1683/2348) regret=0.083213 ape=0.5539
[21:48:26] warmStart 71% (1684/2348) regret=0.083213 ape=0.5539
[21:48:26] warmStart 71% (1685/2348) regret=0.083213 ape=0.5539
[21:48:26] warmStart 71% (1686/2348) regret=0.083213 ape=0.5539
[21:48:26] warmStart 71% (1687/2348) regret=0.083213 ape=0.5539
[21:48:27] warmStart 71% (1688/2348) regret=0.082519 ape=0.5539
[21:48:27] warmStart 71% (1689/2348) regret=0.082519 ape=0.5539
[21:48:27] warmStart 71% (1690/2348) regret=0.082519 ape=0.5539
[21:48:27] warmStart 72% (1691/2348) regret=0.082519 ape=0.5539
[21:48:27] warmStart 72% (1692/2348) regret=0.082519 ape=0.5539
[21:48:27] warmStart 72% (1693/2348) regret=0.082519 ape=0.5539
[21:48:27] warmStart 72% (1694/2348) regret=0.082519 ape=0.5539
[21:48:28] warmStart 72% (1695/2348) regret=0.082519 ape=0.5539
[21:48:28] warmStart 72% (1696/2348) regret=0.082492 ape=0.5539
[21:48:28] warmStart 72% (1697/2348) regret=0.082519 ape=0.5539
[21:48:28] warmStart 72% (1698/2348) regret=0.082519 ape=0.5539
[21:48:28] warmStart 72% (1699/2348) regret=0.082519 ape=0.5539
[21:48:28] warmStart 72% (1700/2348) regret=0.082538 ape=0.5539
[21:48:28] warmStart 72% (1701/2348) regret=0.082519 ape=0.5539
[21:48:29] warmStart 72% (1702/2348) regret=0.082519 ape=0.5539
[21:48:29] warmStart 72% (1703/2348) regret=0.082519 ape=0.5539
[21:48:29] warmStart 72% (1704/2348) regret=0.082519 ape=0.5539
[21:48:29] warmStart 72% (1705/2348) regret=0.082519 ape=0.5539
[21:48:29] warmStart 72% (1706/2348) regret=0.082519 ape=0.5539
[21:48:29] warmStart 72% (1707/2348) regret=0.082519 ape=0.5539
[21:48:29] warmStart 72% (1708/2348) regret=0.082519 ape=0.5539
[21:48:30] warmStart 72% (1709/2348) regret=0.082519 ape=0.5539
[21:48:30] warmStart 72% (1710/2348) regret=0.082519 ape=0.5539
[21:48:30] warmStart 72% (1711/2348) regret=0.082519 ape=0.5539
[21:48:30] warmStart 72% (1712/2348) regret=0.082519 ape=0.5539
[21:48:30] warmStart 72% (1713/2348) regret=0.082519 ape=0.5539
[21:48:30] warmStart 72% (1714/2348) regret=0.082519 ape=0.5539
[21:48:30] warmStart 73% (1715/2348) regret=0.082519 ape=0.5539
[21:48:31] warmStart 73% (1716/2348) regret=0.082519 ape=0.5539
[21:48:31] warmStart 73% (1717/2348) regret=0.082519 ape=0.5539
[21:48:31] warmStart 73% (1718/2348) regret=0.082519 ape=0.5539
[21:48:31] warmStart 73% (1719/2348) regret=0.082519 ape=0.5539
[21:48:31] warmStart 73% (1720/2348) regret=0.082519 ape=0.5539
[21:48:31] warmStart 73% (1721/2348) regret=0.082519 ape=0.5539
[21:48:31] warmStart 73% (1722/2348) regret=0.082796 ape=0.5539
[21:48:32] warmStart 73% (1723/2348) regret=0.082519 ape=0.5539
[21:48:32] warmStart 73% (1724/2348) regret=0.082519 ape=0.5539
[21:48:32] warmStart 73% (1725/2348) regret=0.082519 ape=0.5539
[21:48:32] warmStart 73% (1726/2348) regret=0.082519 ape=0.5539
[21:48:32] warmStart 73% (1727/2348) regret=0.082519 ape=0.5539
[21:48:32] warmStart 73% (1728/2348) regret=0.082519 ape=0.5539
[21:48:32] warmStart 73% (1729/2348) regret=0.082519 ape=0.5539
[21:48:33] warmStart 73% (1730/2348) regret=0.082519 ape=0.5539
[21:48:33] warmStart 73% (1731/2348) regret=0.082519 ape=0.5539
[21:48:33] warmStart 73% (1732/2348) regret=0.082506 ape=0.5530
[21:48:33] warmStart 73% (1733/2348) regret=0.082519 ape=0.5539
[21:48:33] warmStart 73% (1734/2348) regret=0.082519 ape=0.5539
[21:48:33] warmStart 73% (1735/2348) regret=0.082519 ape=0.5539
[21:48:34] warmStart 73% (1736/2348) regret=0.082519 ape=0.5539
[21:48:34] warmStart 73% (1737/2348) regret=0.082519 ape=0.5539
[21:48:34] warmStart 74% (1738/2348) regret=0.082519 ape=0.5539
[21:48:34] warmStart 74% (1739/2348) regret=0.082519 ape=0.5539
[21:48:34] warmStart 74% (1740/2348) regret=0.082519 ape=0.5539
[21:48:35] warmStart 74% (1741/2348) regret=0.082519 ape=0.5539
[21:48:35] warmStart 74% (1742/2348) regret=0.082519 ape=0.5539
[21:48:35] warmStart 74% (1743/2348) regret=0.082519 ape=0.5539
[21:48:35] warmStart 74% (1744/2348) regret=0.082625 ape=0.5539
[21:48:35] warmStart 74% (1745/2348) regret=0.082519 ape=0.5539
[21:48:36] warmStart 74% (1746/2348) regret=0.082519 ape=0.5539
[21:48:36] warmStart 74% (1747/2348) regret=0.082519 ape=0.5539
[21:48:36] warmStart 74% (1748/2348) regret=0.082519 ape=0.5539
[21:48:36] warmStart 74% (1749/2348) regret=0.082519 ape=0.5539
[21:48:36] warmStart 74% (1750/2348) regret=0.082519 ape=0.5539
[21:48:37] warmStart 74% (1751/2348) regret=0.082519 ape=0.5539
[21:48:37] warmStart 74% (1752/2348) regret=0.082529 ape=0.5539
[21:48:37] warmStart 74% (1753/2348) regret=0.082529 ape=0.5539
[21:48:37] warmStart 74% (1754/2348) regret=0.082529 ape=0.5539
[21:48:37] warmStart 74% (1755/2348) regret=0.082529 ape=0.5539
[21:48:38] warmStart 74% (1756/2348) regret=0.082529 ape=0.5539
[21:48:38] warmStart 74% (1757/2348) regret=0.082529 ape=0.5539
[21:48:38] warmStart 74% (1758/2348) regret=0.082529 ape=0.5539
[21:48:38] warmStart 74% (1759/2348) regret=0.082529 ape=0.5539
[21:48:38] warmStart 74% (1760/2348) regret=0.082529 ape=0.5539
[21:48:38] warmStart 75% (1761/2348) regret=0.082529 ape=0.5539
[21:48:39] warmStart 75% (1762/2348) regret=0.082529 ape=0.5539
[21:48:39] warmStart 75% (1763/2348) regret=0.082777 ape=0.5539
[21:48:39] warmStart 75% (1764/2348) regret=0.082556 ape=0.5539
[21:48:39] warmStart 75% (1765/2348) regret=0.082529 ape=0.5539
[21:48:39] warmStart 75% (1766/2348) regret=0.082529 ape=0.5539
[21:48:40] warmStart 75% (1767/2348) regret=0.082529 ape=0.5539
[21:48:40] warmStart 75% (1768/2348) regret=0.082529 ape=0.5539
[21:48:40] warmStart 75% (1769/2348) regret=0.082492 ape=0.5539
[21:48:40] warmStart 75% (1770/2348) regret=0.082492 ape=0.5539
[21:48:40] warmStart 75% (1771/2348) regret=0.082492 ape=0.5539
[21:48:41] warmStart 75% (1772/2348) regret=0.082492 ape=0.5539
[21:48:41] warmStart 75% (1773/2348) regret=0.082492 ape=0.5539
[21:48:41] warmStart 75% (1774/2348) regret=0.082492 ape=0.5539
[21:48:41] warmStart 75% (1775/2348) regret=0.082492 ape=0.5539
[21:48:41] warmStart 75% (1776/2348) regret=0.082492 ape=0.5539
[21:48:42] warmStart 75% (1777/2348) regret=0.082492 ape=0.5539
[21:48:42] warmStart 75% (1778/2348) regret=0.082492 ape=0.5539
[21:48:42] warmStart 75% (1779/2348) regret=0.082492 ape=0.5539
[21:48:42] warmStart 75% (1780/2348) regret=0.082492 ape=0.5539
[21:48:42] warmStart 75% (1781/2348) regret=0.082492 ape=0.5539
[21:48:43] warmStart 75% (1782/2348) regret=0.082501 ape=0.5539
[21:48:43] warmStart 75% (1783/2348) regret=0.082501 ape=0.5539
[21:48:43] warmStart 75% (1784/2348) regret=0.082501 ape=0.5539
[21:48:43] warmStart 76% (1785/2348) regret=0.082501 ape=0.5539
[21:48:43] warmStart 76% (1786/2348) regret=0.082501 ape=0.5539
[21:48:44] warmStart 76% (1787/2348) regret=0.082501 ape=0.5539
[21:48:44] warmStart 76% (1788/2348) regret=0.082501 ape=0.5539
[21:48:44] warmStart 76% (1789/2348) regret=0.082501 ape=0.5539
[21:48:44] warmStart 76% (1790/2348) regret=0.082501 ape=0.5539
[21:48:44] warmStart 76% (1791/2348) regret=0.082529 ape=0.5539
[21:48:45] warmStart 76% (1792/2348) regret=0.082501 ape=0.5539
[21:48:45] warmStart 76% (1793/2348) regret=0.082501 ape=0.5539
[21:48:45] warmStart 76% (1794/2348) regret=0.082501 ape=0.5539
[21:48:45] warmStart 76% (1795/2348) regret=0.082501 ape=0.5539
[21:48:45] warmStart 76% (1796/2348) regret=0.082501 ape=0.5539
[21:48:45] warmStart 76% (1797/2348) regret=0.082501 ape=0.5539
[21:48:46] warmStart 76% (1798/2348) regret=0.082501 ape=0.5539
[21:48:46] warmStart 76% (1799/2348) regret=0.082501 ape=0.5539
[21:48:46] warmStart 76% (1800/2348) regret=0.082501 ape=0.5539
[21:48:46] warmStart 76% (1801/2348) regret=0.082501 ape=0.5539
[21:48:46] warmStart 76% (1802/2348) regret=0.082501 ape=0.5539
[21:48:47] warmStart 76% (1803/2348) regret=0.082501 ape=0.5539
[21:48:47] warmStart 76% (1804/2348) regret=0.082501 ape=0.5539
[21:48:47] warmStart 76% (1805/2348) regret=0.082501 ape=0.5539
[21:48:47] warmStart 76% (1806/2348) regret=0.082501 ape=0.5539
[21:48:47] warmStart 76% (1807/2348) regret=0.082501 ape=0.5539
[21:48:48] warmStart 77% (1808/2348) regret=0.082501 ape=0.5539
[21:48:48] warmStart 77% (1809/2348) regret=0.082501 ape=0.5539
[21:48:48] warmStart 77% (1810/2348) regret=0.082501 ape=0.5539
[21:48:48] warmStart 77% (1811/2348) regret=0.082501 ape=0.5539
[21:48:48] warmStart 77% (1812/2348) regret=0.082501 ape=0.5539
[21:48:48] warmStart 77% (1813/2348) regret=0.082501 ape=0.5539
[21:48:49] warmStart 77% (1814/2348) regret=0.082501 ape=0.5539
[21:48:49] warmStart 77% (1815/2348) regret=0.082501 ape=0.5539
[21:48:49] warmStart 77% (1816/2348) regret=0.082501 ape=0.5539
[21:48:49] warmStart 77% (1817/2348) regret=0.082501 ape=0.5539
[21:48:49] warmStart 77% (1818/2348) regret=0.082501 ape=0.5539
[21:48:50] warmStart 77% (1819/2348) regret=0.082501 ape=0.5539
[21:48:50] warmStart 77% (1820/2348) regret=0.082501 ape=0.5539
[21:48:50] warmStart 77% (1821/2348) regret=0.082537 ape=0.5530
[21:48:50] warmStart 77% (1822/2348) regret=0.082461 ape=0.5530
[21:48:50] warmStart 77% (1823/2348) regret=0.082540 ape=0.5539
[21:48:51] warmStart 77% (1824/2348) regret=0.082508 ape=0.5530
[21:48:51] warmStart 77% (1825/2348) regret=0.082512 ape=0.5530
[21:48:51] warmStart 77% (1826/2348) regret=0.082512 ape=0.5530
[21:48:51] warmStart 77% (1827/2348) regret=0.082513 ape=0.5530
[21:48:51] warmStart 77% (1828/2348) regret=0.082512 ape=0.5530
[21:48:52] warmStart 77% (1829/2348) regret=0.082512 ape=0.5530
[21:48:52] warmStart 77% (1830/2348) regret=0.082512 ape=0.5530
[21:48:52] warmStart 77% (1831/2348) regret=0.082512 ape=0.5530
[21:48:52] warmStart 78% (1832/2348) regret=0.082512 ape=0.5530
[21:48:52] warmStart 78% (1833/2348) regret=0.082512 ape=0.5530
[21:48:53] warmStart 78% (1834/2348) regret=0.082512 ape=0.5530
[21:48:53] warmStart 78% (1835/2348) regret=0.082512 ape=0.5530
[21:48:53] warmStart 78% (1836/2348) regret=0.082512 ape=0.5530
[21:48:53] warmStart 78% (1837/2348) regret=0.082512 ape=0.5530
[21:48:53] warmStart 78% (1838/2348) regret=0.082503 ape=0.5530
[21:48:53] warmStart 78% (1839/2348) regret=0.082503 ape=0.5530
[21:48:54] warmStart 78% (1840/2348) regret=0.082503 ape=0.5530
[21:48:54] warmStart 78% (1841/2348) regret=0.082503 ape=0.5530
[21:48:54] warmStart 78% (1842/2348) regret=0.082503 ape=0.5530
[21:48:54] warmStart 78% (1843/2348) regret=0.082503 ape=0.5530
[21:48:54] warmStart 78% (1844/2348) regret=0.082503 ape=0.5530
[21:48:55] warmStart 78% (1845/2348) regret=0.082503 ape=0.5530
[21:48:55] warmStart 78% (1846/2348) regret=0.082503 ape=0.5530
[21:48:55] warmStart 78% (1847/2348) regret=0.082503 ape=0.5530
[21:48:55] warmStart 78% (1848/2348) regret=0.082503 ape=0.5530
[21:48:55] warmStart 78% (1849/2348) regret=0.082503 ape=0.5530
[21:48:56] warmStart 78% (1850/2348) regret=0.082503 ape=0.5530
[21:48:56] warmStart 78% (1851/2348) regret=0.082503 ape=0.5530
[21:48:56] warmStart 78% (1852/2348) regret=0.082503 ape=0.5530
[21:48:56] warmStart 78% (1853/2348) regret=0.082503 ape=0.5530
[21:48:56] warmStart 78% (1854/2348) regret=0.082503 ape=0.5530
[21:48:56] warmStart 79% (1855/2348) regret=0.082503 ape=0.5530
[21:48:57] warmStart 79% (1856/2348) regret=0.082503 ape=0.5530
[21:48:57] warmStart 79% (1857/2348) regret=0.082503 ape=0.5530
[21:48:57] warmStart 79% (1858/2348) regret=0.082503 ape=0.5530
[21:48:57] warmStart 79% (1859/2348) regret=0.082503 ape=0.5530
[21:48:57] warmStart 79% (1860/2348) regret=0.082503 ape=0.5530
[21:48:58] warmStart 79% (1861/2348) regret=0.082503 ape=0.5530
[21:48:58] warmStart 79% (1862/2348) regret=0.082503 ape=0.5530
[21:48:58] warmStart 79% (1863/2348) regret=0.082503 ape=0.5530
[21:48:58] warmStart 79% (1864/2348) regret=0.082503 ape=0.5530
[21:48:58] warmStart 79% (1865/2348) regret=0.082464 ape=0.5530
[21:48:59] warmStart 79% (1866/2348) regret=0.082464 ape=0.5530
[21:48:59] warmStart 79% (1867/2348) regret=0.082464 ape=0.5530
[21:48:59] warmStart 79% (1868/2348) regret=0.082464 ape=0.5530
[21:48:59] warmStart 79% (1869/2348) regret=0.082464 ape=0.5530
[21:48:59] warmStart 79% (1870/2348) regret=0.082464 ape=0.5530
[21:49:00] warmStart 79% (1871/2348) regret=0.082464 ape=0.5530
[21:49:00] warmStart 79% (1872/2348) regret=0.082464 ape=0.5530
[21:49:00] warmStart 79% (1873/2348) regret=0.082464 ape=0.5530
[21:49:00] warmStart 79% (1874/2348) regret=0.082464 ape=0.5530
[21:49:00] warmStart 79% (1875/2348) regret=0.082464 ape=0.5530
[21:49:01] warmStart 79% (1876/2348) regret=0.082464 ape=0.5530
[21:49:01] warmStart 79% (1877/2348) regret=0.082464 ape=0.5530
[21:49:01] warmStart 79% (1878/2348) regret=0.082464 ape=0.5530
[21:49:01] warmStart 80% (1879/2348) regret=0.082464 ape=0.5530
[21:49:01] warmStart 80% (1880/2348) regret=0.082464 ape=0.5530
[21:49:02] warmStart 80% (1881/2348) regret=0.082464 ape=0.5530
[21:49:02] warmStart 80% (1882/2348) regret=0.082464 ape=0.5530
[21:49:02] warmStart 80% (1883/2348) regret=0.082209 ape=0.5530
[21:49:02] warmStart 80% (1884/2348) regret=0.082209 ape=0.5530
[21:49:02] warmStart 80% (1885/2348) regret=0.082209 ape=0.5530
[21:49:02] warmStart 80% (1886/2348) regret=0.082209 ape=0.5530
[21:49:03] warmStart 80% (1887/2348) regret=0.082209 ape=0.5530
[21:49:03] warmStart 80% (1888/2348) regret=0.082209 ape=0.5530
[21:49:03] warmStart 80% (1889/2348) regret=0.082209 ape=0.5530
[21:49:03] warmStart 80% (1890/2348) regret=0.082209 ape=0.5530
[21:49:03] warmStart 80% (1891/2348) regret=0.082214 ape=0.5539
[21:49:04] warmStart 80% (1892/2348) regret=0.082214 ape=0.5539
[21:49:04] warmStart 80% (1893/2348) regret=0.082214 ape=0.5539
[21:49:04] warmStart 80% (1894/2348) regret=0.082214 ape=0.5539
[21:49:04] warmStart 80% (1895/2348) regret=0.082214 ape=0.5539
[21:49:04] warmStart 80% (1896/2348) regret=0.082214 ape=0.5539
[21:49:04] warmStart 80% (1897/2348) regret=0.082165 ape=0.5530
[21:49:05] warmStart 80% (1898/2348) regret=0.082165 ape=0.5530
[21:49:05] warmStart 80% (1899/2348) regret=0.082165 ape=0.5530
[21:49:05] warmStart 80% (1900/2348) regret=0.082165 ape=0.5530
[21:49:05] warmStart 80% (1901/2348) regret=0.082165 ape=0.5530
[21:49:05] warmStart 81% (1902/2348) regret=0.082165 ape=0.5530
[21:49:06] warmStart 81% (1903/2348) regret=0.082160 ape=0.5521
[21:49:06] warmStart 81% (1904/2348) regret=0.082082 ape=0.5521
[21:49:06] warmStart 81% (1905/2348) regret=0.082082 ape=0.5521
[21:49:06] warmStart 81% (1906/2348) regret=0.082082 ape=0.5521
[21:49:06] warmStart 81% (1907/2348) regret=0.082082 ape=0.5521
[21:49:07] warmStart 81% (1908/2348) regret=0.082084 ape=0.5521
[21:49:07] warmStart 81% (1909/2348) regret=0.082082 ape=0.5521
[21:49:07] warmStart 81% (1910/2348) regret=0.082082 ape=0.5521
[21:49:07] warmStart 81% (1911/2348) regret=0.082082 ape=0.5521
[21:49:07] warmStart 81% (1912/2348) regret=0.082082 ape=0.5521
[21:49:08] warmStart 81% (1913/2348) regret=0.082082 ape=0.5521
[21:49:08] warmStart 81% (1914/2348) regret=0.082082 ape=0.5521
[21:49:08] warmStart 81% (1915/2348) regret=0.082082 ape=0.5521
[21:49:08] warmStart 81% (1916/2348) regret=0.082082 ape=0.5521
[21:49:08] warmStart 81% (1917/2348) regret=0.082082 ape=0.5521
[21:49:08] warmStart 81% (1918/2348) regret=0.082082 ape=0.5521
[21:49:09] warmStart 81% (1919/2348) regret=0.082082 ape=0.5521
[21:49:09] warmStart 81% (1920/2348) regret=0.082082 ape=0.5521
[21:49:09] warmStart 81% (1921/2348) regret=0.082082 ape=0.5521
[21:49:09] warmStart 81% (1922/2348) regret=0.082082 ape=0.5521
[21:49:09] warmStart 81% (1923/2348) regret=0.082118 ape=0.5521
[21:49:10] warmStart 81% (1924/2348) regret=0.082091 ape=0.5521
[21:49:10] warmStart 81% (1925/2348) regret=0.082091 ape=0.5521
[21:49:10] warmStart 82% (1926/2348) regret=0.082091 ape=0.5521
[21:49:10] warmStart 82% (1927/2348) regret=0.082091 ape=0.5521
[21:49:10] warmStart 82% (1928/2348) regret=0.082091 ape=0.5521
[21:49:11] warmStart 82% (1929/2348) regret=0.081996 ape=0.5521
[21:49:11] warmStart 82% (1930/2348) regret=0.082091 ape=0.5521
[21:49:11] warmStart 82% (1931/2348) regret=0.082091 ape=0.5521
[21:49:11] warmStart 82% (1932/2348) regret=0.082063 ape=0.5521
[21:49:11] warmStart 82% (1933/2348) regret=0.082091 ape=0.5521
[21:49:12] warmStart 82% (1934/2348) regret=0.082091 ape=0.5521
[21:49:12] warmStart 82% (1935/2348) regret=0.082063 ape=0.5521
[21:49:12] warmStart 82% (1936/2348) regret=0.082027 ape=0.5521
[21:49:12] warmStart 82% (1937/2348) regret=0.082027 ape=0.5521
[21:49:12] warmStart 82% (1938/2348) regret=0.082027 ape=0.5521
[21:49:12] warmStart 82% (1939/2348) regret=0.082076 ape=0.5530
[21:49:13] warmStart 82% (1940/2348) regret=0.082027 ape=0.5521
[21:49:13] warmStart 82% (1941/2348) regret=0.082027 ape=0.5521
[21:49:13] warmStart 82% (1942/2348) regret=0.082027 ape=0.5521
[21:49:13] warmStart 82% (1943/2348) regret=0.082027 ape=0.5521
[21:49:13] warmStart 82% (1944/2348) regret=0.082027 ape=0.5521
[21:49:14] warmStart 82% (1945/2348) regret=0.082027 ape=0.5521
[21:49:14] warmStart 82% (1946/2348) regret=0.082027 ape=0.5521
[21:49:14] warmStart 82% (1947/2348) regret=0.082027 ape=0.5521
[21:49:14] warmStart 82% (1948/2348) regret=0.082027 ape=0.5521
[21:49:14] warmStart 83% (1949/2348) regret=0.082027 ape=0.5521
[21:49:15] warmStart 83% (1950/2348) regret=0.082027 ape=0.5521
[21:49:15] warmStart 83% (1951/2348) regret=0.082027 ape=0.5521
[21:49:15] warmStart 83% (1952/2348) regret=0.082027 ape=0.5521
[21:49:15] warmStart 83% (1953/2348) regret=0.082027 ape=0.5521
[21:49:15] warmStart 83% (1954/2348) regret=0.082027 ape=0.5521
[21:49:15] warmStart 83% (1955/2348) regret=0.082027 ape=0.5521
[21:49:16] warmStart 83% (1956/2348) regret=0.082027 ape=0.5521
[21:49:16] warmStart 83% (1957/2348) regret=0.082027 ape=0.5521
[21:49:16] warmStart 83% (1958/2348) regret=0.082027 ape=0.5521
[21:49:16] warmStart 83% (1959/2348) regret=0.082027 ape=0.5521
[21:49:16] warmStart 83% (1960/2348) regret=0.082027 ape=0.5521
[21:49:17] warmStart 83% (1961/2348) regret=0.082027 ape=0.5521
[21:49:17] warmStart 83% (1962/2348) regret=0.082027 ape=0.5521
[21:49:17] warmStart 83% (1963/2348) regret=0.082027 ape=0.5521
[21:49:17] warmStart 83% (1964/2348) regret=0.082027 ape=0.5521
[21:49:17] warmStart 83% (1965/2348) regret=0.082027 ape=0.5521
[21:49:18] warmStart 83% (1966/2348) regret=0.082027 ape=0.5521
[21:49:18] warmStart 83% (1967/2348) regret=0.082027 ape=0.5521
[21:49:18] warmStart 83% (1968/2348) regret=0.082027 ape=0.5521
[21:49:18] warmStart 83% (1969/2348) regret=0.082027 ape=0.5521
[21:49:18] warmStart 83% (1970/2348) regret=0.082027 ape=0.5521
[21:49:18] warmStart 83% (1971/2348) regret=0.082027 ape=0.5521
[21:49:19] warmStart 83% (1972/2348) regret=0.082027 ape=0.5521
[21:49:19] warmStart 84% (1973/2348) regret=0.082027 ape=0.5521
[21:49:19] warmStart 84% (1974/2348) regret=0.082027 ape=0.5521
[21:49:19] warmStart 84% (1975/2348) regret=0.082027 ape=0.5521
[21:49:19] warmStart 84% (1976/2348) regret=0.081926 ape=0.5521
[21:49:20] warmStart 84% (1977/2348) regret=0.081926 ape=0.5521
[21:49:20] warmStart 84% (1978/2348) regret=0.081926 ape=0.5521
[21:49:20] warmStart 84% (1979/2348) regret=0.081926 ape=0.5521
[21:49:20] warmStart 84% (1980/2348) regret=0.081926 ape=0.5521
[21:49:20] warmStart 84% (1981/2348) regret=0.081926 ape=0.5521
[21:49:21] warmStart 84% (1982/2348) regret=0.081926 ape=0.5521
[21:49:21] warmStart 84% (1983/2348) regret=0.081926 ape=0.5521
[21:49:21] warmStart 84% (1984/2348) regret=0.081926 ape=0.5521
[21:49:21] warmStart 84% (1985/2348) regret=0.081926 ape=0.5521
[21:49:21] warmStart 84% (1986/2348) regret=0.081926 ape=0.5521
[21:49:21] warmStart 84% (1987/2348) regret=0.081926 ape=0.5521
[21:49:22] warmStart 84% (1988/2348) regret=0.081926 ape=0.5521
[21:49:22] warmStart 84% (1989/2348) regret=0.081926 ape=0.5521
[21:49:22] warmStart 84% (1990/2348) regret=0.081926 ape=0.5521
[21:49:22] warmStart 84% (1991/2348) regret=0.081926 ape=0.5521
[21:49:22] warmStart 84% (1992/2348) regret=0.081926 ape=0.5521
[21:49:23] warmStart 84% (1993/2348) regret=0.081926 ape=0.5521
[21:49:23] warmStart 84% (1994/2348) regret=0.081930 ape=0.5530
[21:49:23] warmStart 84% (1995/2348) regret=0.081930 ape=0.5530
[21:49:23] warmStart 85% (1996/2348) regret=0.081930 ape=0.5530
[21:49:23] warmStart 85% (1997/2348) regret=0.081930 ape=0.5530
[21:49:23] warmStart 85% (1998/2348) regret=0.081930 ape=0.5530
[21:49:24] warmStart 85% (1999/2348) regret=0.082009 ape=0.5530
[21:49:24] warmStart 85% (2000/2348) regret=0.082009 ape=0.5530
[21:49:24] warmStart 85% (2001/2348) regret=0.082009 ape=0.5530
[21:49:24] warmStart 85% (2002/2348) regret=0.082009 ape=0.5530
[21:49:24] warmStart 85% (2003/2348) regret=0.082009 ape=0.5530
[21:49:25] warmStart 85% (2004/2348) regret=0.082009 ape=0.5530
[21:49:25] warmStart 85% (2005/2348) regret=0.081797 ape=0.5530
[21:49:25] warmStart 85% (2006/2348) regret=0.081797 ape=0.5530
[21:49:25] warmStart 85% (2007/2348) regret=0.081797 ape=0.5530
[21:49:25] warmStart 85% (2008/2348) regret=0.081797 ape=0.5530
[21:49:26] warmStart 85% (2009/2348) regret=0.081797 ape=0.5530
[21:49:26] warmStart 85% (2010/2348) regret=0.081797 ape=0.5530
[21:49:26] warmStart 85% (2011/2348) regret=0.081797 ape=0.5530
[21:49:26] warmStart 85% (2012/2348) regret=0.081797 ape=0.5530
[21:49:26] warmStart 85% (2013/2348) regret=0.081797 ape=0.5530
[21:49:27] warmStart 85% (2014/2348) regret=0.081797 ape=0.5530
[21:49:27] warmStart 85% (2015/2348) regret=0.081797 ape=0.5530
[21:49:27] warmStart 85% (2016/2348) regret=0.081797 ape=0.5530
[21:49:27] warmStart 85% (2017/2348) regret=0.081797 ape=0.5530
[21:49:27] warmStart 85% (2018/2348) regret=0.081797 ape=0.5530
[21:49:28] warmStart 85% (2019/2348) regret=0.081797 ape=0.5530
[21:49:28] warmStart 86% (2020/2348) regret=0.081797 ape=0.5530
[21:49:28] warmStart 86% (2021/2348) regret=0.081811 ape=0.5530
[21:49:28] warmStart 86% (2022/2348) regret=0.081797 ape=0.5530
[21:49:28] warmStart 86% (2023/2348) regret=0.081797 ape=0.5530
[21:49:28] warmStart 86% (2024/2348) regret=0.081797 ape=0.5530
[21:49:29] warmStart 86% (2025/2348) regret=0.081797 ape=0.5530
[21:49:29] warmStart 86% (2026/2348) regret=0.081797 ape=0.5530
[21:49:29] warmStart 86% (2027/2348) regret=0.081797 ape=0.5530
[21:49:29] warmStart 86% (2028/2348) regret=0.081771 ape=0.5530
[21:49:29] warmStart 86% (2029/2348) regret=0.081771 ape=0.5530
[21:49:30] warmStart 86% (2030/2348) regret=0.081771 ape=0.5530
[21:49:30] warmStart 86% (2031/2348) regret=0.081771 ape=0.5530
[21:49:30] warmStart 86% (2032/2348) regret=0.081771 ape=0.5530
[21:49:30] warmStart 86% (2033/2348) regret=0.081771 ape=0.5530
[21:49:30] warmStart 86% (2034/2348) regret=0.081771 ape=0.5530
[21:49:30] warmStart 86% (2035/2348) regret=0.081771 ape=0.5530
[21:49:31] warmStart 86% (2036/2348) regret=0.081887 ape=0.5530
[21:49:31] warmStart 86% (2037/2348) regret=0.081771 ape=0.5530
[21:49:31] warmStart 86% (2038/2348) regret=0.081771 ape=0.5530
[21:49:31] warmStart 86% (2039/2348) regret=0.081771 ape=0.5530
[21:49:31] warmStart 86% (2040/2348) regret=0.081771 ape=0.5530
[21:49:32] warmStart 86% (2041/2348) regret=0.081771 ape=0.5530
[21:49:32] warmStart 86% (2042/2348) regret=0.081771 ape=0.5530
[21:49:32] warmStart 87% (2043/2348) regret=0.081771 ape=0.5530
[21:49:32] warmStart 87% (2044/2348) regret=0.081771 ape=0.5530
[21:49:32] warmStart 87% (2045/2348) regret=0.081771 ape=0.5530
[21:49:33] warmStart 87% (2046/2348) regret=0.081771 ape=0.5530
[21:49:33] warmStart 87% (2047/2348) regret=0.081771 ape=0.5530
[21:49:33] warmStart 87% (2048/2348) regret=0.081771 ape=0.5530
[21:49:33] warmStart 87% (2049/2348) regret=0.081771 ape=0.5530
[21:49:33] warmStart 87% (2050/2348) regret=0.081725 ape=0.5530
[21:49:34] warmStart 87% (2051/2348) regret=0.081725 ape=0.5530
[21:49:34] warmStart 87% (2052/2348) regret=0.081725 ape=0.5530
[21:49:34] warmStart 87% (2053/2348) regret=0.081725 ape=0.5530
[21:49:34] warmStart 87% (2054/2348) regret=0.081725 ape=0.5530
[21:49:34] warmStart 87% (2055/2348) regret=0.081725 ape=0.5530
[21:49:34] warmStart 87% (2056/2348) regret=0.081725 ape=0.5530
[21:49:35] warmStart 87% (2057/2348) regret=0.081725 ape=0.5530
[21:49:35] warmStart 87% (2058/2348) regret=0.081725 ape=0.5530
[21:49:35] warmStart 87% (2059/2348) regret=0.081725 ape=0.5530
[21:49:35] warmStart 87% (2060/2348) regret=0.081725 ape=0.5530
[21:49:35] warmStart 87% (2061/2348) regret=0.081725 ape=0.5530
[21:49:36] warmStart 87% (2062/2348) regret=0.081725 ape=0.5530
[21:49:36] warmStart 87% (2063/2348) regret=0.081725 ape=0.5530
[21:49:36] warmStart 87% (2064/2348) regret=0.081725 ape=0.5530
[21:49:36] warmStart 87% (2065/2348) regret=0.081725 ape=0.5530
[21:49:36] warmStart 87% (2066/2348) regret=0.081725 ape=0.5530
[21:49:37] warmStart 88% (2067/2348) regret=0.081725 ape=0.5530
[21:49:37] warmStart 88% (2068/2348) regret=0.081725 ape=0.5530
[21:49:37] warmStart 88% (2069/2348) regret=0.081725 ape=0.5530
[21:49:37] warmStart 88% (2070/2348) regret=0.081725 ape=0.5530
[21:49:37] warmStart 88% (2071/2348) regret=0.081725 ape=0.5530
[21:49:37] warmStart 88% (2072/2348) regret=0.081725 ape=0.5530
[21:49:38] warmStart 88% (2073/2348) regret=0.081725 ape=0.5530
[21:49:38] warmStart 88% (2074/2348) regret=0.081725 ape=0.5530
[21:49:38] warmStart 88% (2075/2348) regret=0.081725 ape=0.5530
[21:49:38] warmStart 88% (2076/2348) regret=0.081725 ape=0.5530
[21:49:38] warmStart 88% (2077/2348) regret=0.081725 ape=0.5530
[21:49:39] warmStart 88% (2078/2348) regret=0.081725 ape=0.5530
[21:49:39] warmStart 88% (2079/2348) regret=0.081725 ape=0.5530
[21:49:39] warmStart 88% (2080/2348) regret=0.081725 ape=0.5530
[21:49:39] warmStart 88% (2081/2348) regret=0.081725 ape=0.5530
[21:49:39] warmStart 88% (2082/2348) regret=0.081725 ape=0.5530
[21:49:40] warmStart 88% (2083/2348) regret=0.081725 ape=0.5530
[21:49:40] warmStart 88% (2084/2348) regret=0.081725 ape=0.5530
[21:49:40] warmStart 88% (2085/2348) regret=0.081725 ape=0.5530
[21:49:40] warmStart 88% (2086/2348) regret=0.081725 ape=0.5530
[21:49:40] warmStart 88% (2087/2348) regret=0.081743 ape=0.5530
[21:49:41] warmStart 88% (2088/2348) regret=0.081743 ape=0.5530
[21:49:41] warmStart 88% (2089/2348) regret=0.081743 ape=0.5530
[21:49:41] warmStart 89% (2090/2348) regret=0.081743 ape=0.5530
[21:49:41] warmStart 89% (2091/2348) regret=0.081743 ape=0.5530
[21:49:41] warmStart 89% (2092/2348) regret=0.081725 ape=0.5530
[21:49:41] warmStart 89% (2093/2348) regret=0.081725 ape=0.5530
[21:49:42] warmStart 89% (2094/2348) regret=0.081725 ape=0.5530
[21:49:42] warmStart 89% (2095/2348) regret=0.081725 ape=0.5530
[21:49:42] warmStart 89% (2096/2348) regret=0.081725 ape=0.5530
[21:49:42] warmStart 89% (2097/2348) regret=0.081725 ape=0.5530
[21:49:42] warmStart 89% (2098/2348) regret=0.081725 ape=0.5530
[21:49:43] warmStart 89% (2099/2348) regret=0.081725 ape=0.5530
[21:49:43] warmStart 89% (2100/2348) regret=0.081725 ape=0.5530
[21:49:43] warmStart 89% (2101/2348) regret=0.081646 ape=0.5530
[21:49:43] warmStart 89% (2102/2348) regret=0.081646 ape=0.5530
[21:49:43] warmStart 89% (2103/2348) regret=0.081646 ape=0.5530
[21:49:44] warmStart 89% (2104/2348) regret=0.081646 ape=0.5530
[21:49:44] warmStart 89% (2105/2348) regret=0.081646 ape=0.5530
[21:49:44] warmStart 89% (2106/2348) regret=0.081646 ape=0.5530
[21:49:44] warmStart 89% (2107/2348) regret=0.081646 ape=0.5530
[21:49:44] warmStart 89% (2108/2348) regret=0.081646 ape=0.5530
[21:49:44] warmStart 89% (2109/2348) regret=0.081646 ape=0.5530
[21:49:45] warmStart 89% (2110/2348) regret=0.081646 ape=0.5530
[21:49:45] warmStart 89% (2111/2348) regret=0.081646 ape=0.5530
[21:49:45] warmStart 89% (2112/2348) regret=0.081646 ape=0.5530
[21:49:45] warmStart 89% (2113/2348) regret=0.081646 ape=0.5530
[21:49:45] warmStart 90% (2114/2348) regret=0.081646 ape=0.5530
[21:49:45] warmStart 90% (2115/2348) regret=0.081646 ape=0.5530
[21:49:46] warmStart 90% (2116/2348) regret=0.081646 ape=0.5530
[21:49:46] warmStart 90% (2117/2348) regret=0.081646 ape=0.5530
[21:49:46] warmStart 90% (2118/2348) regret=0.081646 ape=0.5530
[21:49:46] warmStart 90% (2119/2348) regret=0.081646 ape=0.5530
[21:49:46] warmStart 90% (2120/2348) regret=0.081646 ape=0.5530
[21:49:46] warmStart 90% (2121/2348) regret=0.081646 ape=0.5530
[21:49:46] warmStart 90% (2122/2348) regret=0.081646 ape=0.5530
[21:49:47] warmStart 90% (2123/2348) regret=0.081646 ape=0.5530
[21:49:47] warmStart 90% (2124/2348) regret=0.081646 ape=0.5530
[21:49:47] warmStart 90% (2125/2348) regret=0.081646 ape=0.5530
[21:49:47] warmStart 90% (2126/2348) regret=0.081646 ape=0.5530
[21:49:47] warmStart 90% (2127/2348) regret=0.081646 ape=0.5530
[21:49:47] warmStart 90% (2128/2348) regret=0.081646 ape=0.5530
[21:49:48] warmStart 90% (2129/2348) regret=0.081646 ape=0.5530
[21:49:48] warmStart 90% (2130/2348) regret=0.081646 ape=0.5530
[21:49:48] warmStart 90% (2131/2348) regret=0.081646 ape=0.5530
[21:49:48] warmStart 90% (2132/2348) regret=0.081646 ape=0.5530
[21:49:48] warmStart 90% (2133/2348) regret=0.081646 ape=0.5530
[21:49:48] warmStart 90% (2134/2348) regret=0.081646 ape=0.5530
[21:49:49] warmStart 90% (2135/2348) regret=0.081646 ape=0.5530
[21:49:49] warmStart 90% (2136/2348) regret=0.081646 ape=0.5530
[21:49:49] warmStart 91% (2137/2348) regret=0.081646 ape=0.5530
[21:49:49] warmStart 91% (2138/2348) regret=0.081646 ape=0.5530
[21:49:49] warmStart 91% (2139/2348) regret=0.081646 ape=0.5530
[21:49:49] warmStart 91% (2140/2348) regret=0.081646 ape=0.5530
[21:49:49] warmStart 91% (2141/2348) regret=0.081646 ape=0.5530
[21:49:50] warmStart 91% (2142/2348) regret=0.081644 ape=0.5521
[21:49:50] warmStart 91% (2143/2348) regret=0.081646 ape=0.5530
[21:49:50] warmStart 91% (2144/2348) regret=0.081646 ape=0.5530
[21:49:50] warmStart 91% (2145/2348) regret=0.081646 ape=0.5530
[21:49:50] warmStart 91% (2146/2348) regret=0.081646 ape=0.5530
[21:49:50] warmStart 91% (2147/2348) regret=0.081646 ape=0.5530
[21:49:51] warmStart 91% (2148/2348) regret=0.081646 ape=0.5530
[21:49:51] warmStart 91% (2149/2348) regret=0.081646 ape=0.5530
[21:49:51] warmStart 91% (2150/2348) regret=0.081646 ape=0.5530
[21:49:51] warmStart 91% (2151/2348) regret=0.081646 ape=0.5530
[21:49:51] warmStart 91% (2152/2348) regret=0.081672 ape=0.5530
[21:49:51] warmStart 91% (2153/2348) regret=0.081682 ape=0.5530
[21:49:52] warmStart 91% (2154/2348) regret=0.081672 ape=0.5530
[21:49:52] warmStart 91% (2155/2348) regret=0.081672 ape=0.5530
[21:49:52] warmStart 91% (2156/2348) regret=0.081672 ape=0.5530
[21:49:52] warmStart 91% (2157/2348) regret=0.081672 ape=0.5530
[21:49:52] warmStart 91% (2158/2348) regret=0.081672 ape=0.5530
[21:49:52] warmStart 91% (2159/2348) regret=0.081659 ape=0.5521
[21:49:52] warmStart 91% (2160/2348) regret=0.081659 ape=0.5521
[21:49:53] warmStart 92% (2161/2348) regret=0.081659 ape=0.5521
[21:49:53] warmStart 92% (2162/2348) regret=0.081659 ape=0.5521
[21:49:53] warmStart 92% (2163/2348) regret=0.081659 ape=0.5521
[21:49:53] warmStart 92% (2164/2348) regret=0.081608 ape=0.5530
[21:49:53] warmStart 92% (2165/2348) regret=0.081672 ape=0.5530
[21:49:53] warmStart 92% (2166/2348) regret=0.081608 ape=0.5530
[21:49:53] warmStart 92% (2167/2348) regret=0.081608 ape=0.5530
[21:49:54] warmStart 92% (2168/2348) regret=0.081608 ape=0.5530
[21:49:54] warmStart 92% (2169/2348) regret=0.081608 ape=0.5530
[21:49:54] warmStart 92% (2170/2348) regret=0.081608 ape=0.5530
[21:49:54] warmStart 92% (2171/2348) regret=0.081608 ape=0.5530
[21:49:54] warmStart 92% (2172/2348) regret=0.081608 ape=0.5530
[21:49:54] warmStart 92% (2173/2348) regret=0.081608 ape=0.5530
[21:49:54] warmStart 92% (2174/2348) regret=0.081608 ape=0.5530
[21:49:55] warmStart 92% (2175/2348) regret=0.081608 ape=0.5530
[21:49:55] warmStart 92% (2176/2348) regret=0.081608 ape=0.5530
[21:49:55] warmStart 92% (2177/2348) regret=0.081608 ape=0.5530
[21:49:55] warmStart 92% (2178/2348) regret=0.081608 ape=0.5530
[21:49:55] warmStart 92% (2179/2348) regret=0.081608 ape=0.5530
[21:49:55] warmStart 92% (2180/2348) regret=0.081608 ape=0.5530
[21:49:55] warmStart 92% (2181/2348) regret=0.081608 ape=0.5530
[21:49:55] warmStart 92% (2182/2348) regret=0.081608 ape=0.5530
[21:49:56] warmStart 92% (2183/2348) regret=0.081608 ape=0.5530
[21:49:56] warmStart 93% (2184/2348) regret=0.081608 ape=0.5530
[21:49:56] warmStart 93% (2185/2348) regret=0.081608 ape=0.5530
[21:49:56] warmStart 93% (2186/2348) regret=0.081608 ape=0.5530
[21:49:56] warmStart 93% (2187/2348) regret=0.081608 ape=0.5530
[21:49:56] warmStart 93% (2188/2348) regret=0.081608 ape=0.5530
[21:49:56] warmStart 93% (2189/2348) regret=0.081608 ape=0.5530
[21:49:57] warmStart 93% (2190/2348) regret=0.081608 ape=0.5530
[21:49:57] warmStart 93% (2191/2348) regret=0.081608 ape=0.5530
[21:49:57] warmStart 93% (2192/2348) regret=0.081608 ape=0.5530
[21:49:57] warmStart 93% (2193/2348) regret=0.081608 ape=0.5530
[21:49:57] warmStart 93% (2194/2348) regret=0.080626 ape=0.5530
[21:49:57] warmStart 93% (2195/2348) regret=0.080626 ape=0.5530
[21:49:58] warmStart 93% (2196/2348) regret=0.080626 ape=0.5530
[21:49:58] warmStart 93% (2197/2348) regret=0.080626 ape=0.5530
[21:49:58] warmStart 93% (2198/2348) regret=0.079723 ape=0.5530
[21:49:58] warmStart 93% (2199/2348) regret=0.079723 ape=0.5530
[21:49:58] warmStart 93% (2200/2348) regret=0.079723 ape=0.5530
[21:49:58] warmStart 93% (2201/2348) regret=0.079723 ape=0.5530
[21:49:58] warmStart 93% (2202/2348) regret=0.079723 ape=0.5530
[21:49:59] warmStart 93% (2203/2348) regret=0.079723 ape=0.5530
[21:49:59] warmStart 93% (2204/2348) regret=0.079723 ape=0.5530
[21:49:59] warmStart 93% (2205/2348) regret=0.079723 ape=0.5530
[21:49:59] warmStart 93% (2206/2348) regret=0.079723 ape=0.5530
[21:49:59] warmStart 93% (2207/2348) regret=0.079290 ape=0.5530
[21:49:59] warmStart 94% (2208/2348) regret=0.079115 ape=0.5530
[21:49:59] warmStart 94% (2209/2348) regret=0.079115 ape=0.5530
[21:50:00] warmStart 94% (2210/2348) regret=0.079115 ape=0.5530
[21:50:00] warmStart 94% (2211/2348) regret=0.079115 ape=0.5530
[21:50:00] warmStart 94% (2212/2348) regret=0.079115 ape=0.5530
[21:50:00] warmStart 94% (2213/2348) regret=0.079115 ape=0.5530
[21:50:00] warmStart 94% (2214/2348) regret=0.079115 ape=0.5530
[21:50:00] warmStart 94% (2215/2348) regret=0.079115 ape=0.5530
[21:50:00] warmStart 94% (2216/2348) regret=0.079115 ape=0.5530
[21:50:01] warmStart 94% (2217/2348) regret=0.079115 ape=0.5530
[21:50:01] warmStart 94% (2218/2348) regret=0.079115 ape=0.5530
[21:50:01] warmStart 94% (2219/2348) regret=0.079115 ape=0.5530
[21:50:01] warmStart 94% (2220/2348) regret=0.079115 ape=0.5530
[21:50:01] warmStart 94% (2221/2348) regret=0.079115 ape=0.5530
[21:50:01] warmStart 94% (2222/2348) regret=0.079115 ape=0.5530
[21:50:01] warmStart 94% (2223/2348) regret=0.079115 ape=0.5530
[21:50:01] warmStart 94% (2224/2348) regret=0.079115 ape=0.5530
[21:50:02] warmStart 94% (2225/2348) regret=0.079115 ape=0.5530
[21:50:02] warmStart 94% (2226/2348) regret=0.079115 ape=0.5530
[21:50:02] warmStart 94% (2227/2348) regret=0.079115 ape=0.5530
[21:50:02] warmStart 94% (2228/2348) regret=0.079115 ape=0.5530
[21:50:02] warmStart 94% (2229/2348) regret=0.079115 ape=0.5530
[21:50:02] warmStart 94% (2230/2348) regret=0.079115 ape=0.5530
[21:50:02] warmStart 95% (2231/2348) regret=0.079115 ape=0.5530
[21:50:03] warmStart 95% (2232/2348) regret=0.079115 ape=0.5530
[21:50:03] warmStart 95% (2233/2348) regret=0.079115 ape=0.5530
[21:50:03] warmStart 95% (2234/2348) regret=0.079115 ape=0.5530
[21:50:03] warmStart 95% (2235/2348) regret=0.079115 ape=0.5530
[21:50:03] warmStart 95% (2236/2348) regret=0.079059 ape=0.5521
[21:50:03] warmStart 95% (2237/2348) regret=0.079115 ape=0.5530
[21:50:03] warmStart 95% (2238/2348) regret=0.079115 ape=0.5530
[21:50:04] warmStart 95% (2239/2348) regret=0.079115 ape=0.5530
[21:50:04] warmStart 95% (2240/2348) regret=0.079115 ape=0.5530
[21:50:04] warmStart 95% (2241/2348) regret=0.079115 ape=0.5530
[21:50:04] warmStart 95% (2242/2348) regret=0.079115 ape=0.5530
[21:50:04] warmStart 95% (2243/2348) regret=0.079115 ape=0.5530
[21:50:04] warmStart 95% (2244/2348) regret=0.079115 ape=0.5530
[21:50:04] warmStart 95% (2245/2348) regret=0.079115 ape=0.5530
[21:50:05] warmStart 95% (2246/2348) regret=0.079115 ape=0.5530
[21:50:05] warmStart 95% (2247/2348) regret=0.079115 ape=0.5530
[21:50:05] warmStart 95% (2248/2348) regret=0.079115 ape=0.5530
[21:50:05] warmStart 95% (2249/2348) regret=0.079115 ape=0.5530
[21:50:05] warmStart 95% (2250/2348) regret=0.079115 ape=0.5530
[21:50:05] warmStart 95% (2251/2348) regret=0.079115 ape=0.5530
[21:50:05] warmStart 95% (2252/2348) regret=0.079115 ape=0.5530
[21:50:06] warmStart 95% (2253/2348) regret=0.079115 ape=0.5530
[21:50:06] warmStart 95% (2254/2348) regret=0.079115 ape=0.5530
[21:50:06] warmStart 96% (2255/2348) regret=0.079023 ape=0.5521
[21:50:06] warmStart 96% (2256/2348) regret=0.079115 ape=0.5530
[21:50:06] warmStart 96% (2257/2348) regret=0.079115 ape=0.5530
[21:50:06] warmStart 96% (2258/2348) regret=0.079115 ape=0.5530
[21:50:07] warmStart 96% (2259/2348) regret=0.079115 ape=0.5530
[21:50:07] warmStart 96% (2260/2348) regret=0.079101 ape=0.5521
[21:50:07] warmStart 96% (2261/2348) regret=0.079115 ape=0.5530
[21:50:07] warmStart 96% (2262/2348) regret=0.079115 ape=0.5530
[21:50:07] warmStart 96% (2263/2348) regret=0.079115 ape=0.5530
[21:50:08] warmStart 96% (2264/2348) regret=0.079115 ape=0.5530
[21:50:08] warmStart 96% (2265/2348) regret=0.079115 ape=0.5530
[21:50:08] warmStart 96% (2266/2348) regret=0.079072 ape=0.5530
[21:50:08] warmStart 96% (2267/2348) regret=0.079072 ape=0.5530
[21:50:08] warmStart 96% (2268/2348) regret=0.079072 ape=0.5530
[21:50:09] warmStart 96% (2269/2348) regret=0.079072 ape=0.5530
[21:50:09] warmStart 96% (2270/2348) regret=0.079072 ape=0.5530
[21:50:09] warmStart 96% (2271/2348) regret=0.079072 ape=0.5530
[21:50:09] warmStart 96% (2272/2348) regret=0.079072 ape=0.5530
[21:50:09] warmStart 96% (2273/2348) regret=0.079072 ape=0.5530
[21:50:09] warmStart 96% (2274/2348) regret=0.079072 ape=0.5530
[21:50:10] warmStart 96% (2275/2348) regret=0.079072 ape=0.5530
[21:50:10] warmStart 96% (2276/2348) regret=0.079058 ape=0.5521
[21:50:10] warmStart 96% (2277/2348) regret=0.079072 ape=0.5530
[21:50:10] warmStart 97% (2278/2348) regret=0.079072 ape=0.5530
[21:50:10] warmStart 97% (2279/2348) regret=0.078887 ape=0.5530
[21:50:11] warmStart 97% (2280/2348) regret=0.078887 ape=0.5530
[21:50:11] warmStart 97% (2281/2348) regret=0.078887 ape=0.5530
[21:50:11] warmStart 97% (2282/2348) regret=0.078998 ape=0.5530
[21:50:11] warmStart 97% (2283/2348) regret=0.078816 ape=0.5521
[21:50:11] warmStart 97% (2284/2348) regret=0.078887 ape=0.5530
[21:50:11] warmStart 97% (2285/2348) regret=0.078816 ape=0.5521
[21:50:12] warmStart 97% (2286/2348) regret=0.078887 ape=0.5530
[21:50:12] warmStart 97% (2287/2348) regret=0.078816 ape=0.5521
[21:50:12] warmStart 97% (2288/2348) regret=0.078828 ape=0.5530
[21:50:12] warmStart 97% (2289/2348) regret=0.078816 ape=0.5521
[21:50:12] warmStart 97% (2290/2348) regret=0.078887 ape=0.5530
[21:50:12] warmStart 97% (2291/2348) regret=0.078828 ape=0.5530
[21:50:13] warmStart 97% (2292/2348) regret=0.078887 ape=0.5530
[21:50:13] warmStart 97% (2293/2348) regret=0.078816 ape=0.5521
[21:50:13] warmStart 97% (2294/2348) regret=0.078770 ape=0.5521
[21:50:13] warmStart 97% (2295/2348) regret=0.078770 ape=0.5521
[21:50:13] warmStart 97% (2296/2348) regret=0.078770 ape=0.5521
[21:50:14] warmStart 97% (2297/2348) regret=0.078770 ape=0.5521
[21:50:14] warmStart 97% (2298/2348) regret=0.078770 ape=0.5521
[21:50:14] warmStart 97% (2299/2348) regret=0.078770 ape=0.5521
[21:50:14] warmStart 97% (2300/2348) regret=0.078770 ape=0.5521
[21:50:14] warmStart 97% (2301/2348) regret=0.078770 ape=0.5521
[21:50:14] warmStart 98% (2302/2348) regret=0.078770 ape=0.5521
[21:50:15] warmStart 98% (2303/2348) regret=0.078770 ape=0.5521
[21:50:15] warmStart 98% (2304/2348) regret=0.078770 ape=0.5521
[21:50:15] warmStart 98% (2305/2348) regret=0.078770 ape=0.5521
[21:50:15] warmStart 98% (2306/2348) regret=0.078770 ape=0.5521
[21:50:15] warmStart 98% (2307/2348) regret=0.078770 ape=0.5521
[21:50:16] warmStart 98% (2308/2348) regret=0.078770 ape=0.5521
[21:50:16] warmStart 98% (2309/2348) regret=0.078770 ape=0.5521
[21:50:16] warmStart 98% (2310/2348) regret=0.078770 ape=0.5521
[21:50:16] warmStart 98% (2311/2348) regret=0.078770 ape=0.5521
[21:50:16] warmStart 98% (2312/2348) regret=0.078770 ape=0.5521
[21:50:17] warmStart 98% (2313/2348) regret=0.078770 ape=0.5521
[21:50:17] warmStart 98% (2314/2348) regret=0.078715 ape=0.5512
[21:50:17] warmStart 98% (2315/2348) regret=0.078715 ape=0.5512
[21:50:17] warmStart 98% (2316/2348) regret=0.078715 ape=0.5512
[21:50:17] warmStart 98% (2317/2348) regret=0.078715 ape=0.5512
[21:50:18] warmStart 98% (2318/2348) regret=0.078715 ape=0.5512
[21:50:18] warmStart 98% (2319/2348) regret=0.078715 ape=0.5512
[21:50:18] warmStart 98% (2320/2348) regret=0.078715 ape=0.5512
[21:50:18] warmStart 98% (2321/2348) regret=0.078715 ape=0.5512
[21:50:18] warmStart 98% (2322/2348) regret=0.078669 ape=0.5502
[21:50:18] warmStart 98% (2323/2348) regret=0.078669 ape=0.5502
[21:50:19] warmStart 98% (2324/2348) regret=0.078669 ape=0.5502
[21:50:19] warmStart 99% (2325/2348) regret=0.078669 ape=0.5502
[21:50:19] warmStart 99% (2326/2348) regret=0.078669 ape=0.5502
[21:50:19] warmStart 99% (2327/2348) regret=0.078669 ape=0.5502
[21:50:19] warmStart 99% (2328/2348) regret=0.078669 ape=0.5502
[21:50:20] warmStart 99% (2329/2348) regret=0.078669 ape=0.5502
[21:50:20] warmStart 99% (2330/2348) regret=0.078645 ape=0.5502
[21:50:20] warmStart 99% (2331/2348) regret=0.078669 ape=0.5502
[21:50:20] warmStart 99% (2332/2348) regret=0.078669 ape=0.5502
[21:50:20] warmStart 99% (2333/2348) regret=0.078669 ape=0.5502
[21:50:21] warmStart 99% (2334/2348) regret=0.078669 ape=0.5502
[21:50:21] warmStart 99% (2335/2348) regret=0.078669 ape=0.5502
[21:50:21] warmStart 99% (2336/2348) regret=0.078669 ape=0.5502
[21:50:21] warmStart 99% (2337/2348) regret=0.078669 ape=0.5502
[21:50:21] warmStart 99% (2338/2348) regret=0.078669 ape=0.5502
[21:50:22] warmStart 99% (2339/2348) regret=0.078669 ape=0.5502
[21:50:22] warmStart 99% (2340/2348) regret=0.078669 ape=0.5502
[21:50:22] warmStart 99% (2341/2348) regret=0.078669 ape=0.5502
[21:50:22] warmStart 99% (2342/2348) regret=0.078669 ape=0.5502
[21:50:22] warmStart 99% (2343/2348) regret=0.078669 ape=0.5502
[21:50:22] warmStart 99% (2344/2348) regret=0.078669 ape=0.5502
[21:50:23] warmStart 99% (2345/2348) regret=0.078669 ape=0.5502
[21:50:23] warmStart 99% (2346/2348) regret=0.078682 ape=0.5502
Warm w=50 finished: 2347 points, 429.00s wall time
  Final: regret=0.078682, ape=0.5502

Saved JSON: /home/users/g/s/gsavary/LudiiMCTSVariations/slurm_sweep_full_dataset/results_20260425_214242/sweep_warm_50_4_20260425_215023.json

Generating plots...
Saved regret plot: /home/users/g/s/gsavary/LudiiMCTSVariations/slurm_sweep_full_dataset/results_20260425_214242/sweep_warm_50_4_20260425_215023_regret.png
Saved APE plot: /home/users/g/s/gsavary/LudiiMCTSVariations/slurm_sweep_full_dataset/results_20260425_214242/sweep_warm_50_4_20260425_215023_ape.png

======================================================================
EXPERIMENT COMPLETE
======================================================================
Results saved to: /home/users/g/s/gsavary/LudiiMCTSVariations/slurm_sweep_full_dataset/results_20260425_214242
JSON file: sweep_warm_50_4_20260425_215023.json
Experiment finished. Results saved to: /home/users/g/s/gsavary/LudiiMCTSVariations/slurm_sweep_full_dataset/results_20260425_214242
