Starting experiment...
Project root: /home/users/g/s/gsavary/LudiiMCTSVariations
Method: baseline
Output dir: /home/users/g/s/gsavary/LudiiMCTSVariations/slurm_sweep_full_dataset/results_20260425_214212
Seed: 2
Time limit:  seconds


======================================================================
SLURM Sweep Experiment - Single Method
======================================================================
Method: baseline
Time limit: 7200.0s, Seed: 2, Batch size: 20
Output directory: /home/users/g/s/gsavary/LudiiMCTSVariations/slurm_sweep_full_dataset/results_20260425_214212

Loading Ludii dataset...
Loaded 1085 games
Using 1085 games (full dataset, no subsampling)

Running timing probe (100 pulls)...
  Estimated secs/pull: 0.021837

Time budget: 7200.0s → ~329717 total pulls
Per-method budget: 47102 pulls (~1028.6s)

Computing predictor-only performance...
  Predictions loaded: 23675 agent predictions
  Predictor-only: regret=0.104318, ape=0.4894

Running BASELINE (cold start)...
[21:42:43] regretChangePotential 0% (1/2356) regret=0.148105 ape=0.7161
[21:42:43] regretChangePotential 0% (2/2356) regret=0.147433 ape=0.7161
[21:42:43] regretChangePotential 0% (3/2356) regret=0.147309 ape=0.7161
[21:42:43] regretChangePotential 0% (4/2356) regret=0.147309 ape=0.7161
[21:42:43] regretChangePotential 0% (5/2356) regret=0.146047 ape=0.7152
[21:42:44] regretChangePotential 0% (6/2356) regret=0.146094 ape=0.7152
[21:42:44] regretChangePotential 0% (7/2356) regret=0.145657 ape=0.7161
[21:42:44] regretChangePotential 0% (8/2356) regret=0.144944 ape=0.7152
[21:42:44] regretChangePotential 0% (9/2356) regret=0.143609 ape=0.7143
[21:42:44] regretChangePotential 0% (10/2356) regret=0.143240 ape=0.7143
[21:42:44] regretChangePotential 0% (11/2356) regret=0.142933 ape=0.7124
[21:42:45] regretChangePotential 0% (12/2356) regret=0.142087 ape=0.7106
[21:42:45] regretChangePotential 0% (13/2356) regret=0.142102 ape=0.7106
[21:42:45] regretChangePotential 0% (14/2356) regret=0.142102 ape=0.7106
[21:42:45] regretChangePotential 0% (15/2356) regret=0.142102 ape=0.7106
[21:42:45] regretChangePotential 0% (16/2356) regret=0.141883 ape=0.7106
[21:42:45] regretChangePotential 0% (17/2356) regret=0.141284 ape=0.7097
[21:42:46] regretChangePotential 0% (18/2356) regret=0.140467 ape=0.7088
[21:42:46] regretChangePotential 0% (19/2356) regret=0.140444 ape=0.7097
[21:42:46] regretChangePotential 0% (20/2356) regret=0.139439 ape=0.7088
[21:42:46] regretChangePotential 0% (21/2356) regret=0.139075 ape=0.7078
[21:42:46] regretChangePotential 0% (22/2356) regret=0.138282 ape=0.7088
[21:42:46] regretChangePotential 0% (23/2356) regret=0.138282 ape=0.7088
[21:42:47] regretChangePotential 1% (24/2356) regret=0.138434 ape=0.7088
[21:42:47] regretChangePotential 1% (25/2356) regret=0.138428 ape=0.7088
[21:42:47] regretChangePotential 1% (26/2356) regret=0.137580 ape=0.7069
[21:42:47] regretChangePotential 1% (27/2356) regret=0.137106 ape=0.7060
[21:42:47] regretChangePotential 1% (28/2356) regret=0.137004 ape=0.7060
[21:42:47] regretChangePotential 1% (29/2356) regret=0.137004 ape=0.7060
[21:42:47] regretChangePotential 1% (30/2356) regret=0.135746 ape=0.7051
[21:42:48] regretChangePotential 1% (31/2356) regret=0.135134 ape=0.7041
[21:42:48] regretChangePotential 1% (32/2356) regret=0.135037 ape=0.7041
[21:42:48] regretChangePotential 1% (33/2356) regret=0.134751 ape=0.7041
[21:42:48] regretChangePotential 1% (34/2356) regret=0.134751 ape=0.7041
[21:42:48] regretChangePotential 1% (35/2356) regret=0.134750 ape=0.7041
[21:42:48] regretChangePotential 1% (36/2356) regret=0.132567 ape=0.7032
[21:42:49] regretChangePotential 1% (37/2356) regret=0.132116 ape=0.7023
[21:42:49] regretChangePotential 1% (38/2356) regret=0.132116 ape=0.7023
[21:42:49] regretChangePotential 1% (39/2356) regret=0.131157 ape=0.7014
[21:42:49] regretChangePotential 1% (40/2356) regret=0.131414 ape=0.7014
[21:42:49] regretChangePotential 1% (41/2356) regret=0.131414 ape=0.7014
[21:42:49] regretChangePotential 1% (42/2356) regret=0.131414 ape=0.7014
[21:42:50] regretChangePotential 1% (43/2356) regret=0.130750 ape=0.7005
[21:42:50] regretChangePotential 1% (44/2356) regret=0.130898 ape=0.7005
[21:42:50] regretChangePotential 1% (45/2356) regret=0.130898 ape=0.7005
[21:42:50] regretChangePotential 1% (46/2356) regret=0.129561 ape=0.6977
[21:42:50] regretChangePotential 1% (47/2356) regret=0.129561 ape=0.6977
[21:42:50] regretChangePotential 2% (48/2356) regret=0.128778 ape=0.6968
[21:42:51] regretChangePotential 2% (49/2356) regret=0.128075 ape=0.6968
[21:42:51] regretChangePotential 2% (50/2356) regret=0.127384 ape=0.6959
[21:42:51] regretChangePotential 2% (51/2356) regret=0.126360 ape=0.6940
[21:42:51] regretChangePotential 2% (52/2356) regret=0.126333 ape=0.6940
[21:42:51] regretChangePotential 2% (53/2356) regret=0.125824 ape=0.6922
[21:42:51] regretChangePotential 2% (54/2356) regret=0.125303 ape=0.6931
[21:42:51] regretChangePotential 2% (55/2356) regret=0.125285 ape=0.6912
[21:42:52] regretChangePotential 2% (56/2356) regret=0.125285 ape=0.6912
[21:42:52] regretChangePotential 2% (57/2356) regret=0.124686 ape=0.6912
[21:42:52] regretChangePotential 2% (58/2356) regret=0.124686 ape=0.6912
[21:42:52] regretChangePotential 2% (59/2356) regret=0.124271 ape=0.6894
[21:42:52] regretChangePotential 2% (60/2356) regret=0.123770 ape=0.6885
[21:42:52] regretChangePotential 2% (61/2356) regret=0.123038 ape=0.6885
[21:42:53] regretChangePotential 2% (62/2356) regret=0.122926 ape=0.6894
[21:42:53] regretChangePotential 2% (63/2356) regret=0.122320 ape=0.6894
[21:42:53] regretChangePotential 2% (64/2356) regret=0.122679 ape=0.6894
[21:42:53] regretChangePotential 2% (65/2356) regret=0.122582 ape=0.6894
[21:42:53] regretChangePotential 2% (66/2356) regret=0.122112 ape=0.6894
[21:42:53] regretChangePotential 2% (67/2356) regret=0.121748 ape=0.6885
[21:42:54] regretChangePotential 2% (68/2356) regret=0.120712 ape=0.6866
[21:42:54] regretChangePotential 2% (69/2356) regret=0.118783 ape=0.6857
[21:42:54] regretChangePotential 2% (70/2356) regret=0.119137 ape=0.6857
[21:42:54] regretChangePotential 3% (71/2356) regret=0.118109 ape=0.6857
[21:42:54] regretChangePotential 3% (72/2356) regret=0.116326 ape=0.6848
[21:42:54] regretChangePotential 3% (73/2356) regret=0.116326 ape=0.6848
[21:42:55] regretChangePotential 3% (74/2356) regret=0.116326 ape=0.6848
[21:42:55] regretChangePotential 3% (75/2356) regret=0.115727 ape=0.6848
[21:42:55] regretChangePotential 3% (76/2356) regret=0.115012 ape=0.6839
[21:42:55] regretChangePotential 3% (77/2356) regret=0.115020 ape=0.6839
[21:42:55] regretChangePotential 3% (78/2356) regret=0.114863 ape=0.6829
[21:42:55] regretChangePotential 3% (79/2356) regret=0.113532 ape=0.6811
[21:42:55] regretChangePotential 3% (80/2356) regret=0.113582 ape=0.6820
[21:42:56] regretChangePotential 3% (81/2356) regret=0.113762 ape=0.6829
[21:42:56] regretChangePotential 3% (82/2356) regret=0.113693 ape=0.6829
[21:42:56] regretChangePotential 3% (83/2356) regret=0.113118 ape=0.6820
[21:42:56] regretChangePotential 3% (84/2356) regret=0.111537 ape=0.6793
[21:42:56] regretChangePotential 3% (85/2356) regret=0.111002 ape=0.6793
[21:42:56] regretChangePotential 3% (86/2356) regret=0.111014 ape=0.6793
[21:42:57] regretChangePotential 3% (87/2356) regret=0.110839 ape=0.6783
[21:42:57] regretChangePotential 3% (88/2356) regret=0.110839 ape=0.6783
[21:42:57] regretChangePotential 3% (89/2356) regret=0.110839 ape=0.6783
[21:42:57] regretChangePotential 3% (90/2356) regret=0.110322 ape=0.6783
[21:42:57] regretChangePotential 3% (91/2356) regret=0.110303 ape=0.6783
[21:42:57] regretChangePotential 3% (92/2356) regret=0.109813 ape=0.6774
[21:42:58] regretChangePotential 3% (93/2356) regret=0.109449 ape=0.6774
[21:42:58] regretChangePotential 3% (94/2356) regret=0.109029 ape=0.6765
[21:42:58] regretChangePotential 4% (95/2356) regret=0.109189 ape=0.6765
[21:42:58] regretChangePotential 4% (96/2356) regret=0.109189 ape=0.6765
[21:42:58] regretChangePotential 4% (97/2356) regret=0.107834 ape=0.6747
[21:42:58] regretChangePotential 4% (98/2356) regret=0.107889 ape=0.6756
[21:42:59] regretChangePotential 4% (99/2356) regret=0.107935 ape=0.6756
[21:42:59] regretChangePotential 4% (100/2356) regret=0.106206 ape=0.6728
[21:42:59] regretChangePotential 4% (101/2356) regret=0.105422 ape=0.6728
[21:42:59] regretChangePotential 4% (102/2356) regret=0.105359 ape=0.6710
[21:42:59] regretChangePotential 4% (103/2356) regret=0.105611 ape=0.6710
[21:42:59] regretChangePotential 4% (104/2356) regret=0.104800 ape=0.6700
[21:42:59] regretChangePotential 4% (105/2356) regret=0.103682 ape=0.6700
[21:43:00] regretChangePotential 4% (106/2356) regret=0.103682 ape=0.6700
[21:43:00] regretChangePotential 4% (107/2356) regret=0.103037 ape=0.6691
[21:43:00] regretChangePotential 4% (108/2356) regret=0.101724 ape=0.6673
[21:43:00] regretChangePotential 4% (109/2356) regret=0.101790 ape=0.6673
[21:43:00] regretChangePotential 4% (110/2356) regret=0.101873 ape=0.6673
[21:43:00] regretChangePotential 4% (111/2356) regret=0.101734 ape=0.6673
[21:43:01] regretChangePotential 4% (112/2356) regret=0.101827 ape=0.6673
[21:43:01] regretChangePotential 4% (113/2356) regret=0.100859 ape=0.6664
[21:43:01] regretChangePotential 4% (114/2356) regret=0.100086 ape=0.6645
[21:43:01] regretChangePotential 4% (115/2356) regret=0.098602 ape=0.6627
[21:43:01] regretChangePotential 4% (116/2356) regret=0.097562 ape=0.6618
[21:43:01] regretChangePotential 4% (117/2356) regret=0.096811 ape=0.6608
[21:43:02] regretChangePotential 5% (118/2356) regret=0.096811 ape=0.6608
[21:43:02] regretChangePotential 5% (119/2356) regret=0.095995 ape=0.6599
[21:43:02] regretChangePotential 5% (120/2356) regret=0.094766 ape=0.6590
[21:43:02] regretChangePotential 5% (121/2356) regret=0.094370 ape=0.6581
[21:43:02] regretChangePotential 5% (122/2356) regret=0.094110 ape=0.6581
[21:43:02] regretChangePotential 5% (123/2356) regret=0.093869 ape=0.6571
[21:43:03] regretChangePotential 5% (124/2356) regret=0.092919 ape=0.6571
[21:43:03] regretChangePotential 5% (125/2356) regret=0.092422 ape=0.6562
[21:43:03] regretChangePotential 5% (126/2356) regret=0.092494 ape=0.6553
[21:43:03] regretChangePotential 5% (127/2356) regret=0.091463 ape=0.6525
[21:43:03] regretChangePotential 5% (128/2356) regret=0.091454 ape=0.6525
[21:43:03] regretChangePotential 5% (129/2356) regret=0.091306 ape=0.6516
[21:43:03] regretChangePotential 5% (130/2356) regret=0.091306 ape=0.6516
[21:43:04] regretChangePotential 5% (131/2356) regret=0.091421 ape=0.6525
[21:43:04] regretChangePotential 5% (132/2356) regret=0.090278 ape=0.6507
[21:43:04] regretChangePotential 5% (133/2356) regret=0.089795 ape=0.6507
[21:43:04] regretChangePotential 5% (134/2356) regret=0.089539 ape=0.6498
[21:43:04] regretChangePotential 5% (135/2356) regret=0.089459 ape=0.6488
[21:43:04] regretChangePotential 5% (136/2356) regret=0.089804 ape=0.6479
[21:43:05] regretChangePotential 5% (137/2356) regret=0.089150 ape=0.6470
[21:43:05] regretChangePotential 5% (138/2356) regret=0.088864 ape=0.6470
[21:43:05] regretChangePotential 5% (139/2356) regret=0.088485 ape=0.6470
[21:43:05] regretChangePotential 5% (140/2356) regret=0.088559 ape=0.6479
[21:43:05] regretChangePotential 5% (141/2356) regret=0.088409 ape=0.6498
[21:43:05] regretChangePotential 6% (142/2356) regret=0.088244 ape=0.6479
[21:43:06] regretChangePotential 6% (143/2356) regret=0.088290 ape=0.6488
[21:43:06] regretChangePotential 6% (144/2356) regret=0.087885 ape=0.6479
[21:43:06] regretChangePotential 6% (145/2356) regret=0.087221 ape=0.6452
[21:43:06] regretChangePotential 6% (146/2356) regret=0.086215 ape=0.6442
[21:43:06] regretChangePotential 6% (147/2356) regret=0.086471 ape=0.6442
[21:43:06] regretChangePotential 6% (148/2356) regret=0.085984 ape=0.6442
[21:43:07] regretChangePotential 6% (149/2356) regret=0.085984 ape=0.6442
[21:43:07] regretChangePotential 6% (150/2356) regret=0.086001 ape=0.6442
[21:43:07] regretChangePotential 6% (151/2356) regret=0.085918 ape=0.6442
[21:43:07] regretChangePotential 6% (152/2356) regret=0.085959 ape=0.6442
[21:43:07] regretChangePotential 6% (153/2356) regret=0.085563 ape=0.6433
[21:43:07] regretChangePotential 6% (154/2356) regret=0.085566 ape=0.6415
[21:43:08] regretChangePotential 6% (155/2356) regret=0.085612 ape=0.6415
[21:43:08] regretChangePotential 6% (156/2356) regret=0.085589 ape=0.6406
[21:43:08] regretChangePotential 6% (157/2356) regret=0.083617 ape=0.6396
[21:43:08] regretChangePotential 6% (158/2356) regret=0.083617 ape=0.6396
[21:43:08] regretChangePotential 6% (159/2356) regret=0.083220 ape=0.6387
[21:43:08] regretChangePotential 6% (160/2356) regret=0.082961 ape=0.6387
[21:43:09] regretChangePotential 6% (161/2356) regret=0.082734 ape=0.6396
[21:43:09] regretChangePotential 6% (162/2356) regret=0.081138 ape=0.6387
[21:43:09] regretChangePotential 6% (163/2356) regret=0.080612 ape=0.6378
[21:43:09] regretChangePotential 6% (164/2356) regret=0.080756 ape=0.6378
[21:43:09] regretChangePotential 7% (165/2356) regret=0.079844 ape=0.6369
[21:43:09] regretChangePotential 7% (166/2356) regret=0.079855 ape=0.6359
[21:43:10] regretChangePotential 7% (167/2356) regret=0.079534 ape=0.6359
[21:43:10] regretChangePotential 7% (168/2356) regret=0.079663 ape=0.6359
[21:43:10] regretChangePotential 7% (169/2356) regret=0.079501 ape=0.6359
[21:43:10] regretChangePotential 7% (170/2356) regret=0.079566 ape=0.6359
[21:43:10] regretChangePotential 7% (171/2356) regret=0.079494 ape=0.6359
[21:43:10] regretChangePotential 7% (172/2356) regret=0.079183 ape=0.6359
[21:43:11] regretChangePotential 7% (173/2356) regret=0.078855 ape=0.6341
[21:43:11] regretChangePotential 7% (174/2356) regret=0.078518 ape=0.6341
[21:43:11] regretChangePotential 7% (175/2356) regret=0.078125 ape=0.6332
[21:43:11] regretChangePotential 7% (176/2356) regret=0.078116 ape=0.6323
[21:43:11] regretChangePotential 7% (177/2356) regret=0.078000 ape=0.6313
[21:43:11] regretChangePotential 7% (178/2356) regret=0.078165 ape=0.6313
[21:43:12] regretChangePotential 7% (179/2356) regret=0.077867 ape=0.6313
[21:43:12] regretChangePotential 7% (180/2356) regret=0.077755 ape=0.6304
[21:43:12] regretChangePotential 7% (181/2356) regret=0.077594 ape=0.6286
[21:43:12] regretChangePotential 7% (182/2356) regret=0.077175 ape=0.6276
[21:43:12] regretChangePotential 7% (183/2356) regret=0.077059 ape=0.6276
[21:43:12] regretChangePotential 7% (184/2356) regret=0.076913 ape=0.6267
[21:43:13] regretChangePotential 7% (185/2356) regret=0.076586 ape=0.6267
[21:43:13] regretChangePotential 7% (186/2356) regret=0.076577 ape=0.6267
[21:43:13] regretChangePotential 7% (187/2356) regret=0.076176 ape=0.6258
[21:43:13] regretChangePotential 7% (188/2356) regret=0.076176 ape=0.6258
[21:43:13] regretChangePotential 8% (189/2356) regret=0.076176 ape=0.6258
[21:43:13] regretChangePotential 8% (190/2356) regret=0.076176 ape=0.6258
[21:43:14] regretChangePotential 8% (191/2356) regret=0.076176 ape=0.6258
[21:43:14] regretChangePotential 8% (192/2356) regret=0.076176 ape=0.6258
[21:43:14] regretChangePotential 8% (193/2356) regret=0.076176 ape=0.6258
[21:43:14] regretChangePotential 8% (194/2356) regret=0.076141 ape=0.6249
[21:43:14] regretChangePotential 8% (195/2356) regret=0.076141 ape=0.6249
[21:43:14] regretChangePotential 8% (196/2356) regret=0.076141 ape=0.6249
[21:43:14] regretChangePotential 8% (197/2356) regret=0.076141 ape=0.6249
[21:43:15] regretChangePotential 8% (198/2356) regret=0.076141 ape=0.6249
[21:43:15] regretChangePotential 8% (199/2356) regret=0.076141 ape=0.6249
[21:43:15] regretChangePotential 8% (200/2356) regret=0.075966 ape=0.6240
[21:43:15] regretChangePotential 8% (201/2356) regret=0.075952 ape=0.6240
[21:43:15] regretChangePotential 8% (202/2356) regret=0.075952 ape=0.6240
[21:43:15] regretChangePotential 8% (203/2356) regret=0.075952 ape=0.6240
[21:43:16] regretChangePotential 8% (204/2356) regret=0.075952 ape=0.6240
[21:43:16] regretChangePotential 8% (205/2356) regret=0.075952 ape=0.6240
[21:43:16] regretChangePotential 8% (206/2356) regret=0.075952 ape=0.6240
[21:43:16] regretChangePotential 8% (207/2356) regret=0.075952 ape=0.6240
[21:43:16] regretChangePotential 8% (208/2356) regret=0.075915 ape=0.6230
[21:43:16] regretChangePotential 8% (209/2356) regret=0.075915 ape=0.6230
[21:43:17] regretChangePotential 8% (210/2356) regret=0.075915 ape=0.6230
[21:43:17] regretChangePotential 8% (211/2356) regret=0.075915 ape=0.6230
[21:43:17] regretChangePotential 8% (212/2356) regret=0.075915 ape=0.6230
[21:43:17] regretChangePotential 9% (213/2356) regret=0.075915 ape=0.6230
[21:43:17] regretChangePotential 9% (214/2356) regret=0.075915 ape=0.6230
[21:43:17] regretChangePotential 9% (215/2356) regret=0.075261 ape=0.6221
[21:43:18] regretChangePotential 9% (216/2356) regret=0.075261 ape=0.6221
[21:43:18] regretChangePotential 9% (217/2356) regret=0.075261 ape=0.6221
[21:43:18] regretChangePotential 9% (218/2356) regret=0.075261 ape=0.6221
[21:43:18] regretChangePotential 9% (219/2356) regret=0.075274 ape=0.6221
[21:43:18] regretChangePotential 9% (220/2356) regret=0.075274 ape=0.6221
[21:43:18] regretChangePotential 9% (221/2356) regret=0.075274 ape=0.6221
[21:43:18] regretChangePotential 9% (222/2356) regret=0.075274 ape=0.6221
[21:43:19] regretChangePotential 9% (223/2356) regret=0.075118 ape=0.6212
[21:43:19] regretChangePotential 9% (224/2356) regret=0.074777 ape=0.6203
[21:43:19] regretChangePotential 9% (225/2356) regret=0.074080 ape=0.6194
[21:43:19] regretChangePotential 9% (226/2356) regret=0.074077 ape=0.6194
[21:43:19] regretChangePotential 9% (227/2356) regret=0.074077 ape=0.6194
[21:43:19] regretChangePotential 9% (228/2356) regret=0.074077 ape=0.6194
[21:43:20] regretChangePotential 9% (229/2356) regret=0.074077 ape=0.6194
[21:43:20] regretChangePotential 9% (230/2356) regret=0.074077 ape=0.6194
[21:43:20] regretChangePotential 9% (231/2356) regret=0.074077 ape=0.6194
[21:43:20] regretChangePotential 9% (232/2356) regret=0.074077 ape=0.6194
[21:43:20] regretChangePotential 9% (233/2356) regret=0.074077 ape=0.6194
[21:43:20] regretChangePotential 9% (234/2356) regret=0.074007 ape=0.6184
[21:43:21] regretChangePotential 9% (235/2356) regret=0.074007 ape=0.6184
[21:43:21] regretChangePotential 10% (236/2356) regret=0.074007 ape=0.6184
[21:43:21] regretChangePotential 10% (237/2356) regret=0.074007 ape=0.6184
[21:43:21] regretChangePotential 10% (238/2356) regret=0.073869 ape=0.6166
[21:43:21] regretChangePotential 10% (239/2356) regret=0.073869 ape=0.6166
[21:43:21] regretChangePotential 10% (240/2356) regret=0.073869 ape=0.6166
[21:43:22] regretChangePotential 10% (241/2356) regret=0.073842 ape=0.6166
[21:43:22] regretChangePotential 10% (242/2356) regret=0.073842 ape=0.6166
[21:43:22] regretChangePotential 10% (243/2356) regret=0.073805 ape=0.6157
[21:43:22] regretChangePotential 10% (244/2356) regret=0.073805 ape=0.6157
[21:43:22] regretChangePotential 10% (245/2356) regret=0.073805 ape=0.6157
[21:43:22] regretChangePotential 10% (246/2356) regret=0.073805 ape=0.6157
[21:43:23] regretChangePotential 10% (247/2356) regret=0.073805 ape=0.6157
[21:43:23] regretChangePotential 10% (248/2356) regret=0.073805 ape=0.6157
[21:43:23] regretChangePotential 10% (249/2356) regret=0.073805 ape=0.6157
[21:43:23] regretChangePotential 10% (250/2356) regret=0.073805 ape=0.6157
[21:43:23] regretChangePotential 10% (251/2356) regret=0.073731 ape=0.6157
[21:43:23] regretChangePotential 10% (252/2356) regret=0.073731 ape=0.6157
[21:43:23] regretChangePotential 10% (253/2356) regret=0.073731 ape=0.6157
[21:43:24] regretChangePotential 10% (254/2356) regret=0.073731 ape=0.6157
[21:43:24] regretChangePotential 10% (255/2356) regret=0.073731 ape=0.6157
[21:43:24] regretChangePotential 10% (256/2356) regret=0.073731 ape=0.6157
[21:43:24] regretChangePotential 10% (257/2356) regret=0.073763 ape=0.6157
[21:43:24] regretChangePotential 10% (258/2356) regret=0.073640 ape=0.6157
[21:43:24] regretChangePotential 10% (259/2356) regret=0.073640 ape=0.6157
[21:43:25] regretChangePotential 11% (260/2356) regret=0.073695 ape=0.6157
[21:43:25] regretChangePotential 11% (261/2356) regret=0.073695 ape=0.6157
[21:43:25] regretChangePotential 11% (262/2356) regret=0.073713 ape=0.6157
[21:43:25] regretChangePotential 11% (263/2356) regret=0.073435 ape=0.6157
[21:43:25] regretChangePotential 11% (264/2356) regret=0.073390 ape=0.6147
[21:43:25] regretChangePotential 11% (265/2356) regret=0.073285 ape=0.6147
[21:43:26] regretChangePotential 11% (266/2356) regret=0.072769 ape=0.6147
[21:43:26] regretChangePotential 11% (267/2356) regret=0.072548 ape=0.6147
[21:43:26] regretChangePotential 11% (268/2356) regret=0.072055 ape=0.6138
[21:43:26] regretChangePotential 11% (269/2356) regret=0.072055 ape=0.6138
[21:43:26] regretChangePotential 11% (270/2356) regret=0.072003 ape=0.6138
[21:43:26] regretChangePotential 11% (271/2356) regret=0.071857 ape=0.6138
[21:43:27] regretChangePotential 11% (272/2356) regret=0.071243 ape=0.6120
[21:43:27] regretChangePotential 11% (273/2356) regret=0.071187 ape=0.6120
[21:43:27] regretChangePotential 11% (274/2356) regret=0.071058 ape=0.6120
[21:43:27] regretChangePotential 11% (275/2356) regret=0.070432 ape=0.6120
[21:43:27] regretChangePotential 11% (276/2356) regret=0.070128 ape=0.6111
[21:43:27] regretChangePotential 11% (277/2356) regret=0.070075 ape=0.6101
[21:43:28] regretChangePotential 11% (278/2356) regret=0.069919 ape=0.6101
[21:43:28] regretChangePotential 11% (279/2356) regret=0.070389 ape=0.6111
[21:43:28] regretChangePotential 11% (280/2356) regret=0.070115 ape=0.6101
[21:43:28] regretChangePotential 11% (281/2356) regret=0.070115 ape=0.6101
[21:43:28] regretChangePotential 11% (282/2356) regret=0.070115 ape=0.6101
[21:43:28] regretChangePotential 12% (283/2356) regret=0.070244 ape=0.6101
[21:43:29] regretChangePotential 12% (284/2356) regret=0.069758 ape=0.6092
[21:43:29] regretChangePotential 12% (285/2356) regret=0.069818 ape=0.6092
[21:43:29] regretChangePotential 12% (286/2356) regret=0.069615 ape=0.6092
[21:43:29] regretChangePotential 12% (287/2356) regret=0.069615 ape=0.6092
[21:43:29] regretChangePotential 12% (288/2356) regret=0.069675 ape=0.6092
[21:43:29] regretChangePotential 12% (289/2356) regret=0.069758 ape=0.6083
[21:43:30] regretChangePotential 12% (290/2356) regret=0.069755 ape=0.6083
[21:43:30] regretChangePotential 12% (291/2356) regret=0.069872 ape=0.6074
[21:43:30] regretChangePotential 12% (292/2356) regret=0.068927 ape=0.6074
[21:43:30] regretChangePotential 12% (293/2356) regret=0.068927 ape=0.6074
[21:43:30] regretChangePotential 12% (294/2356) regret=0.068522 ape=0.6065
[21:43:30] regretChangePotential 12% (295/2356) regret=0.068614 ape=0.6065
[21:43:31] regretChangePotential 12% (296/2356) regret=0.068062 ape=0.6046
[21:43:31] regretChangePotential 12% (297/2356) regret=0.068062 ape=0.6046
[21:43:31] regretChangePotential 12% (298/2356) regret=0.068035 ape=0.6046
[21:43:31] regretChangePotential 12% (299/2356) regret=0.067338 ape=0.6028
[21:43:31] regretChangePotential 12% (300/2356) regret=0.067693 ape=0.6037
[21:43:31] regretChangePotential 12% (301/2356) regret=0.067737 ape=0.6037
[21:43:32] regretChangePotential 12% (302/2356) regret=0.067720 ape=0.6037
[21:43:32] regretChangePotential 12% (303/2356) regret=0.067470 ape=0.6037
[21:43:32] regretChangePotential 12% (304/2356) regret=0.067686 ape=0.6037
[21:43:32] regretChangePotential 12% (305/2356) regret=0.067588 ape=0.6046
[21:43:32] regretChangePotential 12% (306/2356) regret=0.067164 ape=0.6037
[21:43:32] regretChangePotential 13% (307/2356) regret=0.067405 ape=0.6037
[21:43:32] regretChangePotential 13% (308/2356) regret=0.067444 ape=0.6028
[21:43:33] regretChangePotential 13% (309/2356) regret=0.067400 ape=0.6028
[21:43:33] regretChangePotential 13% (310/2356) regret=0.067391 ape=0.6028
[21:43:33] regretChangePotential 13% (311/2356) regret=0.067443 ape=0.6028
[21:43:33] regretChangePotential 13% (312/2356) regret=0.067598 ape=0.6028
[21:43:33] regretChangePotential 13% (313/2356) regret=0.067161 ape=0.6028
[21:43:33] regretChangePotential 13% (314/2356) regret=0.067022 ape=0.6018
[21:43:34] regretChangePotential 13% (315/2356) regret=0.067041 ape=0.6018
[21:43:34] regretChangePotential 13% (316/2356) regret=0.066967 ape=0.6018
[21:43:34] regretChangePotential 13% (317/2356) regret=0.066515 ape=0.6009
[21:43:34] regretChangePotential 13% (318/2356) regret=0.065790 ape=0.6000
[21:43:34] regretChangePotential 13% (319/2356) regret=0.065500 ape=0.5991
[21:43:34] regretChangePotential 13% (320/2356) regret=0.065500 ape=0.5991
[21:43:35] regretChangePotential 13% (321/2356) regret=0.065371 ape=0.5982
[21:43:35] regretChangePotential 13% (322/2356) regret=0.065251 ape=0.5982
[21:43:35] regretChangePotential 13% (323/2356) regret=0.064942 ape=0.5982
[21:43:35] regretChangePotential 13% (324/2356) regret=0.064204 ape=0.5972
[21:43:35] regretChangePotential 13% (325/2356) regret=0.063970 ape=0.5972
[21:43:35] regretChangePotential 13% (326/2356) regret=0.064205 ape=0.5982
[21:43:36] regretChangePotential 13% (327/2356) regret=0.064012 ape=0.5972
[21:43:36] regretChangePotential 13% (328/2356) regret=0.064060 ape=0.5982
[21:43:36] regretChangePotential 13% (329/2356) regret=0.064060 ape=0.5982
[21:43:36] regretChangePotential 14% (330/2356) regret=0.064060 ape=0.5982
[21:43:36] regretChangePotential 14% (331/2356) regret=0.063815 ape=0.5972
[21:43:36] regretChangePotential 14% (332/2356) regret=0.063723 ape=0.5982
[21:43:36] regretChangePotential 14% (333/2356) regret=0.063719 ape=0.5982
[21:43:37] regretChangePotential 14% (334/2356) regret=0.063797 ape=0.6000
[21:43:37] regretChangePotential 14% (335/2356) regret=0.063232 ape=0.5991
[21:43:37] regretChangePotential 14% (336/2356) regret=0.063198 ape=0.5991
[21:43:37] regretChangePotential 14% (337/2356) regret=0.063244 ape=0.5991
[21:43:37] regretChangePotential 14% (338/2356) regret=0.063198 ape=0.5991
[21:43:37] regretChangePotential 14% (339/2356) regret=0.063410 ape=0.5991
[21:43:38] regretChangePotential 14% (340/2356) regret=0.063410 ape=0.5991
[21:43:38] regretChangePotential 14% (341/2356) regret=0.063436 ape=0.6000
[21:43:38] regretChangePotential 14% (342/2356) regret=0.063372 ape=0.6000
[21:43:38] regretChangePotential 14% (343/2356) regret=0.063397 ape=0.6009
[21:43:38] regretChangePotential 14% (344/2356) regret=0.063397 ape=0.6009
[21:43:38] regretChangePotential 14% (345/2356) regret=0.063389 ape=0.6009
[21:43:39] regretChangePotential 14% (346/2356) regret=0.063389 ape=0.6009
[21:43:39] regretChangePotential 14% (347/2356) regret=0.063278 ape=0.6009
[21:43:39] regretChangePotential 14% (348/2356) regret=0.063407 ape=0.6009
[21:43:39] regretChangePotential 14% (349/2356) regret=0.063988 ape=0.6009
[21:43:39] regretChangePotential 14% (350/2356) regret=0.063361 ape=0.6009
[21:43:39] regretChangePotential 14% (351/2356) regret=0.063357 ape=0.6009
[21:43:40] regretChangePotential 14% (352/2356) regret=0.063043 ape=0.6009
[21:43:40] regretChangePotential 14% (353/2356) regret=0.063043 ape=0.6009
[21:43:40] regretChangePotential 15% (354/2356) regret=0.063043 ape=0.6009
[21:43:40] regretChangePotential 15% (355/2356) regret=0.062629 ape=0.6000
[21:43:40] regretChangePotential 15% (356/2356) regret=0.062629 ape=0.6000
[21:43:40] regretChangePotential 15% (357/2356) regret=0.062629 ape=0.6000
[21:43:40] regretChangePotential 15% (358/2356) regret=0.062629 ape=0.6000
[21:43:41] regretChangePotential 15% (359/2356) regret=0.062629 ape=0.6000
[21:43:41] regretChangePotential 15% (360/2356) regret=0.062629 ape=0.6000
[21:43:41] regretChangePotential 15% (361/2356) regret=0.062652 ape=0.6000
[21:43:41] regretChangePotential 15% (362/2356) regret=0.062348 ape=0.5991
[21:43:41] regretChangePotential 15% (363/2356) regret=0.061797 ape=0.5982
[21:43:41] regretChangePotential 15% (364/2356) regret=0.061797 ape=0.5982
[21:43:42] regretChangePotential 15% (365/2356) regret=0.061797 ape=0.5982
[21:43:42] regretChangePotential 15% (366/2356) regret=0.061843 ape=0.5982
[21:43:42] regretChangePotential 15% (367/2356) regret=0.061843 ape=0.5982
[21:43:42] regretChangePotential 15% (368/2356) regret=0.061831 ape=0.5982
[21:43:42] regretChangePotential 15% (369/2356) regret=0.061676 ape=0.5982
[21:43:42] regretChangePotential 15% (370/2356) regret=0.061818 ape=0.5982
[21:43:43] regretChangePotential 15% (371/2356) regret=0.061565 ape=0.5982
[21:43:43] regretChangePotential 15% (372/2356) regret=0.061528 ape=0.5982
[21:43:43] regretChangePotential 15% (373/2356) regret=0.061556 ape=0.5982
[21:43:43] regretChangePotential 15% (374/2356) regret=0.061556 ape=0.5982
[21:43:43] regretChangePotential 15% (375/2356) regret=0.061556 ape=0.5982
[21:43:43] regretChangePotential 15% (376/2356) regret=0.061574 ape=0.5982
[21:43:44] regretChangePotential 16% (377/2356) regret=0.061560 ape=0.5982
[21:43:44] regretChangePotential 16% (378/2356) regret=0.061560 ape=0.5982
[21:43:44] regretChangePotential 16% (379/2356) regret=0.061560 ape=0.5982
[21:43:44] regretChangePotential 16% (380/2356) regret=0.061805 ape=0.5982
[21:43:44] regretChangePotential 16% (381/2356) regret=0.060998 ape=0.5972
[21:43:44] regretChangePotential 16% (382/2356) regret=0.060851 ape=0.5963
[21:43:45] regretChangePotential 16% (383/2356) regret=0.060605 ape=0.5954
[21:43:45] regretChangePotential 16% (384/2356) regret=0.060605 ape=0.5954
[21:43:45] regretChangePotential 16% (385/2356) regret=0.060494 ape=0.5945
[21:43:45] regretChangePotential 16% (386/2356) regret=0.060147 ape=0.5926
[21:43:45] regretChangePotential 16% (387/2356) regret=0.060123 ape=0.5926
[21:43:45] regretChangePotential 16% (388/2356) regret=0.060123 ape=0.5926
[21:43:45] regretChangePotential 16% (389/2356) regret=0.060095 ape=0.5926
[21:43:46] regretChangePotential 16% (390/2356) regret=0.059828 ape=0.5917
[21:43:46] regretChangePotential 16% (391/2356) regret=0.059920 ape=0.5917
[21:43:46] regretChangePotential 16% (392/2356) regret=0.059431 ape=0.5917
[21:43:46] regretChangePotential 16% (393/2356) regret=0.059721 ape=0.5917
[21:43:46] regretChangePotential 16% (394/2356) regret=0.059643 ape=0.5917
[21:43:46] regretChangePotential 16% (395/2356) regret=0.059504 ape=0.5917
[21:43:47] regretChangePotential 16% (396/2356) regret=0.059504 ape=0.5917
[21:43:47] regretChangePotential 16% (397/2356) regret=0.059030 ape=0.5917
[21:43:47] regretChangePotential 16% (398/2356) regret=0.059085 ape=0.5917
[21:43:47] regretChangePotential 16% (399/2356) regret=0.059085 ape=0.5917
[21:43:47] regretChangePotential 16% (400/2356) regret=0.059085 ape=0.5917
[21:43:48] regretChangePotential 17% (401/2356) regret=0.058987 ape=0.5917
[21:43:48] regretChangePotential 17% (402/2356) regret=0.058987 ape=0.5917
[21:43:48] regretChangePotential 17% (403/2356) regret=0.058987 ape=0.5917
[21:43:48] regretChangePotential 17% (404/2356) regret=0.058555 ape=0.5917
[21:43:48] regretChangePotential 17% (405/2356) regret=0.058457 ape=0.5917
[21:43:49] regretChangePotential 17% (406/2356) regret=0.058457 ape=0.5917
[21:43:49] regretChangePotential 17% (407/2356) regret=0.058411 ape=0.5917
[21:43:49] regretChangePotential 17% (408/2356) regret=0.058457 ape=0.5917
[21:43:49] regretChangePotential 17% (409/2356) regret=0.058696 ape=0.5926
[21:43:49] regretChangePotential 17% (410/2356) regret=0.058106 ape=0.5908
[21:43:50] regretChangePotential 17% (411/2356) regret=0.058117 ape=0.5908
[21:43:50] regretChangePotential 17% (412/2356) regret=0.058055 ape=0.5908
[21:43:50] regretChangePotential 17% (413/2356) regret=0.057901 ape=0.5908
[21:43:50] regretChangePotential 17% (414/2356) regret=0.057901 ape=0.5908
[21:43:51] regretChangePotential 17% (415/2356) regret=0.057901 ape=0.5908
[21:43:51] regretChangePotential 17% (416/2356) regret=0.057873 ape=0.5908
[21:43:51] regretChangePotential 17% (417/2356) regret=0.057578 ape=0.5908
[21:43:51] regretChangePotential 17% (418/2356) regret=0.057615 ape=0.5908
[21:43:51] regretChangePotential 17% (419/2356) regret=0.057454 ape=0.5917
[21:43:52] regretChangePotential 17% (420/2356) regret=0.057454 ape=0.5917
[21:43:52] regretChangePotential 17% (421/2356) regret=0.057702 ape=0.5926
[21:43:52] regretChangePotential 17% (422/2356) regret=0.057066 ape=0.5908
[21:43:52] regretChangePotential 17% (423/2356) regret=0.056477 ape=0.5899
[21:43:53] regretChangePotential 17% (424/2356) regret=0.056274 ape=0.5899
[21:43:53] regretChangePotential 18% (425/2356) regret=0.056412 ape=0.5889
[21:43:53] regretChangePotential 18% (426/2356) regret=0.056483 ape=0.5889
[21:43:53] regretChangePotential 18% (427/2356) regret=0.056339 ape=0.5889
[21:43:53] regretChangePotential 18% (428/2356) regret=0.056511 ape=0.5880
[21:43:54] regretChangePotential 18% (429/2356) regret=0.056574 ape=0.5871
[21:43:54] regretChangePotential 18% (430/2356) regret=0.056798 ape=0.5880
[21:43:54] regretChangePotential 18% (431/2356) regret=0.056798 ape=0.5880
[21:43:54] regretChangePotential 18% (432/2356) regret=0.056872 ape=0.5880
[21:43:54] regretChangePotential 18% (433/2356) regret=0.056949 ape=0.5889
[21:43:55] regretChangePotential 18% (434/2356) regret=0.057250 ape=0.5889
[21:43:55] regretChangePotential 18% (435/2356) regret=0.057237 ape=0.5889
[21:43:55] regretChangePotential 18% (436/2356) regret=0.056734 ape=0.5889
[21:43:55] regretChangePotential 18% (437/2356) regret=0.056705 ape=0.5899
[21:43:56] regretChangePotential 18% (438/2356) regret=0.057430 ape=0.5899
[21:43:56] regretChangePotential 18% (439/2356) regret=0.057329 ape=0.5899
[21:43:56] regretChangePotential 18% (440/2356) regret=0.057328 ape=0.5899
[21:43:56] regretChangePotential 18% (441/2356) regret=0.056646 ape=0.5889
[21:43:56] regretChangePotential 18% (442/2356) regret=0.056646 ape=0.5889
[21:43:57] regretChangePotential 18% (443/2356) regret=0.056646 ape=0.5899
[21:43:57] regretChangePotential 18% (444/2356) regret=0.056600 ape=0.5889
[21:43:57] regretChangePotential 18% (445/2356) regret=0.056575 ape=0.5889
[21:43:57] regretChangePotential 18% (446/2356) regret=0.056575 ape=0.5889
[21:43:58] regretChangePotential 18% (447/2356) regret=0.056575 ape=0.5889
[21:43:58] regretChangePotential 19% (448/2356) regret=0.056957 ape=0.5899
[21:43:58] regretChangePotential 19% (449/2356) regret=0.056650 ape=0.5899
[21:43:58] regretChangePotential 19% (450/2356) regret=0.056278 ape=0.5899
[21:43:58] regretChangePotential 19% (451/2356) regret=0.056294 ape=0.5899
[21:43:58] regretChangePotential 19% (452/2356) regret=0.055885 ape=0.5899
[21:43:59] regretChangePotential 19% (453/2356) regret=0.055885 ape=0.5899
[21:43:59] regretChangePotential 19% (454/2356) regret=0.055835 ape=0.5899
[21:43:59] regretChangePotential 19% (455/2356) regret=0.055485 ape=0.5880
[21:43:59] regretChangePotential 19% (456/2356) regret=0.055480 ape=0.5880
[21:44:00] regretChangePotential 19% (457/2356) regret=0.055485 ape=0.5880
[21:44:00] regretChangePotential 19% (458/2356) regret=0.055480 ape=0.5880
[21:44:00] regretChangePotential 19% (459/2356) regret=0.055480 ape=0.5880
[21:44:00] regretChangePotential 19% (460/2356) regret=0.055471 ape=0.5880
[21:44:00] regretChangePotential 19% (461/2356) regret=0.055458 ape=0.5889
[21:44:01] regretChangePotential 19% (462/2356) regret=0.055458 ape=0.5889
[21:44:01] regretChangePotential 19% (463/2356) regret=0.055458 ape=0.5889
[21:44:01] regretChangePotential 19% (464/2356) regret=0.055458 ape=0.5889
[21:44:01] regretChangePotential 19% (465/2356) regret=0.055458 ape=0.5889
[21:44:01] regretChangePotential 19% (466/2356) regret=0.055458 ape=0.5889
[21:44:02] regretChangePotential 19% (467/2356) regret=0.055407 ape=0.5889
[21:44:02] regretChangePotential 19% (468/2356) regret=0.055421 ape=0.5889
[21:44:02] regretChangePotential 19% (469/2356) regret=0.055421 ape=0.5889
[21:44:02] regretChangePotential 19% (470/2356) regret=0.055421 ape=0.5889
[21:44:02] regretChangePotential 19% (471/2356) regret=0.055421 ape=0.5889
[21:44:03] regretChangePotential 20% (472/2356) regret=0.055421 ape=0.5889
[21:44:03] regretChangePotential 20% (473/2356) regret=0.055421 ape=0.5889
[21:44:03] regretChangePotential 20% (474/2356) regret=0.055421 ape=0.5889
[21:44:03] regretChangePotential 20% (475/2356) regret=0.055421 ape=0.5889
[21:44:03] regretChangePotential 20% (476/2356) regret=0.055421 ape=0.5889
[21:44:03] regretChangePotential 20% (477/2356) regret=0.055421 ape=0.5889
[21:44:04] regretChangePotential 20% (478/2356) regret=0.055197 ape=0.5880
[21:44:04] regretChangePotential 20% (479/2356) regret=0.054750 ape=0.5880
[21:44:04] regretChangePotential 20% (480/2356) regret=0.054750 ape=0.5880
[21:44:04] regretChangePotential 20% (481/2356) regret=0.054750 ape=0.5880
[21:44:04] regretChangePotential 20% (482/2356) regret=0.054750 ape=0.5880
[21:44:05] regretChangePotential 20% (483/2356) regret=0.054750 ape=0.5880
[21:44:05] regretChangePotential 20% (484/2356) regret=0.054750 ape=0.5880
[21:44:05] regretChangePotential 20% (485/2356) regret=0.054750 ape=0.5880
[21:44:05] regretChangePotential 20% (486/2356) regret=0.054698 ape=0.5871
[21:44:05] regretChangePotential 20% (487/2356) regret=0.054698 ape=0.5871
[21:44:06] regretChangePotential 20% (488/2356) regret=0.054698 ape=0.5871
[21:44:06] regretChangePotential 20% (489/2356) regret=0.054698 ape=0.5871
[21:44:06] regretChangePotential 20% (490/2356) regret=0.054698 ape=0.5871
[21:44:06] regretChangePotential 20% (491/2356) regret=0.054698 ape=0.5871
[21:44:06] regretChangePotential 20% (492/2356) regret=0.054698 ape=0.5871
[21:44:06] regretChangePotential 20% (493/2356) regret=0.054698 ape=0.5871
[21:44:07] regretChangePotential 20% (494/2356) regret=0.054698 ape=0.5871
[21:44:07] regretChangePotential 21% (495/2356) regret=0.054698 ape=0.5871
[21:44:07] regretChangePotential 21% (496/2356) regret=0.054698 ape=0.5871
[21:44:07] regretChangePotential 21% (497/2356) regret=0.054698 ape=0.5871
[21:44:07] regretChangePotential 21% (498/2356) regret=0.054698 ape=0.5871
[21:44:08] regretChangePotential 21% (499/2356) regret=0.054698 ape=0.5871
[21:44:08] regretChangePotential 21% (500/2356) regret=0.054698 ape=0.5871
[21:44:08] regretChangePotential 21% (501/2356) regret=0.054698 ape=0.5871
[21:44:08] regretChangePotential 21% (502/2356) regret=0.054633 ape=0.5862
[21:44:08] regretChangePotential 21% (503/2356) regret=0.054633 ape=0.5862
[21:44:08] regretChangePotential 21% (504/2356) regret=0.054633 ape=0.5862
[21:44:09] regretChangePotential 21% (505/2356) regret=0.054633 ape=0.5862
[21:44:09] regretChangePotential 21% (506/2356) regret=0.054633 ape=0.5862
[21:44:09] regretChangePotential 21% (507/2356) regret=0.054633 ape=0.5862
[21:44:09] regretChangePotential 21% (508/2356) regret=0.054633 ape=0.5862
[21:44:09] regretChangePotential 21% (509/2356) regret=0.054633 ape=0.5862
[21:44:10] regretChangePotential 21% (510/2356) regret=0.054633 ape=0.5862
[21:44:10] regretChangePotential 21% (511/2356) regret=0.054633 ape=0.5862
[21:44:10] regretChangePotential 21% (512/2356) regret=0.054633 ape=0.5862
[21:44:10] regretChangePotential 21% (513/2356) regret=0.054633 ape=0.5862
[21:44:10] regretChangePotential 21% (514/2356) regret=0.054633 ape=0.5862
[21:44:10] regretChangePotential 21% (515/2356) regret=0.054633 ape=0.5862
[21:44:11] regretChangePotential 21% (516/2356) regret=0.054633 ape=0.5862
[21:44:11] regretChangePotential 21% (517/2356) regret=0.054633 ape=0.5862
[21:44:11] regretChangePotential 21% (518/2356) regret=0.054633 ape=0.5862
[21:44:11] regretChangePotential 22% (519/2356) regret=0.054477 ape=0.5853
[21:44:11] regretChangePotential 22% (520/2356) regret=0.054274 ape=0.5843
[21:44:11] regretChangePotential 22% (521/2356) regret=0.053868 ape=0.5834
[21:44:12] regretChangePotential 22% (522/2356) regret=0.053776 ape=0.5834
[21:44:12] regretChangePotential 22% (523/2356) regret=0.053776 ape=0.5834
[21:44:12] regretChangePotential 22% (524/2356) regret=0.053776 ape=0.5834
[21:44:12] regretChangePotential 22% (525/2356) regret=0.053776 ape=0.5834
[21:44:12] regretChangePotential 22% (526/2356) regret=0.053776 ape=0.5834
[21:44:13] regretChangePotential 22% (527/2356) regret=0.053776 ape=0.5834
[21:44:13] regretChangePotential 22% (528/2356) regret=0.053776 ape=0.5834
[21:44:13] regretChangePotential 22% (529/2356) regret=0.053407 ape=0.5825
[21:44:13] regretChangePotential 22% (530/2356) regret=0.053349 ape=0.5816
[21:44:13] regretChangePotential 22% (531/2356) regret=0.053399 ape=0.5816
[21:44:13] regretChangePotential 22% (532/2356) regret=0.053344 ape=0.5806
[21:44:14] regretChangePotential 22% (533/2356) regret=0.053346 ape=0.5806
[21:44:14] regretChangePotential 22% (534/2356) regret=0.053346 ape=0.5806
[21:44:14] regretChangePotential 22% (535/2356) regret=0.053346 ape=0.5806
[21:44:14] regretChangePotential 22% (536/2356) regret=0.053244 ape=0.5806
[21:44:14] regretChangePotential 22% (537/2356) regret=0.052839 ape=0.5806
[21:44:15] regretChangePotential 22% (538/2356) regret=0.052802 ape=0.5806
[21:44:15] regretChangePotential 22% (539/2356) regret=0.052769 ape=0.5797
[21:44:15] regretChangePotential 22% (540/2356) regret=0.052613 ape=0.5788
[21:44:15] regretChangePotential 22% (541/2356) regret=0.053038 ape=0.5788
[21:44:15] regretChangePotential 23% (542/2356) regret=0.052272 ape=0.5779
[21:44:16] regretChangePotential 23% (543/2356) regret=0.052364 ape=0.5788
[21:44:16] regretChangePotential 23% (544/2356) regret=0.052302 ape=0.5788
[21:44:16] regretChangePotential 23% (545/2356) regret=0.052269 ape=0.5779
[21:44:16] regretChangePotential 23% (546/2356) regret=0.052380 ape=0.5788
[21:44:16] regretChangePotential 23% (547/2356) regret=0.052657 ape=0.5779
[21:44:17] regretChangePotential 23% (548/2356) regret=0.052223 ape=0.5779
[21:44:17] regretChangePotential 23% (549/2356) regret=0.052074 ape=0.5770
[21:44:17] regretChangePotential 23% (550/2356) regret=0.052230 ape=0.5788
[21:44:17] regretChangePotential 23% (551/2356) regret=0.052258 ape=0.5788
[21:44:17] regretChangePotential 23% (552/2356) regret=0.052304 ape=0.5788
[21:44:18] regretChangePotential 23% (553/2356) regret=0.052405 ape=0.5797
[21:44:18] regretChangePotential 23% (554/2356) regret=0.052350 ape=0.5788
[21:44:18] regretChangePotential 23% (555/2356) regret=0.052350 ape=0.5788
[21:44:18] regretChangePotential 23% (556/2356) regret=0.051728 ape=0.5779
[21:44:18] regretChangePotential 23% (557/2356) regret=0.051493 ape=0.5770
[21:44:18] regretChangePotential 23% (558/2356) regret=0.051005 ape=0.5770
[21:44:19] regretChangePotential 23% (559/2356) regret=0.051005 ape=0.5770
[21:44:19] regretChangePotential 23% (560/2356) regret=0.051091 ape=0.5770
[21:44:19] regretChangePotential 23% (561/2356) regret=0.051091 ape=0.5770
[21:44:19] regretChangePotential 23% (562/2356) regret=0.050910 ape=0.5760
[21:44:19] regretChangePotential 23% (563/2356) regret=0.050940 ape=0.5760
[21:44:20] regretChangePotential 23% (564/2356) regret=0.051185 ape=0.5770
[21:44:20] regretChangePotential 23% (565/2356) regret=0.051159 ape=0.5770
[21:44:20] regretChangePotential 24% (566/2356) regret=0.051514 ape=0.5770
[21:44:20] regretChangePotential 24% (567/2356) regret=0.051185 ape=0.5770
[21:44:20] regretChangePotential 24% (568/2356) regret=0.051286 ape=0.5779
[21:44:21] regretChangePotential 24% (569/2356) regret=0.051028 ape=0.5770
[21:44:21] regretChangePotential 24% (570/2356) regret=0.050991 ape=0.5760
[21:44:21] regretChangePotential 24% (571/2356) regret=0.051141 ape=0.5760
[21:44:21] regretChangePotential 24% (572/2356) regret=0.051187 ape=0.5760
[21:44:21] regretChangePotential 24% (573/2356) regret=0.051187 ape=0.5760
[21:44:22] regretChangePotential 24% (574/2356) regret=0.050984 ape=0.5751
[21:44:22] regretChangePotential 24% (575/2356) regret=0.051214 ape=0.5751
[21:44:22] regretChangePotential 24% (576/2356) regret=0.050794 ape=0.5751
[21:44:22] regretChangePotential 24% (577/2356) regret=0.050717 ape=0.5751
[21:44:22] regretChangePotential 24% (578/2356) regret=0.050717 ape=0.5751
[21:44:22] regretChangePotential 24% (579/2356) regret=0.050717 ape=0.5751
[21:44:23] regretChangePotential 24% (580/2356) regret=0.050708 ape=0.5751
[21:44:23] regretChangePotential 24% (581/2356) regret=0.050708 ape=0.5751
[21:44:23] regretChangePotential 24% (582/2356) regret=0.051233 ape=0.5751
[21:44:23] regretChangePotential 24% (583/2356) regret=0.050616 ape=0.5742
[21:44:23] regretChangePotential 24% (584/2356) regret=0.050584 ape=0.5742
[21:44:24] regretChangePotential 24% (585/2356) regret=0.050584 ape=0.5742
[21:44:24] regretChangePotential 24% (586/2356) regret=0.050584 ape=0.5742
[21:44:24] regretChangePotential 24% (587/2356) regret=0.050584 ape=0.5742
[21:44:24] regretChangePotential 24% (588/2356) regret=0.050584 ape=0.5742
[21:44:24] regretChangePotential 25% (589/2356) regret=0.050584 ape=0.5742
[21:44:25] regretChangePotential 25% (590/2356) regret=0.050584 ape=0.5742
[21:44:25] regretChangePotential 25% (591/2356) regret=0.050584 ape=0.5742
[21:44:25] regretChangePotential 25% (592/2356) regret=0.050584 ape=0.5742
[21:44:25] regretChangePotential 25% (593/2356) regret=0.050584 ape=0.5742
[21:44:25] regretChangePotential 25% (594/2356) regret=0.050584 ape=0.5742
[21:44:25] regretChangePotential 25% (595/2356) regret=0.050584 ape=0.5742
[21:44:26] regretChangePotential 25% (596/2356) regret=0.050584 ape=0.5742
[21:44:26] regretChangePotential 25% (597/2356) regret=0.050584 ape=0.5742
[21:44:26] regretChangePotential 25% (598/2356) regret=0.050584 ape=0.5742
[21:44:26] regretChangePotential 25% (599/2356) regret=0.050584 ape=0.5742
[21:44:26] regretChangePotential 25% (600/2356) regret=0.050584 ape=0.5742
[21:44:27] regretChangePotential 25% (601/2356) regret=0.050584 ape=0.5742
[21:44:27] regretChangePotential 25% (602/2356) regret=0.050584 ape=0.5742
[21:44:27] regretChangePotential 25% (603/2356) regret=0.050584 ape=0.5742
[21:44:27] regretChangePotential 25% (604/2356) regret=0.050584 ape=0.5742
[21:44:27] regretChangePotential 25% (605/2356) regret=0.050584 ape=0.5742
[21:44:28] regretChangePotential 25% (606/2356) regret=0.050584 ape=0.5742
[21:44:28] regretChangePotential 25% (607/2356) regret=0.050584 ape=0.5742
[21:44:28] regretChangePotential 25% (608/2356) regret=0.050584 ape=0.5742
[21:44:28] regretChangePotential 25% (609/2356) regret=0.050584 ape=0.5742
[21:44:28] regretChangePotential 25% (610/2356) regret=0.050656 ape=0.5742
[21:44:28] regretChangePotential 25% (611/2356) regret=0.050802 ape=0.5751
[21:44:29] regretChangePotential 25% (612/2356) regret=0.050774 ape=0.5751
[21:44:29] regretChangePotential 26% (613/2356) regret=0.050528 ape=0.5751
[21:44:29] regretChangePotential 26% (614/2356) regret=0.050492 ape=0.5751
[21:44:29] regretChangePotential 26% (615/2356) regret=0.050193 ape=0.5742
[21:44:29] regretChangePotential 26% (616/2356) regret=0.050031 ape=0.5742
[21:44:30] regretChangePotential 26% (617/2356) regret=0.050154 ape=0.5742
[21:44:30] regretChangePotential 26% (618/2356) regret=0.049976 ape=0.5733
[21:44:30] regretChangePotential 26% (619/2356) regret=0.050122 ape=0.5724
[21:44:30] regretChangePotential 26% (620/2356) regret=0.050031 ape=0.5724
[21:44:30] regretChangePotential 26% (621/2356) regret=0.050056 ape=0.5724
[21:44:31] regretChangePotential 26% (622/2356) regret=0.050056 ape=0.5724
[21:44:31] regretChangePotential 26% (623/2356) regret=0.050056 ape=0.5724
[21:44:31] regretChangePotential 26% (624/2356) regret=0.050056 ape=0.5724
[21:44:31] regretChangePotential 26% (625/2356) regret=0.050097 ape=0.5724
[21:44:31] regretChangePotential 26% (626/2356) regret=0.050130 ape=0.5733
[21:44:31] regretChangePotential 26% (627/2356) regret=0.050130 ape=0.5733
[21:44:32] regretChangePotential 26% (628/2356) regret=0.050130 ape=0.5733
[21:44:32] regretChangePotential 26% (629/2356) regret=0.050130 ape=0.5733
[21:44:32] regretChangePotential 26% (630/2356) regret=0.050130 ape=0.5733
[21:44:32] regretChangePotential 26% (631/2356) regret=0.050130 ape=0.5733
[21:44:32] regretChangePotential 26% (632/2356) regret=0.050168 ape=0.5733
[21:44:33] regretChangePotential 26% (633/2356) regret=0.050112 ape=0.5733
[21:44:33] regretChangePotential 26% (634/2356) regret=0.050173 ape=0.5742
[21:44:33] regretChangePotential 26% (635/2356) regret=0.049883 ape=0.5724
[21:44:33] regretChangePotential 26% (636/2356) regret=0.050067 ape=0.5733
[21:44:33] regretChangePotential 27% (637/2356) regret=0.050067 ape=0.5733
[21:44:34] regretChangePotential 27% (638/2356) regret=0.050067 ape=0.5733
[21:44:34] regretChangePotential 27% (639/2356) regret=0.050067 ape=0.5733
[21:44:34] regretChangePotential 27% (640/2356) regret=0.049846 ape=0.5733
[21:44:34] regretChangePotential 27% (641/2356) regret=0.049846 ape=0.5733
[21:44:34] regretChangePotential 27% (642/2356) regret=0.049846 ape=0.5733
[21:44:34] regretChangePotential 27% (643/2356) regret=0.049846 ape=0.5733
[21:44:35] regretChangePotential 27% (644/2356) regret=0.049846 ape=0.5733
[21:44:35] regretChangePotential 27% (645/2356) regret=0.049846 ape=0.5733
[21:44:35] regretChangePotential 27% (646/2356) regret=0.049846 ape=0.5733
[21:44:35] regretChangePotential 27% (647/2356) regret=0.050574 ape=0.5733
[21:44:35] regretChangePotential 27% (648/2356) regret=0.050574 ape=0.5733
[21:44:36] regretChangePotential 27% (649/2356) regret=0.050548 ape=0.5724
[21:44:36] regretChangePotential 27% (650/2356) regret=0.050548 ape=0.5724
[21:44:36] regretChangePotential 27% (651/2356) regret=0.050452 ape=0.5724
[21:44:36] regretChangePotential 27% (652/2356) regret=0.050441 ape=0.5724
[21:44:36] regretChangePotential 27% (653/2356) regret=0.050441 ape=0.5724
[21:44:36] regretChangePotential 27% (654/2356) regret=0.050441 ape=0.5724
[21:44:37] regretChangePotential 27% (655/2356) regret=0.050441 ape=0.5724
[21:44:37] regretChangePotential 27% (656/2356) regret=0.050441 ape=0.5724
[21:44:37] regretChangePotential 27% (657/2356) regret=0.050441 ape=0.5724
[21:44:37] regretChangePotential 27% (658/2356) regret=0.050441 ape=0.5724
[21:44:37] regretChangePotential 27% (659/2356) regret=0.050441 ape=0.5724
[21:44:38] regretChangePotential 28% (660/2356) regret=0.050441 ape=0.5724
[21:44:38] regretChangePotential 28% (661/2356) regret=0.050441 ape=0.5724
[21:44:38] regretChangePotential 28% (662/2356) regret=0.050441 ape=0.5724
[21:44:38] regretChangePotential 28% (663/2356) regret=0.050441 ape=0.5724
[21:44:38] regretChangePotential 28% (664/2356) regret=0.050441 ape=0.5724
[21:44:38] regretChangePotential 28% (665/2356) regret=0.049879 ape=0.5714
[21:44:39] regretChangePotential 28% (666/2356) regret=0.049879 ape=0.5714
[21:44:39] regretChangePotential 28% (667/2356) regret=0.049879 ape=0.5714
[21:44:39] regretChangePotential 28% (668/2356) regret=0.049953 ape=0.5714
[21:44:39] regretChangePotential 28% (669/2356) regret=0.049953 ape=0.5714
[21:44:39] regretChangePotential 28% (670/2356) regret=0.049953 ape=0.5714
[21:44:40] regretChangePotential 28% (671/2356) regret=0.049778 ape=0.5714
[21:44:40] regretChangePotential 28% (672/2356) regret=0.049778 ape=0.5714
[21:44:40] regretChangePotential 28% (673/2356) regret=0.049778 ape=0.5714
[21:44:40] regretChangePotential 28% (674/2356) regret=0.049778 ape=0.5714
[21:44:40] regretChangePotential 28% (675/2356) regret=0.049714 ape=0.5705
[21:44:40] regretChangePotential 28% (676/2356) regret=0.049714 ape=0.5705
[21:44:41] regretChangePotential 28% (677/2356) regret=0.049714 ape=0.5705
[21:44:41] regretChangePotential 28% (678/2356) regret=0.049714 ape=0.5705
[21:44:41] regretChangePotential 28% (679/2356) regret=0.049714 ape=0.5705
[21:44:41] regretChangePotential 28% (680/2356) regret=0.049714 ape=0.5705
[21:44:41] regretChangePotential 28% (681/2356) regret=0.049714 ape=0.5705
[21:44:42] regretChangePotential 28% (682/2356) regret=0.049714 ape=0.5705
[21:44:42] regretChangePotential 28% (683/2356) regret=0.049714 ape=0.5705
[21:44:42] regretChangePotential 29% (684/2356) regret=0.049714 ape=0.5705
[21:44:42] regretChangePotential 29% (685/2356) regret=0.049507 ape=0.5696
[21:44:42] regretChangePotential 29% (686/2356) regret=0.049479 ape=0.5696
[21:44:42] regretChangePotential 29% (687/2356) regret=0.049479 ape=0.5696
[21:44:43] regretChangePotential 29% (688/2356) regret=0.049479 ape=0.5696
[21:44:43] regretChangePotential 29% (689/2356) regret=0.049479 ape=0.5696
[21:44:43] regretChangePotential 29% (690/2356) regret=0.049479 ape=0.5696
[21:44:43] regretChangePotential 29% (691/2356) regret=0.049479 ape=0.5696
[21:44:43] regretChangePotential 29% (692/2356) regret=0.049479 ape=0.5696
[21:44:44] regretChangePotential 29% (693/2356) regret=0.049479 ape=0.5696
[21:44:44] regretChangePotential 29% (694/2356) regret=0.049448 ape=0.5687
[21:44:44] regretChangePotential 29% (695/2356) regret=0.049448 ape=0.5687
[21:44:44] regretChangePotential 29% (696/2356) regret=0.048734 ape=0.5687
[21:44:44] regretChangePotential 29% (697/2356) regret=0.048734 ape=0.5687
[21:44:44] regretChangePotential 29% (698/2356) regret=0.048734 ape=0.5687
[21:44:45] regretChangePotential 29% (699/2356) regret=0.048734 ape=0.5687
[21:44:45] regretChangePotential 29% (700/2356) regret=0.048467 ape=0.5687
[21:44:45] regretChangePotential 29% (701/2356) regret=0.048467 ape=0.5687
[21:44:45] regretChangePotential 29% (702/2356) regret=0.048411 ape=0.5677
[21:44:45] regretChangePotential 29% (703/2356) regret=0.048204 ape=0.5668
[21:44:46] regretChangePotential 29% (704/2356) regret=0.048204 ape=0.5668
[21:44:46] regretChangePotential 29% (705/2356) regret=0.048204 ape=0.5668
[21:44:46] regretChangePotential 29% (706/2356) regret=0.048135 ape=0.5659
[21:44:46] regretChangePotential 30% (707/2356) regret=0.048080 ape=0.5650
[21:44:46] regretChangePotential 30% (708/2356) regret=0.048080 ape=0.5650
[21:44:47] regretChangePotential 30% (709/2356) regret=0.048126 ape=0.5659
[21:44:47] regretChangePotential 30% (710/2356) regret=0.047951 ape=0.5650
[21:44:47] regretChangePotential 30% (711/2356) regret=0.047951 ape=0.5650
[21:44:47] regretChangePotential 30% (712/2356) regret=0.047951 ape=0.5650
[21:44:47] regretChangePotential 30% (713/2356) regret=0.047951 ape=0.5650
[21:44:47] regretChangePotential 30% (714/2356) regret=0.048117 ape=0.5659
[21:44:48] regretChangePotential 30% (715/2356) regret=0.048117 ape=0.5659
[21:44:48] regretChangePotential 30% (716/2356) regret=0.048117 ape=0.5659
[21:44:48] regretChangePotential 30% (717/2356) regret=0.048117 ape=0.5659
[21:44:48] regretChangePotential 30% (718/2356) regret=0.047697 ape=0.5650
[21:44:48] regretChangePotential 30% (719/2356) regret=0.046988 ape=0.5641
[21:44:49] regretChangePotential 30% (720/2356) regret=0.046988 ape=0.5641
[21:44:49] regretChangePotential 30% (721/2356) regret=0.046988 ape=0.5641
[21:44:49] regretChangePotential 30% (722/2356) regret=0.046969 ape=0.5641
[21:44:49] regretChangePotential 30% (723/2356) regret=0.046969 ape=0.5641
[21:44:49] regretChangePotential 30% (724/2356) regret=0.046969 ape=0.5641
[21:44:50] regretChangePotential 30% (725/2356) regret=0.046946 ape=0.5631
[21:44:50] regretChangePotential 30% (726/2356) regret=0.046946 ape=0.5631
[21:44:50] regretChangePotential 30% (727/2356) regret=0.046946 ape=0.5631
[21:44:50] regretChangePotential 30% (728/2356) regret=0.046978 ape=0.5631
[21:44:51] regretChangePotential 30% (729/2356) regret=0.046978 ape=0.5631
[21:44:51] regretChangePotential 30% (730/2356) regret=0.046978 ape=0.5631
[21:44:51] regretChangePotential 31% (731/2356) regret=0.046905 ape=0.5631
[21:44:51] regretChangePotential 31% (732/2356) regret=0.046983 ape=0.5631
[21:44:51] regretChangePotential 31% (733/2356) regret=0.046983 ape=0.5631
[21:44:51] regretChangePotential 31% (734/2356) regret=0.046983 ape=0.5631
[21:44:52] regretChangePotential 31% (735/2356) regret=0.046983 ape=0.5631
[21:44:52] regretChangePotential 31% (736/2356) regret=0.046983 ape=0.5631
[21:44:52] regretChangePotential 31% (737/2356) regret=0.046983 ape=0.5631
[21:44:52] regretChangePotential 31% (738/2356) regret=0.046983 ape=0.5631
[21:44:52] regretChangePotential 31% (739/2356) regret=0.047117 ape=0.5631
[21:44:53] regretChangePotential 31% (740/2356) regret=0.047024 ape=0.5631
[21:44:53] regretChangePotential 31% (741/2356) regret=0.046969 ape=0.5631
[21:44:53] regretChangePotential 31% (742/2356) regret=0.046969 ape=0.5631
[21:44:53] regretChangePotential 31% (743/2356) regret=0.046969 ape=0.5631
[21:44:53] regretChangePotential 31% (744/2356) regret=0.046969 ape=0.5631
[21:44:53] regretChangePotential 31% (745/2356) regret=0.046739 ape=0.5622
[21:44:54] regretChangePotential 31% (746/2356) regret=0.046752 ape=0.5622
[21:44:54] regretChangePotential 31% (747/2356) regret=0.046752 ape=0.5622
[21:44:54] regretChangePotential 31% (748/2356) regret=0.046733 ape=0.5622
[21:44:54] regretChangePotential 31% (749/2356) regret=0.046733 ape=0.5622
[21:44:54] regretChangePotential 31% (750/2356) regret=0.046364 ape=0.5613
[21:44:55] regretChangePotential 31% (751/2356) regret=0.046524 ape=0.5622
[21:44:55] regretChangePotential 31% (752/2356) regret=0.046524 ape=0.5622
[21:44:55] regretChangePotential 31% (753/2356) regret=0.046851 ape=0.5622
[21:44:55] regretChangePotential 32% (754/2356) regret=0.046906 ape=0.5631
[21:44:55] regretChangePotential 32% (755/2356) regret=0.046519 ape=0.5622
[21:44:56] regretChangePotential 32% (756/2356) regret=0.046524 ape=0.5622
[21:44:56] regretChangePotential 32% (757/2356) regret=0.046413 ape=0.5622
[21:44:56] regretChangePotential 32% (758/2356) regret=0.046413 ape=0.5622
[21:44:56] regretChangePotential 32% (759/2356) regret=0.046330 ape=0.5613
[21:44:56] regretChangePotential 32% (760/2356) regret=0.046330 ape=0.5613
[21:44:57] regretChangePotential 32% (761/2356) regret=0.046367 ape=0.5613
[21:44:57] regretChangePotential 32% (762/2356) regret=0.046275 ape=0.5613
[21:44:57] regretChangePotential 32% (763/2356) regret=0.046275 ape=0.5613
[21:44:57] regretChangePotential 32% (764/2356) regret=0.046302 ape=0.5604
[21:44:57] regretChangePotential 32% (765/2356) regret=0.046302 ape=0.5604
[21:44:57] regretChangePotential 32% (766/2356) regret=0.046302 ape=0.5604
[21:44:58] regretChangePotential 32% (767/2356) regret=0.046302 ape=0.5604
[21:44:58] regretChangePotential 32% (768/2356) regret=0.046302 ape=0.5604
[21:44:58] regretChangePotential 32% (769/2356) regret=0.045812 ape=0.5604
[21:44:58] regretChangePotential 32% (770/2356) regret=0.046056 ape=0.5604
[21:44:58] regretChangePotential 32% (771/2356) regret=0.046056 ape=0.5604
[21:44:59] regretChangePotential 32% (772/2356) regret=0.045967 ape=0.5594
[21:44:59] regretChangePotential 32% (773/2356) regret=0.045967 ape=0.5594
[21:44:59] regretChangePotential 32% (774/2356) regret=0.045923 ape=0.5604
[21:44:59] regretChangePotential 32% (775/2356) regret=0.045766 ape=0.5594
[21:44:59] regretChangePotential 32% (776/2356) regret=0.045805 ape=0.5594
[21:45:00] regretChangePotential 32% (777/2356) regret=0.045805 ape=0.5594
[21:45:00] regretChangePotential 33% (778/2356) regret=0.045805 ape=0.5594
[21:45:00] regretChangePotential 33% (779/2356) regret=0.045478 ape=0.5585
[21:45:00] regretChangePotential 33% (780/2356) regret=0.045727 ape=0.5594
[21:45:00] regretChangePotential 33% (781/2356) regret=0.045727 ape=0.5594
[21:45:00] regretChangePotential 33% (782/2356) regret=0.045586 ape=0.5594
[21:45:01] regretChangePotential 33% (783/2356) regret=0.045749 ape=0.5594
[21:45:01] regretChangePotential 33% (784/2356) regret=0.045749 ape=0.5594
[21:45:01] regretChangePotential 33% (785/2356) regret=0.045749 ape=0.5594
[21:45:01] regretChangePotential 33% (786/2356) regret=0.045749 ape=0.5594
[21:45:01] regretChangePotential 33% (787/2356) regret=0.045658 ape=0.5576
[21:45:02] regretChangePotential 33% (788/2356) regret=0.045593 ape=0.5567
[21:45:02] regretChangePotential 33% (789/2356) regret=0.045593 ape=0.5567
[21:45:02] regretChangePotential 33% (790/2356) regret=0.046011 ape=0.5576
[21:45:02] regretChangePotential 33% (791/2356) regret=0.045606 ape=0.5567
[21:45:02] regretChangePotential 33% (792/2356) regret=0.045548 ape=0.5558
[21:45:03] regretChangePotential 33% (793/2356) regret=0.045548 ape=0.5558
[21:45:03] regretChangePotential 33% (794/2356) regret=0.045502 ape=0.5548
[21:45:03] regretChangePotential 33% (795/2356) regret=0.045643 ape=0.5567
[21:45:03] regretChangePotential 33% (796/2356) regret=0.045402 ape=0.5548
[21:45:03] regretChangePotential 33% (797/2356) regret=0.045218 ape=0.5539
[21:45:03] regretChangePotential 33% (798/2356) regret=0.045292 ape=0.5548
[21:45:04] regretChangePotential 33% (799/2356) regret=0.045261 ape=0.5548
[21:45:04] regretChangePotential 33% (800/2356) regret=0.045341 ape=0.5548
[21:45:04] regretChangePotential 33% (801/2356) regret=0.045296 ape=0.5548
[21:45:04] regretChangePotential 34% (802/2356) regret=0.045268 ape=0.5539
[21:45:04] regretChangePotential 34% (803/2356) regret=0.045259 ape=0.5539
[21:45:05] regretChangePotential 34% (804/2356) regret=0.045204 ape=0.5530
[21:45:05] regretChangePotential 34% (805/2356) regret=0.045038 ape=0.5530
[21:45:05] regretChangePotential 34% (806/2356) regret=0.045050 ape=0.5530
[21:45:05] regretChangePotential 34% (807/2356) regret=0.045050 ape=0.5530
[21:45:05] regretChangePotential 34% (808/2356) regret=0.045050 ape=0.5530
[21:45:06] regretChangePotential 34% (809/2356) regret=0.045022 ape=0.5530
[21:45:06] regretChangePotential 34% (810/2356) regret=0.045003 ape=0.5530
[21:45:06] regretChangePotential 34% (811/2356) regret=0.044902 ape=0.5521
[21:45:06] regretChangePotential 34% (812/2356) regret=0.044902 ape=0.5521
[21:45:06] regretChangePotential 34% (813/2356) regret=0.044980 ape=0.5521
[21:45:06] regretChangePotential 34% (814/2356) regret=0.044902 ape=0.5521
[21:45:07] regretChangePotential 34% (815/2356) regret=0.045011 ape=0.5521
[21:45:07] regretChangePotential 34% (816/2356) regret=0.044946 ape=0.5512
[21:45:07] regretChangePotential 34% (817/2356) regret=0.044836 ape=0.5502
[21:45:07] regretChangePotential 34% (818/2356) regret=0.044827 ape=0.5493
[21:45:07] regretChangePotential 34% (819/2356) regret=0.044587 ape=0.5493
[21:45:08] regretChangePotential 34% (820/2356) regret=0.044587 ape=0.5493
[21:45:08] regretChangePotential 34% (821/2356) regret=0.044415 ape=0.5493
[21:45:08] regretChangePotential 34% (822/2356) regret=0.044763 ape=0.5493
[21:45:08] regretChangePotential 34% (823/2356) regret=0.044352 ape=0.5493
[21:45:08] regretChangePotential 34% (824/2356) regret=0.044264 ape=0.5493
[21:45:09] regretChangePotential 35% (825/2356) regret=0.044157 ape=0.5484
[21:45:09] regretChangePotential 35% (826/2356) regret=0.044157 ape=0.5484
[21:45:09] regretChangePotential 35% (827/2356) regret=0.044157 ape=0.5484
[21:45:09] regretChangePotential 35% (828/2356) regret=0.044157 ape=0.5484
[21:45:09] regretChangePotential 35% (829/2356) regret=0.044157 ape=0.5484
[21:45:09] regretChangePotential 35% (830/2356) regret=0.044157 ape=0.5484
[21:45:10] regretChangePotential 35% (831/2356) regret=0.044157 ape=0.5484
[21:45:10] regretChangePotential 35% (832/2356) regret=0.044157 ape=0.5484
[21:45:10] regretChangePotential 35% (833/2356) regret=0.044157 ape=0.5484
[21:45:10] regretChangePotential 35% (834/2356) regret=0.044157 ape=0.5484
[21:45:10] regretChangePotential 35% (835/2356) regret=0.044157 ape=0.5484
[21:45:11] regretChangePotential 35% (836/2356) regret=0.044157 ape=0.5484
[21:45:11] regretChangePotential 35% (837/2356) regret=0.044157 ape=0.5484
[21:45:11] regretChangePotential 35% (838/2356) regret=0.044157 ape=0.5484
[21:45:11] regretChangePotential 35% (839/2356) regret=0.044157 ape=0.5484
[21:45:11] regretChangePotential 35% (840/2356) regret=0.044157 ape=0.5484
[21:45:12] regretChangePotential 35% (841/2356) regret=0.044157 ape=0.5484
[21:45:12] regretChangePotential 35% (842/2356) regret=0.044157 ape=0.5484
[21:45:12] regretChangePotential 35% (843/2356) regret=0.044157 ape=0.5484
[21:45:12] regretChangePotential 35% (844/2356) regret=0.044157 ape=0.5484
[21:45:12] regretChangePotential 35% (845/2356) regret=0.044157 ape=0.5484
[21:45:13] regretChangePotential 35% (846/2356) regret=0.044157 ape=0.5484
[21:45:13] regretChangePotential 35% (847/2356) regret=0.044157 ape=0.5484
[21:45:13] regretChangePotential 35% (848/2356) regret=0.044157 ape=0.5484
[21:45:13] regretChangePotential 36% (849/2356) regret=0.044157 ape=0.5484
[21:45:13] regretChangePotential 36% (850/2356) regret=0.044157 ape=0.5484
[21:45:14] regretChangePotential 36% (851/2356) regret=0.044157 ape=0.5484
[21:45:14] regretChangePotential 36% (852/2356) regret=0.044157 ape=0.5484
[21:45:14] regretChangePotential 36% (853/2356) regret=0.044157 ape=0.5484
[21:45:14] regretChangePotential 36% (854/2356) regret=0.044157 ape=0.5484
[21:45:14] regretChangePotential 36% (855/2356) regret=0.044157 ape=0.5484
[21:45:14] regretChangePotential 36% (856/2356) regret=0.044157 ape=0.5484
[21:45:15] regretChangePotential 36% (857/2356) regret=0.044325 ape=0.5465
[21:45:15] regretChangePotential 36% (858/2356) regret=0.044265 ape=0.5475
[21:45:15] regretChangePotential 36% (859/2356) regret=0.044035 ape=0.5465
[21:45:15] regretChangePotential 36% (860/2356) regret=0.044035 ape=0.5465
[21:45:15] regretChangePotential 36% (861/2356) regret=0.044035 ape=0.5465
[21:45:16] regretChangePotential 36% (862/2356) regret=0.044035 ape=0.5465
[21:45:16] regretChangePotential 36% (863/2356) regret=0.044035 ape=0.5465
[21:45:16] regretChangePotential 36% (864/2356) regret=0.044035 ape=0.5465
[21:45:16] regretChangePotential 36% (865/2356) regret=0.044035 ape=0.5465
[21:45:16] regretChangePotential 36% (866/2356) regret=0.044035 ape=0.5465
[21:45:16] regretChangePotential 36% (867/2356) regret=0.044035 ape=0.5465
[21:45:17] regretChangePotential 36% (868/2356) regret=0.044035 ape=0.5465
[21:45:17] regretChangePotential 36% (869/2356) regret=0.044035 ape=0.5465
[21:45:17] regretChangePotential 36% (870/2356) regret=0.044035 ape=0.5465
[21:45:17] regretChangePotential 36% (871/2356) regret=0.044035 ape=0.5465
[21:45:17] regretChangePotential 37% (872/2356) regret=0.044035 ape=0.5465
[21:45:18] regretChangePotential 37% (873/2356) regret=0.044035 ape=0.5465
[21:45:18] regretChangePotential 37% (874/2356) regret=0.044035 ape=0.5465
[21:45:18] regretChangePotential 37% (875/2356) regret=0.044035 ape=0.5465
[21:45:18] regretChangePotential 37% (876/2356) regret=0.044035 ape=0.5465
[21:45:18] regretChangePotential 37% (877/2356) regret=0.044035 ape=0.5465
[21:45:18] regretChangePotential 37% (878/2356) regret=0.044035 ape=0.5465
[21:45:19] regretChangePotential 37% (879/2356) regret=0.044035 ape=0.5465
[21:45:19] regretChangePotential 37% (880/2356) regret=0.044035 ape=0.5465
[21:45:19] regretChangePotential 37% (881/2356) regret=0.044035 ape=0.5465
[21:45:19] regretChangePotential 37% (882/2356) regret=0.044035 ape=0.5465
[21:45:19] regretChangePotential 37% (883/2356) regret=0.044035 ape=0.5465
[21:45:20] regretChangePotential 37% (884/2356) regret=0.044035 ape=0.5465
[21:45:20] regretChangePotential 37% (885/2356) regret=0.044035 ape=0.5465
[21:45:20] regretChangePotential 37% (886/2356) regret=0.044035 ape=0.5465
[21:45:20] regretChangePotential 37% (887/2356) regret=0.044035 ape=0.5465
[21:45:20] regretChangePotential 37% (888/2356) regret=0.044035 ape=0.5465
[21:45:20] regretChangePotential 37% (889/2356) regret=0.044035 ape=0.5465
[21:45:21] regretChangePotential 37% (890/2356) regret=0.044035 ape=0.5465
[21:45:21] regretChangePotential 37% (891/2356) regret=0.044035 ape=0.5465
[21:45:21] regretChangePotential 37% (892/2356) regret=0.044035 ape=0.5465
[21:45:21] regretChangePotential 37% (893/2356) regret=0.044035 ape=0.5465
[21:45:21] regretChangePotential 37% (894/2356) regret=0.044035 ape=0.5465
[21:45:22] regretChangePotential 37% (895/2356) regret=0.044035 ape=0.5465
[21:45:22] regretChangePotential 38% (896/2356) regret=0.044035 ape=0.5465
[21:45:22] regretChangePotential 38% (897/2356) regret=0.044035 ape=0.5465
[21:45:22] regretChangePotential 38% (898/2356) regret=0.044035 ape=0.5465
[21:45:22] regretChangePotential 38% (899/2356) regret=0.044035 ape=0.5465
[21:45:22] regretChangePotential 38% (900/2356) regret=0.044035 ape=0.5465
[21:45:23] regretChangePotential 38% (901/2356) regret=0.044035 ape=0.5465
[21:45:23] regretChangePotential 38% (902/2356) regret=0.044040 ape=0.5465
[21:45:23] regretChangePotential 38% (903/2356) regret=0.044040 ape=0.5465
[21:45:23] regretChangePotential 38% (904/2356) regret=0.044040 ape=0.5465
[21:45:23] regretChangePotential 38% (905/2356) regret=0.044040 ape=0.5465
[21:45:24] regretChangePotential 38% (906/2356) regret=0.044040 ape=0.5465
[21:45:24] regretChangePotential 38% (907/2356) regret=0.044040 ape=0.5465
[21:45:24] regretChangePotential 38% (908/2356) regret=0.044040 ape=0.5465
[21:45:24] regretChangePotential 38% (909/2356) regret=0.043860 ape=0.5465
[21:45:24] regretChangePotential 38% (910/2356) regret=0.043860 ape=0.5465
[21:45:24] regretChangePotential 38% (911/2356) regret=0.043860 ape=0.5465
[21:45:25] regretChangePotential 38% (912/2356) regret=0.043860 ape=0.5465
[21:45:25] regretChangePotential 38% (913/2356) regret=0.043860 ape=0.5465
[21:45:25] regretChangePotential 38% (914/2356) regret=0.043860 ape=0.5465
[21:45:25] regretChangePotential 38% (915/2356) regret=0.043860 ape=0.5465
[21:45:25] regretChangePotential 38% (916/2356) regret=0.043860 ape=0.5465
[21:45:26] regretChangePotential 38% (917/2356) regret=0.043860 ape=0.5465
[21:45:26] regretChangePotential 38% (918/2356) regret=0.043860 ape=0.5465
[21:45:26] regretChangePotential 39% (919/2356) regret=0.044095 ape=0.5475
[21:45:26] regretChangePotential 39% (920/2356) regret=0.044095 ape=0.5475
[21:45:26] regretChangePotential 39% (921/2356) regret=0.043854 ape=0.5465
[21:45:27] regretChangePotential 39% (922/2356) regret=0.043854 ape=0.5465
[21:45:27] regretChangePotential 39% (923/2356) regret=0.043854 ape=0.5465
[21:45:27] regretChangePotential 39% (924/2356) regret=0.043686 ape=0.5465
[21:45:27] regretChangePotential 39% (925/2356) regret=0.043715 ape=0.5475
[21:45:27] regretChangePotential 39% (926/2356) regret=0.043715 ape=0.5475
[21:45:28] regretChangePotential 39% (927/2356) regret=0.043715 ape=0.5475
[21:45:28] regretChangePotential 39% (928/2356) regret=0.043715 ape=0.5475
[21:45:28] regretChangePotential 39% (929/2356) regret=0.043715 ape=0.5475
[21:45:28] regretChangePotential 39% (930/2356) regret=0.043331 ape=0.5465
[21:45:28] regretChangePotential 39% (931/2356) regret=0.043363 ape=0.5475
[21:45:28] regretChangePotential 39% (932/2356) regret=0.043363 ape=0.5475
[21:45:29] regretChangePotential 39% (933/2356) regret=0.043171 ape=0.5465
[21:45:29] regretChangePotential 39% (934/2356) regret=0.043171 ape=0.5465
[21:45:29] regretChangePotential 39% (935/2356) regret=0.043171 ape=0.5465
[21:45:29] regretChangePotential 39% (936/2356) regret=0.042517 ape=0.5465
[21:45:29] regretChangePotential 39% (937/2356) regret=0.042545 ape=0.5475
[21:45:30] regretChangePotential 39% (938/2356) regret=0.042709 ape=0.5475
[21:45:30] regretChangePotential 39% (939/2356) regret=0.042488 ape=0.5465
[21:45:30] regretChangePotential 39% (940/2356) regret=0.042737 ape=0.5465
[21:45:30] regretChangePotential 39% (941/2356) regret=0.042737 ape=0.5465
[21:45:30] regretChangePotential 39% (942/2356) regret=0.042737 ape=0.5465
[21:45:31] regretChangePotential 40% (943/2356) regret=0.042488 ape=0.5456
[21:45:31] regretChangePotential 40% (944/2356) regret=0.042554 ape=0.5456
[21:45:31] regretChangePotential 40% (945/2356) regret=0.042554 ape=0.5456
[21:45:31] regretChangePotential 40% (946/2356) regret=0.042554 ape=0.5456
[21:45:31] regretChangePotential 40% (947/2356) regret=0.042572 ape=0.5456
[21:45:32] regretChangePotential 40% (948/2356) regret=0.042554 ape=0.5456
[21:45:32] regretChangePotential 40% (949/2356) regret=0.042201 ape=0.5456
[21:45:32] regretChangePotential 40% (950/2356) regret=0.042158 ape=0.5456
[21:45:32] regretChangePotential 40% (951/2356) regret=0.042075 ape=0.5456
[21:45:32] regretChangePotential 40% (952/2356) regret=0.042199 ape=0.5456
[21:45:32] regretChangePotential 40% (953/2356) regret=0.041853 ape=0.5447
[21:45:33] regretChangePotential 40% (954/2356) regret=0.041853 ape=0.5447
[21:45:33] regretChangePotential 40% (955/2356) regret=0.041397 ape=0.5438
[21:45:33] regretChangePotential 40% (956/2356) regret=0.041243 ape=0.5438
[21:45:33] regretChangePotential 40% (957/2356) regret=0.041095 ape=0.5429
[21:45:33] regretChangePotential 40% (958/2356) regret=0.041095 ape=0.5429
[21:45:34] regretChangePotential 40% (959/2356) regret=0.041095 ape=0.5429
[21:45:34] regretChangePotential 40% (960/2356) regret=0.041046 ape=0.5429
[21:45:34] regretChangePotential 40% (961/2356) regret=0.041046 ape=0.5429
[21:45:34] regretChangePotential 40% (962/2356) regret=0.041046 ape=0.5429
[21:45:34] regretChangePotential 40% (963/2356) regret=0.041046 ape=0.5429
[21:45:35] regretChangePotential 40% (964/2356) regret=0.041078 ape=0.5429
[21:45:35] regretChangePotential 40% (965/2356) regret=0.041046 ape=0.5429
[21:45:35] regretChangePotential 41% (966/2356) regret=0.041046 ape=0.5429
[21:45:35] regretChangePotential 41% (967/2356) regret=0.041046 ape=0.5429
[21:45:35] regretChangePotential 41% (968/2356) regret=0.041046 ape=0.5429
[21:45:35] regretChangePotential 41% (969/2356) regret=0.040875 ape=0.5419
[21:45:36] regretChangePotential 41% (970/2356) regret=0.040718 ape=0.5419
[21:45:36] regretChangePotential 41% (971/2356) regret=0.040718 ape=0.5419
[21:45:36] regretChangePotential 41% (972/2356) regret=0.040718 ape=0.5419
[21:45:36] regretChangePotential 41% (973/2356) regret=0.040769 ape=0.5429
[21:45:36] regretChangePotential 41% (974/2356) regret=0.040802 ape=0.5429
[21:45:36] regretChangePotential 41% (975/2356) regret=0.040802 ape=0.5429
[21:45:37] regretChangePotential 41% (976/2356) regret=0.040802 ape=0.5429
[21:45:37] regretChangePotential 41% (977/2356) regret=0.040996 ape=0.5419
[21:45:37] regretChangePotential 41% (978/2356) regret=0.040563 ape=0.5419
[21:45:37] regretChangePotential 41% (979/2356) regret=0.040563 ape=0.5419
[21:45:37] regretChangePotential 41% (980/2356) regret=0.040337 ape=0.5410
[21:45:37] regretChangePotential 41% (981/2356) regret=0.040337 ape=0.5410
[21:45:38] regretChangePotential 41% (982/2356) regret=0.040337 ape=0.5410
[21:45:38] regretChangePotential 41% (983/2356) regret=0.040337 ape=0.5410
[21:45:38] regretChangePotential 41% (984/2356) regret=0.040337 ape=0.5410
[21:45:38] regretChangePotential 41% (985/2356) regret=0.040337 ape=0.5410
[21:45:38] regretChangePotential 41% (986/2356) regret=0.040337 ape=0.5410
[21:45:39] regretChangePotential 41% (987/2356) regret=0.040337 ape=0.5410
[21:45:39] regretChangePotential 41% (988/2356) regret=0.040337 ape=0.5410
[21:45:39] regretChangePotential 41% (989/2356) regret=0.040337 ape=0.5410
[21:45:39] regretChangePotential 42% (990/2356) regret=0.040337 ape=0.5410
[21:45:39] regretChangePotential 42% (991/2356) regret=0.040337 ape=0.5410
[21:45:39] regretChangePotential 42% (992/2356) regret=0.040337 ape=0.5410
[21:45:40] regretChangePotential 42% (993/2356) regret=0.040337 ape=0.5410
[21:45:40] regretChangePotential 42% (994/2356) regret=0.040337 ape=0.5410
[21:45:40] regretChangePotential 42% (995/2356) regret=0.040337 ape=0.5410
[21:45:40] regretChangePotential 42% (996/2356) regret=0.040337 ape=0.5410
[21:45:40] regretChangePotential 42% (997/2356) regret=0.040337 ape=0.5410
[21:45:40] regretChangePotential 42% (998/2356) regret=0.040337 ape=0.5410
[21:45:41] regretChangePotential 42% (999/2356) regret=0.040337 ape=0.5410
[21:45:41] regretChangePotential 42% (1000/2356) regret=0.040337 ape=0.5410
[21:45:41] regretChangePotential 42% (1001/2356) regret=0.040337 ape=0.5410
[21:45:41] regretChangePotential 42% (1002/2356) regret=0.040337 ape=0.5410
[21:45:41] regretChangePotential 42% (1003/2356) regret=0.040337 ape=0.5410
[21:45:41] regretChangePotential 42% (1004/2356) regret=0.040337 ape=0.5410
[21:45:42] regretChangePotential 42% (1005/2356) regret=0.040337 ape=0.5410
[21:45:42] regretChangePotential 42% (1006/2356) regret=0.040337 ape=0.5410
[21:45:42] regretChangePotential 42% (1007/2356) regret=0.040217 ape=0.5410
[21:45:42] regretChangePotential 42% (1008/2356) regret=0.040217 ape=0.5410
[21:45:42] regretChangePotential 42% (1009/2356) regret=0.040070 ape=0.5410
[21:45:43] regretChangePotential 42% (1010/2356) regret=0.040027 ape=0.5401
[21:45:43] regretChangePotential 42% (1011/2356) regret=0.040073 ape=0.5401
[21:45:43] regretChangePotential 42% (1012/2356) regret=0.040027 ape=0.5401
[21:45:43] regretChangePotential 42% (1013/2356) regret=0.040183 ape=0.5410
[21:45:43] regretChangePotential 43% (1014/2356) regret=0.040027 ape=0.5401
[21:45:44] regretChangePotential 43% (1015/2356) regret=0.040027 ape=0.5401
[21:45:44] regretChangePotential 43% (1016/2356) regret=0.040027 ape=0.5401
[21:45:44] regretChangePotential 43% (1017/2356) regret=0.039962 ape=0.5401
[21:45:44] regretChangePotential 43% (1018/2356) regret=0.039916 ape=0.5401
[21:45:44] regretChangePotential 43% (1019/2356) regret=0.040266 ape=0.5401
[21:45:44] regretChangePotential 43% (1020/2356) regret=0.039925 ape=0.5392
[21:45:45] regretChangePotential 43% (1021/2356) regret=0.040395 ape=0.5382
[21:45:45] regretChangePotential 43% (1022/2356) regret=0.039750 ape=0.5373
[21:45:45] regretChangePotential 43% (1023/2356) regret=0.039612 ape=0.5364
[21:45:45] regretChangePotential 43% (1024/2356) regret=0.039750 ape=0.5373
[21:45:45] regretChangePotential 43% (1025/2356) regret=0.039944 ape=0.5373
[21:45:46] regretChangePotential 43% (1026/2356) regret=0.039944 ape=0.5373
[21:45:46] regretChangePotential 43% (1027/2356) regret=0.039835 ape=0.5373
[21:45:46] regretChangePotential 43% (1028/2356) regret=0.039835 ape=0.5373
[21:45:46] regretChangePotential 43% (1029/2356) regret=0.039810 ape=0.5373
[21:45:46] regretChangePotential 43% (1030/2356) regret=0.039776 ape=0.5373
[21:45:47] regretChangePotential 43% (1031/2356) regret=0.039824 ape=0.5373
[21:45:47] regretChangePotential 43% (1032/2356) regret=0.039807 ape=0.5373
[21:45:47] regretChangePotential 43% (1033/2356) regret=0.039807 ape=0.5373
[21:45:47] regretChangePotential 43% (1034/2356) regret=0.039695 ape=0.5364
[21:45:47] regretChangePotential 43% (1035/2356) regret=0.039695 ape=0.5364
[21:45:47] regretChangePotential 43% (1036/2356) regret=0.039695 ape=0.5364
[21:45:48] regretChangePotential 44% (1037/2356) regret=0.039695 ape=0.5364
[21:45:48] regretChangePotential 44% (1038/2356) regret=0.039716 ape=0.5373
[21:45:48] regretChangePotential 44% (1039/2356) regret=0.039569 ape=0.5373
[21:45:48] regretChangePotential 44% (1040/2356) regret=0.039615 ape=0.5373
[21:45:48] regretChangePotential 44% (1041/2356) regret=0.039562 ape=0.5373
[21:45:49] regretChangePotential 44% (1042/2356) regret=0.039577 ape=0.5382
[21:45:49] regretChangePotential 44% (1043/2356) regret=0.039577 ape=0.5382
[21:45:49] regretChangePotential 44% (1044/2356) regret=0.039716 ape=0.5392
[21:45:49] regretChangePotential 44% (1045/2356) regret=0.039799 ape=0.5392
[21:45:49] regretChangePotential 44% (1046/2356) regret=0.039799 ape=0.5392
[21:45:50] regretChangePotential 44% (1047/2356) regret=0.039799 ape=0.5392
[21:45:50] regretChangePotential 44% (1048/2356) regret=0.040014 ape=0.5392
[21:45:50] regretChangePotential 44% (1049/2356) regret=0.040345 ape=0.5401
[21:45:50] regretChangePotential 44% (1050/2356) regret=0.040014 ape=0.5392
[21:45:50] regretChangePotential 44% (1051/2356) regret=0.039756 ape=0.5382
[21:45:51] regretChangePotential 44% (1052/2356) regret=0.039834 ape=0.5382
[21:45:51] regretChangePotential 44% (1053/2356) regret=0.039756 ape=0.5382
[21:45:51] regretChangePotential 44% (1054/2356) regret=0.039756 ape=0.5382
[21:45:51] regretChangePotential 44% (1055/2356) regret=0.039756 ape=0.5382
[21:45:51] regretChangePotential 44% (1056/2356) regret=0.039756 ape=0.5382
[21:45:52] regretChangePotential 44% (1057/2356) regret=0.039756 ape=0.5382
[21:45:52] regretChangePotential 44% (1058/2356) regret=0.039663 ape=0.5373
[21:45:52] regretChangePotential 44% (1059/2356) regret=0.039612 ape=0.5364
[21:45:52] regretChangePotential 44% (1060/2356) regret=0.039612 ape=0.5364
[21:45:52] regretChangePotential 45% (1061/2356) regret=0.039612 ape=0.5364
[21:45:52] regretChangePotential 45% (1062/2356) regret=0.039612 ape=0.5364
[21:45:53] regretChangePotential 45% (1063/2356) regret=0.039612 ape=0.5364
[21:45:53] regretChangePotential 45% (1064/2356) regret=0.039962 ape=0.5373
[21:45:53] regretChangePotential 45% (1065/2356) regret=0.039667 ape=0.5373
[21:45:53] regretChangePotential 45% (1066/2356) regret=0.039667 ape=0.5373
[21:45:53] regretChangePotential 45% (1067/2356) regret=0.039667 ape=0.5373
[21:45:54] regretChangePotential 45% (1068/2356) regret=0.039676 ape=0.5373
[21:45:54] regretChangePotential 45% (1069/2356) regret=0.039676 ape=0.5373
[21:45:54] regretChangePotential 45% (1070/2356) regret=0.039676 ape=0.5373
[21:45:54] regretChangePotential 45% (1071/2356) regret=0.039676 ape=0.5373
[21:45:54] regretChangePotential 45% (1072/2356) regret=0.039083 ape=0.5364
[21:45:55] regretChangePotential 45% (1073/2356) regret=0.039083 ape=0.5364
[21:45:55] regretChangePotential 45% (1074/2356) regret=0.039083 ape=0.5364
[21:45:55] regretChangePotential 45% (1075/2356) regret=0.038859 ape=0.5355
[21:45:55] regretChangePotential 45% (1076/2356) regret=0.038827 ape=0.5346
[21:45:55] regretChangePotential 45% (1077/2356) regret=0.038827 ape=0.5346
[21:45:55] regretChangePotential 45% (1078/2356) regret=0.038827 ape=0.5346
[21:45:56] regretChangePotential 45% (1079/2356) regret=0.038827 ape=0.5346
[21:45:56] regretChangePotential 45% (1080/2356) regret=0.038827 ape=0.5346
[21:45:56] regretChangePotential 45% (1081/2356) regret=0.038647 ape=0.5346
[21:45:56] regretChangePotential 45% (1082/2356) regret=0.038647 ape=0.5346
[21:45:56] regretChangePotential 45% (1083/2356) regret=0.038647 ape=0.5346
[21:45:57] regretChangePotential 46% (1084/2356) regret=0.038647 ape=0.5346
[21:45:57] regretChangePotential 46% (1085/2356) regret=0.038678 ape=0.5346
[21:45:57] regretChangePotential 46% (1086/2356) regret=0.038678 ape=0.5346
[21:45:57] regretChangePotential 46% (1087/2356) regret=0.038678 ape=0.5346
[21:45:57] regretChangePotential 46% (1088/2356) regret=0.038678 ape=0.5346
[21:45:58] regretChangePotential 46% (1089/2356) regret=0.038678 ape=0.5346
[21:45:58] regretChangePotential 46% (1090/2356) regret=0.038678 ape=0.5346
[21:45:58] regretChangePotential 46% (1091/2356) regret=0.038678 ape=0.5346
[21:45:58] regretChangePotential 46% (1092/2356) regret=0.038678 ape=0.5346
[21:45:58] regretChangePotential 46% (1093/2356) regret=0.038678 ape=0.5346
[21:45:58] regretChangePotential 46% (1094/2356) regret=0.038678 ape=0.5346
[21:45:59] regretChangePotential 46% (1095/2356) regret=0.038438 ape=0.5336
[21:45:59] regretChangePotential 46% (1096/2356) regret=0.038438 ape=0.5336
[21:45:59] regretChangePotential 46% (1097/2356) regret=0.038438 ape=0.5336
[21:45:59] regretChangePotential 46% (1098/2356) regret=0.038438 ape=0.5336
[21:45:59] regretChangePotential 46% (1099/2356) regret=0.038438 ape=0.5336
[21:45:59] regretChangePotential 46% (1100/2356) regret=0.038503 ape=0.5336
[21:46:00] regretChangePotential 46% (1101/2356) regret=0.038503 ape=0.5336
[21:46:00] regretChangePotential 46% (1102/2356) regret=0.038471 ape=0.5336
[21:46:00] regretChangePotential 46% (1103/2356) regret=0.038471 ape=0.5336
[21:46:00] regretChangePotential 46% (1104/2356) regret=0.038143 ape=0.5336
[21:46:00] regretChangePotential 46% (1105/2356) regret=0.037830 ape=0.5327
[21:46:01] regretChangePotential 46% (1106/2356) regret=0.037830 ape=0.5327
[21:46:01] regretChangePotential 46% (1107/2356) regret=0.037830 ape=0.5327
[21:46:01] regretChangePotential 47% (1108/2356) regret=0.037830 ape=0.5327
[21:46:01] regretChangePotential 47% (1109/2356) regret=0.037830 ape=0.5327
[21:46:01] regretChangePotential 47% (1110/2356) regret=0.037830 ape=0.5327
[21:46:02] regretChangePotential 47% (1111/2356) regret=0.037830 ape=0.5327
[21:46:02] regretChangePotential 47% (1112/2356) regret=0.037813 ape=0.5327
[21:46:02] regretChangePotential 47% (1113/2356) regret=0.037813 ape=0.5327
[21:46:02] regretChangePotential 47% (1114/2356) regret=0.037813 ape=0.5327
[21:46:02] regretChangePotential 47% (1115/2356) regret=0.037813 ape=0.5327
[21:46:02] regretChangePotential 47% (1116/2356) regret=0.037824 ape=0.5327
[21:46:03] regretChangePotential 47% (1117/2356) regret=0.037824 ape=0.5327
[21:46:03] regretChangePotential 47% (1118/2356) regret=0.038108 ape=0.5318
[21:46:03] regretChangePotential 47% (1119/2356) regret=0.038108 ape=0.5318
[21:46:03] regretChangePotential 47% (1120/2356) regret=0.037647 ape=0.5309
[21:46:03] regretChangePotential 47% (1121/2356) regret=0.037592 ape=0.5300
[21:46:04] regretChangePotential 47% (1122/2356) regret=0.037592 ape=0.5300
[21:46:04] regretChangePotential 47% (1123/2356) regret=0.037574 ape=0.5300
[21:46:04] regretChangePotential 47% (1124/2356) regret=0.037592 ape=0.5300
[21:46:04] regretChangePotential 47% (1125/2356) regret=0.037523 ape=0.5300
[21:46:04] regretChangePotential 47% (1126/2356) regret=0.037523 ape=0.5300
[21:46:04] regretChangePotential 47% (1127/2356) regret=0.037523 ape=0.5300
[21:46:05] regretChangePotential 47% (1128/2356) regret=0.037523 ape=0.5300
[21:46:05] regretChangePotential 47% (1129/2356) regret=0.037523 ape=0.5300
[21:46:05] regretChangePotential 47% (1130/2356) regret=0.037523 ape=0.5300
[21:46:05] regretChangePotential 48% (1131/2356) regret=0.037523 ape=0.5300
[21:46:05] regretChangePotential 48% (1132/2356) regret=0.037523 ape=0.5300
[21:46:06] regretChangePotential 48% (1133/2356) regret=0.037523 ape=0.5300
[21:46:06] regretChangePotential 48% (1134/2356) regret=0.037523 ape=0.5300
[21:46:06] regretChangePotential 48% (1135/2356) regret=0.037523 ape=0.5300
[21:46:06] regretChangePotential 48% (1136/2356) regret=0.037602 ape=0.5300
[21:46:06] regretChangePotential 48% (1137/2356) regret=0.037479 ape=0.5300
[21:46:07] regretChangePotential 48% (1138/2356) regret=0.037462 ape=0.5300
[21:46:07] regretChangePotential 48% (1139/2356) regret=0.037462 ape=0.5300
[21:46:07] regretChangePotential 48% (1140/2356) regret=0.037481 ape=0.5300
[21:46:07] regretChangePotential 48% (1141/2356) regret=0.037379 ape=0.5300
[21:46:07] regretChangePotential 48% (1142/2356) regret=0.037402 ape=0.5300
[21:46:07] regretChangePotential 48% (1143/2356) regret=0.037181 ape=0.5281
[21:46:08] regretChangePotential 48% (1144/2356) regret=0.037380 ape=0.5281
[21:46:08] regretChangePotential 48% (1145/2356) regret=0.037294 ape=0.5281
[21:46:08] regretChangePotential 48% (1146/2356) regret=0.037562 ape=0.5281
[21:46:08] regretChangePotential 48% (1147/2356) regret=0.037707 ape=0.5290
[21:46:08] regretChangePotential 48% (1148/2356) regret=0.037707 ape=0.5290
[21:46:09] regretChangePotential 48% (1149/2356) regret=0.037633 ape=0.5281
[21:46:09] regretChangePotential 48% (1150/2356) regret=0.037541 ape=0.5281
[21:46:09] regretChangePotential 48% (1151/2356) regret=0.037661 ape=0.5281
[21:46:09] regretChangePotential 48% (1152/2356) regret=0.037633 ape=0.5272
[21:46:09] regretChangePotential 48% (1153/2356) regret=0.037702 ape=0.5272
[21:46:10] regretChangePotential 48% (1154/2356) regret=0.037659 ape=0.5272
[21:46:10] regretChangePotential 49% (1155/2356) regret=0.037595 ape=0.5263
[21:46:10] regretChangePotential 49% (1156/2356) regret=0.037595 ape=0.5263
[21:46:10] regretChangePotential 49% (1157/2356) regret=0.037595 ape=0.5263
[21:46:10] regretChangePotential 49% (1158/2356) regret=0.037595 ape=0.5263
[21:46:11] regretChangePotential 49% (1159/2356) regret=0.037595 ape=0.5263
[21:46:11] regretChangePotential 49% (1160/2356) regret=0.037595 ape=0.5263
[21:46:11] regretChangePotential 49% (1161/2356) regret=0.037604 ape=0.5263
[21:46:11] regretChangePotential 49% (1162/2356) regret=0.037419 ape=0.5253
[21:46:11] regretChangePotential 49% (1163/2356) regret=0.037419 ape=0.5253
[21:46:11] regretChangePotential 49% (1164/2356) regret=0.037102 ape=0.5253
[21:46:12] regretChangePotential 49% (1165/2356) regret=0.037102 ape=0.5253
[21:46:12] regretChangePotential 49% (1166/2356) regret=0.037249 ape=0.5263
[21:46:12] regretChangePotential 49% (1167/2356) regret=0.037249 ape=0.5263
[21:46:12] regretChangePotential 49% (1168/2356) regret=0.037263 ape=0.5263
[21:46:12] regretChangePotential 49% (1169/2356) regret=0.037327 ape=0.5272
[21:46:13] regretChangePotential 49% (1170/2356) regret=0.037263 ape=0.5263
[21:46:13] regretChangePotential 49% (1171/2356) regret=0.036945 ape=0.5263
[21:46:13] regretChangePotential 49% (1172/2356) regret=0.037258 ape=0.5263
[21:46:13] regretChangePotential 49% (1173/2356) regret=0.037258 ape=0.5263
[21:46:13] regretChangePotential 49% (1174/2356) regret=0.037258 ape=0.5263
[21:46:14] regretChangePotential 49% (1175/2356) regret=0.037258 ape=0.5263
[21:46:14] regretChangePotential 49% (1176/2356) regret=0.037240 ape=0.5263
[21:46:14] regretChangePotential 49% (1177/2356) regret=0.037244 ape=0.5263
[21:46:14] regretChangePotential 50% (1178/2356) regret=0.037277 ape=0.5263
[21:46:14] regretChangePotential 50% (1179/2356) regret=0.037277 ape=0.5263
[21:46:14] regretChangePotential 50% (1180/2356) regret=0.037277 ape=0.5263
[21:46:15] regretChangePotential 50% (1181/2356) regret=0.037277 ape=0.5263
[21:46:15] regretChangePotential 50% (1182/2356) regret=0.037277 ape=0.5263
[21:46:15] regretChangePotential 50% (1183/2356) regret=0.037277 ape=0.5263
[21:46:15] regretChangePotential 50% (1184/2356) regret=0.037277 ape=0.5263
[21:46:15] regretChangePotential 50% (1185/2356) regret=0.037274 ape=0.5263
[21:46:16] regretChangePotential 50% (1186/2356) regret=0.037274 ape=0.5263
[21:46:16] regretChangePotential 50% (1187/2356) regret=0.037274 ape=0.5263
[21:46:16] regretChangePotential 50% (1188/2356) regret=0.037274 ape=0.5263
[21:46:16] regretChangePotential 50% (1189/2356) regret=0.037274 ape=0.5263
[21:46:16] regretChangePotential 50% (1190/2356) regret=0.037274 ape=0.5263
[21:46:17] regretChangePotential 50% (1191/2356) regret=0.037177 ape=0.5263
[21:46:17] regretChangePotential 50% (1192/2356) regret=0.037177 ape=0.5263
[21:46:17] regretChangePotential 50% (1193/2356) regret=0.037177 ape=0.5263
[21:46:17] regretChangePotential 50% (1194/2356) regret=0.037177 ape=0.5263
[21:46:17] regretChangePotential 50% (1195/2356) regret=0.037126 ape=0.5253
[21:46:17] regretChangePotential 50% (1196/2356) regret=0.037126 ape=0.5253
[21:46:18] regretChangePotential 50% (1197/2356) regret=0.037126 ape=0.5253
[21:46:18] regretChangePotential 50% (1198/2356) regret=0.037198 ape=0.5253
[21:46:18] regretChangePotential 50% (1199/2356) regret=0.037198 ape=0.5253
[21:46:18] regretChangePotential 50% (1200/2356) regret=0.037198 ape=0.5253
[21:46:18] regretChangePotential 50% (1201/2356) regret=0.037198 ape=0.5253
[21:46:19] regretChangePotential 51% (1202/2356) regret=0.037198 ape=0.5253
[21:46:19] regretChangePotential 51% (1203/2356) regret=0.037198 ape=0.5253
[21:46:19] regretChangePotential 51% (1204/2356) regret=0.037198 ape=0.5253
[21:46:19] regretChangePotential 51% (1205/2356) regret=0.037198 ape=0.5253
[21:46:19] regretChangePotential 51% (1206/2356) regret=0.037198 ape=0.5253
[21:46:20] regretChangePotential 51% (1207/2356) regret=0.037198 ape=0.5253
[21:46:20] regretChangePotential 51% (1208/2356) regret=0.037198 ape=0.5253
[21:46:20] regretChangePotential 51% (1209/2356) regret=0.037198 ape=0.5253
[21:46:20] regretChangePotential 51% (1210/2356) regret=0.037198 ape=0.5253
[21:46:20] regretChangePotential 51% (1211/2356) regret=0.037195 ape=0.5253
[21:46:20] regretChangePotential 51% (1212/2356) regret=0.037195 ape=0.5253
[21:46:21] regretChangePotential 51% (1213/2356) regret=0.037195 ape=0.5253
[21:46:21] regretChangePotential 51% (1214/2356) regret=0.037195 ape=0.5253
[21:46:21] regretChangePotential 51% (1215/2356) regret=0.037195 ape=0.5253
[21:46:21] regretChangePotential 51% (1216/2356) regret=0.037195 ape=0.5253
[21:46:21] regretChangePotential 51% (1217/2356) regret=0.037195 ape=0.5253
[21:46:22] regretChangePotential 51% (1218/2356) regret=0.037195 ape=0.5253
[21:46:22] regretChangePotential 51% (1219/2356) regret=0.037195 ape=0.5253
[21:46:22] regretChangePotential 51% (1220/2356) regret=0.037195 ape=0.5253
[21:46:22] regretChangePotential 51% (1221/2356) regret=0.037195 ape=0.5253
[21:46:22] regretChangePotential 51% (1222/2356) regret=0.037195 ape=0.5253
[21:46:23] regretChangePotential 51% (1223/2356) regret=0.037195 ape=0.5253
[21:46:23] regretChangePotential 51% (1224/2356) regret=0.037195 ape=0.5253
[21:46:23] regretChangePotential 51% (1225/2356) regret=0.037195 ape=0.5253
[21:46:23] regretChangePotential 52% (1226/2356) regret=0.037195 ape=0.5253
[21:46:23] regretChangePotential 52% (1227/2356) regret=0.037195 ape=0.5253
[21:46:23] regretChangePotential 52% (1228/2356) regret=0.037195 ape=0.5253
[21:46:24] regretChangePotential 52% (1229/2356) regret=0.037195 ape=0.5253
[21:46:24] regretChangePotential 52% (1230/2356) regret=0.037195 ape=0.5253
[21:46:24] regretChangePotential 52% (1231/2356) regret=0.037195 ape=0.5253
[21:46:24] regretChangePotential 52% (1232/2356) regret=0.037195 ape=0.5253
[21:46:24] regretChangePotential 52% (1233/2356) regret=0.037195 ape=0.5253
[21:46:25] regretChangePotential 52% (1234/2356) regret=0.037195 ape=0.5253
[21:46:25] regretChangePotential 52% (1235/2356) regret=0.037214 ape=0.5253
[21:46:25] regretChangePotential 52% (1236/2356) regret=0.037214 ape=0.5253
[21:46:25] regretChangePotential 52% (1237/2356) regret=0.037214 ape=0.5253
[21:46:25] regretChangePotential 52% (1238/2356) regret=0.037215 ape=0.5253
[21:46:26] regretChangePotential 52% (1239/2356) regret=0.037245 ape=0.5253
[21:46:26] regretChangePotential 52% (1240/2356) regret=0.037301 ape=0.5253
[21:46:26] regretChangePotential 52% (1241/2356) regret=0.037301 ape=0.5253
[21:46:26] regretChangePotential 52% (1242/2356) regret=0.037387 ape=0.5253
[21:46:26] regretChangePotential 52% (1243/2356) regret=0.037834 ape=0.5253
[21:46:26] regretChangePotential 52% (1244/2356) regret=0.037323 ape=0.5235
[21:46:27] regretChangePotential 52% (1245/2356) regret=0.037323 ape=0.5235
[21:46:27] regretChangePotential 52% (1246/2356) regret=0.037304 ape=0.5235
[21:46:27] regretChangePotential 52% (1247/2356) regret=0.037304 ape=0.5235
[21:46:27] regretChangePotential 52% (1248/2356) regret=0.037304 ape=0.5235
[21:46:27] regretChangePotential 53% (1249/2356) regret=0.037295 ape=0.5235
[21:46:28] regretChangePotential 53% (1250/2356) regret=0.037249 ape=0.5235
[21:46:28] regretChangePotential 53% (1251/2356) regret=0.037175 ape=0.5235
[21:46:28] regretChangePotential 53% (1252/2356) regret=0.037258 ape=0.5235
[21:46:28] regretChangePotential 53% (1253/2356) regret=0.037258 ape=0.5235
[21:46:28] regretChangePotential 53% (1254/2356) regret=0.037235 ape=0.5235
[21:46:29] regretChangePotential 53% (1255/2356) regret=0.037235 ape=0.5235
[21:46:29] regretChangePotential 53% (1256/2356) regret=0.037235 ape=0.5235
[21:46:29] regretChangePotential 53% (1257/2356) regret=0.037544 ape=0.5244
[21:46:29] regretChangePotential 53% (1258/2356) regret=0.037235 ape=0.5235
[21:46:29] regretChangePotential 53% (1259/2356) regret=0.037189 ape=0.5226
[21:46:30] regretChangePotential 53% (1260/2356) regret=0.037189 ape=0.5226
[21:46:30] regretChangePotential 53% (1261/2356) regret=0.037189 ape=0.5226
[21:46:30] regretChangePotential 53% (1262/2356) regret=0.037177 ape=0.5226
[21:46:30] regretChangePotential 53% (1263/2356) regret=0.037177 ape=0.5226
[21:46:30] regretChangePotential 53% (1264/2356) regret=0.037177 ape=0.5226
[21:46:31] regretChangePotential 53% (1265/2356) regret=0.037177 ape=0.5226
[21:46:31] regretChangePotential 53% (1266/2356) regret=0.037177 ape=0.5226
[21:46:31] regretChangePotential 53% (1267/2356) regret=0.037177 ape=0.5226
[21:46:31] regretChangePotential 53% (1268/2356) regret=0.037186 ape=0.5235
[21:46:31] regretChangePotential 53% (1269/2356) regret=0.037140 ape=0.5244
[21:46:32] regretChangePotential 53% (1270/2356) regret=0.037085 ape=0.5235
[21:46:32] regretChangePotential 53% (1271/2356) regret=0.037048 ape=0.5226
[21:46:32] regretChangePotential 53% (1272/2356) regret=0.037078 ape=0.5226
[21:46:32] regretChangePotential 54% (1273/2356) regret=0.037078 ape=0.5226
[21:46:32] regretChangePotential 54% (1274/2356) regret=0.037355 ape=0.5235
[21:46:32] regretChangePotential 54% (1275/2356) regret=0.037078 ape=0.5226
[21:46:33] regretChangePotential 54% (1276/2356) regret=0.037072 ape=0.5226
[21:46:33] regretChangePotential 54% (1277/2356) regret=0.037071 ape=0.5226
[21:46:33] regretChangePotential 54% (1278/2356) regret=0.037071 ape=0.5226
[21:46:33] regretChangePotential 54% (1279/2356) regret=0.037071 ape=0.5226
[21:46:33] regretChangePotential 54% (1280/2356) regret=0.037015 ape=0.5226
[21:46:34] regretChangePotential 54% (1281/2356) regret=0.037015 ape=0.5226
[21:46:34] regretChangePotential 54% (1282/2356) regret=0.037015 ape=0.5226
[21:46:34] regretChangePotential 54% (1283/2356) regret=0.037040 ape=0.5226
[21:46:34] regretChangePotential 54% (1284/2356) regret=0.037015 ape=0.5226
[21:46:34] regretChangePotential 54% (1285/2356) regret=0.037015 ape=0.5226
[21:46:35] regretChangePotential 54% (1286/2356) regret=0.037015 ape=0.5226
[21:46:35] regretChangePotential 54% (1287/2356) regret=0.037015 ape=0.5226
[21:46:35] regretChangePotential 54% (1288/2356) regret=0.037015 ape=0.5226
[21:46:35] regretChangePotential 54% (1289/2356) regret=0.036931 ape=0.5226
[21:46:35] regretChangePotential 54% (1290/2356) regret=0.036787 ape=0.5217
[21:46:35] regretChangePotential 54% (1291/2356) regret=0.036667 ape=0.5207
[21:46:36] regretChangePotential 54% (1292/2356) regret=0.036667 ape=0.5207
[21:46:36] regretChangePotential 54% (1293/2356) regret=0.036667 ape=0.5207
[21:46:36] regretChangePotential 54% (1294/2356) regret=0.036698 ape=0.5217
[21:46:36] regretChangePotential 54% (1295/2356) regret=0.036698 ape=0.5217
[21:46:36] regretChangePotential 55% (1296/2356) regret=0.036698 ape=0.5217
[21:46:37] regretChangePotential 55% (1297/2356) regret=0.036911 ape=0.5217
[21:46:37] regretChangePotential 55% (1298/2356) regret=0.036683 ape=0.5207
[21:46:37] regretChangePotential 55% (1299/2356) regret=0.036841 ape=0.5207
[21:46:37] regretChangePotential 55% (1300/2356) regret=0.036634 ape=0.5207
[21:46:37] regretChangePotential 55% (1301/2356) regret=0.036672 ape=0.5207
[21:46:38] regretChangePotential 55% (1302/2356) regret=0.036672 ape=0.5207
[21:46:38] regretChangePotential 55% (1303/2356) regret=0.036672 ape=0.5207
[21:46:38] regretChangePotential 55% (1304/2356) regret=0.036759 ape=0.5207
[21:46:38] regretChangePotential 55% (1305/2356) regret=0.036557 ape=0.5198
[21:46:38] regretChangePotential 55% (1306/2356) regret=0.036271 ape=0.5198
[21:46:39] regretChangePotential 55% (1307/2356) regret=0.036271 ape=0.5198
[21:46:39] regretChangePotential 55% (1308/2356) regret=0.036271 ape=0.5198
[21:46:39] regretChangePotential 55% (1309/2356) regret=0.036179 ape=0.5189
[21:46:39] regretChangePotential 55% (1310/2356) regret=0.036206 ape=0.5198
[21:46:39] regretChangePotential 55% (1311/2356) regret=0.036206 ape=0.5198
[21:46:40] regretChangePotential 55% (1312/2356) regret=0.036196 ape=0.5189
[21:46:40] regretChangePotential 55% (1313/2356) regret=0.036188 ape=0.5189
[21:46:40] regretChangePotential 55% (1314/2356) regret=0.036188 ape=0.5189
[21:46:40] regretChangePotential 55% (1315/2356) regret=0.036188 ape=0.5189
[21:46:40] regretChangePotential 55% (1316/2356) regret=0.036188 ape=0.5189
[21:46:41] regretChangePotential 55% (1317/2356) regret=0.036188 ape=0.5189
[21:46:41] regretChangePotential 55% (1318/2356) regret=0.036188 ape=0.5189
[21:46:41] regretChangePotential 55% (1319/2356) regret=0.036188 ape=0.5189
[21:46:41] regretChangePotential 56% (1320/2356) regret=0.036188 ape=0.5189
[21:46:41] regretChangePotential 56% (1321/2356) regret=0.036188 ape=0.5189
[21:46:42] regretChangePotential 56% (1322/2356) regret=0.036188 ape=0.5189
[21:46:42] regretChangePotential 56% (1323/2356) regret=0.036188 ape=0.5189
[21:46:42] regretChangePotential 56% (1324/2356) regret=0.036188 ape=0.5189
[21:46:42] regretChangePotential 56% (1325/2356) regret=0.036114 ape=0.5189
[21:46:42] regretChangePotential 56% (1326/2356) regret=0.036114 ape=0.5189
[21:46:43] regretChangePotential 56% (1327/2356) regret=0.036114 ape=0.5189
[21:46:43] regretChangePotential 56% (1328/2356) regret=0.036114 ape=0.5189
[21:46:43] regretChangePotential 56% (1329/2356) regret=0.036114 ape=0.5189
[21:46:43] regretChangePotential 56% (1330/2356) regret=0.036114 ape=0.5189
[21:46:43] regretChangePotential 56% (1331/2356) regret=0.036114 ape=0.5189
[21:46:44] regretChangePotential 56% (1332/2356) regret=0.035847 ape=0.5180
[21:46:44] regretChangePotential 56% (1333/2356) regret=0.035847 ape=0.5180
[21:46:44] regretChangePotential 56% (1334/2356) regret=0.035847 ape=0.5180
[21:46:44] regretChangePotential 56% (1335/2356) regret=0.035847 ape=0.5180
[21:46:44] regretChangePotential 56% (1336/2356) regret=0.035847 ape=0.5180
[21:46:45] regretChangePotential 56% (1337/2356) regret=0.036004 ape=0.5180
[21:46:45] regretChangePotential 56% (1338/2356) regret=0.036004 ape=0.5180
[21:46:45] regretChangePotential 56% (1339/2356) regret=0.036004 ape=0.5180
[21:46:45] regretChangePotential 56% (1340/2356) regret=0.036004 ape=0.5180
[21:46:45] regretChangePotential 56% (1341/2356) regret=0.036004 ape=0.5180
[21:46:46] regretChangePotential 56% (1342/2356) regret=0.036004 ape=0.5180
[21:46:46] regretChangePotential 57% (1343/2356) regret=0.036041 ape=0.5180
[21:46:46] regretChangePotential 57% (1344/2356) regret=0.036041 ape=0.5180
[21:46:46] regretChangePotential 57% (1345/2356) regret=0.036041 ape=0.5180
[21:46:46] regretChangePotential 57% (1346/2356) regret=0.036041 ape=0.5180
[21:46:47] regretChangePotential 57% (1347/2356) regret=0.035515 ape=0.5180
[21:46:47] regretChangePotential 57% (1348/2356) regret=0.035515 ape=0.5180
[21:46:47] regretChangePotential 57% (1349/2356) regret=0.035515 ape=0.5180
[21:46:47] regretChangePotential 57% (1350/2356) regret=0.035515 ape=0.5180
[21:46:47] regretChangePotential 57% (1351/2356) regret=0.035515 ape=0.5180
[21:46:47] regretChangePotential 57% (1352/2356) regret=0.035515 ape=0.5180
[21:46:48] regretChangePotential 57% (1353/2356) regret=0.035515 ape=0.5180
[21:46:48] regretChangePotential 57% (1354/2356) regret=0.035515 ape=0.5180
[21:46:48] regretChangePotential 57% (1355/2356) regret=0.035515 ape=0.5180
[21:46:48] regretChangePotential 57% (1356/2356) regret=0.035630 ape=0.5189
[21:46:48] regretChangePotential 57% (1357/2356) regret=0.035414 ape=0.5180
[21:46:49] regretChangePotential 57% (1358/2356) regret=0.035414 ape=0.5180
[21:46:49] regretChangePotential 57% (1359/2356) regret=0.035414 ape=0.5180
[21:46:49] regretChangePotential 57% (1360/2356) regret=0.035414 ape=0.5180
[21:46:49] regretChangePotential 57% (1361/2356) regret=0.035414 ape=0.5180
[21:46:49] regretChangePotential 57% (1362/2356) regret=0.035432 ape=0.5189
[21:46:50] regretChangePotential 57% (1363/2356) regret=0.035432 ape=0.5189
[21:46:50] regretChangePotential 57% (1364/2356) regret=0.035340 ape=0.5189
[21:46:50] regretChangePotential 57% (1365/2356) regret=0.035082 ape=0.5180
[21:46:50] regretChangePotential 57% (1366/2356) regret=0.035082 ape=0.5180
[21:46:50] regretChangePotential 58% (1367/2356) regret=0.035102 ape=0.5180
[21:46:51] regretChangePotential 58% (1368/2356) regret=0.035102 ape=0.5180
[21:46:51] regretChangePotential 58% (1369/2356) regret=0.035125 ape=0.5180
[21:46:51] regretChangePotential 58% (1370/2356) regret=0.035125 ape=0.5180
[21:46:51] regretChangePotential 58% (1371/2356) regret=0.035125 ape=0.5180
[21:46:51] regretChangePotential 58% (1372/2356) regret=0.035079 ape=0.5180
[21:46:52] regretChangePotential 58% (1373/2356) regret=0.035079 ape=0.5180
[21:46:52] regretChangePotential 58% (1374/2356) regret=0.035084 ape=0.5180
[21:46:52] regretChangePotential 58% (1375/2356) regret=0.035107 ape=0.5180
[21:46:52] regretChangePotential 58% (1376/2356) regret=0.034821 ape=0.5171
[21:46:52] regretChangePotential 58% (1377/2356) regret=0.034821 ape=0.5171
[21:46:53] regretChangePotential 58% (1378/2356) regret=0.034775 ape=0.5171
[21:46:53] regretChangePotential 58% (1379/2356) regret=0.034795 ape=0.5171
[21:46:53] regretChangePotential 58% (1380/2356) regret=0.034816 ape=0.5171
[21:46:53] regretChangePotential 58% (1381/2356) regret=0.034908 ape=0.5180
[21:46:53] regretChangePotential 58% (1382/2356) regret=0.034945 ape=0.5180
[21:46:53] regretChangePotential 58% (1383/2356) regret=0.035035 ape=0.5189
[21:46:54] regretChangePotential 58% (1384/2356) regret=0.035109 ape=0.5189
[21:46:54] regretChangePotential 58% (1385/2356) regret=0.035060 ape=0.5189
[21:46:54] regretChangePotential 58% (1386/2356) regret=0.035060 ape=0.5189
[21:46:54] regretChangePotential 58% (1387/2356) regret=0.035060 ape=0.5189
[21:46:54] regretChangePotential 58% (1388/2356) regret=0.035033 ape=0.5198
[21:46:55] regretChangePotential 58% (1389/2356) regret=0.034805 ape=0.5189
[21:46:55] regretChangePotential 58% (1390/2356) regret=0.034805 ape=0.5189
[21:46:55] regretChangePotential 59% (1391/2356) regret=0.034805 ape=0.5189
[21:46:55] regretChangePotential 59% (1392/2356) regret=0.034653 ape=0.5180
[21:46:55] regretChangePotential 59% (1393/2356) regret=0.034709 ape=0.5180
[21:46:56] regretChangePotential 59% (1394/2356) regret=0.034653 ape=0.5180
[21:46:56] regretChangePotential 59% (1395/2356) regret=0.034653 ape=0.5180
[21:46:56] regretChangePotential 59% (1396/2356) regret=0.034653 ape=0.5180
[21:46:56] regretChangePotential 59% (1397/2356) regret=0.034653 ape=0.5180
[21:46:56] regretChangePotential 59% (1398/2356) regret=0.034653 ape=0.5180
[21:46:57] regretChangePotential 59% (1399/2356) regret=0.034709 ape=0.5180
[21:46:57] regretChangePotential 59% (1400/2356) regret=0.034709 ape=0.5180
[21:46:57] regretChangePotential 59% (1401/2356) regret=0.034709 ape=0.5180
[21:46:57] regretChangePotential 59% (1402/2356) regret=0.034709 ape=0.5180
[21:46:57] regretChangePotential 59% (1403/2356) regret=0.034709 ape=0.5180
[21:46:58] regretChangePotential 59% (1404/2356) regret=0.034709 ape=0.5180
[21:46:58] regretChangePotential 59% (1405/2356) regret=0.034676 ape=0.5180
[21:46:58] regretChangePotential 59% (1406/2356) regret=0.034568 ape=0.5180
[21:46:58] regretChangePotential 59% (1407/2356) regret=0.034319 ape=0.5180
[21:46:58] regretChangePotential 59% (1408/2356) regret=0.034319 ape=0.5180
[21:46:58] regretChangePotential 59% (1409/2356) regret=0.034319 ape=0.5180
[21:46:59] regretChangePotential 59% (1410/2356) regret=0.034139 ape=0.5171
[21:46:59] regretChangePotential 59% (1411/2356) regret=0.034195 ape=0.5171
[21:46:59] regretChangePotential 59% (1412/2356) regret=0.033866 ape=0.5161
[21:46:59] regretChangePotential 59% (1413/2356) regret=0.033829 ape=0.5161
[21:46:59] regretChangePotential 60% (1414/2356) regret=0.033394 ape=0.5152
[21:47:00] regretChangePotential 60% (1415/2356) regret=0.033394 ape=0.5152
[21:47:00] regretChangePotential 60% (1416/2356) regret=0.033394 ape=0.5152
[21:47:00] regretChangePotential 60% (1417/2356) regret=0.033330 ape=0.5152
[21:47:00] regretChangePotential 60% (1418/2356) regret=0.033100 ape=0.5143
[21:47:00] regretChangePotential 60% (1419/2356) regret=0.033049 ape=0.5143
[21:47:01] regretChangePotential 60% (1420/2356) regret=0.033049 ape=0.5143
[21:47:01] regretChangePotential 60% (1421/2356) regret=0.033049 ape=0.5143
[21:47:01] regretChangePotential 60% (1422/2356) regret=0.033049 ape=0.5143
[21:47:01] regretChangePotential 60% (1423/2356) regret=0.033049 ape=0.5143
[21:47:01] regretChangePotential 60% (1424/2356) regret=0.033049 ape=0.5143
[21:47:02] regretChangePotential 60% (1425/2356) regret=0.033049 ape=0.5143
[21:47:02] regretChangePotential 60% (1426/2356) regret=0.033049 ape=0.5143
[21:47:02] regretChangePotential 60% (1427/2356) regret=0.033132 ape=0.5143
[21:47:02] regretChangePotential 60% (1428/2356) regret=0.033132 ape=0.5143
[21:47:02] regretChangePotential 60% (1429/2356) regret=0.033132 ape=0.5143
[21:47:02] regretChangePotential 60% (1430/2356) regret=0.033132 ape=0.5143
[21:47:03] regretChangePotential 60% (1431/2356) regret=0.033132 ape=0.5143
[21:47:03] regretChangePotential 60% (1432/2356) regret=0.033132 ape=0.5143
[21:47:03] regretChangePotential 60% (1433/2356) regret=0.033132 ape=0.5143
[21:47:03] regretChangePotential 60% (1434/2356) regret=0.033132 ape=0.5143
[21:47:03] regretChangePotential 60% (1435/2356) regret=0.033132 ape=0.5143
[21:47:04] regretChangePotential 60% (1436/2356) regret=0.033132 ape=0.5143
[21:47:04] regretChangePotential 60% (1437/2356) regret=0.033132 ape=0.5143
[21:47:04] regretChangePotential 61% (1438/2356) regret=0.033132 ape=0.5143
[21:47:04] regretChangePotential 61% (1439/2356) regret=0.033132 ape=0.5143
[21:47:04] regretChangePotential 61% (1440/2356) regret=0.033132 ape=0.5143
[21:47:05] regretChangePotential 61% (1441/2356) regret=0.033132 ape=0.5143
[21:47:05] regretChangePotential 61% (1442/2356) regret=0.033132 ape=0.5143
[21:47:05] regretChangePotential 61% (1443/2356) regret=0.033132 ape=0.5143
[21:47:05] regretChangePotential 61% (1444/2356) regret=0.033132 ape=0.5143
[21:47:05] regretChangePotential 61% (1445/2356) regret=0.033132 ape=0.5143
[21:47:05] regretChangePotential 61% (1446/2356) regret=0.033132 ape=0.5143
[21:47:06] regretChangePotential 61% (1447/2356) regret=0.033132 ape=0.5143
[21:47:06] regretChangePotential 61% (1448/2356) regret=0.033132 ape=0.5143
[21:47:06] regretChangePotential 61% (1449/2356) regret=0.033132 ape=0.5143
[21:47:06] regretChangePotential 61% (1450/2356) regret=0.033132 ape=0.5143
[21:47:06] regretChangePotential 61% (1451/2356) regret=0.033132 ape=0.5143
[21:47:07] regretChangePotential 61% (1452/2356) regret=0.033132 ape=0.5143
[21:47:07] regretChangePotential 61% (1453/2356) regret=0.033132 ape=0.5143
[21:47:07] regretChangePotential 61% (1454/2356) regret=0.033132 ape=0.5143
[21:47:07] regretChangePotential 61% (1455/2356) regret=0.033132 ape=0.5143
[21:47:07] regretChangePotential 61% (1456/2356) regret=0.033132 ape=0.5143
[21:47:07] regretChangePotential 61% (1457/2356) regret=0.033132 ape=0.5143
[21:47:08] regretChangePotential 61% (1458/2356) regret=0.033132 ape=0.5143
[21:47:08] regretChangePotential 61% (1459/2356) regret=0.033132 ape=0.5143
[21:47:08] regretChangePotential 61% (1460/2356) regret=0.033132 ape=0.5143
[21:47:08] regretChangePotential 62% (1461/2356) regret=0.033132 ape=0.5143
[21:47:08] regretChangePotential 62% (1462/2356) regret=0.033132 ape=0.5143
[21:47:09] regretChangePotential 62% (1463/2356) regret=0.033132 ape=0.5143
[21:47:09] regretChangePotential 62% (1464/2356) regret=0.033132 ape=0.5143
[21:47:09] regretChangePotential 62% (1465/2356) regret=0.033132 ape=0.5143
[21:47:09] regretChangePotential 62% (1466/2356) regret=0.033132 ape=0.5143
[21:47:09] regretChangePotential 62% (1467/2356) regret=0.033132 ape=0.5143
[21:47:09] regretChangePotential 62% (1468/2356) regret=0.033132 ape=0.5143
[21:47:10] regretChangePotential 62% (1469/2356) regret=0.033132 ape=0.5143
[21:47:10] regretChangePotential 62% (1470/2356) regret=0.033132 ape=0.5143
[21:47:10] regretChangePotential 62% (1471/2356) regret=0.033132 ape=0.5143
[21:47:10] regretChangePotential 62% (1472/2356) regret=0.033132 ape=0.5143
[21:47:10] regretChangePotential 62% (1473/2356) regret=0.033132 ape=0.5143
[21:47:11] regretChangePotential 62% (1474/2356) regret=0.033132 ape=0.5143
[21:47:11] regretChangePotential 62% (1475/2356) regret=0.033132 ape=0.5143
[21:47:11] regretChangePotential 62% (1476/2356) regret=0.033132 ape=0.5143
[21:47:11] regretChangePotential 62% (1477/2356) regret=0.033132 ape=0.5143
[21:47:11] regretChangePotential 62% (1478/2356) regret=0.033132 ape=0.5143
[21:47:12] regretChangePotential 62% (1479/2356) regret=0.033132 ape=0.5143
[21:47:12] regretChangePotential 62% (1480/2356) regret=0.033132 ape=0.5143
[21:47:12] regretChangePotential 62% (1481/2356) regret=0.033063 ape=0.5134
[21:47:12] regretChangePotential 62% (1482/2356) regret=0.033063 ape=0.5134
[21:47:12] regretChangePotential 62% (1483/2356) regret=0.033063 ape=0.5134
[21:47:12] regretChangePotential 62% (1484/2356) regret=0.033063 ape=0.5134
[21:47:13] regretChangePotential 63% (1485/2356) regret=0.033063 ape=0.5134
[21:47:13] regretChangePotential 63% (1486/2356) regret=0.033063 ape=0.5134
[21:47:13] regretChangePotential 63% (1487/2356) regret=0.033063 ape=0.5134
[21:47:13] regretChangePotential 63% (1488/2356) regret=0.032926 ape=0.5143
[21:47:13] regretChangePotential 63% (1489/2356) regret=0.032926 ape=0.5143
[21:47:14] regretChangePotential 63% (1490/2356) regret=0.032926 ape=0.5143
[21:47:14] regretChangePotential 63% (1491/2356) regret=0.032926 ape=0.5143
[21:47:14] regretChangePotential 63% (1492/2356) regret=0.032926 ape=0.5143
[21:47:14] regretChangePotential 63% (1493/2356) regret=0.032926 ape=0.5143
[21:47:14] regretChangePotential 63% (1494/2356) regret=0.032890 ape=0.5134
[21:47:15] regretChangePotential 63% (1495/2356) regret=0.032894 ape=0.5134
[21:47:15] regretChangePotential 63% (1496/2356) regret=0.032894 ape=0.5134
[21:47:15] regretChangePotential 63% (1497/2356) regret=0.032894 ape=0.5134
[21:47:15] regretChangePotential 63% (1498/2356) regret=0.032848 ape=0.5124
[21:47:15] regretChangePotential 63% (1499/2356) regret=0.032609 ape=0.5115
[21:47:16] regretChangePotential 63% (1500/2356) regret=0.032609 ape=0.5115
[21:47:16] regretChangePotential 63% (1501/2356) regret=0.032609 ape=0.5115
[21:47:16] regretChangePotential 63% (1502/2356) regret=0.032489 ape=0.5106
[21:47:16] regretChangePotential 63% (1503/2356) regret=0.032544 ape=0.5106
[21:47:16] regretChangePotential 63% (1504/2356) regret=0.032544 ape=0.5106
[21:47:17] regretChangePotential 63% (1505/2356) regret=0.032406 ape=0.5097
[21:47:17] regretChangePotential 63% (1506/2356) regret=0.032406 ape=0.5097
[21:47:17] regretChangePotential 63% (1507/2356) regret=0.032406 ape=0.5097
[21:47:17] regretChangePotential 64% (1508/2356) regret=0.032406 ape=0.5097
[21:47:17] regretChangePotential 64% (1509/2356) regret=0.032473 ape=0.5106
[21:47:17] regretChangePotential 64% (1510/2356) regret=0.032489 ape=0.5097
[21:47:18] regretChangePotential 64% (1511/2356) regret=0.032489 ape=0.5097
[21:47:18] regretChangePotential 64% (1512/2356) regret=0.032489 ape=0.5097
[21:47:18] regretChangePotential 64% (1513/2356) regret=0.032489 ape=0.5097
[21:47:18] regretChangePotential 64% (1514/2356) regret=0.032489 ape=0.5097
[21:47:18] regretChangePotential 64% (1515/2356) regret=0.032489 ape=0.5097
[21:47:19] regretChangePotential 64% (1516/2356) regret=0.032489 ape=0.5097
[21:47:19] regretChangePotential 64% (1517/2356) regret=0.032489 ape=0.5097
[21:47:19] regretChangePotential 64% (1518/2356) regret=0.032489 ape=0.5097
[21:47:19] regretChangePotential 64% (1519/2356) regret=0.032489 ape=0.5097
[21:47:19] regretChangePotential 64% (1520/2356) regret=0.032493 ape=0.5097
[21:47:20] regretChangePotential 64% (1521/2356) regret=0.032493 ape=0.5097
[21:47:20] regretChangePotential 64% (1522/2356) regret=0.032493 ape=0.5097
[21:47:20] regretChangePotential 64% (1523/2356) regret=0.032493 ape=0.5097
[21:47:20] regretChangePotential 64% (1524/2356) regret=0.032258 ape=0.5088
[21:47:20] regretChangePotential 64% (1525/2356) regret=0.032258 ape=0.5088
[21:47:20] regretChangePotential 64% (1526/2356) regret=0.032258 ape=0.5088
[21:47:21] regretChangePotential 64% (1527/2356) regret=0.032221 ape=0.5088
[21:47:21] regretChangePotential 64% (1528/2356) regret=0.032221 ape=0.5088
[21:47:21] regretChangePotential 64% (1529/2356) regret=0.032221 ape=0.5088
[21:47:21] regretChangePotential 64% (1530/2356) regret=0.032056 ape=0.5088
[21:47:21] regretChangePotential 64% (1531/2356) regret=0.032056 ape=0.5088
[21:47:22] regretChangePotential 65% (1532/2356) regret=0.032000 ape=0.5078
[21:47:22] regretChangePotential 65% (1533/2356) regret=0.032000 ape=0.5078
[21:47:22] regretChangePotential 65% (1534/2356) regret=0.032000 ape=0.5078
[21:47:22] regretChangePotential 65% (1535/2356) regret=0.032040 ape=0.5078
[21:47:22] regretChangePotential 65% (1536/2356) regret=0.032000 ape=0.5078
[21:47:23] regretChangePotential 65% (1537/2356) regret=0.032000 ape=0.5078
[21:47:23] regretChangePotential 65% (1538/2356) regret=0.031945 ape=0.5069
[21:47:23] regretChangePotential 65% (1539/2356) regret=0.031917 ape=0.5060
[21:47:23] regretChangePotential 65% (1540/2356) regret=0.031936 ape=0.5069
[21:47:23] regretChangePotential 65% (1541/2356) regret=0.031936 ape=0.5069
[21:47:24] regretChangePotential 65% (1542/2356) regret=0.031931 ape=0.5060
[21:47:24] regretChangePotential 65% (1543/2356) regret=0.031931 ape=0.5060
[21:47:24] regretChangePotential 65% (1544/2356) regret=0.031885 ape=0.5051
[21:47:24] regretChangePotential 65% (1545/2356) regret=0.031885 ape=0.5051
[21:47:24] regretChangePotential 65% (1546/2356) regret=0.031885 ape=0.5051
[21:47:25] regretChangePotential 65% (1547/2356) regret=0.031931 ape=0.5051
[21:47:25] regretChangePotential 65% (1548/2356) regret=0.032005 ape=0.5051
[21:47:25] regretChangePotential 65% (1549/2356) regret=0.031885 ape=0.5051
[21:47:25] regretChangePotential 65% (1550/2356) regret=0.031885 ape=0.5051
[21:47:25] regretChangePotential 65% (1551/2356) regret=0.031719 ape=0.5051
[21:47:26] regretChangePotential 65% (1552/2356) regret=0.031719 ape=0.5051
[21:47:26] regretChangePotential 65% (1553/2356) regret=0.031650 ape=0.5051
[21:47:26] regretChangePotential 65% (1554/2356) regret=0.031503 ape=0.5051
[21:47:26] regretChangePotential 66% (1555/2356) regret=0.031503 ape=0.5051
[21:47:26] regretChangePotential 66% (1556/2356) regret=0.031496 ape=0.5051
[21:47:26] regretChangePotential 66% (1557/2356) regret=0.031496 ape=0.5051
[21:47:27] regretChangePotential 66% (1558/2356) regret=0.031496 ape=0.5051
[21:47:27] regretChangePotential 66% (1559/2356) regret=0.031413 ape=0.5051
[21:47:27] regretChangePotential 66% (1560/2356) regret=0.031383 ape=0.5051
[21:47:27] regretChangePotential 66% (1561/2356) regret=0.031383 ape=0.5051
[21:47:27] regretChangePotential 66% (1562/2356) regret=0.031368 ape=0.5041
[21:47:28] regretChangePotential 66% (1563/2356) regret=0.031276 ape=0.5041
[21:47:28] regretChangePotential 66% (1564/2356) regret=0.031161 ape=0.5041
[21:47:28] regretChangePotential 66% (1565/2356) regret=0.031161 ape=0.5041
[21:47:28] regretChangePotential 66% (1566/2356) regret=0.031161 ape=0.5041
[21:47:28] regretChangePotential 66% (1567/2356) regret=0.031319 ape=0.5041
[21:47:29] regretChangePotential 66% (1568/2356) regret=0.031146 ape=0.5032
[21:47:29] regretChangePotential 66% (1569/2356) regret=0.031146 ape=0.5032
[21:47:29] regretChangePotential 66% (1570/2356) regret=0.031146 ape=0.5032
[21:47:29] regretChangePotential 66% (1571/2356) regret=0.031146 ape=0.5032
[21:47:29] regretChangePotential 66% (1572/2356) regret=0.031146 ape=0.5032
[21:47:30] regretChangePotential 66% (1573/2356) regret=0.031146 ape=0.5032
[21:47:30] regretChangePotential 66% (1574/2356) regret=0.031146 ape=0.5032
[21:47:30] regretChangePotential 66% (1575/2356) regret=0.031146 ape=0.5032
[21:47:30] regretChangePotential 66% (1576/2356) regret=0.031146 ape=0.5032
[21:47:30] regretChangePotential 66% (1577/2356) regret=0.031146 ape=0.5032
[21:47:31] regretChangePotential 66% (1578/2356) regret=0.031146 ape=0.5032
[21:47:31] regretChangePotential 67% (1579/2356) regret=0.031146 ape=0.5032
[21:47:31] regretChangePotential 67% (1580/2356) regret=0.031146 ape=0.5032
[21:47:31] regretChangePotential 67% (1581/2356) regret=0.031146 ape=0.5032
[21:47:31] regretChangePotential 67% (1582/2356) regret=0.031146 ape=0.5032
[21:47:32] regretChangePotential 67% (1583/2356) regret=0.031146 ape=0.5032
[21:47:32] regretChangePotential 67% (1584/2356) regret=0.031146 ape=0.5032
[21:47:32] regretChangePotential 67% (1585/2356) regret=0.031146 ape=0.5032
[21:47:32] regretChangePotential 67% (1586/2356) regret=0.031146 ape=0.5032
[21:47:32] regretChangePotential 67% (1587/2356) regret=0.031146 ape=0.5032
[21:47:32] regretChangePotential 67% (1588/2356) regret=0.031146 ape=0.5032
[21:47:33] regretChangePotential 67% (1589/2356) regret=0.031146 ape=0.5032
[21:47:33] regretChangePotential 67% (1590/2356) regret=0.031146 ape=0.5032
[21:47:33] regretChangePotential 67% (1591/2356) regret=0.031118 ape=0.5032
[21:47:33] regretChangePotential 67% (1592/2356) regret=0.031118 ape=0.5032
[21:47:33] regretChangePotential 67% (1593/2356) regret=0.031118 ape=0.5032
[21:47:34] regretChangePotential 67% (1594/2356) regret=0.031118 ape=0.5032
[21:47:34] regretChangePotential 67% (1595/2356) regret=0.031161 ape=0.5032
[21:47:34] regretChangePotential 67% (1596/2356) regret=0.031138 ape=0.5032
[21:47:34] regretChangePotential 67% (1597/2356) regret=0.031138 ape=0.5032
[21:47:34] regretChangePotential 67% (1598/2356) regret=0.031138 ape=0.5032
[21:47:34] regretChangePotential 67% (1599/2356) regret=0.031138 ape=0.5032
[21:47:35] regretChangePotential 67% (1600/2356) regret=0.031138 ape=0.5032
[21:47:35] regretChangePotential 67% (1601/2356) regret=0.031138 ape=0.5032
[21:47:35] regretChangePotential 67% (1602/2356) regret=0.031117 ape=0.5023
[21:47:35] regretChangePotential 68% (1603/2356) regret=0.031117 ape=0.5023
[21:47:35] regretChangePotential 68% (1604/2356) regret=0.031117 ape=0.5023
[21:47:36] regretChangePotential 68% (1605/2356) regret=0.031117 ape=0.5023
[21:47:36] regretChangePotential 68% (1606/2356) regret=0.031117 ape=0.5023
[21:47:36] regretChangePotential 68% (1607/2356) regret=0.031117 ape=0.5023
[21:47:36] regretChangePotential 68% (1608/2356) regret=0.031117 ape=0.5023
[21:47:36] regretChangePotential 68% (1609/2356) regret=0.031117 ape=0.5023
[21:47:37] regretChangePotential 68% (1610/2356) regret=0.031117 ape=0.5023
[21:47:37] regretChangePotential 68% (1611/2356) regret=0.031117 ape=0.5023
[21:47:37] regretChangePotential 68% (1612/2356) regret=0.031117 ape=0.5023
[21:47:37] regretChangePotential 68% (1613/2356) regret=0.031117 ape=0.5023
[21:47:37] regretChangePotential 68% (1614/2356) regret=0.031117 ape=0.5023
[21:47:38] regretChangePotential 68% (1615/2356) regret=0.031117 ape=0.5023
[21:47:38] regretChangePotential 68% (1616/2356) regret=0.031117 ape=0.5023
[21:47:38] regretChangePotential 68% (1617/2356) regret=0.031117 ape=0.5023
[21:47:38] regretChangePotential 68% (1618/2356) regret=0.031117 ape=0.5023
[21:47:38] regretChangePotential 68% (1619/2356) regret=0.031117 ape=0.5023
[21:47:38] regretChangePotential 68% (1620/2356) regret=0.031117 ape=0.5023
[21:47:39] regretChangePotential 68% (1621/2356) regret=0.031117 ape=0.5023
[21:47:39] regretChangePotential 68% (1622/2356) regret=0.031117 ape=0.5023
[21:47:39] regretChangePotential 68% (1623/2356) regret=0.031117 ape=0.5023
[21:47:39] regretChangePotential 68% (1624/2356) regret=0.031117 ape=0.5023
[21:47:39] regretChangePotential 68% (1625/2356) regret=0.031090 ape=0.5023
[21:47:40] regretChangePotential 69% (1626/2356) regret=0.031090 ape=0.5023
[21:47:40] regretChangePotential 69% (1627/2356) regret=0.031090 ape=0.5023
[21:47:40] regretChangePotential 69% (1628/2356) regret=0.031090 ape=0.5023
[21:47:40] regretChangePotential 69% (1629/2356) regret=0.031090 ape=0.5023
[21:47:40] regretChangePotential 69% (1630/2356) regret=0.031090 ape=0.5023
[21:47:41] regretChangePotential 69% (1631/2356) regret=0.031090 ape=0.5023
[21:47:41] regretChangePotential 69% (1632/2356) regret=0.031090 ape=0.5023
[21:47:41] regretChangePotential 69% (1633/2356) regret=0.031090 ape=0.5023
[21:47:41] regretChangePotential 69% (1634/2356) regret=0.031090 ape=0.5023
[21:47:41] regretChangePotential 69% (1635/2356) regret=0.031090 ape=0.5023
[21:47:41] regretChangePotential 69% (1636/2356) regret=0.031090 ape=0.5023
[21:47:42] regretChangePotential 69% (1637/2356) regret=0.031090 ape=0.5023
[21:47:42] regretChangePotential 69% (1638/2356) regret=0.031090 ape=0.5023
[21:47:42] regretChangePotential 69% (1639/2356) regret=0.031090 ape=0.5023
[21:47:42] regretChangePotential 69% (1640/2356) regret=0.031090 ape=0.5023
[21:47:42] regretChangePotential 69% (1641/2356) regret=0.031090 ape=0.5023
[21:47:43] regretChangePotential 69% (1642/2356) regret=0.031090 ape=0.5023
[21:47:43] regretChangePotential 69% (1643/2356) regret=0.031090 ape=0.5023
[21:47:43] regretChangePotential 69% (1644/2356) regret=0.031090 ape=0.5023
[21:47:43] regretChangePotential 69% (1645/2356) regret=0.031090 ape=0.5023
[21:47:43] regretChangePotential 69% (1646/2356) regret=0.031090 ape=0.5023
[21:47:43] regretChangePotential 69% (1647/2356) regret=0.031048 ape=0.5023
[21:47:44] regretChangePotential 69% (1648/2356) regret=0.031048 ape=0.5023
[21:47:44] regretChangePotential 69% (1649/2356) regret=0.030962 ape=0.5023
[21:47:44] regretChangePotential 70% (1650/2356) regret=0.030833 ape=0.5014
[21:47:44] regretChangePotential 70% (1651/2356) regret=0.030833 ape=0.5014
[21:47:44] regretChangePotential 70% (1652/2356) regret=0.030833 ape=0.5014
[21:47:45] regretChangePotential 70% (1653/2356) regret=0.030866 ape=0.5014
[21:47:45] regretChangePotential 70% (1654/2356) regret=0.030803 ape=0.5014
[21:47:45] regretChangePotential 70% (1655/2356) regret=0.030801 ape=0.5014
[21:47:45] regretChangePotential 70% (1656/2356) regret=0.030801 ape=0.5014
[21:47:45] regretChangePotential 70% (1657/2356) regret=0.030801 ape=0.5014
[21:47:45] regretChangePotential 70% (1658/2356) regret=0.030801 ape=0.5014
[21:47:46] regretChangePotential 70% (1659/2356) regret=0.030801 ape=0.5014
[21:47:46] regretChangePotential 70% (1660/2356) regret=0.030552 ape=0.5014
[21:47:46] regretChangePotential 70% (1661/2356) regret=0.030552 ape=0.5014
[21:47:46] regretChangePotential 70% (1662/2356) regret=0.030460 ape=0.5014
[21:47:46] regretChangePotential 70% (1663/2356) regret=0.030552 ape=0.5014
[21:47:46] regretChangePotential 70% (1664/2356) regret=0.030552 ape=0.5014
[21:47:47] regretChangePotential 70% (1665/2356) regret=0.030552 ape=0.5014
[21:47:47] regretChangePotential 70% (1666/2356) regret=0.030552 ape=0.5014
[21:47:47] regretChangePotential 70% (1667/2356) regret=0.030552 ape=0.5014
[21:47:47] regretChangePotential 70% (1668/2356) regret=0.030552 ape=0.5014
[21:47:47] regretChangePotential 70% (1669/2356) regret=0.030552 ape=0.5014
[21:47:47] regretChangePotential 70% (1670/2356) regret=0.030552 ape=0.5014
[21:47:48] regretChangePotential 70% (1671/2356) regret=0.030552 ape=0.5014
[21:47:48] regretChangePotential 70% (1672/2356) regret=0.030552 ape=0.5014
[21:47:48] regretChangePotential 71% (1673/2356) regret=0.030253 ape=0.5005
[21:47:48] regretChangePotential 71% (1674/2356) regret=0.030253 ape=0.5005
[21:47:48] regretChangePotential 71% (1675/2356) regret=0.030253 ape=0.5005
[21:47:49] regretChangePotential 71% (1676/2356) regret=0.030253 ape=0.5005
[21:47:49] regretChangePotential 71% (1677/2356) regret=0.030253 ape=0.5005
[21:47:49] regretChangePotential 71% (1678/2356) regret=0.030253 ape=0.5005
[21:47:49] regretChangePotential 71% (1679/2356) regret=0.030216 ape=0.4995
[21:47:49] regretChangePotential 71% (1680/2356) regret=0.030262 ape=0.4995
[21:47:49] regretChangePotential 71% (1681/2356) regret=0.030262 ape=0.4995
[21:47:50] regretChangePotential 71% (1682/2356) regret=0.030262 ape=0.4995
[21:47:50] regretChangePotential 71% (1683/2356) regret=0.030262 ape=0.4995
[21:47:50] regretChangePotential 71% (1684/2356) regret=0.030262 ape=0.4995
[21:47:50] regretChangePotential 71% (1685/2356) regret=0.030326 ape=0.4995
[21:47:50] regretChangePotential 71% (1686/2356) regret=0.030262 ape=0.4995
[21:47:51] regretChangePotential 71% (1687/2356) regret=0.030262 ape=0.4995
[21:47:51] regretChangePotential 71% (1688/2356) regret=0.030262 ape=0.4995
[21:47:51] regretChangePotential 71% (1689/2356) regret=0.030262 ape=0.4995
[21:47:51] regretChangePotential 71% (1690/2356) regret=0.030262 ape=0.4995
[21:47:51] regretChangePotential 71% (1691/2356) regret=0.030262 ape=0.4995
[21:47:52] regretChangePotential 71% (1692/2356) regret=0.030262 ape=0.4995
[21:47:52] regretChangePotential 71% (1693/2356) regret=0.030262 ape=0.4995
[21:47:52] regretChangePotential 71% (1694/2356) regret=0.030262 ape=0.4995
[21:47:52] regretChangePotential 71% (1695/2356) regret=0.030262 ape=0.4995
[21:47:52] regretChangePotential 71% (1696/2356) regret=0.030262 ape=0.4995
[21:47:52] regretChangePotential 72% (1697/2356) regret=0.030340 ape=0.5005
[21:47:53] regretChangePotential 72% (1698/2356) regret=0.030331 ape=0.5005
[21:47:53] regretChangePotential 72% (1699/2356) regret=0.030340 ape=0.5005
[21:47:53] regretChangePotential 72% (1700/2356) regret=0.030340 ape=0.5005
[21:47:53] regretChangePotential 72% (1701/2356) regret=0.030340 ape=0.5005
[21:47:53] regretChangePotential 72% (1702/2356) regret=0.030340 ape=0.5005
[21:47:53] regretChangePotential 72% (1703/2356) regret=0.030340 ape=0.5005
[21:47:54] regretChangePotential 72% (1704/2356) regret=0.030340 ape=0.5005
[21:47:54] regretChangePotential 72% (1705/2356) regret=0.030320 ape=0.5005
[21:47:54] regretChangePotential 72% (1706/2356) regret=0.030320 ape=0.5005
[21:47:54] regretChangePotential 72% (1707/2356) regret=0.030661 ape=0.5014
[21:47:54] regretChangePotential 72% (1708/2356) regret=0.030661 ape=0.5014
[21:47:54] regretChangePotential 72% (1709/2356) regret=0.030661 ape=0.5014
[21:47:54] regretChangePotential 72% (1710/2356) regret=0.030661 ape=0.5014
[21:47:55] regretChangePotential 72% (1711/2356) regret=0.030636 ape=0.5005
[21:47:55] regretChangePotential 72% (1712/2356) regret=0.030636 ape=0.5005
[21:47:55] regretChangePotential 72% (1713/2356) regret=0.030636 ape=0.5005
[21:47:55] regretChangePotential 72% (1714/2356) regret=0.030636 ape=0.5005
[21:47:55] regretChangePotential 72% (1715/2356) regret=0.030636 ape=0.5005
[21:47:55] regretChangePotential 72% (1716/2356) regret=0.030636 ape=0.5005
[21:47:56] regretChangePotential 72% (1717/2356) regret=0.030719 ape=0.5005
[21:47:56] regretChangePotential 72% (1718/2356) regret=0.030636 ape=0.5005
[21:47:56] regretChangePotential 72% (1719/2356) regret=0.030636 ape=0.5005
[21:47:56] regretChangePotential 73% (1720/2356) regret=0.030636 ape=0.5005
[21:47:56] regretChangePotential 73% (1721/2356) regret=0.030636 ape=0.5005
[21:47:56] regretChangePotential 73% (1722/2356) regret=0.030636 ape=0.5005
[21:47:56] regretChangePotential 73% (1723/2356) regret=0.030636 ape=0.5005
[21:47:57] regretChangePotential 73% (1724/2356) regret=0.030636 ape=0.5005
[21:47:57] regretChangePotential 73% (1725/2356) regret=0.030862 ape=0.5005
[21:47:57] regretChangePotential 73% (1726/2356) regret=0.030862 ape=0.5005
[21:47:57] regretChangePotential 73% (1727/2356) regret=0.030862 ape=0.5005
[21:47:57] regretChangePotential 73% (1728/2356) regret=0.030862 ape=0.5005
[21:47:57] regretChangePotential 73% (1729/2356) regret=0.030862 ape=0.5005
[21:47:57] regretChangePotential 73% (1730/2356) regret=0.030760 ape=0.4995
[21:47:58] regretChangePotential 73% (1731/2356) regret=0.030774 ape=0.4995
[21:47:58] regretChangePotential 73% (1732/2356) regret=0.030774 ape=0.4995
[21:47:58] regretChangePotential 73% (1733/2356) regret=0.030774 ape=0.4995
[21:47:58] regretChangePotential 73% (1734/2356) regret=0.030774 ape=0.4995
[21:47:58] regretChangePotential 73% (1735/2356) regret=0.030779 ape=0.4995
[21:47:58] regretChangePotential 73% (1736/2356) regret=0.030779 ape=0.4995
[21:47:58] regretChangePotential 73% (1737/2356) regret=0.030779 ape=0.4995
[21:47:59] regretChangePotential 73% (1738/2356) regret=0.030779 ape=0.4995
[21:47:59] regretChangePotential 73% (1739/2356) regret=0.030779 ape=0.4995
[21:47:59] regretChangePotential 73% (1740/2356) regret=0.030779 ape=0.4995
[21:47:59] regretChangePotential 73% (1741/2356) regret=0.030779 ape=0.4995
[21:47:59] regretChangePotential 73% (1742/2356) regret=0.030779 ape=0.4995
[21:47:59] regretChangePotential 73% (1743/2356) regret=0.030779 ape=0.4995
[21:47:59] regretChangePotential 74% (1744/2356) regret=0.030779 ape=0.4995
[21:48:00] regretChangePotential 74% (1745/2356) regret=0.030779 ape=0.4995
[21:48:00] regretChangePotential 74% (1746/2356) regret=0.030779 ape=0.4995
[21:48:00] regretChangePotential 74% (1747/2356) regret=0.030779 ape=0.4995
[21:48:00] regretChangePotential 74% (1748/2356) regret=0.030779 ape=0.4995
[21:48:00] regretChangePotential 74% (1749/2356) regret=0.030779 ape=0.4995
[21:48:00] regretChangePotential 74% (1750/2356) regret=0.030779 ape=0.4995
[21:48:00] regretChangePotential 74% (1751/2356) regret=0.030779 ape=0.4995
[21:48:01] regretChangePotential 74% (1752/2356) regret=0.030779 ape=0.4995
[21:48:01] regretChangePotential 74% (1753/2356) regret=0.030779 ape=0.4995
[21:48:01] regretChangePotential 74% (1754/2356) regret=0.030779 ape=0.4995
[21:48:01] regretChangePotential 74% (1755/2356) regret=0.030829 ape=0.5005
[21:48:01] regretChangePotential 74% (1756/2356) regret=0.030829 ape=0.5005
[21:48:01] regretChangePotential 74% (1757/2356) regret=0.030829 ape=0.5005
[21:48:01] regretChangePotential 74% (1758/2356) regret=0.030675 ape=0.4995
[21:48:02] regretChangePotential 74% (1759/2356) regret=0.030675 ape=0.4995
[21:48:02] regretChangePotential 74% (1760/2356) regret=0.030675 ape=0.4995
[21:48:02] regretChangePotential 74% (1761/2356) regret=0.030675 ape=0.4995
[21:48:02] regretChangePotential 74% (1762/2356) regret=0.030675 ape=0.4995
[21:48:02] regretChangePotential 74% (1763/2356) regret=0.030675 ape=0.4995
[21:48:02] regretChangePotential 74% (1764/2356) regret=0.030675 ape=0.4995
[21:48:02] regretChangePotential 74% (1765/2356) regret=0.030675 ape=0.4995
[21:48:03] regretChangePotential 74% (1766/2356) regret=0.030675 ape=0.4995
[21:48:03] regretChangePotential 75% (1767/2356) regret=0.030675 ape=0.4995
[21:48:03] regretChangePotential 75% (1768/2356) regret=0.030675 ape=0.4995
[21:48:03] regretChangePotential 75% (1769/2356) regret=0.030675 ape=0.4995
[21:48:03] regretChangePotential 75% (1770/2356) regret=0.030583 ape=0.4986
[21:48:03] regretChangePotential 75% (1771/2356) regret=0.030583 ape=0.4986
[21:48:03] regretChangePotential 75% (1772/2356) regret=0.030583 ape=0.4986
[21:48:04] regretChangePotential 75% (1773/2356) regret=0.030583 ape=0.4986
[21:48:04] regretChangePotential 75% (1774/2356) regret=0.030583 ape=0.4986
[21:48:04] regretChangePotential 75% (1775/2356) regret=0.030583 ape=0.4986
[21:48:04] regretChangePotential 75% (1776/2356) regret=0.030583 ape=0.4986
[21:48:04] regretChangePotential 75% (1777/2356) regret=0.030583 ape=0.4986
[21:48:04] regretChangePotential 75% (1778/2356) regret=0.030583 ape=0.4986
[21:48:04] regretChangePotential 75% (1779/2356) regret=0.030583 ape=0.4986
[21:48:05] regretChangePotential 75% (1780/2356) regret=0.030583 ape=0.4986
[21:48:05] regretChangePotential 75% (1781/2356) regret=0.030583 ape=0.4986
[21:48:05] regretChangePotential 75% (1782/2356) regret=0.030583 ape=0.4986
[21:48:05] regretChangePotential 75% (1783/2356) regret=0.030357 ape=0.4986
[21:48:05] regretChangePotential 75% (1784/2356) regret=0.030357 ape=0.4986
[21:48:05] regretChangePotential 75% (1785/2356) regret=0.030357 ape=0.4986
[21:48:05] regretChangePotential 75% (1786/2356) regret=0.030357 ape=0.4986
[21:48:05] regretChangePotential 75% (1787/2356) regret=0.030357 ape=0.4986
[21:48:06] regretChangePotential 75% (1788/2356) regret=0.030357 ape=0.4986
[21:48:06] regretChangePotential 75% (1789/2356) regret=0.030016 ape=0.4977
[21:48:06] regretChangePotential 75% (1790/2356) regret=0.030016 ape=0.4977
[21:48:06] regretChangePotential 76% (1791/2356) regret=0.030016 ape=0.4977
[21:48:06] regretChangePotential 76% (1792/2356) regret=0.030016 ape=0.4977
[21:48:06] regretChangePotential 76% (1793/2356) regret=0.030048 ape=0.4977
[21:48:06] regretChangePotential 76% (1794/2356) regret=0.030048 ape=0.4977
[21:48:07] regretChangePotential 76% (1795/2356) regret=0.029991 ape=0.4968
[21:48:07] regretChangePotential 76% (1796/2356) regret=0.029991 ape=0.4968
[21:48:07] regretChangePotential 76% (1797/2356) regret=0.029991 ape=0.4968
[21:48:07] regretChangePotential 76% (1798/2356) regret=0.029991 ape=0.4968
[21:48:07] regretChangePotential 76% (1799/2356) regret=0.029971 ape=0.4968
[21:48:07] regretChangePotential 76% (1800/2356) regret=0.029643 ape=0.4968
[21:48:07] regretChangePotential 76% (1801/2356) regret=0.029643 ape=0.4968
[21:48:08] regretChangePotential 76% (1802/2356) regret=0.029731 ape=0.4977
[21:48:08] regretChangePotential 76% (1803/2356) regret=0.029731 ape=0.4977
[21:48:08] regretChangePotential 76% (1804/2356) regret=0.029731 ape=0.4977
[21:48:08] regretChangePotential 76% (1805/2356) regret=0.029888 ape=0.4986
[21:48:08] regretChangePotential 76% (1806/2356) regret=0.029731 ape=0.4977
[21:48:08] regretChangePotential 76% (1807/2356) regret=0.029731 ape=0.4977
[21:48:09] regretChangePotential 76% (1808/2356) regret=0.029731 ape=0.4977
[21:48:09] regretChangePotential 76% (1809/2356) regret=0.029731 ape=0.4977
[21:48:09] regretChangePotential 76% (1810/2356) regret=0.029792 ape=0.4986
[21:48:09] regretChangePotential 76% (1811/2356) regret=0.029792 ape=0.4986
[21:48:09] regretChangePotential 76% (1812/2356) regret=0.029829 ape=0.4986
[21:48:09] regretChangePotential 76% (1813/2356) regret=0.029829 ape=0.4986
[21:48:09] regretChangePotential 76% (1814/2356) regret=0.029829 ape=0.4986
[21:48:10] regretChangePotential 77% (1815/2356) regret=0.029829 ape=0.4986
[21:48:10] regretChangePotential 77% (1816/2356) regret=0.029829 ape=0.4986
[21:48:10] regretChangePotential 77% (1817/2356) regret=0.029829 ape=0.4986
[21:48:10] regretChangePotential 77% (1818/2356) regret=0.029815 ape=0.4986
[21:48:10] regretChangePotential 77% (1819/2356) regret=0.029815 ape=0.4986
[21:48:10] regretChangePotential 77% (1820/2356) regret=0.029866 ape=0.4986
[21:48:11] regretChangePotential 77% (1821/2356) regret=0.029829 ape=0.4986
[21:48:11] regretChangePotential 77% (1822/2356) regret=0.029829 ape=0.4986
[21:48:11] regretChangePotential 77% (1823/2356) regret=0.029829 ape=0.4986
[21:48:11] regretChangePotential 77% (1824/2356) regret=0.029829 ape=0.4986
[21:48:11] regretChangePotential 77% (1825/2356) regret=0.029829 ape=0.4986
[21:48:11] regretChangePotential 77% (1826/2356) regret=0.029955 ape=0.4986
[21:48:11] regretChangePotential 77% (1827/2356) regret=0.029882 ape=0.4977
[21:48:12] regretChangePotential 77% (1828/2356) regret=0.029955 ape=0.4986
[21:48:12] regretChangePotential 77% (1829/2356) regret=0.029955 ape=0.4986
[21:48:12] regretChangePotential 77% (1830/2356) regret=0.029955 ape=0.4986
[21:48:12] regretChangePotential 77% (1831/2356) regret=0.030057 ape=0.4995
[21:48:12] regretChangePotential 77% (1832/2356) regret=0.030057 ape=0.4995
[21:48:12] regretChangePotential 77% (1833/2356) regret=0.029984 ape=0.4995
[21:48:12] regretChangePotential 77% (1834/2356) regret=0.029984 ape=0.4995
[21:48:13] regretChangePotential 77% (1835/2356) regret=0.029984 ape=0.4995
[21:48:13] regretChangePotential 77% (1836/2356) regret=0.029984 ape=0.4995
[21:48:13] regretChangePotential 77% (1837/2356) regret=0.029984 ape=0.4995
[21:48:13] regretChangePotential 78% (1838/2356) regret=0.029984 ape=0.4995
[21:48:13] regretChangePotential 78% (1839/2356) regret=0.029984 ape=0.4995
[21:48:13] regretChangePotential 78% (1840/2356) regret=0.029984 ape=0.4995
[21:48:13] regretChangePotential 78% (1841/2356) regret=0.029984 ape=0.4995
[21:48:14] regretChangePotential 78% (1842/2356) regret=0.029984 ape=0.4995
[21:48:14] regretChangePotential 78% (1843/2356) regret=0.029682 ape=0.4986
[21:48:14] regretChangePotential 78% (1844/2356) regret=0.029630 ape=0.4986
[21:48:14] regretChangePotential 78% (1845/2356) regret=0.029630 ape=0.4986
[21:48:14] regretChangePotential 78% (1846/2356) regret=0.029630 ape=0.4986
[21:48:14] regretChangePotential 78% (1847/2356) regret=0.029630 ape=0.4986
[21:48:14] regretChangePotential 78% (1848/2356) regret=0.029630 ape=0.4986
[21:48:15] regretChangePotential 78% (1849/2356) regret=0.029630 ape=0.4986
[21:48:15] regretChangePotential 78% (1850/2356) regret=0.029630 ape=0.4986
[21:48:15] regretChangePotential 78% (1851/2356) regret=0.029630 ape=0.4986
[21:48:15] regretChangePotential 78% (1852/2356) regret=0.029630 ape=0.4986
[21:48:15] regretChangePotential 78% (1853/2356) regret=0.029630 ape=0.4986
[21:48:15] regretChangePotential 78% (1854/2356) regret=0.029630 ape=0.4986
[21:48:15] regretChangePotential 78% (1855/2356) regret=0.029630 ape=0.4986
[21:48:15] regretChangePotential 78% (1856/2356) regret=0.029567 ape=0.4986
[21:48:16] regretChangePotential 78% (1857/2356) regret=0.029630 ape=0.4986
[21:48:16] regretChangePotential 78% (1858/2356) regret=0.029360 ape=0.4986
[21:48:16] regretChangePotential 78% (1859/2356) regret=0.029360 ape=0.4986
[21:48:16] regretChangePotential 78% (1860/2356) regret=0.029360 ape=0.4986
[21:48:16] regretChangePotential 78% (1861/2356) regret=0.029360 ape=0.4986
[21:48:16] regretChangePotential 79% (1862/2356) regret=0.029360 ape=0.4986
[21:48:17] regretChangePotential 79% (1863/2356) regret=0.029360 ape=0.4986
[21:48:17] regretChangePotential 79% (1864/2356) regret=0.029391 ape=0.4995
[21:48:17] regretChangePotential 79% (1865/2356) regret=0.029360 ape=0.4986
[21:48:17] regretChangePotential 79% (1866/2356) regret=0.029323 ape=0.4977
[21:48:17] regretChangePotential 79% (1867/2356) regret=0.029323 ape=0.4977
[21:48:17] regretChangePotential 79% (1868/2356) regret=0.029323 ape=0.4977
[21:48:17] regretChangePotential 79% (1869/2356) regret=0.029323 ape=0.4977
[21:48:18] regretChangePotential 79% (1870/2356) regret=0.029332 ape=0.4977
[21:48:18] regretChangePotential 79% (1871/2356) regret=0.029332 ape=0.4977
[21:48:18] regretChangePotential 79% (1872/2356) regret=0.029332 ape=0.4977
[21:48:18] regretChangePotential 79% (1873/2356) regret=0.029342 ape=0.4977
[21:48:18] regretChangePotential 79% (1874/2356) regret=0.029342 ape=0.4977
[21:48:18] regretChangePotential 79% (1875/2356) regret=0.029328 ape=0.4968
[21:48:18] regretChangePotential 79% (1876/2356) regret=0.029434 ape=0.4977
[21:48:19] regretChangePotential 79% (1877/2356) regret=0.029328 ape=0.4968
[21:48:19] regretChangePotential 79% (1878/2356) regret=0.029328 ape=0.4968
[21:48:19] regretChangePotential 79% (1879/2356) regret=0.029372 ape=0.4968
[21:48:19] regretChangePotential 79% (1880/2356) regret=0.029372 ape=0.4968
[21:48:19] regretChangePotential 79% (1881/2356) regret=0.029331 ape=0.4968
[21:48:19] regretChangePotential 79% (1882/2356) regret=0.029331 ape=0.4968
[21:48:19] regretChangePotential 79% (1883/2356) regret=0.029331 ape=0.4968
[21:48:20] regretChangePotential 79% (1884/2356) regret=0.029331 ape=0.4968
[21:48:20] regretChangePotential 80% (1885/2356) regret=0.029740 ape=0.4968
[21:48:20] regretChangePotential 80% (1886/2356) regret=0.029300 ape=0.4959
[21:48:20] regretChangePotential 80% (1887/2356) regret=0.029291 ape=0.4959
[21:48:20] regretChangePotential 80% (1888/2356) regret=0.029291 ape=0.4959
[21:48:20] regretChangePotential 80% (1889/2356) regret=0.029226 ape=0.4949
[21:48:20] regretChangePotential 80% (1890/2356) regret=0.029280 ape=0.4949
[21:48:21] regretChangePotential 80% (1891/2356) regret=0.029225 ape=0.4940
[21:48:21] regretChangePotential 80% (1892/2356) regret=0.029225 ape=0.4940
[21:48:21] regretChangePotential 80% (1893/2356) regret=0.029366 ape=0.4949
[21:48:21] regretChangePotential 80% (1894/2356) regret=0.029283 ape=0.4949
[21:48:21] regretChangePotential 80% (1895/2356) regret=0.029283 ape=0.4949
[21:48:21] regretChangePotential 80% (1896/2356) regret=0.029283 ape=0.4949
[21:48:21] regretChangePotential 80% (1897/2356) regret=0.029283 ape=0.4949
[21:48:22] regretChangePotential 80% (1898/2356) regret=0.029283 ape=0.4949
[21:48:22] regretChangePotential 80% (1899/2356) regret=0.029260 ape=0.4949
[21:48:22] regretChangePotential 80% (1900/2356) regret=0.029173 ape=0.4940
[21:48:22] regretChangePotential 80% (1901/2356) regret=0.029228 ape=0.4949
[21:48:22] regretChangePotential 80% (1902/2356) regret=0.029265 ape=0.4949
[21:48:22] regretChangePotential 80% (1903/2356) regret=0.029265 ape=0.4949
[21:48:23] regretChangePotential 80% (1904/2356) regret=0.029265 ape=0.4949
[21:48:23] regretChangePotential 80% (1905/2356) regret=0.029265 ape=0.4949
[21:48:23] regretChangePotential 80% (1906/2356) regret=0.029265 ape=0.4949
[21:48:23] regretChangePotential 80% (1907/2356) regret=0.029265 ape=0.4949
[21:48:23] regretChangePotential 80% (1908/2356) regret=0.029265 ape=0.4949
[21:48:23] regretChangePotential 81% (1909/2356) regret=0.029265 ape=0.4949
[21:48:23] regretChangePotential 81% (1910/2356) regret=0.029265 ape=0.4949
[21:48:24] regretChangePotential 81% (1911/2356) regret=0.029265 ape=0.4949
[21:48:24] regretChangePotential 81% (1912/2356) regret=0.029265 ape=0.4949
[21:48:24] regretChangePotential 81% (1913/2356) regret=0.029265 ape=0.4949
[21:48:24] regretChangePotential 81% (1914/2356) regret=0.029265 ape=0.4949
[21:48:24] regretChangePotential 81% (1915/2356) regret=0.029265 ape=0.4949
[21:48:24] regretChangePotential 81% (1916/2356) regret=0.029265 ape=0.4949
[21:48:24] regretChangePotential 81% (1917/2356) regret=0.029265 ape=0.4949
[21:48:25] regretChangePotential 81% (1918/2356) regret=0.029265 ape=0.4949
[21:48:25] regretChangePotential 81% (1919/2356) regret=0.029265 ape=0.4949
[21:48:25] regretChangePotential 81% (1920/2356) regret=0.029265 ape=0.4949
[21:48:25] regretChangePotential 81% (1921/2356) regret=0.029265 ape=0.4949
[21:48:25] regretChangePotential 81% (1922/2356) regret=0.029265 ape=0.4949
[21:48:25] regretChangePotential 81% (1923/2356) regret=0.029265 ape=0.4949
[21:48:25] regretChangePotential 81% (1924/2356) regret=0.029265 ape=0.4949
[21:48:26] regretChangePotential 81% (1925/2356) regret=0.029265 ape=0.4949
[21:48:26] regretChangePotential 81% (1926/2356) regret=0.029265 ape=0.4949
[21:48:26] regretChangePotential 81% (1927/2356) regret=0.029265 ape=0.4949
[21:48:26] regretChangePotential 81% (1928/2356) regret=0.029265 ape=0.4949
[21:48:26] regretChangePotential 81% (1929/2356) regret=0.029265 ape=0.4949
[21:48:26] regretChangePotential 81% (1930/2356) regret=0.029265 ape=0.4949
[21:48:27] regretChangePotential 81% (1931/2356) regret=0.029265 ape=0.4949
[21:48:27] regretChangePotential 82% (1932/2356) regret=0.029265 ape=0.4949
[21:48:27] regretChangePotential 82% (1933/2356) regret=0.029265 ape=0.4949
[21:48:27] regretChangePotential 82% (1934/2356) regret=0.029265 ape=0.4949
[21:48:27] regretChangePotential 82% (1935/2356) regret=0.029265 ape=0.4949
[21:48:27] regretChangePotential 82% (1936/2356) regret=0.029265 ape=0.4949
[21:48:27] regretChangePotential 82% (1937/2356) regret=0.029265 ape=0.4949
[21:48:28] regretChangePotential 82% (1938/2356) regret=0.029265 ape=0.4949
[21:48:28] regretChangePotential 82% (1939/2356) regret=0.029265 ape=0.4949
[21:48:28] regretChangePotential 82% (1940/2356) regret=0.029225 ape=0.4940
[21:48:28] regretChangePotential 82% (1941/2356) regret=0.029124 ape=0.4931
[21:48:28] regretChangePotential 82% (1942/2356) regret=0.029027 ape=0.4931
[21:48:28] regretChangePotential 82% (1943/2356) regret=0.029105 ape=0.4931
[21:48:28] regretChangePotential 82% (1944/2356) regret=0.029105 ape=0.4931
[21:48:29] regretChangePotential 82% (1945/2356) regret=0.029133 ape=0.4931
[21:48:29] regretChangePotential 82% (1946/2356) regret=0.029105 ape=0.4931
[21:48:29] regretChangePotential 82% (1947/2356) regret=0.029081 ape=0.4931
[21:48:29] regretChangePotential 82% (1948/2356) regret=0.029081 ape=0.4931
[21:48:29] regretChangePotential 82% (1949/2356) regret=0.029104 ape=0.4940
[21:48:29] regretChangePotential 82% (1950/2356) regret=0.029134 ape=0.4949
[21:48:29] regretChangePotential 82% (1951/2356) regret=0.029122 ape=0.4949
[21:48:30] regretChangePotential 82% (1952/2356) regret=0.029122 ape=0.4949
[21:48:30] regretChangePotential 82% (1953/2356) regret=0.029122 ape=0.4949
[21:48:30] regretChangePotential 82% (1954/2356) regret=0.029122 ape=0.4949
[21:48:30] regretChangePotential 82% (1955/2356) regret=0.029122 ape=0.4949
[21:48:30] regretChangePotential 83% (1956/2356) regret=0.029122 ape=0.4949
[21:48:30] regretChangePotential 83% (1957/2356) regret=0.029122 ape=0.4949
[21:48:30] regretChangePotential 83% (1958/2356) regret=0.029122 ape=0.4949
[21:48:31] regretChangePotential 83% (1959/2356) regret=0.029122 ape=0.4949
[21:48:31] regretChangePotential 83% (1960/2356) regret=0.029148 ape=0.4959
[21:48:31] regretChangePotential 83% (1961/2356) regret=0.029148 ape=0.4959
[21:48:31] regretChangePotential 83% (1962/2356) regret=0.029148 ape=0.4959
[21:48:31] regretChangePotential 83% (1963/2356) regret=0.029148 ape=0.4959
[21:48:31] regretChangePotential 83% (1964/2356) regret=0.029148 ape=0.4959
[21:48:31] regretChangePotential 83% (1965/2356) regret=0.029148 ape=0.4959
[21:48:32] regretChangePotential 83% (1966/2356) regret=0.029148 ape=0.4959
[21:48:32] regretChangePotential 83% (1967/2356) regret=0.029145 ape=0.4959
[21:48:32] regretChangePotential 83% (1968/2356) regret=0.029145 ape=0.4959
[21:48:32] regretChangePotential 83% (1969/2356) regret=0.029145 ape=0.4959
[21:48:32] regretChangePotential 83% (1970/2356) regret=0.029145 ape=0.4959
[21:48:32] regretChangePotential 83% (1971/2356) regret=0.029145 ape=0.4959
[21:48:32] regretChangePotential 83% (1972/2356) regret=0.029145 ape=0.4959
[21:48:33] regretChangePotential 83% (1973/2356) regret=0.029145 ape=0.4959
[21:48:33] regretChangePotential 83% (1974/2356) regret=0.029145 ape=0.4959
[21:48:33] regretChangePotential 83% (1975/2356) regret=0.029145 ape=0.4959
[21:48:33] regretChangePotential 83% (1976/2356) regret=0.029145 ape=0.4959
[21:48:33] regretChangePotential 83% (1977/2356) regret=0.029145 ape=0.4959
[21:48:33] regretChangePotential 83% (1978/2356) regret=0.029145 ape=0.4959
[21:48:33] regretChangePotential 83% (1979/2356) regret=0.029145 ape=0.4959
[21:48:34] regretChangePotential 84% (1980/2356) regret=0.029145 ape=0.4959
[21:48:34] regretChangePotential 84% (1981/2356) regret=0.029145 ape=0.4959
[21:48:34] regretChangePotential 84% (1982/2356) regret=0.029145 ape=0.4959
[21:48:34] regretChangePotential 84% (1983/2356) regret=0.029145 ape=0.4959
[21:48:34] regretChangePotential 84% (1984/2356) regret=0.029145 ape=0.4959
[21:48:34] regretChangePotential 84% (1985/2356) regret=0.029145 ape=0.4959
[21:48:34] regretChangePotential 84% (1986/2356) regret=0.029145 ape=0.4959
[21:48:35] regretChangePotential 84% (1987/2356) regret=0.029145 ape=0.4959
[21:48:35] regretChangePotential 84% (1988/2356) regret=0.029145 ape=0.4959
[21:48:35] regretChangePotential 84% (1989/2356) regret=0.029145 ape=0.4959
[21:48:35] regretChangePotential 84% (1990/2356) regret=0.029145 ape=0.4959
[21:48:35] regretChangePotential 84% (1991/2356) regret=0.029145 ape=0.4959
[21:48:35] regretChangePotential 84% (1992/2356) regret=0.029145 ape=0.4959
[21:48:35] regretChangePotential 84% (1993/2356) regret=0.029145 ape=0.4959
[21:48:36] regretChangePotential 84% (1994/2356) regret=0.029145 ape=0.4959
[21:48:36] regretChangePotential 84% (1995/2356) regret=0.029145 ape=0.4959
[21:48:36] regretChangePotential 84% (1996/2356) regret=0.029145 ape=0.4959
[21:48:36] regretChangePotential 84% (1997/2356) regret=0.029145 ape=0.4959
[21:48:36] regretChangePotential 84% (1998/2356) regret=0.029145 ape=0.4959
[21:48:36] regretChangePotential 84% (1999/2356) regret=0.029145 ape=0.4959
[21:48:36] regretChangePotential 84% (2000/2356) regret=0.029145 ape=0.4959
[21:48:36] regretChangePotential 84% (2001/2356) regret=0.029085 ape=0.4949
[21:48:37] regretChangePotential 84% (2002/2356) regret=0.029022 ape=0.4940
[21:48:37] regretChangePotential 85% (2003/2356) regret=0.029085 ape=0.4949
[21:48:37] regretChangePotential 85% (2004/2356) regret=0.029085 ape=0.4949
[21:48:37] regretChangePotential 85% (2005/2356) regret=0.029085 ape=0.4949
[21:48:37] regretChangePotential 85% (2006/2356) regret=0.028592 ape=0.4940
[21:48:37] regretChangePotential 85% (2007/2356) regret=0.028592 ape=0.4940
[21:48:38] regretChangePotential 85% (2008/2356) regret=0.028592 ape=0.4940
[21:48:38] regretChangePotential 85% (2009/2356) regret=0.028592 ape=0.4940
[21:48:38] regretChangePotential 85% (2010/2356) regret=0.028592 ape=0.4940
[21:48:38] regretChangePotential 85% (2011/2356) regret=0.028592 ape=0.4940
[21:48:38] regretChangePotential 85% (2012/2356) regret=0.028592 ape=0.4940
[21:48:38] regretChangePotential 85% (2013/2356) regret=0.028592 ape=0.4940
[21:48:38] regretChangePotential 85% (2014/2356) regret=0.028592 ape=0.4940
[21:48:39] regretChangePotential 85% (2015/2356) regret=0.028592 ape=0.4940
[21:48:39] regretChangePotential 85% (2016/2356) regret=0.028541 ape=0.4940
[21:48:39] regretChangePotential 85% (2017/2356) regret=0.028541 ape=0.4940
[21:48:39] regretChangePotential 85% (2018/2356) regret=0.028541 ape=0.4940
[21:48:39] regretChangePotential 85% (2019/2356) regret=0.028541 ape=0.4940
[21:48:39] regretChangePotential 85% (2020/2356) regret=0.028541 ape=0.4940
[21:48:40] regretChangePotential 85% (2021/2356) regret=0.028541 ape=0.4940
[21:48:40] regretChangePotential 85% (2022/2356) regret=0.028541 ape=0.4940
[21:48:40] regretChangePotential 85% (2023/2356) regret=0.028514 ape=0.4940
[21:48:40] regretChangePotential 85% (2024/2356) regret=0.028514 ape=0.4940
[21:48:40] regretChangePotential 85% (2025/2356) regret=0.028514 ape=0.4940
[21:48:40] regretChangePotential 85% (2026/2356) regret=0.028514 ape=0.4940
[21:48:40] regretChangePotential 86% (2027/2356) regret=0.028514 ape=0.4940
[21:48:41] regretChangePotential 86% (2028/2356) regret=0.028514 ape=0.4940
[21:48:41] regretChangePotential 86% (2029/2356) regret=0.028514 ape=0.4940
[21:48:41] regretChangePotential 86% (2030/2356) regret=0.028514 ape=0.4940
[21:48:41] regretChangePotential 86% (2031/2356) regret=0.028514 ape=0.4940
[21:48:41] regretChangePotential 86% (2032/2356) regret=0.028514 ape=0.4940
[21:48:41] regretChangePotential 86% (2033/2356) regret=0.028514 ape=0.4940
[21:48:42] regretChangePotential 86% (2034/2356) regret=0.028514 ape=0.4940
[21:48:42] regretChangePotential 86% (2035/2356) regret=0.028426 ape=0.4931
[21:48:42] regretChangePotential 86% (2036/2356) regret=0.028426 ape=0.4931
[21:48:42] regretChangePotential 86% (2037/2356) regret=0.028426 ape=0.4931
[21:48:42] regretChangePotential 86% (2038/2356) regret=0.028426 ape=0.4931
[21:48:42] regretChangePotential 86% (2039/2356) regret=0.028426 ape=0.4931
[21:48:42] regretChangePotential 86% (2040/2356) regret=0.028426 ape=0.4931
[21:48:43] regretChangePotential 86% (2041/2356) regret=0.028426 ape=0.4931
[21:48:43] regretChangePotential 86% (2042/2356) regret=0.028426 ape=0.4931
[21:48:43] regretChangePotential 86% (2043/2356) regret=0.028426 ape=0.4931
[21:48:43] regretChangePotential 86% (2044/2356) regret=0.028426 ape=0.4931
[21:48:43] regretChangePotential 86% (2045/2356) regret=0.028426 ape=0.4931
[21:48:43] regretChangePotential 86% (2046/2356) regret=0.028306 ape=0.4931
[21:48:43] regretChangePotential 86% (2047/2356) regret=0.028306 ape=0.4931
[21:48:44] regretChangePotential 86% (2048/2356) regret=0.028306 ape=0.4931
[21:48:44] regretChangePotential 86% (2049/2356) regret=0.028306 ape=0.4931
[21:48:44] regretChangePotential 87% (2050/2356) regret=0.028306 ape=0.4931
[21:48:44] regretChangePotential 87% (2051/2356) regret=0.028306 ape=0.4931
[21:48:44] regretChangePotential 87% (2052/2356) regret=0.028306 ape=0.4931
[21:48:44] regretChangePotential 87% (2053/2356) regret=0.028306 ape=0.4931
[21:48:45] regretChangePotential 87% (2054/2356) regret=0.028306 ape=0.4931
[21:48:45] regretChangePotential 87% (2055/2356) regret=0.028306 ape=0.4931
[21:48:45] regretChangePotential 87% (2056/2356) regret=0.028306 ape=0.4931
[21:48:45] regretChangePotential 87% (2057/2356) regret=0.028306 ape=0.4931
[21:48:45] regretChangePotential 87% (2058/2356) regret=0.028306 ape=0.4931
[21:48:45] regretChangePotential 87% (2059/2356) regret=0.028311 ape=0.4931
[21:48:45] regretChangePotential 87% (2060/2356) regret=0.028311 ape=0.4931
[21:48:46] regretChangePotential 87% (2061/2356) regret=0.028329 ape=0.4931
[21:48:46] regretChangePotential 87% (2062/2356) regret=0.028329 ape=0.4931
[21:48:46] regretChangePotential 87% (2063/2356) regret=0.028329 ape=0.4931
[21:48:46] regretChangePotential 87% (2064/2356) regret=0.028329 ape=0.4931
[21:48:46] regretChangePotential 87% (2065/2356) regret=0.028329 ape=0.4931
[21:48:46] regretChangePotential 87% (2066/2356) regret=0.028394 ape=0.4931
[21:48:46] regretChangePotential 87% (2067/2356) regret=0.028403 ape=0.4931
[21:48:47] regretChangePotential 87% (2068/2356) regret=0.028274 ape=0.4922
[21:48:47] regretChangePotential 87% (2069/2356) regret=0.028279 ape=0.4922
[21:48:47] regretChangePotential 87% (2070/2356) regret=0.028279 ape=0.4922
[21:48:47] regretChangePotential 87% (2071/2356) regret=0.028279 ape=0.4922
[21:48:47] regretChangePotential 87% (2072/2356) regret=0.028279 ape=0.4922
[21:48:47] regretChangePotential 87% (2073/2356) regret=0.028279 ape=0.4922
[21:48:47] regretChangePotential 88% (2074/2356) regret=0.028279 ape=0.4922
[21:48:48] regretChangePotential 88% (2075/2356) regret=0.028279 ape=0.4922
[21:48:48] regretChangePotential 88% (2076/2356) regret=0.028390 ape=0.4922
[21:48:48] regretChangePotential 88% (2077/2356) regret=0.028279 ape=0.4922
[21:48:48] regretChangePotential 88% (2078/2356) regret=0.028233 ape=0.4922
[21:48:48] regretChangePotential 88% (2079/2356) regret=0.028162 ape=0.4912
[21:48:48] regretChangePotential 88% (2080/2356) regret=0.028162 ape=0.4912
[21:48:48] regretChangePotential 88% (2081/2356) regret=0.028162 ape=0.4912
[21:48:49] regretChangePotential 88% (2082/2356) regret=0.028162 ape=0.4912
[21:48:49] regretChangePotential 88% (2083/2356) regret=0.028186 ape=0.4912
[21:48:49] regretChangePotential 88% (2084/2356) regret=0.028186 ape=0.4912
[21:48:49] regretChangePotential 88% (2085/2356) regret=0.028186 ape=0.4912
[21:48:49] regretChangePotential 88% (2086/2356) regret=0.028186 ape=0.4912
[21:48:49] regretChangePotential 88% (2087/2356) regret=0.028186 ape=0.4912
[21:48:49] regretChangePotential 88% (2088/2356) regret=0.028186 ape=0.4912
[21:48:50] regretChangePotential 88% (2089/2356) regret=0.028186 ape=0.4912
[21:48:50] regretChangePotential 88% (2090/2356) regret=0.028184 ape=0.4912
[21:48:50] regretChangePotential 88% (2091/2356) regret=0.028186 ape=0.4912
[21:48:50] regretChangePotential 88% (2092/2356) regret=0.028186 ape=0.4912
[21:48:50] regretChangePotential 88% (2093/2356) regret=0.028230 ape=0.4912
[21:48:50] regretChangePotential 88% (2094/2356) regret=0.028230 ape=0.4912
[21:48:50] regretChangePotential 88% (2095/2356) regret=0.028230 ape=0.4912
[21:48:51] regretChangePotential 88% (2096/2356) regret=0.028230 ape=0.4912
[21:48:51] regretChangePotential 89% (2097/2356) regret=0.028225 ape=0.4912
[21:48:51] regretChangePotential 89% (2098/2356) regret=0.028054 ape=0.4903
[21:48:51] regretChangePotential 89% (2099/2356) regret=0.027810 ape=0.4894
[21:48:51] regretChangePotential 89% (2100/2356) regret=0.027810 ape=0.4894
[21:48:51] regretChangePotential 89% (2101/2356) regret=0.027637 ape=0.4885
[21:48:51] regretChangePotential 89% (2102/2356) regret=0.027601 ape=0.4885
[21:48:52] regretChangePotential 89% (2103/2356) regret=0.027601 ape=0.4885
[21:48:52] regretChangePotential 89% (2104/2356) regret=0.027508 ape=0.4885
[21:48:52] regretChangePotential 89% (2105/2356) regret=0.027601 ape=0.4885
[21:48:52] regretChangePotential 89% (2106/2356) regret=0.027499 ape=0.4885
[21:48:52] regretChangePotential 89% (2107/2356) regret=0.027499 ape=0.4885
[21:48:52] regretChangePotential 89% (2108/2356) regret=0.027472 ape=0.4885
[21:48:52] regretChangePotential 89% (2109/2356) regret=0.027472 ape=0.4885
[21:48:53] regretChangePotential 89% (2110/2356) regret=0.027656 ape=0.4894
[21:48:53] regretChangePotential 89% (2111/2356) regret=0.027656 ape=0.4894
[21:48:53] regretChangePotential 89% (2112/2356) regret=0.027656 ape=0.4894
[21:48:53] regretChangePotential 89% (2113/2356) regret=0.027656 ape=0.4894
[21:48:53] regretChangePotential 89% (2114/2356) regret=0.027656 ape=0.4894
[21:48:53] regretChangePotential 89% (2115/2356) regret=0.027656 ape=0.4894
[21:48:53] regretChangePotential 89% (2116/2356) regret=0.027656 ape=0.4894
[21:48:54] regretChangePotential 89% (2117/2356) regret=0.027831 ape=0.4903
[21:48:54] regretChangePotential 89% (2118/2356) regret=0.027656 ape=0.4894
[21:48:54] regretChangePotential 89% (2119/2356) regret=0.027886 ape=0.4894
[21:48:54] regretChangePotential 89% (2120/2356) regret=0.027693 ape=0.4894
[21:48:54] regretChangePotential 90% (2121/2356) regret=0.027720 ape=0.4894
[21:48:54] regretChangePotential 90% (2122/2356) regret=0.027619 ape=0.4894
[21:48:54] regretChangePotential 90% (2123/2356) regret=0.028151 ape=0.4885
[21:48:55] regretChangePotential 90% (2124/2356) regret=0.027285 ape=0.4876
[21:48:55] regretChangePotential 90% (2125/2356) regret=0.027285 ape=0.4876
[21:48:55] regretChangePotential 90% (2126/2356) regret=0.027285 ape=0.4876
[21:48:55] regretChangePotential 90% (2127/2356) regret=0.027285 ape=0.4876
[21:48:55] regretChangePotential 90% (2128/2356) regret=0.027266 ape=0.4876
[21:48:55] regretChangePotential 90% (2129/2356) regret=0.027322 ape=0.4876
[21:48:56] regretChangePotential 90% (2130/2356) regret=0.027322 ape=0.4876
[21:48:56] regretChangePotential 90% (2131/2356) regret=0.027286 ape=0.4866
[21:48:56] regretChangePotential 90% (2132/2356) regret=0.027286 ape=0.4866
[21:48:56] regretChangePotential 90% (2133/2356) regret=0.027286 ape=0.4866
[21:48:56] regretChangePotential 90% (2134/2356) regret=0.027282 ape=0.4866
[21:48:56] regretChangePotential 90% (2135/2356) regret=0.027282 ape=0.4866
[21:48:56] regretChangePotential 90% (2136/2356) regret=0.027153 ape=0.4857
[21:48:57] regretChangePotential 90% (2137/2356) regret=0.027117 ape=0.4857
[21:48:57] regretChangePotential 90% (2138/2356) regret=0.027184 ape=0.4866
[21:48:57] regretChangePotential 90% (2139/2356) regret=0.027117 ape=0.4857
[21:48:57] regretChangePotential 90% (2140/2356) regret=0.027117 ape=0.4857
[21:48:57] regretChangePotential 90% (2141/2356) regret=0.027117 ape=0.4857
[21:48:57] regretChangePotential 90% (2142/2356) regret=0.027117 ape=0.4857
[21:48:57] regretChangePotential 90% (2143/2356) regret=0.027117 ape=0.4857
[21:48:58] regretChangePotential 91% (2144/2356) regret=0.027117 ape=0.4857
[21:48:58] regretChangePotential 91% (2145/2356) regret=0.027117 ape=0.4857
[21:48:58] regretChangePotential 91% (2146/2356) regret=0.027117 ape=0.4857
[21:48:58] regretChangePotential 91% (2147/2356) regret=0.027117 ape=0.4857
[21:48:58] regretChangePotential 91% (2148/2356) regret=0.027117 ape=0.4857
[21:48:58] regretChangePotential 91% (2149/2356) regret=0.027117 ape=0.4857
[21:48:58] regretChangePotential 91% (2150/2356) regret=0.027117 ape=0.4857
[21:48:59] regretChangePotential 91% (2151/2356) regret=0.027117 ape=0.4857
[21:48:59] regretChangePotential 91% (2152/2356) regret=0.027117 ape=0.4857
[21:48:59] regretChangePotential 91% (2153/2356) regret=0.027117 ape=0.4857
[21:48:59] regretChangePotential 91% (2154/2356) regret=0.027117 ape=0.4857
[21:48:59] regretChangePotential 91% (2155/2356) regret=0.027117 ape=0.4857
[21:48:59] regretChangePotential 91% (2156/2356) regret=0.027117 ape=0.4857
[21:48:59] regretChangePotential 91% (2157/2356) regret=0.027117 ape=0.4857
[21:49:00] regretChangePotential 91% (2158/2356) regret=0.027117 ape=0.4857
[21:49:00] regretChangePotential 91% (2159/2356) regret=0.027117 ape=0.4857
[21:49:00] regretChangePotential 91% (2160/2356) regret=0.027117 ape=0.4857
[21:49:00] regretChangePotential 91% (2161/2356) regret=0.027117 ape=0.4857
[21:49:00] regretChangePotential 91% (2162/2356) regret=0.027117 ape=0.4857
[21:49:00] regretChangePotential 91% (2163/2356) regret=0.027117 ape=0.4857
[21:49:00] regretChangePotential 91% (2164/2356) regret=0.027117 ape=0.4857
[21:49:01] regretChangePotential 91% (2165/2356) regret=0.027117 ape=0.4857
[21:49:01] regretChangePotential 91% (2166/2356) regret=0.027117 ape=0.4857
[21:49:01] regretChangePotential 91% (2167/2356) regret=0.027117 ape=0.4857
[21:49:01] regretChangePotential 92% (2168/2356) regret=0.027117 ape=0.4857
[21:49:01] regretChangePotential 92% (2169/2356) regret=0.027117 ape=0.4857
[21:49:01] regretChangePotential 92% (2170/2356) regret=0.027117 ape=0.4857
[21:49:01] regretChangePotential 92% (2171/2356) regret=0.027117 ape=0.4857
[21:49:02] regretChangePotential 92% (2172/2356) regret=0.027117 ape=0.4857
[21:49:02] regretChangePotential 92% (2173/2356) regret=0.027117 ape=0.4857
[21:49:02] regretChangePotential 92% (2174/2356) regret=0.027117 ape=0.4857
[21:49:02] regretChangePotential 92% (2175/2356) regret=0.027117 ape=0.4857
[21:49:02] regretChangePotential 92% (2176/2356) regret=0.027117 ape=0.4857
[21:49:02] regretChangePotential 92% (2177/2356) regret=0.027117 ape=0.4857
[21:49:02] regretChangePotential 92% (2178/2356) regret=0.027117 ape=0.4857
[21:49:03] regretChangePotential 92% (2179/2356) regret=0.027117 ape=0.4857
[21:49:03] regretChangePotential 92% (2180/2356) regret=0.027117 ape=0.4857
[21:49:03] regretChangePotential 92% (2181/2356) regret=0.027117 ape=0.4857
[21:49:03] regretChangePotential 92% (2182/2356) regret=0.027117 ape=0.4857
[21:49:03] regretChangePotential 92% (2183/2356) regret=0.027117 ape=0.4857
[21:49:03] regretChangePotential 92% (2184/2356) regret=0.026932 ape=0.4848
[21:49:03] regretChangePotential 92% (2185/2356) regret=0.026932 ape=0.4848
[21:49:03] regretChangePotential 92% (2186/2356) regret=0.026834 ape=0.4839
[21:49:04] regretChangePotential 92% (2187/2356) regret=0.026834 ape=0.4839
[21:49:04] regretChangePotential 92% (2188/2356) regret=0.026834 ape=0.4839
[21:49:04] regretChangePotential 92% (2189/2356) regret=0.026834 ape=0.4839
[21:49:04] regretChangePotential 92% (2190/2356) regret=0.026834 ape=0.4839
[21:49:04] regretChangePotential 92% (2191/2356) regret=0.026834 ape=0.4839
[21:49:04] regretChangePotential 93% (2192/2356) regret=0.026834 ape=0.4839
[21:49:05] regretChangePotential 93% (2193/2356) regret=0.027005 ape=0.4848
[21:49:05] regretChangePotential 93% (2194/2356) regret=0.027005 ape=0.4848
[21:49:05] regretChangePotential 93% (2195/2356) regret=0.027000 ape=0.4848
[21:49:05] regretChangePotential 93% (2196/2356) regret=0.027000 ape=0.4848
[21:49:05] regretChangePotential 93% (2197/2356) regret=0.027000 ape=0.4848
[21:49:05] regretChangePotential 93% (2198/2356) regret=0.026862 ape=0.4848
[21:49:05] regretChangePotential 93% (2199/2356) regret=0.027000 ape=0.4848
[21:49:06] regretChangePotential 93% (2200/2356) regret=0.027000 ape=0.4848
[21:49:06] regretChangePotential 93% (2201/2356) regret=0.026974 ape=0.4839
[21:49:06] regretChangePotential 93% (2202/2356) regret=0.026974 ape=0.4839
[21:49:06] regretChangePotential 93% (2203/2356) regret=0.026721 ape=0.4829
[21:49:06] regretChangePotential 93% (2204/2356) regret=0.026610 ape=0.4829
[21:49:06] regretChangePotential 93% (2205/2356) regret=0.026822 ape=0.4829
[21:49:06] regretChangePotential 93% (2206/2356) regret=0.026822 ape=0.4829
[21:49:07] regretChangePotential 93% (2207/2356) regret=0.026822 ape=0.4829
[21:49:07] regretChangePotential 93% (2208/2356) regret=0.026779 ape=0.4829
[21:49:07] regretChangePotential 93% (2209/2356) regret=0.026779 ape=0.4829
[21:49:07] regretChangePotential 93% (2210/2356) regret=0.026649 ape=0.4820
[21:49:07] regretChangePotential 93% (2211/2356) regret=0.026649 ape=0.4820
[21:49:07] regretChangePotential 93% (2212/2356) regret=0.026649 ape=0.4820
[21:49:08] regretChangePotential 93% (2213/2356) regret=0.026649 ape=0.4820
[21:49:08] regretChangePotential 93% (2214/2356) regret=0.026649 ape=0.4820
[21:49:08] regretChangePotential 94% (2215/2356) regret=0.026649 ape=0.4820
[21:49:08] regretChangePotential 94% (2216/2356) regret=0.026649 ape=0.4820
[21:49:08] regretChangePotential 94% (2217/2356) regret=0.026631 ape=0.4820
[21:49:08] regretChangePotential 94% (2218/2356) regret=0.026448 ape=0.4802
[21:49:08] regretChangePotential 94% (2219/2356) regret=0.026356 ape=0.4793
[21:49:09] regretChangePotential 94% (2220/2356) regret=0.026310 ape=0.4793
[21:49:09] regretChangePotential 94% (2221/2356) regret=0.026310 ape=0.4793
[21:49:09] regretChangePotential 94% (2222/2356) regret=0.026399 ape=0.4802
[21:49:09] regretChangePotential 94% (2223/2356) regret=0.026310 ape=0.4793
[21:49:09] regretChangePotential 94% (2224/2356) regret=0.026310 ape=0.4793
[21:49:09] regretChangePotential 94% (2225/2356) regret=0.026310 ape=0.4793
[21:49:09] regretChangePotential 94% (2226/2356) regret=0.026310 ape=0.4793
[21:49:10] regretChangePotential 94% (2227/2356) regret=0.026310 ape=0.4793
[21:49:10] regretChangePotential 94% (2228/2356) regret=0.026310 ape=0.4793
[21:49:10] regretChangePotential 94% (2229/2356) regret=0.026310 ape=0.4793
[21:49:10] regretChangePotential 94% (2230/2356) regret=0.026310 ape=0.4793
[21:49:10] regretChangePotential 94% (2231/2356) regret=0.026310 ape=0.4793
[21:49:10] regretChangePotential 94% (2232/2356) regret=0.026310 ape=0.4793
[21:49:10] regretChangePotential 94% (2233/2356) regret=0.026310 ape=0.4793
[21:49:11] regretChangePotential 94% (2234/2356) regret=0.026310 ape=0.4793
[21:49:11] regretChangePotential 94% (2235/2356) regret=0.026310 ape=0.4793
[21:49:11] regretChangePotential 94% (2236/2356) regret=0.026310 ape=0.4793
[21:49:11] regretChangePotential 94% (2237/2356) regret=0.026310 ape=0.4793
[21:49:11] regretChangePotential 94% (2238/2356) regret=0.026310 ape=0.4793
[21:49:11] regretChangePotential 95% (2239/2356) regret=0.026310 ape=0.4793
[21:49:11] regretChangePotential 95% (2240/2356) regret=0.026310 ape=0.4793
[21:49:12] regretChangePotential 95% (2241/2356) regret=0.026310 ape=0.4793
[21:49:12] regretChangePotential 95% (2242/2356) regret=0.026310 ape=0.4793
[21:49:12] regretChangePotential 95% (2243/2356) regret=0.026310 ape=0.4793
[21:49:12] regretChangePotential 95% (2244/2356) regret=0.026310 ape=0.4793
[21:49:12] regretChangePotential 95% (2245/2356) regret=0.026310 ape=0.4793
[21:49:12] regretChangePotential 95% (2246/2356) regret=0.026305 ape=0.4793
[21:49:12] regretChangePotential 95% (2247/2356) regret=0.026305 ape=0.4793
[21:49:13] regretChangePotential 95% (2248/2356) regret=0.026305 ape=0.4793
[21:49:13] regretChangePotential 95% (2249/2356) regret=0.026305 ape=0.4793
[21:49:13] regretChangePotential 95% (2250/2356) regret=0.026305 ape=0.4793
[21:49:13] regretChangePotential 95% (2251/2356) regret=0.026305 ape=0.4793
[21:49:13] regretChangePotential 95% (2252/2356) regret=0.026305 ape=0.4793
[21:49:13] regretChangePotential 95% (2253/2356) regret=0.026201 ape=0.4793
[21:49:13] regretChangePotential 95% (2254/2356) regret=0.026044 ape=0.4783
[21:49:14] regretChangePotential 95% (2255/2356) regret=0.026044 ape=0.4783
[21:49:14] regretChangePotential 95% (2256/2356) regret=0.026053 ape=0.4783
[21:49:14] regretChangePotential 95% (2257/2356) regret=0.026053 ape=0.4783
[21:49:14] regretChangePotential 95% (2258/2356) regret=0.026030 ape=0.4774
[21:49:14] regretChangePotential 95% (2259/2356) regret=0.026109 ape=0.4793
[21:49:14] regretChangePotential 95% (2260/2356) regret=0.026109 ape=0.4793
[21:49:15] regretChangePotential 95% (2261/2356) regret=0.026081 ape=0.4793
[21:49:15] regretChangePotential 96% (2262/2356) regret=0.026192 ape=0.4793
[21:49:15] regretChangePotential 96% (2263/2356) regret=0.026095 ape=0.4783
[21:49:15] regretChangePotential 96% (2264/2356) regret=0.026095 ape=0.4783
[21:49:15] regretChangePotential 96% (2265/2356) regret=0.026095 ape=0.4783
[21:49:15] regretChangePotential 96% (2266/2356) regret=0.026095 ape=0.4783
[21:49:15] regretChangePotential 96% (2267/2356) regret=0.026086 ape=0.4783
[21:49:16] regretChangePotential 96% (2268/2356) regret=0.026141 ape=0.4783
[21:49:16] regretChangePotential 96% (2269/2356) regret=0.026141 ape=0.4783
[21:49:16] regretChangePotential 96% (2270/2356) regret=0.026067 ape=0.4774
[21:49:16] regretChangePotential 96% (2271/2356) regret=0.026067 ape=0.4774
[21:49:16] regretChangePotential 96% (2272/2356) regret=0.026067 ape=0.4774
[21:49:16] regretChangePotential 96% (2273/2356) regret=0.026089 ape=0.4774
[21:49:16] regretChangePotential 96% (2274/2356) regret=0.026140 ape=0.4774
[21:49:17] regretChangePotential 96% (2275/2356) regret=0.026121 ape=0.4765
[21:49:17] regretChangePotential 96% (2276/2356) regret=0.026121 ape=0.4765
[21:49:17] regretChangePotential 96% (2277/2356) regret=0.026336 ape=0.4765
[21:49:17] regretChangePotential 96% (2278/2356) regret=0.026278 ape=0.4765
[21:49:17] regretChangePotential 96% (2279/2356) regret=0.026278 ape=0.4765
[21:49:17] regretChangePotential 96% (2280/2356) regret=0.026278 ape=0.4765
[21:49:17] regretChangePotential 96% (2281/2356) regret=0.026329 ape=0.4765
[21:49:18] regretChangePotential 96% (2282/2356) regret=0.026094 ape=0.4756
[21:49:18] regretChangePotential 96% (2283/2356) regret=0.026071 ape=0.4756
[21:49:18] regretChangePotential 96% (2284/2356) regret=0.025952 ape=0.4765
[21:49:18] regretChangePotential 96% (2285/2356) regret=0.025955 ape=0.4765
[21:49:18] regretChangePotential 97% (2286/2356) regret=0.025955 ape=0.4765
[21:49:18] regretChangePotential 97% (2287/2356) regret=0.025955 ape=0.4765
[21:49:19] regretChangePotential 97% (2288/2356) regret=0.025955 ape=0.4765
[21:49:19] regretChangePotential 97% (2289/2356) regret=0.025909 ape=0.4765
[21:49:19] regretChangePotential 97% (2290/2356) regret=0.025904 ape=0.4756
[21:49:19] regretChangePotential 97% (2291/2356) regret=0.025904 ape=0.4756
[21:49:19] regretChangePotential 97% (2292/2356) regret=0.025904 ape=0.4756
[21:49:19] regretChangePotential 97% (2293/2356) regret=0.025780 ape=0.4756
[21:49:19] regretChangePotential 97% (2294/2356) regret=0.025821 ape=0.4756
[21:49:20] regretChangePotential 97% (2295/2356) regret=0.025821 ape=0.4756
[21:49:20] regretChangePotential 97% (2296/2356) regret=0.025790 ape=0.4747
[21:49:20] regretChangePotential 97% (2297/2356) regret=0.025790 ape=0.4747
[21:49:20] regretChangePotential 97% (2298/2356) regret=0.025790 ape=0.4747
[21:49:20] regretChangePotential 97% (2299/2356) regret=0.025790 ape=0.4747
[21:49:20] regretChangePotential 97% (2300/2356) regret=0.025791 ape=0.4747
[21:49:20] regretChangePotential 97% (2301/2356) regret=0.025790 ape=0.4747
[21:49:21] regretChangePotential 97% (2302/2356) regret=0.025790 ape=0.4747
[21:49:21] regretChangePotential 97% (2303/2356) regret=0.025790 ape=0.4747
[21:49:21] regretChangePotential 97% (2304/2356) regret=0.025877 ape=0.4765
[21:49:21] regretChangePotential 97% (2305/2356) regret=0.025877 ape=0.4765
[21:49:21] regretChangePotential 97% (2306/2356) regret=0.025720 ape=0.4756
[21:49:21] regretChangePotential 97% (2307/2356) regret=0.025720 ape=0.4756
[21:49:21] regretChangePotential 97% (2308/2356) regret=0.025720 ape=0.4756
[21:49:22] regretChangePotential 98% (2309/2356) regret=0.025720 ape=0.4756
[21:49:22] regretChangePotential 98% (2310/2356) regret=0.025720 ape=0.4756
[21:49:22] regretChangePotential 98% (2311/2356) regret=0.025720 ape=0.4756
[21:49:22] regretChangePotential 98% (2312/2356) regret=0.025720 ape=0.4756
[21:49:22] regretChangePotential 98% (2313/2356) regret=0.025720 ape=0.4756
[21:49:22] regretChangePotential 98% (2314/2356) regret=0.025720 ape=0.4756
[21:49:22] regretChangePotential 98% (2315/2356) regret=0.025720 ape=0.4756
[21:49:23] regretChangePotential 98% (2316/2356) regret=0.025720 ape=0.4756
[21:49:23] regretChangePotential 98% (2317/2356) regret=0.025720 ape=0.4756
[21:49:23] regretChangePotential 98% (2318/2356) regret=0.025720 ape=0.4756
[21:49:23] regretChangePotential 98% (2319/2356) regret=0.025720 ape=0.4756
[21:49:23] regretChangePotential 98% (2320/2356) regret=0.025720 ape=0.4756
[21:49:23] regretChangePotential 98% (2321/2356) regret=0.025618 ape=0.4747
[21:49:23] regretChangePotential 98% (2322/2356) regret=0.025568 ape=0.4737
[21:49:24] regretChangePotential 98% (2323/2356) regret=0.025512 ape=0.4737
[21:49:24] regretChangePotential 98% (2324/2356) regret=0.025512 ape=0.4737
[21:49:24] regretChangePotential 98% (2325/2356) regret=0.025512 ape=0.4737
[21:49:24] regretChangePotential 98% (2326/2356) regret=0.025512 ape=0.4737
[21:49:24] regretChangePotential 98% (2327/2356) regret=0.025512 ape=0.4737
[21:49:24] regretChangePotential 98% (2328/2356) regret=0.025512 ape=0.4737
[21:49:24] regretChangePotential 98% (2329/2356) regret=0.025512 ape=0.4737
[21:49:25] regretChangePotential 98% (2330/2356) regret=0.025568 ape=0.4747
[21:49:25] regretChangePotential 98% (2331/2356) regret=0.025568 ape=0.4747
[21:49:25] regretChangePotential 98% (2332/2356) regret=0.025491 ape=0.4737
[21:49:25] regretChangePotential 99% (2333/2356) regret=0.025445 ape=0.4737
[21:49:25] regretChangePotential 99% (2334/2356) regret=0.025491 ape=0.4737
[21:49:25] regretChangePotential 99% (2335/2356) regret=0.025491 ape=0.4737
[21:49:25] regretChangePotential 99% (2336/2356) regret=0.025721 ape=0.4747
[21:49:26] regretChangePotential 99% (2337/2356) regret=0.025436 ape=0.4737
[21:49:26] regretChangePotential 99% (2338/2356) regret=0.025390 ape=0.4737
[21:49:26] regretChangePotential 99% (2339/2356) regret=0.025436 ape=0.4737
[21:49:26] regretChangePotential 99% (2340/2356) regret=0.025436 ape=0.4737
[21:49:26] regretChangePotential 99% (2341/2356) regret=0.025436 ape=0.4737
[21:49:26] regretChangePotential 99% (2342/2356) regret=0.025436 ape=0.4737
[21:49:27] regretChangePotential 99% (2343/2356) regret=0.025436 ape=0.4737
[21:49:27] regretChangePotential 99% (2344/2356) regret=0.025436 ape=0.4737
[21:49:27] regretChangePotential 99% (2345/2356) regret=0.025436 ape=0.4737
[21:49:27] regretChangePotential 99% (2346/2356) regret=0.025436 ape=0.4737
[21:49:27] regretChangePotential 99% (2347/2356) regret=0.025436 ape=0.4737
[21:49:27] regretChangePotential 99% (2348/2356) regret=0.025436 ape=0.4737
[21:49:27] regretChangePotential 99% (2349/2356) regret=0.025463 ape=0.4737
[21:49:28] regretChangePotential 99% (2350/2356) regret=0.025463 ape=0.4737
[21:49:28] regretChangePotential 99% (2351/2356) regret=0.025463 ape=0.4737
[21:49:28] regretChangePotential 99% (2352/2356) regret=0.025463 ape=0.4737
[21:49:28] regretChangePotential 99% (2353/2356) regret=0.025466 ape=0.4737
[21:49:28] regretChangePotential 99% (2354/2356) regret=0.025519 ape=0.4737
[21:49:28] regretChangePotential 99% (2355/2356) regret=0.025463 ape=0.4737
Baseline finished: 2356 points, 407.18s wall time
  Final: regret=0.025463, ape=0.4737

Saved JSON: /home/users/g/s/gsavary/LudiiMCTSVariations/slurm_sweep_full_dataset/results_20260425_214212/sweep_baseline_2_20260425_214928.json

Generating plots...
Saved regret plot: /home/users/g/s/gsavary/LudiiMCTSVariations/slurm_sweep_full_dataset/results_20260425_214212/sweep_baseline_2_20260425_214928_regret.png
Saved APE plot: /home/users/g/s/gsavary/LudiiMCTSVariations/slurm_sweep_full_dataset/results_20260425_214212/sweep_baseline_2_20260425_214928_ape.png

======================================================================
EXPERIMENT COMPLETE
======================================================================
Results saved to: /home/users/g/s/gsavary/LudiiMCTSVariations/slurm_sweep_full_dataset/results_20260425_214212
JSON file: sweep_baseline_2_20260425_214928.json
Experiment finished. Results saved to: /home/users/g/s/gsavary/LudiiMCTSVariations/slurm_sweep_full_dataset/results_20260425_214212
