Starting experiment...
Project root: /home/users/g/s/gsavary/LudiiMCTSVariations
Method: warm:5
Output dir: /home/users/g/s/gsavary/LudiiMCTSVariations/slurm_sweep_full_dataset/results_20260425_214212
Seed: 2
Time limit:  seconds


======================================================================
SLURM Sweep Experiment - Single Method
======================================================================
Method: warm:5
Time limit: 7200.0s, Seed: 2, Batch size: 20
Output directory: /home/users/g/s/gsavary/LudiiMCTSVariations/slurm_sweep_full_dataset/results_20260425_214212

Loading Ludii dataset...
Loaded 1085 games
Using 1085 games (full dataset, no subsampling)

Running timing probe (100 pulls)...
  Estimated secs/pull: 0.021929

Time budget: 7200.0s → ~328336 total pulls
Per-method budget: 46905 pulls (~1028.6s)

Computing predictor-only performance...
  Predictions loaded: 23675 agent predictions
  Predictor-only: regret=0.104318, ape=0.4894

Running WARM-START (w=5)...
[21:42:47] warmStart 0% (0/2346) regret=0.159116 ape=0.7078
[21:42:47] warmStart 0% (1/2346) regret=0.159116 ape=0.7078
[21:42:47] warmStart 0% (2/2346) regret=0.159098 ape=0.7078
[21:42:47] warmStart 0% (3/2346) regret=0.158486 ape=0.7069
[21:42:47] warmStart 0% (4/2346) regret=0.158346 ape=0.7069
[21:42:48] warmStart 0% (5/2346) regret=0.158346 ape=0.7069
[21:42:48] warmStart 0% (6/2346) regret=0.157040 ape=0.7051
[21:42:48] warmStart 0% (7/2346) regret=0.156533 ape=0.7032
[21:42:48] warmStart 0% (8/2346) regret=0.156551 ape=0.7032
[21:42:48] warmStart 0% (9/2346) regret=0.156485 ape=0.7023
[21:42:48] warmStart 0% (10/2346) regret=0.156144 ape=0.7023
[21:42:48] warmStart 0% (11/2346) regret=0.156144 ape=0.7023
[21:42:49] warmStart 0% (12/2346) regret=0.156075 ape=0.7014
[21:42:49] warmStart 0% (13/2346) regret=0.156149 ape=0.7014
[21:42:49] warmStart 0% (14/2346) regret=0.156112 ape=0.7014
[21:42:49] warmStart 0% (15/2346) regret=0.156112 ape=0.7014
[21:42:49] warmStart 0% (16/2346) regret=0.156112 ape=0.7014
[21:42:49] warmStart 0% (17/2346) regret=0.156112 ape=0.7014
[21:42:49] warmStart 0% (18/2346) regret=0.155333 ape=0.7014
[21:42:50] warmStart 0% (19/2346) regret=0.155282 ape=0.7014
[21:42:50] warmStart 0% (20/2346) regret=0.155282 ape=0.7014
[21:42:50] warmStart 0% (21/2346) regret=0.155282 ape=0.7014
[21:42:50] warmStart 0% (22/2346) regret=0.155320 ape=0.7014
[21:42:50] warmStart 0% (23/2346) regret=0.154891 ape=0.7005
[21:42:50] warmStart 1% (24/2346) regret=0.154891 ape=0.7005
[21:42:51] warmStart 1% (25/2346) regret=0.154298 ape=0.7005
[21:42:51] warmStart 1% (26/2346) regret=0.153734 ape=0.6986
[21:42:51] warmStart 1% (27/2346) regret=0.153077 ape=0.6986
[21:42:51] warmStart 1% (28/2346) regret=0.153077 ape=0.6986
[21:42:51] warmStart 1% (29/2346) regret=0.153077 ape=0.6986
[21:42:51] warmStart 1% (30/2346) regret=0.152690 ape=0.6977
[21:42:51] warmStart 1% (31/2346) regret=0.152561 ape=0.6968
[21:42:52] warmStart 1% (32/2346) regret=0.152683 ape=0.6977
[21:42:52] warmStart 1% (33/2346) regret=0.152003 ape=0.6977
[21:42:52] warmStart 1% (34/2346) regret=0.151680 ape=0.6977
[21:42:52] warmStart 1% (35/2346) regret=0.150524 ape=0.6968
[21:42:52] warmStart 1% (36/2346) regret=0.150548 ape=0.6968
[21:42:52] warmStart 1% (37/2346) regret=0.150401 ape=0.6968
[21:42:52] warmStart 1% (38/2346) regret=0.149069 ape=0.6949
[21:42:53] warmStart 1% (39/2346) regret=0.148988 ape=0.6949
[21:42:53] warmStart 1% (40/2346) regret=0.148333 ape=0.6940
[21:42:53] warmStart 1% (41/2346) regret=0.148168 ape=0.6940
[21:42:53] warmStart 1% (42/2346) regret=0.147344 ape=0.6931
[21:42:53] warmStart 1% (43/2346) regret=0.146647 ape=0.6931
[21:42:53] warmStart 1% (44/2346) regret=0.146415 ape=0.6922
[21:42:53] warmStart 1% (45/2346) regret=0.145038 ape=0.6912
[21:42:54] warmStart 1% (46/2346) regret=0.145298 ape=0.6903
[21:42:54] warmStart 2% (47/2346) regret=0.145326 ape=0.6894
[21:42:54] warmStart 2% (48/2346) regret=0.144421 ape=0.6876
[21:42:54] warmStart 2% (49/2346) regret=0.145360 ape=0.6885
[21:42:54] warmStart 2% (50/2346) regret=0.145360 ape=0.6885
[21:42:54] warmStart 2% (51/2346) regret=0.145410 ape=0.6885
[21:42:54] warmStart 2% (52/2346) regret=0.145028 ape=0.6876
[21:42:55] warmStart 2% (53/2346) regret=0.144682 ape=0.6885
[21:42:55] warmStart 2% (54/2346) regret=0.143673 ape=0.6876
[21:42:55] warmStart 2% (55/2346) regret=0.142711 ape=0.6866
[21:42:55] warmStart 2% (56/2346) regret=0.141923 ape=0.6866
[21:42:55] warmStart 2% (57/2346) regret=0.141089 ape=0.6866
[21:42:55] warmStart 2% (58/2346) regret=0.141071 ape=0.6866
[21:42:55] warmStart 2% (59/2346) regret=0.140344 ape=0.6866
[21:42:56] warmStart 2% (60/2346) regret=0.140344 ape=0.6866
[21:42:56] warmStart 2% (61/2346) regret=0.140039 ape=0.6857
[21:42:56] warmStart 2% (62/2346) regret=0.139910 ape=0.6857
[21:42:56] warmStart 2% (63/2346) regret=0.139585 ape=0.6866
[21:42:56] warmStart 2% (64/2346) regret=0.139539 ape=0.6857
[21:42:56] warmStart 2% (65/2346) regret=0.139539 ape=0.6857
[21:42:56] warmStart 2% (66/2346) regret=0.139539 ape=0.6857
[21:42:57] warmStart 2% (67/2346) regret=0.139539 ape=0.6857
[21:42:57] warmStart 2% (68/2346) regret=0.139539 ape=0.6857
[21:42:57] warmStart 2% (69/2346) regret=0.139473 ape=0.6848
[21:42:57] warmStart 2% (70/2346) regret=0.139473 ape=0.6848
[21:42:57] warmStart 3% (71/2346) regret=0.139057 ape=0.6839
[21:42:57] warmStart 3% (72/2346) regret=0.139057 ape=0.6839
[21:42:58] warmStart 3% (73/2346) regret=0.139057 ape=0.6839
[21:42:58] warmStart 3% (74/2346) regret=0.139038 ape=0.6839
[21:42:58] warmStart 3% (75/2346) regret=0.139038 ape=0.6839
[21:42:58] warmStart 3% (76/2346) regret=0.139038 ape=0.6839
[21:42:58] warmStart 3% (77/2346) regret=0.138965 ape=0.6829
[21:42:58] warmStart 3% (78/2346) regret=0.138622 ape=0.6820
[21:42:58] warmStart 3% (79/2346) regret=0.138622 ape=0.6820
[21:42:59] warmStart 3% (80/2346) regret=0.138674 ape=0.6820
[21:42:59] warmStart 3% (81/2346) regret=0.138650 ape=0.6811
[21:42:59] warmStart 3% (82/2346) regret=0.138521 ape=0.6802
[21:42:59] warmStart 3% (83/2346) regret=0.138521 ape=0.6802
[21:42:59] warmStart 3% (84/2346) regret=0.138521 ape=0.6802
[21:42:59] warmStart 3% (85/2346) regret=0.138521 ape=0.6802
[21:42:59] warmStart 3% (86/2346) regret=0.138521 ape=0.6802
[21:43:00] warmStart 3% (87/2346) regret=0.138521 ape=0.6802
[21:43:00] warmStart 3% (88/2346) regret=0.138521 ape=0.6802
[21:43:00] warmStart 3% (89/2346) regret=0.138318 ape=0.6793
[21:43:00] warmStart 3% (90/2346) regret=0.138318 ape=0.6793
[21:43:00] warmStart 3% (91/2346) regret=0.138318 ape=0.6793
[21:43:00] warmStart 3% (92/2346) regret=0.138318 ape=0.6793
[21:43:00] warmStart 3% (93/2346) regret=0.137972 ape=0.6793
[21:43:01] warmStart 4% (94/2346) regret=0.137972 ape=0.6793
[21:43:01] warmStart 4% (95/2346) regret=0.137816 ape=0.6793
[21:43:01] warmStart 4% (96/2346) regret=0.137797 ape=0.6793
[21:43:01] warmStart 4% (97/2346) regret=0.137664 ape=0.6802
[21:43:01] warmStart 4% (98/2346) regret=0.137659 ape=0.6793
[21:43:01] warmStart 4% (99/2346) regret=0.137659 ape=0.6793
[21:43:01] warmStart 4% (100/2346) regret=0.137705 ape=0.6793
[21:43:02] warmStart 4% (101/2346) regret=0.137271 ape=0.6793
[21:43:02] warmStart 4% (102/2346) regret=0.137271 ape=0.6793
[21:43:02] warmStart 4% (103/2346) regret=0.137271 ape=0.6793
[21:43:02] warmStart 4% (104/2346) regret=0.137271 ape=0.6793
[21:43:02] warmStart 4% (105/2346) regret=0.137271 ape=0.6793
[21:43:02] warmStart 4% (106/2346) regret=0.137271 ape=0.6793
[21:43:02] warmStart 4% (107/2346) regret=0.137271 ape=0.6793
[21:43:03] warmStart 4% (108/2346) regret=0.136363 ape=0.6783
[21:43:03] warmStart 4% (109/2346) regret=0.136363 ape=0.6783
[21:43:03] warmStart 4% (110/2346) regret=0.136382 ape=0.6783
[21:43:03] warmStart 4% (111/2346) regret=0.136212 ape=0.6783
[21:43:03] warmStart 4% (112/2346) regret=0.136226 ape=0.6793
[21:43:03] warmStart 4% (113/2346) regret=0.135072 ape=0.6783
[21:43:03] warmStart 4% (114/2346) regret=0.132866 ape=0.6765
[21:43:04] warmStart 4% (115/2346) regret=0.131561 ape=0.6756
[21:43:04] warmStart 4% (116/2346) regret=0.131536 ape=0.6747
[21:43:04] warmStart 4% (117/2346) regret=0.129731 ape=0.6728
[21:43:04] warmStart 5% (118/2346) regret=0.129688 ape=0.6710
[21:43:04] warmStart 5% (119/2346) regret=0.128857 ape=0.6710
[21:43:04] warmStart 5% (120/2346) regret=0.126518 ape=0.6691
[21:43:05] warmStart 5% (121/2346) regret=0.126143 ape=0.6682
[21:43:05] warmStart 5% (122/2346) regret=0.126381 ape=0.6691
[21:43:05] warmStart 5% (123/2346) regret=0.125615 ape=0.6691
[21:43:05] warmStart 5% (124/2346) regret=0.123761 ape=0.6664
[21:43:05] warmStart 5% (125/2346) regret=0.121838 ape=0.6673
[21:43:05] warmStart 5% (126/2346) regret=0.121645 ape=0.6673
[21:43:05] warmStart 5% (127/2346) regret=0.121598 ape=0.6673
[21:43:06] warmStart 5% (128/2346) regret=0.120760 ape=0.6664
[21:43:06] warmStart 5% (129/2346) regret=0.120617 ape=0.6664
[21:43:06] warmStart 5% (130/2346) regret=0.120887 ape=0.6664
[21:43:06] warmStart 5% (131/2346) regret=0.120491 ape=0.6664
[21:43:06] warmStart 5% (132/2346) regret=0.119922 ape=0.6664
[21:43:06] warmStart 5% (133/2346) regret=0.119862 ape=0.6654
[21:43:06] warmStart 5% (134/2346) regret=0.119705 ape=0.6645
[21:43:07] warmStart 5% (135/2346) regret=0.119625 ape=0.6645
[21:43:07] warmStart 5% (136/2346) regret=0.119629 ape=0.6645
[21:43:07] warmStart 5% (137/2346) regret=0.119682 ape=0.6636
[21:43:07] warmStart 5% (138/2346) regret=0.119343 ape=0.6645
[21:43:07] warmStart 5% (139/2346) regret=0.119334 ape=0.6645
[21:43:07] warmStart 5% (140/2346) regret=0.119334 ape=0.6645
[21:43:08] warmStart 6% (141/2346) regret=0.119325 ape=0.6645
[21:43:08] warmStart 6% (142/2346) regret=0.119334 ape=0.6654
[21:43:08] warmStart 6% (143/2346) regret=0.119325 ape=0.6645
[21:43:08] warmStart 6% (144/2346) regret=0.119325 ape=0.6645
[21:43:08] warmStart 6% (145/2346) regret=0.119323 ape=0.6645
[21:43:08] warmStart 6% (146/2346) regret=0.119325 ape=0.6645
[21:43:08] warmStart 6% (147/2346) regret=0.119325 ape=0.6645
[21:43:08] warmStart 6% (148/2346) regret=0.119325 ape=0.6645
[21:43:09] warmStart 6% (149/2346) regret=0.119325 ape=0.6645
[21:43:09] warmStart 6% (150/2346) regret=0.119325 ape=0.6645
[21:43:09] warmStart 6% (151/2346) regret=0.119657 ape=0.6645
[21:43:09] warmStart 6% (152/2346) regret=0.119168 ape=0.6636
[21:43:09] warmStart 6% (153/2346) regret=0.119168 ape=0.6636
[21:43:09] warmStart 6% (154/2346) regret=0.119007 ape=0.6636
[21:43:10] warmStart 6% (155/2346) regret=0.118869 ape=0.6636
[21:43:10] warmStart 6% (156/2346) regret=0.118935 ape=0.6645
[21:43:10] warmStart 6% (157/2346) regret=0.118935 ape=0.6645
[21:43:10] warmStart 6% (158/2346) regret=0.118935 ape=0.6645
[21:43:10] warmStart 6% (159/2346) regret=0.118957 ape=0.6645
[21:43:10] warmStart 6% (160/2346) regret=0.118752 ape=0.6645
[21:43:10] warmStart 6% (161/2346) regret=0.118744 ape=0.6636
[21:43:11] warmStart 6% (162/2346) regret=0.118744 ape=0.6636
[21:43:11] warmStart 6% (163/2346) regret=0.118739 ape=0.6636
[21:43:11] warmStart 6% (164/2346) regret=0.118739 ape=0.6636
[21:43:11] warmStart 7% (165/2346) regret=0.118610 ape=0.6636
[21:43:11] warmStart 7% (166/2346) regret=0.118440 ape=0.6627
[21:43:11] warmStart 7% (167/2346) regret=0.118440 ape=0.6627
[21:43:11] warmStart 7% (168/2346) regret=0.118274 ape=0.6627
[21:43:12] warmStart 7% (169/2346) regret=0.118254 ape=0.6627
[21:43:12] warmStart 7% (170/2346) regret=0.118254 ape=0.6627
[21:43:12] warmStart 7% (171/2346) regret=0.116964 ape=0.6618
[21:43:12] warmStart 7% (172/2346) regret=0.115394 ape=0.6599
[21:43:12] warmStart 7% (173/2346) regret=0.114510 ape=0.6590
[21:43:12] warmStart 7% (174/2346) regret=0.114510 ape=0.6590
[21:43:13] warmStart 7% (175/2346) regret=0.114556 ape=0.6590
[21:43:13] warmStart 7% (176/2346) regret=0.114732 ape=0.6599
[21:43:13] warmStart 7% (177/2346) regret=0.114667 ape=0.6599
[21:43:13] warmStart 7% (178/2346) regret=0.114639 ape=0.6599
[21:43:13] warmStart 7% (179/2346) regret=0.114651 ape=0.6608
[21:43:13] warmStart 7% (180/2346) regret=0.114086 ape=0.6590
[21:43:13] warmStart 7% (181/2346) regret=0.113644 ape=0.6581
[21:43:14] warmStart 7% (182/2346) regret=0.113632 ape=0.6581
[21:43:14] warmStart 7% (183/2346) regret=0.113586 ape=0.6581
[21:43:14] warmStart 7% (184/2346) regret=0.113310 ape=0.6562
[21:43:14] warmStart 7% (185/2346) regret=0.113315 ape=0.6571
[21:43:14] warmStart 7% (186/2346) regret=0.112891 ape=0.6553
[21:43:14] warmStart 7% (187/2346) regret=0.112699 ape=0.6553
[21:43:14] warmStart 8% (188/2346) regret=0.112668 ape=0.6544
[21:43:15] warmStart 8% (189/2346) regret=0.112762 ape=0.6553
[21:43:15] warmStart 8% (190/2346) regret=0.112679 ape=0.6553
[21:43:15] warmStart 8% (191/2346) regret=0.112688 ape=0.6553
[21:43:15] warmStart 8% (192/2346) regret=0.112660 ape=0.6553
[21:43:15] warmStart 8% (193/2346) regret=0.112619 ape=0.6553
[21:43:15] warmStart 8% (194/2346) regret=0.112745 ape=0.6553
[21:43:15] warmStart 8% (195/2346) regret=0.112975 ape=0.6553
[21:43:16] warmStart 8% (196/2346) regret=0.112298 ape=0.6553
[21:43:16] warmStart 8% (197/2346) regret=0.112298 ape=0.6553
[21:43:16] warmStart 8% (198/2346) regret=0.112629 ape=0.6562
[21:43:16] warmStart 8% (199/2346) regret=0.112531 ape=0.6544
[21:43:16] warmStart 8% (200/2346) regret=0.112552 ape=0.6535
[21:43:16] warmStart 8% (201/2346) regret=0.112497 ape=0.6535
[21:43:16] warmStart 8% (202/2346) regret=0.112874 ape=0.6535
[21:43:17] warmStart 8% (203/2346) regret=0.112874 ape=0.6535
[21:43:17] warmStart 8% (204/2346) regret=0.112874 ape=0.6535
[21:43:17] warmStart 8% (205/2346) regret=0.112874 ape=0.6535
[21:43:17] warmStart 8% (206/2346) regret=0.113382 ape=0.6544
[21:43:17] warmStart 8% (207/2346) regret=0.113401 ape=0.6544
[21:43:17] warmStart 8% (208/2346) regret=0.113401 ape=0.6544
[21:43:17] warmStart 8% (209/2346) regret=0.113364 ape=0.6544
[21:43:18] warmStart 8% (210/2346) regret=0.113401 ape=0.6544
[21:43:18] warmStart 8% (211/2346) regret=0.113366 ape=0.6544
[21:43:18] warmStart 9% (212/2346) regret=0.113398 ape=0.6544
[21:43:18] warmStart 9% (213/2346) regret=0.113398 ape=0.6544
[21:43:18] warmStart 9% (214/2346) regret=0.113398 ape=0.6544
[21:43:18] warmStart 9% (215/2346) regret=0.113398 ape=0.6544
[21:43:19] warmStart 9% (216/2346) regret=0.113398 ape=0.6544
[21:43:19] warmStart 9% (217/2346) regret=0.113389 ape=0.6544
[21:43:19] warmStart 9% (218/2346) regret=0.113419 ape=0.6544
[21:43:19] warmStart 9% (219/2346) regret=0.113419 ape=0.6544
[21:43:19] warmStart 9% (220/2346) regret=0.113419 ape=0.6544
[21:43:19] warmStart 9% (221/2346) regret=0.113419 ape=0.6544
[21:43:19] warmStart 9% (222/2346) regret=0.113300 ape=0.6535
[21:43:20] warmStart 9% (223/2346) regret=0.113300 ape=0.6535
[21:43:20] warmStart 9% (224/2346) regret=0.113207 ape=0.6544
[21:43:20] warmStart 9% (225/2346) regret=0.113268 ape=0.6544
[21:43:20] warmStart 9% (226/2346) regret=0.113268 ape=0.6544
[21:43:20] warmStart 9% (227/2346) regret=0.113268 ape=0.6544
[21:43:20] warmStart 9% (228/2346) regret=0.113250 ape=0.6535
[21:43:20] warmStart 9% (229/2346) regret=0.113117 ape=0.6516
[21:43:21] warmStart 9% (230/2346) regret=0.113117 ape=0.6516
[21:43:21] warmStart 9% (231/2346) regret=0.113117 ape=0.6516
[21:43:21] warmStart 9% (232/2346) regret=0.113117 ape=0.6516
[21:43:21] warmStart 9% (233/2346) regret=0.113117 ape=0.6516
[21:43:21] warmStart 9% (234/2346) regret=0.113312 ape=0.6516
[21:43:21] warmStart 10% (235/2346) regret=0.112927 ape=0.6507
[21:43:21] warmStart 10% (236/2346) regret=0.112927 ape=0.6507
[21:43:22] warmStart 10% (237/2346) regret=0.112927 ape=0.6507
[21:43:22] warmStart 10% (238/2346) regret=0.112945 ape=0.6507
[21:43:22] warmStart 10% (239/2346) regret=0.112931 ape=0.6498
[21:43:22] warmStart 10% (240/2346) regret=0.112931 ape=0.6498
[21:43:22] warmStart 10% (241/2346) regret=0.112931 ape=0.6498
[21:43:22] warmStart 10% (242/2346) regret=0.112913 ape=0.6498
[21:43:22] warmStart 10% (243/2346) regret=0.112913 ape=0.6498
[21:43:23] warmStart 10% (244/2346) regret=0.112913 ape=0.6498
[21:43:23] warmStart 10% (245/2346) regret=0.113005 ape=0.6498
[21:43:23] warmStart 10% (246/2346) regret=0.112913 ape=0.6498
[21:43:23] warmStart 10% (247/2346) regret=0.112913 ape=0.6498
[21:43:23] warmStart 10% (248/2346) regret=0.112844 ape=0.6488
[21:43:23] warmStart 10% (249/2346) regret=0.112566 ape=0.6488
[21:43:23] warmStart 10% (250/2346) regret=0.112181 ape=0.6488
[21:43:24] warmStart 10% (251/2346) regret=0.112198 ape=0.6488
[21:43:24] warmStart 10% (252/2346) regret=0.112161 ape=0.6488
[21:43:24] warmStart 10% (253/2346) regret=0.112369 ape=0.6488
[21:43:24] warmStart 10% (254/2346) regret=0.112166 ape=0.6488
[21:43:24] warmStart 10% (255/2346) regret=0.111622 ape=0.6488
[21:43:24] warmStart 10% (256/2346) regret=0.111493 ape=0.6479
[21:43:25] warmStart 10% (257/2346) regret=0.111512 ape=0.6479
[21:43:25] warmStart 10% (258/2346) regret=0.110654 ape=0.6479
[21:43:25] warmStart 11% (259/2346) regret=0.110654 ape=0.6479
[21:43:25] warmStart 11% (260/2346) regret=0.110654 ape=0.6479
[21:43:25] warmStart 11% (261/2346) regret=0.110622 ape=0.6470
[21:43:25] warmStart 11% (262/2346) regret=0.110757 ape=0.6479
[21:43:25] warmStart 11% (263/2346) regret=0.110757 ape=0.6479
[21:43:26] warmStart 11% (264/2346) regret=0.110748 ape=0.6479
[21:43:26] warmStart 11% (265/2346) regret=0.110748 ape=0.6479
[21:43:26] warmStart 11% (266/2346) regret=0.110748 ape=0.6479
[21:43:26] warmStart 11% (267/2346) regret=0.110559 ape=0.6479
[21:43:26] warmStart 11% (268/2346) regret=0.110481 ape=0.6479
[21:43:26] warmStart 11% (269/2346) regret=0.110457 ape=0.6479
[21:43:26] warmStart 11% (270/2346) regret=0.110457 ape=0.6479
[21:43:27] warmStart 11% (271/2346) regret=0.110457 ape=0.6479
[21:43:27] warmStart 11% (272/2346) regret=0.109950 ape=0.6470
[21:43:27] warmStart 11% (273/2346) regret=0.109968 ape=0.6470
[21:43:27] warmStart 11% (274/2346) regret=0.109733 ape=0.6470
[21:43:27] warmStart 11% (275/2346) regret=0.109125 ape=0.6470
[21:43:27] warmStart 11% (276/2346) regret=0.109125 ape=0.6470
[21:43:27] warmStart 11% (277/2346) regret=0.109107 ape=0.6470
[21:43:28] warmStart 11% (278/2346) regret=0.108572 ape=0.6461
[21:43:28] warmStart 11% (279/2346) regret=0.108019 ape=0.6461
[21:43:28] warmStart 11% (280/2346) regret=0.108019 ape=0.6461
[21:43:28] warmStart 11% (281/2346) regret=0.108019 ape=0.6461
[21:43:28] warmStart 12% (282/2346) regret=0.108019 ape=0.6461
[21:43:28] warmStart 12% (283/2346) regret=0.107240 ape=0.6452
[21:43:28] warmStart 12% (284/2346) regret=0.107249 ape=0.6461
[21:43:29] warmStart 12% (285/2346) regret=0.107249 ape=0.6461
[21:43:29] warmStart 12% (286/2346) regret=0.107249 ape=0.6461
[21:43:29] warmStart 12% (287/2346) regret=0.107116 ape=0.6452
[21:43:29] warmStart 12% (288/2346) regret=0.106630 ape=0.6442
[21:43:29] warmStart 12% (289/2346) regret=0.106294 ape=0.6442
[21:43:29] warmStart 12% (290/2346) regret=0.106303 ape=0.6442
[21:43:30] warmStart 12% (291/2346) regret=0.105347 ape=0.6433
[21:43:30] warmStart 12% (292/2346) regret=0.105347 ape=0.6433
[21:43:30] warmStart 12% (293/2346) regret=0.105180 ape=0.6433
[21:43:30] warmStart 12% (294/2346) regret=0.105180 ape=0.6433
[21:43:30] warmStart 12% (295/2346) regret=0.104952 ape=0.6433
[21:43:30] warmStart 12% (296/2346) regret=0.104952 ape=0.6433
[21:43:30] warmStart 12% (297/2346) regret=0.104989 ape=0.6433
[21:43:31] warmStart 12% (298/2346) regret=0.104076 ape=0.6424
[21:43:31] warmStart 12% (299/2346) regret=0.103606 ape=0.6415
[21:43:31] warmStart 12% (300/2346) regret=0.103585 ape=0.6415
[21:43:31] warmStart 12% (301/2346) regret=0.102645 ape=0.6396
[21:43:31] warmStart 12% (302/2346) regret=0.102642 ape=0.6396
[21:43:31] warmStart 12% (303/2346) regret=0.102630 ape=0.6406
[21:43:31] warmStart 12% (304/2346) regret=0.102592 ape=0.6396
[21:43:32] warmStart 13% (305/2346) regret=0.102592 ape=0.6396
[21:43:32] warmStart 13% (306/2346) regret=0.102642 ape=0.6406
[21:43:32] warmStart 13% (307/2346) regret=0.102592 ape=0.6396
[21:43:32] warmStart 13% (308/2346) regret=0.102638 ape=0.6396
[21:43:32] warmStart 13% (309/2346) regret=0.102610 ape=0.6396
[21:43:32] warmStart 13% (310/2346) regret=0.102624 ape=0.6406
[21:43:32] warmStart 13% (311/2346) regret=0.102610 ape=0.6396
[21:43:33] warmStart 13% (312/2346) regret=0.102610 ape=0.6396
[21:43:33] warmStart 13% (313/2346) regret=0.102573 ape=0.6396
[21:43:33] warmStart 13% (314/2346) regret=0.102559 ape=0.6396
[21:43:33] warmStart 13% (315/2346) regret=0.102559 ape=0.6396
[21:43:33] warmStart 13% (316/2346) regret=0.102559 ape=0.6396
[21:43:33] warmStart 13% (317/2346) regret=0.102559 ape=0.6396
[21:43:33] warmStart 13% (318/2346) regret=0.102559 ape=0.6396
[21:43:34] warmStart 13% (319/2346) regret=0.102710 ape=0.6387
[21:43:34] warmStart 13% (320/2346) regret=0.103041 ape=0.6396
[21:43:34] warmStart 13% (321/2346) regret=0.103293 ape=0.6406
[21:43:34] warmStart 13% (322/2346) regret=0.103096 ape=0.6406
[21:43:34] warmStart 13% (323/2346) regret=0.103096 ape=0.6406
[21:43:34] warmStart 13% (324/2346) regret=0.103096 ape=0.6406
[21:43:34] warmStart 13% (325/2346) regret=0.102718 ape=0.6406
[21:43:35] warmStart 13% (326/2346) regret=0.103081 ape=0.6415
[21:43:35] warmStart 13% (327/2346) regret=0.102920 ape=0.6415
[21:43:35] warmStart 13% (328/2346) regret=0.102920 ape=0.6415
[21:43:35] warmStart 14% (329/2346) regret=0.102915 ape=0.6415
[21:43:35] warmStart 14% (330/2346) regret=0.102376 ape=0.6406
[21:43:35] warmStart 14% (331/2346) regret=0.102498 ape=0.6406
[21:43:35] warmStart 14% (332/2346) regret=0.102339 ape=0.6406
[21:43:36] warmStart 14% (333/2346) regret=0.101821 ape=0.6406
[21:43:36] warmStart 14% (334/2346) regret=0.101720 ape=0.6406
[21:43:36] warmStart 14% (335/2346) regret=0.101876 ape=0.6406
[21:43:36] warmStart 14% (336/2346) regret=0.101876 ape=0.6406
[21:43:36] warmStart 14% (337/2346) regret=0.101876 ape=0.6406
[21:43:36] warmStart 14% (338/2346) regret=0.101876 ape=0.6406
[21:43:37] warmStart 14% (339/2346) regret=0.101876 ape=0.6406
[21:43:37] warmStart 14% (340/2346) regret=0.101804 ape=0.6396
[21:43:37] warmStart 14% (341/2346) regret=0.101759 ape=0.6396
[21:43:37] warmStart 14% (342/2346) regret=0.101704 ape=0.6387
[21:43:37] warmStart 14% (343/2346) regret=0.101704 ape=0.6387
[21:43:37] warmStart 14% (344/2346) regret=0.101704 ape=0.6387
[21:43:37] warmStart 14% (345/2346) regret=0.101704 ape=0.6387
[21:43:38] warmStart 14% (346/2346) regret=0.101658 ape=0.6378
[21:43:38] warmStart 14% (347/2346) regret=0.101658 ape=0.6378
[21:43:38] warmStart 14% (348/2346) regret=0.101658 ape=0.6378
[21:43:38] warmStart 14% (349/2346) regret=0.101658 ape=0.6378
[21:43:38] warmStart 14% (350/2346) regret=0.101704 ape=0.6378
[21:43:38] warmStart 14% (351/2346) regret=0.101704 ape=0.6378
[21:43:38] warmStart 15% (352/2346) regret=0.101704 ape=0.6378
[21:43:39] warmStart 15% (353/2346) regret=0.101704 ape=0.6378
[21:43:39] warmStart 15% (354/2346) regret=0.101704 ape=0.6378
[21:43:39] warmStart 15% (355/2346) regret=0.101704 ape=0.6378
[21:43:39] warmStart 15% (356/2346) regret=0.101491 ape=0.6378
[21:43:39] warmStart 15% (357/2346) regret=0.101491 ape=0.6378
[21:43:39] warmStart 15% (358/2346) regret=0.101531 ape=0.6378
[21:43:39] warmStart 15% (359/2346) regret=0.101633 ape=0.6378
[21:43:40] warmStart 15% (360/2346) regret=0.101577 ape=0.6369
[21:43:40] warmStart 15% (361/2346) regret=0.101550 ape=0.6369
[21:43:40] warmStart 15% (362/2346) regret=0.101605 ape=0.6378
[21:43:40] warmStart 15% (363/2346) regret=0.101605 ape=0.6378
[21:43:40] warmStart 15% (364/2346) regret=0.101598 ape=0.6378
[21:43:40] warmStart 15% (365/2346) regret=0.101600 ape=0.6378
[21:43:40] warmStart 15% (366/2346) regret=0.101605 ape=0.6378
[21:43:41] warmStart 15% (367/2346) regret=0.101605 ape=0.6378
[21:43:41] warmStart 15% (368/2346) regret=0.101594 ape=0.6378
[21:43:41] warmStart 15% (369/2346) regret=0.101255 ape=0.6359
[21:43:41] warmStart 15% (370/2346) regret=0.101292 ape=0.6359
[21:43:41] warmStart 15% (371/2346) regret=0.101393 ape=0.6359
[21:43:41] warmStart 15% (372/2346) regret=0.101490 ape=0.6359
[21:43:41] warmStart 15% (373/2346) regret=0.101490 ape=0.6359
[21:43:42] warmStart 15% (374/2346) regret=0.101490 ape=0.6359
[21:43:42] warmStart 15% (375/2346) regret=0.101490 ape=0.6359
[21:43:42] warmStart 16% (376/2346) regret=0.101490 ape=0.6359
[21:43:42] warmStart 16% (377/2346) regret=0.101490 ape=0.6359
[21:43:42] warmStart 16% (378/2346) regret=0.101490 ape=0.6359
[21:43:42] warmStart 16% (379/2346) regret=0.101435 ape=0.6350
[21:43:42] warmStart 16% (380/2346) regret=0.101435 ape=0.6350
[21:43:43] warmStart 16% (381/2346) regret=0.101435 ape=0.6350
[21:43:43] warmStart 16% (382/2346) regret=0.101474 ape=0.6359
[21:43:43] warmStart 16% (383/2346) regret=0.101435 ape=0.6350
[21:43:43] warmStart 16% (384/2346) regret=0.101251 ape=0.6350
[21:43:43] warmStart 16% (385/2346) regret=0.100929 ape=0.6341
[21:43:43] warmStart 16% (386/2346) regret=0.100574 ape=0.6350
[21:43:43] warmStart 16% (387/2346) regret=0.100641 ape=0.6350
[21:43:44] warmStart 16% (388/2346) regret=0.100139 ape=0.6350
[21:43:44] warmStart 16% (389/2346) regret=0.100090 ape=0.6350
[21:43:44] warmStart 16% (390/2346) regret=0.100090 ape=0.6350
[21:43:44] warmStart 16% (391/2346) regret=0.100090 ape=0.6350
[21:43:44] warmStart 16% (392/2346) regret=0.100569 ape=0.6359
[21:43:44] warmStart 16% (393/2346) regret=0.100071 ape=0.6350
[21:43:45] warmStart 16% (394/2346) regret=0.100247 ape=0.6350
[21:43:45] warmStart 16% (395/2346) regret=0.100500 ape=0.6350
[21:43:45] warmStart 16% (396/2346) regret=0.100500 ape=0.6350
[21:43:45] warmStart 16% (397/2346) regret=0.100626 ape=0.6350
[21:43:45] warmStart 16% (398/2346) regret=0.100970 ape=0.6359
[21:43:45] warmStart 17% (399/2346) regret=0.100941 ape=0.6369
[21:43:45] warmStart 17% (400/2346) regret=0.100929 ape=0.6359
[21:43:46] warmStart 17% (401/2346) regret=0.100932 ape=0.6359
[21:43:46] warmStart 17% (402/2346) regret=0.100920 ape=0.6359
[21:43:46] warmStart 17% (403/2346) regret=0.100827 ape=0.6359
[21:43:46] warmStart 17% (404/2346) regret=0.100738 ape=0.6359
[21:43:46] warmStart 17% (405/2346) regret=0.100831 ape=0.6359
[21:43:46] warmStart 17% (406/2346) regret=0.100518 ape=0.6359
[21:43:47] warmStart 17% (407/2346) regret=0.100518 ape=0.6359
[21:43:47] warmStart 17% (408/2346) regret=0.100518 ape=0.6359
[21:43:47] warmStart 17% (409/2346) regret=0.100426 ape=0.6359
[21:43:47] warmStart 17% (410/2346) regret=0.100306 ape=0.6359
[21:43:47] warmStart 17% (411/2346) regret=0.100297 ape=0.6359
[21:43:47] warmStart 17% (412/2346) regret=0.099951 ape=0.6359
[21:43:47] warmStart 17% (413/2346) regret=0.099652 ape=0.6350
[21:43:48] warmStart 17% (414/2346) regret=0.099103 ape=0.6341
[21:43:48] warmStart 17% (415/2346) regret=0.099149 ape=0.6350
[21:43:48] warmStart 17% (416/2346) regret=0.099125 ape=0.6341
[21:43:48] warmStart 17% (417/2346) regret=0.099086 ape=0.6341
[21:43:48] warmStart 17% (418/2346) regret=0.098625 ape=0.6332
[21:43:48] warmStart 17% (419/2346) regret=0.098678 ape=0.6332
[21:43:48] warmStart 17% (420/2346) regret=0.098678 ape=0.6332
[21:43:49] warmStart 17% (421/2346) regret=0.098250 ape=0.6332
[21:43:49] warmStart 17% (422/2346) regret=0.098271 ape=0.6332
[21:43:49] warmStart 18% (423/2346) regret=0.098279 ape=0.6341
[21:43:49] warmStart 18% (424/2346) regret=0.098279 ape=0.6341
[21:43:49] warmStart 18% (425/2346) regret=0.098279 ape=0.6341
[21:43:49] warmStart 18% (426/2346) regret=0.098435 ape=0.6341
[21:43:49] warmStart 18% (427/2346) regret=0.098305 ape=0.6341
[21:43:49] warmStart 18% (428/2346) regret=0.098271 ape=0.6332
[21:43:50] warmStart 18% (429/2346) regret=0.098275 ape=0.6332
[21:43:50] warmStart 18% (430/2346) regret=0.098275 ape=0.6332
[21:43:50] warmStart 18% (431/2346) regret=0.098257 ape=0.6332
[21:43:50] warmStart 18% (432/2346) regret=0.098257 ape=0.6332
[21:43:50] warmStart 18% (433/2346) regret=0.098248 ape=0.6332
[21:43:50] warmStart 18% (434/2346) regret=0.098248 ape=0.6332
[21:43:50] warmStart 18% (435/2346) regret=0.098248 ape=0.6332
[21:43:51] warmStart 18% (436/2346) regret=0.098248 ape=0.6332
[21:43:51] warmStart 18% (437/2346) regret=0.097308 ape=0.6323
[21:43:51] warmStart 18% (438/2346) regret=0.096699 ape=0.6313
[21:43:51] warmStart 18% (439/2346) regret=0.096736 ape=0.6313
[21:43:51] warmStart 18% (440/2346) regret=0.096736 ape=0.6313
[21:43:51] warmStart 18% (441/2346) regret=0.096543 ape=0.6313
[21:43:52] warmStart 18% (442/2346) regret=0.096543 ape=0.6313
[21:43:52] warmStart 18% (443/2346) regret=0.096543 ape=0.6313
[21:43:52] warmStart 18% (444/2346) regret=0.096543 ape=0.6313
[21:43:52] warmStart 18% (445/2346) regret=0.096128 ape=0.6304
[21:43:52] warmStart 19% (446/2346) regret=0.096128 ape=0.6304
[21:43:52] warmStart 19% (447/2346) regret=0.096128 ape=0.6304
[21:43:53] warmStart 19% (448/2346) regret=0.095704 ape=0.6304
[21:43:53] warmStart 19% (449/2346) regret=0.095704 ape=0.6304
[21:43:53] warmStart 19% (450/2346) regret=0.094985 ape=0.6295
[21:43:53] warmStart 19% (451/2346) regret=0.094967 ape=0.6295
[21:43:53] warmStart 19% (452/2346) regret=0.094967 ape=0.6295
[21:43:53] warmStart 19% (453/2346) regret=0.094132 ape=0.6295
[21:43:53] warmStart 19% (454/2346) regret=0.093386 ape=0.6295
[21:43:54] warmStart 19% (455/2346) regret=0.092990 ape=0.6295
[21:43:54] warmStart 19% (456/2346) regret=0.092990 ape=0.6295
[21:43:54] warmStart 19% (457/2346) regret=0.092155 ape=0.6295
[21:43:54] warmStart 19% (458/2346) regret=0.092155 ape=0.6295
[21:43:54] warmStart 19% (459/2346) regret=0.092155 ape=0.6295
[21:43:54] warmStart 19% (460/2346) regret=0.091861 ape=0.6286
[21:43:54] warmStart 19% (461/2346) regret=0.091524 ape=0.6286
[21:43:55] warmStart 19% (462/2346) regret=0.091625 ape=0.6286
[21:43:55] warmStart 19% (463/2346) regret=0.090790 ape=0.6286
[21:43:55] warmStart 19% (464/2346) regret=0.090790 ape=0.6286
[21:43:55] warmStart 19% (465/2346) regret=0.090790 ape=0.6286
[21:43:55] warmStart 19% (466/2346) regret=0.090350 ape=0.6276
[21:43:55] warmStart 19% (467/2346) regret=0.090248 ape=0.6276
[21:43:55] warmStart 19% (468/2346) regret=0.089331 ape=0.6267
[21:43:56] warmStart 19% (469/2346) regret=0.089350 ape=0.6267
[21:43:56] warmStart 20% (470/2346) regret=0.089230 ape=0.6267
[21:43:56] warmStart 20% (471/2346) regret=0.088514 ape=0.6258
[21:43:56] warmStart 20% (472/2346) regret=0.088435 ape=0.6258
[21:43:56] warmStart 20% (473/2346) regret=0.088329 ape=0.6249
[21:43:56] warmStart 20% (474/2346) regret=0.088329 ape=0.6249
[21:43:57] warmStart 20% (475/2346) regret=0.088172 ape=0.6249
[21:43:57] warmStart 20% (476/2346) regret=0.088062 ape=0.6249
[21:43:57] warmStart 20% (477/2346) regret=0.088108 ape=0.6258
[21:43:57] warmStart 20% (478/2346) regret=0.088108 ape=0.6258
[21:43:57] warmStart 20% (479/2346) regret=0.088119 ape=0.6267
[21:43:57] warmStart 20% (480/2346) regret=0.087880 ape=0.6267
[21:43:57] warmStart 20% (481/2346) regret=0.087880 ape=0.6267
[21:43:58] warmStart 20% (482/2346) regret=0.087963 ape=0.6267
[21:43:58] warmStart 20% (483/2346) regret=0.088019 ape=0.6258
[21:43:58] warmStart 20% (484/2346) regret=0.087677 ape=0.6258
[21:43:58] warmStart 20% (485/2346) regret=0.087685 ape=0.6258
[21:43:58] warmStart 20% (486/2346) regret=0.087685 ape=0.6258
[21:43:58] warmStart 20% (487/2346) regret=0.087685 ape=0.6258
[21:43:58] warmStart 20% (488/2346) regret=0.087685 ape=0.6258
[21:43:59] warmStart 20% (489/2346) regret=0.087662 ape=0.6258
[21:43:59] warmStart 20% (490/2346) regret=0.087662 ape=0.6258
[21:43:59] warmStart 20% (491/2346) regret=0.087602 ape=0.6258
[21:43:59] warmStart 20% (492/2346) regret=0.087602 ape=0.6258
[21:43:59] warmStart 21% (493/2346) regret=0.087631 ape=0.6258
[21:43:59] warmStart 21% (494/2346) regret=0.087682 ape=0.6258
[21:43:59] warmStart 21% (495/2346) regret=0.087794 ape=0.6258
[21:44:00] warmStart 21% (496/2346) regret=0.087794 ape=0.6258
[21:44:00] warmStart 21% (497/2346) regret=0.087794 ape=0.6258
[21:44:00] warmStart 21% (498/2346) regret=0.087794 ape=0.6258
[21:44:00] warmStart 21% (499/2346) regret=0.087794 ape=0.6258
[21:44:00] warmStart 21% (500/2346) regret=0.087683 ape=0.6258
[21:44:00] warmStart 21% (501/2346) regret=0.087683 ape=0.6258
[21:44:00] warmStart 21% (502/2346) regret=0.087683 ape=0.6258
[21:44:01] warmStart 21% (503/2346) regret=0.087683 ape=0.6258
[21:44:01] warmStart 21% (504/2346) regret=0.087683 ape=0.6258
[21:44:01] warmStart 21% (505/2346) regret=0.087683 ape=0.6258
[21:44:01] warmStart 21% (506/2346) regret=0.087729 ape=0.6258
[21:44:01] warmStart 21% (507/2346) regret=0.087662 ape=0.6258
[21:44:01] warmStart 21% (508/2346) regret=0.087607 ape=0.6249
[21:44:01] warmStart 21% (509/2346) regret=0.087607 ape=0.6249
[21:44:02] warmStart 21% (510/2346) regret=0.087593 ape=0.6249
[21:44:02] warmStart 21% (511/2346) regret=0.087591 ape=0.6249
[21:44:02] warmStart 21% (512/2346) regret=0.087591 ape=0.6249
[21:44:02] warmStart 21% (513/2346) regret=0.087591 ape=0.6249
[21:44:02] warmStart 21% (514/2346) regret=0.087591 ape=0.6249
[21:44:02] warmStart 21% (515/2346) regret=0.087591 ape=0.6249
[21:44:02] warmStart 21% (516/2346) regret=0.087448 ape=0.6249
[21:44:03] warmStart 22% (517/2346) regret=0.087448 ape=0.6249
[21:44:03] warmStart 22% (518/2346) regret=0.087460 ape=0.6258
[21:44:03] warmStart 22% (519/2346) regret=0.087464 ape=0.6249
[21:44:03] warmStart 22% (520/2346) regret=0.087586 ape=0.6249
[21:44:03] warmStart 22% (521/2346) regret=0.087448 ape=0.6249
[21:44:03] warmStart 22% (522/2346) regret=0.087696 ape=0.6240
[21:44:04] warmStart 22% (523/2346) regret=0.086949 ape=0.6230
[21:44:04] warmStart 22% (524/2346) regret=0.087143 ape=0.6230
[21:44:04] warmStart 22% (525/2346) regret=0.086954 ape=0.6230
[21:44:04] warmStart 22% (526/2346) regret=0.086958 ape=0.6230
[21:44:04] warmStart 22% (527/2346) regret=0.086820 ape=0.6230
[21:44:04] warmStart 22% (528/2346) regret=0.086797 ape=0.6230
[21:44:04] warmStart 22% (529/2346) regret=0.086825 ape=0.6240
[21:44:04] warmStart 22% (530/2346) regret=0.086825 ape=0.6240
[21:44:05] warmStart 22% (531/2346) regret=0.086825 ape=0.6240
[21:44:05] warmStart 22% (532/2346) regret=0.086772 ape=0.6240
[21:44:05] warmStart 22% (533/2346) regret=0.086772 ape=0.6240
[21:44:05] warmStart 22% (534/2346) regret=0.086316 ape=0.6240
[21:44:05] warmStart 22% (535/2346) regret=0.086316 ape=0.6240
[21:44:05] warmStart 22% (536/2346) regret=0.086352 ape=0.6240
[21:44:06] warmStart 22% (537/2346) regret=0.086334 ape=0.6240
[21:44:06] warmStart 22% (538/2346) regret=0.086334 ape=0.6240
[21:44:06] warmStart 22% (539/2346) regret=0.086334 ape=0.6240
[21:44:06] warmStart 23% (540/2346) regret=0.085778 ape=0.6240
[21:44:06] warmStart 23% (541/2346) regret=0.085898 ape=0.6240
[21:44:06] warmStart 23% (542/2346) regret=0.085990 ape=0.6240
[21:44:06] warmStart 23% (543/2346) regret=0.085961 ape=0.6240
[21:44:07] warmStart 23% (544/2346) regret=0.085961 ape=0.6240
[21:44:07] warmStart 23% (545/2346) regret=0.085961 ape=0.6240
[21:44:07] warmStart 23% (546/2346) regret=0.085987 ape=0.6240
[21:44:07] warmStart 23% (547/2346) regret=0.085724 ape=0.6240
[21:44:07] warmStart 23% (548/2346) regret=0.085724 ape=0.6240
[21:44:07] warmStart 23% (549/2346) regret=0.085881 ape=0.6240
[21:44:07] warmStart 23% (550/2346) regret=0.085669 ape=0.6230
[21:44:08] warmStart 23% (551/2346) regret=0.085669 ape=0.6230
[21:44:08] warmStart 23% (552/2346) regret=0.085669 ape=0.6230
[21:44:08] warmStart 23% (553/2346) regret=0.085675 ape=0.6230
[21:44:08] warmStart 23% (554/2346) regret=0.085429 ape=0.6230
[21:44:08] warmStart 23% (555/2346) regret=0.085429 ape=0.6230
[21:44:08] warmStart 23% (556/2346) regret=0.085429 ape=0.6230
[21:44:08] warmStart 23% (557/2346) regret=0.085429 ape=0.6230
[21:44:09] warmStart 23% (558/2346) regret=0.085466 ape=0.6230
[21:44:09] warmStart 23% (559/2346) regret=0.085466 ape=0.6230
[21:44:09] warmStart 23% (560/2346) regret=0.085176 ape=0.6230
[21:44:09] warmStart 23% (561/2346) regret=0.085176 ape=0.6230
[21:44:09] warmStart 23% (562/2346) regret=0.084807 ape=0.6221
[21:44:09] warmStart 23% (563/2346) regret=0.084807 ape=0.6221
[21:44:10] warmStart 24% (564/2346) regret=0.084807 ape=0.6221
[21:44:10] warmStart 24% (565/2346) regret=0.084807 ape=0.6221
[21:44:10] warmStart 24% (566/2346) regret=0.084807 ape=0.6221
[21:44:10] warmStart 24% (567/2346) regret=0.084807 ape=0.6221
[21:44:10] warmStart 24% (568/2346) regret=0.084807 ape=0.6221
[21:44:10] warmStart 24% (569/2346) regret=0.084807 ape=0.6221
[21:44:10] warmStart 24% (570/2346) regret=0.084807 ape=0.6221
[21:44:11] warmStart 24% (571/2346) regret=0.084715 ape=0.6221
[21:44:11] warmStart 24% (572/2346) regret=0.084715 ape=0.6221
[21:44:11] warmStart 24% (573/2346) regret=0.084365 ape=0.6212
[21:44:11] warmStart 24% (574/2346) regret=0.084365 ape=0.6212
[21:44:11] warmStart 24% (575/2346) regret=0.084365 ape=0.6212
[21:44:11] warmStart 24% (576/2346) regret=0.083966 ape=0.6203
[21:44:12] warmStart 24% (577/2346) regret=0.083966 ape=0.6203
[21:44:12] warmStart 24% (578/2346) regret=0.083988 ape=0.6203
[21:44:12] warmStart 24% (579/2346) regret=0.083988 ape=0.6203
[21:44:12] warmStart 24% (580/2346) regret=0.083922 ape=0.6194
[21:44:12] warmStart 24% (581/2346) regret=0.083988 ape=0.6203
[21:44:12] warmStart 24% (582/2346) regret=0.083988 ape=0.6203
[21:44:12] warmStart 24% (583/2346) regret=0.083988 ape=0.6203
[21:44:13] warmStart 24% (584/2346) regret=0.083988 ape=0.6203
[21:44:13] warmStart 24% (585/2346) regret=0.083988 ape=0.6203
[21:44:13] warmStart 24% (586/2346) regret=0.083988 ape=0.6203
[21:44:13] warmStart 25% (587/2346) regret=0.084059 ape=0.6212
[21:44:13] warmStart 25% (588/2346) regret=0.083988 ape=0.6203
[21:44:13] warmStart 25% (589/2346) regret=0.083988 ape=0.6203
[21:44:13] warmStart 25% (590/2346) regret=0.083988 ape=0.6203
[21:44:14] warmStart 25% (591/2346) regret=0.084075 ape=0.6203
[21:44:14] warmStart 25% (592/2346) regret=0.084075 ape=0.6203
[21:44:14] warmStart 25% (593/2346) regret=0.083935 ape=0.6194
[21:44:14] warmStart 25% (594/2346) regret=0.083520 ape=0.6194
[21:44:14] warmStart 25% (595/2346) regret=0.083520 ape=0.6194
[21:44:14] warmStart 25% (596/2346) regret=0.083520 ape=0.6194
[21:44:14] warmStart 25% (597/2346) regret=0.083520 ape=0.6194
[21:44:15] warmStart 25% (598/2346) regret=0.083520 ape=0.6194
[21:44:15] warmStart 25% (599/2346) regret=0.083520 ape=0.6194
[21:44:15] warmStart 25% (600/2346) regret=0.083520 ape=0.6194
[21:44:15] warmStart 25% (601/2346) regret=0.083520 ape=0.6194
[21:44:15] warmStart 25% (602/2346) regret=0.083520 ape=0.6194
[21:44:15] warmStart 25% (603/2346) regret=0.083442 ape=0.6194
[21:44:15] warmStart 25% (604/2346) regret=0.083423 ape=0.6194
[21:44:15] warmStart 25% (605/2346) regret=0.083423 ape=0.6194
[21:44:16] warmStart 25% (606/2346) regret=0.083276 ape=0.6194
[21:44:16] warmStart 25% (607/2346) regret=0.083276 ape=0.6194
[21:44:16] warmStart 25% (608/2346) regret=0.083340 ape=0.6194
[21:44:16] warmStart 25% (609/2346) regret=0.083340 ape=0.6194
[21:44:16] warmStart 26% (610/2346) regret=0.083451 ape=0.6194
[21:44:16] warmStart 26% (611/2346) regret=0.083469 ape=0.6194
[21:44:17] warmStart 26% (612/2346) regret=0.083453 ape=0.6194
[21:44:17] warmStart 26% (613/2346) regret=0.083352 ape=0.6194
[21:44:17] warmStart 26% (614/2346) regret=0.083352 ape=0.6194
[21:44:17] warmStart 26% (615/2346) regret=0.083352 ape=0.6194
[21:44:17] warmStart 26% (616/2346) regret=0.083384 ape=0.6194
[21:44:17] warmStart 26% (617/2346) regret=0.083352 ape=0.6194
[21:44:17] warmStart 26% (618/2346) regret=0.083352 ape=0.6194
[21:44:18] warmStart 26% (619/2346) regret=0.083352 ape=0.6194
[21:44:18] warmStart 26% (620/2346) regret=0.083352 ape=0.6194
[21:44:18] warmStart 26% (621/2346) regret=0.083151 ape=0.6175
[21:44:18] warmStart 26% (622/2346) regret=0.083262 ape=0.6184
[21:44:18] warmStart 26% (623/2346) regret=0.083262 ape=0.6184
[21:44:18] warmStart 26% (624/2346) regret=0.083262 ape=0.6184
[21:44:18] warmStart 26% (625/2346) regret=0.083262 ape=0.6184
[21:44:19] warmStart 26% (626/2346) regret=0.083317 ape=0.6184
[21:44:19] warmStart 26% (627/2346) regret=0.083317 ape=0.6184
[21:44:19] warmStart 26% (628/2346) regret=0.083013 ape=0.6175
[21:44:19] warmStart 26% (629/2346) regret=0.083013 ape=0.6175
[21:44:19] warmStart 26% (630/2346) regret=0.082958 ape=0.6166
[21:44:19] warmStart 26% (631/2346) regret=0.082958 ape=0.6166
[21:44:20] warmStart 26% (632/2346) regret=0.082895 ape=0.6166
[21:44:20] warmStart 26% (633/2346) regret=0.082919 ape=0.6166
[21:44:20] warmStart 27% (634/2346) regret=0.082947 ape=0.6166
[21:44:20] warmStart 27% (635/2346) regret=0.082947 ape=0.6166
[21:44:20] warmStart 27% (636/2346) regret=0.082850 ape=0.6166
[21:44:20] warmStart 27% (637/2346) regret=0.082850 ape=0.6166
[21:44:20] warmStart 27% (638/2346) regret=0.082889 ape=0.6166
[21:44:21] warmStart 27% (639/2346) regret=0.082850 ape=0.6166
[21:44:21] warmStart 27% (640/2346) regret=0.082915 ape=0.6166
[21:44:21] warmStart 27% (641/2346) regret=0.082915 ape=0.6166
[21:44:21] warmStart 27% (642/2346) regret=0.082910 ape=0.6166
[21:44:21] warmStart 27% (643/2346) regret=0.082875 ape=0.6166
[21:44:21] warmStart 27% (644/2346) regret=0.082875 ape=0.6166
[21:44:21] warmStart 27% (645/2346) regret=0.082875 ape=0.6166
[21:44:22] warmStart 27% (646/2346) regret=0.082875 ape=0.6166
[21:44:22] warmStart 27% (647/2346) regret=0.082875 ape=0.6166
[21:44:22] warmStart 27% (648/2346) regret=0.082783 ape=0.6157
[21:44:22] warmStart 27% (649/2346) regret=0.082875 ape=0.6166
[21:44:22] warmStart 27% (650/2346) regret=0.082902 ape=0.6166
[21:44:22] warmStart 27% (651/2346) regret=0.082902 ape=0.6166
[21:44:22] warmStart 27% (652/2346) regret=0.082902 ape=0.6166
[21:44:23] warmStart 27% (653/2346) regret=0.083127 ape=0.6175
[21:44:23] warmStart 27% (654/2346) regret=0.083127 ape=0.6175
[21:44:23] warmStart 27% (655/2346) regret=0.083127 ape=0.6175
[21:44:23] warmStart 27% (656/2346) regret=0.083127 ape=0.6175
[21:44:23] warmStart 28% (657/2346) regret=0.083127 ape=0.6175
[21:44:23] warmStart 28% (658/2346) regret=0.083127 ape=0.6175
[21:44:23] warmStart 28% (659/2346) regret=0.083147 ape=0.6175
[21:44:24] warmStart 28% (660/2346) regret=0.083041 ape=0.6166
[21:44:24] warmStart 28% (661/2346) regret=0.083041 ape=0.6166
[21:44:24] warmStart 28% (662/2346) regret=0.083041 ape=0.6166
[21:44:24] warmStart 28% (663/2346) regret=0.083041 ape=0.6166
[21:44:24] warmStart 28% (664/2346) regret=0.083041 ape=0.6166
[21:44:24] warmStart 28% (665/2346) regret=0.082976 ape=0.6166
[21:44:24] warmStart 28% (666/2346) regret=0.082976 ape=0.6166
[21:44:25] warmStart 28% (667/2346) regret=0.082976 ape=0.6166
[21:44:25] warmStart 28% (668/2346) regret=0.082879 ape=0.6166
[21:44:25] warmStart 28% (669/2346) regret=0.082879 ape=0.6166
[21:44:25] warmStart 28% (670/2346) regret=0.082833 ape=0.6157
[21:44:25] warmStart 28% (671/2346) regret=0.082833 ape=0.6157
[21:44:25] warmStart 28% (672/2346) regret=0.082833 ape=0.6157
[21:44:25] warmStart 28% (673/2346) regret=0.082833 ape=0.6157
[21:44:26] warmStart 28% (674/2346) regret=0.082833 ape=0.6157
[21:44:26] warmStart 28% (675/2346) regret=0.082833 ape=0.6157
[21:44:26] warmStart 28% (676/2346) regret=0.082833 ape=0.6157
[21:44:26] warmStart 28% (677/2346) regret=0.082833 ape=0.6157
[21:44:26] warmStart 28% (678/2346) regret=0.082833 ape=0.6157
[21:44:26] warmStart 28% (679/2346) regret=0.082833 ape=0.6157
[21:44:26] warmStart 28% (680/2346) regret=0.082833 ape=0.6157
[21:44:27] warmStart 29% (681/2346) regret=0.082833 ape=0.6157
[21:44:27] warmStart 29% (682/2346) regret=0.082833 ape=0.6157
[21:44:27] warmStart 29% (683/2346) regret=0.082833 ape=0.6157
[21:44:27] warmStart 29% (684/2346) regret=0.082878 ape=0.6157
[21:44:27] warmStart 29% (685/2346) regret=0.082740 ape=0.6166
[21:44:27] warmStart 29% (686/2346) regret=0.082617 ape=0.6166
[21:44:28] warmStart 29% (687/2346) regret=0.082617 ape=0.6166
[21:44:28] warmStart 29% (688/2346) regret=0.082617 ape=0.6166
[21:44:28] warmStart 29% (689/2346) regret=0.082617 ape=0.6166
[21:44:28] warmStart 29% (690/2346) regret=0.082513 ape=0.6166
[21:44:28] warmStart 29% (691/2346) regret=0.082513 ape=0.6166
[21:44:28] warmStart 29% (692/2346) regret=0.082467 ape=0.6166
[21:44:28] warmStart 29% (693/2346) regret=0.082467 ape=0.6166
[21:44:29] warmStart 29% (694/2346) regret=0.082467 ape=0.6166
[21:44:29] warmStart 29% (695/2346) regret=0.082480 ape=0.6166
[21:44:29] warmStart 29% (696/2346) regret=0.082508 ape=0.6157
[21:44:29] warmStart 29% (697/2346) regret=0.082508 ape=0.6157
[21:44:29] warmStart 29% (698/2346) regret=0.082508 ape=0.6157
[21:44:29] warmStart 29% (699/2346) regret=0.082508 ape=0.6157
[21:44:29] warmStart 29% (700/2346) regret=0.082545 ape=0.6157
[21:44:30] warmStart 29% (701/2346) regret=0.082545 ape=0.6157
[21:44:30] warmStart 29% (702/2346) regret=0.082411 ape=0.6147
[21:44:30] warmStart 29% (703/2346) regret=0.082411 ape=0.6147
[21:44:30] warmStart 30% (704/2346) regret=0.082411 ape=0.6147
[21:44:30] warmStart 30% (705/2346) regret=0.082411 ape=0.6147
[21:44:30] warmStart 30% (706/2346) regret=0.082411 ape=0.6147
[21:44:30] warmStart 30% (707/2346) regret=0.082328 ape=0.6147
[21:44:31] warmStart 30% (708/2346) regret=0.082328 ape=0.6147
[21:44:31] warmStart 30% (709/2346) regret=0.082356 ape=0.6147
[21:44:31] warmStart 30% (710/2346) regret=0.082237 ape=0.6147
[21:44:31] warmStart 30% (711/2346) regret=0.082237 ape=0.6147
[21:44:31] warmStart 30% (712/2346) regret=0.082237 ape=0.6147
[21:44:31] warmStart 30% (713/2346) regret=0.082237 ape=0.6147
[21:44:31] warmStart 30% (714/2346) regret=0.082237 ape=0.6147
[21:44:32] warmStart 30% (715/2346) regret=0.082237 ape=0.6147
[21:44:32] warmStart 30% (716/2346) regret=0.082237 ape=0.6147
[21:44:32] warmStart 30% (717/2346) regret=0.082237 ape=0.6147
[21:44:32] warmStart 30% (718/2346) regret=0.082237 ape=0.6147
[21:44:32] warmStart 30% (719/2346) regret=0.082237 ape=0.6147
[21:44:32] warmStart 30% (720/2346) regret=0.082225 ape=0.6138
[21:44:32] warmStart 30% (721/2346) regret=0.082212 ape=0.6138
[21:44:33] warmStart 30% (722/2346) regret=0.082186 ape=0.6138
[21:44:33] warmStart 30% (723/2346) regret=0.082214 ape=0.6138
[21:44:33] warmStart 30% (724/2346) regret=0.082214 ape=0.6138
[21:44:33] warmStart 30% (725/2346) regret=0.082214 ape=0.6138
[21:44:33] warmStart 30% (726/2346) regret=0.082214 ape=0.6138
[21:44:33] warmStart 30% (727/2346) regret=0.082175 ape=0.6138
[21:44:33] warmStart 31% (728/2346) regret=0.082175 ape=0.6138
[21:44:34] warmStart 31% (729/2346) regret=0.082175 ape=0.6138
[21:44:34] warmStart 31% (730/2346) regret=0.082175 ape=0.6138
[21:44:34] warmStart 31% (731/2346) regret=0.082201 ape=0.6138
[21:44:34] warmStart 31% (732/2346) regret=0.082201 ape=0.6138
[21:44:34] warmStart 31% (733/2346) regret=0.082201 ape=0.6138
[21:44:34] warmStart 31% (734/2346) regret=0.082201 ape=0.6138
[21:44:34] warmStart 31% (735/2346) regret=0.082201 ape=0.6138
[21:44:35] warmStart 31% (736/2346) regret=0.082736 ape=0.6138
[21:44:35] warmStart 31% (737/2346) regret=0.082736 ape=0.6138
[21:44:35] warmStart 31% (738/2346) regret=0.082768 ape=0.6138
[21:44:35] warmStart 31% (739/2346) regret=0.082717 ape=0.6138
[21:44:35] warmStart 31% (740/2346) regret=0.082772 ape=0.6147
[21:44:35] warmStart 31% (741/2346) regret=0.082768 ape=0.6138
[21:44:36] warmStart 31% (742/2346) regret=0.082676 ape=0.6138
[21:44:36] warmStart 31% (743/2346) regret=0.082768 ape=0.6138
[21:44:36] warmStart 31% (744/2346) regret=0.082807 ape=0.6147
[21:44:36] warmStart 31% (745/2346) regret=0.082768 ape=0.6138
[21:44:36] warmStart 31% (746/2346) regret=0.082282 ape=0.6138
[21:44:36] warmStart 31% (747/2346) regret=0.082270 ape=0.6129
[21:44:36] warmStart 31% (748/2346) regret=0.080911 ape=0.6129
[21:44:37] warmStart 31% (749/2346) regret=0.080185 ape=0.6120
[21:44:37] warmStart 31% (750/2346) regret=0.080625 ape=0.6120
[21:44:37] warmStart 32% (751/2346) regret=0.080625 ape=0.6120
[21:44:37] warmStart 32% (752/2346) regret=0.080625 ape=0.6120
[21:44:37] warmStart 32% (753/2346) regret=0.080247 ape=0.6111
[21:44:37] warmStart 32% (754/2346) regret=0.080247 ape=0.6111
[21:44:38] warmStart 32% (755/2346) regret=0.080247 ape=0.6111
[21:44:38] warmStart 32% (756/2346) regret=0.079362 ape=0.6101
[21:44:38] warmStart 32% (757/2346) regret=0.079362 ape=0.6101
[21:44:38] warmStart 32% (758/2346) regret=0.078929 ape=0.6101
[21:44:38] warmStart 32% (759/2346) regret=0.078929 ape=0.6101
[21:44:38] warmStart 32% (760/2346) regret=0.078487 ape=0.6083
[21:44:38] warmStart 32% (761/2346) regret=0.077814 ape=0.6074
[21:44:39] warmStart 32% (762/2346) regret=0.077130 ape=0.6074
[21:44:39] warmStart 32% (763/2346) regret=0.077130 ape=0.6074
[21:44:39] warmStart 32% (764/2346) regret=0.076775 ape=0.6074
[21:44:39] warmStart 32% (765/2346) regret=0.076775 ape=0.6074
[21:44:39] warmStart 32% (766/2346) regret=0.076369 ape=0.6074
[21:44:39] warmStart 32% (767/2346) regret=0.076369 ape=0.6074
[21:44:39] warmStart 32% (768/2346) regret=0.076369 ape=0.6074
[21:44:40] warmStart 32% (769/2346) regret=0.076415 ape=0.6074
[21:44:40] warmStart 32% (770/2346) regret=0.076001 ape=0.6074
[21:44:40] warmStart 32% (771/2346) regret=0.075443 ape=0.6074
[21:44:40] warmStart 32% (772/2346) regret=0.075417 ape=0.6074
[21:44:40] warmStart 32% (773/2346) regret=0.075443 ape=0.6074
[21:44:40] warmStart 32% (774/2346) regret=0.075240 ape=0.6074
[21:44:41] warmStart 33% (775/2346) regret=0.075024 ape=0.6065
[21:44:41] warmStart 33% (776/2346) regret=0.075060 ape=0.6065
[21:44:41] warmStart 33% (777/2346) regret=0.075024 ape=0.6065
[21:44:41] warmStart 33% (778/2346) regret=0.075019 ape=0.6065
[21:44:41] warmStart 33% (779/2346) regret=0.074429 ape=0.6055
[21:44:41] warmStart 33% (780/2346) regret=0.074522 ape=0.6055
[21:44:41] warmStart 33% (781/2346) regret=0.074301 ape=0.6046
[21:44:42] warmStart 33% (782/2346) regret=0.074301 ape=0.6046
[21:44:42] warmStart 33% (783/2346) regret=0.074301 ape=0.6046
[21:44:42] warmStart 33% (784/2346) regret=0.074301 ape=0.6046
[21:44:42] warmStart 33% (785/2346) regret=0.073932 ape=0.6046
[21:44:42] warmStart 33% (786/2346) regret=0.073932 ape=0.6046
[21:44:42] warmStart 33% (787/2346) regret=0.073748 ape=0.6046
[21:44:42] warmStart 33% (788/2346) regret=0.073778 ape=0.6055
[21:44:42] warmStart 33% (789/2346) regret=0.073778 ape=0.6055
[21:44:43] warmStart 33% (790/2346) regret=0.073851 ape=0.6055
[21:44:43] warmStart 33% (791/2346) regret=0.073487 ape=0.6055
[21:44:43] warmStart 33% (792/2346) regret=0.073453 ape=0.6055
[21:44:43] warmStart 33% (793/2346) regret=0.073499 ape=0.6055
[21:44:43] warmStart 33% (794/2346) regret=0.073388 ape=0.6055
[21:44:43] warmStart 33% (795/2346) regret=0.073430 ape=0.6055
[21:44:44] warmStart 33% (796/2346) regret=0.073338 ape=0.6046
[21:44:44] warmStart 33% (797/2346) regret=0.072831 ape=0.6037
[21:44:44] warmStart 34% (798/2346) regret=0.073278 ape=0.6037
[21:44:44] warmStart 34% (799/2346) regret=0.073278 ape=0.6037
[21:44:44] warmStart 34% (800/2346) regret=0.073278 ape=0.6037
[21:44:44] warmStart 34% (801/2346) regret=0.072645 ape=0.6037
[21:44:44] warmStart 34% (802/2346) regret=0.072645 ape=0.6037
[21:44:45] warmStart 34% (803/2346) regret=0.072239 ape=0.6037
[21:44:45] warmStart 34% (804/2346) regret=0.072239 ape=0.6037
[21:44:45] warmStart 34% (805/2346) regret=0.072239 ape=0.6037
[21:44:45] warmStart 34% (806/2346) regret=0.072239 ape=0.6037
[21:44:45] warmStart 34% (807/2346) regret=0.072247 ape=0.6046
[21:44:45] warmStart 34% (808/2346) regret=0.072247 ape=0.6046
[21:44:45] warmStart 34% (809/2346) regret=0.072242 ape=0.6046
[21:44:46] warmStart 34% (810/2346) regret=0.072208 ape=0.6046
[21:44:46] warmStart 34% (811/2346) regret=0.072540 ape=0.6046
[21:44:46] warmStart 34% (812/2346) regret=0.072079 ape=0.6055
[21:44:46] warmStart 34% (813/2346) regret=0.072024 ape=0.6046
[21:44:46] warmStart 34% (814/2346) regret=0.072024 ape=0.6046
[21:44:46] warmStart 34% (815/2346) regret=0.072024 ape=0.6046
[21:44:46] warmStart 34% (816/2346) regret=0.072024 ape=0.6046
[21:44:47] warmStart 34% (817/2346) regret=0.072103 ape=0.6046
[21:44:47] warmStart 34% (818/2346) regret=0.071873 ape=0.6037
[21:44:47] warmStart 34% (819/2346) regret=0.071873 ape=0.6037
[21:44:47] warmStart 34% (820/2346) regret=0.071873 ape=0.6037
[21:44:47] warmStart 34% (821/2346) regret=0.071873 ape=0.6037
[21:44:47] warmStart 35% (822/2346) regret=0.071873 ape=0.6037
[21:44:47] warmStart 35% (823/2346) regret=0.071873 ape=0.6037
[21:44:48] warmStart 35% (824/2346) regret=0.071873 ape=0.6037
[21:44:48] warmStart 35% (825/2346) regret=0.071873 ape=0.6037
[21:44:48] warmStart 35% (826/2346) regret=0.071856 ape=0.6028
[21:44:48] warmStart 35% (827/2346) regret=0.071856 ape=0.6028
[21:44:48] warmStart 35% (828/2346) regret=0.071856 ape=0.6028
[21:44:48] warmStart 35% (829/2346) regret=0.071856 ape=0.6028
[21:44:48] warmStart 35% (830/2346) regret=0.071856 ape=0.6028
[21:44:49] warmStart 35% (831/2346) regret=0.071856 ape=0.6028
[21:44:49] warmStart 35% (832/2346) regret=0.071856 ape=0.6028
[21:44:49] warmStart 35% (833/2346) regret=0.071856 ape=0.6028
[21:44:49] warmStart 35% (834/2346) regret=0.071856 ape=0.6028
[21:44:49] warmStart 35% (835/2346) regret=0.071882 ape=0.6028
[21:44:49] warmStart 35% (836/2346) regret=0.071882 ape=0.6028
[21:44:49] warmStart 35% (837/2346) regret=0.071882 ape=0.6028
[21:44:50] warmStart 35% (838/2346) regret=0.071882 ape=0.6028
[21:44:50] warmStart 35% (839/2346) regret=0.071882 ape=0.6028
[21:44:50] warmStart 35% (840/2346) regret=0.071884 ape=0.6028
[21:44:50] warmStart 35% (841/2346) regret=0.071673 ape=0.6028
[21:44:50] warmStart 35% (842/2346) regret=0.071673 ape=0.6028
[21:44:50] warmStart 35% (843/2346) regret=0.071673 ape=0.6028
[21:44:50] warmStart 35% (844/2346) regret=0.071623 ape=0.6028
[21:44:51] warmStart 36% (845/2346) regret=0.071623 ape=0.6028
[21:44:51] warmStart 36% (846/2346) regret=0.071623 ape=0.6028
[21:44:51] warmStart 36% (847/2346) regret=0.071623 ape=0.6028
[21:44:51] warmStart 36% (848/2346) regret=0.071623 ape=0.6028
[21:44:51] warmStart 36% (849/2346) regret=0.071604 ape=0.6018
[21:44:51] warmStart 36% (850/2346) regret=0.071604 ape=0.6018
[21:44:51] warmStart 36% (851/2346) regret=0.071604 ape=0.6018
[21:44:52] warmStart 36% (852/2346) regret=0.071605 ape=0.6018
[21:44:52] warmStart 36% (853/2346) regret=0.071596 ape=0.6018
[21:44:52] warmStart 36% (854/2346) regret=0.071596 ape=0.6018
[21:44:52] warmStart 36% (855/2346) regret=0.071596 ape=0.6018
[21:44:52] warmStart 36% (856/2346) regret=0.071467 ape=0.6018
[21:44:52] warmStart 36% (857/2346) regret=0.071430 ape=0.6009
[21:44:53] warmStart 36% (858/2346) regret=0.071628 ape=0.6018
[21:44:53] warmStart 36% (859/2346) regret=0.071656 ape=0.6018
[21:44:53] warmStart 36% (860/2346) regret=0.071656 ape=0.6018
[21:44:53] warmStart 36% (861/2346) regret=0.071644 ape=0.6018
[21:44:53] warmStart 36% (862/2346) regret=0.071653 ape=0.6018
[21:44:53] warmStart 36% (863/2346) regret=0.071653 ape=0.6018
[21:44:53] warmStart 36% (864/2346) regret=0.071653 ape=0.6018
[21:44:54] warmStart 36% (865/2346) regret=0.071653 ape=0.6018
[21:44:54] warmStart 36% (866/2346) regret=0.071653 ape=0.6018
[21:44:54] warmStart 36% (867/2346) regret=0.071653 ape=0.6018
[21:44:54] warmStart 36% (868/2346) regret=0.071653 ape=0.6018
[21:44:54] warmStart 37% (869/2346) regret=0.071653 ape=0.6018
[21:44:54] warmStart 37% (870/2346) regret=0.071653 ape=0.6018
[21:44:54] warmStart 37% (871/2346) regret=0.071653 ape=0.6018
[21:44:55] warmStart 37% (872/2346) regret=0.071653 ape=0.6018
[21:44:55] warmStart 37% (873/2346) regret=0.071649 ape=0.6009
[21:44:55] warmStart 37% (874/2346) regret=0.071653 ape=0.6018
[21:44:55] warmStart 37% (875/2346) regret=0.071653 ape=0.6018
[21:44:55] warmStart 37% (876/2346) regret=0.071653 ape=0.6018
[21:44:55] warmStart 37% (877/2346) regret=0.071653 ape=0.6018
[21:44:55] warmStart 37% (878/2346) regret=0.071653 ape=0.6018
[21:44:56] warmStart 37% (879/2346) regret=0.071653 ape=0.6018
[21:44:56] warmStart 37% (880/2346) regret=0.071653 ape=0.6018
[21:44:56] warmStart 37% (881/2346) regret=0.071579 ape=0.6009
[21:44:56] warmStart 37% (882/2346) regret=0.071563 ape=0.6009
[21:44:56] warmStart 37% (883/2346) regret=0.071638 ape=0.6018
[21:44:56] warmStart 37% (884/2346) regret=0.071627 ape=0.6018
[21:44:56] warmStart 37% (885/2346) regret=0.071576 ape=0.6018
[21:44:57] warmStart 37% (886/2346) regret=0.071576 ape=0.6018
[21:44:57] warmStart 37% (887/2346) regret=0.071576 ape=0.6018
[21:44:57] warmStart 37% (888/2346) regret=0.071387 ape=0.6009
[21:44:57] warmStart 37% (889/2346) regret=0.071387 ape=0.6009
[21:44:57] warmStart 37% (890/2346) regret=0.071387 ape=0.6009
[21:44:57] warmStart 37% (891/2346) regret=0.071387 ape=0.6009
[21:44:58] warmStart 38% (892/2346) regret=0.071387 ape=0.6009
[21:44:58] warmStart 38% (893/2346) regret=0.071387 ape=0.6009
[21:44:58] warmStart 38% (894/2346) regret=0.071387 ape=0.6009
[21:44:58] warmStart 38% (895/2346) regret=0.071387 ape=0.6009
[21:44:58] warmStart 38% (896/2346) regret=0.071387 ape=0.6009
[21:44:58] warmStart 38% (897/2346) regret=0.071387 ape=0.6009
[21:44:58] warmStart 38% (898/2346) regret=0.071387 ape=0.6009
[21:44:59] warmStart 38% (899/2346) regret=0.071387 ape=0.6009
[21:44:59] warmStart 38% (900/2346) regret=0.071387 ape=0.6009
[21:44:59] warmStart 38% (901/2346) regret=0.071387 ape=0.6009
[21:44:59] warmStart 38% (902/2346) regret=0.071152 ape=0.6009
[21:44:59] warmStart 38% (903/2346) regret=0.071120 ape=0.6000
[21:44:59] warmStart 38% (904/2346) regret=0.071120 ape=0.6000
[21:44:59] warmStart 38% (905/2346) regret=0.071120 ape=0.6000
[21:45:00] warmStart 38% (906/2346) regret=0.071120 ape=0.6000
[21:45:00] warmStart 38% (907/2346) regret=0.071120 ape=0.6000
[21:45:00] warmStart 38% (908/2346) regret=0.071120 ape=0.6000
[21:45:00] warmStart 38% (909/2346) regret=0.070932 ape=0.6000
[21:45:00] warmStart 38% (910/2346) regret=0.070932 ape=0.6000
[21:45:00] warmStart 38% (911/2346) regret=0.070932 ape=0.6000
[21:45:01] warmStart 38% (912/2346) regret=0.070932 ape=0.6000
[21:45:01] warmStart 38% (913/2346) regret=0.070913 ape=0.6000
[21:45:01] warmStart 38% (914/2346) regret=0.070913 ape=0.6000
[21:45:01] warmStart 39% (915/2346) regret=0.070508 ape=0.6000
[21:45:01] warmStart 39% (916/2346) regret=0.070508 ape=0.6000
[21:45:01] warmStart 39% (917/2346) regret=0.070508 ape=0.6000
[21:45:02] warmStart 39% (918/2346) regret=0.070508 ape=0.6000
[21:45:02] warmStart 39% (919/2346) regret=0.070185 ape=0.6000
[21:45:02] warmStart 39% (920/2346) regret=0.070157 ape=0.5991
[21:45:02] warmStart 39% (921/2346) regret=0.070134 ape=0.5991
[21:45:02] warmStart 39% (922/2346) regret=0.070134 ape=0.5991
[21:45:02] warmStart 39% (923/2346) regret=0.070144 ape=0.5991
[21:45:02] warmStart 39% (924/2346) regret=0.070144 ape=0.5991
[21:45:03] warmStart 39% (925/2346) regret=0.070144 ape=0.5991
[21:45:03] warmStart 39% (926/2346) regret=0.069996 ape=0.5991
[21:45:03] warmStart 39% (927/2346) regret=0.069996 ape=0.5991
[21:45:03] warmStart 39% (928/2346) regret=0.069996 ape=0.5991
[21:45:03] warmStart 39% (929/2346) regret=0.069970 ape=0.5991
[21:45:03] warmStart 39% (930/2346) regret=0.069970 ape=0.5991
[21:45:04] warmStart 39% (931/2346) regret=0.069970 ape=0.5991
[21:45:04] warmStart 39% (932/2346) regret=0.069970 ape=0.5991
[21:45:04] warmStart 39% (933/2346) regret=0.069970 ape=0.5991
[21:45:04] warmStart 39% (934/2346) regret=0.069970 ape=0.5991
[21:45:04] warmStart 39% (935/2346) regret=0.069643 ape=0.5991
[21:45:04] warmStart 39% (936/2346) regret=0.069054 ape=0.5991
[21:45:04] warmStart 39% (937/2346) regret=0.069054 ape=0.5991
[21:45:05] warmStart 39% (938/2346) regret=0.069054 ape=0.5991
[21:45:05] warmStart 40% (939/2346) regret=0.069054 ape=0.5991
[21:45:05] warmStart 40% (940/2346) regret=0.069054 ape=0.5991
[21:45:05] warmStart 40% (941/2346) regret=0.069174 ape=0.6000
[21:45:05] warmStart 40% (942/2346) regret=0.069174 ape=0.6000
[21:45:05] warmStart 40% (943/2346) regret=0.069174 ape=0.6000
[21:45:05] warmStart 40% (944/2346) regret=0.069174 ape=0.6000
[21:45:06] warmStart 40% (945/2346) regret=0.069174 ape=0.6000
[21:45:06] warmStart 40% (946/2346) regret=0.069174 ape=0.6000
[21:45:06] warmStart 40% (947/2346) regret=0.069174 ape=0.6000
[21:45:06] warmStart 40% (948/2346) regret=0.069174 ape=0.6000
[21:45:06] warmStart 40% (949/2346) regret=0.069174 ape=0.6000
[21:45:06] warmStart 40% (950/2346) regret=0.069141 ape=0.6000
[21:45:06] warmStart 40% (951/2346) regret=0.069141 ape=0.6000
[21:45:07] warmStart 40% (952/2346) regret=0.069141 ape=0.6000
[21:45:07] warmStart 40% (953/2346) regret=0.069141 ape=0.6000
[21:45:07] warmStart 40% (954/2346) regret=0.069141 ape=0.6000
[21:45:07] warmStart 40% (955/2346) regret=0.069141 ape=0.6000
[21:45:07] warmStart 40% (956/2346) regret=0.069141 ape=0.6000
[21:45:07] warmStart 40% (957/2346) regret=0.069141 ape=0.6000
[21:45:07] warmStart 40% (958/2346) regret=0.069146 ape=0.6000
[21:45:08] warmStart 40% (959/2346) regret=0.069167 ape=0.6000
[21:45:08] warmStart 40% (960/2346) regret=0.069167 ape=0.6000
[21:45:08] warmStart 40% (961/2346) regret=0.069167 ape=0.6000
[21:45:08] warmStart 41% (962/2346) regret=0.069167 ape=0.6000
[21:45:08] warmStart 41% (963/2346) regret=0.069167 ape=0.6000
[21:45:08] warmStart 41% (964/2346) regret=0.069167 ape=0.6000
[21:45:08] warmStart 41% (965/2346) regret=0.069167 ape=0.6000
[21:45:09] warmStart 41% (966/2346) regret=0.069167 ape=0.6000
[21:45:09] warmStart 41% (967/2346) regret=0.069167 ape=0.6000
[21:45:09] warmStart 41% (968/2346) regret=0.068780 ape=0.5982
[21:45:09] warmStart 41% (969/2346) regret=0.068780 ape=0.5982
[21:45:09] warmStart 41% (970/2346) regret=0.068780 ape=0.5982
[21:45:09] warmStart 41% (971/2346) regret=0.068780 ape=0.5982
[21:45:10] warmStart 41% (972/2346) regret=0.068780 ape=0.5982
[21:45:10] warmStart 41% (973/2346) regret=0.068780 ape=0.5982
[21:45:10] warmStart 41% (974/2346) regret=0.068780 ape=0.5982
[21:45:10] warmStart 41% (975/2346) regret=0.068780 ape=0.5982
[21:45:10] warmStart 41% (976/2346) regret=0.068780 ape=0.5982
[21:45:10] warmStart 41% (977/2346) regret=0.068780 ape=0.5982
[21:45:10] warmStart 41% (978/2346) regret=0.068458 ape=0.5972
[21:45:10] warmStart 41% (979/2346) regret=0.068458 ape=0.5972
[21:45:11] warmStart 41% (980/2346) regret=0.068458 ape=0.5972
[21:45:11] warmStart 41% (981/2346) regret=0.068458 ape=0.5972
[21:45:11] warmStart 41% (982/2346) regret=0.068458 ape=0.5972
[21:45:11] warmStart 41% (983/2346) regret=0.068458 ape=0.5972
[21:45:11] warmStart 41% (984/2346) regret=0.068458 ape=0.5972
[21:45:11] warmStart 41% (985/2346) regret=0.068458 ape=0.5972
[21:45:11] warmStart 42% (986/2346) regret=0.068458 ape=0.5972
[21:45:12] warmStart 42% (987/2346) regret=0.068458 ape=0.5972
[21:45:12] warmStart 42% (988/2346) regret=0.068458 ape=0.5972
[21:45:12] warmStart 42% (989/2346) regret=0.068458 ape=0.5972
[21:45:12] warmStart 42% (990/2346) regret=0.068458 ape=0.5972
[21:45:12] warmStart 42% (991/2346) regret=0.068282 ape=0.5963
[21:45:12] warmStart 42% (992/2346) regret=0.068282 ape=0.5963
[21:45:12] warmStart 42% (993/2346) regret=0.068282 ape=0.5963
[21:45:13] warmStart 42% (994/2346) regret=0.068282 ape=0.5963
[21:45:13] warmStart 42% (995/2346) regret=0.068285 ape=0.5963
[21:45:13] warmStart 42% (996/2346) regret=0.068282 ape=0.5963
[21:45:13] warmStart 42% (997/2346) regret=0.068338 ape=0.5972
[21:45:13] warmStart 42% (998/2346) regret=0.068305 ape=0.5972
[21:45:13] warmStart 42% (999/2346) regret=0.068305 ape=0.5972
[21:45:14] warmStart 42% (1000/2346) regret=0.068314 ape=0.5972
[21:45:14] warmStart 42% (1001/2346) regret=0.067807 ape=0.5963
[21:45:14] warmStart 42% (1002/2346) regret=0.067807 ape=0.5963
[21:45:14] warmStart 42% (1003/2346) regret=0.067678 ape=0.5954
[21:45:14] warmStart 42% (1004/2346) regret=0.067641 ape=0.5954
[21:45:14] warmStart 42% (1005/2346) regret=0.067567 ape=0.5945
[21:45:14] warmStart 42% (1006/2346) regret=0.067567 ape=0.5945
[21:45:15] warmStart 42% (1007/2346) regret=0.066759 ape=0.5935
[21:45:15] warmStart 42% (1008/2346) regret=0.066759 ape=0.5935
[21:45:15] warmStart 43% (1009/2346) regret=0.066759 ape=0.5935
[21:45:15] warmStart 43% (1010/2346) regret=0.066569 ape=0.5926
[21:45:15] warmStart 43% (1011/2346) regret=0.066569 ape=0.5926
[21:45:15] warmStart 43% (1012/2346) regret=0.066569 ape=0.5926
[21:45:16] warmStart 43% (1013/2346) regret=0.066458 ape=0.5926
[21:45:16] warmStart 43% (1014/2346) regret=0.066438 ape=0.5926
[21:45:16] warmStart 43% (1015/2346) regret=0.066438 ape=0.5926
[21:45:16] warmStart 43% (1016/2346) regret=0.066199 ape=0.5917
[21:45:16] warmStart 43% (1017/2346) regret=0.066070 ape=0.5908
[21:45:16] warmStart 43% (1018/2346) regret=0.066070 ape=0.5908
[21:45:16] warmStart 43% (1019/2346) regret=0.066015 ape=0.5908
[21:45:17] warmStart 43% (1020/2346) regret=0.066135 ape=0.5917
[21:45:17] warmStart 43% (1021/2346) regret=0.066015 ape=0.5908
[21:45:17] warmStart 43% (1022/2346) regret=0.066015 ape=0.5908
[21:45:17] warmStart 43% (1023/2346) regret=0.066015 ape=0.5908
[21:45:17] warmStart 43% (1024/2346) regret=0.065868 ape=0.5899
[21:45:17] warmStart 43% (1025/2346) regret=0.065868 ape=0.5899
[21:45:17] warmStart 43% (1026/2346) regret=0.065868 ape=0.5899
[21:45:18] warmStart 43% (1027/2346) regret=0.065835 ape=0.5899
[21:45:18] warmStart 43% (1028/2346) regret=0.065683 ape=0.5889
[21:45:18] warmStart 43% (1029/2346) regret=0.066084 ape=0.5908
[21:45:18] warmStart 43% (1030/2346) regret=0.065928 ape=0.5908
[21:45:18] warmStart 43% (1031/2346) regret=0.065928 ape=0.5908
[21:45:18] warmStart 43% (1032/2346) regret=0.065955 ape=0.5908
[21:45:18] warmStart 44% (1033/2346) regret=0.065955 ape=0.5908
[21:45:19] warmStart 44% (1034/2346) regret=0.065937 ape=0.5908
[21:45:19] warmStart 44% (1035/2346) regret=0.065937 ape=0.5908
[21:45:19] warmStart 44% (1036/2346) regret=0.065937 ape=0.5908
[21:45:19] warmStart 44% (1037/2346) regret=0.065992 ape=0.5908
[21:45:19] warmStart 44% (1038/2346) regret=0.065992 ape=0.5908
[21:45:19] warmStart 44% (1039/2346) regret=0.065992 ape=0.5908
[21:45:20] warmStart 44% (1040/2346) regret=0.065992 ape=0.5908
[21:45:20] warmStart 44% (1041/2346) regret=0.065992 ape=0.5908
[21:45:20] warmStart 44% (1042/2346) regret=0.065992 ape=0.5908
[21:45:20] warmStart 44% (1043/2346) regret=0.065752 ape=0.5908
[21:45:20] warmStart 44% (1044/2346) regret=0.065752 ape=0.5908
[21:45:20] warmStart 44% (1045/2346) regret=0.065752 ape=0.5908
[21:45:20] warmStart 44% (1046/2346) regret=0.065453 ape=0.5899
[21:45:21] warmStart 44% (1047/2346) regret=0.065454 ape=0.5899
[21:45:21] warmStart 44% (1048/2346) regret=0.065454 ape=0.5899
[21:45:21] warmStart 44% (1049/2346) regret=0.065454 ape=0.5899
[21:45:21] warmStart 44% (1050/2346) regret=0.065454 ape=0.5899
[21:45:21] warmStart 44% (1051/2346) regret=0.065150 ape=0.5899
[21:45:21] warmStart 44% (1052/2346) regret=0.064925 ape=0.5889
[21:45:21] warmStart 44% (1053/2346) regret=0.064925 ape=0.5889
[21:45:22] warmStart 44% (1054/2346) regret=0.064925 ape=0.5889
[21:45:22] warmStart 44% (1055/2346) regret=0.064873 ape=0.5889
[21:45:22] warmStart 45% (1056/2346) regret=0.064873 ape=0.5889
[21:45:22] warmStart 45% (1057/2346) regret=0.064433 ape=0.5889
[21:45:22] warmStart 45% (1058/2346) regret=0.064433 ape=0.5889
[21:45:22] warmStart 45% (1059/2346) regret=0.064433 ape=0.5889
[21:45:23] warmStart 45% (1060/2346) regret=0.064470 ape=0.5889
[21:45:23] warmStart 45% (1061/2346) regret=0.064774 ape=0.5889
[21:45:23] warmStart 45% (1062/2346) regret=0.064472 ape=0.5889
[21:45:23] warmStart 45% (1063/2346) regret=0.064472 ape=0.5889
[21:45:23] warmStart 45% (1064/2346) regret=0.064472 ape=0.5889
[21:45:23] warmStart 45% (1065/2346) regret=0.064472 ape=0.5889
[21:45:23] warmStart 45% (1066/2346) regret=0.064498 ape=0.5889
[21:45:24] warmStart 45% (1067/2346) regret=0.064498 ape=0.5889
[21:45:24] warmStart 45% (1068/2346) regret=0.064496 ape=0.5889
[21:45:24] warmStart 45% (1069/2346) regret=0.064719 ape=0.5889
[21:45:24] warmStart 45% (1070/2346) regret=0.064415 ape=0.5889
[21:45:24] warmStart 45% (1071/2346) regret=0.064374 ape=0.5889
[21:45:24] warmStart 45% (1072/2346) regret=0.064374 ape=0.5889
[21:45:24] warmStart 45% (1073/2346) regret=0.064374 ape=0.5889
[21:45:25] warmStart 45% (1074/2346) regret=0.064342 ape=0.5880
[21:45:25] warmStart 45% (1075/2346) regret=0.064342 ape=0.5880
[21:45:25] warmStart 45% (1076/2346) regret=0.064245 ape=0.5871
[21:45:25] warmStart 45% (1077/2346) regret=0.064245 ape=0.5871
[21:45:25] warmStart 45% (1078/2346) regret=0.064245 ape=0.5871
[21:45:25] warmStart 45% (1079/2346) regret=0.064245 ape=0.5871
[21:45:25] warmStart 46% (1080/2346) regret=0.064245 ape=0.5871
[21:45:26] warmStart 46% (1081/2346) regret=0.064097 ape=0.5862
[21:45:26] warmStart 46% (1082/2346) regret=0.064097 ape=0.5862
[21:45:26] warmStart 46% (1083/2346) regret=0.064097 ape=0.5862
[21:45:26] warmStart 46% (1084/2346) regret=0.064097 ape=0.5862
[21:45:26] warmStart 46% (1085/2346) regret=0.063890 ape=0.5853
[21:45:26] warmStart 46% (1086/2346) regret=0.063890 ape=0.5853
[21:45:27] warmStart 46% (1087/2346) regret=0.063890 ape=0.5853
[21:45:27] warmStart 46% (1088/2346) regret=0.063890 ape=0.5853
[21:45:27] warmStart 46% (1089/2346) regret=0.063890 ape=0.5853
[21:45:27] warmStart 46% (1090/2346) regret=0.063890 ape=0.5853
[21:45:27] warmStart 46% (1091/2346) regret=0.063890 ape=0.5853
[21:45:27] warmStart 46% (1092/2346) regret=0.063890 ape=0.5853
[21:45:27] warmStart 46% (1093/2346) regret=0.063890 ape=0.5853
[21:45:28] warmStart 46% (1094/2346) regret=0.063890 ape=0.5853
[21:45:28] warmStart 46% (1095/2346) regret=0.063890 ape=0.5853
[21:45:28] warmStart 46% (1096/2346) regret=0.063890 ape=0.5853
[21:45:28] warmStart 46% (1097/2346) regret=0.063890 ape=0.5853
[21:45:28] warmStart 46% (1098/2346) regret=0.063890 ape=0.5853
[21:45:28] warmStart 46% (1099/2346) regret=0.063890 ape=0.5853
[21:45:28] warmStart 46% (1100/2346) regret=0.063871 ape=0.5853
[21:45:29] warmStart 46% (1101/2346) regret=0.063871 ape=0.5853
[21:45:29] warmStart 46% (1102/2346) regret=0.063871 ape=0.5853
[21:45:29] warmStart 47% (1103/2346) regret=0.063871 ape=0.5853
[21:45:29] warmStart 47% (1104/2346) regret=0.063871 ape=0.5853
[21:45:29] warmStart 47% (1105/2346) regret=0.063871 ape=0.5853
[21:45:29] warmStart 47% (1106/2346) regret=0.063871 ape=0.5853
[21:45:30] warmStart 47% (1107/2346) regret=0.063871 ape=0.5853
[21:45:30] warmStart 47% (1108/2346) regret=0.063871 ape=0.5853
[21:45:30] warmStart 47% (1109/2346) regret=0.063871 ape=0.5853
[21:45:30] warmStart 47% (1110/2346) regret=0.063871 ape=0.5853
[21:45:30] warmStart 47% (1111/2346) regret=0.063871 ape=0.5853
[21:45:30] warmStart 47% (1112/2346) regret=0.063259 ape=0.5853
[21:45:30] warmStart 47% (1113/2346) regret=0.063259 ape=0.5853
[21:45:31] warmStart 47% (1114/2346) regret=0.063259 ape=0.5853
[21:45:31] warmStart 47% (1115/2346) regret=0.063314 ape=0.5862
[21:45:31] warmStart 47% (1116/2346) regret=0.063314 ape=0.5862
[21:45:31] warmStart 47% (1117/2346) regret=0.063222 ape=0.5853
[21:45:31] warmStart 47% (1118/2346) regret=0.063222 ape=0.5853
[21:45:31] warmStart 47% (1119/2346) regret=0.063156 ape=0.5843
[21:45:31] warmStart 47% (1120/2346) regret=0.063156 ape=0.5843
[21:45:32] warmStart 47% (1121/2346) regret=0.063156 ape=0.5843
[21:45:32] warmStart 47% (1122/2346) regret=0.063156 ape=0.5843
[21:45:32] warmStart 47% (1123/2346) regret=0.063156 ape=0.5843
[21:45:32] warmStart 47% (1124/2346) regret=0.063156 ape=0.5843
[21:45:32] warmStart 47% (1125/2346) regret=0.063156 ape=0.5843
[21:45:32] warmStart 47% (1126/2346) regret=0.063156 ape=0.5843
[21:45:32] warmStart 48% (1127/2346) regret=0.063156 ape=0.5843
[21:45:33] warmStart 48% (1128/2346) regret=0.063156 ape=0.5843
[21:45:33] warmStart 48% (1129/2346) regret=0.063156 ape=0.5843
[21:45:33] warmStart 48% (1130/2346) regret=0.063156 ape=0.5843
[21:45:33] warmStart 48% (1131/2346) regret=0.063156 ape=0.5843
[21:45:33] warmStart 48% (1132/2346) regret=0.063156 ape=0.5843
[21:45:33] warmStart 48% (1133/2346) regret=0.063156 ape=0.5843
[21:45:33] warmStart 48% (1134/2346) regret=0.063156 ape=0.5843
[21:45:34] warmStart 48% (1135/2346) regret=0.062824 ape=0.5834
[21:45:34] warmStart 48% (1136/2346) regret=0.062797 ape=0.5834
[21:45:34] warmStart 48% (1137/2346) regret=0.062747 ape=0.5834
[21:45:34] warmStart 48% (1138/2346) regret=0.062803 ape=0.5843
[21:45:34] warmStart 48% (1139/2346) regret=0.062803 ape=0.5843
[21:45:34] warmStart 48% (1140/2346) regret=0.062803 ape=0.5843
[21:45:34] warmStart 48% (1141/2346) regret=0.062803 ape=0.5843
[21:45:35] warmStart 48% (1142/2346) regret=0.062803 ape=0.5843
[21:45:35] warmStart 48% (1143/2346) regret=0.062803 ape=0.5843
[21:45:35] warmStart 48% (1144/2346) regret=0.062750 ape=0.5843
[21:45:35] warmStart 48% (1145/2346) regret=0.062667 ape=0.5843
[21:45:35] warmStart 48% (1146/2346) regret=0.062851 ape=0.5843
[21:45:35] warmStart 48% (1147/2346) regret=0.062750 ape=0.5843
[21:45:35] warmStart 48% (1148/2346) regret=0.062750 ape=0.5843
[21:45:36] warmStart 48% (1149/2346) regret=0.062750 ape=0.5843
[21:45:36] warmStart 49% (1150/2346) regret=0.062750 ape=0.5843
[21:45:36] warmStart 49% (1151/2346) regret=0.062750 ape=0.5843
[21:45:36] warmStart 49% (1152/2346) regret=0.062750 ape=0.5843
[21:45:36] warmStart 49% (1153/2346) regret=0.062750 ape=0.5843
[21:45:36] warmStart 49% (1154/2346) regret=0.062750 ape=0.5843
[21:45:37] warmStart 49% (1155/2346) regret=0.062750 ape=0.5843
[21:45:37] warmStart 49% (1156/2346) regret=0.062750 ape=0.5843
[21:45:37] warmStart 49% (1157/2346) regret=0.062750 ape=0.5843
[21:45:37] warmStart 49% (1158/2346) regret=0.062713 ape=0.5834
[21:45:37] warmStart 49% (1159/2346) regret=0.062810 ape=0.5834
[21:45:37] warmStart 49% (1160/2346) regret=0.062810 ape=0.5834
[21:45:37] warmStart 49% (1161/2346) regret=0.062810 ape=0.5834
[21:45:38] warmStart 49% (1162/2346) regret=0.062810 ape=0.5834
[21:45:38] warmStart 49% (1163/2346) regret=0.062810 ape=0.5834
[21:45:38] warmStart 49% (1164/2346) regret=0.062810 ape=0.5834
[21:45:38] warmStart 49% (1165/2346) regret=0.062803 ape=0.5825
[21:45:38] warmStart 49% (1166/2346) regret=0.062803 ape=0.5825
[21:45:38] warmStart 49% (1167/2346) regret=0.062803 ape=0.5825
[21:45:38] warmStart 49% (1168/2346) regret=0.062681 ape=0.5825
[21:45:39] warmStart 49% (1169/2346) regret=0.062374 ape=0.5825
[21:45:39] warmStart 49% (1170/2346) regret=0.062374 ape=0.5825
[21:45:39] warmStart 49% (1171/2346) regret=0.062199 ape=0.5816
[21:45:39] warmStart 49% (1172/2346) regret=0.062199 ape=0.5816
[21:45:39] warmStart 50% (1173/2346) regret=0.062199 ape=0.5816
[21:45:39] warmStart 50% (1174/2346) regret=0.062199 ape=0.5816
[21:45:40] warmStart 50% (1175/2346) regret=0.062199 ape=0.5816
[21:45:40] warmStart 50% (1176/2346) regret=0.062181 ape=0.5816
[21:45:40] warmStart 50% (1177/2346) regret=0.062181 ape=0.5816
[21:45:40] warmStart 50% (1178/2346) regret=0.062181 ape=0.5816
[21:45:40] warmStart 50% (1179/2346) regret=0.062058 ape=0.5806
[21:45:40] warmStart 50% (1180/2346) regret=0.061929 ape=0.5806
[21:45:40] warmStart 50% (1181/2346) regret=0.061929 ape=0.5806
[21:45:41] warmStart 50% (1182/2346) regret=0.061958 ape=0.5806
[21:45:41] warmStart 50% (1183/2346) regret=0.061741 ape=0.5806
[21:45:41] warmStart 50% (1184/2346) regret=0.061741 ape=0.5806
[21:45:41] warmStart 50% (1185/2346) regret=0.061612 ape=0.5797
[21:45:41] warmStart 50% (1186/2346) regret=0.061612 ape=0.5797
[21:45:41] warmStart 50% (1187/2346) regret=0.061520 ape=0.5797
[21:45:41] warmStart 50% (1188/2346) regret=0.061520 ape=0.5797
[21:45:42] warmStart 50% (1189/2346) regret=0.061520 ape=0.5797
[21:45:42] warmStart 50% (1190/2346) regret=0.061520 ape=0.5797
[21:45:42] warmStart 50% (1191/2346) regret=0.061520 ape=0.5797
[21:45:42] warmStart 50% (1192/2346) regret=0.061520 ape=0.5797
[21:45:42] warmStart 50% (1193/2346) regret=0.061520 ape=0.5797
[21:45:42] warmStart 50% (1194/2346) regret=0.061546 ape=0.5797
[21:45:42] warmStart 50% (1195/2346) regret=0.061422 ape=0.5788
[21:45:43] warmStart 50% (1196/2346) regret=0.061422 ape=0.5788
[21:45:43] warmStart 51% (1197/2346) regret=0.061422 ape=0.5788
[21:45:43] warmStart 51% (1198/2346) regret=0.061422 ape=0.5788
[21:45:43] warmStart 51% (1199/2346) regret=0.061422 ape=0.5788
[21:45:43] warmStart 51% (1200/2346) regret=0.061422 ape=0.5788
[21:45:43] warmStart 51% (1201/2346) regret=0.061422 ape=0.5788
[21:45:43] warmStart 51% (1202/2346) regret=0.061422 ape=0.5788
[21:45:44] warmStart 51% (1203/2346) regret=0.061422 ape=0.5788
[21:45:44] warmStart 51% (1204/2346) regret=0.061422 ape=0.5788
[21:45:44] warmStart 51% (1205/2346) regret=0.061244 ape=0.5788
[21:45:44] warmStart 51% (1206/2346) regret=0.061244 ape=0.5788
[21:45:44] warmStart 51% (1207/2346) regret=0.061244 ape=0.5788
[21:45:44] warmStart 51% (1208/2346) regret=0.061244 ape=0.5788
[21:45:44] warmStart 51% (1209/2346) regret=0.061244 ape=0.5788
[21:45:45] warmStart 51% (1210/2346) regret=0.061244 ape=0.5788
[21:45:45] warmStart 51% (1211/2346) regret=0.061244 ape=0.5788
[21:45:45] warmStart 51% (1212/2346) regret=0.061148 ape=0.5788
[21:45:45] warmStart 51% (1213/2346) regret=0.061171 ape=0.5797
[21:45:45] warmStart 51% (1214/2346) regret=0.061072 ape=0.5788
[21:45:45] warmStart 51% (1215/2346) regret=0.061150 ape=0.5797
[21:45:46] warmStart 51% (1216/2346) regret=0.061130 ape=0.5788
[21:45:46] warmStart 51% (1217/2346) regret=0.061150 ape=0.5797
[21:45:46] warmStart 51% (1218/2346) regret=0.061150 ape=0.5797
[21:45:46] warmStart 51% (1219/2346) regret=0.061150 ape=0.5797
[21:45:46] warmStart 52% (1220/2346) regret=0.061150 ape=0.5797
[21:45:46] warmStart 52% (1221/2346) regret=0.061150 ape=0.5797
[21:45:46] warmStart 52% (1222/2346) regret=0.061150 ape=0.5797
[21:45:47] warmStart 52% (1223/2346) regret=0.061150 ape=0.5797
[21:45:47] warmStart 52% (1224/2346) regret=0.061150 ape=0.5797
[21:45:47] warmStart 52% (1225/2346) regret=0.061150 ape=0.5797
[21:45:47] warmStart 52% (1226/2346) regret=0.060969 ape=0.5797
[21:45:47] warmStart 52% (1227/2346) regret=0.060969 ape=0.5797
[21:45:47] warmStart 52% (1228/2346) regret=0.060969 ape=0.5797
[21:45:47] warmStart 52% (1229/2346) regret=0.060986 ape=0.5806
[21:45:48] warmStart 52% (1230/2346) regret=0.060986 ape=0.5806
[21:45:48] warmStart 52% (1231/2346) regret=0.060986 ape=0.5806
[21:45:48] warmStart 52% (1232/2346) regret=0.060986 ape=0.5806
[21:45:48] warmStart 52% (1233/2346) regret=0.060986 ape=0.5806
[21:45:48] warmStart 52% (1234/2346) regret=0.060986 ape=0.5806
[21:45:48] warmStart 52% (1235/2346) regret=0.060986 ape=0.5806
[21:45:48] warmStart 52% (1236/2346) regret=0.060986 ape=0.5806
[21:45:49] warmStart 52% (1237/2346) regret=0.060986 ape=0.5806
[21:45:49] warmStart 52% (1238/2346) regret=0.060986 ape=0.5806
[21:45:49] warmStart 52% (1239/2346) regret=0.061120 ape=0.5816
[21:45:49] warmStart 52% (1240/2346) regret=0.060949 ape=0.5816
[21:45:49] warmStart 52% (1241/2346) regret=0.060926 ape=0.5806
[21:45:49] warmStart 52% (1242/2346) regret=0.060943 ape=0.5806
[21:45:50] warmStart 52% (1243/2346) regret=0.060943 ape=0.5806
[21:45:50] warmStart 53% (1244/2346) regret=0.060943 ape=0.5806
[21:45:50] warmStart 53% (1245/2346) regret=0.060943 ape=0.5806
[21:45:50] warmStart 53% (1246/2346) regret=0.060916 ape=0.5806
[21:45:50] warmStart 53% (1247/2346) regret=0.060621 ape=0.5797
[21:45:50] warmStart 53% (1248/2346) regret=0.060621 ape=0.5797
[21:45:50] warmStart 53% (1249/2346) regret=0.060645 ape=0.5797
[21:45:51] warmStart 53% (1250/2346) regret=0.060621 ape=0.5797
[21:45:51] warmStart 53% (1251/2346) regret=0.060621 ape=0.5797
[21:45:51] warmStart 53% (1252/2346) regret=0.060621 ape=0.5797
[21:45:51] warmStart 53% (1253/2346) regret=0.060582 ape=0.5797
[21:45:51] warmStart 53% (1254/2346) regret=0.060582 ape=0.5797
[21:45:51] warmStart 53% (1255/2346) regret=0.060582 ape=0.5797
[21:45:51] warmStart 53% (1256/2346) regret=0.060582 ape=0.5797
[21:45:52] warmStart 53% (1257/2346) regret=0.060582 ape=0.5797
[21:45:52] warmStart 53% (1258/2346) regret=0.060582 ape=0.5797
[21:45:52] warmStart 53% (1259/2346) regret=0.060582 ape=0.5797
[21:45:52] warmStart 53% (1260/2346) regret=0.060582 ape=0.5797
[21:45:52] warmStart 53% (1261/2346) regret=0.060582 ape=0.5797
[21:45:52] warmStart 53% (1262/2346) regret=0.060582 ape=0.5797
[21:45:52] warmStart 53% (1263/2346) regret=0.060563 ape=0.5797
[21:45:53] warmStart 53% (1264/2346) regret=0.060563 ape=0.5797
[21:45:53] warmStart 53% (1265/2346) regret=0.060563 ape=0.5797
[21:45:53] warmStart 53% (1266/2346) regret=0.060563 ape=0.5797
[21:45:53] warmStart 54% (1267/2346) regret=0.060563 ape=0.5797
[21:45:53] warmStart 54% (1268/2346) regret=0.060546 ape=0.5788
[21:45:53] warmStart 54% (1269/2346) regret=0.060546 ape=0.5788
[21:45:54] warmStart 54% (1270/2346) regret=0.060546 ape=0.5788
[21:45:54] warmStart 54% (1271/2346) regret=0.060572 ape=0.5788
[21:45:54] warmStart 54% (1272/2346) regret=0.060572 ape=0.5788
[21:45:54] warmStart 54% (1273/2346) regret=0.060568 ape=0.5788
[21:45:54] warmStart 54% (1274/2346) regret=0.060572 ape=0.5788
[21:45:54] warmStart 54% (1275/2346) regret=0.060572 ape=0.5788
[21:45:54] warmStart 54% (1276/2346) regret=0.060572 ape=0.5788
[21:45:55] warmStart 54% (1277/2346) regret=0.060540 ape=0.5788
[21:45:55] warmStart 54% (1278/2346) regret=0.060540 ape=0.5788
[21:45:55] warmStart 54% (1279/2346) regret=0.060540 ape=0.5788
[21:45:55] warmStart 54% (1280/2346) regret=0.060540 ape=0.5788
[21:45:55] warmStart 54% (1281/2346) regret=0.060540 ape=0.5788
[21:45:55] warmStart 54% (1282/2346) regret=0.060540 ape=0.5788
[21:45:55] warmStart 54% (1283/2346) regret=0.060380 ape=0.5788
[21:45:56] warmStart 54% (1284/2346) regret=0.060380 ape=0.5788
[21:45:56] warmStart 54% (1285/2346) regret=0.060380 ape=0.5788
[21:45:56] warmStart 54% (1286/2346) regret=0.060380 ape=0.5788
[21:45:56] warmStart 54% (1287/2346) regret=0.060380 ape=0.5788
[21:45:56] warmStart 54% (1288/2346) regret=0.060380 ape=0.5788
[21:45:56] warmStart 54% (1289/2346) regret=0.060362 ape=0.5779
[21:45:57] warmStart 54% (1290/2346) regret=0.060362 ape=0.5779
[21:45:57] warmStart 55% (1291/2346) regret=0.060362 ape=0.5779
[21:45:57] warmStart 55% (1292/2346) regret=0.060362 ape=0.5779
[21:45:57] warmStart 55% (1293/2346) regret=0.060362 ape=0.5779
[21:45:57] warmStart 55% (1294/2346) regret=0.060401 ape=0.5779
[21:45:57] warmStart 55% (1295/2346) regret=0.060401 ape=0.5779
[21:45:57] warmStart 55% (1296/2346) regret=0.060401 ape=0.5779
[21:45:58] warmStart 55% (1297/2346) regret=0.060401 ape=0.5779
[21:45:58] warmStart 55% (1298/2346) regret=0.060401 ape=0.5779
[21:45:58] warmStart 55% (1299/2346) regret=0.060401 ape=0.5779
[21:45:58] warmStart 55% (1300/2346) regret=0.060364 ape=0.5779
[21:45:58] warmStart 55% (1301/2346) regret=0.060346 ape=0.5770
[21:45:58] warmStart 55% (1302/2346) regret=0.060346 ape=0.5770
[21:45:58] warmStart 55% (1303/2346) regret=0.060491 ape=0.5779
[21:45:59] warmStart 55% (1304/2346) regret=0.060343 ape=0.5770
[21:45:59] warmStart 55% (1305/2346) regret=0.060343 ape=0.5770
[21:45:59] warmStart 55% (1306/2346) regret=0.060343 ape=0.5770
[21:45:59] warmStart 55% (1307/2346) regret=0.060343 ape=0.5770
[21:45:59] warmStart 55% (1308/2346) regret=0.060297 ape=0.5770
[21:45:59] warmStart 55% (1309/2346) regret=0.060297 ape=0.5770
[21:45:59] warmStart 55% (1310/2346) regret=0.060297 ape=0.5770
[21:46:00] warmStart 55% (1311/2346) regret=0.060297 ape=0.5770
[21:46:00] warmStart 55% (1312/2346) regret=0.059680 ape=0.5760
[21:46:00] warmStart 55% (1313/2346) regret=0.059680 ape=0.5760
[21:46:00] warmStart 56% (1314/2346) regret=0.059680 ape=0.5760
[21:46:00] warmStart 56% (1315/2346) regret=0.059680 ape=0.5760
[21:46:00] warmStart 56% (1316/2346) regret=0.059680 ape=0.5760
[21:46:00] warmStart 56% (1317/2346) regret=0.059424 ape=0.5760
[21:46:01] warmStart 56% (1318/2346) regret=0.059424 ape=0.5760
[21:46:01] warmStart 56% (1319/2346) regret=0.059424 ape=0.5760
[21:46:01] warmStart 56% (1320/2346) regret=0.059424 ape=0.5760
[21:46:01] warmStart 56% (1321/2346) regret=0.059272 ape=0.5760
[21:46:01] warmStart 56% (1322/2346) regret=0.059272 ape=0.5760
[21:46:01] warmStart 56% (1323/2346) regret=0.059272 ape=0.5760
[21:46:02] warmStart 56% (1324/2346) regret=0.059078 ape=0.5751
[21:46:02] warmStart 56% (1325/2346) regret=0.059099 ape=0.5751
[21:46:02] warmStart 56% (1326/2346) regret=0.059078 ape=0.5751
[21:46:02] warmStart 56% (1327/2346) regret=0.059078 ape=0.5751
[21:46:02] warmStart 56% (1328/2346) regret=0.059078 ape=0.5751
[21:46:02] warmStart 56% (1329/2346) regret=0.059078 ape=0.5751
[21:46:02] warmStart 56% (1330/2346) regret=0.059124 ape=0.5751
[21:46:03] warmStart 56% (1331/2346) regret=0.059088 ape=0.5751
[21:46:03] warmStart 56% (1332/2346) regret=0.059078 ape=0.5751
[21:46:03] warmStart 56% (1333/2346) regret=0.059078 ape=0.5751
[21:46:03] warmStart 56% (1334/2346) regret=0.059078 ape=0.5751
[21:46:03] warmStart 56% (1335/2346) regret=0.059061 ape=0.5751
[21:46:03] warmStart 56% (1336/2346) regret=0.059061 ape=0.5751
[21:46:03] warmStart 56% (1337/2346) regret=0.059061 ape=0.5751
[21:46:04] warmStart 57% (1338/2346) regret=0.059107 ape=0.5742
[21:46:04] warmStart 57% (1339/2346) regret=0.059107 ape=0.5742
[21:46:04] warmStart 57% (1340/2346) regret=0.059107 ape=0.5742
[21:46:04] warmStart 57% (1341/2346) regret=0.059107 ape=0.5742
[21:46:04] warmStart 57% (1342/2346) regret=0.059107 ape=0.5742
[21:46:04] warmStart 57% (1343/2346) regret=0.059107 ape=0.5742
[21:46:05] warmStart 57% (1344/2346) regret=0.059047 ape=0.5742
[21:46:05] warmStart 57% (1345/2346) regret=0.059047 ape=0.5742
[21:46:05] warmStart 57% (1346/2346) regret=0.059047 ape=0.5742
[21:46:05] warmStart 57% (1347/2346) regret=0.059047 ape=0.5742
[21:46:05] warmStart 57% (1348/2346) regret=0.059047 ape=0.5742
[21:46:05] warmStart 57% (1349/2346) regret=0.059047 ape=0.5742
[21:46:05] warmStart 57% (1350/2346) regret=0.058913 ape=0.5742
[21:46:06] warmStart 57% (1351/2346) regret=0.058849 ape=0.5742
[21:46:06] warmStart 57% (1352/2346) regret=0.058849 ape=0.5742
[21:46:06] warmStart 57% (1353/2346) regret=0.058849 ape=0.5742
[21:46:06] warmStart 57% (1354/2346) regret=0.058849 ape=0.5742
[21:46:06] warmStart 57% (1355/2346) regret=0.058849 ape=0.5742
[21:46:06] warmStart 57% (1356/2346) regret=0.058849 ape=0.5742
[21:46:06] warmStart 57% (1357/2346) regret=0.058849 ape=0.5742
[21:46:07] warmStart 57% (1358/2346) regret=0.058823 ape=0.5742
[21:46:07] warmStart 57% (1359/2346) regret=0.058823 ape=0.5742
[21:46:07] warmStart 57% (1360/2346) regret=0.058823 ape=0.5742
[21:46:07] warmStart 58% (1361/2346) regret=0.058823 ape=0.5742
[21:46:07] warmStart 58% (1362/2346) regret=0.058823 ape=0.5742
[21:46:07] warmStart 58% (1363/2346) regret=0.058823 ape=0.5742
[21:46:08] warmStart 58% (1364/2346) regret=0.058823 ape=0.5742
[21:46:08] warmStart 58% (1365/2346) regret=0.058823 ape=0.5742
[21:46:08] warmStart 58% (1366/2346) regret=0.058392 ape=0.5733
[21:46:08] warmStart 58% (1367/2346) regret=0.058291 ape=0.5733
[21:46:08] warmStart 58% (1368/2346) regret=0.058392 ape=0.5733
[21:46:08] warmStart 58% (1369/2346) regret=0.058157 ape=0.5724
[21:46:08] warmStart 58% (1370/2346) regret=0.058157 ape=0.5724
[21:46:09] warmStart 58% (1371/2346) regret=0.057955 ape=0.5724
[21:46:09] warmStart 58% (1372/2346) regret=0.057955 ape=0.5724
[21:46:09] warmStart 58% (1373/2346) regret=0.057955 ape=0.5724
[21:46:09] warmStart 58% (1374/2346) regret=0.057955 ape=0.5724
[21:46:09] warmStart 58% (1375/2346) regret=0.057955 ape=0.5724
[21:46:09] warmStart 58% (1376/2346) regret=0.057955 ape=0.5724
[21:46:09] warmStart 58% (1377/2346) regret=0.057955 ape=0.5724
[21:46:10] warmStart 58% (1378/2346) regret=0.057960 ape=0.5724
[21:46:10] warmStart 58% (1379/2346) regret=0.057960 ape=0.5724
[21:46:10] warmStart 58% (1380/2346) regret=0.057960 ape=0.5724
[21:46:10] warmStart 58% (1381/2346) regret=0.057960 ape=0.5724
[21:46:10] warmStart 58% (1382/2346) regret=0.057960 ape=0.5724
[21:46:10] warmStart 58% (1383/2346) regret=0.057960 ape=0.5724
[21:46:10] warmStart 58% (1384/2346) regret=0.057953 ape=0.5724
[21:46:11] warmStart 59% (1385/2346) regret=0.058015 ape=0.5724
[21:46:11] warmStart 59% (1386/2346) regret=0.057658 ape=0.5714
[21:46:11] warmStart 59% (1387/2346) regret=0.057658 ape=0.5714
[21:46:11] warmStart 59% (1388/2346) regret=0.057658 ape=0.5714
[21:46:11] warmStart 59% (1389/2346) regret=0.057658 ape=0.5714
[21:46:11] warmStart 59% (1390/2346) regret=0.057658 ape=0.5714
[21:46:12] warmStart 59% (1391/2346) regret=0.057647 ape=0.5714
[21:46:12] warmStart 59% (1392/2346) regret=0.057658 ape=0.5714
[21:46:12] warmStart 59% (1393/2346) regret=0.057658 ape=0.5714
[21:46:12] warmStart 59% (1394/2346) regret=0.057658 ape=0.5714
[21:46:12] warmStart 59% (1395/2346) regret=0.057658 ape=0.5714
[21:46:12] warmStart 59% (1396/2346) regret=0.057658 ape=0.5714
[21:46:12] warmStart 59% (1397/2346) regret=0.057658 ape=0.5714
[21:46:13] warmStart 59% (1398/2346) regret=0.057658 ape=0.5714
[21:46:13] warmStart 59% (1399/2346) regret=0.057714 ape=0.5724
[21:46:13] warmStart 59% (1400/2346) regret=0.057714 ape=0.5724
[21:46:13] warmStart 59% (1401/2346) regret=0.057714 ape=0.5724
[21:46:13] warmStart 59% (1402/2346) regret=0.057714 ape=0.5724
[21:46:13] warmStart 59% (1403/2346) regret=0.057714 ape=0.5724
[21:46:13] warmStart 59% (1404/2346) regret=0.057714 ape=0.5724
[21:46:14] warmStart 59% (1405/2346) regret=0.057714 ape=0.5724
[21:46:14] warmStart 59% (1406/2346) regret=0.057769 ape=0.5733
[21:46:14] warmStart 59% (1407/2346) regret=0.057769 ape=0.5733
[21:46:14] warmStart 60% (1408/2346) regret=0.057769 ape=0.5733
[21:46:14] warmStart 60% (1409/2346) regret=0.057769 ape=0.5733
[21:46:14] warmStart 60% (1410/2346) regret=0.057769 ape=0.5733
[21:46:14] warmStart 60% (1411/2346) regret=0.057769 ape=0.5733
[21:46:15] warmStart 60% (1412/2346) regret=0.057769 ape=0.5733
[21:46:15] warmStart 60% (1413/2346) regret=0.057733 ape=0.5733
[21:46:15] warmStart 60% (1414/2346) regret=0.057733 ape=0.5733
[21:46:15] warmStart 60% (1415/2346) regret=0.057733 ape=0.5733
[21:46:15] warmStart 60% (1416/2346) regret=0.057733 ape=0.5733
[21:46:15] warmStart 60% (1417/2346) regret=0.057733 ape=0.5733
[21:46:16] warmStart 60% (1418/2346) regret=0.057733 ape=0.5733
[21:46:16] warmStart 60% (1419/2346) regret=0.057737 ape=0.5733
[21:46:16] warmStart 60% (1420/2346) regret=0.057737 ape=0.5733
[21:46:16] warmStart 60% (1421/2346) regret=0.057737 ape=0.5733
[21:46:16] warmStart 60% (1422/2346) regret=0.057773 ape=0.5733
[21:46:16] warmStart 60% (1423/2346) regret=0.057743 ape=0.5742
[21:46:16] warmStart 60% (1424/2346) regret=0.057743 ape=0.5742
[21:46:17] warmStart 60% (1425/2346) regret=0.057743 ape=0.5742
[21:46:17] warmStart 60% (1426/2346) regret=0.057743 ape=0.5742
[21:46:17] warmStart 60% (1427/2346) regret=0.057743 ape=0.5742
[21:46:17] warmStart 60% (1428/2346) regret=0.057743 ape=0.5742
[21:46:17] warmStart 60% (1429/2346) regret=0.057743 ape=0.5742
[21:46:17] warmStart 60% (1430/2346) regret=0.057743 ape=0.5742
[21:46:17] warmStart 60% (1431/2346) regret=0.057679 ape=0.5742
[21:46:18] warmStart 61% (1432/2346) regret=0.057587 ape=0.5733
[21:46:18] warmStart 61% (1433/2346) regret=0.057587 ape=0.5733
[21:46:18] warmStart 61% (1434/2346) regret=0.057587 ape=0.5733
[21:46:18] warmStart 61% (1435/2346) regret=0.057587 ape=0.5733
[21:46:18] warmStart 61% (1436/2346) regret=0.057587 ape=0.5733
[21:46:18] warmStart 61% (1437/2346) regret=0.057587 ape=0.5733
[21:46:18] warmStart 61% (1438/2346) regret=0.057587 ape=0.5733
[21:46:19] warmStart 61% (1439/2346) regret=0.057528 ape=0.5724
[21:46:19] warmStart 61% (1440/2346) regret=0.057544 ape=0.5724
[21:46:19] warmStart 61% (1441/2346) regret=0.057544 ape=0.5724
[21:46:19] warmStart 61% (1442/2346) regret=0.057544 ape=0.5724
[21:46:19] warmStart 61% (1443/2346) regret=0.057479 ape=0.5724
[21:46:19] warmStart 61% (1444/2346) regret=0.057479 ape=0.5724
[21:46:20] warmStart 61% (1445/2346) regret=0.057479 ape=0.5724
[21:46:20] warmStart 61% (1446/2346) regret=0.057479 ape=0.5724
[21:46:20] warmStart 61% (1447/2346) regret=0.057479 ape=0.5724
[21:46:20] warmStart 61% (1448/2346) regret=0.057479 ape=0.5724
[21:46:20] warmStart 61% (1449/2346) regret=0.057479 ape=0.5724
[21:46:20] warmStart 61% (1450/2346) regret=0.057507 ape=0.5724
[21:46:21] warmStart 61% (1451/2346) regret=0.057507 ape=0.5724
[21:46:21] warmStart 61% (1452/2346) regret=0.057521 ape=0.5724
[21:46:21] warmStart 61% (1453/2346) regret=0.057591 ape=0.5724
[21:46:21] warmStart 61% (1454/2346) regret=0.057591 ape=0.5724
[21:46:21] warmStart 62% (1455/2346) regret=0.057591 ape=0.5724
[21:46:21] warmStart 62% (1456/2346) regret=0.057591 ape=0.5724
[21:46:21] warmStart 62% (1457/2346) regret=0.057621 ape=0.5733
[21:46:22] warmStart 62% (1458/2346) regret=0.057591 ape=0.5724
[21:46:22] warmStart 62% (1459/2346) regret=0.057554 ape=0.5714
[21:46:22] warmStart 62% (1460/2346) regret=0.057618 ape=0.5714
[21:46:22] warmStart 62% (1461/2346) regret=0.057618 ape=0.5714
[21:46:22] warmStart 62% (1462/2346) regret=0.057480 ape=0.5714
[21:46:22] warmStart 62% (1463/2346) regret=0.057618 ape=0.5714
[21:46:22] warmStart 62% (1464/2346) regret=0.057618 ape=0.5714
[21:46:23] warmStart 62% (1465/2346) regret=0.057618 ape=0.5714
[21:46:23] warmStart 62% (1466/2346) regret=0.057618 ape=0.5714
[21:46:23] warmStart 62% (1467/2346) regret=0.057618 ape=0.5714
[21:46:23] warmStart 62% (1468/2346) regret=0.057618 ape=0.5714
[21:46:23] warmStart 62% (1469/2346) regret=0.057618 ape=0.5714
[21:46:23] warmStart 62% (1470/2346) regret=0.057618 ape=0.5714
[21:46:23] warmStart 62% (1471/2346) regret=0.057618 ape=0.5714
[21:46:24] warmStart 62% (1472/2346) regret=0.057618 ape=0.5714
[21:46:24] warmStart 62% (1473/2346) regret=0.057618 ape=0.5714
[21:46:24] warmStart 62% (1474/2346) regret=0.057617 ape=0.5714
[21:46:24] warmStart 62% (1475/2346) regret=0.057618 ape=0.5714
[21:46:24] warmStart 62% (1476/2346) regret=0.057618 ape=0.5714
[21:46:24] warmStart 62% (1477/2346) regret=0.057618 ape=0.5714
[21:46:24] warmStart 63% (1478/2346) regret=0.057618 ape=0.5714
[21:46:25] warmStart 63% (1479/2346) regret=0.057618 ape=0.5714
[21:46:25] warmStart 63% (1480/2346) regret=0.057618 ape=0.5714
[21:46:25] warmStart 63% (1481/2346) regret=0.057616 ape=0.5714
[21:46:25] warmStart 63% (1482/2346) regret=0.057614 ape=0.5714
[21:46:25] warmStart 63% (1483/2346) regret=0.057619 ape=0.5714
[21:46:25] warmStart 63% (1484/2346) regret=0.057608 ape=0.5714
[21:46:25] warmStart 63% (1485/2346) regret=0.057613 ape=0.5724
[21:46:26] warmStart 63% (1486/2346) regret=0.057608 ape=0.5714
[21:46:26] warmStart 63% (1487/2346) regret=0.057608 ape=0.5714
[21:46:26] warmStart 63% (1488/2346) regret=0.057608 ape=0.5714
[21:46:26] warmStart 63% (1489/2346) regret=0.057624 ape=0.5714
[21:46:26] warmStart 63% (1490/2346) regret=0.057624 ape=0.5714
[21:46:26] warmStart 63% (1491/2346) regret=0.057624 ape=0.5714
[21:46:27] warmStart 63% (1492/2346) regret=0.057624 ape=0.5714
[21:46:27] warmStart 63% (1493/2346) regret=0.057624 ape=0.5714
[21:46:27] warmStart 63% (1494/2346) regret=0.057624 ape=0.5714
[21:46:27] warmStart 63% (1495/2346) regret=0.057683 ape=0.5724
[21:46:27] warmStart 63% (1496/2346) regret=0.057651 ape=0.5724
[21:46:27] warmStart 63% (1497/2346) regret=0.057437 ape=0.5724
[21:46:27] warmStart 63% (1498/2346) regret=0.057437 ape=0.5724
[21:46:28] warmStart 63% (1499/2346) regret=0.057437 ape=0.5724
[21:46:28] warmStart 63% (1500/2346) regret=0.057437 ape=0.5724
[21:46:28] warmStart 63% (1501/2346) regret=0.057437 ape=0.5724
[21:46:28] warmStart 64% (1502/2346) regret=0.057437 ape=0.5724
[21:46:28] warmStart 64% (1503/2346) regret=0.057437 ape=0.5724
[21:46:28] warmStart 64% (1504/2346) regret=0.057437 ape=0.5724
[21:46:28] warmStart 64% (1505/2346) regret=0.057437 ape=0.5724
[21:46:29] warmStart 64% (1506/2346) regret=0.057437 ape=0.5724
[21:46:29] warmStart 64% (1507/2346) regret=0.057437 ape=0.5724
[21:46:29] warmStart 64% (1508/2346) regret=0.057437 ape=0.5724
[21:46:29] warmStart 64% (1509/2346) regret=0.057373 ape=0.5724
[21:46:29] warmStart 64% (1510/2346) regret=0.057318 ape=0.5714
[21:46:29] warmStart 64% (1511/2346) regret=0.057318 ape=0.5714
[21:46:29] warmStart 64% (1512/2346) regret=0.057318 ape=0.5714
[21:46:30] warmStart 64% (1513/2346) regret=0.057355 ape=0.5714
[21:46:30] warmStart 64% (1514/2346) regret=0.057355 ape=0.5714
[21:46:30] warmStart 64% (1515/2346) regret=0.057345 ape=0.5714
[21:46:30] warmStart 64% (1516/2346) regret=0.057345 ape=0.5714
[21:46:30] warmStart 64% (1517/2346) regret=0.057345 ape=0.5714
[21:46:30] warmStart 64% (1518/2346) regret=0.057345 ape=0.5714
[21:46:30] warmStart 64% (1519/2346) regret=0.057345 ape=0.5714
[21:46:31] warmStart 64% (1520/2346) regret=0.057345 ape=0.5714
[21:46:31] warmStart 64% (1521/2346) regret=0.057327 ape=0.5705
[21:46:31] warmStart 64% (1522/2346) regret=0.057272 ape=0.5696
[21:46:31] warmStart 64% (1523/2346) regret=0.057235 ape=0.5696
[21:46:31] warmStart 64% (1524/2346) regret=0.057235 ape=0.5696
[21:46:31] warmStart 65% (1525/2346) regret=0.057235 ape=0.5696
[21:46:31] warmStart 65% (1526/2346) regret=0.057235 ape=0.5696
[21:46:32] warmStart 65% (1527/2346) regret=0.057235 ape=0.5696
[21:46:32] warmStart 65% (1528/2346) regret=0.057235 ape=0.5696
[21:46:32] warmStart 65% (1529/2346) regret=0.057235 ape=0.5696
[21:46:32] warmStart 65% (1530/2346) regret=0.057235 ape=0.5696
[21:46:32] warmStart 65% (1531/2346) regret=0.057235 ape=0.5696
[21:46:32] warmStart 65% (1532/2346) regret=0.057023 ape=0.5687
[21:46:33] warmStart 65% (1533/2346) regret=0.057023 ape=0.5687
[21:46:33] warmStart 65% (1534/2346) regret=0.057023 ape=0.5687
[21:46:33] warmStart 65% (1535/2346) regret=0.057023 ape=0.5687
[21:46:33] warmStart 65% (1536/2346) regret=0.057023 ape=0.5687
[21:46:33] warmStart 65% (1537/2346) regret=0.057023 ape=0.5687
[21:46:33] warmStart 65% (1538/2346) regret=0.057023 ape=0.5687
[21:46:33] warmStart 65% (1539/2346) regret=0.057124 ape=0.5696
[21:46:34] warmStart 65% (1540/2346) regret=0.057124 ape=0.5696
[21:46:34] warmStart 65% (1541/2346) regret=0.056783 ape=0.5696
[21:46:34] warmStart 65% (1542/2346) regret=0.056783 ape=0.5696
[21:46:34] warmStart 65% (1543/2346) regret=0.056783 ape=0.5696
[21:46:34] warmStart 65% (1544/2346) regret=0.056783 ape=0.5696
[21:46:34] warmStart 65% (1545/2346) regret=0.056783 ape=0.5696
[21:46:35] warmStart 65% (1546/2346) regret=0.056783 ape=0.5696
[21:46:35] warmStart 65% (1547/2346) regret=0.056783 ape=0.5696
[21:46:35] warmStart 65% (1548/2346) regret=0.056783 ape=0.5696
[21:46:35] warmStart 66% (1549/2346) regret=0.056783 ape=0.5696
[21:46:35] warmStart 66% (1550/2346) regret=0.056783 ape=0.5696
[21:46:35] warmStart 66% (1551/2346) regret=0.056783 ape=0.5696
[21:46:35] warmStart 66% (1552/2346) regret=0.056719 ape=0.5696
[21:46:36] warmStart 66% (1553/2346) regret=0.056719 ape=0.5696
[21:46:36] warmStart 66% (1554/2346) regret=0.056675 ape=0.5687
[21:46:36] warmStart 66% (1555/2346) regret=0.056675 ape=0.5687
[21:46:36] warmStart 66% (1556/2346) regret=0.056675 ape=0.5687
[21:46:36] warmStart 66% (1557/2346) regret=0.056675 ape=0.5687
[21:46:36] warmStart 66% (1558/2346) regret=0.056675 ape=0.5687
[21:46:36] warmStart 66% (1559/2346) regret=0.056675 ape=0.5687
[21:46:37] warmStart 66% (1560/2346) regret=0.056675 ape=0.5687
[21:46:37] warmStart 66% (1561/2346) regret=0.056674 ape=0.5687
[21:46:37] warmStart 66% (1562/2346) regret=0.056683 ape=0.5687
[21:46:37] warmStart 66% (1563/2346) regret=0.056702 ape=0.5687
[21:46:37] warmStart 66% (1564/2346) regret=0.056711 ape=0.5687
[21:46:37] warmStart 66% (1565/2346) regret=0.056702 ape=0.5687
[21:46:37] warmStart 66% (1566/2346) regret=0.056702 ape=0.5687
[21:46:38] warmStart 66% (1567/2346) regret=0.056702 ape=0.5687
[21:46:38] warmStart 66% (1568/2346) regret=0.056702 ape=0.5687
[21:46:38] warmStart 66% (1569/2346) regret=0.056702 ape=0.5687
[21:46:38] warmStart 66% (1570/2346) regret=0.056702 ape=0.5687
[21:46:38] warmStart 66% (1571/2346) regret=0.056702 ape=0.5687
[21:46:38] warmStart 67% (1572/2346) regret=0.056702 ape=0.5687
[21:46:38] warmStart 67% (1573/2346) regret=0.056538 ape=0.5687
[21:46:39] warmStart 67% (1574/2346) regret=0.056538 ape=0.5687
[21:46:39] warmStart 67% (1575/2346) regret=0.056538 ape=0.5687
[21:46:39] warmStart 67% (1576/2346) regret=0.056538 ape=0.5687
[21:46:39] warmStart 67% (1577/2346) regret=0.056538 ape=0.5687
[21:46:39] warmStart 67% (1578/2346) regret=0.056538 ape=0.5687
[21:46:39] warmStart 67% (1579/2346) regret=0.056584 ape=0.5687
[21:46:40] warmStart 67% (1580/2346) regret=0.056538 ape=0.5687
[21:46:40] warmStart 67% (1581/2346) regret=0.056538 ape=0.5687
[21:46:40] warmStart 67% (1582/2346) regret=0.056483 ape=0.5687
[21:46:40] warmStart 67% (1583/2346) regret=0.056483 ape=0.5687
[21:46:40] warmStart 67% (1584/2346) regret=0.056483 ape=0.5687
[21:46:40] warmStart 67% (1585/2346) regret=0.056483 ape=0.5687
[21:46:40] warmStart 67% (1586/2346) regret=0.056321 ape=0.5687
[21:46:41] warmStart 67% (1587/2346) regret=0.056321 ape=0.5687
[21:46:41] warmStart 67% (1588/2346) regret=0.056321 ape=0.5687
[21:46:41] warmStart 67% (1589/2346) regret=0.056321 ape=0.5687
[21:46:41] warmStart 67% (1590/2346) regret=0.055874 ape=0.5687
[21:46:41] warmStart 67% (1591/2346) regret=0.055874 ape=0.5687
[21:46:41] warmStart 67% (1592/2346) regret=0.055874 ape=0.5687
[21:46:41] warmStart 67% (1593/2346) regret=0.055874 ape=0.5687
[21:46:42] warmStart 67% (1594/2346) regret=0.055874 ape=0.5687
[21:46:42] warmStart 67% (1595/2346) regret=0.055874 ape=0.5687
[21:46:42] warmStart 68% (1596/2346) regret=0.055874 ape=0.5687
[21:46:42] warmStart 68% (1597/2346) regret=0.055874 ape=0.5687
[21:46:42] warmStart 68% (1598/2346) regret=0.055874 ape=0.5687
[21:46:42] warmStart 68% (1599/2346) regret=0.055874 ape=0.5687
[21:46:42] warmStart 68% (1600/2346) regret=0.055874 ape=0.5687
[21:46:42] warmStart 68% (1601/2346) regret=0.055874 ape=0.5687
[21:46:43] warmStart 68% (1602/2346) regret=0.055871 ape=0.5687
[21:46:43] warmStart 68% (1603/2346) regret=0.055879 ape=0.5687
[21:46:43] warmStart 68% (1604/2346) regret=0.055879 ape=0.5687
[21:46:43] warmStart 68% (1605/2346) regret=0.055879 ape=0.5687
[21:46:43] warmStart 68% (1606/2346) regret=0.055879 ape=0.5687
[21:46:43] warmStart 68% (1607/2346) regret=0.055879 ape=0.5687
[21:46:44] warmStart 68% (1608/2346) regret=0.055879 ape=0.5687
[21:46:44] warmStart 68% (1609/2346) regret=0.055879 ape=0.5687
[21:46:44] warmStart 68% (1610/2346) regret=0.055879 ape=0.5687
[21:46:44] warmStart 68% (1611/2346) regret=0.055879 ape=0.5687
[21:46:44] warmStart 68% (1612/2346) regret=0.055879 ape=0.5687
[21:46:44] warmStart 68% (1613/2346) regret=0.055879 ape=0.5687
[21:46:44] warmStart 68% (1614/2346) regret=0.055787 ape=0.5687
[21:46:45] warmStart 68% (1615/2346) regret=0.055787 ape=0.5687
[21:46:45] warmStart 68% (1616/2346) regret=0.055787 ape=0.5687
[21:46:45] warmStart 68% (1617/2346) regret=0.055787 ape=0.5687
[21:46:45] warmStart 68% (1618/2346) regret=0.055787 ape=0.5687
[21:46:45] warmStart 69% (1619/2346) regret=0.055787 ape=0.5687
[21:46:45] warmStart 69% (1620/2346) regret=0.055846 ape=0.5696
[21:46:45] warmStart 69% (1621/2346) regret=0.055831 ape=0.5696
[21:46:46] warmStart 69% (1622/2346) regret=0.055831 ape=0.5696
[21:46:46] warmStart 69% (1623/2346) regret=0.055831 ape=0.5696
[21:46:46] warmStart 69% (1624/2346) regret=0.055831 ape=0.5696
[21:46:46] warmStart 69% (1625/2346) regret=0.055831 ape=0.5696
[21:46:46] warmStart 69% (1626/2346) regret=0.055983 ape=0.5696
[21:46:46] warmStart 69% (1627/2346) regret=0.055831 ape=0.5696
[21:46:47] warmStart 69% (1628/2346) regret=0.055831 ape=0.5696
[21:46:47] warmStart 69% (1629/2346) regret=0.055831 ape=0.5696
[21:46:47] warmStart 69% (1630/2346) regret=0.055787 ape=0.5687
[21:46:47] warmStart 69% (1631/2346) regret=0.055815 ape=0.5687
[21:46:47] warmStart 69% (1632/2346) regret=0.055787 ape=0.5687
[21:46:47] warmStart 69% (1633/2346) regret=0.055787 ape=0.5687
[21:46:47] warmStart 69% (1634/2346) regret=0.055787 ape=0.5687
[21:46:48] warmStart 69% (1635/2346) regret=0.055787 ape=0.5687
[21:46:48] warmStart 69% (1636/2346) regret=0.055787 ape=0.5687
[21:46:48] warmStart 69% (1637/2346) regret=0.055787 ape=0.5687
[21:46:48] warmStart 69% (1638/2346) regret=0.055782 ape=0.5687
[21:46:48] warmStart 69% (1639/2346) regret=0.055782 ape=0.5687
[21:46:48] warmStart 69% (1640/2346) regret=0.055782 ape=0.5687
[21:46:48] warmStart 69% (1641/2346) regret=0.055742 ape=0.5677
[21:46:49] warmStart 69% (1642/2346) regret=0.055704 ape=0.5677
[21:46:49] warmStart 70% (1643/2346) regret=0.055698 ape=0.5677
[21:46:49] warmStart 70% (1644/2346) regret=0.055698 ape=0.5677
[21:46:49] warmStart 70% (1645/2346) regret=0.055698 ape=0.5677
[21:46:49] warmStart 70% (1646/2346) regret=0.055698 ape=0.5677
[21:46:49] warmStart 70% (1647/2346) regret=0.055652 ape=0.5677
[21:46:49] warmStart 70% (1648/2346) regret=0.055652 ape=0.5677
[21:46:50] warmStart 70% (1649/2346) regret=0.055671 ape=0.5677
[21:46:50] warmStart 70% (1650/2346) regret=0.055652 ape=0.5677
[21:46:50] warmStart 70% (1651/2346) regret=0.055652 ape=0.5677
[21:46:50] warmStart 70% (1652/2346) regret=0.055652 ape=0.5677
[21:46:50] warmStart 70% (1653/2346) regret=0.055652 ape=0.5677
[21:46:50] warmStart 70% (1654/2346) regret=0.055698 ape=0.5677
[21:46:50] warmStart 70% (1655/2346) regret=0.055652 ape=0.5677
[21:46:51] warmStart 70% (1656/2346) regret=0.055652 ape=0.5677
[21:46:51] warmStart 70% (1657/2346) regret=0.055652 ape=0.5677
[21:46:51] warmStart 70% (1658/2346) regret=0.055652 ape=0.5677
[21:46:51] warmStart 70% (1659/2346) regret=0.055655 ape=0.5668
[21:46:51] warmStart 70% (1660/2346) regret=0.055658 ape=0.5677
[21:46:51] warmStart 70% (1661/2346) regret=0.055658 ape=0.5677
[21:46:51] warmStart 70% (1662/2346) regret=0.055658 ape=0.5677
[21:46:52] warmStart 70% (1663/2346) regret=0.055658 ape=0.5677
[21:46:52] warmStart 70% (1664/2346) regret=0.055658 ape=0.5677
[21:46:52] warmStart 70% (1665/2346) regret=0.055658 ape=0.5677
[21:46:52] warmStart 71% (1666/2346) regret=0.055658 ape=0.5677
[21:46:52] warmStart 71% (1667/2346) regret=0.055658 ape=0.5677
[21:46:52] warmStart 71% (1668/2346) regret=0.055658 ape=0.5677
[21:46:52] warmStart 71% (1669/2346) regret=0.055658 ape=0.5677
[21:46:53] warmStart 71% (1670/2346) regret=0.055602 ape=0.5677
[21:46:53] warmStart 71% (1671/2346) regret=0.055602 ape=0.5677
[21:46:53] warmStart 71% (1672/2346) regret=0.055602 ape=0.5677
[21:46:53] warmStart 71% (1673/2346) regret=0.055602 ape=0.5677
[21:46:53] warmStart 71% (1674/2346) regret=0.055602 ape=0.5677
[21:46:53] warmStart 71% (1675/2346) regret=0.055602 ape=0.5677
[21:46:53] warmStart 71% (1676/2346) regret=0.055602 ape=0.5677
[21:46:54] warmStart 71% (1677/2346) regret=0.055602 ape=0.5677
[21:46:54] warmStart 71% (1678/2346) regret=0.055602 ape=0.5677
[21:46:54] warmStart 71% (1679/2346) regret=0.055602 ape=0.5677
[21:46:54] warmStart 71% (1680/2346) regret=0.055602 ape=0.5677
[21:46:54] warmStart 71% (1681/2346) regret=0.055602 ape=0.5677
[21:46:54] warmStart 71% (1682/2346) regret=0.055602 ape=0.5677
[21:46:55] warmStart 71% (1683/2346) regret=0.055602 ape=0.5677
[21:46:55] warmStart 71% (1684/2346) regret=0.055602 ape=0.5677
[21:46:55] warmStart 71% (1685/2346) regret=0.055602 ape=0.5677
[21:46:55] warmStart 71% (1686/2346) regret=0.055602 ape=0.5677
[21:46:55] warmStart 71% (1687/2346) regret=0.055602 ape=0.5677
[21:46:55] warmStart 71% (1688/2346) regret=0.055602 ape=0.5677
[21:46:55] warmStart 71% (1689/2346) regret=0.055602 ape=0.5677
[21:46:56] warmStart 72% (1690/2346) regret=0.055602 ape=0.5677
[21:46:56] warmStart 72% (1691/2346) regret=0.055602 ape=0.5677
[21:46:56] warmStart 72% (1692/2346) regret=0.055602 ape=0.5677
[21:46:56] warmStart 72% (1693/2346) regret=0.055602 ape=0.5677
[21:46:56] warmStart 72% (1694/2346) regret=0.055602 ape=0.5677
[21:46:56] warmStart 72% (1695/2346) regret=0.055602 ape=0.5677
[21:46:56] warmStart 72% (1696/2346) regret=0.055646 ape=0.5687
[21:46:57] warmStart 72% (1697/2346) regret=0.055646 ape=0.5687
[21:46:57] warmStart 72% (1698/2346) regret=0.055830 ape=0.5687
[21:46:57] warmStart 72% (1699/2346) regret=0.055830 ape=0.5687
[21:46:57] warmStart 72% (1700/2346) regret=0.055830 ape=0.5687
[21:46:57] warmStart 72% (1701/2346) regret=0.055877 ape=0.5696
[21:46:57] warmStart 72% (1702/2346) regret=0.055877 ape=0.5696
[21:46:57] warmStart 72% (1703/2346) regret=0.055877 ape=0.5696
[21:46:58] warmStart 72% (1704/2346) regret=0.055877 ape=0.5696
[21:46:58] warmStart 72% (1705/2346) regret=0.055877 ape=0.5696
[21:46:58] warmStart 72% (1706/2346) regret=0.055410 ape=0.5687
[21:46:58] warmStart 72% (1707/2346) regret=0.055410 ape=0.5687
[21:46:58] warmStart 72% (1708/2346) regret=0.055410 ape=0.5687
[21:46:58] warmStart 72% (1709/2346) regret=0.055417 ape=0.5687
[21:46:59] warmStart 72% (1710/2346) regret=0.055417 ape=0.5687
[21:46:59] warmStart 72% (1711/2346) regret=0.055417 ape=0.5687
[21:46:59] warmStart 72% (1712/2346) regret=0.055417 ape=0.5687
[21:46:59] warmStart 73% (1713/2346) regret=0.055417 ape=0.5687
[21:46:59] warmStart 73% (1714/2346) regret=0.055417 ape=0.5687
[21:46:59] warmStart 73% (1715/2346) regret=0.055417 ape=0.5687
[21:46:59] warmStart 73% (1716/2346) regret=0.055417 ape=0.5687
[21:47:00] warmStart 73% (1717/2346) regret=0.055417 ape=0.5687
[21:47:00] warmStart 73% (1718/2346) regret=0.055417 ape=0.5687
[21:47:00] warmStart 73% (1719/2346) regret=0.055417 ape=0.5687
[21:47:00] warmStart 73% (1720/2346) regret=0.055373 ape=0.5677
[21:47:00] warmStart 73% (1721/2346) regret=0.055373 ape=0.5677
[21:47:00] warmStart 73% (1722/2346) regret=0.055373 ape=0.5677
[21:47:00] warmStart 73% (1723/2346) regret=0.055373 ape=0.5677
[21:47:01] warmStart 73% (1724/2346) regret=0.055373 ape=0.5677
[21:47:01] warmStart 73% (1725/2346) regret=0.055373 ape=0.5677
[21:47:01] warmStart 73% (1726/2346) regret=0.055373 ape=0.5677
[21:47:01] warmStart 73% (1727/2346) regret=0.055373 ape=0.5677
[21:47:01] warmStart 73% (1728/2346) regret=0.055373 ape=0.5677
[21:47:01] warmStart 73% (1729/2346) regret=0.055373 ape=0.5677
[21:47:02] warmStart 73% (1730/2346) regret=0.055373 ape=0.5677
[21:47:02] warmStart 73% (1731/2346) regret=0.055373 ape=0.5677
[21:47:02] warmStart 73% (1732/2346) regret=0.055373 ape=0.5677
[21:47:02] warmStart 73% (1733/2346) regret=0.055368 ape=0.5677
[21:47:02] warmStart 73% (1734/2346) regret=0.055368 ape=0.5677
[21:47:02] warmStart 73% (1735/2346) regret=0.055368 ape=0.5677
[21:47:02] warmStart 73% (1736/2346) regret=0.055221 ape=0.5668
[21:47:03] warmStart 74% (1737/2346) regret=0.055221 ape=0.5668
[21:47:03] warmStart 74% (1738/2346) regret=0.055221 ape=0.5668
[21:47:03] warmStart 74% (1739/2346) regret=0.055221 ape=0.5668
[21:47:03] warmStart 74% (1740/2346) regret=0.055221 ape=0.5668
[21:47:03] warmStart 74% (1741/2346) regret=0.055221 ape=0.5668
[21:47:03] warmStart 74% (1742/2346) regret=0.055213 ape=0.5659
[21:47:03] warmStart 74% (1743/2346) regret=0.055221 ape=0.5668
[21:47:04] warmStart 74% (1744/2346) regret=0.055221 ape=0.5668
[21:47:04] warmStart 74% (1745/2346) regret=0.055221 ape=0.5668
[21:47:04] warmStart 74% (1746/2346) regret=0.055221 ape=0.5668
[21:47:04] warmStart 74% (1747/2346) regret=0.055221 ape=0.5668
[21:47:04] warmStart 74% (1748/2346) regret=0.055221 ape=0.5668
[21:47:04] warmStart 74% (1749/2346) regret=0.055221 ape=0.5668
[21:47:05] warmStart 74% (1750/2346) regret=0.055221 ape=0.5668
[21:47:05] warmStart 74% (1751/2346) regret=0.055221 ape=0.5668
[21:47:05] warmStart 74% (1752/2346) regret=0.055211 ape=0.5668
[21:47:05] warmStart 74% (1753/2346) regret=0.055211 ape=0.5668
[21:47:05] warmStart 74% (1754/2346) regret=0.055211 ape=0.5668
[21:47:05] warmStart 74% (1755/2346) regret=0.055211 ape=0.5668
[21:47:05] warmStart 74% (1756/2346) regret=0.055211 ape=0.5668
[21:47:06] warmStart 74% (1757/2346) regret=0.055208 ape=0.5668
[21:47:06] warmStart 74% (1758/2346) regret=0.055208 ape=0.5668
[21:47:06] warmStart 74% (1759/2346) regret=0.055284 ape=0.5677
[21:47:06] warmStart 75% (1760/2346) regret=0.055195 ape=0.5659
[21:47:06] warmStart 75% (1761/2346) regret=0.055195 ape=0.5659
[21:47:06] warmStart 75% (1762/2346) regret=0.055195 ape=0.5659
[21:47:06] warmStart 75% (1763/2346) regret=0.055195 ape=0.5659
[21:47:07] warmStart 75% (1764/2346) regret=0.055138 ape=0.5650
[21:47:07] warmStart 75% (1765/2346) regret=0.055138 ape=0.5650
[21:47:07] warmStart 75% (1766/2346) regret=0.055138 ape=0.5650
[21:47:07] warmStart 75% (1767/2346) regret=0.055138 ape=0.5650
[21:47:07] warmStart 75% (1768/2346) regret=0.055147 ape=0.5650
[21:47:07] warmStart 75% (1769/2346) regret=0.055013 ape=0.5641
[21:47:07] warmStart 75% (1770/2346) regret=0.055013 ape=0.5641
[21:47:08] warmStart 75% (1771/2346) regret=0.054995 ape=0.5641
[21:47:08] warmStart 75% (1772/2346) regret=0.054995 ape=0.5641
[21:47:08] warmStart 75% (1773/2346) regret=0.054996 ape=0.5641
[21:47:08] warmStart 75% (1774/2346) regret=0.054996 ape=0.5641
[21:47:08] warmStart 75% (1775/2346) regret=0.055018 ape=0.5641
[21:47:08] warmStart 75% (1776/2346) regret=0.055018 ape=0.5641
[21:47:09] warmStart 75% (1777/2346) regret=0.055018 ape=0.5641
[21:47:09] warmStart 75% (1778/2346) regret=0.055018 ape=0.5641
[21:47:09] warmStart 75% (1779/2346) regret=0.055018 ape=0.5641
[21:47:09] warmStart 75% (1780/2346) regret=0.055023 ape=0.5641
[21:47:09] warmStart 75% (1781/2346) regret=0.055023 ape=0.5641
[21:47:09] warmStart 75% (1782/2346) regret=0.055023 ape=0.5641
[21:47:09] warmStart 76% (1783/2346) regret=0.055023 ape=0.5641
[21:47:10] warmStart 76% (1784/2346) regret=0.055023 ape=0.5641
[21:47:10] warmStart 76% (1785/2346) regret=0.055023 ape=0.5641
[21:47:10] warmStart 76% (1786/2346) regret=0.055023 ape=0.5641
[21:47:10] warmStart 76% (1787/2346) regret=0.055023 ape=0.5641
[21:47:10] warmStart 76% (1788/2346) regret=0.055023 ape=0.5641
[21:47:10] warmStart 76% (1789/2346) regret=0.055023 ape=0.5641
[21:47:11] warmStart 76% (1790/2346) regret=0.055023 ape=0.5641
[21:47:11] warmStart 76% (1791/2346) regret=0.055023 ape=0.5641
[21:47:11] warmStart 76% (1792/2346) regret=0.055023 ape=0.5641
[21:47:11] warmStart 76% (1793/2346) regret=0.055026 ape=0.5641
[21:47:11] warmStart 76% (1794/2346) regret=0.055030 ape=0.5641
[21:47:11] warmStart 76% (1795/2346) regret=0.055030 ape=0.5641
[21:47:11] warmStart 76% (1796/2346) regret=0.055030 ape=0.5641
[21:47:12] warmStart 76% (1797/2346) regret=0.055030 ape=0.5641
[21:47:12] warmStart 76% (1798/2346) regret=0.055030 ape=0.5641
[21:47:12] warmStart 76% (1799/2346) regret=0.055058 ape=0.5641
[21:47:12] warmStart 76% (1800/2346) regret=0.054892 ape=0.5641
[21:47:12] warmStart 76% (1801/2346) regret=0.054892 ape=0.5641
[21:47:12] warmStart 76% (1802/2346) regret=0.054892 ape=0.5641
[21:47:12] warmStart 76% (1803/2346) regret=0.054892 ape=0.5641
[21:47:13] warmStart 76% (1804/2346) regret=0.054892 ape=0.5641
[21:47:13] warmStart 76% (1805/2346) regret=0.054892 ape=0.5641
[21:47:13] warmStart 76% (1806/2346) regret=0.054892 ape=0.5641
[21:47:13] warmStart 77% (1807/2346) regret=0.054892 ape=0.5641
[21:47:13] warmStart 77% (1808/2346) regret=0.054892 ape=0.5641
[21:47:13] warmStart 77% (1809/2346) regret=0.054620 ape=0.5631
[21:47:13] warmStart 77% (1810/2346) regret=0.054620 ape=0.5631
[21:47:14] warmStart 77% (1811/2346) regret=0.054601 ape=0.5631
[21:47:14] warmStart 77% (1812/2346) regret=0.054601 ape=0.5631
[21:47:14] warmStart 77% (1813/2346) regret=0.054351 ape=0.5622
[21:47:14] warmStart 77% (1814/2346) regret=0.054351 ape=0.5622
[21:47:14] warmStart 77% (1815/2346) regret=0.054351 ape=0.5622
[21:47:14] warmStart 77% (1816/2346) regret=0.054351 ape=0.5622
[21:47:15] warmStart 77% (1817/2346) regret=0.054351 ape=0.5622
[21:47:15] warmStart 77% (1818/2346) regret=0.054351 ape=0.5622
[21:47:15] warmStart 77% (1819/2346) regret=0.054351 ape=0.5622
[21:47:15] warmStart 77% (1820/2346) regret=0.054351 ape=0.5622
[21:47:15] warmStart 77% (1821/2346) regret=0.054351 ape=0.5622
[21:47:15] warmStart 77% (1822/2346) regret=0.054351 ape=0.5622
[21:47:15] warmStart 77% (1823/2346) regret=0.054351 ape=0.5622
[21:47:16] warmStart 77% (1824/2346) regret=0.054351 ape=0.5622
[21:47:16] warmStart 77% (1825/2346) regret=0.054286 ape=0.5622
[21:47:16] warmStart 77% (1826/2346) regret=0.054286 ape=0.5622
[21:47:16] warmStart 77% (1827/2346) regret=0.054286 ape=0.5622
[21:47:16] warmStart 77% (1828/2346) regret=0.054225 ape=0.5613
[21:47:16] warmStart 77% (1829/2346) regret=0.054225 ape=0.5613
[21:47:17] warmStart 78% (1830/2346) regret=0.054225 ape=0.5613
[21:47:17] warmStart 78% (1831/2346) regret=0.054225 ape=0.5613
[21:47:17] warmStart 78% (1832/2346) regret=0.054114 ape=0.5613
[21:47:17] warmStart 78% (1833/2346) regret=0.054114 ape=0.5613
[21:47:17] warmStart 78% (1834/2346) regret=0.054114 ape=0.5613
[21:47:17] warmStart 78% (1835/2346) regret=0.054114 ape=0.5613
[21:47:17] warmStart 78% (1836/2346) regret=0.054114 ape=0.5613
[21:47:18] warmStart 78% (1837/2346) regret=0.054114 ape=0.5613
[21:47:18] warmStart 78% (1838/2346) regret=0.054114 ape=0.5613
[21:47:18] warmStart 78% (1839/2346) regret=0.054114 ape=0.5613
[21:47:18] warmStart 78% (1840/2346) regret=0.054114 ape=0.5613
[21:47:18] warmStart 78% (1841/2346) regret=0.054060 ape=0.5604
[21:47:18] warmStart 78% (1842/2346) regret=0.054070 ape=0.5604
[21:47:19] warmStart 78% (1843/2346) regret=0.054070 ape=0.5604
[21:47:19] warmStart 78% (1844/2346) regret=0.054070 ape=0.5604
[21:47:19] warmStart 78% (1845/2346) regret=0.054070 ape=0.5604
[21:47:19] warmStart 78% (1846/2346) regret=0.054070 ape=0.5604
[21:47:19] warmStart 78% (1847/2346) regret=0.054070 ape=0.5604
[21:47:19] warmStart 78% (1848/2346) regret=0.054070 ape=0.5604
[21:47:19] warmStart 78% (1849/2346) regret=0.054070 ape=0.5604
[21:47:20] warmStart 78% (1850/2346) regret=0.054070 ape=0.5604
[21:47:20] warmStart 78% (1851/2346) regret=0.054070 ape=0.5604
[21:47:20] warmStart 78% (1852/2346) regret=0.054181 ape=0.5613
[21:47:20] warmStart 78% (1853/2346) regret=0.054181 ape=0.5613
[21:47:20] warmStart 79% (1854/2346) regret=0.054130 ape=0.5613
[21:47:20] warmStart 79% (1855/2346) regret=0.054105 ape=0.5604
[21:47:20] warmStart 79% (1856/2346) regret=0.054105 ape=0.5604
[21:47:21] warmStart 79% (1857/2346) regret=0.054105 ape=0.5604
[21:47:21] warmStart 79% (1858/2346) regret=0.054105 ape=0.5604
[21:47:21] warmStart 79% (1859/2346) regret=0.054105 ape=0.5604
[21:47:21] warmStart 79% (1860/2346) regret=0.054080 ape=0.5604
[21:47:21] warmStart 79% (1861/2346) regret=0.054080 ape=0.5604
[21:47:21] warmStart 79% (1862/2346) regret=0.053600 ape=0.5594
[21:47:21] warmStart 79% (1863/2346) regret=0.053600 ape=0.5594
[21:47:22] warmStart 79% (1864/2346) regret=0.053600 ape=0.5594
[21:47:22] warmStart 79% (1865/2346) regret=0.053600 ape=0.5594
[21:47:22] warmStart 79% (1866/2346) regret=0.053600 ape=0.5594
[21:47:22] warmStart 79% (1867/2346) regret=0.053600 ape=0.5594
[21:47:22] warmStart 79% (1868/2346) regret=0.053600 ape=0.5594
[21:47:22] warmStart 79% (1869/2346) regret=0.053600 ape=0.5594
[21:47:23] warmStart 79% (1870/2346) regret=0.053600 ape=0.5594
[21:47:23] warmStart 79% (1871/2346) regret=0.053600 ape=0.5594
[21:47:23] warmStart 79% (1872/2346) regret=0.053600 ape=0.5594
[21:47:23] warmStart 79% (1873/2346) regret=0.053600 ape=0.5594
[21:47:23] warmStart 79% (1874/2346) regret=0.053600 ape=0.5594
[21:47:23] warmStart 79% (1875/2346) regret=0.053600 ape=0.5594
[21:47:23] warmStart 79% (1876/2346) regret=0.053600 ape=0.5594
[21:47:24] warmStart 80% (1877/2346) regret=0.053587 ape=0.5594
[21:47:24] warmStart 80% (1878/2346) regret=0.053587 ape=0.5594
[21:47:24] warmStart 80% (1879/2346) regret=0.053587 ape=0.5594
[21:47:24] warmStart 80% (1880/2346) regret=0.053577 ape=0.5594
[21:47:24] warmStart 80% (1881/2346) regret=0.053587 ape=0.5594
[21:47:24] warmStart 80% (1882/2346) regret=0.053881 ape=0.5594
[21:47:24] warmStart 80% (1883/2346) regret=0.053587 ape=0.5594
[21:47:25] warmStart 80% (1884/2346) regret=0.053587 ape=0.5594
[21:47:25] warmStart 80% (1885/2346) regret=0.053587 ape=0.5594
[21:47:25] warmStart 80% (1886/2346) regret=0.053587 ape=0.5594
[21:47:25] warmStart 80% (1887/2346) regret=0.053587 ape=0.5594
[21:47:25] warmStart 80% (1888/2346) regret=0.053587 ape=0.5594
[21:47:25] warmStart 80% (1889/2346) regret=0.053587 ape=0.5594
[21:47:25] warmStart 80% (1890/2346) regret=0.053587 ape=0.5594
[21:47:26] warmStart 80% (1891/2346) regret=0.053587 ape=0.5594
[21:47:26] warmStart 80% (1892/2346) regret=0.053587 ape=0.5594
[21:47:26] warmStart 80% (1893/2346) regret=0.053592 ape=0.5594
[21:47:26] warmStart 80% (1894/2346) regret=0.053592 ape=0.5594
[21:47:26] warmStart 80% (1895/2346) regret=0.053592 ape=0.5594
[21:47:26] warmStart 80% (1896/2346) regret=0.053647 ape=0.5604
[21:47:26] warmStart 80% (1897/2346) regret=0.053647 ape=0.5604
[21:47:27] warmStart 80% (1898/2346) regret=0.053647 ape=0.5604
[21:47:27] warmStart 80% (1899/2346) regret=0.053647 ape=0.5604
[21:47:27] warmStart 80% (1900/2346) regret=0.053647 ape=0.5604
[21:47:27] warmStart 81% (1901/2346) regret=0.053647 ape=0.5604
[21:47:27] warmStart 81% (1902/2346) regret=0.053647 ape=0.5604
[21:47:27] warmStart 81% (1903/2346) regret=0.053648 ape=0.5604
[21:47:27] warmStart 81% (1904/2346) regret=0.053648 ape=0.5604
[21:47:28] warmStart 81% (1905/2346) regret=0.053648 ape=0.5604
[21:47:28] warmStart 81% (1906/2346) regret=0.053648 ape=0.5604
[21:47:28] warmStart 81% (1907/2346) regret=0.053648 ape=0.5604
[21:47:28] warmStart 81% (1908/2346) regret=0.053648 ape=0.5604
[21:47:28] warmStart 81% (1909/2346) regret=0.053648 ape=0.5604
[21:47:28] warmStart 81% (1910/2346) regret=0.053648 ape=0.5604
[21:47:28] warmStart 81% (1911/2346) regret=0.053648 ape=0.5604
[21:47:29] warmStart 81% (1912/2346) regret=0.053648 ape=0.5604
[21:47:29] warmStart 81% (1913/2346) regret=0.053233 ape=0.5604
[21:47:29] warmStart 81% (1914/2346) regret=0.053233 ape=0.5604
[21:47:29] warmStart 81% (1915/2346) regret=0.053233 ape=0.5604
[21:47:29] warmStart 81% (1916/2346) regret=0.053302 ape=0.5613
[21:47:29] warmStart 81% (1917/2346) regret=0.053302 ape=0.5613
[21:47:30] warmStart 81% (1918/2346) regret=0.053302 ape=0.5613
[21:47:30] warmStart 81% (1919/2346) regret=0.053302 ape=0.5613
[21:47:30] warmStart 81% (1920/2346) regret=0.053346 ape=0.5622
[21:47:30] warmStart 81% (1921/2346) regret=0.053309 ape=0.5622
[21:47:30] warmStart 81% (1922/2346) regret=0.053309 ape=0.5622
[21:47:30] warmStart 81% (1923/2346) regret=0.053309 ape=0.5622
[21:47:30] warmStart 82% (1924/2346) regret=0.053309 ape=0.5622
[21:47:31] warmStart 82% (1925/2346) regret=0.053095 ape=0.5604
[21:47:31] warmStart 82% (1926/2346) regret=0.053265 ape=0.5613
[21:47:31] warmStart 82% (1927/2346) regret=0.053265 ape=0.5613
[21:47:31] warmStart 82% (1928/2346) regret=0.053265 ape=0.5613
[21:47:31] warmStart 82% (1929/2346) regret=0.053265 ape=0.5613
[21:47:31] warmStart 82% (1930/2346) regret=0.053265 ape=0.5613
[21:47:31] warmStart 82% (1931/2346) regret=0.053265 ape=0.5613
[21:47:32] warmStart 82% (1932/2346) regret=0.053265 ape=0.5613
[21:47:32] warmStart 82% (1933/2346) regret=0.053265 ape=0.5613
[21:47:32] warmStart 82% (1934/2346) regret=0.053265 ape=0.5613
[21:47:32] warmStart 82% (1935/2346) regret=0.053265 ape=0.5613
[21:47:32] warmStart 82% (1936/2346) regret=0.053265 ape=0.5613
[21:47:32] warmStart 82% (1937/2346) regret=0.053265 ape=0.5613
[21:47:32] warmStart 82% (1938/2346) regret=0.053265 ape=0.5613
[21:47:33] warmStart 82% (1939/2346) regret=0.053265 ape=0.5613
[21:47:33] warmStart 82% (1940/2346) regret=0.053265 ape=0.5613
[21:47:33] warmStart 82% (1941/2346) regret=0.053265 ape=0.5613
[21:47:33] warmStart 82% (1942/2346) regret=0.053260 ape=0.5613
[21:47:33] warmStart 82% (1943/2346) regret=0.053260 ape=0.5613
[21:47:33] warmStart 82% (1944/2346) regret=0.053260 ape=0.5613
[21:47:33] warmStart 82% (1945/2346) regret=0.053260 ape=0.5613
[21:47:34] warmStart 82% (1946/2346) regret=0.053260 ape=0.5613
[21:47:34] warmStart 82% (1947/2346) regret=0.053260 ape=0.5613
[21:47:34] warmStart 83% (1948/2346) regret=0.053260 ape=0.5613
[21:47:34] warmStart 83% (1949/2346) regret=0.053260 ape=0.5613
[21:47:34] warmStart 83% (1950/2346) regret=0.053260 ape=0.5613
[21:47:34] warmStart 83% (1951/2346) regret=0.053260 ape=0.5613
[21:47:34] warmStart 83% (1952/2346) regret=0.053260 ape=0.5613
[21:47:35] warmStart 83% (1953/2346) regret=0.053260 ape=0.5613
[21:47:35] warmStart 83% (1954/2346) regret=0.053260 ape=0.5613
[21:47:35] warmStart 83% (1955/2346) regret=0.053260 ape=0.5613
[21:47:35] warmStart 83% (1956/2346) regret=0.053260 ape=0.5613
[21:47:35] warmStart 83% (1957/2346) regret=0.052596 ape=0.5613
[21:47:35] warmStart 83% (1958/2346) regret=0.052596 ape=0.5613
[21:47:36] warmStart 83% (1959/2346) regret=0.052385 ape=0.5613
[21:47:36] warmStart 83% (1960/2346) regret=0.052385 ape=0.5613
[21:47:36] warmStart 83% (1961/2346) regret=0.052385 ape=0.5613
[21:47:36] warmStart 83% (1962/2346) regret=0.052385 ape=0.5613
[21:47:36] warmStart 83% (1963/2346) regret=0.052385 ape=0.5613
[21:47:36] warmStart 83% (1964/2346) regret=0.052390 ape=0.5613
[21:47:36] warmStart 83% (1965/2346) regret=0.052390 ape=0.5613
[21:47:37] warmStart 83% (1966/2346) regret=0.052388 ape=0.5613
[21:47:37] warmStart 83% (1967/2346) regret=0.052390 ape=0.5613
[21:47:37] warmStart 83% (1968/2346) regret=0.052390 ape=0.5613
[21:47:37] warmStart 83% (1969/2346) regret=0.052390 ape=0.5613
[21:47:37] warmStart 83% (1970/2346) regret=0.052390 ape=0.5613
[21:47:37] warmStart 84% (1971/2346) regret=0.052390 ape=0.5613
[21:47:37] warmStart 84% (1972/2346) regret=0.052390 ape=0.5613
[21:47:38] warmStart 84% (1973/2346) regret=0.052390 ape=0.5613
[21:47:38] warmStart 84% (1974/2346) regret=0.052390 ape=0.5613
[21:47:38] warmStart 84% (1975/2346) regret=0.052390 ape=0.5613
[21:47:38] warmStart 84% (1976/2346) regret=0.052390 ape=0.5613
[21:47:38] warmStart 84% (1977/2346) regret=0.052390 ape=0.5613
[21:47:38] warmStart 84% (1978/2346) regret=0.052390 ape=0.5613
[21:47:38] warmStart 84% (1979/2346) regret=0.052335 ape=0.5604
[21:47:39] warmStart 84% (1980/2346) regret=0.052335 ape=0.5604
[21:47:39] warmStart 84% (1981/2346) regret=0.052335 ape=0.5604
[21:47:39] warmStart 84% (1982/2346) regret=0.052335 ape=0.5604
[21:47:39] warmStart 84% (1983/2346) regret=0.052335 ape=0.5604
[21:47:39] warmStart 84% (1984/2346) regret=0.052335 ape=0.5604
[21:47:39] warmStart 84% (1985/2346) regret=0.052335 ape=0.5604
[21:47:39] warmStart 84% (1986/2346) regret=0.052335 ape=0.5604
[21:47:40] warmStart 84% (1987/2346) regret=0.052335 ape=0.5604
[21:47:40] warmStart 84% (1988/2346) regret=0.052335 ape=0.5604
[21:47:40] warmStart 84% (1989/2346) regret=0.052335 ape=0.5604
[21:47:40] warmStart 84% (1990/2346) regret=0.052335 ape=0.5604
[21:47:40] warmStart 84% (1991/2346) regret=0.052335 ape=0.5604
[21:47:40] warmStart 84% (1992/2346) regret=0.052335 ape=0.5604
[21:47:40] warmStart 84% (1993/2346) regret=0.052335 ape=0.5604
[21:47:41] warmStart 84% (1994/2346) regret=0.052335 ape=0.5604
[21:47:41] warmStart 85% (1995/2346) regret=0.052335 ape=0.5604
[21:47:41] warmStart 85% (1996/2346) regret=0.052335 ape=0.5604
[21:47:41] warmStart 85% (1997/2346) regret=0.052335 ape=0.5604
[21:47:41] warmStart 85% (1998/2346) regret=0.052335 ape=0.5604
[21:47:41] warmStart 85% (1999/2346) regret=0.052394 ape=0.5613
[21:47:41] warmStart 85% (2000/2346) regret=0.052394 ape=0.5613
[21:47:42] warmStart 85% (2001/2346) regret=0.052378 ape=0.5613
[21:47:42] warmStart 85% (2002/2346) regret=0.052378 ape=0.5613
[21:47:42] warmStart 85% (2003/2346) regret=0.052378 ape=0.5613
[21:47:42] warmStart 85% (2004/2346) regret=0.052378 ape=0.5613
[21:47:42] warmStart 85% (2005/2346) regret=0.052378 ape=0.5613
[21:47:42] warmStart 85% (2006/2346) regret=0.052378 ape=0.5613
[21:47:43] warmStart 85% (2007/2346) regret=0.052378 ape=0.5613
[21:47:43] warmStart 85% (2008/2346) regret=0.052212 ape=0.5613
[21:47:43] warmStart 85% (2009/2346) regret=0.052212 ape=0.5613
[21:47:43] warmStart 85% (2010/2346) regret=0.052212 ape=0.5613
[21:47:43] warmStart 85% (2011/2346) regret=0.052212 ape=0.5613
[21:47:43] warmStart 85% (2012/2346) regret=0.052212 ape=0.5613
[21:47:43] warmStart 85% (2013/2346) regret=0.052212 ape=0.5613
[21:47:44] warmStart 85% (2014/2346) regret=0.052203 ape=0.5604
[21:47:44] warmStart 85% (2015/2346) regret=0.052203 ape=0.5604
[21:47:44] warmStart 85% (2016/2346) regret=0.052203 ape=0.5604
[21:47:44] warmStart 85% (2017/2346) regret=0.052203 ape=0.5604
[21:47:44] warmStart 86% (2018/2346) regret=0.051494 ape=0.5604
[21:47:44] warmStart 86% (2019/2346) regret=0.051494 ape=0.5604
[21:47:45] warmStart 86% (2020/2346) regret=0.051494 ape=0.5604
[21:47:45] warmStart 86% (2021/2346) regret=0.051494 ape=0.5604
[21:47:45] warmStart 86% (2022/2346) regret=0.051494 ape=0.5604
[21:47:45] warmStart 86% (2023/2346) regret=0.051494 ape=0.5604
[21:47:45] warmStart 86% (2024/2346) regret=0.051494 ape=0.5604
[21:47:45] warmStart 86% (2025/2346) regret=0.051494 ape=0.5604
[21:47:45] warmStart 86% (2026/2346) regret=0.051494 ape=0.5604
[21:47:46] warmStart 86% (2027/2346) regret=0.051494 ape=0.5604
[21:47:46] warmStart 86% (2028/2346) regret=0.051494 ape=0.5604
[21:47:46] warmStart 86% (2029/2346) regret=0.051494 ape=0.5604
[21:47:46] warmStart 86% (2030/2346) regret=0.051494 ape=0.5604
[21:47:46] warmStart 86% (2031/2346) regret=0.051194 ape=0.5594
[21:47:46] warmStart 86% (2032/2346) regret=0.051194 ape=0.5594
[21:47:47] warmStart 86% (2033/2346) regret=0.051194 ape=0.5594
[21:47:47] warmStart 86% (2034/2346) regret=0.051194 ape=0.5594
[21:47:47] warmStart 86% (2035/2346) regret=0.051194 ape=0.5594
[21:47:47] warmStart 86% (2036/2346) regret=0.051194 ape=0.5594
[21:47:47] warmStart 86% (2037/2346) regret=0.051194 ape=0.5594
[21:47:47] warmStart 86% (2038/2346) regret=0.051194 ape=0.5594
[21:47:47] warmStart 86% (2039/2346) regret=0.051194 ape=0.5594
[21:47:48] warmStart 86% (2040/2346) regret=0.051194 ape=0.5594
[21:47:48] warmStart 86% (2041/2346) regret=0.051194 ape=0.5594
[21:47:48] warmStart 87% (2042/2346) regret=0.051194 ape=0.5594
[21:47:48] warmStart 87% (2043/2346) regret=0.051194 ape=0.5594
[21:47:48] warmStart 87% (2044/2346) regret=0.051194 ape=0.5594
[21:47:48] warmStart 87% (2045/2346) regret=0.051194 ape=0.5594
[21:47:49] warmStart 87% (2046/2346) regret=0.051194 ape=0.5594
[21:47:49] warmStart 87% (2047/2346) regret=0.051194 ape=0.5594
[21:47:49] warmStart 87% (2048/2346) regret=0.051194 ape=0.5594
[21:47:49] warmStart 87% (2049/2346) regret=0.051194 ape=0.5594
[21:47:49] warmStart 87% (2050/2346) regret=0.051194 ape=0.5594
[21:47:49] warmStart 87% (2051/2346) regret=0.051194 ape=0.5594
[21:47:49] warmStart 87% (2052/2346) regret=0.051194 ape=0.5594
[21:47:50] warmStart 87% (2053/2346) regret=0.051194 ape=0.5594
[21:47:50] warmStart 87% (2054/2346) regret=0.051194 ape=0.5594
[21:47:50] warmStart 87% (2055/2346) regret=0.051194 ape=0.5594
[21:47:50] warmStart 87% (2056/2346) regret=0.051194 ape=0.5594
[21:47:50] warmStart 87% (2057/2346) regret=0.051194 ape=0.5594
[21:47:50] warmStart 87% (2058/2346) regret=0.051194 ape=0.5594
[21:47:50] warmStart 87% (2059/2346) regret=0.051194 ape=0.5594
[21:47:51] warmStart 87% (2060/2346) regret=0.051194 ape=0.5594
[21:47:51] warmStart 87% (2061/2346) regret=0.051222 ape=0.5594
[21:47:51] warmStart 87% (2062/2346) regret=0.050936 ape=0.5585
[21:47:51] warmStart 87% (2063/2346) regret=0.050858 ape=0.5576
[21:47:51] warmStart 87% (2064/2346) regret=0.050858 ape=0.5576
[21:47:51] warmStart 88% (2065/2346) regret=0.050858 ape=0.5576
[21:47:52] warmStart 88% (2066/2346) regret=0.050858 ape=0.5576
[21:47:52] warmStart 88% (2067/2346) regret=0.050858 ape=0.5576
[21:47:52] warmStart 88% (2068/2346) regret=0.050858 ape=0.5576
[21:47:52] warmStart 88% (2069/2346) regret=0.050858 ape=0.5576
[21:47:52] warmStart 88% (2070/2346) regret=0.050858 ape=0.5576
[21:47:52] warmStart 88% (2071/2346) regret=0.050858 ape=0.5576
[21:47:52] warmStart 88% (2072/2346) regret=0.050858 ape=0.5576
[21:47:53] warmStart 88% (2073/2346) regret=0.050814 ape=0.5567
[21:47:53] warmStart 88% (2074/2346) regret=0.050814 ape=0.5567
[21:47:53] warmStart 88% (2075/2346) regret=0.050814 ape=0.5567
[21:47:53] warmStart 88% (2076/2346) regret=0.050814 ape=0.5567
[21:47:53] warmStart 88% (2077/2346) regret=0.050830 ape=0.5567
[21:47:53] warmStart 88% (2078/2346) regret=0.050815 ape=0.5567
[21:47:53] warmStart 88% (2079/2346) regret=0.050815 ape=0.5567
[21:47:54] warmStart 88% (2080/2346) regret=0.050898 ape=0.5567
[21:47:54] warmStart 88% (2081/2346) regret=0.050954 ape=0.5567
[21:47:54] warmStart 88% (2082/2346) regret=0.050972 ape=0.5567
[21:47:54] warmStart 88% (2083/2346) regret=0.050972 ape=0.5567
[21:47:54] warmStart 88% (2084/2346) regret=0.050972 ape=0.5567
[21:47:54] warmStart 88% (2085/2346) regret=0.050970 ape=0.5567
[21:47:54] warmStart 88% (2086/2346) regret=0.050900 ape=0.5567
[21:47:55] warmStart 88% (2087/2346) regret=0.050964 ape=0.5567
[21:47:55] warmStart 89% (2088/2346) regret=0.050964 ape=0.5567
[21:47:55] warmStart 89% (2089/2346) regret=0.050964 ape=0.5567
[21:47:55] warmStart 89% (2090/2346) regret=0.050964 ape=0.5567
[21:47:55] warmStart 89% (2091/2346) regret=0.051116 ape=0.5567
[21:47:55] warmStart 89% (2092/2346) regret=0.050964 ape=0.5567
[21:47:56] warmStart 89% (2093/2346) regret=0.050964 ape=0.5567
[21:47:56] warmStart 89% (2094/2346) regret=0.050964 ape=0.5567
[21:47:56] warmStart 89% (2095/2346) regret=0.050964 ape=0.5567
[21:47:56] warmStart 89% (2096/2346) regret=0.050964 ape=0.5567
[21:47:56] warmStart 89% (2097/2346) regret=0.050964 ape=0.5567
[21:47:56] warmStart 89% (2098/2346) regret=0.050964 ape=0.5567
[21:47:56] warmStart 89% (2099/2346) regret=0.050964 ape=0.5567
[21:47:57] warmStart 89% (2100/2346) regret=0.050964 ape=0.5567
[21:47:57] warmStart 89% (2101/2346) regret=0.050964 ape=0.5567
[21:47:57] warmStart 89% (2102/2346) regret=0.050964 ape=0.5567
[21:47:57] warmStart 89% (2103/2346) regret=0.050970 ape=0.5567
[21:47:57] warmStart 89% (2104/2346) regret=0.050970 ape=0.5567
[21:47:57] warmStart 89% (2105/2346) regret=0.050970 ape=0.5567
[21:47:57] warmStart 89% (2106/2346) regret=0.050970 ape=0.5567
[21:47:58] warmStart 89% (2107/2346) regret=0.050970 ape=0.5567
[21:47:58] warmStart 89% (2108/2346) regret=0.050965 ape=0.5567
[21:47:58] warmStart 89% (2109/2346) regret=0.050965 ape=0.5567
[21:47:58] warmStart 89% (2110/2346) regret=0.050965 ape=0.5567
[21:47:58] warmStart 89% (2111/2346) regret=0.050965 ape=0.5567
[21:47:58] warmStart 90% (2112/2346) regret=0.050965 ape=0.5567
[21:47:58] warmStart 90% (2113/2346) regret=0.050965 ape=0.5567
[21:47:59] warmStart 90% (2114/2346) regret=0.050965 ape=0.5567
[21:47:59] warmStart 90% (2115/2346) regret=0.050965 ape=0.5567
[21:47:59] warmStart 90% (2116/2346) regret=0.050965 ape=0.5567
[21:47:59] warmStart 90% (2117/2346) regret=0.050965 ape=0.5567
[21:47:59] warmStart 90% (2118/2346) regret=0.050965 ape=0.5567
[21:47:59] warmStart 90% (2119/2346) regret=0.050965 ape=0.5567
[21:47:59] warmStart 90% (2120/2346) regret=0.050965 ape=0.5567
[21:48:00] warmStart 90% (2121/2346) regret=0.050965 ape=0.5567
[21:48:00] warmStart 90% (2122/2346) regret=0.051024 ape=0.5576
[21:48:00] warmStart 90% (2123/2346) regret=0.051024 ape=0.5576
[21:48:00] warmStart 90% (2124/2346) regret=0.051009 ape=0.5576
[21:48:00] warmStart 90% (2125/2346) regret=0.051009 ape=0.5576
[21:48:00] warmStart 90% (2126/2346) regret=0.051009 ape=0.5576
[21:48:00] warmStart 90% (2127/2346) regret=0.051009 ape=0.5576
[21:48:01] warmStart 90% (2128/2346) regret=0.051009 ape=0.5576
[21:48:01] warmStart 90% (2129/2346) regret=0.051009 ape=0.5576
[21:48:01] warmStart 90% (2130/2346) regret=0.051009 ape=0.5576
[21:48:01] warmStart 90% (2131/2346) regret=0.051009 ape=0.5576
[21:48:01] warmStart 90% (2132/2346) regret=0.051009 ape=0.5576
[21:48:01] warmStart 90% (2133/2346) regret=0.051083 ape=0.5576
[21:48:02] warmStart 90% (2134/2346) regret=0.051083 ape=0.5576
[21:48:02] warmStart 91% (2135/2346) regret=0.051083 ape=0.5576
[21:48:02] warmStart 91% (2136/2346) regret=0.051083 ape=0.5576
[21:48:02] warmStart 91% (2137/2346) regret=0.051083 ape=0.5576
[21:48:02] warmStart 91% (2138/2346) regret=0.051083 ape=0.5576
[21:48:02] warmStart 91% (2139/2346) regret=0.051083 ape=0.5576
[21:48:02] warmStart 91% (2140/2346) regret=0.051083 ape=0.5576
[21:48:03] warmStart 91% (2141/2346) regret=0.051083 ape=0.5576
[21:48:03] warmStart 91% (2142/2346) regret=0.051083 ape=0.5576
[21:48:03] warmStart 91% (2143/2346) regret=0.051083 ape=0.5576
[21:48:03] warmStart 91% (2144/2346) regret=0.051083 ape=0.5576
[21:48:03] warmStart 91% (2145/2346) regret=0.051083 ape=0.5576
[21:48:03] warmStart 91% (2146/2346) regret=0.051083 ape=0.5576
[21:48:04] warmStart 91% (2147/2346) regret=0.051083 ape=0.5576
[21:48:04] warmStart 91% (2148/2346) regret=0.051083 ape=0.5576
[21:48:04] warmStart 91% (2149/2346) regret=0.051083 ape=0.5576
[21:48:04] warmStart 91% (2150/2346) regret=0.051083 ape=0.5576
[21:48:04] warmStart 91% (2151/2346) regret=0.051083 ape=0.5576
[21:48:04] warmStart 91% (2152/2346) regret=0.051092 ape=0.5576
[21:48:04] warmStart 91% (2153/2346) regret=0.051092 ape=0.5576
[21:48:05] warmStart 91% (2154/2346) regret=0.051092 ape=0.5576
[21:48:05] warmStart 91% (2155/2346) regret=0.051033 ape=0.5567
[21:48:05] warmStart 91% (2156/2346) regret=0.051048 ape=0.5567
[21:48:05] warmStart 91% (2157/2346) regret=0.051048 ape=0.5567
[21:48:05] warmStart 91% (2158/2346) regret=0.051048 ape=0.5567
[21:48:05] warmStart 92% (2159/2346) regret=0.051048 ape=0.5567
[21:48:05] warmStart 92% (2160/2346) regret=0.051048 ape=0.5567
[21:48:06] warmStart 92% (2161/2346) regret=0.051048 ape=0.5567
[21:48:06] warmStart 92% (2162/2346) regret=0.051048 ape=0.5567
[21:48:06] warmStart 92% (2163/2346) regret=0.051048 ape=0.5567
[21:48:06] warmStart 92% (2164/2346) regret=0.051048 ape=0.5567
[21:48:06] warmStart 92% (2165/2346) regret=0.051048 ape=0.5567
[21:48:06] warmStart 92% (2166/2346) regret=0.051048 ape=0.5567
[21:48:07] warmStart 92% (2167/2346) regret=0.051048 ape=0.5567
[21:48:07] warmStart 92% (2168/2346) regret=0.051048 ape=0.5567
[21:48:07] warmStart 92% (2169/2346) regret=0.051048 ape=0.5567
[21:48:07] warmStart 92% (2170/2346) regret=0.051048 ape=0.5567
[21:48:07] warmStart 92% (2171/2346) regret=0.051048 ape=0.5567
[21:48:07] warmStart 92% (2172/2346) regret=0.051048 ape=0.5567
[21:48:07] warmStart 92% (2173/2346) regret=0.051048 ape=0.5567
[21:48:08] warmStart 92% (2174/2346) regret=0.051048 ape=0.5567
[21:48:08] warmStart 92% (2175/2346) regret=0.051048 ape=0.5567
[21:48:08] warmStart 92% (2176/2346) regret=0.051043 ape=0.5567
[21:48:08] warmStart 92% (2177/2346) regret=0.051043 ape=0.5567
[21:48:08] warmStart 92% (2178/2346) regret=0.051043 ape=0.5567
[21:48:08] warmStart 92% (2179/2346) regret=0.051043 ape=0.5567
[21:48:08] warmStart 92% (2180/2346) regret=0.051043 ape=0.5567
[21:48:09] warmStart 92% (2181/2346) regret=0.051043 ape=0.5567
[21:48:09] warmStart 93% (2182/2346) regret=0.051043 ape=0.5567
[21:48:09] warmStart 93% (2183/2346) regret=0.051043 ape=0.5567
[21:48:09] warmStart 93% (2184/2346) regret=0.051043 ape=0.5567
[21:48:09] warmStart 93% (2185/2346) regret=0.051043 ape=0.5567
[21:48:09] warmStart 93% (2186/2346) regret=0.051043 ape=0.5567
[21:48:10] warmStart 93% (2187/2346) regret=0.051043 ape=0.5567
[21:48:10] warmStart 93% (2188/2346) regret=0.051043 ape=0.5567
[21:48:10] warmStart 93% (2189/2346) regret=0.051043 ape=0.5567
[21:48:10] warmStart 93% (2190/2346) regret=0.051043 ape=0.5567
[21:48:10] warmStart 93% (2191/2346) regret=0.051043 ape=0.5567
[21:48:10] warmStart 93% (2192/2346) regret=0.051043 ape=0.5567
[21:48:10] warmStart 93% (2193/2346) regret=0.051043 ape=0.5567
[21:48:11] warmStart 93% (2194/2346) regret=0.051043 ape=0.5567
[21:48:11] warmStart 93% (2195/2346) regret=0.051043 ape=0.5567
[21:48:11] warmStart 93% (2196/2346) regret=0.051043 ape=0.5567
[21:48:11] warmStart 93% (2197/2346) regret=0.050665 ape=0.5567
[21:48:11] warmStart 93% (2198/2346) regret=0.050665 ape=0.5567
[21:48:11] warmStart 93% (2199/2346) regret=0.050190 ape=0.5558
[21:48:11] warmStart 93% (2200/2346) regret=0.050190 ape=0.5558
[21:48:12] warmStart 93% (2201/2346) regret=0.050187 ape=0.5558
[21:48:12] warmStart 93% (2202/2346) regret=0.050135 ape=0.5548
[21:48:12] warmStart 93% (2203/2346) regret=0.050135 ape=0.5548
[21:48:12] warmStart 93% (2204/2346) regret=0.050264 ape=0.5558
[21:48:12] warmStart 93% (2205/2346) regret=0.050259 ape=0.5558
[21:48:12] warmStart 94% (2206/2346) regret=0.050264 ape=0.5558
[21:48:12] warmStart 94% (2207/2346) regret=0.050264 ape=0.5558
[21:48:13] warmStart 94% (2208/2346) regret=0.050264 ape=0.5558
[21:48:13] warmStart 94% (2209/2346) regret=0.050264 ape=0.5558
[21:48:13] warmStart 94% (2210/2346) regret=0.050264 ape=0.5558
[21:48:13] warmStart 94% (2211/2346) regret=0.050264 ape=0.5558
[21:48:13] warmStart 94% (2212/2346) regret=0.050264 ape=0.5558
[21:48:13] warmStart 94% (2213/2346) regret=0.050264 ape=0.5558
[21:48:13] warmStart 94% (2214/2346) regret=0.050264 ape=0.5558
[21:48:14] warmStart 94% (2215/2346) regret=0.050269 ape=0.5558
[21:48:14] warmStart 94% (2216/2346) regret=0.050269 ape=0.5558
[21:48:14] warmStart 94% (2217/2346) regret=0.050269 ape=0.5558
[21:48:14] warmStart 94% (2218/2346) regret=0.050269 ape=0.5558
[21:48:14] warmStart 94% (2219/2346) regret=0.050232 ape=0.5558
[21:48:14] warmStart 94% (2220/2346) regret=0.050232 ape=0.5558
[21:48:15] warmStart 94% (2221/2346) regret=0.050232 ape=0.5558
[21:48:15] warmStart 94% (2222/2346) regret=0.050232 ape=0.5558
[21:48:15] warmStart 94% (2223/2346) regret=0.050232 ape=0.5558
[21:48:15] warmStart 94% (2224/2346) regret=0.050110 ape=0.5558
[21:48:15] warmStart 94% (2225/2346) regret=0.050110 ape=0.5558
[21:48:15] warmStart 94% (2226/2346) regret=0.050110 ape=0.5558
[21:48:15] warmStart 94% (2227/2346) regret=0.050110 ape=0.5558
[21:48:16] warmStart 94% (2228/2346) regret=0.050110 ape=0.5558
[21:48:16] warmStart 95% (2229/2346) regret=0.050110 ape=0.5558
[21:48:16] warmStart 95% (2230/2346) regret=0.050110 ape=0.5558
[21:48:16] warmStart 95% (2231/2346) regret=0.050107 ape=0.5558
[21:48:16] warmStart 95% (2232/2346) regret=0.050151 ape=0.5567
[21:48:16] warmStart 95% (2233/2346) regret=0.050151 ape=0.5567
[21:48:16] warmStart 95% (2234/2346) regret=0.050151 ape=0.5567
[21:48:17] warmStart 95% (2235/2346) regret=0.050151 ape=0.5567
[21:48:17] warmStart 95% (2236/2346) regret=0.050151 ape=0.5567
[21:48:17] warmStart 95% (2237/2346) regret=0.050151 ape=0.5567
[21:48:17] warmStart 95% (2238/2346) regret=0.050151 ape=0.5567
[21:48:17] warmStart 95% (2239/2346) regret=0.050151 ape=0.5567
[21:48:17] warmStart 95% (2240/2346) regret=0.050151 ape=0.5567
[21:48:18] warmStart 95% (2241/2346) regret=0.050151 ape=0.5567
[21:48:18] warmStart 95% (2242/2346) regret=0.050151 ape=0.5567
[21:48:18] warmStart 95% (2243/2346) regret=0.050151 ape=0.5567
[21:48:18] warmStart 95% (2244/2346) regret=0.050151 ape=0.5567
[21:48:18] warmStart 95% (2245/2346) regret=0.049967 ape=0.5567
[21:48:18] warmStart 95% (2246/2346) regret=0.049967 ape=0.5567
[21:48:18] warmStart 95% (2247/2346) regret=0.049967 ape=0.5567
[21:48:19] warmStart 95% (2248/2346) regret=0.049967 ape=0.5567
[21:48:19] warmStart 95% (2249/2346) regret=0.049967 ape=0.5567
[21:48:19] warmStart 95% (2250/2346) regret=0.049967 ape=0.5567
[21:48:19] warmStart 95% (2251/2346) regret=0.049893 ape=0.5567
[21:48:19] warmStart 95% (2252/2346) regret=0.049663 ape=0.5567
[21:48:19] warmStart 96% (2253/2346) regret=0.049663 ape=0.5567
[21:48:20] warmStart 96% (2254/2346) regret=0.049663 ape=0.5567
[21:48:20] warmStart 96% (2255/2346) regret=0.049663 ape=0.5567
[21:48:20] warmStart 96% (2256/2346) regret=0.049663 ape=0.5567
[21:48:20] warmStart 96% (2257/2346) regret=0.049663 ape=0.5567
[21:48:20] warmStart 96% (2258/2346) regret=0.049663 ape=0.5567
[21:48:20] warmStart 96% (2259/2346) regret=0.049663 ape=0.5567
[21:48:20] warmStart 96% (2260/2346) regret=0.049563 ape=0.5558
[21:48:21] warmStart 96% (2261/2346) regret=0.049563 ape=0.5558
[21:48:21] warmStart 96% (2262/2346) regret=0.049563 ape=0.5558
[21:48:21] warmStart 96% (2263/2346) regret=0.049563 ape=0.5558
[21:48:21] warmStart 96% (2264/2346) regret=0.049582 ape=0.5558
[21:48:21] warmStart 96% (2265/2346) regret=0.049582 ape=0.5558
[21:48:21] warmStart 96% (2266/2346) regret=0.049577 ape=0.5558
[21:48:21] warmStart 96% (2267/2346) regret=0.049577 ape=0.5558
[21:48:22] warmStart 96% (2268/2346) regret=0.049577 ape=0.5558
[21:48:22] warmStart 96% (2269/2346) regret=0.049577 ape=0.5558
[21:48:22] warmStart 96% (2270/2346) regret=0.049577 ape=0.5558
[21:48:22] warmStart 96% (2271/2346) regret=0.049577 ape=0.5558
[21:48:22] warmStart 96% (2272/2346) regret=0.049581 ape=0.5558
[21:48:22] warmStart 96% (2273/2346) regret=0.049581 ape=0.5558
[21:48:22] warmStart 96% (2274/2346) regret=0.049581 ape=0.5558
[21:48:23] warmStart 96% (2275/2346) regret=0.049581 ape=0.5558
[21:48:23] warmStart 97% (2276/2346) regret=0.049581 ape=0.5558
[21:48:23] warmStart 97% (2277/2346) regret=0.049581 ape=0.5558
[21:48:23] warmStart 97% (2278/2346) regret=0.049581 ape=0.5558
[21:48:23] warmStart 97% (2279/2346) regret=0.049581 ape=0.5558
[21:48:23] warmStart 97% (2280/2346) regret=0.049581 ape=0.5558
[21:48:24] warmStart 97% (2281/2346) regret=0.049581 ape=0.5558
[21:48:24] warmStart 97% (2282/2346) regret=0.049581 ape=0.5558
[21:48:24] warmStart 97% (2283/2346) regret=0.049581 ape=0.5558
[21:48:24] warmStart 97% (2284/2346) regret=0.049581 ape=0.5558
[21:48:24] warmStart 97% (2285/2346) regret=0.049581 ape=0.5558
[21:48:24] warmStart 97% (2286/2346) regret=0.049587 ape=0.5558
[21:48:24] warmStart 97% (2287/2346) regret=0.049587 ape=0.5558
[21:48:25] warmStart 97% (2288/2346) regret=0.049587 ape=0.5558
[21:48:25] warmStart 97% (2289/2346) regret=0.049587 ape=0.5558
[21:48:25] warmStart 97% (2290/2346) regret=0.049587 ape=0.5558
[21:48:25] warmStart 97% (2291/2346) regret=0.049587 ape=0.5558
[21:48:25] warmStart 97% (2292/2346) regret=0.049587 ape=0.5558
[21:48:25] warmStart 97% (2293/2346) regret=0.049587 ape=0.5558
[21:48:25] warmStart 97% (2294/2346) regret=0.049587 ape=0.5558
[21:48:26] warmStart 97% (2295/2346) regret=0.049587 ape=0.5558
[21:48:26] warmStart 97% (2296/2346) regret=0.049587 ape=0.5558
[21:48:26] warmStart 97% (2297/2346) regret=0.049587 ape=0.5558
[21:48:26] warmStart 97% (2298/2346) regret=0.049587 ape=0.5558
[21:48:26] warmStart 97% (2299/2346) regret=0.049587 ape=0.5558
[21:48:26] warmStart 98% (2300/2346) regret=0.049457 ape=0.5548
[21:48:26] warmStart 98% (2301/2346) regret=0.049457 ape=0.5548
[21:48:27] warmStart 98% (2302/2346) regret=0.049457 ape=0.5548
[21:48:27] warmStart 98% (2303/2346) regret=0.049457 ape=0.5548
[21:48:27] warmStart 98% (2304/2346) regret=0.049457 ape=0.5548
[21:48:27] warmStart 98% (2305/2346) regret=0.049457 ape=0.5548
[21:48:27] warmStart 98% (2306/2346) regret=0.049457 ape=0.5548
[21:48:27] warmStart 98% (2307/2346) regret=0.049457 ape=0.5548
[21:48:27] warmStart 98% (2308/2346) regret=0.049457 ape=0.5548
[21:48:28] warmStart 98% (2309/2346) regret=0.049457 ape=0.5548
[21:48:28] warmStart 98% (2310/2346) regret=0.049457 ape=0.5548
[21:48:28] warmStart 98% (2311/2346) regret=0.049402 ape=0.5539
[21:48:28] warmStart 98% (2312/2346) regret=0.049402 ape=0.5539
[21:48:28] warmStart 98% (2313/2346) regret=0.049402 ape=0.5539
[21:48:28] warmStart 98% (2314/2346) regret=0.049402 ape=0.5539
[21:48:29] warmStart 98% (2315/2346) regret=0.049402 ape=0.5539
[21:48:29] warmStart 98% (2316/2346) regret=0.049402 ape=0.5539
[21:48:29] warmStart 98% (2317/2346) regret=0.049402 ape=0.5539
[21:48:29] warmStart 98% (2318/2346) regret=0.049402 ape=0.5539
[21:48:29] warmStart 98% (2319/2346) regret=0.049402 ape=0.5539
[21:48:29] warmStart 98% (2320/2346) regret=0.049402 ape=0.5539
[21:48:29] warmStart 98% (2321/2346) regret=0.049402 ape=0.5539
[21:48:30] warmStart 98% (2322/2346) regret=0.049402 ape=0.5539
[21:48:30] warmStart 99% (2323/2346) regret=0.049402 ape=0.5539
[21:48:30] warmStart 99% (2324/2346) regret=0.049384 ape=0.5530
[21:48:30] warmStart 99% (2325/2346) regret=0.049384 ape=0.5530
[21:48:30] warmStart 99% (2326/2346) regret=0.049605 ape=0.5530
[21:48:30] warmStart 99% (2327/2346) regret=0.049430 ape=0.5530
[21:48:30] warmStart 99% (2328/2346) regret=0.049430 ape=0.5530
[21:48:31] warmStart 99% (2329/2346) regret=0.049430 ape=0.5530
[21:48:31] warmStart 99% (2330/2346) regret=0.049430 ape=0.5530
[21:48:31] warmStart 99% (2331/2346) regret=0.049430 ape=0.5530
[21:48:31] warmStart 99% (2332/2346) regret=0.049430 ape=0.5530
[21:48:31] warmStart 99% (2333/2346) regret=0.049430 ape=0.5530
[21:48:31] warmStart 99% (2334/2346) regret=0.049430 ape=0.5530
[21:48:31] warmStart 99% (2335/2346) regret=0.049430 ape=0.5530
[21:48:32] warmStart 99% (2336/2346) regret=0.049430 ape=0.5530
[21:48:32] warmStart 99% (2337/2346) regret=0.049430 ape=0.5530
[21:48:32] warmStart 99% (2338/2346) regret=0.049430 ape=0.5530
[21:48:32] warmStart 99% (2339/2346) regret=0.049430 ape=0.5530
[21:48:32] warmStart 99% (2340/2346) regret=0.049432 ape=0.5530
[21:48:32] warmStart 99% (2341/2346) regret=0.049432 ape=0.5530
[21:48:33] warmStart 99% (2342/2346) regret=0.049441 ape=0.5530
[21:48:33] warmStart 99% (2343/2346) regret=0.049441 ape=0.5530
[21:48:33] warmStart 99% (2344/2346) regret=0.049441 ape=0.5530
Warm w=5 finished: 2345 points, 347.72s wall time
  Final: regret=0.049441, ape=0.5530

Saved JSON: /home/users/g/s/gsavary/LudiiMCTSVariations/slurm_sweep_full_dataset/results_20260425_214212/sweep_warm_5_2_20260425_214833.json

Generating plots...
Saved regret plot: /home/users/g/s/gsavary/LudiiMCTSVariations/slurm_sweep_full_dataset/results_20260425_214212/sweep_warm_5_2_20260425_214833_regret.png
Saved APE plot: /home/users/g/s/gsavary/LudiiMCTSVariations/slurm_sweep_full_dataset/results_20260425_214212/sweep_warm_5_2_20260425_214833_ape.png

======================================================================
EXPERIMENT COMPLETE
======================================================================
Results saved to: /home/users/g/s/gsavary/LudiiMCTSVariations/slurm_sweep_full_dataset/results_20260425_214212
JSON file: sweep_warm_5_2_20260425_214833.json
Experiment finished. Results saved to: /home/users/g/s/gsavary/LudiiMCTSVariations/slurm_sweep_full_dataset/results_20260425_214212
