Starting experiment...
Project root: /home/users/g/s/gsavary/LudiiMCTSVariations
Method: warm:50
Output dir: /home/users/g/s/gsavary/LudiiMCTSVariations/slurm_sweep_full_dataset/results_20260425_144938
Seed: 2
Time limit:  seconds


======================================================================
SLURM Sweep Experiment - Single Method
======================================================================
Method: warm:50
Time limit: 7200.0s, Seed: 2, Batch size: 20
Output directory: /home/users/g/s/gsavary/LudiiMCTSVariations/slurm_sweep_full_dataset/results_20260425_144938

Loading Ludii dataset...
Loaded 1085 games
Using 1085 games (full dataset, no subsampling)

Running timing probe (100 pulls)...
  Estimated secs/pull: 0.023568

Time budget: 7200.0s → ~305493 total pulls
Per-method budget: 43641 pulls (~1028.6s)

Computing predictor-only performance...
  Predictions load failed: 118

Running WARM-START (w=50)...
[14:50:04] warmStart 0% (0/2183) regret=0.135757 ape=0.7060
[14:50:04] warmStart 0% (1/2183) regret=0.135771 ape=0.7069
[14:50:04] warmStart 0% (2/2183) regret=0.135736 ape=0.7069
[14:50:05] warmStart 0% (3/2183) regret=0.135726 ape=0.7069
[14:50:05] warmStart 0% (4/2183) regret=0.134947 ape=0.7051
[14:50:05] warmStart 0% (5/2183) regret=0.134975 ape=0.7051
[14:50:05] warmStart 0% (6/2183) regret=0.134975 ape=0.7051
[14:50:05] warmStart 0% (7/2183) regret=0.135067 ape=0.7051
[14:50:05] warmStart 0% (8/2183) regret=0.134721 ape=0.7051
[14:50:06] warmStart 0% (9/2183) regret=0.134859 ape=0.7060
[14:50:06] warmStart 0% (10/2183) regret=0.133072 ape=0.7041
[14:50:06] warmStart 0% (11/2183) regret=0.132901 ape=0.7032
[14:50:06] warmStart 0% (12/2183) regret=0.132600 ape=0.7032
[14:50:06] warmStart 0% (13/2183) regret=0.131996 ape=0.7023
[14:50:07] warmStart 0% (14/2183) regret=0.131996 ape=0.7023
[14:50:07] warmStart 0% (15/2183) regret=0.130351 ape=0.7005
[14:50:07] warmStart 0% (16/2183) regret=0.130079 ape=0.6995
[14:50:07] warmStart 0% (17/2183) regret=0.128886 ape=0.6995
[14:50:07] warmStart 0% (18/2183) regret=0.128373 ape=0.6995
[14:50:08] warmStart 0% (19/2183) regret=0.128381 ape=0.7005
[14:50:08] warmStart 0% (20/2183) regret=0.128163 ape=0.7005
[14:50:08] warmStart 0% (21/2183) regret=0.128080 ape=0.6995
[14:50:08] warmStart 1% (22/2183) regret=0.128080 ape=0.6995
[14:50:08] warmStart 1% (23/2183) regret=0.127186 ape=0.6986
[14:50:08] warmStart 1% (24/2183) regret=0.127213 ape=0.6977
[14:50:09] warmStart 1% (25/2183) regret=0.127186 ape=0.6977
[14:50:09] warmStart 1% (26/2183) regret=0.126978 ape=0.6977
[14:50:09] warmStart 1% (27/2183) regret=0.126858 ape=0.6968
[14:50:09] warmStart 1% (28/2183) regret=0.126653 ape=0.6968
[14:50:09] warmStart 1% (29/2183) regret=0.126358 ape=0.6959
[14:50:10] warmStart 1% (30/2183) regret=0.126358 ape=0.6959
[14:50:10] warmStart 1% (31/2183) regret=0.126358 ape=0.6959
[14:50:10] warmStart 1% (32/2183) regret=0.126358 ape=0.6959
[14:50:10] warmStart 1% (33/2183) regret=0.125582 ape=0.6940
[14:50:10] warmStart 1% (34/2183) regret=0.125582 ape=0.6940
[14:50:11] warmStart 1% (35/2183) regret=0.125292 ape=0.6940
[14:50:11] warmStart 1% (36/2183) regret=0.125292 ape=0.6940
[14:50:11] warmStart 1% (37/2183) regret=0.125393 ape=0.6940
[14:50:11] warmStart 1% (38/2183) regret=0.125393 ape=0.6940
[14:50:11] warmStart 1% (39/2183) regret=0.125131 ape=0.6931
[14:50:12] warmStart 1% (40/2183) regret=0.124472 ape=0.6931
[14:50:12] warmStart 1% (41/2183) regret=0.124472 ape=0.6931
[14:50:12] warmStart 1% (42/2183) regret=0.124472 ape=0.6931
[14:50:12] warmStart 1% (43/2183) regret=0.124180 ape=0.6931
[14:50:12] warmStart 2% (44/2183) regret=0.124180 ape=0.6931
[14:50:13] warmStart 2% (45/2183) regret=0.124180 ape=0.6931
[14:50:13] warmStart 2% (46/2183) regret=0.124180 ape=0.6931
[14:50:13] warmStart 2% (47/2183) regret=0.124180 ape=0.6931
[14:50:13] warmStart 2% (48/2183) regret=0.124180 ape=0.6931
[14:50:13] warmStart 2% (49/2183) regret=0.123395 ape=0.6912
[14:50:13] warmStart 2% (50/2183) regret=0.122717 ape=0.6903
[14:50:14] warmStart 2% (51/2183) regret=0.122342 ape=0.6903
[14:50:14] warmStart 2% (52/2183) regret=0.121828 ape=0.6885
[14:50:14] warmStart 2% (53/2183) regret=0.121213 ape=0.6876
[14:50:14] warmStart 2% (54/2183) regret=0.119218 ape=0.6866
[14:50:14] warmStart 2% (55/2183) regret=0.117604 ape=0.6857
[14:50:15] warmStart 2% (56/2183) regret=0.117871 ape=0.6857
[14:50:15] warmStart 2% (57/2183) regret=0.117871 ape=0.6857
[14:50:15] warmStart 2% (58/2183) regret=0.117604 ape=0.6857
[14:50:15] warmStart 2% (59/2183) regret=0.117742 ape=0.6857
[14:50:15] warmStart 2% (60/2183) regret=0.117742 ape=0.6857
[14:50:16] warmStart 2% (61/2183) regret=0.117678 ape=0.6848
[14:50:16] warmStart 2% (62/2183) regret=0.117589 ape=0.6848
[14:50:16] warmStart 2% (63/2183) regret=0.117728 ape=0.6848
[14:50:16] warmStart 2% (64/2183) regret=0.116993 ape=0.6848
[14:50:16] warmStart 2% (65/2183) regret=0.115678 ape=0.6829
[14:50:17] warmStart 3% (66/2183) regret=0.115784 ape=0.6829
[14:50:17] warmStart 3% (67/2183) regret=0.115189 ape=0.6829
[14:50:17] warmStart 3% (68/2183) regret=0.115189 ape=0.6829
[14:50:17] warmStart 3% (69/2183) regret=0.114673 ape=0.6829
[14:50:17] warmStart 3% (70/2183) regret=0.114673 ape=0.6829
[14:50:18] warmStart 3% (71/2183) regret=0.112257 ape=0.6802
[14:50:18] warmStart 3% (72/2183) regret=0.111796 ape=0.6802
[14:50:18] warmStart 3% (73/2183) regret=0.111406 ape=0.6811
[14:50:18] warmStart 3% (74/2183) regret=0.111221 ape=0.6811
[14:50:18] warmStart 3% (75/2183) regret=0.110604 ape=0.6793
[14:50:19] warmStart 3% (76/2183) regret=0.110596 ape=0.6793
[14:50:19] warmStart 3% (77/2183) regret=0.110578 ape=0.6793
[14:50:19] warmStart 3% (78/2183) regret=0.109942 ape=0.6783
[14:50:19] warmStart 3% (79/2183) regret=0.108426 ape=0.6774
[14:50:19] warmStart 3% (80/2183) regret=0.107822 ape=0.6765
[14:50:20] warmStart 3% (81/2183) regret=0.107478 ape=0.6756
[14:50:20] warmStart 3% (82/2183) regret=0.107464 ape=0.6756
[14:50:20] warmStart 3% (83/2183) regret=0.106152 ape=0.6728
[14:50:20] warmStart 3% (84/2183) regret=0.105778 ape=0.6719
[14:50:20] warmStart 3% (85/2183) regret=0.105680 ape=0.6719
[14:50:21] warmStart 3% (86/2183) regret=0.105385 ape=0.6719
[14:50:21] warmStart 3% (87/2183) regret=0.105385 ape=0.6719
[14:50:21] warmStart 4% (88/2183) regret=0.104579 ape=0.6710
[14:50:21] warmStart 4% (89/2183) regret=0.104579 ape=0.6710
[14:50:21] warmStart 4% (90/2183) regret=0.104099 ape=0.6710
[14:50:22] warmStart 4% (91/2183) regret=0.103874 ape=0.6710
[14:50:22] warmStart 4% (92/2183) regret=0.103380 ape=0.6700
[14:50:22] warmStart 4% (93/2183) regret=0.103380 ape=0.6700
[14:50:22] warmStart 4% (94/2183) regret=0.103109 ape=0.6691
[14:50:22] warmStart 4% (95/2183) regret=0.103109 ape=0.6691
[14:50:23] warmStart 4% (96/2183) regret=0.102044 ape=0.6691
[14:50:23] warmStart 4% (97/2183) regret=0.101613 ape=0.6682
[14:50:23] warmStart 4% (98/2183) regret=0.100508 ape=0.6682
[14:50:23] warmStart 4% (99/2183) regret=0.100262 ape=0.6682
[14:50:24] warmStart 4% (100/2183) regret=0.099921 ape=0.6673
[14:50:24] warmStart 4% (101/2183) regret=0.099976 ape=0.6673
[14:50:24] warmStart 4% (102/2183) regret=0.099856 ape=0.6673
[14:50:24] warmStart 4% (103/2183) regret=0.099390 ape=0.6664
[14:50:24] warmStart 4% (104/2183) regret=0.099215 ape=0.6654
[14:50:25] warmStart 4% (105/2183) regret=0.097394 ape=0.6645
[14:50:25] warmStart 4% (106/2183) regret=0.097451 ape=0.6645
[14:50:25] warmStart 4% (107/2183) regret=0.097165 ape=0.6645
[14:50:25] warmStart 4% (108/2183) regret=0.096723 ape=0.6636
[14:50:25] warmStart 4% (109/2183) regret=0.096723 ape=0.6636
[14:50:26] warmStart 5% (110/2183) regret=0.096693 ape=0.6636
[14:50:26] warmStart 5% (111/2183) regret=0.096981 ape=0.6636
[14:50:26] warmStart 5% (112/2183) regret=0.096976 ape=0.6636
[14:50:26] warmStart 5% (113/2183) regret=0.096692 ape=0.6645
[14:50:26] warmStart 5% (114/2183) regret=0.096239 ape=0.6645
[14:50:26] warmStart 5% (115/2183) regret=0.096271 ape=0.6645
[14:50:27] warmStart 5% (116/2183) regret=0.096271 ape=0.6645
[14:50:27] warmStart 5% (117/2183) regret=0.095543 ape=0.6645
[14:50:27] warmStart 5% (118/2183) regret=0.094671 ape=0.6645
[14:50:27] warmStart 5% (119/2183) regret=0.094671 ape=0.6645
[14:50:27] warmStart 5% (120/2183) regret=0.094671 ape=0.6645
[14:50:28] warmStart 5% (121/2183) regret=0.093630 ape=0.6636
[14:50:28] warmStart 5% (122/2183) regret=0.093630 ape=0.6636
[14:50:28] warmStart 5% (123/2183) regret=0.093630 ape=0.6636
[14:50:28] warmStart 5% (124/2183) regret=0.092606 ape=0.6627
[14:50:29] warmStart 5% (125/2183) regret=0.092013 ape=0.6618
[14:50:29] warmStart 5% (126/2183) regret=0.092013 ape=0.6618
[14:50:29] warmStart 5% (127/2183) regret=0.091810 ape=0.6608
[14:50:29] warmStart 5% (128/2183) regret=0.091156 ape=0.6608
[14:50:29] warmStart 5% (129/2183) regret=0.090198 ape=0.6590
[14:50:30] warmStart 5% (130/2183) regret=0.090048 ape=0.6581
[14:50:30] warmStart 6% (131/2183) regret=0.090048 ape=0.6581
[14:50:30] warmStart 6% (132/2183) regret=0.089431 ape=0.6581
[14:50:30] warmStart 6% (133/2183) regret=0.089431 ape=0.6581
[14:50:30] warmStart 6% (134/2183) regret=0.089400 ape=0.6571
[14:50:30] warmStart 6% (135/2183) regret=0.089015 ape=0.6562
[14:50:31] warmStart 6% (136/2183) regret=0.089025 ape=0.6562
[14:50:31] warmStart 6% (137/2183) regret=0.088275 ape=0.6553
[14:50:31] warmStart 6% (138/2183) regret=0.087735 ape=0.6535
[14:50:31] warmStart 6% (139/2183) regret=0.087674 ape=0.6535
[14:50:32] warmStart 6% (140/2183) regret=0.087536 ape=0.6535
[14:50:32] warmStart 6% (141/2183) regret=0.087038 ape=0.6525
[14:50:32] warmStart 6% (142/2183) regret=0.086909 ape=0.6525
[14:50:32] warmStart 6% (143/2183) regret=0.087038 ape=0.6544
[14:50:32] warmStart 6% (144/2183) regret=0.086572 ape=0.6535
[14:50:33] warmStart 6% (145/2183) regret=0.086328 ape=0.6525
[14:50:33] warmStart 6% (146/2183) regret=0.086405 ape=0.6535
[14:50:33] warmStart 6% (147/2183) regret=0.086124 ape=0.6535
[14:50:33] warmStart 6% (148/2183) regret=0.086128 ape=0.6544
[14:50:33] warmStart 6% (149/2183) regret=0.086075 ape=0.6535
[14:50:34] warmStart 6% (150/2183) regret=0.086124 ape=0.6544
[14:50:34] warmStart 6% (151/2183) regret=0.085723 ape=0.6535
[14:50:34] warmStart 6% (152/2183) regret=0.085588 ape=0.6525
[14:50:34] warmStart 7% (153/2183) regret=0.085302 ape=0.6525
[14:50:34] warmStart 7% (154/2183) regret=0.085058 ape=0.6525
[14:50:35] warmStart 7% (155/2183) regret=0.084359 ape=0.6507
[14:50:35] warmStart 7% (156/2183) regret=0.084395 ape=0.6507
[14:50:35] warmStart 7% (157/2183) regret=0.083813 ape=0.6488
[14:50:35] warmStart 7% (158/2183) regret=0.083458 ape=0.6488
[14:50:35] warmStart 7% (159/2183) regret=0.082910 ape=0.6488
[14:50:36] warmStart 7% (160/2183) regret=0.082880 ape=0.6488
[14:50:36] warmStart 7% (161/2183) regret=0.082398 ape=0.6479
[14:50:36] warmStart 7% (162/2183) regret=0.082568 ape=0.6498
[14:50:36] warmStart 7% (163/2183) regret=0.082566 ape=0.6498
[14:50:37] warmStart 7% (164/2183) regret=0.082566 ape=0.6498
[14:50:37] warmStart 7% (165/2183) regret=0.082179 ape=0.6488
[14:50:37] warmStart 7% (166/2183) regret=0.081524 ape=0.6479
[14:50:37] warmStart 7% (167/2183) regret=0.080990 ape=0.6470
[14:50:37] warmStart 7% (168/2183) regret=0.081031 ape=0.6470
[14:50:38] warmStart 7% (169/2183) regret=0.080547 ape=0.6470
[14:50:38] warmStart 7% (170/2183) regret=0.080547 ape=0.6470
[14:50:38] warmStart 7% (171/2183) regret=0.079994 ape=0.6461
[14:50:38] warmStart 7% (172/2183) regret=0.079828 ape=0.6461
[14:50:38] warmStart 7% (173/2183) regret=0.079624 ape=0.6452
[14:50:39] warmStart 7% (174/2183) regret=0.079710 ape=0.6461
[14:50:39] warmStart 8% (175/2183) regret=0.079747 ape=0.6461
[14:50:39] warmStart 8% (176/2183) regret=0.079505 ape=0.6442
[14:50:39] warmStart 8% (177/2183) regret=0.078298 ape=0.6433
[14:50:39] warmStart 8% (178/2183) regret=0.078136 ape=0.6424
[14:50:40] warmStart 8% (179/2183) regret=0.077978 ape=0.6424
[14:50:40] warmStart 8% (180/2183) regret=0.077889 ape=0.6415
[14:50:40] warmStart 8% (181/2183) regret=0.077870 ape=0.6415
[14:50:40] warmStart 8% (182/2183) regret=0.077302 ape=0.6406
[14:50:40] warmStart 8% (183/2183) regret=0.077536 ape=0.6424
[14:50:41] warmStart 8% (184/2183) regret=0.077483 ape=0.6415
[14:50:41] warmStart 8% (185/2183) regret=0.077410 ape=0.6415
[14:50:41] warmStart 8% (186/2183) regret=0.076740 ape=0.6415
[14:50:41] warmStart 8% (187/2183) regret=0.075988 ape=0.6406
[14:50:41] warmStart 8% (188/2183) regret=0.075710 ape=0.6396
[14:50:42] warmStart 8% (189/2183) regret=0.075975 ape=0.6406
[14:50:42] warmStart 8% (190/2183) regret=0.076056 ape=0.6396
[14:50:42] warmStart 8% (191/2183) regret=0.075586 ape=0.6387
[14:50:42] warmStart 8% (192/2183) regret=0.075125 ape=0.6387
[14:50:42] warmStart 8% (193/2183) regret=0.074658 ape=0.6387
[14:50:43] warmStart 8% (194/2183) regret=0.074723 ape=0.6387
[14:50:43] warmStart 8% (195/2183) regret=0.073905 ape=0.6378
[14:50:43] warmStart 8% (196/2183) regret=0.073760 ape=0.6378
[14:50:43] warmStart 9% (197/2183) regret=0.073760 ape=0.6378
[14:50:43] warmStart 9% (198/2183) regret=0.073068 ape=0.6378
[14:50:44] warmStart 9% (199/2183) regret=0.072893 ape=0.6378
[14:50:44] warmStart 9% (200/2183) regret=0.072893 ape=0.6378
[14:50:44] warmStart 9% (201/2183) regret=0.072893 ape=0.6378
[14:50:44] warmStart 9% (202/2183) regret=0.072893 ape=0.6378
[14:50:44] warmStart 9% (203/2183) regret=0.072414 ape=0.6369
[14:50:45] warmStart 9% (204/2183) regret=0.072414 ape=0.6369
[14:50:45] warmStart 9% (205/2183) regret=0.072414 ape=0.6369
[14:50:45] warmStart 9% (206/2183) regret=0.072386 ape=0.6369
[14:50:45] warmStart 9% (207/2183) regret=0.072386 ape=0.6369
[14:50:45] warmStart 9% (208/2183) regret=0.072351 ape=0.6359
[14:50:46] warmStart 9% (209/2183) regret=0.072351 ape=0.6359
[14:50:46] warmStart 9% (210/2183) regret=0.072351 ape=0.6359
[14:50:46] warmStart 9% (211/2183) regret=0.072351 ape=0.6359
[14:50:46] warmStart 9% (212/2183) regret=0.072351 ape=0.6359
[14:50:46] warmStart 9% (213/2183) regret=0.072351 ape=0.6359
[14:50:47] warmStart 9% (214/2183) regret=0.072351 ape=0.6359
[14:50:47] warmStart 9% (215/2183) regret=0.072305 ape=0.6359
[14:50:47] warmStart 9% (216/2183) regret=0.072277 ape=0.6350
[14:50:47] warmStart 9% (217/2183) regret=0.072277 ape=0.6350
[14:50:47] warmStart 9% (218/2183) regret=0.072277 ape=0.6350
[14:50:48] warmStart 10% (219/2183) regret=0.072277 ape=0.6350
[14:50:48] warmStart 10% (220/2183) regret=0.072277 ape=0.6350
[14:50:48] warmStart 10% (221/2183) regret=0.072277 ape=0.6350
[14:50:48] warmStart 10% (222/2183) regret=0.072277 ape=0.6350
[14:50:48] warmStart 10% (223/2183) regret=0.071899 ape=0.6350
[14:50:49] warmStart 10% (224/2183) regret=0.071899 ape=0.6350
[14:50:49] warmStart 10% (225/2183) regret=0.071899 ape=0.6350
[14:50:49] warmStart 10% (226/2183) regret=0.071899 ape=0.6350
[14:50:49] warmStart 10% (227/2183) regret=0.071554 ape=0.6341
[14:50:49] warmStart 10% (228/2183) regret=0.071554 ape=0.6341
[14:50:50] warmStart 10% (229/2183) regret=0.071554 ape=0.6341
[14:50:50] warmStart 10% (230/2183) regret=0.071554 ape=0.6341
[14:50:50] warmStart 10% (231/2183) regret=0.071554 ape=0.6341
[14:50:50] warmStart 10% (232/2183) regret=0.071554 ape=0.6341
[14:50:50] warmStart 10% (233/2183) regret=0.071554 ape=0.6341
[14:50:51] warmStart 10% (234/2183) regret=0.071554 ape=0.6341
[14:50:51] warmStart 10% (235/2183) regret=0.071554 ape=0.6341
[14:50:51] warmStart 10% (236/2183) regret=0.071554 ape=0.6341
[14:50:51] warmStart 10% (237/2183) regret=0.071554 ape=0.6341
[14:50:51] warmStart 10% (238/2183) regret=0.071554 ape=0.6341
[14:50:51] warmStart 10% (239/2183) regret=0.071554 ape=0.6341
[14:50:52] warmStart 10% (240/2183) regret=0.071554 ape=0.6341
[14:50:52] warmStart 11% (241/2183) regret=0.071554 ape=0.6341
[14:50:52] warmStart 11% (242/2183) regret=0.071540 ape=0.6341
[14:50:52] warmStart 11% (243/2183) regret=0.071540 ape=0.6341
[14:50:52] warmStart 11% (244/2183) regret=0.071540 ape=0.6341
[14:50:53] warmStart 11% (245/2183) regret=0.071540 ape=0.6341
[14:50:53] warmStart 11% (246/2183) regret=0.071540 ape=0.6341
[14:50:53] warmStart 11% (247/2183) regret=0.071540 ape=0.6341
[14:50:53] warmStart 11% (248/2183) regret=0.071598 ape=0.6341
[14:50:53] warmStart 11% (249/2183) regret=0.071347 ape=0.6341
[14:50:53] warmStart 11% (250/2183) regret=0.071504 ape=0.6341
[14:50:54] warmStart 11% (251/2183) regret=0.071504 ape=0.6341
[14:50:54] warmStart 11% (252/2183) regret=0.071504 ape=0.6341
[14:50:54] warmStart 11% (253/2183) regret=0.071504 ape=0.6341
[14:50:54] warmStart 11% (254/2183) regret=0.071504 ape=0.6341
[14:50:54] warmStart 11% (255/2183) regret=0.071504 ape=0.6341
[14:50:55] warmStart 11% (256/2183) regret=0.071504 ape=0.6341
[14:50:55] warmStart 11% (257/2183) regret=0.071504 ape=0.6341
[14:50:55] warmStart 11% (258/2183) regret=0.071504 ape=0.6341
[14:50:55] warmStart 11% (259/2183) regret=0.071504 ape=0.6341
[14:50:55] warmStart 11% (260/2183) regret=0.071458 ape=0.6341
[14:50:55] warmStart 11% (261/2183) regret=0.071458 ape=0.6341
[14:50:56] warmStart 12% (262/2183) regret=0.071458 ape=0.6341
[14:50:56] warmStart 12% (263/2183) regret=0.071458 ape=0.6341
[14:50:56] warmStart 12% (264/2183) regret=0.071458 ape=0.6341
[14:50:56] warmStart 12% (265/2183) regret=0.071458 ape=0.6341
[14:50:56] warmStart 12% (266/2183) regret=0.071458 ape=0.6341
[14:50:56] warmStart 12% (267/2183) regret=0.071458 ape=0.6341
[14:50:57] warmStart 12% (268/2183) regret=0.071458 ape=0.6341
[14:50:57] warmStart 12% (269/2183) regret=0.071458 ape=0.6341
[14:50:57] warmStart 12% (270/2183) regret=0.071458 ape=0.6341
[14:50:57] warmStart 12% (271/2183) regret=0.071458 ape=0.6341
[14:50:57] warmStart 12% (272/2183) regret=0.071458 ape=0.6341
[14:50:58] warmStart 12% (273/2183) regret=0.071458 ape=0.6341
[14:50:58] warmStart 12% (274/2183) regret=0.071458 ape=0.6341
[14:50:58] warmStart 12% (275/2183) regret=0.071430 ape=0.6332
[14:50:58] warmStart 12% (276/2183) regret=0.071430 ape=0.6332
[14:50:58] warmStart 12% (277/2183) regret=0.071430 ape=0.6332
[14:50:58] warmStart 12% (278/2183) regret=0.071430 ape=0.6332
[14:50:59] warmStart 12% (279/2183) regret=0.071430 ape=0.6332
[14:50:59] warmStart 12% (280/2183) regret=0.071430 ape=0.6332
[14:50:59] warmStart 12% (281/2183) regret=0.071430 ape=0.6332
[14:50:59] warmStart 12% (282/2183) regret=0.071430 ape=0.6332
[14:50:59] warmStart 12% (283/2183) regret=0.071430 ape=0.6332
[14:50:59] warmStart 13% (284/2183) regret=0.071430 ape=0.6332
[14:51:00] warmStart 13% (285/2183) regret=0.071430 ape=0.6332
[14:51:00] warmStart 13% (286/2183) regret=0.071430 ape=0.6332
[14:51:00] warmStart 13% (287/2183) regret=0.071260 ape=0.6323
[14:51:00] warmStart 13% (288/2183) regret=0.071260 ape=0.6323
[14:51:00] warmStart 13% (289/2183) regret=0.071260 ape=0.6323
[14:51:01] warmStart 13% (290/2183) regret=0.071260 ape=0.6323
[14:51:01] warmStart 13% (291/2183) regret=0.071260 ape=0.6323
[14:51:01] warmStart 13% (292/2183) regret=0.071205 ape=0.6323
[14:51:01] warmStart 13% (293/2183) regret=0.070702 ape=0.6323
[14:51:01] warmStart 13% (294/2183) regret=0.070647 ape=0.6313
[14:51:01] warmStart 13% (295/2183) regret=0.070675 ape=0.6313
[14:51:01] warmStart 13% (296/2183) regret=0.070382 ape=0.6313
[14:51:02] warmStart 13% (297/2183) regret=0.070382 ape=0.6313
[14:51:02] warmStart 13% (298/2183) regret=0.070049 ape=0.6304
[14:51:02] warmStart 13% (299/2183) regret=0.069522 ape=0.6304
[14:51:02] warmStart 13% (300/2183) regret=0.069107 ape=0.6295
[14:51:02] warmStart 13% (301/2183) regret=0.069107 ape=0.6295
[14:51:02] warmStart 13% (302/2183) regret=0.069113 ape=0.6295
[14:51:03] warmStart 13% (303/2183) regret=0.069182 ape=0.6295
[14:51:03] warmStart 13% (304/2183) regret=0.068915 ape=0.6286
[14:51:03] warmStart 13% (305/2183) regret=0.069007 ape=0.6286
[14:51:03] warmStart 14% (306/2183) regret=0.068565 ape=0.6267
[14:51:03] warmStart 14% (307/2183) regret=0.068565 ape=0.6267
[14:51:03] warmStart 14% (308/2183) regret=0.068260 ape=0.6267
[14:51:04] warmStart 14% (309/2183) regret=0.068353 ape=0.6267
[14:51:04] warmStart 14% (310/2183) regret=0.068353 ape=0.6267
[14:51:04] warmStart 14% (311/2183) regret=0.067671 ape=0.6267
[14:51:04] warmStart 14% (312/2183) regret=0.067671 ape=0.6267
[14:51:04] warmStart 14% (313/2183) regret=0.067219 ape=0.6267
[14:51:04] warmStart 14% (314/2183) regret=0.067653 ape=0.6267
[14:51:05] warmStart 14% (315/2183) regret=0.067012 ape=0.6258
[14:51:05] warmStart 14% (316/2183) regret=0.067280 ape=0.6249
[14:51:05] warmStart 14% (317/2183) regret=0.066868 ape=0.6230
[14:51:05] warmStart 14% (318/2183) regret=0.066776 ape=0.6230
[14:51:05] warmStart 14% (319/2183) regret=0.066361 ape=0.6212
[14:51:06] warmStart 14% (320/2183) regret=0.065981 ape=0.6212
[14:51:06] warmStart 14% (321/2183) regret=0.065645 ape=0.6212
[14:51:06] warmStart 14% (322/2183) regret=0.065129 ape=0.6203
[14:51:06] warmStart 14% (323/2183) regret=0.064742 ape=0.6194
[14:51:06] warmStart 14% (324/2183) regret=0.064616 ape=0.6184
[14:51:06] warmStart 14% (325/2183) regret=0.064662 ape=0.6184
[14:51:07] warmStart 14% (326/2183) regret=0.064127 ape=0.6175
[14:51:07] warmStart 14% (327/2183) regret=0.064127 ape=0.6175
[14:51:07] warmStart 15% (328/2183) regret=0.064065 ape=0.6175
[14:51:07] warmStart 15% (329/2183) regret=0.063973 ape=0.6166
[14:51:08] warmStart 15% (330/2183) regret=0.064199 ape=0.6175
[14:51:08] warmStart 15% (331/2183) regret=0.063835 ape=0.6166
[14:51:08] warmStart 15% (332/2183) regret=0.063786 ape=0.6147
[14:51:08] warmStart 15% (333/2183) regret=0.063689 ape=0.6157
[14:51:08] warmStart 15% (334/2183) regret=0.063830 ape=0.6166
[14:51:09] warmStart 15% (335/2183) regret=0.063462 ape=0.6157
[14:51:09] warmStart 15% (336/2183) regret=0.063462 ape=0.6157
[14:51:09] warmStart 15% (337/2183) regret=0.063365 ape=0.6157
[14:51:09] warmStart 15% (338/2183) regret=0.063393 ape=0.6157
[14:51:09] warmStart 15% (339/2183) regret=0.063403 ape=0.6157
[14:51:10] warmStart 15% (340/2183) regret=0.063321 ape=0.6147
[14:51:10] warmStart 15% (341/2183) regret=0.063191 ape=0.6138
[14:51:10] warmStart 15% (342/2183) regret=0.062685 ape=0.6111
[14:51:10] warmStart 15% (343/2183) regret=0.062685 ape=0.6111
[14:51:10] warmStart 15% (344/2183) regret=0.062734 ape=0.6111
[14:51:11] warmStart 15% (345/2183) regret=0.062826 ape=0.6111
[14:51:11] warmStart 15% (346/2183) regret=0.062671 ape=0.6111
[14:51:11] warmStart 15% (347/2183) regret=0.062644 ape=0.6111
[14:51:11] warmStart 15% (348/2183) regret=0.062653 ape=0.6101
[14:51:11] warmStart 15% (349/2183) regret=0.061879 ape=0.6083
[14:51:12] warmStart 16% (350/2183) regret=0.061725 ape=0.6083
[14:51:12] warmStart 16% (351/2183) regret=0.061034 ape=0.6074
[14:51:12] warmStart 16% (352/2183) regret=0.061135 ape=0.6074
[14:51:12] warmStart 16% (353/2183) regret=0.061295 ape=0.6074
[14:51:12] warmStart 16% (354/2183) regret=0.062038 ape=0.6083
[14:51:13] warmStart 16% (355/2183) regret=0.061503 ape=0.6065
[14:51:13] warmStart 16% (356/2183) regret=0.061168 ape=0.6065
[14:51:13] warmStart 16% (357/2183) regret=0.061168 ape=0.6065
[14:51:13] warmStart 16% (358/2183) regret=0.061168 ape=0.6065
[14:51:13] warmStart 16% (359/2183) regret=0.061110 ape=0.6065
[14:51:14] warmStart 16% (360/2183) regret=0.060678 ape=0.6046
[14:51:14] warmStart 16% (361/2183) regret=0.060663 ape=0.6046
[14:51:14] warmStart 16% (362/2183) regret=0.060714 ape=0.6046
[14:51:14] warmStart 16% (363/2183) regret=0.060883 ape=0.6065
[14:51:15] warmStart 16% (364/2183) regret=0.061118 ape=0.6074
[14:51:15] warmStart 16% (365/2183) regret=0.061174 ape=0.6083
[14:51:15] warmStart 16% (366/2183) regret=0.061082 ape=0.6074
[14:51:15] warmStart 16% (367/2183) regret=0.060943 ape=0.6074
[14:51:15] warmStart 16% (368/2183) regret=0.060943 ape=0.6074
[14:51:16] warmStart 16% (369/2183) regret=0.060943 ape=0.6074
[14:51:16] warmStart 16% (370/2183) regret=0.060943 ape=0.6074
[14:51:16] warmStart 16% (371/2183) regret=0.061138 ape=0.6083
[14:51:16] warmStart 17% (372/2183) regret=0.061138 ape=0.6083
[14:51:16] warmStart 17% (373/2183) regret=0.061258 ape=0.6083
[14:51:17] warmStart 17% (374/2183) regret=0.061258 ape=0.6083
[14:51:17] warmStart 17% (375/2183) regret=0.061276 ape=0.6083
[14:51:17] warmStart 17% (376/2183) regret=0.061197 ape=0.6083
[14:51:17] warmStart 17% (377/2183) regret=0.061197 ape=0.6083
[14:51:17] warmStart 17% (378/2183) regret=0.061197 ape=0.6083
[14:51:18] warmStart 17% (379/2183) regret=0.061197 ape=0.6083
[14:51:18] warmStart 17% (380/2183) regret=0.061197 ape=0.6083
[14:51:18] warmStart 17% (381/2183) regret=0.061207 ape=0.6083
[14:51:18] warmStart 17% (382/2183) regret=0.061207 ape=0.6083
[14:51:18] warmStart 17% (383/2183) regret=0.061207 ape=0.6083
[14:51:19] warmStart 17% (384/2183) regret=0.061207 ape=0.6083
[14:51:19] warmStart 17% (385/2183) regret=0.061207 ape=0.6083
[14:51:19] warmStart 17% (386/2183) regret=0.060764 ape=0.6074
[14:51:19] warmStart 17% (387/2183) regret=0.060744 ape=0.6065
[14:51:19] warmStart 17% (388/2183) regret=0.060726 ape=0.6065
[14:51:20] warmStart 17% (389/2183) regret=0.060726 ape=0.6065
[14:51:20] warmStart 17% (390/2183) regret=0.060726 ape=0.6065
[14:51:20] warmStart 17% (391/2183) regret=0.060726 ape=0.6065
[14:51:20] warmStart 17% (392/2183) regret=0.060726 ape=0.6065
[14:51:21] warmStart 18% (393/2183) regret=0.060726 ape=0.6065
[14:51:21] warmStart 18% (394/2183) regret=0.060726 ape=0.6065
[14:51:21] warmStart 18% (395/2183) regret=0.060901 ape=0.6055
[14:51:21] warmStart 18% (396/2183) regret=0.060952 ape=0.6055
[14:51:21] warmStart 18% (397/2183) regret=0.060887 ape=0.6055
[14:51:22] warmStart 18% (398/2183) regret=0.060887 ape=0.6055
[14:51:22] warmStart 18% (399/2183) regret=0.060915 ape=0.6055
[14:51:22] warmStart 18% (400/2183) regret=0.060887 ape=0.6055
[14:51:22] warmStart 18% (401/2183) regret=0.060813 ape=0.6046
[14:51:22] warmStart 18% (402/2183) regret=0.060813 ape=0.6046
[14:51:23] warmStart 18% (403/2183) regret=0.060813 ape=0.6046
[14:51:23] warmStart 18% (404/2183) regret=0.060813 ape=0.6046
[14:51:23] warmStart 18% (405/2183) regret=0.060813 ape=0.6046
[14:51:23] warmStart 18% (406/2183) regret=0.060813 ape=0.6046
[14:51:23] warmStart 18% (407/2183) regret=0.060813 ape=0.6046
[14:51:24] warmStart 18% (408/2183) regret=0.060813 ape=0.6046
[14:51:24] warmStart 18% (409/2183) regret=0.060813 ape=0.6046
[14:51:24] warmStart 18% (410/2183) regret=0.060813 ape=0.6046
[14:51:24] warmStart 18% (411/2183) regret=0.060813 ape=0.6046
[14:51:24] warmStart 18% (412/2183) regret=0.060380 ape=0.6028
[14:51:25] warmStart 18% (413/2183) regret=0.060380 ape=0.6028
[14:51:25] warmStart 18% (414/2183) regret=0.060380 ape=0.6028
[14:51:25] warmStart 19% (415/2183) regret=0.060380 ape=0.6028
[14:51:25] warmStart 19% (416/2183) regret=0.060380 ape=0.6028
[14:51:25] warmStart 19% (417/2183) regret=0.060362 ape=0.6028
[14:51:26] warmStart 19% (418/2183) regret=0.060334 ape=0.6028
[14:51:26] warmStart 19% (419/2183) regret=0.060277 ape=0.6028
[14:51:26] warmStart 19% (420/2183) regret=0.060277 ape=0.6028
[14:51:26] warmStart 19% (421/2183) regret=0.060277 ape=0.6028
[14:51:26] warmStart 19% (422/2183) regret=0.060208 ape=0.6028
[14:51:27] warmStart 19% (423/2183) regret=0.060208 ape=0.6028
[14:51:27] warmStart 19% (424/2183) regret=0.059865 ape=0.6018
[14:51:27] warmStart 19% (425/2183) regret=0.059865 ape=0.6018
[14:51:27] warmStart 19% (426/2183) regret=0.059865 ape=0.6018
[14:51:28] warmStart 19% (427/2183) regret=0.059865 ape=0.6018
[14:51:28] warmStart 19% (428/2183) regret=0.059865 ape=0.6018
[14:51:28] warmStart 19% (429/2183) regret=0.059865 ape=0.6018
[14:51:28] warmStart 19% (430/2183) regret=0.059865 ape=0.6018
[14:51:28] warmStart 19% (431/2183) regret=0.059875 ape=0.6018
[14:51:29] warmStart 19% (432/2183) regret=0.059838 ape=0.6018
[14:51:29] warmStart 19% (433/2183) regret=0.059391 ape=0.6009
[14:51:29] warmStart 19% (434/2183) regret=0.059342 ape=0.6000
[14:51:29] warmStart 19% (435/2183) regret=0.059391 ape=0.6009
[14:51:29] warmStart 19% (436/2183) regret=0.059391 ape=0.6009
[14:51:30] warmStart 20% (437/2183) regret=0.059366 ape=0.6000
[14:51:30] warmStart 20% (438/2183) regret=0.059491 ape=0.6000
[14:51:30] warmStart 20% (439/2183) regret=0.059491 ape=0.6000
[14:51:30] warmStart 20% (440/2183) regret=0.059491 ape=0.6000
[14:51:30] warmStart 20% (441/2183) regret=0.059375 ape=0.5991
[14:51:31] warmStart 20% (442/2183) regret=0.058924 ape=0.5991
[14:51:31] warmStart 20% (443/2183) regret=0.058924 ape=0.5991
[14:51:31] warmStart 20% (444/2183) regret=0.058924 ape=0.5991
[14:51:31] warmStart 20% (445/2183) regret=0.058924 ape=0.5991
[14:51:31] warmStart 20% (446/2183) regret=0.058924 ape=0.5991
[14:51:32] warmStart 20% (447/2183) regret=0.058924 ape=0.5991
[14:51:32] warmStart 20% (448/2183) regret=0.058924 ape=0.5991
[14:51:32] warmStart 20% (449/2183) regret=0.058925 ape=0.5991
[14:51:32] warmStart 20% (450/2183) regret=0.058925 ape=0.5991
[14:51:33] warmStart 20% (451/2183) regret=0.058925 ape=0.5991
[14:51:33] warmStart 20% (452/2183) regret=0.058925 ape=0.5991
[14:51:33] warmStart 20% (453/2183) regret=0.058785 ape=0.5982
[14:51:33] warmStart 20% (454/2183) regret=0.058888 ape=0.5982
[14:51:33] warmStart 20% (455/2183) regret=0.058829 ape=0.5982
[14:51:34] warmStart 20% (456/2183) regret=0.058841 ape=0.5991
[14:51:34] warmStart 20% (457/2183) regret=0.058792 ape=0.5991
[14:51:34] warmStart 20% (458/2183) regret=0.058792 ape=0.5991
[14:51:34] warmStart 21% (459/2183) regret=0.058792 ape=0.5991
[14:51:34] warmStart 21% (460/2183) regret=0.058542 ape=0.5982
[14:51:35] warmStart 21% (461/2183) regret=0.058111 ape=0.5982
[14:51:35] warmStart 21% (462/2183) regret=0.058308 ape=0.6009
[14:51:35] warmStart 21% (463/2183) regret=0.058240 ape=0.6000
[14:51:35] warmStart 21% (464/2183) regret=0.058048 ape=0.6000
[14:51:35] warmStart 21% (465/2183) regret=0.058126 ape=0.6000
[14:51:36] warmStart 21% (466/2183) regret=0.058131 ape=0.6000
[14:51:36] warmStart 21% (467/2183) regret=0.057997 ape=0.5991
[14:51:36] warmStart 21% (468/2183) regret=0.057655 ape=0.5972
[14:51:36] warmStart 21% (469/2183) regret=0.057609 ape=0.5972
[14:51:36] warmStart 21% (470/2183) regret=0.057659 ape=0.5972
[14:51:37] warmStart 21% (471/2183) regret=0.057337 ape=0.5963
[14:51:37] warmStart 21% (472/2183) regret=0.057314 ape=0.5963
[14:51:37] warmStart 21% (473/2183) regret=0.057300 ape=0.5954
[14:51:37] warmStart 21% (474/2183) regret=0.057331 ape=0.5954
[14:51:37] warmStart 21% (475/2183) regret=0.057331 ape=0.5954
[14:51:38] warmStart 21% (476/2183) regret=0.057017 ape=0.5945
[14:51:38] warmStart 21% (477/2183) regret=0.057165 ape=0.5945
[14:51:38] warmStart 21% (478/2183) regret=0.057165 ape=0.5945
[14:51:38] warmStart 21% (479/2183) regret=0.057165 ape=0.5945
[14:51:39] warmStart 21% (480/2183) regret=0.057094 ape=0.5935
[14:51:39] warmStart 22% (481/2183) regret=0.057094 ape=0.5935
[14:51:39] warmStart 22% (482/2183) regret=0.057090 ape=0.5917
[14:51:39] warmStart 22% (483/2183) regret=0.056077 ape=0.5899
[14:51:39] warmStart 22% (484/2183) regret=0.056071 ape=0.5899
[14:51:40] warmStart 22% (485/2183) regret=0.056071 ape=0.5899
[14:51:40] warmStart 22% (486/2183) regret=0.056071 ape=0.5899
[14:51:40] warmStart 22% (487/2183) regret=0.055922 ape=0.5899
[14:51:40] warmStart 22% (488/2183) regret=0.055922 ape=0.5899
[14:51:40] warmStart 22% (489/2183) regret=0.055922 ape=0.5899
[14:51:41] warmStart 22% (490/2183) regret=0.055922 ape=0.5899
[14:51:41] warmStart 22% (491/2183) regret=0.055899 ape=0.5889
[14:51:41] warmStart 22% (492/2183) regret=0.056178 ape=0.5889
[14:51:41] warmStart 22% (493/2183) regret=0.055964 ape=0.5880
[14:51:42] warmStart 22% (494/2183) regret=0.055964 ape=0.5880
[14:51:42] warmStart 22% (495/2183) regret=0.055964 ape=0.5880
[14:51:42] warmStart 22% (496/2183) regret=0.055964 ape=0.5880
[14:51:42] warmStart 22% (497/2183) regret=0.055805 ape=0.5880
[14:51:42] warmStart 22% (498/2183) regret=0.055753 ape=0.5871
[14:51:43] warmStart 22% (499/2183) regret=0.055753 ape=0.5871
[14:51:43] warmStart 22% (500/2183) regret=0.055753 ape=0.5871
[14:51:43] warmStart 22% (501/2183) regret=0.055753 ape=0.5871
[14:51:43] warmStart 22% (502/2183) regret=0.055753 ape=0.5871
[14:51:43] warmStart 23% (503/2183) regret=0.055753 ape=0.5871
[14:51:44] warmStart 23% (504/2183) regret=0.055753 ape=0.5871
[14:51:44] warmStart 23% (505/2183) regret=0.055523 ape=0.5871
[14:51:44] warmStart 23% (506/2183) regret=0.055039 ape=0.5862
[14:51:44] warmStart 23% (507/2183) regret=0.055039 ape=0.5862
[14:51:44] warmStart 23% (508/2183) regret=0.055039 ape=0.5862
[14:51:45] warmStart 23% (509/2183) regret=0.055179 ape=0.5862
[14:51:45] warmStart 23% (510/2183) regret=0.055179 ape=0.5862
[14:51:45] warmStart 23% (511/2183) regret=0.055179 ape=0.5862
[14:51:45] warmStart 23% (512/2183) regret=0.055179 ape=0.5862
[14:51:45] warmStart 23% (513/2183) regret=0.055179 ape=0.5862
[14:51:46] warmStart 23% (514/2183) regret=0.055179 ape=0.5862
[14:51:46] warmStart 23% (515/2183) regret=0.055185 ape=0.5862
[14:51:46] warmStart 23% (516/2183) regret=0.055185 ape=0.5862
[14:51:46] warmStart 23% (517/2183) regret=0.055185 ape=0.5862
[14:51:46] warmStart 23% (518/2183) regret=0.055185 ape=0.5862
[14:51:47] warmStart 23% (519/2183) regret=0.055185 ape=0.5862
[14:51:47] warmStart 23% (520/2183) regret=0.055185 ape=0.5862
[14:51:47] warmStart 23% (521/2183) regret=0.055185 ape=0.5862
[14:51:47] warmStart 23% (522/2183) regret=0.055185 ape=0.5862
[14:51:47] warmStart 23% (523/2183) regret=0.055185 ape=0.5862
[14:51:48] warmStart 24% (524/2183) regret=0.055185 ape=0.5862
[14:51:48] warmStart 24% (525/2183) regret=0.055185 ape=0.5862
[14:51:48] warmStart 24% (526/2183) regret=0.055185 ape=0.5862
[14:51:48] warmStart 24% (527/2183) regret=0.055185 ape=0.5862
[14:51:48] warmStart 24% (528/2183) regret=0.055185 ape=0.5862
[14:51:49] warmStart 24% (529/2183) regret=0.055185 ape=0.5862
[14:51:49] warmStart 24% (530/2183) regret=0.055185 ape=0.5862
[14:51:49] warmStart 24% (531/2183) regret=0.055185 ape=0.5862
[14:51:49] warmStart 24% (532/2183) regret=0.055182 ape=0.5862
[14:51:50] warmStart 24% (533/2183) regret=0.055182 ape=0.5862
[14:51:50] warmStart 24% (534/2183) regret=0.054881 ape=0.5862
[14:51:50] warmStart 24% (535/2183) regret=0.054881 ape=0.5862
[14:51:50] warmStart 24% (536/2183) regret=0.054881 ape=0.5862
[14:51:50] warmStart 24% (537/2183) regret=0.054881 ape=0.5862
[14:51:51] warmStart 24% (538/2183) regret=0.054881 ape=0.5862
[14:51:51] warmStart 24% (539/2183) regret=0.054881 ape=0.5862
[14:51:51] warmStart 24% (540/2183) regret=0.054881 ape=0.5862
[14:51:51] warmStart 24% (541/2183) regret=0.054881 ape=0.5862
[14:51:51] warmStart 24% (542/2183) regret=0.054855 ape=0.5862
[14:51:52] warmStart 24% (543/2183) regret=0.054855 ape=0.5862
[14:51:52] warmStart 24% (544/2183) regret=0.054855 ape=0.5862
[14:51:52] warmStart 24% (545/2183) regret=0.054855 ape=0.5862
[14:51:52] warmStart 25% (546/2183) regret=0.054855 ape=0.5862
[14:51:52] warmStart 25% (547/2183) regret=0.054855 ape=0.5862
[14:51:53] warmStart 25% (548/2183) regret=0.054855 ape=0.5862
[14:51:53] warmStart 25% (549/2183) regret=0.054855 ape=0.5862
[14:51:53] warmStart 25% (550/2183) regret=0.054855 ape=0.5862
[14:51:53] warmStart 25% (551/2183) regret=0.054855 ape=0.5862
[14:51:53] warmStart 25% (552/2183) regret=0.054855 ape=0.5862
[14:51:54] warmStart 25% (553/2183) regret=0.054855 ape=0.5862
[14:51:54] warmStart 25% (554/2183) regret=0.054855 ape=0.5862
[14:51:54] warmStart 25% (555/2183) regret=0.054855 ape=0.5862
[14:51:54] warmStart 25% (556/2183) regret=0.054717 ape=0.5862
[14:51:54] warmStart 25% (557/2183) regret=0.054689 ape=0.5853
[14:51:55] warmStart 25% (558/2183) regret=0.054689 ape=0.5853
[14:51:55] warmStart 25% (559/2183) regret=0.054689 ape=0.5853
[14:51:55] warmStart 25% (560/2183) regret=0.054689 ape=0.5853
[14:51:55] warmStart 25% (561/2183) regret=0.054613 ape=0.5853
[14:51:55] warmStart 25% (562/2183) regret=0.054613 ape=0.5853
[14:51:56] warmStart 25% (563/2183) regret=0.054613 ape=0.5853
[14:51:56] warmStart 25% (564/2183) regret=0.054613 ape=0.5853
[14:51:56] warmStart 25% (565/2183) regret=0.054613 ape=0.5853
[14:51:56] warmStart 25% (566/2183) regret=0.054613 ape=0.5853
[14:51:57] warmStart 25% (567/2183) regret=0.054765 ape=0.5862
[14:51:57] warmStart 26% (568/2183) regret=0.054740 ape=0.5853
[14:51:57] warmStart 26% (569/2183) regret=0.054648 ape=0.5853
[14:51:57] warmStart 26% (570/2183) regret=0.054727 ape=0.5862
[14:51:57] warmStart 26% (571/2183) regret=0.054323 ape=0.5843
[14:51:58] warmStart 26% (572/2183) regret=0.054373 ape=0.5853
[14:51:58] warmStart 26% (573/2183) regret=0.054233 ape=0.5853
[14:51:58] warmStart 26% (574/2183) regret=0.053919 ape=0.5853
[14:51:58] warmStart 26% (575/2183) regret=0.053638 ape=0.5853
[14:51:58] warmStart 26% (576/2183) regret=0.053602 ape=0.5843
[14:51:59] warmStart 26% (577/2183) regret=0.053445 ape=0.5834
[14:51:59] warmStart 26% (578/2183) regret=0.053111 ape=0.5834
[14:51:59] warmStart 26% (579/2183) regret=0.053142 ape=0.5834
[14:51:59] warmStart 26% (580/2183) regret=0.052736 ape=0.5834
[14:51:59] warmStart 26% (581/2183) regret=0.052736 ape=0.5834
[14:52:00] warmStart 26% (582/2183) regret=0.052590 ape=0.5834
[14:52:00] warmStart 26% (583/2183) regret=0.052590 ape=0.5834
[14:52:00] warmStart 26% (584/2183) regret=0.052206 ape=0.5825
[14:52:00] warmStart 26% (585/2183) regret=0.052160 ape=0.5825
[14:52:01] warmStart 26% (586/2183) regret=0.052160 ape=0.5825
[14:52:01] warmStart 26% (587/2183) regret=0.052160 ape=0.5825
[14:52:01] warmStart 26% (588/2183) regret=0.052160 ape=0.5825
[14:52:01] warmStart 26% (589/2183) regret=0.052077 ape=0.5816
[14:52:01] warmStart 27% (590/2183) regret=0.052020 ape=0.5806
[14:52:02] warmStart 27% (591/2183) regret=0.052008 ape=0.5806
[14:52:02] warmStart 27% (592/2183) regret=0.052008 ape=0.5806
[14:52:02] warmStart 27% (593/2183) regret=0.051891 ape=0.5788
[14:52:02] warmStart 27% (594/2183) regret=0.051884 ape=0.5788
[14:52:03] warmStart 27% (595/2183) regret=0.051557 ape=0.5797
[14:52:03] warmStart 27% (596/2183) regret=0.051557 ape=0.5797
[14:52:03] warmStart 27% (597/2183) regret=0.051557 ape=0.5797
[14:52:03] warmStart 27% (598/2183) regret=0.051557 ape=0.5797
[14:52:03] warmStart 27% (599/2183) regret=0.051557 ape=0.5797
[14:52:04] warmStart 27% (600/2183) regret=0.051539 ape=0.5788
[14:52:04] warmStart 27% (601/2183) regret=0.051554 ape=0.5788
[14:52:04] warmStart 27% (602/2183) regret=0.051518 ape=0.5788
[14:52:04] warmStart 27% (603/2183) regret=0.051500 ape=0.5788
[14:52:04] warmStart 27% (604/2183) regret=0.051500 ape=0.5788
[14:52:05] warmStart 27% (605/2183) regret=0.051039 ape=0.5779
[14:52:05] warmStart 27% (606/2183) regret=0.051191 ape=0.5788
[14:52:05] warmStart 27% (607/2183) regret=0.051191 ape=0.5788
[14:52:05] warmStart 27% (608/2183) regret=0.051191 ape=0.5788
[14:52:05] warmStart 27% (609/2183) regret=0.051191 ape=0.5788
[14:52:06] warmStart 27% (610/2183) regret=0.051233 ape=0.5788
[14:52:06] warmStart 27% (611/2183) regret=0.051181 ape=0.5788
[14:52:06] warmStart 28% (612/2183) regret=0.051181 ape=0.5788
[14:52:06] warmStart 28% (613/2183) regret=0.051181 ape=0.5788
[14:52:06] warmStart 28% (614/2183) regret=0.051079 ape=0.5788
[14:52:07] warmStart 28% (615/2183) regret=0.051015 ape=0.5788
[14:52:07] warmStart 28% (616/2183) regret=0.051015 ape=0.5788
[14:52:07] warmStart 28% (617/2183) regret=0.051015 ape=0.5788
[14:52:07] warmStart 28% (618/2183) regret=0.051032 ape=0.5779
[14:52:08] warmStart 28% (619/2183) regret=0.050884 ape=0.5770
[14:52:08] warmStart 28% (620/2183) regret=0.050884 ape=0.5770
[14:52:08] warmStart 28% (621/2183) regret=0.050884 ape=0.5770
[14:52:08] warmStart 28% (622/2183) regret=0.050884 ape=0.5770
[14:52:08] warmStart 28% (623/2183) regret=0.050884 ape=0.5770
[14:52:09] warmStart 28% (624/2183) regret=0.050884 ape=0.5770
[14:52:09] warmStart 28% (625/2183) regret=0.050884 ape=0.5770
[14:52:09] warmStart 28% (626/2183) regret=0.050884 ape=0.5770
[14:52:09] warmStart 28% (627/2183) regret=0.050884 ape=0.5770
[14:52:10] warmStart 28% (628/2183) regret=0.050884 ape=0.5770
[14:52:10] warmStart 28% (629/2183) regret=0.050884 ape=0.5770
[14:52:10] warmStart 28% (630/2183) regret=0.050884 ape=0.5770
[14:52:10] warmStart 28% (631/2183) regret=0.050884 ape=0.5770
[14:52:10] warmStart 28% (632/2183) regret=0.050884 ape=0.5770
[14:52:11] warmStart 28% (633/2183) regret=0.050884 ape=0.5770
[14:52:11] warmStart 29% (634/2183) regret=0.050884 ape=0.5770
[14:52:11] warmStart 29% (635/2183) regret=0.050884 ape=0.5770
[14:52:11] warmStart 29% (636/2183) regret=0.050884 ape=0.5770
[14:52:11] warmStart 29% (637/2183) regret=0.050884 ape=0.5770
[14:52:12] warmStart 29% (638/2183) regret=0.050884 ape=0.5770
[14:52:12] warmStart 29% (639/2183) regret=0.050884 ape=0.5770
[14:52:12] warmStart 29% (640/2183) regret=0.050884 ape=0.5770
[14:52:12] warmStart 29% (641/2183) regret=0.050884 ape=0.5770
[14:52:13] warmStart 29% (642/2183) regret=0.050884 ape=0.5770
[14:52:13] warmStart 29% (643/2183) regret=0.050884 ape=0.5770
[14:52:13] warmStart 29% (644/2183) regret=0.050884 ape=0.5770
[14:52:13] warmStart 29% (645/2183) regret=0.050884 ape=0.5770
[14:52:13] warmStart 29% (646/2183) regret=0.050884 ape=0.5770
[14:52:14] warmStart 29% (647/2183) regret=0.050884 ape=0.5770
[14:52:14] warmStart 29% (648/2183) regret=0.050958 ape=0.5779
[14:52:14] warmStart 29% (649/2183) regret=0.050884 ape=0.5770
[14:52:14] warmStart 29% (650/2183) regret=0.050884 ape=0.5770
[14:52:14] warmStart 29% (651/2183) regret=0.050884 ape=0.5770
[14:52:15] warmStart 29% (652/2183) regret=0.050884 ape=0.5770
[14:52:15] warmStart 29% (653/2183) regret=0.050884 ape=0.5770
[14:52:15] warmStart 29% (654/2183) regret=0.050884 ape=0.5770
[14:52:15] warmStart 30% (655/2183) regret=0.050878 ape=0.5770
[14:52:16] warmStart 30% (656/2183) regret=0.050707 ape=0.5760
[14:52:16] warmStart 30% (657/2183) regret=0.050720 ape=0.5760
[14:52:16] warmStart 30% (658/2183) regret=0.050720 ape=0.5760
[14:52:16] warmStart 30% (659/2183) regret=0.050684 ape=0.5760
[14:52:16] warmStart 30% (660/2183) regret=0.050764 ape=0.5760
[14:52:17] warmStart 30% (661/2183) regret=0.050745 ape=0.5760
[14:52:17] warmStart 30% (662/2183) regret=0.050729 ape=0.5760
[14:52:17] warmStart 30% (663/2183) regret=0.050447 ape=0.5751
[14:52:17] warmStart 30% (664/2183) regret=0.050393 ape=0.5742
[14:52:17] warmStart 30% (665/2183) regret=0.050361 ape=0.5742
[14:52:18] warmStart 30% (666/2183) regret=0.050361 ape=0.5742
[14:52:18] warmStart 30% (667/2183) regret=0.050361 ape=0.5742
[14:52:18] warmStart 30% (668/2183) regret=0.050361 ape=0.5742
[14:52:18] warmStart 30% (669/2183) regret=0.050361 ape=0.5742
[14:52:18] warmStart 30% (670/2183) regret=0.050283 ape=0.5742
[14:52:19] warmStart 30% (671/2183) regret=0.050283 ape=0.5742
[14:52:19] warmStart 30% (672/2183) regret=0.050283 ape=0.5742
[14:52:19] warmStart 30% (673/2183) regret=0.050283 ape=0.5742
[14:52:19] warmStart 30% (674/2183) regret=0.050283 ape=0.5742
[14:52:20] warmStart 30% (675/2183) regret=0.050283 ape=0.5742
[14:52:20] warmStart 30% (676/2183) regret=0.050283 ape=0.5742
[14:52:20] warmStart 31% (677/2183) regret=0.049964 ape=0.5742
[14:52:20] warmStart 31% (678/2183) regret=0.049903 ape=0.5733
[14:52:20] warmStart 31% (679/2183) regret=0.049770 ape=0.5742
[14:52:21] warmStart 31% (680/2183) regret=0.049770 ape=0.5742
[14:52:21] warmStart 31% (681/2183) regret=0.049770 ape=0.5742
[14:52:21] warmStart 31% (682/2183) regret=0.049770 ape=0.5742
[14:52:21] warmStart 31% (683/2183) regret=0.049770 ape=0.5742
[14:52:21] warmStart 31% (684/2183) regret=0.049795 ape=0.5742
[14:52:22] warmStart 31% (685/2183) regret=0.049795 ape=0.5742
[14:52:22] warmStart 31% (686/2183) regret=0.049795 ape=0.5742
[14:52:22] warmStart 31% (687/2183) regret=0.049795 ape=0.5742
[14:52:22] warmStart 31% (688/2183) regret=0.049703 ape=0.5742
[14:52:22] warmStart 31% (689/2183) regret=0.049703 ape=0.5742
[14:52:23] warmStart 31% (690/2183) regret=0.049703 ape=0.5742
[14:52:23] warmStart 31% (691/2183) regret=0.049744 ape=0.5751
[14:52:23] warmStart 31% (692/2183) regret=0.049744 ape=0.5751
[14:52:23] warmStart 31% (693/2183) regret=0.049550 ape=0.5751
[14:52:23] warmStart 31% (694/2183) regret=0.049550 ape=0.5751
[14:52:24] warmStart 31% (695/2183) regret=0.049550 ape=0.5751
[14:52:24] warmStart 31% (696/2183) regret=0.049550 ape=0.5751
[14:52:24] warmStart 31% (697/2183) regret=0.049550 ape=0.5751
[14:52:24] warmStart 31% (698/2183) regret=0.048997 ape=0.5742
[14:52:24] warmStart 32% (699/2183) regret=0.048997 ape=0.5742
[14:52:25] warmStart 32% (700/2183) regret=0.048997 ape=0.5742
[14:52:25] warmStart 32% (701/2183) regret=0.048997 ape=0.5742
[14:52:25] warmStart 32% (702/2183) regret=0.048997 ape=0.5742
[14:52:25] warmStart 32% (703/2183) regret=0.048997 ape=0.5742
[14:52:25] warmStart 32% (704/2183) regret=0.048997 ape=0.5742
[14:52:26] warmStart 32% (705/2183) regret=0.048997 ape=0.5742
[14:52:26] warmStart 32% (706/2183) regret=0.048997 ape=0.5742
[14:52:26] warmStart 32% (707/2183) regret=0.048997 ape=0.5742
[14:52:26] warmStart 32% (708/2183) regret=0.048997 ape=0.5742
[14:52:27] warmStart 32% (709/2183) regret=0.048997 ape=0.5742
[14:52:27] warmStart 32% (710/2183) regret=0.048868 ape=0.5733
[14:52:27] warmStart 32% (711/2183) regret=0.048868 ape=0.5733
[14:52:27] warmStart 32% (712/2183) regret=0.048868 ape=0.5733
[14:52:27] warmStart 32% (713/2183) regret=0.048868 ape=0.5733
[14:52:28] warmStart 32% (714/2183) regret=0.048760 ape=0.5733
[14:52:28] warmStart 32% (715/2183) regret=0.048760 ape=0.5733
[14:52:28] warmStart 32% (716/2183) regret=0.048505 ape=0.5733
[14:52:28] warmStart 32% (717/2183) regret=0.048505 ape=0.5733
[14:52:28] warmStart 32% (718/2183) regret=0.048547 ape=0.5733
[14:52:29] warmStart 32% (719/2183) regret=0.048547 ape=0.5733
[14:52:29] warmStart 32% (720/2183) regret=0.048477 ape=0.5724
[14:52:29] warmStart 33% (721/2183) regret=0.048477 ape=0.5724
[14:52:29] warmStart 33% (722/2183) regret=0.048711 ape=0.5724
[14:52:29] warmStart 33% (723/2183) regret=0.048711 ape=0.5724
[14:52:30] warmStart 33% (724/2183) regret=0.048711 ape=0.5724
[14:52:30] warmStart 33% (725/2183) regret=0.048711 ape=0.5724
[14:52:30] warmStart 33% (726/2183) regret=0.048711 ape=0.5724
[14:52:30] warmStart 33% (727/2183) regret=0.048711 ape=0.5724
[14:52:30] warmStart 33% (728/2183) regret=0.048711 ape=0.5724
[14:52:31] warmStart 33% (729/2183) regret=0.048711 ape=0.5724
[14:52:31] warmStart 33% (730/2183) regret=0.048711 ape=0.5724
[14:52:31] warmStart 33% (731/2183) regret=0.048711 ape=0.5724
[14:52:31] warmStart 33% (732/2183) regret=0.048711 ape=0.5724
[14:52:32] warmStart 33% (733/2183) regret=0.048711 ape=0.5724
[14:52:32] warmStart 33% (734/2183) regret=0.048711 ape=0.5724
[14:52:32] warmStart 33% (735/2183) regret=0.048752 ape=0.5724
[14:52:32] warmStart 33% (736/2183) regret=0.048752 ape=0.5724
[14:52:32] warmStart 33% (737/2183) regret=0.048752 ape=0.5724
[14:52:33] warmStart 33% (738/2183) regret=0.048752 ape=0.5724
[14:52:33] warmStart 33% (739/2183) regret=0.048752 ape=0.5724
[14:52:33] warmStart 33% (740/2183) regret=0.048752 ape=0.5724
[14:52:33] warmStart 33% (741/2183) regret=0.048774 ape=0.5724
[14:52:33] warmStart 33% (742/2183) regret=0.048774 ape=0.5724
[14:52:33] warmStart 34% (743/2183) regret=0.048299 ape=0.5714
[14:52:34] warmStart 34% (744/2183) regret=0.048207 ape=0.5705
[14:52:34] warmStart 34% (745/2183) regret=0.048207 ape=0.5705
[14:52:34] warmStart 34% (746/2183) regret=0.048207 ape=0.5705
[14:52:34] warmStart 34% (747/2183) regret=0.048207 ape=0.5705
[14:52:34] warmStart 34% (748/2183) regret=0.048207 ape=0.5705
[14:52:35] warmStart 34% (749/2183) regret=0.048207 ape=0.5705
[14:52:35] warmStart 34% (750/2183) regret=0.048207 ape=0.5705
[14:52:35] warmStart 34% (751/2183) regret=0.048207 ape=0.5705
[14:52:35] warmStart 34% (752/2183) regret=0.048207 ape=0.5705
[14:52:35] warmStart 34% (753/2183) regret=0.048138 ape=0.5705
[14:52:36] warmStart 34% (754/2183) regret=0.047852 ape=0.5696
[14:52:36] warmStart 34% (755/2183) regret=0.048102 ape=0.5705
[14:52:36] warmStart 34% (756/2183) regret=0.048102 ape=0.5705
[14:52:36] warmStart 34% (757/2183) regret=0.047913 ape=0.5705
[14:52:36] warmStart 34% (758/2183) regret=0.047913 ape=0.5705
[14:52:37] warmStart 34% (759/2183) regret=0.047932 ape=0.5705
[14:52:37] warmStart 34% (760/2183) regret=0.047932 ape=0.5705
[14:52:37] warmStart 34% (761/2183) regret=0.047927 ape=0.5705
[14:52:37] warmStart 34% (762/2183) regret=0.047927 ape=0.5705
[14:52:37] warmStart 34% (763/2183) regret=0.047946 ape=0.5705
[14:52:37] warmStart 34% (764/2183) regret=0.047480 ape=0.5696
[14:52:38] warmStart 35% (765/2183) regret=0.047480 ape=0.5696
[14:52:38] warmStart 35% (766/2183) regret=0.047844 ape=0.5705
[14:52:38] warmStart 35% (767/2183) regret=0.047549 ape=0.5705
[14:52:38] warmStart 35% (768/2183) regret=0.047558 ape=0.5714
[14:52:38] warmStart 35% (769/2183) regret=0.047549 ape=0.5714
[14:52:39] warmStart 35% (770/2183) regret=0.047549 ape=0.5714
[14:52:39] warmStart 35% (771/2183) regret=0.047439 ape=0.5705
[14:52:39] warmStart 35% (772/2183) regret=0.047426 ape=0.5705
[14:52:39] warmStart 35% (773/2183) regret=0.047439 ape=0.5705
[14:52:39] warmStart 35% (774/2183) regret=0.047439 ape=0.5705
[14:52:39] warmStart 35% (775/2183) regret=0.047439 ape=0.5705
[14:52:40] warmStart 35% (776/2183) regret=0.047181 ape=0.5705
[14:52:40] warmStart 35% (777/2183) regret=0.047181 ape=0.5705
[14:52:40] warmStart 35% (778/2183) regret=0.047181 ape=0.5705
[14:52:40] warmStart 35% (779/2183) regret=0.047181 ape=0.5705
[14:52:40] warmStart 35% (780/2183) regret=0.047191 ape=0.5705
[14:52:41] warmStart 35% (781/2183) regret=0.047358 ape=0.5705
[14:52:41] warmStart 35% (782/2183) regret=0.047561 ape=0.5705
[14:52:41] warmStart 35% (783/2183) regret=0.047528 ape=0.5696
[14:52:41] warmStart 35% (784/2183) regret=0.047349 ape=0.5696
[14:52:41] warmStart 35% (785/2183) regret=0.047349 ape=0.5696
[14:52:41] warmStart 36% (786/2183) regret=0.047109 ape=0.5677
[14:52:42] warmStart 36% (787/2183) regret=0.047312 ape=0.5687
[14:52:42] warmStart 36% (788/2183) regret=0.047303 ape=0.5677
[14:52:42] warmStart 36% (789/2183) regret=0.047303 ape=0.5677
[14:52:42] warmStart 36% (790/2183) regret=0.046851 ape=0.5668
[14:52:42] warmStart 36% (791/2183) regret=0.046851 ape=0.5668
[14:52:43] warmStart 36% (792/2183) regret=0.046870 ape=0.5677
[14:52:43] warmStart 36% (793/2183) regret=0.046870 ape=0.5677
[14:52:43] warmStart 36% (794/2183) regret=0.046418 ape=0.5668
[14:52:43] warmStart 36% (795/2183) regret=0.046418 ape=0.5668
[14:52:43] warmStart 36% (796/2183) regret=0.046418 ape=0.5668
[14:52:43] warmStart 36% (797/2183) regret=0.045789 ape=0.5659
[14:52:44] warmStart 36% (798/2183) regret=0.045737 ape=0.5659
[14:52:44] warmStart 36% (799/2183) regret=0.045629 ape=0.5659
[14:52:44] warmStart 36% (800/2183) regret=0.045648 ape=0.5659
[14:52:44] warmStart 36% (801/2183) regret=0.045924 ape=0.5659
[14:52:44] warmStart 36% (802/2183) regret=0.045345 ape=0.5659
[14:52:44] warmStart 36% (803/2183) regret=0.045470 ape=0.5659
[14:52:45] warmStart 36% (804/2183) regret=0.045516 ape=0.5659
[14:52:45] warmStart 36% (805/2183) regret=0.045479 ape=0.5659
[14:52:45] warmStart 36% (806/2183) regret=0.045382 ape=0.5659
[14:52:45] warmStart 36% (807/2183) regret=0.045124 ape=0.5668
[14:52:45] warmStart 37% (808/2183) regret=0.045124 ape=0.5668
[14:52:46] warmStart 37% (809/2183) regret=0.045130 ape=0.5668
[14:52:46] warmStart 37% (810/2183) regret=0.045133 ape=0.5668
[14:52:46] warmStart 37% (811/2183) regret=0.045213 ape=0.5677
[14:52:46] warmStart 37% (812/2183) regret=0.045264 ape=0.5677
[14:52:46] warmStart 37% (813/2183) regret=0.045264 ape=0.5677
[14:52:46] warmStart 37% (814/2183) regret=0.045264 ape=0.5677
[14:52:47] warmStart 37% (815/2183) regret=0.045264 ape=0.5677
[14:52:47] warmStart 37% (816/2183) regret=0.045264 ape=0.5677
[14:52:47] warmStart 37% (817/2183) regret=0.045264 ape=0.5677
[14:52:47] warmStart 37% (818/2183) regret=0.045264 ape=0.5677
[14:52:47] warmStart 37% (819/2183) regret=0.045104 ape=0.5677
[14:52:48] warmStart 37% (820/2183) regret=0.044591 ape=0.5668
[14:52:48] warmStart 37% (821/2183) regret=0.044582 ape=0.5659
[14:52:48] warmStart 37% (822/2183) regret=0.044153 ape=0.5659
[14:52:48] warmStart 37% (823/2183) regret=0.044153 ape=0.5659
[14:52:48] warmStart 37% (824/2183) regret=0.044181 ape=0.5659
[14:52:48] warmStart 37% (825/2183) regret=0.044144 ape=0.5650
[14:52:49] warmStart 37% (826/2183) regret=0.044144 ape=0.5650
[14:52:49] warmStart 37% (827/2183) regret=0.044144 ape=0.5650
[14:52:49] warmStart 37% (828/2183) regret=0.044278 ape=0.5650
[14:52:49] warmStart 37% (829/2183) regret=0.044278 ape=0.5650
[14:52:49] warmStart 38% (830/2183) regret=0.044278 ape=0.5650
[14:52:49] warmStart 38% (831/2183) regret=0.044822 ape=0.5650
[14:52:50] warmStart 38% (832/2183) regret=0.044227 ape=0.5641
[14:52:50] warmStart 38% (833/2183) regret=0.044227 ape=0.5641
[14:52:50] warmStart 38% (834/2183) regret=0.044215 ape=0.5641
[14:52:50] warmStart 38% (835/2183) regret=0.044255 ape=0.5650
[14:52:50] warmStart 38% (836/2183) regret=0.044255 ape=0.5650
[14:52:50] warmStart 38% (837/2183) regret=0.044255 ape=0.5650
[14:52:50] warmStart 38% (838/2183) regret=0.044255 ape=0.5650
[14:52:51] warmStart 38% (839/2183) regret=0.044255 ape=0.5650
[14:52:51] warmStart 38% (840/2183) regret=0.044252 ape=0.5641
[14:52:51] warmStart 38% (841/2183) regret=0.044178 ape=0.5641
[14:52:51] warmStart 38% (842/2183) regret=0.044104 ape=0.5631
[14:52:51] warmStart 38% (843/2183) regret=0.044086 ape=0.5622
[14:52:51] warmStart 38% (844/2183) regret=0.044080 ape=0.5622
[14:52:52] warmStart 38% (845/2183) regret=0.044024 ape=0.5613
[14:52:52] warmStart 38% (846/2183) regret=0.044031 ape=0.5613
[14:52:52] warmStart 38% (847/2183) regret=0.044063 ape=0.5622
[14:52:52] warmStart 38% (848/2183) regret=0.043943 ape=0.5613
[14:52:52] warmStart 38% (849/2183) regret=0.044072 ape=0.5622
[14:52:52] warmStart 38% (850/2183) regret=0.044024 ape=0.5613
[14:52:53] warmStart 38% (851/2183) regret=0.044073 ape=0.5613
[14:52:53] warmStart 39% (852/2183) regret=0.043959 ape=0.5613
[14:52:53] warmStart 39% (853/2183) regret=0.043959 ape=0.5613
[14:52:53] warmStart 39% (854/2183) regret=0.044408 ape=0.5622
[14:52:53] warmStart 39% (855/2183) regret=0.043696 ape=0.5604
[14:52:54] warmStart 39% (856/2183) regret=0.043918 ape=0.5613
[14:52:54] warmStart 39% (857/2183) regret=0.043924 ape=0.5613
[14:52:54] warmStart 39% (858/2183) regret=0.043820 ape=0.5613
[14:52:54] warmStart 39% (859/2183) regret=0.043820 ape=0.5613
[14:52:55] warmStart 39% (860/2183) regret=0.043820 ape=0.5613
[14:52:55] warmStart 39% (861/2183) regret=0.043820 ape=0.5613
[14:52:55] warmStart 39% (862/2183) regret=0.043696 ape=0.5604
[14:52:55] warmStart 39% (863/2183) regret=0.043733 ape=0.5613
[14:52:55] warmStart 39% (864/2183) regret=0.043871 ape=0.5613
[14:52:56] warmStart 39% (865/2183) regret=0.043567 ape=0.5604
[14:52:56] warmStart 39% (866/2183) regret=0.043428 ape=0.5594
[14:52:56] warmStart 39% (867/2183) regret=0.043428 ape=0.5594
[14:52:56] warmStart 39% (868/2183) regret=0.043428 ape=0.5594
[14:52:57] warmStart 39% (869/2183) regret=0.043438 ape=0.5604
[14:52:57] warmStart 39% (870/2183) regret=0.043604 ape=0.5604
[14:52:57] warmStart 39% (871/2183) regret=0.043387 ape=0.5594
[14:52:57] warmStart 39% (872/2183) regret=0.043387 ape=0.5594
[14:52:57] warmStart 39% (873/2183) regret=0.043387 ape=0.5594
[14:52:58] warmStart 40% (874/2183) regret=0.043387 ape=0.5594
[14:52:58] warmStart 40% (875/2183) regret=0.043387 ape=0.5594
[14:52:58] warmStart 40% (876/2183) regret=0.043387 ape=0.5594
[14:52:58] warmStart 40% (877/2183) regret=0.043387 ape=0.5594
[14:52:58] warmStart 40% (878/2183) regret=0.043387 ape=0.5594
[14:52:59] warmStart 40% (879/2183) regret=0.043387 ape=0.5594
[14:52:59] warmStart 40% (880/2183) regret=0.043387 ape=0.5594
[14:52:59] warmStart 40% (881/2183) regret=0.043387 ape=0.5594
[14:52:59] warmStart 40% (882/2183) regret=0.043387 ape=0.5594
[14:53:00] warmStart 40% (883/2183) regret=0.043387 ape=0.5594
[14:53:00] warmStart 40% (884/2183) regret=0.043387 ape=0.5594
[14:53:00] warmStart 40% (885/2183) regret=0.043387 ape=0.5594
[14:53:00] warmStart 40% (886/2183) regret=0.043387 ape=0.5594
[14:53:00] warmStart 40% (887/2183) regret=0.043387 ape=0.5594
[14:53:01] warmStart 40% (888/2183) regret=0.043387 ape=0.5594
[14:53:01] warmStart 40% (889/2183) regret=0.043387 ape=0.5594
[14:53:01] warmStart 40% (890/2183) regret=0.043387 ape=0.5594
[14:53:01] warmStart 40% (891/2183) regret=0.043387 ape=0.5594
[14:53:01] warmStart 40% (892/2183) regret=0.043387 ape=0.5594
[14:53:02] warmStart 40% (893/2183) regret=0.043387 ape=0.5594
[14:53:02] warmStart 40% (894/2183) regret=0.043387 ape=0.5594
[14:53:02] warmStart 40% (895/2183) regret=0.043387 ape=0.5594
[14:53:02] warmStart 41% (896/2183) regret=0.043387 ape=0.5594
[14:53:02] warmStart 41% (897/2183) regret=0.043387 ape=0.5594
[14:53:03] warmStart 41% (898/2183) regret=0.043387 ape=0.5594
[14:53:03] warmStart 41% (899/2183) regret=0.043387 ape=0.5594
[14:53:03] warmStart 41% (900/2183) regret=0.043387 ape=0.5594
[14:53:03] warmStart 41% (901/2183) regret=0.043378 ape=0.5594
[14:53:04] warmStart 41% (902/2183) regret=0.043378 ape=0.5594
[14:53:04] warmStart 41% (903/2183) regret=0.043378 ape=0.5594
[14:53:04] warmStart 41% (904/2183) regret=0.043444 ape=0.5594
[14:53:04] warmStart 41% (905/2183) regret=0.043304 ape=0.5585
[14:53:04] warmStart 41% (906/2183) regret=0.043295 ape=0.5585
[14:53:05] warmStart 41% (907/2183) regret=0.043311 ape=0.5585
[14:53:05] warmStart 41% (908/2183) regret=0.043045 ape=0.5567
[14:53:05] warmStart 41% (909/2183) regret=0.043081 ape=0.5567
[14:53:05] warmStart 41% (910/2183) regret=0.043167 ape=0.5576
[14:53:05] warmStart 41% (911/2183) regret=0.043110 ape=0.5567
[14:53:06] warmStart 41% (912/2183) regret=0.043110 ape=0.5567
[14:53:06] warmStart 41% (913/2183) regret=0.043110 ape=0.5567
[14:53:06] warmStart 41% (914/2183) regret=0.043110 ape=0.5567
[14:53:06] warmStart 41% (915/2183) regret=0.043096 ape=0.5567
[14:53:06] warmStart 41% (916/2183) regret=0.043096 ape=0.5567
[14:53:07] warmStart 42% (917/2183) regret=0.043096 ape=0.5567
[14:53:07] warmStart 42% (918/2183) regret=0.043096 ape=0.5567
[14:53:07] warmStart 42% (919/2183) regret=0.043096 ape=0.5567
[14:53:07] warmStart 42% (920/2183) regret=0.043096 ape=0.5567
[14:53:07] warmStart 42% (921/2183) regret=0.043096 ape=0.5567
[14:53:08] warmStart 42% (922/2183) regret=0.043096 ape=0.5567
[14:53:08] warmStart 42% (923/2183) regret=0.043096 ape=0.5567
[14:53:08] warmStart 42% (924/2183) regret=0.042872 ape=0.5558
[14:53:08] warmStart 42% (925/2183) regret=0.042872 ape=0.5558
[14:53:08] warmStart 42% (926/2183) regret=0.042872 ape=0.5558
[14:53:09] warmStart 42% (927/2183) regret=0.042872 ape=0.5558
[14:53:09] warmStart 42% (928/2183) regret=0.042872 ape=0.5558
[14:53:09] warmStart 42% (929/2183) regret=0.042872 ape=0.5558
[14:53:09] warmStart 42% (930/2183) regret=0.043208 ape=0.5567
[14:53:09] warmStart 42% (931/2183) regret=0.043208 ape=0.5567
[14:53:10] warmStart 42% (932/2183) regret=0.043208 ape=0.5567
[14:53:10] warmStart 42% (933/2183) regret=0.043208 ape=0.5567
[14:53:10] warmStart 42% (934/2183) regret=0.043208 ape=0.5567
[14:53:10] warmStart 42% (935/2183) regret=0.043208 ape=0.5567
[14:53:11] warmStart 42% (936/2183) regret=0.043208 ape=0.5567
[14:53:11] warmStart 42% (937/2183) regret=0.043208 ape=0.5567
[14:53:11] warmStart 42% (938/2183) regret=0.043208 ape=0.5567
[14:53:11] warmStart 43% (939/2183) regret=0.043208 ape=0.5567
[14:53:11] warmStart 43% (940/2183) regret=0.043208 ape=0.5567
[14:53:12] warmStart 43% (941/2183) regret=0.043208 ape=0.5567
[14:53:12] warmStart 43% (942/2183) regret=0.043208 ape=0.5567
[14:53:12] warmStart 43% (943/2183) regret=0.043208 ape=0.5567
[14:53:12] warmStart 43% (944/2183) regret=0.043208 ape=0.5567
[14:53:12] warmStart 43% (945/2183) regret=0.043208 ape=0.5567
[14:53:13] warmStart 43% (946/2183) regret=0.043208 ape=0.5567
[14:53:13] warmStart 43% (947/2183) regret=0.043208 ape=0.5567
[14:53:13] warmStart 43% (948/2183) regret=0.043208 ape=0.5567
[14:53:13] warmStart 43% (949/2183) regret=0.043208 ape=0.5567
[14:53:14] warmStart 43% (950/2183) regret=0.043208 ape=0.5567
[14:53:14] warmStart 43% (951/2183) regret=0.043208 ape=0.5567
[14:53:14] warmStart 43% (952/2183) regret=0.043208 ape=0.5567
[14:53:14] warmStart 43% (953/2183) regret=0.043208 ape=0.5567
[14:53:14] warmStart 43% (954/2183) regret=0.043208 ape=0.5567
[14:53:15] warmStart 43% (955/2183) regret=0.043208 ape=0.5567
[14:53:15] warmStart 43% (956/2183) regret=0.043208 ape=0.5567
[14:53:15] warmStart 43% (957/2183) regret=0.043208 ape=0.5567
[14:53:15] warmStart 43% (958/2183) regret=0.043208 ape=0.5567
[14:53:15] warmStart 43% (959/2183) regret=0.043208 ape=0.5567
[14:53:16] warmStart 43% (960/2183) regret=0.043208 ape=0.5567
[14:53:16] warmStart 44% (961/2183) regret=0.043208 ape=0.5567
[14:53:16] warmStart 44% (962/2183) regret=0.043208 ape=0.5567
[14:53:16] warmStart 44% (963/2183) regret=0.043208 ape=0.5567
[14:53:16] warmStart 44% (964/2183) regret=0.043208 ape=0.5567
[14:53:17] warmStart 44% (965/2183) regret=0.043208 ape=0.5567
[14:53:17] warmStart 44% (966/2183) regret=0.043208 ape=0.5567
[14:53:17] warmStart 44% (967/2183) regret=0.043208 ape=0.5567
[14:53:17] warmStart 44% (968/2183) regret=0.043208 ape=0.5567
[14:53:17] warmStart 44% (969/2183) regret=0.043208 ape=0.5567
[14:53:18] warmStart 44% (970/2183) regret=0.043208 ape=0.5567
[14:53:18] warmStart 44% (971/2183) regret=0.043208 ape=0.5567
[14:53:18] warmStart 44% (972/2183) regret=0.043208 ape=0.5567
[14:53:18] warmStart 44% (973/2183) regret=0.043208 ape=0.5567
[14:53:18] warmStart 44% (974/2183) regret=0.043130 ape=0.5558
[14:53:19] warmStart 44% (975/2183) regret=0.043130 ape=0.5558
[14:53:19] warmStart 44% (976/2183) regret=0.043130 ape=0.5558
[14:53:19] warmStart 44% (977/2183) regret=0.043012 ape=0.5558
[14:53:19] warmStart 44% (978/2183) regret=0.043179 ape=0.5567
[14:53:19] warmStart 44% (979/2183) regret=0.043179 ape=0.5567
[14:53:20] warmStart 44% (980/2183) regret=0.043203 ape=0.5567
[14:53:20] warmStart 44% (981/2183) regret=0.043203 ape=0.5567
[14:53:20] warmStart 44% (982/2183) regret=0.043203 ape=0.5567
[14:53:20] warmStart 45% (983/2183) regret=0.043176 ape=0.5567
[14:53:21] warmStart 45% (984/2183) regret=0.043199 ape=0.5567
[14:53:21] warmStart 45% (985/2183) regret=0.043166 ape=0.5567
[14:53:21] warmStart 45% (986/2183) regret=0.043222 ape=0.5567
[14:53:21] warmStart 45% (987/2183) regret=0.043259 ape=0.5576
[14:53:21] warmStart 45% (988/2183) regret=0.043259 ape=0.5576
[14:53:22] warmStart 45% (989/2183) regret=0.042950 ape=0.5576
[14:53:22] warmStart 45% (990/2183) regret=0.042722 ape=0.5567
[14:53:22] warmStart 45% (991/2183) regret=0.042763 ape=0.5567
[14:53:22] warmStart 45% (992/2183) regret=0.042717 ape=0.5567
[14:53:22] warmStart 45% (993/2183) regret=0.042755 ape=0.5576
[14:53:23] warmStart 45% (994/2183) regret=0.042737 ape=0.5567
[14:53:23] warmStart 45% (995/2183) regret=0.042737 ape=0.5567
[14:53:23] warmStart 45% (996/2183) regret=0.042798 ape=0.5567
[14:53:23] warmStart 45% (997/2183) regret=0.042527 ape=0.5558
[14:53:24] warmStart 45% (998/2183) regret=0.042368 ape=0.5558
[14:53:24] warmStart 45% (999/2183) regret=0.042375 ape=0.5558
[14:53:24] warmStart 45% (1000/2183) regret=0.042375 ape=0.5558
[14:53:24] warmStart 45% (1001/2183) regret=0.042302 ape=0.5548
[14:53:24] warmStart 45% (1002/2183) regret=0.042400 ape=0.5548
[14:53:25] warmStart 45% (1003/2183) regret=0.042309 ape=0.5548
[14:53:25] warmStart 45% (1004/2183) regret=0.042306 ape=0.5548
[14:53:25] warmStart 46% (1005/2183) regret=0.042324 ape=0.5548
[14:53:25] warmStart 46% (1006/2183) regret=0.041361 ape=0.5530
[14:53:25] warmStart 46% (1007/2183) regret=0.041398 ape=0.5530
[14:53:26] warmStart 46% (1008/2183) regret=0.041350 ape=0.5530
[14:53:26] warmStart 46% (1009/2183) regret=0.041350 ape=0.5530
[14:53:26] warmStart 46% (1010/2183) regret=0.041350 ape=0.5530
[14:53:26] warmStart 46% (1011/2183) regret=0.041350 ape=0.5530
[14:53:26] warmStart 46% (1012/2183) regret=0.041350 ape=0.5530
[14:53:27] warmStart 46% (1013/2183) regret=0.041350 ape=0.5530
[14:53:27] warmStart 46% (1014/2183) regret=0.041350 ape=0.5530
[14:53:27] warmStart 46% (1015/2183) regret=0.041350 ape=0.5530
[14:53:27] warmStart 46% (1016/2183) regret=0.041235 ape=0.5530
[14:53:28] warmStart 46% (1017/2183) regret=0.041046 ape=0.5521
[14:53:28] warmStart 46% (1018/2183) regret=0.041073 ape=0.5521
[14:53:28] warmStart 46% (1019/2183) regret=0.041073 ape=0.5521
[14:53:28] warmStart 46% (1020/2183) regret=0.041073 ape=0.5521
[14:53:28] warmStart 46% (1021/2183) regret=0.041073 ape=0.5521
[14:53:29] warmStart 46% (1022/2183) regret=0.041073 ape=0.5521
[14:53:29] warmStart 46% (1023/2183) regret=0.041073 ape=0.5521
[14:53:29] warmStart 46% (1024/2183) regret=0.041073 ape=0.5521
[14:53:29] warmStart 46% (1025/2183) regret=0.041073 ape=0.5521
[14:53:29] warmStart 46% (1026/2183) regret=0.041073 ape=0.5521
[14:53:30] warmStart 47% (1027/2183) regret=0.041073 ape=0.5521
[14:53:30] warmStart 47% (1028/2183) regret=0.041073 ape=0.5521
[14:53:30] warmStart 47% (1029/2183) regret=0.041073 ape=0.5521
[14:53:30] warmStart 47% (1030/2183) regret=0.041073 ape=0.5521
[14:53:31] warmStart 47% (1031/2183) regret=0.041073 ape=0.5521
[14:53:31] warmStart 47% (1032/2183) regret=0.041073 ape=0.5521
[14:53:31] warmStart 47% (1033/2183) regret=0.041073 ape=0.5521
[14:53:31] warmStart 47% (1034/2183) regret=0.041073 ape=0.5521
[14:53:31] warmStart 47% (1035/2183) regret=0.041073 ape=0.5521
[14:53:32] warmStart 47% (1036/2183) regret=0.041073 ape=0.5521
[14:53:32] warmStart 47% (1037/2183) regret=0.041073 ape=0.5521
[14:53:32] warmStart 47% (1038/2183) regret=0.041073 ape=0.5521
[14:53:32] warmStart 47% (1039/2183) regret=0.041073 ape=0.5521
[14:53:32] warmStart 47% (1040/2183) regret=0.041073 ape=0.5521
[14:53:33] warmStart 47% (1041/2183) regret=0.041073 ape=0.5521
[14:53:33] warmStart 47% (1042/2183) regret=0.041073 ape=0.5521
[14:53:33] warmStart 47% (1043/2183) regret=0.041073 ape=0.5521
[14:53:33] warmStart 47% (1044/2183) regret=0.041073 ape=0.5521
[14:53:34] warmStart 47% (1045/2183) regret=0.041073 ape=0.5521
[14:53:34] warmStart 47% (1046/2183) regret=0.041073 ape=0.5521
[14:53:34] warmStart 47% (1047/2183) regret=0.041073 ape=0.5521
[14:53:34] warmStart 48% (1048/2183) regret=0.041073 ape=0.5521
[14:53:34] warmStart 48% (1049/2183) regret=0.041073 ape=0.5521
[14:53:35] warmStart 48% (1050/2183) regret=0.041073 ape=0.5521
[14:53:35] warmStart 48% (1051/2183) regret=0.041073 ape=0.5521
[14:53:35] warmStart 48% (1052/2183) regret=0.041073 ape=0.5521
[14:53:35] warmStart 48% (1053/2183) regret=0.041090 ape=0.5521
[14:53:35] warmStart 48% (1054/2183) regret=0.041073 ape=0.5521
[14:53:36] warmStart 48% (1055/2183) regret=0.041073 ape=0.5521
[14:53:36] warmStart 48% (1056/2183) regret=0.040988 ape=0.5512
[14:53:36] warmStart 48% (1057/2183) regret=0.040988 ape=0.5512
[14:53:36] warmStart 48% (1058/2183) regret=0.040988 ape=0.5512
[14:53:37] warmStart 48% (1059/2183) regret=0.040988 ape=0.5512
[14:53:37] warmStart 48% (1060/2183) regret=0.040910 ape=0.5512
[14:53:37] warmStart 48% (1061/2183) regret=0.040988 ape=0.5512
[14:53:37] warmStart 48% (1062/2183) regret=0.040787 ape=0.5502
[14:53:37] warmStart 48% (1063/2183) regret=0.040787 ape=0.5502
[14:53:38] warmStart 48% (1064/2183) regret=0.040787 ape=0.5502
[14:53:38] warmStart 48% (1065/2183) regret=0.040787 ape=0.5502
[14:53:38] warmStart 48% (1066/2183) regret=0.040575 ape=0.5484
[14:53:38] warmStart 48% (1067/2183) regret=0.040574 ape=0.5484
[14:53:38] warmStart 48% (1068/2183) regret=0.040546 ape=0.5475
[14:53:39] warmStart 48% (1069/2183) regret=0.040546 ape=0.5475
[14:53:39] warmStart 49% (1070/2183) regret=0.040546 ape=0.5475
[14:53:39] warmStart 49% (1071/2183) regret=0.040546 ape=0.5475
[14:53:39] warmStart 49% (1072/2183) regret=0.040620 ape=0.5475
[14:53:40] warmStart 49% (1073/2183) regret=0.040565 ape=0.5475
[14:53:40] warmStart 49% (1074/2183) regret=0.040565 ape=0.5475
[14:53:40] warmStart 49% (1075/2183) regret=0.040583 ape=0.5475
[14:53:40] warmStart 49% (1076/2183) regret=0.040574 ape=0.5475
[14:53:40] warmStart 49% (1077/2183) regret=0.040574 ape=0.5475
[14:53:41] warmStart 49% (1078/2183) regret=0.040574 ape=0.5475
[14:53:41] warmStart 49% (1079/2183) regret=0.040574 ape=0.5475
[14:53:41] warmStart 49% (1080/2183) regret=0.040482 ape=0.5465
[14:53:41] warmStart 49% (1081/2183) regret=0.040482 ape=0.5465
[14:53:41] warmStart 49% (1082/2183) regret=0.040476 ape=0.5465
[14:53:42] warmStart 49% (1083/2183) regret=0.040487 ape=0.5465
[14:53:42] warmStart 49% (1084/2183) regret=0.040493 ape=0.5465
[14:53:42] warmStart 49% (1085/2183) regret=0.040508 ape=0.5465
[14:53:42] warmStart 49% (1086/2183) regret=0.040473 ape=0.5456
[14:53:43] warmStart 49% (1087/2183) regret=0.040390 ape=0.5456
[14:53:43] warmStart 49% (1088/2183) regret=0.040360 ape=0.5456
[14:53:43] warmStart 49% (1089/2183) regret=0.040277 ape=0.5447
[14:53:43] warmStart 49% (1090/2183) regret=0.040181 ape=0.5438
[14:53:43] warmStart 49% (1091/2183) regret=0.040511 ape=0.5447
[14:53:44] warmStart 50% (1092/2183) regret=0.040533 ape=0.5447
[14:53:44] warmStart 50% (1093/2183) regret=0.040303 ape=0.5447
[14:53:44] warmStart 50% (1094/2183) regret=0.040223 ape=0.5447
[14:53:44] warmStart 50% (1095/2183) regret=0.040219 ape=0.5447
[14:53:44] warmStart 50% (1096/2183) regret=0.040223 ape=0.5447
[14:53:45] warmStart 50% (1097/2183) regret=0.040287 ape=0.5438
[14:53:45] warmStart 50% (1098/2183) regret=0.040024 ape=0.5429
[14:53:45] warmStart 50% (1099/2183) regret=0.039831 ape=0.5429
[14:53:45] warmStart 50% (1100/2183) regret=0.039582 ape=0.5419
[14:53:46] warmStart 50% (1101/2183) regret=0.039279 ape=0.5419
[14:53:46] warmStart 50% (1102/2183) regret=0.039279 ape=0.5419
[14:53:46] warmStart 50% (1103/2183) regret=0.039270 ape=0.5419
[14:53:46] warmStart 50% (1104/2183) regret=0.039353 ape=0.5429
[14:53:46] warmStart 50% (1105/2183) regret=0.039279 ape=0.5419
[14:53:47] warmStart 50% (1106/2183) regret=0.039279 ape=0.5419
[14:53:47] warmStart 50% (1107/2183) regret=0.039293 ape=0.5419
[14:53:47] warmStart 50% (1108/2183) regret=0.039293 ape=0.5419
[14:53:47] warmStart 50% (1109/2183) regret=0.039293 ape=0.5419
[14:53:47] warmStart 50% (1110/2183) regret=0.039293 ape=0.5419
[14:53:48] warmStart 50% (1111/2183) regret=0.039293 ape=0.5419
[14:53:48] warmStart 50% (1112/2183) regret=0.039293 ape=0.5419
[14:53:48] warmStart 50% (1113/2183) regret=0.039293 ape=0.5419
[14:53:48] warmStart 51% (1114/2183) regret=0.039206 ape=0.5401
[14:53:48] warmStart 51% (1115/2183) regret=0.039206 ape=0.5401
[14:53:49] warmStart 51% (1116/2183) regret=0.039206 ape=0.5401
[14:53:49] warmStart 51% (1117/2183) regret=0.039206 ape=0.5401
[14:53:49] warmStart 51% (1118/2183) regret=0.039203 ape=0.5401
[14:53:49] warmStart 51% (1119/2183) regret=0.039203 ape=0.5401
[14:53:49] warmStart 51% (1120/2183) regret=0.039203 ape=0.5401
[14:53:50] warmStart 51% (1121/2183) regret=0.039101 ape=0.5401
[14:53:50] warmStart 51% (1122/2183) regret=0.039101 ape=0.5401
[14:53:50] warmStart 51% (1123/2183) regret=0.039101 ape=0.5401
[14:53:50] warmStart 51% (1124/2183) regret=0.039175 ape=0.5401
[14:53:51] warmStart 51% (1125/2183) regret=0.039175 ape=0.5401
[14:53:51] warmStart 51% (1126/2183) regret=0.039194 ape=0.5401
[14:53:51] warmStart 51% (1127/2183) regret=0.038816 ape=0.5392
[14:53:51] warmStart 51% (1128/2183) regret=0.038797 ape=0.5392
[14:53:51] warmStart 51% (1129/2183) regret=0.038843 ape=0.5392
[14:53:52] warmStart 51% (1130/2183) regret=0.038797 ape=0.5392
[14:53:52] warmStart 51% (1131/2183) regret=0.038267 ape=0.5382
[14:53:52] warmStart 51% (1132/2183) regret=0.038267 ape=0.5382
[14:53:52] warmStart 51% (1133/2183) regret=0.038267 ape=0.5382
[14:53:52] warmStart 51% (1134/2183) regret=0.038267 ape=0.5382
[14:53:53] warmStart 51% (1135/2183) regret=0.038267 ape=0.5382
[14:53:53] warmStart 52% (1136/2183) regret=0.038267 ape=0.5382
[14:53:53] warmStart 52% (1137/2183) regret=0.038267 ape=0.5382
[14:53:53] warmStart 52% (1138/2183) regret=0.038267 ape=0.5382
[14:53:54] warmStart 52% (1139/2183) regret=0.038267 ape=0.5382
[14:53:54] warmStart 52% (1140/2183) regret=0.038258 ape=0.5382
[14:53:54] warmStart 52% (1141/2183) regret=0.038258 ape=0.5382
[14:53:54] warmStart 52% (1142/2183) regret=0.038258 ape=0.5382
[14:53:54] warmStart 52% (1143/2183) regret=0.038187 ape=0.5382
[14:53:55] warmStart 52% (1144/2183) regret=0.038243 ape=0.5382
[14:53:55] warmStart 52% (1145/2183) regret=0.038243 ape=0.5382
[14:53:55] warmStart 52% (1146/2183) regret=0.038243 ape=0.5382
[14:53:55] warmStart 52% (1147/2183) regret=0.038243 ape=0.5382
[14:53:55] warmStart 52% (1148/2183) regret=0.038243 ape=0.5382
[14:53:56] warmStart 52% (1149/2183) regret=0.038243 ape=0.5382
[14:53:56] warmStart 52% (1150/2183) regret=0.038243 ape=0.5382
[14:53:56] warmStart 52% (1151/2183) regret=0.038243 ape=0.5382
[14:53:56] warmStart 52% (1152/2183) regret=0.038243 ape=0.5382
[14:53:57] warmStart 52% (1153/2183) regret=0.038316 ape=0.5382
[14:53:57] warmStart 52% (1154/2183) regret=0.038316 ape=0.5382
[14:53:57] warmStart 52% (1155/2183) regret=0.038316 ape=0.5382
[14:53:57] warmStart 52% (1156/2183) regret=0.038316 ape=0.5382
[14:53:57] warmStart 53% (1157/2183) regret=0.038316 ape=0.5382
[14:53:58] warmStart 53% (1158/2183) regret=0.038316 ape=0.5382
[14:53:58] warmStart 53% (1159/2183) regret=0.038316 ape=0.5382
[14:53:58] warmStart 53% (1160/2183) regret=0.038316 ape=0.5382
[14:53:58] warmStart 53% (1161/2183) regret=0.038316 ape=0.5382
[14:53:58] warmStart 53% (1162/2183) regret=0.038086 ape=0.5373
[14:53:59] warmStart 53% (1163/2183) regret=0.038155 ape=0.5382
[14:53:59] warmStart 53% (1164/2183) regret=0.038154 ape=0.5382
[14:53:59] warmStart 53% (1165/2183) regret=0.038154 ape=0.5382
[14:53:59] warmStart 53% (1166/2183) regret=0.038154 ape=0.5382
[14:54:00] warmStart 53% (1167/2183) regret=0.038154 ape=0.5382
[14:54:00] warmStart 53% (1168/2183) regret=0.038154 ape=0.5382
[14:54:00] warmStart 53% (1169/2183) regret=0.037929 ape=0.5373
[14:54:00] warmStart 53% (1170/2183) regret=0.038011 ape=0.5382
[14:54:00] warmStart 53% (1171/2183) regret=0.038011 ape=0.5382
[14:54:01] warmStart 53% (1172/2183) regret=0.038011 ape=0.5382
[14:54:01] warmStart 53% (1173/2183) regret=0.038011 ape=0.5382
[14:54:01] warmStart 53% (1174/2183) regret=0.038011 ape=0.5382
[14:54:01] warmStart 53% (1175/2183) regret=0.038011 ape=0.5382
[14:54:01] warmStart 53% (1176/2183) regret=0.038033 ape=0.5382
[14:54:02] warmStart 53% (1177/2183) regret=0.038033 ape=0.5382
[14:54:02] warmStart 53% (1178/2183) regret=0.038033 ape=0.5382
[14:54:02] warmStart 54% (1179/2183) regret=0.038033 ape=0.5382
[14:54:02] warmStart 54% (1180/2183) regret=0.038217 ape=0.5392
[14:54:02] warmStart 54% (1181/2183) regret=0.038033 ape=0.5382
[14:54:03] warmStart 54% (1182/2183) regret=0.038033 ape=0.5382
[14:54:03] warmStart 54% (1183/2183) regret=0.038033 ape=0.5382
[14:54:03] warmStart 54% (1184/2183) regret=0.038033 ape=0.5382
[14:54:03] warmStart 54% (1185/2183) regret=0.038033 ape=0.5382
[14:54:03] warmStart 54% (1186/2183) regret=0.038033 ape=0.5382
[14:54:04] warmStart 54% (1187/2183) regret=0.038033 ape=0.5382
[14:54:04] warmStart 54% (1188/2183) regret=0.037830 ape=0.5373
[14:54:04] warmStart 54% (1189/2183) regret=0.037830 ape=0.5373
[14:54:04] warmStart 54% (1190/2183) regret=0.037830 ape=0.5373
[14:54:04] warmStart 54% (1191/2183) regret=0.037830 ape=0.5373
[14:54:05] warmStart 54% (1192/2183) regret=0.037830 ape=0.5373
[14:54:05] warmStart 54% (1193/2183) regret=0.037517 ape=0.5373
[14:54:05] warmStart 54% (1194/2183) regret=0.037517 ape=0.5373
[14:54:05] warmStart 54% (1195/2183) regret=0.037517 ape=0.5373
[14:54:05] warmStart 54% (1196/2183) regret=0.037517 ape=0.5373
[14:54:06] warmStart 54% (1197/2183) regret=0.037517 ape=0.5373
[14:54:06] warmStart 54% (1198/2183) regret=0.037517 ape=0.5373
[14:54:06] warmStart 54% (1199/2183) regret=0.037517 ape=0.5373
[14:54:06] warmStart 54% (1200/2183) regret=0.037517 ape=0.5373
[14:54:06] warmStart 55% (1201/2183) regret=0.037517 ape=0.5373
[14:54:07] warmStart 55% (1202/2183) regret=0.037517 ape=0.5373
[14:54:07] warmStart 55% (1203/2183) regret=0.037480 ape=0.5373
[14:54:07] warmStart 55% (1204/2183) regret=0.037445 ape=0.5373
[14:54:07] warmStart 55% (1205/2183) regret=0.037217 ape=0.5373
[14:54:07] warmStart 55% (1206/2183) regret=0.037248 ape=0.5373
[14:54:08] warmStart 55% (1207/2183) regret=0.037248 ape=0.5373
[14:54:08] warmStart 55% (1208/2183) regret=0.037263 ape=0.5373
[14:54:08] warmStart 55% (1209/2183) regret=0.037082 ape=0.5373
[14:54:08] warmStart 55% (1210/2183) regret=0.037133 ape=0.5373
[14:54:08] warmStart 55% (1211/2183) regret=0.037133 ape=0.5373
[14:54:09] warmStart 55% (1212/2183) regret=0.037139 ape=0.5373
[14:54:09] warmStart 55% (1213/2183) regret=0.037130 ape=0.5373
[14:54:09] warmStart 55% (1214/2183) regret=0.037028 ape=0.5364
[14:54:09] warmStart 55% (1215/2183) regret=0.037321 ape=0.5373
[14:54:10] warmStart 55% (1216/2183) regret=0.037321 ape=0.5373
[14:54:10] warmStart 55% (1217/2183) regret=0.037026 ape=0.5364
[14:54:10] warmStart 55% (1218/2183) regret=0.036994 ape=0.5364
[14:54:10] warmStart 55% (1219/2183) regret=0.036994 ape=0.5364
[14:54:10] warmStart 55% (1220/2183) regret=0.036994 ape=0.5364
[14:54:11] warmStart 55% (1221/2183) regret=0.037030 ape=0.5364
[14:54:11] warmStart 55% (1222/2183) regret=0.037030 ape=0.5364
[14:54:11] warmStart 56% (1223/2183) regret=0.037030 ape=0.5364
[14:54:11] warmStart 56% (1224/2183) regret=0.037030 ape=0.5364
[14:54:11] warmStart 56% (1225/2183) regret=0.037016 ape=0.5355
[14:54:12] warmStart 56% (1226/2183) regret=0.037016 ape=0.5355
[14:54:12] warmStart 56% (1227/2183) regret=0.037016 ape=0.5355
[14:54:12] warmStart 56% (1228/2183) regret=0.037018 ape=0.5346
[14:54:12] warmStart 56% (1229/2183) regret=0.037018 ape=0.5346
[14:54:12] warmStart 56% (1230/2183) regret=0.036964 ape=0.5346
[14:54:13] warmStart 56% (1231/2183) regret=0.036978 ape=0.5346
[14:54:13] warmStart 56% (1232/2183) regret=0.036978 ape=0.5346
[14:54:13] warmStart 56% (1233/2183) regret=0.036978 ape=0.5346
[14:54:13] warmStart 56% (1234/2183) regret=0.036978 ape=0.5346
[14:54:14] warmStart 56% (1235/2183) regret=0.036978 ape=0.5346
[14:54:14] warmStart 56% (1236/2183) regret=0.036978 ape=0.5346
[14:54:14] warmStart 56% (1237/2183) regret=0.036978 ape=0.5346
[14:54:14] warmStart 56% (1238/2183) regret=0.036978 ape=0.5346
[14:54:14] warmStart 56% (1239/2183) regret=0.036978 ape=0.5346
[14:54:15] warmStart 56% (1240/2183) regret=0.036978 ape=0.5346
[14:54:15] warmStart 56% (1241/2183) regret=0.036978 ape=0.5346
[14:54:15] warmStart 56% (1242/2183) regret=0.036978 ape=0.5346
[14:54:15] warmStart 56% (1243/2183) regret=0.036976 ape=0.5346
[14:54:16] warmStart 56% (1244/2183) regret=0.036976 ape=0.5346
[14:54:16] warmStart 57% (1245/2183) regret=0.036976 ape=0.5346
[14:54:16] warmStart 57% (1246/2183) regret=0.036976 ape=0.5346
[14:54:16] warmStart 57% (1247/2183) regret=0.036976 ape=0.5346
[14:54:16] warmStart 57% (1248/2183) regret=0.036976 ape=0.5346
[14:54:17] warmStart 57% (1249/2183) regret=0.036976 ape=0.5346
[14:54:17] warmStart 57% (1250/2183) regret=0.036714 ape=0.5336
[14:54:17] warmStart 57% (1251/2183) regret=0.036714 ape=0.5336
[14:54:17] warmStart 57% (1252/2183) regret=0.036714 ape=0.5336
[14:54:17] warmStart 57% (1253/2183) regret=0.036714 ape=0.5336
[14:54:18] warmStart 57% (1254/2183) regret=0.036714 ape=0.5336
[14:54:18] warmStart 57% (1255/2183) regret=0.036566 ape=0.5327
[14:54:18] warmStart 57% (1256/2183) regret=0.036566 ape=0.5327
[14:54:18] warmStart 57% (1257/2183) regret=0.036566 ape=0.5327
[14:54:18] warmStart 57% (1258/2183) regret=0.036566 ape=0.5327
[14:54:19] warmStart 57% (1259/2183) regret=0.036566 ape=0.5327
[14:54:19] warmStart 57% (1260/2183) regret=0.036566 ape=0.5327
[14:54:19] warmStart 57% (1261/2183) regret=0.036566 ape=0.5327
[14:54:19] warmStart 57% (1262/2183) regret=0.036566 ape=0.5327
[14:54:19] warmStart 57% (1263/2183) regret=0.036536 ape=0.5327
[14:54:20] warmStart 57% (1264/2183) regret=0.036536 ape=0.5327
[14:54:20] warmStart 57% (1265/2183) regret=0.036521 ape=0.5318
[14:54:20] warmStart 57% (1266/2183) regret=0.036521 ape=0.5318
[14:54:20] warmStart 58% (1267/2183) regret=0.036521 ape=0.5318
[14:54:20] warmStart 58% (1268/2183) regret=0.036521 ape=0.5318
[14:54:21] warmStart 58% (1269/2183) regret=0.036516 ape=0.5318
[14:54:21] warmStart 58% (1270/2183) regret=0.036516 ape=0.5318
[14:54:21] warmStart 58% (1271/2183) regret=0.036516 ape=0.5318
[14:54:21] warmStart 58% (1272/2183) regret=0.036516 ape=0.5318
[14:54:21] warmStart 58% (1273/2183) regret=0.036516 ape=0.5318
[14:54:22] warmStart 58% (1274/2183) regret=0.036516 ape=0.5318
[14:54:22] warmStart 58% (1275/2183) regret=0.036516 ape=0.5318
[14:54:22] warmStart 58% (1276/2183) regret=0.036516 ape=0.5318
[14:54:22] warmStart 58% (1277/2183) regret=0.036516 ape=0.5318
[14:54:23] warmStart 58% (1278/2183) regret=0.036516 ape=0.5318
[14:54:23] warmStart 58% (1279/2183) regret=0.036516 ape=0.5318
[14:54:23] warmStart 58% (1280/2183) regret=0.036516 ape=0.5318
[14:54:23] warmStart 58% (1281/2183) regret=0.036487 ape=0.5309
[14:54:23] warmStart 58% (1282/2183) regret=0.036487 ape=0.5309
[14:54:24] warmStart 58% (1283/2183) regret=0.036487 ape=0.5309
[14:54:24] warmStart 58% (1284/2183) regret=0.036487 ape=0.5309
[14:54:24] warmStart 58% (1285/2183) regret=0.036487 ape=0.5309
[14:54:24] warmStart 58% (1286/2183) regret=0.036471 ape=0.5309
[14:54:24] warmStart 58% (1287/2183) regret=0.036471 ape=0.5309
[14:54:25] warmStart 59% (1288/2183) regret=0.036471 ape=0.5309
[14:54:25] warmStart 59% (1289/2183) regret=0.036471 ape=0.5309
[14:54:25] warmStart 59% (1290/2183) regret=0.036471 ape=0.5309
[14:54:25] warmStart 59% (1291/2183) regret=0.036236 ape=0.5309
[14:54:25] warmStart 59% (1292/2183) regret=0.036236 ape=0.5309
[14:54:25] warmStart 59% (1293/2183) regret=0.036236 ape=0.5309
[14:54:26] warmStart 59% (1294/2183) regret=0.036236 ape=0.5309
[14:54:26] warmStart 59% (1295/2183) regret=0.036198 ape=0.5300
[14:54:26] warmStart 59% (1296/2183) regret=0.036225 ape=0.5300
[14:54:26] warmStart 59% (1297/2183) regret=0.036166 ape=0.5300
[14:54:26] warmStart 59% (1298/2183) regret=0.036110 ape=0.5300
[14:54:26] warmStart 59% (1299/2183) regret=0.036110 ape=0.5300
[14:54:27] warmStart 59% (1300/2183) regret=0.036110 ape=0.5300
[14:54:27] warmStart 59% (1301/2183) regret=0.036027 ape=0.5290
[14:54:27] warmStart 59% (1302/2183) regret=0.036027 ape=0.5290
[14:54:27] warmStart 59% (1303/2183) regret=0.036027 ape=0.5290
[14:54:27] warmStart 59% (1304/2183) regret=0.035972 ape=0.5290
[14:54:28] warmStart 59% (1305/2183) regret=0.036439 ape=0.5290
[14:54:28] warmStart 59% (1306/2183) regret=0.035972 ape=0.5290
[14:54:28] warmStart 59% (1307/2183) regret=0.035962 ape=0.5290
[14:54:28] warmStart 59% (1308/2183) regret=0.035962 ape=0.5290
[14:54:28] warmStart 59% (1309/2183) regret=0.035962 ape=0.5290
[14:54:28] warmStart 60% (1310/2183) regret=0.035962 ape=0.5290
[14:54:29] warmStart 60% (1311/2183) regret=0.035870 ape=0.5290
[14:54:29] warmStart 60% (1312/2183) regret=0.035889 ape=0.5290
[14:54:29] warmStart 60% (1313/2183) regret=0.035889 ape=0.5290
[14:54:29] warmStart 60% (1314/2183) regret=0.035683 ape=0.5290
[14:54:29] warmStart 60% (1315/2183) regret=0.035840 ape=0.5300
[14:54:30] warmStart 60% (1316/2183) regret=0.035840 ape=0.5300
[14:54:30] warmStart 60% (1317/2183) regret=0.035978 ape=0.5300
[14:54:30] warmStart 60% (1318/2183) regret=0.035978 ape=0.5300
[14:54:30] warmStart 60% (1319/2183) regret=0.035978 ape=0.5300
[14:54:30] warmStart 60% (1320/2183) regret=0.035978 ape=0.5300
[14:54:30] warmStart 60% (1321/2183) regret=0.035978 ape=0.5300
[14:54:31] warmStart 60% (1322/2183) regret=0.035978 ape=0.5300
[14:54:31] warmStart 60% (1323/2183) regret=0.035978 ape=0.5300
[14:54:31] warmStart 60% (1324/2183) regret=0.035877 ape=0.5290
[14:54:31] warmStart 60% (1325/2183) regret=0.035877 ape=0.5290
[14:54:31] warmStart 60% (1326/2183) regret=0.035877 ape=0.5290
[14:54:32] warmStart 60% (1327/2183) regret=0.035877 ape=0.5290
[14:54:32] warmStart 60% (1328/2183) regret=0.035877 ape=0.5290
[14:54:32] warmStart 60% (1329/2183) regret=0.035877 ape=0.5290
[14:54:32] warmStart 60% (1330/2183) regret=0.035877 ape=0.5290
[14:54:32] warmStart 60% (1331/2183) regret=0.035886 ape=0.5290
[14:54:33] warmStart 61% (1332/2183) regret=0.035647 ape=0.5290
[14:54:33] warmStart 61% (1333/2183) regret=0.035859 ape=0.5290
[14:54:33] warmStart 61% (1334/2183) regret=0.036043 ape=0.5290
[14:54:33] warmStart 61% (1335/2183) regret=0.035785 ape=0.5281
[14:54:33] warmStart 61% (1336/2183) regret=0.035785 ape=0.5281
[14:54:33] warmStart 61% (1337/2183) regret=0.035785 ape=0.5281
[14:54:34] warmStart 61% (1338/2183) regret=0.035785 ape=0.5281
[14:54:34] warmStart 61% (1339/2183) regret=0.035785 ape=0.5281
[14:54:34] warmStart 61% (1340/2183) regret=0.035785 ape=0.5281
[14:54:34] warmStart 61% (1341/2183) regret=0.035788 ape=0.5281
[14:54:34] warmStart 61% (1342/2183) regret=0.035788 ape=0.5281
[14:54:35] warmStart 61% (1343/2183) regret=0.035788 ape=0.5281
[14:54:35] warmStart 61% (1344/2183) regret=0.035788 ape=0.5281
[14:54:35] warmStart 61% (1345/2183) regret=0.035993 ape=0.5290
[14:54:35] warmStart 61% (1346/2183) regret=0.035788 ape=0.5281
[14:54:35] warmStart 61% (1347/2183) regret=0.035788 ape=0.5281
[14:54:35] warmStart 61% (1348/2183) regret=0.035788 ape=0.5281
[14:54:36] warmStart 61% (1349/2183) regret=0.035788 ape=0.5281
[14:54:36] warmStart 61% (1350/2183) regret=0.035788 ape=0.5281
[14:54:36] warmStart 61% (1351/2183) regret=0.035788 ape=0.5281
[14:54:36] warmStart 61% (1352/2183) regret=0.035788 ape=0.5281
[14:54:36] warmStart 61% (1353/2183) regret=0.035788 ape=0.5281
[14:54:36] warmStart 62% (1354/2183) regret=0.035728 ape=0.5281
[14:54:37] warmStart 62% (1355/2183) regret=0.035728 ape=0.5281
[14:54:37] warmStart 62% (1356/2183) regret=0.035728 ape=0.5281
[14:54:37] warmStart 62% (1357/2183) regret=0.035728 ape=0.5281
[14:54:37] warmStart 62% (1358/2183) regret=0.035728 ape=0.5281
[14:54:37] warmStart 62% (1359/2183) regret=0.035728 ape=0.5281
[14:54:37] warmStart 62% (1360/2183) regret=0.035728 ape=0.5281
[14:54:38] warmStart 62% (1361/2183) regret=0.035671 ape=0.5272
[14:54:38] warmStart 62% (1362/2183) regret=0.035671 ape=0.5272
[14:54:38] warmStart 62% (1363/2183) regret=0.035647 ape=0.5263
[14:54:38] warmStart 62% (1364/2183) regret=0.035647 ape=0.5263
[14:54:38] warmStart 62% (1365/2183) regret=0.035647 ape=0.5263
[14:54:38] warmStart 62% (1366/2183) regret=0.035647 ape=0.5263
[14:54:39] warmStart 62% (1367/2183) regret=0.035647 ape=0.5263
[14:54:39] warmStart 62% (1368/2183) regret=0.035601 ape=0.5263
[14:54:39] warmStart 62% (1369/2183) regret=0.035601 ape=0.5263
[14:54:39] warmStart 62% (1370/2183) regret=0.035601 ape=0.5263
[14:54:39] warmStart 62% (1371/2183) regret=0.035601 ape=0.5263
[14:54:39] warmStart 62% (1372/2183) regret=0.035601 ape=0.5263
[14:54:40] warmStart 62% (1373/2183) regret=0.035601 ape=0.5263
[14:54:40] warmStart 62% (1374/2183) regret=0.035601 ape=0.5263
[14:54:40] warmStart 62% (1375/2183) regret=0.035601 ape=0.5263
[14:54:40] warmStart 63% (1376/2183) regret=0.035601 ape=0.5263
[14:54:40] warmStart 63% (1377/2183) regret=0.035601 ape=0.5263
[14:54:41] warmStart 63% (1378/2183) regret=0.035601 ape=0.5263
[14:54:41] warmStart 63% (1379/2183) regret=0.035601 ape=0.5263
[14:54:41] warmStart 63% (1380/2183) regret=0.035601 ape=0.5263
[14:54:41] warmStart 63% (1381/2183) regret=0.035601 ape=0.5263
[14:54:42] warmStart 63% (1382/2183) regret=0.035601 ape=0.5263
[14:54:42] warmStart 63% (1383/2183) regret=0.035601 ape=0.5263
[14:54:42] warmStart 63% (1384/2183) regret=0.035601 ape=0.5263
[14:54:42] warmStart 63% (1385/2183) regret=0.035601 ape=0.5263
[14:54:43] warmStart 63% (1386/2183) regret=0.035601 ape=0.5263
[14:54:43] warmStart 63% (1387/2183) regret=0.035601 ape=0.5263
[14:54:43] warmStart 63% (1388/2183) regret=0.035574 ape=0.5263
[14:54:43] warmStart 63% (1389/2183) regret=0.035574 ape=0.5263
[14:54:43] warmStart 63% (1390/2183) regret=0.035574 ape=0.5263
[14:54:44] warmStart 63% (1391/2183) regret=0.035574 ape=0.5263
[14:54:44] warmStart 63% (1392/2183) regret=0.035565 ape=0.5253
[14:54:44] warmStart 63% (1393/2183) regret=0.035656 ape=0.5253
[14:54:44] warmStart 63% (1394/2183) regret=0.035656 ape=0.5253
[14:54:44] warmStart 63% (1395/2183) regret=0.035923 ape=0.5253
[14:54:45] warmStart 63% (1396/2183) regret=0.035923 ape=0.5253
[14:54:45] warmStart 63% (1397/2183) regret=0.035923 ape=0.5253
[14:54:45] warmStart 64% (1398/2183) regret=0.035923 ape=0.5253
[14:54:45] warmStart 64% (1399/2183) regret=0.035923 ape=0.5253
[14:54:46] warmStart 64% (1400/2183) regret=0.035923 ape=0.5253
[14:54:46] warmStart 64% (1401/2183) regret=0.035923 ape=0.5253
[14:54:46] warmStart 64% (1402/2183) regret=0.035923 ape=0.5253
[14:54:46] warmStart 64% (1403/2183) regret=0.035923 ape=0.5253
[14:54:46] warmStart 64% (1404/2183) regret=0.035923 ape=0.5253
[14:54:47] warmStart 64% (1405/2183) regret=0.035849 ape=0.5244
[14:54:47] warmStart 64% (1406/2183) regret=0.035849 ape=0.5244
[14:54:47] warmStart 64% (1407/2183) regret=0.035849 ape=0.5244
[14:54:47] warmStart 64% (1408/2183) regret=0.035849 ape=0.5244
[14:54:47] warmStart 64% (1409/2183) regret=0.035849 ape=0.5244
[14:54:48] warmStart 64% (1410/2183) regret=0.035849 ape=0.5244
[14:54:48] warmStart 64% (1411/2183) regret=0.035849 ape=0.5244
[14:54:48] warmStart 64% (1412/2183) regret=0.035849 ape=0.5244
[14:54:48] warmStart 64% (1413/2183) regret=0.035931 ape=0.5244
[14:54:49] warmStart 64% (1414/2183) regret=0.035894 ape=0.5244
[14:54:49] warmStart 64% (1415/2183) regret=0.035894 ape=0.5244
[14:54:49] warmStart 64% (1416/2183) regret=0.035762 ape=0.5235
[14:54:49] warmStart 64% (1417/2183) regret=0.035762 ape=0.5235
[14:54:49] warmStart 64% (1418/2183) regret=0.035776 ape=0.5235
[14:54:50] warmStart 65% (1419/2183) regret=0.035776 ape=0.5235
[14:54:50] warmStart 65% (1420/2183) regret=0.035776 ape=0.5235
[14:54:50] warmStart 65% (1421/2183) regret=0.035776 ape=0.5235
[14:54:50] warmStart 65% (1422/2183) regret=0.035684 ape=0.5235
[14:54:51] warmStart 65% (1423/2183) regret=0.035684 ape=0.5235
[14:54:51] warmStart 65% (1424/2183) regret=0.035684 ape=0.5235
[14:54:51] warmStart 65% (1425/2183) regret=0.035684 ape=0.5235
[14:54:51] warmStart 65% (1426/2183) regret=0.035721 ape=0.5235
[14:54:51] warmStart 65% (1427/2183) regret=0.035550 ape=0.5235
[14:54:52] warmStart 65% (1428/2183) regret=0.035235 ape=0.5217
[14:54:52] warmStart 65% (1429/2183) regret=0.035235 ape=0.5217
[14:54:52] warmStart 65% (1430/2183) regret=0.035080 ape=0.5207
[14:54:52] warmStart 65% (1431/2183) regret=0.035043 ape=0.5207
[14:54:52] warmStart 65% (1432/2183) regret=0.034973 ape=0.5198
[14:54:53] warmStart 65% (1433/2183) regret=0.034719 ape=0.5189
[14:54:53] warmStart 65% (1434/2183) regret=0.034719 ape=0.5189
[14:54:53] warmStart 65% (1435/2183) regret=0.034886 ape=0.5189
[14:54:53] warmStart 65% (1436/2183) regret=0.034628 ape=0.5180
[14:54:54] warmStart 65% (1437/2183) regret=0.034573 ape=0.5180
[14:54:54] warmStart 65% (1438/2183) regret=0.034581 ape=0.5180
[14:54:54] warmStart 65% (1439/2183) regret=0.034573 ape=0.5180
[14:54:54] warmStart 65% (1440/2183) regret=0.034391 ape=0.5180
[14:54:54] warmStart 66% (1441/2183) regret=0.034391 ape=0.5180
[14:54:55] warmStart 66% (1442/2183) regret=0.034414 ape=0.5189
[14:54:55] warmStart 66% (1443/2183) regret=0.034414 ape=0.5189
[14:54:55] warmStart 66% (1444/2183) regret=0.034414 ape=0.5189
[14:54:55] warmStart 66% (1445/2183) regret=0.034414 ape=0.5189
[14:54:55] warmStart 66% (1446/2183) regret=0.034414 ape=0.5189
[14:54:56] warmStart 66% (1447/2183) regret=0.034921 ape=0.5198
[14:54:56] warmStart 66% (1448/2183) regret=0.034718 ape=0.5198
[14:54:56] warmStart 66% (1449/2183) regret=0.034718 ape=0.5198
[14:54:56] warmStart 66% (1450/2183) regret=0.034718 ape=0.5198
[14:54:57] warmStart 66% (1451/2183) regret=0.034718 ape=0.5198
[14:54:57] warmStart 66% (1452/2183) regret=0.034718 ape=0.5198
[14:54:57] warmStart 66% (1453/2183) regret=0.034718 ape=0.5198
[14:54:57] warmStart 66% (1454/2183) regret=0.034221 ape=0.5189
[14:54:57] warmStart 66% (1455/2183) regret=0.034202 ape=0.5189
[14:54:58] warmStart 66% (1456/2183) regret=0.033857 ape=0.5180
[14:54:58] warmStart 66% (1457/2183) regret=0.033857 ape=0.5180
[14:54:58] warmStart 66% (1458/2183) regret=0.033857 ape=0.5180
[14:54:58] warmStart 66% (1459/2183) regret=0.033857 ape=0.5180
[14:54:58] warmStart 66% (1460/2183) regret=0.033857 ape=0.5180
[14:54:59] warmStart 66% (1461/2183) regret=0.033755 ape=0.5171
[14:54:59] warmStart 66% (1462/2183) regret=0.033562 ape=0.5161
[14:54:59] warmStart 67% (1463/2183) regret=0.033562 ape=0.5161
[14:54:59] warmStart 67% (1464/2183) regret=0.033543 ape=0.5161
[14:55:00] warmStart 67% (1465/2183) regret=0.033562 ape=0.5161
[14:55:00] warmStart 67% (1466/2183) regret=0.033562 ape=0.5161
[14:55:00] warmStart 67% (1467/2183) regret=0.033562 ape=0.5161
[14:55:00] warmStart 67% (1468/2183) regret=0.033562 ape=0.5161
[14:55:00] warmStart 67% (1469/2183) regret=0.033562 ape=0.5161
[14:55:01] warmStart 67% (1470/2183) regret=0.033562 ape=0.5161
[14:55:01] warmStart 67% (1471/2183) regret=0.033562 ape=0.5161
[14:55:01] warmStart 67% (1472/2183) regret=0.033562 ape=0.5161
[14:55:01] warmStart 67% (1473/2183) regret=0.033562 ape=0.5161
[14:55:01] warmStart 67% (1474/2183) regret=0.033562 ape=0.5161
[14:55:02] warmStart 67% (1475/2183) regret=0.033562 ape=0.5161
[14:55:02] warmStart 67% (1476/2183) regret=0.033562 ape=0.5161
[14:55:02] warmStart 67% (1477/2183) regret=0.033562 ape=0.5161
[14:55:02] warmStart 67% (1478/2183) regret=0.033562 ape=0.5161
[14:55:02] warmStart 67% (1479/2183) regret=0.033562 ape=0.5161
[14:55:03] warmStart 67% (1480/2183) regret=0.033562 ape=0.5161
[14:55:03] warmStart 67% (1481/2183) regret=0.033562 ape=0.5161
[14:55:03] warmStart 67% (1482/2183) regret=0.033562 ape=0.5161
[14:55:03] warmStart 67% (1483/2183) regret=0.033562 ape=0.5161
[14:55:04] warmStart 67% (1484/2183) regret=0.033562 ape=0.5161
[14:55:04] warmStart 68% (1485/2183) regret=0.033562 ape=0.5161
[14:55:04] warmStart 68% (1486/2183) regret=0.033562 ape=0.5161
[14:55:04] warmStart 68% (1487/2183) regret=0.033562 ape=0.5161
[14:55:04] warmStart 68% (1488/2183) regret=0.033562 ape=0.5161
[14:55:05] warmStart 68% (1489/2183) regret=0.033562 ape=0.5161
[14:55:05] warmStart 68% (1490/2183) regret=0.033562 ape=0.5161
[14:55:05] warmStart 68% (1491/2183) regret=0.033453 ape=0.5161
[14:55:05] warmStart 68% (1492/2183) regret=0.033453 ape=0.5161
[14:55:05] warmStart 68% (1493/2183) regret=0.033453 ape=0.5161
[14:55:06] warmStart 68% (1494/2183) regret=0.033453 ape=0.5161
[14:55:06] warmStart 68% (1495/2183) regret=0.033453 ape=0.5161
[14:55:06] warmStart 68% (1496/2183) regret=0.033453 ape=0.5161
[14:55:06] warmStart 68% (1497/2183) regret=0.033453 ape=0.5161
[14:55:06] warmStart 68% (1498/2183) regret=0.033453 ape=0.5161
[14:55:07] warmStart 68% (1499/2183) regret=0.033453 ape=0.5161
[14:55:07] warmStart 68% (1500/2183) regret=0.033453 ape=0.5161
[14:55:07] warmStart 68% (1501/2183) regret=0.033453 ape=0.5161
[14:55:07] warmStart 68% (1502/2183) regret=0.033453 ape=0.5161
[14:55:07] warmStart 68% (1503/2183) regret=0.033453 ape=0.5161
[14:55:08] warmStart 68% (1504/2183) regret=0.033453 ape=0.5161
[14:55:08] warmStart 68% (1505/2183) regret=0.033320 ape=0.5152
[14:55:08] warmStart 68% (1506/2183) regret=0.033320 ape=0.5152
[14:55:08] warmStart 69% (1507/2183) regret=0.033320 ape=0.5152
[14:55:09] warmStart 69% (1508/2183) regret=0.033320 ape=0.5152
[14:55:09] warmStart 69% (1509/2183) regret=0.033320 ape=0.5152
[14:55:09] warmStart 69% (1510/2183) regret=0.033320 ape=0.5152
[14:55:09] warmStart 69% (1511/2183) regret=0.033320 ape=0.5152
[14:55:09] warmStart 69% (1512/2183) regret=0.033320 ape=0.5152
[14:55:10] warmStart 69% (1513/2183) regret=0.033320 ape=0.5152
[14:55:10] warmStart 69% (1514/2183) regret=0.033320 ape=0.5152
[14:55:10] warmStart 69% (1515/2183) regret=0.033320 ape=0.5152
[14:55:10] warmStart 69% (1516/2183) regret=0.033320 ape=0.5152
[14:55:10] warmStart 69% (1517/2183) regret=0.033320 ape=0.5152
[14:55:11] warmStart 69% (1518/2183) regret=0.033320 ape=0.5152
[14:55:11] warmStart 69% (1519/2183) regret=0.033320 ape=0.5152
[14:55:11] warmStart 69% (1520/2183) regret=0.033320 ape=0.5152
[14:55:11] warmStart 69% (1521/2183) regret=0.033315 ape=0.5152
[14:55:11] warmStart 69% (1522/2183) regret=0.033315 ape=0.5152
[14:55:12] warmStart 69% (1523/2183) regret=0.033329 ape=0.5152
[14:55:12] warmStart 69% (1524/2183) regret=0.033329 ape=0.5152
[14:55:12] warmStart 69% (1525/2183) regret=0.033329 ape=0.5152
[14:55:12] warmStart 69% (1526/2183) regret=0.033329 ape=0.5152
[14:55:12] warmStart 69% (1527/2183) regret=0.033329 ape=0.5152
[14:55:13] warmStart 69% (1528/2183) regret=0.033329 ape=0.5152
[14:55:13] warmStart 70% (1529/2183) regret=0.033329 ape=0.5152
[14:55:13] warmStart 70% (1530/2183) regret=0.033329 ape=0.5152
[14:55:13] warmStart 70% (1531/2183) regret=0.033329 ape=0.5152
[14:55:14] warmStart 70% (1532/2183) regret=0.033329 ape=0.5152
[14:55:14] warmStart 70% (1533/2183) regret=0.033329 ape=0.5152
[14:55:14] warmStart 70% (1534/2183) regret=0.033329 ape=0.5152
[14:55:14] warmStart 70% (1535/2183) regret=0.033329 ape=0.5152
[14:55:14] warmStart 70% (1536/2183) regret=0.033329 ape=0.5152
[14:55:15] warmStart 70% (1537/2183) regret=0.033329 ape=0.5152
[14:55:15] warmStart 70% (1538/2183) regret=0.033246 ape=0.5143
[14:55:15] warmStart 70% (1539/2183) regret=0.033292 ape=0.5143
[14:55:15] warmStart 70% (1540/2183) regret=0.033292 ape=0.5143
[14:55:15] warmStart 70% (1541/2183) regret=0.033196 ape=0.5134
[14:55:16] warmStart 70% (1542/2183) regret=0.033266 ape=0.5134
[14:55:16] warmStart 70% (1543/2183) regret=0.033222 ape=0.5143
[14:55:16] warmStart 70% (1544/2183) regret=0.033525 ape=0.5152
[14:55:16] warmStart 70% (1545/2183) regret=0.033755 ape=0.5152
[14:55:16] warmStart 70% (1546/2183) regret=0.033414 ape=0.5152
[14:55:17] warmStart 70% (1547/2183) regret=0.033443 ape=0.5152
[14:55:17] warmStart 70% (1548/2183) regret=0.033525 ape=0.5152
[14:55:17] warmStart 70% (1549/2183) regret=0.033512 ape=0.5152
[14:55:17] warmStart 71% (1550/2183) regret=0.033512 ape=0.5152
[14:55:18] warmStart 71% (1551/2183) regret=0.033102 ape=0.5161
[14:55:18] warmStart 71% (1552/2183) regret=0.033210 ape=0.5152
[14:55:18] warmStart 71% (1553/2183) regret=0.033104 ape=0.5143
[14:55:18] warmStart 71% (1554/2183) regret=0.033141 ape=0.5143
[14:55:18] warmStart 71% (1555/2183) regret=0.033141 ape=0.5143
[14:55:19] warmStart 71% (1556/2183) regret=0.033299 ape=0.5143
[14:55:19] warmStart 71% (1557/2183) regret=0.033141 ape=0.5143
[14:55:19] warmStart 71% (1558/2183) regret=0.033141 ape=0.5143
[14:55:19] warmStart 71% (1559/2183) regret=0.033141 ape=0.5143
[14:55:20] warmStart 71% (1560/2183) regret=0.033115 ape=0.5134
[14:55:20] warmStart 71% (1561/2183) regret=0.033115 ape=0.5134
[14:55:20] warmStart 71% (1562/2183) regret=0.033115 ape=0.5134
[14:55:20] warmStart 71% (1563/2183) regret=0.033105 ape=0.5124
[14:55:20] warmStart 71% (1564/2183) regret=0.032820 ape=0.5115
[14:55:21] warmStart 71% (1565/2183) regret=0.032820 ape=0.5115
[14:55:21] warmStart 71% (1566/2183) regret=0.032552 ape=0.5115
[14:55:21] warmStart 71% (1567/2183) regret=0.032552 ape=0.5115
[14:55:21] warmStart 71% (1568/2183) regret=0.032506 ape=0.5106
[14:55:21] warmStart 71% (1569/2183) regret=0.032525 ape=0.5106
[14:55:22] warmStart 71% (1570/2183) regret=0.032405 ape=0.5097
[14:55:22] warmStart 71% (1571/2183) regret=0.032386 ape=0.5097
[14:55:22] warmStart 72% (1572/2183) regret=0.032423 ape=0.5097
[14:55:22] warmStart 72% (1573/2183) regret=0.032386 ape=0.5097
[14:55:22] warmStart 72% (1574/2183) regret=0.032386 ape=0.5097
[14:55:23] warmStart 72% (1575/2183) regret=0.032480 ape=0.5088
[14:55:23] warmStart 72% (1576/2183) regret=0.032334 ape=0.5088
[14:55:23] warmStart 72% (1577/2183) regret=0.032334 ape=0.5088
[14:55:23] warmStart 72% (1578/2183) regret=0.032334 ape=0.5088
[14:55:24] warmStart 72% (1579/2183) regret=0.032334 ape=0.5088
[14:55:24] warmStart 72% (1580/2183) regret=0.032325 ape=0.5088
[14:55:24] warmStart 72% (1581/2183) regret=0.032274 ape=0.5088
[14:55:24] warmStart 72% (1582/2183) regret=0.032274 ape=0.5088
[14:55:24] warmStart 72% (1583/2183) regret=0.032264 ape=0.5088
[14:55:25] warmStart 72% (1584/2183) regret=0.032274 ape=0.5088
[14:55:25] warmStart 72% (1585/2183) regret=0.032274 ape=0.5088
[14:55:25] warmStart 72% (1586/2183) regret=0.032224 ape=0.5088
[14:55:25] warmStart 72% (1587/2183) regret=0.032259 ape=0.5088
[14:55:25] warmStart 72% (1588/2183) regret=0.032268 ape=0.5088
[14:55:26] warmStart 72% (1589/2183) regret=0.032107 ape=0.5078
[14:55:26] warmStart 72% (1590/2183) regret=0.031969 ape=0.5069
[14:55:26] warmStart 72% (1591/2183) regret=0.031821 ape=0.5060
[14:55:26] warmStart 72% (1592/2183) regret=0.032108 ape=0.5069
[14:55:27] warmStart 72% (1593/2183) regret=0.031745 ape=0.5060
[14:55:27] warmStart 73% (1594/2183) regret=0.031745 ape=0.5060
[14:55:27] warmStart 73% (1595/2183) regret=0.031883 ape=0.5060
[14:55:27] warmStart 73% (1596/2183) regret=0.031745 ape=0.5060
[14:55:27] warmStart 73% (1597/2183) regret=0.031745 ape=0.5060
[14:55:28] warmStart 73% (1598/2183) regret=0.031676 ape=0.5060
[14:55:28] warmStart 73% (1599/2183) regret=0.031671 ape=0.5051
[14:55:28] warmStart 73% (1600/2183) regret=0.031736 ape=0.5051
[14:55:28] warmStart 73% (1601/2183) regret=0.031819 ape=0.5051
[14:55:28] warmStart 73% (1602/2183) regret=0.031671 ape=0.5051
[14:55:29] warmStart 73% (1603/2183) regret=0.031671 ape=0.5051
[14:55:29] warmStart 73% (1604/2183) regret=0.031671 ape=0.5051
[14:55:29] warmStart 73% (1605/2183) regret=0.031671 ape=0.5051
[14:55:29] warmStart 73% (1606/2183) regret=0.031671 ape=0.5051
[14:55:29] warmStart 73% (1607/2183) regret=0.031671 ape=0.5051
[14:55:30] warmStart 73% (1608/2183) regret=0.031565 ape=0.5041
[14:55:30] warmStart 73% (1609/2183) regret=0.031897 ape=0.5051
[14:55:30] warmStart 73% (1610/2183) regret=0.031565 ape=0.5041
[14:55:30] warmStart 73% (1611/2183) regret=0.031565 ape=0.5041
[14:55:30] warmStart 73% (1612/2183) regret=0.031565 ape=0.5041
[14:55:30] warmStart 73% (1613/2183) regret=0.031565 ape=0.5041
[14:55:31] warmStart 73% (1614/2183) regret=0.031565 ape=0.5041
[14:55:31] warmStart 73% (1615/2183) regret=0.031565 ape=0.5041
[14:55:31] warmStart 74% (1616/2183) regret=0.031565 ape=0.5041
[14:55:31] warmStart 74% (1617/2183) regret=0.031565 ape=0.5041
[14:55:31] warmStart 74% (1618/2183) regret=0.031565 ape=0.5041
[14:55:32] warmStart 74% (1619/2183) regret=0.031565 ape=0.5041
[14:55:32] warmStart 74% (1620/2183) regret=0.031565 ape=0.5041
[14:55:32] warmStart 74% (1621/2183) regret=0.031565 ape=0.5041
[14:55:32] warmStart 74% (1622/2183) regret=0.031565 ape=0.5041
[14:55:32] warmStart 74% (1623/2183) regret=0.031565 ape=0.5041
[14:55:33] warmStart 74% (1624/2183) regret=0.031565 ape=0.5041
[14:55:33] warmStart 74% (1625/2183) regret=0.031565 ape=0.5041
[14:55:33] warmStart 74% (1626/2183) regret=0.031565 ape=0.5041
[14:55:33] warmStart 74% (1627/2183) regret=0.031565 ape=0.5041
[14:55:33] warmStart 74% (1628/2183) regret=0.031565 ape=0.5041
[14:55:33] warmStart 74% (1629/2183) regret=0.031556 ape=0.5041
[14:55:34] warmStart 74% (1630/2183) regret=0.031556 ape=0.5041
[14:55:34] warmStart 74% (1631/2183) regret=0.031556 ape=0.5041
[14:55:34] warmStart 74% (1632/2183) regret=0.031556 ape=0.5041
[14:55:34] warmStart 74% (1633/2183) regret=0.031556 ape=0.5041
[14:55:34] warmStart 74% (1634/2183) regret=0.031556 ape=0.5041
[14:55:34] warmStart 74% (1635/2183) regret=0.031556 ape=0.5041
[14:55:35] warmStart 74% (1636/2183) regret=0.031556 ape=0.5041
[14:55:35] warmStart 74% (1637/2183) regret=0.031547 ape=0.5041
[14:55:35] warmStart 75% (1638/2183) regret=0.031547 ape=0.5041
[14:55:35] warmStart 75% (1639/2183) regret=0.031547 ape=0.5041
[14:55:35] warmStart 75% (1640/2183) regret=0.031547 ape=0.5041
[14:55:35] warmStart 75% (1641/2183) regret=0.031547 ape=0.5041
[14:55:36] warmStart 75% (1642/2183) regret=0.031547 ape=0.5041
[14:55:36] warmStart 75% (1643/2183) regret=0.031485 ape=0.5041
[14:55:36] warmStart 75% (1644/2183) regret=0.031439 ape=0.5032
[14:55:36] warmStart 75% (1645/2183) regret=0.031439 ape=0.5032
[14:55:36] warmStart 75% (1646/2183) regret=0.031439 ape=0.5032
[14:55:36] warmStart 75% (1647/2183) regret=0.031439 ape=0.5032
[14:55:36] warmStart 75% (1648/2183) regret=0.031439 ape=0.5032
[14:55:37] warmStart 75% (1649/2183) regret=0.031439 ape=0.5032
[14:55:37] warmStart 75% (1650/2183) regret=0.031427 ape=0.5023
[14:55:37] warmStart 75% (1651/2183) regret=0.031427 ape=0.5023
[14:55:37] warmStart 75% (1652/2183) regret=0.031427 ape=0.5023
[14:55:37] warmStart 75% (1653/2183) regret=0.031110 ape=0.5014
[14:55:38] warmStart 75% (1654/2183) regret=0.031110 ape=0.5014
[14:55:38] warmStart 75% (1655/2183) regret=0.031110 ape=0.5014
[14:55:38] warmStart 75% (1656/2183) regret=0.031109 ape=0.5014
[14:55:38] warmStart 75% (1657/2183) regret=0.031109 ape=0.5014
[14:55:39] warmStart 75% (1658/2183) regret=0.031109 ape=0.5014
[14:55:39] warmStart 75% (1659/2183) regret=0.031109 ape=0.5014
[14:55:39] warmStart 76% (1660/2183) regret=0.031109 ape=0.5014
[14:55:39] warmStart 76% (1661/2183) regret=0.031109 ape=0.5014
[14:55:39] warmStart 76% (1662/2183) regret=0.031109 ape=0.5014
[14:55:40] warmStart 76% (1663/2183) regret=0.031109 ape=0.5014
[14:55:40] warmStart 76% (1664/2183) regret=0.031109 ape=0.5014
[14:55:40] warmStart 76% (1665/2183) regret=0.031109 ape=0.5014
[14:55:40] warmStart 76% (1666/2183) regret=0.031109 ape=0.5014
[14:55:40] warmStart 76% (1667/2183) regret=0.031109 ape=0.5014
[14:55:41] warmStart 76% (1668/2183) regret=0.031109 ape=0.5014
[14:55:41] warmStart 76% (1669/2183) regret=0.031109 ape=0.5014
[14:55:41] warmStart 76% (1670/2183) regret=0.031109 ape=0.5014
[14:55:41] warmStart 76% (1671/2183) regret=0.031109 ape=0.5014
[14:55:41] warmStart 76% (1672/2183) regret=0.031109 ape=0.5014
[14:55:42] warmStart 76% (1673/2183) regret=0.031109 ape=0.5014
[14:55:42] warmStart 76% (1674/2183) regret=0.031079 ape=0.5014
[14:55:42] warmStart 76% (1675/2183) regret=0.031079 ape=0.5014
[14:55:42] warmStart 76% (1676/2183) regret=0.031079 ape=0.5014
[14:55:43] warmStart 76% (1677/2183) regret=0.031079 ape=0.5014
[14:55:43] warmStart 76% (1678/2183) regret=0.031079 ape=0.5014
[14:55:43] warmStart 76% (1679/2183) regret=0.031079 ape=0.5014
[14:55:43] warmStart 76% (1680/2183) regret=0.031079 ape=0.5014
[14:55:43] warmStart 77% (1681/2183) regret=0.031079 ape=0.5014
[14:55:44] warmStart 77% (1682/2183) regret=0.031079 ape=0.5014
[14:55:44] warmStart 77% (1683/2183) regret=0.031079 ape=0.5014
[14:55:44] warmStart 77% (1684/2183) regret=0.031079 ape=0.5014
[14:55:44] warmStart 77% (1685/2183) regret=0.031079 ape=0.5014
[14:55:44] warmStart 77% (1686/2183) regret=0.031079 ape=0.5014
[14:55:45] warmStart 77% (1687/2183) regret=0.031079 ape=0.5014
[14:55:45] warmStart 77% (1688/2183) regret=0.031079 ape=0.5014
[14:55:45] warmStart 77% (1689/2183) regret=0.031079 ape=0.5014
[14:55:45] warmStart 77% (1690/2183) regret=0.031079 ape=0.5014
[14:55:45] warmStart 77% (1691/2183) regret=0.031079 ape=0.5014
[14:55:46] warmStart 77% (1692/2183) regret=0.031079 ape=0.5014
[14:55:46] warmStart 77% (1693/2183) regret=0.031079 ape=0.5014
[14:55:46] warmStart 77% (1694/2183) regret=0.031079 ape=0.5014
[14:55:46] warmStart 77% (1695/2183) regret=0.031079 ape=0.5014
[14:55:46] warmStart 77% (1696/2183) regret=0.031079 ape=0.5014
[14:55:47] warmStart 77% (1697/2183) regret=0.031079 ape=0.5014
[14:55:47] warmStart 77% (1698/2183) regret=0.031079 ape=0.5014
[14:55:47] warmStart 77% (1699/2183) regret=0.030955 ape=0.5014
[14:55:47] warmStart 77% (1700/2183) regret=0.030955 ape=0.5014
[14:55:48] warmStart 77% (1701/2183) regret=0.030955 ape=0.5014
[14:55:48] warmStart 77% (1702/2183) regret=0.030955 ape=0.5014
[14:55:48] warmStart 78% (1703/2183) regret=0.030955 ape=0.5014
[14:55:48] warmStart 78% (1704/2183) regret=0.030955 ape=0.5014
[14:55:48] warmStart 78% (1705/2183) regret=0.030955 ape=0.5014
[14:55:49] warmStart 78% (1706/2183) regret=0.030978 ape=0.5023
[14:55:49] warmStart 78% (1707/2183) regret=0.030969 ape=0.5023
[14:55:49] warmStart 78% (1708/2183) regret=0.030992 ape=0.5023
[14:55:49] warmStart 78% (1709/2183) regret=0.030941 ape=0.5023
[14:55:49] warmStart 78% (1710/2183) regret=0.030941 ape=0.5023
[14:55:50] warmStart 78% (1711/2183) regret=0.030941 ape=0.5023
[14:55:50] warmStart 78% (1712/2183) regret=0.030941 ape=0.5023
[14:55:50] warmStart 78% (1713/2183) regret=0.030941 ape=0.5023
[14:55:50] warmStart 78% (1714/2183) regret=0.030877 ape=0.5014
[14:55:51] warmStart 78% (1715/2183) regret=0.030877 ape=0.5014
[14:55:51] warmStart 78% (1716/2183) regret=0.030877 ape=0.5014
[14:55:51] warmStart 78% (1717/2183) regret=0.030877 ape=0.5014
[14:55:51] warmStart 78% (1718/2183) regret=0.030877 ape=0.5014
[14:55:51] warmStart 78% (1719/2183) regret=0.030877 ape=0.5014
[14:55:52] warmStart 78% (1720/2183) regret=0.030877 ape=0.5014
[14:55:52] warmStart 78% (1721/2183) regret=0.030877 ape=0.5014
[14:55:52] warmStart 78% (1722/2183) regret=0.030905 ape=0.5023
[14:55:52] warmStart 78% (1723/2183) regret=0.030840 ape=0.5023
[14:55:52] warmStart 78% (1724/2183) regret=0.030840 ape=0.5023
[14:55:53] warmStart 79% (1725/2183) regret=0.030840 ape=0.5023
[14:55:53] warmStart 79% (1726/2183) regret=0.030840 ape=0.5023
[14:55:53] warmStart 79% (1727/2183) regret=0.030840 ape=0.5023
[14:55:53] warmStart 79% (1728/2183) regret=0.030840 ape=0.5023
[14:55:54] warmStart 79% (1729/2183) regret=0.030840 ape=0.5023
[14:55:54] warmStart 79% (1730/2183) regret=0.030840 ape=0.5023
[14:55:54] warmStart 79% (1731/2183) regret=0.030840 ape=0.5023
[14:55:54] warmStart 79% (1732/2183) regret=0.030840 ape=0.5023
[14:55:54] warmStart 79% (1733/2183) regret=0.030840 ape=0.5023
[14:55:55] warmStart 79% (1734/2183) regret=0.030780 ape=0.5023
[14:55:55] warmStart 79% (1735/2183) regret=0.030780 ape=0.5023
[14:55:55] warmStart 79% (1736/2183) regret=0.030780 ape=0.5023
[14:55:55] warmStart 79% (1737/2183) regret=0.030918 ape=0.5023
[14:55:56] warmStart 79% (1738/2183) regret=0.030918 ape=0.5023
[14:55:56] warmStart 79% (1739/2183) regret=0.030918 ape=0.5023
[14:55:56] warmStart 79% (1740/2183) regret=0.030918 ape=0.5023
[14:55:56] warmStart 79% (1741/2183) regret=0.030918 ape=0.5023
[14:55:56] warmStart 79% (1742/2183) regret=0.030918 ape=0.5023
[14:55:57] warmStart 79% (1743/2183) regret=0.030825 ape=0.5014
[14:55:57] warmStart 79% (1744/2183) regret=0.030825 ape=0.5014
[14:55:57] warmStart 79% (1745/2183) regret=0.030862 ape=0.5014
[14:55:57] warmStart 79% (1746/2183) regret=0.030862 ape=0.5014
[14:55:57] warmStart 80% (1747/2183) regret=0.030862 ape=0.5014
[14:55:58] warmStart 80% (1748/2183) regret=0.030538 ape=0.5005
[14:55:58] warmStart 80% (1749/2183) regret=0.030538 ape=0.5005
[14:55:58] warmStart 80% (1750/2183) regret=0.030538 ape=0.5005
[14:55:58] warmStart 80% (1751/2183) regret=0.030630 ape=0.5014
[14:55:59] warmStart 80% (1752/2183) regret=0.030575 ape=0.5014
[14:55:59] warmStart 80% (1753/2183) regret=0.030575 ape=0.5014
[14:55:59] warmStart 80% (1754/2183) regret=0.030594 ape=0.5014
[14:55:59] warmStart 80% (1755/2183) regret=0.030575 ape=0.5014
[14:55:59] warmStart 80% (1756/2183) regret=0.030575 ape=0.5014
[14:56:00] warmStart 80% (1757/2183) regret=0.030345 ape=0.5005
[14:56:00] warmStart 80% (1758/2183) regret=0.030345 ape=0.5005
[14:56:00] warmStart 80% (1759/2183) regret=0.030191 ape=0.4995
[14:56:00] warmStart 80% (1760/2183) regret=0.030191 ape=0.4995
[14:56:00] warmStart 80% (1761/2183) regret=0.030191 ape=0.4995
[14:56:01] warmStart 80% (1762/2183) regret=0.030191 ape=0.4995
[14:56:01] warmStart 80% (1763/2183) regret=0.030255 ape=0.4995
[14:56:01] warmStart 80% (1764/2183) regret=0.030255 ape=0.4995
[14:56:01] warmStart 80% (1765/2183) regret=0.030255 ape=0.4995
[14:56:02] warmStart 80% (1766/2183) regret=0.030255 ape=0.4995
[14:56:02] warmStart 80% (1767/2183) regret=0.030255 ape=0.4995
[14:56:02] warmStart 80% (1768/2183) regret=0.030255 ape=0.4995
[14:56:02] warmStart 81% (1769/2183) regret=0.030181 ape=0.4995
[14:56:02] warmStart 81% (1770/2183) regret=0.030181 ape=0.4995
[14:56:03] warmStart 81% (1771/2183) regret=0.030181 ape=0.4995
[14:56:03] warmStart 81% (1772/2183) regret=0.030181 ape=0.4995
[14:56:03] warmStart 81% (1773/2183) regret=0.030127 ape=0.4986
[14:56:03] warmStart 81% (1774/2183) regret=0.030127 ape=0.4986
[14:56:03] warmStart 81% (1775/2183) regret=0.030091 ape=0.4977
[14:56:04] warmStart 81% (1776/2183) regret=0.030091 ape=0.4977
[14:56:04] warmStart 81% (1777/2183) regret=0.030091 ape=0.4977
[14:56:04] warmStart 81% (1778/2183) regret=0.030091 ape=0.4977
[14:56:04] warmStart 81% (1779/2183) regret=0.030091 ape=0.4977
[14:56:05] warmStart 81% (1780/2183) regret=0.030091 ape=0.4977
[14:56:05] warmStart 81% (1781/2183) regret=0.030173 ape=0.4986
[14:56:05] warmStart 81% (1782/2183) regret=0.030183 ape=0.4977
[14:56:05] warmStart 81% (1783/2183) regret=0.030091 ape=0.4977
[14:56:05] warmStart 81% (1784/2183) regret=0.030091 ape=0.4977
[14:56:06] warmStart 81% (1785/2183) regret=0.030091 ape=0.4977
[14:56:06] warmStart 81% (1786/2183) regret=0.029867 ape=0.4977
[14:56:06] warmStart 81% (1787/2183) regret=0.029998 ape=0.4977
[14:56:06] warmStart 81% (1788/2183) regret=0.029998 ape=0.4977
[14:56:06] warmStart 81% (1789/2183) regret=0.029998 ape=0.4977
[14:56:07] warmStart 81% (1790/2183) regret=0.029998 ape=0.4977
[14:56:07] warmStart 82% (1791/2183) regret=0.029998 ape=0.4977
[14:56:07] warmStart 82% (1792/2183) regret=0.029998 ape=0.4977
[14:56:07] warmStart 82% (1793/2183) regret=0.029998 ape=0.4977
[14:56:08] warmStart 82% (1794/2183) regret=0.030026 ape=0.4977
[14:56:08] warmStart 82% (1795/2183) regret=0.030026 ape=0.4977
[14:56:08] warmStart 82% (1796/2183) regret=0.030026 ape=0.4977
[14:56:08] warmStart 82% (1797/2183) regret=0.030026 ape=0.4977
[14:56:08] warmStart 82% (1798/2183) regret=0.030026 ape=0.4977
[14:56:09] warmStart 82% (1799/2183) regret=0.030044 ape=0.4977
[14:56:09] warmStart 82% (1800/2183) regret=0.029869 ape=0.4968
[14:56:09] warmStart 82% (1801/2183) regret=0.029869 ape=0.4968
[14:56:09] warmStart 82% (1802/2183) regret=0.029869 ape=0.4968
[14:56:09] warmStart 82% (1803/2183) regret=0.029888 ape=0.4968
[14:56:10] warmStart 82% (1804/2183) regret=0.029888 ape=0.4968
[14:56:10] warmStart 82% (1805/2183) regret=0.029888 ape=0.4968
[14:56:10] warmStart 82% (1806/2183) regret=0.029888 ape=0.4968
[14:56:10] warmStart 82% (1807/2183) regret=0.029888 ape=0.4968
[14:56:10] warmStart 82% (1808/2183) regret=0.029888 ape=0.4968
[14:56:11] warmStart 82% (1809/2183) regret=0.029888 ape=0.4968
[14:56:11] warmStart 82% (1810/2183) regret=0.029888 ape=0.4968
[14:56:11] warmStart 82% (1811/2183) regret=0.029888 ape=0.4968
[14:56:11] warmStart 83% (1812/2183) regret=0.029888 ape=0.4968
[14:56:11] warmStart 83% (1813/2183) regret=0.029888 ape=0.4968
[14:56:12] warmStart 83% (1814/2183) regret=0.029888 ape=0.4968
[14:56:12] warmStart 83% (1815/2183) regret=0.029888 ape=0.4968
[14:56:12] warmStart 83% (1816/2183) regret=0.029888 ape=0.4968
[14:56:12] warmStart 83% (1817/2183) regret=0.029888 ape=0.4968
[14:56:13] warmStart 83% (1818/2183) regret=0.029888 ape=0.4968
[14:56:13] warmStart 83% (1819/2183) regret=0.029888 ape=0.4968
[14:56:13] warmStart 83% (1820/2183) regret=0.029888 ape=0.4968
[14:56:13] warmStart 83% (1821/2183) regret=0.029888 ape=0.4968
[14:56:13] warmStart 83% (1822/2183) regret=0.029888 ape=0.4968
[14:56:14] warmStart 83% (1823/2183) regret=0.029888 ape=0.4968
[14:56:14] warmStart 83% (1824/2183) regret=0.029888 ape=0.4968
[14:56:14] warmStart 83% (1825/2183) regret=0.029888 ape=0.4968
[14:56:14] warmStart 83% (1826/2183) regret=0.029888 ape=0.4968
[14:56:14] warmStart 83% (1827/2183) regret=0.029888 ape=0.4968
[14:56:15] warmStart 83% (1828/2183) regret=0.029888 ape=0.4968
[14:56:15] warmStart 83% (1829/2183) regret=0.029888 ape=0.4968
[14:56:15] warmStart 83% (1830/2183) regret=0.029888 ape=0.4968
[14:56:15] warmStart 83% (1831/2183) regret=0.029888 ape=0.4968
[14:56:16] warmStart 83% (1832/2183) regret=0.029888 ape=0.4968
[14:56:16] warmStart 83% (1833/2183) regret=0.029888 ape=0.4968
[14:56:16] warmStart 84% (1834/2183) regret=0.029888 ape=0.4968
[14:56:16] warmStart 84% (1835/2183) regret=0.029888 ape=0.4968
[14:56:16] warmStart 84% (1836/2183) regret=0.029869 ape=0.4968
[14:56:17] warmStart 84% (1837/2183) regret=0.029869 ape=0.4968
[14:56:17] warmStart 84% (1838/2183) regret=0.029869 ape=0.4968
[14:56:17] warmStart 84% (1839/2183) regret=0.029869 ape=0.4968
[14:56:17] warmStart 84% (1840/2183) regret=0.029869 ape=0.4968
[14:56:17] warmStart 84% (1841/2183) regret=0.030023 ape=0.4977
[14:56:18] warmStart 84% (1842/2183) regret=0.030023 ape=0.4977
[14:56:18] warmStart 84% (1843/2183) regret=0.030023 ape=0.4977
[14:56:18] warmStart 84% (1844/2183) regret=0.030023 ape=0.4977
[14:56:18] warmStart 84% (1845/2183) regret=0.030023 ape=0.4977
[14:56:18] warmStart 84% (1846/2183) regret=0.030023 ape=0.4977
[14:56:19] warmStart 84% (1847/2183) regret=0.030023 ape=0.4977
[14:56:19] warmStart 84% (1848/2183) regret=0.030023 ape=0.4977
[14:56:19] warmStart 84% (1849/2183) regret=0.030023 ape=0.4977
[14:56:19] warmStart 84% (1850/2183) regret=0.030023 ape=0.4977
[14:56:19] warmStart 84% (1851/2183) regret=0.030058 ape=0.4977
[14:56:20] warmStart 84% (1852/2183) regret=0.030058 ape=0.4977
[14:56:20] warmStart 84% (1853/2183) regret=0.030050 ape=0.4977
[14:56:20] warmStart 84% (1854/2183) regret=0.030050 ape=0.4977
[14:56:20] warmStart 84% (1855/2183) regret=0.030230 ape=0.4995
[14:56:20] warmStart 85% (1856/2183) regret=0.030124 ape=0.4986
[14:56:21] warmStart 85% (1857/2183) regret=0.030156 ape=0.4995
[14:56:21] warmStart 85% (1858/2183) regret=0.030156 ape=0.4995
[14:56:21] warmStart 85% (1859/2183) regret=0.030156 ape=0.4995
[14:56:21] warmStart 85% (1860/2183) regret=0.030156 ape=0.4995
[14:56:22] warmStart 85% (1861/2183) regret=0.030115 ape=0.4995
[14:56:22] warmStart 85% (1862/2183) regret=0.030267 ape=0.5005
[14:56:22] warmStart 85% (1863/2183) regret=0.030261 ape=0.5005
[14:56:22] warmStart 85% (1864/2183) regret=0.030261 ape=0.5005
[14:56:22] warmStart 85% (1865/2183) regret=0.030261 ape=0.5005
[14:56:22] warmStart 85% (1866/2183) regret=0.030417 ape=0.5014
[14:56:23] warmStart 85% (1867/2183) regret=0.030316 ape=0.5014
[14:56:23] warmStart 85% (1868/2183) regret=0.030399 ape=0.5014
[14:56:23] warmStart 85% (1869/2183) regret=0.030399 ape=0.5014
[14:56:23] warmStart 85% (1870/2183) regret=0.030399 ape=0.5014
[14:56:23] warmStart 85% (1871/2183) regret=0.030463 ape=0.5014
[14:56:24] warmStart 85% (1872/2183) regret=0.030463 ape=0.5014
[14:56:24] warmStart 85% (1873/2183) regret=0.030463 ape=0.5014
[14:56:24] warmStart 85% (1874/2183) regret=0.030463 ape=0.5014
[14:56:24] warmStart 85% (1875/2183) regret=0.030445 ape=0.5014
[14:56:24] warmStart 85% (1876/2183) regret=0.030371 ape=0.5005
[14:56:24] warmStart 85% (1877/2183) regret=0.030371 ape=0.5005
[14:56:25] warmStart 86% (1878/2183) regret=0.030371 ape=0.5005
[14:56:25] warmStart 86% (1879/2183) regret=0.029975 ape=0.4986
[14:56:25] warmStart 86% (1880/2183) regret=0.030058 ape=0.4995
[14:56:25] warmStart 86% (1881/2183) regret=0.030122 ape=0.4995
[14:56:25] warmStart 86% (1882/2183) regret=0.030122 ape=0.4995
[14:56:26] warmStart 86% (1883/2183) regret=0.029984 ape=0.4995
[14:56:26] warmStart 86% (1884/2183) regret=0.029984 ape=0.4995
[14:56:26] warmStart 86% (1885/2183) regret=0.030007 ape=0.4995
[14:56:26] warmStart 86% (1886/2183) regret=0.030007 ape=0.4995
[14:56:26] warmStart 86% (1887/2183) regret=0.030007 ape=0.4995
[14:56:26] warmStart 86% (1888/2183) regret=0.030007 ape=0.4995
[14:56:27] warmStart 86% (1889/2183) regret=0.030007 ape=0.4995
[14:56:27] warmStart 86% (1890/2183) regret=0.030007 ape=0.4995
[14:56:27] warmStart 86% (1891/2183) regret=0.030007 ape=0.4995
[14:56:27] warmStart 86% (1892/2183) regret=0.030007 ape=0.4995
[14:56:27] warmStart 86% (1893/2183) regret=0.030007 ape=0.4995
[14:56:27] warmStart 86% (1894/2183) regret=0.030007 ape=0.4995
[14:56:27] warmStart 86% (1895/2183) regret=0.030007 ape=0.4995
[14:56:28] warmStart 86% (1896/2183) regret=0.030007 ape=0.4995
[14:56:28] warmStart 86% (1897/2183) regret=0.030007 ape=0.4995
[14:56:28] warmStart 86% (1898/2183) regret=0.030007 ape=0.4995
[14:56:28] warmStart 86% (1899/2183) regret=0.029953 ape=0.4995
[14:56:28] warmStart 87% (1900/2183) regret=0.029953 ape=0.4995
[14:56:28] warmStart 87% (1901/2183) regret=0.029953 ape=0.4995
[14:56:29] warmStart 87% (1902/2183) regret=0.029953 ape=0.4995
[14:56:29] warmStart 87% (1903/2183) regret=0.029953 ape=0.4995
[14:56:29] warmStart 87% (1904/2183) regret=0.029953 ape=0.4995
[14:56:29] warmStart 87% (1905/2183) regret=0.029845 ape=0.4986
[14:56:29] warmStart 87% (1906/2183) regret=0.029845 ape=0.4986
[14:56:29] warmStart 87% (1907/2183) regret=0.029845 ape=0.4986
[14:56:30] warmStart 87% (1908/2183) regret=0.029845 ape=0.4986
[14:56:30] warmStart 87% (1909/2183) regret=0.029845 ape=0.4986
[14:56:30] warmStart 87% (1910/2183) regret=0.029703 ape=0.4986
[14:56:30] warmStart 87% (1911/2183) regret=0.029703 ape=0.4986
[14:56:30] warmStart 87% (1912/2183) regret=0.029703 ape=0.4986
[14:56:30] warmStart 87% (1913/2183) regret=0.029703 ape=0.4986
[14:56:31] warmStart 87% (1914/2183) regret=0.029703 ape=0.4986
[14:56:31] warmStart 87% (1915/2183) regret=0.029703 ape=0.4986
[14:56:31] warmStart 87% (1916/2183) regret=0.029671 ape=0.4977
[14:56:31] warmStart 87% (1917/2183) regret=0.029671 ape=0.4977
[14:56:31] warmStart 87% (1918/2183) regret=0.029677 ape=0.4977
[14:56:32] warmStart 87% (1919/2183) regret=0.029607 ape=0.4977
[14:56:32] warmStart 87% (1920/2183) regret=0.029607 ape=0.4977
[14:56:32] warmStart 87% (1921/2183) regret=0.029376 ape=0.4968
[14:56:32] warmStart 88% (1922/2183) regret=0.029441 ape=0.4977
[14:56:32] warmStart 88% (1923/2183) regret=0.029441 ape=0.4977
[14:56:33] warmStart 88% (1924/2183) regret=0.029441 ape=0.4977
[14:56:33] warmStart 88% (1925/2183) regret=0.029441 ape=0.4977
[14:56:33] warmStart 88% (1926/2183) regret=0.029367 ape=0.4977
[14:56:33] warmStart 88% (1927/2183) regret=0.029800 ape=0.4977
[14:56:33] warmStart 88% (1928/2183) regret=0.029378 ape=0.4977
[14:56:34] warmStart 88% (1929/2183) regret=0.029378 ape=0.4977
[14:56:34] warmStart 88% (1930/2183) regret=0.029332 ape=0.4977
[14:56:34] warmStart 88% (1931/2183) regret=0.029354 ape=0.4977
[14:56:34] warmStart 88% (1932/2183) regret=0.029400 ape=0.4977
[14:56:35] warmStart 88% (1933/2183) regret=0.029400 ape=0.4977
[14:56:35] warmStart 88% (1934/2183) regret=0.029400 ape=0.4977
[14:56:35] warmStart 88% (1935/2183) regret=0.029555 ape=0.4986
[14:56:35] warmStart 88% (1936/2183) regret=0.029400 ape=0.4977
[14:56:35] warmStart 88% (1937/2183) regret=0.029440 ape=0.4977
[14:56:35] warmStart 88% (1938/2183) regret=0.029302 ape=0.4977
[14:56:36] warmStart 88% (1939/2183) regret=0.029247 ape=0.4968
[14:56:36] warmStart 88% (1940/2183) regret=0.029074 ape=0.4968
[14:56:36] warmStart 88% (1941/2183) regret=0.029074 ape=0.4968
[14:56:36] warmStart 88% (1942/2183) regret=0.029074 ape=0.4968
[14:56:37] warmStart 89% (1943/2183) regret=0.029074 ape=0.4968
[14:56:37] warmStart 89% (1944/2183) regret=0.029074 ape=0.4968
[14:56:37] warmStart 89% (1945/2183) regret=0.029074 ape=0.4968
[14:56:37] warmStart 89% (1946/2183) regret=0.029074 ape=0.4968
[14:56:37] warmStart 89% (1947/2183) regret=0.029074 ape=0.4968
[14:56:38] warmStart 89% (1948/2183) regret=0.029074 ape=0.4968
[14:56:38] warmStart 89% (1949/2183) regret=0.029074 ape=0.4968
[14:56:38] warmStart 89% (1950/2183) regret=0.029074 ape=0.4968
[14:56:38] warmStart 89% (1951/2183) regret=0.029074 ape=0.4968
[14:56:38] warmStart 89% (1952/2183) regret=0.029074 ape=0.4968
[14:56:39] warmStart 89% (1953/2183) regret=0.029074 ape=0.4968
[14:56:39] warmStart 89% (1954/2183) regret=0.029004 ape=0.4959
[14:56:39] warmStart 89% (1955/2183) regret=0.029004 ape=0.4959
[14:56:39] warmStart 89% (1956/2183) regret=0.029004 ape=0.4959
[14:56:39] warmStart 89% (1957/2183) regret=0.029004 ape=0.4959
[14:56:40] warmStart 89% (1958/2183) regret=0.029004 ape=0.4959
[14:56:40] warmStart 89% (1959/2183) regret=0.029004 ape=0.4959
[14:56:40] warmStart 89% (1960/2183) regret=0.029004 ape=0.4959
[14:56:40] warmStart 89% (1961/2183) regret=0.029004 ape=0.4959
[14:56:40] warmStart 89% (1962/2183) regret=0.029004 ape=0.4959
[14:56:41] warmStart 89% (1963/2183) regret=0.029004 ape=0.4959
[14:56:41] warmStart 89% (1964/2183) regret=0.029004 ape=0.4959
[14:56:41] warmStart 90% (1965/2183) regret=0.029004 ape=0.4959
[14:56:41] warmStart 90% (1966/2183) regret=0.029004 ape=0.4959
[14:56:41] warmStart 90% (1967/2183) regret=0.029004 ape=0.4959
[14:56:42] warmStart 90% (1968/2183) regret=0.029004 ape=0.4959
[14:56:42] warmStart 90% (1969/2183) regret=0.029004 ape=0.4959
[14:56:42] warmStart 90% (1970/2183) regret=0.029004 ape=0.4959
[14:56:42] warmStart 90% (1971/2183) regret=0.029004 ape=0.4959
[14:56:42] warmStart 90% (1972/2183) regret=0.029004 ape=0.4959
[14:56:43] warmStart 90% (1973/2183) regret=0.029004 ape=0.4959
[14:56:43] warmStart 90% (1974/2183) regret=0.029004 ape=0.4959
[14:56:43] warmStart 90% (1975/2183) regret=0.029004 ape=0.4959
[14:56:43] warmStart 90% (1976/2183) regret=0.029017 ape=0.4959
[14:56:43] warmStart 90% (1977/2183) regret=0.029017 ape=0.4959
[14:56:44] warmStart 90% (1978/2183) regret=0.029011 ape=0.4959
[14:56:44] warmStart 90% (1979/2183) regret=0.029011 ape=0.4959
[14:56:44] warmStart 90% (1980/2183) regret=0.029030 ape=0.4959
[14:56:44] warmStart 90% (1981/2183) regret=0.029030 ape=0.4959
[14:56:44] warmStart 90% (1982/2183) regret=0.029030 ape=0.4959
[14:56:44] warmStart 90% (1983/2183) regret=0.028993 ape=0.4949
[14:56:45] warmStart 90% (1984/2183) regret=0.028993 ape=0.4949
[14:56:45] warmStart 90% (1985/2183) regret=0.028951 ape=0.4940
[14:56:45] warmStart 90% (1986/2183) regret=0.029025 ape=0.4949
[14:56:45] warmStart 91% (1987/2183) regret=0.029058 ape=0.4949
[14:56:46] warmStart 91% (1988/2183) regret=0.029049 ape=0.4949
[14:56:46] warmStart 91% (1989/2183) regret=0.029058 ape=0.4949
[14:56:46] warmStart 91% (1990/2183) regret=0.029058 ape=0.4949
[14:56:46] warmStart 91% (1991/2183) regret=0.029058 ape=0.4949
[14:56:46] warmStart 91% (1992/2183) regret=0.029081 ape=0.4959
[14:56:47] warmStart 91% (1993/2183) regret=0.029081 ape=0.4959
[14:56:47] warmStart 91% (1994/2183) regret=0.029081 ape=0.4959
[14:56:47] warmStart 91% (1995/2183) regret=0.029081 ape=0.4959
[14:56:47] warmStart 91% (1996/2183) regret=0.029081 ape=0.4959
[14:56:47] warmStart 91% (1997/2183) regret=0.029081 ape=0.4959
[14:56:48] warmStart 91% (1998/2183) regret=0.029081 ape=0.4959
[14:56:48] warmStart 91% (1999/2183) regret=0.029081 ape=0.4959
[14:56:48] warmStart 91% (2000/2183) regret=0.029081 ape=0.4959
[14:56:48] warmStart 91% (2001/2183) regret=0.029081 ape=0.4959
[14:56:48] warmStart 91% (2002/2183) regret=0.029081 ape=0.4959
[14:56:48] warmStart 91% (2003/2183) regret=0.029081 ape=0.4959
[14:56:49] warmStart 91% (2004/2183) regret=0.029081 ape=0.4959
[14:56:49] warmStart 91% (2005/2183) regret=0.029081 ape=0.4959
[14:56:49] warmStart 91% (2006/2183) regret=0.029081 ape=0.4959
[14:56:49] warmStart 91% (2007/2183) regret=0.029081 ape=0.4959
[14:56:49] warmStart 91% (2008/2183) regret=0.029081 ape=0.4959
[14:56:50] warmStart 92% (2009/2183) regret=0.029081 ape=0.4959
[14:56:50] warmStart 92% (2010/2183) regret=0.029081 ape=0.4959
[14:56:50] warmStart 92% (2011/2183) regret=0.029081 ape=0.4959
[14:56:50] warmStart 92% (2012/2183) regret=0.029081 ape=0.4959
[14:56:50] warmStart 92% (2013/2183) regret=0.029081 ape=0.4959
[14:56:51] warmStart 92% (2014/2183) regret=0.029081 ape=0.4959
[14:56:51] warmStart 92% (2015/2183) regret=0.029081 ape=0.4959
[14:56:51] warmStart 92% (2016/2183) regret=0.029081 ape=0.4959
[14:56:51] warmStart 92% (2017/2183) regret=0.029081 ape=0.4959
[14:56:51] warmStart 92% (2018/2183) regret=0.029081 ape=0.4959
[14:56:52] warmStart 92% (2019/2183) regret=0.029081 ape=0.4959
[14:56:52] warmStart 92% (2020/2183) regret=0.029081 ape=0.4959
[14:56:52] warmStart 92% (2021/2183) regret=0.029081 ape=0.4959
[14:56:52] warmStart 92% (2022/2183) regret=0.029081 ape=0.4959
[14:56:52] warmStart 92% (2023/2183) regret=0.029081 ape=0.4959
[14:56:53] warmStart 92% (2024/2183) regret=0.029081 ape=0.4959
[14:56:53] warmStart 92% (2025/2183) regret=0.029047 ape=0.4959
[14:56:53] warmStart 92% (2026/2183) regret=0.029047 ape=0.4959
[14:56:53] warmStart 92% (2027/2183) regret=0.029047 ape=0.4959
[14:56:53] warmStart 92% (2028/2183) regret=0.029047 ape=0.4959
[14:56:53] warmStart 92% (2029/2183) regret=0.029047 ape=0.4959
[14:56:54] warmStart 92% (2030/2183) regret=0.029047 ape=0.4959
[14:56:54] warmStart 93% (2031/2183) regret=0.029047 ape=0.4959
[14:56:54] warmStart 93% (2032/2183) regret=0.029047 ape=0.4959
[14:56:54] warmStart 93% (2033/2183) regret=0.029047 ape=0.4959
[14:56:54] warmStart 93% (2034/2183) regret=0.029047 ape=0.4959
[14:56:55] warmStart 93% (2035/2183) regret=0.029047 ape=0.4959
[14:56:55] warmStart 93% (2036/2183) regret=0.029047 ape=0.4959
[14:56:55] warmStart 93% (2037/2183) regret=0.029047 ape=0.4959
[14:56:55] warmStart 93% (2038/2183) regret=0.029047 ape=0.4959
[14:56:55] warmStart 93% (2039/2183) regret=0.029047 ape=0.4959
[14:56:56] warmStart 93% (2040/2183) regret=0.029047 ape=0.4959
[14:56:56] warmStart 93% (2041/2183) regret=0.029047 ape=0.4959
[14:56:56] warmStart 93% (2042/2183) regret=0.029047 ape=0.4959
[14:56:56] warmStart 93% (2043/2183) regret=0.029047 ape=0.4959
[14:56:56] warmStart 93% (2044/2183) regret=0.029047 ape=0.4959
[14:56:57] warmStart 93% (2045/2183) regret=0.029047 ape=0.4959
[14:56:57] warmStart 93% (2046/2183) regret=0.029047 ape=0.4959
[14:56:57] warmStart 93% (2047/2183) regret=0.029047 ape=0.4959
[14:56:57] warmStart 93% (2048/2183) regret=0.029047 ape=0.4959
[14:56:57] warmStart 93% (2049/2183) regret=0.029047 ape=0.4959
[14:56:58] warmStart 93% (2050/2183) regret=0.029047 ape=0.4959
[14:56:58] warmStart 93% (2051/2183) regret=0.029047 ape=0.4959
[14:56:58] warmStart 93% (2052/2183) regret=0.029047 ape=0.4959
[14:56:58] warmStart 94% (2053/2183) regret=0.029047 ape=0.4959
[14:56:58] warmStart 94% (2054/2183) regret=0.029031 ape=0.4959
[14:56:59] warmStart 94% (2055/2183) regret=0.029031 ape=0.4959
[14:56:59] warmStart 94% (2056/2183) regret=0.029031 ape=0.4959
[14:56:59] warmStart 94% (2057/2183) regret=0.029031 ape=0.4959
[14:56:59] warmStart 94% (2058/2183) regret=0.029051 ape=0.4959
[14:56:59] warmStart 94% (2059/2183) regret=0.029051 ape=0.4959
[14:57:00] warmStart 94% (2060/2183) regret=0.029051 ape=0.4959
[14:57:00] warmStart 94% (2061/2183) regret=0.029051 ape=0.4959
[14:57:00] warmStart 94% (2062/2183) regret=0.029051 ape=0.4959
[14:57:00] warmStart 94% (2063/2183) regret=0.029051 ape=0.4959
[14:57:00] warmStart 94% (2064/2183) regret=0.028991 ape=0.4959
[14:57:01] warmStart 94% (2065/2183) regret=0.028991 ape=0.4959
[14:57:01] warmStart 94% (2066/2183) regret=0.028991 ape=0.4959
[14:57:01] warmStart 94% (2067/2183) regret=0.028991 ape=0.4959
[14:57:01] warmStart 94% (2068/2183) regret=0.028991 ape=0.4959
[14:57:02] warmStart 94% (2069/2183) regret=0.028991 ape=0.4959
[14:57:02] warmStart 94% (2070/2183) regret=0.028991 ape=0.4959
[14:57:02] warmStart 94% (2071/2183) regret=0.028991 ape=0.4959
[14:57:02] warmStart 94% (2072/2183) regret=0.028991 ape=0.4959
[14:57:02] warmStart 94% (2073/2183) regret=0.028991 ape=0.4959
[14:57:03] warmStart 95% (2074/2183) regret=0.028991 ape=0.4959
[14:57:03] warmStart 95% (2075/2183) regret=0.028991 ape=0.4959
[14:57:03] warmStart 95% (2076/2183) regret=0.028991 ape=0.4959
[14:57:03] warmStart 95% (2077/2183) regret=0.028991 ape=0.4959
[14:57:04] warmStart 95% (2078/2183) regret=0.028991 ape=0.4959
[14:57:04] warmStart 95% (2079/2183) regret=0.028991 ape=0.4959
[14:57:04] warmStart 95% (2080/2183) regret=0.028991 ape=0.4959
[14:57:04] warmStart 95% (2081/2183) regret=0.028991 ape=0.4959
[14:57:04] warmStart 95% (2082/2183) regret=0.028991 ape=0.4959
[14:57:05] warmStart 95% (2083/2183) regret=0.028991 ape=0.4959
[14:57:05] warmStart 95% (2084/2183) regret=0.028991 ape=0.4959
[14:57:05] warmStart 95% (2085/2183) regret=0.028991 ape=0.4959
[14:57:05] warmStart 95% (2086/2183) regret=0.029037 ape=0.4968
[14:57:06] warmStart 95% (2087/2183) regret=0.028586 ape=0.4959
[14:57:06] warmStart 95% (2088/2183) regret=0.028586 ape=0.4959
[14:57:06] warmStart 95% (2089/2183) regret=0.028586 ape=0.4959
[14:57:06] warmStart 95% (2090/2183) regret=0.028586 ape=0.4959
[14:57:06] warmStart 95% (2091/2183) regret=0.028480 ape=0.4949
[14:57:07] warmStart 95% (2092/2183) regret=0.028973 ape=0.4968
[14:57:07] warmStart 95% (2093/2183) regret=0.028608 ape=0.4968
[14:57:07] warmStart 95% (2094/2183) regret=0.028580 ape=0.4968
[14:57:07] warmStart 95% (2095/2183) regret=0.028672 ape=0.4968
[14:57:07] warmStart 96% (2096/2183) regret=0.028567 ape=0.4959
[14:57:08] warmStart 96% (2097/2183) regret=0.028537 ape=0.4959
[14:57:08] warmStart 96% (2098/2183) regret=0.028537 ape=0.4959
[14:57:08] warmStart 96% (2099/2183) regret=0.028537 ape=0.4959
[14:57:08] warmStart 96% (2100/2183) regret=0.028537 ape=0.4959
[14:57:09] warmStart 96% (2101/2183) regret=0.028537 ape=0.4959
[14:57:09] warmStart 96% (2102/2183) regret=0.028460 ape=0.4949
[14:57:09] warmStart 96% (2103/2183) regret=0.028460 ape=0.4949
[14:57:09] warmStart 96% (2104/2183) regret=0.028441 ape=0.4940
[14:57:09] warmStart 96% (2105/2183) regret=0.028441 ape=0.4940
[14:57:10] warmStart 96% (2106/2183) regret=0.028441 ape=0.4940
[14:57:10] warmStart 96% (2107/2183) regret=0.028441 ape=0.4940
[14:57:10] warmStart 96% (2108/2183) regret=0.028441 ape=0.4940
[14:57:10] warmStart 96% (2109/2183) regret=0.028405 ape=0.4940
[14:57:10] warmStart 96% (2110/2183) regret=0.028405 ape=0.4940
[14:57:11] warmStart 96% (2111/2183) regret=0.028257 ape=0.4931
[14:57:11] warmStart 96% (2112/2183) regret=0.028257 ape=0.4931
[14:57:11] warmStart 96% (2113/2183) regret=0.028257 ape=0.4931
[14:57:11] warmStart 96% (2114/2183) regret=0.028248 ape=0.4922
[14:57:12] warmStart 96% (2115/2183) regret=0.028349 ape=0.4931
[14:57:12] warmStart 96% (2116/2183) regret=0.028349 ape=0.4931
[14:57:12] warmStart 96% (2117/2183) regret=0.028349 ape=0.4931
[14:57:12] warmStart 97% (2118/2183) regret=0.028349 ape=0.4931
[14:57:12] warmStart 97% (2119/2183) regret=0.028349 ape=0.4931
[14:57:13] warmStart 97% (2120/2183) regret=0.028349 ape=0.4931
[14:57:13] warmStart 97% (2121/2183) regret=0.028349 ape=0.4931
[14:57:13] warmStart 97% (2122/2183) regret=0.028349 ape=0.4931
[14:57:13] warmStart 97% (2123/2183) regret=0.028349 ape=0.4931
[14:57:13] warmStart 97% (2124/2183) regret=0.028349 ape=0.4931
[14:57:14] warmStart 97% (2125/2183) regret=0.028330 ape=0.4922
[14:57:14] warmStart 97% (2126/2183) regret=0.028410 ape=0.4922
[14:57:14] warmStart 97% (2127/2183) regret=0.028424 ape=0.4922
[14:57:14] warmStart 97% (2128/2183) regret=0.028148 ape=0.4922
[14:57:15] warmStart 97% (2129/2183) regret=0.028148 ape=0.4922
[14:57:15] warmStart 97% (2130/2183) regret=0.028148 ape=0.4922
[14:57:15] warmStart 97% (2131/2183) regret=0.028148 ape=0.4922
[14:57:15] warmStart 97% (2132/2183) regret=0.028148 ape=0.4922
[14:57:15] warmStart 97% (2133/2183) regret=0.028149 ape=0.4922
[14:57:16] warmStart 97% (2134/2183) regret=0.028148 ape=0.4922
[14:57:16] warmStart 97% (2135/2183) regret=0.028151 ape=0.4922
[14:57:16] warmStart 97% (2136/2183) regret=0.028151 ape=0.4922
[14:57:16] warmStart 97% (2137/2183) regret=0.028151 ape=0.4922
[14:57:16] warmStart 97% (2138/2183) regret=0.028151 ape=0.4922
[14:57:17] warmStart 97% (2139/2183) regret=0.028151 ape=0.4922
[14:57:17] warmStart 98% (2140/2183) regret=0.028148 ape=0.4912
[14:57:17] warmStart 98% (2141/2183) regret=0.028148 ape=0.4912
[14:57:17] warmStart 98% (2142/2183) regret=0.028116 ape=0.4912
[14:57:18] warmStart 98% (2143/2183) regret=0.028167 ape=0.4912
[14:57:18] warmStart 98% (2144/2183) regret=0.028148 ape=0.4912
[14:57:18] warmStart 98% (2145/2183) regret=0.028225 ape=0.4922
[14:57:18] warmStart 98% (2146/2183) regret=0.028225 ape=0.4922
[14:57:18] warmStart 98% (2147/2183) regret=0.028225 ape=0.4922
[14:57:19] warmStart 98% (2148/2183) regret=0.028225 ape=0.4922
[14:57:19] warmStart 98% (2149/2183) regret=0.028234 ape=0.4922
[14:57:19] warmStart 98% (2150/2183) regret=0.028202 ape=0.4912
[14:57:19] warmStart 98% (2151/2183) regret=0.028064 ape=0.4903
[14:57:19] warmStart 98% (2152/2183) regret=0.028070 ape=0.4894
[14:57:20] warmStart 98% (2153/2183) regret=0.028171 ape=0.4894
[14:57:20] warmStart 98% (2154/2183) regret=0.028070 ape=0.4894
[14:57:20] warmStart 98% (2155/2183) regret=0.028114 ape=0.4894
[14:57:20] warmStart 98% (2156/2183) regret=0.028114 ape=0.4894
[14:57:20] warmStart 98% (2157/2183) regret=0.028162 ape=0.4903
[14:57:21] warmStart 98% (2158/2183) regret=0.028162 ape=0.4903
[14:57:21] warmStart 98% (2159/2183) regret=0.027996 ape=0.4903
[14:57:21] warmStart 98% (2160/2183) regret=0.027996 ape=0.4903
[14:57:21] warmStart 98% (2161/2183) regret=0.027885 ape=0.4894
[14:57:22] warmStart 99% (2162/2183) regret=0.027784 ape=0.4894
[14:57:22] warmStart 99% (2163/2183) regret=0.027784 ape=0.4894
[14:57:22] warmStart 99% (2164/2183) regret=0.027770 ape=0.4885
[14:57:22] warmStart 99% (2165/2183) regret=0.027964 ape=0.4885
[14:57:22] warmStart 99% (2166/2183) regret=0.027908 ape=0.4885
[14:57:23] warmStart 99% (2167/2183) regret=0.027908 ape=0.4885
[14:57:23] warmStart 99% (2168/2183) regret=0.027908 ape=0.4885
[14:57:23] warmStart 99% (2169/2183) regret=0.027814 ape=0.4885
[14:57:23] warmStart 99% (2170/2183) regret=0.027814 ape=0.4885
[14:57:23] warmStart 99% (2171/2183) regret=0.027814 ape=0.4885
[14:57:24] warmStart 99% (2172/2183) regret=0.027773 ape=0.4885
[14:57:24] warmStart 99% (2173/2183) regret=0.027773 ape=0.4885
[14:57:24] warmStart 99% (2174/2183) regret=0.027773 ape=0.4885
[14:57:24] warmStart 99% (2175/2183) regret=0.027773 ape=0.4885
[14:57:24] warmStart 99% (2176/2183) regret=0.027773 ape=0.4885
[14:57:25] warmStart 99% (2177/2183) regret=0.027773 ape=0.4885
[14:57:25] warmStart 99% (2178/2183) regret=0.027773 ape=0.4885
[14:57:25] warmStart 99% (2179/2183) regret=0.027773 ape=0.4885
[14:57:25] warmStart 99% (2180/2183) regret=0.027773 ape=0.4885
[14:57:26] warmStart 99% (2181/2183) regret=0.027773 ape=0.4885
Warm w=50 finished: 2182 points, 443.20s wall time
  Final: regret=0.027773, ape=0.4885

Saved JSON: /home/users/g/s/gsavary/LudiiMCTSVariations/slurm_sweep_full_dataset/results_20260425_144938/sweep_warm_50_2_20260425_145726.json

Generating plots...
Saved regret plot: /home/users/g/s/gsavary/LudiiMCTSVariations/slurm_sweep_full_dataset/results_20260425_144938/sweep_warm_50_2_20260425_145726_regret.png
Saved APE plot: /home/users/g/s/gsavary/LudiiMCTSVariations/slurm_sweep_full_dataset/results_20260425_144938/sweep_warm_50_2_20260425_145726_ape.png

======================================================================
EXPERIMENT COMPLETE
======================================================================
Results saved to: /home/users/g/s/gsavary/LudiiMCTSVariations/slurm_sweep_full_dataset/results_20260425_144938
JSON file: sweep_warm_50_2_20260425_145726.json
Experiment finished. Results saved to: /home/users/g/s/gsavary/LudiiMCTSVariations/slurm_sweep_full_dataset/results_20260425_144938
