Starting experiment...
Project root: /home/users/g/s/gsavary/LudiiMCTSVariations
Method: warm:200
Output dir: /home/users/g/s/gsavary/LudiiMCTSVariations/slurm_sweep_full_dataset/results_20260425_150109
Seed: 2
Time limit:  seconds


======================================================================
SLURM Sweep Experiment - Single Method
======================================================================
Method: warm:200
Time limit: 7200.0s, Seed: 2, Batch size: 20
Output directory: /home/users/g/s/gsavary/LudiiMCTSVariations/slurm_sweep_full_dataset/results_20260425_150109

Loading Ludii dataset...
Loaded 1085 games
Using 1085 games (full dataset, no subsampling)

Running timing probe (100 pulls)...
  Estimated secs/pull: 0.027480

Time budget: 7200.0s → ~262011 total pulls
Per-method budget: 37430 pulls (~1028.6s)

Computing predictor-only performance...
  Predictions load failed: 118

Running WARM-START (w=200)...
[15:01:36] warmStart 0% (0/1872) regret=0.135757 ape=0.7060
[15:01:36] warmStart 0% (1/1872) regret=0.135771 ape=0.7069
[15:01:37] warmStart 0% (2/1872) regret=0.135736 ape=0.7069
[15:01:37] warmStart 0% (3/1872) regret=0.135726 ape=0.7069
[15:01:37] warmStart 0% (4/1872) regret=0.134947 ape=0.7051
[15:01:37] warmStart 0% (5/1872) regret=0.134975 ape=0.7051
[15:01:38] warmStart 0% (6/1872) regret=0.134975 ape=0.7051
[15:01:38] warmStart 0% (7/1872) regret=0.135067 ape=0.7051
[15:01:38] warmStart 0% (8/1872) regret=0.134721 ape=0.7051
[15:01:38] warmStart 0% (9/1872) regret=0.134859 ape=0.7060
[15:01:39] warmStart 0% (10/1872) regret=0.133072 ape=0.7041
[15:01:39] warmStart 0% (11/1872) regret=0.132901 ape=0.7032
[15:01:39] warmStart 0% (12/1872) regret=0.132600 ape=0.7032
[15:01:39] warmStart 0% (13/1872) regret=0.131996 ape=0.7023
[15:01:40] warmStart 0% (14/1872) regret=0.131996 ape=0.7023
[15:01:40] warmStart 0% (15/1872) regret=0.130351 ape=0.7005
[15:01:40] warmStart 0% (16/1872) regret=0.130079 ape=0.6995
[15:01:40] warmStart 0% (17/1872) regret=0.128886 ape=0.6995
[15:01:41] warmStart 0% (18/1872) regret=0.128373 ape=0.6995
[15:01:41] warmStart 1% (19/1872) regret=0.128381 ape=0.7005
[15:01:41] warmStart 1% (20/1872) regret=0.128163 ape=0.7005
[15:01:41] warmStart 1% (21/1872) regret=0.128080 ape=0.6995
[15:01:42] warmStart 1% (22/1872) regret=0.128080 ape=0.6995
[15:01:42] warmStart 1% (23/1872) regret=0.127186 ape=0.6986
[15:01:42] warmStart 1% (24/1872) regret=0.127213 ape=0.6977
[15:01:42] warmStart 1% (25/1872) regret=0.127186 ape=0.6977
[15:01:43] warmStart 1% (26/1872) regret=0.126978 ape=0.6977
[15:01:43] warmStart 1% (27/1872) regret=0.126858 ape=0.6968
[15:01:43] warmStart 1% (28/1872) regret=0.126653 ape=0.6968
[15:01:43] warmStart 1% (29/1872) regret=0.126358 ape=0.6959
[15:01:44] warmStart 1% (30/1872) regret=0.126358 ape=0.6959
[15:01:44] warmStart 1% (31/1872) regret=0.126358 ape=0.6959
[15:01:44] warmStart 1% (32/1872) regret=0.126358 ape=0.6959
[15:01:44] warmStart 1% (33/1872) regret=0.125582 ape=0.6940
[15:01:45] warmStart 1% (34/1872) regret=0.125582 ape=0.6940
[15:01:45] warmStart 1% (35/1872) regret=0.125292 ape=0.6940
[15:01:45] warmStart 1% (36/1872) regret=0.125292 ape=0.6940
[15:01:45] warmStart 1% (37/1872) regret=0.125393 ape=0.6940
[15:01:46] warmStart 2% (38/1872) regret=0.125393 ape=0.6940
[15:01:46] warmStart 2% (39/1872) regret=0.125131 ape=0.6931
[15:01:46] warmStart 2% (40/1872) regret=0.124472 ape=0.6931
[15:01:46] warmStart 2% (41/1872) regret=0.124472 ape=0.6931
[15:01:47] warmStart 2% (42/1872) regret=0.124472 ape=0.6931
[15:01:47] warmStart 2% (43/1872) regret=0.124180 ape=0.6931
[15:01:47] warmStart 2% (44/1872) regret=0.124180 ape=0.6931
[15:01:47] warmStart 2% (45/1872) regret=0.124180 ape=0.6931
[15:01:48] warmStart 2% (46/1872) regret=0.124180 ape=0.6931
[15:01:48] warmStart 2% (47/1872) regret=0.124180 ape=0.6931
[15:01:48] warmStart 2% (48/1872) regret=0.124180 ape=0.6931
[15:01:48] warmStart 2% (49/1872) regret=0.123395 ape=0.6912
[15:01:49] warmStart 2% (50/1872) regret=0.122717 ape=0.6903
[15:01:49] warmStart 2% (51/1872) regret=0.122342 ape=0.6903
[15:01:49] warmStart 2% (52/1872) regret=0.121828 ape=0.6885
[15:01:49] warmStart 2% (53/1872) regret=0.121213 ape=0.6876
[15:01:49] warmStart 2% (54/1872) regret=0.119218 ape=0.6866
[15:01:50] warmStart 2% (55/1872) regret=0.117604 ape=0.6857
[15:01:50] warmStart 2% (56/1872) regret=0.117871 ape=0.6857
[15:01:50] warmStart 3% (57/1872) regret=0.117871 ape=0.6857
[15:01:50] warmStart 3% (58/1872) regret=0.117604 ape=0.6857
[15:01:51] warmStart 3% (59/1872) regret=0.117742 ape=0.6857
[15:01:51] warmStart 3% (60/1872) regret=0.117742 ape=0.6857
[15:01:51] warmStart 3% (61/1872) regret=0.117678 ape=0.6848
[15:01:51] warmStart 3% (62/1872) regret=0.117589 ape=0.6848
[15:01:52] warmStart 3% (63/1872) regret=0.117728 ape=0.6848
[15:01:52] warmStart 3% (64/1872) regret=0.116993 ape=0.6848
[15:01:52] warmStart 3% (65/1872) regret=0.115678 ape=0.6829
[15:01:52] warmStart 3% (66/1872) regret=0.115784 ape=0.6829
[15:01:53] warmStart 3% (67/1872) regret=0.115189 ape=0.6829
[15:01:53] warmStart 3% (68/1872) regret=0.115189 ape=0.6829
[15:01:53] warmStart 3% (69/1872) regret=0.114673 ape=0.6829
[15:01:53] warmStart 3% (70/1872) regret=0.114673 ape=0.6829
[15:01:54] warmStart 3% (71/1872) regret=0.112257 ape=0.6802
[15:01:54] warmStart 3% (72/1872) regret=0.111796 ape=0.6802
[15:01:54] warmStart 3% (73/1872) regret=0.111406 ape=0.6811
[15:01:54] warmStart 3% (74/1872) regret=0.111221 ape=0.6811
[15:01:55] warmStart 4% (75/1872) regret=0.110604 ape=0.6793
[15:01:55] warmStart 4% (76/1872) regret=0.110596 ape=0.6793
[15:01:55] warmStart 4% (77/1872) regret=0.110578 ape=0.6793
[15:01:55] warmStart 4% (78/1872) regret=0.109942 ape=0.6783
[15:01:56] warmStart 4% (79/1872) regret=0.108426 ape=0.6774
[15:01:56] warmStart 4% (80/1872) regret=0.107822 ape=0.6765
[15:01:56] warmStart 4% (81/1872) regret=0.107478 ape=0.6756
[15:01:56] warmStart 4% (82/1872) regret=0.107464 ape=0.6756
[15:01:57] warmStart 4% (83/1872) regret=0.106152 ape=0.6728
[15:01:57] warmStart 4% (84/1872) regret=0.105778 ape=0.6719
[15:01:57] warmStart 4% (85/1872) regret=0.105680 ape=0.6719
[15:01:57] warmStart 4% (86/1872) regret=0.105385 ape=0.6719
[15:01:58] warmStart 4% (87/1872) regret=0.105385 ape=0.6719
[15:01:58] warmStart 4% (88/1872) regret=0.104579 ape=0.6710
[15:01:58] warmStart 4% (89/1872) regret=0.104579 ape=0.6710
[15:01:58] warmStart 4% (90/1872) regret=0.104099 ape=0.6710
[15:01:59] warmStart 4% (91/1872) regret=0.103874 ape=0.6710
[15:01:59] warmStart 4% (92/1872) regret=0.103380 ape=0.6700
[15:01:59] warmStart 4% (93/1872) regret=0.103380 ape=0.6700
[15:01:59] warmStart 5% (94/1872) regret=0.103109 ape=0.6691
[15:02:00] warmStart 5% (95/1872) regret=0.103109 ape=0.6691
[15:02:00] warmStart 5% (96/1872) regret=0.102044 ape=0.6691
[15:02:00] warmStart 5% (97/1872) regret=0.101613 ape=0.6682
[15:02:00] warmStart 5% (98/1872) regret=0.100508 ape=0.6682
[15:02:01] warmStart 5% (99/1872) regret=0.100262 ape=0.6682
[15:02:01] warmStart 5% (100/1872) regret=0.099921 ape=0.6673
[15:02:01] warmStart 5% (101/1872) regret=0.099976 ape=0.6673
[15:02:01] warmStart 5% (102/1872) regret=0.099856 ape=0.6673
[15:02:02] warmStart 5% (103/1872) regret=0.099390 ape=0.6664
[15:02:02] warmStart 5% (104/1872) regret=0.099215 ape=0.6654
[15:02:02] warmStart 5% (105/1872) regret=0.097394 ape=0.6645
[15:02:02] warmStart 5% (106/1872) regret=0.097451 ape=0.6645
[15:02:02] warmStart 5% (107/1872) regret=0.097165 ape=0.6645
[15:02:03] warmStart 5% (108/1872) regret=0.096723 ape=0.6636
[15:02:03] warmStart 5% (109/1872) regret=0.096723 ape=0.6636
[15:02:03] warmStart 5% (110/1872) regret=0.096693 ape=0.6636
[15:02:03] warmStart 5% (111/1872) regret=0.096981 ape=0.6636
[15:02:04] warmStart 5% (112/1872) regret=0.096976 ape=0.6636
[15:02:04] warmStart 6% (113/1872) regret=0.096692 ape=0.6645
[15:02:04] warmStart 6% (114/1872) regret=0.096239 ape=0.6645
[15:02:04] warmStart 6% (115/1872) regret=0.096271 ape=0.6645
[15:02:05] warmStart 6% (116/1872) regret=0.096271 ape=0.6645
[15:02:05] warmStart 6% (117/1872) regret=0.095543 ape=0.6645
[15:02:05] warmStart 6% (118/1872) regret=0.094671 ape=0.6645
[15:02:05] warmStart 6% (119/1872) regret=0.094671 ape=0.6645
[15:02:06] warmStart 6% (120/1872) regret=0.094671 ape=0.6645
[15:02:06] warmStart 6% (121/1872) regret=0.093630 ape=0.6636
[15:02:06] warmStart 6% (122/1872) regret=0.093630 ape=0.6636
[15:02:07] warmStart 6% (123/1872) regret=0.093630 ape=0.6636
[15:02:07] warmStart 6% (124/1872) regret=0.092606 ape=0.6627
[15:02:07] warmStart 6% (125/1872) regret=0.092013 ape=0.6618
[15:02:07] warmStart 6% (126/1872) regret=0.092013 ape=0.6618
[15:02:07] warmStart 6% (127/1872) regret=0.091810 ape=0.6608
[15:02:08] warmStart 6% (128/1872) regret=0.091156 ape=0.6608
[15:02:08] warmStart 6% (129/1872) regret=0.090198 ape=0.6590
[15:02:08] warmStart 6% (130/1872) regret=0.090048 ape=0.6581
[15:02:08] warmStart 6% (131/1872) regret=0.090048 ape=0.6581
[15:02:09] warmStart 7% (132/1872) regret=0.089431 ape=0.6581
[15:02:09] warmStart 7% (133/1872) regret=0.089431 ape=0.6581
[15:02:09] warmStart 7% (134/1872) regret=0.089400 ape=0.6571
[15:02:09] warmStart 7% (135/1872) regret=0.089015 ape=0.6562
[15:02:10] warmStart 7% (136/1872) regret=0.089025 ape=0.6562
[15:02:10] warmStart 7% (137/1872) regret=0.088275 ape=0.6553
[15:02:10] warmStart 7% (138/1872) regret=0.087735 ape=0.6535
[15:02:10] warmStart 7% (139/1872) regret=0.087674 ape=0.6535
[15:02:11] warmStart 7% (140/1872) regret=0.087536 ape=0.6535
[15:02:11] warmStart 7% (141/1872) regret=0.087038 ape=0.6525
[15:02:11] warmStart 7% (142/1872) regret=0.086909 ape=0.6525
[15:02:11] warmStart 7% (143/1872) regret=0.087038 ape=0.6544
[15:02:12] warmStart 7% (144/1872) regret=0.086572 ape=0.6535
[15:02:12] warmStart 7% (145/1872) regret=0.086328 ape=0.6525
[15:02:12] warmStart 7% (146/1872) regret=0.086405 ape=0.6535
[15:02:12] warmStart 7% (147/1872) regret=0.086124 ape=0.6535
[15:02:13] warmStart 7% (148/1872) regret=0.086128 ape=0.6544
[15:02:13] warmStart 7% (149/1872) regret=0.086075 ape=0.6535
[15:02:13] warmStart 8% (150/1872) regret=0.086124 ape=0.6544
[15:02:13] warmStart 8% (151/1872) regret=0.085723 ape=0.6535
[15:02:14] warmStart 8% (152/1872) regret=0.085588 ape=0.6525
[15:02:14] warmStart 8% (153/1872) regret=0.085302 ape=0.6525
[15:02:14] warmStart 8% (154/1872) regret=0.085058 ape=0.6525
[15:02:14] warmStart 8% (155/1872) regret=0.084359 ape=0.6507
[15:02:15] warmStart 8% (156/1872) regret=0.084395 ape=0.6507
[15:02:15] warmStart 8% (157/1872) regret=0.083813 ape=0.6488
[15:02:15] warmStart 8% (158/1872) regret=0.083458 ape=0.6488
[15:02:15] warmStart 8% (159/1872) regret=0.082910 ape=0.6488
[15:02:16] warmStart 8% (160/1872) regret=0.082880 ape=0.6488
[15:02:16] warmStart 8% (161/1872) regret=0.082398 ape=0.6479
[15:02:16] warmStart 8% (162/1872) regret=0.082568 ape=0.6498
[15:02:16] warmStart 8% (163/1872) regret=0.082566 ape=0.6498
[15:02:16] warmStart 8% (164/1872) regret=0.082566 ape=0.6498
[15:02:17] warmStart 8% (165/1872) regret=0.082179 ape=0.6488
[15:02:17] warmStart 8% (166/1872) regret=0.081524 ape=0.6479
[15:02:17] warmStart 8% (167/1872) regret=0.080990 ape=0.6470
[15:02:17] warmStart 8% (168/1872) regret=0.081031 ape=0.6470
[15:02:18] warmStart 9% (169/1872) regret=0.080547 ape=0.6470
[15:02:18] warmStart 9% (170/1872) regret=0.080547 ape=0.6470
[15:02:18] warmStart 9% (171/1872) regret=0.079994 ape=0.6461
[15:02:18] warmStart 9% (172/1872) regret=0.079828 ape=0.6461
[15:02:19] warmStart 9% (173/1872) regret=0.079624 ape=0.6452
[15:02:19] warmStart 9% (174/1872) regret=0.079710 ape=0.6461
[15:02:19] warmStart 9% (175/1872) regret=0.079747 ape=0.6461
[15:02:19] warmStart 9% (176/1872) regret=0.079505 ape=0.6442
[15:02:20] warmStart 9% (177/1872) regret=0.078298 ape=0.6433
[15:02:20] warmStart 9% (178/1872) regret=0.078136 ape=0.6424
[15:02:20] warmStart 9% (179/1872) regret=0.077978 ape=0.6424
[15:02:20] warmStart 9% (180/1872) regret=0.077889 ape=0.6415
[15:02:20] warmStart 9% (181/1872) regret=0.077870 ape=0.6415
[15:02:21] warmStart 9% (182/1872) regret=0.077302 ape=0.6406
[15:02:21] warmStart 9% (183/1872) regret=0.077536 ape=0.6424
[15:02:21] warmStart 9% (184/1872) regret=0.077483 ape=0.6415
[15:02:21] warmStart 9% (185/1872) regret=0.077410 ape=0.6415
[15:02:22] warmStart 9% (186/1872) regret=0.076740 ape=0.6415
[15:02:22] warmStart 9% (187/1872) regret=0.075988 ape=0.6406
[15:02:22] warmStart 10% (188/1872) regret=0.075710 ape=0.6396
[15:02:22] warmStart 10% (189/1872) regret=0.075975 ape=0.6406
[15:02:23] warmStart 10% (190/1872) regret=0.076056 ape=0.6396
[15:02:23] warmStart 10% (191/1872) regret=0.075586 ape=0.6387
[15:02:23] warmStart 10% (192/1872) regret=0.075125 ape=0.6387
[15:02:23] warmStart 10% (193/1872) regret=0.074658 ape=0.6387
[15:02:23] warmStart 10% (194/1872) regret=0.074723 ape=0.6387
[15:02:24] warmStart 10% (195/1872) regret=0.073905 ape=0.6378
[15:02:24] warmStart 10% (196/1872) regret=0.073760 ape=0.6378
[15:02:24] warmStart 10% (197/1872) regret=0.073760 ape=0.6378
[15:02:24] warmStart 10% (198/1872) regret=0.073068 ape=0.6378
[15:02:25] warmStart 10% (199/1872) regret=0.072893 ape=0.6378
[15:02:25] warmStart 10% (200/1872) regret=0.072893 ape=0.6378
[15:02:25] warmStart 10% (201/1872) regret=0.072893 ape=0.6378
[15:02:25] warmStart 10% (202/1872) regret=0.072893 ape=0.6378
[15:02:26] warmStart 10% (203/1872) regret=0.072414 ape=0.6369
[15:02:26] warmStart 10% (204/1872) regret=0.072414 ape=0.6369
[15:02:26] warmStart 10% (205/1872) regret=0.072414 ape=0.6369
[15:02:26] warmStart 11% (206/1872) regret=0.072386 ape=0.6369
[15:02:26] warmStart 11% (207/1872) regret=0.072386 ape=0.6369
[15:02:27] warmStart 11% (208/1872) regret=0.072351 ape=0.6359
[15:02:27] warmStart 11% (209/1872) regret=0.072351 ape=0.6359
[15:02:27] warmStart 11% (210/1872) regret=0.072351 ape=0.6359
[15:02:27] warmStart 11% (211/1872) regret=0.072351 ape=0.6359
[15:02:28] warmStart 11% (212/1872) regret=0.072351 ape=0.6359
[15:02:28] warmStart 11% (213/1872) regret=0.072351 ape=0.6359
[15:02:28] warmStart 11% (214/1872) regret=0.072351 ape=0.6359
[15:02:28] warmStart 11% (215/1872) regret=0.072305 ape=0.6359
[15:02:29] warmStart 11% (216/1872) regret=0.072277 ape=0.6350
[15:02:29] warmStart 11% (217/1872) regret=0.072277 ape=0.6350
[15:02:29] warmStart 11% (218/1872) regret=0.072277 ape=0.6350
[15:02:29] warmStart 11% (219/1872) regret=0.072277 ape=0.6350
[15:02:29] warmStart 11% (220/1872) regret=0.072277 ape=0.6350
[15:02:30] warmStart 11% (221/1872) regret=0.072277 ape=0.6350
[15:02:30] warmStart 11% (222/1872) regret=0.072277 ape=0.6350
[15:02:30] warmStart 11% (223/1872) regret=0.071899 ape=0.6350
[15:02:30] warmStart 11% (224/1872) regret=0.071899 ape=0.6350
[15:02:31] warmStart 12% (225/1872) regret=0.071899 ape=0.6350
[15:02:31] warmStart 12% (226/1872) regret=0.071899 ape=0.6350
[15:02:31] warmStart 12% (227/1872) regret=0.071554 ape=0.6341
[15:02:31] warmStart 12% (228/1872) regret=0.071554 ape=0.6341
[15:02:32] warmStart 12% (229/1872) regret=0.071554 ape=0.6341
[15:02:32] warmStart 12% (230/1872) regret=0.071554 ape=0.6341
[15:02:32] warmStart 12% (231/1872) regret=0.071554 ape=0.6341
[15:02:32] warmStart 12% (232/1872) regret=0.071554 ape=0.6341
[15:02:32] warmStart 12% (233/1872) regret=0.071554 ape=0.6341
[15:02:33] warmStart 12% (234/1872) regret=0.071554 ape=0.6341
[15:02:33] warmStart 12% (235/1872) regret=0.071554 ape=0.6341
[15:02:33] warmStart 12% (236/1872) regret=0.071554 ape=0.6341
[15:02:33] warmStart 12% (237/1872) regret=0.071554 ape=0.6341
[15:02:34] warmStart 12% (238/1872) regret=0.071554 ape=0.6341
[15:02:34] warmStart 12% (239/1872) regret=0.071554 ape=0.6341
[15:02:34] warmStart 12% (240/1872) regret=0.071554 ape=0.6341
[15:02:34] warmStart 12% (241/1872) regret=0.071554 ape=0.6341
[15:02:35] warmStart 12% (242/1872) regret=0.071540 ape=0.6341
[15:02:35] warmStart 12% (243/1872) regret=0.071540 ape=0.6341
[15:02:35] warmStart 13% (244/1872) regret=0.071540 ape=0.6341
[15:02:35] warmStart 13% (245/1872) regret=0.071540 ape=0.6341
[15:02:36] warmStart 13% (246/1872) regret=0.071540 ape=0.6341
[15:02:36] warmStart 13% (247/1872) regret=0.071540 ape=0.6341
[15:02:36] warmStart 13% (248/1872) regret=0.071598 ape=0.6341
[15:02:36] warmStart 13% (249/1872) regret=0.071347 ape=0.6341
[15:02:36] warmStart 13% (250/1872) regret=0.071504 ape=0.6341
[15:02:37] warmStart 13% (251/1872) regret=0.071504 ape=0.6341
[15:02:37] warmStart 13% (252/1872) regret=0.071504 ape=0.6341
[15:02:37] warmStart 13% (253/1872) regret=0.071504 ape=0.6341
[15:02:37] warmStart 13% (254/1872) regret=0.071504 ape=0.6341
[15:02:38] warmStart 13% (255/1872) regret=0.071504 ape=0.6341
[15:02:38] warmStart 13% (256/1872) regret=0.071504 ape=0.6341
[15:02:38] warmStart 13% (257/1872) regret=0.071504 ape=0.6341
[15:02:38] warmStart 13% (258/1872) regret=0.071504 ape=0.6341
[15:02:39] warmStart 13% (259/1872) regret=0.071504 ape=0.6341
[15:02:39] warmStart 13% (260/1872) regret=0.071458 ape=0.6341
[15:02:39] warmStart 13% (261/1872) regret=0.071458 ape=0.6341
[15:02:39] warmStart 13% (262/1872) regret=0.071458 ape=0.6341
[15:02:39] warmStart 14% (263/1872) regret=0.071458 ape=0.6341
[15:02:40] warmStart 14% (264/1872) regret=0.071458 ape=0.6341
[15:02:40] warmStart 14% (265/1872) regret=0.071458 ape=0.6341
[15:02:40] warmStart 14% (266/1872) regret=0.071458 ape=0.6341
[15:02:40] warmStart 14% (267/1872) regret=0.071458 ape=0.6341
[15:02:41] warmStart 14% (268/1872) regret=0.071458 ape=0.6341
[15:02:41] warmStart 14% (269/1872) regret=0.071458 ape=0.6341
[15:02:41] warmStart 14% (270/1872) regret=0.071458 ape=0.6341
[15:02:41] warmStart 14% (271/1872) regret=0.071458 ape=0.6341
[15:02:42] warmStart 14% (272/1872) regret=0.071458 ape=0.6341
[15:02:42] warmStart 14% (273/1872) regret=0.071458 ape=0.6341
[15:02:42] warmStart 14% (274/1872) regret=0.071458 ape=0.6341
[15:02:42] warmStart 14% (275/1872) regret=0.071430 ape=0.6332
[15:02:42] warmStart 14% (276/1872) regret=0.071430 ape=0.6332
[15:02:43] warmStart 14% (277/1872) regret=0.071430 ape=0.6332
[15:02:43] warmStart 14% (278/1872) regret=0.071430 ape=0.6332
[15:02:43] warmStart 14% (279/1872) regret=0.071430 ape=0.6332
[15:02:43] warmStart 14% (280/1872) regret=0.071430 ape=0.6332
[15:02:44] warmStart 15% (281/1872) regret=0.071430 ape=0.6332
[15:02:44] warmStart 15% (282/1872) regret=0.071430 ape=0.6332
[15:02:44] warmStart 15% (283/1872) regret=0.071430 ape=0.6332
[15:02:44] warmStart 15% (284/1872) regret=0.071430 ape=0.6332
[15:02:45] warmStart 15% (285/1872) regret=0.071430 ape=0.6332
[15:02:45] warmStart 15% (286/1872) regret=0.071430 ape=0.6332
[15:02:45] warmStart 15% (287/1872) regret=0.071260 ape=0.6323
[15:02:45] warmStart 15% (288/1872) regret=0.071260 ape=0.6323
[15:02:46] warmStart 15% (289/1872) regret=0.071260 ape=0.6323
[15:02:46] warmStart 15% (290/1872) regret=0.071260 ape=0.6323
[15:02:46] warmStart 15% (291/1872) regret=0.071260 ape=0.6323
[15:02:46] warmStart 15% (292/1872) regret=0.071205 ape=0.6323
[15:02:46] warmStart 15% (293/1872) regret=0.070702 ape=0.6323
[15:02:47] warmStart 15% (294/1872) regret=0.070647 ape=0.6313
[15:02:47] warmStart 15% (295/1872) regret=0.070675 ape=0.6313
[15:02:47] warmStart 15% (296/1872) regret=0.070382 ape=0.6313
[15:02:47] warmStart 15% (297/1872) regret=0.070382 ape=0.6313
[15:02:48] warmStart 15% (298/1872) regret=0.070049 ape=0.6304
[15:02:48] warmStart 15% (299/1872) regret=0.069522 ape=0.6304
[15:02:48] warmStart 16% (300/1872) regret=0.069107 ape=0.6295
[15:02:48] warmStart 16% (301/1872) regret=0.069107 ape=0.6295
[15:02:49] warmStart 16% (302/1872) regret=0.069113 ape=0.6295
[15:02:49] warmStart 16% (303/1872) regret=0.069182 ape=0.6295
[15:02:49] warmStart 16% (304/1872) regret=0.068915 ape=0.6286
[15:02:49] warmStart 16% (305/1872) regret=0.069007 ape=0.6286
[15:02:49] warmStart 16% (306/1872) regret=0.068565 ape=0.6267
[15:02:50] warmStart 16% (307/1872) regret=0.068565 ape=0.6267
[15:02:50] warmStart 16% (308/1872) regret=0.068260 ape=0.6267
[15:02:50] warmStart 16% (309/1872) regret=0.068353 ape=0.6267
[15:02:50] warmStart 16% (310/1872) regret=0.068353 ape=0.6267
[15:02:51] warmStart 16% (311/1872) regret=0.067671 ape=0.6267
[15:02:51] warmStart 16% (312/1872) regret=0.067671 ape=0.6267
[15:02:51] warmStart 16% (313/1872) regret=0.067219 ape=0.6267
[15:02:51] warmStart 16% (314/1872) regret=0.067653 ape=0.6267
[15:02:52] warmStart 16% (315/1872) regret=0.067012 ape=0.6258
[15:02:52] warmStart 16% (316/1872) regret=0.067280 ape=0.6249
[15:02:52] warmStart 16% (317/1872) regret=0.066868 ape=0.6230
[15:02:52] warmStart 16% (318/1872) regret=0.066776 ape=0.6230
[15:02:53] warmStart 17% (319/1872) regret=0.066361 ape=0.6212
[15:02:53] warmStart 17% (320/1872) regret=0.065981 ape=0.6212
[15:02:53] warmStart 17% (321/1872) regret=0.065645 ape=0.6212
[15:02:53] warmStart 17% (322/1872) regret=0.065129 ape=0.6203
[15:02:54] warmStart 17% (323/1872) regret=0.064742 ape=0.6194
[15:02:54] warmStart 17% (324/1872) regret=0.064616 ape=0.6184
[15:02:54] warmStart 17% (325/1872) regret=0.064662 ape=0.6184
[15:02:54] warmStart 17% (326/1872) regret=0.064127 ape=0.6175
[15:02:55] warmStart 17% (327/1872) regret=0.064127 ape=0.6175
[15:02:55] warmStart 17% (328/1872) regret=0.064065 ape=0.6175
[15:02:55] warmStart 17% (329/1872) regret=0.063973 ape=0.6166
[15:02:55] warmStart 17% (330/1872) regret=0.064199 ape=0.6175
[15:02:56] warmStart 17% (331/1872) regret=0.063835 ape=0.6166
[15:02:56] warmStart 17% (332/1872) regret=0.063786 ape=0.6147
[15:02:56] warmStart 17% (333/1872) regret=0.063689 ape=0.6157
[15:02:56] warmStart 17% (334/1872) regret=0.063830 ape=0.6166
[15:02:57] warmStart 17% (335/1872) regret=0.063462 ape=0.6157
[15:02:57] warmStart 17% (336/1872) regret=0.063462 ape=0.6157
[15:02:57] warmStart 18% (337/1872) regret=0.063365 ape=0.6157
[15:02:57] warmStart 18% (338/1872) regret=0.063393 ape=0.6157
[15:02:58] warmStart 18% (339/1872) regret=0.063403 ape=0.6157
[15:02:58] warmStart 18% (340/1872) regret=0.063321 ape=0.6147
[15:02:58] warmStart 18% (341/1872) regret=0.063191 ape=0.6138
[15:02:58] warmStart 18% (342/1872) regret=0.062685 ape=0.6111
[15:02:59] warmStart 18% (343/1872) regret=0.062685 ape=0.6111
[15:02:59] warmStart 18% (344/1872) regret=0.062734 ape=0.6111
[15:02:59] warmStart 18% (345/1872) regret=0.062826 ape=0.6111
[15:02:59] warmStart 18% (346/1872) regret=0.062671 ape=0.6111
[15:03:00] warmStart 18% (347/1872) regret=0.062644 ape=0.6111
[15:03:00] warmStart 18% (348/1872) regret=0.062653 ape=0.6101
[15:03:00] warmStart 18% (349/1872) regret=0.061879 ape=0.6083
[15:03:00] warmStart 18% (350/1872) regret=0.061725 ape=0.6083
[15:03:01] warmStart 18% (351/1872) regret=0.061034 ape=0.6074
[15:03:01] warmStart 18% (352/1872) regret=0.061135 ape=0.6074
[15:03:01] warmStart 18% (353/1872) regret=0.061295 ape=0.6074
[15:03:01] warmStart 18% (354/1872) regret=0.062038 ape=0.6083
[15:03:02] warmStart 18% (355/1872) regret=0.061503 ape=0.6065
[15:03:02] warmStart 19% (356/1872) regret=0.061168 ape=0.6065
[15:03:02] warmStart 19% (357/1872) regret=0.061168 ape=0.6065
[15:03:02] warmStart 19% (358/1872) regret=0.061168 ape=0.6065
[15:03:03] warmStart 19% (359/1872) regret=0.061110 ape=0.6065
[15:03:03] warmStart 19% (360/1872) regret=0.060678 ape=0.6046
[15:03:03] warmStart 19% (361/1872) regret=0.060663 ape=0.6046
[15:03:03] warmStart 19% (362/1872) regret=0.060714 ape=0.6046
[15:03:03] warmStart 19% (363/1872) regret=0.060883 ape=0.6065
[15:03:04] warmStart 19% (364/1872) regret=0.061118 ape=0.6074
[15:03:04] warmStart 19% (365/1872) regret=0.061174 ape=0.6083
[15:03:04] warmStart 19% (366/1872) regret=0.061082 ape=0.6074
[15:03:04] warmStart 19% (367/1872) regret=0.060943 ape=0.6074
[15:03:05] warmStart 19% (368/1872) regret=0.060943 ape=0.6074
[15:03:05] warmStart 19% (369/1872) regret=0.060943 ape=0.6074
[15:03:05] warmStart 19% (370/1872) regret=0.060943 ape=0.6074
[15:03:05] warmStart 19% (371/1872) regret=0.061138 ape=0.6083
[15:03:06] warmStart 19% (372/1872) regret=0.061138 ape=0.6083
[15:03:06] warmStart 19% (373/1872) regret=0.061258 ape=0.6083
[15:03:06] warmStart 19% (374/1872) regret=0.061258 ape=0.6083
[15:03:06] warmStart 20% (375/1872) regret=0.061276 ape=0.6083
[15:03:07] warmStart 20% (376/1872) regret=0.061197 ape=0.6083
[15:03:07] warmStart 20% (377/1872) regret=0.061197 ape=0.6083
[15:03:07] warmStart 20% (378/1872) regret=0.061197 ape=0.6083
[15:03:07] warmStart 20% (379/1872) regret=0.061197 ape=0.6083
[15:03:08] warmStart 20% (380/1872) regret=0.061197 ape=0.6083
[15:03:08] warmStart 20% (381/1872) regret=0.061207 ape=0.6083
[15:03:08] warmStart 20% (382/1872) regret=0.061207 ape=0.6083
[15:03:08] warmStart 20% (383/1872) regret=0.061207 ape=0.6083
[15:03:08] warmStart 20% (384/1872) regret=0.061207 ape=0.6083
[15:03:09] warmStart 20% (385/1872) regret=0.061207 ape=0.6083
[15:03:09] warmStart 20% (386/1872) regret=0.060764 ape=0.6074
[15:03:09] warmStart 20% (387/1872) regret=0.060744 ape=0.6065
[15:03:09] warmStart 20% (388/1872) regret=0.060726 ape=0.6065
[15:03:10] warmStart 20% (389/1872) regret=0.060726 ape=0.6065
[15:03:10] warmStart 20% (390/1872) regret=0.060726 ape=0.6065
[15:03:10] warmStart 20% (391/1872) regret=0.060726 ape=0.6065
[15:03:10] warmStart 20% (392/1872) regret=0.060726 ape=0.6065
[15:03:11] warmStart 20% (393/1872) regret=0.060726 ape=0.6065
[15:03:11] warmStart 21% (394/1872) regret=0.060726 ape=0.6065
[15:03:11] warmStart 21% (395/1872) regret=0.060901 ape=0.6055
[15:03:11] warmStart 21% (396/1872) regret=0.060952 ape=0.6055
[15:03:12] warmStart 21% (397/1872) regret=0.060887 ape=0.6055
[15:03:12] warmStart 21% (398/1872) regret=0.060887 ape=0.6055
[15:03:12] warmStart 21% (399/1872) regret=0.060915 ape=0.6055
[15:03:12] warmStart 21% (400/1872) regret=0.060887 ape=0.6055
[15:03:13] warmStart 21% (401/1872) regret=0.060813 ape=0.6046
[15:03:13] warmStart 21% (402/1872) regret=0.060813 ape=0.6046
[15:03:13] warmStart 21% (403/1872) regret=0.060813 ape=0.6046
[15:03:13] warmStart 21% (404/1872) regret=0.060813 ape=0.6046
[15:03:14] warmStart 21% (405/1872) regret=0.060813 ape=0.6046
[15:03:14] warmStart 21% (406/1872) regret=0.060813 ape=0.6046
[15:03:14] warmStart 21% (407/1872) regret=0.060813 ape=0.6046
[15:03:14] warmStart 21% (408/1872) regret=0.060813 ape=0.6046
[15:03:14] warmStart 21% (409/1872) regret=0.060813 ape=0.6046
[15:03:15] warmStart 21% (410/1872) regret=0.060813 ape=0.6046
[15:03:15] warmStart 21% (411/1872) regret=0.060813 ape=0.6046
[15:03:15] warmStart 22% (412/1872) regret=0.060380 ape=0.6028
[15:03:15] warmStart 22% (413/1872) regret=0.060380 ape=0.6028
[15:03:16] warmStart 22% (414/1872) regret=0.060380 ape=0.6028
[15:03:16] warmStart 22% (415/1872) regret=0.060380 ape=0.6028
[15:03:16] warmStart 22% (416/1872) regret=0.060380 ape=0.6028
[15:03:16] warmStart 22% (417/1872) regret=0.060362 ape=0.6028
[15:03:16] warmStart 22% (418/1872) regret=0.060334 ape=0.6028
[15:03:17] warmStart 22% (419/1872) regret=0.060277 ape=0.6028
[15:03:17] warmStart 22% (420/1872) regret=0.060277 ape=0.6028
[15:03:17] warmStart 22% (421/1872) regret=0.060277 ape=0.6028
[15:03:17] warmStart 22% (422/1872) regret=0.060208 ape=0.6028
[15:03:18] warmStart 22% (423/1872) regret=0.060208 ape=0.6028
[15:03:18] warmStart 22% (424/1872) regret=0.059865 ape=0.6018
[15:03:18] warmStart 22% (425/1872) regret=0.059865 ape=0.6018
[15:03:18] warmStart 22% (426/1872) regret=0.059865 ape=0.6018
[15:03:19] warmStart 22% (427/1872) regret=0.059865 ape=0.6018
[15:03:19] warmStart 22% (428/1872) regret=0.059865 ape=0.6018
[15:03:19] warmStart 22% (429/1872) regret=0.059865 ape=0.6018
[15:03:19] warmStart 22% (430/1872) regret=0.059865 ape=0.6018
[15:03:19] warmStart 23% (431/1872) regret=0.059875 ape=0.6018
[15:03:20] warmStart 23% (432/1872) regret=0.059838 ape=0.6018
[15:03:20] warmStart 23% (433/1872) regret=0.059391 ape=0.6009
[15:03:20] warmStart 23% (434/1872) regret=0.059342 ape=0.6000
[15:03:20] warmStart 23% (435/1872) regret=0.059391 ape=0.6009
[15:03:21] warmStart 23% (436/1872) regret=0.059391 ape=0.6009
[15:03:21] warmStart 23% (437/1872) regret=0.059366 ape=0.6000
[15:03:21] warmStart 23% (438/1872) regret=0.059491 ape=0.6000
[15:03:21] warmStart 23% (439/1872) regret=0.059491 ape=0.6000
[15:03:22] warmStart 23% (440/1872) regret=0.059491 ape=0.6000
[15:03:22] warmStart 23% (441/1872) regret=0.059375 ape=0.5991
[15:03:22] warmStart 23% (442/1872) regret=0.058924 ape=0.5991
[15:03:22] warmStart 23% (443/1872) regret=0.058924 ape=0.5991
[15:03:23] warmStart 23% (444/1872) regret=0.058924 ape=0.5991
[15:03:23] warmStart 23% (445/1872) regret=0.058924 ape=0.5991
[15:03:23] warmStart 23% (446/1872) regret=0.058924 ape=0.5991
[15:03:23] warmStart 23% (447/1872) regret=0.058924 ape=0.5991
[15:03:24] warmStart 23% (448/1872) regret=0.058924 ape=0.5991
[15:03:24] warmStart 23% (449/1872) regret=0.058925 ape=0.5991
[15:03:24] warmStart 24% (450/1872) regret=0.058925 ape=0.5991
[15:03:24] warmStart 24% (451/1872) regret=0.058925 ape=0.5991
[15:03:25] warmStart 24% (452/1872) regret=0.058925 ape=0.5991
[15:03:25] warmStart 24% (453/1872) regret=0.058785 ape=0.5982
[15:03:25] warmStart 24% (454/1872) regret=0.058888 ape=0.5982
[15:03:25] warmStart 24% (455/1872) regret=0.058829 ape=0.5982
[15:03:25] warmStart 24% (456/1872) regret=0.058841 ape=0.5991
[15:03:26] warmStart 24% (457/1872) regret=0.058792 ape=0.5991
[15:03:26] warmStart 24% (458/1872) regret=0.058792 ape=0.5991
[15:03:26] warmStart 24% (459/1872) regret=0.058792 ape=0.5991
[15:03:26] warmStart 24% (460/1872) regret=0.058542 ape=0.5982
[15:03:27] warmStart 24% (461/1872) regret=0.058111 ape=0.5982
[15:03:27] warmStart 24% (462/1872) regret=0.058308 ape=0.6009
[15:03:27] warmStart 24% (463/1872) regret=0.058240 ape=0.6000
[15:03:27] warmStart 24% (464/1872) regret=0.058048 ape=0.6000
[15:03:28] warmStart 24% (465/1872) regret=0.058126 ape=0.6000
[15:03:28] warmStart 24% (466/1872) regret=0.058131 ape=0.6000
[15:03:28] warmStart 24% (467/1872) regret=0.057997 ape=0.5991
[15:03:28] warmStart 25% (468/1872) regret=0.057655 ape=0.5972
[15:03:29] warmStart 25% (469/1872) regret=0.057609 ape=0.5972
[15:03:29] warmStart 25% (470/1872) regret=0.057659 ape=0.5972
[15:03:29] warmStart 25% (471/1872) regret=0.057337 ape=0.5963
[15:03:29] warmStart 25% (472/1872) regret=0.057314 ape=0.5963
[15:03:30] warmStart 25% (473/1872) regret=0.057300 ape=0.5954
[15:03:30] warmStart 25% (474/1872) regret=0.057331 ape=0.5954
[15:03:30] warmStart 25% (475/1872) regret=0.057331 ape=0.5954
[15:03:30] warmStart 25% (476/1872) regret=0.057017 ape=0.5945
[15:03:31] warmStart 25% (477/1872) regret=0.057165 ape=0.5945
[15:03:31] warmStart 25% (478/1872) regret=0.057165 ape=0.5945
[15:03:31] warmStart 25% (479/1872) regret=0.057165 ape=0.5945
[15:03:31] warmStart 25% (480/1872) regret=0.057094 ape=0.5935
[15:03:32] warmStart 25% (481/1872) regret=0.057094 ape=0.5935
[15:03:32] warmStart 25% (482/1872) regret=0.057090 ape=0.5917
[15:03:32] warmStart 25% (483/1872) regret=0.056077 ape=0.5899
[15:03:32] warmStart 25% (484/1872) regret=0.056071 ape=0.5899
[15:03:33] warmStart 25% (485/1872) regret=0.056071 ape=0.5899
[15:03:33] warmStart 25% (486/1872) regret=0.056071 ape=0.5899
[15:03:33] warmStart 26% (487/1872) regret=0.055922 ape=0.5899
[15:03:33] warmStart 26% (488/1872) regret=0.055922 ape=0.5899
[15:03:34] warmStart 26% (489/1872) regret=0.055922 ape=0.5899
[15:03:34] warmStart 26% (490/1872) regret=0.055922 ape=0.5899
[15:03:34] warmStart 26% (491/1872) regret=0.055899 ape=0.5889
[15:03:34] warmStart 26% (492/1872) regret=0.056178 ape=0.5889
[15:03:34] warmStart 26% (493/1872) regret=0.055964 ape=0.5880
[15:03:35] warmStart 26% (494/1872) regret=0.055964 ape=0.5880
[15:03:35] warmStart 26% (495/1872) regret=0.055964 ape=0.5880
[15:03:35] warmStart 26% (496/1872) regret=0.055964 ape=0.5880
[15:03:35] warmStart 26% (497/1872) regret=0.055805 ape=0.5880
[15:03:36] warmStart 26% (498/1872) regret=0.055753 ape=0.5871
[15:03:36] warmStart 26% (499/1872) regret=0.055753 ape=0.5871
[15:03:36] warmStart 26% (500/1872) regret=0.055753 ape=0.5871
[15:03:36] warmStart 26% (501/1872) regret=0.055753 ape=0.5871
[15:03:37] warmStart 26% (502/1872) regret=0.055753 ape=0.5871
[15:03:37] warmStart 26% (503/1872) regret=0.055753 ape=0.5871
[15:03:37] warmStart 26% (504/1872) regret=0.055753 ape=0.5871
[15:03:37] warmStart 26% (505/1872) regret=0.055523 ape=0.5871
[15:03:37] warmStart 27% (506/1872) regret=0.055039 ape=0.5862
[15:03:38] warmStart 27% (507/1872) regret=0.055039 ape=0.5862
[15:03:38] warmStart 27% (508/1872) regret=0.055039 ape=0.5862
[15:03:38] warmStart 27% (509/1872) regret=0.055179 ape=0.5862
[15:03:38] warmStart 27% (510/1872) regret=0.055179 ape=0.5862
[15:03:38] warmStart 27% (511/1872) regret=0.055179 ape=0.5862
[15:03:39] warmStart 27% (512/1872) regret=0.055179 ape=0.5862
[15:03:39] warmStart 27% (513/1872) regret=0.055179 ape=0.5862
[15:03:39] warmStart 27% (514/1872) regret=0.055179 ape=0.5862
[15:03:39] warmStart 27% (515/1872) regret=0.055185 ape=0.5862
[15:03:39] warmStart 27% (516/1872) regret=0.055185 ape=0.5862
[15:03:40] warmStart 27% (517/1872) regret=0.055185 ape=0.5862
[15:03:40] warmStart 27% (518/1872) regret=0.055185 ape=0.5862
[15:03:40] warmStart 27% (519/1872) regret=0.055185 ape=0.5862
[15:03:40] warmStart 27% (520/1872) regret=0.055185 ape=0.5862
[15:03:41] warmStart 27% (521/1872) regret=0.055185 ape=0.5862
[15:03:41] warmStart 27% (522/1872) regret=0.055185 ape=0.5862
[15:03:41] warmStart 27% (523/1872) regret=0.055185 ape=0.5862
[15:03:41] warmStart 27% (524/1872) regret=0.055185 ape=0.5862
[15:03:41] warmStart 28% (525/1872) regret=0.055185 ape=0.5862
[15:03:42] warmStart 28% (526/1872) regret=0.055185 ape=0.5862
[15:03:42] warmStart 28% (527/1872) regret=0.055185 ape=0.5862
[15:03:42] warmStart 28% (528/1872) regret=0.055185 ape=0.5862
[15:03:42] warmStart 28% (529/1872) regret=0.055185 ape=0.5862
[15:03:42] warmStart 28% (530/1872) regret=0.055185 ape=0.5862
[15:03:43] warmStart 28% (531/1872) regret=0.055185 ape=0.5862
[15:03:43] warmStart 28% (532/1872) regret=0.055182 ape=0.5862
[15:03:43] warmStart 28% (533/1872) regret=0.055182 ape=0.5862
[15:03:43] warmStart 28% (534/1872) regret=0.054881 ape=0.5862
[15:03:43] warmStart 28% (535/1872) regret=0.054881 ape=0.5862
[15:03:44] warmStart 28% (536/1872) regret=0.054881 ape=0.5862
[15:03:44] warmStart 28% (537/1872) regret=0.054881 ape=0.5862
[15:03:44] warmStart 28% (538/1872) regret=0.054881 ape=0.5862
[15:03:44] warmStart 28% (539/1872) regret=0.054881 ape=0.5862
[15:03:44] warmStart 28% (540/1872) regret=0.054881 ape=0.5862
[15:03:45] warmStart 28% (541/1872) regret=0.054881 ape=0.5862
[15:03:45] warmStart 28% (542/1872) regret=0.054855 ape=0.5862
[15:03:45] warmStart 29% (543/1872) regret=0.054855 ape=0.5862
[15:03:45] warmStart 29% (544/1872) regret=0.054855 ape=0.5862
[15:03:45] warmStart 29% (545/1872) regret=0.054855 ape=0.5862
[15:03:46] warmStart 29% (546/1872) regret=0.054855 ape=0.5862
[15:03:46] warmStart 29% (547/1872) regret=0.054855 ape=0.5862
[15:03:46] warmStart 29% (548/1872) regret=0.054855 ape=0.5862
[15:03:46] warmStart 29% (549/1872) regret=0.054855 ape=0.5862
[15:03:47] warmStart 29% (550/1872) regret=0.054855 ape=0.5862
[15:03:47] warmStart 29% (551/1872) regret=0.054855 ape=0.5862
[15:03:47] warmStart 29% (552/1872) regret=0.054855 ape=0.5862
[15:03:47] warmStart 29% (553/1872) regret=0.054855 ape=0.5862
[15:03:47] warmStart 29% (554/1872) regret=0.054855 ape=0.5862
[15:03:47] warmStart 29% (555/1872) regret=0.054855 ape=0.5862
[15:03:48] warmStart 29% (556/1872) regret=0.054717 ape=0.5862
[15:03:48] warmStart 29% (557/1872) regret=0.054689 ape=0.5853
[15:03:48] warmStart 29% (558/1872) regret=0.054689 ape=0.5853
[15:03:48] warmStart 29% (559/1872) regret=0.054689 ape=0.5853
[15:03:49] warmStart 29% (560/1872) regret=0.054689 ape=0.5853
[15:03:49] warmStart 29% (561/1872) regret=0.054613 ape=0.5853
[15:03:49] warmStart 30% (562/1872) regret=0.054613 ape=0.5853
[15:03:49] warmStart 30% (563/1872) regret=0.054613 ape=0.5853
[15:03:49] warmStart 30% (564/1872) regret=0.054613 ape=0.5853
[15:03:50] warmStart 30% (565/1872) regret=0.054613 ape=0.5853
[15:03:50] warmStart 30% (566/1872) regret=0.054613 ape=0.5853
[15:03:50] warmStart 30% (567/1872) regret=0.054765 ape=0.5862
[15:03:50] warmStart 30% (568/1872) regret=0.054740 ape=0.5853
[15:03:50] warmStart 30% (569/1872) regret=0.054648 ape=0.5853
[15:03:51] warmStart 30% (570/1872) regret=0.054727 ape=0.5862
[15:03:51] warmStart 30% (571/1872) regret=0.054323 ape=0.5843
[15:03:51] warmStart 30% (572/1872) regret=0.054373 ape=0.5853
[15:03:51] warmStart 30% (573/1872) regret=0.054233 ape=0.5853
[15:03:51] warmStart 30% (574/1872) regret=0.053919 ape=0.5853
[15:03:52] warmStart 30% (575/1872) regret=0.053638 ape=0.5853
[15:03:52] warmStart 30% (576/1872) regret=0.053602 ape=0.5843
[15:03:52] warmStart 30% (577/1872) regret=0.053445 ape=0.5834
[15:03:52] warmStart 30% (578/1872) regret=0.053111 ape=0.5834
[15:03:52] warmStart 30% (579/1872) regret=0.053142 ape=0.5834
[15:03:53] warmStart 30% (580/1872) regret=0.052736 ape=0.5834
[15:03:53] warmStart 31% (581/1872) regret=0.052736 ape=0.5834
[15:03:53] warmStart 31% (582/1872) regret=0.052590 ape=0.5834
[15:03:53] warmStart 31% (583/1872) regret=0.052590 ape=0.5834
[15:03:54] warmStart 31% (584/1872) regret=0.052206 ape=0.5825
[15:03:54] warmStart 31% (585/1872) regret=0.052160 ape=0.5825
[15:03:54] warmStart 31% (586/1872) regret=0.052160 ape=0.5825
[15:03:54] warmStart 31% (587/1872) regret=0.052160 ape=0.5825
[15:03:54] warmStart 31% (588/1872) regret=0.052160 ape=0.5825
[15:03:55] warmStart 31% (589/1872) regret=0.052077 ape=0.5816
[15:03:55] warmStart 31% (590/1872) regret=0.052020 ape=0.5806
[15:03:55] warmStart 31% (591/1872) regret=0.052008 ape=0.5806
[15:03:55] warmStart 31% (592/1872) regret=0.052008 ape=0.5806
[15:03:56] warmStart 31% (593/1872) regret=0.051891 ape=0.5788
[15:03:56] warmStart 31% (594/1872) regret=0.051884 ape=0.5788
[15:03:56] warmStart 31% (595/1872) regret=0.051557 ape=0.5797
[15:03:56] warmStart 31% (596/1872) regret=0.051557 ape=0.5797
[15:03:56] warmStart 31% (597/1872) regret=0.051557 ape=0.5797
[15:03:57] warmStart 31% (598/1872) regret=0.051557 ape=0.5797
[15:03:57] warmStart 31% (599/1872) regret=0.051557 ape=0.5797
[15:03:57] warmStart 32% (600/1872) regret=0.051539 ape=0.5788
[15:03:57] warmStart 32% (601/1872) regret=0.051554 ape=0.5788
[15:03:57] warmStart 32% (602/1872) regret=0.051518 ape=0.5788
[15:03:58] warmStart 32% (603/1872) regret=0.051500 ape=0.5788
[15:03:58] warmStart 32% (604/1872) regret=0.051500 ape=0.5788
[15:03:58] warmStart 32% (605/1872) regret=0.051039 ape=0.5779
[15:03:58] warmStart 32% (606/1872) regret=0.051191 ape=0.5788
[15:03:59] warmStart 32% (607/1872) regret=0.051191 ape=0.5788
[15:03:59] warmStart 32% (608/1872) regret=0.051191 ape=0.5788
[15:03:59] warmStart 32% (609/1872) regret=0.051191 ape=0.5788
[15:03:59] warmStart 32% (610/1872) regret=0.051233 ape=0.5788
[15:03:59] warmStart 32% (611/1872) regret=0.051181 ape=0.5788
[15:04:00] warmStart 32% (612/1872) regret=0.051181 ape=0.5788
[15:04:00] warmStart 32% (613/1872) regret=0.051181 ape=0.5788
[15:04:00] warmStart 32% (614/1872) regret=0.051079 ape=0.5788
[15:04:00] warmStart 32% (615/1872) regret=0.051015 ape=0.5788
[15:04:01] warmStart 32% (616/1872) regret=0.051015 ape=0.5788
[15:04:01] warmStart 32% (617/1872) regret=0.051015 ape=0.5788
[15:04:01] warmStart 33% (618/1872) regret=0.051032 ape=0.5779
[15:04:01] warmStart 33% (619/1872) regret=0.050884 ape=0.5770
[15:04:01] warmStart 33% (620/1872) regret=0.050884 ape=0.5770
[15:04:02] warmStart 33% (621/1872) regret=0.050884 ape=0.5770
[15:04:02] warmStart 33% (622/1872) regret=0.050884 ape=0.5770
[15:04:02] warmStart 33% (623/1872) regret=0.050884 ape=0.5770
[15:04:02] warmStart 33% (624/1872) regret=0.050884 ape=0.5770
[15:04:03] warmStart 33% (625/1872) regret=0.050884 ape=0.5770
[15:04:03] warmStart 33% (626/1872) regret=0.050884 ape=0.5770
[15:04:03] warmStart 33% (627/1872) regret=0.050884 ape=0.5770
[15:04:03] warmStart 33% (628/1872) regret=0.050884 ape=0.5770
[15:04:04] warmStart 33% (629/1872) regret=0.050884 ape=0.5770
[15:04:04] warmStart 33% (630/1872) regret=0.050884 ape=0.5770
[15:04:04] warmStart 33% (631/1872) regret=0.050884 ape=0.5770
[15:04:04] warmStart 33% (632/1872) regret=0.050884 ape=0.5770
[15:04:05] warmStart 33% (633/1872) regret=0.050884 ape=0.5770
[15:04:05] warmStart 33% (634/1872) regret=0.050884 ape=0.5770
[15:04:05] warmStart 33% (635/1872) regret=0.050884 ape=0.5770
[15:04:05] warmStart 33% (636/1872) regret=0.050884 ape=0.5770
[15:04:06] warmStart 34% (637/1872) regret=0.050884 ape=0.5770
[15:04:06] warmStart 34% (638/1872) regret=0.050884 ape=0.5770
[15:04:06] warmStart 34% (639/1872) regret=0.050884 ape=0.5770
[15:04:06] warmStart 34% (640/1872) regret=0.050884 ape=0.5770
[15:04:07] warmStart 34% (641/1872) regret=0.050884 ape=0.5770
[15:04:07] warmStart 34% (642/1872) regret=0.050884 ape=0.5770
[15:04:07] warmStart 34% (643/1872) regret=0.050884 ape=0.5770
[15:04:07] warmStart 34% (644/1872) regret=0.050884 ape=0.5770
[15:04:08] warmStart 34% (645/1872) regret=0.050884 ape=0.5770
[15:04:08] warmStart 34% (646/1872) regret=0.050884 ape=0.5770
[15:04:08] warmStart 34% (647/1872) regret=0.050884 ape=0.5770
[15:04:08] warmStart 34% (648/1872) regret=0.050958 ape=0.5779
[15:04:09] warmStart 34% (649/1872) regret=0.050884 ape=0.5770
[15:04:09] warmStart 34% (650/1872) regret=0.050884 ape=0.5770
[15:04:09] warmStart 34% (651/1872) regret=0.050884 ape=0.5770
[15:04:09] warmStart 34% (652/1872) regret=0.050884 ape=0.5770
[15:04:10] warmStart 34% (653/1872) regret=0.050884 ape=0.5770
[15:04:10] warmStart 34% (654/1872) regret=0.050884 ape=0.5770
[15:04:10] warmStart 34% (655/1872) regret=0.050878 ape=0.5770
[15:04:10] warmStart 35% (656/1872) regret=0.050707 ape=0.5760
[15:04:11] warmStart 35% (657/1872) regret=0.050720 ape=0.5760
[15:04:11] warmStart 35% (658/1872) regret=0.050720 ape=0.5760
[15:04:11] warmStart 35% (659/1872) regret=0.050684 ape=0.5760
[15:04:11] warmStart 35% (660/1872) regret=0.050764 ape=0.5760
[15:04:12] warmStart 35% (661/1872) regret=0.050745 ape=0.5760
[15:04:12] warmStart 35% (662/1872) regret=0.050729 ape=0.5760
[15:04:12] warmStart 35% (663/1872) regret=0.050447 ape=0.5751
[15:04:12] warmStart 35% (664/1872) regret=0.050393 ape=0.5742
[15:04:13] warmStart 35% (665/1872) regret=0.050361 ape=0.5742
[15:04:13] warmStart 35% (666/1872) regret=0.050361 ape=0.5742
[15:04:13] warmStart 35% (667/1872) regret=0.050361 ape=0.5742
[15:04:13] warmStart 35% (668/1872) regret=0.050361 ape=0.5742
[15:04:14] warmStart 35% (669/1872) regret=0.050361 ape=0.5742
[15:04:14] warmStart 35% (670/1872) regret=0.050283 ape=0.5742
[15:04:14] warmStart 35% (671/1872) regret=0.050283 ape=0.5742
[15:04:14] warmStart 35% (672/1872) regret=0.050283 ape=0.5742
[15:04:15] warmStart 35% (673/1872) regret=0.050283 ape=0.5742
[15:04:15] warmStart 36% (674/1872) regret=0.050283 ape=0.5742
[15:04:15] warmStart 36% (675/1872) regret=0.050283 ape=0.5742
[15:04:15] warmStart 36% (676/1872) regret=0.050283 ape=0.5742
[15:04:16] warmStart 36% (677/1872) regret=0.049964 ape=0.5742
[15:04:16] warmStart 36% (678/1872) regret=0.049903 ape=0.5733
[15:04:16] warmStart 36% (679/1872) regret=0.049770 ape=0.5742
[15:04:16] warmStart 36% (680/1872) regret=0.049770 ape=0.5742
[15:04:17] warmStart 36% (681/1872) regret=0.049770 ape=0.5742
[15:04:17] warmStart 36% (682/1872) regret=0.049770 ape=0.5742
[15:04:17] warmStart 36% (683/1872) regret=0.049770 ape=0.5742
[15:04:17] warmStart 36% (684/1872) regret=0.049795 ape=0.5742
[15:04:18] warmStart 36% (685/1872) regret=0.049795 ape=0.5742
[15:04:18] warmStart 36% (686/1872) regret=0.049795 ape=0.5742
[15:04:18] warmStart 36% (687/1872) regret=0.049795 ape=0.5742
[15:04:18] warmStart 36% (688/1872) regret=0.049703 ape=0.5742
[15:04:18] warmStart 36% (689/1872) regret=0.049703 ape=0.5742
[15:04:19] warmStart 36% (690/1872) regret=0.049703 ape=0.5742
[15:04:19] warmStart 36% (691/1872) regret=0.049744 ape=0.5751
[15:04:19] warmStart 36% (692/1872) regret=0.049744 ape=0.5751
[15:04:19] warmStart 37% (693/1872) regret=0.049550 ape=0.5751
[15:04:20] warmStart 37% (694/1872) regret=0.049550 ape=0.5751
[15:04:20] warmStart 37% (695/1872) regret=0.049550 ape=0.5751
[15:04:20] warmStart 37% (696/1872) regret=0.049550 ape=0.5751
[15:04:20] warmStart 37% (697/1872) regret=0.049550 ape=0.5751
[15:04:21] warmStart 37% (698/1872) regret=0.048997 ape=0.5742
[15:04:21] warmStart 37% (699/1872) regret=0.048997 ape=0.5742
[15:04:21] warmStart 37% (700/1872) regret=0.048997 ape=0.5742
[15:04:21] warmStart 37% (701/1872) regret=0.048997 ape=0.5742
[15:04:22] warmStart 37% (702/1872) regret=0.048997 ape=0.5742
[15:04:22] warmStart 37% (703/1872) regret=0.048997 ape=0.5742
[15:04:22] warmStart 37% (704/1872) regret=0.048997 ape=0.5742
[15:04:22] warmStart 37% (705/1872) regret=0.048997 ape=0.5742
[15:04:23] warmStart 37% (706/1872) regret=0.048997 ape=0.5742
[15:04:23] warmStart 37% (707/1872) regret=0.048997 ape=0.5742
[15:04:23] warmStart 37% (708/1872) regret=0.048997 ape=0.5742
[15:04:23] warmStart 37% (709/1872) regret=0.048997 ape=0.5742
[15:04:24] warmStart 37% (710/1872) regret=0.048868 ape=0.5733
[15:04:24] warmStart 37% (711/1872) regret=0.048868 ape=0.5733
[15:04:24] warmStart 38% (712/1872) regret=0.048868 ape=0.5733
[15:04:24] warmStart 38% (713/1872) regret=0.048868 ape=0.5733
[15:04:25] warmStart 38% (714/1872) regret=0.048760 ape=0.5733
[15:04:25] warmStart 38% (715/1872) regret=0.048760 ape=0.5733
[15:04:25] warmStart 38% (716/1872) regret=0.048505 ape=0.5733
[15:04:25] warmStart 38% (717/1872) regret=0.048505 ape=0.5733
[15:04:25] warmStart 38% (718/1872) regret=0.048547 ape=0.5733
[15:04:26] warmStart 38% (719/1872) regret=0.048547 ape=0.5733
[15:04:26] warmStart 38% (720/1872) regret=0.048477 ape=0.5724
[15:04:26] warmStart 38% (721/1872) regret=0.048477 ape=0.5724
[15:04:26] warmStart 38% (722/1872) regret=0.048711 ape=0.5724
[15:04:27] warmStart 38% (723/1872) regret=0.048711 ape=0.5724
[15:04:27] warmStart 38% (724/1872) regret=0.048711 ape=0.5724
[15:04:27] warmStart 38% (725/1872) regret=0.048711 ape=0.5724
[15:04:27] warmStart 38% (726/1872) regret=0.048711 ape=0.5724
[15:04:28] warmStart 38% (727/1872) regret=0.048711 ape=0.5724
[15:04:28] warmStart 38% (728/1872) regret=0.048711 ape=0.5724
[15:04:28] warmStart 38% (729/1872) regret=0.048711 ape=0.5724
[15:04:28] warmStart 38% (730/1872) regret=0.048711 ape=0.5724
[15:04:29] warmStart 39% (731/1872) regret=0.048711 ape=0.5724
[15:04:29] warmStart 39% (732/1872) regret=0.048711 ape=0.5724
[15:04:29] warmStart 39% (733/1872) regret=0.048711 ape=0.5724
[15:04:29] warmStart 39% (734/1872) regret=0.048711 ape=0.5724
[15:04:29] warmStart 39% (735/1872) regret=0.048752 ape=0.5724
[15:04:30] warmStart 39% (736/1872) regret=0.048752 ape=0.5724
[15:04:30] warmStart 39% (737/1872) regret=0.048752 ape=0.5724
[15:04:30] warmStart 39% (738/1872) regret=0.048752 ape=0.5724
[15:04:30] warmStart 39% (739/1872) regret=0.048752 ape=0.5724
[15:04:31] warmStart 39% (740/1872) regret=0.048752 ape=0.5724
[15:04:31] warmStart 39% (741/1872) regret=0.048774 ape=0.5724
[15:04:31] warmStart 39% (742/1872) regret=0.048774 ape=0.5724
[15:04:31] warmStart 39% (743/1872) regret=0.048299 ape=0.5714
[15:04:32] warmStart 39% (744/1872) regret=0.048207 ape=0.5705
[15:04:32] warmStart 39% (745/1872) regret=0.048207 ape=0.5705
[15:04:32] warmStart 39% (746/1872) regret=0.048207 ape=0.5705
[15:04:32] warmStart 39% (747/1872) regret=0.048207 ape=0.5705
[15:04:33] warmStart 39% (748/1872) regret=0.048207 ape=0.5705
[15:04:33] warmStart 40% (749/1872) regret=0.048207 ape=0.5705
[15:04:33] warmStart 40% (750/1872) regret=0.048207 ape=0.5705
[15:04:33] warmStart 40% (751/1872) regret=0.048207 ape=0.5705
[15:04:33] warmStart 40% (752/1872) regret=0.048207 ape=0.5705
[15:04:34] warmStart 40% (753/1872) regret=0.048138 ape=0.5705
[15:04:34] warmStart 40% (754/1872) regret=0.047852 ape=0.5696
[15:04:34] warmStart 40% (755/1872) regret=0.048102 ape=0.5705
[15:04:34] warmStart 40% (756/1872) regret=0.048102 ape=0.5705
[15:04:35] warmStart 40% (757/1872) regret=0.047913 ape=0.5705
[15:04:35] warmStart 40% (758/1872) regret=0.047913 ape=0.5705
[15:04:35] warmStart 40% (759/1872) regret=0.047932 ape=0.5705
[15:04:35] warmStart 40% (760/1872) regret=0.047932 ape=0.5705
[15:04:36] warmStart 40% (761/1872) regret=0.047927 ape=0.5705
[15:04:36] warmStart 40% (762/1872) regret=0.047927 ape=0.5705
[15:04:36] warmStart 40% (763/1872) regret=0.047946 ape=0.5705
[15:04:36] warmStart 40% (764/1872) regret=0.047480 ape=0.5696
[15:04:37] warmStart 40% (765/1872) regret=0.047480 ape=0.5696
[15:04:37] warmStart 40% (766/1872) regret=0.047844 ape=0.5705
[15:04:37] warmStart 40% (767/1872) regret=0.047549 ape=0.5705
[15:04:37] warmStart 41% (768/1872) regret=0.047558 ape=0.5714
[15:04:38] warmStart 41% (769/1872) regret=0.047549 ape=0.5714
[15:04:38] warmStart 41% (770/1872) regret=0.047549 ape=0.5714
[15:04:38] warmStart 41% (771/1872) regret=0.047439 ape=0.5705
[15:04:38] warmStart 41% (772/1872) regret=0.047426 ape=0.5705
[15:04:39] warmStart 41% (773/1872) regret=0.047439 ape=0.5705
[15:04:39] warmStart 41% (774/1872) regret=0.047439 ape=0.5705
[15:04:39] warmStart 41% (775/1872) regret=0.047439 ape=0.5705
[15:04:39] warmStart 41% (776/1872) regret=0.047181 ape=0.5705
[15:04:40] warmStart 41% (777/1872) regret=0.047181 ape=0.5705
[15:04:40] warmStart 41% (778/1872) regret=0.047181 ape=0.5705
[15:04:40] warmStart 41% (779/1872) regret=0.047181 ape=0.5705
[15:04:40] warmStart 41% (780/1872) regret=0.047191 ape=0.5705
[15:04:41] warmStart 41% (781/1872) regret=0.047358 ape=0.5705
[15:04:41] warmStart 41% (782/1872) regret=0.047561 ape=0.5705
[15:04:41] warmStart 41% (783/1872) regret=0.047528 ape=0.5696
[15:04:41] warmStart 41% (784/1872) regret=0.047349 ape=0.5696
[15:04:42] warmStart 41% (785/1872) regret=0.047349 ape=0.5696
[15:04:42] warmStart 41% (786/1872) regret=0.047109 ape=0.5677
[15:04:42] warmStart 42% (787/1872) regret=0.047312 ape=0.5687
[15:04:42] warmStart 42% (788/1872) regret=0.047303 ape=0.5677
[15:04:43] warmStart 42% (789/1872) regret=0.047303 ape=0.5677
[15:04:43] warmStart 42% (790/1872) regret=0.046851 ape=0.5668
[15:04:43] warmStart 42% (791/1872) regret=0.046851 ape=0.5668
[15:04:43] warmStart 42% (792/1872) regret=0.046870 ape=0.5677
[15:04:44] warmStart 42% (793/1872) regret=0.046870 ape=0.5677
[15:04:44] warmStart 42% (794/1872) regret=0.046418 ape=0.5668
[15:04:44] warmStart 42% (795/1872) regret=0.046418 ape=0.5668
[15:04:44] warmStart 42% (796/1872) regret=0.046418 ape=0.5668
[15:04:45] warmStart 42% (797/1872) regret=0.045789 ape=0.5659
[15:04:45] warmStart 42% (798/1872) regret=0.045737 ape=0.5659
[15:04:45] warmStart 42% (799/1872) regret=0.045629 ape=0.5659
[15:04:45] warmStart 42% (800/1872) regret=0.045648 ape=0.5659
[15:04:45] warmStart 42% (801/1872) regret=0.045924 ape=0.5659
[15:04:46] warmStart 42% (802/1872) regret=0.045345 ape=0.5659
[15:04:46] warmStart 42% (803/1872) regret=0.045470 ape=0.5659
[15:04:46] warmStart 42% (804/1872) regret=0.045516 ape=0.5659
[15:04:46] warmStart 43% (805/1872) regret=0.045479 ape=0.5659
[15:04:47] warmStart 43% (806/1872) regret=0.045382 ape=0.5659
[15:04:47] warmStart 43% (807/1872) regret=0.045124 ape=0.5668
[15:04:47] warmStart 43% (808/1872) regret=0.045124 ape=0.5668
[15:04:47] warmStart 43% (809/1872) regret=0.045130 ape=0.5668
[15:04:48] warmStart 43% (810/1872) regret=0.045133 ape=0.5668
[15:04:48] warmStart 43% (811/1872) regret=0.045213 ape=0.5677
[15:04:48] warmStart 43% (812/1872) regret=0.045264 ape=0.5677
[15:04:48] warmStart 43% (813/1872) regret=0.045264 ape=0.5677
[15:04:49] warmStart 43% (814/1872) regret=0.045264 ape=0.5677
[15:04:49] warmStart 43% (815/1872) regret=0.045264 ape=0.5677
[15:04:49] warmStart 43% (816/1872) regret=0.045264 ape=0.5677
[15:04:49] warmStart 43% (817/1872) regret=0.045264 ape=0.5677
[15:04:50] warmStart 43% (818/1872) regret=0.045264 ape=0.5677
[15:04:50] warmStart 43% (819/1872) regret=0.045104 ape=0.5677
[15:04:50] warmStart 43% (820/1872) regret=0.044591 ape=0.5668
[15:04:50] warmStart 43% (821/1872) regret=0.044582 ape=0.5659
[15:04:51] warmStart 43% (822/1872) regret=0.044153 ape=0.5659
[15:04:51] warmStart 43% (823/1872) regret=0.044153 ape=0.5659
[15:04:51] warmStart 44% (824/1872) regret=0.044181 ape=0.5659
[15:04:51] warmStart 44% (825/1872) regret=0.044144 ape=0.5650
[15:04:52] warmStart 44% (826/1872) regret=0.044144 ape=0.5650
[15:04:52] warmStart 44% (827/1872) regret=0.044144 ape=0.5650
[15:04:52] warmStart 44% (828/1872) regret=0.044278 ape=0.5650
[15:04:52] warmStart 44% (829/1872) regret=0.044278 ape=0.5650
[15:04:53] warmStart 44% (830/1872) regret=0.044278 ape=0.5650
[15:04:53] warmStart 44% (831/1872) regret=0.044822 ape=0.5650
[15:04:53] warmStart 44% (832/1872) regret=0.044227 ape=0.5641
[15:04:53] warmStart 44% (833/1872) regret=0.044227 ape=0.5641
[15:04:53] warmStart 44% (834/1872) regret=0.044215 ape=0.5641
[15:04:54] warmStart 44% (835/1872) regret=0.044255 ape=0.5650
[15:04:54] warmStart 44% (836/1872) regret=0.044255 ape=0.5650
[15:04:54] warmStart 44% (837/1872) regret=0.044255 ape=0.5650
[15:04:54] warmStart 44% (838/1872) regret=0.044255 ape=0.5650
[15:04:55] warmStart 44% (839/1872) regret=0.044255 ape=0.5650
[15:04:55] warmStart 44% (840/1872) regret=0.044252 ape=0.5641
[15:04:55] warmStart 44% (841/1872) regret=0.044178 ape=0.5641
[15:04:55] warmStart 44% (842/1872) regret=0.044104 ape=0.5631
[15:04:56] warmStart 45% (843/1872) regret=0.044086 ape=0.5622
[15:04:56] warmStart 45% (844/1872) regret=0.044080 ape=0.5622
[15:04:56] warmStart 45% (845/1872) regret=0.044024 ape=0.5613
[15:04:57] warmStart 45% (846/1872) regret=0.044031 ape=0.5613
[15:04:57] warmStart 45% (847/1872) regret=0.044063 ape=0.5622
[15:04:57] warmStart 45% (848/1872) regret=0.043943 ape=0.5613
[15:04:57] warmStart 45% (849/1872) regret=0.044072 ape=0.5622
[15:04:58] warmStart 45% (850/1872) regret=0.044024 ape=0.5613
[15:04:58] warmStart 45% (851/1872) regret=0.044073 ape=0.5613
[15:04:58] warmStart 45% (852/1872) regret=0.043959 ape=0.5613
[15:04:58] warmStart 45% (853/1872) regret=0.043959 ape=0.5613
[15:04:58] warmStart 45% (854/1872) regret=0.044408 ape=0.5622
[15:04:59] warmStart 45% (855/1872) regret=0.043696 ape=0.5604
[15:04:59] warmStart 45% (856/1872) regret=0.043918 ape=0.5613
[15:04:59] warmStart 45% (857/1872) regret=0.043924 ape=0.5613
[15:04:59] warmStart 45% (858/1872) regret=0.043820 ape=0.5613
[15:05:00] warmStart 45% (859/1872) regret=0.043820 ape=0.5613
[15:05:00] warmStart 45% (860/1872) regret=0.043820 ape=0.5613
[15:05:00] warmStart 45% (861/1872) regret=0.043820 ape=0.5613
[15:05:00] warmStart 46% (862/1872) regret=0.043696 ape=0.5604
[15:05:01] warmStart 46% (863/1872) regret=0.043733 ape=0.5613
[15:05:01] warmStart 46% (864/1872) regret=0.043871 ape=0.5613
[15:05:01] warmStart 46% (865/1872) regret=0.043567 ape=0.5604
[15:05:01] warmStart 46% (866/1872) regret=0.043428 ape=0.5594
[15:05:02] warmStart 46% (867/1872) regret=0.043428 ape=0.5594
[15:05:02] warmStart 46% (868/1872) regret=0.043428 ape=0.5594
[15:05:02] warmStart 46% (869/1872) regret=0.043438 ape=0.5604
[15:05:02] warmStart 46% (870/1872) regret=0.043604 ape=0.5604
[15:05:03] warmStart 46% (871/1872) regret=0.043387 ape=0.5594
[15:05:03] warmStart 46% (872/1872) regret=0.043387 ape=0.5594
[15:05:03] warmStart 46% (873/1872) regret=0.043387 ape=0.5594
[15:05:03] warmStart 46% (874/1872) regret=0.043387 ape=0.5594
[15:05:04] warmStart 46% (875/1872) regret=0.043387 ape=0.5594
[15:05:04] warmStart 46% (876/1872) regret=0.043387 ape=0.5594
[15:05:04] warmStart 46% (877/1872) regret=0.043387 ape=0.5594
[15:05:04] warmStart 46% (878/1872) regret=0.043387 ape=0.5594
[15:05:05] warmStart 46% (879/1872) regret=0.043387 ape=0.5594
[15:05:05] warmStart 47% (880/1872) regret=0.043387 ape=0.5594
[15:05:05] warmStart 47% (881/1872) regret=0.043387 ape=0.5594
[15:05:05] warmStart 47% (882/1872) regret=0.043387 ape=0.5594
[15:05:06] warmStart 47% (883/1872) regret=0.043387 ape=0.5594
[15:05:06] warmStart 47% (884/1872) regret=0.043387 ape=0.5594
[15:05:06] warmStart 47% (885/1872) regret=0.043387 ape=0.5594
[15:05:06] warmStart 47% (886/1872) regret=0.043387 ape=0.5594
[15:05:07] warmStart 47% (887/1872) regret=0.043387 ape=0.5594
[15:05:07] warmStart 47% (888/1872) regret=0.043387 ape=0.5594
[15:05:07] warmStart 47% (889/1872) regret=0.043387 ape=0.5594
[15:05:07] warmStart 47% (890/1872) regret=0.043387 ape=0.5594
[15:05:08] warmStart 47% (891/1872) regret=0.043387 ape=0.5594
[15:05:08] warmStart 47% (892/1872) regret=0.043387 ape=0.5594
[15:05:08] warmStart 47% (893/1872) regret=0.043387 ape=0.5594
[15:05:08] warmStart 47% (894/1872) regret=0.043387 ape=0.5594
[15:05:09] warmStart 47% (895/1872) regret=0.043387 ape=0.5594
[15:05:09] warmStart 47% (896/1872) regret=0.043387 ape=0.5594
[15:05:09] warmStart 47% (897/1872) regret=0.043387 ape=0.5594
[15:05:09] warmStart 47% (898/1872) regret=0.043387 ape=0.5594
[15:05:10] warmStart 48% (899/1872) regret=0.043387 ape=0.5594
[15:05:10] warmStart 48% (900/1872) regret=0.043387 ape=0.5594
[15:05:10] warmStart 48% (901/1872) regret=0.043378 ape=0.5594
[15:05:10] warmStart 48% (902/1872) regret=0.043378 ape=0.5594
[15:05:11] warmStart 48% (903/1872) regret=0.043378 ape=0.5594
[15:05:11] warmStart 48% (904/1872) regret=0.043444 ape=0.5594
[15:05:11] warmStart 48% (905/1872) regret=0.043304 ape=0.5585
[15:05:11] warmStart 48% (906/1872) regret=0.043295 ape=0.5585
[15:05:12] warmStart 48% (907/1872) regret=0.043311 ape=0.5585
[15:05:12] warmStart 48% (908/1872) regret=0.043045 ape=0.5567
[15:05:12] warmStart 48% (909/1872) regret=0.043081 ape=0.5567
[15:05:12] warmStart 48% (910/1872) regret=0.043167 ape=0.5576
[15:05:12] warmStart 48% (911/1872) regret=0.043110 ape=0.5567
[15:05:13] warmStart 48% (912/1872) regret=0.043110 ape=0.5567
[15:05:13] warmStart 48% (913/1872) regret=0.043110 ape=0.5567
[15:05:13] warmStart 48% (914/1872) regret=0.043110 ape=0.5567
[15:05:13] warmStart 48% (915/1872) regret=0.043096 ape=0.5567
[15:05:14] warmStart 48% (916/1872) regret=0.043096 ape=0.5567
[15:05:14] warmStart 48% (917/1872) regret=0.043096 ape=0.5567
[15:05:14] warmStart 49% (918/1872) regret=0.043096 ape=0.5567
[15:05:14] warmStart 49% (919/1872) regret=0.043096 ape=0.5567
[15:05:15] warmStart 49% (920/1872) regret=0.043096 ape=0.5567
[15:05:15] warmStart 49% (921/1872) regret=0.043096 ape=0.5567
[15:05:15] warmStart 49% (922/1872) regret=0.043096 ape=0.5567
[15:05:15] warmStart 49% (923/1872) regret=0.043096 ape=0.5567
[15:05:16] warmStart 49% (924/1872) regret=0.042872 ape=0.5558
[15:05:16] warmStart 49% (925/1872) regret=0.042872 ape=0.5558
[15:05:16] warmStart 49% (926/1872) regret=0.042872 ape=0.5558
[15:05:16] warmStart 49% (927/1872) regret=0.042872 ape=0.5558
[15:05:17] warmStart 49% (928/1872) regret=0.042872 ape=0.5558
[15:05:17] warmStart 49% (929/1872) regret=0.042872 ape=0.5558
[15:05:17] warmStart 49% (930/1872) regret=0.043208 ape=0.5567
[15:05:17] warmStart 49% (931/1872) regret=0.043208 ape=0.5567
[15:05:18] warmStart 49% (932/1872) regret=0.043208 ape=0.5567
[15:05:18] warmStart 49% (933/1872) regret=0.043208 ape=0.5567
[15:05:18] warmStart 49% (934/1872) regret=0.043208 ape=0.5567
[15:05:18] warmStart 49% (935/1872) regret=0.043208 ape=0.5567
[15:05:18] warmStart 50% (936/1872) regret=0.043208 ape=0.5567
[15:05:19] warmStart 50% (937/1872) regret=0.043208 ape=0.5567
[15:05:19] warmStart 50% (938/1872) regret=0.043208 ape=0.5567
[15:05:19] warmStart 50% (939/1872) regret=0.043208 ape=0.5567
[15:05:19] warmStart 50% (940/1872) regret=0.043208 ape=0.5567
[15:05:20] warmStart 50% (941/1872) regret=0.043208 ape=0.5567
[15:05:20] warmStart 50% (942/1872) regret=0.043208 ape=0.5567
[15:05:20] warmStart 50% (943/1872) regret=0.043208 ape=0.5567
[15:05:20] warmStart 50% (944/1872) regret=0.043208 ape=0.5567
[15:05:21] warmStart 50% (945/1872) regret=0.043208 ape=0.5567
[15:05:21] warmStart 50% (946/1872) regret=0.043208 ape=0.5567
[15:05:21] warmStart 50% (947/1872) regret=0.043208 ape=0.5567
[15:05:21] warmStart 50% (948/1872) regret=0.043208 ape=0.5567
[15:05:22] warmStart 50% (949/1872) regret=0.043208 ape=0.5567
[15:05:22] warmStart 50% (950/1872) regret=0.043208 ape=0.5567
[15:05:22] warmStart 50% (951/1872) regret=0.043208 ape=0.5567
[15:05:22] warmStart 50% (952/1872) regret=0.043208 ape=0.5567
[15:05:23] warmStart 50% (953/1872) regret=0.043208 ape=0.5567
[15:05:23] warmStart 50% (954/1872) regret=0.043208 ape=0.5567
[15:05:23] warmStart 51% (955/1872) regret=0.043208 ape=0.5567
[15:05:23] warmStart 51% (956/1872) regret=0.043208 ape=0.5567
[15:05:24] warmStart 51% (957/1872) regret=0.043208 ape=0.5567
[15:05:24] warmStart 51% (958/1872) regret=0.043208 ape=0.5567
[15:05:24] warmStart 51% (959/1872) regret=0.043208 ape=0.5567
[15:05:24] warmStart 51% (960/1872) regret=0.043208 ape=0.5567
[15:05:25] warmStart 51% (961/1872) regret=0.043208 ape=0.5567
[15:05:25] warmStart 51% (962/1872) regret=0.043208 ape=0.5567
[15:05:25] warmStart 51% (963/1872) regret=0.043208 ape=0.5567
[15:05:25] warmStart 51% (964/1872) regret=0.043208 ape=0.5567
[15:05:25] warmStart 51% (965/1872) regret=0.043208 ape=0.5567
[15:05:26] warmStart 51% (966/1872) regret=0.043208 ape=0.5567
[15:05:26] warmStart 51% (967/1872) regret=0.043208 ape=0.5567
[15:05:26] warmStart 51% (968/1872) regret=0.043208 ape=0.5567
[15:05:26] warmStart 51% (969/1872) regret=0.043208 ape=0.5567
[15:05:27] warmStart 51% (970/1872) regret=0.043208 ape=0.5567
[15:05:27] warmStart 51% (971/1872) regret=0.043208 ape=0.5567
[15:05:27] warmStart 51% (972/1872) regret=0.043208 ape=0.5567
[15:05:27] warmStart 51% (973/1872) regret=0.043208 ape=0.5567
[15:05:28] warmStart 52% (974/1872) regret=0.043130 ape=0.5558
[15:05:28] warmStart 52% (975/1872) regret=0.043130 ape=0.5558
[15:05:28] warmStart 52% (976/1872) regret=0.043130 ape=0.5558
[15:05:28] warmStart 52% (977/1872) regret=0.043012 ape=0.5558
[15:05:29] warmStart 52% (978/1872) regret=0.043179 ape=0.5567
[15:05:29] warmStart 52% (979/1872) regret=0.043179 ape=0.5567
[15:05:29] warmStart 52% (980/1872) regret=0.043203 ape=0.5567
[15:05:29] warmStart 52% (981/1872) regret=0.043203 ape=0.5567
[15:05:30] warmStart 52% (982/1872) regret=0.043203 ape=0.5567
[15:05:30] warmStart 52% (983/1872) regret=0.043176 ape=0.5567
[15:05:30] warmStart 52% (984/1872) regret=0.043199 ape=0.5567
[15:05:30] warmStart 52% (985/1872) regret=0.043166 ape=0.5567
[15:05:31] warmStart 52% (986/1872) regret=0.043222 ape=0.5567
[15:05:31] warmStart 52% (987/1872) regret=0.043259 ape=0.5576
[15:05:31] warmStart 52% (988/1872) regret=0.043259 ape=0.5576
[15:05:31] warmStart 52% (989/1872) regret=0.042950 ape=0.5576
[15:05:32] warmStart 52% (990/1872) regret=0.042722 ape=0.5567
[15:05:32] warmStart 52% (991/1872) regret=0.042763 ape=0.5567
[15:05:32] warmStart 52% (992/1872) regret=0.042717 ape=0.5567
[15:05:32] warmStart 53% (993/1872) regret=0.042755 ape=0.5576
[15:05:32] warmStart 53% (994/1872) regret=0.042737 ape=0.5567
[15:05:33] warmStart 53% (995/1872) regret=0.042737 ape=0.5567
[15:05:33] warmStart 53% (996/1872) regret=0.042798 ape=0.5567
[15:05:33] warmStart 53% (997/1872) regret=0.042527 ape=0.5558
[15:05:33] warmStart 53% (998/1872) regret=0.042368 ape=0.5558
[15:05:34] warmStart 53% (999/1872) regret=0.042375 ape=0.5558
[15:05:34] warmStart 53% (1000/1872) regret=0.042375 ape=0.5558
[15:05:34] warmStart 53% (1001/1872) regret=0.042302 ape=0.5548
[15:05:34] warmStart 53% (1002/1872) regret=0.042400 ape=0.5548
[15:05:34] warmStart 53% (1003/1872) regret=0.042309 ape=0.5548
[15:05:35] warmStart 53% (1004/1872) regret=0.042306 ape=0.5548
[15:05:35] warmStart 53% (1005/1872) regret=0.042324 ape=0.5548
[15:05:35] warmStart 53% (1006/1872) regret=0.041361 ape=0.5530
[15:05:35] warmStart 53% (1007/1872) regret=0.041398 ape=0.5530
[15:05:35] warmStart 53% (1008/1872) regret=0.041350 ape=0.5530
[15:05:36] warmStart 53% (1009/1872) regret=0.041350 ape=0.5530
[15:05:36] warmStart 53% (1010/1872) regret=0.041350 ape=0.5530
[15:05:36] warmStart 54% (1011/1872) regret=0.041350 ape=0.5530
[15:05:36] warmStart 54% (1012/1872) regret=0.041350 ape=0.5530
[15:05:36] warmStart 54% (1013/1872) regret=0.041350 ape=0.5530
[15:05:37] warmStart 54% (1014/1872) regret=0.041350 ape=0.5530
[15:05:37] warmStart 54% (1015/1872) regret=0.041350 ape=0.5530
[15:05:37] warmStart 54% (1016/1872) regret=0.041235 ape=0.5530
[15:05:37] warmStart 54% (1017/1872) regret=0.041046 ape=0.5521
[15:05:38] warmStart 54% (1018/1872) regret=0.041073 ape=0.5521
[15:05:38] warmStart 54% (1019/1872) regret=0.041073 ape=0.5521
[15:05:38] warmStart 54% (1020/1872) regret=0.041073 ape=0.5521
[15:05:38] warmStart 54% (1021/1872) regret=0.041073 ape=0.5521
[15:05:38] warmStart 54% (1022/1872) regret=0.041073 ape=0.5521
[15:05:39] warmStart 54% (1023/1872) regret=0.041073 ape=0.5521
[15:05:39] warmStart 54% (1024/1872) regret=0.041073 ape=0.5521
[15:05:39] warmStart 54% (1025/1872) regret=0.041073 ape=0.5521
[15:05:39] warmStart 54% (1026/1872) regret=0.041073 ape=0.5521
[15:05:40] warmStart 54% (1027/1872) regret=0.041073 ape=0.5521
[15:05:40] warmStart 54% (1028/1872) regret=0.041073 ape=0.5521
[15:05:40] warmStart 54% (1029/1872) regret=0.041073 ape=0.5521
[15:05:40] warmStart 55% (1030/1872) regret=0.041073 ape=0.5521
[15:05:40] warmStart 55% (1031/1872) regret=0.041073 ape=0.5521
[15:05:41] warmStart 55% (1032/1872) regret=0.041073 ape=0.5521
[15:05:41] warmStart 55% (1033/1872) regret=0.041073 ape=0.5521
[15:05:41] warmStart 55% (1034/1872) regret=0.041073 ape=0.5521
[15:05:41] warmStart 55% (1035/1872) regret=0.041073 ape=0.5521
[15:05:42] warmStart 55% (1036/1872) regret=0.041073 ape=0.5521
[15:05:42] warmStart 55% (1037/1872) regret=0.041073 ape=0.5521
[15:05:42] warmStart 55% (1038/1872) regret=0.041073 ape=0.5521
[15:05:42] warmStart 55% (1039/1872) regret=0.041073 ape=0.5521
[15:05:42] warmStart 55% (1040/1872) regret=0.041073 ape=0.5521
[15:05:43] warmStart 55% (1041/1872) regret=0.041073 ape=0.5521
[15:05:43] warmStart 55% (1042/1872) regret=0.041073 ape=0.5521
[15:05:43] warmStart 55% (1043/1872) regret=0.041073 ape=0.5521
[15:05:43] warmStart 55% (1044/1872) regret=0.041073 ape=0.5521
[15:05:44] warmStart 55% (1045/1872) regret=0.041073 ape=0.5521
[15:05:44] warmStart 55% (1046/1872) regret=0.041073 ape=0.5521
[15:05:44] warmStart 55% (1047/1872) regret=0.041073 ape=0.5521
[15:05:44] warmStart 55% (1048/1872) regret=0.041073 ape=0.5521
[15:05:44] warmStart 56% (1049/1872) regret=0.041073 ape=0.5521
[15:05:45] warmStart 56% (1050/1872) regret=0.041073 ape=0.5521
[15:05:45] warmStart 56% (1051/1872) regret=0.041073 ape=0.5521
[15:05:45] warmStart 56% (1052/1872) regret=0.041073 ape=0.5521
[15:05:45] warmStart 56% (1053/1872) regret=0.041090 ape=0.5521
[15:05:45] warmStart 56% (1054/1872) regret=0.041073 ape=0.5521
[15:05:46] warmStart 56% (1055/1872) regret=0.041073 ape=0.5521
[15:05:46] warmStart 56% (1056/1872) regret=0.040988 ape=0.5512
[15:05:46] warmStart 56% (1057/1872) regret=0.040988 ape=0.5512
[15:05:46] warmStart 56% (1058/1872) regret=0.040988 ape=0.5512
[15:05:47] warmStart 56% (1059/1872) regret=0.040988 ape=0.5512
[15:05:47] warmStart 56% (1060/1872) regret=0.040910 ape=0.5512
[15:05:47] warmStart 56% (1061/1872) regret=0.040988 ape=0.5512
[15:05:47] warmStart 56% (1062/1872) regret=0.040787 ape=0.5502
[15:05:47] warmStart 56% (1063/1872) regret=0.040787 ape=0.5502
[15:05:48] warmStart 56% (1064/1872) regret=0.040787 ape=0.5502
[15:05:48] warmStart 56% (1065/1872) regret=0.040787 ape=0.5502
[15:05:48] warmStart 56% (1066/1872) regret=0.040575 ape=0.5484
[15:05:48] warmStart 56% (1067/1872) regret=0.040574 ape=0.5484
[15:05:48] warmStart 57% (1068/1872) regret=0.040546 ape=0.5475
[15:05:49] warmStart 57% (1069/1872) regret=0.040546 ape=0.5475
[15:05:49] warmStart 57% (1070/1872) regret=0.040546 ape=0.5475
[15:05:49] warmStart 57% (1071/1872) regret=0.040546 ape=0.5475
[15:05:49] warmStart 57% (1072/1872) regret=0.040620 ape=0.5475
[15:05:50] warmStart 57% (1073/1872) regret=0.040565 ape=0.5475
[15:05:50] warmStart 57% (1074/1872) regret=0.040565 ape=0.5475
[15:05:50] warmStart 57% (1075/1872) regret=0.040583 ape=0.5475
[15:05:50] warmStart 57% (1076/1872) regret=0.040574 ape=0.5475
[15:05:50] warmStart 57% (1077/1872) regret=0.040574 ape=0.5475
[15:05:51] warmStart 57% (1078/1872) regret=0.040574 ape=0.5475
[15:05:51] warmStart 57% (1079/1872) regret=0.040574 ape=0.5475
[15:05:51] warmStart 57% (1080/1872) regret=0.040482 ape=0.5465
[15:05:51] warmStart 57% (1081/1872) regret=0.040482 ape=0.5465
[15:05:52] warmStart 57% (1082/1872) regret=0.040476 ape=0.5465
[15:05:52] warmStart 57% (1083/1872) regret=0.040487 ape=0.5465
[15:05:52] warmStart 57% (1084/1872) regret=0.040493 ape=0.5465
[15:05:52] warmStart 57% (1085/1872) regret=0.040508 ape=0.5465
[15:05:53] warmStart 58% (1086/1872) regret=0.040473 ape=0.5456
[15:05:53] warmStart 58% (1087/1872) regret=0.040390 ape=0.5456
[15:05:53] warmStart 58% (1088/1872) regret=0.040360 ape=0.5456
[15:05:53] warmStart 58% (1089/1872) regret=0.040277 ape=0.5447
[15:05:53] warmStart 58% (1090/1872) regret=0.040181 ape=0.5438
[15:05:54] warmStart 58% (1091/1872) regret=0.040511 ape=0.5447
[15:05:54] warmStart 58% (1092/1872) regret=0.040533 ape=0.5447
[15:05:54] warmStart 58% (1093/1872) regret=0.040303 ape=0.5447
[15:05:54] warmStart 58% (1094/1872) regret=0.040223 ape=0.5447
[15:05:54] warmStart 58% (1095/1872) regret=0.040219 ape=0.5447
[15:05:55] warmStart 58% (1096/1872) regret=0.040223 ape=0.5447
[15:05:55] warmStart 58% (1097/1872) regret=0.040287 ape=0.5438
[15:05:55] warmStart 58% (1098/1872) regret=0.040024 ape=0.5429
[15:05:55] warmStart 58% (1099/1872) regret=0.039831 ape=0.5429
[15:05:55] warmStart 58% (1100/1872) regret=0.039582 ape=0.5419
[15:05:56] warmStart 58% (1101/1872) regret=0.039279 ape=0.5419
[15:05:56] warmStart 58% (1102/1872) regret=0.039279 ape=0.5419
[15:05:56] warmStart 58% (1103/1872) regret=0.039270 ape=0.5419
[15:05:56] warmStart 58% (1104/1872) regret=0.039353 ape=0.5429
[15:05:57] warmStart 59% (1105/1872) regret=0.039279 ape=0.5419
[15:05:57] warmStart 59% (1106/1872) regret=0.039279 ape=0.5419
[15:05:57] warmStart 59% (1107/1872) regret=0.039293 ape=0.5419
[15:05:57] warmStart 59% (1108/1872) regret=0.039293 ape=0.5419
[15:05:57] warmStart 59% (1109/1872) regret=0.039293 ape=0.5419
[15:05:58] warmStart 59% (1110/1872) regret=0.039293 ape=0.5419
[15:05:58] warmStart 59% (1111/1872) regret=0.039293 ape=0.5419
[15:05:58] warmStart 59% (1112/1872) regret=0.039293 ape=0.5419
[15:05:58] warmStart 59% (1113/1872) regret=0.039293 ape=0.5419
[15:05:59] warmStart 59% (1114/1872) regret=0.039206 ape=0.5401
[15:05:59] warmStart 59% (1115/1872) regret=0.039206 ape=0.5401
[15:05:59] warmStart 59% (1116/1872) regret=0.039206 ape=0.5401
[15:05:59] warmStart 59% (1117/1872) regret=0.039206 ape=0.5401
[15:06:00] warmStart 59% (1118/1872) regret=0.039203 ape=0.5401
[15:06:00] warmStart 59% (1119/1872) regret=0.039203 ape=0.5401
[15:06:00] warmStart 59% (1120/1872) regret=0.039203 ape=0.5401
[15:06:00] warmStart 59% (1121/1872) regret=0.039101 ape=0.5401
[15:06:00] warmStart 59% (1122/1872) regret=0.039101 ape=0.5401
[15:06:01] warmStart 59% (1123/1872) regret=0.039101 ape=0.5401
[15:06:01] warmStart 60% (1124/1872) regret=0.039175 ape=0.5401
[15:06:01] warmStart 60% (1125/1872) regret=0.039175 ape=0.5401
[15:06:01] warmStart 60% (1126/1872) regret=0.039194 ape=0.5401
[15:06:01] warmStart 60% (1127/1872) regret=0.038816 ape=0.5392
[15:06:02] warmStart 60% (1128/1872) regret=0.038797 ape=0.5392
[15:06:02] warmStart 60% (1129/1872) regret=0.038843 ape=0.5392
[15:06:02] warmStart 60% (1130/1872) regret=0.038797 ape=0.5392
[15:06:02] warmStart 60% (1131/1872) regret=0.038267 ape=0.5382
[15:06:03] warmStart 60% (1132/1872) regret=0.038267 ape=0.5382
[15:06:03] warmStart 60% (1133/1872) regret=0.038267 ape=0.5382
[15:06:03] warmStart 60% (1134/1872) regret=0.038267 ape=0.5382
[15:06:03] warmStart 60% (1135/1872) regret=0.038267 ape=0.5382
[15:06:04] warmStart 60% (1136/1872) regret=0.038267 ape=0.5382
[15:06:04] warmStart 60% (1137/1872) regret=0.038267 ape=0.5382
[15:06:04] warmStart 60% (1138/1872) regret=0.038267 ape=0.5382
[15:06:04] warmStart 60% (1139/1872) regret=0.038267 ape=0.5382
[15:06:04] warmStart 60% (1140/1872) regret=0.038258 ape=0.5382
[15:06:05] warmStart 60% (1141/1872) regret=0.038258 ape=0.5382
[15:06:05] warmStart 61% (1142/1872) regret=0.038258 ape=0.5382
[15:06:05] warmStart 61% (1143/1872) regret=0.038187 ape=0.5382
[15:06:05] warmStart 61% (1144/1872) regret=0.038243 ape=0.5382
[15:06:06] warmStart 61% (1145/1872) regret=0.038243 ape=0.5382
[15:06:06] warmStart 61% (1146/1872) regret=0.038243 ape=0.5382
[15:06:06] warmStart 61% (1147/1872) regret=0.038243 ape=0.5382
[15:06:06] warmStart 61% (1148/1872) regret=0.038243 ape=0.5382
[15:06:07] warmStart 61% (1149/1872) regret=0.038243 ape=0.5382
[15:06:07] warmStart 61% (1150/1872) regret=0.038243 ape=0.5382
[15:06:07] warmStart 61% (1151/1872) regret=0.038243 ape=0.5382
[15:06:07] warmStart 61% (1152/1872) regret=0.038243 ape=0.5382
[15:06:08] warmStart 61% (1153/1872) regret=0.038316 ape=0.5382
[15:06:08] warmStart 61% (1154/1872) regret=0.038316 ape=0.5382
[15:06:08] warmStart 61% (1155/1872) regret=0.038316 ape=0.5382
[15:06:08] warmStart 61% (1156/1872) regret=0.038316 ape=0.5382
[15:06:09] warmStart 61% (1157/1872) regret=0.038316 ape=0.5382
[15:06:09] warmStart 61% (1158/1872) regret=0.038316 ape=0.5382
[15:06:09] warmStart 61% (1159/1872) regret=0.038316 ape=0.5382
[15:06:09] warmStart 61% (1160/1872) regret=0.038316 ape=0.5382
[15:06:10] warmStart 62% (1161/1872) regret=0.038316 ape=0.5382
[15:06:10] warmStart 62% (1162/1872) regret=0.038086 ape=0.5373
[15:06:10] warmStart 62% (1163/1872) regret=0.038155 ape=0.5382
[15:06:10] warmStart 62% (1164/1872) regret=0.038154 ape=0.5382
[15:06:11] warmStart 62% (1165/1872) regret=0.038154 ape=0.5382
[15:06:11] warmStart 62% (1166/1872) regret=0.038154 ape=0.5382
[15:06:11] warmStart 62% (1167/1872) regret=0.038154 ape=0.5382
[15:06:11] warmStart 62% (1168/1872) regret=0.038154 ape=0.5382
[15:06:11] warmStart 62% (1169/1872) regret=0.037929 ape=0.5373
[15:06:12] warmStart 62% (1170/1872) regret=0.038011 ape=0.5382
[15:06:12] warmStart 62% (1171/1872) regret=0.038011 ape=0.5382
[15:06:12] warmStart 62% (1172/1872) regret=0.038011 ape=0.5382
[15:06:12] warmStart 62% (1173/1872) regret=0.038011 ape=0.5382
[15:06:13] warmStart 62% (1174/1872) regret=0.038011 ape=0.5382
[15:06:13] warmStart 62% (1175/1872) regret=0.038011 ape=0.5382
[15:06:13] warmStart 62% (1176/1872) regret=0.038033 ape=0.5382
[15:06:13] warmStart 62% (1177/1872) regret=0.038033 ape=0.5382
[15:06:14] warmStart 62% (1178/1872) regret=0.038033 ape=0.5382
[15:06:14] warmStart 62% (1179/1872) regret=0.038033 ape=0.5382
[15:06:14] warmStart 63% (1180/1872) regret=0.038217 ape=0.5392
[15:06:14] warmStart 63% (1181/1872) regret=0.038033 ape=0.5382
[15:06:15] warmStart 63% (1182/1872) regret=0.038033 ape=0.5382
[15:06:15] warmStart 63% (1183/1872) regret=0.038033 ape=0.5382
[15:06:15] warmStart 63% (1184/1872) regret=0.038033 ape=0.5382
[15:06:15] warmStart 63% (1185/1872) regret=0.038033 ape=0.5382
[15:06:16] warmStart 63% (1186/1872) regret=0.038033 ape=0.5382
[15:06:16] warmStart 63% (1187/1872) regret=0.038033 ape=0.5382
[15:06:16] warmStart 63% (1188/1872) regret=0.037830 ape=0.5373
[15:06:16] warmStart 63% (1189/1872) regret=0.037830 ape=0.5373
[15:06:16] warmStart 63% (1190/1872) regret=0.037830 ape=0.5373
[15:06:17] warmStart 63% (1191/1872) regret=0.037830 ape=0.5373
[15:06:17] warmStart 63% (1192/1872) regret=0.037830 ape=0.5373
[15:06:17] warmStart 63% (1193/1872) regret=0.037517 ape=0.5373
[15:06:17] warmStart 63% (1194/1872) regret=0.037517 ape=0.5373
[15:06:18] warmStart 63% (1195/1872) regret=0.037517 ape=0.5373
[15:06:18] warmStart 63% (1196/1872) regret=0.037517 ape=0.5373
[15:06:18] warmStart 63% (1197/1872) regret=0.037517 ape=0.5373
[15:06:18] warmStart 63% (1198/1872) regret=0.037517 ape=0.5373
[15:06:18] warmStart 64% (1199/1872) regret=0.037517 ape=0.5373
[15:06:19] warmStart 64% (1200/1872) regret=0.037517 ape=0.5373
[15:06:19] warmStart 64% (1201/1872) regret=0.037517 ape=0.5373
[15:06:19] warmStart 64% (1202/1872) regret=0.037517 ape=0.5373
[15:06:19] warmStart 64% (1203/1872) regret=0.037480 ape=0.5373
[15:06:20] warmStart 64% (1204/1872) regret=0.037445 ape=0.5373
[15:06:20] warmStart 64% (1205/1872) regret=0.037217 ape=0.5373
[15:06:20] warmStart 64% (1206/1872) regret=0.037248 ape=0.5373
[15:06:20] warmStart 64% (1207/1872) regret=0.037248 ape=0.5373
[15:06:21] warmStart 64% (1208/1872) regret=0.037263 ape=0.5373
[15:06:21] warmStart 64% (1209/1872) regret=0.037082 ape=0.5373
[15:06:21] warmStart 64% (1210/1872) regret=0.037133 ape=0.5373
[15:06:21] warmStart 64% (1211/1872) regret=0.037133 ape=0.5373
[15:06:22] warmStart 64% (1212/1872) regret=0.037139 ape=0.5373
[15:06:22] warmStart 64% (1213/1872) regret=0.037130 ape=0.5373
[15:06:22] warmStart 64% (1214/1872) regret=0.037028 ape=0.5364
[15:06:22] warmStart 64% (1215/1872) regret=0.037321 ape=0.5373
[15:06:23] warmStart 64% (1216/1872) regret=0.037321 ape=0.5373
[15:06:23] warmStart 65% (1217/1872) regret=0.037026 ape=0.5364
[15:06:23] warmStart 65% (1218/1872) regret=0.036994 ape=0.5364
[15:06:23] warmStart 65% (1219/1872) regret=0.036994 ape=0.5364
[15:06:24] warmStart 65% (1220/1872) regret=0.036994 ape=0.5364
[15:06:24] warmStart 65% (1221/1872) regret=0.037030 ape=0.5364
[15:06:24] warmStart 65% (1222/1872) regret=0.037030 ape=0.5364
[15:06:24] warmStart 65% (1223/1872) regret=0.037030 ape=0.5364
[15:06:25] warmStart 65% (1224/1872) regret=0.037030 ape=0.5364
[15:06:25] warmStart 65% (1225/1872) regret=0.037016 ape=0.5355
[15:06:25] warmStart 65% (1226/1872) regret=0.037016 ape=0.5355
[15:06:25] warmStart 65% (1227/1872) regret=0.037016 ape=0.5355
[15:06:26] warmStart 65% (1228/1872) regret=0.037018 ape=0.5346
[15:06:26] warmStart 65% (1229/1872) regret=0.037018 ape=0.5346
[15:06:26] warmStart 65% (1230/1872) regret=0.036964 ape=0.5346
[15:06:26] warmStart 65% (1231/1872) regret=0.036978 ape=0.5346
[15:06:27] warmStart 65% (1232/1872) regret=0.036978 ape=0.5346
[15:06:27] warmStart 65% (1233/1872) regret=0.036978 ape=0.5346
[15:06:27] warmStart 65% (1234/1872) regret=0.036978 ape=0.5346
[15:06:27] warmStart 65% (1235/1872) regret=0.036978 ape=0.5346
[15:06:28] warmStart 66% (1236/1872) regret=0.036978 ape=0.5346
[15:06:28] warmStart 66% (1237/1872) regret=0.036978 ape=0.5346
[15:06:28] warmStart 66% (1238/1872) regret=0.036978 ape=0.5346
[15:06:28] warmStart 66% (1239/1872) regret=0.036978 ape=0.5346
[15:06:29] warmStart 66% (1240/1872) regret=0.036978 ape=0.5346
[15:06:29] warmStart 66% (1241/1872) regret=0.036978 ape=0.5346
[15:06:29] warmStart 66% (1242/1872) regret=0.036978 ape=0.5346
[15:06:29] warmStart 66% (1243/1872) regret=0.036976 ape=0.5346
[15:06:30] warmStart 66% (1244/1872) regret=0.036976 ape=0.5346
[15:06:30] warmStart 66% (1245/1872) regret=0.036976 ape=0.5346
[15:06:30] warmStart 66% (1246/1872) regret=0.036976 ape=0.5346
[15:06:30] warmStart 66% (1247/1872) regret=0.036976 ape=0.5346
[15:06:30] warmStart 66% (1248/1872) regret=0.036976 ape=0.5346
[15:06:31] warmStart 66% (1249/1872) regret=0.036976 ape=0.5346
[15:06:31] warmStart 66% (1250/1872) regret=0.036714 ape=0.5336
[15:06:31] warmStart 66% (1251/1872) regret=0.036714 ape=0.5336
[15:06:31] warmStart 66% (1252/1872) regret=0.036714 ape=0.5336
[15:06:32] warmStart 66% (1253/1872) regret=0.036714 ape=0.5336
[15:06:32] warmStart 66% (1254/1872) regret=0.036714 ape=0.5336
[15:06:32] warmStart 67% (1255/1872) regret=0.036566 ape=0.5327
[15:06:32] warmStart 67% (1256/1872) regret=0.036566 ape=0.5327
[15:06:33] warmStart 67% (1257/1872) regret=0.036566 ape=0.5327
[15:06:33] warmStart 67% (1258/1872) regret=0.036566 ape=0.5327
[15:06:33] warmStart 67% (1259/1872) regret=0.036566 ape=0.5327
[15:06:33] warmStart 67% (1260/1872) regret=0.036566 ape=0.5327
[15:06:34] warmStart 67% (1261/1872) regret=0.036566 ape=0.5327
[15:06:34] warmStart 67% (1262/1872) regret=0.036566 ape=0.5327
[15:06:34] warmStart 67% (1263/1872) regret=0.036536 ape=0.5327
[15:06:34] warmStart 67% (1264/1872) regret=0.036536 ape=0.5327
[15:06:35] warmStart 67% (1265/1872) regret=0.036521 ape=0.5318
[15:06:35] warmStart 67% (1266/1872) regret=0.036521 ape=0.5318
[15:06:35] warmStart 67% (1267/1872) regret=0.036521 ape=0.5318
[15:06:35] warmStart 67% (1268/1872) regret=0.036521 ape=0.5318
[15:06:36] warmStart 67% (1269/1872) regret=0.036516 ape=0.5318
[15:06:36] warmStart 67% (1270/1872) regret=0.036516 ape=0.5318
[15:06:36] warmStart 67% (1271/1872) regret=0.036516 ape=0.5318
[15:06:36] warmStart 67% (1272/1872) regret=0.036516 ape=0.5318
[15:06:37] warmStart 68% (1273/1872) regret=0.036516 ape=0.5318
[15:06:37] warmStart 68% (1274/1872) regret=0.036516 ape=0.5318
[15:06:37] warmStart 68% (1275/1872) regret=0.036516 ape=0.5318
[15:06:37] warmStart 68% (1276/1872) regret=0.036516 ape=0.5318
[15:06:38] warmStart 68% (1277/1872) regret=0.036516 ape=0.5318
[15:06:38] warmStart 68% (1278/1872) regret=0.036516 ape=0.5318
[15:06:38] warmStart 68% (1279/1872) regret=0.036516 ape=0.5318
[15:06:38] warmStart 68% (1280/1872) regret=0.036516 ape=0.5318
[15:06:39] warmStart 68% (1281/1872) regret=0.036487 ape=0.5309
[15:06:39] warmStart 68% (1282/1872) regret=0.036487 ape=0.5309
[15:06:39] warmStart 68% (1283/1872) regret=0.036487 ape=0.5309
[15:06:39] warmStart 68% (1284/1872) regret=0.036487 ape=0.5309
[15:06:40] warmStart 68% (1285/1872) regret=0.036487 ape=0.5309
[15:06:40] warmStart 68% (1286/1872) regret=0.036471 ape=0.5309
[15:06:40] warmStart 68% (1287/1872) regret=0.036471 ape=0.5309
[15:06:40] warmStart 68% (1288/1872) regret=0.036471 ape=0.5309
[15:06:40] warmStart 68% (1289/1872) regret=0.036471 ape=0.5309
[15:06:41] warmStart 68% (1290/1872) regret=0.036471 ape=0.5309
[15:06:41] warmStart 68% (1291/1872) regret=0.036236 ape=0.5309
[15:06:41] warmStart 69% (1292/1872) regret=0.036236 ape=0.5309
[15:06:41] warmStart 69% (1293/1872) regret=0.036236 ape=0.5309
[15:06:42] warmStart 69% (1294/1872) regret=0.036236 ape=0.5309
[15:06:42] warmStart 69% (1295/1872) regret=0.036198 ape=0.5300
[15:06:42] warmStart 69% (1296/1872) regret=0.036225 ape=0.5300
[15:06:42] warmStart 69% (1297/1872) regret=0.036166 ape=0.5300
[15:06:43] warmStart 69% (1298/1872) regret=0.036110 ape=0.5300
[15:06:43] warmStart 69% (1299/1872) regret=0.036110 ape=0.5300
[15:06:43] warmStart 69% (1300/1872) regret=0.036110 ape=0.5300
[15:06:43] warmStart 69% (1301/1872) regret=0.036027 ape=0.5290
[15:06:44] warmStart 69% (1302/1872) regret=0.036027 ape=0.5290
[15:06:44] warmStart 69% (1303/1872) regret=0.036027 ape=0.5290
[15:06:44] warmStart 69% (1304/1872) regret=0.035972 ape=0.5290
[15:06:44] warmStart 69% (1305/1872) regret=0.036439 ape=0.5290
[15:06:45] warmStart 69% (1306/1872) regret=0.035972 ape=0.5290
[15:06:45] warmStart 69% (1307/1872) regret=0.035962 ape=0.5290
[15:06:45] warmStart 69% (1308/1872) regret=0.035962 ape=0.5290
[15:06:45] warmStart 69% (1309/1872) regret=0.035962 ape=0.5290
[15:06:46] warmStart 69% (1310/1872) regret=0.035962 ape=0.5290
[15:06:46] warmStart 70% (1311/1872) regret=0.035870 ape=0.5290
[15:06:46] warmStart 70% (1312/1872) regret=0.035889 ape=0.5290
[15:06:46] warmStart 70% (1313/1872) regret=0.035889 ape=0.5290
[15:06:47] warmStart 70% (1314/1872) regret=0.035683 ape=0.5290
[15:06:47] warmStart 70% (1315/1872) regret=0.035840 ape=0.5300
[15:06:47] warmStart 70% (1316/1872) regret=0.035840 ape=0.5300
[15:06:47] warmStart 70% (1317/1872) regret=0.035978 ape=0.5300
[15:06:48] warmStart 70% (1318/1872) regret=0.035978 ape=0.5300
[15:06:48] warmStart 70% (1319/1872) regret=0.035978 ape=0.5300
[15:06:48] warmStart 70% (1320/1872) regret=0.035978 ape=0.5300
[15:06:48] warmStart 70% (1321/1872) regret=0.035978 ape=0.5300
[15:06:49] warmStart 70% (1322/1872) regret=0.035978 ape=0.5300
[15:06:49] warmStart 70% (1323/1872) regret=0.035978 ape=0.5300
[15:06:49] warmStart 70% (1324/1872) regret=0.035877 ape=0.5290
[15:06:49] warmStart 70% (1325/1872) regret=0.035877 ape=0.5290
[15:06:50] warmStart 70% (1326/1872) regret=0.035877 ape=0.5290
[15:06:50] warmStart 70% (1327/1872) regret=0.035877 ape=0.5290
[15:06:50] warmStart 70% (1328/1872) regret=0.035877 ape=0.5290
[15:06:50] warmStart 70% (1329/1872) regret=0.035877 ape=0.5290
[15:06:51] warmStart 71% (1330/1872) regret=0.035877 ape=0.5290
[15:06:51] warmStart 71% (1331/1872) regret=0.035886 ape=0.5290
[15:06:51] warmStart 71% (1332/1872) regret=0.035647 ape=0.5290
[15:06:51] warmStart 71% (1333/1872) regret=0.035859 ape=0.5290
[15:06:52] warmStart 71% (1334/1872) regret=0.036043 ape=0.5290
[15:06:52] warmStart 71% (1335/1872) regret=0.035785 ape=0.5281
[15:06:52] warmStart 71% (1336/1872) regret=0.035785 ape=0.5281
[15:06:52] warmStart 71% (1337/1872) regret=0.035785 ape=0.5281
[15:06:53] warmStart 71% (1338/1872) regret=0.035785 ape=0.5281
[15:06:53] warmStart 71% (1339/1872) regret=0.035785 ape=0.5281
[15:06:53] warmStart 71% (1340/1872) regret=0.035785 ape=0.5281
[15:06:53] warmStart 71% (1341/1872) regret=0.035788 ape=0.5281
[15:06:54] warmStart 71% (1342/1872) regret=0.035788 ape=0.5281
[15:06:54] warmStart 71% (1343/1872) regret=0.035788 ape=0.5281
[15:06:54] warmStart 71% (1344/1872) regret=0.035788 ape=0.5281
[15:06:54] warmStart 71% (1345/1872) regret=0.035993 ape=0.5290
[15:06:55] warmStart 71% (1346/1872) regret=0.035788 ape=0.5281
[15:06:55] warmStart 71% (1347/1872) regret=0.035788 ape=0.5281
[15:06:55] warmStart 72% (1348/1872) regret=0.035788 ape=0.5281
[15:06:55] warmStart 72% (1349/1872) regret=0.035788 ape=0.5281
[15:06:56] warmStart 72% (1350/1872) regret=0.035788 ape=0.5281
[15:06:56] warmStart 72% (1351/1872) regret=0.035788 ape=0.5281
[15:06:56] warmStart 72% (1352/1872) regret=0.035788 ape=0.5281
[15:06:56] warmStart 72% (1353/1872) regret=0.035788 ape=0.5281
[15:06:56] warmStart 72% (1354/1872) regret=0.035728 ape=0.5281
[15:06:57] warmStart 72% (1355/1872) regret=0.035728 ape=0.5281
[15:06:57] warmStart 72% (1356/1872) regret=0.035728 ape=0.5281
[15:06:57] warmStart 72% (1357/1872) regret=0.035728 ape=0.5281
[15:06:57] warmStart 72% (1358/1872) regret=0.035728 ape=0.5281
[15:06:58] warmStart 72% (1359/1872) regret=0.035728 ape=0.5281
[15:06:58] warmStart 72% (1360/1872) regret=0.035728 ape=0.5281
[15:06:58] warmStart 72% (1361/1872) regret=0.035671 ape=0.5272
[15:06:58] warmStart 72% (1362/1872) regret=0.035671 ape=0.5272
[15:06:59] warmStart 72% (1363/1872) regret=0.035647 ape=0.5263
[15:06:59] warmStart 72% (1364/1872) regret=0.035647 ape=0.5263
[15:06:59] warmStart 72% (1365/1872) regret=0.035647 ape=0.5263
[15:06:59] warmStart 72% (1366/1872) regret=0.035647 ape=0.5263
[15:07:00] warmStart 73% (1367/1872) regret=0.035647 ape=0.5263
[15:07:00] warmStart 73% (1368/1872) regret=0.035601 ape=0.5263
[15:07:00] warmStart 73% (1369/1872) regret=0.035601 ape=0.5263
[15:07:00] warmStart 73% (1370/1872) regret=0.035601 ape=0.5263
[15:07:01] warmStart 73% (1371/1872) regret=0.035601 ape=0.5263
[15:07:01] warmStart 73% (1372/1872) regret=0.035601 ape=0.5263
[15:07:01] warmStart 73% (1373/1872) regret=0.035601 ape=0.5263
[15:07:02] warmStart 73% (1374/1872) regret=0.035601 ape=0.5263
[15:07:02] warmStart 73% (1375/1872) regret=0.035601 ape=0.5263
[15:07:02] warmStart 73% (1376/1872) regret=0.035601 ape=0.5263
[15:07:02] warmStart 73% (1377/1872) regret=0.035601 ape=0.5263
[15:07:02] warmStart 73% (1378/1872) regret=0.035601 ape=0.5263
[15:07:03] warmStart 73% (1379/1872) regret=0.035601 ape=0.5263
[15:07:03] warmStart 73% (1380/1872) regret=0.035601 ape=0.5263
[15:07:03] warmStart 73% (1381/1872) regret=0.035601 ape=0.5263
[15:07:03] warmStart 73% (1382/1872) regret=0.035601 ape=0.5263
[15:07:04] warmStart 73% (1383/1872) regret=0.035601 ape=0.5263
[15:07:04] warmStart 73% (1384/1872) regret=0.035601 ape=0.5263
[15:07:04] warmStart 73% (1385/1872) regret=0.035601 ape=0.5263
[15:07:04] warmStart 74% (1386/1872) regret=0.035601 ape=0.5263
[15:07:05] warmStart 74% (1387/1872) regret=0.035601 ape=0.5263
[15:07:05] warmStart 74% (1388/1872) regret=0.035574 ape=0.5263
[15:07:05] warmStart 74% (1389/1872) regret=0.035574 ape=0.5263
[15:07:05] warmStart 74% (1390/1872) regret=0.035574 ape=0.5263
[15:07:06] warmStart 74% (1391/1872) regret=0.035574 ape=0.5263
[15:07:06] warmStart 74% (1392/1872) regret=0.035565 ape=0.5253
[15:07:06] warmStart 74% (1393/1872) regret=0.035656 ape=0.5253
[15:07:06] warmStart 74% (1394/1872) regret=0.035656 ape=0.5253
[15:07:07] warmStart 74% (1395/1872) regret=0.035923 ape=0.5253
[15:07:07] warmStart 74% (1396/1872) regret=0.035923 ape=0.5253
[15:07:07] warmStart 74% (1397/1872) regret=0.035923 ape=0.5253
[15:07:07] warmStart 74% (1398/1872) regret=0.035923 ape=0.5253
[15:07:08] warmStart 74% (1399/1872) regret=0.035923 ape=0.5253
[15:07:08] warmStart 74% (1400/1872) regret=0.035923 ape=0.5253
[15:07:08] warmStart 74% (1401/1872) regret=0.035923 ape=0.5253
[15:07:08] warmStart 74% (1402/1872) regret=0.035923 ape=0.5253
[15:07:09] warmStart 74% (1403/1872) regret=0.035923 ape=0.5253
[15:07:09] warmStart 75% (1404/1872) regret=0.035923 ape=0.5253
[15:07:09] warmStart 75% (1405/1872) regret=0.035849 ape=0.5244
[15:07:09] warmStart 75% (1406/1872) regret=0.035849 ape=0.5244
[15:07:10] warmStart 75% (1407/1872) regret=0.035849 ape=0.5244
[15:07:10] warmStart 75% (1408/1872) regret=0.035849 ape=0.5244
[15:07:10] warmStart 75% (1409/1872) regret=0.035849 ape=0.5244
[15:07:10] warmStart 75% (1410/1872) regret=0.035849 ape=0.5244
[15:07:11] warmStart 75% (1411/1872) regret=0.035849 ape=0.5244
[15:07:11] warmStart 75% (1412/1872) regret=0.035849 ape=0.5244
[15:07:11] warmStart 75% (1413/1872) regret=0.035931 ape=0.5244
[15:07:11] warmStart 75% (1414/1872) regret=0.035894 ape=0.5244
[15:07:12] warmStart 75% (1415/1872) regret=0.035894 ape=0.5244
[15:07:12] warmStart 75% (1416/1872) regret=0.035762 ape=0.5235
[15:07:12] warmStart 75% (1417/1872) regret=0.035762 ape=0.5235
[15:07:12] warmStart 75% (1418/1872) regret=0.035776 ape=0.5235
[15:07:13] warmStart 75% (1419/1872) regret=0.035776 ape=0.5235
[15:07:13] warmStart 75% (1420/1872) regret=0.035776 ape=0.5235
[15:07:13] warmStart 75% (1421/1872) regret=0.035776 ape=0.5235
[15:07:13] warmStart 75% (1422/1872) regret=0.035684 ape=0.5235
[15:07:14] warmStart 76% (1423/1872) regret=0.035684 ape=0.5235
[15:07:14] warmStart 76% (1424/1872) regret=0.035684 ape=0.5235
[15:07:14] warmStart 76% (1425/1872) regret=0.035684 ape=0.5235
[15:07:14] warmStart 76% (1426/1872) regret=0.035721 ape=0.5235
[15:07:15] warmStart 76% (1427/1872) regret=0.035550 ape=0.5235
[15:07:15] warmStart 76% (1428/1872) regret=0.035235 ape=0.5217
[15:07:15] warmStart 76% (1429/1872) regret=0.035235 ape=0.5217
[15:07:15] warmStart 76% (1430/1872) regret=0.035080 ape=0.5207
[15:07:16] warmStart 76% (1431/1872) regret=0.035043 ape=0.5207
[15:07:16] warmStart 76% (1432/1872) regret=0.034973 ape=0.5198
[15:07:16] warmStart 76% (1433/1872) regret=0.034719 ape=0.5189
[15:07:16] warmStart 76% (1434/1872) regret=0.034719 ape=0.5189
[15:07:17] warmStart 76% (1435/1872) regret=0.034886 ape=0.5189
[15:07:17] warmStart 76% (1436/1872) regret=0.034628 ape=0.5180
[15:07:17] warmStart 76% (1437/1872) regret=0.034573 ape=0.5180
[15:07:17] warmStart 76% (1438/1872) regret=0.034581 ape=0.5180
[15:07:18] warmStart 76% (1439/1872) regret=0.034573 ape=0.5180
[15:07:18] warmStart 76% (1440/1872) regret=0.034391 ape=0.5180
[15:07:18] warmStart 76% (1441/1872) regret=0.034391 ape=0.5180
[15:07:18] warmStart 77% (1442/1872) regret=0.034414 ape=0.5189
[15:07:19] warmStart 77% (1443/1872) regret=0.034414 ape=0.5189
[15:07:19] warmStart 77% (1444/1872) regret=0.034414 ape=0.5189
[15:07:19] warmStart 77% (1445/1872) regret=0.034414 ape=0.5189
[15:07:19] warmStart 77% (1446/1872) regret=0.034414 ape=0.5189
[15:07:20] warmStart 77% (1447/1872) regret=0.034921 ape=0.5198
[15:07:20] warmStart 77% (1448/1872) regret=0.034718 ape=0.5198
[15:07:20] warmStart 77% (1449/1872) regret=0.034718 ape=0.5198
[15:07:20] warmStart 77% (1450/1872) regret=0.034718 ape=0.5198
[15:07:21] warmStart 77% (1451/1872) regret=0.034718 ape=0.5198
[15:07:21] warmStart 77% (1452/1872) regret=0.034718 ape=0.5198
[15:07:21] warmStart 77% (1453/1872) regret=0.034718 ape=0.5198
[15:07:21] warmStart 77% (1454/1872) regret=0.034221 ape=0.5189
[15:07:22] warmStart 77% (1455/1872) regret=0.034202 ape=0.5189
[15:07:22] warmStart 77% (1456/1872) regret=0.033857 ape=0.5180
[15:07:22] warmStart 77% (1457/1872) regret=0.033857 ape=0.5180
[15:07:22] warmStart 77% (1458/1872) regret=0.033857 ape=0.5180
[15:07:23] warmStart 77% (1459/1872) regret=0.033857 ape=0.5180
[15:07:23] warmStart 77% (1460/1872) regret=0.033857 ape=0.5180
[15:07:23] warmStart 78% (1461/1872) regret=0.033755 ape=0.5171
[15:07:23] warmStart 78% (1462/1872) regret=0.033562 ape=0.5161
[15:07:24] warmStart 78% (1463/1872) regret=0.033562 ape=0.5161
[15:07:24] warmStart 78% (1464/1872) regret=0.033543 ape=0.5161
[15:07:24] warmStart 78% (1465/1872) regret=0.033562 ape=0.5161
[15:07:24] warmStart 78% (1466/1872) regret=0.033562 ape=0.5161
[15:07:25] warmStart 78% (1467/1872) regret=0.033562 ape=0.5161
[15:07:25] warmStart 78% (1468/1872) regret=0.033562 ape=0.5161
[15:07:25] warmStart 78% (1469/1872) regret=0.033562 ape=0.5161
[15:07:25] warmStart 78% (1470/1872) regret=0.033562 ape=0.5161
[15:07:26] warmStart 78% (1471/1872) regret=0.033562 ape=0.5161
[15:07:26] warmStart 78% (1472/1872) regret=0.033562 ape=0.5161
[15:07:26] warmStart 78% (1473/1872) regret=0.033562 ape=0.5161
[15:07:26] warmStart 78% (1474/1872) regret=0.033562 ape=0.5161
[15:07:27] warmStart 78% (1475/1872) regret=0.033562 ape=0.5161
[15:07:27] warmStart 78% (1476/1872) regret=0.033562 ape=0.5161
[15:07:27] warmStart 78% (1477/1872) regret=0.033562 ape=0.5161
[15:07:27] warmStart 78% (1478/1872) regret=0.033562 ape=0.5161
[15:07:28] warmStart 79% (1479/1872) regret=0.033562 ape=0.5161
[15:07:28] warmStart 79% (1480/1872) regret=0.033562 ape=0.5161
[15:07:28] warmStart 79% (1481/1872) regret=0.033562 ape=0.5161
[15:07:28] warmStart 79% (1482/1872) regret=0.033562 ape=0.5161
[15:07:28] warmStart 79% (1483/1872) regret=0.033562 ape=0.5161
[15:07:29] warmStart 79% (1484/1872) regret=0.033562 ape=0.5161
[15:07:29] warmStart 79% (1485/1872) regret=0.033562 ape=0.5161
[15:07:29] warmStart 79% (1486/1872) regret=0.033562 ape=0.5161
[15:07:29] warmStart 79% (1487/1872) regret=0.033562 ape=0.5161
[15:07:30] warmStart 79% (1488/1872) regret=0.033562 ape=0.5161
[15:07:30] warmStart 79% (1489/1872) regret=0.033562 ape=0.5161
[15:07:30] warmStart 79% (1490/1872) regret=0.033562 ape=0.5161
[15:07:30] warmStart 79% (1491/1872) regret=0.033453 ape=0.5161
[15:07:31] warmStart 79% (1492/1872) regret=0.033453 ape=0.5161
[15:07:31] warmStart 79% (1493/1872) regret=0.033453 ape=0.5161
[15:07:31] warmStart 79% (1494/1872) regret=0.033453 ape=0.5161
[15:07:31] warmStart 79% (1495/1872) regret=0.033453 ape=0.5161
[15:07:32] warmStart 79% (1496/1872) regret=0.033453 ape=0.5161
[15:07:32] warmStart 79% (1497/1872) regret=0.033453 ape=0.5161
[15:07:32] warmStart 80% (1498/1872) regret=0.033453 ape=0.5161
[15:07:32] warmStart 80% (1499/1872) regret=0.033453 ape=0.5161
[15:07:33] warmStart 80% (1500/1872) regret=0.033453 ape=0.5161
[15:07:33] warmStart 80% (1501/1872) regret=0.033453 ape=0.5161
[15:07:33] warmStart 80% (1502/1872) regret=0.033453 ape=0.5161
[15:07:33] warmStart 80% (1503/1872) regret=0.033453 ape=0.5161
[15:07:34] warmStart 80% (1504/1872) regret=0.033453 ape=0.5161
[15:07:34] warmStart 80% (1505/1872) regret=0.033320 ape=0.5152
[15:07:34] warmStart 80% (1506/1872) regret=0.033320 ape=0.5152
[15:07:34] warmStart 80% (1507/1872) regret=0.033320 ape=0.5152
[15:07:35] warmStart 80% (1508/1872) regret=0.033320 ape=0.5152
[15:07:35] warmStart 80% (1509/1872) regret=0.033320 ape=0.5152
[15:07:35] warmStart 80% (1510/1872) regret=0.033320 ape=0.5152
[15:07:35] warmStart 80% (1511/1872) regret=0.033320 ape=0.5152
[15:07:35] warmStart 80% (1512/1872) regret=0.033320 ape=0.5152
[15:07:36] warmStart 80% (1513/1872) regret=0.033320 ape=0.5152
[15:07:36] warmStart 80% (1514/1872) regret=0.033320 ape=0.5152
[15:07:36] warmStart 80% (1515/1872) regret=0.033320 ape=0.5152
[15:07:36] warmStart 80% (1516/1872) regret=0.033320 ape=0.5152
[15:07:37] warmStart 81% (1517/1872) regret=0.033320 ape=0.5152
[15:07:37] warmStart 81% (1518/1872) regret=0.033320 ape=0.5152
[15:07:37] warmStart 81% (1519/1872) regret=0.033320 ape=0.5152
[15:07:37] warmStart 81% (1520/1872) regret=0.033320 ape=0.5152
[15:07:38] warmStart 81% (1521/1872) regret=0.033315 ape=0.5152
[15:07:38] warmStart 81% (1522/1872) regret=0.033315 ape=0.5152
[15:07:38] warmStart 81% (1523/1872) regret=0.033329 ape=0.5152
[15:07:38] warmStart 81% (1524/1872) regret=0.033329 ape=0.5152
[15:07:39] warmStart 81% (1525/1872) regret=0.033329 ape=0.5152
[15:07:39] warmStart 81% (1526/1872) regret=0.033329 ape=0.5152
[15:07:39] warmStart 81% (1527/1872) regret=0.033329 ape=0.5152
[15:07:39] warmStart 81% (1528/1872) regret=0.033329 ape=0.5152
[15:07:40] warmStart 81% (1529/1872) regret=0.033329 ape=0.5152
[15:07:40] warmStart 81% (1530/1872) regret=0.033329 ape=0.5152
[15:07:40] warmStart 81% (1531/1872) regret=0.033329 ape=0.5152
[15:07:40] warmStart 81% (1532/1872) regret=0.033329 ape=0.5152
[15:07:41] warmStart 81% (1533/1872) regret=0.033329 ape=0.5152
[15:07:41] warmStart 81% (1534/1872) regret=0.033329 ape=0.5152
[15:07:41] warmStart 81% (1535/1872) regret=0.033329 ape=0.5152
[15:07:41] warmStart 82% (1536/1872) regret=0.033329 ape=0.5152
[15:07:42] warmStart 82% (1537/1872) regret=0.033329 ape=0.5152
[15:07:42] warmStart 82% (1538/1872) regret=0.033246 ape=0.5143
[15:07:42] warmStart 82% (1539/1872) regret=0.033292 ape=0.5143
[15:07:42] warmStart 82% (1540/1872) regret=0.033292 ape=0.5143
[15:07:42] warmStart 82% (1541/1872) regret=0.033196 ape=0.5134
[15:07:43] warmStart 82% (1542/1872) regret=0.033266 ape=0.5134
[15:07:43] warmStart 82% (1543/1872) regret=0.033222 ape=0.5143
[15:07:43] warmStart 82% (1544/1872) regret=0.033525 ape=0.5152
[15:07:43] warmStart 82% (1545/1872) regret=0.033755 ape=0.5152
[15:07:43] warmStart 82% (1546/1872) regret=0.033414 ape=0.5152
[15:07:44] warmStart 82% (1547/1872) regret=0.033443 ape=0.5152
[15:07:44] warmStart 82% (1548/1872) regret=0.033525 ape=0.5152
[15:07:44] warmStart 82% (1549/1872) regret=0.033512 ape=0.5152
[15:07:44] warmStart 82% (1550/1872) regret=0.033512 ape=0.5152
[15:07:45] warmStart 82% (1551/1872) regret=0.033102 ape=0.5161
[15:07:45] warmStart 82% (1552/1872) regret=0.033210 ape=0.5152
[15:07:45] warmStart 82% (1553/1872) regret=0.033104 ape=0.5143
[15:07:45] warmStart 83% (1554/1872) regret=0.033141 ape=0.5143
[15:07:45] warmStart 83% (1555/1872) regret=0.033141 ape=0.5143
[15:07:46] warmStart 83% (1556/1872) regret=0.033299 ape=0.5143
[15:07:46] warmStart 83% (1557/1872) regret=0.033141 ape=0.5143
[15:07:46] warmStart 83% (1558/1872) regret=0.033141 ape=0.5143
[15:07:46] warmStart 83% (1559/1872) regret=0.033141 ape=0.5143
[15:07:46] warmStart 83% (1560/1872) regret=0.033115 ape=0.5134
[15:07:47] warmStart 83% (1561/1872) regret=0.033115 ape=0.5134
[15:07:47] warmStart 83% (1562/1872) regret=0.033115 ape=0.5134
[15:07:47] warmStart 83% (1563/1872) regret=0.033105 ape=0.5124
[15:07:47] warmStart 83% (1564/1872) regret=0.032820 ape=0.5115
[15:07:48] warmStart 83% (1565/1872) regret=0.032820 ape=0.5115
[15:07:48] warmStart 83% (1566/1872) regret=0.032552 ape=0.5115
[15:07:48] warmStart 83% (1567/1872) regret=0.032552 ape=0.5115
[15:07:48] warmStart 83% (1568/1872) regret=0.032506 ape=0.5106
[15:07:48] warmStart 83% (1569/1872) regret=0.032525 ape=0.5106
[15:07:49] warmStart 83% (1570/1872) regret=0.032405 ape=0.5097
[15:07:49] warmStart 83% (1571/1872) regret=0.032386 ape=0.5097
[15:07:49] warmStart 83% (1572/1872) regret=0.032423 ape=0.5097
[15:07:49] warmStart 84% (1573/1872) regret=0.032386 ape=0.5097
[15:07:50] warmStart 84% (1574/1872) regret=0.032386 ape=0.5097
[15:07:50] warmStart 84% (1575/1872) regret=0.032480 ape=0.5088
[15:07:50] warmStart 84% (1576/1872) regret=0.032334 ape=0.5088
[15:07:50] warmStart 84% (1577/1872) regret=0.032334 ape=0.5088
[15:07:50] warmStart 84% (1578/1872) regret=0.032334 ape=0.5088
[15:07:51] warmStart 84% (1579/1872) regret=0.032334 ape=0.5088
[15:07:51] warmStart 84% (1580/1872) regret=0.032325 ape=0.5088
[15:07:51] warmStart 84% (1581/1872) regret=0.032274 ape=0.5088
[15:07:51] warmStart 84% (1582/1872) regret=0.032274 ape=0.5088
[15:07:52] warmStart 84% (1583/1872) regret=0.032264 ape=0.5088
[15:07:52] warmStart 84% (1584/1872) regret=0.032274 ape=0.5088
[15:07:52] warmStart 84% (1585/1872) regret=0.032274 ape=0.5088
[15:07:52] warmStart 84% (1586/1872) regret=0.032224 ape=0.5088
[15:07:52] warmStart 84% (1587/1872) regret=0.032259 ape=0.5088
[15:07:53] warmStart 84% (1588/1872) regret=0.032268 ape=0.5088
[15:07:53] warmStart 84% (1589/1872) regret=0.032107 ape=0.5078
[15:07:53] warmStart 84% (1590/1872) regret=0.031969 ape=0.5069
[15:07:53] warmStart 84% (1591/1872) regret=0.031821 ape=0.5060
[15:07:54] warmStart 85% (1592/1872) regret=0.032108 ape=0.5069
[15:07:54] warmStart 85% (1593/1872) regret=0.031745 ape=0.5060
[15:07:54] warmStart 85% (1594/1872) regret=0.031745 ape=0.5060
[15:07:54] warmStart 85% (1595/1872) regret=0.031883 ape=0.5060
[15:07:54] warmStart 85% (1596/1872) regret=0.031745 ape=0.5060
[15:07:55] warmStart 85% (1597/1872) regret=0.031745 ape=0.5060
[15:07:55] warmStart 85% (1598/1872) regret=0.031676 ape=0.5060
[15:07:55] warmStart 85% (1599/1872) regret=0.031671 ape=0.5051
[15:07:55] warmStart 85% (1600/1872) regret=0.031736 ape=0.5051
[15:07:56] warmStart 85% (1601/1872) regret=0.031819 ape=0.5051
[15:07:56] warmStart 85% (1602/1872) regret=0.031671 ape=0.5051
[15:07:56] warmStart 85% (1603/1872) regret=0.031671 ape=0.5051
[15:07:56] warmStart 85% (1604/1872) regret=0.031671 ape=0.5051
[15:07:56] warmStart 85% (1605/1872) regret=0.031671 ape=0.5051
[15:07:57] warmStart 85% (1606/1872) regret=0.031671 ape=0.5051
[15:07:57] warmStart 85% (1607/1872) regret=0.031671 ape=0.5051
[15:07:57] warmStart 85% (1608/1872) regret=0.031565 ape=0.5041
[15:07:57] warmStart 85% (1609/1872) regret=0.031897 ape=0.5051
[15:07:58] warmStart 86% (1610/1872) regret=0.031565 ape=0.5041
[15:07:58] warmStart 86% (1611/1872) regret=0.031565 ape=0.5041
[15:07:58] warmStart 86% (1612/1872) regret=0.031565 ape=0.5041
[15:07:58] warmStart 86% (1613/1872) regret=0.031565 ape=0.5041
[15:07:58] warmStart 86% (1614/1872) regret=0.031565 ape=0.5041
[15:07:59] warmStart 86% (1615/1872) regret=0.031565 ape=0.5041
[15:07:59] warmStart 86% (1616/1872) regret=0.031565 ape=0.5041
[15:07:59] warmStart 86% (1617/1872) regret=0.031565 ape=0.5041
[15:07:59] warmStart 86% (1618/1872) regret=0.031565 ape=0.5041
[15:08:00] warmStart 86% (1619/1872) regret=0.031565 ape=0.5041
[15:08:00] warmStart 86% (1620/1872) regret=0.031565 ape=0.5041
[15:08:00] warmStart 86% (1621/1872) regret=0.031565 ape=0.5041
[15:08:00] warmStart 86% (1622/1872) regret=0.031565 ape=0.5041
[15:08:00] warmStart 86% (1623/1872) regret=0.031565 ape=0.5041
[15:08:01] warmStart 86% (1624/1872) regret=0.031565 ape=0.5041
[15:08:01] warmStart 86% (1625/1872) regret=0.031565 ape=0.5041
[15:08:01] warmStart 86% (1626/1872) regret=0.031565 ape=0.5041
[15:08:01] warmStart 86% (1627/1872) regret=0.031565 ape=0.5041
[15:08:02] warmStart 86% (1628/1872) regret=0.031565 ape=0.5041
[15:08:02] warmStart 87% (1629/1872) regret=0.031556 ape=0.5041
[15:08:02] warmStart 87% (1630/1872) regret=0.031556 ape=0.5041
[15:08:02] warmStart 87% (1631/1872) regret=0.031556 ape=0.5041
[15:08:02] warmStart 87% (1632/1872) regret=0.031556 ape=0.5041
[15:08:03] warmStart 87% (1633/1872) regret=0.031556 ape=0.5041
[15:08:03] warmStart 87% (1634/1872) regret=0.031556 ape=0.5041
[15:08:03] warmStart 87% (1635/1872) regret=0.031556 ape=0.5041
[15:08:03] warmStart 87% (1636/1872) regret=0.031556 ape=0.5041
[15:08:04] warmStart 87% (1637/1872) regret=0.031547 ape=0.5041
[15:08:04] warmStart 87% (1638/1872) regret=0.031547 ape=0.5041
[15:08:04] warmStart 87% (1639/1872) regret=0.031547 ape=0.5041
[15:08:04] warmStart 87% (1640/1872) regret=0.031547 ape=0.5041
[15:08:04] warmStart 87% (1641/1872) regret=0.031547 ape=0.5041
[15:08:05] warmStart 87% (1642/1872) regret=0.031547 ape=0.5041
[15:08:05] warmStart 87% (1643/1872) regret=0.031485 ape=0.5041
[15:08:05] warmStart 87% (1644/1872) regret=0.031439 ape=0.5032
[15:08:05] warmStart 87% (1645/1872) regret=0.031439 ape=0.5032
[15:08:05] warmStart 87% (1646/1872) regret=0.031439 ape=0.5032
[15:08:06] warmStart 87% (1647/1872) regret=0.031439 ape=0.5032
[15:08:06] warmStart 88% (1648/1872) regret=0.031439 ape=0.5032
[15:08:06] warmStart 88% (1649/1872) regret=0.031439 ape=0.5032
[15:08:06] warmStart 88% (1650/1872) regret=0.031427 ape=0.5023
[15:08:07] warmStart 88% (1651/1872) regret=0.031427 ape=0.5023
[15:08:07] warmStart 88% (1652/1872) regret=0.031427 ape=0.5023
[15:08:07] warmStart 88% (1653/1872) regret=0.031110 ape=0.5014
[15:08:07] warmStart 88% (1654/1872) regret=0.031110 ape=0.5014
[15:08:07] warmStart 88% (1655/1872) regret=0.031110 ape=0.5014
[15:08:08] warmStart 88% (1656/1872) regret=0.031109 ape=0.5014
[15:08:08] warmStart 88% (1657/1872) regret=0.031109 ape=0.5014
[15:08:08] warmStart 88% (1658/1872) regret=0.031109 ape=0.5014
[15:08:08] warmStart 88% (1659/1872) regret=0.031109 ape=0.5014
[15:08:08] warmStart 88% (1660/1872) regret=0.031109 ape=0.5014
[15:08:09] warmStart 88% (1661/1872) regret=0.031109 ape=0.5014
[15:08:09] warmStart 88% (1662/1872) regret=0.031109 ape=0.5014
[15:08:09] warmStart 88% (1663/1872) regret=0.031109 ape=0.5014
[15:08:09] warmStart 88% (1664/1872) regret=0.031109 ape=0.5014
[15:08:10] warmStart 88% (1665/1872) regret=0.031109 ape=0.5014
[15:08:10] warmStart 88% (1666/1872) regret=0.031109 ape=0.5014
[15:08:10] warmStart 89% (1667/1872) regret=0.031109 ape=0.5014
[15:08:10] warmStart 89% (1668/1872) regret=0.031109 ape=0.5014
[15:08:10] warmStart 89% (1669/1872) regret=0.031109 ape=0.5014
[15:08:11] warmStart 89% (1670/1872) regret=0.031109 ape=0.5014
[15:08:11] warmStart 89% (1671/1872) regret=0.031109 ape=0.5014
[15:08:11] warmStart 89% (1672/1872) regret=0.031109 ape=0.5014
[15:08:11] warmStart 89% (1673/1872) regret=0.031109 ape=0.5014
[15:08:12] warmStart 89% (1674/1872) regret=0.031079 ape=0.5014
[15:08:12] warmStart 89% (1675/1872) regret=0.031079 ape=0.5014
[15:08:12] warmStart 89% (1676/1872) regret=0.031079 ape=0.5014
[15:08:12] warmStart 89% (1677/1872) regret=0.031079 ape=0.5014
[15:08:12] warmStart 89% (1678/1872) regret=0.031079 ape=0.5014
[15:08:13] warmStart 89% (1679/1872) regret=0.031079 ape=0.5014
[15:08:13] warmStart 89% (1680/1872) regret=0.031079 ape=0.5014
[15:08:13] warmStart 89% (1681/1872) regret=0.031079 ape=0.5014
[15:08:13] warmStart 89% (1682/1872) regret=0.031079 ape=0.5014
[15:08:14] warmStart 89% (1683/1872) regret=0.031079 ape=0.5014
[15:08:14] warmStart 89% (1684/1872) regret=0.031079 ape=0.5014
[15:08:14] warmStart 90% (1685/1872) regret=0.031079 ape=0.5014
[15:08:14] warmStart 90% (1686/1872) regret=0.031079 ape=0.5014
[15:08:14] warmStart 90% (1687/1872) regret=0.031079 ape=0.5014
[15:08:15] warmStart 90% (1688/1872) regret=0.031079 ape=0.5014
[15:08:15] warmStart 90% (1689/1872) regret=0.031079 ape=0.5014
[15:08:15] warmStart 90% (1690/1872) regret=0.031079 ape=0.5014
[15:08:15] warmStart 90% (1691/1872) regret=0.031079 ape=0.5014
[15:08:16] warmStart 90% (1692/1872) regret=0.031079 ape=0.5014
[15:08:16] warmStart 90% (1693/1872) regret=0.031079 ape=0.5014
[15:08:16] warmStart 90% (1694/1872) regret=0.031079 ape=0.5014
[15:08:16] warmStart 90% (1695/1872) regret=0.031079 ape=0.5014
[15:08:17] warmStart 90% (1696/1872) regret=0.031079 ape=0.5014
[15:08:17] warmStart 90% (1697/1872) regret=0.031079 ape=0.5014
[15:08:17] warmStart 90% (1698/1872) regret=0.031079 ape=0.5014
[15:08:17] warmStart 90% (1699/1872) regret=0.030955 ape=0.5014
[15:08:18] warmStart 90% (1700/1872) regret=0.030955 ape=0.5014
[15:08:18] warmStart 90% (1701/1872) regret=0.030955 ape=0.5014
[15:08:18] warmStart 90% (1702/1872) regret=0.030955 ape=0.5014
[15:08:18] warmStart 90% (1703/1872) regret=0.030955 ape=0.5014
[15:08:18] warmStart 91% (1704/1872) regret=0.030955 ape=0.5014
[15:08:19] warmStart 91% (1705/1872) regret=0.030955 ape=0.5014
[15:08:19] warmStart 91% (1706/1872) regret=0.030978 ape=0.5023
[15:08:19] warmStart 91% (1707/1872) regret=0.030969 ape=0.5023
[15:08:20] warmStart 91% (1708/1872) regret=0.030992 ape=0.5023
[15:08:20] warmStart 91% (1709/1872) regret=0.030941 ape=0.5023
[15:08:20] warmStart 91% (1710/1872) regret=0.030941 ape=0.5023
[15:08:20] warmStart 91% (1711/1872) regret=0.030941 ape=0.5023
[15:08:20] warmStart 91% (1712/1872) regret=0.030941 ape=0.5023
[15:08:21] warmStart 91% (1713/1872) regret=0.030941 ape=0.5023
[15:08:21] warmStart 91% (1714/1872) regret=0.030877 ape=0.5014
[15:08:21] warmStart 91% (1715/1872) regret=0.030877 ape=0.5014
[15:08:21] warmStart 91% (1716/1872) regret=0.030877 ape=0.5014
[15:08:22] warmStart 91% (1717/1872) regret=0.030877 ape=0.5014
[15:08:22] warmStart 91% (1718/1872) regret=0.030877 ape=0.5014
[15:08:22] warmStart 91% (1719/1872) regret=0.030877 ape=0.5014
[15:08:22] warmStart 91% (1720/1872) regret=0.030877 ape=0.5014
[15:08:23] warmStart 91% (1721/1872) regret=0.030877 ape=0.5014
[15:08:23] warmStart 91% (1722/1872) regret=0.030905 ape=0.5023
[15:08:23] warmStart 92% (1723/1872) regret=0.030840 ape=0.5023
[15:08:23] warmStart 92% (1724/1872) regret=0.030840 ape=0.5023
[15:08:24] warmStart 92% (1725/1872) regret=0.030840 ape=0.5023
[15:08:24] warmStart 92% (1726/1872) regret=0.030840 ape=0.5023
[15:08:24] warmStart 92% (1727/1872) regret=0.030840 ape=0.5023
[15:08:24] warmStart 92% (1728/1872) regret=0.030840 ape=0.5023
[15:08:25] warmStart 92% (1729/1872) regret=0.030840 ape=0.5023
[15:08:25] warmStart 92% (1730/1872) regret=0.030840 ape=0.5023
[15:08:25] warmStart 92% (1731/1872) regret=0.030840 ape=0.5023
[15:08:26] warmStart 92% (1732/1872) regret=0.030840 ape=0.5023
[15:08:26] warmStart 92% (1733/1872) regret=0.030840 ape=0.5023
[15:08:26] warmStart 92% (1734/1872) regret=0.030780 ape=0.5023
[15:08:26] warmStart 92% (1735/1872) regret=0.030780 ape=0.5023
[15:08:27] warmStart 92% (1736/1872) regret=0.030780 ape=0.5023
[15:08:27] warmStart 92% (1737/1872) regret=0.030918 ape=0.5023
[15:08:27] warmStart 92% (1738/1872) regret=0.030918 ape=0.5023
[15:08:27] warmStart 92% (1739/1872) regret=0.030918 ape=0.5023
[15:08:28] warmStart 92% (1740/1872) regret=0.030918 ape=0.5023
[15:08:28] warmStart 93% (1741/1872) regret=0.030918 ape=0.5023
[15:08:28] warmStart 93% (1742/1872) regret=0.030918 ape=0.5023
[15:08:28] warmStart 93% (1743/1872) regret=0.030825 ape=0.5014
[15:08:29] warmStart 93% (1744/1872) regret=0.030825 ape=0.5014
[15:08:29] warmStart 93% (1745/1872) regret=0.030862 ape=0.5014
[15:08:29] warmStart 93% (1746/1872) regret=0.030862 ape=0.5014
[15:08:29] warmStart 93% (1747/1872) regret=0.030862 ape=0.5014
[15:08:30] warmStart 93% (1748/1872) regret=0.030538 ape=0.5005
[15:08:30] warmStart 93% (1749/1872) regret=0.030538 ape=0.5005
[15:08:30] warmStart 93% (1750/1872) regret=0.030538 ape=0.5005
[15:08:30] warmStart 93% (1751/1872) regret=0.030630 ape=0.5014
[15:08:31] warmStart 93% (1752/1872) regret=0.030575 ape=0.5014
[15:08:31] warmStart 93% (1753/1872) regret=0.030575 ape=0.5014
[15:08:31] warmStart 93% (1754/1872) regret=0.030594 ape=0.5014
[15:08:31] warmStart 93% (1755/1872) regret=0.030575 ape=0.5014
[15:08:32] warmStart 93% (1756/1872) regret=0.030575 ape=0.5014
[15:08:32] warmStart 93% (1757/1872) regret=0.030345 ape=0.5005
[15:08:32] warmStart 93% (1758/1872) regret=0.030345 ape=0.5005
[15:08:32] warmStart 93% (1759/1872) regret=0.030191 ape=0.4995
[15:08:33] warmStart 94% (1760/1872) regret=0.030191 ape=0.4995
[15:08:33] warmStart 94% (1761/1872) regret=0.030191 ape=0.4995
[15:08:33] warmStart 94% (1762/1872) regret=0.030191 ape=0.4995
[15:08:33] warmStart 94% (1763/1872) regret=0.030255 ape=0.4995
[15:08:34] warmStart 94% (1764/1872) regret=0.030255 ape=0.4995
[15:08:34] warmStart 94% (1765/1872) regret=0.030255 ape=0.4995
[15:08:34] warmStart 94% (1766/1872) regret=0.030255 ape=0.4995
[15:08:34] warmStart 94% (1767/1872) regret=0.030255 ape=0.4995
[15:08:35] warmStart 94% (1768/1872) regret=0.030255 ape=0.4995
[15:08:35] warmStart 94% (1769/1872) regret=0.030181 ape=0.4995
[15:08:35] warmStart 94% (1770/1872) regret=0.030181 ape=0.4995
[15:08:35] warmStart 94% (1771/1872) regret=0.030181 ape=0.4995
[15:08:36] warmStart 94% (1772/1872) regret=0.030181 ape=0.4995
[15:08:36] warmStart 94% (1773/1872) regret=0.030127 ape=0.4986
[15:08:36] warmStart 94% (1774/1872) regret=0.030127 ape=0.4986
[15:08:36] warmStart 94% (1775/1872) regret=0.030091 ape=0.4977
[15:08:37] warmStart 94% (1776/1872) regret=0.030091 ape=0.4977
[15:08:37] warmStart 94% (1777/1872) regret=0.030091 ape=0.4977
[15:08:37] warmStart 94% (1778/1872) regret=0.030091 ape=0.4977
[15:08:37] warmStart 95% (1779/1872) regret=0.030091 ape=0.4977
[15:08:38] warmStart 95% (1780/1872) regret=0.030091 ape=0.4977
[15:08:38] warmStart 95% (1781/1872) regret=0.030173 ape=0.4986
[15:08:38] warmStart 95% (1782/1872) regret=0.030183 ape=0.4977
[15:08:38] warmStart 95% (1783/1872) regret=0.030091 ape=0.4977
[15:08:39] warmStart 95% (1784/1872) regret=0.030091 ape=0.4977
[15:08:39] warmStart 95% (1785/1872) regret=0.030091 ape=0.4977
[15:08:39] warmStart 95% (1786/1872) regret=0.029867 ape=0.4977
[15:08:39] warmStart 95% (1787/1872) regret=0.029998 ape=0.4977
[15:08:40] warmStart 95% (1788/1872) regret=0.029998 ape=0.4977
[15:08:40] warmStart 95% (1789/1872) regret=0.029998 ape=0.4977
[15:08:40] warmStart 95% (1790/1872) regret=0.029998 ape=0.4977
[15:08:40] warmStart 95% (1791/1872) regret=0.029998 ape=0.4977
[15:08:41] warmStart 95% (1792/1872) regret=0.029998 ape=0.4977
[15:08:41] warmStart 95% (1793/1872) regret=0.029998 ape=0.4977
[15:08:41] warmStart 95% (1794/1872) regret=0.030026 ape=0.4977
[15:08:41] warmStart 95% (1795/1872) regret=0.030026 ape=0.4977
[15:08:42] warmStart 95% (1796/1872) regret=0.030026 ape=0.4977
[15:08:42] warmStart 95% (1797/1872) regret=0.030026 ape=0.4977
[15:08:42] warmStart 96% (1798/1872) regret=0.030026 ape=0.4977
[15:08:42] warmStart 96% (1799/1872) regret=0.030044 ape=0.4977
[15:08:43] warmStart 96% (1800/1872) regret=0.029869 ape=0.4968
[15:08:43] warmStart 96% (1801/1872) regret=0.029869 ape=0.4968
[15:08:43] warmStart 96% (1802/1872) regret=0.029869 ape=0.4968
[15:08:43] warmStart 96% (1803/1872) regret=0.029888 ape=0.4968
[15:08:44] warmStart 96% (1804/1872) regret=0.029888 ape=0.4968
[15:08:44] warmStart 96% (1805/1872) regret=0.029888 ape=0.4968
[15:08:44] warmStart 96% (1806/1872) regret=0.029888 ape=0.4968
[15:08:44] warmStart 96% (1807/1872) regret=0.029888 ape=0.4968
[15:08:45] warmStart 96% (1808/1872) regret=0.029888 ape=0.4968
[15:08:45] warmStart 96% (1809/1872) regret=0.029888 ape=0.4968
[15:08:45] warmStart 96% (1810/1872) regret=0.029888 ape=0.4968
[15:08:45] warmStart 96% (1811/1872) regret=0.029888 ape=0.4968
[15:08:46] warmStart 96% (1812/1872) regret=0.029888 ape=0.4968
[15:08:46] warmStart 96% (1813/1872) regret=0.029888 ape=0.4968
[15:08:46] warmStart 96% (1814/1872) regret=0.029888 ape=0.4968
[15:08:46] warmStart 96% (1815/1872) regret=0.029888 ape=0.4968
[15:08:47] warmStart 97% (1816/1872) regret=0.029888 ape=0.4968
[15:08:47] warmStart 97% (1817/1872) regret=0.029888 ape=0.4968
[15:08:47] warmStart 97% (1818/1872) regret=0.029888 ape=0.4968
[15:08:47] warmStart 97% (1819/1872) regret=0.029888 ape=0.4968
[15:08:48] warmStart 97% (1820/1872) regret=0.029888 ape=0.4968
[15:08:48] warmStart 97% (1821/1872) regret=0.029888 ape=0.4968
[15:08:48] warmStart 97% (1822/1872) regret=0.029888 ape=0.4968
[15:08:48] warmStart 97% (1823/1872) regret=0.029888 ape=0.4968
[15:08:49] warmStart 97% (1824/1872) regret=0.029888 ape=0.4968
[15:08:49] warmStart 97% (1825/1872) regret=0.029888 ape=0.4968
[15:08:49] warmStart 97% (1826/1872) regret=0.029888 ape=0.4968
[15:08:49] warmStart 97% (1827/1872) regret=0.029888 ape=0.4968
[15:08:50] warmStart 97% (1828/1872) regret=0.029888 ape=0.4968
[15:08:50] warmStart 97% (1829/1872) regret=0.029888 ape=0.4968
[15:08:50] warmStart 97% (1830/1872) regret=0.029888 ape=0.4968
[15:08:50] warmStart 97% (1831/1872) regret=0.029888 ape=0.4968
[15:08:51] warmStart 97% (1832/1872) regret=0.029888 ape=0.4968
[15:08:51] warmStart 97% (1833/1872) regret=0.029888 ape=0.4968
[15:08:51] warmStart 97% (1834/1872) regret=0.029888 ape=0.4968
[15:08:51] warmStart 98% (1835/1872) regret=0.029888 ape=0.4968
[15:08:52] warmStart 98% (1836/1872) regret=0.029869 ape=0.4968
[15:08:52] warmStart 98% (1837/1872) regret=0.029869 ape=0.4968
[15:08:52] warmStart 98% (1838/1872) regret=0.029869 ape=0.4968
[15:08:52] warmStart 98% (1839/1872) regret=0.029869 ape=0.4968
[15:08:53] warmStart 98% (1840/1872) regret=0.029869 ape=0.4968
[15:08:53] warmStart 98% (1841/1872) regret=0.030023 ape=0.4977
[15:08:53] warmStart 98% (1842/1872) regret=0.030023 ape=0.4977
[15:08:53] warmStart 98% (1843/1872) regret=0.030023 ape=0.4977
[15:08:53] warmStart 98% (1844/1872) regret=0.030023 ape=0.4977
[15:08:54] warmStart 98% (1845/1872) regret=0.030023 ape=0.4977
[15:08:54] warmStart 98% (1846/1872) regret=0.030023 ape=0.4977
[15:08:54] warmStart 98% (1847/1872) regret=0.030023 ape=0.4977
[15:08:54] warmStart 98% (1848/1872) regret=0.030023 ape=0.4977
[15:08:55] warmStart 98% (1849/1872) regret=0.030023 ape=0.4977
[15:08:55] warmStart 98% (1850/1872) regret=0.030023 ape=0.4977
[15:08:55] warmStart 98% (1851/1872) regret=0.030058 ape=0.4977
[15:08:55] warmStart 98% (1852/1872) regret=0.030058 ape=0.4977
[15:08:56] warmStart 98% (1853/1872) regret=0.030050 ape=0.4977
[15:08:56] warmStart 99% (1854/1872) regret=0.030050 ape=0.4977
[15:08:56] warmStart 99% (1855/1872) regret=0.030230 ape=0.4995
[15:08:56] warmStart 99% (1856/1872) regret=0.030124 ape=0.4986
[15:08:57] warmStart 99% (1857/1872) regret=0.030156 ape=0.4995
[15:08:57] warmStart 99% (1858/1872) regret=0.030156 ape=0.4995
[15:08:57] warmStart 99% (1859/1872) regret=0.030156 ape=0.4995
[15:08:57] warmStart 99% (1860/1872) regret=0.030156 ape=0.4995
[15:08:58] warmStart 99% (1861/1872) regret=0.030115 ape=0.4995
[15:08:58] warmStart 99% (1862/1872) regret=0.030267 ape=0.5005
[15:08:58] warmStart 99% (1863/1872) regret=0.030261 ape=0.5005
[15:08:58] warmStart 99% (1864/1872) regret=0.030261 ape=0.5005
[15:08:59] warmStart 99% (1865/1872) regret=0.030261 ape=0.5005
[15:08:59] warmStart 99% (1866/1872) regret=0.030417 ape=0.5014
[15:08:59] warmStart 99% (1867/1872) regret=0.030316 ape=0.5014
[15:08:59] warmStart 99% (1868/1872) regret=0.030399 ape=0.5014
[15:09:00] warmStart 99% (1869/1872) regret=0.030399 ape=0.5014
[15:09:00] warmStart 99% (1870/1872) regret=0.030399 ape=0.5014
Warm w=200 finished: 1871 points, 445.50s wall time
  Final: regret=0.030399, ape=0.5014

Saved JSON: /home/users/g/s/gsavary/LudiiMCTSVariations/slurm_sweep_full_dataset/results_20260425_150109/sweep_warm_200_2_20260425_150900.json

Generating plots...
Saved regret plot: /home/users/g/s/gsavary/LudiiMCTSVariations/slurm_sweep_full_dataset/results_20260425_150109/sweep_warm_200_2_20260425_150900_regret.png
Saved APE plot: /home/users/g/s/gsavary/LudiiMCTSVariations/slurm_sweep_full_dataset/results_20260425_150109/sweep_warm_200_2_20260425_150900_ape.png

======================================================================
EXPERIMENT COMPLETE
======================================================================
Results saved to: /home/users/g/s/gsavary/LudiiMCTSVariations/slurm_sweep_full_dataset/results_20260425_150109
JSON file: sweep_warm_200_2_20260425_150900.json
Experiment finished. Results saved to: /home/users/g/s/gsavary/LudiiMCTSVariations/slurm_sweep_full_dataset/results_20260425_150109
