Starting experiment...
Project root: /home/users/g/s/gsavary/LudiiMCTSVariations
Method: warm:500
Output dir: /home/users/g/s/gsavary/LudiiMCTSVariations/slurm_sweep_full_dataset/results_20260425_214412
Seed: 0
Time limit:  seconds


======================================================================
SLURM Sweep Experiment - Single Method
======================================================================
Method: warm:500
Time limit: 7200.0s, Seed: 0, Batch size: 20
Output directory: /home/users/g/s/gsavary/LudiiMCTSVariations/slurm_sweep_full_dataset/results_20260425_214412

Loading Ludii dataset...
Loaded 1085 games
Using 1085 games (full dataset, no subsampling)

Running timing probe (100 pulls)...
  Estimated secs/pull: 0.021614

Time budget: 7200.0s → ~333114 total pulls
Per-method budget: 47587 pulls (~1028.6s)

Computing predictor-only performance...
  Predictions loaded: 23675 agent predictions
  Predictor-only: regret=0.104318, ape=0.4894

Running WARM-START (w=500)...
[21:44:56] warmStart 0% (0/2380) regret=0.103869 ape=0.5373
[21:44:56] warmStart 0% (1/2380) regret=0.103869 ape=0.5373
[21:44:57] warmStart 0% (2/2380) regret=0.103869 ape=0.5373
[21:44:57] warmStart 0% (3/2380) regret=0.103869 ape=0.5373
[21:44:57] warmStart 0% (4/2380) regret=0.103869 ape=0.5373
[21:44:57] warmStart 0% (5/2380) regret=0.103869 ape=0.5373
[21:44:57] warmStart 0% (6/2380) regret=0.103869 ape=0.5373
[21:44:57] warmStart 0% (7/2380) regret=0.103869 ape=0.5373
[21:44:58] warmStart 0% (8/2380) regret=0.103869 ape=0.5373
[21:44:58] warmStart 0% (9/2380) regret=0.103869 ape=0.5373
[21:44:58] warmStart 0% (10/2380) regret=0.103869 ape=0.5373
[21:44:58] warmStart 0% (11/2380) regret=0.103869 ape=0.5373
[21:44:58] warmStart 0% (12/2380) regret=0.103869 ape=0.5373
[21:44:58] warmStart 0% (13/2380) regret=0.103869 ape=0.5373
[21:44:59] warmStart 0% (14/2380) regret=0.103869 ape=0.5373
[21:44:59] warmStart 0% (15/2380) regret=0.103869 ape=0.5373
[21:44:59] warmStart 0% (16/2380) regret=0.103869 ape=0.5373
[21:44:59] warmStart 0% (17/2380) regret=0.103869 ape=0.5373
[21:44:59] warmStart 0% (18/2380) regret=0.103924 ape=0.5382
[21:45:00] warmStart 0% (19/2380) regret=0.103869 ape=0.5373
[21:45:00] warmStart 0% (20/2380) regret=0.103869 ape=0.5373
[21:45:00] warmStart 0% (21/2380) regret=0.103869 ape=0.5373
[21:45:00] warmStart 0% (22/2380) regret=0.103869 ape=0.5373
[21:45:00] warmStart 0% (23/2380) regret=0.103869 ape=0.5373
[21:45:00] warmStart 1% (24/2380) regret=0.103869 ape=0.5373
[21:45:01] warmStart 1% (25/2380) regret=0.103869 ape=0.5373
[21:45:01] warmStart 1% (26/2380) regret=0.103869 ape=0.5373
[21:45:01] warmStart 1% (27/2380) regret=0.103869 ape=0.5373
[21:45:01] warmStart 1% (28/2380) regret=0.103869 ape=0.5373
[21:45:01] warmStart 1% (29/2380) regret=0.103869 ape=0.5373
[21:45:01] warmStart 1% (30/2380) regret=0.103869 ape=0.5373
[21:45:02] warmStart 1% (31/2380) regret=0.103869 ape=0.5373
[21:45:02] warmStart 1% (32/2380) regret=0.103869 ape=0.5373
[21:45:02] warmStart 1% (33/2380) regret=0.103869 ape=0.5373
[21:45:02] warmStart 1% (34/2380) regret=0.103869 ape=0.5373
[21:45:02] warmStart 1% (35/2380) regret=0.103869 ape=0.5373
[21:45:02] warmStart 1% (36/2380) regret=0.103869 ape=0.5373
[21:45:03] warmStart 1% (37/2380) regret=0.103869 ape=0.5373
[21:45:03] warmStart 1% (38/2380) regret=0.103869 ape=0.5373
[21:45:03] warmStart 1% (39/2380) regret=0.103869 ape=0.5373
[21:45:03] warmStart 1% (40/2380) regret=0.103869 ape=0.5373
[21:45:03] warmStart 1% (41/2380) regret=0.103869 ape=0.5373
[21:45:03] warmStart 1% (42/2380) regret=0.103869 ape=0.5373
[21:45:04] warmStart 1% (43/2380) regret=0.103869 ape=0.5373
[21:45:04] warmStart 1% (44/2380) regret=0.103869 ape=0.5373
[21:45:04] warmStart 1% (45/2380) regret=0.103869 ape=0.5373
[21:45:04] warmStart 1% (46/2380) regret=0.103869 ape=0.5373
[21:45:04] warmStart 1% (47/2380) regret=0.103869 ape=0.5373
[21:45:04] warmStart 2% (48/2380) regret=0.103869 ape=0.5373
[21:45:05] warmStart 2% (49/2380) regret=0.103924 ape=0.5382
[21:45:05] warmStart 2% (50/2380) regret=0.103924 ape=0.5382
[21:45:05] warmStart 2% (51/2380) regret=0.103924 ape=0.5382
[21:45:05] warmStart 2% (52/2380) regret=0.103924 ape=0.5382
[21:45:05] warmStart 2% (53/2380) regret=0.103895 ape=0.5373
[21:45:05] warmStart 2% (54/2380) regret=0.103895 ape=0.5373
[21:45:06] warmStart 2% (55/2380) regret=0.103895 ape=0.5373
[21:45:06] warmStart 2% (56/2380) regret=0.103895 ape=0.5373
[21:45:06] warmStart 2% (57/2380) regret=0.103881 ape=0.5373
[21:45:06] warmStart 2% (58/2380) regret=0.103881 ape=0.5373
[21:45:06] warmStart 2% (59/2380) regret=0.103895 ape=0.5373
[21:45:07] warmStart 2% (60/2380) regret=0.103895 ape=0.5373
[21:45:07] warmStart 2% (61/2380) regret=0.103895 ape=0.5373
[21:45:07] warmStart 2% (62/2380) regret=0.103895 ape=0.5373
[21:45:07] warmStart 2% (63/2380) regret=0.103881 ape=0.5373
[21:45:07] warmStart 2% (64/2380) regret=0.103881 ape=0.5373
[21:45:07] warmStart 2% (65/2380) regret=0.103895 ape=0.5373
[21:45:08] warmStart 2% (66/2380) regret=0.103895 ape=0.5373
[21:45:08] warmStart 2% (67/2380) regret=0.103895 ape=0.5373
[21:45:08] warmStart 2% (68/2380) regret=0.103895 ape=0.5373
[21:45:08] warmStart 2% (69/2380) regret=0.103895 ape=0.5373
[21:45:08] warmStart 2% (70/2380) regret=0.103895 ape=0.5373
[21:45:08] warmStart 2% (71/2380) regret=0.103895 ape=0.5373
[21:45:09] warmStart 3% (72/2380) regret=0.103895 ape=0.5373
[21:45:09] warmStart 3% (73/2380) regret=0.103895 ape=0.5373
[21:45:09] warmStart 3% (74/2380) regret=0.103895 ape=0.5373
[21:45:09] warmStart 3% (75/2380) regret=0.103895 ape=0.5373
[21:45:09] warmStart 3% (76/2380) regret=0.103895 ape=0.5373
[21:45:09] warmStart 3% (77/2380) regret=0.103895 ape=0.5373
[21:45:10] warmStart 3% (78/2380) regret=0.103895 ape=0.5373
[21:45:10] warmStart 3% (79/2380) regret=0.103895 ape=0.5373
[21:45:10] warmStart 3% (80/2380) regret=0.103895 ape=0.5373
[21:45:10] warmStart 3% (81/2380) regret=0.103895 ape=0.5373
[21:45:10] warmStart 3% (82/2380) regret=0.103895 ape=0.5373
[21:45:10] warmStart 3% (83/2380) regret=0.103895 ape=0.5373
[21:45:11] warmStart 3% (84/2380) regret=0.103895 ape=0.5373
[21:45:11] warmStart 3% (85/2380) regret=0.103895 ape=0.5373
[21:45:11] warmStart 3% (86/2380) regret=0.103895 ape=0.5373
[21:45:11] warmStart 3% (87/2380) regret=0.103895 ape=0.5373
[21:45:11] warmStart 3% (88/2380) regret=0.103895 ape=0.5373
[21:45:11] warmStart 3% (89/2380) regret=0.103895 ape=0.5373
[21:45:12] warmStart 3% (90/2380) regret=0.103895 ape=0.5373
[21:45:12] warmStart 3% (91/2380) regret=0.103895 ape=0.5373
[21:45:12] warmStart 3% (92/2380) regret=0.103895 ape=0.5373
[21:45:12] warmStart 3% (93/2380) regret=0.103895 ape=0.5373
[21:45:12] warmStart 3% (94/2380) regret=0.103895 ape=0.5373
[21:45:13] warmStart 3% (95/2380) regret=0.103895 ape=0.5373
[21:45:13] warmStart 4% (96/2380) regret=0.103895 ape=0.5373
[21:45:13] warmStart 4% (97/2380) regret=0.103895 ape=0.5373
[21:45:13] warmStart 4% (98/2380) regret=0.103895 ape=0.5373
[21:45:13] warmStart 4% (99/2380) regret=0.103895 ape=0.5373
[21:45:13] warmStart 4% (100/2380) regret=0.103895 ape=0.5373
[21:45:14] warmStart 4% (101/2380) regret=0.103895 ape=0.5373
[21:45:14] warmStart 4% (102/2380) regret=0.103895 ape=0.5373
[21:45:14] warmStart 4% (103/2380) regret=0.103895 ape=0.5373
[21:45:14] warmStart 4% (104/2380) regret=0.103895 ape=0.5373
[21:45:14] warmStart 4% (105/2380) regret=0.103895 ape=0.5373
[21:45:14] warmStart 4% (106/2380) regret=0.103895 ape=0.5373
[21:45:15] warmStart 4% (107/2380) regret=0.103895 ape=0.5373
[21:45:15] warmStart 4% (108/2380) regret=0.103895 ape=0.5373
[21:45:15] warmStart 4% (109/2380) regret=0.103895 ape=0.5373
[21:45:15] warmStart 4% (110/2380) regret=0.103839 ape=0.5364
[21:45:15] warmStart 4% (111/2380) regret=0.103839 ape=0.5364
[21:45:15] warmStart 4% (112/2380) regret=0.103839 ape=0.5364
[21:45:16] warmStart 4% (113/2380) regret=0.103793 ape=0.5355
[21:45:16] warmStart 4% (114/2380) regret=0.103839 ape=0.5364
[21:45:16] warmStart 4% (115/2380) regret=0.103839 ape=0.5364
[21:45:16] warmStart 4% (116/2380) regret=0.103839 ape=0.5364
[21:45:16] warmStart 4% (117/2380) regret=0.103839 ape=0.5364
[21:45:17] warmStart 4% (118/2380) regret=0.103839 ape=0.5364
[21:45:17] warmStart 5% (119/2380) regret=0.103839 ape=0.5364
[21:45:17] warmStart 5% (120/2380) regret=0.103839 ape=0.5364
[21:45:17] warmStart 5% (121/2380) regret=0.103825 ape=0.5364
[21:45:17] warmStart 5% (122/2380) regret=0.103825 ape=0.5364
[21:45:17] warmStart 5% (123/2380) regret=0.103779 ape=0.5355
[21:45:18] warmStart 5% (124/2380) regret=0.103825 ape=0.5364
[21:45:18] warmStart 5% (125/2380) regret=0.103825 ape=0.5364
[21:45:18] warmStart 5% (126/2380) regret=0.103825 ape=0.5364
[21:45:18] warmStart 5% (127/2380) regret=0.103825 ape=0.5364
[21:45:18] warmStart 5% (128/2380) regret=0.103825 ape=0.5364
[21:45:18] warmStart 5% (129/2380) regret=0.103825 ape=0.5364
[21:45:19] warmStart 5% (130/2380) regret=0.103825 ape=0.5364
[21:45:19] warmStart 5% (131/2380) regret=0.103825 ape=0.5364
[21:45:19] warmStart 5% (132/2380) regret=0.103825 ape=0.5364
[21:45:19] warmStart 5% (133/2380) regret=0.103825 ape=0.5364
[21:45:19] warmStart 5% (134/2380) regret=0.103825 ape=0.5364
[21:45:19] warmStart 5% (135/2380) regret=0.103825 ape=0.5364
[21:45:20] warmStart 5% (136/2380) regret=0.103825 ape=0.5364
[21:45:20] warmStart 5% (137/2380) regret=0.103825 ape=0.5364
[21:45:20] warmStart 5% (138/2380) regret=0.103825 ape=0.5364
[21:45:20] warmStart 5% (139/2380) regret=0.103825 ape=0.5364
[21:45:20] warmStart 5% (140/2380) regret=0.103825 ape=0.5364
[21:45:20] warmStart 5% (141/2380) regret=0.103825 ape=0.5364
[21:45:21] warmStart 5% (142/2380) regret=0.103825 ape=0.5364
[21:45:21] warmStart 6% (143/2380) regret=0.103825 ape=0.5364
[21:45:21] warmStart 6% (144/2380) regret=0.103825 ape=0.5364
[21:45:21] warmStart 6% (145/2380) regret=0.103825 ape=0.5364
[21:45:21] warmStart 6% (146/2380) regret=0.103825 ape=0.5364
[21:45:21] warmStart 6% (147/2380) regret=0.103825 ape=0.5364
[21:45:22] warmStart 6% (148/2380) regret=0.103825 ape=0.5364
[21:45:22] warmStart 6% (149/2380) regret=0.103825 ape=0.5364
[21:45:22] warmStart 6% (150/2380) regret=0.103779 ape=0.5355
[21:45:22] warmStart 6% (151/2380) regret=0.103779 ape=0.5355
[21:45:22] warmStart 6% (152/2380) regret=0.103779 ape=0.5355
[21:45:23] warmStart 6% (153/2380) regret=0.103779 ape=0.5355
[21:45:23] warmStart 6% (154/2380) regret=0.103779 ape=0.5355
[21:45:23] warmStart 6% (155/2380) regret=0.103779 ape=0.5355
[21:45:23] warmStart 6% (156/2380) regret=0.103779 ape=0.5355
[21:45:23] warmStart 6% (157/2380) regret=0.103779 ape=0.5355
[21:45:23] warmStart 6% (158/2380) regret=0.103779 ape=0.5355
[21:45:24] warmStart 6% (159/2380) regret=0.103779 ape=0.5355
[21:45:24] warmStart 6% (160/2380) regret=0.103779 ape=0.5355
[21:45:24] warmStart 6% (161/2380) regret=0.103779 ape=0.5355
[21:45:24] warmStart 6% (162/2380) regret=0.103779 ape=0.5355
[21:45:24] warmStart 6% (163/2380) regret=0.103779 ape=0.5355
[21:45:24] warmStart 6% (164/2380) regret=0.103779 ape=0.5355
[21:45:25] warmStart 6% (165/2380) regret=0.103779 ape=0.5355
[21:45:25] warmStart 6% (166/2380) regret=0.103779 ape=0.5355
[21:45:25] warmStart 7% (167/2380) regret=0.103779 ape=0.5355
[21:45:25] warmStart 7% (168/2380) regret=0.103779 ape=0.5355
[21:45:25] warmStart 7% (169/2380) regret=0.103779 ape=0.5355
[21:45:25] warmStart 7% (170/2380) regret=0.103779 ape=0.5355
[21:45:26] warmStart 7% (171/2380) regret=0.103779 ape=0.5355
[21:45:26] warmStart 7% (172/2380) regret=0.103779 ape=0.5355
[21:45:26] warmStart 7% (173/2380) regret=0.103779 ape=0.5355
[21:45:26] warmStart 7% (174/2380) regret=0.103779 ape=0.5355
[21:45:26] warmStart 7% (175/2380) regret=0.103779 ape=0.5355
[21:45:26] warmStart 7% (176/2380) regret=0.103779 ape=0.5355
[21:45:27] warmStart 7% (177/2380) regret=0.103779 ape=0.5355
[21:45:27] warmStart 7% (178/2380) regret=0.103756 ape=0.5355
[21:45:27] warmStart 7% (179/2380) regret=0.103779 ape=0.5355
[21:45:27] warmStart 7% (180/2380) regret=0.103779 ape=0.5355
[21:45:27] warmStart 7% (181/2380) regret=0.103779 ape=0.5355
[21:45:27] warmStart 7% (182/2380) regret=0.103779 ape=0.5355
[21:45:28] warmStart 7% (183/2380) regret=0.103779 ape=0.5355
[21:45:28] warmStart 7% (184/2380) regret=0.103779 ape=0.5355
[21:45:28] warmStart 7% (185/2380) regret=0.103779 ape=0.5355
[21:45:28] warmStart 7% (186/2380) regret=0.103779 ape=0.5355
[21:45:28] warmStart 7% (187/2380) regret=0.103779 ape=0.5355
[21:45:29] warmStart 7% (188/2380) regret=0.103779 ape=0.5355
[21:45:29] warmStart 7% (189/2380) regret=0.103779 ape=0.5355
[21:45:29] warmStart 7% (190/2380) regret=0.103779 ape=0.5355
[21:45:29] warmStart 8% (191/2380) regret=0.103779 ape=0.5355
[21:45:29] warmStart 8% (192/2380) regret=0.103779 ape=0.5355
[21:45:29] warmStart 8% (193/2380) regret=0.103779 ape=0.5355
[21:45:30] warmStart 8% (194/2380) regret=0.103779 ape=0.5355
[21:45:30] warmStart 8% (195/2380) regret=0.103779 ape=0.5355
[21:45:30] warmStart 8% (196/2380) regret=0.103779 ape=0.5355
[21:45:30] warmStart 8% (197/2380) regret=0.103779 ape=0.5355
[21:45:30] warmStart 8% (198/2380) regret=0.103779 ape=0.5355
[21:45:30] warmStart 8% (199/2380) regret=0.103779 ape=0.5355
[21:45:31] warmStart 8% (200/2380) regret=0.102959 ape=0.5346
[21:45:31] warmStart 8% (201/2380) regret=0.102959 ape=0.5346
[21:45:31] warmStart 8% (202/2380) regret=0.102959 ape=0.5346
[21:45:31] warmStart 8% (203/2380) regret=0.102959 ape=0.5346
[21:45:31] warmStart 8% (204/2380) regret=0.102959 ape=0.5346
[21:45:31] warmStart 8% (205/2380) regret=0.103051 ape=0.5346
[21:45:32] warmStart 8% (206/2380) regret=0.102959 ape=0.5346
[21:45:32] warmStart 8% (207/2380) regret=0.102959 ape=0.5346
[21:45:32] warmStart 8% (208/2380) regret=0.102959 ape=0.5346
[21:45:32] warmStart 8% (209/2380) regret=0.102959 ape=0.5346
[21:45:32] warmStart 8% (210/2380) regret=0.102959 ape=0.5346
[21:45:32] warmStart 8% (211/2380) regret=0.102959 ape=0.5346
[21:45:33] warmStart 8% (212/2380) regret=0.102959 ape=0.5346
[21:45:33] warmStart 8% (213/2380) regret=0.102959 ape=0.5346
[21:45:33] warmStart 8% (214/2380) regret=0.102959 ape=0.5346
[21:45:33] warmStart 9% (215/2380) regret=0.102987 ape=0.5346
[21:45:33] warmStart 9% (216/2380) regret=0.102959 ape=0.5346
[21:45:33] warmStart 9% (217/2380) regret=0.102959 ape=0.5346
[21:45:34] warmStart 9% (218/2380) regret=0.102959 ape=0.5346
[21:45:34] warmStart 9% (219/2380) regret=0.102959 ape=0.5346
[21:45:34] warmStart 9% (220/2380) regret=0.102959 ape=0.5346
[21:45:34] warmStart 9% (221/2380) regret=0.102959 ape=0.5346
[21:45:34] warmStart 9% (222/2380) regret=0.102959 ape=0.5346
[21:45:34] warmStart 9% (223/2380) regret=0.102959 ape=0.5346
[21:45:35] warmStart 9% (224/2380) regret=0.102959 ape=0.5346
[21:45:35] warmStart 9% (225/2380) regret=0.102959 ape=0.5346
[21:45:35] warmStart 9% (226/2380) regret=0.102959 ape=0.5346
[21:45:35] warmStart 9% (227/2380) regret=0.102959 ape=0.5346
[21:45:35] warmStart 9% (228/2380) regret=0.102959 ape=0.5346
[21:45:36] warmStart 9% (229/2380) regret=0.102959 ape=0.5346
[21:45:36] warmStart 9% (230/2380) regret=0.102959 ape=0.5346
[21:45:36] warmStart 9% (231/2380) regret=0.102959 ape=0.5346
[21:45:36] warmStart 9% (232/2380) regret=0.102959 ape=0.5346
[21:45:36] warmStart 9% (233/2380) regret=0.102959 ape=0.5346
[21:45:36] warmStart 9% (234/2380) regret=0.102959 ape=0.5346
[21:45:37] warmStart 9% (235/2380) regret=0.102959 ape=0.5346
[21:45:37] warmStart 9% (236/2380) regret=0.102959 ape=0.5346
[21:45:37] warmStart 9% (237/2380) regret=0.102959 ape=0.5346
[21:45:37] warmStart 10% (238/2380) regret=0.102959 ape=0.5346
[21:45:37] warmStart 10% (239/2380) regret=0.102959 ape=0.5346
[21:45:37] warmStart 10% (240/2380) regret=0.102959 ape=0.5346
[21:45:38] warmStart 10% (241/2380) regret=0.102959 ape=0.5346
[21:45:38] warmStart 10% (242/2380) regret=0.102959 ape=0.5346
[21:45:38] warmStart 10% (243/2380) regret=0.102959 ape=0.5346
[21:45:38] warmStart 10% (244/2380) regret=0.102959 ape=0.5346
[21:45:38] warmStart 10% (245/2380) regret=0.102959 ape=0.5346
[21:45:38] warmStart 10% (246/2380) regret=0.102959 ape=0.5346
[21:45:39] warmStart 10% (247/2380) regret=0.102959 ape=0.5346
[21:45:39] warmStart 10% (248/2380) regret=0.102959 ape=0.5346
[21:45:39] warmStart 10% (249/2380) regret=0.102959 ape=0.5346
[21:45:39] warmStart 10% (250/2380) regret=0.102959 ape=0.5346
[21:45:39] warmStart 10% (251/2380) regret=0.102959 ape=0.5346
[21:45:40] warmStart 10% (252/2380) regret=0.102959 ape=0.5346
[21:45:40] warmStart 10% (253/2380) regret=0.102959 ape=0.5346
[21:45:40] warmStart 10% (254/2380) regret=0.102959 ape=0.5346
[21:45:40] warmStart 10% (255/2380) regret=0.102959 ape=0.5346
[21:45:40] warmStart 10% (256/2380) regret=0.102959 ape=0.5346
[21:45:40] warmStart 10% (257/2380) regret=0.102959 ape=0.5346
[21:45:41] warmStart 10% (258/2380) regret=0.102959 ape=0.5346
[21:45:41] warmStart 10% (259/2380) regret=0.102959 ape=0.5346
[21:45:41] warmStart 10% (260/2380) regret=0.102959 ape=0.5346
[21:45:41] warmStart 10% (261/2380) regret=0.102959 ape=0.5346
[21:45:41] warmStart 11% (262/2380) regret=0.102959 ape=0.5346
[21:45:41] warmStart 11% (263/2380) regret=0.102959 ape=0.5346
[21:45:42] warmStart 11% (264/2380) regret=0.102959 ape=0.5346
[21:45:42] warmStart 11% (265/2380) regret=0.102959 ape=0.5346
[21:45:42] warmStart 11% (266/2380) regret=0.102959 ape=0.5346
[21:45:42] warmStart 11% (267/2380) regret=0.102959 ape=0.5346
[21:45:42] warmStart 11% (268/2380) regret=0.102959 ape=0.5346
[21:45:42] warmStart 11% (269/2380) regret=0.102959 ape=0.5346
[21:45:43] warmStart 11% (270/2380) regret=0.102959 ape=0.5346
[21:45:43] warmStart 11% (271/2380) regret=0.102959 ape=0.5346
[21:45:43] warmStart 11% (272/2380) regret=0.102959 ape=0.5346
[21:45:43] warmStart 11% (273/2380) regret=0.102961 ape=0.5346
[21:45:43] warmStart 11% (274/2380) regret=0.102961 ape=0.5346
[21:45:43] warmStart 11% (275/2380) regret=0.102961 ape=0.5346
[21:45:44] warmStart 11% (276/2380) regret=0.102961 ape=0.5346
[21:45:44] warmStart 11% (277/2380) regret=0.102961 ape=0.5346
[21:45:44] warmStart 11% (278/2380) regret=0.102961 ape=0.5346
[21:45:44] warmStart 11% (279/2380) regret=0.102961 ape=0.5346
[21:45:44] warmStart 11% (280/2380) regret=0.102961 ape=0.5346
[21:45:44] warmStart 11% (281/2380) regret=0.102961 ape=0.5346
[21:45:45] warmStart 11% (282/2380) regret=0.102961 ape=0.5346
[21:45:45] warmStart 11% (283/2380) regret=0.102961 ape=0.5346
[21:45:45] warmStart 11% (284/2380) regret=0.102961 ape=0.5346
[21:45:45] warmStart 11% (285/2380) regret=0.103072 ape=0.5355
[21:45:45] warmStart 12% (286/2380) regret=0.102132 ape=0.5346
[21:45:45] warmStart 12% (287/2380) regret=0.102132 ape=0.5346
[21:45:46] warmStart 12% (288/2380) regret=0.102132 ape=0.5346
[21:45:46] warmStart 12% (289/2380) regret=0.102132 ape=0.5346
[21:45:46] warmStart 12% (290/2380) regret=0.102132 ape=0.5346
[21:45:46] warmStart 12% (291/2380) regret=0.102118 ape=0.5346
[21:45:46] warmStart 12% (292/2380) regret=0.102118 ape=0.5346
[21:45:47] warmStart 12% (293/2380) regret=0.102095 ape=0.5346
[21:45:47] warmStart 12% (294/2380) regret=0.102118 ape=0.5346
[21:45:47] warmStart 12% (295/2380) regret=0.102118 ape=0.5346
[21:45:47] warmStart 12% (296/2380) regret=0.102118 ape=0.5346
[21:45:47] warmStart 12% (297/2380) regret=0.102118 ape=0.5346
[21:45:47] warmStart 12% (298/2380) regret=0.102118 ape=0.5346
[21:45:48] warmStart 12% (299/2380) regret=0.102118 ape=0.5346
[21:45:48] warmStart 12% (300/2380) regret=0.102118 ape=0.5346
[21:45:48] warmStart 12% (301/2380) regret=0.102118 ape=0.5346
[21:45:48] warmStart 12% (302/2380) regret=0.102118 ape=0.5346
[21:45:48] warmStart 12% (303/2380) regret=0.102118 ape=0.5346
[21:45:48] warmStart 12% (304/2380) regret=0.102118 ape=0.5346
[21:45:49] warmStart 12% (305/2380) regret=0.102118 ape=0.5346
[21:45:49] warmStart 12% (306/2380) regret=0.102118 ape=0.5346
[21:45:49] warmStart 12% (307/2380) regret=0.102095 ape=0.5346
[21:45:49] warmStart 12% (308/2380) regret=0.102118 ape=0.5346
[21:45:49] warmStart 12% (309/2380) regret=0.102118 ape=0.5346
[21:45:50] warmStart 13% (310/2380) regret=0.102146 ape=0.5346
[21:45:50] warmStart 13% (311/2380) regret=0.102118 ape=0.5346
[21:45:50] warmStart 13% (312/2380) regret=0.102118 ape=0.5346
[21:45:50] warmStart 13% (313/2380) regret=0.102118 ape=0.5346
[21:45:50] warmStart 13% (314/2380) regret=0.102118 ape=0.5346
[21:45:50] warmStart 13% (315/2380) regret=0.102118 ape=0.5346
[21:45:51] warmStart 13% (316/2380) regret=0.102118 ape=0.5346
[21:45:51] warmStart 13% (317/2380) regret=0.101906 ape=0.5346
[21:45:51] warmStart 13% (318/2380) regret=0.101906 ape=0.5346
[21:45:51] warmStart 13% (319/2380) regret=0.101906 ape=0.5346
[21:45:51] warmStart 13% (320/2380) regret=0.101906 ape=0.5346
[21:45:51] warmStart 13% (321/2380) regret=0.101906 ape=0.5346
[21:45:52] warmStart 13% (322/2380) regret=0.101906 ape=0.5346
[21:45:52] warmStart 13% (323/2380) regret=0.101906 ape=0.5346
[21:45:52] warmStart 13% (324/2380) regret=0.101895 ape=0.5346
[21:45:52] warmStart 13% (325/2380) regret=0.101906 ape=0.5346
[21:45:52] warmStart 13% (326/2380) regret=0.101934 ape=0.5346
[21:45:52] warmStart 13% (327/2380) regret=0.101906 ape=0.5346
[21:45:53] warmStart 13% (328/2380) regret=0.101906 ape=0.5346
[21:45:53] warmStart 13% (329/2380) regret=0.101906 ape=0.5346
[21:45:53] warmStart 13% (330/2380) regret=0.101906 ape=0.5346
[21:45:53] warmStart 13% (331/2380) regret=0.101906 ape=0.5346
[21:45:53] warmStart 13% (332/2380) regret=0.101906 ape=0.5346
[21:45:54] warmStart 13% (333/2380) regret=0.101906 ape=0.5346
[21:45:54] warmStart 14% (334/2380) regret=0.101895 ape=0.5346
[21:45:54] warmStart 14% (335/2380) regret=0.101906 ape=0.5346
[21:45:54] warmStart 14% (336/2380) regret=0.101906 ape=0.5346
[21:45:54] warmStart 14% (337/2380) regret=0.101906 ape=0.5346
[21:45:54] warmStart 14% (338/2380) regret=0.101906 ape=0.5346
[21:45:55] warmStart 14% (339/2380) regret=0.101906 ape=0.5346
[21:45:55] warmStart 14% (340/2380) regret=0.101906 ape=0.5346
[21:45:55] warmStart 14% (341/2380) regret=0.101906 ape=0.5346
[21:45:55] warmStart 14% (342/2380) regret=0.101906 ape=0.5346
[21:45:55] warmStart 14% (343/2380) regret=0.101906 ape=0.5346
[21:45:55] warmStart 14% (344/2380) regret=0.101906 ape=0.5346
[21:45:56] warmStart 14% (345/2380) regret=0.101906 ape=0.5346
[21:45:56] warmStart 14% (346/2380) regret=0.101906 ape=0.5346
[21:45:56] warmStart 14% (347/2380) regret=0.101906 ape=0.5346
[21:45:56] warmStart 14% (348/2380) regret=0.101906 ape=0.5346
[21:45:56] warmStart 14% (349/2380) regret=0.101602 ape=0.5336
[21:45:56] warmStart 14% (350/2380) regret=0.101906 ape=0.5346
[21:45:57] warmStart 14% (351/2380) regret=0.101906 ape=0.5346
[21:45:57] warmStart 14% (352/2380) regret=0.101906 ape=0.5346
[21:45:57] warmStart 14% (353/2380) regret=0.101906 ape=0.5346
[21:45:57] warmStart 14% (354/2380) regret=0.101906 ape=0.5346
[21:45:57] warmStart 14% (355/2380) regret=0.101906 ape=0.5346
[21:45:57] warmStart 14% (356/2380) regret=0.101906 ape=0.5346
[21:45:58] warmStart 15% (357/2380) regret=0.101920 ape=0.5346
[21:45:58] warmStart 15% (358/2380) regret=0.101906 ape=0.5346
[21:45:58] warmStart 15% (359/2380) regret=0.101906 ape=0.5346
[21:45:58] warmStart 15% (360/2380) regret=0.101906 ape=0.5346
[21:45:58] warmStart 15% (361/2380) regret=0.101906 ape=0.5346
[21:45:59] warmStart 15% (362/2380) regret=0.101920 ape=0.5346
[21:45:59] warmStart 15% (363/2380) regret=0.101920 ape=0.5346
[21:45:59] warmStart 15% (364/2380) regret=0.101920 ape=0.5346
[21:45:59] warmStart 15% (365/2380) regret=0.101920 ape=0.5346
[21:45:59] warmStart 15% (366/2380) regret=0.101920 ape=0.5346
[21:45:59] warmStart 15% (367/2380) regret=0.101920 ape=0.5346
[21:46:00] warmStart 15% (368/2380) regret=0.101920 ape=0.5346
[21:46:00] warmStart 15% (369/2380) regret=0.101989 ape=0.5346
[21:46:00] warmStart 15% (370/2380) regret=0.101906 ape=0.5346
[21:46:00] warmStart 15% (371/2380) regret=0.101906 ape=0.5346
[21:46:00] warmStart 15% (372/2380) regret=0.101906 ape=0.5346
[21:46:00] warmStart 15% (373/2380) regret=0.101906 ape=0.5346
[21:46:01] warmStart 15% (374/2380) regret=0.101906 ape=0.5346
[21:46:01] warmStart 15% (375/2380) regret=0.101906 ape=0.5346
[21:46:01] warmStart 15% (376/2380) regret=0.101906 ape=0.5346
[21:46:01] warmStart 15% (377/2380) regret=0.101906 ape=0.5346
[21:46:01] warmStart 15% (378/2380) regret=0.101906 ape=0.5346
[21:46:01] warmStart 15% (379/2380) regret=0.101906 ape=0.5346
[21:46:02] warmStart 15% (380/2380) regret=0.101906 ape=0.5346
[21:46:02] warmStart 16% (381/2380) regret=0.101906 ape=0.5346
[21:46:02] warmStart 16% (382/2380) regret=0.101906 ape=0.5346
[21:46:02] warmStart 16% (383/2380) regret=0.101906 ape=0.5346
[21:46:02] warmStart 16% (384/2380) regret=0.101906 ape=0.5346
[21:46:02] warmStart 16% (385/2380) regret=0.101185 ape=0.5336
[21:46:03] warmStart 16% (386/2380) regret=0.101185 ape=0.5336
[21:46:03] warmStart 16% (387/2380) regret=0.101185 ape=0.5336
[21:46:03] warmStart 16% (388/2380) regret=0.101185 ape=0.5336
[21:46:03] warmStart 16% (389/2380) regret=0.101185 ape=0.5336
[21:46:03] warmStart 16% (390/2380) regret=0.101185 ape=0.5336
[21:46:04] warmStart 16% (391/2380) regret=0.101185 ape=0.5336
[21:46:04] warmStart 16% (392/2380) regret=0.101185 ape=0.5336
[21:46:04] warmStart 16% (393/2380) regret=0.101185 ape=0.5336
[21:46:04] warmStart 16% (394/2380) regret=0.101185 ape=0.5336
[21:46:04] warmStart 16% (395/2380) regret=0.101185 ape=0.5336
[21:46:04] warmStart 16% (396/2380) regret=0.101185 ape=0.5336
[21:46:05] warmStart 16% (397/2380) regret=0.101185 ape=0.5336
[21:46:05] warmStart 16% (398/2380) regret=0.101180 ape=0.5336
[21:46:05] warmStart 16% (399/2380) regret=0.101185 ape=0.5336
[21:46:05] warmStart 16% (400/2380) regret=0.101185 ape=0.5336
[21:46:05] warmStart 16% (401/2380) regret=0.101186 ape=0.5336
[21:46:05] warmStart 16% (402/2380) regret=0.101185 ape=0.5336
[21:46:06] warmStart 16% (403/2380) regret=0.101185 ape=0.5336
[21:46:06] warmStart 16% (404/2380) regret=0.101185 ape=0.5336
[21:46:06] warmStart 17% (405/2380) regret=0.101185 ape=0.5336
[21:46:06] warmStart 17% (406/2380) regret=0.101185 ape=0.5336
[21:46:06] warmStart 17% (407/2380) regret=0.101185 ape=0.5336
[21:46:06] warmStart 17% (408/2380) regret=0.101185 ape=0.5336
[21:46:07] warmStart 17% (409/2380) regret=0.101185 ape=0.5336
[21:46:07] warmStart 17% (410/2380) regret=0.101185 ape=0.5336
[21:46:07] warmStart 17% (411/2380) regret=0.101185 ape=0.5336
[21:46:07] warmStart 17% (412/2380) regret=0.101185 ape=0.5336
[21:46:07] warmStart 17% (413/2380) regret=0.101185 ape=0.5336
[21:46:07] warmStart 17% (414/2380) regret=0.101185 ape=0.5336
[21:46:08] warmStart 17% (415/2380) regret=0.101185 ape=0.5336
[21:46:08] warmStart 17% (416/2380) regret=0.101185 ape=0.5336
[21:46:08] warmStart 17% (417/2380) regret=0.101185 ape=0.5336
[21:46:08] warmStart 17% (418/2380) regret=0.101185 ape=0.5336
[21:46:08] warmStart 17% (419/2380) regret=0.101185 ape=0.5336
[21:46:08] warmStart 17% (420/2380) regret=0.100881 ape=0.5327
[21:46:09] warmStart 17% (421/2380) regret=0.100881 ape=0.5327
[21:46:09] warmStart 17% (422/2380) regret=0.100881 ape=0.5327
[21:46:09] warmStart 17% (423/2380) regret=0.100881 ape=0.5327
[21:46:09] warmStart 17% (424/2380) regret=0.100881 ape=0.5327
[21:46:09] warmStart 17% (425/2380) regret=0.100881 ape=0.5327
[21:46:09] warmStart 17% (426/2380) regret=0.100881 ape=0.5327
[21:46:10] warmStart 17% (427/2380) regret=0.100881 ape=0.5327
[21:46:10] warmStart 17% (428/2380) regret=0.100881 ape=0.5327
[21:46:10] warmStart 18% (429/2380) regret=0.100885 ape=0.5336
[21:46:10] warmStart 18% (430/2380) regret=0.100881 ape=0.5327
[21:46:10] warmStart 18% (431/2380) regret=0.100881 ape=0.5327
[21:46:11] warmStart 18% (432/2380) regret=0.100876 ape=0.5327
[21:46:11] warmStart 18% (433/2380) regret=0.100881 ape=0.5327
[21:46:11] warmStart 18% (434/2380) regret=0.100881 ape=0.5327
[21:46:11] warmStart 18% (435/2380) regret=0.100881 ape=0.5327
[21:46:11] warmStart 18% (436/2380) regret=0.100881 ape=0.5327
[21:46:11] warmStart 18% (437/2380) regret=0.100881 ape=0.5327
[21:46:12] warmStart 18% (438/2380) regret=0.100881 ape=0.5327
[21:46:12] warmStart 18% (439/2380) regret=0.100895 ape=0.5327
[21:46:12] warmStart 18% (440/2380) regret=0.100895 ape=0.5327
[21:46:12] warmStart 18% (441/2380) regret=0.100895 ape=0.5327
[21:46:12] warmStart 18% (442/2380) regret=0.100895 ape=0.5327
[21:46:12] warmStart 18% (443/2380) regret=0.100895 ape=0.5327
[21:46:13] warmStart 18% (444/2380) regret=0.100895 ape=0.5327
[21:46:13] warmStart 18% (445/2380) regret=0.100895 ape=0.5327
[21:46:13] warmStart 18% (446/2380) regret=0.100895 ape=0.5327
[21:46:13] warmStart 18% (447/2380) regret=0.100895 ape=0.5327
[21:46:13] warmStart 18% (448/2380) regret=0.100987 ape=0.5327
[21:46:13] warmStart 18% (449/2380) regret=0.100895 ape=0.5327
[21:46:14] warmStart 18% (450/2380) regret=0.100895 ape=0.5327
[21:46:14] warmStart 18% (451/2380) regret=0.101226 ape=0.5336
[21:46:14] warmStart 18% (452/2380) regret=0.100895 ape=0.5327
[21:46:14] warmStart 19% (453/2380) regret=0.100895 ape=0.5327
[21:46:14] warmStart 19% (454/2380) regret=0.100895 ape=0.5327
[21:46:15] warmStart 19% (455/2380) regret=0.100895 ape=0.5327
[21:46:15] warmStart 19% (456/2380) regret=0.100895 ape=0.5327
[21:46:15] warmStart 19% (457/2380) regret=0.100895 ape=0.5327
[21:46:15] warmStart 19% (458/2380) regret=0.100895 ape=0.5327
[21:46:15] warmStart 19% (459/2380) regret=0.100895 ape=0.5327
[21:46:15] warmStart 19% (460/2380) regret=0.100895 ape=0.5327
[21:46:16] warmStart 19% (461/2380) regret=0.100895 ape=0.5327
[21:46:16] warmStart 19% (462/2380) regret=0.100365 ape=0.5318
[21:46:16] warmStart 19% (463/2380) regret=0.100365 ape=0.5318
[21:46:16] warmStart 19% (464/2380) regret=0.100365 ape=0.5318
[21:46:16] warmStart 19% (465/2380) regret=0.100365 ape=0.5318
[21:46:16] warmStart 19% (466/2380) regret=0.100365 ape=0.5318
[21:46:17] warmStart 19% (467/2380) regret=0.100365 ape=0.5318
[21:46:17] warmStart 19% (468/2380) regret=0.100365 ape=0.5318
[21:46:17] warmStart 19% (469/2380) regret=0.100365 ape=0.5318
[21:46:17] warmStart 19% (470/2380) regret=0.100365 ape=0.5318
[21:46:17] warmStart 19% (471/2380) regret=0.100365 ape=0.5318
[21:46:17] warmStart 19% (472/2380) regret=0.100360 ape=0.5318
[21:46:18] warmStart 19% (473/2380) regret=0.100365 ape=0.5318
[21:46:18] warmStart 19% (474/2380) regret=0.100365 ape=0.5318
[21:46:18] warmStart 19% (475/2380) regret=0.100365 ape=0.5318
[21:46:18] warmStart 20% (476/2380) regret=0.100365 ape=0.5318
[21:46:18] warmStart 20% (477/2380) regret=0.100365 ape=0.5318
[21:46:19] warmStart 20% (478/2380) regret=0.100365 ape=0.5318
[21:46:19] warmStart 20% (479/2380) regret=0.100365 ape=0.5318
[21:46:19] warmStart 20% (480/2380) regret=0.100365 ape=0.5318
[21:46:19] warmStart 20% (481/2380) regret=0.100365 ape=0.5318
[21:46:19] warmStart 20% (482/2380) regret=0.100365 ape=0.5318
[21:46:19] warmStart 20% (483/2380) regret=0.100365 ape=0.5318
[21:46:20] warmStart 20% (484/2380) regret=0.100365 ape=0.5318
[21:46:20] warmStart 20% (485/2380) regret=0.100365 ape=0.5318
[21:46:20] warmStart 20% (486/2380) regret=0.100365 ape=0.5318
[21:46:20] warmStart 20% (487/2380) regret=0.100365 ape=0.5318
[21:46:20] warmStart 20% (488/2380) regret=0.100448 ape=0.5318
[21:46:20] warmStart 20% (489/2380) regret=0.100365 ape=0.5318
[21:46:21] warmStart 20% (490/2380) regret=0.100365 ape=0.5318
[21:46:21] warmStart 20% (491/2380) regret=0.100365 ape=0.5318
[21:46:21] warmStart 20% (492/2380) regret=0.100365 ape=0.5318
[21:46:21] warmStart 20% (493/2380) regret=0.100365 ape=0.5318
[21:46:21] warmStart 20% (494/2380) regret=0.100365 ape=0.5318
[21:46:21] warmStart 20% (495/2380) regret=0.100365 ape=0.5318
[21:46:22] warmStart 20% (496/2380) regret=0.100365 ape=0.5318
[21:46:22] warmStart 20% (497/2380) regret=0.100365 ape=0.5318
[21:46:22] warmStart 20% (498/2380) regret=0.100365 ape=0.5318
[21:46:22] warmStart 20% (499/2380) regret=0.100366 ape=0.5318
[21:46:22] warmStart 21% (500/2380) regret=0.100365 ape=0.5318
[21:46:23] warmStart 21% (501/2380) regret=0.100365 ape=0.5318
[21:46:23] warmStart 21% (502/2380) regret=0.100365 ape=0.5318
[21:46:23] warmStart 21% (503/2380) regret=0.100365 ape=0.5318
[21:46:23] warmStart 21% (504/2380) regret=0.100365 ape=0.5318
[21:46:23] warmStart 21% (505/2380) regret=0.100365 ape=0.5318
[21:46:23] warmStart 21% (506/2380) regret=0.100365 ape=0.5318
[21:46:24] warmStart 21% (507/2380) regret=0.100365 ape=0.5318
[21:46:24] warmStart 21% (508/2380) regret=0.100365 ape=0.5318
[21:46:24] warmStart 21% (509/2380) regret=0.100365 ape=0.5318
[21:46:24] warmStart 21% (510/2380) regret=0.100365 ape=0.5318
[21:46:24] warmStart 21% (511/2380) regret=0.100365 ape=0.5318
[21:46:24] warmStart 21% (512/2380) regret=0.100365 ape=0.5318
[21:46:25] warmStart 21% (513/2380) regret=0.100365 ape=0.5318
[21:46:25] warmStart 21% (514/2380) regret=0.100365 ape=0.5318
[21:46:25] warmStart 21% (515/2380) regret=0.100365 ape=0.5318
[21:46:25] warmStart 21% (516/2380) regret=0.100365 ape=0.5318
[21:46:25] warmStart 21% (517/2380) regret=0.100365 ape=0.5318
[21:46:25] warmStart 21% (518/2380) regret=0.100365 ape=0.5318
[21:46:26] warmStart 21% (519/2380) regret=0.100365 ape=0.5318
[21:46:26] warmStart 21% (520/2380) regret=0.100365 ape=0.5318
[21:46:26] warmStart 21% (521/2380) regret=0.100365 ape=0.5318
[21:46:26] warmStart 21% (522/2380) regret=0.100365 ape=0.5318
[21:46:26] warmStart 21% (523/2380) regret=0.100365 ape=0.5318
[21:46:26] warmStart 22% (524/2380) regret=0.100365 ape=0.5318
[21:46:27] warmStart 22% (525/2380) regret=0.100365 ape=0.5318
[21:46:27] warmStart 22% (526/2380) regret=0.100374 ape=0.5318
[21:46:27] warmStart 22% (527/2380) regret=0.100365 ape=0.5318
[21:46:27] warmStart 22% (528/2380) regret=0.100365 ape=0.5318
[21:46:27] warmStart 22% (529/2380) regret=0.100365 ape=0.5318
[21:46:28] warmStart 22% (530/2380) regret=0.100365 ape=0.5318
[21:46:28] warmStart 22% (531/2380) regret=0.100365 ape=0.5318
[21:46:28] warmStart 22% (532/2380) regret=0.100365 ape=0.5318
[21:46:28] warmStart 22% (533/2380) regret=0.100365 ape=0.5318
[21:46:28] warmStart 22% (534/2380) regret=0.100365 ape=0.5318
[21:46:28] warmStart 22% (535/2380) regret=0.100365 ape=0.5318
[21:46:29] warmStart 22% (536/2380) regret=0.100365 ape=0.5318
[21:46:29] warmStart 22% (537/2380) regret=0.100365 ape=0.5318
[21:46:29] warmStart 22% (538/2380) regret=0.100365 ape=0.5318
[21:46:29] warmStart 22% (539/2380) regret=0.100365 ape=0.5318
[21:46:29] warmStart 22% (540/2380) regret=0.100365 ape=0.5318
[21:46:29] warmStart 22% (541/2380) regret=0.100365 ape=0.5318
[21:46:30] warmStart 22% (542/2380) regret=0.100365 ape=0.5318
[21:46:30] warmStart 22% (543/2380) regret=0.100365 ape=0.5318
[21:46:30] warmStart 22% (544/2380) regret=0.100365 ape=0.5318
[21:46:30] warmStart 22% (545/2380) regret=0.100365 ape=0.5318
[21:46:30] warmStart 22% (546/2380) regret=0.100365 ape=0.5318
[21:46:30] warmStart 22% (547/2380) regret=0.100365 ape=0.5318
[21:46:31] warmStart 23% (548/2380) regret=0.100365 ape=0.5318
[21:46:31] warmStart 23% (549/2380) regret=0.100365 ape=0.5318
[21:46:31] warmStart 23% (550/2380) regret=0.100365 ape=0.5318
[21:46:31] warmStart 23% (551/2380) regret=0.100365 ape=0.5318
[21:46:31] warmStart 23% (552/2380) regret=0.100365 ape=0.5318
[21:46:31] warmStart 23% (553/2380) regret=0.100365 ape=0.5318
[21:46:32] warmStart 23% (554/2380) regret=0.100365 ape=0.5318
[21:46:32] warmStart 23% (555/2380) regret=0.100365 ape=0.5318
[21:46:32] warmStart 23% (556/2380) regret=0.100365 ape=0.5318
[21:46:32] warmStart 23% (557/2380) regret=0.100365 ape=0.5318
[21:46:32] warmStart 23% (558/2380) regret=0.100365 ape=0.5318
[21:46:32] warmStart 23% (559/2380) regret=0.100365 ape=0.5318
[21:46:33] warmStart 23% (560/2380) regret=0.100365 ape=0.5318
[21:46:33] warmStart 23% (561/2380) regret=0.100365 ape=0.5318
[21:46:33] warmStart 23% (562/2380) regret=0.100365 ape=0.5318
[21:46:33] warmStart 23% (563/2380) regret=0.100365 ape=0.5318
[21:46:33] warmStart 23% (564/2380) regret=0.100365 ape=0.5318
[21:46:34] warmStart 23% (565/2380) regret=0.100365 ape=0.5318
[21:46:34] warmStart 23% (566/2380) regret=0.100365 ape=0.5318
[21:46:34] warmStart 23% (567/2380) regret=0.100365 ape=0.5318
[21:46:34] warmStart 23% (568/2380) regret=0.100365 ape=0.5318
[21:46:34] warmStart 23% (569/2380) regret=0.100420 ape=0.5318
[21:46:34] warmStart 23% (570/2380) regret=0.100365 ape=0.5318
[21:46:35] warmStart 23% (571/2380) regret=0.100365 ape=0.5318
[21:46:35] warmStart 24% (572/2380) regret=0.100365 ape=0.5318
[21:46:35] warmStart 24% (573/2380) regret=0.100365 ape=0.5318
[21:46:35] warmStart 24% (574/2380) regret=0.100365 ape=0.5318
[21:46:35] warmStart 24% (575/2380) regret=0.100365 ape=0.5318
[21:46:35] warmStart 24% (576/2380) regret=0.100365 ape=0.5318
[21:46:36] warmStart 24% (577/2380) regret=0.100365 ape=0.5318
[21:46:36] warmStart 24% (578/2380) regret=0.100365 ape=0.5318
[21:46:36] warmStart 24% (579/2380) regret=0.100365 ape=0.5318
[21:46:36] warmStart 24% (580/2380) regret=0.100365 ape=0.5318
[21:46:36] warmStart 24% (581/2380) regret=0.100365 ape=0.5318
[21:46:36] warmStart 24% (582/2380) regret=0.100360 ape=0.5318
[21:46:37] warmStart 24% (583/2380) regret=0.100365 ape=0.5318
[21:46:37] warmStart 24% (584/2380) regret=0.100365 ape=0.5318
[21:46:37] warmStart 24% (585/2380) regret=0.100365 ape=0.5318
[21:46:37] warmStart 24% (586/2380) regret=0.100362 ape=0.5318
[21:46:37] warmStart 24% (587/2380) regret=0.100365 ape=0.5318
[21:46:38] warmStart 24% (588/2380) regret=0.100272 ape=0.5318
[21:46:38] warmStart 24% (589/2380) regret=0.100365 ape=0.5318
[21:46:38] warmStart 24% (590/2380) regret=0.100365 ape=0.5318
[21:46:38] warmStart 24% (591/2380) regret=0.100365 ape=0.5318
[21:46:38] warmStart 24% (592/2380) regret=0.100365 ape=0.5318
[21:46:38] warmStart 24% (593/2380) regret=0.100360 ape=0.5318
[21:46:39] warmStart 24% (594/2380) regret=0.100365 ape=0.5318
[21:46:39] warmStart 25% (595/2380) regret=0.100365 ape=0.5318
[21:46:39] warmStart 25% (596/2380) regret=0.100365 ape=0.5318
[21:46:39] warmStart 25% (597/2380) regret=0.100365 ape=0.5318
[21:46:39] warmStart 25% (598/2380) regret=0.100365 ape=0.5318
[21:46:39] warmStart 25% (599/2380) regret=0.100365 ape=0.5318
[21:46:40] warmStart 25% (600/2380) regret=0.100365 ape=0.5318
[21:46:40] warmStart 25% (601/2380) regret=0.100365 ape=0.5318
[21:46:40] warmStart 25% (602/2380) regret=0.100365 ape=0.5318
[21:46:40] warmStart 25% (603/2380) regret=0.100365 ape=0.5318
[21:46:40] warmStart 25% (604/2380) regret=0.100365 ape=0.5318
[21:46:40] warmStart 25% (605/2380) regret=0.100365 ape=0.5318
[21:46:41] warmStart 25% (606/2380) regret=0.100365 ape=0.5318
[21:46:41] warmStart 25% (607/2380) regret=0.100365 ape=0.5318
[21:46:41] warmStart 25% (608/2380) regret=0.100365 ape=0.5318
[21:46:41] warmStart 25% (609/2380) regret=0.100365 ape=0.5318
[21:46:41] warmStart 25% (610/2380) regret=0.100365 ape=0.5318
[21:46:42] warmStart 25% (611/2380) regret=0.100365 ape=0.5318
[21:46:42] warmStart 25% (612/2380) regret=0.100365 ape=0.5318
[21:46:42] warmStart 25% (613/2380) regret=0.100365 ape=0.5318
[21:46:42] warmStart 25% (614/2380) regret=0.100365 ape=0.5318
[21:46:42] warmStart 25% (615/2380) regret=0.100365 ape=0.5318
[21:46:42] warmStart 25% (616/2380) regret=0.100365 ape=0.5318
[21:46:43] warmStart 25% (617/2380) regret=0.100272 ape=0.5318
[21:46:43] warmStart 25% (618/2380) regret=0.100365 ape=0.5318
[21:46:43] warmStart 26% (619/2380) regret=0.100365 ape=0.5318
[21:46:43] warmStart 26% (620/2380) regret=0.100365 ape=0.5318
[21:46:43] warmStart 26% (621/2380) regret=0.100365 ape=0.5318
[21:46:43] warmStart 26% (622/2380) regret=0.100365 ape=0.5318
[21:46:44] warmStart 26% (623/2380) regret=0.100365 ape=0.5318
[21:46:44] warmStart 26% (624/2380) regret=0.100365 ape=0.5318
[21:46:44] warmStart 26% (625/2380) regret=0.100365 ape=0.5318
[21:46:44] warmStart 26% (626/2380) regret=0.100365 ape=0.5318
[21:46:44] warmStart 26% (627/2380) regret=0.100420 ape=0.5318
[21:46:44] warmStart 26% (628/2380) regret=0.100366 ape=0.5318
[21:46:45] warmStart 26% (629/2380) regret=0.100365 ape=0.5318
[21:46:45] warmStart 26% (630/2380) regret=0.100365 ape=0.5318
[21:46:45] warmStart 26% (631/2380) regret=0.100365 ape=0.5318
[21:46:45] warmStart 26% (632/2380) regret=0.100365 ape=0.5318
[21:46:45] warmStart 26% (633/2380) regret=0.100365 ape=0.5318
[21:46:45] warmStart 26% (634/2380) regret=0.100365 ape=0.5318
[21:46:46] warmStart 26% (635/2380) regret=0.100365 ape=0.5318
[21:46:46] warmStart 26% (636/2380) regret=0.100365 ape=0.5318
[21:46:46] warmStart 26% (637/2380) regret=0.100365 ape=0.5318
[21:46:46] warmStart 26% (638/2380) regret=0.100365 ape=0.5318
[21:46:46] warmStart 26% (639/2380) regret=0.100365 ape=0.5318
[21:46:46] warmStart 26% (640/2380) regret=0.100365 ape=0.5318
[21:46:47] warmStart 26% (641/2380) regret=0.100365 ape=0.5318
[21:46:47] warmStart 26% (642/2380) regret=0.100291 ape=0.5309
[21:46:47] warmStart 27% (643/2380) regret=0.100291 ape=0.5309
[21:46:47] warmStart 27% (644/2380) regret=0.100291 ape=0.5309
[21:46:47] warmStart 27% (645/2380) regret=0.100581 ape=0.5309
[21:46:48] warmStart 27% (646/2380) regret=0.100291 ape=0.5309
[21:46:48] warmStart 27% (647/2380) regret=0.100305 ape=0.5309
[21:46:48] warmStart 27% (648/2380) regret=0.100291 ape=0.5309
[21:46:48] warmStart 27% (649/2380) regret=0.100291 ape=0.5309
[21:46:48] warmStart 27% (650/2380) regret=0.100291 ape=0.5309
[21:46:48] warmStart 27% (651/2380) regret=0.100291 ape=0.5309
[21:46:49] warmStart 27% (652/2380) regret=0.100291 ape=0.5309
[21:46:49] warmStart 27% (653/2380) regret=0.100291 ape=0.5309
[21:46:49] warmStart 27% (654/2380) regret=0.100291 ape=0.5309
[21:46:49] warmStart 27% (655/2380) regret=0.100291 ape=0.5309
[21:46:49] warmStart 27% (656/2380) regret=0.100291 ape=0.5309
[21:46:49] warmStart 27% (657/2380) regret=0.100291 ape=0.5309
[21:46:50] warmStart 27% (658/2380) regret=0.100291 ape=0.5309
[21:46:50] warmStart 27% (659/2380) regret=0.100291 ape=0.5309
[21:46:50] warmStart 27% (660/2380) regret=0.100291 ape=0.5309
[21:46:50] warmStart 27% (661/2380) regret=0.100199 ape=0.5309
[21:46:50] warmStart 27% (662/2380) regret=0.100291 ape=0.5309
[21:46:51] warmStart 27% (663/2380) regret=0.100291 ape=0.5309
[21:46:51] warmStart 27% (664/2380) regret=0.100291 ape=0.5309
[21:46:51] warmStart 27% (665/2380) regret=0.100291 ape=0.5309
[21:46:51] warmStart 27% (666/2380) regret=0.100291 ape=0.5309
[21:46:51] warmStart 28% (667/2380) regret=0.100291 ape=0.5309
[21:46:51] warmStart 28% (668/2380) regret=0.100291 ape=0.5309
[21:46:52] warmStart 28% (669/2380) regret=0.100291 ape=0.5309
[21:46:52] warmStart 28% (670/2380) regret=0.100291 ape=0.5309
[21:46:52] warmStart 28% (671/2380) regret=0.100291 ape=0.5309
[21:46:52] warmStart 28% (672/2380) regret=0.100291 ape=0.5309
[21:46:52] warmStart 28% (673/2380) regret=0.100291 ape=0.5309
[21:46:52] warmStart 28% (674/2380) regret=0.100291 ape=0.5309
[21:46:53] warmStart 28% (675/2380) regret=0.100291 ape=0.5309
[21:46:53] warmStart 28% (676/2380) regret=0.100291 ape=0.5309
[21:46:53] warmStart 28% (677/2380) regret=0.100291 ape=0.5309
[21:46:53] warmStart 28% (678/2380) regret=0.100291 ape=0.5309
[21:46:53] warmStart 28% (679/2380) regret=0.100291 ape=0.5309
[21:46:53] warmStart 28% (680/2380) regret=0.100291 ape=0.5309
[21:46:54] warmStart 28% (681/2380) regret=0.100291 ape=0.5309
[21:46:54] warmStart 28% (682/2380) regret=0.100291 ape=0.5309
[21:46:54] warmStart 28% (683/2380) regret=0.100291 ape=0.5309
[21:46:54] warmStart 28% (684/2380) regret=0.100291 ape=0.5309
[21:46:54] warmStart 28% (685/2380) regret=0.100291 ape=0.5309
[21:46:54] warmStart 28% (686/2380) regret=0.100291 ape=0.5309
[21:46:55] warmStart 28% (687/2380) regret=0.100291 ape=0.5309
[21:46:55] warmStart 28% (688/2380) regret=0.100291 ape=0.5309
[21:46:55] warmStart 28% (689/2380) regret=0.100291 ape=0.5309
[21:46:55] warmStart 28% (690/2380) regret=0.100291 ape=0.5309
[21:46:55] warmStart 29% (691/2380) regret=0.100291 ape=0.5309
[21:46:56] warmStart 29% (692/2380) regret=0.100291 ape=0.5309
[21:46:56] warmStart 29% (693/2380) regret=0.100291 ape=0.5309
[21:46:56] warmStart 29% (694/2380) regret=0.100291 ape=0.5309
[21:46:56] warmStart 29% (695/2380) regret=0.100291 ape=0.5309
[21:46:56] warmStart 29% (696/2380) regret=0.100291 ape=0.5309
[21:46:56] warmStart 29% (697/2380) regret=0.100291 ape=0.5309
[21:46:57] warmStart 29% (698/2380) regret=0.100291 ape=0.5309
[21:46:57] warmStart 29% (699/2380) regret=0.100291 ape=0.5309
[21:46:57] warmStart 29% (700/2380) regret=0.100291 ape=0.5309
[21:46:57] warmStart 29% (701/2380) regret=0.100291 ape=0.5309
[21:46:57] warmStart 29% (702/2380) regret=0.100291 ape=0.5309
[21:46:57] warmStart 29% (703/2380) regret=0.100291 ape=0.5309
[21:46:58] warmStart 29% (704/2380) regret=0.100291 ape=0.5309
[21:46:58] warmStart 29% (705/2380) regret=0.100291 ape=0.5309
[21:46:58] warmStart 29% (706/2380) regret=0.100291 ape=0.5309
[21:46:58] warmStart 29% (707/2380) regret=0.100291 ape=0.5309
[21:46:58] warmStart 29% (708/2380) regret=0.100286 ape=0.5309
[21:46:58] warmStart 29% (709/2380) regret=0.100291 ape=0.5309
[21:46:59] warmStart 29% (710/2380) regret=0.100291 ape=0.5309
[21:46:59] warmStart 29% (711/2380) regret=0.100291 ape=0.5309
[21:46:59] warmStart 29% (712/2380) regret=0.100291 ape=0.5309
[21:46:59] warmStart 29% (713/2380) regret=0.100291 ape=0.5309
[21:46:59] warmStart 30% (714/2380) regret=0.100291 ape=0.5309
[21:47:00] warmStart 30% (715/2380) regret=0.100291 ape=0.5309
[21:47:00] warmStart 30% (716/2380) regret=0.100291 ape=0.5309
[21:47:00] warmStart 30% (717/2380) regret=0.100291 ape=0.5309
[21:47:00] warmStart 30% (718/2380) regret=0.100291 ape=0.5309
[21:47:00] warmStart 30% (719/2380) regret=0.100291 ape=0.5309
[21:47:00] warmStart 30% (720/2380) regret=0.100280 ape=0.5309
[21:47:01] warmStart 30% (721/2380) regret=0.100291 ape=0.5309
[21:47:01] warmStart 30% (722/2380) regret=0.100291 ape=0.5309
[21:47:01] warmStart 30% (723/2380) regret=0.100291 ape=0.5309
[21:47:01] warmStart 30% (724/2380) regret=0.100291 ape=0.5309
[21:47:01] warmStart 30% (725/2380) regret=0.100291 ape=0.5309
[21:47:01] warmStart 30% (726/2380) regret=0.100291 ape=0.5309
[21:47:02] warmStart 30% (727/2380) regret=0.100291 ape=0.5309
[21:47:02] warmStart 30% (728/2380) regret=0.100291 ape=0.5309
[21:47:02] warmStart 30% (729/2380) regret=0.100291 ape=0.5309
[21:47:02] warmStart 30% (730/2380) regret=0.100291 ape=0.5309
[21:47:02] warmStart 30% (731/2380) regret=0.100291 ape=0.5309
[21:47:02] warmStart 30% (732/2380) regret=0.100291 ape=0.5309
[21:47:03] warmStart 30% (733/2380) regret=0.100291 ape=0.5309
[21:47:03] warmStart 30% (734/2380) regret=0.100291 ape=0.5309
[21:47:03] warmStart 30% (735/2380) regret=0.100291 ape=0.5309
[21:47:03] warmStart 30% (736/2380) regret=0.100291 ape=0.5309
[21:47:03] warmStart 30% (737/2380) regret=0.100291 ape=0.5309
[21:47:03] warmStart 31% (738/2380) regret=0.100291 ape=0.5309
[21:47:04] warmStart 31% (739/2380) regret=0.100291 ape=0.5309
[21:47:04] warmStart 31% (740/2380) regret=0.100272 ape=0.5309
[21:47:04] warmStart 31% (741/2380) regret=0.100291 ape=0.5309
[21:47:04] warmStart 31% (742/2380) regret=0.100595 ape=0.5318
[21:47:04] warmStart 31% (743/2380) regret=0.100291 ape=0.5309
[21:47:05] warmStart 31% (744/2380) regret=0.100291 ape=0.5309
[21:47:05] warmStart 31% (745/2380) regret=0.100291 ape=0.5309
[21:47:05] warmStart 31% (746/2380) regret=0.100291 ape=0.5309
[21:47:05] warmStart 31% (747/2380) regret=0.100291 ape=0.5309
[21:47:05] warmStart 31% (748/2380) regret=0.100291 ape=0.5309
[21:47:05] warmStart 31% (749/2380) regret=0.100291 ape=0.5309
[21:47:06] warmStart 31% (750/2380) regret=0.100291 ape=0.5309
[21:47:06] warmStart 31% (751/2380) regret=0.100291 ape=0.5309
[21:47:06] warmStart 31% (752/2380) regret=0.100291 ape=0.5309
[21:47:06] warmStart 31% (753/2380) regret=0.100291 ape=0.5309
[21:47:06] warmStart 31% (754/2380) regret=0.100291 ape=0.5309
[21:47:06] warmStart 31% (755/2380) regret=0.100595 ape=0.5318
[21:47:07] warmStart 31% (756/2380) regret=0.100291 ape=0.5309
[21:47:07] warmStart 31% (757/2380) regret=0.100286 ape=0.5309
[21:47:07] warmStart 31% (758/2380) regret=0.100291 ape=0.5309
[21:47:07] warmStart 31% (759/2380) regret=0.100280 ape=0.5309
[21:47:07] warmStart 31% (760/2380) regret=0.100280 ape=0.5309
[21:47:08] warmStart 31% (761/2380) regret=0.100280 ape=0.5309
[21:47:08] warmStart 32% (762/2380) regret=0.100262 ape=0.5309
[21:47:08] warmStart 32% (763/2380) regret=0.100262 ape=0.5309
[21:47:08] warmStart 32% (764/2380) regret=0.100262 ape=0.5309
[21:47:08] warmStart 32% (765/2380) regret=0.100262 ape=0.5309
[21:47:08] warmStart 32% (766/2380) regret=0.100262 ape=0.5309
[21:47:09] warmStart 32% (767/2380) regret=0.100262 ape=0.5309
[21:47:09] warmStart 32% (768/2380) regret=0.100262 ape=0.5309
[21:47:09] warmStart 32% (769/2380) regret=0.100262 ape=0.5309
[21:47:09] warmStart 32% (770/2380) regret=0.100262 ape=0.5309
[21:47:09] warmStart 32% (771/2380) regret=0.100262 ape=0.5309
[21:47:09] warmStart 32% (772/2380) regret=0.100262 ape=0.5309
[21:47:10] warmStart 32% (773/2380) regret=0.100262 ape=0.5309
[21:47:10] warmStart 32% (774/2380) regret=0.100262 ape=0.5309
[21:47:10] warmStart 32% (775/2380) regret=0.100262 ape=0.5309
[21:47:10] warmStart 32% (776/2380) regret=0.100262 ape=0.5309
[21:47:10] warmStart 32% (777/2380) regret=0.100262 ape=0.5309
[21:47:10] warmStart 32% (778/2380) regret=0.100262 ape=0.5309
[21:47:11] warmStart 32% (779/2380) regret=0.100262 ape=0.5309
[21:47:11] warmStart 32% (780/2380) regret=0.100262 ape=0.5309
[21:47:11] warmStart 32% (781/2380) regret=0.100262 ape=0.5309
[21:47:11] warmStart 32% (782/2380) regret=0.100262 ape=0.5309
[21:47:11] warmStart 32% (783/2380) regret=0.100262 ape=0.5309
[21:47:12] warmStart 32% (784/2380) regret=0.100262 ape=0.5309
[21:47:12] warmStart 32% (785/2380) regret=0.100262 ape=0.5309
[21:47:12] warmStart 33% (786/2380) regret=0.100262 ape=0.5309
[21:47:12] warmStart 33% (787/2380) regret=0.100262 ape=0.5309
[21:47:12] warmStart 33% (788/2380) regret=0.100262 ape=0.5309
[21:47:12] warmStart 33% (789/2380) regret=0.100262 ape=0.5309
[21:47:13] warmStart 33% (790/2380) regret=0.100262 ape=0.5309
[21:47:13] warmStart 33% (791/2380) regret=0.100262 ape=0.5309
[21:47:13] warmStart 33% (792/2380) regret=0.100262 ape=0.5309
[21:47:13] warmStart 33% (793/2380) regret=0.100262 ape=0.5309
[21:47:13] warmStart 33% (794/2380) regret=0.100262 ape=0.5309
[21:47:13] warmStart 33% (795/2380) regret=0.100262 ape=0.5309
[21:47:14] warmStart 33% (796/2380) regret=0.100262 ape=0.5309
[21:47:14] warmStart 33% (797/2380) regret=0.100262 ape=0.5309
[21:47:14] warmStart 33% (798/2380) regret=0.100262 ape=0.5309
[21:47:14] warmStart 33% (799/2380) regret=0.100262 ape=0.5309
[21:47:14] warmStart 33% (800/2380) regret=0.100262 ape=0.5309
[21:47:15] warmStart 33% (801/2380) regret=0.100262 ape=0.5309
[21:47:15] warmStart 33% (802/2380) regret=0.100262 ape=0.5309
[21:47:15] warmStart 33% (803/2380) regret=0.100262 ape=0.5309
[21:47:15] warmStart 33% (804/2380) regret=0.100280 ape=0.5309
[21:47:15] warmStart 33% (805/2380) regret=0.100262 ape=0.5309
[21:47:15] warmStart 33% (806/2380) regret=0.100280 ape=0.5309
[21:47:16] warmStart 33% (807/2380) regret=0.100280 ape=0.5309
[21:47:16] warmStart 33% (808/2380) regret=0.100280 ape=0.5309
[21:47:16] warmStart 33% (809/2380) regret=0.100280 ape=0.5309
[21:47:16] warmStart 34% (810/2380) regret=0.100280 ape=0.5309
[21:47:16] warmStart 34% (811/2380) regret=0.100280 ape=0.5309
[21:47:16] warmStart 34% (812/2380) regret=0.100280 ape=0.5309
[21:47:17] warmStart 34% (813/2380) regret=0.100280 ape=0.5309
[21:47:17] warmStart 34% (814/2380) regret=0.100280 ape=0.5309
[21:47:17] warmStart 34% (815/2380) regret=0.100280 ape=0.5309
[21:47:17] warmStart 34% (816/2380) regret=0.100280 ape=0.5309
[21:47:17] warmStart 34% (817/2380) regret=0.100280 ape=0.5309
[21:47:17] warmStart 34% (818/2380) regret=0.100280 ape=0.5309
[21:47:18] warmStart 34% (819/2380) regret=0.100280 ape=0.5309
[21:47:18] warmStart 34% (820/2380) regret=0.100280 ape=0.5309
[21:47:18] warmStart 34% (821/2380) regret=0.100280 ape=0.5309
[21:47:18] warmStart 34% (822/2380) regret=0.100280 ape=0.5309
[21:47:18] warmStart 34% (823/2380) regret=0.100280 ape=0.5309
[21:47:19] warmStart 34% (824/2380) regret=0.100280 ape=0.5309
[21:47:19] warmStart 34% (825/2380) regret=0.100280 ape=0.5309
[21:47:19] warmStart 34% (826/2380) regret=0.100282 ape=0.5309
[21:47:19] warmStart 34% (827/2380) regret=0.100280 ape=0.5309
[21:47:19] warmStart 34% (828/2380) regret=0.100262 ape=0.5309
[21:47:19] warmStart 34% (829/2380) regret=0.100262 ape=0.5309
[21:47:20] warmStart 34% (830/2380) regret=0.100262 ape=0.5309
[21:47:20] warmStart 34% (831/2380) regret=0.100262 ape=0.5309
[21:47:20] warmStart 34% (832/2380) regret=0.100262 ape=0.5309
[21:47:20] warmStart 35% (833/2380) regret=0.100262 ape=0.5309
[21:47:20] warmStart 35% (834/2380) regret=0.100262 ape=0.5309
[21:47:20] warmStart 35% (835/2380) regret=0.100262 ape=0.5309
[21:47:21] warmStart 35% (836/2380) regret=0.100262 ape=0.5309
[21:47:21] warmStart 35% (837/2380) regret=0.100262 ape=0.5309
[21:47:21] warmStart 35% (838/2380) regret=0.100262 ape=0.5309
[21:47:21] warmStart 35% (839/2380) regret=0.100262 ape=0.5309
[21:47:21] warmStart 35% (840/2380) regret=0.100262 ape=0.5309
[21:47:21] warmStart 35% (841/2380) regret=0.100262 ape=0.5309
[21:47:22] warmStart 35% (842/2380) regret=0.100262 ape=0.5309
[21:47:22] warmStart 35% (843/2380) regret=0.100262 ape=0.5309
[21:47:22] warmStart 35% (844/2380) regret=0.100262 ape=0.5309
[21:47:22] warmStart 35% (845/2380) regret=0.100239 ape=0.5309
[21:47:22] warmStart 35% (846/2380) regret=0.100262 ape=0.5309
[21:47:23] warmStart 35% (847/2380) regret=0.100262 ape=0.5309
[21:47:23] warmStart 35% (848/2380) regret=0.100262 ape=0.5309
[21:47:23] warmStart 35% (849/2380) regret=0.100262 ape=0.5309
[21:47:23] warmStart 35% (850/2380) regret=0.100262 ape=0.5309
[21:47:24] warmStart 35% (851/2380) regret=0.100262 ape=0.5309
[21:47:24] warmStart 35% (852/2380) regret=0.100262 ape=0.5309
[21:47:24] warmStart 35% (853/2380) regret=0.100262 ape=0.5309
[21:47:24] warmStart 35% (854/2380) regret=0.100262 ape=0.5309
[21:47:24] warmStart 35% (855/2380) regret=0.100262 ape=0.5309
[21:47:24] warmStart 35% (856/2380) regret=0.100262 ape=0.5309
[21:47:25] warmStart 36% (857/2380) regret=0.100262 ape=0.5309
[21:47:25] warmStart 36% (858/2380) regret=0.100262 ape=0.5309
[21:47:25] warmStart 36% (859/2380) regret=0.100262 ape=0.5309
[21:47:25] warmStart 36% (860/2380) regret=0.100262 ape=0.5309
[21:47:26] warmStart 36% (861/2380) regret=0.100262 ape=0.5309
[21:47:26] warmStart 36% (862/2380) regret=0.100262 ape=0.5309
[21:47:26] warmStart 36% (863/2380) regret=0.100262 ape=0.5309
[21:47:26] warmStart 36% (864/2380) regret=0.100262 ape=0.5309
[21:47:26] warmStart 36% (865/2380) regret=0.100262 ape=0.5309
[21:47:27] warmStart 36% (866/2380) regret=0.100262 ape=0.5309
[21:47:27] warmStart 36% (867/2380) regret=0.100262 ape=0.5309
[21:47:27] warmStart 36% (868/2380) regret=0.100262 ape=0.5309
[21:47:27] warmStart 36% (869/2380) regret=0.100262 ape=0.5309
[21:47:27] warmStart 36% (870/2380) regret=0.100262 ape=0.5309
[21:47:28] warmStart 36% (871/2380) regret=0.100262 ape=0.5309
[21:47:28] warmStart 36% (872/2380) regret=0.100262 ape=0.5309
[21:47:28] warmStart 36% (873/2380) regret=0.100262 ape=0.5309
[21:47:28] warmStart 36% (874/2380) regret=0.100262 ape=0.5309
[21:47:28] warmStart 36% (875/2380) regret=0.100262 ape=0.5309
[21:47:29] warmStart 36% (876/2380) regret=0.100262 ape=0.5309
[21:47:29] warmStart 36% (877/2380) regret=0.100262 ape=0.5309
[21:47:29] warmStart 36% (878/2380) regret=0.100262 ape=0.5309
[21:47:29] warmStart 36% (879/2380) regret=0.100262 ape=0.5309
[21:47:30] warmStart 36% (880/2380) regret=0.100262 ape=0.5309
[21:47:30] warmStart 37% (881/2380) regret=0.100262 ape=0.5309
[21:47:30] warmStart 37% (882/2380) regret=0.100262 ape=0.5309
[21:47:30] warmStart 37% (883/2380) regret=0.100262 ape=0.5309
[21:47:30] warmStart 37% (884/2380) regret=0.100262 ape=0.5309
[21:47:31] warmStart 37% (885/2380) regret=0.100257 ape=0.5309
[21:47:31] warmStart 37% (886/2380) regret=0.100262 ape=0.5309
[21:47:31] warmStart 37% (887/2380) regret=0.100262 ape=0.5309
[21:47:31] warmStart 37% (888/2380) regret=0.100262 ape=0.5309
[21:47:31] warmStart 37% (889/2380) regret=0.099828 ape=0.5300
[21:47:32] warmStart 37% (890/2380) regret=0.099828 ape=0.5300
[21:47:32] warmStart 37% (891/2380) regret=0.099828 ape=0.5300
[21:47:32] warmStart 37% (892/2380) regret=0.099828 ape=0.5300
[21:47:32] warmStart 37% (893/2380) regret=0.099828 ape=0.5300
[21:47:32] warmStart 37% (894/2380) regret=0.099828 ape=0.5300
[21:47:33] warmStart 37% (895/2380) regret=0.099839 ape=0.5300
[21:47:33] warmStart 37% (896/2380) regret=0.099828 ape=0.5300
[21:47:33] warmStart 37% (897/2380) regret=0.099828 ape=0.5300
[21:47:33] warmStart 37% (898/2380) regret=0.099736 ape=0.5300
[21:47:33] warmStart 37% (899/2380) regret=0.099828 ape=0.5300
[21:47:34] warmStart 37% (900/2380) regret=0.099828 ape=0.5300
[21:47:34] warmStart 37% (901/2380) regret=0.099828 ape=0.5300
[21:47:34] warmStart 37% (902/2380) regret=0.099828 ape=0.5300
[21:47:34] warmStart 37% (903/2380) regret=0.099828 ape=0.5300
[21:47:35] warmStart 37% (904/2380) regret=0.099828 ape=0.5300
[21:47:35] warmStart 38% (905/2380) regret=0.099828 ape=0.5300
[21:47:35] warmStart 38% (906/2380) regret=0.099828 ape=0.5300
[21:47:35] warmStart 38% (907/2380) regret=0.099828 ape=0.5300
[21:47:35] warmStart 38% (908/2380) regret=0.099828 ape=0.5300
[21:47:36] warmStart 38% (909/2380) regret=0.099828 ape=0.5300
[21:47:36] warmStart 38% (910/2380) regret=0.099828 ape=0.5300
[21:47:36] warmStart 38% (911/2380) regret=0.099828 ape=0.5300
[21:47:36] warmStart 38% (912/2380) regret=0.099828 ape=0.5300
[21:47:36] warmStart 38% (913/2380) regret=0.099828 ape=0.5300
[21:47:37] warmStart 38% (914/2380) regret=0.099828 ape=0.5300
[21:47:37] warmStart 38% (915/2380) regret=0.099828 ape=0.5300
[21:47:37] warmStart 38% (916/2380) regret=0.099828 ape=0.5300
[21:47:37] warmStart 38% (917/2380) regret=0.099828 ape=0.5300
[21:47:37] warmStart 38% (918/2380) regret=0.099828 ape=0.5300
[21:47:38] warmStart 38% (919/2380) regret=0.099828 ape=0.5300
[21:47:38] warmStart 38% (920/2380) regret=0.099828 ape=0.5300
[21:47:38] warmStart 38% (921/2380) regret=0.099828 ape=0.5300
[21:47:38] warmStart 38% (922/2380) regret=0.099828 ape=0.5300
[21:47:38] warmStart 38% (923/2380) regret=0.099847 ape=0.5300
[21:47:39] warmStart 38% (924/2380) regret=0.099847 ape=0.5300
[21:47:39] warmStart 38% (925/2380) regret=0.099847 ape=0.5300
[21:47:39] warmStart 38% (926/2380) regret=0.099847 ape=0.5300
[21:47:39] warmStart 38% (927/2380) regret=0.099847 ape=0.5300
[21:47:39] warmStart 38% (928/2380) regret=0.099847 ape=0.5300
[21:47:40] warmStart 39% (929/2380) regret=0.099847 ape=0.5300
[21:47:40] warmStart 39% (930/2380) regret=0.099847 ape=0.5300
[21:47:40] warmStart 39% (931/2380) regret=0.099847 ape=0.5300
[21:47:40] warmStart 39% (932/2380) regret=0.099847 ape=0.5300
[21:47:40] warmStart 39% (933/2380) regret=0.099847 ape=0.5300
[21:47:41] warmStart 39% (934/2380) regret=0.099847 ape=0.5300
[21:47:41] warmStart 39% (935/2380) regret=0.099847 ape=0.5300
[21:47:41] warmStart 39% (936/2380) regret=0.099847 ape=0.5300
[21:47:41] warmStart 39% (937/2380) regret=0.099847 ape=0.5300
[21:47:41] warmStart 39% (938/2380) regret=0.099847 ape=0.5300
[21:47:42] warmStart 39% (939/2380) regret=0.099847 ape=0.5300
[21:47:42] warmStart 39% (940/2380) regret=0.099847 ape=0.5300
[21:47:42] warmStart 39% (941/2380) regret=0.099847 ape=0.5300
[21:47:42] warmStart 39% (942/2380) regret=0.099847 ape=0.5300
[21:47:43] warmStart 39% (943/2380) regret=0.099847 ape=0.5300
[21:47:43] warmStart 39% (944/2380) regret=0.099847 ape=0.5300
[21:47:43] warmStart 39% (945/2380) regret=0.099847 ape=0.5300
[21:47:43] warmStart 39% (946/2380) regret=0.099847 ape=0.5300
[21:47:43] warmStart 39% (947/2380) regret=0.099847 ape=0.5300
[21:47:44] warmStart 39% (948/2380) regret=0.099847 ape=0.5300
[21:47:44] warmStart 39% (949/2380) regret=0.099847 ape=0.5300
[21:47:44] warmStart 39% (950/2380) regret=0.099847 ape=0.5300
[21:47:44] warmStart 39% (951/2380) regret=0.099847 ape=0.5300
[21:47:44] warmStart 40% (952/2380) regret=0.099847 ape=0.5300
[21:47:45] warmStart 40% (953/2380) regret=0.099847 ape=0.5300
[21:47:45] warmStart 40% (954/2380) regret=0.099847 ape=0.5300
[21:47:45] warmStart 40% (955/2380) regret=0.099847 ape=0.5300
[21:47:45] warmStart 40% (956/2380) regret=0.099847 ape=0.5300
[21:47:46] warmStart 40% (957/2380) regret=0.099847 ape=0.5300
[21:47:46] warmStart 40% (958/2380) regret=0.099847 ape=0.5300
[21:47:46] warmStart 40% (959/2380) regret=0.099847 ape=0.5300
[21:47:46] warmStart 40% (960/2380) regret=0.099847 ape=0.5300
[21:47:46] warmStart 40% (961/2380) regret=0.099847 ape=0.5300
[21:47:47] warmStart 40% (962/2380) regret=0.099847 ape=0.5300
[21:47:47] warmStart 40% (963/2380) regret=0.099847 ape=0.5300
[21:47:47] warmStart 40% (964/2380) regret=0.099847 ape=0.5300
[21:47:47] warmStart 40% (965/2380) regret=0.099847 ape=0.5300
[21:47:47] warmStart 40% (966/2380) regret=0.099847 ape=0.5300
[21:47:48] warmStart 40% (967/2380) regret=0.099847 ape=0.5300
[21:47:48] warmStart 40% (968/2380) regret=0.099847 ape=0.5300
[21:47:48] warmStart 40% (969/2380) regret=0.099847 ape=0.5300
[21:47:48] warmStart 40% (970/2380) regret=0.099847 ape=0.5300
[21:47:49] warmStart 40% (971/2380) regret=0.099847 ape=0.5300
[21:47:49] warmStart 40% (972/2380) regret=0.099847 ape=0.5300
[21:47:49] warmStart 40% (973/2380) regret=0.099847 ape=0.5300
[21:47:49] warmStart 40% (974/2380) regret=0.099847 ape=0.5300
[21:47:49] warmStart 40% (975/2380) regret=0.099847 ape=0.5300
[21:47:50] warmStart 41% (976/2380) regret=0.099847 ape=0.5300
[21:47:50] warmStart 41% (977/2380) regret=0.099847 ape=0.5300
[21:47:50] warmStart 41% (978/2380) regret=0.099847 ape=0.5300
[21:47:50] warmStart 41% (979/2380) regret=0.099847 ape=0.5300
[21:47:50] warmStart 41% (980/2380) regret=0.099847 ape=0.5300
[21:47:51] warmStart 41% (981/2380) regret=0.099847 ape=0.5300
[21:47:51] warmStart 41% (982/2380) regret=0.099847 ape=0.5300
[21:47:51] warmStart 41% (983/2380) regret=0.099847 ape=0.5300
[21:47:51] warmStart 41% (984/2380) regret=0.099847 ape=0.5300
[21:47:52] warmStart 41% (985/2380) regret=0.099847 ape=0.5300
[21:47:52] warmStart 41% (986/2380) regret=0.099847 ape=0.5300
[21:47:52] warmStart 41% (987/2380) regret=0.099847 ape=0.5300
[21:47:52] warmStart 41% (988/2380) regret=0.099847 ape=0.5300
[21:47:52] warmStart 41% (989/2380) regret=0.099847 ape=0.5300
[21:47:53] warmStart 41% (990/2380) regret=0.099847 ape=0.5300
[21:47:53] warmStart 41% (991/2380) regret=0.099847 ape=0.5300
[21:47:53] warmStart 41% (992/2380) regret=0.099847 ape=0.5300
[21:47:53] warmStart 41% (993/2380) regret=0.099847 ape=0.5300
[21:47:53] warmStart 41% (994/2380) regret=0.099847 ape=0.5300
[21:47:54] warmStart 41% (995/2380) regret=0.099847 ape=0.5300
[21:47:54] warmStart 41% (996/2380) regret=0.099847 ape=0.5300
[21:47:54] warmStart 41% (997/2380) regret=0.099847 ape=0.5300
[21:47:54] warmStart 41% (998/2380) regret=0.099847 ape=0.5300
[21:47:54] warmStart 41% (999/2380) regret=0.099847 ape=0.5300
[21:47:55] warmStart 42% (1000/2380) regret=0.099847 ape=0.5300
[21:47:55] warmStart 42% (1001/2380) regret=0.099847 ape=0.5300
[21:47:55] warmStart 42% (1002/2380) regret=0.099847 ape=0.5300
[21:47:55] warmStart 42% (1003/2380) regret=0.099847 ape=0.5300
[21:47:55] warmStart 42% (1004/2380) regret=0.099773 ape=0.5300
[21:47:56] warmStart 42% (1005/2380) regret=0.099773 ape=0.5300
[21:47:56] warmStart 42% (1006/2380) regret=0.099773 ape=0.5300
[21:47:56] warmStart 42% (1007/2380) regret=0.099773 ape=0.5300
[21:47:56] warmStart 42% (1008/2380) regret=0.099773 ape=0.5300
[21:47:57] warmStart 42% (1009/2380) regret=0.100064 ape=0.5300
[21:47:57] warmStart 42% (1010/2380) regret=0.099773 ape=0.5300
[21:47:57] warmStart 42% (1011/2380) regret=0.099773 ape=0.5300
[21:47:57] warmStart 42% (1012/2380) regret=0.099773 ape=0.5300
[21:47:57] warmStart 42% (1013/2380) regret=0.099773 ape=0.5300
[21:47:58] warmStart 42% (1014/2380) regret=0.099773 ape=0.5300
[21:47:58] warmStart 42% (1015/2380) regret=0.099773 ape=0.5300
[21:47:58] warmStart 42% (1016/2380) regret=0.099773 ape=0.5300
[21:47:58] warmStart 42% (1017/2380) regret=0.099773 ape=0.5300
[21:47:58] warmStart 42% (1018/2380) regret=0.099773 ape=0.5300
[21:47:59] warmStart 42% (1019/2380) regret=0.099773 ape=0.5300
[21:47:59] warmStart 42% (1020/2380) regret=0.099773 ape=0.5300
[21:47:59] warmStart 42% (1021/2380) regret=0.099773 ape=0.5300
[21:47:59] warmStart 42% (1022/2380) regret=0.099773 ape=0.5300
[21:47:59] warmStart 42% (1023/2380) regret=0.099773 ape=0.5300
[21:48:00] warmStart 43% (1024/2380) regret=0.099773 ape=0.5300
[21:48:00] warmStart 43% (1025/2380) regret=0.099773 ape=0.5300
[21:48:00] warmStart 43% (1026/2380) regret=0.099773 ape=0.5300
[21:48:00] warmStart 43% (1027/2380) regret=0.099773 ape=0.5300
[21:48:00] warmStart 43% (1028/2380) regret=0.099773 ape=0.5300
[21:48:01] warmStart 43% (1029/2380) regret=0.099773 ape=0.5300
[21:48:01] warmStart 43% (1030/2380) regret=0.099773 ape=0.5300
[21:48:01] warmStart 43% (1031/2380) regret=0.099792 ape=0.5300
[21:48:01] warmStart 43% (1032/2380) regret=0.099792 ape=0.5300
[21:48:02] warmStart 43% (1033/2380) regret=0.099792 ape=0.5300
[21:48:02] warmStart 43% (1034/2380) regret=0.099792 ape=0.5300
[21:48:02] warmStart 43% (1035/2380) regret=0.099773 ape=0.5300
[21:48:02] warmStart 43% (1036/2380) regret=0.099773 ape=0.5300
[21:48:02] warmStart 43% (1037/2380) regret=0.099773 ape=0.5300
[21:48:03] warmStart 43% (1038/2380) regret=0.099773 ape=0.5300
[21:48:03] warmStart 43% (1039/2380) regret=0.099773 ape=0.5300
[21:48:03] warmStart 43% (1040/2380) regret=0.099773 ape=0.5300
[21:48:03] warmStart 43% (1041/2380) regret=0.099773 ape=0.5300
[21:48:04] warmStart 43% (1042/2380) regret=0.099773 ape=0.5300
[21:48:04] warmStart 43% (1043/2380) regret=0.099773 ape=0.5300
[21:48:04] warmStart 43% (1044/2380) regret=0.099773 ape=0.5300
[21:48:04] warmStart 43% (1045/2380) regret=0.099773 ape=0.5300
[21:48:04] warmStart 43% (1046/2380) regret=0.099773 ape=0.5300
[21:48:05] warmStart 43% (1047/2380) regret=0.099773 ape=0.5300
[21:48:05] warmStart 44% (1048/2380) regret=0.099773 ape=0.5300
[21:48:05] warmStart 44% (1049/2380) regret=0.099773 ape=0.5300
[21:48:05] warmStart 44% (1050/2380) regret=0.099773 ape=0.5300
[21:48:05] warmStart 44% (1051/2380) regret=0.099773 ape=0.5300
[21:48:06] warmStart 44% (1052/2380) regret=0.099773 ape=0.5300
[21:48:06] warmStart 44% (1053/2380) regret=0.099773 ape=0.5300
[21:48:06] warmStart 44% (1054/2380) regret=0.100064 ape=0.5300
[21:48:06] warmStart 44% (1055/2380) regret=0.099773 ape=0.5300
[21:48:06] warmStart 44% (1056/2380) regret=0.099773 ape=0.5300
[21:48:07] warmStart 44% (1057/2380) regret=0.099773 ape=0.5300
[21:48:07] warmStart 44% (1058/2380) regret=0.099773 ape=0.5300
[21:48:07] warmStart 44% (1059/2380) regret=0.099773 ape=0.5300
[21:48:07] warmStart 44% (1060/2380) regret=0.099773 ape=0.5300
[21:48:07] warmStart 44% (1061/2380) regret=0.099773 ape=0.5300
[21:48:08] warmStart 44% (1062/2380) regret=0.099773 ape=0.5300
[21:48:08] warmStart 44% (1063/2380) regret=0.099773 ape=0.5300
[21:48:08] warmStart 44% (1064/2380) regret=0.099773 ape=0.5300
[21:48:08] warmStart 44% (1065/2380) regret=0.099773 ape=0.5300
[21:48:08] warmStart 44% (1066/2380) regret=0.099773 ape=0.5300
[21:48:09] warmStart 44% (1067/2380) regret=0.099773 ape=0.5300
[21:48:09] warmStart 44% (1068/2380) regret=0.099773 ape=0.5300
[21:48:09] warmStart 44% (1069/2380) regret=0.099773 ape=0.5300
[21:48:09] warmStart 44% (1070/2380) regret=0.099773 ape=0.5300
[21:48:09] warmStart 45% (1071/2380) regret=0.099773 ape=0.5300
[21:48:09] warmStart 45% (1072/2380) regret=0.099773 ape=0.5300
[21:48:10] warmStart 45% (1073/2380) regret=0.099773 ape=0.5300
[21:48:10] warmStart 45% (1074/2380) regret=0.099750 ape=0.5300
[21:48:10] warmStart 45% (1075/2380) regret=0.099773 ape=0.5300
[21:48:10] warmStart 45% (1076/2380) regret=0.099773 ape=0.5300
[21:48:10] warmStart 45% (1077/2380) regret=0.099773 ape=0.5300
[21:48:10] warmStart 45% (1078/2380) regret=0.099773 ape=0.5300
[21:48:11] warmStart 45% (1079/2380) regret=0.099773 ape=0.5300
[21:48:11] warmStart 45% (1080/2380) regret=0.099773 ape=0.5300
[21:48:11] warmStart 45% (1081/2380) regret=0.099773 ape=0.5300
[21:48:11] warmStart 45% (1082/2380) regret=0.099771 ape=0.5300
[21:48:11] warmStart 45% (1083/2380) regret=0.099773 ape=0.5300
[21:48:11] warmStart 45% (1084/2380) regret=0.099773 ape=0.5300
[21:48:12] warmStart 45% (1085/2380) regret=0.099773 ape=0.5300
[21:48:12] warmStart 45% (1086/2380) regret=0.099773 ape=0.5300
[21:48:12] warmStart 45% (1087/2380) regret=0.099773 ape=0.5300
[21:48:12] warmStart 45% (1088/2380) regret=0.099773 ape=0.5300
[21:48:12] warmStart 45% (1089/2380) regret=0.099750 ape=0.5300
[21:48:13] warmStart 45% (1090/2380) regret=0.099557 ape=0.5290
[21:48:13] warmStart 45% (1091/2380) regret=0.099773 ape=0.5300
[21:48:13] warmStart 45% (1092/2380) regret=0.099773 ape=0.5300
[21:48:13] warmStart 45% (1093/2380) regret=0.099773 ape=0.5300
[21:48:13] warmStart 45% (1094/2380) regret=0.099773 ape=0.5300
[21:48:13] warmStart 46% (1095/2380) regret=0.099773 ape=0.5300
[21:48:14] warmStart 46% (1096/2380) regret=0.099773 ape=0.5300
[21:48:14] warmStart 46% (1097/2380) regret=0.099773 ape=0.5300
[21:48:14] warmStart 46% (1098/2380) regret=0.099773 ape=0.5300
[21:48:14] warmStart 46% (1099/2380) regret=0.099773 ape=0.5300
[21:48:14] warmStart 46% (1100/2380) regret=0.099773 ape=0.5300
[21:48:14] warmStart 46% (1101/2380) regret=0.099773 ape=0.5300
[21:48:15] warmStart 46% (1102/2380) regret=0.099773 ape=0.5300
[21:48:15] warmStart 46% (1103/2380) regret=0.099557 ape=0.5290
[21:48:15] warmStart 46% (1104/2380) regret=0.099773 ape=0.5300
[21:48:15] warmStart 46% (1105/2380) regret=0.099773 ape=0.5300
[21:48:15] warmStart 46% (1106/2380) regret=0.099773 ape=0.5300
[21:48:16] warmStart 46% (1107/2380) regret=0.099773 ape=0.5300
[21:48:16] warmStart 46% (1108/2380) regret=0.099773 ape=0.5300
[21:48:16] warmStart 46% (1109/2380) regret=0.099773 ape=0.5300
[21:48:16] warmStart 46% (1110/2380) regret=0.099773 ape=0.5300
[21:48:16] warmStart 46% (1111/2380) regret=0.099773 ape=0.5300
[21:48:16] warmStart 46% (1112/2380) regret=0.099773 ape=0.5300
[21:48:17] warmStart 46% (1113/2380) regret=0.099773 ape=0.5300
[21:48:17] warmStart 46% (1114/2380) regret=0.099773 ape=0.5300
[21:48:17] warmStart 46% (1115/2380) regret=0.099773 ape=0.5300
[21:48:17] warmStart 46% (1116/2380) regret=0.099557 ape=0.5290
[21:48:17] warmStart 46% (1117/2380) regret=0.099557 ape=0.5290
[21:48:17] warmStart 46% (1118/2380) regret=0.099557 ape=0.5290
[21:48:18] warmStart 47% (1119/2380) regret=0.099557 ape=0.5290
[21:48:18] warmStart 47% (1120/2380) regret=0.099557 ape=0.5290
[21:48:18] warmStart 47% (1121/2380) regret=0.099557 ape=0.5290
[21:48:18] warmStart 47% (1122/2380) regret=0.099557 ape=0.5290
[21:48:18] warmStart 47% (1123/2380) regret=0.099557 ape=0.5290
[21:48:18] warmStart 47% (1124/2380) regret=0.099557 ape=0.5290
[21:48:19] warmStart 47% (1125/2380) regret=0.099557 ape=0.5290
[21:48:19] warmStart 47% (1126/2380) regret=0.099557 ape=0.5290
[21:48:19] warmStart 47% (1127/2380) regret=0.099464 ape=0.5290
[21:48:19] warmStart 47% (1128/2380) regret=0.099557 ape=0.5290
[21:48:19] warmStart 47% (1129/2380) regret=0.099557 ape=0.5290
[21:48:20] warmStart 47% (1130/2380) regret=0.099557 ape=0.5290
[21:48:20] warmStart 47% (1131/2380) regret=0.099557 ape=0.5290
[21:48:20] warmStart 47% (1132/2380) regret=0.099557 ape=0.5290
[21:48:20] warmStart 47% (1133/2380) regret=0.099557 ape=0.5290
[21:48:20] warmStart 47% (1134/2380) regret=0.099557 ape=0.5290
[21:48:20] warmStart 47% (1135/2380) regret=0.099557 ape=0.5290
[21:48:21] warmStart 47% (1136/2380) regret=0.099557 ape=0.5290
[21:48:21] warmStart 47% (1137/2380) regret=0.099557 ape=0.5290
[21:48:21] warmStart 47% (1138/2380) regret=0.099557 ape=0.5290
[21:48:21] warmStart 47% (1139/2380) regret=0.099557 ape=0.5290
[21:48:21] warmStart 47% (1140/2380) regret=0.099557 ape=0.5290
[21:48:21] warmStart 47% (1141/2380) regret=0.099557 ape=0.5290
[21:48:22] warmStart 47% (1142/2380) regret=0.099557 ape=0.5290
[21:48:22] warmStart 48% (1143/2380) regret=0.099557 ape=0.5290
[21:48:22] warmStart 48% (1144/2380) regret=0.099557 ape=0.5290
[21:48:22] warmStart 48% (1145/2380) regret=0.099557 ape=0.5290
[21:48:22] warmStart 48% (1146/2380) regret=0.099557 ape=0.5290
[21:48:23] warmStart 48% (1147/2380) regret=0.099557 ape=0.5290
[21:48:23] warmStart 48% (1148/2380) regret=0.099557 ape=0.5290
[21:48:23] warmStart 48% (1149/2380) regret=0.099557 ape=0.5290
[21:48:23] warmStart 48% (1150/2380) regret=0.099557 ape=0.5290
[21:48:23] warmStart 48% (1151/2380) regret=0.099557 ape=0.5290
[21:48:23] warmStart 48% (1152/2380) regret=0.099557 ape=0.5290
[21:48:24] warmStart 48% (1153/2380) regret=0.099557 ape=0.5290
[21:48:24] warmStart 48% (1154/2380) regret=0.099557 ape=0.5290
[21:48:24] warmStart 48% (1155/2380) regret=0.099557 ape=0.5290
[21:48:24] warmStart 48% (1156/2380) regret=0.099557 ape=0.5290
[21:48:24] warmStart 48% (1157/2380) regret=0.099557 ape=0.5290
[21:48:25] warmStart 48% (1158/2380) regret=0.099557 ape=0.5290
[21:48:25] warmStart 48% (1159/2380) regret=0.099557 ape=0.5290
[21:48:25] warmStart 48% (1160/2380) regret=0.099557 ape=0.5290
[21:48:25] warmStart 48% (1161/2380) regret=0.099575 ape=0.5290
[21:48:25] warmStart 48% (1162/2380) regret=0.099557 ape=0.5290
[21:48:25] warmStart 48% (1163/2380) regret=0.099557 ape=0.5290
[21:48:26] warmStart 48% (1164/2380) regret=0.099557 ape=0.5290
[21:48:26] warmStart 48% (1165/2380) regret=0.099557 ape=0.5290
[21:48:26] warmStart 48% (1166/2380) regret=0.099557 ape=0.5290
[21:48:26] warmStart 49% (1167/2380) regret=0.099557 ape=0.5290
[21:48:26] warmStart 49% (1168/2380) regret=0.099557 ape=0.5290
[21:48:26] warmStart 49% (1169/2380) regret=0.099557 ape=0.5290
[21:48:27] warmStart 49% (1170/2380) regret=0.099557 ape=0.5290
[21:48:27] warmStart 49% (1171/2380) regret=0.099557 ape=0.5290
[21:48:27] warmStart 49% (1172/2380) regret=0.099557 ape=0.5290
[21:48:27] warmStart 49% (1173/2380) regret=0.099557 ape=0.5290
[21:48:27] warmStart 49% (1174/2380) regret=0.099557 ape=0.5290
[21:48:28] warmStart 49% (1175/2380) regret=0.099557 ape=0.5290
[21:48:28] warmStart 49% (1176/2380) regret=0.099557 ape=0.5290
[21:48:28] warmStart 49% (1177/2380) regret=0.099557 ape=0.5290
[21:48:28] warmStart 49% (1178/2380) regret=0.099656 ape=0.5290
[21:48:28] warmStart 49% (1179/2380) regret=0.099557 ape=0.5290
[21:48:28] warmStart 49% (1180/2380) regret=0.099557 ape=0.5290
[21:48:29] warmStart 49% (1181/2380) regret=0.099557 ape=0.5290
[21:48:29] warmStart 49% (1182/2380) regret=0.099557 ape=0.5290
[21:48:29] warmStart 49% (1183/2380) regret=0.099836 ape=0.5290
[21:48:29] warmStart 49% (1184/2380) regret=0.099557 ape=0.5290
[21:48:29] warmStart 49% (1185/2380) regret=0.099557 ape=0.5290
[21:48:29] warmStart 49% (1186/2380) regret=0.099557 ape=0.5290
[21:48:30] warmStart 49% (1187/2380) regret=0.099557 ape=0.5290
[21:48:30] warmStart 49% (1188/2380) regret=0.099557 ape=0.5290
[21:48:30] warmStart 49% (1189/2380) regret=0.099557 ape=0.5290
[21:48:30] warmStart 50% (1190/2380) regret=0.099557 ape=0.5290
[21:48:30] warmStart 50% (1191/2380) regret=0.099861 ape=0.5300
[21:48:31] warmStart 50% (1192/2380) regret=0.099557 ape=0.5290
[21:48:31] warmStart 50% (1193/2380) regret=0.099557 ape=0.5290
[21:48:31] warmStart 50% (1194/2380) regret=0.099557 ape=0.5290
[21:48:31] warmStart 50% (1195/2380) regret=0.099557 ape=0.5290
[21:48:31] warmStart 50% (1196/2380) regret=0.099557 ape=0.5290
[21:48:31] warmStart 50% (1197/2380) regret=0.099557 ape=0.5290
[21:48:32] warmStart 50% (1198/2380) regret=0.099464 ape=0.5290
[21:48:32] warmStart 50% (1199/2380) regret=0.099557 ape=0.5290
[21:48:32] warmStart 50% (1200/2380) regret=0.099557 ape=0.5290
[21:48:32] warmStart 50% (1201/2380) regret=0.099557 ape=0.5290
[21:48:32] warmStart 50% (1202/2380) regret=0.099557 ape=0.5290
[21:48:32] warmStart 50% (1203/2380) regret=0.099557 ape=0.5290
[21:48:33] warmStart 50% (1204/2380) regret=0.099557 ape=0.5290
[21:48:33] warmStart 50% (1205/2380) regret=0.099557 ape=0.5290
[21:48:33] warmStart 50% (1206/2380) regret=0.099455 ape=0.5290
[21:48:33] warmStart 50% (1207/2380) regret=0.099455 ape=0.5290
[21:48:33] warmStart 50% (1208/2380) regret=0.099557 ape=0.5300
[21:48:34] warmStart 50% (1209/2380) regret=0.099557 ape=0.5300
[21:48:34] warmStart 50% (1210/2380) regret=0.099557 ape=0.5300
[21:48:34] warmStart 50% (1211/2380) regret=0.099557 ape=0.5300
[21:48:34] warmStart 50% (1212/2380) regret=0.099557 ape=0.5300
[21:48:34] warmStart 50% (1213/2380) regret=0.099534 ape=0.5300
[21:48:34] warmStart 51% (1214/2380) regret=0.099557 ape=0.5300
[21:48:35] warmStart 51% (1215/2380) regret=0.099557 ape=0.5300
[21:48:35] warmStart 51% (1216/2380) regret=0.099557 ape=0.5300
[21:48:35] warmStart 51% (1217/2380) regret=0.099658 ape=0.5300
[21:48:35] warmStart 51% (1218/2380) regret=0.099557 ape=0.5300
[21:48:35] warmStart 51% (1219/2380) regret=0.099557 ape=0.5300
[21:48:35] warmStart 51% (1220/2380) regret=0.099557 ape=0.5300
[21:48:36] warmStart 51% (1221/2380) regret=0.099557 ape=0.5300
[21:48:36] warmStart 51% (1222/2380) regret=0.099557 ape=0.5300
[21:48:36] warmStart 51% (1223/2380) regret=0.099557 ape=0.5300
[21:48:36] warmStart 51% (1224/2380) regret=0.099557 ape=0.5300
[21:48:36] warmStart 51% (1225/2380) regret=0.099557 ape=0.5300
[21:48:37] warmStart 51% (1226/2380) regret=0.099557 ape=0.5300
[21:48:37] warmStart 51% (1227/2380) regret=0.099557 ape=0.5300
[21:48:37] warmStart 51% (1228/2380) regret=0.099557 ape=0.5300
[21:48:37] warmStart 51% (1229/2380) regret=0.099557 ape=0.5300
[21:48:37] warmStart 51% (1230/2380) regret=0.099557 ape=0.5300
[21:48:37] warmStart 51% (1231/2380) regret=0.099557 ape=0.5300
[21:48:38] warmStart 51% (1232/2380) regret=0.099554 ape=0.5300
[21:48:38] warmStart 51% (1233/2380) regret=0.099557 ape=0.5300
[21:48:38] warmStart 51% (1234/2380) regret=0.099557 ape=0.5300
[21:48:38] warmStart 51% (1235/2380) regret=0.099557 ape=0.5300
[21:48:38] warmStart 51% (1236/2380) regret=0.099557 ape=0.5300
[21:48:39] warmStart 51% (1237/2380) regret=0.099557 ape=0.5300
[21:48:39] warmStart 52% (1238/2380) regret=0.099557 ape=0.5300
[21:48:39] warmStart 52% (1239/2380) regret=0.099557 ape=0.5300
[21:48:39] warmStart 52% (1240/2380) regret=0.099557 ape=0.5300
[21:48:39] warmStart 52% (1241/2380) regret=0.099557 ape=0.5300
[21:48:39] warmStart 52% (1242/2380) regret=0.099557 ape=0.5300
[21:48:40] warmStart 52% (1243/2380) regret=0.099557 ape=0.5300
[21:48:40] warmStart 52% (1244/2380) regret=0.099557 ape=0.5300
[21:48:40] warmStart 52% (1245/2380) regret=0.099566 ape=0.5300
[21:48:40] warmStart 52% (1246/2380) regret=0.099540 ape=0.5300
[21:48:40] warmStart 52% (1247/2380) regret=0.099540 ape=0.5300
[21:48:40] warmStart 52% (1248/2380) regret=0.099557 ape=0.5300
[21:48:41] warmStart 52% (1249/2380) regret=0.099557 ape=0.5300
[21:48:41] warmStart 52% (1250/2380) regret=0.099557 ape=0.5300
[21:48:41] warmStart 52% (1251/2380) regret=0.099557 ape=0.5300
[21:48:41] warmStart 52% (1252/2380) regret=0.099557 ape=0.5300
[21:48:41] warmStart 52% (1253/2380) regret=0.099557 ape=0.5300
[21:48:41] warmStart 52% (1254/2380) regret=0.099557 ape=0.5300
[21:48:42] warmStart 52% (1255/2380) regret=0.099557 ape=0.5300
[21:48:42] warmStart 52% (1256/2380) regret=0.099557 ape=0.5300
[21:48:42] warmStart 52% (1257/2380) regret=0.099557 ape=0.5300
[21:48:42] warmStart 52% (1258/2380) regret=0.099557 ape=0.5300
[21:48:42] warmStart 52% (1259/2380) regret=0.099557 ape=0.5300
[21:48:43] warmStart 52% (1260/2380) regret=0.099557 ape=0.5300
[21:48:43] warmStart 52% (1261/2380) regret=0.099557 ape=0.5300
[21:48:43] warmStart 53% (1262/2380) regret=0.099557 ape=0.5300
[21:48:43] warmStart 53% (1263/2380) regret=0.099557 ape=0.5300
[21:48:43] warmStart 53% (1264/2380) regret=0.099557 ape=0.5300
[21:48:43] warmStart 53% (1265/2380) regret=0.099557 ape=0.5300
[21:48:44] warmStart 53% (1266/2380) regret=0.099557 ape=0.5300
[21:48:44] warmStart 53% (1267/2380) regret=0.099557 ape=0.5300
[21:48:44] warmStart 53% (1268/2380) regret=0.099557 ape=0.5300
[21:48:44] warmStart 53% (1269/2380) regret=0.099557 ape=0.5300
[21:48:44] warmStart 53% (1270/2380) regret=0.099557 ape=0.5300
[21:48:44] warmStart 53% (1271/2380) regret=0.099557 ape=0.5300
[21:48:45] warmStart 53% (1272/2380) regret=0.099557 ape=0.5300
[21:48:45] warmStart 53% (1273/2380) regret=0.099557 ape=0.5300
[21:48:45] warmStart 53% (1274/2380) regret=0.099557 ape=0.5300
[21:48:45] warmStart 53% (1275/2380) regret=0.099557 ape=0.5300
[21:48:45] warmStart 53% (1276/2380) regret=0.099557 ape=0.5300
[21:48:46] warmStart 53% (1277/2380) regret=0.099540 ape=0.5300
[21:48:46] warmStart 53% (1278/2380) regret=0.099557 ape=0.5300
[21:48:46] warmStart 53% (1279/2380) regret=0.099557 ape=0.5300
[21:48:46] warmStart 53% (1280/2380) regret=0.099557 ape=0.5300
[21:48:46] warmStart 53% (1281/2380) regret=0.099557 ape=0.5300
[21:48:46] warmStart 53% (1282/2380) regret=0.099557 ape=0.5300
[21:48:47] warmStart 53% (1283/2380) regret=0.099557 ape=0.5300
[21:48:47] warmStart 53% (1284/2380) regret=0.099557 ape=0.5300
[21:48:47] warmStart 53% (1285/2380) regret=0.099557 ape=0.5300
[21:48:47] warmStart 54% (1286/2380) regret=0.099557 ape=0.5300
[21:48:47] warmStart 54% (1287/2380) regret=0.099557 ape=0.5300
[21:48:48] warmStart 54% (1288/2380) regret=0.099557 ape=0.5300
[21:48:48] warmStart 54% (1289/2380) regret=0.099557 ape=0.5300
[21:48:48] warmStart 54% (1290/2380) regret=0.099485 ape=0.5290
[21:48:48] warmStart 54% (1291/2380) regret=0.099485 ape=0.5290
[21:48:48] warmStart 54% (1292/2380) regret=0.099485 ape=0.5290
[21:48:49] warmStart 54% (1293/2380) regret=0.099485 ape=0.5290
[21:48:49] warmStart 54% (1294/2380) regret=0.099485 ape=0.5290
[21:48:49] warmStart 54% (1295/2380) regret=0.099485 ape=0.5290
[21:48:49] warmStart 54% (1296/2380) regret=0.099485 ape=0.5290
[21:48:49] warmStart 54% (1297/2380) regret=0.099485 ape=0.5290
[21:48:49] warmStart 54% (1298/2380) regret=0.099485 ape=0.5290
[21:48:50] warmStart 54% (1299/2380) regret=0.099485 ape=0.5290
[21:48:50] warmStart 54% (1300/2380) regret=0.099485 ape=0.5290
[21:48:50] warmStart 54% (1301/2380) regret=0.099485 ape=0.5290
[21:48:50] warmStart 54% (1302/2380) regret=0.099485 ape=0.5290
[21:48:50] warmStart 54% (1303/2380) regret=0.099485 ape=0.5290
[21:48:50] warmStart 54% (1304/2380) regret=0.099476 ape=0.5290
[21:48:51] warmStart 54% (1305/2380) regret=0.099485 ape=0.5290
[21:48:51] warmStart 54% (1306/2380) regret=0.099485 ape=0.5290
[21:48:51] warmStart 54% (1307/2380) regret=0.099485 ape=0.5290
[21:48:51] warmStart 54% (1308/2380) regret=0.099485 ape=0.5290
[21:48:51] warmStart 55% (1309/2380) regret=0.099384 ape=0.5281
[21:48:52] warmStart 55% (1310/2380) regret=0.099384 ape=0.5281
[21:48:52] warmStart 55% (1311/2380) regret=0.099384 ape=0.5281
[21:48:52] warmStart 55% (1312/2380) regret=0.099384 ape=0.5281
[21:48:52] warmStart 55% (1313/2380) regret=0.099384 ape=0.5281
[21:48:52] warmStart 55% (1314/2380) regret=0.099384 ape=0.5281
[21:48:52] warmStart 55% (1315/2380) regret=0.099384 ape=0.5281
[21:48:53] warmStart 55% (1316/2380) regret=0.099384 ape=0.5281
[21:48:53] warmStart 55% (1317/2380) regret=0.099384 ape=0.5281
[21:48:53] warmStart 55% (1318/2380) regret=0.099384 ape=0.5281
[21:48:53] warmStart 55% (1319/2380) regret=0.099384 ape=0.5281
[21:48:53] warmStart 55% (1320/2380) regret=0.099384 ape=0.5281
[21:48:53] warmStart 55% (1321/2380) regret=0.099384 ape=0.5281
[21:48:54] warmStart 55% (1322/2380) regret=0.099384 ape=0.5281
[21:48:54] warmStart 55% (1323/2380) regret=0.099384 ape=0.5281
[21:48:54] warmStart 55% (1324/2380) regret=0.099384 ape=0.5281
[21:48:54] warmStart 55% (1325/2380) regret=0.099384 ape=0.5281
[21:48:54] warmStart 55% (1326/2380) regret=0.099384 ape=0.5281
[21:48:55] warmStart 55% (1327/2380) regret=0.099384 ape=0.5281
[21:48:55] warmStart 55% (1328/2380) regret=0.099384 ape=0.5281
[21:48:55] warmStart 55% (1329/2380) regret=0.099384 ape=0.5281
[21:48:55] warmStart 55% (1330/2380) regret=0.099328 ape=0.5281
[21:48:55] warmStart 55% (1331/2380) regret=0.099328 ape=0.5281
[21:48:55] warmStart 55% (1332/2380) regret=0.099384 ape=0.5281
[21:48:56] warmStart 56% (1333/2380) regret=0.099384 ape=0.5281
[21:48:56] warmStart 56% (1334/2380) regret=0.099384 ape=0.5281
[21:48:56] warmStart 56% (1335/2380) regret=0.099384 ape=0.5281
[21:48:56] warmStart 56% (1336/2380) regret=0.099384 ape=0.5281
[21:48:56] warmStart 56% (1337/2380) regret=0.099384 ape=0.5281
[21:48:56] warmStart 56% (1338/2380) regret=0.099384 ape=0.5281
[21:48:57] warmStart 56% (1339/2380) regret=0.099384 ape=0.5281
[21:48:57] warmStart 56% (1340/2380) regret=0.099384 ape=0.5281
[21:48:57] warmStart 56% (1341/2380) regret=0.099384 ape=0.5281
[21:48:57] warmStart 56% (1342/2380) regret=0.099384 ape=0.5281
[21:48:57] warmStart 56% (1343/2380) regret=0.099384 ape=0.5281
[21:48:57] warmStart 56% (1344/2380) regret=0.099384 ape=0.5281
[21:48:58] warmStart 56% (1345/2380) regret=0.099361 ape=0.5281
[21:48:58] warmStart 56% (1346/2380) regret=0.099384 ape=0.5281
[21:48:58] warmStart 56% (1347/2380) regret=0.099384 ape=0.5281
[21:48:58] warmStart 56% (1348/2380) regret=0.099384 ape=0.5281
[21:48:58] warmStart 56% (1349/2380) regret=0.099384 ape=0.5281
[21:48:59] warmStart 56% (1350/2380) regret=0.099384 ape=0.5281
[21:48:59] warmStart 56% (1351/2380) regret=0.099384 ape=0.5281
[21:48:59] warmStart 56% (1352/2380) regret=0.099384 ape=0.5281
[21:48:59] warmStart 56% (1353/2380) regret=0.099384 ape=0.5281
[21:48:59] warmStart 56% (1354/2380) regret=0.099384 ape=0.5281
[21:48:59] warmStart 56% (1355/2380) regret=0.099384 ape=0.5281
[21:49:00] warmStart 56% (1356/2380) regret=0.099384 ape=0.5281
[21:49:00] warmStart 57% (1357/2380) regret=0.099384 ape=0.5281
[21:49:00] warmStart 57% (1358/2380) regret=0.099384 ape=0.5281
[21:49:00] warmStart 57% (1359/2380) regret=0.099384 ape=0.5281
[21:49:00] warmStart 57% (1360/2380) regret=0.099384 ape=0.5281
[21:49:01] warmStart 57% (1361/2380) regret=0.099384 ape=0.5281
[21:49:01] warmStart 57% (1362/2380) regret=0.099384 ape=0.5281
[21:49:01] warmStart 57% (1363/2380) regret=0.099384 ape=0.5281
[21:49:01] warmStart 57% (1364/2380) regret=0.099384 ape=0.5281
[21:49:01] warmStart 57% (1365/2380) regret=0.099384 ape=0.5281
[21:49:01] warmStart 57% (1366/2380) regret=0.099384 ape=0.5281
[21:49:02] warmStart 57% (1367/2380) regret=0.099384 ape=0.5281
[21:49:02] warmStart 57% (1368/2380) regret=0.099384 ape=0.5281
[21:49:02] warmStart 57% (1369/2380) regret=0.099384 ape=0.5281
[21:49:02] warmStart 57% (1370/2380) regret=0.099384 ape=0.5281
[21:49:02] warmStart 57% (1371/2380) regret=0.099384 ape=0.5281
[21:49:02] warmStart 57% (1372/2380) regret=0.099384 ape=0.5281
[21:49:03] warmStart 57% (1373/2380) regret=0.099384 ape=0.5281
[21:49:03] warmStart 57% (1374/2380) regret=0.099384 ape=0.5281
[21:49:03] warmStart 57% (1375/2380) regret=0.099384 ape=0.5281
[21:49:03] warmStart 57% (1376/2380) regret=0.099384 ape=0.5281
[21:49:03] warmStart 57% (1377/2380) regret=0.099384 ape=0.5281
[21:49:04] warmStart 57% (1378/2380) regret=0.099384 ape=0.5281
[21:49:04] warmStart 57% (1379/2380) regret=0.099384 ape=0.5281
[21:49:04] warmStart 57% (1380/2380) regret=0.099384 ape=0.5281
[21:49:04] warmStart 58% (1381/2380) regret=0.099384 ape=0.5281
[21:49:04] warmStart 58% (1382/2380) regret=0.099384 ape=0.5281
[21:49:04] warmStart 58% (1383/2380) regret=0.099384 ape=0.5281
[21:49:05] warmStart 58% (1384/2380) regret=0.099384 ape=0.5281
[21:49:05] warmStart 58% (1385/2380) regret=0.099384 ape=0.5281
[21:49:05] warmStart 58% (1386/2380) regret=0.099384 ape=0.5281
[21:49:05] warmStart 58% (1387/2380) regret=0.099384 ape=0.5281
[21:49:05] warmStart 58% (1388/2380) regret=0.099384 ape=0.5281
[21:49:05] warmStart 58% (1389/2380) regret=0.099384 ape=0.5281
[21:49:06] warmStart 58% (1390/2380) regret=0.099384 ape=0.5281
[21:49:06] warmStart 58% (1391/2380) regret=0.099384 ape=0.5281
[21:49:06] warmStart 58% (1392/2380) regret=0.099384 ape=0.5281
[21:49:06] warmStart 58% (1393/2380) regret=0.099384 ape=0.5281
[21:49:06] warmStart 58% (1394/2380) regret=0.099384 ape=0.5281
[21:49:07] warmStart 58% (1395/2380) regret=0.099361 ape=0.5281
[21:49:07] warmStart 58% (1396/2380) regret=0.099384 ape=0.5281
[21:49:07] warmStart 58% (1397/2380) regret=0.099384 ape=0.5281
[21:49:07] warmStart 58% (1398/2380) regret=0.099384 ape=0.5281
[21:49:07] warmStart 58% (1399/2380) regret=0.099384 ape=0.5281
[21:49:07] warmStart 58% (1400/2380) regret=0.099384 ape=0.5281
[21:49:08] warmStart 58% (1401/2380) regret=0.099384 ape=0.5281
[21:49:08] warmStart 58% (1402/2380) regret=0.099384 ape=0.5281
[21:49:08] warmStart 58% (1403/2380) regret=0.099384 ape=0.5281
[21:49:08] warmStart 58% (1404/2380) regret=0.099384 ape=0.5281
[21:49:08] warmStart 59% (1405/2380) regret=0.099384 ape=0.5281
[21:49:08] warmStart 59% (1406/2380) regret=0.099384 ape=0.5281
[21:49:09] warmStart 59% (1407/2380) regret=0.099384 ape=0.5281
[21:49:09] warmStart 59% (1408/2380) regret=0.099384 ape=0.5281
[21:49:09] warmStart 59% (1409/2380) regret=0.099384 ape=0.5281
[21:49:09] warmStart 59% (1410/2380) regret=0.099384 ape=0.5281
[21:49:09] warmStart 59% (1411/2380) regret=0.099384 ape=0.5281
[21:49:10] warmStart 59% (1412/2380) regret=0.099384 ape=0.5281
[21:49:10] warmStart 59% (1413/2380) regret=0.099384 ape=0.5281
[21:49:10] warmStart 59% (1414/2380) regret=0.099384 ape=0.5281
[21:49:10] warmStart 59% (1415/2380) regret=0.099384 ape=0.5281
[21:49:10] warmStart 59% (1416/2380) regret=0.099384 ape=0.5281
[21:49:10] warmStart 59% (1417/2380) regret=0.099328 ape=0.5281
[21:49:11] warmStart 59% (1418/2380) regret=0.099328 ape=0.5281
[21:49:11] warmStart 59% (1419/2380) regret=0.099328 ape=0.5281
[21:49:11] warmStart 59% (1420/2380) regret=0.099328 ape=0.5281
[21:49:11] warmStart 59% (1421/2380) regret=0.099328 ape=0.5281
[21:49:11] warmStart 59% (1422/2380) regret=0.099328 ape=0.5281
[21:49:11] warmStart 59% (1423/2380) regret=0.099328 ape=0.5281
[21:49:12] warmStart 59% (1424/2380) regret=0.099328 ape=0.5281
[21:49:12] warmStart 59% (1425/2380) regret=0.099328 ape=0.5281
[21:49:12] warmStart 59% (1426/2380) regret=0.099328 ape=0.5281
[21:49:12] warmStart 59% (1427/2380) regret=0.099328 ape=0.5281
[21:49:12] warmStart 60% (1428/2380) regret=0.099328 ape=0.5281
[21:49:13] warmStart 60% (1429/2380) regret=0.099328 ape=0.5281
[21:49:13] warmStart 60% (1430/2380) regret=0.099328 ape=0.5281
[21:49:13] warmStart 60% (1431/2380) regret=0.099328 ape=0.5281
[21:49:13] warmStart 60% (1432/2380) regret=0.099328 ape=0.5281
[21:49:13] warmStart 60% (1433/2380) regret=0.099328 ape=0.5281
[21:49:13] warmStart 60% (1434/2380) regret=0.099328 ape=0.5281
[21:49:14] warmStart 60% (1435/2380) regret=0.099328 ape=0.5281
[21:49:14] warmStart 60% (1436/2380) regret=0.099328 ape=0.5281
[21:49:14] warmStart 60% (1437/2380) regret=0.099328 ape=0.5281
[21:49:14] warmStart 60% (1438/2380) regret=0.099328 ape=0.5281
[21:49:14] warmStart 60% (1439/2380) regret=0.099328 ape=0.5281
[21:49:14] warmStart 60% (1440/2380) regret=0.099328 ape=0.5281
[21:49:15] warmStart 60% (1441/2380) regret=0.099328 ape=0.5281
[21:49:15] warmStart 60% (1442/2380) regret=0.099328 ape=0.5281
[21:49:15] warmStart 60% (1443/2380) regret=0.099328 ape=0.5281
[21:49:15] warmStart 60% (1444/2380) regret=0.099328 ape=0.5281
[21:49:15] warmStart 60% (1445/2380) regret=0.099328 ape=0.5281
[21:49:15] warmStart 60% (1446/2380) regret=0.099328 ape=0.5281
[21:49:16] warmStart 60% (1447/2380) regret=0.099328 ape=0.5281
[21:49:16] warmStart 60% (1448/2380) regret=0.099328 ape=0.5281
[21:49:16] warmStart 60% (1449/2380) regret=0.099328 ape=0.5281
[21:49:16] warmStart 60% (1450/2380) regret=0.099328 ape=0.5281
[21:49:16] warmStart 60% (1451/2380) regret=0.099328 ape=0.5281
[21:49:17] warmStart 61% (1452/2380) regret=0.099328 ape=0.5281
[21:49:17] warmStart 61% (1453/2380) regret=0.099328 ape=0.5281
[21:49:17] warmStart 61% (1454/2380) regret=0.099328 ape=0.5281
[21:49:17] warmStart 61% (1455/2380) regret=0.099328 ape=0.5281
[21:49:17] warmStart 61% (1456/2380) regret=0.099328 ape=0.5281
[21:49:17] warmStart 61% (1457/2380) regret=0.099328 ape=0.5281
[21:49:18] warmStart 61% (1458/2380) regret=0.099328 ape=0.5281
[21:49:18] warmStart 61% (1459/2380) regret=0.099328 ape=0.5281
[21:49:18] warmStart 61% (1460/2380) regret=0.099328 ape=0.5281
[21:49:18] warmStart 61% (1461/2380) regret=0.099328 ape=0.5281
[21:49:18] warmStart 61% (1462/2380) regret=0.099328 ape=0.5281
[21:49:18] warmStart 61% (1463/2380) regret=0.099328 ape=0.5281
[21:49:19] warmStart 61% (1464/2380) regret=0.099328 ape=0.5281
[21:49:19] warmStart 61% (1465/2380) regret=0.099328 ape=0.5281
[21:49:19] warmStart 61% (1466/2380) regret=0.099328 ape=0.5281
[21:49:19] warmStart 61% (1467/2380) regret=0.099328 ape=0.5281
[21:49:19] warmStart 61% (1468/2380) regret=0.099305 ape=0.5281
[21:49:20] warmStart 61% (1469/2380) regret=0.099328 ape=0.5281
[21:49:20] warmStart 61% (1470/2380) regret=0.099328 ape=0.5281
[21:49:20] warmStart 61% (1471/2380) regret=0.099328 ape=0.5281
[21:49:20] warmStart 61% (1472/2380) regret=0.099328 ape=0.5281
[21:49:20] warmStart 61% (1473/2380) regret=0.099328 ape=0.5281
[21:49:20] warmStart 61% (1474/2380) regret=0.099328 ape=0.5281
[21:49:21] warmStart 61% (1475/2380) regret=0.099328 ape=0.5281
[21:49:21] warmStart 62% (1476/2380) regret=0.099328 ape=0.5281
[21:49:21] warmStart 62% (1477/2380) regret=0.099328 ape=0.5281
[21:49:21] warmStart 62% (1478/2380) regret=0.099328 ape=0.5281
[21:49:21] warmStart 62% (1479/2380) regret=0.099328 ape=0.5281
[21:49:21] warmStart 62% (1480/2380) regret=0.099328 ape=0.5281
[21:49:22] warmStart 62% (1481/2380) regret=0.099328 ape=0.5281
[21:49:22] warmStart 62% (1482/2380) regret=0.099328 ape=0.5281
[21:49:22] warmStart 62% (1483/2380) regret=0.099328 ape=0.5281
[21:49:22] warmStart 62% (1484/2380) regret=0.099328 ape=0.5281
[21:49:22] warmStart 62% (1485/2380) regret=0.099305 ape=0.5281
[21:49:23] warmStart 62% (1486/2380) regret=0.099328 ape=0.5281
[21:49:23] warmStart 62% (1487/2380) regret=0.099328 ape=0.5281
[21:49:23] warmStart 62% (1488/2380) regret=0.099328 ape=0.5281
[21:49:23] warmStart 62% (1489/2380) regret=0.099328 ape=0.5281
[21:49:23] warmStart 62% (1490/2380) regret=0.099328 ape=0.5281
[21:49:23] warmStart 62% (1491/2380) regret=0.099328 ape=0.5281
[21:49:24] warmStart 62% (1492/2380) regret=0.099328 ape=0.5281
[21:49:24] warmStart 62% (1493/2380) regret=0.099328 ape=0.5281
[21:49:24] warmStart 62% (1494/2380) regret=0.099328 ape=0.5281
[21:49:24] warmStart 62% (1495/2380) regret=0.099328 ape=0.5281
[21:49:24] warmStart 62% (1496/2380) regret=0.099328 ape=0.5281
[21:49:25] warmStart 62% (1497/2380) regret=0.099328 ape=0.5281
[21:49:25] warmStart 62% (1498/2380) regret=0.099328 ape=0.5281
[21:49:25] warmStart 62% (1499/2380) regret=0.099328 ape=0.5281
[21:49:25] warmStart 63% (1500/2380) regret=0.099328 ape=0.5281
[21:49:25] warmStart 63% (1501/2380) regret=0.099328 ape=0.5281
[21:49:25] warmStart 63% (1502/2380) regret=0.099328 ape=0.5281
[21:49:26] warmStart 63% (1503/2380) regret=0.099328 ape=0.5281
[21:49:26] warmStart 63% (1504/2380) regret=0.099328 ape=0.5281
[21:49:26] warmStart 63% (1505/2380) regret=0.099328 ape=0.5281
[21:49:26] warmStart 63% (1506/2380) regret=0.099305 ape=0.5281
[21:49:26] warmStart 63% (1507/2380) regret=0.099328 ape=0.5281
[21:49:26] warmStart 63% (1508/2380) regret=0.099328 ape=0.5281
[21:49:27] warmStart 63% (1509/2380) regret=0.099328 ape=0.5281
[21:49:27] warmStart 63% (1510/2380) regret=0.099328 ape=0.5281
[21:49:27] warmStart 63% (1511/2380) regret=0.099066 ape=0.5281
[21:49:27] warmStart 63% (1512/2380) regret=0.099066 ape=0.5281
[21:49:27] warmStart 63% (1513/2380) regret=0.099328 ape=0.5281
[21:49:28] warmStart 63% (1514/2380) regret=0.099066 ape=0.5281
[21:49:28] warmStart 63% (1515/2380) regret=0.099066 ape=0.5281
[21:49:28] warmStart 63% (1516/2380) regret=0.099066 ape=0.5281
[21:49:28] warmStart 63% (1517/2380) regret=0.099066 ape=0.5281
[21:49:28] warmStart 63% (1518/2380) regret=0.099066 ape=0.5281
[21:49:28] warmStart 63% (1519/2380) regret=0.099066 ape=0.5281
[21:49:29] warmStart 63% (1520/2380) regret=0.099066 ape=0.5281
[21:49:29] warmStart 63% (1521/2380) regret=0.099066 ape=0.5281
[21:49:29] warmStart 63% (1522/2380) regret=0.099066 ape=0.5281
[21:49:29] warmStart 63% (1523/2380) regret=0.099058 ape=0.5281
[21:49:29] warmStart 64% (1524/2380) regret=0.099066 ape=0.5281
[21:49:30] warmStart 64% (1525/2380) regret=0.099066 ape=0.5281
[21:49:30] warmStart 64% (1526/2380) regret=0.099066 ape=0.5281
[21:49:30] warmStart 64% (1527/2380) regret=0.099066 ape=0.5281
[21:49:30] warmStart 64% (1528/2380) regret=0.099066 ape=0.5281
[21:49:30] warmStart 64% (1529/2380) regret=0.099066 ape=0.5281
[21:49:30] warmStart 64% (1530/2380) regret=0.099066 ape=0.5281
[21:49:31] warmStart 64% (1531/2380) regret=0.099066 ape=0.5281
[21:49:31] warmStart 64% (1532/2380) regret=0.099066 ape=0.5281
[21:49:31] warmStart 64% (1533/2380) regret=0.099227 ape=0.5281
[21:49:31] warmStart 64% (1534/2380) regret=0.099227 ape=0.5281
[21:49:31] warmStart 64% (1535/2380) regret=0.099227 ape=0.5281
[21:49:31] warmStart 64% (1536/2380) regret=0.099227 ape=0.5281
[21:49:32] warmStart 64% (1537/2380) regret=0.099227 ape=0.5281
[21:49:32] warmStart 64% (1538/2380) regret=0.099227 ape=0.5281
[21:49:32] warmStart 64% (1539/2380) regret=0.099227 ape=0.5281
[21:49:32] warmStart 64% (1540/2380) regret=0.099229 ape=0.5281
[21:49:32] warmStart 64% (1541/2380) regret=0.099227 ape=0.5281
[21:49:33] warmStart 64% (1542/2380) regret=0.099227 ape=0.5281
[21:49:33] warmStart 64% (1543/2380) regret=0.099227 ape=0.5281
[21:49:33] warmStart 64% (1544/2380) regret=0.099227 ape=0.5281
[21:49:33] warmStart 64% (1545/2380) regret=0.099227 ape=0.5281
[21:49:33] warmStart 64% (1546/2380) regret=0.099227 ape=0.5281
[21:49:33] warmStart 65% (1547/2380) regret=0.099227 ape=0.5281
[21:49:34] warmStart 65% (1548/2380) regret=0.099227 ape=0.5281
[21:49:34] warmStart 65% (1549/2380) regret=0.099227 ape=0.5281
[21:49:34] warmStart 65% (1550/2380) regret=0.099227 ape=0.5281
[21:49:34] warmStart 65% (1551/2380) regret=0.098978 ape=0.5281
[21:49:34] warmStart 65% (1552/2380) regret=0.098978 ape=0.5281
[21:49:34] warmStart 65% (1553/2380) regret=0.098978 ape=0.5281
[21:49:35] warmStart 65% (1554/2380) regret=0.098978 ape=0.5281
[21:49:35] warmStart 65% (1555/2380) regret=0.098978 ape=0.5281
[21:49:35] warmStart 65% (1556/2380) regret=0.098978 ape=0.5281
[21:49:35] warmStart 65% (1557/2380) regret=0.098978 ape=0.5281
[21:49:35] warmStart 65% (1558/2380) regret=0.098978 ape=0.5281
[21:49:36] warmStart 65% (1559/2380) regret=0.098978 ape=0.5281
[21:49:36] warmStart 65% (1560/2380) regret=0.098978 ape=0.5281
[21:49:36] warmStart 65% (1561/2380) regret=0.098978 ape=0.5281
[21:49:36] warmStart 65% (1562/2380) regret=0.098978 ape=0.5281
[21:49:36] warmStart 65% (1563/2380) regret=0.098978 ape=0.5281
[21:49:36] warmStart 65% (1564/2380) regret=0.098978 ape=0.5281
[21:49:37] warmStart 65% (1565/2380) regret=0.098978 ape=0.5281
[21:49:37] warmStart 65% (1566/2380) regret=0.098978 ape=0.5281
[21:49:37] warmStart 65% (1567/2380) regret=0.098978 ape=0.5281
[21:49:37] warmStart 65% (1568/2380) regret=0.098978 ape=0.5281
[21:49:37] warmStart 65% (1569/2380) regret=0.098978 ape=0.5281
[21:49:37] warmStart 65% (1570/2380) regret=0.098978 ape=0.5281
[21:49:38] warmStart 66% (1571/2380) regret=0.098978 ape=0.5281
[21:49:38] warmStart 66% (1572/2380) regret=0.098978 ape=0.5281
[21:49:38] warmStart 66% (1573/2380) regret=0.098978 ape=0.5281
[21:49:38] warmStart 66% (1574/2380) regret=0.098978 ape=0.5281
[21:49:38] warmStart 66% (1575/2380) regret=0.098978 ape=0.5281
[21:49:39] warmStart 66% (1576/2380) regret=0.098978 ape=0.5281
[21:49:39] warmStart 66% (1577/2380) regret=0.098978 ape=0.5281
[21:49:39] warmStart 66% (1578/2380) regret=0.098978 ape=0.5281
[21:49:39] warmStart 66% (1579/2380) regret=0.098978 ape=0.5281
[21:49:39] warmStart 66% (1580/2380) regret=0.098978 ape=0.5281
[21:49:39] warmStart 66% (1581/2380) regret=0.098978 ape=0.5281
[21:49:40] warmStart 66% (1582/2380) regret=0.098978 ape=0.5281
[21:49:40] warmStart 66% (1583/2380) regret=0.098978 ape=0.5281
[21:49:40] warmStart 66% (1584/2380) regret=0.098978 ape=0.5281
[21:49:40] warmStart 66% (1585/2380) regret=0.098978 ape=0.5281
[21:49:40] warmStart 66% (1586/2380) regret=0.098978 ape=0.5281
[21:49:41] warmStart 66% (1587/2380) regret=0.098955 ape=0.5281
[21:49:41] warmStart 66% (1588/2380) regret=0.098978 ape=0.5281
[21:49:41] warmStart 66% (1589/2380) regret=0.098978 ape=0.5281
[21:49:41] warmStart 66% (1590/2380) regret=0.098978 ape=0.5281
[21:49:41] warmStart 66% (1591/2380) regret=0.098978 ape=0.5281
[21:49:41] warmStart 66% (1592/2380) regret=0.098978 ape=0.5281
[21:49:42] warmStart 66% (1593/2380) regret=0.098978 ape=0.5281
[21:49:42] warmStart 66% (1594/2380) regret=0.098978 ape=0.5281
[21:49:42] warmStart 67% (1595/2380) regret=0.098978 ape=0.5281
[21:49:42] warmStart 67% (1596/2380) regret=0.098978 ape=0.5281
[21:49:42] warmStart 67% (1597/2380) regret=0.098978 ape=0.5281
[21:49:42] warmStart 67% (1598/2380) regret=0.098978 ape=0.5281
[21:49:43] warmStart 67% (1599/2380) regret=0.098978 ape=0.5281
[21:49:43] warmStart 67% (1600/2380) regret=0.098978 ape=0.5281
[21:49:43] warmStart 67% (1601/2380) regret=0.098978 ape=0.5281
[21:49:43] warmStart 67% (1602/2380) regret=0.098978 ape=0.5281
[21:49:43] warmStart 67% (1603/2380) regret=0.098978 ape=0.5281
[21:49:44] warmStart 67% (1604/2380) regret=0.098978 ape=0.5281
[21:49:44] warmStart 67% (1605/2380) regret=0.098978 ape=0.5281
[21:49:44] warmStart 67% (1606/2380) regret=0.098978 ape=0.5281
[21:49:44] warmStart 67% (1607/2380) regret=0.098978 ape=0.5281
[21:49:44] warmStart 67% (1608/2380) regret=0.098978 ape=0.5281
[21:49:44] warmStart 67% (1609/2380) regret=0.098978 ape=0.5281
[21:49:45] warmStart 67% (1610/2380) regret=0.098978 ape=0.5281
[21:49:45] warmStart 67% (1611/2380) regret=0.098978 ape=0.5281
[21:49:45] warmStart 67% (1612/2380) regret=0.098978 ape=0.5281
[21:49:45] warmStart 67% (1613/2380) regret=0.098978 ape=0.5281
[21:49:45] warmStart 67% (1614/2380) regret=0.098978 ape=0.5281
[21:49:45] warmStart 67% (1615/2380) regret=0.098978 ape=0.5281
[21:49:46] warmStart 67% (1616/2380) regret=0.098978 ape=0.5281
[21:49:46] warmStart 67% (1617/2380) regret=0.098978 ape=0.5281
[21:49:46] warmStart 67% (1618/2380) regret=0.098978 ape=0.5281
[21:49:46] warmStart 68% (1619/2380) regret=0.098978 ape=0.5281
[21:49:46] warmStart 68% (1620/2380) regret=0.098978 ape=0.5281
[21:49:47] warmStart 68% (1621/2380) regret=0.098978 ape=0.5281
[21:49:47] warmStart 68% (1622/2380) regret=0.098997 ape=0.5281
[21:49:47] warmStart 68% (1623/2380) regret=0.098978 ape=0.5281
[21:49:47] warmStart 68% (1624/2380) regret=0.098978 ape=0.5281
[21:49:47] warmStart 68% (1625/2380) regret=0.098978 ape=0.5281
[21:49:47] warmStart 68% (1626/2380) regret=0.098978 ape=0.5281
[21:49:48] warmStart 68% (1627/2380) regret=0.098978 ape=0.5281
[21:49:48] warmStart 68% (1628/2380) regret=0.098978 ape=0.5281
[21:49:48] warmStart 68% (1629/2380) regret=0.098978 ape=0.5281
[21:49:48] warmStart 68% (1630/2380) regret=0.098978 ape=0.5281
[21:49:48] warmStart 68% (1631/2380) regret=0.098978 ape=0.5281
[21:49:49] warmStart 68% (1632/2380) regret=0.098734 ape=0.5281
[21:49:49] warmStart 68% (1633/2380) regret=0.098734 ape=0.5281
[21:49:49] warmStart 68% (1634/2380) regret=0.098734 ape=0.5281
[21:49:49] warmStart 68% (1635/2380) regret=0.098955 ape=0.5281
[21:49:49] warmStart 68% (1636/2380) regret=0.098734 ape=0.5281
[21:49:49] warmStart 68% (1637/2380) regret=0.099061 ape=0.5281
[21:49:50] warmStart 68% (1638/2380) regret=0.098734 ape=0.5281
[21:49:50] warmStart 68% (1639/2380) regret=0.098725 ape=0.5281
[21:49:50] warmStart 68% (1640/2380) regret=0.098734 ape=0.5281
[21:49:50] warmStart 68% (1641/2380) regret=0.098734 ape=0.5281
[21:49:50] warmStart 68% (1642/2380) regret=0.098734 ape=0.5281
[21:49:51] warmStart 69% (1643/2380) regret=0.098734 ape=0.5281
[21:49:51] warmStart 69% (1644/2380) regret=0.098734 ape=0.5281
[21:49:51] warmStart 69% (1645/2380) regret=0.098734 ape=0.5281
[21:49:51] warmStart 69% (1646/2380) regret=0.098734 ape=0.5281
[21:49:51] warmStart 69% (1647/2380) regret=0.098734 ape=0.5281
[21:49:51] warmStart 69% (1648/2380) regret=0.098734 ape=0.5281
[21:49:52] warmStart 69% (1649/2380) regret=0.098734 ape=0.5281
[21:49:52] warmStart 69% (1650/2380) regret=0.098734 ape=0.5281
[21:49:52] warmStart 69% (1651/2380) regret=0.098734 ape=0.5281
[21:49:52] warmStart 69% (1652/2380) regret=0.098734 ape=0.5281
[21:49:52] warmStart 69% (1653/2380) regret=0.098734 ape=0.5281
[21:49:53] warmStart 69% (1654/2380) regret=0.098734 ape=0.5281
[21:49:53] warmStart 69% (1655/2380) regret=0.098734 ape=0.5281
[21:49:53] warmStart 69% (1656/2380) regret=0.098734 ape=0.5281
[21:49:53] warmStart 69% (1657/2380) regret=0.098734 ape=0.5281
[21:49:53] warmStart 69% (1658/2380) regret=0.098734 ape=0.5281
[21:49:53] warmStart 69% (1659/2380) regret=0.098734 ape=0.5281
[21:49:54] warmStart 69% (1660/2380) regret=0.098734 ape=0.5281
[21:49:54] warmStart 69% (1661/2380) regret=0.098734 ape=0.5281
[21:49:54] warmStart 69% (1662/2380) regret=0.098734 ape=0.5281
[21:49:54] warmStart 69% (1663/2380) regret=0.098734 ape=0.5281
[21:49:54] warmStart 69% (1664/2380) regret=0.098734 ape=0.5281
[21:49:54] warmStart 69% (1665/2380) regret=0.098734 ape=0.5281
[21:49:55] warmStart 70% (1666/2380) regret=0.098734 ape=0.5281
[21:49:55] warmStart 70% (1667/2380) regret=0.098835 ape=0.5290
[21:49:55] warmStart 70% (1668/2380) regret=0.098835 ape=0.5290
[21:49:55] warmStart 70% (1669/2380) regret=0.098812 ape=0.5290
[21:49:55] warmStart 70% (1670/2380) regret=0.098835 ape=0.5290
[21:49:56] warmStart 70% (1671/2380) regret=0.098835 ape=0.5290
[21:49:56] warmStart 70% (1672/2380) regret=0.098826 ape=0.5290
[21:49:56] warmStart 70% (1673/2380) regret=0.098835 ape=0.5290
[21:49:56] warmStart 70% (1674/2380) regret=0.098835 ape=0.5290
[21:49:56] warmStart 70% (1675/2380) regret=0.098835 ape=0.5290
[21:49:56] warmStart 70% (1676/2380) regret=0.098835 ape=0.5290
[21:49:57] warmStart 70% (1677/2380) regret=0.098835 ape=0.5290
[21:49:57] warmStart 70% (1678/2380) regret=0.098835 ape=0.5290
[21:49:57] warmStart 70% (1679/2380) regret=0.099163 ape=0.5290
[21:49:57] warmStart 70% (1680/2380) regret=0.098826 ape=0.5290
[21:49:57] warmStart 70% (1681/2380) regret=0.098835 ape=0.5290
[21:49:58] warmStart 70% (1682/2380) regret=0.098835 ape=0.5290
[21:49:58] warmStart 70% (1683/2380) regret=0.098835 ape=0.5290
[21:49:58] warmStart 70% (1684/2380) regret=0.098835 ape=0.5290
[21:49:58] warmStart 70% (1685/2380) regret=0.098835 ape=0.5290
[21:49:58] warmStart 70% (1686/2380) regret=0.098835 ape=0.5290
[21:49:58] warmStart 70% (1687/2380) regret=0.098835 ape=0.5290
[21:49:59] warmStart 70% (1688/2380) regret=0.098835 ape=0.5290
[21:49:59] warmStart 70% (1689/2380) regret=0.098835 ape=0.5290
[21:49:59] warmStart 71% (1690/2380) regret=0.098835 ape=0.5290
[21:49:59] warmStart 71% (1691/2380) regret=0.098812 ape=0.5290
[21:49:59] warmStart 71% (1692/2380) regret=0.098835 ape=0.5290
[21:50:00] warmStart 71% (1693/2380) regret=0.098835 ape=0.5290
[21:50:00] warmStart 71% (1694/2380) regret=0.098835 ape=0.5290
[21:50:00] warmStart 71% (1695/2380) regret=0.098835 ape=0.5290
[21:50:00] warmStart 71% (1696/2380) regret=0.099163 ape=0.5290
[21:50:00] warmStart 71% (1697/2380) regret=0.098835 ape=0.5290
[21:50:00] warmStart 71% (1698/2380) regret=0.098835 ape=0.5290
[21:50:01] warmStart 71% (1699/2380) regret=0.098780 ape=0.5281
[21:50:01] warmStart 71% (1700/2380) regret=0.098835 ape=0.5290
[21:50:01] warmStart 71% (1701/2380) regret=0.098835 ape=0.5290
[21:50:01] warmStart 71% (1702/2380) regret=0.098835 ape=0.5290
[21:50:01] warmStart 71% (1703/2380) regret=0.098835 ape=0.5290
[21:50:01] warmStart 71% (1704/2380) regret=0.099098 ape=0.5290
[21:50:02] warmStart 71% (1705/2380) regret=0.098835 ape=0.5290
[21:50:02] warmStart 71% (1706/2380) regret=0.098835 ape=0.5290
[21:50:02] warmStart 71% (1707/2380) regret=0.098835 ape=0.5290
[21:50:02] warmStart 71% (1708/2380) regret=0.098835 ape=0.5290
[21:50:02] warmStart 71% (1709/2380) regret=0.098835 ape=0.5290
[21:50:03] warmStart 71% (1710/2380) regret=0.098835 ape=0.5290
[21:50:03] warmStart 71% (1711/2380) regret=0.098835 ape=0.5290
[21:50:03] warmStart 71% (1712/2380) regret=0.099057 ape=0.5290
[21:50:03] warmStart 71% (1713/2380) regret=0.098835 ape=0.5290
[21:50:03] warmStart 72% (1714/2380) regret=0.098835 ape=0.5290
[21:50:03] warmStart 72% (1715/2380) regret=0.098835 ape=0.5290
[21:50:04] warmStart 72% (1716/2380) regret=0.098835 ape=0.5290
[21:50:04] warmStart 72% (1717/2380) regret=0.098835 ape=0.5290
[21:50:04] warmStart 72% (1718/2380) regret=0.098835 ape=0.5290
[21:50:04] warmStart 72% (1719/2380) regret=0.098835 ape=0.5290
[21:50:04] warmStart 72% (1720/2380) regret=0.098835 ape=0.5290
[21:50:04] warmStart 72% (1721/2380) regret=0.098835 ape=0.5290
[21:50:05] warmStart 72% (1722/2380) regret=0.098835 ape=0.5290
[21:50:05] warmStart 72% (1723/2380) regret=0.098835 ape=0.5290
[21:50:05] warmStart 72% (1724/2380) regret=0.098835 ape=0.5290
[21:50:05] warmStart 72% (1725/2380) regret=0.098835 ape=0.5290
[21:50:05] warmStart 72% (1726/2380) regret=0.098780 ape=0.5281
[21:50:05] warmStart 72% (1727/2380) regret=0.098789 ape=0.5290
[21:50:06] warmStart 72% (1728/2380) regret=0.098780 ape=0.5281
[21:50:06] warmStart 72% (1729/2380) regret=0.098780 ape=0.5281
[21:50:06] warmStart 72% (1730/2380) regret=0.098780 ape=0.5281
[21:50:06] warmStart 72% (1731/2380) regret=0.098780 ape=0.5281
[21:50:06] warmStart 72% (1732/2380) regret=0.098757 ape=0.5281
[21:50:07] warmStart 72% (1733/2380) regret=0.098780 ape=0.5281
[21:50:07] warmStart 72% (1734/2380) regret=0.098780 ape=0.5281
[21:50:07] warmStart 72% (1735/2380) regret=0.098780 ape=0.5281
[21:50:07] warmStart 72% (1736/2380) regret=0.098780 ape=0.5281
[21:50:07] warmStart 72% (1737/2380) regret=0.098780 ape=0.5281
[21:50:07] warmStart 73% (1738/2380) regret=0.098780 ape=0.5281
[21:50:08] warmStart 73% (1739/2380) regret=0.098780 ape=0.5281
[21:50:08] warmStart 73% (1740/2380) regret=0.098780 ape=0.5281
[21:50:08] warmStart 73% (1741/2380) regret=0.098780 ape=0.5281
[21:50:08] warmStart 73% (1742/2380) regret=0.098780 ape=0.5281
[21:50:08] warmStart 73% (1743/2380) regret=0.098780 ape=0.5281
[21:50:08] warmStart 73% (1744/2380) regret=0.098780 ape=0.5281
[21:50:09] warmStart 73% (1745/2380) regret=0.098780 ape=0.5281
[21:50:09] warmStart 73% (1746/2380) regret=0.098780 ape=0.5281
[21:50:09] warmStart 73% (1747/2380) regret=0.098780 ape=0.5281
[21:50:09] warmStart 73% (1748/2380) regret=0.098780 ape=0.5281
[21:50:09] warmStart 73% (1749/2380) regret=0.098780 ape=0.5281
[21:50:10] warmStart 73% (1750/2380) regret=0.098780 ape=0.5281
[21:50:10] warmStart 73% (1751/2380) regret=0.098780 ape=0.5281
[21:50:10] warmStart 73% (1752/2380) regret=0.098780 ape=0.5281
[21:50:10] warmStart 73% (1753/2380) regret=0.098780 ape=0.5281
[21:50:10] warmStart 73% (1754/2380) regret=0.098757 ape=0.5281
[21:50:10] warmStart 73% (1755/2380) regret=0.098780 ape=0.5281
[21:50:11] warmStart 73% (1756/2380) regret=0.098780 ape=0.5281
[21:50:11] warmStart 73% (1757/2380) regret=0.098780 ape=0.5281
[21:50:11] warmStart 73% (1758/2380) regret=0.098780 ape=0.5281
[21:50:11] warmStart 73% (1759/2380) regret=0.098780 ape=0.5281
[21:50:11] warmStart 73% (1760/2380) regret=0.098780 ape=0.5281
[21:50:11] warmStart 73% (1761/2380) regret=0.098780 ape=0.5281
[21:50:12] warmStart 74% (1762/2380) regret=0.098780 ape=0.5281
[21:50:12] warmStart 74% (1763/2380) regret=0.098780 ape=0.5281
[21:50:12] warmStart 74% (1764/2380) regret=0.098780 ape=0.5281
[21:50:12] warmStart 74% (1765/2380) regret=0.098780 ape=0.5281
[21:50:12] warmStart 74% (1766/2380) regret=0.098780 ape=0.5281
[21:50:13] warmStart 74% (1767/2380) regret=0.098780 ape=0.5281
[21:50:13] warmStart 74% (1768/2380) regret=0.098780 ape=0.5281
[21:50:13] warmStart 74% (1769/2380) regret=0.098780 ape=0.5281
[21:50:13] warmStart 74% (1770/2380) regret=0.098780 ape=0.5281
[21:50:13] warmStart 74% (1771/2380) regret=0.098780 ape=0.5281
[21:50:14] warmStart 74% (1772/2380) regret=0.098946 ape=0.5281
[21:50:14] warmStart 74% (1773/2380) regret=0.098780 ape=0.5281
[21:50:14] warmStart 74% (1774/2380) regret=0.098780 ape=0.5281
[21:50:14] warmStart 74% (1775/2380) regret=0.098780 ape=0.5281
[21:50:14] warmStart 74% (1776/2380) regret=0.098780 ape=0.5281
[21:50:14] warmStart 74% (1777/2380) regret=0.098780 ape=0.5281
[21:50:15] warmStart 74% (1778/2380) regret=0.098780 ape=0.5281
[21:50:15] warmStart 74% (1779/2380) regret=0.098780 ape=0.5281
[21:50:15] warmStart 74% (1780/2380) regret=0.098757 ape=0.5281
[21:50:15] warmStart 74% (1781/2380) regret=0.098780 ape=0.5281
[21:50:15] warmStart 74% (1782/2380) regret=0.098881 ape=0.5281
[21:50:15] warmStart 74% (1783/2380) regret=0.098780 ape=0.5281
[21:50:16] warmStart 74% (1784/2380) regret=0.098780 ape=0.5281
[21:50:16] warmStart 75% (1785/2380) regret=0.098780 ape=0.5281
[21:50:16] warmStart 75% (1786/2380) regret=0.098780 ape=0.5281
[21:50:16] warmStart 75% (1787/2380) regret=0.098780 ape=0.5281
[21:50:16] warmStart 75% (1788/2380) regret=0.098780 ape=0.5281
[21:50:17] warmStart 75% (1789/2380) regret=0.098780 ape=0.5281
[21:50:17] warmStart 75% (1790/2380) regret=0.098780 ape=0.5281
[21:50:17] warmStart 75% (1791/2380) regret=0.098780 ape=0.5281
[21:50:17] warmStart 75% (1792/2380) regret=0.098780 ape=0.5281
[21:50:17] warmStart 75% (1793/2380) regret=0.098780 ape=0.5281
[21:50:17] warmStart 75% (1794/2380) regret=0.098780 ape=0.5281
[21:50:18] warmStart 75% (1795/2380) regret=0.098780 ape=0.5281
[21:50:18] warmStart 75% (1796/2380) regret=0.098780 ape=0.5281
[21:50:18] warmStart 75% (1797/2380) regret=0.098780 ape=0.5281
[21:50:18] warmStart 75% (1798/2380) regret=0.098881 ape=0.5281
[21:50:18] warmStart 75% (1799/2380) regret=0.098780 ape=0.5281
[21:50:18] warmStart 75% (1800/2380) regret=0.098780 ape=0.5281
[21:50:19] warmStart 75% (1801/2380) regret=0.098771 ape=0.5281
[21:50:19] warmStart 75% (1802/2380) regret=0.098780 ape=0.5281
[21:50:19] warmStart 75% (1803/2380) regret=0.098757 ape=0.5281
[21:50:19] warmStart 75% (1804/2380) regret=0.098780 ape=0.5281
[21:50:19] warmStart 75% (1805/2380) regret=0.098780 ape=0.5281
[21:50:20] warmStart 75% (1806/2380) regret=0.098780 ape=0.5281
[21:50:20] warmStart 75% (1807/2380) regret=0.098780 ape=0.5281
[21:50:20] warmStart 75% (1808/2380) regret=0.098780 ape=0.5281
[21:50:20] warmStart 76% (1809/2380) regret=0.098780 ape=0.5281
[21:50:20] warmStart 76% (1810/2380) regret=0.098780 ape=0.5281
[21:50:21] warmStart 76% (1811/2380) regret=0.098780 ape=0.5281
[21:50:21] warmStart 76% (1812/2380) regret=0.098780 ape=0.5281
[21:50:21] warmStart 76% (1813/2380) regret=0.098771 ape=0.5281
[21:50:21] warmStart 76% (1814/2380) regret=0.098780 ape=0.5281
[21:50:21] warmStart 76% (1815/2380) regret=0.098780 ape=0.5281
[21:50:21] warmStart 76% (1816/2380) regret=0.098780 ape=0.5281
[21:50:22] warmStart 76% (1817/2380) regret=0.098780 ape=0.5281
[21:50:22] warmStart 76% (1818/2380) regret=0.098780 ape=0.5281
[21:50:22] warmStart 76% (1819/2380) regret=0.098780 ape=0.5281
[21:50:22] warmStart 76% (1820/2380) regret=0.098780 ape=0.5281
[21:50:22] warmStart 76% (1821/2380) regret=0.098780 ape=0.5281
[21:50:23] warmStart 76% (1822/2380) regret=0.098780 ape=0.5281
[21:50:23] warmStart 76% (1823/2380) regret=0.098780 ape=0.5281
[21:50:23] warmStart 76% (1824/2380) regret=0.098780 ape=0.5281
[21:50:23] warmStart 76% (1825/2380) regret=0.098780 ape=0.5281
[21:50:23] warmStart 76% (1826/2380) regret=0.098780 ape=0.5281
[21:50:23] warmStart 76% (1827/2380) regret=0.098780 ape=0.5281
[21:50:24] warmStart 76% (1828/2380) regret=0.098780 ape=0.5281
[21:50:24] warmStart 76% (1829/2380) regret=0.098780 ape=0.5281
[21:50:24] warmStart 76% (1830/2380) regret=0.098780 ape=0.5281
[21:50:24] warmStart 76% (1831/2380) regret=0.098780 ape=0.5281
[21:50:24] warmStart 76% (1832/2380) regret=0.098780 ape=0.5281
[21:50:25] warmStart 77% (1833/2380) regret=0.098780 ape=0.5281
[21:50:25] warmStart 77% (1834/2380) regret=0.098780 ape=0.5281
[21:50:25] warmStart 77% (1835/2380) regret=0.098780 ape=0.5281
[21:50:25] warmStart 77% (1836/2380) regret=0.098780 ape=0.5281
[21:50:25] warmStart 77% (1837/2380) regret=0.098780 ape=0.5281
[21:50:25] warmStart 77% (1838/2380) regret=0.098780 ape=0.5281
[21:50:26] warmStart 77% (1839/2380) regret=0.098780 ape=0.5281
[21:50:26] warmStart 77% (1840/2380) regret=0.098780 ape=0.5281
[21:50:26] warmStart 77% (1841/2380) regret=0.098780 ape=0.5281
[21:50:26] warmStart 77% (1842/2380) regret=0.098780 ape=0.5281
[21:50:26] warmStart 77% (1843/2380) regret=0.099043 ape=0.5281
[21:50:27] warmStart 77% (1844/2380) regret=0.098531 ape=0.5281
[21:50:27] warmStart 77% (1845/2380) regret=0.098780 ape=0.5281
[21:50:27] warmStart 77% (1846/2380) regret=0.098881 ape=0.5281
[21:50:27] warmStart 77% (1847/2380) regret=0.098757 ape=0.5281
[21:50:27] warmStart 77% (1848/2380) regret=0.098780 ape=0.5281
[21:50:27] warmStart 77% (1849/2380) regret=0.098780 ape=0.5281
[21:50:28] warmStart 77% (1850/2380) regret=0.098780 ape=0.5281
[21:50:28] warmStart 77% (1851/2380) regret=0.098780 ape=0.5281
[21:50:28] warmStart 77% (1852/2380) regret=0.098780 ape=0.5281
[21:50:28] warmStart 77% (1853/2380) regret=0.098494 ape=0.5272
[21:50:28] warmStart 77% (1854/2380) regret=0.098494 ape=0.5272
[21:50:29] warmStart 77% (1855/2380) regret=0.098494 ape=0.5272
[21:50:29] warmStart 77% (1856/2380) regret=0.098494 ape=0.5272
[21:50:29] warmStart 78% (1857/2380) regret=0.098494 ape=0.5272
[21:50:29] warmStart 78% (1858/2380) regret=0.098494 ape=0.5272
[21:50:29] warmStart 78% (1859/2380) regret=0.098494 ape=0.5272
[21:50:30] warmStart 78% (1860/2380) regret=0.098494 ape=0.5272
[21:50:30] warmStart 78% (1861/2380) regret=0.098333 ape=0.5272
[21:50:30] warmStart 78% (1862/2380) regret=0.098333 ape=0.5272
[21:50:30] warmStart 78% (1863/2380) regret=0.098333 ape=0.5272
[21:50:30] warmStart 78% (1864/2380) regret=0.098333 ape=0.5272
[21:50:30] warmStart 78% (1865/2380) regret=0.098333 ape=0.5272
[21:50:31] warmStart 78% (1866/2380) regret=0.098333 ape=0.5272
[21:50:31] warmStart 78% (1867/2380) regret=0.098333 ape=0.5272
[21:50:31] warmStart 78% (1868/2380) regret=0.098333 ape=0.5272
[21:50:31] warmStart 78% (1869/2380) regret=0.098333 ape=0.5272
[21:50:31] warmStart 78% (1870/2380) regret=0.098333 ape=0.5272
[21:50:31] warmStart 78% (1871/2380) regret=0.098333 ape=0.5272
[21:50:32] warmStart 78% (1872/2380) regret=0.098342 ape=0.5272
[21:50:32] warmStart 78% (1873/2380) regret=0.098333 ape=0.5272
[21:50:32] warmStart 78% (1874/2380) regret=0.098319 ape=0.5272
[21:50:32] warmStart 78% (1875/2380) regret=0.098342 ape=0.5272
[21:50:32] warmStart 78% (1876/2380) regret=0.098342 ape=0.5272
[21:50:33] warmStart 78% (1877/2380) regret=0.098342 ape=0.5272
[21:50:33] warmStart 78% (1878/2380) regret=0.098342 ape=0.5272
[21:50:33] warmStart 78% (1879/2380) regret=0.098342 ape=0.5272
[21:50:33] warmStart 78% (1880/2380) regret=0.098342 ape=0.5272
[21:50:33] warmStart 79% (1881/2380) regret=0.098342 ape=0.5272
[21:50:33] warmStart 79% (1882/2380) regret=0.098342 ape=0.5272
[21:50:34] warmStart 79% (1883/2380) regret=0.098342 ape=0.5272
[21:50:34] warmStart 79% (1884/2380) regret=0.098342 ape=0.5272
[21:50:34] warmStart 79% (1885/2380) regret=0.098342 ape=0.5272
[21:50:34] warmStart 79% (1886/2380) regret=0.098342 ape=0.5272
[21:50:34] warmStart 79% (1887/2380) regret=0.098342 ape=0.5272
[21:50:35] warmStart 79% (1888/2380) regret=0.098342 ape=0.5272
[21:50:35] warmStart 79% (1889/2380) regret=0.098342 ape=0.5272
[21:50:35] warmStart 79% (1890/2380) regret=0.098342 ape=0.5272
[21:50:35] warmStart 79% (1891/2380) regret=0.098342 ape=0.5272
[21:50:35] warmStart 79% (1892/2380) regret=0.098342 ape=0.5272
[21:50:35] warmStart 79% (1893/2380) regret=0.098342 ape=0.5272
[21:50:36] warmStart 79% (1894/2380) regret=0.098342 ape=0.5272
[21:50:36] warmStart 79% (1895/2380) regret=0.098342 ape=0.5272
[21:50:36] warmStart 79% (1896/2380) regret=0.098342 ape=0.5272
[21:50:36] warmStart 79% (1897/2380) regret=0.098342 ape=0.5272
[21:50:36] warmStart 79% (1898/2380) regret=0.098342 ape=0.5272
[21:50:37] warmStart 79% (1899/2380) regret=0.098344 ape=0.5272
[21:50:37] warmStart 79% (1900/2380) regret=0.098342 ape=0.5272
[21:50:37] warmStart 79% (1901/2380) regret=0.098342 ape=0.5272
[21:50:37] warmStart 79% (1902/2380) regret=0.098287 ape=0.5263
[21:50:37] warmStart 79% (1903/2380) regret=0.098342 ape=0.5272
[21:50:37] warmStart 80% (1904/2380) regret=0.098342 ape=0.5272
[21:50:38] warmStart 80% (1905/2380) regret=0.098342 ape=0.5272
[21:50:38] warmStart 80% (1906/2380) regret=0.098342 ape=0.5272
[21:50:38] warmStart 80% (1907/2380) regret=0.098342 ape=0.5272
[21:50:38] warmStart 80% (1908/2380) regret=0.098342 ape=0.5272
[21:50:38] warmStart 80% (1909/2380) regret=0.098342 ape=0.5272
[21:50:38] warmStart 80% (1910/2380) regret=0.098342 ape=0.5272
[21:50:39] warmStart 80% (1911/2380) regret=0.098093 ape=0.5272
[21:50:39] warmStart 80% (1912/2380) regret=0.098342 ape=0.5272
[21:50:39] warmStart 80% (1913/2380) regret=0.098342 ape=0.5272
[21:50:39] warmStart 80% (1914/2380) regret=0.098342 ape=0.5272
[21:50:39] warmStart 80% (1915/2380) regret=0.098342 ape=0.5272
[21:50:40] warmStart 80% (1916/2380) regret=0.098458 ape=0.5281
[21:50:40] warmStart 80% (1917/2380) regret=0.098342 ape=0.5272
[21:50:40] warmStart 80% (1918/2380) regret=0.098342 ape=0.5272
[21:50:40] warmStart 80% (1919/2380) regret=0.098342 ape=0.5272
[21:50:40] warmStart 80% (1920/2380) regret=0.098344 ape=0.5272
[21:50:40] warmStart 80% (1921/2380) regret=0.098342 ape=0.5272
[21:50:41] warmStart 80% (1922/2380) regret=0.098342 ape=0.5272
[21:50:41] warmStart 80% (1923/2380) regret=0.098342 ape=0.5272
[21:50:41] warmStart 80% (1924/2380) regret=0.098250 ape=0.5272
[21:50:41] warmStart 80% (1925/2380) regret=0.098250 ape=0.5272
[21:50:41] warmStart 80% (1926/2380) regret=0.098250 ape=0.5272
[21:50:41] warmStart 80% (1927/2380) regret=0.098250 ape=0.5272
[21:50:42] warmStart 81% (1928/2380) regret=0.098250 ape=0.5272
[21:50:42] warmStart 81% (1929/2380) regret=0.098250 ape=0.5272
[21:50:42] warmStart 81% (1930/2380) regret=0.098250 ape=0.5272
[21:50:42] warmStart 81% (1931/2380) regret=0.098250 ape=0.5272
[21:50:42] warmStart 81% (1932/2380) regret=0.098250 ape=0.5272
[21:50:43] warmStart 81% (1933/2380) regret=0.098250 ape=0.5272
[21:50:43] warmStart 81% (1934/2380) regret=0.098250 ape=0.5272
[21:50:43] warmStart 81% (1935/2380) regret=0.098250 ape=0.5272
[21:50:43] warmStart 81% (1936/2380) regret=0.098250 ape=0.5272
[21:50:43] warmStart 81% (1937/2380) regret=0.098252 ape=0.5272
[21:50:43] warmStart 81% (1938/2380) regret=0.098250 ape=0.5272
[21:50:44] warmStart 81% (1939/2380) regret=0.098250 ape=0.5272
[21:50:44] warmStart 81% (1940/2380) regret=0.098001 ape=0.5272
[21:50:44] warmStart 81% (1941/2380) regret=0.098001 ape=0.5272
[21:50:44] warmStart 81% (1942/2380) regret=0.098001 ape=0.5272
[21:50:44] warmStart 81% (1943/2380) regret=0.098001 ape=0.5272
[21:50:45] warmStart 81% (1944/2380) regret=0.098001 ape=0.5272
[21:50:45] warmStart 81% (1945/2380) regret=0.098001 ape=0.5272
[21:50:45] warmStart 81% (1946/2380) regret=0.098001 ape=0.5272
[21:50:45] warmStart 81% (1947/2380) regret=0.098001 ape=0.5272
[21:50:45] warmStart 81% (1948/2380) regret=0.098001 ape=0.5272
[21:50:45] warmStart 81% (1949/2380) regret=0.098001 ape=0.5272
[21:50:46] warmStart 81% (1950/2380) regret=0.098001 ape=0.5272
[21:50:46] warmStart 81% (1951/2380) regret=0.098001 ape=0.5272
[21:50:46] warmStart 82% (1952/2380) regret=0.098001 ape=0.5272
[21:50:46] warmStart 82% (1953/2380) regret=0.098001 ape=0.5272
[21:50:46] warmStart 82% (1954/2380) regret=0.098001 ape=0.5272
[21:50:46] warmStart 82% (1955/2380) regret=0.098001 ape=0.5272
[21:50:47] warmStart 82% (1956/2380) regret=0.098103 ape=0.5272
[21:50:47] warmStart 82% (1957/2380) regret=0.098001 ape=0.5272
[21:50:47] warmStart 82% (1958/2380) regret=0.098001 ape=0.5272
[21:50:47] warmStart 82% (1959/2380) regret=0.098001 ape=0.5272
[21:50:47] warmStart 82% (1960/2380) regret=0.098001 ape=0.5272
[21:50:48] warmStart 82% (1961/2380) regret=0.098001 ape=0.5272
[21:50:48] warmStart 82% (1962/2380) regret=0.098001 ape=0.5272
[21:50:48] warmStart 82% (1963/2380) regret=0.098001 ape=0.5272
[21:50:48] warmStart 82% (1964/2380) regret=0.098001 ape=0.5272
[21:50:48] warmStart 82% (1965/2380) regret=0.098001 ape=0.5272
[21:50:48] warmStart 82% (1966/2380) regret=0.097992 ape=0.5272
[21:50:49] warmStart 82% (1967/2380) regret=0.098001 ape=0.5272
[21:50:49] warmStart 82% (1968/2380) regret=0.097992 ape=0.5272
[21:50:49] warmStart 82% (1969/2380) regret=0.097992 ape=0.5272
[21:50:49] warmStart 82% (1970/2380) regret=0.097992 ape=0.5272
[21:50:49] warmStart 82% (1971/2380) regret=0.097992 ape=0.5272
[21:50:50] warmStart 82% (1972/2380) regret=0.097992 ape=0.5272
[21:50:50] warmStart 82% (1973/2380) regret=0.097992 ape=0.5272
[21:50:50] warmStart 82% (1974/2380) regret=0.097992 ape=0.5272
[21:50:50] warmStart 82% (1975/2380) regret=0.097992 ape=0.5272
[21:50:50] warmStart 83% (1976/2380) regret=0.097992 ape=0.5272
[21:50:50] warmStart 83% (1977/2380) regret=0.097992 ape=0.5272
[21:50:51] warmStart 83% (1978/2380) regret=0.098001 ape=0.5272
[21:50:51] warmStart 83% (1979/2380) regret=0.098001 ape=0.5272
[21:50:51] warmStart 83% (1980/2380) regret=0.098001 ape=0.5272
[21:50:51] warmStart 83% (1981/2380) regret=0.098020 ape=0.5272
[21:50:51] warmStart 83% (1982/2380) regret=0.097985 ape=0.5272
[21:50:51] warmStart 83% (1983/2380) regret=0.098001 ape=0.5272
[21:50:52] warmStart 83% (1984/2380) regret=0.098001 ape=0.5272
[21:50:52] warmStart 83% (1985/2380) regret=0.098001 ape=0.5272
[21:50:52] warmStart 83% (1986/2380) regret=0.098001 ape=0.5272
[21:50:52] warmStart 83% (1987/2380) regret=0.098001 ape=0.5272
[21:50:52] warmStart 83% (1988/2380) regret=0.098001 ape=0.5272
[21:50:53] warmStart 83% (1989/2380) regret=0.098012 ape=0.5272
[21:50:53] warmStart 83% (1990/2380) regret=0.098001 ape=0.5272
[21:50:53] warmStart 83% (1991/2380) regret=0.098001 ape=0.5272
[21:50:53] warmStart 83% (1992/2380) regret=0.098001 ape=0.5272
[21:50:53] warmStart 83% (1993/2380) regret=0.098001 ape=0.5272
[21:50:53] warmStart 83% (1994/2380) regret=0.098001 ape=0.5272
[21:50:54] warmStart 83% (1995/2380) regret=0.098001 ape=0.5272
[21:50:54] warmStart 83% (1996/2380) regret=0.098001 ape=0.5272
[21:50:54] warmStart 83% (1997/2380) regret=0.097999 ape=0.5272
[21:50:54] warmStart 83% (1998/2380) regret=0.098001 ape=0.5272
[21:50:54] warmStart 83% (1999/2380) regret=0.098001 ape=0.5272
[21:50:54] warmStart 84% (2000/2380) regret=0.098001 ape=0.5272
[21:50:55] warmStart 84% (2001/2380) regret=0.098001 ape=0.5272
[21:50:55] warmStart 84% (2002/2380) regret=0.098001 ape=0.5272
[21:50:55] warmStart 84% (2003/2380) regret=0.098001 ape=0.5272
[21:50:55] warmStart 84% (2004/2380) regret=0.098001 ape=0.5272
[21:50:55] warmStart 84% (2005/2380) regret=0.098001 ape=0.5272
[21:50:55] warmStart 84% (2006/2380) regret=0.098001 ape=0.5272
[21:50:56] warmStart 84% (2007/2380) regret=0.098001 ape=0.5272
[21:50:56] warmStart 84% (2008/2380) regret=0.098001 ape=0.5272
[21:50:56] warmStart 84% (2009/2380) regret=0.098001 ape=0.5272
[21:50:56] warmStart 84% (2010/2380) regret=0.098001 ape=0.5272
[21:50:56] warmStart 84% (2011/2380) regret=0.098001 ape=0.5272
[21:50:57] warmStart 84% (2012/2380) regret=0.098001 ape=0.5272
[21:50:57] warmStart 84% (2013/2380) regret=0.098001 ape=0.5272
[21:50:57] warmStart 84% (2014/2380) regret=0.098001 ape=0.5272
[21:50:57] warmStart 84% (2015/2380) regret=0.098001 ape=0.5272
[21:50:57] warmStart 84% (2016/2380) regret=0.098001 ape=0.5272
[21:50:57] warmStart 84% (2017/2380) regret=0.098001 ape=0.5272
[21:50:58] warmStart 84% (2018/2380) regret=0.098001 ape=0.5272
[21:50:58] warmStart 84% (2019/2380) regret=0.098001 ape=0.5272
[21:50:58] warmStart 84% (2020/2380) regret=0.098001 ape=0.5272
[21:50:58] warmStart 84% (2021/2380) regret=0.098328 ape=0.5272
[21:50:58] warmStart 84% (2022/2380) regret=0.098001 ape=0.5272
[21:50:58] warmStart 85% (2023/2380) regret=0.098001 ape=0.5272
[21:50:59] warmStart 85% (2024/2380) regret=0.098001 ape=0.5272
[21:50:59] warmStart 85% (2025/2380) regret=0.098001 ape=0.5272
[21:50:59] warmStart 85% (2026/2380) regret=0.098001 ape=0.5272
[21:50:59] warmStart 85% (2027/2380) regret=0.098001 ape=0.5272
[21:50:59] warmStart 85% (2028/2380) regret=0.098001 ape=0.5272
[21:51:00] warmStart 85% (2029/2380) regret=0.098001 ape=0.5272
[21:51:00] warmStart 85% (2030/2380) regret=0.098001 ape=0.5272
[21:51:00] warmStart 85% (2031/2380) regret=0.098001 ape=0.5272
[21:51:00] warmStart 85% (2032/2380) regret=0.098001 ape=0.5272
[21:51:00] warmStart 85% (2033/2380) regret=0.098001 ape=0.5272
[21:51:00] warmStart 85% (2034/2380) regret=0.098001 ape=0.5272
[21:51:01] warmStart 85% (2035/2380) regret=0.098001 ape=0.5272
[21:51:01] warmStart 85% (2036/2380) regret=0.098001 ape=0.5272
[21:51:01] warmStart 85% (2037/2380) regret=0.098006 ape=0.5281
[21:51:01] warmStart 85% (2038/2380) regret=0.098001 ape=0.5272
[21:51:01] warmStart 85% (2039/2380) regret=0.098001 ape=0.5272
[21:51:01] warmStart 85% (2040/2380) regret=0.098001 ape=0.5272
[21:51:02] warmStart 85% (2041/2380) regret=0.098001 ape=0.5272
[21:51:02] warmStart 85% (2042/2380) regret=0.098001 ape=0.5272
[21:51:02] warmStart 85% (2043/2380) regret=0.098001 ape=0.5272
[21:51:02] warmStart 85% (2044/2380) regret=0.098001 ape=0.5272
[21:51:02] warmStart 85% (2045/2380) regret=0.097985 ape=0.5272
[21:51:03] warmStart 85% (2046/2380) regret=0.097985 ape=0.5272
[21:51:03] warmStart 86% (2047/2380) regret=0.097985 ape=0.5272
[21:51:03] warmStart 86% (2048/2380) regret=0.098100 ape=0.5281
[21:51:03] warmStart 86% (2049/2380) regret=0.097985 ape=0.5272
[21:51:03] warmStart 86% (2050/2380) regret=0.097985 ape=0.5272
[21:51:03] warmStart 86% (2051/2380) regret=0.097985 ape=0.5272
[21:51:04] warmStart 86% (2052/2380) regret=0.097985 ape=0.5272
[21:51:04] warmStart 86% (2053/2380) regret=0.097985 ape=0.5272
[21:51:04] warmStart 86% (2054/2380) regret=0.097985 ape=0.5272
[21:51:04] warmStart 86% (2055/2380) regret=0.097985 ape=0.5272
[21:51:04] warmStart 86% (2056/2380) regret=0.097985 ape=0.5272
[21:51:04] warmStart 86% (2057/2380) regret=0.097985 ape=0.5272
[21:51:05] warmStart 86% (2058/2380) regret=0.097985 ape=0.5272
[21:51:05] warmStart 86% (2059/2380) regret=0.097985 ape=0.5272
[21:51:05] warmStart 86% (2060/2380) regret=0.097985 ape=0.5272
[21:51:05] warmStart 86% (2061/2380) regret=0.097985 ape=0.5272
[21:51:05] warmStart 86% (2062/2380) regret=0.098077 ape=0.5281
[21:51:06] warmStart 86% (2063/2380) regret=0.097985 ape=0.5272
[21:51:06] warmStart 86% (2064/2380) regret=0.097985 ape=0.5272
[21:51:06] warmStart 86% (2065/2380) regret=0.097985 ape=0.5272
[21:51:06] warmStart 86% (2066/2380) regret=0.097985 ape=0.5272
[21:51:06] warmStart 86% (2067/2380) regret=0.097985 ape=0.5272
[21:51:06] warmStart 86% (2068/2380) regret=0.097985 ape=0.5272
[21:51:07] warmStart 86% (2069/2380) regret=0.097985 ape=0.5272
[21:51:07] warmStart 86% (2070/2380) regret=0.097985 ape=0.5272
[21:51:07] warmStart 87% (2071/2380) regret=0.097985 ape=0.5272
[21:51:07] warmStart 87% (2072/2380) regret=0.097985 ape=0.5272
[21:51:07] warmStart 87% (2073/2380) regret=0.097985 ape=0.5272
[21:51:08] warmStart 87% (2074/2380) regret=0.097985 ape=0.5272
[21:51:08] warmStart 87% (2075/2380) regret=0.097985 ape=0.5272
[21:51:08] warmStart 87% (2076/2380) regret=0.097985 ape=0.5272
[21:51:08] warmStart 87% (2077/2380) regret=0.097985 ape=0.5272
[21:51:08] warmStart 87% (2078/2380) regret=0.097985 ape=0.5272
[21:51:08] warmStart 87% (2079/2380) regret=0.097985 ape=0.5272
[21:51:09] warmStart 87% (2080/2380) regret=0.097985 ape=0.5272
[21:51:09] warmStart 87% (2081/2380) regret=0.097985 ape=0.5272
[21:51:09] warmStart 87% (2082/2380) regret=0.097985 ape=0.5272
[21:51:09] warmStart 87% (2083/2380) regret=0.097985 ape=0.5272
[21:51:09] warmStart 87% (2084/2380) regret=0.097985 ape=0.5272
[21:51:09] warmStart 87% (2085/2380) regret=0.097985 ape=0.5272
[21:51:10] warmStart 87% (2086/2380) regret=0.097985 ape=0.5272
[21:51:10] warmStart 87% (2087/2380) regret=0.097985 ape=0.5272
[21:51:10] warmStart 87% (2088/2380) regret=0.097985 ape=0.5272
[21:51:10] warmStart 87% (2089/2380) regret=0.097985 ape=0.5272
[21:51:10] warmStart 87% (2090/2380) regret=0.097985 ape=0.5272
[21:51:11] warmStart 87% (2091/2380) regret=0.097985 ape=0.5272
[21:51:11] warmStart 87% (2092/2380) regret=0.097985 ape=0.5272
[21:51:11] warmStart 87% (2093/2380) regret=0.097985 ape=0.5272
[21:51:11] warmStart 87% (2094/2380) regret=0.097985 ape=0.5272
[21:51:11] warmStart 88% (2095/2380) regret=0.097985 ape=0.5272
[21:51:11] warmStart 88% (2096/2380) regret=0.097985 ape=0.5272
[21:51:12] warmStart 88% (2097/2380) regret=0.097985 ape=0.5272
[21:51:12] warmStart 88% (2098/2380) regret=0.097985 ape=0.5272
[21:51:12] warmStart 88% (2099/2380) regret=0.097985 ape=0.5272
[21:51:12] warmStart 88% (2100/2380) regret=0.097985 ape=0.5272
[21:51:12] warmStart 88% (2101/2380) regret=0.097985 ape=0.5272
[21:51:12] warmStart 88% (2102/2380) regret=0.097985 ape=0.5272
[21:51:13] warmStart 88% (2103/2380) regret=0.097985 ape=0.5272
[21:51:13] warmStart 88% (2104/2380) regret=0.097985 ape=0.5272
[21:51:13] warmStart 88% (2105/2380) regret=0.097985 ape=0.5272
[21:51:13] warmStart 88% (2106/2380) regret=0.097985 ape=0.5272
[21:51:13] warmStart 88% (2107/2380) regret=0.097985 ape=0.5272
[21:51:14] warmStart 88% (2108/2380) regret=0.097985 ape=0.5272
[21:51:14] warmStart 88% (2109/2380) regret=0.097985 ape=0.5272
[21:51:14] warmStart 88% (2110/2380) regret=0.097985 ape=0.5272
[21:51:14] warmStart 88% (2111/2380) regret=0.097985 ape=0.5272
[21:51:14] warmStart 88% (2112/2380) regret=0.097985 ape=0.5272
[21:51:14] warmStart 88% (2113/2380) regret=0.097985 ape=0.5272
[21:51:15] warmStart 88% (2114/2380) regret=0.097985 ape=0.5272
[21:51:15] warmStart 88% (2115/2380) regret=0.097985 ape=0.5272
[21:51:15] warmStart 88% (2116/2380) regret=0.097985 ape=0.5272
[21:51:15] warmStart 88% (2117/2380) regret=0.097985 ape=0.5272
[21:51:15] warmStart 88% (2118/2380) regret=0.097985 ape=0.5272
[21:51:15] warmStart 89% (2119/2380) regret=0.097985 ape=0.5272
[21:51:16] warmStart 89% (2120/2380) regret=0.097985 ape=0.5272
[21:51:16] warmStart 89% (2121/2380) regret=0.097985 ape=0.5272
[21:51:16] warmStart 89% (2122/2380) regret=0.097985 ape=0.5272
[21:51:16] warmStart 89% (2123/2380) regret=0.097985 ape=0.5272
[21:51:16] warmStart 89% (2124/2380) regret=0.097985 ape=0.5272
[21:51:17] warmStart 89% (2125/2380) regret=0.097985 ape=0.5272
[21:51:17] warmStart 89% (2126/2380) regret=0.097939 ape=0.5272
[21:51:17] warmStart 89% (2127/2380) regret=0.097939 ape=0.5272
[21:51:17] warmStart 89% (2128/2380) regret=0.097958 ape=0.5272
[21:51:17] warmStart 89% (2129/2380) regret=0.097939 ape=0.5272
[21:51:17] warmStart 89% (2130/2380) regret=0.097939 ape=0.5272
[21:51:18] warmStart 89% (2131/2380) regret=0.097939 ape=0.5272
[21:51:18] warmStart 89% (2132/2380) regret=0.097939 ape=0.5272
[21:51:18] warmStart 89% (2133/2380) regret=0.097939 ape=0.5272
[21:51:18] warmStart 89% (2134/2380) regret=0.097939 ape=0.5272
[21:51:18] warmStart 89% (2135/2380) regret=0.097939 ape=0.5272
[21:51:18] warmStart 89% (2136/2380) regret=0.097939 ape=0.5272
[21:51:19] warmStart 89% (2137/2380) regret=0.097939 ape=0.5272
[21:51:19] warmStart 89% (2138/2380) regret=0.097939 ape=0.5272
[21:51:19] warmStart 89% (2139/2380) regret=0.097939 ape=0.5272
[21:51:19] warmStart 89% (2140/2380) regret=0.097939 ape=0.5272
[21:51:19] warmStart 89% (2141/2380) regret=0.097939 ape=0.5272
[21:51:20] warmStart 90% (2142/2380) regret=0.097939 ape=0.5272
[21:51:20] warmStart 90% (2143/2380) regret=0.097939 ape=0.5272
[21:51:20] warmStart 90% (2144/2380) regret=0.097939 ape=0.5272
[21:51:20] warmStart 90% (2145/2380) regret=0.097939 ape=0.5272
[21:51:20] warmStart 90% (2146/2380) regret=0.097939 ape=0.5272
[21:51:20] warmStart 90% (2147/2380) regret=0.097939 ape=0.5272
[21:51:21] warmStart 90% (2148/2380) regret=0.097930 ape=0.5272
[21:51:21] warmStart 90% (2149/2380) regret=0.097930 ape=0.5272
[21:51:21] warmStart 90% (2150/2380) regret=0.097939 ape=0.5272
[21:51:21] warmStart 90% (2151/2380) regret=0.097930 ape=0.5272
[21:51:21] warmStart 90% (2152/2380) regret=0.097930 ape=0.5272
[21:51:22] warmStart 90% (2153/2380) regret=0.097930 ape=0.5272
[21:51:22] warmStart 90% (2154/2380) regret=0.097930 ape=0.5272
[21:51:22] warmStart 90% (2155/2380) regret=0.097930 ape=0.5272
[21:51:22] warmStart 90% (2156/2380) regret=0.097930 ape=0.5272
[21:51:22] warmStart 90% (2157/2380) regret=0.097930 ape=0.5272
[21:51:22] warmStart 90% (2158/2380) regret=0.097930 ape=0.5272
[21:51:23] warmStart 90% (2159/2380) regret=0.097930 ape=0.5272
[21:51:23] warmStart 90% (2160/2380) regret=0.097930 ape=0.5272
[21:51:23] warmStart 90% (2161/2380) regret=0.097930 ape=0.5272
[21:51:23] warmStart 90% (2162/2380) regret=0.097930 ape=0.5272
[21:51:23] warmStart 90% (2163/2380) regret=0.097930 ape=0.5272
[21:51:23] warmStart 90% (2164/2380) regret=0.097930 ape=0.5272
[21:51:24] warmStart 90% (2165/2380) regret=0.097939 ape=0.5272
[21:51:24] warmStart 91% (2166/2380) regret=0.097939 ape=0.5272
[21:51:24] warmStart 91% (2167/2380) regret=0.097939 ape=0.5272
[21:51:24] warmStart 91% (2168/2380) regret=0.097939 ape=0.5272
[21:51:24] warmStart 91% (2169/2380) regret=0.097939 ape=0.5272
[21:51:24] warmStart 91% (2170/2380) regret=0.097939 ape=0.5272
[21:51:25] warmStart 91% (2171/2380) regret=0.097939 ape=0.5272
[21:51:25] warmStart 91% (2172/2380) regret=0.097939 ape=0.5272
[21:51:25] warmStart 91% (2173/2380) regret=0.097939 ape=0.5272
[21:51:25] warmStart 91% (2174/2380) regret=0.097939 ape=0.5272
[21:51:25] warmStart 91% (2175/2380) regret=0.097939 ape=0.5272
[21:51:26] warmStart 91% (2176/2380) regret=0.097939 ape=0.5272
[21:51:26] warmStart 91% (2177/2380) regret=0.097939 ape=0.5272
[21:51:26] warmStart 91% (2178/2380) regret=0.097939 ape=0.5272
[21:51:26] warmStart 91% (2179/2380) regret=0.097939 ape=0.5272
[21:51:26] warmStart 91% (2180/2380) regret=0.097939 ape=0.5272
[21:51:26] warmStart 91% (2181/2380) regret=0.097939 ape=0.5272
[21:51:27] warmStart 91% (2182/2380) regret=0.097939 ape=0.5272
[21:51:27] warmStart 91% (2183/2380) regret=0.097939 ape=0.5272
[21:51:27] warmStart 91% (2184/2380) regret=0.097939 ape=0.5272
[21:51:27] warmStart 91% (2185/2380) regret=0.097939 ape=0.5272
[21:51:27] warmStart 91% (2186/2380) regret=0.097939 ape=0.5272
[21:51:27] warmStart 91% (2187/2380) regret=0.097939 ape=0.5272
[21:51:28] warmStart 91% (2188/2380) regret=0.097939 ape=0.5272
[21:51:28] warmStart 91% (2189/2380) regret=0.097939 ape=0.5272
[21:51:28] warmStart 92% (2190/2380) regret=0.097939 ape=0.5272
[21:51:28] warmStart 92% (2191/2380) regret=0.097939 ape=0.5272
[21:51:28] warmStart 92% (2192/2380) regret=0.097939 ape=0.5272
[21:51:29] warmStart 92% (2193/2380) regret=0.097939 ape=0.5272
[21:51:29] warmStart 92% (2194/2380) regret=0.097939 ape=0.5272
[21:51:29] warmStart 92% (2195/2380) regret=0.097939 ape=0.5272
[21:51:29] warmStart 92% (2196/2380) regret=0.097939 ape=0.5272
[21:51:29] warmStart 92% (2197/2380) regret=0.097939 ape=0.5272
[21:51:29] warmStart 92% (2198/2380) regret=0.097939 ape=0.5272
[21:51:30] warmStart 92% (2199/2380) regret=0.097939 ape=0.5272
[21:51:30] warmStart 92% (2200/2380) regret=0.097939 ape=0.5272
[21:51:30] warmStart 92% (2201/2380) regret=0.097939 ape=0.5272
[21:51:30] warmStart 92% (2202/2380) regret=0.097939 ape=0.5272
[21:51:30] warmStart 92% (2203/2380) regret=0.097939 ape=0.5272
[21:51:30] warmStart 92% (2204/2380) regret=0.097930 ape=0.5272
[21:51:31] warmStart 92% (2205/2380) regret=0.097939 ape=0.5272
[21:51:31] warmStart 92% (2206/2380) regret=0.097939 ape=0.5272
[21:51:31] warmStart 92% (2207/2380) regret=0.097939 ape=0.5272
[21:51:31] warmStart 92% (2208/2380) regret=0.097939 ape=0.5272
[21:51:31] warmStart 92% (2209/2380) regret=0.097939 ape=0.5272
[21:51:32] warmStart 92% (2210/2380) regret=0.097939 ape=0.5272
[21:51:32] warmStart 92% (2211/2380) regret=0.098308 ape=0.5272
[21:51:32] warmStart 92% (2212/2380) regret=0.097939 ape=0.5272
[21:51:32] warmStart 92% (2213/2380) regret=0.097939 ape=0.5272
[21:51:32] warmStart 93% (2214/2380) regret=0.097939 ape=0.5272
[21:51:32] warmStart 93% (2215/2380) regret=0.097939 ape=0.5272
[21:51:33] warmStart 93% (2216/2380) regret=0.097939 ape=0.5272
[21:51:33] warmStart 93% (2217/2380) regret=0.097939 ape=0.5272
[21:51:33] warmStart 93% (2218/2380) regret=0.097939 ape=0.5272
[21:51:33] warmStart 93% (2219/2380) regret=0.097939 ape=0.5272
[21:51:33] warmStart 93% (2220/2380) regret=0.097939 ape=0.5272
[21:51:33] warmStart 93% (2221/2380) regret=0.097939 ape=0.5272
[21:51:34] warmStart 93% (2222/2380) regret=0.097939 ape=0.5272
[21:51:34] warmStart 93% (2223/2380) regret=0.097939 ape=0.5272
[21:51:34] warmStart 93% (2224/2380) regret=0.097939 ape=0.5272
[21:51:34] warmStart 93% (2225/2380) regret=0.097939 ape=0.5272
[21:51:34] warmStart 93% (2226/2380) regret=0.097939 ape=0.5272
[21:51:35] warmStart 93% (2227/2380) regret=0.097939 ape=0.5272
[21:51:35] warmStart 93% (2228/2380) regret=0.097939 ape=0.5272
[21:51:35] warmStart 93% (2229/2380) regret=0.097939 ape=0.5272
[21:51:35] warmStart 93% (2230/2380) regret=0.097939 ape=0.5272
[21:51:35] warmStart 93% (2231/2380) regret=0.098040 ape=0.5272
[21:51:36] warmStart 93% (2232/2380) regret=0.097930 ape=0.5272
[21:51:36] warmStart 93% (2233/2380) regret=0.097930 ape=0.5272
[21:51:36] warmStart 93% (2234/2380) regret=0.097930 ape=0.5272
[21:51:36] warmStart 93% (2235/2380) regret=0.097930 ape=0.5272
[21:51:36] warmStart 93% (2236/2380) regret=0.097930 ape=0.5272
[21:51:36] warmStart 93% (2237/2380) regret=0.097930 ape=0.5272
[21:51:37] warmStart 94% (2238/2380) regret=0.097930 ape=0.5272
[21:51:37] warmStart 94% (2239/2380) regret=0.097930 ape=0.5272
[21:51:37] warmStart 94% (2240/2380) regret=0.097930 ape=0.5272
[21:51:37] warmStart 94% (2241/2380) regret=0.097930 ape=0.5272
[21:51:37] warmStart 94% (2242/2380) regret=0.097930 ape=0.5272
[21:51:37] warmStart 94% (2243/2380) regret=0.097930 ape=0.5272
[21:51:38] warmStart 94% (2244/2380) regret=0.097930 ape=0.5272
[21:51:38] warmStart 94% (2245/2380) regret=0.097930 ape=0.5272
[21:51:38] warmStart 94% (2246/2380) regret=0.097930 ape=0.5272
[21:51:38] warmStart 94% (2247/2380) regret=0.097930 ape=0.5272
[21:51:38] warmStart 94% (2248/2380) regret=0.097930 ape=0.5272
[21:51:39] warmStart 94% (2249/2380) regret=0.097930 ape=0.5272
[21:51:39] warmStart 94% (2250/2380) regret=0.097930 ape=0.5272
[21:51:39] warmStart 94% (2251/2380) regret=0.097930 ape=0.5272
[21:51:39] warmStart 94% (2252/2380) regret=0.097930 ape=0.5272
[21:51:39] warmStart 94% (2253/2380) regret=0.097930 ape=0.5272
[21:51:39] warmStart 94% (2254/2380) regret=0.097930 ape=0.5272
[21:51:40] warmStart 94% (2255/2380) regret=0.097930 ape=0.5272
[21:51:40] warmStart 94% (2256/2380) regret=0.097930 ape=0.5272
[21:51:40] warmStart 94% (2257/2380) regret=0.097930 ape=0.5272
[21:51:40] warmStart 94% (2258/2380) regret=0.097930 ape=0.5272
[21:51:40] warmStart 94% (2259/2380) regret=0.097930 ape=0.5272
[21:51:41] warmStart 94% (2260/2380) regret=0.097930 ape=0.5272
[21:51:41] warmStart 95% (2261/2380) regret=0.097930 ape=0.5272
[21:51:41] warmStart 95% (2262/2380) regret=0.097930 ape=0.5272
[21:51:41] warmStart 95% (2263/2380) regret=0.097930 ape=0.5272
[21:51:41] warmStart 95% (2264/2380) regret=0.097930 ape=0.5272
[21:51:41] warmStart 95% (2265/2380) regret=0.097930 ape=0.5272
[21:51:42] warmStart 95% (2266/2380) regret=0.097930 ape=0.5272
[21:51:42] warmStart 95% (2267/2380) regret=0.097930 ape=0.5272
[21:51:42] warmStart 95% (2268/2380) regret=0.097930 ape=0.5272
[21:51:42] warmStart 95% (2269/2380) regret=0.097930 ape=0.5272
[21:51:42] warmStart 95% (2270/2380) regret=0.098045 ape=0.5281
[21:51:43] warmStart 95% (2271/2380) regret=0.097930 ape=0.5272
[21:51:43] warmStart 95% (2272/2380) regret=0.097930 ape=0.5272
[21:51:43] warmStart 95% (2273/2380) regret=0.097930 ape=0.5272
[21:51:43] warmStart 95% (2274/2380) regret=0.097930 ape=0.5272
[21:51:43] warmStart 95% (2275/2380) regret=0.097930 ape=0.5272
[21:51:43] warmStart 95% (2276/2380) regret=0.097930 ape=0.5272
[21:51:44] warmStart 95% (2277/2380) regret=0.097930 ape=0.5272
[21:51:44] warmStart 95% (2278/2380) regret=0.097930 ape=0.5272
[21:51:44] warmStart 95% (2279/2380) regret=0.097930 ape=0.5272
[21:51:44] warmStart 95% (2280/2380) regret=0.097930 ape=0.5272
[21:51:44] warmStart 95% (2281/2380) regret=0.097930 ape=0.5272
[21:51:44] warmStart 95% (2282/2380) regret=0.097930 ape=0.5272
[21:51:45] warmStart 95% (2283/2380) regret=0.097930 ape=0.5272
[21:51:45] warmStart 95% (2284/2380) regret=0.097930 ape=0.5272
[21:51:45] warmStart 96% (2285/2380) regret=0.097930 ape=0.5272
[21:51:45] warmStart 96% (2286/2380) regret=0.097930 ape=0.5272
[21:51:45] warmStart 96% (2287/2380) regret=0.097930 ape=0.5272
[21:51:46] warmStart 96% (2288/2380) regret=0.097930 ape=0.5272
[21:51:46] warmStart 96% (2289/2380) regret=0.097930 ape=0.5272
[21:51:46] warmStart 96% (2290/2380) regret=0.097930 ape=0.5272
[21:51:46] warmStart 96% (2291/2380) regret=0.097930 ape=0.5272
[21:51:46] warmStart 96% (2292/2380) regret=0.097930 ape=0.5272
[21:51:46] warmStart 96% (2293/2380) regret=0.097930 ape=0.5272
[21:51:47] warmStart 96% (2294/2380) regret=0.097930 ape=0.5272
[21:51:47] warmStart 96% (2295/2380) regret=0.097930 ape=0.5272
[21:51:47] warmStart 96% (2296/2380) regret=0.097930 ape=0.5272
[21:51:47] warmStart 96% (2297/2380) regret=0.097930 ape=0.5272
[21:51:47] warmStart 96% (2298/2380) regret=0.097930 ape=0.5272
[21:51:47] warmStart 96% (2299/2380) regret=0.097930 ape=0.5272
[21:51:48] warmStart 96% (2300/2380) regret=0.098045 ape=0.5281
[21:51:48] warmStart 96% (2301/2380) regret=0.097930 ape=0.5272
[21:51:48] warmStart 96% (2302/2380) regret=0.097930 ape=0.5272
[21:51:48] warmStart 96% (2303/2380) regret=0.097930 ape=0.5272
[21:51:48] warmStart 96% (2304/2380) regret=0.097930 ape=0.5272
[21:51:49] warmStart 96% (2305/2380) regret=0.097930 ape=0.5272
[21:51:49] warmStart 96% (2306/2380) regret=0.097930 ape=0.5272
[21:51:49] warmStart 96% (2307/2380) regret=0.097930 ape=0.5272
[21:51:49] warmStart 96% (2308/2380) regret=0.097934 ape=0.5281
[21:51:49] warmStart 97% (2309/2380) regret=0.097930 ape=0.5272
[21:51:49] warmStart 97% (2310/2380) regret=0.097930 ape=0.5272
[21:51:50] warmStart 97% (2311/2380) regret=0.097930 ape=0.5272
[21:51:50] warmStart 97% (2312/2380) regret=0.097930 ape=0.5272
[21:51:50] warmStart 97% (2313/2380) regret=0.097930 ape=0.5272
[21:51:50] warmStart 97% (2314/2380) regret=0.097930 ape=0.5272
[21:51:50] warmStart 97% (2315/2380) regret=0.097930 ape=0.5272
[21:51:51] warmStart 97% (2316/2380) regret=0.097930 ape=0.5272
[21:51:51] warmStart 97% (2317/2380) regret=0.097930 ape=0.5272
[21:51:51] warmStart 97% (2318/2380) regret=0.097930 ape=0.5272
[21:51:51] warmStart 97% (2319/2380) regret=0.097930 ape=0.5272
[21:51:51] warmStart 97% (2320/2380) regret=0.097930 ape=0.5272
[21:51:51] warmStart 97% (2321/2380) regret=0.097930 ape=0.5272
[21:51:52] warmStart 97% (2322/2380) regret=0.097930 ape=0.5272
[21:51:52] warmStart 97% (2323/2380) regret=0.097930 ape=0.5272
[21:51:52] warmStart 97% (2324/2380) regret=0.097930 ape=0.5272
[21:51:52] warmStart 97% (2325/2380) regret=0.097941 ape=0.5272
[21:51:52] warmStart 97% (2326/2380) regret=0.097930 ape=0.5272
[21:51:52] warmStart 97% (2327/2380) regret=0.097930 ape=0.5272
[21:51:53] warmStart 97% (2328/2380) regret=0.097930 ape=0.5272
[21:51:53] warmStart 97% (2329/2380) regret=0.097930 ape=0.5272
[21:51:53] warmStart 97% (2330/2380) regret=0.097930 ape=0.5272
[21:51:53] warmStart 97% (2331/2380) regret=0.097930 ape=0.5272
[21:51:53] warmStart 97% (2332/2380) regret=0.097930 ape=0.5272
[21:51:54] warmStart 98% (2333/2380) regret=0.097930 ape=0.5272
[21:51:54] warmStart 98% (2334/2380) regret=0.097930 ape=0.5272
[21:51:54] warmStart 98% (2335/2380) regret=0.097930 ape=0.5272
[21:51:54] warmStart 98% (2336/2380) regret=0.097930 ape=0.5272
[21:51:54] warmStart 98% (2337/2380) regret=0.097930 ape=0.5272
[21:51:54] warmStart 98% (2338/2380) regret=0.097930 ape=0.5272
[21:51:55] warmStart 98% (2339/2380) regret=0.097930 ape=0.5272
[21:51:55] warmStart 98% (2340/2380) regret=0.097930 ape=0.5272
[21:51:55] warmStart 98% (2341/2380) regret=0.097930 ape=0.5272
[21:51:55] warmStart 98% (2342/2380) regret=0.097930 ape=0.5272
[21:51:55] warmStart 98% (2343/2380) regret=0.097930 ape=0.5272
[21:51:56] warmStart 98% (2344/2380) regret=0.097930 ape=0.5272
[21:51:56] warmStart 98% (2345/2380) regret=0.097930 ape=0.5272
[21:51:56] warmStart 98% (2346/2380) regret=0.097930 ape=0.5272
[21:51:56] warmStart 98% (2347/2380) regret=0.097930 ape=0.5272
[21:51:56] warmStart 98% (2348/2380) regret=0.097930 ape=0.5272
[21:51:56] warmStart 98% (2349/2380) regret=0.097930 ape=0.5272
[21:51:57] warmStart 98% (2350/2380) regret=0.097930 ape=0.5272
[21:51:57] warmStart 98% (2351/2380) regret=0.097930 ape=0.5272
[21:51:57] warmStart 98% (2352/2380) regret=0.097930 ape=0.5272
[21:51:57] warmStart 98% (2353/2380) regret=0.097930 ape=0.5272
[21:51:57] warmStart 98% (2354/2380) regret=0.097930 ape=0.5272
[21:51:57] warmStart 98% (2355/2380) regret=0.097930 ape=0.5272
[21:51:58] warmStart 98% (2356/2380) regret=0.097930 ape=0.5272
[21:51:58] warmStart 99% (2357/2380) regret=0.097930 ape=0.5272
[21:51:58] warmStart 99% (2358/2380) regret=0.097976 ape=0.5272
[21:51:58] warmStart 99% (2359/2380) regret=0.097976 ape=0.5272
[21:51:58] warmStart 99% (2360/2380) regret=0.097976 ape=0.5272
[21:51:59] warmStart 99% (2361/2380) regret=0.097976 ape=0.5272
[21:51:59] warmStart 99% (2362/2380) regret=0.097976 ape=0.5272
[21:51:59] warmStart 99% (2363/2380) regret=0.097976 ape=0.5272
[21:51:59] warmStart 99% (2364/2380) regret=0.097976 ape=0.5272
[21:51:59] warmStart 99% (2365/2380) regret=0.097976 ape=0.5272
[21:51:59] warmStart 99% (2366/2380) regret=0.097976 ape=0.5272
[21:52:00] warmStart 99% (2367/2380) regret=0.097976 ape=0.5272
[21:52:00] warmStart 99% (2368/2380) regret=0.097976 ape=0.5272
[21:52:00] warmStart 99% (2369/2380) regret=0.097976 ape=0.5272
[21:52:00] warmStart 99% (2370/2380) regret=0.097976 ape=0.5272
[21:52:00] warmStart 99% (2371/2380) regret=0.097976 ape=0.5272
[21:52:00] warmStart 99% (2372/2380) regret=0.097976 ape=0.5272
[21:52:01] warmStart 99% (2373/2380) regret=0.097976 ape=0.5272
[21:52:01] warmStart 99% (2374/2380) regret=0.097976 ape=0.5272
[21:52:01] warmStart 99% (2375/2380) regret=0.097976 ape=0.5272
[21:52:01] warmStart 99% (2376/2380) regret=0.097976 ape=0.5272
[21:52:01] warmStart 99% (2377/2380) regret=0.097987 ape=0.5272
[21:52:02] warmStart 99% (2378/2380) regret=0.097976 ape=0.5272
Warm w=500 finished: 2379 points, 433.84s wall time
  Final: regret=0.097976, ape=0.5272

Saved JSON: /home/users/g/s/gsavary/LudiiMCTSVariations/slurm_sweep_full_dataset/results_20260425_214412/sweep_warm_500_0_20260425_215202.json

Generating plots...
Saved regret plot: /home/users/g/s/gsavary/LudiiMCTSVariations/slurm_sweep_full_dataset/results_20260425_214412/sweep_warm_500_0_20260425_215202_regret.png
Saved APE plot: /home/users/g/s/gsavary/LudiiMCTSVariations/slurm_sweep_full_dataset/results_20260425_214412/sweep_warm_500_0_20260425_215202_ape.png

======================================================================
EXPERIMENT COMPLETE
======================================================================
Results saved to: /home/users/g/s/gsavary/LudiiMCTSVariations/slurm_sweep_full_dataset/results_20260425_214412
JSON file: sweep_warm_500_0_20260425_215202.json
Experiment finished. Results saved to: /home/users/g/s/gsavary/LudiiMCTSVariations/slurm_sweep_full_dataset/results_20260425_214412
