Starting experiment...
Project root: /home/users/g/s/gsavary/LudiiMCTSVariations
Method: baseline
Output dir: /home/users/g/s/gsavary/LudiiMCTSVariations/slurm_sweep_full_dataset/results_20260425_214212
Seed: 1
Time limit:  seconds


======================================================================
SLURM Sweep Experiment - Single Method
======================================================================
Method: baseline
Time limit: 7200.0s, Seed: 1, Batch size: 20
Output directory: /home/users/g/s/gsavary/LudiiMCTSVariations/slurm_sweep_full_dataset/results_20260425_214212

Loading Ludii dataset...
Loaded 1085 games
Using 1085 games (full dataset, no subsampling)

Running timing probe (100 pulls)...
  Estimated secs/pull: 0.022882

Time budget: 7200.0s → ~314664 total pulls
Per-method budget: 44952 pulls (~1028.6s)

Computing predictor-only performance...
  Predictions loaded: 23675 agent predictions
  Predictor-only: regret=0.104318, ape=0.4894

Running BASELINE (cold start)...
[21:42:43] regretChangePotential 0% (1/2248) regret=0.147464 ape=0.7161
[21:42:43] regretChangePotential 0% (2/2248) regret=0.147552 ape=0.7171
[21:42:43] regretChangePotential 0% (3/2248) regret=0.147244 ape=0.7171
[21:42:43] regretChangePotential 0% (4/2248) regret=0.146971 ape=0.7171
[21:42:44] regretChangePotential 0% (5/2248) regret=0.145706 ape=0.7180
[21:42:44] regretChangePotential 0% (6/2248) regret=0.145189 ape=0.7180
[21:42:44] regretChangePotential 0% (7/2248) regret=0.144373 ape=0.7180
[21:42:44] regretChangePotential 0% (8/2248) regret=0.143364 ape=0.7161
[21:42:44] regretChangePotential 0% (9/2248) regret=0.141982 ape=0.7134
[21:42:45] regretChangePotential 0% (10/2248) regret=0.142031 ape=0.7134
[21:42:45] regretChangePotential 0% (11/2248) regret=0.142016 ape=0.7134
[21:42:45] regretChangePotential 0% (12/2248) regret=0.140934 ape=0.7124
[21:42:45] regretChangePotential 0% (13/2248) regret=0.140934 ape=0.7124
[21:42:45] regretChangePotential 0% (14/2248) regret=0.140847 ape=0.7124
[21:42:46] regretChangePotential 0% (15/2248) regret=0.140787 ape=0.7124
[21:42:46] regretChangePotential 0% (16/2248) regret=0.140009 ape=0.7124
[21:42:46] regretChangePotential 0% (17/2248) regret=0.140046 ape=0.7115
[21:42:46] regretChangePotential 0% (18/2248) regret=0.140581 ape=0.7115
[21:42:46] regretChangePotential 0% (19/2248) regret=0.139595 ape=0.7097
[21:42:46] regretChangePotential 0% (20/2248) regret=0.138678 ape=0.7078
[21:42:47] regretChangePotential 0% (21/2248) regret=0.138741 ape=0.7088
[21:42:47] regretChangePotential 0% (22/2248) regret=0.137741 ape=0.7088
[21:42:47] regretChangePotential 1% (23/2248) regret=0.137764 ape=0.7088
[21:42:47] regretChangePotential 1% (24/2248) regret=0.137861 ape=0.7088
[21:42:47] regretChangePotential 1% (25/2248) regret=0.137373 ape=0.7078
[21:42:48] regretChangePotential 1% (26/2248) regret=0.136350 ape=0.7069
[21:42:48] regretChangePotential 1% (27/2248) regret=0.136700 ape=0.7069
[21:42:48] regretChangePotential 1% (28/2248) regret=0.136631 ape=0.7069
[21:42:48] regretChangePotential 1% (29/2248) regret=0.136631 ape=0.7069
[21:42:48] regretChangePotential 1% (30/2248) regret=0.135810 ape=0.7069
[21:42:49] regretChangePotential 1% (31/2248) regret=0.135184 ape=0.7060
[21:42:49] regretChangePotential 1% (32/2248) regret=0.134912 ape=0.7060
[21:42:49] regretChangePotential 1% (33/2248) regret=0.134912 ape=0.7060
[21:42:49] regretChangePotential 1% (34/2248) regret=0.134931 ape=0.7060
[21:42:49] regretChangePotential 1% (35/2248) regret=0.134912 ape=0.7060
[21:42:49] regretChangePotential 1% (36/2248) regret=0.135091 ape=0.7060
[21:42:50] regretChangePotential 1% (37/2248) regret=0.134222 ape=0.7060
[21:42:50] regretChangePotential 1% (38/2248) regret=0.133771 ape=0.7051
[21:42:50] regretChangePotential 1% (39/2248) regret=0.133771 ape=0.7051
[21:42:50] regretChangePotential 1% (40/2248) regret=0.132751 ape=0.7032
[21:42:50] regretChangePotential 1% (41/2248) regret=0.132700 ape=0.7032
[21:42:51] regretChangePotential 1% (42/2248) regret=0.132700 ape=0.7032
[21:42:51] regretChangePotential 1% (43/2248) regret=0.132700 ape=0.7032
[21:42:51] regretChangePotential 1% (44/2248) regret=0.132700 ape=0.7032
[21:42:51] regretChangePotential 2% (45/2248) regret=0.131686 ape=0.7023
[21:42:51] regretChangePotential 2% (46/2248) regret=0.131686 ape=0.7023
[21:42:52] regretChangePotential 2% (47/2248) regret=0.130156 ape=0.7005
[21:42:52] regretChangePotential 2% (48/2248) regret=0.129686 ape=0.7005
[21:42:52] regretChangePotential 2% (49/2248) regret=0.129686 ape=0.7005
[21:42:52] regretChangePotential 2% (50/2248) regret=0.129378 ape=0.6995
[21:42:52] regretChangePotential 2% (51/2248) regret=0.127504 ape=0.6986
[21:42:53] regretChangePotential 2% (52/2248) regret=0.126730 ape=0.6977
[21:42:53] regretChangePotential 2% (53/2248) regret=0.125748 ape=0.6959
[21:42:53] regretChangePotential 2% (54/2248) regret=0.125748 ape=0.6959
[21:42:53] regretChangePotential 2% (55/2248) regret=0.125621 ape=0.6959
[21:42:53] regretChangePotential 2% (56/2248) regret=0.124833 ape=0.6959
[21:42:53] regretChangePotential 2% (57/2248) regret=0.124714 ape=0.6949
[21:42:54] regretChangePotential 2% (58/2248) regret=0.124714 ape=0.6949
[21:42:54] regretChangePotential 2% (59/2248) regret=0.124593 ape=0.6959
[21:42:54] regretChangePotential 2% (60/2248) regret=0.124721 ape=0.6968
[21:42:54] regretChangePotential 2% (61/2248) regret=0.124730 ape=0.6968
[21:42:54] regretChangePotential 2% (62/2248) regret=0.124743 ape=0.6968
[21:42:55] regretChangePotential 2% (63/2248) regret=0.124730 ape=0.6968
[21:42:55] regretChangePotential 2% (64/2248) regret=0.124458 ape=0.6959
[21:42:55] regretChangePotential 2% (65/2248) regret=0.124430 ape=0.6959
[21:42:55] regretChangePotential 2% (66/2248) regret=0.124540 ape=0.6959
[21:42:55] regretChangePotential 2% (67/2248) regret=0.124157 ape=0.6959
[21:42:55] regretChangePotential 3% (68/2248) regret=0.124157 ape=0.6959
[21:42:56] regretChangePotential 3% (69/2248) regret=0.122788 ape=0.6959
[21:42:56] regretChangePotential 3% (70/2248) regret=0.121848 ape=0.6949
[21:42:56] regretChangePotential 3% (71/2248) regret=0.121733 ape=0.6949
[21:42:56] regretChangePotential 3% (72/2248) regret=0.120705 ape=0.6931
[21:42:56] regretChangePotential 3% (73/2248) regret=0.118730 ape=0.6922
[21:42:57] regretChangePotential 3% (74/2248) regret=0.117848 ape=0.6912
[21:42:57] regretChangePotential 3% (75/2248) regret=0.115401 ape=0.6894
[21:42:57] regretChangePotential 3% (76/2248) regret=0.115401 ape=0.6894
[21:42:57] regretChangePotential 3% (77/2248) regret=0.115401 ape=0.6894
[21:42:57] regretChangePotential 3% (78/2248) regret=0.114737 ape=0.6885
[21:42:58] regretChangePotential 3% (79/2248) regret=0.113966 ape=0.6885
[21:42:58] regretChangePotential 3% (80/2248) regret=0.113118 ape=0.6866
[21:42:58] regretChangePotential 3% (81/2248) regret=0.113038 ape=0.6848
[21:42:58] regretChangePotential 3% (82/2248) regret=0.112379 ape=0.6848
[21:42:58] regretChangePotential 3% (83/2248) regret=0.111393 ape=0.6829
[21:42:59] regretChangePotential 3% (84/2248) regret=0.111470 ape=0.6839
[21:42:59] regretChangePotential 3% (85/2248) regret=0.111258 ape=0.6839
[21:42:59] regretChangePotential 3% (86/2248) regret=0.111488 ape=0.6839
[21:42:59] regretChangePotential 3% (87/2248) regret=0.110948 ape=0.6829
[21:42:59] regretChangePotential 3% (88/2248) regret=0.109888 ape=0.6820
[21:42:59] regretChangePotential 3% (89/2248) regret=0.109423 ape=0.6802
[21:43:00] regretChangePotential 4% (90/2248) regret=0.109423 ape=0.6802
[21:43:00] regretChangePotential 4% (91/2248) regret=0.109248 ape=0.6793
[21:43:00] regretChangePotential 4% (92/2248) regret=0.109423 ape=0.6802
[21:43:00] regretChangePotential 4% (93/2248) regret=0.109423 ape=0.6802
[21:43:00] regretChangePotential 4% (94/2248) regret=0.107916 ape=0.6793
[21:43:01] regretChangePotential 4% (95/2248) regret=0.107876 ape=0.6793
[21:43:01] regretChangePotential 4% (96/2248) regret=0.106976 ape=0.6774
[21:43:01] regretChangePotential 4% (97/2248) regret=0.106673 ape=0.6765
[21:43:01] regretChangePotential 4% (98/2248) regret=0.106158 ape=0.6756
[21:43:01] regretChangePotential 4% (99/2248) regret=0.106278 ape=0.6756
[21:43:01] regretChangePotential 4% (100/2248) regret=0.105658 ape=0.6737
[21:43:02] regretChangePotential 4% (101/2248) regret=0.105639 ape=0.6737
[21:43:02] regretChangePotential 4% (102/2248) regret=0.105639 ape=0.6737
[21:43:02] regretChangePotential 4% (103/2248) regret=0.104641 ape=0.6728
[21:43:02] regretChangePotential 4% (104/2248) regret=0.104585 ape=0.6737
[21:43:02] regretChangePotential 4% (105/2248) regret=0.103642 ape=0.6719
[21:43:02] regretChangePotential 4% (106/2248) regret=0.103601 ape=0.6728
[21:43:03] regretChangePotential 4% (107/2248) regret=0.103154 ape=0.6728
[21:43:03] regretChangePotential 4% (108/2248) regret=0.102184 ape=0.6728
[21:43:03] regretChangePotential 4% (109/2248) regret=0.101783 ape=0.6728
[21:43:03] regretChangePotential 4% (110/2248) regret=0.101082 ape=0.6719
[21:43:03] regretChangePotential 4% (111/2248) regret=0.099946 ape=0.6700
[21:43:03] regretChangePotential 4% (112/2248) regret=0.099872 ape=0.6700
[21:43:03] regretChangePotential 5% (113/2248) regret=0.099863 ape=0.6700
[21:43:04] regretChangePotential 5% (114/2248) regret=0.099863 ape=0.6700
[21:43:04] regretChangePotential 5% (115/2248) regret=0.099943 ape=0.6700
[21:43:04] regretChangePotential 5% (116/2248) regret=0.098860 ape=0.6673
[21:43:04] regretChangePotential 5% (117/2248) regret=0.098293 ape=0.6664
[21:43:04] regretChangePotential 5% (118/2248) regret=0.096638 ape=0.6645
[21:43:04] regretChangePotential 5% (119/2248) regret=0.095887 ape=0.6636
[21:43:05] regretChangePotential 5% (120/2248) regret=0.095887 ape=0.6636
[21:43:05] regretChangePotential 5% (121/2248) regret=0.095560 ape=0.6627
[21:43:05] regretChangePotential 5% (122/2248) regret=0.094497 ape=0.6618
[21:43:05] regretChangePotential 5% (123/2248) regret=0.093746 ape=0.6599
[21:43:05] regretChangePotential 5% (124/2248) regret=0.093746 ape=0.6599
[21:43:05] regretChangePotential 5% (125/2248) regret=0.093210 ape=0.6590
[21:43:05] regretChangePotential 5% (126/2248) regret=0.092998 ape=0.6590
[21:43:06] regretChangePotential 5% (127/2248) regret=0.092915 ape=0.6581
[21:43:06] regretChangePotential 5% (128/2248) regret=0.092288 ape=0.6562
[21:43:06] regretChangePotential 5% (129/2248) regret=0.092223 ape=0.6553
[21:43:06] regretChangePotential 5% (130/2248) regret=0.092055 ape=0.6544
[21:43:06] regretChangePotential 5% (131/2248) regret=0.091539 ape=0.6535
[21:43:06] regretChangePotential 5% (132/2248) regret=0.091105 ape=0.6525
[21:43:06] regretChangePotential 5% (133/2248) regret=0.090893 ape=0.6516
[21:43:07] regretChangePotential 5% (134/2248) regret=0.090191 ape=0.6507
[21:43:07] regretChangePotential 6% (135/2248) regret=0.090112 ape=0.6507
[21:43:07] regretChangePotential 6% (136/2248) regret=0.089598 ape=0.6498
[21:43:07] regretChangePotential 6% (137/2248) regret=0.089103 ape=0.6507
[21:43:07] regretChangePotential 6% (138/2248) regret=0.088658 ape=0.6498
[21:43:07] regretChangePotential 6% (139/2248) regret=0.088455 ape=0.6498
[21:43:07] regretChangePotential 6% (140/2248) regret=0.088223 ape=0.6498
[21:43:08] regretChangePotential 6% (141/2248) regret=0.088256 ape=0.6498
[21:43:08] regretChangePotential 6% (142/2248) regret=0.088733 ape=0.6498
[21:43:08] regretChangePotential 6% (143/2248) regret=0.088541 ape=0.6488
[21:43:08] regretChangePotential 6% (144/2248) regret=0.088394 ape=0.6488
[21:43:08] regretChangePotential 6% (145/2248) regret=0.087743 ape=0.6470
[21:43:08] regretChangePotential 6% (146/2248) regret=0.087808 ape=0.6479
[21:43:08] regretChangePotential 6% (147/2248) regret=0.087411 ape=0.6479
[21:43:09] regretChangePotential 6% (148/2248) regret=0.086362 ape=0.6452
[21:43:09] regretChangePotential 6% (149/2248) regret=0.086468 ape=0.6442
[21:43:09] regretChangePotential 6% (150/2248) regret=0.086017 ape=0.6433
[21:43:09] regretChangePotential 6% (151/2248) regret=0.085164 ape=0.6415
[21:43:09] regretChangePotential 6% (152/2248) regret=0.085164 ape=0.6415
[21:43:09] regretChangePotential 6% (153/2248) regret=0.085164 ape=0.6415
[21:43:10] regretChangePotential 6% (154/2248) regret=0.085155 ape=0.6406
[21:43:10] regretChangePotential 6% (155/2248) regret=0.084307 ape=0.6387
[21:43:10] regretChangePotential 6% (156/2248) regret=0.084183 ape=0.6396
[21:43:10] regretChangePotential 6% (157/2248) regret=0.084210 ape=0.6396
[21:43:10] regretChangePotential 7% (158/2248) regret=0.083359 ape=0.6396
[21:43:10] regretChangePotential 7% (159/2248) regret=0.083359 ape=0.6396
[21:43:10] regretChangePotential 7% (160/2248) regret=0.082981 ape=0.6387
[21:43:11] regretChangePotential 7% (161/2248) regret=0.082751 ape=0.6387
[21:43:11] regretChangePotential 7% (162/2248) regret=0.082798 ape=0.6387
[21:43:11] regretChangePotential 7% (163/2248) regret=0.082658 ape=0.6378
[21:43:11] regretChangePotential 7% (164/2248) regret=0.081652 ape=0.6359
[21:43:11] regretChangePotential 7% (165/2248) regret=0.081566 ape=0.6369
[21:43:11] regretChangePotential 7% (166/2248) regret=0.080971 ape=0.6350
[21:43:11] regretChangePotential 7% (167/2248) regret=0.081219 ape=0.6341
[21:43:12] regretChangePotential 7% (168/2248) regret=0.080805 ape=0.6341
[21:43:12] regretChangePotential 7% (169/2248) regret=0.079938 ape=0.6323
[21:43:12] regretChangePotential 7% (170/2248) regret=0.079652 ape=0.6313
[21:43:12] regretChangePotential 7% (171/2248) regret=0.079187 ape=0.6295
[21:43:12] regretChangePotential 7% (172/2248) regret=0.078726 ape=0.6295
[21:43:13] regretChangePotential 7% (173/2248) regret=0.078726 ape=0.6295
[21:43:13] regretChangePotential 7% (174/2248) regret=0.078665 ape=0.6295
[21:43:13] regretChangePotential 7% (175/2248) regret=0.078692 ape=0.6286
[21:43:13] regretChangePotential 7% (176/2248) regret=0.078582 ape=0.6286
[21:43:13] regretChangePotential 7% (177/2248) regret=0.077792 ape=0.6286
[21:43:13] regretChangePotential 7% (178/2248) regret=0.077706 ape=0.6286
[21:43:14] regretChangePotential 7% (179/2248) regret=0.076849 ape=0.6267
[21:43:14] regretChangePotential 8% (180/2248) regret=0.076847 ape=0.6258
[21:43:14] regretChangePotential 8% (181/2248) regret=0.076531 ape=0.6249
[21:43:14] regretChangePotential 8% (182/2248) regret=0.076321 ape=0.6240
[21:43:14] regretChangePotential 8% (183/2248) regret=0.076266 ape=0.6240
[21:43:15] regretChangePotential 8% (184/2248) regret=0.076006 ape=0.6240
[21:43:15] regretChangePotential 8% (185/2248) regret=0.076017 ape=0.6249
[21:43:15] regretChangePotential 8% (186/2248) regret=0.075649 ape=0.6230
[21:43:15] regretChangePotential 8% (187/2248) regret=0.075584 ape=0.6230
[21:43:15] regretChangePotential 8% (188/2248) regret=0.074815 ape=0.6221
[21:43:16] regretChangePotential 8% (189/2248) regret=0.074293 ape=0.6203
[21:43:16] regretChangePotential 8% (190/2248) regret=0.073630 ape=0.6194
[21:43:16] regretChangePotential 8% (191/2248) regret=0.072980 ape=0.6184
[21:43:16] regretChangePotential 8% (192/2248) regret=0.072980 ape=0.6184
[21:43:16] regretChangePotential 8% (193/2248) regret=0.072980 ape=0.6184
[21:43:16] regretChangePotential 8% (194/2248) regret=0.072980 ape=0.6184
[21:43:17] regretChangePotential 8% (195/2248) regret=0.072980 ape=0.6184
[21:43:17] regretChangePotential 8% (196/2248) regret=0.072980 ape=0.6184
[21:43:17] regretChangePotential 8% (197/2248) regret=0.072934 ape=0.6184
[21:43:17] regretChangePotential 8% (198/2248) regret=0.072934 ape=0.6184
[21:43:17] regretChangePotential 8% (199/2248) regret=0.072809 ape=0.6175
[21:43:18] regretChangePotential 8% (200/2248) regret=0.072809 ape=0.6175
[21:43:18] regretChangePotential 8% (201/2248) regret=0.072809 ape=0.6175
[21:43:18] regretChangePotential 8% (202/2248) regret=0.072809 ape=0.6175
[21:43:18] regretChangePotential 9% (203/2248) regret=0.072809 ape=0.6175
[21:43:18] regretChangePotential 9% (204/2248) regret=0.072809 ape=0.6175
[21:43:18] regretChangePotential 9% (205/2248) regret=0.072809 ape=0.6175
[21:43:19] regretChangePotential 9% (206/2248) regret=0.072782 ape=0.6166
[21:43:19] regretChangePotential 9% (207/2248) regret=0.072782 ape=0.6166
[21:43:19] regretChangePotential 9% (208/2248) regret=0.072782 ape=0.6166
[21:43:19] regretChangePotential 9% (209/2248) regret=0.072727 ape=0.6166
[21:43:19] regretChangePotential 9% (210/2248) regret=0.072727 ape=0.6166
[21:43:20] regretChangePotential 9% (211/2248) regret=0.072727 ape=0.6166
[21:43:20] regretChangePotential 9% (212/2248) regret=0.072727 ape=0.6166
[21:43:20] regretChangePotential 9% (213/2248) regret=0.072727 ape=0.6166
[21:43:20] regretChangePotential 9% (214/2248) regret=0.072727 ape=0.6166
[21:43:20] regretChangePotential 9% (215/2248) regret=0.072727 ape=0.6166
[21:43:21] regretChangePotential 9% (216/2248) regret=0.072727 ape=0.6166
[21:43:21] regretChangePotential 9% (217/2248) regret=0.072727 ape=0.6166
[21:43:21] regretChangePotential 9% (218/2248) regret=0.072727 ape=0.6166
[21:43:21] regretChangePotential 9% (219/2248) regret=0.072727 ape=0.6166
[21:43:21] regretChangePotential 9% (220/2248) regret=0.072727 ape=0.6166
[21:43:22] regretChangePotential 9% (221/2248) regret=0.072727 ape=0.6166
[21:43:22] regretChangePotential 9% (222/2248) regret=0.072727 ape=0.6166
[21:43:22] regretChangePotential 9% (223/2248) regret=0.072727 ape=0.6166
[21:43:22] regretChangePotential 9% (224/2248) regret=0.072727 ape=0.6166
[21:43:22] regretChangePotential 10% (225/2248) regret=0.072727 ape=0.6166
[21:43:22] regretChangePotential 10% (226/2248) regret=0.072727 ape=0.6166
[21:43:23] regretChangePotential 10% (227/2248) regret=0.072731 ape=0.6175
[21:43:23] regretChangePotential 10% (228/2248) regret=0.072731 ape=0.6175
[21:43:23] regretChangePotential 10% (229/2248) regret=0.072731 ape=0.6175
[21:43:23] regretChangePotential 10% (230/2248) regret=0.072731 ape=0.6175
[21:43:23] regretChangePotential 10% (231/2248) regret=0.072602 ape=0.6157
[21:43:24] regretChangePotential 10% (232/2248) regret=0.072441 ape=0.6138
[21:43:24] regretChangePotential 10% (233/2248) regret=0.072429 ape=0.6129
[21:43:24] regretChangePotential 10% (234/2248) regret=0.072429 ape=0.6129
[21:43:24] regretChangePotential 10% (235/2248) regret=0.072429 ape=0.6129
[21:43:24] regretChangePotential 10% (236/2248) regret=0.072429 ape=0.6129
[21:43:24] regretChangePotential 10% (237/2248) regret=0.072429 ape=0.6129
[21:43:25] regretChangePotential 10% (238/2248) regret=0.072429 ape=0.6129
[21:43:25] regretChangePotential 10% (239/2248) regret=0.072429 ape=0.6129
[21:43:25] regretChangePotential 10% (240/2248) regret=0.072429 ape=0.6129
[21:43:25] regretChangePotential 10% (241/2248) regret=0.072429 ape=0.6129
[21:43:25] regretChangePotential 10% (242/2248) regret=0.072360 ape=0.6120
[21:43:26] regretChangePotential 10% (243/2248) regret=0.072360 ape=0.6120
[21:43:26] regretChangePotential 10% (244/2248) regret=0.072360 ape=0.6120
[21:43:26] regretChangePotential 10% (245/2248) regret=0.072360 ape=0.6120
[21:43:26] regretChangePotential 10% (246/2248) regret=0.072360 ape=0.6120
[21:43:26] regretChangePotential 10% (247/2248) regret=0.072360 ape=0.6120
[21:43:27] regretChangePotential 11% (248/2248) regret=0.072258 ape=0.6120
[21:43:27] regretChangePotential 11% (249/2248) regret=0.072258 ape=0.6120
[21:43:27] regretChangePotential 11% (250/2248) regret=0.072258 ape=0.6120
[21:43:27] regretChangePotential 11% (251/2248) regret=0.072245 ape=0.6120
[21:43:27] regretChangePotential 11% (252/2248) regret=0.072245 ape=0.6120
[21:43:27] regretChangePotential 11% (253/2248) regret=0.072245 ape=0.6120
[21:43:28] regretChangePotential 11% (254/2248) regret=0.072245 ape=0.6120
[21:43:28] regretChangePotential 11% (255/2248) regret=0.072245 ape=0.6120
[21:43:28] regretChangePotential 11% (256/2248) regret=0.072245 ape=0.6120
[21:43:28] regretChangePotential 11% (257/2248) regret=0.072245 ape=0.6120
[21:43:28] regretChangePotential 11% (258/2248) regret=0.072245 ape=0.6120
[21:43:29] regretChangePotential 11% (259/2248) regret=0.072245 ape=0.6120
[21:43:29] regretChangePotential 11% (260/2248) regret=0.072240 ape=0.6120
[21:43:29] regretChangePotential 11% (261/2248) regret=0.072240 ape=0.6120
[21:43:29] regretChangePotential 11% (262/2248) regret=0.072240 ape=0.6120
[21:43:29] regretChangePotential 11% (263/2248) regret=0.072240 ape=0.6120
[21:43:29] regretChangePotential 11% (264/2248) regret=0.072240 ape=0.6120
[21:43:30] regretChangePotential 11% (265/2248) regret=0.072240 ape=0.6120
[21:43:30] regretChangePotential 11% (266/2248) regret=0.072240 ape=0.6120
[21:43:30] regretChangePotential 11% (267/2248) regret=0.072240 ape=0.6120
[21:43:30] regretChangePotential 11% (268/2248) regret=0.071908 ape=0.6111
[21:43:30] regretChangePotential 11% (269/2248) regret=0.071994 ape=0.6120
[21:43:31] regretChangePotential 12% (270/2248) regret=0.071851 ape=0.6111
[21:43:31] regretChangePotential 12% (271/2248) regret=0.071421 ape=0.6101
[21:43:31] regretChangePotential 12% (272/2248) regret=0.071393 ape=0.6101
[21:43:31] regretChangePotential 12% (273/2248) regret=0.071389 ape=0.6101
[21:43:31] regretChangePotential 12% (274/2248) regret=0.071425 ape=0.6101
[21:43:32] regretChangePotential 12% (275/2248) regret=0.071158 ape=0.6101
[21:43:32] regretChangePotential 12% (276/2248) regret=0.070753 ape=0.6092
[21:43:32] regretChangePotential 12% (277/2248) regret=0.070507 ape=0.6092
[21:43:32] regretChangePotential 12% (278/2248) regret=0.070530 ape=0.6092
[21:43:32] regretChangePotential 12% (279/2248) regret=0.070229 ape=0.6074
[21:43:32] regretChangePotential 12% (280/2248) regret=0.070050 ape=0.6074
[21:43:33] regretChangePotential 12% (281/2248) regret=0.070077 ape=0.6074
[21:43:33] regretChangePotential 12% (282/2248) regret=0.070004 ape=0.6074
[21:43:33] regretChangePotential 12% (283/2248) regret=0.069964 ape=0.6065
[21:43:33] regretChangePotential 12% (284/2248) regret=0.070037 ape=0.6065
[21:43:33] regretChangePotential 12% (285/2248) regret=0.069982 ape=0.6065
[21:43:34] regretChangePotential 12% (286/2248) regret=0.070162 ape=0.6074
[21:43:34] regretChangePotential 12% (287/2248) regret=0.069975 ape=0.6065
[21:43:34] regretChangePotential 12% (288/2248) regret=0.069965 ape=0.6074
[21:43:34] regretChangePotential 12% (289/2248) regret=0.069753 ape=0.6055
[21:43:34] regretChangePotential 12% (290/2248) regret=0.069151 ape=0.6055
[21:43:34] regretChangePotential 12% (291/2248) regret=0.069151 ape=0.6055
[21:43:35] regretChangePotential 12% (292/2248) regret=0.069207 ape=0.6055
[21:43:35] regretChangePotential 13% (293/2248) regret=0.069191 ape=0.6055
[21:43:35] regretChangePotential 13% (294/2248) regret=0.069191 ape=0.6055
[21:43:35] regretChangePotential 13% (295/2248) regret=0.068927 ape=0.6046
[21:43:35] regretChangePotential 13% (296/2248) regret=0.068952 ape=0.6055
[21:43:36] regretChangePotential 13% (297/2248) regret=0.068620 ape=0.6037
[21:43:36] regretChangePotential 13% (298/2248) regret=0.068146 ape=0.6018
[21:43:36] regretChangePotential 13% (299/2248) regret=0.068146 ape=0.6018
[21:43:36] regretChangePotential 13% (300/2248) regret=0.067993 ape=0.6000
[21:43:36] regretChangePotential 13% (301/2248) regret=0.067877 ape=0.6000
[21:43:37] regretChangePotential 13% (302/2248) regret=0.067292 ape=0.6000
[21:43:37] regretChangePotential 13% (303/2248) regret=0.066877 ape=0.5982
[21:43:37] regretChangePotential 13% (304/2248) regret=0.066793 ape=0.5982
[21:43:37] regretChangePotential 13% (305/2248) regret=0.066401 ape=0.5972
[21:43:37] regretChangePotential 13% (306/2248) regret=0.066521 ape=0.5982
[21:43:38] regretChangePotential 13% (307/2248) regret=0.066076 ape=0.5972
[21:43:38] regretChangePotential 13% (308/2248) regret=0.065993 ape=0.5972
[21:43:38] regretChangePotential 13% (309/2248) regret=0.065896 ape=0.5972
[21:43:38] regretChangePotential 13% (310/2248) regret=0.065401 ape=0.5972
[21:43:38] regretChangePotential 13% (311/2248) regret=0.065480 ape=0.5972
[21:43:38] regretChangePotential 13% (312/2248) regret=0.065308 ape=0.5972
[21:43:39] regretChangePotential 13% (313/2248) regret=0.065308 ape=0.5972
[21:43:39] regretChangePotential 13% (314/2248) regret=0.065372 ape=0.5963
[21:43:39] regretChangePotential 14% (315/2248) regret=0.065372 ape=0.5963
[21:43:39] regretChangePotential 14% (316/2248) regret=0.065406 ape=0.5963
[21:43:39] regretChangePotential 14% (317/2248) regret=0.065406 ape=0.5963
[21:43:40] regretChangePotential 14% (318/2248) regret=0.065236 ape=0.5954
[21:43:40] regretChangePotential 14% (319/2248) regret=0.065100 ape=0.5954
[21:43:40] regretChangePotential 14% (320/2248) regret=0.065035 ape=0.5954
[21:43:40] regretChangePotential 14% (321/2248) regret=0.064865 ape=0.5954
[21:43:40] regretChangePotential 14% (322/2248) regret=0.065035 ape=0.5954
[21:43:40] regretChangePotential 14% (323/2248) regret=0.065035 ape=0.5954
[21:43:41] regretChangePotential 14% (324/2248) regret=0.065436 ape=0.5954
[21:43:41] regretChangePotential 14% (325/2248) regret=0.065510 ape=0.5963
[21:43:41] regretChangePotential 14% (326/2248) regret=0.065567 ape=0.5963
[21:43:41] regretChangePotential 14% (327/2248) regret=0.065558 ape=0.5954
[21:43:41] regretChangePotential 14% (328/2248) regret=0.065558 ape=0.5954
[21:43:42] regretChangePotential 14% (329/2248) regret=0.065715 ape=0.5954
[21:43:42] regretChangePotential 14% (330/2248) regret=0.065730 ape=0.5954
[21:43:42] regretChangePotential 14% (331/2248) regret=0.065713 ape=0.5954
[21:43:42] regretChangePotential 14% (332/2248) regret=0.065655 ape=0.5963
[21:43:42] regretChangePotential 14% (333/2248) regret=0.065581 ape=0.5963
[21:43:43] regretChangePotential 14% (334/2248) regret=0.065360 ape=0.5963
[21:43:43] regretChangePotential 14% (335/2248) regret=0.065414 ape=0.5963
[21:43:43] regretChangePotential 14% (336/2248) regret=0.065414 ape=0.5963
[21:43:43] regretChangePotential 14% (337/2248) regret=0.065414 ape=0.5963
[21:43:43] regretChangePotential 15% (338/2248) regret=0.065391 ape=0.5963
[21:43:44] regretChangePotential 15% (339/2248) regret=0.065900 ape=0.5972
[21:43:44] regretChangePotential 15% (340/2248) regret=0.065877 ape=0.5972
[21:43:44] regretChangePotential 15% (341/2248) regret=0.065349 ape=0.5963
[21:43:44] regretChangePotential 15% (342/2248) regret=0.065214 ape=0.5963
[21:43:44] regretChangePotential 15% (343/2248) regret=0.065195 ape=0.5972
[21:43:44] regretChangePotential 15% (344/2248) regret=0.065233 ape=0.5982
[21:43:45] regretChangePotential 15% (345/2248) regret=0.065233 ape=0.5982
[21:43:45] regretChangePotential 15% (346/2248) regret=0.065203 ape=0.5982
[21:43:45] regretChangePotential 15% (347/2248) regret=0.065124 ape=0.5982
[21:43:45] regretChangePotential 15% (348/2248) regret=0.064866 ape=0.5972
[21:43:45] regretChangePotential 15% (349/2248) regret=0.065101 ape=0.5982
[21:43:46] regretChangePotential 15% (350/2248) regret=0.065110 ape=0.5991
[21:43:46] regretChangePotential 15% (351/2248) regret=0.064917 ape=0.5982
[21:43:46] regretChangePotential 15% (352/2248) regret=0.064751 ape=0.5982
[21:43:46] regretChangePotential 15% (353/2248) regret=0.064631 ape=0.5982
[21:43:46] regretChangePotential 15% (354/2248) regret=0.064677 ape=0.5982
[21:43:47] regretChangePotential 15% (355/2248) regret=0.064603 ape=0.5982
[21:43:47] regretChangePotential 15% (356/2248) regret=0.064603 ape=0.5982
[21:43:47] regretChangePotential 15% (357/2248) regret=0.064622 ape=0.5982
[21:43:47] regretChangePotential 15% (358/2248) regret=0.064644 ape=0.5982
[21:43:47] regretChangePotential 15% (359/2248) regret=0.064622 ape=0.5982
[21:43:47] regretChangePotential 16% (360/2248) regret=0.064617 ape=0.5982
[21:43:48] regretChangePotential 16% (361/2248) regret=0.064672 ape=0.5991
[21:43:48] regretChangePotential 16% (362/2248) regret=0.064886 ape=0.5991
[21:43:48] regretChangePotential 16% (363/2248) regret=0.064600 ape=0.5991
[21:43:48] regretChangePotential 16% (364/2248) regret=0.064600 ape=0.5991
[21:43:48] regretChangePotential 16% (365/2248) regret=0.064600 ape=0.5991
[21:43:48] regretChangePotential 16% (366/2248) regret=0.064600 ape=0.5991
[21:43:49] regretChangePotential 16% (367/2248) regret=0.064480 ape=0.6000
[21:43:49] regretChangePotential 16% (368/2248) regret=0.064181 ape=0.5991
[21:43:49] regretChangePotential 16% (369/2248) regret=0.064350 ape=0.5982
[21:43:49] regretChangePotential 16% (370/2248) regret=0.064350 ape=0.5982
[21:43:49] regretChangePotential 16% (371/2248) regret=0.064382 ape=0.5982
[21:43:50] regretChangePotential 16% (372/2248) regret=0.064494 ape=0.5982
[21:43:50] regretChangePotential 16% (373/2248) regret=0.064172 ape=0.5963
[21:43:50] regretChangePotential 16% (374/2248) regret=0.064172 ape=0.5963
[21:43:50] regretChangePotential 16% (375/2248) regret=0.064172 ape=0.5963
[21:43:50] regretChangePotential 16% (376/2248) regret=0.063268 ape=0.5945
[21:43:50] regretChangePotential 16% (377/2248) regret=0.063268 ape=0.5945
[21:43:51] regretChangePotential 16% (378/2248) regret=0.063268 ape=0.5945
[21:43:51] regretChangePotential 16% (379/2248) regret=0.063268 ape=0.5945
[21:43:51] regretChangePotential 16% (380/2248) regret=0.063268 ape=0.5945
[21:43:51] regretChangePotential 16% (381/2248) regret=0.063268 ape=0.5945
[21:43:51] regretChangePotential 16% (382/2248) regret=0.063628 ape=0.5945
[21:43:52] regretChangePotential 17% (383/2248) regret=0.063628 ape=0.5945
[21:43:52] regretChangePotential 17% (384/2248) regret=0.063562 ape=0.5935
[21:43:52] regretChangePotential 17% (385/2248) regret=0.063562 ape=0.5935
[21:43:52] regretChangePotential 17% (386/2248) regret=0.063253 ape=0.5926
[21:43:52] regretChangePotential 17% (387/2248) regret=0.063545 ape=0.5926
[21:43:53] regretChangePotential 17% (388/2248) regret=0.063135 ape=0.5926
[21:43:53] regretChangePotential 17% (389/2248) regret=0.063172 ape=0.5926
[21:43:53] regretChangePotential 17% (390/2248) regret=0.063135 ape=0.5926
[21:43:53] regretChangePotential 17% (391/2248) regret=0.063163 ape=0.5926
[21:43:53] regretChangePotential 17% (392/2248) regret=0.063328 ape=0.5935
[21:43:53] regretChangePotential 17% (393/2248) regret=0.063268 ape=0.5935
[21:43:54] regretChangePotential 17% (394/2248) regret=0.063268 ape=0.5935
[21:43:54] regretChangePotential 17% (395/2248) regret=0.063230 ape=0.5926
[21:43:54] regretChangePotential 17% (396/2248) regret=0.063230 ape=0.5926
[21:43:54] regretChangePotential 17% (397/2248) regret=0.063230 ape=0.5926
[21:43:54] regretChangePotential 17% (398/2248) regret=0.063223 ape=0.5917
[21:43:55] regretChangePotential 17% (399/2248) regret=0.063627 ape=0.5917
[21:43:55] regretChangePotential 17% (400/2248) regret=0.063318 ape=0.5917
[21:43:55] regretChangePotential 17% (401/2248) regret=0.063272 ape=0.5917
[21:43:55] regretChangePotential 17% (402/2248) regret=0.063272 ape=0.5917
[21:43:55] regretChangePotential 17% (403/2248) regret=0.063272 ape=0.5917
[21:43:55] regretChangePotential 17% (404/2248) regret=0.063272 ape=0.5917
[21:43:56] regretChangePotential 18% (405/2248) regret=0.063272 ape=0.5917
[21:43:56] regretChangePotential 18% (406/2248) regret=0.063005 ape=0.5917
[21:43:56] regretChangePotential 18% (407/2248) regret=0.063272 ape=0.5917
[21:43:56] regretChangePotential 18% (408/2248) regret=0.063235 ape=0.5917
[21:43:56] regretChangePotential 18% (409/2248) regret=0.063258 ape=0.5917
[21:43:57] regretChangePotential 18% (410/2248) regret=0.063230 ape=0.5917
[21:43:57] regretChangePotential 18% (411/2248) regret=0.063230 ape=0.5917
[21:43:57] regretChangePotential 18% (412/2248) regret=0.063086 ape=0.5908
[21:43:57] regretChangePotential 18% (413/2248) regret=0.063069 ape=0.5908
[21:43:57] regretChangePotential 18% (414/2248) regret=0.062871 ape=0.5889
[21:43:58] regretChangePotential 18% (415/2248) regret=0.062871 ape=0.5889
[21:43:58] regretChangePotential 18% (416/2248) regret=0.062535 ape=0.5880
[21:43:58] regretChangePotential 18% (417/2248) regret=0.062535 ape=0.5880
[21:43:58] regretChangePotential 18% (418/2248) regret=0.062525 ape=0.5871
[21:43:58] regretChangePotential 18% (419/2248) regret=0.062525 ape=0.5871
[21:43:59] regretChangePotential 18% (420/2248) regret=0.062562 ape=0.5871
[21:43:59] regretChangePotential 18% (421/2248) regret=0.062525 ape=0.5871
[21:43:59] regretChangePotential 18% (422/2248) regret=0.062525 ape=0.5871
[21:43:59] regretChangePotential 18% (423/2248) regret=0.062668 ape=0.5871
[21:43:59] regretChangePotential 18% (424/2248) regret=0.062512 ape=0.5862
[21:44:00] regretChangePotential 18% (425/2248) regret=0.062512 ape=0.5862
[21:44:00] regretChangePotential 18% (426/2248) regret=0.062404 ape=0.5853
[21:44:00] regretChangePotential 18% (427/2248) regret=0.062170 ape=0.5843
[21:44:00] regretChangePotential 19% (428/2248) regret=0.061764 ape=0.5843
[21:44:00] regretChangePotential 19% (429/2248) regret=0.061433 ape=0.5843
[21:44:00] regretChangePotential 19% (430/2248) regret=0.060926 ape=0.5843
[21:44:01] regretChangePotential 19% (431/2248) regret=0.060446 ape=0.5843
[21:44:01] regretChangePotential 19% (432/2248) regret=0.060446 ape=0.5843
[21:44:01] regretChangePotential 19% (433/2248) regret=0.060446 ape=0.5843
[21:44:01] regretChangePotential 19% (434/2248) regret=0.060474 ape=0.5834
[21:44:01] regretChangePotential 19% (435/2248) regret=0.060009 ape=0.5825
[21:44:01] regretChangePotential 19% (436/2248) regret=0.059981 ape=0.5816
[21:44:02] regretChangePotential 19% (437/2248) regret=0.060231 ape=0.5825
[21:44:02] regretChangePotential 19% (438/2248) regret=0.060188 ape=0.5816
[21:44:02] regretChangePotential 19% (439/2248) regret=0.060188 ape=0.5816
[21:44:02] regretChangePotential 19% (440/2248) regret=0.060009 ape=0.5806
[21:44:02] regretChangePotential 19% (441/2248) regret=0.060115 ape=0.5806
[21:44:03] regretChangePotential 19% (442/2248) regret=0.060080 ape=0.5806
[21:44:03] regretChangePotential 19% (443/2248) regret=0.059994 ape=0.5816
[21:44:03] regretChangePotential 19% (444/2248) regret=0.060177 ape=0.5816
[21:44:03] regretChangePotential 19% (445/2248) regret=0.058906 ape=0.5788
[21:44:03] regretChangePotential 19% (446/2248) regret=0.058933 ape=0.5788
[21:44:04] regretChangePotential 19% (447/2248) regret=0.059089 ape=0.5788
[21:44:04] regretChangePotential 19% (448/2248) regret=0.059078 ape=0.5788
[21:44:04] regretChangePotential 19% (449/2248) regret=0.059316 ape=0.5788
[21:44:04] regretChangePotential 20% (450/2248) regret=0.058873 ape=0.5779
[21:44:04] regretChangePotential 20% (451/2248) regret=0.058873 ape=0.5779
[21:44:04] regretChangePotential 20% (452/2248) regret=0.058975 ape=0.5788
[21:44:04] regretChangePotential 20% (453/2248) regret=0.058629 ape=0.5788
[21:44:05] regretChangePotential 20% (454/2248) regret=0.058512 ape=0.5788
[21:44:05] regretChangePotential 20% (455/2248) regret=0.058486 ape=0.5788
[21:44:05] regretChangePotential 20% (456/2248) regret=0.058486 ape=0.5788
[21:44:05] regretChangePotential 20% (457/2248) regret=0.058483 ape=0.5788
[21:44:05] regretChangePotential 20% (458/2248) regret=0.058290 ape=0.5779
[21:44:05] regretChangePotential 20% (459/2248) regret=0.058184 ape=0.5779
[21:44:06] regretChangePotential 20% (460/2248) regret=0.057797 ape=0.5770
[21:44:06] regretChangePotential 20% (461/2248) regret=0.057377 ape=0.5770
[21:44:06] regretChangePotential 20% (462/2248) regret=0.057373 ape=0.5770
[21:44:06] regretChangePotential 20% (463/2248) regret=0.057373 ape=0.5770
[21:44:06] regretChangePotential 20% (464/2248) regret=0.057373 ape=0.5770
[21:44:06] regretChangePotential 20% (465/2248) regret=0.057373 ape=0.5770
[21:44:06] regretChangePotential 20% (466/2248) regret=0.057373 ape=0.5770
[21:44:07] regretChangePotential 20% (467/2248) regret=0.057373 ape=0.5770
[21:44:07] regretChangePotential 20% (468/2248) regret=0.057345 ape=0.5770
[21:44:07] regretChangePotential 20% (469/2248) regret=0.057345 ape=0.5770
[21:44:07] regretChangePotential 20% (470/2248) regret=0.057278 ape=0.5779
[21:44:07] regretChangePotential 20% (471/2248) regret=0.057278 ape=0.5779
[21:44:07] regretChangePotential 20% (472/2248) regret=0.057278 ape=0.5779
[21:44:07] regretChangePotential 21% (473/2248) regret=0.057278 ape=0.5779
[21:44:08] regretChangePotential 21% (474/2248) regret=0.057278 ape=0.5779
[21:44:08] regretChangePotential 21% (475/2248) regret=0.057059 ape=0.5770
[21:44:08] regretChangePotential 21% (476/2248) regret=0.057059 ape=0.5770
[21:44:08] regretChangePotential 21% (477/2248) regret=0.057059 ape=0.5770
[21:44:08] regretChangePotential 21% (478/2248) regret=0.057059 ape=0.5770
[21:44:08] regretChangePotential 21% (479/2248) regret=0.057059 ape=0.5770
[21:44:08] regretChangePotential 21% (480/2248) regret=0.057059 ape=0.5770
[21:44:09] regretChangePotential 21% (481/2248) regret=0.057059 ape=0.5770
[21:44:09] regretChangePotential 21% (482/2248) regret=0.057059 ape=0.5770
[21:44:09] regretChangePotential 21% (483/2248) regret=0.057059 ape=0.5770
[21:44:09] regretChangePotential 21% (484/2248) regret=0.056732 ape=0.5760
[21:44:09] regretChangePotential 21% (485/2248) regret=0.056732 ape=0.5760
[21:44:09] regretChangePotential 21% (486/2248) regret=0.056711 ape=0.5751
[21:44:09] regretChangePotential 21% (487/2248) regret=0.056711 ape=0.5751
[21:44:10] regretChangePotential 21% (488/2248) regret=0.056693 ape=0.5751
[21:44:10] regretChangePotential 21% (489/2248) regret=0.056686 ape=0.5742
[21:44:10] regretChangePotential 21% (490/2248) regret=0.056686 ape=0.5742
[21:44:10] regretChangePotential 21% (491/2248) regret=0.056686 ape=0.5742
[21:44:10] regretChangePotential 21% (492/2248) regret=0.056686 ape=0.5742
[21:44:10] regretChangePotential 21% (493/2248) regret=0.056686 ape=0.5742
[21:44:11] regretChangePotential 21% (494/2248) regret=0.056686 ape=0.5742
[21:44:11] regretChangePotential 22% (495/2248) regret=0.056686 ape=0.5742
[21:44:11] regretChangePotential 22% (496/2248) regret=0.056686 ape=0.5742
[21:44:11] regretChangePotential 22% (497/2248) regret=0.056686 ape=0.5742
[21:44:11] regretChangePotential 22% (498/2248) regret=0.056686 ape=0.5742
[21:44:11] regretChangePotential 22% (499/2248) regret=0.056686 ape=0.5742
[21:44:11] regretChangePotential 22% (500/2248) regret=0.056686 ape=0.5742
[21:44:12] regretChangePotential 22% (501/2248) regret=0.056686 ape=0.5742
[21:44:12] regretChangePotential 22% (502/2248) regret=0.056686 ape=0.5742
[21:44:12] regretChangePotential 22% (503/2248) regret=0.056686 ape=0.5742
[21:44:12] regretChangePotential 22% (504/2248) regret=0.056686 ape=0.5742
[21:44:12] regretChangePotential 22% (505/2248) regret=0.056686 ape=0.5742
[21:44:12] regretChangePotential 22% (506/2248) regret=0.056686 ape=0.5742
[21:44:13] regretChangePotential 22% (507/2248) regret=0.056686 ape=0.5742
[21:44:13] regretChangePotential 22% (508/2248) regret=0.056686 ape=0.5742
[21:44:13] regretChangePotential 22% (509/2248) regret=0.056686 ape=0.5742
[21:44:13] regretChangePotential 22% (510/2248) regret=0.056438 ape=0.5733
[21:44:13] regretChangePotential 22% (511/2248) regret=0.056438 ape=0.5733
[21:44:14] regretChangePotential 22% (512/2248) regret=0.056376 ape=0.5724
[21:44:14] regretChangePotential 22% (513/2248) regret=0.056376 ape=0.5724
[21:44:14] regretChangePotential 22% (514/2248) regret=0.056376 ape=0.5724
[21:44:14] regretChangePotential 22% (515/2248) regret=0.056376 ape=0.5724
[21:44:14] regretChangePotential 22% (516/2248) regret=0.056376 ape=0.5724
[21:44:14] regretChangePotential 22% (517/2248) regret=0.056376 ape=0.5724
[21:44:15] regretChangePotential 23% (518/2248) regret=0.056376 ape=0.5724
[21:44:15] regretChangePotential 23% (519/2248) regret=0.056376 ape=0.5724
[21:44:15] regretChangePotential 23% (520/2248) regret=0.056376 ape=0.5724
[21:44:15] regretChangePotential 23% (521/2248) regret=0.056347 ape=0.5724
[21:44:15] regretChangePotential 23% (522/2248) regret=0.056347 ape=0.5724
[21:44:16] regretChangePotential 23% (523/2248) regret=0.056347 ape=0.5724
[21:44:16] regretChangePotential 23% (524/2248) regret=0.056347 ape=0.5724
[21:44:16] regretChangePotential 23% (525/2248) regret=0.056347 ape=0.5724
[21:44:16] regretChangePotential 23% (526/2248) regret=0.056347 ape=0.5724
[21:44:16] regretChangePotential 23% (527/2248) regret=0.056347 ape=0.5724
[21:44:16] regretChangePotential 23% (528/2248) regret=0.056347 ape=0.5724
[21:44:17] regretChangePotential 23% (529/2248) regret=0.055941 ape=0.5714
[21:44:17] regretChangePotential 23% (530/2248) regret=0.055418 ape=0.5705
[21:44:17] regretChangePotential 23% (531/2248) regret=0.055418 ape=0.5705
[21:44:17] regretChangePotential 23% (532/2248) regret=0.055418 ape=0.5705
[21:44:17] regretChangePotential 23% (533/2248) regret=0.055418 ape=0.5705
[21:44:17] regretChangePotential 23% (534/2248) regret=0.055418 ape=0.5705
[21:44:18] regretChangePotential 23% (535/2248) regret=0.055418 ape=0.5705
[21:44:18] regretChangePotential 23% (536/2248) regret=0.055418 ape=0.5705
[21:44:18] regretChangePotential 23% (537/2248) regret=0.055418 ape=0.5705
[21:44:18] regretChangePotential 23% (538/2248) regret=0.055537 ape=0.5705
[21:44:18] regretChangePotential 23% (539/2248) regret=0.055418 ape=0.5705
[21:44:19] regretChangePotential 24% (540/2248) regret=0.055418 ape=0.5705
[21:44:19] regretChangePotential 24% (541/2248) regret=0.055777 ape=0.5705
[21:44:19] regretChangePotential 24% (542/2248) regret=0.055316 ape=0.5705
[21:44:19] regretChangePotential 24% (543/2248) regret=0.055316 ape=0.5705
[21:44:19] regretChangePotential 24% (544/2248) regret=0.055213 ape=0.5696
[21:44:20] regretChangePotential 24% (545/2248) regret=0.055176 ape=0.5687
[21:44:20] regretChangePotential 24% (546/2248) regret=0.055176 ape=0.5687
[21:44:20] regretChangePotential 24% (547/2248) regret=0.055176 ape=0.5687
[21:44:20] regretChangePotential 24% (548/2248) regret=0.055176 ape=0.5687
[21:44:20] regretChangePotential 24% (549/2248) regret=0.055176 ape=0.5687
[21:44:21] regretChangePotential 24% (550/2248) regret=0.055176 ape=0.5687
[21:44:21] regretChangePotential 24% (551/2248) regret=0.055268 ape=0.5687
[21:44:21] regretChangePotential 24% (552/2248) regret=0.055005 ape=0.5677
[21:44:21] regretChangePotential 24% (553/2248) regret=0.055005 ape=0.5677
[21:44:21] regretChangePotential 24% (554/2248) regret=0.054701 ape=0.5668
[21:44:22] regretChangePotential 24% (555/2248) regret=0.054438 ape=0.5677
[21:44:22] regretChangePotential 24% (556/2248) regret=0.054438 ape=0.5677
[21:44:22] regretChangePotential 24% (557/2248) regret=0.054328 ape=0.5677
[21:44:22] regretChangePotential 24% (558/2248) regret=0.053913 ape=0.5668
[21:44:22] regretChangePotential 24% (559/2248) regret=0.053812 ape=0.5668
[21:44:22] regretChangePotential 24% (560/2248) regret=0.053895 ape=0.5668
[21:44:23] regretChangePotential 24% (561/2248) regret=0.053767 ape=0.5668
[21:44:23] regretChangePotential 25% (562/2248) regret=0.053767 ape=0.5668
[21:44:23] regretChangePotential 25% (563/2248) regret=0.053640 ape=0.5668
[21:44:23] regretChangePotential 25% (564/2248) regret=0.053604 ape=0.5668
[21:44:23] regretChangePotential 25% (565/2248) regret=0.053604 ape=0.5668
[21:44:24] regretChangePotential 25% (566/2248) regret=0.053601 ape=0.5668
[21:44:24] regretChangePotential 25% (567/2248) regret=0.053537 ape=0.5668
[21:44:24] regretChangePotential 25% (568/2248) regret=0.053822 ape=0.5659
[21:44:24] regretChangePotential 25% (569/2248) regret=0.053362 ape=0.5659
[21:44:24] regretChangePotential 25% (570/2248) regret=0.053435 ape=0.5659
[21:44:25] regretChangePotential 25% (571/2248) regret=0.053211 ape=0.5659
[21:44:25] regretChangePotential 25% (572/2248) regret=0.053014 ape=0.5641
[21:44:25] regretChangePotential 25% (573/2248) regret=0.053107 ape=0.5641
[21:44:25] regretChangePotential 25% (574/2248) regret=0.053190 ape=0.5641
[21:44:25] regretChangePotential 25% (575/2248) regret=0.053143 ape=0.5641
[21:44:26] regretChangePotential 25% (576/2248) regret=0.053297 ape=0.5641
[21:44:26] regretChangePotential 25% (577/2248) regret=0.053162 ape=0.5641
[21:44:26] regretChangePotential 25% (578/2248) regret=0.052747 ape=0.5622
[21:44:26] regretChangePotential 25% (579/2248) regret=0.052858 ape=0.5622
[21:44:26] regretChangePotential 25% (580/2248) regret=0.052397 ape=0.5613
[21:44:27] regretChangePotential 25% (581/2248) regret=0.052397 ape=0.5613
[21:44:27] regretChangePotential 25% (582/2248) regret=0.051735 ape=0.5613
[21:44:27] regretChangePotential 25% (583/2248) regret=0.052039 ape=0.5613
[21:44:27] regretChangePotential 25% (584/2248) regret=0.052057 ape=0.5613
[21:44:27] regretChangePotential 26% (585/2248) regret=0.051726 ape=0.5613
[21:44:28] regretChangePotential 26% (586/2248) regret=0.051726 ape=0.5613
[21:44:28] regretChangePotential 26% (587/2248) regret=0.051726 ape=0.5613
[21:44:28] regretChangePotential 26% (588/2248) regret=0.051726 ape=0.5613
[21:44:28] regretChangePotential 26% (589/2248) regret=0.051726 ape=0.5613
[21:44:28] regretChangePotential 26% (590/2248) regret=0.051744 ape=0.5613
[21:44:28] regretChangePotential 26% (591/2248) regret=0.051578 ape=0.5613
[21:44:29] regretChangePotential 26% (592/2248) regret=0.051569 ape=0.5613
[21:44:29] regretChangePotential 26% (593/2248) regret=0.051431 ape=0.5613
[21:44:29] regretChangePotential 26% (594/2248) regret=0.050990 ape=0.5613
[21:44:29] regretChangePotential 26% (595/2248) regret=0.051165 ape=0.5613
[21:44:29] regretChangePotential 26% (596/2248) regret=0.050621 ape=0.5604
[21:44:30] regretChangePotential 26% (597/2248) regret=0.050621 ape=0.5604
[21:44:30] regretChangePotential 26% (598/2248) regret=0.050621 ape=0.5604
[21:44:30] regretChangePotential 26% (599/2248) regret=0.050621 ape=0.5604
[21:44:30] regretChangePotential 26% (600/2248) regret=0.050621 ape=0.5604
[21:44:30] regretChangePotential 26% (601/2248) regret=0.050621 ape=0.5604
[21:44:31] regretChangePotential 26% (602/2248) regret=0.050621 ape=0.5604
[21:44:31] regretChangePotential 26% (603/2248) regret=0.050621 ape=0.5604
[21:44:31] regretChangePotential 26% (604/2248) regret=0.050621 ape=0.5604
[21:44:31] regretChangePotential 26% (605/2248) regret=0.050621 ape=0.5604
[21:44:31] regretChangePotential 26% (606/2248) regret=0.050621 ape=0.5604
[21:44:32] regretChangePotential 27% (607/2248) regret=0.050621 ape=0.5604
[21:44:32] regretChangePotential 27% (608/2248) regret=0.050621 ape=0.5604
[21:44:32] regretChangePotential 27% (609/2248) regret=0.050621 ape=0.5604
[21:44:32] regretChangePotential 27% (610/2248) regret=0.050621 ape=0.5604
[21:44:32] regretChangePotential 27% (611/2248) regret=0.050621 ape=0.5604
[21:44:33] regretChangePotential 27% (612/2248) regret=0.050621 ape=0.5604
[21:44:33] regretChangePotential 27% (613/2248) regret=0.050621 ape=0.5604
[21:44:33] regretChangePotential 27% (614/2248) regret=0.050621 ape=0.5604
[21:44:33] regretChangePotential 27% (615/2248) regret=0.050621 ape=0.5604
[21:44:33] regretChangePotential 27% (616/2248) regret=0.050612 ape=0.5604
[21:44:33] regretChangePotential 27% (617/2248) regret=0.050612 ape=0.5604
[21:44:34] regretChangePotential 27% (618/2248) regret=0.050612 ape=0.5604
[21:44:34] regretChangePotential 27% (619/2248) regret=0.050612 ape=0.5604
[21:44:34] regretChangePotential 27% (620/2248) regret=0.050612 ape=0.5604
[21:44:34] regretChangePotential 27% (621/2248) regret=0.050612 ape=0.5604
[21:44:34] regretChangePotential 27% (622/2248) regret=0.050612 ape=0.5604
[21:44:35] regretChangePotential 27% (623/2248) regret=0.050612 ape=0.5604
[21:44:35] regretChangePotential 27% (624/2248) regret=0.050612 ape=0.5604
[21:44:35] regretChangePotential 27% (625/2248) regret=0.050612 ape=0.5604
[21:44:35] regretChangePotential 27% (626/2248) regret=0.050612 ape=0.5604
[21:44:35] regretChangePotential 27% (627/2248) regret=0.051001 ape=0.5604
[21:44:36] regretChangePotential 27% (628/2248) regret=0.050408 ape=0.5585
[21:44:36] regretChangePotential 27% (629/2248) regret=0.050206 ape=0.5585
[21:44:36] regretChangePotential 28% (630/2248) regret=0.050174 ape=0.5585
[21:44:36] regretChangePotential 28% (631/2248) regret=0.049796 ape=0.5576
[21:44:37] regretChangePotential 28% (632/2248) regret=0.049989 ape=0.5594
[21:44:37] regretChangePotential 28% (633/2248) regret=0.049906 ape=0.5585
[21:44:37] regretChangePotential 28% (634/2248) regret=0.049913 ape=0.5585
[21:44:37] regretChangePotential 28% (635/2248) regret=0.049781 ape=0.5567
[21:44:37] regretChangePotential 28% (636/2248) regret=0.049765 ape=0.5567
[21:44:38] regretChangePotential 28% (637/2248) regret=0.049781 ape=0.5567
[21:44:38] regretChangePotential 28% (638/2248) regret=0.049781 ape=0.5567
[21:44:38] regretChangePotential 28% (639/2248) regret=0.049781 ape=0.5567
[21:44:38] regretChangePotential 28% (640/2248) regret=0.049610 ape=0.5558
[21:44:38] regretChangePotential 28% (641/2248) regret=0.049338 ape=0.5548
[21:44:38] regretChangePotential 28% (642/2248) regret=0.049297 ape=0.5548
[21:44:39] regretChangePotential 28% (643/2248) regret=0.049288 ape=0.5548
[21:44:39] regretChangePotential 28% (644/2248) regret=0.049288 ape=0.5548
[21:44:39] regretChangePotential 28% (645/2248) regret=0.049288 ape=0.5548
[21:44:39] regretChangePotential 28% (646/2248) regret=0.049288 ape=0.5548
[21:44:39] regretChangePotential 28% (647/2248) regret=0.049288 ape=0.5548
[21:44:40] regretChangePotential 28% (648/2248) regret=0.049581 ape=0.5548
[21:44:40] regretChangePotential 28% (649/2248) regret=0.049591 ape=0.5558
[21:44:40] regretChangePotential 28% (650/2248) regret=0.049688 ape=0.5558
[21:44:40] regretChangePotential 28% (651/2248) regret=0.049688 ape=0.5558
[21:44:40] regretChangePotential 29% (652/2248) regret=0.049688 ape=0.5558
[21:44:41] regretChangePotential 29% (653/2248) regret=0.049688 ape=0.5558
[21:44:41] regretChangePotential 29% (654/2248) regret=0.049688 ape=0.5558
[21:44:41] regretChangePotential 29% (655/2248) regret=0.049688 ape=0.5558
[21:44:41] regretChangePotential 29% (656/2248) regret=0.049682 ape=0.5558
[21:44:41] regretChangePotential 29% (657/2248) regret=0.049668 ape=0.5558
[21:44:42] regretChangePotential 29% (658/2248) regret=0.049668 ape=0.5558
[21:44:42] regretChangePotential 29% (659/2248) regret=0.049668 ape=0.5558
[21:44:42] regretChangePotential 29% (660/2248) regret=0.049668 ape=0.5558
[21:44:42] regretChangePotential 29% (661/2248) regret=0.049668 ape=0.5558
[21:44:42] regretChangePotential 29% (662/2248) regret=0.049668 ape=0.5558
[21:44:43] regretChangePotential 29% (663/2248) regret=0.049668 ape=0.5558
[21:44:43] regretChangePotential 29% (664/2248) regret=0.049715 ape=0.5567
[21:44:43] regretChangePotential 29% (665/2248) regret=0.049808 ape=0.5567
[21:44:43] regretChangePotential 29% (666/2248) regret=0.049808 ape=0.5567
[21:44:43] regretChangePotential 29% (667/2248) regret=0.049525 ape=0.5558
[21:44:43] regretChangePotential 29% (668/2248) regret=0.049525 ape=0.5558
[21:44:44] regretChangePotential 29% (669/2248) regret=0.049525 ape=0.5558
[21:44:44] regretChangePotential 29% (670/2248) regret=0.049525 ape=0.5558
[21:44:44] regretChangePotential 29% (671/2248) regret=0.049525 ape=0.5558
[21:44:44] regretChangePotential 29% (672/2248) regret=0.049525 ape=0.5558
[21:44:44] regretChangePotential 29% (673/2248) regret=0.049525 ape=0.5558
[21:44:45] regretChangePotential 29% (674/2248) regret=0.049525 ape=0.5558
[21:44:45] regretChangePotential 30% (675/2248) regret=0.049525 ape=0.5558
[21:44:45] regretChangePotential 30% (676/2248) regret=0.049525 ape=0.5558
[21:44:45] regretChangePotential 30% (677/2248) regret=0.049525 ape=0.5558
[21:44:45] regretChangePotential 30% (678/2248) regret=0.049525 ape=0.5558
[21:44:46] regretChangePotential 30% (679/2248) regret=0.049525 ape=0.5558
[21:44:46] regretChangePotential 30% (680/2248) regret=0.049525 ape=0.5558
[21:44:46] regretChangePotential 30% (681/2248) regret=0.049525 ape=0.5558
[21:44:46] regretChangePotential 30% (682/2248) regret=0.049525 ape=0.5558
[21:44:46] regretChangePotential 30% (683/2248) regret=0.049599 ape=0.5558
[21:44:47] regretChangePotential 30% (684/2248) regret=0.049516 ape=0.5558
[21:44:47] regretChangePotential 30% (685/2248) regret=0.049516 ape=0.5558
[21:44:47] regretChangePotential 30% (686/2248) regret=0.049516 ape=0.5558
[21:44:47] regretChangePotential 30% (687/2248) regret=0.049516 ape=0.5558
[21:44:47] regretChangePotential 30% (688/2248) regret=0.049516 ape=0.5558
[21:44:47] regretChangePotential 30% (689/2248) regret=0.049516 ape=0.5558
[21:44:48] regretChangePotential 30% (690/2248) regret=0.049516 ape=0.5558
[21:44:48] regretChangePotential 30% (691/2248) regret=0.049516 ape=0.5558
[21:44:48] regretChangePotential 30% (692/2248) regret=0.049415 ape=0.5558
[21:44:48] regretChangePotential 30% (693/2248) regret=0.049516 ape=0.5558
[21:44:48] regretChangePotential 30% (694/2248) regret=0.049516 ape=0.5558
[21:44:49] regretChangePotential 30% (695/2248) regret=0.049516 ape=0.5558
[21:44:49] regretChangePotential 30% (696/2248) regret=0.049516 ape=0.5558
[21:44:49] regretChangePotential 31% (697/2248) regret=0.049516 ape=0.5558
[21:44:49] regretChangePotential 31% (698/2248) regret=0.049516 ape=0.5558
[21:44:49] regretChangePotential 31% (699/2248) regret=0.049516 ape=0.5558
[21:44:49] regretChangePotential 31% (700/2248) regret=0.049516 ape=0.5558
[21:44:50] regretChangePotential 31% (701/2248) regret=0.049406 ape=0.5558
[21:44:50] regretChangePotential 31% (702/2248) regret=0.049406 ape=0.5558
[21:44:50] regretChangePotential 31% (703/2248) regret=0.049161 ape=0.5558
[21:44:50] regretChangePotential 31% (704/2248) regret=0.049161 ape=0.5558
[21:44:50] regretChangePotential 31% (705/2248) regret=0.049161 ape=0.5558
[21:44:51] regretChangePotential 31% (706/2248) regret=0.049078 ape=0.5558
[21:44:51] regretChangePotential 31% (707/2248) regret=0.049078 ape=0.5558
[21:44:51] regretChangePotential 31% (708/2248) regret=0.049078 ape=0.5558
[21:44:51] regretChangePotential 31% (709/2248) regret=0.048949 ape=0.5548
[21:44:51] regretChangePotential 31% (710/2248) regret=0.049046 ape=0.5548
[21:44:51] regretChangePotential 31% (711/2248) regret=0.049046 ape=0.5548
[21:44:52] regretChangePotential 31% (712/2248) regret=0.049032 ape=0.5548
[21:44:52] regretChangePotential 31% (713/2248) regret=0.049032 ape=0.5548
[21:44:52] regretChangePotential 31% (714/2248) regret=0.049032 ape=0.5548
[21:44:52] regretChangePotential 31% (715/2248) regret=0.049032 ape=0.5548
[21:44:52] regretChangePotential 31% (716/2248) regret=0.048968 ape=0.5548
[21:44:53] regretChangePotential 31% (717/2248) regret=0.048968 ape=0.5548
[21:44:53] regretChangePotential 31% (718/2248) regret=0.048968 ape=0.5548
[21:44:53] regretChangePotential 31% (719/2248) regret=0.048912 ape=0.5558
[21:44:53] regretChangePotential 32% (720/2248) regret=0.048585 ape=0.5558
[21:44:53] regretChangePotential 32% (721/2248) regret=0.048325 ape=0.5548
[21:44:54] regretChangePotential 32% (722/2248) regret=0.048555 ape=0.5558
[21:44:54] regretChangePotential 32% (723/2248) regret=0.048555 ape=0.5558
[21:44:54] regretChangePotential 32% (724/2248) regret=0.048592 ape=0.5558
[21:44:54] regretChangePotential 32% (725/2248) regret=0.048592 ape=0.5558
[21:44:54] regretChangePotential 32% (726/2248) regret=0.048592 ape=0.5558
[21:44:54] regretChangePotential 32% (727/2248) regret=0.048694 ape=0.5567
[21:44:55] regretChangePotential 32% (728/2248) regret=0.048694 ape=0.5567
[21:44:55] regretChangePotential 32% (729/2248) regret=0.048694 ape=0.5567
[21:44:55] regretChangePotential 32% (730/2248) regret=0.048694 ape=0.5567
[21:44:55] regretChangePotential 32% (731/2248) regret=0.048694 ape=0.5567
[21:44:56] regretChangePotential 32% (732/2248) regret=0.048694 ape=0.5567
[21:44:56] regretChangePotential 32% (733/2248) regret=0.048694 ape=0.5567
[21:44:56] regretChangePotential 32% (734/2248) regret=0.048274 ape=0.5558
[21:44:56] regretChangePotential 32% (735/2248) regret=0.047491 ape=0.5548
[21:44:56] regretChangePotential 32% (736/2248) regret=0.047491 ape=0.5548
[21:44:56] regretChangePotential 32% (737/2248) regret=0.047491 ape=0.5548
[21:44:57] regretChangePotential 32% (738/2248) regret=0.047491 ape=0.5548
[21:44:57] regretChangePotential 32% (739/2248) regret=0.047491 ape=0.5548
[21:44:57] regretChangePotential 32% (740/2248) regret=0.047574 ape=0.5558
[21:44:57] regretChangePotential 32% (741/2248) regret=0.047177 ape=0.5548
[21:44:57] regretChangePotential 33% (742/2248) regret=0.046892 ape=0.5548
[21:44:58] regretChangePotential 33% (743/2248) regret=0.046892 ape=0.5548
[21:44:58] regretChangePotential 33% (744/2248) regret=0.046919 ape=0.5548
[21:44:58] regretChangePotential 33% (745/2248) regret=0.046919 ape=0.5548
[21:44:58] regretChangePotential 33% (746/2248) regret=0.046919 ape=0.5548
[21:44:59] regretChangePotential 33% (747/2248) regret=0.046781 ape=0.5539
[21:44:59] regretChangePotential 33% (748/2248) regret=0.046781 ape=0.5539
[21:44:59] regretChangePotential 33% (749/2248) regret=0.046684 ape=0.5530
[21:44:59] regretChangePotential 33% (750/2248) regret=0.046758 ape=0.5539
[21:44:59] regretChangePotential 33% (751/2248) regret=0.046758 ape=0.5539
[21:44:59] regretChangePotential 33% (752/2248) regret=0.046758 ape=0.5539
[21:45:00] regretChangePotential 33% (753/2248) regret=0.046758 ape=0.5539
[21:45:00] regretChangePotential 33% (754/2248) regret=0.046758 ape=0.5539
[21:45:00] regretChangePotential 33% (755/2248) regret=0.046956 ape=0.5539
[21:45:00] regretChangePotential 33% (756/2248) regret=0.046988 ape=0.5539
[21:45:00] regretChangePotential 33% (757/2248) regret=0.046933 ape=0.5539
[21:45:01] regretChangePotential 33% (758/2248) regret=0.046518 ape=0.5530
[21:45:01] regretChangePotential 33% (759/2248) regret=0.046399 ape=0.5521
[21:45:01] regretChangePotential 33% (760/2248) regret=0.046196 ape=0.5521
[21:45:01] regretChangePotential 33% (761/2248) regret=0.046270 ape=0.5521
[21:45:01] regretChangePotential 33% (762/2248) regret=0.046214 ape=0.5512
[21:45:02] regretChangePotential 33% (763/2248) regret=0.046251 ape=0.5512
[21:45:02] regretChangePotential 33% (764/2248) regret=0.046251 ape=0.5512
[21:45:02] regretChangePotential 34% (765/2248) regret=0.046251 ape=0.5512
[21:45:02] regretChangePotential 34% (766/2248) regret=0.046283 ape=0.5512
[21:45:02] regretChangePotential 34% (767/2248) regret=0.046283 ape=0.5512
[21:45:03] regretChangePotential 34% (768/2248) regret=0.046010 ape=0.5502
[21:45:03] regretChangePotential 34% (769/2248) regret=0.046015 ape=0.5502
[21:45:03] regretChangePotential 34% (770/2248) regret=0.046015 ape=0.5502
[21:45:03] regretChangePotential 34% (771/2248) regret=0.045490 ape=0.5502
[21:45:03] regretChangePotential 34% (772/2248) regret=0.045521 ape=0.5502
[21:45:04] regretChangePotential 34% (773/2248) regret=0.045565 ape=0.5512
[21:45:04] regretChangePotential 34% (774/2248) regret=0.045123 ape=0.5502
[21:45:04] regretChangePotential 34% (775/2248) regret=0.045123 ape=0.5502
[21:45:04] regretChangePotential 34% (776/2248) regret=0.045113 ape=0.5512
[21:45:04] regretChangePotential 34% (777/2248) regret=0.045113 ape=0.5512
[21:45:04] regretChangePotential 34% (778/2248) regret=0.044579 ape=0.5512
[21:45:05] regretChangePotential 34% (779/2248) regret=0.044831 ape=0.5512
[21:45:05] regretChangePotential 34% (780/2248) regret=0.044831 ape=0.5512
[21:45:05] regretChangePotential 34% (781/2248) regret=0.044831 ape=0.5512
[21:45:05] regretChangePotential 34% (782/2248) regret=0.044831 ape=0.5512
[21:45:05] regretChangePotential 34% (783/2248) regret=0.044721 ape=0.5493
[21:45:05] regretChangePotential 34% (784/2248) regret=0.044721 ape=0.5493
[21:45:06] regretChangePotential 34% (785/2248) regret=0.044910 ape=0.5484
[21:45:06] regretChangePotential 34% (786/2248) regret=0.044910 ape=0.5484
[21:45:06] regretChangePotential 35% (787/2248) regret=0.044910 ape=0.5484
[21:45:06] regretChangePotential 35% (788/2248) regret=0.044910 ape=0.5484
[21:45:06] regretChangePotential 35% (789/2248) regret=0.044910 ape=0.5484
[21:45:06] regretChangePotential 35% (790/2248) regret=0.044911 ape=0.5484
[21:45:07] regretChangePotential 35% (791/2248) regret=0.044911 ape=0.5484
[21:45:07] regretChangePotential 35% (792/2248) regret=0.044889 ape=0.5484
[21:45:07] regretChangePotential 35% (793/2248) regret=0.044954 ape=0.5493
[21:45:07] regretChangePotential 35% (794/2248) regret=0.044954 ape=0.5493
[21:45:07] regretChangePotential 35% (795/2248) regret=0.044954 ape=0.5493
[21:45:07] regretChangePotential 35% (796/2248) regret=0.044747 ape=0.5484
[21:45:08] regretChangePotential 35% (797/2248) regret=0.044641 ape=0.5475
[21:45:08] regretChangePotential 35% (798/2248) regret=0.044641 ape=0.5475
[21:45:08] regretChangePotential 35% (799/2248) regret=0.044346 ape=0.5475
[21:45:08] regretChangePotential 35% (800/2248) regret=0.044346 ape=0.5475
[21:45:08] regretChangePotential 35% (801/2248) regret=0.044346 ape=0.5475
[21:45:08] regretChangePotential 35% (802/2248) regret=0.044267 ape=0.5475
[21:45:08] regretChangePotential 35% (803/2248) regret=0.044242 ape=0.5475
[21:45:09] regretChangePotential 35% (804/2248) regret=0.044242 ape=0.5475
[21:45:09] regretChangePotential 35% (805/2248) regret=0.044652 ape=0.5475
[21:45:09] regretChangePotential 35% (806/2248) regret=0.044170 ape=0.5465
[21:45:09] regretChangePotential 35% (807/2248) regret=0.044161 ape=0.5465
[21:45:09] regretChangePotential 35% (808/2248) regret=0.044112 ape=0.5456
[21:45:09] regretChangePotential 35% (809/2248) regret=0.044057 ape=0.5456
[21:45:10] regretChangePotential 36% (810/2248) regret=0.044057 ape=0.5456
[21:45:10] regretChangePotential 36% (811/2248) regret=0.044057 ape=0.5456
[21:45:10] regretChangePotential 36% (812/2248) regret=0.044057 ape=0.5456
[21:45:10] regretChangePotential 36% (813/2248) regret=0.044061 ape=0.5456
[21:45:10] regretChangePotential 36% (814/2248) regret=0.043928 ape=0.5456
[21:45:11] regretChangePotential 36% (815/2248) regret=0.043863 ape=0.5456
[21:45:11] regretChangePotential 36% (816/2248) regret=0.043780 ape=0.5456
[21:45:11] regretChangePotential 36% (817/2248) regret=0.043863 ape=0.5456
[21:45:11] regretChangePotential 36% (818/2248) regret=0.043863 ape=0.5456
[21:45:11] regretChangePotential 36% (819/2248) regret=0.043863 ape=0.5456
[21:45:12] regretChangePotential 36% (820/2248) regret=0.043898 ape=0.5456
[21:45:12] regretChangePotential 36% (821/2248) regret=0.043845 ape=0.5456
[21:45:12] regretChangePotential 36% (822/2248) regret=0.043867 ape=0.5456
[21:45:12] regretChangePotential 36% (823/2248) regret=0.043898 ape=0.5456
[21:45:12] regretChangePotential 36% (824/2248) regret=0.043653 ape=0.5447
[21:45:13] regretChangePotential 36% (825/2248) regret=0.043653 ape=0.5447
[21:45:13] regretChangePotential 36% (826/2248) regret=0.043716 ape=0.5447
[21:45:13] regretChangePotential 36% (827/2248) regret=0.043426 ape=0.5438
[21:45:13] regretChangePotential 36% (828/2248) regret=0.043426 ape=0.5438
[21:45:13] regretChangePotential 36% (829/2248) regret=0.043426 ape=0.5438
[21:45:14] regretChangePotential 36% (830/2248) regret=0.043325 ape=0.5438
[21:45:14] regretChangePotential 36% (831/2248) regret=0.043219 ape=0.5429
[21:45:14] regretChangePotential 37% (832/2248) regret=0.043219 ape=0.5429
[21:45:14] regretChangePotential 37% (833/2248) regret=0.043286 ape=0.5429
[21:45:14] regretChangePotential 37% (834/2248) regret=0.043238 ape=0.5429
[21:45:15] regretChangePotential 37% (835/2248) regret=0.043853 ape=0.5419
[21:45:15] regretChangePotential 37% (836/2248) regret=0.043194 ape=0.5419
[21:45:15] regretChangePotential 37% (837/2248) regret=0.043194 ape=0.5419
[21:45:15] regretChangePotential 37% (838/2248) regret=0.043194 ape=0.5419
[21:45:15] regretChangePotential 37% (839/2248) regret=0.043194 ape=0.5419
[21:45:15] regretChangePotential 37% (840/2248) regret=0.043194 ape=0.5419
[21:45:16] regretChangePotential 37% (841/2248) regret=0.043203 ape=0.5419
[21:45:16] regretChangePotential 37% (842/2248) regret=0.043111 ape=0.5410
[21:45:16] regretChangePotential 37% (843/2248) regret=0.043024 ape=0.5410
[21:45:16] regretChangePotential 37% (844/2248) regret=0.043024 ape=0.5410
[21:45:16] regretChangePotential 37% (845/2248) regret=0.042802 ape=0.5410
[21:45:17] regretChangePotential 37% (846/2248) regret=0.042802 ape=0.5410
[21:45:17] regretChangePotential 37% (847/2248) regret=0.042802 ape=0.5410
[21:45:17] regretChangePotential 37% (848/2248) regret=0.042802 ape=0.5410
[21:45:17] regretChangePotential 37% (849/2248) regret=0.042862 ape=0.5419
[21:45:17] regretChangePotential 37% (850/2248) regret=0.042323 ape=0.5410
[21:45:18] regretChangePotential 37% (851/2248) regret=0.042148 ape=0.5410
[21:45:18] regretChangePotential 37% (852/2248) regret=0.042148 ape=0.5410
[21:45:18] regretChangePotential 37% (853/2248) regret=0.042148 ape=0.5410
[21:45:18] regretChangePotential 37% (854/2248) regret=0.042148 ape=0.5410
[21:45:18] regretChangePotential 38% (855/2248) regret=0.042148 ape=0.5410
[21:45:18] regretChangePotential 38% (856/2248) regret=0.042148 ape=0.5410
[21:45:19] regretChangePotential 38% (857/2248) regret=0.042148 ape=0.5410
[21:45:19] regretChangePotential 38% (858/2248) regret=0.042148 ape=0.5410
[21:45:19] regretChangePotential 38% (859/2248) regret=0.042148 ape=0.5410
[21:45:19] regretChangePotential 38% (860/2248) regret=0.042148 ape=0.5410
[21:45:20] regretChangePotential 38% (861/2248) regret=0.042148 ape=0.5410
[21:45:20] regretChangePotential 38% (862/2248) regret=0.042148 ape=0.5410
[21:45:20] regretChangePotential 38% (863/2248) regret=0.042148 ape=0.5410
[21:45:20] regretChangePotential 38% (864/2248) regret=0.042148 ape=0.5410
[21:45:20] regretChangePotential 38% (865/2248) regret=0.042148 ape=0.5410
[21:45:20] regretChangePotential 38% (866/2248) regret=0.042148 ape=0.5410
[21:45:21] regretChangePotential 38% (867/2248) regret=0.042139 ape=0.5410
[21:45:21] regretChangePotential 38% (868/2248) regret=0.042139 ape=0.5410
[21:45:21] regretChangePotential 38% (869/2248) regret=0.042139 ape=0.5410
[21:45:21] regretChangePotential 38% (870/2248) regret=0.042139 ape=0.5410
[21:45:21] regretChangePotential 38% (871/2248) regret=0.042139 ape=0.5410
[21:45:22] regretChangePotential 38% (872/2248) regret=0.042139 ape=0.5410
[21:45:22] regretChangePotential 38% (873/2248) regret=0.042139 ape=0.5410
[21:45:22] regretChangePotential 38% (874/2248) regret=0.042139 ape=0.5410
[21:45:22] regretChangePotential 38% (875/2248) regret=0.042139 ape=0.5410
[21:45:22] regretChangePotential 38% (876/2248) regret=0.042139 ape=0.5410
[21:45:23] regretChangePotential 39% (877/2248) regret=0.042139 ape=0.5410
[21:45:23] regretChangePotential 39% (878/2248) regret=0.042139 ape=0.5410
[21:45:23] regretChangePotential 39% (879/2248) regret=0.041982 ape=0.5401
[21:45:23] regretChangePotential 39% (880/2248) regret=0.042021 ape=0.5410
[21:45:23] regretChangePotential 39% (881/2248) regret=0.042030 ape=0.5410
[21:45:24] regretChangePotential 39% (882/2248) regret=0.042220 ape=0.5419
[21:45:24] regretChangePotential 39% (883/2248) regret=0.042174 ape=0.5419
[21:45:24] regretChangePotential 39% (884/2248) regret=0.042174 ape=0.5419
[21:45:24] regretChangePotential 39% (885/2248) regret=0.042174 ape=0.5419
[21:45:24] regretChangePotential 39% (886/2248) regret=0.042174 ape=0.5419
[21:45:25] regretChangePotential 39% (887/2248) regret=0.042174 ape=0.5419
[21:45:25] regretChangePotential 39% (888/2248) regret=0.042174 ape=0.5419
[21:45:25] regretChangePotential 39% (889/2248) regret=0.042174 ape=0.5419
[21:45:25] regretChangePotential 39% (890/2248) regret=0.042174 ape=0.5419
[21:45:25] regretChangePotential 39% (891/2248) regret=0.042174 ape=0.5419
[21:45:25] regretChangePotential 39% (892/2248) regret=0.042174 ape=0.5419
[21:45:26] regretChangePotential 39% (893/2248) regret=0.042174 ape=0.5419
[21:45:26] regretChangePotential 39% (894/2248) regret=0.042174 ape=0.5419
[21:45:26] regretChangePotential 39% (895/2248) regret=0.042174 ape=0.5419
[21:45:26] regretChangePotential 39% (896/2248) regret=0.042174 ape=0.5419
[21:45:26] regretChangePotential 39% (897/2248) regret=0.042174 ape=0.5419
[21:45:27] regretChangePotential 39% (898/2248) regret=0.042174 ape=0.5419
[21:45:27] regretChangePotential 39% (899/2248) regret=0.042174 ape=0.5419
[21:45:27] regretChangePotential 40% (900/2248) regret=0.042275 ape=0.5419
[21:45:27] regretChangePotential 40% (901/2248) regret=0.042275 ape=0.5419
[21:45:27] regretChangePotential 40% (902/2248) regret=0.042275 ape=0.5419
[21:45:28] regretChangePotential 40% (903/2248) regret=0.042275 ape=0.5419
[21:45:28] regretChangePotential 40% (904/2248) regret=0.042275 ape=0.5419
[21:45:28] regretChangePotential 40% (905/2248) regret=0.042275 ape=0.5419
[21:45:28] regretChangePotential 40% (906/2248) regret=0.042275 ape=0.5419
[21:45:28] regretChangePotential 40% (907/2248) regret=0.042275 ape=0.5419
[21:45:29] regretChangePotential 40% (908/2248) regret=0.042275 ape=0.5419
[21:45:29] regretChangePotential 40% (909/2248) regret=0.042275 ape=0.5419
[21:45:29] regretChangePotential 40% (910/2248) regret=0.042275 ape=0.5419
[21:45:29] regretChangePotential 40% (911/2248) regret=0.042275 ape=0.5419
[21:45:29] regretChangePotential 40% (912/2248) regret=0.042275 ape=0.5419
[21:45:29] regretChangePotential 40% (913/2248) regret=0.042275 ape=0.5419
[21:45:30] regretChangePotential 40% (914/2248) regret=0.042275 ape=0.5419
[21:45:30] regretChangePotential 40% (915/2248) regret=0.042275 ape=0.5419
[21:45:30] regretChangePotential 40% (916/2248) regret=0.042275 ape=0.5419
[21:45:30] regretChangePotential 40% (917/2248) regret=0.042275 ape=0.5419
[21:45:30] regretChangePotential 40% (918/2248) regret=0.042275 ape=0.5419
[21:45:31] regretChangePotential 40% (919/2248) regret=0.042275 ape=0.5419
[21:45:31] regretChangePotential 40% (920/2248) regret=0.042275 ape=0.5419
[21:45:31] regretChangePotential 40% (921/2248) regret=0.042275 ape=0.5419
[21:45:31] regretChangePotential 41% (922/2248) regret=0.042275 ape=0.5419
[21:45:31] regretChangePotential 41% (923/2248) regret=0.042275 ape=0.5419
[21:45:31] regretChangePotential 41% (924/2248) regret=0.042275 ape=0.5419
[21:45:32] regretChangePotential 41% (925/2248) regret=0.042275 ape=0.5419
[21:45:32] regretChangePotential 41% (926/2248) regret=0.042275 ape=0.5419
[21:45:32] regretChangePotential 41% (927/2248) regret=0.042275 ape=0.5419
[21:45:32] regretChangePotential 41% (928/2248) regret=0.042275 ape=0.5419
[21:45:32] regretChangePotential 41% (929/2248) regret=0.042275 ape=0.5419
[21:45:33] regretChangePotential 41% (930/2248) regret=0.042275 ape=0.5419
[21:45:33] regretChangePotential 41% (931/2248) regret=0.042275 ape=0.5419
[21:45:33] regretChangePotential 41% (932/2248) regret=0.042275 ape=0.5419
[21:45:33] regretChangePotential 41% (933/2248) regret=0.042179 ape=0.5419
[21:45:33] regretChangePotential 41% (934/2248) regret=0.042179 ape=0.5419
[21:45:34] regretChangePotential 41% (935/2248) regret=0.042179 ape=0.5419
[21:45:34] regretChangePotential 41% (936/2248) regret=0.042179 ape=0.5419
[21:45:34] regretChangePotential 41% (937/2248) regret=0.042179 ape=0.5419
[21:45:34] regretChangePotential 41% (938/2248) regret=0.042179 ape=0.5419
[21:45:34] regretChangePotential 41% (939/2248) regret=0.042179 ape=0.5419
[21:45:35] regretChangePotential 41% (940/2248) regret=0.042340 ape=0.5419
[21:45:35] regretChangePotential 41% (941/2248) regret=0.042326 ape=0.5419
[21:45:35] regretChangePotential 41% (942/2248) regret=0.042326 ape=0.5419
[21:45:35] regretChangePotential 41% (943/2248) regret=0.042324 ape=0.5419
[21:45:35] regretChangePotential 41% (944/2248) regret=0.042324 ape=0.5419
[21:45:36] regretChangePotential 42% (945/2248) regret=0.042324 ape=0.5419
[21:45:36] regretChangePotential 42% (946/2248) regret=0.042299 ape=0.5419
[21:45:36] regretChangePotential 42% (947/2248) regret=0.042299 ape=0.5419
[21:45:36] regretChangePotential 42% (948/2248) regret=0.042299 ape=0.5419
[21:45:36] regretChangePotential 42% (949/2248) regret=0.042327 ape=0.5429
[21:45:36] regretChangePotential 42% (950/2248) regret=0.042327 ape=0.5429
[21:45:37] regretChangePotential 42% (951/2248) regret=0.042526 ape=0.5429
[21:45:37] regretChangePotential 42% (952/2248) regret=0.042532 ape=0.5429
[21:45:37] regretChangePotential 42% (953/2248) regret=0.042544 ape=0.5429
[21:45:37] regretChangePotential 42% (954/2248) regret=0.042564 ape=0.5429
[21:45:37] regretChangePotential 42% (955/2248) regret=0.042564 ape=0.5429
[21:45:38] regretChangePotential 42% (956/2248) regret=0.042508 ape=0.5419
[21:45:38] regretChangePotential 42% (957/2248) regret=0.041872 ape=0.5410
[21:45:38] regretChangePotential 42% (958/2248) regret=0.041393 ape=0.5401
[21:45:38] regretChangePotential 42% (959/2248) regret=0.041530 ape=0.5392
[21:45:38] regretChangePotential 42% (960/2248) regret=0.041531 ape=0.5392
[21:45:39] regretChangePotential 42% (961/2248) regret=0.041439 ape=0.5392
[21:45:39] regretChangePotential 42% (962/2248) regret=0.041619 ape=0.5392
[21:45:39] regretChangePotential 42% (963/2248) regret=0.041135 ape=0.5382
[21:45:39] regretChangePotential 42% (964/2248) regret=0.041035 ape=0.5382
[21:45:39] regretChangePotential 42% (965/2248) regret=0.041035 ape=0.5382
[21:45:39] regretChangePotential 42% (966/2248) regret=0.041035 ape=0.5382
[21:45:40] regretChangePotential 43% (967/2248) regret=0.040832 ape=0.5373
[21:45:40] regretChangePotential 43% (968/2248) regret=0.040851 ape=0.5382
[21:45:40] regretChangePotential 43% (969/2248) regret=0.040961 ape=0.5373
[21:45:40] regretChangePotential 43% (970/2248) regret=0.040755 ape=0.5373
[21:45:40] regretChangePotential 43% (971/2248) regret=0.040780 ape=0.5382
[21:45:41] regretChangePotential 43% (972/2248) regret=0.040253 ape=0.5364
[21:45:41] regretChangePotential 43% (973/2248) regret=0.040243 ape=0.5364
[21:45:41] regretChangePotential 43% (974/2248) regret=0.040243 ape=0.5364
[21:45:41] regretChangePotential 43% (975/2248) regret=0.040243 ape=0.5364
[21:45:41] regretChangePotential 43% (976/2248) regret=0.040243 ape=0.5364
[21:45:41] regretChangePotential 43% (977/2248) regret=0.040265 ape=0.5364
[21:45:42] regretChangePotential 43% (978/2248) regret=0.040265 ape=0.5364
[21:45:42] regretChangePotential 43% (979/2248) regret=0.039836 ape=0.5364
[21:45:42] regretChangePotential 43% (980/2248) regret=0.039836 ape=0.5364
[21:45:42] regretChangePotential 43% (981/2248) regret=0.039836 ape=0.5364
[21:45:42] regretChangePotential 43% (982/2248) regret=0.039836 ape=0.5364
[21:45:43] regretChangePotential 43% (983/2248) regret=0.039836 ape=0.5364
[21:45:43] regretChangePotential 43% (984/2248) regret=0.039836 ape=0.5364
[21:45:43] regretChangePotential 43% (985/2248) regret=0.039836 ape=0.5364
[21:45:43] regretChangePotential 43% (986/2248) regret=0.039812 ape=0.5364
[21:45:43] regretChangePotential 43% (987/2248) regret=0.039812 ape=0.5364
[21:45:44] regretChangePotential 43% (988/2248) regret=0.039812 ape=0.5364
[21:45:44] regretChangePotential 43% (989/2248) regret=0.039812 ape=0.5364
[21:45:44] regretChangePotential 44% (990/2248) regret=0.039683 ape=0.5355
[21:45:44] regretChangePotential 44% (991/2248) regret=0.039691 ape=0.5355
[21:45:44] regretChangePotential 44% (992/2248) regret=0.039866 ape=0.5355
[21:45:45] regretChangePotential 44% (993/2248) regret=0.039763 ape=0.5355
[21:45:45] regretChangePotential 44% (994/2248) regret=0.039811 ape=0.5355
[21:45:45] regretChangePotential 44% (995/2248) regret=0.039811 ape=0.5355
[21:45:45] regretChangePotential 44% (996/2248) regret=0.039792 ape=0.5364
[21:45:45] regretChangePotential 44% (997/2248) regret=0.039811 ape=0.5364
[21:45:45] regretChangePotential 44% (998/2248) regret=0.039802 ape=0.5364
[21:45:46] regretChangePotential 44% (999/2248) regret=0.039802 ape=0.5364
[21:45:46] regretChangePotential 44% (1000/2248) regret=0.039802 ape=0.5364
[21:45:46] regretChangePotential 44% (1001/2248) regret=0.039802 ape=0.5364
[21:45:46] regretChangePotential 44% (1002/2248) regret=0.039802 ape=0.5364
[21:45:46] regretChangePotential 44% (1003/2248) regret=0.039802 ape=0.5364
[21:45:47] regretChangePotential 44% (1004/2248) regret=0.039802 ape=0.5364
[21:45:47] regretChangePotential 44% (1005/2248) regret=0.039802 ape=0.5364
[21:45:47] regretChangePotential 44% (1006/2248) regret=0.039802 ape=0.5364
[21:45:47] regretChangePotential 44% (1007/2248) regret=0.039802 ape=0.5364
[21:45:47] regretChangePotential 44% (1008/2248) regret=0.039802 ape=0.5364
[21:45:47] regretChangePotential 44% (1009/2248) regret=0.039802 ape=0.5364
[21:45:48] regretChangePotential 44% (1010/2248) regret=0.039792 ape=0.5364
[21:45:48] regretChangePotential 44% (1011/2248) regret=0.039792 ape=0.5364
[21:45:48] regretChangePotential 45% (1012/2248) regret=0.039792 ape=0.5364
[21:45:48] regretChangePotential 45% (1013/2248) regret=0.039792 ape=0.5364
[21:45:49] regretChangePotential 45% (1014/2248) regret=0.039792 ape=0.5364
[21:45:49] regretChangePotential 45% (1015/2248) regret=0.039792 ape=0.5364
[21:45:49] regretChangePotential 45% (1016/2248) regret=0.039792 ape=0.5364
[21:45:49] regretChangePotential 45% (1017/2248) regret=0.039792 ape=0.5364
[21:45:49] regretChangePotential 45% (1018/2248) regret=0.039792 ape=0.5364
[21:45:49] regretChangePotential 45% (1019/2248) regret=0.039792 ape=0.5364
[21:45:50] regretChangePotential 45% (1020/2248) regret=0.039792 ape=0.5364
[21:45:50] regretChangePotential 45% (1021/2248) regret=0.039792 ape=0.5364
[21:45:50] regretChangePotential 45% (1022/2248) regret=0.039792 ape=0.5364
[21:45:50] regretChangePotential 45% (1023/2248) regret=0.039792 ape=0.5364
[21:45:50] regretChangePotential 45% (1024/2248) regret=0.039792 ape=0.5364
[21:45:51] regretChangePotential 45% (1025/2248) regret=0.039792 ape=0.5364
[21:45:51] regretChangePotential 45% (1026/2248) regret=0.039942 ape=0.5364
[21:45:51] regretChangePotential 45% (1027/2248) regret=0.039606 ape=0.5355
[21:45:51] regretChangePotential 45% (1028/2248) regret=0.039606 ape=0.5355
[21:45:51] regretChangePotential 45% (1029/2248) regret=0.039587 ape=0.5355
[21:45:52] regretChangePotential 45% (1030/2248) regret=0.039587 ape=0.5355
[21:45:52] regretChangePotential 45% (1031/2248) regret=0.039546 ape=0.5346
[21:45:52] regretChangePotential 45% (1032/2248) regret=0.039546 ape=0.5346
[21:45:52] regretChangePotential 45% (1033/2248) regret=0.039546 ape=0.5346
[21:45:52] regretChangePotential 45% (1034/2248) regret=0.039500 ape=0.5346
[21:45:53] regretChangePotential 46% (1035/2248) regret=0.039362 ape=0.5336
[21:45:53] regretChangePotential 46% (1036/2248) regret=0.039352 ape=0.5327
[21:45:53] regretChangePotential 46% (1037/2248) regret=0.039362 ape=0.5336
[21:45:53] regretChangePotential 46% (1038/2248) regret=0.039343 ape=0.5336
[21:45:53] regretChangePotential 46% (1039/2248) regret=0.039426 ape=0.5336
[21:45:54] regretChangePotential 46% (1040/2248) regret=0.039426 ape=0.5336
[21:45:54] regretChangePotential 46% (1041/2248) regret=0.039362 ape=0.5336
[21:45:54] regretChangePotential 46% (1042/2248) regret=0.039362 ape=0.5336
[21:45:54] regretChangePotential 46% (1043/2248) regret=0.039291 ape=0.5336
[21:45:54] regretChangePotential 46% (1044/2248) regret=0.039229 ape=0.5336
[21:45:54] regretChangePotential 46% (1045/2248) regret=0.039266 ape=0.5336
[21:45:55] regretChangePotential 46% (1046/2248) regret=0.039266 ape=0.5336
[21:45:55] regretChangePotential 46% (1047/2248) regret=0.039266 ape=0.5336
[21:45:55] regretChangePotential 46% (1048/2248) regret=0.039266 ape=0.5336
[21:45:55] regretChangePotential 46% (1049/2248) regret=0.039312 ape=0.5346
[21:45:55] regretChangePotential 46% (1050/2248) regret=0.039266 ape=0.5336
[21:45:56] regretChangePotential 46% (1051/2248) regret=0.039266 ape=0.5336
[21:45:56] regretChangePotential 46% (1052/2248) regret=0.039197 ape=0.5336
[21:45:56] regretChangePotential 46% (1053/2248) regret=0.039335 ape=0.5346
[21:45:56] regretChangePotential 46% (1054/2248) regret=0.039253 ape=0.5346
[21:45:56] regretChangePotential 46% (1055/2248) regret=0.039432 ape=0.5346
[21:45:57] regretChangePotential 46% (1056/2248) regret=0.039239 ape=0.5346
[21:45:57] regretChangePotential 47% (1057/2248) regret=0.039239 ape=0.5346
[21:45:57] regretChangePotential 47% (1058/2248) regret=0.039497 ape=0.5346
[21:45:57] regretChangePotential 47% (1059/2248) regret=0.039592 ape=0.5346
[21:45:57] regretChangePotential 47% (1060/2248) regret=0.039672 ape=0.5346
[21:45:58] regretChangePotential 47% (1061/2248) regret=0.039497 ape=0.5346
[21:45:58] regretChangePotential 47% (1062/2248) regret=0.039469 ape=0.5346
[21:45:58] regretChangePotential 47% (1063/2248) regret=0.039847 ape=0.5346
[21:45:58] regretChangePotential 47% (1064/2248) regret=0.039211 ape=0.5346
[21:45:58] regretChangePotential 47% (1065/2248) regret=0.039211 ape=0.5346
[21:45:58] regretChangePotential 47% (1066/2248) regret=0.039179 ape=0.5327
[21:45:59] regretChangePotential 47% (1067/2248) regret=0.039019 ape=0.5327
[21:45:59] regretChangePotential 47% (1068/2248) regret=0.038941 ape=0.5327
[21:45:59] regretChangePotential 47% (1069/2248) regret=0.039150 ape=0.5318
[21:45:59] regretChangePotential 47% (1070/2248) regret=0.039057 ape=0.5309
[21:46:00] regretChangePotential 47% (1071/2248) regret=0.039057 ape=0.5309
[21:46:00] regretChangePotential 47% (1072/2248) regret=0.039014 ape=0.5300
[21:46:00] regretChangePotential 47% (1073/2248) regret=0.039119 ape=0.5309
[21:46:00] regretChangePotential 47% (1074/2248) regret=0.039119 ape=0.5309
[21:46:00] regretChangePotential 47% (1075/2248) regret=0.039119 ape=0.5309
[21:46:01] regretChangePotential 47% (1076/2248) regret=0.039119 ape=0.5309
[21:46:01] regretChangePotential 47% (1077/2248) regret=0.039119 ape=0.5309
[21:46:01] regretChangePotential 47% (1078/2248) regret=0.039119 ape=0.5309
[21:46:01] regretChangePotential 47% (1079/2248) regret=0.039119 ape=0.5309
[21:46:01] regretChangePotential 48% (1080/2248) regret=0.039119 ape=0.5309
[21:46:02] regretChangePotential 48% (1081/2248) regret=0.039119 ape=0.5309
[21:46:02] regretChangePotential 48% (1082/2248) regret=0.039123 ape=0.5309
[21:46:02] regretChangePotential 48% (1083/2248) regret=0.039123 ape=0.5309
[21:46:02] regretChangePotential 48% (1084/2248) regret=0.039120 ape=0.5309
[21:46:02] regretChangePotential 48% (1085/2248) regret=0.039120 ape=0.5309
[21:46:02] regretChangePotential 48% (1086/2248) regret=0.039120 ape=0.5309
[21:46:03] regretChangePotential 48% (1087/2248) regret=0.039120 ape=0.5309
[21:46:03] regretChangePotential 48% (1088/2248) regret=0.039120 ape=0.5309
[21:46:03] regretChangePotential 48% (1089/2248) regret=0.039120 ape=0.5309
[21:46:03] regretChangePotential 48% (1090/2248) regret=0.039099 ape=0.5309
[21:46:03] regretChangePotential 48% (1091/2248) regret=0.039099 ape=0.5309
[21:46:03] regretChangePotential 48% (1092/2248) regret=0.039182 ape=0.5309
[21:46:04] regretChangePotential 48% (1093/2248) regret=0.039237 ape=0.5309
[21:46:04] regretChangePotential 48% (1094/2248) regret=0.039237 ape=0.5309
[21:46:04] regretChangePotential 48% (1095/2248) regret=0.039237 ape=0.5309
[21:46:04] regretChangePotential 48% (1096/2248) regret=0.039237 ape=0.5309
[21:46:04] regretChangePotential 48% (1097/2248) regret=0.039237 ape=0.5309
[21:46:04] regretChangePotential 48% (1098/2248) regret=0.039514 ape=0.5309
[21:46:05] regretChangePotential 48% (1099/2248) regret=0.039514 ape=0.5309
[21:46:05] regretChangePotential 48% (1100/2248) regret=0.039016 ape=0.5300
[21:46:05] regretChangePotential 48% (1101/2248) regret=0.039071 ape=0.5300
[21:46:05] regretChangePotential 49% (1102/2248) regret=0.039071 ape=0.5300
[21:46:05] regretChangePotential 49% (1103/2248) regret=0.039071 ape=0.5300
[21:46:05] regretChangePotential 49% (1104/2248) regret=0.039071 ape=0.5300
[21:46:05] regretChangePotential 49% (1105/2248) regret=0.039071 ape=0.5300
[21:46:06] regretChangePotential 49% (1106/2248) regret=0.039154 ape=0.5300
[21:46:06] regretChangePotential 49% (1107/2248) regret=0.039058 ape=0.5290
[21:46:06] regretChangePotential 49% (1108/2248) regret=0.039058 ape=0.5290
[21:46:06] regretChangePotential 49% (1109/2248) regret=0.039058 ape=0.5290
[21:46:06] regretChangePotential 49% (1110/2248) regret=0.039058 ape=0.5290
[21:46:06] regretChangePotential 49% (1111/2248) regret=0.038445 ape=0.5281
[21:46:07] regretChangePotential 49% (1112/2248) regret=0.038445 ape=0.5281
[21:46:07] regretChangePotential 49% (1113/2248) regret=0.038445 ape=0.5281
[21:46:07] regretChangePotential 49% (1114/2248) regret=0.038445 ape=0.5281
[21:46:07] regretChangePotential 49% (1115/2248) regret=0.038455 ape=0.5281
[21:46:07] regretChangePotential 49% (1116/2248) regret=0.038455 ape=0.5281
[21:46:07] regretChangePotential 49% (1117/2248) regret=0.038529 ape=0.5281
[21:46:08] regretChangePotential 49% (1118/2248) regret=0.038529 ape=0.5281
[21:46:08] regretChangePotential 49% (1119/2248) regret=0.038529 ape=0.5281
[21:46:08] regretChangePotential 49% (1120/2248) regret=0.038529 ape=0.5281
[21:46:08] regretChangePotential 49% (1121/2248) regret=0.038529 ape=0.5281
[21:46:08] regretChangePotential 49% (1122/2248) regret=0.038529 ape=0.5281
[21:46:08] regretChangePotential 49% (1123/2248) regret=0.038529 ape=0.5281
[21:46:09] regretChangePotential 50% (1124/2248) regret=0.038529 ape=0.5281
[21:46:09] regretChangePotential 50% (1125/2248) regret=0.038529 ape=0.5281
[21:46:09] regretChangePotential 50% (1126/2248) regret=0.038529 ape=0.5281
[21:46:09] regretChangePotential 50% (1127/2248) regret=0.038810 ape=0.5290
[21:46:09] regretChangePotential 50% (1128/2248) regret=0.038810 ape=0.5290
[21:46:10] regretChangePotential 50% (1129/2248) regret=0.038829 ape=0.5290
[21:46:10] regretChangePotential 50% (1130/2248) regret=0.038804 ape=0.5290
[21:46:10] regretChangePotential 50% (1131/2248) regret=0.038601 ape=0.5281
[21:46:10] regretChangePotential 50% (1132/2248) regret=0.038601 ape=0.5281
[21:46:10] regretChangePotential 50% (1133/2248) regret=0.038601 ape=0.5281
[21:46:10] regretChangePotential 50% (1134/2248) regret=0.038574 ape=0.5272
[21:46:11] regretChangePotential 50% (1135/2248) regret=0.038574 ape=0.5272
[21:46:11] regretChangePotential 50% (1136/2248) regret=0.038574 ape=0.5272
[21:46:11] regretChangePotential 50% (1137/2248) regret=0.038574 ape=0.5272
[21:46:11] regretChangePotential 50% (1138/2248) regret=0.038574 ape=0.5272
[21:46:11] regretChangePotential 50% (1139/2248) regret=0.038574 ape=0.5272
[21:46:12] regretChangePotential 50% (1140/2248) regret=0.038466 ape=0.5263
[21:46:12] regretChangePotential 50% (1141/2248) regret=0.038402 ape=0.5263
[21:46:12] regretChangePotential 50% (1142/2248) regret=0.038402 ape=0.5263
[21:46:12] regretChangePotential 50% (1143/2248) regret=0.038402 ape=0.5263
[21:46:12] regretChangePotential 50% (1144/2248) regret=0.038402 ape=0.5263
[21:46:13] regretChangePotential 50% (1145/2248) regret=0.038402 ape=0.5263
[21:46:13] regretChangePotential 50% (1146/2248) regret=0.038128 ape=0.5253
[21:46:13] regretChangePotential 51% (1147/2248) regret=0.038128 ape=0.5253
[21:46:13] regretChangePotential 51% (1148/2248) regret=0.038128 ape=0.5253
[21:46:13] regretChangePotential 51% (1149/2248) regret=0.038174 ape=0.5253
[21:46:13] regretChangePotential 51% (1150/2248) regret=0.038174 ape=0.5253
[21:46:14] regretChangePotential 51% (1151/2248) regret=0.038174 ape=0.5253
[21:46:14] regretChangePotential 51% (1152/2248) regret=0.038174 ape=0.5253
[21:46:14] regretChangePotential 51% (1153/2248) regret=0.038432 ape=0.5263
[21:46:14] regretChangePotential 51% (1154/2248) regret=0.038174 ape=0.5253
[21:46:14] regretChangePotential 51% (1155/2248) regret=0.038174 ape=0.5253
[21:46:14] regretChangePotential 51% (1156/2248) regret=0.038174 ape=0.5253
[21:46:14] regretChangePotential 51% (1157/2248) regret=0.038174 ape=0.5253
[21:46:15] regretChangePotential 51% (1158/2248) regret=0.038174 ape=0.5253
[21:46:15] regretChangePotential 51% (1159/2248) regret=0.038063 ape=0.5253
[21:46:15] regretChangePotential 51% (1160/2248) regret=0.038174 ape=0.5253
[21:46:15] regretChangePotential 51% (1161/2248) regret=0.038232 ape=0.5263
[21:46:15] regretChangePotential 51% (1162/2248) regret=0.038232 ape=0.5263
[21:46:16] regretChangePotential 51% (1163/2248) regret=0.038232 ape=0.5263
[21:46:16] regretChangePotential 51% (1164/2248) regret=0.038232 ape=0.5263
[21:46:16] regretChangePotential 51% (1165/2248) regret=0.038211 ape=0.5263
[21:46:16] regretChangePotential 51% (1166/2248) regret=0.038303 ape=0.5263
[21:46:16] regretChangePotential 51% (1167/2248) regret=0.038216 ape=0.5263
[21:46:17] regretChangePotential 51% (1168/2248) regret=0.038059 ape=0.5263
[21:46:17] regretChangePotential 52% (1169/2248) regret=0.038059 ape=0.5263
[21:46:17] regretChangePotential 52% (1170/2248) regret=0.038059 ape=0.5263
[21:46:17] regretChangePotential 52% (1171/2248) regret=0.038122 ape=0.5263
[21:46:17] regretChangePotential 52% (1172/2248) regret=0.038025 ape=0.5263
[21:46:17] regretChangePotential 52% (1173/2248) regret=0.038025 ape=0.5263
[21:46:18] regretChangePotential 52% (1174/2248) regret=0.038043 ape=0.5263
[21:46:18] regretChangePotential 52% (1175/2248) regret=0.037907 ape=0.5253
[21:46:18] regretChangePotential 52% (1176/2248) regret=0.038015 ape=0.5272
[21:46:18] regretChangePotential 52% (1177/2248) regret=0.038046 ape=0.5272
[21:46:18] regretChangePotential 52% (1178/2248) regret=0.038147 ape=0.5281
[21:46:19] regretChangePotential 52% (1179/2248) regret=0.038147 ape=0.5281
[21:46:19] regretChangePotential 52% (1180/2248) regret=0.038147 ape=0.5281
[21:46:19] regretChangePotential 52% (1181/2248) regret=0.038147 ape=0.5281
[21:46:19] regretChangePotential 52% (1182/2248) regret=0.038147 ape=0.5281
[21:46:19] regretChangePotential 52% (1183/2248) regret=0.038129 ape=0.5281
[21:46:19] regretChangePotential 52% (1184/2248) regret=0.038133 ape=0.5281
[21:46:20] regretChangePotential 52% (1185/2248) regret=0.038122 ape=0.5281
[21:46:20] regretChangePotential 52% (1186/2248) regret=0.037979 ape=0.5272
[21:46:20] regretChangePotential 52% (1187/2248) regret=0.037979 ape=0.5272
[21:46:20] regretChangePotential 52% (1188/2248) regret=0.038006 ape=0.5272
[21:46:20] regretChangePotential 52% (1189/2248) regret=0.037919 ape=0.5272
[21:46:20] regretChangePotential 52% (1190/2248) regret=0.037954 ape=0.5272
[21:46:21] regretChangePotential 52% (1191/2248) regret=0.037951 ape=0.5272
[21:46:21] regretChangePotential 53% (1192/2248) regret=0.037938 ape=0.5272
[21:46:21] regretChangePotential 53% (1193/2248) regret=0.037799 ape=0.5272
[21:46:21] regretChangePotential 53% (1194/2248) regret=0.037938 ape=0.5272
[21:46:21] regretChangePotential 53% (1195/2248) regret=0.037938 ape=0.5272
[21:46:22] regretChangePotential 53% (1196/2248) regret=0.037938 ape=0.5272
[21:46:22] regretChangePotential 53% (1197/2248) regret=0.037926 ape=0.5263
[21:46:22] regretChangePotential 53% (1198/2248) regret=0.038074 ape=0.5263
[21:46:22] regretChangePotential 53% (1199/2248) regret=0.037926 ape=0.5263
[21:46:22] regretChangePotential 53% (1200/2248) regret=0.038156 ape=0.5263
[21:46:22] regretChangePotential 53% (1201/2248) regret=0.037926 ape=0.5263
[21:46:23] regretChangePotential 53% (1202/2248) regret=0.037986 ape=0.5263
[21:46:23] regretChangePotential 53% (1203/2248) regret=0.038032 ape=0.5263
[21:46:23] regretChangePotential 53% (1204/2248) regret=0.038032 ape=0.5263
[21:46:23] regretChangePotential 53% (1205/2248) regret=0.037917 ape=0.5263
[21:46:23] regretChangePotential 53% (1206/2248) regret=0.037917 ape=0.5263
[21:46:24] regretChangePotential 53% (1207/2248) regret=0.037917 ape=0.5263
[21:46:24] regretChangePotential 53% (1208/2248) regret=0.037905 ape=0.5263
[21:46:24] regretChangePotential 53% (1209/2248) regret=0.037868 ape=0.5263
[21:46:24] regretChangePotential 53% (1210/2248) regret=0.037868 ape=0.5263
[21:46:24] regretChangePotential 53% (1211/2248) regret=0.037895 ape=0.5263
[21:46:24] regretChangePotential 53% (1212/2248) regret=0.037895 ape=0.5263
[21:46:25] regretChangePotential 53% (1213/2248) regret=0.037895 ape=0.5263
[21:46:25] regretChangePotential 54% (1214/2248) regret=0.037895 ape=0.5263
[21:46:25] regretChangePotential 54% (1215/2248) regret=0.037803 ape=0.5253
[21:46:25] regretChangePotential 54% (1216/2248) regret=0.037751 ape=0.5244
[21:46:25] regretChangePotential 54% (1217/2248) regret=0.037751 ape=0.5244
[21:46:25] regretChangePotential 54% (1218/2248) regret=0.037687 ape=0.5235
[21:46:26] regretChangePotential 54% (1219/2248) regret=0.037756 ape=0.5244
[21:46:26] regretChangePotential 54% (1220/2248) regret=0.037756 ape=0.5244
[21:46:26] regretChangePotential 54% (1221/2248) regret=0.037770 ape=0.5253
[21:46:26] regretChangePotential 54% (1222/2248) regret=0.037770 ape=0.5253
[21:46:26] regretChangePotential 54% (1223/2248) regret=0.037770 ape=0.5253
[21:46:27] regretChangePotential 54% (1224/2248) regret=0.037770 ape=0.5253
[21:46:27] regretChangePotential 54% (1225/2248) regret=0.037770 ape=0.5253
[21:46:27] regretChangePotential 54% (1226/2248) regret=0.037770 ape=0.5253
[21:46:27] regretChangePotential 54% (1227/2248) regret=0.037770 ape=0.5253
[21:46:27] regretChangePotential 54% (1228/2248) regret=0.037770 ape=0.5253
[21:46:28] regretChangePotential 54% (1229/2248) regret=0.037699 ape=0.5253
[21:46:28] regretChangePotential 54% (1230/2248) regret=0.037699 ape=0.5253
[21:46:28] regretChangePotential 54% (1231/2248) regret=0.037699 ape=0.5253
[21:46:28] regretChangePotential 54% (1232/2248) regret=0.037699 ape=0.5253
[21:46:28] regretChangePotential 54% (1233/2248) regret=0.037699 ape=0.5253
[21:46:28] regretChangePotential 54% (1234/2248) regret=0.037699 ape=0.5253
[21:46:29] regretChangePotential 54% (1235/2248) regret=0.037699 ape=0.5253
[21:46:29] regretChangePotential 54% (1236/2248) regret=0.037699 ape=0.5253
[21:46:29] regretChangePotential 55% (1237/2248) regret=0.037699 ape=0.5253
[21:46:29] regretChangePotential 55% (1238/2248) regret=0.037699 ape=0.5253
[21:46:29] regretChangePotential 55% (1239/2248) regret=0.037699 ape=0.5253
[21:46:30] regretChangePotential 55% (1240/2248) regret=0.037699 ape=0.5253
[21:46:30] regretChangePotential 55% (1241/2248) regret=0.037581 ape=0.5253
[21:46:30] regretChangePotential 55% (1242/2248) regret=0.037581 ape=0.5253
[21:46:30] regretChangePotential 55% (1243/2248) regret=0.037581 ape=0.5253
[21:46:30] regretChangePotential 55% (1244/2248) regret=0.037581 ape=0.5253
[21:46:30] regretChangePotential 55% (1245/2248) regret=0.037581 ape=0.5253
[21:46:31] regretChangePotential 55% (1246/2248) regret=0.037489 ape=0.5253
[21:46:31] regretChangePotential 55% (1247/2248) regret=0.037581 ape=0.5253
[21:46:31] regretChangePotential 55% (1248/2248) regret=0.037581 ape=0.5253
[21:46:31] regretChangePotential 55% (1249/2248) regret=0.037581 ape=0.5253
[21:46:31] regretChangePotential 55% (1250/2248) regret=0.037581 ape=0.5253
[21:46:31] regretChangePotential 55% (1251/2248) regret=0.037581 ape=0.5253
[21:46:32] regretChangePotential 55% (1252/2248) regret=0.037581 ape=0.5253
[21:46:32] regretChangePotential 55% (1253/2248) regret=0.037581 ape=0.5253
[21:46:32] regretChangePotential 55% (1254/2248) regret=0.037581 ape=0.5253
[21:46:32] regretChangePotential 55% (1255/2248) regret=0.037544 ape=0.5253
[21:46:32] regretChangePotential 55% (1256/2248) regret=0.037544 ape=0.5253
[21:46:33] regretChangePotential 55% (1257/2248) regret=0.037544 ape=0.5253
[21:46:33] regretChangePotential 55% (1258/2248) regret=0.037544 ape=0.5253
[21:46:33] regretChangePotential 56% (1259/2248) regret=0.037544 ape=0.5253
[21:46:33] regretChangePotential 56% (1260/2248) regret=0.037544 ape=0.5253
[21:46:33] regretChangePotential 56% (1261/2248) regret=0.037539 ape=0.5253
[21:46:33] regretChangePotential 56% (1262/2248) regret=0.037539 ape=0.5253
[21:46:34] regretChangePotential 56% (1263/2248) regret=0.037539 ape=0.5253
[21:46:34] regretChangePotential 56% (1264/2248) regret=0.037539 ape=0.5253
[21:46:34] regretChangePotential 56% (1265/2248) regret=0.037539 ape=0.5253
[21:46:34] regretChangePotential 56% (1266/2248) regret=0.037572 ape=0.5263
[21:46:34] regretChangePotential 56% (1267/2248) regret=0.037572 ape=0.5263
[21:46:34] regretChangePotential 56% (1268/2248) regret=0.037356 ape=0.5253
[21:46:35] regretChangePotential 56% (1269/2248) regret=0.037390 ape=0.5253
[21:46:35] regretChangePotential 56% (1270/2248) regret=0.037413 ape=0.5253
[21:46:35] regretChangePotential 56% (1271/2248) regret=0.037385 ape=0.5253
[21:46:35] regretChangePotential 56% (1272/2248) regret=0.037385 ape=0.5253
[21:46:35] regretChangePotential 56% (1273/2248) regret=0.037385 ape=0.5253
[21:46:35] regretChangePotential 56% (1274/2248) regret=0.037463 ape=0.5263
[21:46:36] regretChangePotential 56% (1275/2248) regret=0.037339 ape=0.5253
[21:46:36] regretChangePotential 56% (1276/2248) regret=0.037357 ape=0.5253
[21:46:36] regretChangePotential 56% (1277/2248) regret=0.037357 ape=0.5253
[21:46:36] regretChangePotential 56% (1278/2248) regret=0.037311 ape=0.5244
[21:46:36] regretChangePotential 56% (1279/2248) regret=0.037311 ape=0.5244
[21:46:37] regretChangePotential 56% (1280/2248) regret=0.037311 ape=0.5244
[21:46:37] regretChangePotential 56% (1281/2248) regret=0.037311 ape=0.5244
[21:46:37] regretChangePotential 57% (1282/2248) regret=0.037211 ape=0.5235
[21:46:37] regretChangePotential 57% (1283/2248) regret=0.037311 ape=0.5244
[21:46:37] regretChangePotential 57% (1284/2248) regret=0.037228 ape=0.5235
[21:46:38] regretChangePotential 57% (1285/2248) regret=0.037228 ape=0.5235
[21:46:38] regretChangePotential 57% (1286/2248) regret=0.037228 ape=0.5235
[21:46:38] regretChangePotential 57% (1287/2248) regret=0.037205 ape=0.5226
[21:46:38] regretChangePotential 57% (1288/2248) regret=0.037205 ape=0.5226
[21:46:38] regretChangePotential 57% (1289/2248) regret=0.037205 ape=0.5226
[21:46:39] regretChangePotential 57% (1290/2248) regret=0.037067 ape=0.5226
[21:46:39] regretChangePotential 57% (1291/2248) regret=0.037067 ape=0.5226
[21:46:39] regretChangePotential 57% (1292/2248) regret=0.037007 ape=0.5217
[21:46:39] regretChangePotential 57% (1293/2248) regret=0.037007 ape=0.5217
[21:46:39] regretChangePotential 57% (1294/2248) regret=0.037007 ape=0.5217
[21:46:40] regretChangePotential 57% (1295/2248) regret=0.037007 ape=0.5217
[21:46:40] regretChangePotential 57% (1296/2248) regret=0.037035 ape=0.5226
[21:46:40] regretChangePotential 57% (1297/2248) regret=0.037035 ape=0.5226
[21:46:40] regretChangePotential 57% (1298/2248) regret=0.037035 ape=0.5226
[21:46:40] regretChangePotential 57% (1299/2248) regret=0.037035 ape=0.5226
[21:46:40] regretChangePotential 57% (1300/2248) regret=0.037035 ape=0.5226
[21:46:40] regretChangePotential 57% (1301/2248) regret=0.037035 ape=0.5226
[21:46:41] regretChangePotential 57% (1302/2248) regret=0.037035 ape=0.5226
[21:46:41] regretChangePotential 57% (1303/2248) regret=0.037035 ape=0.5226
[21:46:41] regretChangePotential 58% (1304/2248) regret=0.037037 ape=0.5226
[21:46:41] regretChangePotential 58% (1305/2248) regret=0.037037 ape=0.5226
[21:46:41] regretChangePotential 58% (1306/2248) regret=0.037037 ape=0.5226
[21:46:42] regretChangePotential 58% (1307/2248) regret=0.037166 ape=0.5235
[21:46:42] regretChangePotential 58% (1308/2248) regret=0.037102 ape=0.5235
[21:46:42] regretChangePotential 58% (1309/2248) regret=0.037102 ape=0.5235
[21:46:42] regretChangePotential 58% (1310/2248) regret=0.037102 ape=0.5235
[21:46:42] regretChangePotential 58% (1311/2248) regret=0.037102 ape=0.5235
[21:46:43] regretChangePotential 58% (1312/2248) regret=0.037102 ape=0.5235
[21:46:43] regretChangePotential 58% (1313/2248) regret=0.037102 ape=0.5235
[21:46:43] regretChangePotential 58% (1314/2248) regret=0.037102 ape=0.5235
[21:46:43] regretChangePotential 58% (1315/2248) regret=0.036976 ape=0.5226
[21:46:43] regretChangePotential 58% (1316/2248) regret=0.036991 ape=0.5235
[21:46:44] regretChangePotential 58% (1317/2248) regret=0.037003 ape=0.5235
[21:46:44] regretChangePotential 58% (1318/2248) regret=0.036994 ape=0.5235
[21:46:44] regretChangePotential 58% (1319/2248) regret=0.036994 ape=0.5235
[21:46:44] regretChangePotential 58% (1320/2248) regret=0.037009 ape=0.5235
[21:46:44] regretChangePotential 58% (1321/2248) regret=0.037009 ape=0.5235
[21:46:44] regretChangePotential 58% (1322/2248) regret=0.037009 ape=0.5235
[21:46:45] regretChangePotential 58% (1323/2248) regret=0.037079 ape=0.5244
[21:46:45] regretChangePotential 58% (1324/2248) regret=0.037009 ape=0.5235
[21:46:45] regretChangePotential 58% (1325/2248) regret=0.037009 ape=0.5235
[21:46:45] regretChangePotential 58% (1326/2248) regret=0.037009 ape=0.5235
[21:46:45] regretChangePotential 59% (1327/2248) regret=0.037009 ape=0.5235
[21:46:46] regretChangePotential 59% (1328/2248) regret=0.037051 ape=0.5235
[21:46:46] regretChangePotential 59% (1329/2248) regret=0.037051 ape=0.5235
[21:46:46] regretChangePotential 59% (1330/2248) regret=0.036687 ape=0.5235
[21:46:46] regretChangePotential 59% (1331/2248) regret=0.036687 ape=0.5235
[21:46:46] regretChangePotential 59% (1332/2248) regret=0.036662 ape=0.5226
[21:46:46] regretChangePotential 59% (1333/2248) regret=0.036662 ape=0.5226
[21:46:47] regretChangePotential 59% (1334/2248) regret=0.036377 ape=0.5226
[21:46:47] regretChangePotential 59% (1335/2248) regret=0.036358 ape=0.5217
[21:46:47] regretChangePotential 59% (1336/2248) regret=0.036109 ape=0.5207
[21:46:47] regretChangePotential 59% (1337/2248) regret=0.036109 ape=0.5207
[21:46:47] regretChangePotential 59% (1338/2248) regret=0.036109 ape=0.5207
[21:46:48] regretChangePotential 59% (1339/2248) regret=0.036109 ape=0.5207
[21:46:48] regretChangePotential 59% (1340/2248) regret=0.036109 ape=0.5207
[21:46:48] regretChangePotential 59% (1341/2248) regret=0.036109 ape=0.5207
[21:46:48] regretChangePotential 59% (1342/2248) regret=0.036109 ape=0.5207
[21:46:48] regretChangePotential 59% (1343/2248) regret=0.036109 ape=0.5207
[21:46:49] regretChangePotential 59% (1344/2248) regret=0.036040 ape=0.5198
[21:46:49] regretChangePotential 59% (1345/2248) regret=0.036178 ape=0.5207
[21:46:49] regretChangePotential 59% (1346/2248) regret=0.036178 ape=0.5207
[21:46:49] regretChangePotential 59% (1347/2248) regret=0.036178 ape=0.5207
[21:46:49] regretChangePotential 59% (1348/2248) regret=0.036105 ape=0.5198
[21:46:50] regretChangePotential 60% (1349/2248) regret=0.036105 ape=0.5198
[21:46:50] regretChangePotential 60% (1350/2248) regret=0.036105 ape=0.5198
[21:46:50] regretChangePotential 60% (1351/2248) regret=0.036105 ape=0.5198
[21:46:50] regretChangePotential 60% (1352/2248) regret=0.036105 ape=0.5198
[21:46:50] regretChangePotential 60% (1353/2248) regret=0.036105 ape=0.5198
[21:46:50] regretChangePotential 60% (1354/2248) regret=0.036105 ape=0.5198
[21:46:51] regretChangePotential 60% (1355/2248) regret=0.036105 ape=0.5198
[21:46:51] regretChangePotential 60% (1356/2248) regret=0.036105 ape=0.5198
[21:46:51] regretChangePotential 60% (1357/2248) regret=0.036105 ape=0.5198
[21:46:51] regretChangePotential 60% (1358/2248) regret=0.036105 ape=0.5198
[21:46:51] regretChangePotential 60% (1359/2248) regret=0.036105 ape=0.5198
[21:46:51] regretChangePotential 60% (1360/2248) regret=0.036105 ape=0.5198
[21:46:52] regretChangePotential 60% (1361/2248) regret=0.036049 ape=0.5198
[21:46:52] regretChangePotential 60% (1362/2248) regret=0.036049 ape=0.5198
[21:46:52] regretChangePotential 60% (1363/2248) regret=0.036049 ape=0.5198
[21:46:52] regretChangePotential 60% (1364/2248) regret=0.036049 ape=0.5198
[21:46:52] regretChangePotential 60% (1365/2248) regret=0.036049 ape=0.5198
[21:46:53] regretChangePotential 60% (1366/2248) regret=0.036049 ape=0.5198
[21:46:53] regretChangePotential 60% (1367/2248) regret=0.036049 ape=0.5198
[21:46:53] regretChangePotential 60% (1368/2248) regret=0.036049 ape=0.5198
[21:46:53] regretChangePotential 60% (1369/2248) regret=0.036049 ape=0.5198
[21:46:53] regretChangePotential 60% (1370/2248) regret=0.036049 ape=0.5198
[21:46:54] regretChangePotential 60% (1371/2248) regret=0.036040 ape=0.5198
[21:46:54] regretChangePotential 61% (1372/2248) regret=0.036040 ape=0.5198
[21:46:54] regretChangePotential 61% (1373/2248) regret=0.036040 ape=0.5198
[21:46:54] regretChangePotential 61% (1374/2248) regret=0.036040 ape=0.5198
[21:46:54] regretChangePotential 61% (1375/2248) regret=0.036040 ape=0.5198
[21:46:55] regretChangePotential 61% (1376/2248) regret=0.036040 ape=0.5198
[21:46:55] regretChangePotential 61% (1377/2248) regret=0.036040 ape=0.5198
[21:46:55] regretChangePotential 61% (1378/2248) regret=0.036040 ape=0.5198
[21:46:55] regretChangePotential 61% (1379/2248) regret=0.036040 ape=0.5198
[21:46:55] regretChangePotential 61% (1380/2248) regret=0.036040 ape=0.5198
[21:46:55] regretChangePotential 61% (1381/2248) regret=0.036102 ape=0.5207
[21:46:56] regretChangePotential 61% (1382/2248) regret=0.035902 ape=0.5198
[21:46:56] regretChangePotential 61% (1383/2248) regret=0.035761 ape=0.5189
[21:46:56] regretChangePotential 61% (1384/2248) regret=0.035761 ape=0.5189
[21:46:56] regretChangePotential 61% (1385/2248) regret=0.035825 ape=0.5189
[21:46:56] regretChangePotential 61% (1386/2248) regret=0.035755 ape=0.5180
[21:46:56] regretChangePotential 61% (1387/2248) regret=0.035458 ape=0.5180
[21:46:56] regretChangePotential 61% (1388/2248) regret=0.035458 ape=0.5180
[21:46:57] regretChangePotential 61% (1389/2248) regret=0.035458 ape=0.5180
[21:46:57] regretChangePotential 61% (1390/2248) regret=0.035458 ape=0.5180
[21:46:57] regretChangePotential 61% (1391/2248) regret=0.035458 ape=0.5180
[21:46:57] regretChangePotential 61% (1392/2248) regret=0.035458 ape=0.5180
[21:46:57] regretChangePotential 61% (1393/2248) regret=0.035458 ape=0.5180
[21:46:57] regretChangePotential 62% (1394/2248) regret=0.035458 ape=0.5180
[21:46:58] regretChangePotential 62% (1395/2248) regret=0.035458 ape=0.5180
[21:46:58] regretChangePotential 62% (1396/2248) regret=0.035458 ape=0.5180
[21:46:58] regretChangePotential 62% (1397/2248) regret=0.035325 ape=0.5180
[21:46:58] regretChangePotential 62% (1398/2248) regret=0.035464 ape=0.5189
[21:46:58] regretChangePotential 62% (1399/2248) regret=0.035390 ape=0.5189
[21:46:58] regretChangePotential 62% (1400/2248) regret=0.035325 ape=0.5189
[21:46:59] regretChangePotential 62% (1401/2248) regret=0.035325 ape=0.5189
[21:46:59] regretChangePotential 62% (1402/2248) regret=0.035344 ape=0.5189
[21:46:59] regretChangePotential 62% (1403/2248) regret=0.035351 ape=0.5189
[21:46:59] regretChangePotential 62% (1404/2248) regret=0.035344 ape=0.5189
[21:46:59] regretChangePotential 62% (1405/2248) regret=0.035344 ape=0.5189
[21:46:59] regretChangePotential 62% (1406/2248) regret=0.035242 ape=0.5189
[21:47:00] regretChangePotential 62% (1407/2248) regret=0.035421 ape=0.5189
[21:47:00] regretChangePotential 62% (1408/2248) regret=0.035421 ape=0.5189
[21:47:00] regretChangePotential 62% (1409/2248) regret=0.035455 ape=0.5189
[21:47:00] regretChangePotential 62% (1410/2248) regret=0.035455 ape=0.5189
[21:47:00] regretChangePotential 62% (1411/2248) regret=0.035455 ape=0.5189
[21:47:00] regretChangePotential 62% (1412/2248) regret=0.035455 ape=0.5189
[21:47:00] regretChangePotential 62% (1413/2248) regret=0.035538 ape=0.5198
[21:47:01] regretChangePotential 62% (1414/2248) regret=0.035483 ape=0.5198
[21:47:01] regretChangePotential 62% (1415/2248) regret=0.035483 ape=0.5198
[21:47:01] regretChangePotential 62% (1416/2248) regret=0.035483 ape=0.5198
[21:47:01] regretChangePotential 63% (1417/2248) regret=0.035421 ape=0.5198
[21:47:01] regretChangePotential 63% (1418/2248) regret=0.035421 ape=0.5198
[21:47:01] regretChangePotential 63% (1419/2248) regret=0.035421 ape=0.5198
[21:47:02] regretChangePotential 63% (1420/2248) regret=0.035421 ape=0.5198
[21:47:02] regretChangePotential 63% (1421/2248) regret=0.035477 ape=0.5198
[21:47:02] regretChangePotential 63% (1422/2248) regret=0.035873 ape=0.5207
[21:47:02] regretChangePotential 63% (1423/2248) regret=0.035375 ape=0.5198
[21:47:02] regretChangePotential 63% (1424/2248) regret=0.035292 ape=0.5198
[21:47:03] regretChangePotential 63% (1425/2248) regret=0.035292 ape=0.5198
[21:47:03] regretChangePotential 63% (1426/2248) regret=0.035905 ape=0.5207
[21:47:03] regretChangePotential 63% (1427/2248) regret=0.035431 ape=0.5198
[21:47:03] regretChangePotential 63% (1428/2248) regret=0.035431 ape=0.5198
[21:47:03] regretChangePotential 63% (1429/2248) regret=0.035385 ape=0.5198
[21:47:04] regretChangePotential 63% (1430/2248) regret=0.035385 ape=0.5198
[21:47:04] regretChangePotential 63% (1431/2248) regret=0.035080 ape=0.5198
[21:47:04] regretChangePotential 63% (1432/2248) regret=0.034988 ape=0.5198
[21:47:04] regretChangePotential 63% (1433/2248) regret=0.034988 ape=0.5198
[21:47:04] regretChangePotential 63% (1434/2248) regret=0.034988 ape=0.5198
[21:47:04] regretChangePotential 63% (1435/2248) regret=0.034988 ape=0.5198
[21:47:05] regretChangePotential 63% (1436/2248) regret=0.035080 ape=0.5198
[21:47:05] regretChangePotential 63% (1437/2248) regret=0.035080 ape=0.5198
[21:47:05] regretChangePotential 63% (1438/2248) regret=0.035080 ape=0.5198
[21:47:05] regretChangePotential 64% (1439/2248) regret=0.035080 ape=0.5198
[21:47:05] regretChangePotential 64% (1440/2248) regret=0.035080 ape=0.5198
[21:47:06] regretChangePotential 64% (1441/2248) regret=0.035080 ape=0.5198
[21:47:06] regretChangePotential 64% (1442/2248) regret=0.035080 ape=0.5198
[21:47:06] regretChangePotential 64% (1443/2248) regret=0.035080 ape=0.5198
[21:47:06] regretChangePotential 64% (1444/2248) regret=0.035072 ape=0.5189
[21:47:06] regretChangePotential 64% (1445/2248) regret=0.035072 ape=0.5189
[21:47:06] regretChangePotential 64% (1446/2248) regret=0.035072 ape=0.5189
[21:47:07] regretChangePotential 64% (1447/2248) regret=0.035072 ape=0.5189
[21:47:07] regretChangePotential 64% (1448/2248) regret=0.035072 ape=0.5189
[21:47:07] regretChangePotential 64% (1449/2248) regret=0.035072 ape=0.5189
[21:47:07] regretChangePotential 64% (1450/2248) regret=0.035072 ape=0.5189
[21:47:07] regretChangePotential 64% (1451/2248) regret=0.035072 ape=0.5189
[21:47:07] regretChangePotential 64% (1452/2248) regret=0.035072 ape=0.5189
[21:47:08] regretChangePotential 64% (1453/2248) regret=0.035072 ape=0.5189
[21:47:08] regretChangePotential 64% (1454/2248) regret=0.035072 ape=0.5189
[21:47:08] regretChangePotential 64% (1455/2248) regret=0.035072 ape=0.5189
[21:47:08] regretChangePotential 64% (1456/2248) regret=0.035072 ape=0.5189
[21:47:08] regretChangePotential 64% (1457/2248) regret=0.035072 ape=0.5189
[21:47:09] regretChangePotential 64% (1458/2248) regret=0.035072 ape=0.5189
[21:47:09] regretChangePotential 64% (1459/2248) regret=0.035072 ape=0.5189
[21:47:09] regretChangePotential 64% (1460/2248) regret=0.035072 ape=0.5189
[21:47:09] regretChangePotential 64% (1461/2248) regret=0.035072 ape=0.5189
[21:47:09] regretChangePotential 65% (1462/2248) regret=0.035072 ape=0.5189
[21:47:10] regretChangePotential 65% (1463/2248) regret=0.035072 ape=0.5189
[21:47:10] regretChangePotential 65% (1464/2248) regret=0.035072 ape=0.5189
[21:47:10] regretChangePotential 65% (1465/2248) regret=0.035072 ape=0.5189
[21:47:10] regretChangePotential 65% (1466/2248) regret=0.035072 ape=0.5189
[21:47:10] regretChangePotential 65% (1467/2248) regret=0.035072 ape=0.5189
[21:47:10] regretChangePotential 65% (1468/2248) regret=0.035072 ape=0.5189
[21:47:11] regretChangePotential 65% (1469/2248) regret=0.035072 ape=0.5189
[21:47:11] regretChangePotential 65% (1470/2248) regret=0.035072 ape=0.5189
[21:47:11] regretChangePotential 65% (1471/2248) regret=0.035072 ape=0.5189
[21:47:11] regretChangePotential 65% (1472/2248) regret=0.035072 ape=0.5189
[21:47:11] regretChangePotential 65% (1473/2248) regret=0.035072 ape=0.5189
[21:47:11] regretChangePotential 65% (1474/2248) regret=0.035072 ape=0.5189
[21:47:12] regretChangePotential 65% (1475/2248) regret=0.035072 ape=0.5189
[21:47:12] regretChangePotential 65% (1476/2248) regret=0.035072 ape=0.5189
[21:47:12] regretChangePotential 65% (1477/2248) regret=0.035072 ape=0.5189
[21:47:12] regretChangePotential 65% (1478/2248) regret=0.035072 ape=0.5189
[21:47:12] regretChangePotential 65% (1479/2248) regret=0.035072 ape=0.5189
[21:47:12] regretChangePotential 65% (1480/2248) regret=0.035072 ape=0.5189
[21:47:13] regretChangePotential 65% (1481/2248) regret=0.035072 ape=0.5189
[21:47:13] regretChangePotential 65% (1482/2248) regret=0.035072 ape=0.5189
[21:47:13] regretChangePotential 65% (1483/2248) regret=0.035072 ape=0.5189
[21:47:13] regretChangePotential 66% (1484/2248) regret=0.035072 ape=0.5189
[21:47:13] regretChangePotential 66% (1485/2248) regret=0.035007 ape=0.5180
[21:47:14] regretChangePotential 66% (1486/2248) regret=0.035007 ape=0.5180
[21:47:14] regretChangePotential 66% (1487/2248) regret=0.035007 ape=0.5180
[21:47:14] regretChangePotential 66% (1488/2248) regret=0.035007 ape=0.5180
[21:47:14] regretChangePotential 66% (1489/2248) regret=0.035007 ape=0.5180
[21:47:14] regretChangePotential 66% (1490/2248) regret=0.035092 ape=0.5189
[21:47:14] regretChangePotential 66% (1491/2248) regret=0.035007 ape=0.5180
[21:47:15] regretChangePotential 66% (1492/2248) regret=0.035007 ape=0.5180
[21:47:15] regretChangePotential 66% (1493/2248) regret=0.035007 ape=0.5180
[21:47:15] regretChangePotential 66% (1494/2248) regret=0.035007 ape=0.5180
[21:47:15] regretChangePotential 66% (1495/2248) regret=0.035007 ape=0.5180
[21:47:15] regretChangePotential 66% (1496/2248) regret=0.035007 ape=0.5180
[21:47:16] regretChangePotential 66% (1497/2248) regret=0.035007 ape=0.5180
[21:47:16] regretChangePotential 66% (1498/2248) regret=0.035007 ape=0.5180
[21:47:16] regretChangePotential 66% (1499/2248) regret=0.035007 ape=0.5180
[21:47:16] regretChangePotential 66% (1500/2248) regret=0.034998 ape=0.5171
[21:47:16] regretChangePotential 66% (1501/2248) regret=0.034998 ape=0.5171
[21:47:16] regretChangePotential 66% (1502/2248) regret=0.034998 ape=0.5171
[21:47:17] regretChangePotential 66% (1503/2248) regret=0.034998 ape=0.5171
[21:47:17] regretChangePotential 66% (1504/2248) regret=0.034998 ape=0.5171
[21:47:17] regretChangePotential 66% (1505/2248) regret=0.034998 ape=0.5171
[21:47:17] regretChangePotential 66% (1506/2248) regret=0.034998 ape=0.5171
[21:47:17] regretChangePotential 67% (1507/2248) regret=0.034998 ape=0.5171
[21:47:17] regretChangePotential 67% (1508/2248) regret=0.034929 ape=0.5171
[21:47:18] regretChangePotential 67% (1509/2248) regret=0.034938 ape=0.5171
[21:47:18] regretChangePotential 67% (1510/2248) regret=0.034809 ape=0.5161
[21:47:18] regretChangePotential 67% (1511/2248) regret=0.034809 ape=0.5161
[21:47:18] regretChangePotential 67% (1512/2248) regret=0.034774 ape=0.5161
[21:47:18] regretChangePotential 67% (1513/2248) regret=0.034774 ape=0.5161
[21:47:19] regretChangePotential 67% (1514/2248) regret=0.034774 ape=0.5161
[21:47:19] regretChangePotential 67% (1515/2248) regret=0.034884 ape=0.5171
[21:47:19] regretChangePotential 67% (1516/2248) regret=0.034774 ape=0.5161
[21:47:19] regretChangePotential 67% (1517/2248) regret=0.034780 ape=0.5161
[21:47:19] regretChangePotential 67% (1518/2248) regret=0.034780 ape=0.5161
[21:47:20] regretChangePotential 67% (1519/2248) regret=0.034780 ape=0.5161
[21:47:20] regretChangePotential 67% (1520/2248) regret=0.034482 ape=0.5152
[21:47:20] regretChangePotential 67% (1521/2248) regret=0.034482 ape=0.5152
[21:47:20] regretChangePotential 67% (1522/2248) regret=0.034482 ape=0.5152
[21:47:20] regretChangePotential 67% (1523/2248) regret=0.034510 ape=0.5161
[21:47:21] regretChangePotential 67% (1524/2248) regret=0.034298 ape=0.5152
[21:47:21] regretChangePotential 67% (1525/2248) regret=0.034298 ape=0.5152
[21:47:21] regretChangePotential 67% (1526/2248) regret=0.034160 ape=0.5143
[21:47:21] regretChangePotential 67% (1527/2248) regret=0.034146 ape=0.5134
[21:47:21] regretChangePotential 67% (1528/2248) regret=0.034146 ape=0.5134
[21:47:21] regretChangePotential 68% (1529/2248) regret=0.034146 ape=0.5134
[21:47:22] regretChangePotential 68% (1530/2248) regret=0.034109 ape=0.5124
[21:47:22] regretChangePotential 68% (1531/2248) regret=0.034109 ape=0.5124
[21:47:22] regretChangePotential 68% (1532/2248) regret=0.034091 ape=0.5124
[21:47:22] regretChangePotential 68% (1533/2248) regret=0.034082 ape=0.5124
[21:47:22] regretChangePotential 68% (1534/2248) regret=0.034082 ape=0.5124
[21:47:22] regretChangePotential 68% (1535/2248) regret=0.034082 ape=0.5124
[21:47:23] regretChangePotential 68% (1536/2248) regret=0.034082 ape=0.5124
[21:47:23] regretChangePotential 68% (1537/2248) regret=0.034166 ape=0.5134
[21:47:23] regretChangePotential 68% (1538/2248) regret=0.034145 ape=0.5134
[21:47:23] regretChangePotential 68% (1539/2248) regret=0.034145 ape=0.5134
[21:47:23] regretChangePotential 68% (1540/2248) regret=0.034131 ape=0.5134
[21:47:23] regretChangePotential 68% (1541/2248) regret=0.034131 ape=0.5134
[21:47:24] regretChangePotential 68% (1542/2248) regret=0.033979 ape=0.5134
[21:47:24] regretChangePotential 68% (1543/2248) regret=0.033979 ape=0.5134
[21:47:24] regretChangePotential 68% (1544/2248) regret=0.034117 ape=0.5143
[21:47:24] regretChangePotential 68% (1545/2248) regret=0.034011 ape=0.5143
[21:47:24] regretChangePotential 68% (1546/2248) regret=0.034011 ape=0.5143
[21:47:25] regretChangePotential 68% (1547/2248) regret=0.033911 ape=0.5143
[21:47:25] regretChangePotential 68% (1548/2248) regret=0.034381 ape=0.5152
[21:47:25] regretChangePotential 68% (1549/2248) regret=0.033897 ape=0.5143
[21:47:25] regretChangePotential 68% (1550/2248) regret=0.033897 ape=0.5143
[21:47:25] regretChangePotential 68% (1551/2248) regret=0.033888 ape=0.5143
[21:47:26] regretChangePotential 69% (1552/2248) regret=0.033860 ape=0.5134
[21:47:26] regretChangePotential 69% (1553/2248) regret=0.033648 ape=0.5134
[21:47:26] regretChangePotential 69% (1554/2248) regret=0.033648 ape=0.5134
[21:47:26] regretChangePotential 69% (1555/2248) regret=0.033644 ape=0.5134
[21:47:26] regretChangePotential 69% (1556/2248) regret=0.033644 ape=0.5134
[21:47:27] regretChangePotential 69% (1557/2248) regret=0.033621 ape=0.5134
[21:47:27] regretChangePotential 69% (1558/2248) regret=0.033455 ape=0.5124
[21:47:27] regretChangePotential 69% (1559/2248) regret=0.033455 ape=0.5124
[21:47:27] regretChangePotential 69% (1560/2248) regret=0.033488 ape=0.5124
[21:47:27] regretChangePotential 69% (1561/2248) regret=0.033418 ape=0.5115
[21:47:27] regretChangePotential 69% (1562/2248) regret=0.033418 ape=0.5115
[21:47:28] regretChangePotential 69% (1563/2248) regret=0.033418 ape=0.5115
[21:47:28] regretChangePotential 69% (1564/2248) regret=0.033418 ape=0.5115
[21:47:28] regretChangePotential 69% (1565/2248) regret=0.033662 ape=0.5124
[21:47:28] regretChangePotential 69% (1566/2248) regret=0.033385 ape=0.5115
[21:47:28] regretChangePotential 69% (1567/2248) regret=0.033312 ape=0.5106
[21:47:28] regretChangePotential 69% (1568/2248) regret=0.033253 ape=0.5097
[21:47:29] regretChangePotential 69% (1569/2248) regret=0.033253 ape=0.5097
[21:47:29] regretChangePotential 69% (1570/2248) regret=0.033281 ape=0.5097
[21:47:29] regretChangePotential 69% (1571/2248) regret=0.033244 ape=0.5097
[21:47:29] regretChangePotential 69% (1572/2248) regret=0.033281 ape=0.5097
[21:47:29] regretChangePotential 69% (1573/2248) regret=0.033253 ape=0.5097
[21:47:30] regretChangePotential 70% (1574/2248) regret=0.033253 ape=0.5097
[21:47:30] regretChangePotential 70% (1575/2248) regret=0.033456 ape=0.5106
[21:47:30] regretChangePotential 70% (1576/2248) regret=0.033769 ape=0.5106
[21:47:30] regretChangePotential 70% (1577/2248) regret=0.033253 ape=0.5097
[21:47:30] regretChangePotential 70% (1578/2248) regret=0.033253 ape=0.5097
[21:47:31] regretChangePotential 70% (1579/2248) regret=0.033190 ape=0.5088
[21:47:31] regretChangePotential 70% (1580/2248) regret=0.033190 ape=0.5088
[21:47:31] regretChangePotential 70% (1581/2248) regret=0.033053 ape=0.5088
[21:47:31] regretChangePotential 70% (1582/2248) regret=0.032978 ape=0.5078
[21:47:31] regretChangePotential 70% (1583/2248) regret=0.032775 ape=0.5069
[21:47:32] regretChangePotential 70% (1584/2248) regret=0.032775 ape=0.5069
[21:47:32] regretChangePotential 70% (1585/2248) regret=0.032600 ape=0.5069
[21:47:32] regretChangePotential 70% (1586/2248) regret=0.032490 ape=0.5069
[21:47:32] regretChangePotential 70% (1587/2248) regret=0.032490 ape=0.5069
[21:47:32] regretChangePotential 70% (1588/2248) regret=0.032886 ape=0.5069
[21:47:32] regretChangePotential 70% (1589/2248) regret=0.032453 ape=0.5051
[21:47:33] regretChangePotential 70% (1590/2248) regret=0.032425 ape=0.5041
[21:47:33] regretChangePotential 70% (1591/2248) regret=0.032479 ape=0.5041
[21:47:33] regretChangePotential 70% (1592/2248) regret=0.032479 ape=0.5041
[21:47:33] regretChangePotential 70% (1593/2248) regret=0.033332 ape=0.5051
[21:47:33] regretChangePotential 70% (1594/2248) regret=0.032373 ape=0.5041
[21:47:33] regretChangePotential 70% (1595/2248) regret=0.032465 ape=0.5051
[21:47:34] regretChangePotential 70% (1596/2248) regret=0.032465 ape=0.5051
[21:47:34] regretChangePotential 71% (1597/2248) regret=0.032465 ape=0.5051
[21:47:34] regretChangePotential 71% (1598/2248) regret=0.032465 ape=0.5051
[21:47:34] regretChangePotential 71% (1599/2248) regret=0.032465 ape=0.5051
[21:47:34] regretChangePotential 71% (1600/2248) regret=0.032465 ape=0.5051
[21:47:35] regretChangePotential 71% (1601/2248) regret=0.032465 ape=0.5051
[21:47:35] regretChangePotential 71% (1602/2248) regret=0.032465 ape=0.5051
[21:47:35] regretChangePotential 71% (1603/2248) regret=0.032465 ape=0.5051
[21:47:35] regretChangePotential 71% (1604/2248) regret=0.032465 ape=0.5051
[21:47:35] regretChangePotential 71% (1605/2248) regret=0.032465 ape=0.5051
[21:47:36] regretChangePotential 71% (1606/2248) regret=0.032465 ape=0.5051
[21:47:36] regretChangePotential 71% (1607/2248) regret=0.032465 ape=0.5051
[21:47:36] regretChangePotential 71% (1608/2248) regret=0.032364 ape=0.5041
[21:47:36] regretChangePotential 71% (1609/2248) regret=0.032364 ape=0.5041
[21:47:36] regretChangePotential 71% (1610/2248) regret=0.032364 ape=0.5041
[21:47:37] regretChangePotential 71% (1611/2248) regret=0.032364 ape=0.5041
[21:47:37] regretChangePotential 71% (1612/2248) regret=0.032364 ape=0.5041
[21:47:37] regretChangePotential 71% (1613/2248) regret=0.032364 ape=0.5041
[21:47:37] regretChangePotential 71% (1614/2248) regret=0.032364 ape=0.5041
[21:47:37] regretChangePotential 71% (1615/2248) regret=0.032364 ape=0.5041
[21:47:38] regretChangePotential 71% (1616/2248) regret=0.032364 ape=0.5041
[21:47:38] regretChangePotential 71% (1617/2248) regret=0.032364 ape=0.5041
[21:47:38] regretChangePotential 71% (1618/2248) regret=0.032364 ape=0.5041
[21:47:38] regretChangePotential 72% (1619/2248) regret=0.032364 ape=0.5041
[21:47:38] regretChangePotential 72% (1620/2248) regret=0.032364 ape=0.5041
[21:47:38] regretChangePotential 72% (1621/2248) regret=0.032364 ape=0.5041
[21:47:39] regretChangePotential 72% (1622/2248) regret=0.032364 ape=0.5041
[21:47:39] regretChangePotential 72% (1623/2248) regret=0.032364 ape=0.5041
[21:47:39] regretChangePotential 72% (1624/2248) regret=0.032382 ape=0.5041
[21:47:39] regretChangePotential 72% (1625/2248) regret=0.032382 ape=0.5041
[21:47:39] regretChangePotential 72% (1626/2248) regret=0.032382 ape=0.5041
[21:47:40] regretChangePotential 72% (1627/2248) regret=0.032382 ape=0.5041
[21:47:40] regretChangePotential 72% (1628/2248) regret=0.032382 ape=0.5041
[21:47:40] regretChangePotential 72% (1629/2248) regret=0.032382 ape=0.5041
[21:47:40] regretChangePotential 72% (1630/2248) regret=0.032382 ape=0.5041
[21:47:40] regretChangePotential 72% (1631/2248) regret=0.032382 ape=0.5041
[21:47:41] regretChangePotential 72% (1632/2248) regret=0.032382 ape=0.5041
[21:47:41] regretChangePotential 72% (1633/2248) regret=0.032382 ape=0.5041
[21:47:41] regretChangePotential 72% (1634/2248) regret=0.032363 ape=0.5041
[21:47:41] regretChangePotential 72% (1635/2248) regret=0.032363 ape=0.5041
[21:47:41] regretChangePotential 72% (1636/2248) regret=0.032363 ape=0.5041
[21:47:41] regretChangePotential 72% (1637/2248) regret=0.032363 ape=0.5041
[21:47:42] regretChangePotential 72% (1638/2248) regret=0.032363 ape=0.5041
[21:47:42] regretChangePotential 72% (1639/2248) regret=0.032363 ape=0.5041
[21:47:42] regretChangePotential 72% (1640/2248) regret=0.032363 ape=0.5041
[21:47:42] regretChangePotential 72% (1641/2248) regret=0.032363 ape=0.5041
[21:47:42] regretChangePotential 73% (1642/2248) regret=0.032363 ape=0.5041
[21:47:43] regretChangePotential 73% (1643/2248) regret=0.032363 ape=0.5041
[21:47:43] regretChangePotential 73% (1644/2248) regret=0.032363 ape=0.5041
[21:47:43] regretChangePotential 73% (1645/2248) regret=0.032363 ape=0.5041
[21:47:43] regretChangePotential 73% (1646/2248) regret=0.032363 ape=0.5041
[21:47:43] regretChangePotential 73% (1647/2248) regret=0.032363 ape=0.5041
[21:47:43] regretChangePotential 73% (1648/2248) regret=0.032363 ape=0.5041
[21:47:44] regretChangePotential 73% (1649/2248) regret=0.032363 ape=0.5041
[21:47:44] regretChangePotential 73% (1650/2248) regret=0.032363 ape=0.5041
[21:47:44] regretChangePotential 73% (1651/2248) regret=0.032363 ape=0.5041
[21:47:44] regretChangePotential 73% (1652/2248) regret=0.032293 ape=0.5032
[21:47:44] regretChangePotential 73% (1653/2248) regret=0.032293 ape=0.5032
[21:47:45] regretChangePotential 73% (1654/2248) regret=0.032293 ape=0.5032
[21:47:45] regretChangePotential 73% (1655/2248) regret=0.032293 ape=0.5032
[21:47:45] regretChangePotential 73% (1656/2248) regret=0.032293 ape=0.5032
[21:47:45] regretChangePotential 73% (1657/2248) regret=0.032293 ape=0.5032
[21:47:45] regretChangePotential 73% (1658/2248) regret=0.032293 ape=0.5032
[21:47:45] regretChangePotential 73% (1659/2248) regret=0.032293 ape=0.5032
[21:47:46] regretChangePotential 73% (1660/2248) regret=0.032293 ape=0.5032
[21:47:46] regretChangePotential 73% (1661/2248) regret=0.032293 ape=0.5032
[21:47:46] regretChangePotential 73% (1662/2248) regret=0.032293 ape=0.5032
[21:47:46] regretChangePotential 73% (1663/2248) regret=0.032293 ape=0.5032
[21:47:46] regretChangePotential 74% (1664/2248) regret=0.032293 ape=0.5032
[21:47:47] regretChangePotential 74% (1665/2248) regret=0.032293 ape=0.5032
[21:47:47] regretChangePotential 74% (1666/2248) regret=0.032293 ape=0.5032
[21:47:47] regretChangePotential 74% (1667/2248) regret=0.032293 ape=0.5032
[21:47:47] regretChangePotential 74% (1668/2248) regret=0.032293 ape=0.5032
[21:47:47] regretChangePotential 74% (1669/2248) regret=0.032293 ape=0.5032
[21:47:47] regretChangePotential 74% (1670/2248) regret=0.032293 ape=0.5032
[21:47:48] regretChangePotential 74% (1671/2248) regret=0.032222 ape=0.5023
[21:47:48] regretChangePotential 74% (1672/2248) regret=0.032222 ape=0.5023
[21:47:48] regretChangePotential 74% (1673/2248) regret=0.032222 ape=0.5023
[21:47:48] regretChangePotential 74% (1674/2248) regret=0.032222 ape=0.5023
[21:47:48] regretChangePotential 74% (1675/2248) regret=0.032219 ape=0.5023
[21:47:49] regretChangePotential 74% (1676/2248) regret=0.032219 ape=0.5023
[21:47:49] regretChangePotential 74% (1677/2248) regret=0.032191 ape=0.5023
[21:47:49] regretChangePotential 74% (1678/2248) regret=0.032219 ape=0.5023
[21:47:49] regretChangePotential 74% (1679/2248) regret=0.032219 ape=0.5023
[21:47:49] regretChangePotential 74% (1680/2248) regret=0.032048 ape=0.5014
[21:47:50] regretChangePotential 74% (1681/2248) regret=0.032048 ape=0.5014
[21:47:50] regretChangePotential 74% (1682/2248) regret=0.032048 ape=0.5014
[21:47:50] regretChangePotential 74% (1683/2248) regret=0.032048 ape=0.5014
[21:47:50] regretChangePotential 74% (1684/2248) regret=0.032048 ape=0.5014
[21:47:50] regretChangePotential 74% (1685/2248) regret=0.032048 ape=0.5014
[21:47:50] regretChangePotential 75% (1686/2248) regret=0.032051 ape=0.5014
[21:47:51] regretChangePotential 75% (1687/2248) regret=0.032051 ape=0.5014
[21:47:51] regretChangePotential 75% (1688/2248) regret=0.032051 ape=0.5014
[21:47:51] regretChangePotential 75% (1689/2248) regret=0.032051 ape=0.5014
[21:47:51] regretChangePotential 75% (1690/2248) regret=0.032069 ape=0.5014
[21:47:51] regretChangePotential 75% (1691/2248) regret=0.032069 ape=0.5014
[21:47:52] regretChangePotential 75% (1692/2248) regret=0.032069 ape=0.5014
[21:47:52] regretChangePotential 75% (1693/2248) regret=0.032069 ape=0.5014
[21:47:52] regretChangePotential 75% (1694/2248) regret=0.032069 ape=0.5014
[21:47:52] regretChangePotential 75% (1695/2248) regret=0.032069 ape=0.5014
[21:47:52] regretChangePotential 75% (1696/2248) regret=0.032125 ape=0.5023
[21:47:53] regretChangePotential 75% (1697/2248) regret=0.032125 ape=0.5023
[21:47:53] regretChangePotential 75% (1698/2248) regret=0.032125 ape=0.5023
[21:47:53] regretChangePotential 75% (1699/2248) regret=0.032125 ape=0.5023
[21:47:53] regretChangePotential 75% (1700/2248) regret=0.032065 ape=0.5023
[21:47:53] regretChangePotential 75% (1701/2248) regret=0.031995 ape=0.5023
[21:47:53] regretChangePotential 75% (1702/2248) regret=0.031995 ape=0.5023
[21:47:54] regretChangePotential 75% (1703/2248) regret=0.031995 ape=0.5023
[21:47:54] regretChangePotential 75% (1704/2248) regret=0.031995 ape=0.5023
[21:47:54] regretChangePotential 75% (1705/2248) regret=0.031995 ape=0.5023
[21:47:54] regretChangePotential 75% (1706/2248) regret=0.031995 ape=0.5023
[21:47:54] regretChangePotential 75% (1707/2248) regret=0.031995 ape=0.5023
[21:47:55] regretChangePotential 75% (1708/2248) regret=0.031995 ape=0.5023
[21:47:55] regretChangePotential 76% (1709/2248) regret=0.031995 ape=0.5023
[21:47:55] regretChangePotential 76% (1710/2248) regret=0.031995 ape=0.5023
[21:47:55] regretChangePotential 76% (1711/2248) regret=0.031995 ape=0.5023
[21:47:55] regretChangePotential 76% (1712/2248) regret=0.031995 ape=0.5023
[21:47:56] regretChangePotential 76% (1713/2248) regret=0.031995 ape=0.5023
[21:47:56] regretChangePotential 76% (1714/2248) regret=0.031995 ape=0.5023
[21:47:56] regretChangePotential 76% (1715/2248) regret=0.031995 ape=0.5023
[21:47:56] regretChangePotential 76% (1716/2248) regret=0.031995 ape=0.5023
[21:47:56] regretChangePotential 76% (1717/2248) regret=0.031995 ape=0.5023
[21:47:57] regretChangePotential 76% (1718/2248) regret=0.031995 ape=0.5023
[21:47:57] regretChangePotential 76% (1719/2248) regret=0.031995 ape=0.5023
[21:47:57] regretChangePotential 76% (1720/2248) regret=0.032356 ape=0.5032
[21:47:57] regretChangePotential 76% (1721/2248) regret=0.031995 ape=0.5023
[21:47:57] regretChangePotential 76% (1722/2248) regret=0.031995 ape=0.5023
[21:47:57] regretChangePotential 76% (1723/2248) regret=0.031995 ape=0.5023
[21:47:58] regretChangePotential 76% (1724/2248) regret=0.031995 ape=0.5023
[21:47:58] regretChangePotential 76% (1725/2248) regret=0.031995 ape=0.5023
[21:47:58] regretChangePotential 76% (1726/2248) regret=0.031977 ape=0.5023
[21:47:58] regretChangePotential 76% (1727/2248) regret=0.031977 ape=0.5023
[21:47:58] regretChangePotential 76% (1728/2248) regret=0.031977 ape=0.5023
[21:47:59] regretChangePotential 76% (1729/2248) regret=0.031977 ape=0.5023
[21:47:59] regretChangePotential 76% (1730/2248) regret=0.031654 ape=0.5014
[21:47:59] regretChangePotential 77% (1731/2248) regret=0.031654 ape=0.5014
[21:47:59] regretChangePotential 77% (1732/2248) regret=0.031654 ape=0.5014
[21:47:59] regretChangePotential 77% (1733/2248) regret=0.031839 ape=0.5023
[21:48:00] regretChangePotential 77% (1734/2248) regret=0.031654 ape=0.5014
[21:48:00] regretChangePotential 77% (1735/2248) regret=0.031654 ape=0.5014
[21:48:00] regretChangePotential 77% (1736/2248) regret=0.031656 ape=0.5014
[21:48:00] regretChangePotential 77% (1737/2248) regret=0.031682 ape=0.5014
[21:48:00] regretChangePotential 77% (1738/2248) regret=0.031682 ape=0.5014
[21:48:01] regretChangePotential 77% (1739/2248) regret=0.031682 ape=0.5014
[21:48:01] regretChangePotential 77% (1740/2248) regret=0.031682 ape=0.5014
[21:48:01] regretChangePotential 77% (1741/2248) regret=0.031701 ape=0.5014
[21:48:01] regretChangePotential 77% (1742/2248) regret=0.031701 ape=0.5014
[21:48:01] regretChangePotential 77% (1743/2248) regret=0.031701 ape=0.5014
[21:48:01] regretChangePotential 77% (1744/2248) regret=0.031701 ape=0.5014
[21:48:02] regretChangePotential 77% (1745/2248) regret=0.031701 ape=0.5014
[21:48:02] regretChangePotential 77% (1746/2248) regret=0.031701 ape=0.5014
[21:48:02] regretChangePotential 77% (1747/2248) regret=0.031701 ape=0.5014
[21:48:02] regretChangePotential 77% (1748/2248) regret=0.031701 ape=0.5014
[21:48:02] regretChangePotential 77% (1749/2248) regret=0.031701 ape=0.5014
[21:48:03] regretChangePotential 77% (1750/2248) regret=0.031701 ape=0.5014
[21:48:03] regretChangePotential 77% (1751/2248) regret=0.031701 ape=0.5014
[21:48:03] regretChangePotential 77% (1752/2248) regret=0.031683 ape=0.5014
[21:48:03] regretChangePotential 77% (1753/2248) regret=0.031683 ape=0.5014
[21:48:03] regretChangePotential 78% (1754/2248) regret=0.031655 ape=0.5014
[21:48:03] regretChangePotential 78% (1755/2248) regret=0.031793 ape=0.5014
[21:48:04] regretChangePotential 78% (1756/2248) regret=0.031793 ape=0.5014
[21:48:04] regretChangePotential 78% (1757/2248) regret=0.031812 ape=0.5014
[21:48:04] regretChangePotential 78% (1758/2248) regret=0.031692 ape=0.5014
[21:48:04] regretChangePotential 78% (1759/2248) regret=0.031655 ape=0.5014
[21:48:05] regretChangePotential 78% (1760/2248) regret=0.031655 ape=0.5014
[21:48:05] regretChangePotential 78% (1761/2248) regret=0.031649 ape=0.5014
[21:48:05] regretChangePotential 78% (1762/2248) regret=0.031624 ape=0.5014
[21:48:05] regretChangePotential 78% (1763/2248) regret=0.031532 ape=0.5005
[21:48:05] regretChangePotential 78% (1764/2248) regret=0.031532 ape=0.5005
[21:48:05] regretChangePotential 78% (1765/2248) regret=0.031532 ape=0.5005
[21:48:06] regretChangePotential 78% (1766/2248) regret=0.031532 ape=0.5005
[21:48:06] regretChangePotential 78% (1767/2248) regret=0.031532 ape=0.5005
[21:48:06] regretChangePotential 78% (1768/2248) regret=0.031532 ape=0.5005
[21:48:06] regretChangePotential 78% (1769/2248) regret=0.031532 ape=0.5005
[21:48:06] regretChangePotential 78% (1770/2248) regret=0.031809 ape=0.5014
[21:48:07] regretChangePotential 78% (1771/2248) regret=0.031363 ape=0.4995
[21:48:07] regretChangePotential 78% (1772/2248) regret=0.031363 ape=0.4995
[21:48:07] regretChangePotential 78% (1773/2248) regret=0.031363 ape=0.4995
[21:48:07] regretChangePotential 78% (1774/2248) regret=0.031335 ape=0.4995
[21:48:07] regretChangePotential 78% (1775/2248) regret=0.031204 ape=0.4986
[21:48:08] regretChangePotential 79% (1776/2248) regret=0.031204 ape=0.4986
[21:48:08] regretChangePotential 79% (1777/2248) regret=0.031204 ape=0.4986
[21:48:08] regretChangePotential 79% (1778/2248) regret=0.031204 ape=0.4986
[21:48:08] regretChangePotential 79% (1779/2248) regret=0.031204 ape=0.4986
[21:48:08] regretChangePotential 79% (1780/2248) regret=0.031204 ape=0.4986
[21:48:08] regretChangePotential 79% (1781/2248) regret=0.031204 ape=0.4986
[21:48:09] regretChangePotential 79% (1782/2248) regret=0.031204 ape=0.4986
[21:48:09] regretChangePotential 79% (1783/2248) regret=0.031232 ape=0.4986
[21:48:09] regretChangePotential 79% (1784/2248) regret=0.031246 ape=0.4995
[21:48:09] regretChangePotential 79% (1785/2248) regret=0.031246 ape=0.4995
[21:48:09] regretChangePotential 79% (1786/2248) regret=0.031246 ape=0.4995
[21:48:10] regretChangePotential 79% (1787/2248) regret=0.031246 ape=0.4995
[21:48:10] regretChangePotential 79% (1788/2248) regret=0.031246 ape=0.4995
[21:48:10] regretChangePotential 79% (1789/2248) regret=0.031246 ape=0.4995
[21:48:10] regretChangePotential 79% (1790/2248) regret=0.031246 ape=0.4995
[21:48:10] regretChangePotential 79% (1791/2248) regret=0.031246 ape=0.4995
[21:48:11] regretChangePotential 79% (1792/2248) regret=0.031246 ape=0.4995
[21:48:11] regretChangePotential 79% (1793/2248) regret=0.031173 ape=0.4986
[21:48:11] regretChangePotential 79% (1794/2248) regret=0.031173 ape=0.4986
[21:48:11] regretChangePotential 79% (1795/2248) regret=0.031173 ape=0.4986
[21:48:11] regretChangePotential 79% (1796/2248) regret=0.031173 ape=0.4986
[21:48:12] regretChangePotential 79% (1797/2248) regret=0.031173 ape=0.4986
[21:48:12] regretChangePotential 79% (1798/2248) regret=0.031173 ape=0.4986
[21:48:12] regretChangePotential 80% (1799/2248) regret=0.031173 ape=0.4986
[21:48:12] regretChangePotential 80% (1800/2248) regret=0.031173 ape=0.4986
[21:48:12] regretChangePotential 80% (1801/2248) regret=0.031173 ape=0.4986
[21:48:12] regretChangePotential 80% (1802/2248) regret=0.031173 ape=0.4986
[21:48:13] regretChangePotential 80% (1803/2248) regret=0.031173 ape=0.4986
[21:48:13] regretChangePotential 80% (1804/2248) regret=0.031279 ape=0.4986
[21:48:13] regretChangePotential 80% (1805/2248) regret=0.031279 ape=0.4986
[21:48:13] regretChangePotential 80% (1806/2248) regret=0.031279 ape=0.4986
[21:48:13] regretChangePotential 80% (1807/2248) regret=0.031279 ape=0.4986
[21:48:13] regretChangePotential 80% (1808/2248) regret=0.031279 ape=0.4986
[21:48:14] regretChangePotential 80% (1809/2248) regret=0.031279 ape=0.4986
[21:48:14] regretChangePotential 80% (1810/2248) regret=0.031279 ape=0.4986
[21:48:14] regretChangePotential 80% (1811/2248) regret=0.031279 ape=0.4986
[21:48:14] regretChangePotential 80% (1812/2248) regret=0.031279 ape=0.4986
[21:48:14] regretChangePotential 80% (1813/2248) regret=0.031279 ape=0.4986
[21:48:15] regretChangePotential 80% (1814/2248) regret=0.031279 ape=0.4986
[21:48:15] regretChangePotential 80% (1815/2248) regret=0.031279 ape=0.4986
[21:48:15] regretChangePotential 80% (1816/2248) regret=0.031325 ape=0.4986
[21:48:15] regretChangePotential 80% (1817/2248) regret=0.031325 ape=0.4986
[21:48:15] regretChangePotential 80% (1818/2248) regret=0.031325 ape=0.4986
[21:48:16] regretChangePotential 80% (1819/2248) regret=0.031325 ape=0.4986
[21:48:16] regretChangePotential 80% (1820/2248) regret=0.031325 ape=0.4986
[21:48:16] regretChangePotential 81% (1821/2248) regret=0.031325 ape=0.4986
[21:48:16] regretChangePotential 81% (1822/2248) regret=0.031325 ape=0.4986
[21:48:16] regretChangePotential 81% (1823/2248) regret=0.031323 ape=0.4986
[21:48:16] regretChangePotential 81% (1824/2248) regret=0.031323 ape=0.4986
[21:48:17] regretChangePotential 81% (1825/2248) regret=0.031323 ape=0.4986
[21:48:17] regretChangePotential 81% (1826/2248) regret=0.031323 ape=0.4986
[21:48:17] regretChangePotential 81% (1827/2248) regret=0.031323 ape=0.4986
[21:48:17] regretChangePotential 81% (1828/2248) regret=0.031391 ape=0.4995
[21:48:17] regretChangePotential 81% (1829/2248) regret=0.031391 ape=0.4995
[21:48:17] regretChangePotential 81% (1830/2248) regret=0.031391 ape=0.4995
[21:48:18] regretChangePotential 81% (1831/2248) regret=0.031391 ape=0.4995
[21:48:18] regretChangePotential 81% (1832/2248) regret=0.031369 ape=0.5005
[21:48:18] regretChangePotential 81% (1833/2248) regret=0.031369 ape=0.5005
[21:48:18] regretChangePotential 81% (1834/2248) regret=0.031369 ape=0.5005
[21:48:18] regretChangePotential 81% (1835/2248) regret=0.031369 ape=0.5005
[21:48:19] regretChangePotential 81% (1836/2248) regret=0.031369 ape=0.5005
[21:48:19] regretChangePotential 81% (1837/2248) regret=0.031445 ape=0.5005
[21:48:19] regretChangePotential 81% (1838/2248) regret=0.031207 ape=0.4986
[21:48:19] regretChangePotential 81% (1839/2248) regret=0.031297 ape=0.4995
[21:48:19] regretChangePotential 81% (1840/2248) regret=0.031297 ape=0.4995
[21:48:20] regretChangePotential 81% (1841/2248) regret=0.031297 ape=0.4995
[21:48:20] regretChangePotential 81% (1842/2248) regret=0.031297 ape=0.4995
[21:48:20] regretChangePotential 81% (1843/2248) regret=0.031297 ape=0.4995
[21:48:20] regretChangePotential 82% (1844/2248) regret=0.031297 ape=0.4995
[21:48:20] regretChangePotential 82% (1845/2248) regret=0.031297 ape=0.4995
[21:48:21] regretChangePotential 82% (1846/2248) regret=0.031297 ape=0.4995
[21:48:21] regretChangePotential 82% (1847/2248) regret=0.031297 ape=0.4995
[21:48:21] regretChangePotential 82% (1848/2248) regret=0.031297 ape=0.4995
[21:48:21] regretChangePotential 82% (1849/2248) regret=0.031030 ape=0.4986
[21:48:21] regretChangePotential 82% (1850/2248) regret=0.031030 ape=0.4986
[21:48:22] regretChangePotential 82% (1851/2248) regret=0.031030 ape=0.4986
[21:48:22] regretChangePotential 82% (1852/2248) regret=0.030422 ape=0.4977
[21:48:22] regretChangePotential 82% (1853/2248) regret=0.030422 ape=0.4977
[21:48:22] regretChangePotential 82% (1854/2248) regret=0.030401 ape=0.4977
[21:48:22] regretChangePotential 82% (1855/2248) regret=0.030237 ape=0.4968
[21:48:22] regretChangePotential 82% (1856/2248) regret=0.030237 ape=0.4968
[21:48:23] regretChangePotential 82% (1857/2248) regret=0.029965 ape=0.4959
[21:48:23] regretChangePotential 82% (1858/2248) regret=0.029965 ape=0.4959
[21:48:23] regretChangePotential 82% (1859/2248) regret=0.029965 ape=0.4959
[21:48:23] regretChangePotential 82% (1860/2248) regret=0.029859 ape=0.4959
[21:48:23] regretChangePotential 82% (1861/2248) regret=0.029953 ape=0.4959
[21:48:23] regretChangePotential 82% (1862/2248) regret=0.029889 ape=0.4959
[21:48:24] regretChangePotential 82% (1863/2248) regret=0.029889 ape=0.4959
[21:48:24] regretChangePotential 82% (1864/2248) regret=0.029889 ape=0.4959
[21:48:24] regretChangePotential 82% (1865/2248) regret=0.029889 ape=0.4959
[21:48:24] regretChangePotential 83% (1866/2248) regret=0.029889 ape=0.4959
[21:48:24] regretChangePotential 83% (1867/2248) regret=0.029889 ape=0.4959
[21:48:25] regretChangePotential 83% (1868/2248) regret=0.029889 ape=0.4959
[21:48:25] regretChangePotential 83% (1869/2248) regret=0.029889 ape=0.4959
[21:48:25] regretChangePotential 83% (1870/2248) regret=0.029889 ape=0.4959
[21:48:25] regretChangePotential 83% (1871/2248) regret=0.029889 ape=0.4959
[21:48:25] regretChangePotential 83% (1872/2248) regret=0.029880 ape=0.4959
[21:48:26] regretChangePotential 83% (1873/2248) regret=0.029889 ape=0.4959
[21:48:26] regretChangePotential 83% (1874/2248) regret=0.029952 ape=0.4968
[21:48:26] regretChangePotential 83% (1875/2248) regret=0.029952 ape=0.4968
[21:48:26] regretChangePotential 83% (1876/2248) regret=0.029952 ape=0.4968
[21:48:26] regretChangePotential 83% (1877/2248) regret=0.029952 ape=0.4968
[21:48:27] regretChangePotential 83% (1878/2248) regret=0.029959 ape=0.4968
[21:48:27] regretChangePotential 83% (1879/2248) regret=0.029959 ape=0.4968
[21:48:27] regretChangePotential 83% (1880/2248) regret=0.029959 ape=0.4968
[21:48:27] regretChangePotential 83% (1881/2248) regret=0.029959 ape=0.4968
[21:48:27] regretChangePotential 83% (1882/2248) regret=0.029959 ape=0.4968
[21:48:27] regretChangePotential 83% (1883/2248) regret=0.029959 ape=0.4968
[21:48:28] regretChangePotential 83% (1884/2248) regret=0.029959 ape=0.4968
[21:48:28] regretChangePotential 83% (1885/2248) regret=0.029959 ape=0.4968
[21:48:28] regretChangePotential 83% (1886/2248) regret=0.029959 ape=0.4968
[21:48:28] regretChangePotential 83% (1887/2248) regret=0.029959 ape=0.4968
[21:48:28] regretChangePotential 83% (1888/2248) regret=0.029959 ape=0.4968
[21:48:28] regretChangePotential 84% (1889/2248) regret=0.029932 ape=0.4968
[21:48:29] regretChangePotential 84% (1890/2248) regret=0.029959 ape=0.4968
[21:48:29] regretChangePotential 84% (1891/2248) regret=0.029968 ape=0.4968
[21:48:29] regretChangePotential 84% (1892/2248) regret=0.030009 ape=0.4968
[21:48:29] regretChangePotential 84% (1893/2248) regret=0.029913 ape=0.4968
[21:48:29] regretChangePotential 84% (1894/2248) regret=0.029790 ape=0.4959
[21:48:29] regretChangePotential 84% (1895/2248) regret=0.029790 ape=0.4959
[21:48:30] regretChangePotential 84% (1896/2248) regret=0.029800 ape=0.4959
[21:48:30] regretChangePotential 84% (1897/2248) regret=0.029800 ape=0.4959
[21:48:30] regretChangePotential 84% (1898/2248) regret=0.029782 ape=0.4959
[21:48:30] regretChangePotential 84% (1899/2248) regret=0.029846 ape=0.4968
[21:48:30] regretChangePotential 84% (1900/2248) regret=0.029727 ape=0.4968
[21:48:30] regretChangePotential 84% (1901/2248) regret=0.029632 ape=0.4959
[21:48:31] regretChangePotential 84% (1902/2248) regret=0.029489 ape=0.4959
[21:48:31] regretChangePotential 84% (1903/2248) regret=0.029526 ape=0.4959
[21:48:31] regretChangePotential 84% (1904/2248) regret=0.029531 ape=0.4959
[21:48:31] regretChangePotential 84% (1905/2248) regret=0.029531 ape=0.4959
[21:48:31] regretChangePotential 84% (1906/2248) regret=0.029884 ape=0.4968
[21:48:31] regretChangePotential 84% (1907/2248) regret=0.029442 ape=0.4959
[21:48:32] regretChangePotential 84% (1908/2248) regret=0.029442 ape=0.4959
[21:48:32] regretChangePotential 84% (1909/2248) regret=0.029488 ape=0.4959
[21:48:32] regretChangePotential 84% (1910/2248) regret=0.029377 ape=0.4959
[21:48:32] regretChangePotential 85% (1911/2248) regret=0.029278 ape=0.4959
[21:48:32] regretChangePotential 85% (1912/2248) regret=0.029278 ape=0.4959
[21:48:32] regretChangePotential 85% (1913/2248) regret=0.029313 ape=0.4959
[21:48:32] regretChangePotential 85% (1914/2248) regret=0.029313 ape=0.4959
[21:48:33] regretChangePotential 85% (1915/2248) regret=0.029313 ape=0.4959
[21:48:33] regretChangePotential 85% (1916/2248) regret=0.029672 ape=0.4959
[21:48:33] regretChangePotential 85% (1917/2248) regret=0.029174 ape=0.4949
[21:48:33] regretChangePotential 85% (1918/2248) regret=0.029174 ape=0.4949
[21:48:33] regretChangePotential 85% (1919/2248) regret=0.029196 ape=0.4959
[21:48:34] regretChangePotential 85% (1920/2248) regret=0.029178 ape=0.4959
[21:48:34] regretChangePotential 85% (1921/2248) regret=0.029178 ape=0.4959
[21:48:34] regretChangePotential 85% (1922/2248) regret=0.029178 ape=0.4959
[21:48:34] regretChangePotential 85% (1923/2248) regret=0.029178 ape=0.4959
[21:48:34] regretChangePotential 85% (1924/2248) regret=0.029178 ape=0.4959
[21:48:34] regretChangePotential 85% (1925/2248) regret=0.029178 ape=0.4959
[21:48:35] regretChangePotential 85% (1926/2248) regret=0.029178 ape=0.4959
[21:48:35] regretChangePotential 85% (1927/2248) regret=0.029129 ape=0.4949
[21:48:35] regretChangePotential 85% (1928/2248) regret=0.029129 ape=0.4949
[21:48:35] regretChangePotential 85% (1929/2248) regret=0.029618 ape=0.4959
[21:48:35] regretChangePotential 85% (1930/2248) regret=0.029148 ape=0.4959
[21:48:35] regretChangePotential 85% (1931/2248) regret=0.029148 ape=0.4959
[21:48:36] regretChangePotential 85% (1932/2248) regret=0.029148 ape=0.4959
[21:48:36] regretChangePotential 85% (1933/2248) regret=0.029184 ape=0.4959
[21:48:36] regretChangePotential 86% (1934/2248) regret=0.029184 ape=0.4959
[21:48:36] regretChangePotential 86% (1935/2248) regret=0.029184 ape=0.4959
[21:48:36] regretChangePotential 86% (1936/2248) regret=0.029184 ape=0.4959
[21:48:37] regretChangePotential 86% (1937/2248) regret=0.029184 ape=0.4959
[21:48:37] regretChangePotential 86% (1938/2248) regret=0.029184 ape=0.4959
[21:48:37] regretChangePotential 86% (1939/2248) regret=0.029184 ape=0.4959
[21:48:37] regretChangePotential 86% (1940/2248) regret=0.029184 ape=0.4959
[21:48:37] regretChangePotential 86% (1941/2248) regret=0.029184 ape=0.4959
[21:48:38] regretChangePotential 86% (1942/2248) regret=0.029184 ape=0.4959
[21:48:38] regretChangePotential 86% (1943/2248) regret=0.029184 ape=0.4959
[21:48:38] regretChangePotential 86% (1944/2248) regret=0.029184 ape=0.4959
[21:48:38] regretChangePotential 86% (1945/2248) regret=0.029184 ape=0.4959
[21:48:38] regretChangePotential 86% (1946/2248) regret=0.029184 ape=0.4959
[21:48:39] regretChangePotential 86% (1947/2248) regret=0.029184 ape=0.4959
[21:48:39] regretChangePotential 86% (1948/2248) regret=0.029184 ape=0.4959
[21:48:39] regretChangePotential 86% (1949/2248) regret=0.029184 ape=0.4959
[21:48:39] regretChangePotential 86% (1950/2248) regret=0.029184 ape=0.4959
[21:48:39] regretChangePotential 86% (1951/2248) regret=0.029184 ape=0.4959
[21:48:40] regretChangePotential 86% (1952/2248) regret=0.029184 ape=0.4959
[21:48:40] regretChangePotential 86% (1953/2248) regret=0.029184 ape=0.4959
[21:48:40] regretChangePotential 86% (1954/2248) regret=0.029184 ape=0.4959
[21:48:40] regretChangePotential 86% (1955/2248) regret=0.029184 ape=0.4959
[21:48:40] regretChangePotential 87% (1956/2248) regret=0.029184 ape=0.4959
[21:48:40] regretChangePotential 87% (1957/2248) regret=0.029184 ape=0.4959
[21:48:41] regretChangePotential 87% (1958/2248) regret=0.029184 ape=0.4959
[21:48:41] regretChangePotential 87% (1959/2248) regret=0.029172 ape=0.4959
[21:48:41] regretChangePotential 87% (1960/2248) regret=0.029172 ape=0.4959
[21:48:41] regretChangePotential 87% (1961/2248) regret=0.029186 ape=0.4959
[21:48:41] regretChangePotential 87% (1962/2248) regret=0.029168 ape=0.4959
[21:48:41] regretChangePotential 87% (1963/2248) regret=0.029168 ape=0.4959
[21:48:42] regretChangePotential 87% (1964/2248) regret=0.029112 ape=0.4949
[21:48:42] regretChangePotential 87% (1965/2248) regret=0.028854 ape=0.4940
[21:48:42] regretChangePotential 87% (1966/2248) regret=0.028780 ape=0.4940
[21:48:42] regretChangePotential 87% (1967/2248) regret=0.028684 ape=0.4940
[21:48:42] regretChangePotential 87% (1968/2248) regret=0.028710 ape=0.4931
[21:48:43] regretChangePotential 87% (1969/2248) regret=0.028590 ape=0.4940
[21:48:43] regretChangePotential 87% (1970/2248) regret=0.028590 ape=0.4940
[21:48:43] regretChangePotential 87% (1971/2248) regret=0.028590 ape=0.4940
[21:48:43] regretChangePotential 87% (1972/2248) regret=0.028590 ape=0.4940
[21:48:43] regretChangePotential 87% (1973/2248) regret=0.028590 ape=0.4940
[21:48:44] regretChangePotential 87% (1974/2248) regret=0.028608 ape=0.4940
[21:48:44] regretChangePotential 87% (1975/2248) regret=0.028608 ape=0.4940
[21:48:44] regretChangePotential 87% (1976/2248) regret=0.028654 ape=0.4940
[21:48:44] regretChangePotential 87% (1977/2248) regret=0.028608 ape=0.4940
[21:48:44] regretChangePotential 87% (1978/2248) regret=0.028608 ape=0.4940
[21:48:45] regretChangePotential 88% (1979/2248) regret=0.028608 ape=0.4940
[21:48:45] regretChangePotential 88% (1980/2248) regret=0.028608 ape=0.4940
[21:48:45] regretChangePotential 88% (1981/2248) regret=0.028608 ape=0.4940
[21:48:45] regretChangePotential 88% (1982/2248) regret=0.028608 ape=0.4940
[21:48:45] regretChangePotential 88% (1983/2248) regret=0.028608 ape=0.4940
[21:48:46] regretChangePotential 88% (1984/2248) regret=0.028608 ape=0.4940
[21:48:46] regretChangePotential 88% (1985/2248) regret=0.028608 ape=0.4940
[21:48:46] regretChangePotential 88% (1986/2248) regret=0.028608 ape=0.4940
[21:48:46] regretChangePotential 88% (1987/2248) regret=0.028608 ape=0.4940
[21:48:46] regretChangePotential 88% (1988/2248) regret=0.028608 ape=0.4940
[21:48:46] regretChangePotential 88% (1989/2248) regret=0.028608 ape=0.4940
[21:48:47] regretChangePotential 88% (1990/2248) regret=0.028567 ape=0.4931
[21:48:47] regretChangePotential 88% (1991/2248) regret=0.028567 ape=0.4931
[21:48:47] regretChangePotential 88% (1992/2248) regret=0.028567 ape=0.4931
[21:48:47] regretChangePotential 88% (1993/2248) regret=0.028567 ape=0.4931
[21:48:47] regretChangePotential 88% (1994/2248) regret=0.028567 ape=0.4931
[21:48:48] regretChangePotential 88% (1995/2248) regret=0.028567 ape=0.4931
[21:48:48] regretChangePotential 88% (1996/2248) regret=0.028567 ape=0.4931
[21:48:48] regretChangePotential 88% (1997/2248) regret=0.028567 ape=0.4931
[21:48:48] regretChangePotential 88% (1998/2248) regret=0.028567 ape=0.4931
[21:48:48] regretChangePotential 88% (1999/2248) regret=0.028567 ape=0.4931
[21:48:49] regretChangePotential 88% (2000/2248) regret=0.028567 ape=0.4931
[21:48:49] regretChangePotential 89% (2001/2248) regret=0.028567 ape=0.4931
[21:48:49] regretChangePotential 89% (2002/2248) regret=0.028567 ape=0.4931
[21:48:49] regretChangePotential 89% (2003/2248) regret=0.028567 ape=0.4931
[21:48:49] regretChangePotential 89% (2004/2248) regret=0.028567 ape=0.4931
[21:48:49] regretChangePotential 89% (2005/2248) regret=0.028567 ape=0.4931
[21:48:50] regretChangePotential 89% (2006/2248) regret=0.028567 ape=0.4931
[21:48:50] regretChangePotential 89% (2007/2248) regret=0.028567 ape=0.4931
[21:48:50] regretChangePotential 89% (2008/2248) regret=0.028567 ape=0.4931
[21:48:50] regretChangePotential 89% (2009/2248) regret=0.028567 ape=0.4931
[21:48:50] regretChangePotential 89% (2010/2248) regret=0.028567 ape=0.4931
[21:48:51] regretChangePotential 89% (2011/2248) regret=0.028567 ape=0.4931
[21:48:51] regretChangePotential 89% (2012/2248) regret=0.028567 ape=0.4931
[21:48:51] regretChangePotential 89% (2013/2248) regret=0.028567 ape=0.4931
[21:48:51] regretChangePotential 89% (2014/2248) regret=0.028567 ape=0.4931
[21:48:51] regretChangePotential 89% (2015/2248) regret=0.028567 ape=0.4931
[21:48:51] regretChangePotential 89% (2016/2248) regret=0.028567 ape=0.4931
[21:48:52] regretChangePotential 89% (2017/2248) regret=0.028567 ape=0.4931
[21:48:52] regretChangePotential 89% (2018/2248) regret=0.028567 ape=0.4931
[21:48:52] regretChangePotential 89% (2019/2248) regret=0.028567 ape=0.4931
[21:48:52] regretChangePotential 89% (2020/2248) regret=0.028567 ape=0.4931
[21:48:52] regretChangePotential 89% (2021/2248) regret=0.028567 ape=0.4931
[21:48:53] regretChangePotential 89% (2022/2248) regret=0.028567 ape=0.4931
[21:48:53] regretChangePotential 89% (2023/2248) regret=0.028567 ape=0.4931
[21:48:53] regretChangePotential 90% (2024/2248) regret=0.028567 ape=0.4931
[21:48:53] regretChangePotential 90% (2025/2248) regret=0.028567 ape=0.4931
[21:48:53] regretChangePotential 90% (2026/2248) regret=0.028518 ape=0.4931
[21:48:53] regretChangePotential 90% (2027/2248) regret=0.028499 ape=0.4931
[21:48:54] regretChangePotential 90% (2028/2248) regret=0.028536 ape=0.4922
[21:48:54] regretChangePotential 90% (2029/2248) regret=0.028561 ape=0.4922
[21:48:54] regretChangePotential 90% (2030/2248) regret=0.028453 ape=0.4922
[21:48:54] regretChangePotential 90% (2031/2248) regret=0.028386 ape=0.4912
[21:48:54] regretChangePotential 90% (2032/2248) regret=0.028386 ape=0.4912
[21:48:55] regretChangePotential 90% (2033/2248) regret=0.028376 ape=0.4912
[21:48:55] regretChangePotential 90% (2034/2248) regret=0.028376 ape=0.4912
[21:48:55] regretChangePotential 90% (2035/2248) regret=0.028376 ape=0.4912
[21:48:55] regretChangePotential 90% (2036/2248) regret=0.028376 ape=0.4912
[21:48:55] regretChangePotential 90% (2037/2248) regret=0.028441 ape=0.4922
[21:48:56] regretChangePotential 90% (2038/2248) regret=0.028441 ape=0.4922
[21:48:56] regretChangePotential 90% (2039/2248) regret=0.028588 ape=0.4931
[21:48:56] regretChangePotential 90% (2040/2248) regret=0.028588 ape=0.4931
[21:48:56] regretChangePotential 90% (2041/2248) regret=0.028588 ape=0.4931
[21:48:56] regretChangePotential 90% (2042/2248) regret=0.028588 ape=0.4931
[21:48:56] regretChangePotential 90% (2043/2248) regret=0.028588 ape=0.4931
[21:48:57] regretChangePotential 90% (2044/2248) regret=0.028588 ape=0.4931
[21:48:57] regretChangePotential 90% (2045/2248) regret=0.028588 ape=0.4931
[21:48:57] regretChangePotential 91% (2046/2248) regret=0.028588 ape=0.4931
[21:48:57] regretChangePotential 91% (2047/2248) regret=0.028588 ape=0.4931
[21:48:57] regretChangePotential 91% (2048/2248) regret=0.028588 ape=0.4931
[21:48:58] regretChangePotential 91% (2049/2248) regret=0.028588 ape=0.4931
[21:48:58] regretChangePotential 91% (2050/2248) regret=0.028588 ape=0.4931
[21:48:58] regretChangePotential 91% (2051/2248) regret=0.028588 ape=0.4931
[21:48:58] regretChangePotential 91% (2052/2248) regret=0.028478 ape=0.4922
[21:48:58] regretChangePotential 91% (2053/2248) regret=0.028478 ape=0.4922
[21:48:59] regretChangePotential 91% (2054/2248) regret=0.028478 ape=0.4922
[21:48:59] regretChangePotential 91% (2055/2248) regret=0.028478 ape=0.4922
[21:48:59] regretChangePotential 91% (2056/2248) regret=0.028478 ape=0.4922
[21:48:59] regretChangePotential 91% (2057/2248) regret=0.028478 ape=0.4922
[21:49:00] regretChangePotential 91% (2058/2248) regret=0.028478 ape=0.4922
[21:49:00] regretChangePotential 91% (2059/2248) regret=0.028478 ape=0.4922
[21:49:00] regretChangePotential 91% (2060/2248) regret=0.028478 ape=0.4922
[21:49:00] regretChangePotential 91% (2061/2248) regret=0.028478 ape=0.4922
[21:49:00] regretChangePotential 91% (2062/2248) regret=0.028478 ape=0.4922
[21:49:01] regretChangePotential 91% (2063/2248) regret=0.028358 ape=0.4912
[21:49:01] regretChangePotential 91% (2064/2248) regret=0.028358 ape=0.4912
[21:49:01] regretChangePotential 91% (2065/2248) regret=0.028404 ape=0.4922
[21:49:01] regretChangePotential 91% (2066/2248) regret=0.028404 ape=0.4922
[21:49:01] regretChangePotential 91% (2067/2248) regret=0.028538 ape=0.4922
[21:49:01] regretChangePotential 91% (2068/2248) regret=0.028538 ape=0.4922
[21:49:02] regretChangePotential 92% (2069/2248) regret=0.028538 ape=0.4922
[21:49:02] regretChangePotential 92% (2070/2248) regret=0.028538 ape=0.4922
[21:49:02] regretChangePotential 92% (2071/2248) regret=0.028648 ape=0.4931
[21:49:02] regretChangePotential 92% (2072/2248) regret=0.028699 ape=0.4931
[21:49:02] regretChangePotential 92% (2073/2248) regret=0.028565 ape=0.4931
[21:49:03] regretChangePotential 92% (2074/2248) regret=0.028630 ape=0.4931
[21:49:03] regretChangePotential 92% (2075/2248) regret=0.028625 ape=0.4931
[21:49:03] regretChangePotential 92% (2076/2248) regret=0.028625 ape=0.4931
[21:49:03] regretChangePotential 92% (2077/2248) regret=0.028625 ape=0.4931
[21:49:03] regretChangePotential 92% (2078/2248) regret=0.028625 ape=0.4931
[21:49:04] regretChangePotential 92% (2079/2248) regret=0.028563 ape=0.4931
[21:49:04] regretChangePotential 92% (2080/2248) regret=0.028549 ape=0.4931
[21:49:04] regretChangePotential 92% (2081/2248) regret=0.028549 ape=0.4931
[21:49:04] regretChangePotential 92% (2082/2248) regret=0.028549 ape=0.4931
[21:49:04] regretChangePotential 92% (2083/2248) regret=0.028535 ape=0.4931
[21:49:05] regretChangePotential 92% (2084/2248) regret=0.028549 ape=0.4931
[21:49:05] regretChangePotential 92% (2085/2248) regret=0.028549 ape=0.4931
[21:49:05] regretChangePotential 92% (2086/2248) regret=0.028687 ape=0.4931
[21:49:05] regretChangePotential 92% (2087/2248) regret=0.028319 ape=0.4922
[21:49:05] regretChangePotential 92% (2088/2248) regret=0.028319 ape=0.4922
[21:49:06] regretChangePotential 92% (2089/2248) regret=0.028319 ape=0.4922
[21:49:06] regretChangePotential 92% (2090/2248) regret=0.028697 ape=0.4931
[21:49:06] regretChangePotential 93% (2091/2248) regret=0.028687 ape=0.4931
[21:49:06] regretChangePotential 93% (2092/2248) regret=0.028687 ape=0.4931
[21:49:06] regretChangePotential 93% (2093/2248) regret=0.028637 ape=0.4922
[21:49:06] regretChangePotential 93% (2094/2248) regret=0.028655 ape=0.4931
[21:49:07] regretChangePotential 93% (2095/2248) regret=0.028655 ape=0.4931
[21:49:07] regretChangePotential 93% (2096/2248) regret=0.028609 ape=0.4931
[21:49:07] regretChangePotential 93% (2097/2248) regret=0.028600 ape=0.4922
[21:49:07] regretChangePotential 93% (2098/2248) regret=0.028738 ape=0.4931
[21:49:07] regretChangePotential 93% (2099/2248) regret=0.028738 ape=0.4931
[21:49:08] regretChangePotential 93% (2100/2248) regret=0.028729 ape=0.4931
[21:49:08] regretChangePotential 93% (2101/2248) regret=0.028729 ape=0.4931
[21:49:08] regretChangePotential 93% (2102/2248) regret=0.028729 ape=0.4931
[21:49:08] regretChangePotential 93% (2103/2248) regret=0.028729 ape=0.4931
[21:49:08] regretChangePotential 93% (2104/2248) regret=0.028729 ape=0.4931
[21:49:09] regretChangePotential 93% (2105/2248) regret=0.028729 ape=0.4931
[21:49:09] regretChangePotential 93% (2106/2248) regret=0.028729 ape=0.4931
[21:49:09] regretChangePotential 93% (2107/2248) regret=0.028729 ape=0.4931
[21:49:09] regretChangePotential 93% (2108/2248) regret=0.028729 ape=0.4931
[21:49:09] regretChangePotential 93% (2109/2248) regret=0.028671 ape=0.4922
[21:49:10] regretChangePotential 93% (2110/2248) regret=0.028680 ape=0.4931
[21:49:10] regretChangePotential 93% (2111/2248) regret=0.028680 ape=0.4931
[21:49:10] regretChangePotential 93% (2112/2248) regret=0.028680 ape=0.4931
[21:49:10] regretChangePotential 93% (2113/2248) regret=0.028680 ape=0.4931
[21:49:10] regretChangePotential 94% (2114/2248) regret=0.028680 ape=0.4931
[21:49:11] regretChangePotential 94% (2115/2248) regret=0.028606 ape=0.4931
[21:49:11] regretChangePotential 94% (2116/2248) regret=0.028680 ape=0.4931
[21:49:11] regretChangePotential 94% (2117/2248) regret=0.028680 ape=0.4931
[21:49:11] regretChangePotential 94% (2118/2248) regret=0.028680 ape=0.4931
[21:49:11] regretChangePotential 94% (2119/2248) regret=0.028680 ape=0.4931
[21:49:11] regretChangePotential 94% (2120/2248) regret=0.028680 ape=0.4931
[21:49:12] regretChangePotential 94% (2121/2248) regret=0.028680 ape=0.4931
[21:49:12] regretChangePotential 94% (2122/2248) regret=0.028680 ape=0.4931
[21:49:12] regretChangePotential 94% (2123/2248) regret=0.028680 ape=0.4931
[21:49:12] regretChangePotential 94% (2124/2248) regret=0.028701 ape=0.4931
[21:49:12] regretChangePotential 94% (2125/2248) regret=0.028680 ape=0.4931
[21:49:13] regretChangePotential 94% (2126/2248) regret=0.028680 ape=0.4931
[21:49:13] regretChangePotential 94% (2127/2248) regret=0.028680 ape=0.4931
[21:49:13] regretChangePotential 94% (2128/2248) regret=0.028717 ape=0.4931
[21:49:13] regretChangePotential 94% (2129/2248) regret=0.028680 ape=0.4931
[21:49:13] regretChangePotential 94% (2130/2248) regret=0.028680 ape=0.4931
[21:49:13] regretChangePotential 94% (2131/2248) regret=0.028680 ape=0.4931
[21:49:14] regretChangePotential 94% (2132/2248) regret=0.028680 ape=0.4931
[21:49:14] regretChangePotential 94% (2133/2248) regret=0.028636 ape=0.4922
[21:49:14] regretChangePotential 94% (2134/2248) regret=0.028680 ape=0.4931
[21:49:14] regretChangePotential 94% (2135/2248) regret=0.028680 ape=0.4931
[21:49:14] regretChangePotential 95% (2136/2248) regret=0.028606 ape=0.4922
[21:49:14] regretChangePotential 95% (2137/2248) regret=0.028606 ape=0.4922
[21:49:15] regretChangePotential 95% (2138/2248) regret=0.028562 ape=0.4922
[21:49:15] regretChangePotential 95% (2139/2248) regret=0.028562 ape=0.4922
[21:49:15] regretChangePotential 95% (2140/2248) regret=0.028562 ape=0.4922
[21:49:15] regretChangePotential 95% (2141/2248) regret=0.028562 ape=0.4922
[21:49:15] regretChangePotential 95% (2142/2248) regret=0.028562 ape=0.4922
[21:49:15] regretChangePotential 95% (2143/2248) regret=0.028562 ape=0.4922
[21:49:16] regretChangePotential 95% (2144/2248) regret=0.028490 ape=0.4912
[21:49:16] regretChangePotential 95% (2145/2248) regret=0.028502 ape=0.4922
[21:49:16] regretChangePotential 95% (2146/2248) regret=0.028474 ape=0.4922
[21:49:16] regretChangePotential 95% (2147/2248) regret=0.028474 ape=0.4922
[21:49:16] regretChangePotential 95% (2148/2248) regret=0.028466 ape=0.4912
[21:49:16] regretChangePotential 95% (2149/2248) regret=0.028466 ape=0.4912
[21:49:17] regretChangePotential 95% (2150/2248) regret=0.028466 ape=0.4912
[21:49:17] regretChangePotential 95% (2151/2248) regret=0.028466 ape=0.4912
[21:49:17] regretChangePotential 95% (2152/2248) regret=0.028623 ape=0.4922
[21:49:17] regretChangePotential 95% (2153/2248) regret=0.028623 ape=0.4922
[21:49:17] regretChangePotential 95% (2154/2248) regret=0.028457 ape=0.4912
[21:49:17] regretChangePotential 95% (2155/2248) regret=0.028466 ape=0.4912
[21:49:18] regretChangePotential 95% (2156/2248) regret=0.028420 ape=0.4912
[21:49:18] regretChangePotential 95% (2157/2248) regret=0.028484 ape=0.4912
[21:49:18] regretChangePotential 95% (2158/2248) regret=0.028346 ape=0.4903
[21:49:18] regretChangePotential 96% (2159/2248) regret=0.028328 ape=0.4903
[21:49:18] regretChangePotential 96% (2160/2248) regret=0.028328 ape=0.4903
[21:49:19] regretChangePotential 96% (2161/2248) regret=0.028328 ape=0.4903
[21:49:19] regretChangePotential 96% (2162/2248) regret=0.028328 ape=0.4903
[21:49:19] regretChangePotential 96% (2163/2248) regret=0.028328 ape=0.4903
[21:49:19] regretChangePotential 96% (2164/2248) regret=0.028328 ape=0.4903
[21:49:19] regretChangePotential 96% (2165/2248) regret=0.028366 ape=0.4912
[21:49:20] regretChangePotential 96% (2166/2248) regret=0.028292 ape=0.4912
[21:49:20] regretChangePotential 96% (2167/2248) regret=0.028366 ape=0.4912
[21:49:20] regretChangePotential 96% (2168/2248) regret=0.028292 ape=0.4912
[21:49:20] regretChangePotential 96% (2169/2248) regret=0.028292 ape=0.4912
[21:49:20] regretChangePotential 96% (2170/2248) regret=0.028292 ape=0.4912
[21:49:20] regretChangePotential 96% (2171/2248) regret=0.028292 ape=0.4912
[21:49:21] regretChangePotential 96% (2172/2248) regret=0.028292 ape=0.4912
[21:49:21] regretChangePotential 96% (2173/2248) regret=0.028292 ape=0.4912
[21:49:21] regretChangePotential 96% (2174/2248) regret=0.028292 ape=0.4912
[21:49:21] regretChangePotential 96% (2175/2248) regret=0.028292 ape=0.4912
[21:49:21] regretChangePotential 96% (2176/2248) regret=0.028292 ape=0.4912
[21:49:21] regretChangePotential 96% (2177/2248) regret=0.028292 ape=0.4912
[21:49:22] regretChangePotential 96% (2178/2248) regret=0.028292 ape=0.4912
[21:49:22] regretChangePotential 96% (2179/2248) regret=0.028292 ape=0.4912
[21:49:22] regretChangePotential 96% (2180/2248) regret=0.028292 ape=0.4912
[21:49:22] regretChangePotential 97% (2181/2248) regret=0.028292 ape=0.4912
[21:49:22] regretChangePotential 97% (2182/2248) regret=0.028292 ape=0.4912
[21:49:22] regretChangePotential 97% (2183/2248) regret=0.028292 ape=0.4912
[21:49:23] regretChangePotential 97% (2184/2248) regret=0.028292 ape=0.4912
[21:49:23] regretChangePotential 97% (2185/2248) regret=0.028292 ape=0.4912
[21:49:23] regretChangePotential 97% (2186/2248) regret=0.028292 ape=0.4912
[21:49:23] regretChangePotential 97% (2187/2248) regret=0.028292 ape=0.4912
[21:49:23] regretChangePotential 97% (2188/2248) regret=0.028292 ape=0.4912
[21:49:24] regretChangePotential 97% (2189/2248) regret=0.028292 ape=0.4912
[21:49:24] regretChangePotential 97% (2190/2248) regret=0.028292 ape=0.4912
[21:49:24] regretChangePotential 97% (2191/2248) regret=0.028292 ape=0.4912
[21:49:24] regretChangePotential 97% (2192/2248) regret=0.028292 ape=0.4912
[21:49:24] regretChangePotential 97% (2193/2248) regret=0.028292 ape=0.4912
[21:49:24] regretChangePotential 97% (2194/2248) regret=0.028292 ape=0.4912
[21:49:25] regretChangePotential 97% (2195/2248) regret=0.028292 ape=0.4912
[21:49:25] regretChangePotential 97% (2196/2248) regret=0.028292 ape=0.4912
[21:49:25] regretChangePotential 97% (2197/2248) regret=0.028292 ape=0.4912
[21:49:25] regretChangePotential 97% (2198/2248) regret=0.028292 ape=0.4912
[21:49:25] regretChangePotential 97% (2199/2248) regret=0.028292 ape=0.4912
[21:49:26] regretChangePotential 97% (2200/2248) regret=0.028292 ape=0.4912
[21:49:26] regretChangePotential 97% (2201/2248) regret=0.028292 ape=0.4912
[21:49:26] regretChangePotential 97% (2202/2248) regret=0.028292 ape=0.4912
[21:49:26] regretChangePotential 97% (2203/2248) regret=0.028292 ape=0.4912
[21:49:26] regretChangePotential 98% (2204/2248) regret=0.028292 ape=0.4912
[21:49:27] regretChangePotential 98% (2205/2248) regret=0.028292 ape=0.4912
[21:49:27] regretChangePotential 98% (2206/2248) regret=0.028292 ape=0.4912
[21:49:27] regretChangePotential 98% (2207/2248) regret=0.028292 ape=0.4912
[21:49:27] regretChangePotential 98% (2208/2248) regret=0.028292 ape=0.4912
[21:49:27] regretChangePotential 98% (2209/2248) regret=0.028292 ape=0.4912
[21:49:27] regretChangePotential 98% (2210/2248) regret=0.028292 ape=0.4912
[21:49:28] regretChangePotential 98% (2211/2248) regret=0.028292 ape=0.4912
[21:49:28] regretChangePotential 98% (2212/2248) regret=0.028292 ape=0.4912
[21:49:28] regretChangePotential 98% (2213/2248) regret=0.028292 ape=0.4912
[21:49:28] regretChangePotential 98% (2214/2248) regret=0.028292 ape=0.4912
[21:49:28] regretChangePotential 98% (2215/2248) regret=0.028292 ape=0.4912
[21:49:28] regretChangePotential 98% (2216/2248) regret=0.028359 ape=0.4922
[21:49:29] regretChangePotential 98% (2217/2248) regret=0.028277 ape=0.4922
[21:49:29] regretChangePotential 98% (2218/2248) regret=0.028118 ape=0.4922
[21:49:29] regretChangePotential 98% (2219/2248) regret=0.028094 ape=0.4922
[21:49:29] regretChangePotential 98% (2220/2248) regret=0.028094 ape=0.4922
[21:49:29] regretChangePotential 98% (2221/2248) regret=0.028094 ape=0.4922
[21:49:30] regretChangePotential 98% (2222/2248) regret=0.028094 ape=0.4922
[21:49:30] regretChangePotential 98% (2223/2248) regret=0.028094 ape=0.4922
[21:49:30] regretChangePotential 98% (2224/2248) regret=0.028094 ape=0.4922
[21:49:30] regretChangePotential 98% (2225/2248) regret=0.028094 ape=0.4922
[21:49:30] regretChangePotential 99% (2226/2248) regret=0.027878 ape=0.4912
[21:49:31] regretChangePotential 99% (2227/2248) regret=0.027878 ape=0.4912
[21:49:31] regretChangePotential 99% (2228/2248) regret=0.027878 ape=0.4912
[21:49:31] regretChangePotential 99% (2229/2248) regret=0.027773 ape=0.4903
[21:49:31] regretChangePotential 99% (2230/2248) regret=0.027773 ape=0.4903
[21:49:31] regretChangePotential 99% (2231/2248) regret=0.027773 ape=0.4903
[21:49:31] regretChangePotential 99% (2232/2248) regret=0.027773 ape=0.4903
[21:49:32] regretChangePotential 99% (2233/2248) regret=0.027773 ape=0.4903
[21:49:32] regretChangePotential 99% (2234/2248) regret=0.027773 ape=0.4903
[21:49:32] regretChangePotential 99% (2235/2248) regret=0.027819 ape=0.4903
[21:49:32] regretChangePotential 99% (2236/2248) regret=0.027773 ape=0.4903
[21:49:32] regretChangePotential 99% (2237/2248) regret=0.027690 ape=0.4894
[21:49:33] regretChangePotential 99% (2238/2248) regret=0.027750 ape=0.4903
[21:49:33] regretChangePotential 99% (2239/2248) regret=0.027833 ape=0.4903
[21:49:33] regretChangePotential 99% (2240/2248) regret=0.027839 ape=0.4903
[21:49:33] regretChangePotential 99% (2241/2248) regret=0.027839 ape=0.4903
[21:49:33] regretChangePotential 99% (2242/2248) regret=0.027809 ape=0.4903
[21:49:33] regretChangePotential 99% (2243/2248) regret=0.027809 ape=0.4903
[21:49:34] regretChangePotential 99% (2244/2248) regret=0.027809 ape=0.4903
[21:49:34] regretChangePotential 99% (2245/2248) regret=0.027809 ape=0.4903
[21:49:34] regretChangePotential 99% (2246/2248) regret=0.027885 ape=0.4903
[21:49:34] regretChangePotential 99% (2247/2248) regret=0.027654 ape=0.4894
Baseline finished: 2248 points, 413.30s wall time
  Final: regret=0.027654, ape=0.4894

Saved JSON: /home/users/g/s/gsavary/LudiiMCTSVariations/slurm_sweep_full_dataset/results_20260425_214212/sweep_baseline_1_20260425_214934.json

Generating plots...
Saved regret plot: /home/users/g/s/gsavary/LudiiMCTSVariations/slurm_sweep_full_dataset/results_20260425_214212/sweep_baseline_1_20260425_214934_regret.png
Saved APE plot: /home/users/g/s/gsavary/LudiiMCTSVariations/slurm_sweep_full_dataset/results_20260425_214212/sweep_baseline_1_20260425_214934_ape.png

======================================================================
EXPERIMENT COMPLETE
======================================================================
Results saved to: /home/users/g/s/gsavary/LudiiMCTSVariations/slurm_sweep_full_dataset/results_20260425_214212
JSON file: sweep_baseline_1_20260425_214934.json
Experiment finished. Results saved to: /home/users/g/s/gsavary/LudiiMCTSVariations/slurm_sweep_full_dataset/results_20260425_214212
