Starting experiment...
Project root: /home/users/g/s/gsavary/LudiiMCTSVariations
Method: warm:200
Output dir: /home/users/g/s/gsavary/LudiiMCTSVariations/slurm_sweep_full_dataset/results_20260425_214312
Seed: 4
Time limit:  seconds


======================================================================
SLURM Sweep Experiment - Single Method
======================================================================
Method: warm:200
Time limit: 7200.0s, Seed: 4, Batch size: 20
Output directory: /home/users/g/s/gsavary/LudiiMCTSVariations/slurm_sweep_full_dataset/results_20260425_214312

Loading Ludii dataset...
Loaded 1085 games
Using 1085 games (full dataset, no subsampling)

Running timing probe (100 pulls)...
  Estimated secs/pull: 0.022230

Time budget: 7200.0s → ~323881 total pulls
Per-method budget: 46268 pulls (~1028.6s)

Computing predictor-only performance...
  Predictions loaded: 23675 agent predictions
  Predictor-only: regret=0.104318, ape=0.4894

Running WARM-START (w=200)...
[21:43:50] warmStart 0% (0/2314) regret=0.100827 ape=0.5530
[21:43:50] warmStart 0% (1/2314) regret=0.100827 ape=0.5530
[21:43:50] warmStart 0% (2/2314) regret=0.100827 ape=0.5530
[21:43:50] warmStart 0% (3/2314) regret=0.100830 ape=0.5539
[21:43:50] warmStart 0% (4/2314) regret=0.100827 ape=0.5530
[21:43:50] warmStart 0% (5/2314) regret=0.100827 ape=0.5530
[21:43:51] warmStart 0% (6/2314) regret=0.100827 ape=0.5530
[21:43:51] warmStart 0% (7/2314) regret=0.100813 ape=0.5521
[21:43:51] warmStart 0% (8/2314) regret=0.100813 ape=0.5521
[21:43:51] warmStart 0% (9/2314) regret=0.100813 ape=0.5521
[21:43:51] warmStart 0% (10/2314) regret=0.100813 ape=0.5521
[21:43:51] warmStart 0% (11/2314) regret=0.100813 ape=0.5521
[21:43:52] warmStart 0% (12/2314) regret=0.100813 ape=0.5521
[21:43:52] warmStart 0% (13/2314) regret=0.100813 ape=0.5521
[21:43:52] warmStart 0% (14/2314) regret=0.100869 ape=0.5521
[21:43:52] warmStart 0% (15/2314) regret=0.100869 ape=0.5521
[21:43:52] warmStart 0% (16/2314) regret=0.100876 ape=0.5521
[21:43:52] warmStart 0% (17/2314) regret=0.100876 ape=0.5521
[21:43:53] warmStart 0% (18/2314) regret=0.100876 ape=0.5521
[21:43:53] warmStart 0% (19/2314) regret=0.100876 ape=0.5521
[21:43:53] warmStart 0% (20/2314) regret=0.100876 ape=0.5521
[21:43:53] warmStart 0% (21/2314) regret=0.100876 ape=0.5521
[21:43:53] warmStart 0% (22/2314) regret=0.100869 ape=0.5521
[21:43:53] warmStart 0% (23/2314) regret=0.100869 ape=0.5521
[21:43:53] warmStart 1% (24/2314) regret=0.100869 ape=0.5521
[21:43:54] warmStart 1% (25/2314) regret=0.100869 ape=0.5521
[21:43:54] warmStart 1% (26/2314) regret=0.100813 ape=0.5521
[21:43:54] warmStart 1% (27/2314) regret=0.100813 ape=0.5521
[21:43:54] warmStart 1% (28/2314) regret=0.100813 ape=0.5521
[21:43:54] warmStart 1% (29/2314) regret=0.100813 ape=0.5521
[21:43:54] warmStart 1% (30/2314) regret=0.100813 ape=0.5521
[21:43:55] warmStart 1% (31/2314) regret=0.100827 ape=0.5530
[21:43:55] warmStart 1% (32/2314) regret=0.100827 ape=0.5530
[21:43:55] warmStart 1% (33/2314) regret=0.100827 ape=0.5530
[21:43:55] warmStart 1% (34/2314) regret=0.099998 ape=0.5530
[21:43:55] warmStart 1% (35/2314) regret=0.099998 ape=0.5530
[21:43:55] warmStart 1% (36/2314) regret=0.099998 ape=0.5530
[21:43:56] warmStart 1% (37/2314) regret=0.099998 ape=0.5530
[21:43:56] warmStart 1% (38/2314) regret=0.099998 ape=0.5530
[21:43:56] warmStart 1% (39/2314) regret=0.099998 ape=0.5530
[21:43:56] warmStart 1% (40/2314) regret=0.099998 ape=0.5530
[21:43:56] warmStart 1% (41/2314) regret=0.099998 ape=0.5530
[21:43:56] warmStart 1% (42/2314) regret=0.099998 ape=0.5530
[21:43:56] warmStart 1% (43/2314) regret=0.099998 ape=0.5530
[21:43:57] warmStart 1% (44/2314) regret=0.099998 ape=0.5530
[21:43:57] warmStart 1% (45/2314) regret=0.099905 ape=0.5530
[21:43:57] warmStart 1% (46/2314) regret=0.099998 ape=0.5530
[21:43:57] warmStart 2% (47/2314) regret=0.099998 ape=0.5530
[21:43:57] warmStart 2% (48/2314) regret=0.099998 ape=0.5530
[21:43:57] warmStart 2% (49/2314) regret=0.099998 ape=0.5530
[21:43:58] warmStart 2% (50/2314) regret=0.099998 ape=0.5530
[21:43:58] warmStart 2% (51/2314) regret=0.099998 ape=0.5530
[21:43:58] warmStart 2% (52/2314) regret=0.100005 ape=0.5530
[21:43:58] warmStart 2% (53/2314) regret=0.100005 ape=0.5530
[21:43:58] warmStart 2% (54/2314) regret=0.100005 ape=0.5530
[21:43:58] warmStart 2% (55/2314) regret=0.100005 ape=0.5530
[21:43:58] warmStart 2% (56/2314) regret=0.100005 ape=0.5530
[21:43:59] warmStart 2% (57/2314) regret=0.100061 ape=0.5530
[21:43:59] warmStart 2% (58/2314) regret=0.100005 ape=0.5530
[21:43:59] warmStart 2% (59/2314) regret=0.100005 ape=0.5530
[21:43:59] warmStart 2% (60/2314) regret=0.099950 ape=0.5521
[21:43:59] warmStart 2% (61/2314) regret=0.100005 ape=0.5530
[21:43:59] warmStart 2% (62/2314) regret=0.100005 ape=0.5530
[21:44:00] warmStart 2% (63/2314) regret=0.100005 ape=0.5530
[21:44:00] warmStart 2% (64/2314) regret=0.100005 ape=0.5530
[21:44:00] warmStart 2% (65/2314) regret=0.099964 ape=0.5521
[21:44:00] warmStart 2% (66/2314) regret=0.099964 ape=0.5521
[21:44:00] warmStart 2% (67/2314) regret=0.099964 ape=0.5521
[21:44:00] warmStart 2% (68/2314) regret=0.099964 ape=0.5521
[21:44:01] warmStart 2% (69/2314) regret=0.099964 ape=0.5521
[21:44:01] warmStart 3% (70/2314) regret=0.099964 ape=0.5521
[21:44:01] warmStart 3% (71/2314) regret=0.099964 ape=0.5521
[21:44:01] warmStart 3% (72/2314) regret=0.099964 ape=0.5521
[21:44:01] warmStart 3% (73/2314) regret=0.099964 ape=0.5521
[21:44:01] warmStart 3% (74/2314) regret=0.099964 ape=0.5521
[21:44:01] warmStart 3% (75/2314) regret=0.099964 ape=0.5521
[21:44:02] warmStart 3% (76/2314) regret=0.099964 ape=0.5521
[21:44:02] warmStart 3% (77/2314) regret=0.099964 ape=0.5521
[21:44:02] warmStart 3% (78/2314) regret=0.099991 ape=0.5521
[21:44:02] warmStart 3% (79/2314) regret=0.099978 ape=0.5512
[21:44:02] warmStart 3% (80/2314) regret=0.099978 ape=0.5512
[21:44:02] warmStart 3% (81/2314) regret=0.099978 ape=0.5512
[21:44:03] warmStart 3% (82/2314) regret=0.099978 ape=0.5512
[21:44:03] warmStart 3% (83/2314) regret=0.099978 ape=0.5512
[21:44:03] warmStart 3% (84/2314) regret=0.099978 ape=0.5512
[21:44:03] warmStart 3% (85/2314) regret=0.099978 ape=0.5512
[21:44:03] warmStart 3% (86/2314) regret=0.099978 ape=0.5512
[21:44:03] warmStart 3% (87/2314) regret=0.099978 ape=0.5512
[21:44:03] warmStart 3% (88/2314) regret=0.099978 ape=0.5512
[21:44:04] warmStart 3% (89/2314) regret=0.099885 ape=0.5512
[21:44:04] warmStart 3% (90/2314) regret=0.099885 ape=0.5512
[21:44:04] warmStart 3% (91/2314) regret=0.099885 ape=0.5512
[21:44:04] warmStart 3% (92/2314) regret=0.099885 ape=0.5512
[21:44:04] warmStart 4% (93/2314) regret=0.099885 ape=0.5512
[21:44:04] warmStart 4% (94/2314) regret=0.099885 ape=0.5512
[21:44:05] warmStart 4% (95/2314) regret=0.099950 ape=0.5512
[21:44:05] warmStart 4% (96/2314) regret=0.099950 ape=0.5512
[21:44:05] warmStart 4% (97/2314) regret=0.099130 ape=0.5502
[21:44:05] warmStart 4% (98/2314) regret=0.099130 ape=0.5502
[21:44:05] warmStart 4% (99/2314) regret=0.099130 ape=0.5502
[21:44:05] warmStart 4% (100/2314) regret=0.099130 ape=0.5502
[21:44:06] warmStart 4% (101/2314) regret=0.099130 ape=0.5502
[21:44:06] warmStart 4% (102/2314) regret=0.099130 ape=0.5502
[21:44:06] warmStart 4% (103/2314) regret=0.099134 ape=0.5512
[21:44:06] warmStart 4% (104/2314) regret=0.099130 ape=0.5502
[21:44:06] warmStart 4% (105/2314) regret=0.099130 ape=0.5502
[21:44:06] warmStart 4% (106/2314) regret=0.099130 ape=0.5502
[21:44:07] warmStart 4% (107/2314) regret=0.099130 ape=0.5502
[21:44:07] warmStart 4% (108/2314) regret=0.099130 ape=0.5502
[21:44:07] warmStart 4% (109/2314) regret=0.099130 ape=0.5502
[21:44:07] warmStart 4% (110/2314) regret=0.099130 ape=0.5502
[21:44:07] warmStart 4% (111/2314) regret=0.099074 ape=0.5502
[21:44:07] warmStart 4% (112/2314) regret=0.099130 ape=0.5502
[21:44:07] warmStart 4% (113/2314) regret=0.099125 ape=0.5502
[21:44:08] warmStart 4% (114/2314) regret=0.099130 ape=0.5502
[21:44:08] warmStart 4% (115/2314) regret=0.099130 ape=0.5502
[21:44:08] warmStart 5% (116/2314) regret=0.099130 ape=0.5502
[21:44:08] warmStart 5% (117/2314) regret=0.099130 ape=0.5502
[21:44:08] warmStart 5% (118/2314) regret=0.099130 ape=0.5502
[21:44:08] warmStart 5% (119/2314) regret=0.099130 ape=0.5502
[21:44:09] warmStart 5% (120/2314) regret=0.099116 ape=0.5502
[21:44:09] warmStart 5% (121/2314) regret=0.099130 ape=0.5502
[21:44:09] warmStart 5% (122/2314) regret=0.099148 ape=0.5502
[21:44:09] warmStart 5% (123/2314) regret=0.099148 ape=0.5502
[21:44:09] warmStart 5% (124/2314) regret=0.099148 ape=0.5502
[21:44:09] warmStart 5% (125/2314) regret=0.099148 ape=0.5502
[21:44:10] warmStart 5% (126/2314) regret=0.099148 ape=0.5502
[21:44:10] warmStart 5% (127/2314) regret=0.099148 ape=0.5502
[21:44:10] warmStart 5% (128/2314) regret=0.099056 ape=0.5502
[21:44:10] warmStart 5% (129/2314) regret=0.099148 ape=0.5502
[21:44:10] warmStart 5% (130/2314) regret=0.099148 ape=0.5502
[21:44:10] warmStart 5% (131/2314) regret=0.099148 ape=0.5502
[21:44:10] warmStart 5% (132/2314) regret=0.099148 ape=0.5502
[21:44:11] warmStart 5% (133/2314) regret=0.099148 ape=0.5502
[21:44:11] warmStart 5% (134/2314) regret=0.099148 ape=0.5502
[21:44:11] warmStart 5% (135/2314) regret=0.099148 ape=0.5502
[21:44:11] warmStart 5% (136/2314) regret=0.099148 ape=0.5502
[21:44:11] warmStart 5% (137/2314) regret=0.099148 ape=0.5502
[21:44:11] warmStart 5% (138/2314) regret=0.099148 ape=0.5502
[21:44:12] warmStart 6% (139/2314) regret=0.099148 ape=0.5502
[21:44:12] warmStart 6% (140/2314) regret=0.099148 ape=0.5502
[21:44:12] warmStart 6% (141/2314) regret=0.099056 ape=0.5502
[21:44:12] warmStart 6% (142/2314) regret=0.099148 ape=0.5502
[21:44:12] warmStart 6% (143/2314) regret=0.099148 ape=0.5502
[21:44:12] warmStart 6% (144/2314) regret=0.099148 ape=0.5502
[21:44:13] warmStart 6% (145/2314) regret=0.099148 ape=0.5502
[21:44:13] warmStart 6% (146/2314) regret=0.099148 ape=0.5502
[21:44:13] warmStart 6% (147/2314) regret=0.099148 ape=0.5502
[21:44:13] warmStart 6% (148/2314) regret=0.099148 ape=0.5502
[21:44:13] warmStart 6% (149/2314) regret=0.099323 ape=0.5502
[21:44:13] warmStart 6% (150/2314) regret=0.099236 ape=0.5502
[21:44:13] warmStart 6% (151/2314) regret=0.099236 ape=0.5502
[21:44:14] warmStart 6% (152/2314) regret=0.099236 ape=0.5502
[21:44:14] warmStart 6% (153/2314) regret=0.099236 ape=0.5502
[21:44:14] warmStart 6% (154/2314) regret=0.099236 ape=0.5502
[21:44:14] warmStart 6% (155/2314) regret=0.099236 ape=0.5502
[21:44:14] warmStart 6% (156/2314) regret=0.099190 ape=0.5493
[21:44:14] warmStart 6% (157/2314) regret=0.099236 ape=0.5502
[21:44:15] warmStart 6% (158/2314) regret=0.099236 ape=0.5502
[21:44:15] warmStart 6% (159/2314) regret=0.099245 ape=0.5502
[21:44:15] warmStart 6% (160/2314) regret=0.099236 ape=0.5502
[21:44:15] warmStart 6% (161/2314) regret=0.099180 ape=0.5493
[21:44:15] warmStart 7% (162/2314) regret=0.099180 ape=0.5493
[21:44:15] warmStart 7% (163/2314) regret=0.099180 ape=0.5493
[21:44:16] warmStart 7% (164/2314) regret=0.099180 ape=0.5493
[21:44:16] warmStart 7% (165/2314) regret=0.099180 ape=0.5493
[21:44:16] warmStart 7% (166/2314) regret=0.099180 ape=0.5493
[21:44:16] warmStart 7% (167/2314) regret=0.099180 ape=0.5493
[21:44:16] warmStart 7% (168/2314) regret=0.099180 ape=0.5493
[21:44:16] warmStart 7% (169/2314) regret=0.099001 ape=0.5493
[21:44:17] warmStart 7% (170/2314) regret=0.098945 ape=0.5493
[21:44:17] warmStart 7% (171/2314) regret=0.099001 ape=0.5493
[21:44:17] warmStart 7% (172/2314) regret=0.099001 ape=0.5493
[21:44:17] warmStart 7% (173/2314) regret=0.099001 ape=0.5493
[21:44:17] warmStart 7% (174/2314) regret=0.099001 ape=0.5493
[21:44:17] warmStart 7% (175/2314) regret=0.099001 ape=0.5493
[21:44:17] warmStart 7% (176/2314) regret=0.099001 ape=0.5493
[21:44:18] warmStart 7% (177/2314) regret=0.099001 ape=0.5493
[21:44:18] warmStart 7% (178/2314) regret=0.099001 ape=0.5493
[21:44:18] warmStart 7% (179/2314) regret=0.099001 ape=0.5493
[21:44:18] warmStart 7% (180/2314) regret=0.099001 ape=0.5493
[21:44:18] warmStart 7% (181/2314) regret=0.099001 ape=0.5493
[21:44:18] warmStart 7% (182/2314) regret=0.099001 ape=0.5493
[21:44:19] warmStart 7% (183/2314) regret=0.099001 ape=0.5493
[21:44:19] warmStart 7% (184/2314) regret=0.099001 ape=0.5493
[21:44:19] warmStart 7% (185/2314) regret=0.099001 ape=0.5493
[21:44:19] warmStart 8% (186/2314) regret=0.099001 ape=0.5493
[21:44:19] warmStart 8% (187/2314) regret=0.099001 ape=0.5493
[21:44:19] warmStart 8% (188/2314) regret=0.099001 ape=0.5493
[21:44:19] warmStart 8% (189/2314) regret=0.099056 ape=0.5493
[21:44:20] warmStart 8% (190/2314) regret=0.099001 ape=0.5493
[21:44:20] warmStart 8% (191/2314) regret=0.099001 ape=0.5493
[21:44:20] warmStart 8% (192/2314) regret=0.099001 ape=0.5493
[21:44:20] warmStart 8% (193/2314) regret=0.099001 ape=0.5493
[21:44:20] warmStart 8% (194/2314) regret=0.099001 ape=0.5493
[21:44:20] warmStart 8% (195/2314) regret=0.099001 ape=0.5493
[21:44:21] warmStart 8% (196/2314) regret=0.099180 ape=0.5493
[21:44:21] warmStart 8% (197/2314) regret=0.099180 ape=0.5493
[21:44:21] warmStart 8% (198/2314) regret=0.099180 ape=0.5493
[21:44:21] warmStart 8% (199/2314) regret=0.099180 ape=0.5493
[21:44:21] warmStart 8% (200/2314) regret=0.099180 ape=0.5493
[21:44:21] warmStart 8% (201/2314) regret=0.099180 ape=0.5493
[21:44:22] warmStart 8% (202/2314) regret=0.099180 ape=0.5493
[21:44:22] warmStart 8% (203/2314) regret=0.099180 ape=0.5493
[21:44:22] warmStart 8% (204/2314) regret=0.099180 ape=0.5493
[21:44:22] warmStart 8% (205/2314) regret=0.099180 ape=0.5493
[21:44:22] warmStart 8% (206/2314) regret=0.099180 ape=0.5493
[21:44:22] warmStart 8% (207/2314) regret=0.099180 ape=0.5493
[21:44:23] warmStart 8% (208/2314) regret=0.099180 ape=0.5493
[21:44:23] warmStart 9% (209/2314) regret=0.099273 ape=0.5493
[21:44:23] warmStart 9% (210/2314) regret=0.099180 ape=0.5493
[21:44:23] warmStart 9% (211/2314) regret=0.099180 ape=0.5493
[21:44:23] warmStart 9% (212/2314) regret=0.099180 ape=0.5493
[21:44:23] warmStart 9% (213/2314) regret=0.099180 ape=0.5493
[21:44:24] warmStart 9% (214/2314) regret=0.099180 ape=0.5493
[21:44:24] warmStart 9% (215/2314) regret=0.099180 ape=0.5493
[21:44:24] warmStart 9% (216/2314) regret=0.099180 ape=0.5493
[21:44:24] warmStart 9% (217/2314) regret=0.099180 ape=0.5493
[21:44:24] warmStart 9% (218/2314) regret=0.099180 ape=0.5493
[21:44:24] warmStart 9% (219/2314) regret=0.099180 ape=0.5493
[21:44:25] warmStart 9% (220/2314) regret=0.099180 ape=0.5493
[21:44:25] warmStart 9% (221/2314) regret=0.099180 ape=0.5493
[21:44:25] warmStart 9% (222/2314) regret=0.099180 ape=0.5493
[21:44:25] warmStart 9% (223/2314) regret=0.099180 ape=0.5493
[21:44:25] warmStart 9% (224/2314) regret=0.099180 ape=0.5493
[21:44:25] warmStart 9% (225/2314) regret=0.099180 ape=0.5493
[21:44:25] warmStart 9% (226/2314) regret=0.099180 ape=0.5493
[21:44:26] warmStart 9% (227/2314) regret=0.099180 ape=0.5493
[21:44:26] warmStart 9% (228/2314) regret=0.099180 ape=0.5493
[21:44:26] warmStart 9% (229/2314) regret=0.099185 ape=0.5502
[21:44:26] warmStart 9% (230/2314) regret=0.099185 ape=0.5502
[21:44:26] warmStart 9% (231/2314) regret=0.099185 ape=0.5502
[21:44:26] warmStart 10% (232/2314) regret=0.099277 ape=0.5502
[21:44:27] warmStart 10% (233/2314) regret=0.099273 ape=0.5493
[21:44:27] warmStart 10% (234/2314) regret=0.099273 ape=0.5493
[21:44:27] warmStart 10% (235/2314) regret=0.099273 ape=0.5493
[21:44:27] warmStart 10% (236/2314) regret=0.098526 ape=0.5484
[21:44:27] warmStart 10% (237/2314) regret=0.098526 ape=0.5484
[21:44:27] warmStart 10% (238/2314) regret=0.098526 ape=0.5484
[21:44:28] warmStart 10% (239/2314) regret=0.098526 ape=0.5484
[21:44:28] warmStart 10% (240/2314) regret=0.098526 ape=0.5484
[21:44:28] warmStart 10% (241/2314) regret=0.098526 ape=0.5484
[21:44:28] warmStart 10% (242/2314) regret=0.098526 ape=0.5484
[21:44:28] warmStart 10% (243/2314) regret=0.098526 ape=0.5484
[21:44:28] warmStart 10% (244/2314) regret=0.098526 ape=0.5484
[21:44:28] warmStart 10% (245/2314) regret=0.098526 ape=0.5484
[21:44:29] warmStart 10% (246/2314) regret=0.098425 ape=0.5484
[21:44:29] warmStart 10% (247/2314) regret=0.098429 ape=0.5493
[21:44:29] warmStart 10% (248/2314) regret=0.098457 ape=0.5493
[21:44:29] warmStart 10% (249/2314) regret=0.098429 ape=0.5493
[21:44:29] warmStart 10% (250/2314) regret=0.098429 ape=0.5493
[21:44:29] warmStart 10% (251/2314) regret=0.098425 ape=0.5484
[21:44:30] warmStart 10% (252/2314) regret=0.098425 ape=0.5484
[21:44:30] warmStart 10% (253/2314) regret=0.098425 ape=0.5484
[21:44:30] warmStart 10% (254/2314) regret=0.098425 ape=0.5484
[21:44:30] warmStart 11% (255/2314) regret=0.098425 ape=0.5484
[21:44:30] warmStart 11% (256/2314) regret=0.098425 ape=0.5484
[21:44:30] warmStart 11% (257/2314) regret=0.098425 ape=0.5484
[21:44:31] warmStart 11% (258/2314) regret=0.098425 ape=0.5484
[21:44:31] warmStart 11% (259/2314) regret=0.098425 ape=0.5484
[21:44:31] warmStart 11% (260/2314) regret=0.098425 ape=0.5484
[21:44:31] warmStart 11% (261/2314) regret=0.098425 ape=0.5484
[21:44:31] warmStart 11% (262/2314) regret=0.098425 ape=0.5484
[21:44:31] warmStart 11% (263/2314) regret=0.098425 ape=0.5484
[21:44:31] warmStart 11% (264/2314) regret=0.098425 ape=0.5484
[21:44:32] warmStart 11% (265/2314) regret=0.098425 ape=0.5484
[21:44:32] warmStart 11% (266/2314) regret=0.098425 ape=0.5484
[21:44:32] warmStart 11% (267/2314) regret=0.098425 ape=0.5484
[21:44:32] warmStart 11% (268/2314) regret=0.098425 ape=0.5484
[21:44:32] warmStart 11% (269/2314) regret=0.098425 ape=0.5484
[21:44:32] warmStart 11% (270/2314) regret=0.098425 ape=0.5484
[21:44:33] warmStart 11% (271/2314) regret=0.098425 ape=0.5484
[21:44:33] warmStart 11% (272/2314) regret=0.098425 ape=0.5484
[21:44:33] warmStart 11% (273/2314) regret=0.098425 ape=0.5484
[21:44:33] warmStart 11% (274/2314) regret=0.098425 ape=0.5484
[21:44:33] warmStart 11% (275/2314) regret=0.098425 ape=0.5484
[21:44:33] warmStart 11% (276/2314) regret=0.098425 ape=0.5484
[21:44:34] warmStart 11% (277/2314) regret=0.098425 ape=0.5484
[21:44:34] warmStart 12% (278/2314) regret=0.098425 ape=0.5484
[21:44:34] warmStart 12% (279/2314) regret=0.098425 ape=0.5484
[21:44:34] warmStart 12% (280/2314) regret=0.098425 ape=0.5484
[21:44:34] warmStart 12% (281/2314) regret=0.098425 ape=0.5484
[21:44:34] warmStart 12% (282/2314) regret=0.098425 ape=0.5484
[21:44:34] warmStart 12% (283/2314) regret=0.098332 ape=0.5484
[21:44:35] warmStart 12% (284/2314) regret=0.098332 ape=0.5484
[21:44:35] warmStart 12% (285/2314) regret=0.098240 ape=0.5484
[21:44:35] warmStart 12% (286/2314) regret=0.098240 ape=0.5484
[21:44:35] warmStart 12% (287/2314) regret=0.098240 ape=0.5484
[21:44:35] warmStart 12% (288/2314) regret=0.098342 ape=0.5484
[21:44:35] warmStart 12% (289/2314) regret=0.098240 ape=0.5484
[21:44:36] warmStart 12% (290/2314) regret=0.098240 ape=0.5484
[21:44:36] warmStart 12% (291/2314) regret=0.098240 ape=0.5484
[21:44:36] warmStart 12% (292/2314) regret=0.098240 ape=0.5484
[21:44:36] warmStart 12% (293/2314) regret=0.098240 ape=0.5484
[21:44:36] warmStart 12% (294/2314) regret=0.098240 ape=0.5484
[21:44:36] warmStart 12% (295/2314) regret=0.097936 ape=0.5475
[21:44:37] warmStart 12% (296/2314) regret=0.098240 ape=0.5484
[21:44:37] warmStart 12% (297/2314) regret=0.098240 ape=0.5484
[21:44:37] warmStart 12% (298/2314) regret=0.098240 ape=0.5484
[21:44:37] warmStart 12% (299/2314) regret=0.098240 ape=0.5484
[21:44:37] warmStart 12% (300/2314) regret=0.098240 ape=0.5484
[21:44:37] warmStart 13% (301/2314) regret=0.098240 ape=0.5484
[21:44:37] warmStart 13% (302/2314) regret=0.098240 ape=0.5484
[21:44:38] warmStart 13% (303/2314) regret=0.098194 ape=0.5484
[21:44:38] warmStart 13% (304/2314) regret=0.098194 ape=0.5484
[21:44:38] warmStart 13% (305/2314) regret=0.098194 ape=0.5484
[21:44:38] warmStart 13% (306/2314) regret=0.098194 ape=0.5484
[21:44:38] warmStart 13% (307/2314) regret=0.098194 ape=0.5484
[21:44:38] warmStart 13% (308/2314) regret=0.098194 ape=0.5484
[21:44:39] warmStart 13% (309/2314) regret=0.098194 ape=0.5484
[21:44:39] warmStart 13% (310/2314) regret=0.098194 ape=0.5484
[21:44:39] warmStart 13% (311/2314) regret=0.098194 ape=0.5484
[21:44:39] warmStart 13% (312/2314) regret=0.098194 ape=0.5484
[21:44:39] warmStart 13% (313/2314) regret=0.098194 ape=0.5484
[21:44:39] warmStart 13% (314/2314) regret=0.098194 ape=0.5484
[21:44:40] warmStart 13% (315/2314) regret=0.098213 ape=0.5484
[21:44:40] warmStart 13% (316/2314) regret=0.098194 ape=0.5484
[21:44:40] warmStart 13% (317/2314) regret=0.098194 ape=0.5484
[21:44:40] warmStart 13% (318/2314) regret=0.098194 ape=0.5484
[21:44:40] warmStart 13% (319/2314) regret=0.098194 ape=0.5484
[21:44:40] warmStart 13% (320/2314) regret=0.098194 ape=0.5484
[21:44:40] warmStart 13% (321/2314) regret=0.098194 ape=0.5484
[21:44:41] warmStart 13% (322/2314) regret=0.098223 ape=0.5484
[21:44:41] warmStart 13% (323/2314) regret=0.098214 ape=0.5484
[21:44:41] warmStart 14% (324/2314) regret=0.098214 ape=0.5484
[21:44:41] warmStart 14% (325/2314) regret=0.098214 ape=0.5484
[21:44:41] warmStart 14% (326/2314) regret=0.098214 ape=0.5484
[21:44:41] warmStart 14% (327/2314) regret=0.098214 ape=0.5484
[21:44:42] warmStart 14% (328/2314) regret=0.098214 ape=0.5484
[21:44:42] warmStart 14% (329/2314) regret=0.098214 ape=0.5484
[21:44:42] warmStart 14% (330/2314) regret=0.098214 ape=0.5484
[21:44:42] warmStart 14% (331/2314) regret=0.098214 ape=0.5484
[21:44:42] warmStart 14% (332/2314) regret=0.098214 ape=0.5484
[21:44:42] warmStart 14% (333/2314) regret=0.098214 ape=0.5484
[21:44:43] warmStart 14% (334/2314) regret=0.098214 ape=0.5484
[21:44:43] warmStart 14% (335/2314) regret=0.098214 ape=0.5484
[21:44:43] warmStart 14% (336/2314) regret=0.098222 ape=0.5484
[21:44:43] warmStart 14% (337/2314) regret=0.098222 ape=0.5484
[21:44:43] warmStart 14% (338/2314) regret=0.098222 ape=0.5484
[21:44:43] warmStart 14% (339/2314) regret=0.098222 ape=0.5484
[21:44:43] warmStart 14% (340/2314) regret=0.098222 ape=0.5484
[21:44:44] warmStart 14% (341/2314) regret=0.098222 ape=0.5484
[21:44:44] warmStart 14% (342/2314) regret=0.098222 ape=0.5484
[21:44:44] warmStart 14% (343/2314) regret=0.098222 ape=0.5484
[21:44:44] warmStart 14% (344/2314) regret=0.098222 ape=0.5484
[21:44:44] warmStart 14% (345/2314) regret=0.098222 ape=0.5484
[21:44:44] warmStart 14% (346/2314) regret=0.098222 ape=0.5484
[21:44:45] warmStart 14% (347/2314) regret=0.098222 ape=0.5484
[21:44:45] warmStart 15% (348/2314) regret=0.098194 ape=0.5484
[21:44:45] warmStart 15% (349/2314) regret=0.098194 ape=0.5484
[21:44:45] warmStart 15% (350/2314) regret=0.098194 ape=0.5484
[21:44:45] warmStart 15% (351/2314) regret=0.098194 ape=0.5484
[21:44:45] warmStart 15% (352/2314) regret=0.098194 ape=0.5484
[21:44:46] warmStart 15% (353/2314) regret=0.098194 ape=0.5484
[21:44:46] warmStart 15% (354/2314) regret=0.098194 ape=0.5484
[21:44:46] warmStart 15% (355/2314) regret=0.098194 ape=0.5484
[21:44:46] warmStart 15% (356/2314) regret=0.098194 ape=0.5484
[21:44:46] warmStart 15% (357/2314) regret=0.098194 ape=0.5484
[21:44:46] warmStart 15% (358/2314) regret=0.098194 ape=0.5484
[21:44:47] warmStart 15% (359/2314) regret=0.098194 ape=0.5484
[21:44:47] warmStart 15% (360/2314) regret=0.098194 ape=0.5484
[21:44:47] warmStart 15% (361/2314) regret=0.098194 ape=0.5484
[21:44:47] warmStart 15% (362/2314) regret=0.098194 ape=0.5484
[21:44:47] warmStart 15% (363/2314) regret=0.098074 ape=0.5475
[21:44:47] warmStart 15% (364/2314) regret=0.098074 ape=0.5475
[21:44:47] warmStart 15% (365/2314) regret=0.098167 ape=0.5475
[21:44:48] warmStart 15% (366/2314) regret=0.098074 ape=0.5475
[21:44:48] warmStart 15% (367/2314) regret=0.098074 ape=0.5475
[21:44:48] warmStart 15% (368/2314) regret=0.098074 ape=0.5475
[21:44:48] warmStart 15% (369/2314) regret=0.098074 ape=0.5475
[21:44:48] warmStart 15% (370/2314) regret=0.098074 ape=0.5475
[21:44:48] warmStart 16% (371/2314) regret=0.098074 ape=0.5475
[21:44:49] warmStart 16% (372/2314) regret=0.098074 ape=0.5475
[21:44:49] warmStart 16% (373/2314) regret=0.098074 ape=0.5475
[21:44:49] warmStart 16% (374/2314) regret=0.098074 ape=0.5475
[21:44:49] warmStart 16% (375/2314) regret=0.098074 ape=0.5475
[21:44:49] warmStart 16% (376/2314) regret=0.098074 ape=0.5475
[21:44:49] warmStart 16% (377/2314) regret=0.098074 ape=0.5475
[21:44:50] warmStart 16% (378/2314) regret=0.098074 ape=0.5475
[21:44:50] warmStart 16% (379/2314) regret=0.098074 ape=0.5475
[21:44:50] warmStart 16% (380/2314) regret=0.098074 ape=0.5475
[21:44:50] warmStart 16% (381/2314) regret=0.098074 ape=0.5475
[21:44:50] warmStart 16% (382/2314) regret=0.098074 ape=0.5475
[21:44:50] warmStart 16% (383/2314) regret=0.098074 ape=0.5475
[21:44:51] warmStart 16% (384/2314) regret=0.098074 ape=0.5475
[21:44:51] warmStart 16% (385/2314) regret=0.098074 ape=0.5475
[21:44:51] warmStart 16% (386/2314) regret=0.098074 ape=0.5475
[21:44:51] warmStart 16% (387/2314) regret=0.098074 ape=0.5475
[21:44:51] warmStart 16% (388/2314) regret=0.098074 ape=0.5475
[21:44:51] warmStart 16% (389/2314) regret=0.098074 ape=0.5475
[21:44:52] warmStart 16% (390/2314) regret=0.098074 ape=0.5475
[21:44:52] warmStart 16% (391/2314) regret=0.098074 ape=0.5475
[21:44:52] warmStart 16% (392/2314) regret=0.098074 ape=0.5475
[21:44:52] warmStart 16% (393/2314) regret=0.098074 ape=0.5475
[21:44:52] warmStart 17% (394/2314) regret=0.097795 ape=0.5475
[21:44:52] warmStart 17% (395/2314) regret=0.098074 ape=0.5475
[21:44:53] warmStart 17% (396/2314) regret=0.098074 ape=0.5475
[21:44:53] warmStart 17% (397/2314) regret=0.098074 ape=0.5475
[21:44:53] warmStart 17% (398/2314) regret=0.098074 ape=0.5475
[21:44:53] warmStart 17% (399/2314) regret=0.098074 ape=0.5475
[21:44:53] warmStart 17% (400/2314) regret=0.098074 ape=0.5475
[21:44:53] warmStart 17% (401/2314) regret=0.098074 ape=0.5475
[21:44:54] warmStart 17% (402/2314) regret=0.097795 ape=0.5475
[21:44:54] warmStart 17% (403/2314) regret=0.097795 ape=0.5475
[21:44:54] warmStart 17% (404/2314) regret=0.097795 ape=0.5475
[21:44:54] warmStart 17% (405/2314) regret=0.097795 ape=0.5475
[21:44:54] warmStart 17% (406/2314) regret=0.097795 ape=0.5475
[21:44:54] warmStart 17% (407/2314) regret=0.097795 ape=0.5475
[21:44:55] warmStart 17% (408/2314) regret=0.097795 ape=0.5475
[21:44:55] warmStart 17% (409/2314) regret=0.097795 ape=0.5475
[21:44:55] warmStart 17% (410/2314) regret=0.097795 ape=0.5475
[21:44:55] warmStart 17% (411/2314) regret=0.097795 ape=0.5475
[21:44:55] warmStart 17% (412/2314) regret=0.097795 ape=0.5475
[21:44:55] warmStart 17% (413/2314) regret=0.097795 ape=0.5475
[21:44:56] warmStart 17% (414/2314) regret=0.097795 ape=0.5475
[21:44:56] warmStart 17% (415/2314) regret=0.097795 ape=0.5475
[21:44:56] warmStart 17% (416/2314) regret=0.097795 ape=0.5475
[21:44:56] warmStart 18% (417/2314) regret=0.097795 ape=0.5475
[21:44:56] warmStart 18% (418/2314) regret=0.097795 ape=0.5475
[21:44:56] warmStart 18% (419/2314) regret=0.097799 ape=0.5484
[21:44:57] warmStart 18% (420/2314) regret=0.097799 ape=0.5484
[21:44:57] warmStart 18% (421/2314) regret=0.097799 ape=0.5484
[21:44:57] warmStart 18% (422/2314) regret=0.097799 ape=0.5484
[21:44:57] warmStart 18% (423/2314) regret=0.097799 ape=0.5484
[21:44:57] warmStart 18% (424/2314) regret=0.097799 ape=0.5484
[21:44:57] warmStart 18% (425/2314) regret=0.097799 ape=0.5484
[21:44:57] warmStart 18% (426/2314) regret=0.097818 ape=0.5484
[21:44:58] warmStart 18% (427/2314) regret=0.097799 ape=0.5484
[21:44:58] warmStart 18% (428/2314) regret=0.097799 ape=0.5484
[21:44:58] warmStart 18% (429/2314) regret=0.097799 ape=0.5484
[21:44:58] warmStart 18% (430/2314) regret=0.097799 ape=0.5484
[21:44:58] warmStart 18% (431/2314) regret=0.097799 ape=0.5484
[21:44:58] warmStart 18% (432/2314) regret=0.097799 ape=0.5484
[21:44:59] warmStart 18% (433/2314) regret=0.097799 ape=0.5484
[21:44:59] warmStart 18% (434/2314) regret=0.097799 ape=0.5484
[21:44:59] warmStart 18% (435/2314) regret=0.097799 ape=0.5484
[21:44:59] warmStart 18% (436/2314) regret=0.097799 ape=0.5484
[21:44:59] warmStart 18% (437/2314) regret=0.097799 ape=0.5484
[21:44:59] warmStart 18% (438/2314) regret=0.097799 ape=0.5484
[21:45:00] warmStart 18% (439/2314) regret=0.097772 ape=0.5484
[21:45:00] warmStart 19% (440/2314) regret=0.097772 ape=0.5484
[21:45:00] warmStart 19% (441/2314) regret=0.097772 ape=0.5484
[21:45:00] warmStart 19% (442/2314) regret=0.097772 ape=0.5484
[21:45:00] warmStart 19% (443/2314) regret=0.097786 ape=0.5493
[21:45:00] warmStart 19% (444/2314) regret=0.097772 ape=0.5484
[21:45:00] warmStart 19% (445/2314) regret=0.097781 ape=0.5484
[21:45:01] warmStart 19% (446/2314) regret=0.097772 ape=0.5484
[21:45:01] warmStart 19% (447/2314) regret=0.097772 ape=0.5484
[21:45:01] warmStart 19% (448/2314) regret=0.097772 ape=0.5484
[21:45:01] warmStart 19% (449/2314) regret=0.097772 ape=0.5484
[21:45:01] warmStart 19% (450/2314) regret=0.097772 ape=0.5484
[21:45:01] warmStart 19% (451/2314) regret=0.097772 ape=0.5484
[21:45:02] warmStart 19% (452/2314) regret=0.097772 ape=0.5484
[21:45:02] warmStart 19% (453/2314) regret=0.097772 ape=0.5484
[21:45:02] warmStart 19% (454/2314) regret=0.097772 ape=0.5484
[21:45:02] warmStart 19% (455/2314) regret=0.097772 ape=0.5484
[21:45:02] warmStart 19% (456/2314) regret=0.097772 ape=0.5484
[21:45:02] warmStart 19% (457/2314) regret=0.097772 ape=0.5484
[21:45:03] warmStart 19% (458/2314) regret=0.097772 ape=0.5484
[21:45:03] warmStart 19% (459/2314) regret=0.097767 ape=0.5484
[21:45:03] warmStart 19% (460/2314) regret=0.097772 ape=0.5484
[21:45:03] warmStart 19% (461/2314) regret=0.097551 ape=0.5484
[21:45:03] warmStart 19% (462/2314) regret=0.097551 ape=0.5484
[21:45:03] warmStart 20% (463/2314) regret=0.097551 ape=0.5484
[21:45:03] warmStart 20% (464/2314) regret=0.097551 ape=0.5484
[21:45:04] warmStart 20% (465/2314) regret=0.097551 ape=0.5484
[21:45:04] warmStart 20% (466/2314) regret=0.097551 ape=0.5484
[21:45:04] warmStart 20% (467/2314) regret=0.097551 ape=0.5484
[21:45:04] warmStart 20% (468/2314) regret=0.097551 ape=0.5484
[21:45:04] warmStart 20% (469/2314) regret=0.097551 ape=0.5484
[21:45:04] warmStart 20% (470/2314) regret=0.097551 ape=0.5484
[21:45:05] warmStart 20% (471/2314) regret=0.097551 ape=0.5484
[21:45:05] warmStart 20% (472/2314) regret=0.097551 ape=0.5484
[21:45:05] warmStart 20% (473/2314) regret=0.097551 ape=0.5484
[21:45:05] warmStart 20% (474/2314) regret=0.097551 ape=0.5484
[21:45:05] warmStart 20% (475/2314) regret=0.097578 ape=0.5484
[21:45:05] warmStart 20% (476/2314) regret=0.097578 ape=0.5484
[21:45:05] warmStart 20% (477/2314) regret=0.097578 ape=0.5484
[21:45:06] warmStart 20% (478/2314) regret=0.097445 ape=0.5475
[21:45:06] warmStart 20% (479/2314) regret=0.097445 ape=0.5475
[21:45:06] warmStart 20% (480/2314) regret=0.097445 ape=0.5475
[21:45:06] warmStart 20% (481/2314) regret=0.097445 ape=0.5475
[21:45:06] warmStart 20% (482/2314) regret=0.097445 ape=0.5475
[21:45:06] warmStart 20% (483/2314) regret=0.097445 ape=0.5475
[21:45:07] warmStart 20% (484/2314) regret=0.097445 ape=0.5475
[21:45:07] warmStart 20% (485/2314) regret=0.097445 ape=0.5475
[21:45:07] warmStart 21% (486/2314) regret=0.097445 ape=0.5475
[21:45:07] warmStart 21% (487/2314) regret=0.097445 ape=0.5475
[21:45:07] warmStart 21% (488/2314) regret=0.097445 ape=0.5475
[21:45:07] warmStart 21% (489/2314) regret=0.097445 ape=0.5475
[21:45:08] warmStart 21% (490/2314) regret=0.097445 ape=0.5475
[21:45:08] warmStart 21% (491/2314) regret=0.097445 ape=0.5475
[21:45:08] warmStart 21% (492/2314) regret=0.097445 ape=0.5475
[21:45:08] warmStart 21% (493/2314) regret=0.097445 ape=0.5475
[21:45:08] warmStart 21% (494/2314) regret=0.097445 ape=0.5475
[21:45:08] warmStart 21% (495/2314) regret=0.097445 ape=0.5475
[21:45:08] warmStart 21% (496/2314) regret=0.096597 ape=0.5465
[21:45:09] warmStart 21% (497/2314) regret=0.096597 ape=0.5465
[21:45:09] warmStart 21% (498/2314) regret=0.096597 ape=0.5465
[21:45:09] warmStart 21% (499/2314) regret=0.096597 ape=0.5465
[21:45:09] warmStart 21% (500/2314) regret=0.096597 ape=0.5465
[21:45:09] warmStart 21% (501/2314) regret=0.096597 ape=0.5465
[21:45:09] warmStart 21% (502/2314) regret=0.096597 ape=0.5465
[21:45:09] warmStart 21% (503/2314) regret=0.096597 ape=0.5465
[21:45:10] warmStart 21% (504/2314) regret=0.096597 ape=0.5465
[21:45:10] warmStart 21% (505/2314) regret=0.096597 ape=0.5465
[21:45:10] warmStart 21% (506/2314) regret=0.096597 ape=0.5465
[21:45:10] warmStart 21% (507/2314) regret=0.096597 ape=0.5465
[21:45:10] warmStart 21% (508/2314) regret=0.096597 ape=0.5465
[21:45:10] warmStart 21% (509/2314) regret=0.096394 ape=0.5465
[21:45:11] warmStart 22% (510/2314) regret=0.096394 ape=0.5465
[21:45:11] warmStart 22% (511/2314) regret=0.096394 ape=0.5465
[21:45:11] warmStart 22% (512/2314) regret=0.096395 ape=0.5465
[21:45:11] warmStart 22% (513/2314) regret=0.096394 ape=0.5465
[21:45:11] warmStart 22% (514/2314) regret=0.096394 ape=0.5465
[21:45:11] warmStart 22% (515/2314) regret=0.096394 ape=0.5465
[21:45:12] warmStart 22% (516/2314) regret=0.096394 ape=0.5465
[21:45:12] warmStart 22% (517/2314) regret=0.096394 ape=0.5465
[21:45:12] warmStart 22% (518/2314) regret=0.096495 ape=0.5465
[21:45:12] warmStart 22% (519/2314) regret=0.096394 ape=0.5465
[21:45:12] warmStart 22% (520/2314) regret=0.096394 ape=0.5465
[21:45:12] warmStart 22% (521/2314) regret=0.096394 ape=0.5465
[21:45:12] warmStart 22% (522/2314) regret=0.096495 ape=0.5465
[21:45:13] warmStart 22% (523/2314) regret=0.096394 ape=0.5465
[21:45:13] warmStart 22% (524/2314) regret=0.096394 ape=0.5465
[21:45:13] warmStart 22% (525/2314) regret=0.096394 ape=0.5465
[21:45:13] warmStart 22% (526/2314) regret=0.096394 ape=0.5465
[21:45:13] warmStart 22% (527/2314) regret=0.096394 ape=0.5465
[21:45:13] warmStart 22% (528/2314) regret=0.096394 ape=0.5465
[21:45:14] warmStart 22% (529/2314) regret=0.096394 ape=0.5465
[21:45:14] warmStart 22% (530/2314) regret=0.096394 ape=0.5465
[21:45:14] warmStart 22% (531/2314) regret=0.096394 ape=0.5465
[21:45:14] warmStart 22% (532/2314) regret=0.096394 ape=0.5465
[21:45:14] warmStart 23% (533/2314) regret=0.096325 ape=0.5465
[21:45:14] warmStart 23% (534/2314) regret=0.096394 ape=0.5465
[21:45:15] warmStart 23% (535/2314) regret=0.096394 ape=0.5465
[21:45:15] warmStart 23% (536/2314) regret=0.096394 ape=0.5465
[21:45:15] warmStart 23% (537/2314) regret=0.096394 ape=0.5465
[21:45:15] warmStart 23% (538/2314) regret=0.096394 ape=0.5465
[21:45:15] warmStart 23% (539/2314) regret=0.096394 ape=0.5465
[21:45:15] warmStart 23% (540/2314) regret=0.096394 ape=0.5465
[21:45:15] warmStart 23% (541/2314) regret=0.096394 ape=0.5465
[21:45:16] warmStart 23% (542/2314) regret=0.096394 ape=0.5465
[21:45:16] warmStart 23% (543/2314) regret=0.096394 ape=0.5465
[21:45:16] warmStart 23% (544/2314) regret=0.096394 ape=0.5465
[21:45:16] warmStart 23% (545/2314) regret=0.096394 ape=0.5465
[21:45:16] warmStart 23% (546/2314) regret=0.096394 ape=0.5465
[21:45:16] warmStart 23% (547/2314) regret=0.096394 ape=0.5465
[21:45:17] warmStart 23% (548/2314) regret=0.096394 ape=0.5465
[21:45:17] warmStart 23% (549/2314) regret=0.096394 ape=0.5465
[21:45:17] warmStart 23% (550/2314) regret=0.096386 ape=0.5465
[21:45:17] warmStart 23% (551/2314) regret=0.096395 ape=0.5465
[21:45:17] warmStart 23% (552/2314) regret=0.095930 ape=0.5465
[21:45:17] warmStart 23% (553/2314) regret=0.095930 ape=0.5465
[21:45:17] warmStart 23% (554/2314) regret=0.095928 ape=0.5465
[21:45:18] warmStart 23% (555/2314) regret=0.095928 ape=0.5465
[21:45:18] warmStart 24% (556/2314) regret=0.095928 ape=0.5465
[21:45:18] warmStart 24% (557/2314) regret=0.095928 ape=0.5465
[21:45:18] warmStart 24% (558/2314) regret=0.095928 ape=0.5465
[21:45:18] warmStart 24% (559/2314) regret=0.095928 ape=0.5465
[21:45:18] warmStart 24% (560/2314) regret=0.095928 ape=0.5465
[21:45:19] warmStart 24% (561/2314) regret=0.095684 ape=0.5465
[21:45:19] warmStart 24% (562/2314) regret=0.095928 ape=0.5465
[21:45:19] warmStart 24% (563/2314) regret=0.095624 ape=0.5456
[21:45:19] warmStart 24% (564/2314) regret=0.095624 ape=0.5456
[21:45:19] warmStart 24% (565/2314) regret=0.095624 ape=0.5456
[21:45:19] warmStart 24% (566/2314) regret=0.095624 ape=0.5456
[21:45:20] warmStart 24% (567/2314) regret=0.095624 ape=0.5456
[21:45:20] warmStart 24% (568/2314) regret=0.095624 ape=0.5456
[21:45:20] warmStart 24% (569/2314) regret=0.095624 ape=0.5456
[21:45:20] warmStart 24% (570/2314) regret=0.095624 ape=0.5456
[21:45:20] warmStart 24% (571/2314) regret=0.095624 ape=0.5456
[21:45:20] warmStart 24% (572/2314) regret=0.095624 ape=0.5456
[21:45:21] warmStart 24% (573/2314) regret=0.095624 ape=0.5456
[21:45:21] warmStart 24% (574/2314) regret=0.095624 ape=0.5456
[21:45:21] warmStart 24% (575/2314) regret=0.095624 ape=0.5456
[21:45:21] warmStart 24% (576/2314) regret=0.095624 ape=0.5456
[21:45:21] warmStart 24% (577/2314) regret=0.095624 ape=0.5456
[21:45:21] warmStart 24% (578/2314) regret=0.095624 ape=0.5456
[21:45:21] warmStart 25% (579/2314) regret=0.095624 ape=0.5456
[21:45:22] warmStart 25% (580/2314) regret=0.095624 ape=0.5456
[21:45:22] warmStart 25% (581/2314) regret=0.095624 ape=0.5456
[21:45:22] warmStart 25% (582/2314) regret=0.095624 ape=0.5456
[21:45:22] warmStart 25% (583/2314) regret=0.095624 ape=0.5456
[21:45:22] warmStart 25% (584/2314) regret=0.095594 ape=0.5447
[21:45:22] warmStart 25% (585/2314) regret=0.095624 ape=0.5456
[21:45:23] warmStart 25% (586/2314) regret=0.095624 ape=0.5456
[21:45:23] warmStart 25% (587/2314) regret=0.095567 ape=0.5456
[21:45:23] warmStart 25% (588/2314) regret=0.095624 ape=0.5456
[21:45:23] warmStart 25% (589/2314) regret=0.095624 ape=0.5456
[21:45:23] warmStart 25% (590/2314) regret=0.095624 ape=0.5456
[21:45:23] warmStart 25% (591/2314) regret=0.095624 ape=0.5456
[21:45:24] warmStart 25% (592/2314) regret=0.095624 ape=0.5456
[21:45:24] warmStart 25% (593/2314) regret=0.095624 ape=0.5456
[21:45:24] warmStart 25% (594/2314) regret=0.095624 ape=0.5456
[21:45:24] warmStart 25% (595/2314) regret=0.095624 ape=0.5456
[21:45:24] warmStart 25% (596/2314) regret=0.095624 ape=0.5456
[21:45:24] warmStart 25% (597/2314) regret=0.095624 ape=0.5456
[21:45:24] warmStart 25% (598/2314) regret=0.095624 ape=0.5456
[21:45:25] warmStart 25% (599/2314) regret=0.095928 ape=0.5465
[21:45:25] warmStart 25% (600/2314) regret=0.095200 ape=0.5456
[21:45:25] warmStart 25% (601/2314) regret=0.095200 ape=0.5456
[21:45:25] warmStart 26% (602/2314) regret=0.095200 ape=0.5456
[21:45:25] warmStart 26% (603/2314) regret=0.095200 ape=0.5456
[21:45:25] warmStart 26% (604/2314) regret=0.095200 ape=0.5456
[21:45:26] warmStart 26% (605/2314) regret=0.095200 ape=0.5456
[21:45:26] warmStart 26% (606/2314) regret=0.095200 ape=0.5456
[21:45:26] warmStart 26% (607/2314) regret=0.095200 ape=0.5456
[21:45:26] warmStart 26% (608/2314) regret=0.095200 ape=0.5456
[21:45:26] warmStart 26% (609/2314) regret=0.095200 ape=0.5456
[21:45:26] warmStart 26% (610/2314) regret=0.095200 ape=0.5456
[21:45:27] warmStart 26% (611/2314) regret=0.095200 ape=0.5456
[21:45:27] warmStart 26% (612/2314) regret=0.095200 ape=0.5456
[21:45:27] warmStart 26% (613/2314) regret=0.095200 ape=0.5456
[21:45:27] warmStart 26% (614/2314) regret=0.095200 ape=0.5456
[21:45:27] warmStart 26% (615/2314) regret=0.095085 ape=0.5447
[21:45:27] warmStart 26% (616/2314) regret=0.095200 ape=0.5456
[21:45:27] warmStart 26% (617/2314) regret=0.095274 ape=0.5456
[21:45:28] warmStart 26% (618/2314) regret=0.095274 ape=0.5456
[21:45:28] warmStart 26% (619/2314) regret=0.095274 ape=0.5456
[21:45:28] warmStart 26% (620/2314) regret=0.095274 ape=0.5456
[21:45:28] warmStart 26% (621/2314) regret=0.095302 ape=0.5465
[21:45:28] warmStart 26% (622/2314) regret=0.095302 ape=0.5465
[21:45:28] warmStart 26% (623/2314) regret=0.095302 ape=0.5465
[21:45:29] warmStart 26% (624/2314) regret=0.095302 ape=0.5465
[21:45:29] warmStart 27% (625/2314) regret=0.095302 ape=0.5465
[21:45:29] warmStart 27% (626/2314) regret=0.095302 ape=0.5465
[21:45:29] warmStart 27% (627/2314) regret=0.095302 ape=0.5465
[21:45:29] warmStart 27% (628/2314) regret=0.095402 ape=0.5465
[21:45:29] warmStart 27% (629/2314) regret=0.095302 ape=0.5465
[21:45:29] warmStart 27% (630/2314) regret=0.095302 ape=0.5465
[21:45:30] warmStart 27% (631/2314) regret=0.095302 ape=0.5465
[21:45:30] warmStart 27% (632/2314) regret=0.095302 ape=0.5465
[21:45:30] warmStart 27% (633/2314) regret=0.095302 ape=0.5465
[21:45:30] warmStart 27% (634/2314) regret=0.095329 ape=0.5465
[21:45:30] warmStart 27% (635/2314) regret=0.095329 ape=0.5465
[21:45:30] warmStart 27% (636/2314) regret=0.095329 ape=0.5465
[21:45:31] warmStart 27% (637/2314) regret=0.095329 ape=0.5465
[21:45:31] warmStart 27% (638/2314) regret=0.095329 ape=0.5465
[21:45:31] warmStart 27% (639/2314) regret=0.095329 ape=0.5465
[21:45:31] warmStart 27% (640/2314) regret=0.095329 ape=0.5465
[21:45:31] warmStart 27% (641/2314) regret=0.095329 ape=0.5465
[21:45:31] warmStart 27% (642/2314) regret=0.095609 ape=0.5465
[21:45:32] warmStart 27% (643/2314) regret=0.095329 ape=0.5465
[21:45:32] warmStart 27% (644/2314) regret=0.095067 ape=0.5465
[21:45:32] warmStart 27% (645/2314) regret=0.094998 ape=0.5465
[21:45:32] warmStart 27% (646/2314) regret=0.095067 ape=0.5465
[21:45:32] warmStart 27% (647/2314) regret=0.095067 ape=0.5465
[21:45:32] warmStart 28% (648/2314) regret=0.095067 ape=0.5465
[21:45:33] warmStart 28% (649/2314) regret=0.095371 ape=0.5475
[21:45:33] warmStart 28% (650/2314) regret=0.094822 ape=0.5465
[21:45:33] warmStart 28% (651/2314) regret=0.095067 ape=0.5465
[21:45:33] warmStart 28% (652/2314) regret=0.095067 ape=0.5465
[21:45:33] warmStart 28% (653/2314) regret=0.095067 ape=0.5465
[21:45:33] warmStart 28% (654/2314) regret=0.094841 ape=0.5465
[21:45:33] warmStart 28% (655/2314) regret=0.095067 ape=0.5465
[21:45:34] warmStart 28% (656/2314) regret=0.095067 ape=0.5465
[21:45:34] warmStart 28% (657/2314) regret=0.095067 ape=0.5465
[21:45:34] warmStart 28% (658/2314) regret=0.095067 ape=0.5465
[21:45:34] warmStart 28% (659/2314) regret=0.095067 ape=0.5465
[21:45:34] warmStart 28% (660/2314) regret=0.094564 ape=0.5465
[21:45:34] warmStart 28% (661/2314) regret=0.095067 ape=0.5465
[21:45:35] warmStart 28% (662/2314) regret=0.095067 ape=0.5465
[21:45:35] warmStart 28% (663/2314) regret=0.095067 ape=0.5465
[21:45:35] warmStart 28% (664/2314) regret=0.095067 ape=0.5465
[21:45:35] warmStart 28% (665/2314) regret=0.095067 ape=0.5465
[21:45:35] warmStart 28% (666/2314) regret=0.095067 ape=0.5465
[21:45:35] warmStart 28% (667/2314) regret=0.095059 ape=0.5465
[21:45:36] warmStart 28% (668/2314) regret=0.094566 ape=0.5465
[21:45:36] warmStart 28% (669/2314) regret=0.094566 ape=0.5465
[21:45:36] warmStart 28% (670/2314) regret=0.094566 ape=0.5465
[21:45:36] warmStart 28% (671/2314) regret=0.094575 ape=0.5465
[21:45:36] warmStart 29% (672/2314) regret=0.094566 ape=0.5465
[21:45:36] warmStart 29% (673/2314) regret=0.094566 ape=0.5465
[21:45:37] warmStart 29% (674/2314) regret=0.094566 ape=0.5465
[21:45:37] warmStart 29% (675/2314) regret=0.094566 ape=0.5465
[21:45:37] warmStart 29% (676/2314) regret=0.094566 ape=0.5465
[21:45:37] warmStart 29% (677/2314) regret=0.094584 ape=0.5465
[21:45:37] warmStart 29% (678/2314) regret=0.094584 ape=0.5465
[21:45:37] warmStart 29% (679/2314) regret=0.094478 ape=0.5475
[21:45:38] warmStart 29% (680/2314) regret=0.094478 ape=0.5475
[21:45:38] warmStart 29% (681/2314) regret=0.094478 ape=0.5475
[21:45:38] warmStart 29% (682/2314) regret=0.094423 ape=0.5475
[21:45:38] warmStart 29% (683/2314) regret=0.094478 ape=0.5475
[21:45:38] warmStart 29% (684/2314) regret=0.094478 ape=0.5475
[21:45:38] warmStart 29% (685/2314) regret=0.094478 ape=0.5475
[21:45:39] warmStart 29% (686/2314) regret=0.094478 ape=0.5475
[21:45:39] warmStart 29% (687/2314) regret=0.094478 ape=0.5475
[21:45:39] warmStart 29% (688/2314) regret=0.094478 ape=0.5475
[21:45:39] warmStart 29% (689/2314) regret=0.094478 ape=0.5475
[21:45:39] warmStart 29% (690/2314) regret=0.094478 ape=0.5475
[21:45:39] warmStart 29% (691/2314) regret=0.094478 ape=0.5475
[21:45:39] warmStart 29% (692/2314) regret=0.094497 ape=0.5475
[21:45:40] warmStart 29% (693/2314) regret=0.094497 ape=0.5475
[21:45:40] warmStart 29% (694/2314) regret=0.094497 ape=0.5475
[21:45:40] warmStart 30% (695/2314) regret=0.094497 ape=0.5475
[21:45:40] warmStart 30% (696/2314) regret=0.094497 ape=0.5475
[21:45:40] warmStart 30% (697/2314) regret=0.094497 ape=0.5475
[21:45:40] warmStart 30% (698/2314) regret=0.094598 ape=0.5475
[21:45:41] warmStart 30% (699/2314) regret=0.094497 ape=0.5475
[21:45:41] warmStart 30% (700/2314) regret=0.094497 ape=0.5475
[21:45:41] warmStart 30% (701/2314) regret=0.094506 ape=0.5475
[21:45:41] warmStart 30% (702/2314) regret=0.094467 ape=0.5465
[21:45:41] warmStart 30% (703/2314) regret=0.094467 ape=0.5465
[21:45:41] warmStart 30% (704/2314) regret=0.094462 ape=0.5465
[21:45:42] warmStart 30% (705/2314) regret=0.094467 ape=0.5465
[21:45:42] warmStart 30% (706/2314) regret=0.094467 ape=0.5465
[21:45:42] warmStart 30% (707/2314) regret=0.094467 ape=0.5465
[21:45:42] warmStart 30% (708/2314) regret=0.094467 ape=0.5465
[21:45:42] warmStart 30% (709/2314) regret=0.094467 ape=0.5465
[21:45:42] warmStart 30% (710/2314) regret=0.094439 ape=0.5465
[21:45:43] warmStart 30% (711/2314) regret=0.094439 ape=0.5465
[21:45:43] warmStart 30% (712/2314) regret=0.094439 ape=0.5465
[21:45:43] warmStart 30% (713/2314) regret=0.094439 ape=0.5465
[21:45:43] warmStart 30% (714/2314) regret=0.094439 ape=0.5465
[21:45:43] warmStart 30% (715/2314) regret=0.094439 ape=0.5465
[21:45:43] warmStart 30% (716/2314) regret=0.094439 ape=0.5465
[21:45:43] warmStart 30% (717/2314) regret=0.094439 ape=0.5465
[21:45:44] warmStart 31% (718/2314) regret=0.094421 ape=0.5465
[21:45:44] warmStart 31% (719/2314) regret=0.094439 ape=0.5465
[21:45:44] warmStart 31% (720/2314) regret=0.094439 ape=0.5465
[21:45:44] warmStart 31% (721/2314) regret=0.094439 ape=0.5465
[21:45:44] warmStart 31% (722/2314) regret=0.094439 ape=0.5465
[21:45:44] warmStart 31% (723/2314) regret=0.094439 ape=0.5465
[21:45:45] warmStart 31% (724/2314) regret=0.094439 ape=0.5465
[21:45:45] warmStart 31% (725/2314) regret=0.094447 ape=0.5465
[21:45:45] warmStart 31% (726/2314) regret=0.094384 ape=0.5465
[21:45:45] warmStart 31% (727/2314) regret=0.094439 ape=0.5465
[21:45:45] warmStart 31% (728/2314) regret=0.094439 ape=0.5465
[21:45:45] warmStart 31% (729/2314) regret=0.094439 ape=0.5465
[21:45:46] warmStart 31% (730/2314) regret=0.094439 ape=0.5465
[21:45:46] warmStart 31% (731/2314) regret=0.094439 ape=0.5465
[21:45:46] warmStart 31% (732/2314) regret=0.094439 ape=0.5465
[21:45:46] warmStart 31% (733/2314) regret=0.094439 ape=0.5465
[21:45:46] warmStart 31% (734/2314) regret=0.094448 ape=0.5465
[21:45:46] warmStart 31% (735/2314) regret=0.094439 ape=0.5465
[21:45:47] warmStart 31% (736/2314) regret=0.094439 ape=0.5465
[21:45:47] warmStart 31% (737/2314) regret=0.094439 ape=0.5465
[21:45:47] warmStart 31% (738/2314) regret=0.094071 ape=0.5465
[21:45:47] warmStart 31% (739/2314) regret=0.094071 ape=0.5465
[21:45:47] warmStart 31% (740/2314) regret=0.094071 ape=0.5465
[21:45:47] warmStart 32% (741/2314) regret=0.094071 ape=0.5465
[21:45:48] warmStart 32% (742/2314) regret=0.094071 ape=0.5465
[21:45:48] warmStart 32% (743/2314) regret=0.094071 ape=0.5465
[21:45:48] warmStart 32% (744/2314) regret=0.094071 ape=0.5465
[21:45:48] warmStart 32% (745/2314) regret=0.094071 ape=0.5465
[21:45:48] warmStart 32% (746/2314) regret=0.094098 ape=0.5465
[21:45:48] warmStart 32% (747/2314) regret=0.094107 ape=0.5465
[21:45:49] warmStart 32% (748/2314) regret=0.094094 ape=0.5456
[21:45:49] warmStart 32% (749/2314) regret=0.094094 ape=0.5456
[21:45:49] warmStart 32% (750/2314) regret=0.094103 ape=0.5456
[21:45:49] warmStart 32% (751/2314) regret=0.094094 ape=0.5456
[21:45:49] warmStart 32% (752/2314) regret=0.094373 ape=0.5456
[21:45:49] warmStart 32% (753/2314) regret=0.094094 ape=0.5456
[21:45:49] warmStart 32% (754/2314) regret=0.094094 ape=0.5456
[21:45:50] warmStart 32% (755/2314) regret=0.094094 ape=0.5456
[21:45:50] warmStart 32% (756/2314) regret=0.094094 ape=0.5456
[21:45:50] warmStart 32% (757/2314) regret=0.094094 ape=0.5456
[21:45:50] warmStart 32% (758/2314) regret=0.094094 ape=0.5456
[21:45:50] warmStart 32% (759/2314) regret=0.094094 ape=0.5456
[21:45:50] warmStart 32% (760/2314) regret=0.094094 ape=0.5456
[21:45:51] warmStart 32% (761/2314) regret=0.094094 ape=0.5456
[21:45:51] warmStart 32% (762/2314) regret=0.094094 ape=0.5456
[21:45:51] warmStart 32% (763/2314) regret=0.094094 ape=0.5456
[21:45:51] warmStart 33% (764/2314) regret=0.094094 ape=0.5456
[21:45:51] warmStart 33% (765/2314) regret=0.094094 ape=0.5456
[21:45:51] warmStart 33% (766/2314) regret=0.094094 ape=0.5456
[21:45:52] warmStart 33% (767/2314) regret=0.094101 ape=0.5456
[21:45:52] warmStart 33% (768/2314) regret=0.094101 ape=0.5456
[21:45:52] warmStart 33% (769/2314) regret=0.094101 ape=0.5456
[21:45:52] warmStart 33% (770/2314) regret=0.094101 ape=0.5456
[21:45:52] warmStart 33% (771/2314) regret=0.094101 ape=0.5456
[21:45:52] warmStart 33% (772/2314) regret=0.094101 ape=0.5456
[21:45:53] warmStart 33% (773/2314) regret=0.094240 ape=0.5456
[21:45:53] warmStart 33% (774/2314) regret=0.094240 ape=0.5456
[21:45:53] warmStart 33% (775/2314) regret=0.094193 ape=0.5447
[21:45:53] warmStart 33% (776/2314) regret=0.094240 ape=0.5456
[21:45:53] warmStart 33% (777/2314) regret=0.094240 ape=0.5456
[21:45:53] warmStart 33% (778/2314) regret=0.094240 ape=0.5456
[21:45:54] warmStart 33% (779/2314) regret=0.094240 ape=0.5456
[21:45:54] warmStart 33% (780/2314) regret=0.094240 ape=0.5456
[21:45:54] warmStart 33% (781/2314) regret=0.094240 ape=0.5456
[21:45:54] warmStart 33% (782/2314) regret=0.094212 ape=0.5456
[21:45:54] warmStart 33% (783/2314) regret=0.094212 ape=0.5456
[21:45:54] warmStart 33% (784/2314) regret=0.094212 ape=0.5456
[21:45:54] warmStart 33% (785/2314) regret=0.094212 ape=0.5456
[21:45:55] warmStart 33% (786/2314) regret=0.094226 ape=0.5465
[21:45:55] warmStart 34% (787/2314) regret=0.094212 ape=0.5456
[21:45:55] warmStart 34% (788/2314) regret=0.094212 ape=0.5456
[21:45:55] warmStart 34% (789/2314) regret=0.094101 ape=0.5447
[21:45:55] warmStart 34% (790/2314) regret=0.094101 ape=0.5447
[21:45:55] warmStart 34% (791/2314) regret=0.094101 ape=0.5447
[21:45:56] warmStart 34% (792/2314) regret=0.094101 ape=0.5447
[21:45:56] warmStart 34% (793/2314) regret=0.094101 ape=0.5447
[21:45:56] warmStart 34% (794/2314) regret=0.094101 ape=0.5447
[21:45:56] warmStart 34% (795/2314) regret=0.094101 ape=0.5447
[21:45:56] warmStart 34% (796/2314) regret=0.094101 ape=0.5447
[21:45:56] warmStart 34% (797/2314) regret=0.094101 ape=0.5447
[21:45:57] warmStart 34% (798/2314) regret=0.094101 ape=0.5447
[21:45:57] warmStart 34% (799/2314) regret=0.094101 ape=0.5447
[21:45:57] warmStart 34% (800/2314) regret=0.094101 ape=0.5447
[21:45:57] warmStart 34% (801/2314) regret=0.094101 ape=0.5447
[21:45:57] warmStart 34% (802/2314) regret=0.094101 ape=0.5447
[21:45:57] warmStart 34% (803/2314) regret=0.094101 ape=0.5447
[21:45:58] warmStart 34% (804/2314) regret=0.094101 ape=0.5447
[21:45:58] warmStart 34% (805/2314) regret=0.094101 ape=0.5447
[21:45:58] warmStart 34% (806/2314) regret=0.094101 ape=0.5447
[21:45:58] warmStart 34% (807/2314) regret=0.094087 ape=0.5447
[21:45:58] warmStart 34% (808/2314) regret=0.094101 ape=0.5447
[21:45:58] warmStart 34% (809/2314) regret=0.094101 ape=0.5447
[21:45:59] warmStart 35% (810/2314) regret=0.094101 ape=0.5447
[21:45:59] warmStart 35% (811/2314) regret=0.094101 ape=0.5447
[21:45:59] warmStart 35% (812/2314) regret=0.094083 ape=0.5447
[21:45:59] warmStart 35% (813/2314) regret=0.094101 ape=0.5447
[21:45:59] warmStart 35% (814/2314) regret=0.094101 ape=0.5447
[21:45:59] warmStart 35% (815/2314) regret=0.094101 ape=0.5447
[21:45:59] warmStart 35% (816/2314) regret=0.094101 ape=0.5447
[21:46:00] warmStart 35% (817/2314) regret=0.094101 ape=0.5447
[21:46:00] warmStart 35% (818/2314) regret=0.094101 ape=0.5447
[21:46:00] warmStart 35% (819/2314) regret=0.094101 ape=0.5447
[21:46:00] warmStart 35% (820/2314) regret=0.094101 ape=0.5447
[21:46:00] warmStart 35% (821/2314) regret=0.094101 ape=0.5447
[21:46:00] warmStart 35% (822/2314) regret=0.094101 ape=0.5447
[21:46:01] warmStart 35% (823/2314) regret=0.094074 ape=0.5447
[21:46:01] warmStart 35% (824/2314) regret=0.094101 ape=0.5447
[21:46:01] warmStart 35% (825/2314) regret=0.094101 ape=0.5447
[21:46:01] warmStart 35% (826/2314) regret=0.094101 ape=0.5447
[21:46:01] warmStart 35% (827/2314) regret=0.094101 ape=0.5447
[21:46:01] warmStart 35% (828/2314) regret=0.094101 ape=0.5447
[21:46:02] warmStart 35% (829/2314) regret=0.094101 ape=0.5447
[21:46:02] warmStart 35% (830/2314) regret=0.094101 ape=0.5447
[21:46:02] warmStart 35% (831/2314) regret=0.094101 ape=0.5447
[21:46:02] warmStart 35% (832/2314) regret=0.094101 ape=0.5447
[21:46:02] warmStart 35% (833/2314) regret=0.094101 ape=0.5447
[21:46:02] warmStart 36% (834/2314) regret=0.094101 ape=0.5447
[21:46:03] warmStart 36% (835/2314) regret=0.094101 ape=0.5447
[21:46:03] warmStart 36% (836/2314) regret=0.094101 ape=0.5447
[21:46:03] warmStart 36% (837/2314) regret=0.094101 ape=0.5447
[21:46:03] warmStart 36% (838/2314) regret=0.094101 ape=0.5447
[21:46:03] warmStart 36% (839/2314) regret=0.094101 ape=0.5447
[21:46:03] warmStart 36% (840/2314) regret=0.094101 ape=0.5447
[21:46:04] warmStart 36% (841/2314) regret=0.094101 ape=0.5447
[21:46:04] warmStart 36% (842/2314) regret=0.094101 ape=0.5447
[21:46:04] warmStart 36% (843/2314) regret=0.094101 ape=0.5447
[21:46:04] warmStart 36% (844/2314) regret=0.094101 ape=0.5447
[21:46:04] warmStart 36% (845/2314) regret=0.094101 ape=0.5447
[21:46:04] warmStart 36% (846/2314) regret=0.094101 ape=0.5447
[21:46:05] warmStart 36% (847/2314) regret=0.094101 ape=0.5447
[21:46:05] warmStart 36% (848/2314) regret=0.094101 ape=0.5447
[21:46:05] warmStart 36% (849/2314) regret=0.094094 ape=0.5447
[21:46:05] warmStart 36% (850/2314) regret=0.094094 ape=0.5447
[21:46:05] warmStart 36% (851/2314) regret=0.094094 ape=0.5447
[21:46:05] warmStart 36% (852/2314) regret=0.094094 ape=0.5447
[21:46:06] warmStart 36% (853/2314) regret=0.094094 ape=0.5447
[21:46:06] warmStart 36% (854/2314) regret=0.094094 ape=0.5447
[21:46:06] warmStart 36% (855/2314) regret=0.094094 ape=0.5447
[21:46:06] warmStart 36% (856/2314) regret=0.094094 ape=0.5447
[21:46:06] warmStart 37% (857/2314) regret=0.094094 ape=0.5447
[21:46:06] warmStart 37% (858/2314) regret=0.094094 ape=0.5447
[21:46:07] warmStart 37% (859/2314) regret=0.094094 ape=0.5447
[21:46:07] warmStart 37% (860/2314) regret=0.094094 ape=0.5447
[21:46:07] warmStart 37% (861/2314) regret=0.094094 ape=0.5447
[21:46:07] warmStart 37% (862/2314) regret=0.094094 ape=0.5447
[21:46:07] warmStart 37% (863/2314) regret=0.094094 ape=0.5447
[21:46:07] warmStart 37% (864/2314) regret=0.094094 ape=0.5447
[21:46:08] warmStart 37% (865/2314) regret=0.094094 ape=0.5447
[21:46:08] warmStart 37% (866/2314) regret=0.094094 ape=0.5447
[21:46:08] warmStart 37% (867/2314) regret=0.094094 ape=0.5447
[21:46:08] warmStart 37% (868/2314) regret=0.094094 ape=0.5447
[21:46:08] warmStart 37% (869/2314) regret=0.094094 ape=0.5447
[21:46:08] warmStart 37% (870/2314) regret=0.094094 ape=0.5447
[21:46:09] warmStart 37% (871/2314) regret=0.094094 ape=0.5447
[21:46:09] warmStart 37% (872/2314) regret=0.094094 ape=0.5447
[21:46:09] warmStart 37% (873/2314) regret=0.094075 ape=0.5447
[21:46:09] warmStart 37% (874/2314) regret=0.094094 ape=0.5447
[21:46:09] warmStart 37% (875/2314) regret=0.094094 ape=0.5447
[21:46:09] warmStart 37% (876/2314) regret=0.094094 ape=0.5447
[21:46:10] warmStart 37% (877/2314) regret=0.094171 ape=0.5456
[21:46:10] warmStart 37% (878/2314) regret=0.094171 ape=0.5456
[21:46:10] warmStart 37% (879/2314) regret=0.094171 ape=0.5456
[21:46:10] warmStart 38% (880/2314) regret=0.094171 ape=0.5456
[21:46:10] warmStart 38% (881/2314) regret=0.094144 ape=0.5456
[21:46:10] warmStart 38% (882/2314) regret=0.094144 ape=0.5456
[21:46:11] warmStart 38% (883/2314) regret=0.094144 ape=0.5456
[21:46:11] warmStart 38% (884/2314) regret=0.094144 ape=0.5456
[21:46:11] warmStart 38% (885/2314) regret=0.094144 ape=0.5456
[21:46:11] warmStart 38% (886/2314) regret=0.094144 ape=0.5456
[21:46:11] warmStart 38% (887/2314) regret=0.094144 ape=0.5456
[21:46:11] warmStart 38% (888/2314) regret=0.094144 ape=0.5456
[21:46:11] warmStart 38% (889/2314) regret=0.094144 ape=0.5456
[21:46:12] warmStart 38% (890/2314) regret=0.094144 ape=0.5456
[21:46:12] warmStart 38% (891/2314) regret=0.094144 ape=0.5456
[21:46:12] warmStart 38% (892/2314) regret=0.094144 ape=0.5456
[21:46:12] warmStart 38% (893/2314) regret=0.094144 ape=0.5456
[21:46:12] warmStart 38% (894/2314) regret=0.094144 ape=0.5456
[21:46:12] warmStart 38% (895/2314) regret=0.094144 ape=0.5456
[21:46:13] warmStart 38% (896/2314) regret=0.094144 ape=0.5456
[21:46:13] warmStart 38% (897/2314) regret=0.094144 ape=0.5456
[21:46:13] warmStart 38% (898/2314) regret=0.094144 ape=0.5456
[21:46:13] warmStart 38% (899/2314) regret=0.094171 ape=0.5456
[21:46:13] warmStart 38% (900/2314) regret=0.094171 ape=0.5456
[21:46:13] warmStart 38% (901/2314) regret=0.094171 ape=0.5456
[21:46:14] warmStart 38% (902/2314) regret=0.094171 ape=0.5456
[21:46:14] warmStart 39% (903/2314) regret=0.094171 ape=0.5456
[21:46:14] warmStart 39% (904/2314) regret=0.094171 ape=0.5456
[21:46:14] warmStart 39% (905/2314) regret=0.094171 ape=0.5456
[21:46:14] warmStart 39% (906/2314) regret=0.094171 ape=0.5456
[21:46:15] warmStart 39% (907/2314) regret=0.094171 ape=0.5456
[21:46:15] warmStart 39% (908/2314) regret=0.094171 ape=0.5456
[21:46:15] warmStart 39% (909/2314) regret=0.094179 ape=0.5456
[21:46:15] warmStart 39% (910/2314) regret=0.094171 ape=0.5456
[21:46:15] warmStart 39% (911/2314) regret=0.094171 ape=0.5456
[21:46:15] warmStart 39% (912/2314) regret=0.094171 ape=0.5456
[21:46:16] warmStart 39% (913/2314) regret=0.094171 ape=0.5456
[21:46:16] warmStart 39% (914/2314) regret=0.094451 ape=0.5456
[21:46:16] warmStart 39% (915/2314) regret=0.094171 ape=0.5456
[21:46:16] warmStart 39% (916/2314) regret=0.094171 ape=0.5456
[21:46:16] warmStart 39% (917/2314) regret=0.094171 ape=0.5456
[21:46:16] warmStart 39% (918/2314) regret=0.094171 ape=0.5456
[21:46:17] warmStart 39% (919/2314) regret=0.094171 ape=0.5456
[21:46:17] warmStart 39% (920/2314) regret=0.094171 ape=0.5456
[21:46:17] warmStart 39% (921/2314) regret=0.094171 ape=0.5456
[21:46:17] warmStart 39% (922/2314) regret=0.094171 ape=0.5456
[21:46:17] warmStart 39% (923/2314) regret=0.094171 ape=0.5456
[21:46:17] warmStart 39% (924/2314) regret=0.094506 ape=0.5456
[21:46:18] warmStart 39% (925/2314) regret=0.094190 ape=0.5456
[21:46:18] warmStart 40% (926/2314) regret=0.094171 ape=0.5456
[21:46:18] warmStart 40% (927/2314) regret=0.094171 ape=0.5456
[21:46:18] warmStart 40% (928/2314) regret=0.094171 ape=0.5456
[21:46:18] warmStart 40% (929/2314) regret=0.094171 ape=0.5456
[21:46:18] warmStart 40% (930/2314) regret=0.094171 ape=0.5456
[21:46:18] warmStart 40% (931/2314) regret=0.094171 ape=0.5456
[21:46:19] warmStart 40% (932/2314) regret=0.094171 ape=0.5456
[21:46:19] warmStart 40% (933/2314) regret=0.094171 ape=0.5456
[21:46:19] warmStart 40% (934/2314) regret=0.094171 ape=0.5456
[21:46:19] warmStart 40% (935/2314) regret=0.094171 ape=0.5456
[21:46:19] warmStart 40% (936/2314) regret=0.094171 ape=0.5456
[21:46:19] warmStart 40% (937/2314) regret=0.094171 ape=0.5456
[21:46:20] warmStart 40% (938/2314) regret=0.094171 ape=0.5456
[21:46:20] warmStart 40% (939/2314) regret=0.094171 ape=0.5456
[21:46:20] warmStart 40% (940/2314) regret=0.094263 ape=0.5465
[21:46:20] warmStart 40% (941/2314) regret=0.094171 ape=0.5456
[21:46:20] warmStart 40% (942/2314) regret=0.094171 ape=0.5456
[21:46:20] warmStart 40% (943/2314) regret=0.094171 ape=0.5456
[21:46:21] warmStart 40% (944/2314) regret=0.094171 ape=0.5456
[21:46:21] warmStart 40% (945/2314) regret=0.094171 ape=0.5456
[21:46:21] warmStart 40% (946/2314) regret=0.094171 ape=0.5456
[21:46:21] warmStart 40% (947/2314) regret=0.094171 ape=0.5456
[21:46:21] warmStart 40% (948/2314) regret=0.094179 ape=0.5456
[21:46:21] warmStart 41% (949/2314) regret=0.094180 ape=0.5456
[21:46:22] warmStart 41% (950/2314) regret=0.094180 ape=0.5456
[21:46:22] warmStart 41% (951/2314) regret=0.094171 ape=0.5456
[21:46:22] warmStart 41% (952/2314) regret=0.094171 ape=0.5456
[21:46:22] warmStart 41% (953/2314) regret=0.094171 ape=0.5456
[21:46:22] warmStart 41% (954/2314) regret=0.094125 ape=0.5447
[21:46:22] warmStart 41% (955/2314) regret=0.094171 ape=0.5456
[21:46:22] warmStart 41% (956/2314) regret=0.094171 ape=0.5456
[21:46:23] warmStart 41% (957/2314) regret=0.094171 ape=0.5456
[21:46:23] warmStart 41% (958/2314) regret=0.094171 ape=0.5456
[21:46:23] warmStart 41% (959/2314) regret=0.094171 ape=0.5456
[21:46:23] warmStart 41% (960/2314) regret=0.094171 ape=0.5456
[21:46:23] warmStart 41% (961/2314) regret=0.094171 ape=0.5456
[21:46:23] warmStart 41% (962/2314) regret=0.094171 ape=0.5456
[21:46:24] warmStart 41% (963/2314) regret=0.094171 ape=0.5456
[21:46:24] warmStart 41% (964/2314) regret=0.094171 ape=0.5456
[21:46:24] warmStart 41% (965/2314) regret=0.094171 ape=0.5456
[21:46:24] warmStart 41% (966/2314) regret=0.094171 ape=0.5456
[21:46:24] warmStart 41% (967/2314) regret=0.094171 ape=0.5456
[21:46:24] warmStart 41% (968/2314) regret=0.094171 ape=0.5456
[21:46:24] warmStart 41% (969/2314) regret=0.094171 ape=0.5456
[21:46:25] warmStart 41% (970/2314) regret=0.094171 ape=0.5456
[21:46:25] warmStart 41% (971/2314) regret=0.094451 ape=0.5456
[21:46:25] warmStart 42% (972/2314) regret=0.094171 ape=0.5456
[21:46:25] warmStart 42% (973/2314) regret=0.094171 ape=0.5456
[21:46:25] warmStart 42% (974/2314) regret=0.094171 ape=0.5456
[21:46:25] warmStart 42% (975/2314) regret=0.094171 ape=0.5456
[21:46:26] warmStart 42% (976/2314) regret=0.094171 ape=0.5456
[21:46:26] warmStart 42% (977/2314) regret=0.094171 ape=0.5456
[21:46:26] warmStart 42% (978/2314) regret=0.094171 ape=0.5456
[21:46:26] warmStart 42% (979/2314) regret=0.094171 ape=0.5456
[21:46:26] warmStart 42% (980/2314) regret=0.094171 ape=0.5456
[21:46:26] warmStart 42% (981/2314) regret=0.094171 ape=0.5456
[21:46:27] warmStart 42% (982/2314) regret=0.094171 ape=0.5456
[21:46:27] warmStart 42% (983/2314) regret=0.094171 ape=0.5456
[21:46:27] warmStart 42% (984/2314) regret=0.094171 ape=0.5456
[21:46:27] warmStart 42% (985/2314) regret=0.094190 ape=0.5456
[21:46:27] warmStart 42% (986/2314) regret=0.094171 ape=0.5456
[21:46:27] warmStart 42% (987/2314) regret=0.094171 ape=0.5456
[21:46:27] warmStart 42% (988/2314) regret=0.094171 ape=0.5456
[21:46:28] warmStart 42% (989/2314) regret=0.094171 ape=0.5456
[21:46:28] warmStart 42% (990/2314) regret=0.094171 ape=0.5456
[21:46:28] warmStart 42% (991/2314) regret=0.094171 ape=0.5456
[21:46:28] warmStart 42% (992/2314) regret=0.094171 ape=0.5456
[21:46:28] warmStart 42% (993/2314) regret=0.094171 ape=0.5456
[21:46:28] warmStart 42% (994/2314) regret=0.094171 ape=0.5456
[21:46:29] warmStart 42% (995/2314) regret=0.094171 ape=0.5456
[21:46:29] warmStart 43% (996/2314) regret=0.094208 ape=0.5456
[21:46:29] warmStart 43% (997/2314) regret=0.094144 ape=0.5456
[21:46:29] warmStart 43% (998/2314) regret=0.094144 ape=0.5456
[21:46:29] warmStart 43% (999/2314) regret=0.094144 ape=0.5456
[21:46:29] warmStart 43% (1000/2314) regret=0.094144 ape=0.5456
[21:46:30] warmStart 43% (1001/2314) regret=0.094028 ape=0.5447
[21:46:30] warmStart 43% (1002/2314) regret=0.094144 ape=0.5456
[21:46:30] warmStart 43% (1003/2314) regret=0.094144 ape=0.5456
[21:46:30] warmStart 43% (1004/2314) regret=0.094144 ape=0.5456
[21:46:30] warmStart 43% (1005/2314) regret=0.094144 ape=0.5456
[21:46:30] warmStart 43% (1006/2314) regret=0.094144 ape=0.5456
[21:46:30] warmStart 43% (1007/2314) regret=0.094144 ape=0.5456
[21:46:31] warmStart 43% (1008/2314) regret=0.094144 ape=0.5456
[21:46:31] warmStart 43% (1009/2314) regret=0.094144 ape=0.5456
[21:46:31] warmStart 43% (1010/2314) regret=0.094144 ape=0.5456
[21:46:31] warmStart 43% (1011/2314) regret=0.094144 ape=0.5456
[21:46:31] warmStart 43% (1012/2314) regret=0.094144 ape=0.5456
[21:46:31] warmStart 43% (1013/2314) regret=0.094144 ape=0.5456
[21:46:32] warmStart 43% (1014/2314) regret=0.094144 ape=0.5456
[21:46:32] warmStart 43% (1015/2314) regret=0.094144 ape=0.5456
[21:46:32] warmStart 43% (1016/2314) regret=0.094144 ape=0.5456
[21:46:32] warmStart 43% (1017/2314) regret=0.094144 ape=0.5456
[21:46:32] warmStart 43% (1018/2314) regret=0.094144 ape=0.5456
[21:46:32] warmStart 44% (1019/2314) regret=0.094144 ape=0.5456
[21:46:33] warmStart 44% (1020/2314) regret=0.094144 ape=0.5456
[21:46:33] warmStart 44% (1021/2314) regret=0.094144 ape=0.5456
[21:46:33] warmStart 44% (1022/2314) regret=0.094144 ape=0.5456
[21:46:33] warmStart 44% (1023/2314) regret=0.094144 ape=0.5456
[21:46:33] warmStart 44% (1024/2314) regret=0.094162 ape=0.5456
[21:46:33] warmStart 44% (1025/2314) regret=0.094144 ape=0.5456
[21:46:33] warmStart 44% (1026/2314) regret=0.094144 ape=0.5456
[21:46:34] warmStart 44% (1027/2314) regret=0.094144 ape=0.5456
[21:46:34] warmStart 44% (1028/2314) regret=0.094144 ape=0.5456
[21:46:34] warmStart 44% (1029/2314) regret=0.094144 ape=0.5456
[21:46:34] warmStart 44% (1030/2314) regret=0.094144 ape=0.5456
[21:46:34] warmStart 44% (1031/2314) regret=0.094144 ape=0.5456
[21:46:34] warmStart 44% (1032/2314) regret=0.094144 ape=0.5456
[21:46:35] warmStart 44% (1033/2314) regret=0.094144 ape=0.5456
[21:46:35] warmStart 44% (1034/2314) regret=0.094144 ape=0.5456
[21:46:35] warmStart 44% (1035/2314) regret=0.094144 ape=0.5456
[21:46:35] warmStart 44% (1036/2314) regret=0.094144 ape=0.5456
[21:46:35] warmStart 44% (1037/2314) regret=0.094144 ape=0.5456
[21:46:35] warmStart 44% (1038/2314) regret=0.094245 ape=0.5456
[21:46:36] warmStart 44% (1039/2314) regret=0.094144 ape=0.5456
[21:46:36] warmStart 44% (1040/2314) regret=0.094144 ape=0.5456
[21:46:36] warmStart 44% (1041/2314) regret=0.094144 ape=0.5456
[21:46:36] warmStart 45% (1042/2314) regret=0.094144 ape=0.5456
[21:46:36] warmStart 45% (1043/2314) regret=0.094144 ape=0.5456
[21:46:36] warmStart 45% (1044/2314) regret=0.094144 ape=0.5456
[21:46:37] warmStart 45% (1045/2314) regret=0.094144 ape=0.5456
[21:46:37] warmStart 45% (1046/2314) regret=0.094144 ape=0.5456
[21:46:37] warmStart 45% (1047/2314) regret=0.094144 ape=0.5456
[21:46:37] warmStart 45% (1048/2314) regret=0.094144 ape=0.5456
[21:46:37] warmStart 45% (1049/2314) regret=0.094144 ape=0.5456
[21:46:37] warmStart 45% (1050/2314) regret=0.094144 ape=0.5456
[21:46:38] warmStart 45% (1051/2314) regret=0.094144 ape=0.5456
[21:46:38] warmStart 45% (1052/2314) regret=0.094144 ape=0.5456
[21:46:38] warmStart 45% (1053/2314) regret=0.094153 ape=0.5456
[21:46:38] warmStart 45% (1054/2314) regret=0.094162 ape=0.5456
[21:46:38] warmStart 45% (1055/2314) regret=0.094153 ape=0.5456
[21:46:38] warmStart 45% (1056/2314) regret=0.094153 ape=0.5456
[21:46:39] warmStart 45% (1057/2314) regret=0.094153 ape=0.5456
[21:46:39] warmStart 45% (1058/2314) regret=0.094153 ape=0.5456
[21:46:39] warmStart 45% (1059/2314) regret=0.094153 ape=0.5456
[21:46:39] warmStart 45% (1060/2314) regret=0.094153 ape=0.5456
[21:46:39] warmStart 45% (1061/2314) regret=0.094153 ape=0.5456
[21:46:39] warmStart 45% (1062/2314) regret=0.094153 ape=0.5456
[21:46:40] warmStart 45% (1063/2314) regret=0.094153 ape=0.5456
[21:46:40] warmStart 45% (1064/2314) regret=0.094153 ape=0.5456
[21:46:40] warmStart 46% (1065/2314) regret=0.094789 ape=0.5456
[21:46:40] warmStart 46% (1066/2314) regret=0.094153 ape=0.5456
[21:46:40] warmStart 46% (1067/2314) regret=0.094153 ape=0.5456
[21:46:40] warmStart 46% (1068/2314) regret=0.094097 ape=0.5456
[21:46:41] warmStart 46% (1069/2314) regret=0.094153 ape=0.5456
[21:46:41] warmStart 46% (1070/2314) regret=0.094153 ape=0.5456
[21:46:41] warmStart 46% (1071/2314) regret=0.094153 ape=0.5456
[21:46:41] warmStart 46% (1072/2314) regret=0.094153 ape=0.5456
[21:46:41] warmStart 46% (1073/2314) regret=0.094127 ape=0.5456
[21:46:41] warmStart 46% (1074/2314) regret=0.094127 ape=0.5456
[21:46:42] warmStart 46% (1075/2314) regret=0.094219 ape=0.5465
[21:46:42] warmStart 46% (1076/2314) regret=0.094127 ape=0.5456
[21:46:42] warmStart 46% (1077/2314) regret=0.094127 ape=0.5456
[21:46:42] warmStart 46% (1078/2314) regret=0.094127 ape=0.5456
[21:46:42] warmStart 46% (1079/2314) regret=0.094127 ape=0.5456
[21:46:42] warmStart 46% (1080/2314) regret=0.094153 ape=0.5456
[21:46:43] warmStart 46% (1081/2314) regret=0.094153 ape=0.5456
[21:46:43] warmStart 46% (1082/2314) regret=0.094153 ape=0.5456
[21:46:43] warmStart 46% (1083/2314) regret=0.094153 ape=0.5456
[21:46:43] warmStart 46% (1084/2314) regret=0.094153 ape=0.5456
[21:46:43] warmStart 46% (1085/2314) regret=0.094153 ape=0.5456
[21:46:43] warmStart 46% (1086/2314) regret=0.094153 ape=0.5456
[21:46:44] warmStart 46% (1087/2314) regret=0.094153 ape=0.5456
[21:46:44] warmStart 47% (1088/2314) regret=0.094153 ape=0.5456
[21:46:44] warmStart 47% (1089/2314) regret=0.094153 ape=0.5456
[21:46:44] warmStart 47% (1090/2314) regret=0.094153 ape=0.5456
[21:46:44] warmStart 47% (1091/2314) regret=0.094153 ape=0.5456
[21:46:44] warmStart 47% (1092/2314) regret=0.094153 ape=0.5456
[21:46:44] warmStart 47% (1093/2314) regret=0.094254 ape=0.5456
[21:46:45] warmStart 47% (1094/2314) regret=0.094153 ape=0.5456
[21:46:45] warmStart 47% (1095/2314) regret=0.094153 ape=0.5456
[21:46:45] warmStart 47% (1096/2314) regret=0.094153 ape=0.5456
[21:46:45] warmStart 47% (1097/2314) regret=0.094180 ape=0.5456
[21:46:45] warmStart 47% (1098/2314) regret=0.094180 ape=0.5456
[21:46:45] warmStart 47% (1099/2314) regret=0.094180 ape=0.5456
[21:46:46] warmStart 47% (1100/2314) regret=0.094123 ape=0.5456
[21:46:46] warmStart 47% (1101/2314) regret=0.094180 ape=0.5456
[21:46:46] warmStart 47% (1102/2314) regret=0.094180 ape=0.5456
[21:46:46] warmStart 47% (1103/2314) regret=0.094217 ape=0.5456
[21:46:46] warmStart 47% (1104/2314) regret=0.094180 ape=0.5456
[21:46:46] warmStart 47% (1105/2314) regret=0.094402 ape=0.5456
[21:46:47] warmStart 47% (1106/2314) regret=0.094185 ape=0.5465
[21:46:47] warmStart 47% (1107/2314) regret=0.094180 ape=0.5456
[21:46:47] warmStart 47% (1108/2314) regret=0.094180 ape=0.5456
[21:46:47] warmStart 47% (1109/2314) regret=0.094180 ape=0.5456
[21:46:47] warmStart 47% (1110/2314) regret=0.094180 ape=0.5456
[21:46:47] warmStart 48% (1111/2314) regret=0.094180 ape=0.5456
[21:46:47] warmStart 48% (1112/2314) regret=0.094180 ape=0.5456
[21:46:48] warmStart 48% (1113/2314) regret=0.094180 ape=0.5456
[21:46:48] warmStart 48% (1114/2314) regret=0.094180 ape=0.5456
[21:46:48] warmStart 48% (1115/2314) regret=0.094180 ape=0.5456
[21:46:48] warmStart 48% (1116/2314) regret=0.094180 ape=0.5456
[21:46:48] warmStart 48% (1117/2314) regret=0.094180 ape=0.5456
[21:46:48] warmStart 48% (1118/2314) regret=0.094199 ape=0.5456
[21:46:49] warmStart 48% (1119/2314) regret=0.094180 ape=0.5456
[21:46:49] warmStart 48% (1120/2314) regret=0.094180 ape=0.5456
[21:46:49] warmStart 48% (1121/2314) regret=0.094180 ape=0.5456
[21:46:49] warmStart 48% (1122/2314) regret=0.094180 ape=0.5456
[21:46:49] warmStart 48% (1123/2314) regret=0.094180 ape=0.5456
[21:46:49] warmStart 48% (1124/2314) regret=0.094180 ape=0.5456
[21:46:50] warmStart 48% (1125/2314) regret=0.094263 ape=0.5456
[21:46:50] warmStart 48% (1126/2314) regret=0.094282 ape=0.5456
[21:46:50] warmStart 48% (1127/2314) regret=0.094282 ape=0.5456
[21:46:50] warmStart 48% (1128/2314) regret=0.094309 ape=0.5456
[21:46:50] warmStart 48% (1129/2314) regret=0.094319 ape=0.5456
[21:46:50] warmStart 48% (1130/2314) regret=0.094309 ape=0.5456
[21:46:51] warmStart 48% (1131/2314) regret=0.094309 ape=0.5456
[21:46:51] warmStart 48% (1132/2314) regret=0.094309 ape=0.5456
[21:46:51] warmStart 48% (1133/2314) regret=0.094309 ape=0.5456
[21:46:51] warmStart 49% (1134/2314) regret=0.094309 ape=0.5456
[21:46:51] warmStart 49% (1135/2314) regret=0.094309 ape=0.5456
[21:46:51] warmStart 49% (1136/2314) regret=0.094309 ape=0.5456
[21:46:51] warmStart 49% (1137/2314) regret=0.094309 ape=0.5456
[21:46:52] warmStart 49% (1138/2314) regret=0.094309 ape=0.5456
[21:46:52] warmStart 49% (1139/2314) regret=0.094180 ape=0.5456
[21:46:52] warmStart 49% (1140/2314) regret=0.094337 ape=0.5456
[21:46:52] warmStart 49% (1141/2314) regret=0.094337 ape=0.5456
[21:46:52] warmStart 49% (1142/2314) regret=0.094328 ape=0.5456
[21:46:52] warmStart 49% (1143/2314) regret=0.094328 ape=0.5456
[21:46:53] warmStart 49% (1144/2314) regret=0.094328 ape=0.5456
[21:46:53] warmStart 49% (1145/2314) regret=0.094328 ape=0.5456
[21:46:53] warmStart 49% (1146/2314) regret=0.094328 ape=0.5456
[21:46:53] warmStart 49% (1147/2314) regret=0.094328 ape=0.5456
[21:46:53] warmStart 49% (1148/2314) regret=0.094328 ape=0.5456
[21:46:53] warmStart 49% (1149/2314) regret=0.094328 ape=0.5456
[21:46:54] warmStart 49% (1150/2314) regret=0.094328 ape=0.5456
[21:46:54] warmStart 49% (1151/2314) regret=0.094328 ape=0.5456
[21:46:54] warmStart 49% (1152/2314) regret=0.094328 ape=0.5456
[21:46:54] warmStart 49% (1153/2314) regret=0.094328 ape=0.5456
[21:46:54] warmStart 49% (1154/2314) regret=0.094328 ape=0.5456
[21:46:54] warmStart 49% (1155/2314) regret=0.094328 ape=0.5456
[21:46:55] warmStart 49% (1156/2314) regret=0.094328 ape=0.5456
[21:46:55] warmStart 50% (1157/2314) regret=0.094328 ape=0.5456
[21:46:55] warmStart 50% (1158/2314) regret=0.094328 ape=0.5456
[21:46:55] warmStart 50% (1159/2314) regret=0.094328 ape=0.5456
[21:46:55] warmStart 50% (1160/2314) regret=0.094328 ape=0.5456
[21:46:55] warmStart 50% (1161/2314) regret=0.094328 ape=0.5456
[21:46:55] warmStart 50% (1162/2314) regret=0.094328 ape=0.5456
[21:46:56] warmStart 50% (1163/2314) regret=0.094328 ape=0.5456
[21:46:56] warmStart 50% (1164/2314) regret=0.094337 ape=0.5456
[21:46:56] warmStart 50% (1165/2314) regret=0.094337 ape=0.5456
[21:46:56] warmStart 50% (1166/2314) regret=0.094337 ape=0.5456
[21:46:56] warmStart 50% (1167/2314) regret=0.094337 ape=0.5456
[21:46:56] warmStart 50% (1168/2314) regret=0.094337 ape=0.5456
[21:46:57] warmStart 50% (1169/2314) regret=0.094337 ape=0.5456
[21:46:57] warmStart 50% (1170/2314) regret=0.094337 ape=0.5456
[21:46:57] warmStart 50% (1171/2314) regret=0.094337 ape=0.5456
[21:46:57] warmStart 50% (1172/2314) regret=0.094337 ape=0.5456
[21:46:57] warmStart 50% (1173/2314) regret=0.094356 ape=0.5456
[21:46:57] warmStart 50% (1174/2314) regret=0.094337 ape=0.5456
[21:46:58] warmStart 50% (1175/2314) regret=0.094337 ape=0.5456
[21:46:58] warmStart 50% (1176/2314) regret=0.094337 ape=0.5456
[21:46:58] warmStart 50% (1177/2314) regret=0.094309 ape=0.5447
[21:46:58] warmStart 50% (1178/2314) regret=0.094309 ape=0.5447
[21:46:58] warmStart 50% (1179/2314) regret=0.094309 ape=0.5447
[21:46:58] warmStart 50% (1180/2314) regret=0.094309 ape=0.5447
[21:46:59] warmStart 51% (1181/2314) regret=0.094309 ape=0.5447
[21:46:59] warmStart 51% (1182/2314) regret=0.094309 ape=0.5447
[21:46:59] warmStart 51% (1183/2314) regret=0.094309 ape=0.5447
[21:46:59] warmStart 51% (1184/2314) regret=0.094309 ape=0.5447
[21:46:59] warmStart 51% (1185/2314) regret=0.094309 ape=0.5447
[21:46:59] warmStart 51% (1186/2314) regret=0.094309 ape=0.5447
[21:47:00] warmStart 51% (1187/2314) regret=0.094296 ape=0.5447
[21:47:00] warmStart 51% (1188/2314) regret=0.094309 ape=0.5447
[21:47:00] warmStart 51% (1189/2314) regret=0.094309 ape=0.5447
[21:47:00] warmStart 51% (1190/2314) regret=0.094171 ape=0.5447
[21:47:00] warmStart 51% (1191/2314) regret=0.094171 ape=0.5447
[21:47:00] warmStart 51% (1192/2314) regret=0.094309 ape=0.5447
[21:47:00] warmStart 51% (1193/2314) regret=0.094309 ape=0.5447
[21:47:01] warmStart 51% (1194/2314) regret=0.094309 ape=0.5447
[21:47:01] warmStart 51% (1195/2314) regret=0.094309 ape=0.5447
[21:47:01] warmStart 51% (1196/2314) regret=0.094291 ape=0.5447
[21:47:01] warmStart 51% (1197/2314) regret=0.094309 ape=0.5447
[21:47:01] warmStart 51% (1198/2314) regret=0.094309 ape=0.5447
[21:47:01] warmStart 51% (1199/2314) regret=0.094309 ape=0.5447
[21:47:02] warmStart 51% (1200/2314) regret=0.094309 ape=0.5447
[21:47:02] warmStart 51% (1201/2314) regret=0.094309 ape=0.5447
[21:47:02] warmStart 51% (1202/2314) regret=0.094319 ape=0.5447
[21:47:02] warmStart 51% (1203/2314) regret=0.094309 ape=0.5447
[21:47:02] warmStart 52% (1204/2314) regret=0.094309 ape=0.5447
[21:47:02] warmStart 52% (1205/2314) regret=0.094194 ape=0.5438
[21:47:03] warmStart 52% (1206/2314) regret=0.094309 ape=0.5447
[21:47:03] warmStart 52% (1207/2314) regret=0.094309 ape=0.5447
[21:47:03] warmStart 52% (1208/2314) regret=0.094309 ape=0.5447
[21:47:03] warmStart 52% (1209/2314) regret=0.094309 ape=0.5447
[21:47:03] warmStart 52% (1210/2314) regret=0.094309 ape=0.5447
[21:47:03] warmStart 52% (1211/2314) regret=0.094309 ape=0.5447
[21:47:04] warmStart 52% (1212/2314) regret=0.094309 ape=0.5447
[21:47:04] warmStart 52% (1213/2314) regret=0.094309 ape=0.5447
[21:47:04] warmStart 52% (1214/2314) regret=0.094309 ape=0.5447
[21:47:04] warmStart 52% (1215/2314) regret=0.094309 ape=0.5447
[21:47:04] warmStart 52% (1216/2314) regret=0.094309 ape=0.5447
[21:47:04] warmStart 52% (1217/2314) regret=0.094309 ape=0.5447
[21:47:05] warmStart 52% (1218/2314) regret=0.094309 ape=0.5447
[21:47:05] warmStart 52% (1219/2314) regret=0.094309 ape=0.5447
[21:47:05] warmStart 52% (1220/2314) regret=0.094309 ape=0.5447
[21:47:05] warmStart 52% (1221/2314) regret=0.094309 ape=0.5447
[21:47:05] warmStart 52% (1222/2314) regret=0.094309 ape=0.5447
[21:47:05] warmStart 52% (1223/2314) regret=0.094309 ape=0.5447
[21:47:06] warmStart 52% (1224/2314) regret=0.094309 ape=0.5447
[21:47:06] warmStart 52% (1225/2314) regret=0.094309 ape=0.5447
[21:47:06] warmStart 52% (1226/2314) regret=0.094309 ape=0.5447
[21:47:06] warmStart 53% (1227/2314) regret=0.094309 ape=0.5447
[21:47:06] warmStart 53% (1228/2314) regret=0.094309 ape=0.5447
[21:47:06] warmStart 53% (1229/2314) regret=0.094309 ape=0.5447
[21:47:06] warmStart 53% (1230/2314) regret=0.094309 ape=0.5447
[21:47:07] warmStart 53% (1231/2314) regret=0.094309 ape=0.5447
[21:47:07] warmStart 53% (1232/2314) regret=0.094291 ape=0.5447
[21:47:07] warmStart 53% (1233/2314) regret=0.094309 ape=0.5447
[21:47:07] warmStart 53% (1234/2314) regret=0.094309 ape=0.5447
[21:47:07] warmStart 53% (1235/2314) regret=0.094309 ape=0.5447
[21:47:07] warmStart 53% (1236/2314) regret=0.094309 ape=0.5447
[21:47:08] warmStart 53% (1237/2314) regret=0.094309 ape=0.5447
[21:47:08] warmStart 53% (1238/2314) regret=0.094309 ape=0.5447
[21:47:08] warmStart 53% (1239/2314) regret=0.094309 ape=0.5447
[21:47:08] warmStart 53% (1240/2314) regret=0.094309 ape=0.5447
[21:47:08] warmStart 53% (1241/2314) regret=0.094309 ape=0.5447
[21:47:08] warmStart 53% (1242/2314) regret=0.094171 ape=0.5447
[21:47:09] warmStart 53% (1243/2314) regret=0.094171 ape=0.5447
[21:47:09] warmStart 53% (1244/2314) regret=0.094171 ape=0.5447
[21:47:09] warmStart 53% (1245/2314) regret=0.094171 ape=0.5447
[21:47:09] warmStart 53% (1246/2314) regret=0.094171 ape=0.5447
[21:47:09] warmStart 53% (1247/2314) regret=0.094079 ape=0.5438
[21:47:09] warmStart 53% (1248/2314) regret=0.094079 ape=0.5438
[21:47:09] warmStart 53% (1249/2314) regret=0.094079 ape=0.5438
[21:47:10] warmStart 54% (1250/2314) regret=0.094079 ape=0.5438
[21:47:10] warmStart 54% (1251/2314) regret=0.094079 ape=0.5438
[21:47:10] warmStart 54% (1252/2314) regret=0.094079 ape=0.5438
[21:47:10] warmStart 54% (1253/2314) regret=0.094079 ape=0.5438
[21:47:10] warmStart 54% (1254/2314) regret=0.094079 ape=0.5438
[21:47:10] warmStart 54% (1255/2314) regret=0.094079 ape=0.5438
[21:47:11] warmStart 54% (1256/2314) regret=0.094079 ape=0.5438
[21:47:11] warmStart 54% (1257/2314) regret=0.094079 ape=0.5438
[21:47:11] warmStart 54% (1258/2314) regret=0.094079 ape=0.5438
[21:47:11] warmStart 54% (1259/2314) regret=0.094079 ape=0.5438
[21:47:11] warmStart 54% (1260/2314) regret=0.094079 ape=0.5438
[21:47:11] warmStart 54% (1261/2314) regret=0.094079 ape=0.5438
[21:47:12] warmStart 54% (1262/2314) regret=0.094079 ape=0.5438
[21:47:12] warmStart 54% (1263/2314) regret=0.094079 ape=0.5438
[21:47:12] warmStart 54% (1264/2314) regret=0.094079 ape=0.5438
[21:47:12] warmStart 54% (1265/2314) regret=0.094079 ape=0.5438
[21:47:12] warmStart 54% (1266/2314) regret=0.094079 ape=0.5438
[21:47:12] warmStart 54% (1267/2314) regret=0.094079 ape=0.5438
[21:47:12] warmStart 54% (1268/2314) regret=0.094079 ape=0.5438
[21:47:13] warmStart 54% (1269/2314) regret=0.094079 ape=0.5438
[21:47:13] warmStart 54% (1270/2314) regret=0.094079 ape=0.5438
[21:47:13] warmStart 54% (1271/2314) regret=0.094079 ape=0.5438
[21:47:13] warmStart 54% (1272/2314) regret=0.094079 ape=0.5438
[21:47:13] warmStart 55% (1273/2314) regret=0.094079 ape=0.5438
[21:47:13] warmStart 55% (1274/2314) regret=0.094079 ape=0.5438
[21:47:14] warmStart 55% (1275/2314) regret=0.093904 ape=0.5429
[21:47:14] warmStart 55% (1276/2314) regret=0.093904 ape=0.5429
[21:47:14] warmStart 55% (1277/2314) regret=0.093904 ape=0.5429
[21:47:14] warmStart 55% (1278/2314) regret=0.093904 ape=0.5429
[21:47:14] warmStart 55% (1279/2314) regret=0.093904 ape=0.5429
[21:47:14] warmStart 55% (1280/2314) regret=0.093691 ape=0.5419
[21:47:15] warmStart 55% (1281/2314) regret=0.093691 ape=0.5419
[21:47:15] warmStart 55% (1282/2314) regret=0.093691 ape=0.5419
[21:47:15] warmStart 55% (1283/2314) regret=0.093691 ape=0.5419
[21:47:15] warmStart 55% (1284/2314) regret=0.093691 ape=0.5419
[21:47:15] warmStart 55% (1285/2314) regret=0.093700 ape=0.5429
[21:47:15] warmStart 55% (1286/2314) regret=0.093700 ape=0.5429
[21:47:16] warmStart 55% (1287/2314) regret=0.093700 ape=0.5429
[21:47:16] warmStart 55% (1288/2314) regret=0.093700 ape=0.5429
[21:47:16] warmStart 55% (1289/2314) regret=0.093700 ape=0.5429
[21:47:16] warmStart 55% (1290/2314) regret=0.093691 ape=0.5419
[21:47:16] warmStart 55% (1291/2314) regret=0.093691 ape=0.5419
[21:47:16] warmStart 55% (1292/2314) regret=0.093691 ape=0.5419
[21:47:16] warmStart 55% (1293/2314) regret=0.093691 ape=0.5419
[21:47:17] warmStart 55% (1294/2314) regret=0.093691 ape=0.5419
[21:47:17] warmStart 55% (1295/2314) regret=0.093691 ape=0.5419
[21:47:17] warmStart 56% (1296/2314) regret=0.093553 ape=0.5419
[21:47:17] warmStart 56% (1297/2314) regret=0.093553 ape=0.5419
[21:47:17] warmStart 56% (1298/2314) regret=0.093691 ape=0.5419
[21:47:17] warmStart 56% (1299/2314) regret=0.093460 ape=0.5419
[21:47:18] warmStart 56% (1300/2314) regret=0.093479 ape=0.5419
[21:47:18] warmStart 56% (1301/2314) regret=0.093479 ape=0.5419
[21:47:18] warmStart 56% (1302/2314) regret=0.093479 ape=0.5419
[21:47:18] warmStart 56% (1303/2314) regret=0.093479 ape=0.5419
[21:47:18] warmStart 56% (1304/2314) regret=0.093396 ape=0.5419
[21:47:18] warmStart 56% (1305/2314) regret=0.093479 ape=0.5419
[21:47:19] warmStart 56% (1306/2314) regret=0.093479 ape=0.5419
[21:47:19] warmStart 56% (1307/2314) regret=0.093488 ape=0.5419
[21:47:19] warmStart 56% (1308/2314) regret=0.093479 ape=0.5419
[21:47:19] warmStart 56% (1309/2314) regret=0.093479 ape=0.5419
[21:47:19] warmStart 56% (1310/2314) regret=0.093479 ape=0.5419
[21:47:19] warmStart 56% (1311/2314) regret=0.093479 ape=0.5419
[21:47:20] warmStart 56% (1312/2314) regret=0.093493 ape=0.5429
[21:47:20] warmStart 56% (1313/2314) regret=0.093479 ape=0.5419
[21:47:20] warmStart 56% (1314/2314) regret=0.093479 ape=0.5419
[21:47:20] warmStart 56% (1315/2314) regret=0.093364 ape=0.5410
[21:47:20] warmStart 56% (1316/2314) regret=0.093479 ape=0.5419
[21:47:20] warmStart 56% (1317/2314) regret=0.093479 ape=0.5419
[21:47:21] warmStart 56% (1318/2314) regret=0.093479 ape=0.5419
[21:47:21] warmStart 57% (1319/2314) regret=0.093479 ape=0.5419
[21:47:21] warmStart 57% (1320/2314) regret=0.093479 ape=0.5419
[21:47:21] warmStart 57% (1321/2314) regret=0.093479 ape=0.5419
[21:47:21] warmStart 57% (1322/2314) regret=0.093479 ape=0.5419
[21:47:21] warmStart 57% (1323/2314) regret=0.093479 ape=0.5419
[21:47:21] warmStart 57% (1324/2314) regret=0.093479 ape=0.5419
[21:47:22] warmStart 57% (1325/2314) regret=0.093479 ape=0.5419
[21:47:22] warmStart 57% (1326/2314) regret=0.093479 ape=0.5419
[21:47:22] warmStart 57% (1327/2314) regret=0.093479 ape=0.5419
[21:47:22] warmStart 57% (1328/2314) regret=0.093479 ape=0.5419
[21:47:22] warmStart 57% (1329/2314) regret=0.093479 ape=0.5419
[21:47:22] warmStart 57% (1330/2314) regret=0.093479 ape=0.5419
[21:47:23] warmStart 57% (1331/2314) regret=0.093479 ape=0.5419
[21:47:23] warmStart 57% (1332/2314) regret=0.093479 ape=0.5419
[21:47:23] warmStart 57% (1333/2314) regret=0.093479 ape=0.5419
[21:47:23] warmStart 57% (1334/2314) regret=0.093451 ape=0.5419
[21:47:23] warmStart 57% (1335/2314) regret=0.093451 ape=0.5419
[21:47:23] warmStart 57% (1336/2314) regret=0.093451 ape=0.5419
[21:47:24] warmStart 57% (1337/2314) regret=0.093451 ape=0.5419
[21:47:24] warmStart 57% (1338/2314) regret=0.093368 ape=0.5419
[21:47:24] warmStart 57% (1339/2314) regret=0.093451 ape=0.5419
[21:47:24] warmStart 57% (1340/2314) regret=0.093451 ape=0.5419
[21:47:24] warmStart 57% (1341/2314) regret=0.093451 ape=0.5419
[21:47:24] warmStart 57% (1342/2314) regret=0.093451 ape=0.5419
[21:47:25] warmStart 58% (1343/2314) regret=0.093451 ape=0.5419
[21:47:25] warmStart 58% (1344/2314) regret=0.093451 ape=0.5419
[21:47:25] warmStart 58% (1345/2314) regret=0.093451 ape=0.5419
[21:47:25] warmStart 58% (1346/2314) regret=0.093451 ape=0.5419
[21:47:25] warmStart 58% (1347/2314) regret=0.093451 ape=0.5419
[21:47:25] warmStart 58% (1348/2314) regret=0.093451 ape=0.5419
[21:47:26] warmStart 58% (1349/2314) regret=0.093451 ape=0.5419
[21:47:26] warmStart 58% (1350/2314) regret=0.093294 ape=0.5419
[21:47:26] warmStart 58% (1351/2314) regret=0.093294 ape=0.5419
[21:47:26] warmStart 58% (1352/2314) regret=0.093156 ape=0.5410
[21:47:26] warmStart 58% (1353/2314) regret=0.093156 ape=0.5410
[21:47:26] warmStart 58% (1354/2314) regret=0.093294 ape=0.5419
[21:47:26] warmStart 58% (1355/2314) regret=0.093294 ape=0.5419
[21:47:27] warmStart 58% (1356/2314) regret=0.093156 ape=0.5410
[21:47:27] warmStart 58% (1357/2314) regret=0.093294 ape=0.5419
[21:47:27] warmStart 58% (1358/2314) regret=0.093294 ape=0.5419
[21:47:27] warmStart 58% (1359/2314) regret=0.093156 ape=0.5410
[21:47:27] warmStart 58% (1360/2314) regret=0.093156 ape=0.5410
[21:47:27] warmStart 58% (1361/2314) regret=0.093156 ape=0.5410
[21:47:28] warmStart 58% (1362/2314) regret=0.093156 ape=0.5410
[21:47:28] warmStart 58% (1363/2314) regret=0.093156 ape=0.5410
[21:47:28] warmStart 58% (1364/2314) regret=0.093156 ape=0.5410
[21:47:28] warmStart 58% (1365/2314) regret=0.093156 ape=0.5410
[21:47:28] warmStart 59% (1366/2314) regret=0.093156 ape=0.5410
[21:47:28] warmStart 59% (1367/2314) regret=0.093156 ape=0.5410
[21:47:28] warmStart 59% (1368/2314) regret=0.093156 ape=0.5410
[21:47:29] warmStart 59% (1369/2314) regret=0.093156 ape=0.5410
[21:47:29] warmStart 59% (1370/2314) regret=0.093156 ape=0.5410
[21:47:29] warmStart 59% (1371/2314) regret=0.093156 ape=0.5410
[21:47:29] warmStart 59% (1372/2314) regret=0.093156 ape=0.5410
[21:47:29] warmStart 59% (1373/2314) regret=0.093156 ape=0.5410
[21:47:30] warmStart 59% (1374/2314) regret=0.093018 ape=0.5401
[21:47:30] warmStart 59% (1375/2314) regret=0.093156 ape=0.5410
[21:47:30] warmStart 59% (1376/2314) regret=0.093018 ape=0.5401
[21:47:30] warmStart 59% (1377/2314) regret=0.093156 ape=0.5410
[21:47:30] warmStart 59% (1378/2314) regret=0.093156 ape=0.5410
[21:47:30] warmStart 59% (1379/2314) regret=0.093018 ape=0.5401
[21:47:31] warmStart 59% (1380/2314) regret=0.093018 ape=0.5401
[21:47:31] warmStart 59% (1381/2314) regret=0.093018 ape=0.5401
[21:47:31] warmStart 59% (1382/2314) regret=0.093018 ape=0.5401
[21:47:31] warmStart 59% (1383/2314) regret=0.093018 ape=0.5401
[21:47:31] warmStart 59% (1384/2314) regret=0.093018 ape=0.5401
[21:47:31] warmStart 59% (1385/2314) regret=0.093018 ape=0.5401
[21:47:32] warmStart 59% (1386/2314) regret=0.093018 ape=0.5401
[21:47:32] warmStart 59% (1387/2314) regret=0.093018 ape=0.5401
[21:47:32] warmStart 59% (1388/2314) regret=0.093018 ape=0.5401
[21:47:32] warmStart 60% (1389/2314) regret=0.093018 ape=0.5401
[21:47:32] warmStart 60% (1390/2314) regret=0.093018 ape=0.5401
[21:47:32] warmStart 60% (1391/2314) regret=0.093018 ape=0.5401
[21:47:32] warmStart 60% (1392/2314) regret=0.093018 ape=0.5401
[21:47:33] warmStart 60% (1393/2314) regret=0.093018 ape=0.5401
[21:47:33] warmStart 60% (1394/2314) regret=0.093018 ape=0.5401
[21:47:33] warmStart 60% (1395/2314) regret=0.093027 ape=0.5410
[21:47:33] warmStart 60% (1396/2314) regret=0.093018 ape=0.5401
[21:47:33] warmStart 60% (1397/2314) regret=0.093018 ape=0.5401
[21:47:33] warmStart 60% (1398/2314) regret=0.093018 ape=0.5401
[21:47:34] warmStart 60% (1399/2314) regret=0.093018 ape=0.5401
[21:47:34] warmStart 60% (1400/2314) regret=0.093018 ape=0.5401
[21:47:34] warmStart 60% (1401/2314) regret=0.093018 ape=0.5401
[21:47:34] warmStart 60% (1402/2314) regret=0.093018 ape=0.5401
[21:47:34] warmStart 60% (1403/2314) regret=0.093018 ape=0.5401
[21:47:34] warmStart 60% (1404/2314) regret=0.093018 ape=0.5401
[21:47:35] warmStart 60% (1405/2314) regret=0.093018 ape=0.5401
[21:47:35] warmStart 60% (1406/2314) regret=0.093018 ape=0.5401
[21:47:35] warmStart 60% (1407/2314) regret=0.093018 ape=0.5401
[21:47:35] warmStart 60% (1408/2314) regret=0.093018 ape=0.5401
[21:47:35] warmStart 60% (1409/2314) regret=0.093018 ape=0.5401
[21:47:35] warmStart 60% (1410/2314) regret=0.093018 ape=0.5401
[21:47:36] warmStart 60% (1411/2314) regret=0.093156 ape=0.5410
[21:47:36] warmStart 61% (1412/2314) regret=0.093018 ape=0.5401
[21:47:36] warmStart 61% (1413/2314) regret=0.093018 ape=0.5401
[21:47:36] warmStart 61% (1414/2314) regret=0.093018 ape=0.5401
[21:47:36] warmStart 61% (1415/2314) regret=0.093018 ape=0.5401
[21:47:36] warmStart 61% (1416/2314) regret=0.092801 ape=0.5392
[21:47:36] warmStart 61% (1417/2314) regret=0.092903 ape=0.5392
[21:47:37] warmStart 61% (1418/2314) regret=0.092912 ape=0.5392
[21:47:37] warmStart 61% (1419/2314) regret=0.092903 ape=0.5392
[21:47:37] warmStart 61% (1420/2314) regret=0.092903 ape=0.5392
[21:47:37] warmStart 61% (1421/2314) regret=0.092903 ape=0.5392
[21:47:37] warmStart 61% (1422/2314) regret=0.092921 ape=0.5392
[21:47:37] warmStart 61% (1423/2314) regret=0.092903 ape=0.5392
[21:47:38] warmStart 61% (1424/2314) regret=0.092903 ape=0.5392
[21:47:38] warmStart 61% (1425/2314) regret=0.092903 ape=0.5392
[21:47:38] warmStart 61% (1426/2314) regret=0.092903 ape=0.5392
[21:47:38] warmStart 61% (1427/2314) regret=0.092870 ape=0.5382
[21:47:38] warmStart 61% (1428/2314) regret=0.092903 ape=0.5392
[21:47:38] warmStart 61% (1429/2314) regret=0.092903 ape=0.5392
[21:47:39] warmStart 61% (1430/2314) regret=0.092903 ape=0.5392
[21:47:39] warmStart 61% (1431/2314) regret=0.092903 ape=0.5392
[21:47:39] warmStart 61% (1432/2314) regret=0.092907 ape=0.5401
[21:47:39] warmStart 61% (1433/2314) regret=0.093000 ape=0.5410
[21:47:39] warmStart 61% (1434/2314) regret=0.092898 ape=0.5410
[21:47:39] warmStart 62% (1435/2314) regret=0.092898 ape=0.5410
[21:47:40] warmStart 62% (1436/2314) regret=0.092898 ape=0.5410
[21:47:40] warmStart 62% (1437/2314) regret=0.092889 ape=0.5410
[21:47:40] warmStart 62% (1438/2314) regret=0.092944 ape=0.5410
[21:47:40] warmStart 62% (1439/2314) regret=0.092898 ape=0.5410
[21:47:40] warmStart 62% (1440/2314) regret=0.092898 ape=0.5410
[21:47:40] warmStart 62% (1441/2314) regret=0.092898 ape=0.5410
[21:47:41] warmStart 62% (1442/2314) regret=0.092898 ape=0.5410
[21:47:41] warmStart 62% (1443/2314) regret=0.092898 ape=0.5410
[21:47:41] warmStart 62% (1444/2314) regret=0.092898 ape=0.5410
[21:47:41] warmStart 62% (1445/2314) regret=0.092880 ape=0.5410
[21:47:41] warmStart 62% (1446/2314) regret=0.092898 ape=0.5410
[21:47:41] warmStart 62% (1447/2314) regret=0.092898 ape=0.5410
[21:47:41] warmStart 62% (1448/2314) regret=0.092898 ape=0.5410
[21:47:42] warmStart 62% (1449/2314) regret=0.092898 ape=0.5410
[21:47:42] warmStart 62% (1450/2314) regret=0.092898 ape=0.5410
[21:47:42] warmStart 62% (1451/2314) regret=0.092898 ape=0.5410
[21:47:42] warmStart 62% (1452/2314) regret=0.092898 ape=0.5410
[21:47:42] warmStart 62% (1453/2314) regret=0.092898 ape=0.5410
[21:47:42] warmStart 62% (1454/2314) regret=0.092898 ape=0.5410
[21:47:43] warmStart 62% (1455/2314) regret=0.092898 ape=0.5410
[21:47:43] warmStart 62% (1456/2314) regret=0.092990 ape=0.5419
[21:47:43] warmStart 62% (1457/2314) regret=0.092898 ape=0.5410
[21:47:43] warmStart 63% (1458/2314) regret=0.092898 ape=0.5410
[21:47:43] warmStart 63% (1459/2314) regret=0.092898 ape=0.5410
[21:47:43] warmStart 63% (1460/2314) regret=0.092898 ape=0.5410
[21:47:44] warmStart 63% (1461/2314) regret=0.092898 ape=0.5410
[21:47:44] warmStart 63% (1462/2314) regret=0.092898 ape=0.5410
[21:47:44] warmStart 63% (1463/2314) regret=0.092898 ape=0.5410
[21:47:44] warmStart 63% (1464/2314) regret=0.092480 ape=0.5410
[21:47:44] warmStart 63% (1465/2314) regret=0.092480 ape=0.5410
[21:47:44] warmStart 63% (1466/2314) regret=0.092480 ape=0.5410
[21:47:45] warmStart 63% (1467/2314) regret=0.092480 ape=0.5410
[21:47:45] warmStart 63% (1468/2314) regret=0.092434 ape=0.5401
[21:47:45] warmStart 63% (1469/2314) regret=0.092536 ape=0.5401
[21:47:45] warmStart 63% (1470/2314) regret=0.092536 ape=0.5401
[21:47:45] warmStart 63% (1471/2314) regret=0.092536 ape=0.5401
[21:47:45] warmStart 63% (1472/2314) regret=0.092536 ape=0.5401
[21:47:45] warmStart 63% (1473/2314) regret=0.092536 ape=0.5401
[21:47:46] warmStart 63% (1474/2314) regret=0.092443 ape=0.5392
[21:47:46] warmStart 63% (1475/2314) regret=0.092443 ape=0.5392
[21:47:46] warmStart 63% (1476/2314) regret=0.092443 ape=0.5392
[21:47:46] warmStart 63% (1477/2314) regret=0.092443 ape=0.5392
[21:47:46] warmStart 63% (1478/2314) regret=0.092443 ape=0.5392
[21:47:46] warmStart 63% (1479/2314) regret=0.092443 ape=0.5392
[21:47:47] warmStart 63% (1480/2314) regret=0.092430 ape=0.5382
[21:47:47] warmStart 64% (1481/2314) regret=0.092430 ape=0.5382
[21:47:47] warmStart 64% (1482/2314) regret=0.092430 ape=0.5382
[21:47:47] warmStart 64% (1483/2314) regret=0.092430 ape=0.5382
[21:47:47] warmStart 64% (1484/2314) regret=0.092430 ape=0.5382
[21:47:47] warmStart 64% (1485/2314) regret=0.092430 ape=0.5382
[21:47:48] warmStart 64% (1486/2314) regret=0.092430 ape=0.5382
[21:47:48] warmStart 64% (1487/2314) regret=0.092430 ape=0.5382
[21:47:48] warmStart 64% (1488/2314) regret=0.092443 ape=0.5392
[21:47:48] warmStart 64% (1489/2314) regret=0.092430 ape=0.5382
[21:47:48] warmStart 64% (1490/2314) regret=0.092430 ape=0.5382
[21:47:48] warmStart 64% (1491/2314) regret=0.092430 ape=0.5382
[21:47:49] warmStart 64% (1492/2314) regret=0.092430 ape=0.5382
[21:47:49] warmStart 64% (1493/2314) regret=0.092430 ape=0.5382
[21:47:49] warmStart 64% (1494/2314) regret=0.092430 ape=0.5382
[21:47:49] warmStart 64% (1495/2314) regret=0.092430 ape=0.5382
[21:47:49] warmStart 64% (1496/2314) regret=0.092430 ape=0.5382
[21:47:49] warmStart 64% (1497/2314) regret=0.092430 ape=0.5382
[21:47:49] warmStart 64% (1498/2314) regret=0.092430 ape=0.5382
[21:47:50] warmStart 64% (1499/2314) regret=0.092430 ape=0.5382
[21:47:50] warmStart 64% (1500/2314) regret=0.092430 ape=0.5382
[21:47:50] warmStart 64% (1501/2314) regret=0.092430 ape=0.5382
[21:47:50] warmStart 64% (1502/2314) regret=0.092430 ape=0.5382
[21:47:50] warmStart 64% (1503/2314) regret=0.092430 ape=0.5382
[21:47:50] warmStart 64% (1504/2314) regret=0.092430 ape=0.5382
[21:47:51] warmStart 65% (1505/2314) regret=0.092430 ape=0.5382
[21:47:51] warmStart 65% (1506/2314) regret=0.092430 ape=0.5382
[21:47:51] warmStart 65% (1507/2314) regret=0.092113 ape=0.5373
[21:47:51] warmStart 65% (1508/2314) regret=0.092113 ape=0.5373
[21:47:51] warmStart 65% (1509/2314) regret=0.092113 ape=0.5373
[21:47:51] warmStart 65% (1510/2314) regret=0.092113 ape=0.5373
[21:47:52] warmStart 65% (1511/2314) regret=0.092113 ape=0.5373
[21:47:52] warmStart 65% (1512/2314) regret=0.092113 ape=0.5373
[21:47:52] warmStart 65% (1513/2314) regret=0.092113 ape=0.5373
[21:47:52] warmStart 65% (1514/2314) regret=0.092113 ape=0.5373
[21:47:52] warmStart 65% (1515/2314) regret=0.092113 ape=0.5373
[21:47:52] warmStart 65% (1516/2314) regret=0.092113 ape=0.5373
[21:47:53] warmStart 65% (1517/2314) regret=0.092113 ape=0.5373
[21:47:53] warmStart 65% (1518/2314) regret=0.092113 ape=0.5373
[21:47:53] warmStart 65% (1519/2314) regret=0.092113 ape=0.5373
[21:47:53] warmStart 65% (1520/2314) regret=0.092113 ape=0.5373
[21:47:53] warmStart 65% (1521/2314) regret=0.092113 ape=0.5373
[21:47:53] warmStart 65% (1522/2314) regret=0.092113 ape=0.5373
[21:47:54] warmStart 65% (1523/2314) regret=0.092113 ape=0.5373
[21:47:54] warmStart 65% (1524/2314) regret=0.092113 ape=0.5373
[21:47:54] warmStart 65% (1525/2314) regret=0.092113 ape=0.5373
[21:47:54] warmStart 65% (1526/2314) regret=0.092113 ape=0.5373
[21:47:54] warmStart 65% (1527/2314) regret=0.092113 ape=0.5373
[21:47:54] warmStart 66% (1528/2314) regret=0.092113 ape=0.5373
[21:47:55] warmStart 66% (1529/2314) regret=0.092113 ape=0.5373
[21:47:55] warmStart 66% (1530/2314) regret=0.092113 ape=0.5373
[21:47:55] warmStart 66% (1531/2314) regret=0.092113 ape=0.5373
[21:47:55] warmStart 66% (1532/2314) regret=0.092113 ape=0.5373
[21:47:55] warmStart 66% (1533/2314) regret=0.092113 ape=0.5373
[21:47:55] warmStart 66% (1534/2314) regret=0.092113 ape=0.5373
[21:47:56] warmStart 66% (1535/2314) regret=0.092113 ape=0.5373
[21:47:56] warmStart 66% (1536/2314) regret=0.092113 ape=0.5373
[21:47:56] warmStart 66% (1537/2314) regret=0.092113 ape=0.5373
[21:47:56] warmStart 66% (1538/2314) regret=0.092113 ape=0.5373
[21:47:56] warmStart 66% (1539/2314) regret=0.092113 ape=0.5373
[21:47:56] warmStart 66% (1540/2314) regret=0.092113 ape=0.5373
[21:47:56] warmStart 66% (1541/2314) regret=0.092095 ape=0.5373
[21:47:57] warmStart 66% (1542/2314) regret=0.091680 ape=0.5364
[21:47:57] warmStart 66% (1543/2314) regret=0.091680 ape=0.5364
[21:47:57] warmStart 66% (1544/2314) regret=0.091680 ape=0.5364
[21:47:57] warmStart 66% (1545/2314) regret=0.091680 ape=0.5364
[21:47:57] warmStart 66% (1546/2314) regret=0.091680 ape=0.5364
[21:47:57] warmStart 66% (1547/2314) regret=0.091708 ape=0.5364
[21:47:58] warmStart 66% (1548/2314) regret=0.091708 ape=0.5364
[21:47:58] warmStart 66% (1549/2314) regret=0.091708 ape=0.5364
[21:47:58] warmStart 66% (1550/2314) regret=0.091708 ape=0.5364
[21:47:58] warmStart 67% (1551/2314) regret=0.091708 ape=0.5364
[21:47:58] warmStart 67% (1552/2314) regret=0.091708 ape=0.5364
[21:47:58] warmStart 67% (1553/2314) regret=0.091708 ape=0.5364
[21:47:59] warmStart 67% (1554/2314) regret=0.091708 ape=0.5364
[21:47:59] warmStart 67% (1555/2314) regret=0.091708 ape=0.5364
[21:47:59] warmStart 67% (1556/2314) regret=0.091708 ape=0.5364
[21:47:59] warmStart 67% (1557/2314) regret=0.091708 ape=0.5364
[21:47:59] warmStart 67% (1558/2314) regret=0.091708 ape=0.5364
[21:47:59] warmStart 67% (1559/2314) regret=0.091708 ape=0.5364
[21:48:00] warmStart 67% (1560/2314) regret=0.091708 ape=0.5364
[21:48:00] warmStart 67% (1561/2314) regret=0.091708 ape=0.5364
[21:48:00] warmStart 67% (1562/2314) regret=0.091708 ape=0.5364
[21:48:00] warmStart 67% (1563/2314) regret=0.091708 ape=0.5364
[21:48:00] warmStart 67% (1564/2314) regret=0.091708 ape=0.5364
[21:48:00] warmStart 67% (1565/2314) regret=0.091708 ape=0.5364
[21:48:00] warmStart 67% (1566/2314) regret=0.091708 ape=0.5364
[21:48:01] warmStart 67% (1567/2314) regret=0.091708 ape=0.5364
[21:48:01] warmStart 67% (1568/2314) regret=0.091708 ape=0.5364
[21:48:01] warmStart 67% (1569/2314) regret=0.091708 ape=0.5364
[21:48:01] warmStart 67% (1570/2314) regret=0.091708 ape=0.5364
[21:48:01] warmStart 67% (1571/2314) regret=0.091708 ape=0.5364
[21:48:01] warmStart 67% (1572/2314) regret=0.091708 ape=0.5364
[21:48:02] warmStart 67% (1573/2314) regret=0.091708 ape=0.5364
[21:48:02] warmStart 68% (1574/2314) regret=0.091708 ape=0.5364
[21:48:02] warmStart 68% (1575/2314) regret=0.091708 ape=0.5364
[21:48:02] warmStart 68% (1576/2314) regret=0.091708 ape=0.5364
[21:48:02] warmStart 68% (1577/2314) regret=0.091708 ape=0.5364
[21:48:02] warmStart 68% (1578/2314) regret=0.091708 ape=0.5364
[21:48:03] warmStart 68% (1579/2314) regret=0.091708 ape=0.5364
[21:48:03] warmStart 68% (1580/2314) regret=0.091708 ape=0.5364
[21:48:03] warmStart 68% (1581/2314) regret=0.091708 ape=0.5364
[21:48:03] warmStart 68% (1582/2314) regret=0.091708 ape=0.5364
[21:48:03] warmStart 68% (1583/2314) regret=0.091708 ape=0.5364
[21:48:03] warmStart 68% (1584/2314) regret=0.091809 ape=0.5364
[21:48:04] warmStart 68% (1585/2314) regret=0.091708 ape=0.5364
[21:48:04] warmStart 68% (1586/2314) regret=0.091708 ape=0.5364
[21:48:04] warmStart 68% (1587/2314) regret=0.091708 ape=0.5364
[21:48:04] warmStart 68% (1588/2314) regret=0.091708 ape=0.5364
[21:48:04] warmStart 68% (1589/2314) regret=0.091708 ape=0.5364
[21:48:04] warmStart 68% (1590/2314) regret=0.091708 ape=0.5364
[21:48:05] warmStart 68% (1591/2314) regret=0.091708 ape=0.5364
[21:48:05] warmStart 68% (1592/2314) regret=0.091708 ape=0.5364
[21:48:05] warmStart 68% (1593/2314) regret=0.091708 ape=0.5364
[21:48:05] warmStart 68% (1594/2314) regret=0.091708 ape=0.5364
[21:48:05] warmStart 68% (1595/2314) regret=0.091708 ape=0.5364
[21:48:05] warmStart 68% (1596/2314) regret=0.091625 ape=0.5364
[21:48:06] warmStart 69% (1597/2314) regret=0.091708 ape=0.5364
[21:48:06] warmStart 69% (1598/2314) regret=0.091708 ape=0.5364
[21:48:06] warmStart 69% (1599/2314) regret=0.091708 ape=0.5364
[21:48:06] warmStart 69% (1600/2314) regret=0.091708 ape=0.5364
[21:48:06] warmStart 69% (1601/2314) regret=0.091708 ape=0.5364
[21:48:06] warmStart 69% (1602/2314) regret=0.091708 ape=0.5364
[21:48:06] warmStart 69% (1603/2314) regret=0.091708 ape=0.5364
[21:48:07] warmStart 69% (1604/2314) regret=0.091708 ape=0.5364
[21:48:07] warmStart 69% (1605/2314) regret=0.091650 ape=0.5364
[21:48:07] warmStart 69% (1606/2314) regret=0.091708 ape=0.5364
[21:48:07] warmStart 69% (1607/2314) regret=0.091735 ape=0.5364
[21:48:07] warmStart 69% (1608/2314) regret=0.091708 ape=0.5364
[21:48:07] warmStart 69% (1609/2314) regret=0.091708 ape=0.5364
[21:48:08] warmStart 69% (1610/2314) regret=0.091708 ape=0.5364
[21:48:08] warmStart 69% (1611/2314) regret=0.091708 ape=0.5364
[21:48:08] warmStart 69% (1612/2314) regret=0.091708 ape=0.5364
[21:48:08] warmStart 69% (1613/2314) regret=0.091708 ape=0.5364
[21:48:08] warmStart 69% (1614/2314) regret=0.091682 ape=0.5364
[21:48:08] warmStart 69% (1615/2314) regret=0.091682 ape=0.5364
[21:48:09] warmStart 69% (1616/2314) regret=0.091682 ape=0.5364
[21:48:09] warmStart 69% (1617/2314) regret=0.091682 ape=0.5364
[21:48:09] warmStart 69% (1618/2314) regret=0.091682 ape=0.5364
[21:48:09] warmStart 69% (1619/2314) regret=0.091695 ape=0.5373
[21:48:09] warmStart 70% (1620/2314) regret=0.091682 ape=0.5364
[21:48:09] warmStart 70% (1621/2314) regret=0.091682 ape=0.5364
[21:48:09] warmStart 70% (1622/2314) regret=0.091682 ape=0.5364
[21:48:10] warmStart 70% (1623/2314) regret=0.091682 ape=0.5364
[21:48:10] warmStart 70% (1624/2314) regret=0.091682 ape=0.5364
[21:48:10] warmStart 70% (1625/2314) regret=0.091682 ape=0.5364
[21:48:10] warmStart 70% (1626/2314) regret=0.091677 ape=0.5355
[21:48:10] warmStart 70% (1627/2314) regret=0.091703 ape=0.5355
[21:48:10] warmStart 70% (1628/2314) regret=0.091703 ape=0.5355
[21:48:11] warmStart 70% (1629/2314) regret=0.091703 ape=0.5355
[21:48:11] warmStart 70% (1630/2314) regret=0.091703 ape=0.5355
[21:48:11] warmStart 70% (1631/2314) regret=0.091703 ape=0.5355
[21:48:11] warmStart 70% (1632/2314) regret=0.091703 ape=0.5355
[21:48:11] warmStart 70% (1633/2314) regret=0.091703 ape=0.5355
[21:48:11] warmStart 70% (1634/2314) regret=0.091703 ape=0.5355
[21:48:12] warmStart 70% (1635/2314) regret=0.091703 ape=0.5355
[21:48:12] warmStart 70% (1636/2314) regret=0.091677 ape=0.5355
[21:48:12] warmStart 70% (1637/2314) regret=0.091677 ape=0.5355
[21:48:12] warmStart 70% (1638/2314) regret=0.091677 ape=0.5355
[21:48:12] warmStart 70% (1639/2314) regret=0.091677 ape=0.5355
[21:48:12] warmStart 70% (1640/2314) regret=0.091677 ape=0.5355
[21:48:13] warmStart 70% (1641/2314) regret=0.091705 ape=0.5355
[21:48:13] warmStart 70% (1642/2314) regret=0.091677 ape=0.5355
[21:48:13] warmStart 71% (1643/2314) regret=0.091677 ape=0.5355
[21:48:13] warmStart 71% (1644/2314) regret=0.091677 ape=0.5355
[21:48:13] warmStart 71% (1645/2314) regret=0.091677 ape=0.5355
[21:48:13] warmStart 71% (1646/2314) regret=0.091677 ape=0.5355
[21:48:14] warmStart 71% (1647/2314) regret=0.091677 ape=0.5355
[21:48:14] warmStart 71% (1648/2314) regret=0.091677 ape=0.5355
[21:48:14] warmStart 71% (1649/2314) regret=0.091677 ape=0.5355
[21:48:14] warmStart 71% (1650/2314) regret=0.091703 ape=0.5355
[21:48:14] warmStart 71% (1651/2314) regret=0.091703 ape=0.5355
[21:48:14] warmStart 71% (1652/2314) regret=0.091703 ape=0.5355
[21:48:14] warmStart 71% (1653/2314) regret=0.091703 ape=0.5355
[21:48:15] warmStart 71% (1654/2314) regret=0.091703 ape=0.5355
[21:48:15] warmStart 71% (1655/2314) regret=0.091703 ape=0.5355
[21:48:15] warmStart 71% (1656/2314) regret=0.091703 ape=0.5355
[21:48:15] warmStart 71% (1657/2314) regret=0.091677 ape=0.5355
[21:48:15] warmStart 71% (1658/2314) regret=0.091576 ape=0.5355
[21:48:15] warmStart 71% (1659/2314) regret=0.091576 ape=0.5355
[21:48:16] warmStart 71% (1660/2314) regret=0.091576 ape=0.5355
[21:48:16] warmStart 71% (1661/2314) regret=0.091576 ape=0.5355
[21:48:16] warmStart 71% (1662/2314) regret=0.091433 ape=0.5346
[21:48:16] warmStart 71% (1663/2314) regret=0.091433 ape=0.5346
[21:48:16] warmStart 71% (1664/2314) regret=0.091576 ape=0.5355
[21:48:16] warmStart 71% (1665/2314) regret=0.091576 ape=0.5355
[21:48:17] warmStart 71% (1666/2314) regret=0.091576 ape=0.5355
[21:48:17] warmStart 72% (1667/2314) regret=0.091433 ape=0.5346
[21:48:17] warmStart 72% (1668/2314) regret=0.091433 ape=0.5346
[21:48:17] warmStart 72% (1669/2314) regret=0.091433 ape=0.5346
[21:48:17] warmStart 72% (1670/2314) regret=0.091433 ape=0.5346
[21:48:18] warmStart 72% (1671/2314) regret=0.091433 ape=0.5346
[21:48:18] warmStart 72% (1672/2314) regret=0.091433 ape=0.5346
[21:48:18] warmStart 72% (1673/2314) regret=0.091433 ape=0.5346
[21:48:18] warmStart 72% (1674/2314) regret=0.091433 ape=0.5346
[21:48:18] warmStart 72% (1675/2314) regret=0.091433 ape=0.5346
[21:48:18] warmStart 72% (1676/2314) regret=0.091433 ape=0.5346
[21:48:19] warmStart 72% (1677/2314) regret=0.091433 ape=0.5346
[21:48:19] warmStart 72% (1678/2314) regret=0.091433 ape=0.5346
[21:48:19] warmStart 72% (1679/2314) regret=0.091433 ape=0.5346
[21:48:19] warmStart 72% (1680/2314) regret=0.091433 ape=0.5346
[21:48:19] warmStart 72% (1681/2314) regret=0.091433 ape=0.5346
[21:48:19] warmStart 72% (1682/2314) regret=0.091479 ape=0.5355
[21:48:20] warmStart 72% (1683/2314) regret=0.091479 ape=0.5355
[21:48:20] warmStart 72% (1684/2314) regret=0.091479 ape=0.5355
[21:48:20] warmStart 72% (1685/2314) regret=0.091479 ape=0.5355
[21:48:20] warmStart 72% (1686/2314) regret=0.091479 ape=0.5355
[21:48:20] warmStart 72% (1687/2314) regret=0.091479 ape=0.5355
[21:48:20] warmStart 72% (1688/2314) regret=0.091479 ape=0.5355
[21:48:21] warmStart 72% (1689/2314) regret=0.091479 ape=0.5355
[21:48:21] warmStart 73% (1690/2314) regret=0.091479 ape=0.5355
[21:48:21] warmStart 73% (1691/2314) regret=0.091505 ape=0.5355
[21:48:21] warmStart 73% (1692/2314) regret=0.091505 ape=0.5355
[21:48:21] warmStart 73% (1693/2314) regret=0.091505 ape=0.5355
[21:48:21] warmStart 73% (1694/2314) regret=0.091505 ape=0.5355
[21:48:22] warmStart 73% (1695/2314) regret=0.091505 ape=0.5355
[21:48:22] warmStart 73% (1696/2314) regret=0.091505 ape=0.5355
[21:48:22] warmStart 73% (1697/2314) regret=0.091505 ape=0.5355
[21:48:22] warmStart 73% (1698/2314) regret=0.091505 ape=0.5355
[21:48:22] warmStart 73% (1699/2314) regret=0.091479 ape=0.5355
[21:48:22] warmStart 73% (1700/2314) regret=0.091470 ape=0.5346
[21:48:22] warmStart 73% (1701/2314) regret=0.091470 ape=0.5346
[21:48:23] warmStart 73% (1702/2314) regret=0.091470 ape=0.5346
[21:48:23] warmStart 73% (1703/2314) regret=0.091470 ape=0.5346
[21:48:23] warmStart 73% (1704/2314) regret=0.091437 ape=0.5336
[21:48:23] warmStart 73% (1705/2314) regret=0.091474 ape=0.5355
[21:48:23] warmStart 73% (1706/2314) regret=0.091474 ape=0.5355
[21:48:23] warmStart 73% (1707/2314) regret=0.091474 ape=0.5355
[21:48:24] warmStart 73% (1708/2314) regret=0.091474 ape=0.5355
[21:48:24] warmStart 73% (1709/2314) regret=0.091474 ape=0.5355
[21:48:24] warmStart 73% (1710/2314) regret=0.091474 ape=0.5355
[21:48:24] warmStart 73% (1711/2314) regret=0.091474 ape=0.5355
[21:48:24] warmStart 73% (1712/2314) regret=0.091474 ape=0.5355
[21:48:24] warmStart 74% (1713/2314) regret=0.091474 ape=0.5355
[21:48:25] warmStart 74% (1714/2314) regret=0.091474 ape=0.5355
[21:48:25] warmStart 74% (1715/2314) regret=0.091474 ape=0.5355
[21:48:25] warmStart 74% (1716/2314) regret=0.091474 ape=0.5355
[21:48:25] warmStart 74% (1717/2314) regret=0.091500 ape=0.5355
[21:48:25] warmStart 74% (1718/2314) regret=0.091500 ape=0.5355
[21:48:25] warmStart 74% (1719/2314) regret=0.091500 ape=0.5355
[21:48:26] warmStart 74% (1720/2314) regret=0.091514 ape=0.5364
[21:48:26] warmStart 74% (1721/2314) regret=0.091500 ape=0.5355
[21:48:26] warmStart 74% (1722/2314) regret=0.091500 ape=0.5355
[21:48:26] warmStart 74% (1723/2314) regret=0.091500 ape=0.5355
[21:48:26] warmStart 74% (1724/2314) regret=0.091500 ape=0.5355
[21:48:26] warmStart 74% (1725/2314) regret=0.091474 ape=0.5355
[21:48:26] warmStart 74% (1726/2314) regret=0.091474 ape=0.5355
[21:48:27] warmStart 74% (1727/2314) regret=0.091474 ape=0.5355
[21:48:27] warmStart 74% (1728/2314) regret=0.091474 ape=0.5355
[21:48:27] warmStart 74% (1729/2314) regret=0.091474 ape=0.5355
[21:48:27] warmStart 74% (1730/2314) regret=0.091474 ape=0.5355
[21:48:27] warmStart 74% (1731/2314) regret=0.091474 ape=0.5355
[21:48:27] warmStart 74% (1732/2314) regret=0.091474 ape=0.5355
[21:48:28] warmStart 74% (1733/2314) regret=0.091474 ape=0.5355
[21:48:28] warmStart 74% (1734/2314) regret=0.091474 ape=0.5355
[21:48:28] warmStart 74% (1735/2314) regret=0.091474 ape=0.5355
[21:48:28] warmStart 75% (1736/2314) regret=0.091612 ape=0.5364
[21:48:28] warmStart 75% (1737/2314) regret=0.091474 ape=0.5355
[21:48:28] warmStart 75% (1738/2314) regret=0.091483 ape=0.5355
[21:48:29] warmStart 75% (1739/2314) regret=0.091474 ape=0.5355
[21:48:29] warmStart 75% (1740/2314) regret=0.091500 ape=0.5355
[21:48:29] warmStart 75% (1741/2314) regret=0.091500 ape=0.5355
[21:48:29] warmStart 75% (1742/2314) regret=0.091500 ape=0.5355
[21:48:29] warmStart 75% (1743/2314) regret=0.091500 ape=0.5355
[21:48:29] warmStart 75% (1744/2314) regret=0.091500 ape=0.5355
[21:48:29] warmStart 75% (1745/2314) regret=0.091500 ape=0.5355
[21:48:30] warmStart 75% (1746/2314) regret=0.091500 ape=0.5355
[21:48:30] warmStart 75% (1747/2314) regret=0.091500 ape=0.5355
[21:48:30] warmStart 75% (1748/2314) regret=0.091500 ape=0.5355
[21:48:30] warmStart 75% (1749/2314) regret=0.091500 ape=0.5355
[21:48:30] warmStart 75% (1750/2314) regret=0.091500 ape=0.5355
[21:48:30] warmStart 75% (1751/2314) regret=0.091500 ape=0.5355
[21:48:30] warmStart 75% (1752/2314) regret=0.091500 ape=0.5355
[21:48:31] warmStart 75% (1753/2314) regret=0.091474 ape=0.5355
[21:48:31] warmStart 75% (1754/2314) regret=0.091474 ape=0.5355
[21:48:31] warmStart 75% (1755/2314) regret=0.091474 ape=0.5355
[21:48:31] warmStart 75% (1756/2314) regret=0.091474 ape=0.5355
[21:48:31] warmStart 75% (1757/2314) regret=0.091474 ape=0.5355
[21:48:31] warmStart 75% (1758/2314) regret=0.091474 ape=0.5355
[21:48:32] warmStart 76% (1759/2314) regret=0.091474 ape=0.5355
[21:48:32] warmStart 76% (1760/2314) regret=0.091474 ape=0.5355
[21:48:32] warmStart 76% (1761/2314) regret=0.091474 ape=0.5355
[21:48:32] warmStart 76% (1762/2314) regret=0.091474 ape=0.5355
[21:48:32] warmStart 76% (1763/2314) regret=0.091377 ape=0.5346
[21:48:32] warmStart 76% (1764/2314) regret=0.091474 ape=0.5355
[21:48:33] warmStart 76% (1765/2314) regret=0.091474 ape=0.5355
[21:48:33] warmStart 76% (1766/2314) regret=0.091474 ape=0.5355
[21:48:33] warmStart 76% (1767/2314) regret=0.091474 ape=0.5355
[21:48:33] warmStart 76% (1768/2314) regret=0.091474 ape=0.5355
[21:48:33] warmStart 76% (1769/2314) regret=0.091474 ape=0.5355
[21:48:33] warmStart 76% (1770/2314) regret=0.091474 ape=0.5355
[21:48:34] warmStart 76% (1771/2314) regret=0.091474 ape=0.5355
[21:48:34] warmStart 76% (1772/2314) regret=0.091474 ape=0.5355
[21:48:34] warmStart 76% (1773/2314) regret=0.091474 ape=0.5355
[21:48:34] warmStart 76% (1774/2314) regret=0.091474 ape=0.5355
[21:48:34] warmStart 76% (1775/2314) regret=0.091474 ape=0.5355
[21:48:34] warmStart 76% (1776/2314) regret=0.091474 ape=0.5355
[21:48:34] warmStart 76% (1777/2314) regret=0.091474 ape=0.5355
[21:48:35] warmStart 76% (1778/2314) regret=0.091493 ape=0.5355
[21:48:35] warmStart 76% (1779/2314) regret=0.091474 ape=0.5355
[21:48:35] warmStart 76% (1780/2314) regret=0.091474 ape=0.5355
[21:48:35] warmStart 76% (1781/2314) regret=0.091474 ape=0.5355
[21:48:35] warmStart 77% (1782/2314) regret=0.091474 ape=0.5355
[21:48:35] warmStart 77% (1783/2314) regret=0.091474 ape=0.5355
[21:48:36] warmStart 77% (1784/2314) regret=0.091474 ape=0.5355
[21:48:36] warmStart 77% (1785/2314) regret=0.091474 ape=0.5355
[21:48:36] warmStart 77% (1786/2314) regret=0.091502 ape=0.5355
[21:48:36] warmStart 77% (1787/2314) regret=0.091474 ape=0.5355
[21:48:36] warmStart 77% (1788/2314) regret=0.091474 ape=0.5355
[21:48:36] warmStart 77% (1789/2314) regret=0.091474 ape=0.5355
[21:48:37] warmStart 77% (1790/2314) regret=0.091541 ape=0.5364
[21:48:37] warmStart 77% (1791/2314) regret=0.091541 ape=0.5364
[21:48:37] warmStart 77% (1792/2314) regret=0.091541 ape=0.5364
[21:48:37] warmStart 77% (1793/2314) regret=0.091541 ape=0.5364
[21:48:37] warmStart 77% (1794/2314) regret=0.091541 ape=0.5364
[21:48:37] warmStart 77% (1795/2314) regret=0.091541 ape=0.5364
[21:48:38] warmStart 77% (1796/2314) regret=0.091541 ape=0.5364
[21:48:38] warmStart 77% (1797/2314) regret=0.091541 ape=0.5364
[21:48:38] warmStart 77% (1798/2314) regret=0.091541 ape=0.5364
[21:48:38] warmStart 77% (1799/2314) regret=0.091541 ape=0.5364
[21:48:38] warmStart 77% (1800/2314) regret=0.091541 ape=0.5364
[21:48:38] warmStart 77% (1801/2314) regret=0.091541 ape=0.5364
[21:48:39] warmStart 77% (1802/2314) regret=0.091541 ape=0.5364
[21:48:39] warmStart 77% (1803/2314) regret=0.091541 ape=0.5364
[21:48:39] warmStart 77% (1804/2314) regret=0.091541 ape=0.5364
[21:48:39] warmStart 78% (1805/2314) regret=0.091541 ape=0.5364
[21:48:39] warmStart 78% (1806/2314) regret=0.091541 ape=0.5364
[21:48:39] warmStart 78% (1807/2314) regret=0.091541 ape=0.5364
[21:48:39] warmStart 78% (1808/2314) regret=0.091541 ape=0.5364
[21:48:40] warmStart 78% (1809/2314) regret=0.091541 ape=0.5364
[21:48:40] warmStart 78% (1810/2314) regret=0.091541 ape=0.5364
[21:48:40] warmStart 78% (1811/2314) regret=0.091541 ape=0.5364
[21:48:40] warmStart 78% (1812/2314) regret=0.091541 ape=0.5364
[21:48:40] warmStart 78% (1813/2314) regret=0.091541 ape=0.5364
[21:48:40] warmStart 78% (1814/2314) regret=0.091541 ape=0.5364
[21:48:41] warmStart 78% (1815/2314) regret=0.091541 ape=0.5364
[21:48:41] warmStart 78% (1816/2314) regret=0.091541 ape=0.5364
[21:48:41] warmStart 78% (1817/2314) regret=0.091541 ape=0.5364
[21:48:41] warmStart 78% (1818/2314) regret=0.091541 ape=0.5364
[21:48:41] warmStart 78% (1819/2314) regret=0.091541 ape=0.5364
[21:48:41] warmStart 78% (1820/2314) regret=0.091679 ape=0.5373
[21:48:42] warmStart 78% (1821/2314) regret=0.091707 ape=0.5373
[21:48:42] warmStart 78% (1822/2314) regret=0.091679 ape=0.5373
[21:48:42] warmStart 78% (1823/2314) regret=0.091679 ape=0.5373
[21:48:42] warmStart 78% (1824/2314) regret=0.091679 ape=0.5373
[21:48:42] warmStart 78% (1825/2314) regret=0.091679 ape=0.5373
[21:48:42] warmStart 78% (1826/2314) regret=0.091679 ape=0.5373
[21:48:43] warmStart 78% (1827/2314) regret=0.091679 ape=0.5373
[21:48:43] warmStart 78% (1828/2314) regret=0.091679 ape=0.5373
[21:48:43] warmStart 79% (1829/2314) regret=0.091679 ape=0.5373
[21:48:43] warmStart 79% (1830/2314) regret=0.091679 ape=0.5373
[21:48:43] warmStart 79% (1831/2314) regret=0.091679 ape=0.5373
[21:48:43] warmStart 79% (1832/2314) regret=0.091679 ape=0.5373
[21:48:43] warmStart 79% (1833/2314) regret=0.091679 ape=0.5373
[21:48:44] warmStart 79% (1834/2314) regret=0.091569 ape=0.5364
[21:48:44] warmStart 79% (1835/2314) regret=0.091569 ape=0.5364
[21:48:44] warmStart 79% (1836/2314) regret=0.091569 ape=0.5364
[21:48:44] warmStart 79% (1837/2314) regret=0.091578 ape=0.5364
[21:48:44] warmStart 79% (1838/2314) regret=0.091569 ape=0.5364
[21:48:44] warmStart 79% (1839/2314) regret=0.091569 ape=0.5364
[21:48:45] warmStart 79% (1840/2314) regret=0.091569 ape=0.5364
[21:48:45] warmStart 79% (1841/2314) regret=0.091569 ape=0.5364
[21:48:45] warmStart 79% (1842/2314) regret=0.091569 ape=0.5364
[21:48:45] warmStart 79% (1843/2314) regret=0.091569 ape=0.5364
[21:48:45] warmStart 79% (1844/2314) regret=0.091569 ape=0.5364
[21:48:45] warmStart 79% (1845/2314) regret=0.091569 ape=0.5364
[21:48:46] warmStart 79% (1846/2314) regret=0.091569 ape=0.5364
[21:48:46] warmStart 79% (1847/2314) regret=0.091491 ape=0.5355
[21:48:46] warmStart 79% (1848/2314) regret=0.091569 ape=0.5364
[21:48:46] warmStart 79% (1849/2314) regret=0.091491 ape=0.5355
[21:48:46] warmStart 79% (1850/2314) regret=0.091491 ape=0.5355
[21:48:46] warmStart 79% (1851/2314) regret=0.091491 ape=0.5355
[21:48:47] warmStart 80% (1852/2314) regret=0.091491 ape=0.5355
[21:48:47] warmStart 80% (1853/2314) regret=0.091491 ape=0.5355
[21:48:47] warmStart 80% (1854/2314) regret=0.091491 ape=0.5355
[21:48:47] warmStart 80% (1855/2314) regret=0.091528 ape=0.5355
[21:48:47] warmStart 80% (1856/2314) regret=0.091528 ape=0.5355
[21:48:47] warmStart 80% (1857/2314) regret=0.091519 ape=0.5355
[21:48:48] warmStart 80% (1858/2314) regret=0.091519 ape=0.5355
[21:48:48] warmStart 80% (1859/2314) regret=0.091519 ape=0.5355
[21:48:48] warmStart 80% (1860/2314) regret=0.091519 ape=0.5355
[21:48:48] warmStart 80% (1861/2314) regret=0.091519 ape=0.5355
[21:48:48] warmStart 80% (1862/2314) regret=0.091519 ape=0.5355
[21:48:48] warmStart 80% (1863/2314) regret=0.091519 ape=0.5355
[21:48:48] warmStart 80% (1864/2314) regret=0.091463 ape=0.5355
[21:48:49] warmStart 80% (1865/2314) regret=0.091463 ape=0.5355
[21:48:49] warmStart 80% (1866/2314) regret=0.091463 ape=0.5355
[21:48:49] warmStart 80% (1867/2314) regret=0.091463 ape=0.5355
[21:48:49] warmStart 80% (1868/2314) regret=0.091463 ape=0.5355
[21:48:49] warmStart 80% (1869/2314) regret=0.091463 ape=0.5355
[21:48:49] warmStart 80% (1870/2314) regret=0.091463 ape=0.5355
[21:48:50] warmStart 80% (1871/2314) regret=0.091463 ape=0.5355
[21:48:50] warmStart 80% (1872/2314) regret=0.091463 ape=0.5355
[21:48:50] warmStart 80% (1873/2314) regret=0.091463 ape=0.5355
[21:48:50] warmStart 80% (1874/2314) regret=0.091463 ape=0.5355
[21:48:50] warmStart 81% (1875/2314) regret=0.091463 ape=0.5355
[21:48:50] warmStart 81% (1876/2314) regret=0.091463 ape=0.5355
[21:48:51] warmStart 81% (1877/2314) regret=0.091477 ape=0.5364
[21:48:51] warmStart 81% (1878/2314) regret=0.091463 ape=0.5355
[21:48:51] warmStart 81% (1879/2314) regret=0.091463 ape=0.5355
[21:48:51] warmStart 81% (1880/2314) regret=0.091463 ape=0.5355
[21:48:51] warmStart 81% (1881/2314) regret=0.091463 ape=0.5355
[21:48:51] warmStart 81% (1882/2314) regret=0.091463 ape=0.5355
[21:48:52] warmStart 81% (1883/2314) regret=0.091463 ape=0.5355
[21:48:52] warmStart 81% (1884/2314) regret=0.091463 ape=0.5355
[21:48:52] warmStart 81% (1885/2314) regret=0.091463 ape=0.5355
[21:48:52] warmStart 81% (1886/2314) regret=0.091463 ape=0.5355
[21:48:52] warmStart 81% (1887/2314) regret=0.091463 ape=0.5355
[21:48:52] warmStart 81% (1888/2314) regret=0.091463 ape=0.5355
[21:48:53] warmStart 81% (1889/2314) regret=0.091463 ape=0.5355
[21:48:53] warmStart 81% (1890/2314) regret=0.091463 ape=0.5355
[21:48:53] warmStart 81% (1891/2314) regret=0.091463 ape=0.5355
[21:48:53] warmStart 81% (1892/2314) regret=0.091463 ape=0.5355
[21:48:53] warmStart 81% (1893/2314) regret=0.091463 ape=0.5355
[21:48:53] warmStart 81% (1894/2314) regret=0.091463 ape=0.5355
[21:48:54] warmStart 81% (1895/2314) regret=0.091463 ape=0.5355
[21:48:54] warmStart 81% (1896/2314) regret=0.091463 ape=0.5355
[21:48:54] warmStart 81% (1897/2314) regret=0.091463 ape=0.5355
[21:48:54] warmStart 82% (1898/2314) regret=0.091556 ape=0.5364
[21:48:54] warmStart 82% (1899/2314) regret=0.091463 ape=0.5355
[21:48:54] warmStart 82% (1900/2314) regret=0.091463 ape=0.5355
[21:48:55] warmStart 82% (1901/2314) regret=0.091406 ape=0.5355
[21:48:55] warmStart 82% (1902/2314) regret=0.091406 ape=0.5355
[21:48:55] warmStart 82% (1903/2314) regret=0.091406 ape=0.5355
[21:48:55] warmStart 82% (1904/2314) regret=0.091406 ape=0.5355
[21:48:55] warmStart 82% (1905/2314) regret=0.091406 ape=0.5355
[21:48:55] warmStart 82% (1906/2314) regret=0.091406 ape=0.5355
[21:48:55] warmStart 82% (1907/2314) regret=0.091406 ape=0.5355
[21:48:56] warmStart 82% (1908/2314) regret=0.091406 ape=0.5355
[21:48:56] warmStart 82% (1909/2314) regret=0.091468 ape=0.5355
[21:48:56] warmStart 82% (1910/2314) regret=0.091468 ape=0.5355
[21:48:56] warmStart 82% (1911/2314) regret=0.091406 ape=0.5355
[21:48:56] warmStart 82% (1912/2314) regret=0.091406 ape=0.5355
[21:48:56] warmStart 82% (1913/2314) regret=0.091406 ape=0.5355
[21:48:57] warmStart 82% (1914/2314) regret=0.091406 ape=0.5355
[21:48:57] warmStart 82% (1915/2314) regret=0.091406 ape=0.5355
[21:48:57] warmStart 82% (1916/2314) regret=0.091406 ape=0.5355
[21:48:57] warmStart 82% (1917/2314) regret=0.091406 ape=0.5355
[21:48:57] warmStart 82% (1918/2314) regret=0.091406 ape=0.5355
[21:48:57] warmStart 82% (1919/2314) regret=0.091406 ape=0.5355
[21:48:57] warmStart 82% (1920/2314) regret=0.091406 ape=0.5355
[21:48:58] warmStart 83% (1921/2314) regret=0.091406 ape=0.5355
[21:48:58] warmStart 83% (1922/2314) regret=0.091424 ape=0.5355
[21:48:58] warmStart 83% (1923/2314) regret=0.091406 ape=0.5355
[21:48:58] warmStart 83% (1924/2314) regret=0.091406 ape=0.5355
[21:48:58] warmStart 83% (1925/2314) regret=0.091406 ape=0.5355
[21:48:58] warmStart 83% (1926/2314) regret=0.091406 ape=0.5355
[21:48:59] warmStart 83% (1927/2314) regret=0.091406 ape=0.5355
[21:48:59] warmStart 83% (1928/2314) regret=0.091406 ape=0.5355
[21:48:59] warmStart 83% (1929/2314) regret=0.091406 ape=0.5355
[21:48:59] warmStart 83% (1930/2314) regret=0.091406 ape=0.5355
[21:48:59] warmStart 83% (1931/2314) regret=0.091406 ape=0.5355
[21:48:59] warmStart 83% (1932/2314) regret=0.091406 ape=0.5355
[21:49:00] warmStart 83% (1933/2314) regret=0.091406 ape=0.5355
[21:49:00] warmStart 83% (1934/2314) regret=0.091406 ape=0.5355
[21:49:00] warmStart 83% (1935/2314) regret=0.091406 ape=0.5355
[21:49:00] warmStart 83% (1936/2314) regret=0.091406 ape=0.5355
[21:49:00] warmStart 83% (1937/2314) regret=0.091406 ape=0.5355
[21:49:00] warmStart 83% (1938/2314) regret=0.091406 ape=0.5355
[21:49:01] warmStart 83% (1939/2314) regret=0.091397 ape=0.5355
[21:49:01] warmStart 83% (1940/2314) regret=0.091406 ape=0.5355
[21:49:01] warmStart 83% (1941/2314) regret=0.091406 ape=0.5355
[21:49:01] warmStart 83% (1942/2314) regret=0.091406 ape=0.5355
[21:49:01] warmStart 83% (1943/2314) regret=0.091406 ape=0.5355
[21:49:01] warmStart 84% (1944/2314) regret=0.091406 ape=0.5355
[21:49:01] warmStart 84% (1945/2314) regret=0.091406 ape=0.5355
[21:49:02] warmStart 84% (1946/2314) regret=0.091406 ape=0.5355
[21:49:02] warmStart 84% (1947/2314) regret=0.091406 ape=0.5355
[21:49:02] warmStart 84% (1948/2314) regret=0.091406 ape=0.5355
[21:49:02] warmStart 84% (1949/2314) regret=0.091406 ape=0.5355
[21:49:02] warmStart 84% (1950/2314) regret=0.091406 ape=0.5355
[21:49:02] warmStart 84% (1951/2314) regret=0.091406 ape=0.5355
[21:49:03] warmStart 84% (1952/2314) regret=0.091406 ape=0.5355
[21:49:03] warmStart 84% (1953/2314) regret=0.091406 ape=0.5355
[21:49:03] warmStart 84% (1954/2314) regret=0.091406 ape=0.5355
[21:49:03] warmStart 84% (1955/2314) regret=0.091406 ape=0.5355
[21:49:03] warmStart 84% (1956/2314) regret=0.091406 ape=0.5355
[21:49:03] warmStart 84% (1957/2314) regret=0.091406 ape=0.5355
[21:49:04] warmStart 84% (1958/2314) regret=0.091406 ape=0.5355
[21:49:04] warmStart 84% (1959/2314) regret=0.091406 ape=0.5355
[21:49:04] warmStart 84% (1960/2314) regret=0.091489 ape=0.5355
[21:49:04] warmStart 84% (1961/2314) regret=0.091489 ape=0.5355
[21:49:04] warmStart 84% (1962/2314) regret=0.091489 ape=0.5355
[21:49:04] warmStart 84% (1963/2314) regret=0.091489 ape=0.5355
[21:49:05] warmStart 84% (1964/2314) regret=0.091489 ape=0.5355
[21:49:05] warmStart 84% (1965/2314) regret=0.091489 ape=0.5355
[21:49:05] warmStart 84% (1966/2314) regret=0.091489 ape=0.5355
[21:49:05] warmStart 85% (1967/2314) regret=0.091489 ape=0.5355
[21:49:05] warmStart 85% (1968/2314) regret=0.091489 ape=0.5355
[21:49:05] warmStart 85% (1969/2314) regret=0.091489 ape=0.5355
[21:49:06] warmStart 85% (1970/2314) regret=0.091489 ape=0.5355
[21:49:06] warmStart 85% (1971/2314) regret=0.091489 ape=0.5355
[21:49:06] warmStart 85% (1972/2314) regret=0.091544 ape=0.5364
[21:49:06] warmStart 85% (1973/2314) regret=0.091489 ape=0.5355
[21:49:06] warmStart 85% (1974/2314) regret=0.091489 ape=0.5355
[21:49:06] warmStart 85% (1975/2314) regret=0.091489 ape=0.5355
[21:49:06] warmStart 85% (1976/2314) regret=0.091489 ape=0.5355
[21:49:07] warmStart 85% (1977/2314) regret=0.091544 ape=0.5364
[21:49:07] warmStart 85% (1978/2314) regret=0.091544 ape=0.5364
[21:49:07] warmStart 85% (1979/2314) regret=0.091544 ape=0.5364
[21:49:07] warmStart 85% (1980/2314) regret=0.091489 ape=0.5355
[21:49:07] warmStart 85% (1981/2314) regret=0.091544 ape=0.5364
[21:49:07] warmStart 85% (1982/2314) regret=0.091544 ape=0.5364
[21:49:08] warmStart 85% (1983/2314) regret=0.091489 ape=0.5355
[21:49:08] warmStart 85% (1984/2314) regret=0.091544 ape=0.5364
[21:49:08] warmStart 85% (1985/2314) regret=0.091489 ape=0.5355
[21:49:08] warmStart 85% (1986/2314) regret=0.091489 ape=0.5355
[21:49:08] warmStart 85% (1987/2314) regret=0.091489 ape=0.5355
[21:49:08] warmStart 85% (1988/2314) regret=0.091489 ape=0.5355
[21:49:09] warmStart 85% (1989/2314) regret=0.091461 ape=0.5355
[21:49:09] warmStart 85% (1990/2314) regret=0.091461 ape=0.5355
[21:49:09] warmStart 86% (1991/2314) regret=0.091461 ape=0.5355
[21:49:09] warmStart 86% (1992/2314) regret=0.091461 ape=0.5355
[21:49:09] warmStart 86% (1993/2314) regret=0.091461 ape=0.5355
[21:49:09] warmStart 86% (1994/2314) regret=0.091461 ape=0.5355
[21:49:10] warmStart 86% (1995/2314) regret=0.091461 ape=0.5355
[21:49:10] warmStart 86% (1996/2314) regret=0.091461 ape=0.5355
[21:49:10] warmStart 86% (1997/2314) regret=0.091461 ape=0.5355
[21:49:10] warmStart 86% (1998/2314) regret=0.091461 ape=0.5355
[21:49:10] warmStart 86% (1999/2314) regret=0.091461 ape=0.5355
[21:49:10] warmStart 86% (2000/2314) regret=0.091461 ape=0.5355
[21:49:10] warmStart 86% (2001/2314) regret=0.091475 ape=0.5364
[21:49:11] warmStart 86% (2002/2314) regret=0.091461 ape=0.5355
[21:49:11] warmStart 86% (2003/2314) regret=0.091461 ape=0.5355
[21:49:11] warmStart 86% (2004/2314) regret=0.091461 ape=0.5355
[21:49:11] warmStart 86% (2005/2314) regret=0.091447 ape=0.5355
[21:49:11] warmStart 86% (2006/2314) regret=0.091461 ape=0.5355
[21:49:11] warmStart 86% (2007/2314) regret=0.091461 ape=0.5355
[21:49:12] warmStart 86% (2008/2314) regret=0.091461 ape=0.5355
[21:49:12] warmStart 86% (2009/2314) regret=0.091461 ape=0.5355
[21:49:12] warmStart 86% (2010/2314) regret=0.091461 ape=0.5355
[21:49:12] warmStart 86% (2011/2314) regret=0.091461 ape=0.5355
[21:49:12] warmStart 86% (2012/2314) regret=0.091461 ape=0.5355
[21:49:12] warmStart 86% (2013/2314) regret=0.091461 ape=0.5355
[21:49:13] warmStart 87% (2014/2314) regret=0.091461 ape=0.5355
[21:49:13] warmStart 87% (2015/2314) regret=0.091461 ape=0.5355
[21:49:13] warmStart 87% (2016/2314) regret=0.091461 ape=0.5355
[21:49:13] warmStart 87% (2017/2314) regret=0.091523 ape=0.5355
[21:49:13] warmStart 87% (2018/2314) regret=0.091461 ape=0.5355
[21:49:13] warmStart 87% (2019/2314) regret=0.091461 ape=0.5355
[21:49:14] warmStart 87% (2020/2314) regret=0.091461 ape=0.5355
[21:49:14] warmStart 87% (2021/2314) regret=0.091461 ape=0.5355
[21:49:14] warmStart 87% (2022/2314) regret=0.091461 ape=0.5355
[21:49:14] warmStart 87% (2023/2314) regret=0.091461 ape=0.5355
[21:49:14] warmStart 87% (2024/2314) regret=0.091461 ape=0.5355
[21:49:14] warmStart 87% (2025/2314) regret=0.091461 ape=0.5355
[21:49:15] warmStart 87% (2026/2314) regret=0.091516 ape=0.5364
[21:49:15] warmStart 87% (2027/2314) regret=0.091461 ape=0.5355
[21:49:15] warmStart 87% (2028/2314) regret=0.091461 ape=0.5355
[21:49:15] warmStart 87% (2029/2314) regret=0.091461 ape=0.5355
[21:49:15] warmStart 87% (2030/2314) regret=0.091539 ape=0.5364
[21:49:15] warmStart 87% (2031/2314) regret=0.091461 ape=0.5355
[21:49:15] warmStart 87% (2032/2314) regret=0.091461 ape=0.5355
[21:49:16] warmStart 87% (2033/2314) regret=0.091461 ape=0.5355
[21:49:16] warmStart 87% (2034/2314) regret=0.091461 ape=0.5355
[21:49:16] warmStart 87% (2035/2314) regret=0.091461 ape=0.5355
[21:49:16] warmStart 87% (2036/2314) regret=0.091461 ape=0.5355
[21:49:16] warmStart 88% (2037/2314) regret=0.091461 ape=0.5355
[21:49:16] warmStart 88% (2038/2314) regret=0.091461 ape=0.5355
[21:49:17] warmStart 88% (2039/2314) regret=0.091461 ape=0.5355
[21:49:17] warmStart 88% (2040/2314) regret=0.091461 ape=0.5355
[21:49:17] warmStart 88% (2041/2314) regret=0.091461 ape=0.5355
[21:49:17] warmStart 88% (2042/2314) regret=0.091461 ape=0.5355
[21:49:17] warmStart 88% (2043/2314) regret=0.091461 ape=0.5355
[21:49:17] warmStart 88% (2044/2314) regret=0.091461 ape=0.5355
[21:49:18] warmStart 88% (2045/2314) regret=0.091461 ape=0.5355
[21:49:18] warmStart 88% (2046/2314) regret=0.091461 ape=0.5355
[21:49:18] warmStart 88% (2047/2314) regret=0.091461 ape=0.5355
[21:49:18] warmStart 88% (2048/2314) regret=0.091461 ape=0.5355
[21:49:18] warmStart 88% (2049/2314) regret=0.091461 ape=0.5355
[21:49:18] warmStart 88% (2050/2314) regret=0.091461 ape=0.5355
[21:49:19] warmStart 88% (2051/2314) regret=0.091433 ape=0.5355
[21:49:19] warmStart 88% (2052/2314) regret=0.091433 ape=0.5355
[21:49:19] warmStart 88% (2053/2314) regret=0.091433 ape=0.5355
[21:49:19] warmStart 88% (2054/2314) regret=0.091433 ape=0.5355
[21:49:19] warmStart 88% (2055/2314) regret=0.091433 ape=0.5355
[21:49:19] warmStart 88% (2056/2314) regret=0.091433 ape=0.5355
[21:49:20] warmStart 88% (2057/2314) regret=0.091433 ape=0.5355
[21:49:20] warmStart 88% (2058/2314) regret=0.091433 ape=0.5355
[21:49:20] warmStart 88% (2059/2314) regret=0.091433 ape=0.5355
[21:49:20] warmStart 89% (2060/2314) regret=0.091433 ape=0.5355
[21:49:20] warmStart 89% (2061/2314) regret=0.091433 ape=0.5355
[21:49:20] warmStart 89% (2062/2314) regret=0.091433 ape=0.5355
[21:49:21] warmStart 89% (2063/2314) regret=0.091433 ape=0.5355
[21:49:21] warmStart 89% (2064/2314) regret=0.091433 ape=0.5355
[21:49:21] warmStart 89% (2065/2314) regret=0.091433 ape=0.5355
[21:49:21] warmStart 89% (2066/2314) regret=0.091433 ape=0.5355
[21:49:21] warmStart 89% (2067/2314) regret=0.091433 ape=0.5355
[21:49:22] warmStart 89% (2068/2314) regret=0.091433 ape=0.5355
[21:49:22] warmStart 89% (2069/2314) regret=0.091433 ape=0.5355
[21:49:22] warmStart 89% (2070/2314) regret=0.091433 ape=0.5355
[21:49:22] warmStart 89% (2071/2314) regret=0.091433 ape=0.5355
[21:49:22] warmStart 89% (2072/2314) regret=0.091433 ape=0.5355
[21:49:23] warmStart 89% (2073/2314) regret=0.091433 ape=0.5355
[21:49:23] warmStart 89% (2074/2314) regret=0.091433 ape=0.5355
[21:49:23] warmStart 89% (2075/2314) regret=0.091433 ape=0.5355
[21:49:23] warmStart 89% (2076/2314) regret=0.091433 ape=0.5355
[21:49:23] warmStart 89% (2077/2314) regret=0.091433 ape=0.5355
[21:49:23] warmStart 89% (2078/2314) regret=0.091433 ape=0.5355
[21:49:24] warmStart 89% (2079/2314) regret=0.091433 ape=0.5355
[21:49:24] warmStart 89% (2080/2314) regret=0.091433 ape=0.5355
[21:49:24] warmStart 89% (2081/2314) regret=0.091461 ape=0.5355
[21:49:24] warmStart 89% (2082/2314) regret=0.091433 ape=0.5355
[21:49:24] warmStart 90% (2083/2314) regret=0.091433 ape=0.5355
[21:49:24] warmStart 90% (2084/2314) regret=0.091433 ape=0.5355
[21:49:25] warmStart 90% (2085/2314) regret=0.091433 ape=0.5355
[21:49:25] warmStart 90% (2086/2314) regret=0.091433 ape=0.5355
[21:49:25] warmStart 90% (2087/2314) regret=0.091433 ape=0.5355
[21:49:25] warmStart 90% (2088/2314) regret=0.091433 ape=0.5355
[21:49:25] warmStart 90% (2089/2314) regret=0.091433 ape=0.5355
[21:49:25] warmStart 90% (2090/2314) regret=0.091433 ape=0.5355
[21:49:25] warmStart 90% (2091/2314) regret=0.091433 ape=0.5355
[21:49:26] warmStart 90% (2092/2314) regret=0.091433 ape=0.5355
[21:49:26] warmStart 90% (2093/2314) regret=0.091433 ape=0.5355
[21:49:26] warmStart 90% (2094/2314) regret=0.091433 ape=0.5355
[21:49:26] warmStart 90% (2095/2314) regret=0.091433 ape=0.5355
[21:49:26] warmStart 90% (2096/2314) regret=0.091433 ape=0.5355
[21:49:26] warmStart 90% (2097/2314) regret=0.091433 ape=0.5355
[21:49:27] warmStart 90% (2098/2314) regret=0.091433 ape=0.5355
[21:49:27] warmStart 90% (2099/2314) regret=0.091433 ape=0.5355
[21:49:27] warmStart 90% (2100/2314) regret=0.091433 ape=0.5355
[21:49:27] warmStart 90% (2101/2314) regret=0.091433 ape=0.5355
[21:49:27] warmStart 90% (2102/2314) regret=0.091433 ape=0.5355
[21:49:27] warmStart 90% (2103/2314) regret=0.091433 ape=0.5355
[21:49:28] warmStart 90% (2104/2314) regret=0.091433 ape=0.5355
[21:49:28] warmStart 90% (2105/2314) regret=0.091433 ape=0.5355
[21:49:28] warmStart 91% (2106/2314) regret=0.091433 ape=0.5355
[21:49:28] warmStart 91% (2107/2314) regret=0.091433 ape=0.5355
[21:49:28] warmStart 91% (2108/2314) regret=0.091433 ape=0.5355
[21:49:28] warmStart 91% (2109/2314) regret=0.091433 ape=0.5355
[21:49:29] warmStart 91% (2110/2314) regret=0.091433 ape=0.5355
[21:49:29] warmStart 91% (2111/2314) regret=0.091433 ape=0.5355
[21:49:29] warmStart 91% (2112/2314) regret=0.091433 ape=0.5355
[21:49:29] warmStart 91% (2113/2314) regret=0.091433 ape=0.5355
[21:49:29] warmStart 91% (2114/2314) regret=0.091433 ape=0.5355
[21:49:29] warmStart 91% (2115/2314) regret=0.091433 ape=0.5355
[21:49:30] warmStart 91% (2116/2314) regret=0.091433 ape=0.5355
[21:49:30] warmStart 91% (2117/2314) regret=0.091433 ape=0.5355
[21:49:30] warmStart 91% (2118/2314) regret=0.091433 ape=0.5355
[21:49:30] warmStart 91% (2119/2314) regret=0.091489 ape=0.5364
[21:49:30] warmStart 91% (2120/2314) regret=0.091433 ape=0.5355
[21:49:30] warmStart 91% (2121/2314) regret=0.091433 ape=0.5355
[21:49:31] warmStart 91% (2122/2314) regret=0.091433 ape=0.5355
[21:49:31] warmStart 91% (2123/2314) regret=0.091433 ape=0.5355
[21:49:31] warmStart 91% (2124/2314) regret=0.091433 ape=0.5355
[21:49:31] warmStart 91% (2125/2314) regret=0.091433 ape=0.5355
[21:49:31] warmStart 91% (2126/2314) regret=0.091433 ape=0.5355
[21:49:31] warmStart 91% (2127/2314) regret=0.091433 ape=0.5355
[21:49:32] warmStart 91% (2128/2314) regret=0.091433 ape=0.5355
[21:49:32] warmStart 92% (2129/2314) regret=0.091433 ape=0.5355
[21:49:32] warmStart 92% (2130/2314) regret=0.091433 ape=0.5355
[21:49:32] warmStart 92% (2131/2314) regret=0.091590 ape=0.5355
[21:49:32] warmStart 92% (2132/2314) regret=0.091433 ape=0.5355
[21:49:32] warmStart 92% (2133/2314) regret=0.091433 ape=0.5355
[21:49:32] warmStart 92% (2134/2314) regret=0.091433 ape=0.5355
[21:49:33] warmStart 92% (2135/2314) regret=0.091433 ape=0.5355
[21:49:33] warmStart 92% (2136/2314) regret=0.091433 ape=0.5355
[21:49:33] warmStart 92% (2137/2314) regret=0.091433 ape=0.5355
[21:49:33] warmStart 92% (2138/2314) regret=0.091433 ape=0.5355
[21:49:33] warmStart 92% (2139/2314) regret=0.091433 ape=0.5355
[21:49:33] warmStart 92% (2140/2314) regret=0.091433 ape=0.5355
[21:49:34] warmStart 92% (2141/2314) regret=0.091433 ape=0.5355
[21:49:34] warmStart 92% (2142/2314) regret=0.091433 ape=0.5355
[21:49:34] warmStart 92% (2143/2314) regret=0.091433 ape=0.5355
[21:49:34] warmStart 92% (2144/2314) regret=0.091433 ape=0.5355
[21:49:34] warmStart 92% (2145/2314) regret=0.091433 ape=0.5355
[21:49:34] warmStart 92% (2146/2314) regret=0.091433 ape=0.5355
[21:49:35] warmStart 92% (2147/2314) regret=0.091433 ape=0.5355
[21:49:35] warmStart 92% (2148/2314) regret=0.091433 ape=0.5355
[21:49:35] warmStart 92% (2149/2314) regret=0.091433 ape=0.5355
[21:49:35] warmStart 92% (2150/2314) regret=0.091433 ape=0.5355
[21:49:35] warmStart 92% (2151/2314) regret=0.091295 ape=0.5346
[21:49:36] warmStart 92% (2152/2314) regret=0.091295 ape=0.5346
[21:49:36] warmStart 93% (2153/2314) regret=0.091295 ape=0.5346
[21:49:36] warmStart 93% (2154/2314) regret=0.091295 ape=0.5346
[21:49:36] warmStart 93% (2155/2314) regret=0.091295 ape=0.5346
[21:49:36] warmStart 93% (2156/2314) regret=0.091295 ape=0.5346
[21:49:36] warmStart 93% (2157/2314) regret=0.091295 ape=0.5346
[21:49:37] warmStart 93% (2158/2314) regret=0.091295 ape=0.5346
[21:49:37] warmStart 93% (2159/2314) regret=0.091295 ape=0.5346
[21:49:37] warmStart 93% (2160/2314) regret=0.091295 ape=0.5346
[21:49:37] warmStart 93% (2161/2314) regret=0.091295 ape=0.5346
[21:49:37] warmStart 93% (2162/2314) regret=0.091360 ape=0.5355
[21:49:37] warmStart 93% (2163/2314) regret=0.091360 ape=0.5355
[21:49:38] warmStart 93% (2164/2314) regret=0.091295 ape=0.5346
[21:49:38] warmStart 93% (2165/2314) regret=0.091360 ape=0.5355
[21:49:38] warmStart 93% (2166/2314) regret=0.091295 ape=0.5346
[21:49:38] warmStart 93% (2167/2314) regret=0.091295 ape=0.5346
[21:49:38] warmStart 93% (2168/2314) regret=0.091295 ape=0.5346
[21:49:38] warmStart 93% (2169/2314) regret=0.091295 ape=0.5346
[21:49:38] warmStart 93% (2170/2314) regret=0.091295 ape=0.5346
[21:49:39] warmStart 93% (2171/2314) regret=0.091295 ape=0.5346
[21:49:39] warmStart 93% (2172/2314) regret=0.091295 ape=0.5346
[21:49:39] warmStart 93% (2173/2314) regret=0.091295 ape=0.5346
[21:49:39] warmStart 93% (2174/2314) regret=0.091295 ape=0.5346
[21:49:39] warmStart 93% (2175/2314) regret=0.091295 ape=0.5346
[21:49:39] warmStart 94% (2176/2314) regret=0.091295 ape=0.5346
[21:49:40] warmStart 94% (2177/2314) regret=0.091295 ape=0.5346
[21:49:40] warmStart 94% (2178/2314) regret=0.091295 ape=0.5346
[21:49:40] warmStart 94% (2179/2314) regret=0.091295 ape=0.5346
[21:49:40] warmStart 94% (2180/2314) regret=0.091295 ape=0.5346
[21:49:40] warmStart 94% (2181/2314) regret=0.091295 ape=0.5346
[21:49:40] warmStart 94% (2182/2314) regret=0.091295 ape=0.5346
[21:49:41] warmStart 94% (2183/2314) regret=0.091295 ape=0.5346
[21:49:41] warmStart 94% (2184/2314) regret=0.091295 ape=0.5346
[21:49:41] warmStart 94% (2185/2314) regret=0.091295 ape=0.5346
[21:49:41] warmStart 94% (2186/2314) regret=0.091270 ape=0.5336
[21:49:41] warmStart 94% (2187/2314) regret=0.091270 ape=0.5336
[21:49:41] warmStart 94% (2188/2314) regret=0.091270 ape=0.5336
[21:49:41] warmStart 94% (2189/2314) regret=0.091270 ape=0.5336
[21:49:42] warmStart 94% (2190/2314) regret=0.091270 ape=0.5336
[21:49:42] warmStart 94% (2191/2314) regret=0.091270 ape=0.5336
[21:49:42] warmStart 94% (2192/2314) regret=0.091270 ape=0.5336
[21:49:42] warmStart 94% (2193/2314) regret=0.091270 ape=0.5336
[21:49:42] warmStart 94% (2194/2314) regret=0.091270 ape=0.5336
[21:49:42] warmStart 94% (2195/2314) regret=0.091270 ape=0.5336
[21:49:43] warmStart 94% (2196/2314) regret=0.091270 ape=0.5336
[21:49:43] warmStart 94% (2197/2314) regret=0.091270 ape=0.5336
[21:49:43] warmStart 94% (2198/2314) regret=0.091270 ape=0.5336
[21:49:43] warmStart 95% (2199/2314) regret=0.091270 ape=0.5336
[21:49:43] warmStart 95% (2200/2314) regret=0.091270 ape=0.5336
[21:49:43] warmStart 95% (2201/2314) regret=0.091270 ape=0.5336
[21:49:43] warmStart 95% (2202/2314) regret=0.091270 ape=0.5336
[21:49:44] warmStart 95% (2203/2314) regret=0.091270 ape=0.5336
[21:49:44] warmStart 95% (2204/2314) regret=0.091238 ape=0.5327
[21:49:44] warmStart 95% (2205/2314) regret=0.091270 ape=0.5336
[21:49:44] warmStart 95% (2206/2314) regret=0.091270 ape=0.5336
[21:49:44] warmStart 95% (2207/2314) regret=0.091270 ape=0.5336
[21:49:44] warmStart 95% (2208/2314) regret=0.091270 ape=0.5336
[21:49:45] warmStart 95% (2209/2314) regret=0.091270 ape=0.5336
[21:49:45] warmStart 95% (2210/2314) regret=0.091270 ape=0.5336
[21:49:45] warmStart 95% (2211/2314) regret=0.091270 ape=0.5336
[21:49:45] warmStart 95% (2212/2314) regret=0.091270 ape=0.5336
[21:49:45] warmStart 95% (2213/2314) regret=0.091270 ape=0.5336
[21:49:45] warmStart 95% (2214/2314) regret=0.091270 ape=0.5336
[21:49:46] warmStart 95% (2215/2314) regret=0.091270 ape=0.5336
[21:49:46] warmStart 95% (2216/2314) regret=0.091270 ape=0.5336
[21:49:46] warmStart 95% (2217/2314) regret=0.091270 ape=0.5336
[21:49:46] warmStart 95% (2218/2314) regret=0.091270 ape=0.5336
[21:49:46] warmStart 95% (2219/2314) regret=0.091270 ape=0.5336
[21:49:46] warmStart 95% (2220/2314) regret=0.091270 ape=0.5336
[21:49:47] warmStart 95% (2221/2314) regret=0.091270 ape=0.5336
[21:49:47] warmStart 96% (2222/2314) regret=0.091270 ape=0.5336
[21:49:47] warmStart 96% (2223/2314) regret=0.091270 ape=0.5336
[21:49:47] warmStart 96% (2224/2314) regret=0.091270 ape=0.5336
[21:49:47] warmStart 96% (2225/2314) regret=0.091270 ape=0.5336
[21:49:47] warmStart 96% (2226/2314) regret=0.091270 ape=0.5336
[21:49:47] warmStart 96% (2227/2314) regret=0.091270 ape=0.5336
[21:49:48] warmStart 96% (2228/2314) regret=0.091270 ape=0.5336
[21:49:48] warmStart 96% (2229/2314) regret=0.091270 ape=0.5336
[21:49:48] warmStart 96% (2230/2314) regret=0.091270 ape=0.5336
[21:49:48] warmStart 96% (2231/2314) regret=0.091270 ape=0.5336
[21:49:48] warmStart 96% (2232/2314) regret=0.091270 ape=0.5336
[21:49:48] warmStart 96% (2233/2314) regret=0.091270 ape=0.5336
[21:49:49] warmStart 96% (2234/2314) regret=0.091270 ape=0.5336
[21:49:49] warmStart 96% (2235/2314) regret=0.091270 ape=0.5336
[21:49:49] warmStart 96% (2236/2314) regret=0.091270 ape=0.5336
[21:49:49] warmStart 96% (2237/2314) regret=0.091270 ape=0.5336
[21:49:49] warmStart 96% (2238/2314) regret=0.091270 ape=0.5336
[21:49:49] warmStart 96% (2239/2314) regret=0.091270 ape=0.5336
[21:49:50] warmStart 96% (2240/2314) regret=0.091270 ape=0.5336
[21:49:50] warmStart 96% (2241/2314) regret=0.091270 ape=0.5336
[21:49:50] warmStart 96% (2242/2314) regret=0.091270 ape=0.5336
[21:49:50] warmStart 96% (2243/2314) regret=0.091270 ape=0.5336
[21:49:50] warmStart 96% (2244/2314) regret=0.091270 ape=0.5336
[21:49:50] warmStart 97% (2245/2314) regret=0.091270 ape=0.5336
[21:49:51] warmStart 97% (2246/2314) regret=0.091270 ape=0.5336
[21:49:51] warmStart 97% (2247/2314) regret=0.091270 ape=0.5336
[21:49:51] warmStart 97% (2248/2314) regret=0.091270 ape=0.5336
[21:49:51] warmStart 97% (2249/2314) regret=0.091270 ape=0.5336
[21:49:51] warmStart 97% (2250/2314) regret=0.091270 ape=0.5336
[21:49:51] warmStart 97% (2251/2314) regret=0.091270 ape=0.5336
[21:49:52] warmStart 97% (2252/2314) regret=0.091270 ape=0.5336
[21:49:52] warmStart 97% (2253/2314) regret=0.091251 ape=0.5336
[21:49:52] warmStart 97% (2254/2314) regret=0.091270 ape=0.5336
[21:49:52] warmStart 97% (2255/2314) regret=0.091270 ape=0.5336
[21:49:52] warmStart 97% (2256/2314) regret=0.091270 ape=0.5336
[21:49:52] warmStart 97% (2257/2314) regret=0.091270 ape=0.5336
[21:49:52] warmStart 97% (2258/2314) regret=0.091270 ape=0.5336
[21:49:53] warmStart 97% (2259/2314) regret=0.091270 ape=0.5336
[21:49:53] warmStart 97% (2260/2314) regret=0.091270 ape=0.5336
[21:49:53] warmStart 97% (2261/2314) regret=0.091270 ape=0.5336
[21:49:53] warmStart 97% (2262/2314) regret=0.091270 ape=0.5336
[21:49:53] warmStart 97% (2263/2314) regret=0.091270 ape=0.5336
[21:49:53] warmStart 97% (2264/2314) regret=0.091270 ape=0.5336
[21:49:54] warmStart 97% (2265/2314) regret=0.091270 ape=0.5336
[21:49:54] warmStart 97% (2266/2314) regret=0.091270 ape=0.5336
[21:49:54] warmStart 97% (2267/2314) regret=0.091270 ape=0.5336
[21:49:54] warmStart 98% (2268/2314) regret=0.091270 ape=0.5336
[21:49:54] warmStart 98% (2269/2314) regret=0.091270 ape=0.5336
[21:49:54] warmStart 98% (2270/2314) regret=0.091270 ape=0.5336
[21:49:55] warmStart 98% (2271/2314) regret=0.091270 ape=0.5336
[21:49:55] warmStart 98% (2272/2314) regret=0.091270 ape=0.5336
[21:49:55] warmStart 98% (2273/2314) regret=0.091270 ape=0.5336
[21:49:55] warmStart 98% (2274/2314) regret=0.091270 ape=0.5336
[21:49:55] warmStart 98% (2275/2314) regret=0.091270 ape=0.5336
[21:49:55] warmStart 98% (2276/2314) regret=0.091270 ape=0.5336
[21:49:56] warmStart 98% (2277/2314) regret=0.091270 ape=0.5336
[21:49:56] warmStart 98% (2278/2314) regret=0.091270 ape=0.5336
[21:49:56] warmStart 98% (2279/2314) regret=0.091270 ape=0.5336
[21:49:56] warmStart 98% (2280/2314) regret=0.091270 ape=0.5336
[21:49:56] warmStart 98% (2281/2314) regret=0.091173 ape=0.5327
[21:49:56] warmStart 98% (2282/2314) regret=0.091270 ape=0.5336
[21:49:57] warmStart 98% (2283/2314) regret=0.091270 ape=0.5336
[21:49:57] warmStart 98% (2284/2314) regret=0.091270 ape=0.5336
[21:49:57] warmStart 98% (2285/2314) regret=0.091270 ape=0.5336
[21:49:57] warmStart 98% (2286/2314) regret=0.091270 ape=0.5336
[21:49:57] warmStart 98% (2287/2314) regret=0.091270 ape=0.5336
[21:49:57] warmStart 98% (2288/2314) regret=0.091270 ape=0.5336
[21:49:58] warmStart 98% (2289/2314) regret=0.091270 ape=0.5336
[21:49:58] warmStart 98% (2290/2314) regret=0.091270 ape=0.5336
[21:49:58] warmStart 99% (2291/2314) regret=0.091270 ape=0.5336
[21:49:58] warmStart 99% (2292/2314) regret=0.091270 ape=0.5336
[21:49:58] warmStart 99% (2293/2314) regret=0.091270 ape=0.5336
[21:49:58] warmStart 99% (2294/2314) regret=0.091270 ape=0.5336
[21:49:59] warmStart 99% (2295/2314) regret=0.091270 ape=0.5336
[21:49:59] warmStart 99% (2296/2314) regret=0.091270 ape=0.5336
[21:49:59] warmStart 99% (2297/2314) regret=0.091270 ape=0.5336
[21:49:59] warmStart 99% (2298/2314) regret=0.091270 ape=0.5336
[21:49:59] warmStart 99% (2299/2314) regret=0.091270 ape=0.5336
[21:49:59] warmStart 99% (2300/2314) regret=0.091270 ape=0.5336
[21:50:00] warmStart 99% (2301/2314) regret=0.091270 ape=0.5336
[21:50:00] warmStart 99% (2302/2314) regret=0.091270 ape=0.5336
[21:50:00] warmStart 99% (2303/2314) regret=0.091270 ape=0.5336
[21:50:00] warmStart 99% (2304/2314) regret=0.091270 ape=0.5336
[21:50:00] warmStart 99% (2305/2314) regret=0.091270 ape=0.5336
[21:50:00] warmStart 99% (2306/2314) regret=0.091270 ape=0.5336
[21:50:01] warmStart 99% (2307/2314) regret=0.091270 ape=0.5336
[21:50:01] warmStart 99% (2308/2314) regret=0.091270 ape=0.5336
[21:50:01] warmStart 99% (2309/2314) regret=0.091270 ape=0.5336
[21:50:01] warmStart 99% (2310/2314) regret=0.091270 ape=0.5336
[21:50:01] warmStart 99% (2311/2314) regret=0.091270 ape=0.5336
[21:50:01] warmStart 99% (2312/2314) regret=0.091270 ape=0.5336
Warm w=200 finished: 2313 points, 376.11s wall time
  Final: regret=0.091270, ape=0.5336

Saved JSON: /home/users/g/s/gsavary/LudiiMCTSVariations/slurm_sweep_full_dataset/results_20260425_214312/sweep_warm_200_4_20260425_215001.json

Generating plots...
Saved regret plot: /home/users/g/s/gsavary/LudiiMCTSVariations/slurm_sweep_full_dataset/results_20260425_214312/sweep_warm_200_4_20260425_215001_regret.png
Saved APE plot: /home/users/g/s/gsavary/LudiiMCTSVariations/slurm_sweep_full_dataset/results_20260425_214312/sweep_warm_200_4_20260425_215001_ape.png

======================================================================
EXPERIMENT COMPLETE
======================================================================
Results saved to: /home/users/g/s/gsavary/LudiiMCTSVariations/slurm_sweep_full_dataset/results_20260425_214312
JSON file: sweep_warm_200_4_20260425_215001.json
Experiment finished. Results saved to: /home/users/g/s/gsavary/LudiiMCTSVariations/slurm_sweep_full_dataset/results_20260425_214312
