Starting experiment...
Project root: /home/users/g/s/gsavary/LudiiMCTSVariations
Method: warm:100
Output dir: /home/users/g/s/gsavary/LudiiMCTSVariations/slurm_sweep_full_dataset/results_20260425_214312
Seed: 4
Time limit:  seconds


======================================================================
SLURM Sweep Experiment - Single Method
======================================================================
Method: warm:100
Time limit: 7200.0s, Seed: 4, Batch size: 20
Output directory: /home/users/g/s/gsavary/LudiiMCTSVariations/slurm_sweep_full_dataset/results_20260425_214312

Loading Ludii dataset...
Loaded 1085 games
Using 1085 games (full dataset, no subsampling)

Running timing probe (100 pulls)...
  Estimated secs/pull: 0.027018

Time budget: 7200.0s → ~266485 total pulls
Per-method budget: 38069 pulls (~1028.6s)

Computing predictor-only performance...
  Predictions loaded: 23675 agent predictions
  Predictor-only: regret=0.104318, ape=0.4894

Running WARM-START (w=100)...
[21:43:58] warmStart 0% (0/1904) regret=0.099373 ape=0.5622
[21:43:58] warmStart 0% (1/1904) regret=0.099373 ape=0.5622
[21:43:58] warmStart 0% (2/1904) regret=0.099373 ape=0.5622
[21:43:59] warmStart 0% (3/1904) regret=0.099383 ape=0.5622
[21:43:59] warmStart 0% (4/1904) regret=0.099346 ape=0.5613
[21:43:59] warmStart 0% (5/1904) regret=0.099346 ape=0.5613
[21:43:59] warmStart 0% (6/1904) regret=0.099346 ape=0.5613
[21:44:00] warmStart 0% (7/1904) regret=0.099346 ape=0.5613
[21:44:00] warmStart 0% (8/1904) regret=0.099346 ape=0.5613
[21:44:00] warmStart 0% (9/1904) regret=0.099346 ape=0.5613
[21:44:01] warmStart 0% (10/1904) regret=0.099346 ape=0.5613
[21:44:01] warmStart 0% (11/1904) regret=0.099346 ape=0.5613
[21:44:01] warmStart 0% (12/1904) regret=0.099336 ape=0.5613
[21:44:01] warmStart 0% (13/1904) regret=0.099324 ape=0.5604
[21:44:02] warmStart 0% (14/1904) regret=0.099336 ape=0.5613
[21:44:02] warmStart 0% (15/1904) regret=0.099336 ape=0.5613
[21:44:02] warmStart 0% (16/1904) regret=0.099336 ape=0.5613
[21:44:02] warmStart 0% (17/1904) regret=0.099336 ape=0.5613
[21:44:03] warmStart 0% (18/1904) regret=0.099336 ape=0.5613
[21:44:03] warmStart 0% (19/1904) regret=0.099336 ape=0.5613
[21:44:03] warmStart 1% (20/1904) regret=0.099336 ape=0.5613
[21:44:03] warmStart 1% (21/1904) regret=0.099336 ape=0.5613
[21:44:04] warmStart 1% (22/1904) regret=0.099346 ape=0.5622
[21:44:04] warmStart 1% (23/1904) regret=0.099312 ape=0.5622
[21:44:04] warmStart 1% (24/1904) regret=0.099346 ape=0.5622
[21:44:04] warmStart 1% (25/1904) regret=0.099346 ape=0.5622
[21:44:04] warmStart 1% (26/1904) regret=0.099346 ape=0.5622
[21:44:05] warmStart 1% (27/1904) regret=0.099330 ape=0.5622
[21:44:05] warmStart 1% (28/1904) regret=0.099330 ape=0.5622
[21:44:05] warmStart 1% (29/1904) regret=0.099330 ape=0.5622
[21:44:05] warmStart 1% (30/1904) regret=0.099330 ape=0.5622
[21:44:05] warmStart 1% (31/1904) regret=0.099330 ape=0.5622
[21:44:06] warmStart 1% (32/1904) regret=0.099330 ape=0.5622
[21:44:06] warmStart 1% (33/1904) regret=0.099330 ape=0.5622
[21:44:06] warmStart 1% (34/1904) regret=0.099330 ape=0.5622
[21:44:06] warmStart 1% (35/1904) regret=0.099330 ape=0.5622
[21:44:07] warmStart 1% (36/1904) regret=0.098385 ape=0.5613
[21:44:07] warmStart 1% (37/1904) regret=0.098385 ape=0.5613
[21:44:07] warmStart 1% (38/1904) regret=0.098385 ape=0.5613
[21:44:08] warmStart 2% (39/1904) regret=0.098385 ape=0.5613
[21:44:08] warmStart 2% (40/1904) regret=0.098385 ape=0.5613
[21:44:08] warmStart 2% (41/1904) regret=0.098385 ape=0.5613
[21:44:08] warmStart 2% (42/1904) regret=0.098357 ape=0.5613
[21:44:09] warmStart 2% (43/1904) regret=0.098357 ape=0.5613
[21:44:09] warmStart 2% (44/1904) regret=0.098090 ape=0.5604
[21:44:09] warmStart 2% (45/1904) regret=0.098090 ape=0.5604
[21:44:09] warmStart 2% (46/1904) regret=0.098090 ape=0.5604
[21:44:10] warmStart 2% (47/1904) regret=0.098090 ape=0.5604
[21:44:10] warmStart 2% (48/1904) regret=0.098090 ape=0.5604
[21:44:10] warmStart 2% (49/1904) regret=0.098090 ape=0.5604
[21:44:10] warmStart 2% (50/1904) regret=0.098090 ape=0.5604
[21:44:11] warmStart 2% (51/1904) regret=0.098090 ape=0.5604
[21:44:11] warmStart 2% (52/1904) regret=0.098090 ape=0.5604
[21:44:11] warmStart 2% (53/1904) regret=0.098090 ape=0.5604
[21:44:11] warmStart 2% (54/1904) regret=0.098090 ape=0.5604
[21:44:12] warmStart 2% (55/1904) regret=0.098090 ape=0.5604
[21:44:12] warmStart 2% (56/1904) regret=0.098090 ape=0.5604
[21:44:12] warmStart 2% (57/1904) regret=0.098090 ape=0.5604
[21:44:12] warmStart 3% (58/1904) regret=0.098090 ape=0.5604
[21:44:13] warmStart 3% (59/1904) regret=0.098056 ape=0.5604
[21:44:13] warmStart 3% (60/1904) regret=0.098090 ape=0.5604
[21:44:13] warmStart 3% (61/1904) regret=0.098090 ape=0.5604
[21:44:13] warmStart 3% (62/1904) regret=0.097961 ape=0.5594
[21:44:14] warmStart 3% (63/1904) regret=0.097961 ape=0.5594
[21:44:14] warmStart 3% (64/1904) regret=0.097961 ape=0.5594
[21:44:14] warmStart 3% (65/1904) regret=0.097961 ape=0.5594
[21:44:14] warmStart 3% (66/1904) regret=0.097961 ape=0.5594
[21:44:15] warmStart 3% (67/1904) regret=0.097916 ape=0.5594
[21:44:15] warmStart 3% (68/1904) regret=0.098475 ape=0.5604
[21:44:15] warmStart 3% (69/1904) regret=0.098475 ape=0.5604
[21:44:15] warmStart 3% (70/1904) regret=0.098475 ape=0.5604
[21:44:16] warmStart 3% (71/1904) regret=0.098475 ape=0.5604
[21:44:16] warmStart 3% (72/1904) regret=0.098475 ape=0.5604
[21:44:16] warmStart 3% (73/1904) regret=0.098475 ape=0.5604
[21:44:16] warmStart 3% (74/1904) regret=0.098475 ape=0.5604
[21:44:17] warmStart 3% (75/1904) regret=0.098508 ape=0.5613
[21:44:17] warmStart 3% (76/1904) regret=0.098475 ape=0.5604
[21:44:17] warmStart 4% (77/1904) regret=0.098475 ape=0.5604
[21:44:17] warmStart 4% (78/1904) regret=0.098475 ape=0.5604
[21:44:18] warmStart 4% (79/1904) regret=0.098475 ape=0.5604
[21:44:18] warmStart 4% (80/1904) regret=0.098475 ape=0.5604
[21:44:18] warmStart 4% (81/1904) regret=0.098475 ape=0.5604
[21:44:18] warmStart 4% (82/1904) regret=0.098475 ape=0.5604
[21:44:19] warmStart 4% (83/1904) regret=0.098466 ape=0.5594
[21:44:19] warmStart 4% (84/1904) regret=0.098475 ape=0.5604
[21:44:19] warmStart 4% (85/1904) regret=0.098475 ape=0.5604
[21:44:19] warmStart 4% (86/1904) regret=0.098475 ape=0.5604
[21:44:20] warmStart 4% (87/1904) regret=0.098475 ape=0.5604
[21:44:20] warmStart 4% (88/1904) regret=0.098475 ape=0.5604
[21:44:20] warmStart 4% (89/1904) regret=0.098475 ape=0.5604
[21:44:20] warmStart 4% (90/1904) regret=0.098475 ape=0.5604
[21:44:21] warmStart 4% (91/1904) regret=0.098531 ape=0.5604
[21:44:21] warmStart 4% (92/1904) regret=0.098475 ape=0.5604
[21:44:21] warmStart 4% (93/1904) regret=0.098475 ape=0.5604
[21:44:21] warmStart 4% (94/1904) regret=0.098475 ape=0.5604
[21:44:22] warmStart 4% (95/1904) regret=0.098475 ape=0.5604
[21:44:22] warmStart 5% (96/1904) regret=0.098475 ape=0.5604
[21:44:22] warmStart 5% (97/1904) regret=0.098475 ape=0.5604
[21:44:22] warmStart 5% (98/1904) regret=0.098475 ape=0.5604
[21:44:23] warmStart 5% (99/1904) regret=0.097655 ape=0.5594
[21:44:23] warmStart 5% (100/1904) regret=0.097655 ape=0.5594
[21:44:23] warmStart 5% (101/1904) regret=0.097655 ape=0.5594
[21:44:23] warmStart 5% (102/1904) regret=0.097655 ape=0.5594
[21:44:24] warmStart 5% (103/1904) regret=0.097655 ape=0.5594
[21:44:24] warmStart 5% (104/1904) regret=0.097609 ape=0.5594
[21:44:24] warmStart 5% (105/1904) regret=0.097655 ape=0.5594
[21:44:24] warmStart 5% (106/1904) regret=0.097660 ape=0.5604
[21:44:25] warmStart 5% (107/1904) regret=0.097655 ape=0.5594
[21:44:25] warmStart 5% (108/1904) regret=0.097655 ape=0.5594
[21:44:25] warmStart 5% (109/1904) regret=0.097655 ape=0.5594
[21:44:25] warmStart 5% (110/1904) regret=0.097655 ape=0.5594
[21:44:25] warmStart 5% (111/1904) regret=0.097655 ape=0.5594
[21:44:26] warmStart 5% (112/1904) regret=0.097655 ape=0.5594
[21:44:26] warmStart 5% (113/1904) regret=0.097655 ape=0.5594
[21:44:26] warmStart 5% (114/1904) regret=0.097655 ape=0.5594
[21:44:26] warmStart 6% (115/1904) regret=0.097655 ape=0.5594
[21:44:26] warmStart 6% (116/1904) regret=0.097323 ape=0.5585
[21:44:27] warmStart 6% (117/1904) regret=0.097655 ape=0.5594
[21:44:27] warmStart 6% (118/1904) regret=0.097655 ape=0.5594
[21:44:27] warmStart 6% (119/1904) regret=0.097655 ape=0.5594
[21:44:27] warmStart 6% (120/1904) regret=0.097655 ape=0.5594
[21:44:28] warmStart 6% (121/1904) regret=0.097655 ape=0.5594
[21:44:28] warmStart 6% (122/1904) regret=0.097655 ape=0.5594
[21:44:28] warmStart 6% (123/1904) regret=0.097655 ape=0.5594
[21:44:28] warmStart 6% (124/1904) regret=0.097655 ape=0.5594
[21:44:29] warmStart 6% (125/1904) regret=0.097655 ape=0.5594
[21:44:29] warmStart 6% (126/1904) regret=0.097558 ape=0.5585
[21:44:29] warmStart 6% (127/1904) regret=0.097558 ape=0.5585
[21:44:29] warmStart 6% (128/1904) regret=0.097558 ape=0.5585
[21:44:30] warmStart 6% (129/1904) regret=0.097558 ape=0.5585
[21:44:30] warmStart 6% (130/1904) regret=0.097558 ape=0.5585
[21:44:30] warmStart 6% (131/1904) regret=0.097512 ape=0.5585
[21:44:30] warmStart 6% (132/1904) regret=0.097558 ape=0.5585
[21:44:31] warmStart 6% (133/1904) regret=0.097558 ape=0.5585
[21:44:31] warmStart 7% (134/1904) regret=0.097558 ape=0.5585
[21:44:31] warmStart 7% (135/1904) regret=0.097558 ape=0.5585
[21:44:32] warmStart 7% (136/1904) regret=0.097019 ape=0.5576
[21:44:32] warmStart 7% (137/1904) regret=0.096404 ape=0.5567
[21:44:32] warmStart 7% (138/1904) regret=0.096404 ape=0.5567
[21:44:32] warmStart 7% (139/1904) regret=0.096404 ape=0.5567
[21:44:33] warmStart 7% (140/1904) regret=0.096390 ape=0.5558
[21:44:33] warmStart 7% (141/1904) regret=0.096298 ape=0.5558
[21:44:33] warmStart 7% (142/1904) regret=0.096363 ape=0.5558
[21:44:33] warmStart 7% (143/1904) regret=0.096390 ape=0.5558
[21:44:33] warmStart 7% (144/1904) regret=0.096390 ape=0.5558
[21:44:34] warmStart 7% (145/1904) regret=0.096381 ape=0.5558
[21:44:34] warmStart 7% (146/1904) regret=0.096390 ape=0.5558
[21:44:34] warmStart 7% (147/1904) regret=0.096395 ape=0.5558
[21:44:34] warmStart 7% (148/1904) regret=0.096390 ape=0.5558
[21:44:35] warmStart 7% (149/1904) regret=0.096390 ape=0.5558
[21:44:35] warmStart 7% (150/1904) regret=0.096372 ape=0.5558
[21:44:35] warmStart 7% (151/1904) regret=0.096390 ape=0.5558
[21:44:36] warmStart 7% (152/1904) regret=0.096363 ape=0.5558
[21:44:36] warmStart 8% (153/1904) regret=0.096363 ape=0.5558
[21:44:36] warmStart 8% (154/1904) regret=0.096363 ape=0.5558
[21:44:36] warmStart 8% (155/1904) regret=0.096366 ape=0.5567
[21:44:37] warmStart 8% (156/1904) regret=0.096366 ape=0.5567
[21:44:37] warmStart 8% (157/1904) regret=0.096366 ape=0.5567
[21:44:37] warmStart 8% (158/1904) regret=0.096366 ape=0.5567
[21:44:37] warmStart 8% (159/1904) regret=0.096366 ape=0.5567
[21:44:38] warmStart 8% (160/1904) regret=0.096366 ape=0.5567
[21:44:38] warmStart 8% (161/1904) regret=0.096366 ape=0.5567
[21:44:38] warmStart 8% (162/1904) regret=0.096264 ape=0.5567
[21:44:38] warmStart 8% (163/1904) regret=0.096338 ape=0.5567
[21:44:39] warmStart 8% (164/1904) regret=0.096366 ape=0.5567
[21:44:39] warmStart 8% (165/1904) regret=0.096366 ape=0.5567
[21:44:39] warmStart 8% (166/1904) regret=0.096366 ape=0.5567
[21:44:39] warmStart 8% (167/1904) regret=0.096366 ape=0.5567
[21:44:40] warmStart 8% (168/1904) regret=0.096366 ape=0.5567
[21:44:40] warmStart 8% (169/1904) regret=0.096366 ape=0.5567
[21:44:40] warmStart 8% (170/1904) regret=0.096366 ape=0.5567
[21:44:40] warmStart 8% (171/1904) regret=0.096366 ape=0.5567
[21:44:41] warmStart 9% (172/1904) regret=0.096366 ape=0.5567
[21:44:41] warmStart 9% (173/1904) regret=0.096103 ape=0.5567
[21:44:41] warmStart 9% (174/1904) regret=0.096057 ape=0.5567
[21:44:41] warmStart 9% (175/1904) regret=0.096057 ape=0.5567
[21:44:42] warmStart 9% (176/1904) regret=0.095956 ape=0.5567
[21:44:42] warmStart 9% (177/1904) regret=0.096057 ape=0.5567
[21:44:42] warmStart 9% (178/1904) regret=0.096057 ape=0.5567
[21:44:42] warmStart 9% (179/1904) regret=0.096057 ape=0.5567
[21:44:43] warmStart 9% (180/1904) regret=0.096057 ape=0.5567
[21:44:43] warmStart 9% (181/1904) regret=0.096057 ape=0.5567
[21:44:43] warmStart 9% (182/1904) regret=0.096057 ape=0.5567
[21:44:43] warmStart 9% (183/1904) regret=0.096057 ape=0.5567
[21:44:44] warmStart 9% (184/1904) regret=0.096057 ape=0.5567
[21:44:44] warmStart 9% (185/1904) regret=0.096057 ape=0.5567
[21:44:44] warmStart 9% (186/1904) regret=0.096057 ape=0.5567
[21:44:44] warmStart 9% (187/1904) regret=0.096250 ape=0.5594
[21:44:45] warmStart 9% (188/1904) regret=0.096241 ape=0.5594
[21:44:45] warmStart 9% (189/1904) regret=0.096241 ape=0.5594
[21:44:45] warmStart 9% (190/1904) regret=0.096177 ape=0.5594
[21:44:46] warmStart 10% (191/1904) regret=0.096011 ape=0.5594
[21:44:46] warmStart 10% (192/1904) regret=0.096241 ape=0.5594
[21:44:46] warmStart 10% (193/1904) regret=0.096241 ape=0.5594
[21:44:46] warmStart 10% (194/1904) regret=0.096241 ape=0.5594
[21:44:46] warmStart 10% (195/1904) regret=0.096241 ape=0.5594
[21:44:47] warmStart 10% (196/1904) regret=0.096241 ape=0.5594
[21:44:47] warmStart 10% (197/1904) regret=0.096241 ape=0.5594
[21:44:47] warmStart 10% (198/1904) regret=0.096241 ape=0.5594
[21:44:47] warmStart 10% (199/1904) regret=0.096241 ape=0.5594
[21:44:47] warmStart 10% (200/1904) regret=0.096241 ape=0.5594
[21:44:48] warmStart 10% (201/1904) regret=0.096241 ape=0.5594
[21:44:48] warmStart 10% (202/1904) regret=0.096241 ape=0.5594
[21:44:48] warmStart 10% (203/1904) regret=0.096241 ape=0.5594
[21:44:48] warmStart 10% (204/1904) regret=0.096241 ape=0.5594
[21:44:48] warmStart 10% (205/1904) regret=0.096241 ape=0.5594
[21:44:49] warmStart 10% (206/1904) regret=0.096232 ape=0.5594
[21:44:49] warmStart 10% (207/1904) regret=0.096241 ape=0.5594
[21:44:49] warmStart 10% (208/1904) regret=0.096241 ape=0.5594
[21:44:50] warmStart 10% (209/1904) regret=0.096343 ape=0.5594
[21:44:50] warmStart 11% (210/1904) regret=0.096343 ape=0.5594
[21:44:50] warmStart 11% (211/1904) regret=0.096343 ape=0.5594
[21:44:50] warmStart 11% (212/1904) regret=0.096343 ape=0.5594
[21:44:51] warmStart 11% (213/1904) regret=0.096343 ape=0.5594
[21:44:51] warmStart 11% (214/1904) regret=0.096343 ape=0.5594
[21:44:51] warmStart 11% (215/1904) regret=0.096343 ape=0.5594
[21:44:51] warmStart 11% (216/1904) regret=0.096306 ape=0.5585
[21:44:52] warmStart 11% (217/1904) regret=0.096306 ape=0.5585
[21:44:52] warmStart 11% (218/1904) regret=0.096306 ape=0.5585
[21:44:52] warmStart 11% (219/1904) regret=0.096343 ape=0.5594
[21:44:52] warmStart 11% (220/1904) regret=0.096343 ape=0.5594
[21:44:53] warmStart 11% (221/1904) regret=0.096343 ape=0.5594
[21:44:53] warmStart 11% (222/1904) regret=0.096343 ape=0.5594
[21:44:53] warmStart 11% (223/1904) regret=0.095633 ape=0.5585
[21:44:53] warmStart 11% (224/1904) regret=0.095628 ape=0.5585
[21:44:54] warmStart 11% (225/1904) regret=0.095633 ape=0.5585
[21:44:54] warmStart 11% (226/1904) regret=0.095633 ape=0.5585
[21:44:54] warmStart 11% (227/1904) regret=0.095750 ape=0.5594
[21:44:54] warmStart 11% (228/1904) regret=0.095396 ape=0.5594
[21:44:55] warmStart 12% (229/1904) regret=0.095396 ape=0.5594
[21:44:55] warmStart 12% (230/1904) regret=0.095396 ape=0.5594
[21:44:55] warmStart 12% (231/1904) regret=0.095396 ape=0.5594
[21:44:55] warmStart 12% (232/1904) regret=0.095396 ape=0.5594
[21:44:56] warmStart 12% (233/1904) regret=0.095396 ape=0.5594
[21:44:56] warmStart 12% (234/1904) regret=0.095396 ape=0.5594
[21:44:56] warmStart 12% (235/1904) regret=0.095396 ape=0.5594
[21:44:56] warmStart 12% (236/1904) regret=0.095396 ape=0.5594
[21:44:57] warmStart 12% (237/1904) regret=0.095396 ape=0.5594
[21:44:57] warmStart 12% (238/1904) regret=0.095396 ape=0.5594
[21:44:57] warmStart 12% (239/1904) regret=0.095396 ape=0.5594
[21:44:57] warmStart 12% (240/1904) regret=0.095396 ape=0.5594
[21:44:58] warmStart 12% (241/1904) regret=0.095396 ape=0.5594
[21:44:58] warmStart 12% (242/1904) regret=0.095396 ape=0.5594
[21:44:58] warmStart 12% (243/1904) regret=0.095396 ape=0.5594
[21:44:59] warmStart 12% (244/1904) regret=0.095392 ape=0.5594
[21:44:59] warmStart 12% (245/1904) regret=0.095396 ape=0.5594
[21:44:59] warmStart 12% (246/1904) regret=0.095396 ape=0.5594
[21:44:59] warmStart 12% (247/1904) regret=0.095396 ape=0.5594
[21:45:00] warmStart 13% (248/1904) regret=0.095396 ape=0.5594
[21:45:00] warmStart 13% (249/1904) regret=0.095396 ape=0.5594
[21:45:00] warmStart 13% (250/1904) regret=0.095396 ape=0.5594
[21:45:00] warmStart 13% (251/1904) regret=0.095383 ape=0.5585
[21:45:01] warmStart 13% (252/1904) regret=0.095148 ape=0.5585
[21:45:01] warmStart 13% (253/1904) regret=0.095148 ape=0.5585
[21:45:01] warmStart 13% (254/1904) regret=0.095148 ape=0.5585
[21:45:01] warmStart 13% (255/1904) regret=0.095047 ape=0.5585
[21:45:02] warmStart 13% (256/1904) regret=0.095047 ape=0.5585
[21:45:02] warmStart 13% (257/1904) regret=0.095063 ape=0.5585
[21:45:02] warmStart 13% (258/1904) regret=0.094816 ape=0.5585
[21:45:02] warmStart 13% (259/1904) regret=0.094816 ape=0.5585
[21:45:03] warmStart 13% (260/1904) regret=0.094816 ape=0.5585
[21:45:03] warmStart 13% (261/1904) regret=0.094804 ape=0.5576
[21:45:03] warmStart 13% (262/1904) regret=0.094752 ape=0.5585
[21:45:03] warmStart 13% (263/1904) regret=0.094816 ape=0.5585
[21:45:04] warmStart 13% (264/1904) regret=0.094816 ape=0.5585
[21:45:04] warmStart 13% (265/1904) regret=0.094816 ape=0.5585
[21:45:04] warmStart 13% (266/1904) regret=0.094816 ape=0.5585
[21:45:04] warmStart 14% (267/1904) regret=0.094816 ape=0.5585
[21:45:05] warmStart 14% (268/1904) regret=0.094816 ape=0.5585
[21:45:05] warmStart 14% (269/1904) regret=0.094816 ape=0.5585
[21:45:05] warmStart 14% (270/1904) regret=0.094816 ape=0.5585
[21:45:06] warmStart 14% (271/1904) regret=0.094816 ape=0.5585
[21:45:06] warmStart 14% (272/1904) regret=0.094872 ape=0.5585
[21:45:06] warmStart 14% (273/1904) regret=0.094908 ape=0.5594
[21:45:06] warmStart 14% (274/1904) regret=0.094908 ape=0.5594
[21:45:07] warmStart 14% (275/1904) regret=0.094908 ape=0.5594
[21:45:07] warmStart 14% (276/1904) regret=0.094816 ape=0.5594
[21:45:07] warmStart 14% (277/1904) regret=0.094908 ape=0.5594
[21:45:07] warmStart 14% (278/1904) regret=0.094908 ape=0.5594
[21:45:07] warmStart 14% (279/1904) regret=0.094901 ape=0.5594
[21:45:08] warmStart 14% (280/1904) regret=0.094908 ape=0.5594
[21:45:08] warmStart 14% (281/1904) regret=0.094908 ape=0.5594
[21:45:08] warmStart 14% (282/1904) regret=0.094918 ape=0.5594
[21:45:08] warmStart 14% (283/1904) regret=0.094908 ape=0.5594
[21:45:08] warmStart 14% (284/1904) regret=0.094908 ape=0.5594
[21:45:09] warmStart 14% (285/1904) regret=0.094908 ape=0.5594
[21:45:09] warmStart 15% (286/1904) regret=0.094981 ape=0.5594
[21:45:09] warmStart 15% (287/1904) regret=0.094981 ape=0.5594
[21:45:09] warmStart 15% (288/1904) regret=0.094981 ape=0.5594
[21:45:10] warmStart 15% (289/1904) regret=0.094981 ape=0.5594
[21:45:10] warmStart 15% (290/1904) regret=0.094981 ape=0.5594
[21:45:10] warmStart 15% (291/1904) regret=0.094981 ape=0.5594
[21:45:10] warmStart 15% (292/1904) regret=0.094981 ape=0.5594
[21:45:11] warmStart 15% (293/1904) regret=0.094981 ape=0.5594
[21:45:11] warmStart 15% (294/1904) regret=0.094981 ape=0.5594
[21:45:11] warmStart 15% (295/1904) regret=0.094981 ape=0.5594
[21:45:11] warmStart 15% (296/1904) regret=0.094842 ape=0.5594
[21:45:12] warmStart 15% (297/1904) regret=0.094981 ape=0.5594
[21:45:12] warmStart 15% (298/1904) regret=0.094981 ape=0.5594
[21:45:12] warmStart 15% (299/1904) regret=0.094981 ape=0.5594
[21:45:12] warmStart 15% (300/1904) regret=0.094981 ape=0.5594
[21:45:13] warmStart 15% (301/1904) regret=0.094981 ape=0.5594
[21:45:13] warmStart 15% (302/1904) regret=0.094981 ape=0.5594
[21:45:13] warmStart 15% (303/1904) regret=0.094981 ape=0.5594
[21:45:13] warmStart 15% (304/1904) regret=0.094981 ape=0.5594
[21:45:14] warmStart 16% (305/1904) regret=0.094981 ape=0.5594
[21:45:14] warmStart 16% (306/1904) regret=0.094981 ape=0.5594
[21:45:14] warmStart 16% (307/1904) regret=0.094981 ape=0.5594
[21:45:15] warmStart 16% (308/1904) regret=0.094983 ape=0.5594
[21:45:15] warmStart 16% (309/1904) regret=0.094983 ape=0.5594
[21:45:15] warmStart 16% (310/1904) regret=0.094983 ape=0.5594
[21:45:15] warmStart 16% (311/1904) regret=0.094983 ape=0.5594
[21:45:15] warmStart 16% (312/1904) regret=0.094983 ape=0.5594
[21:45:16] warmStart 16% (313/1904) regret=0.094983 ape=0.5594
[21:45:16] warmStart 16% (314/1904) regret=0.094928 ape=0.5594
[21:45:16] warmStart 16% (315/1904) regret=0.094983 ape=0.5594
[21:45:16] warmStart 16% (316/1904) regret=0.094983 ape=0.5594
[21:45:17] warmStart 16% (317/1904) regret=0.094983 ape=0.5594
[21:45:17] warmStart 16% (318/1904) regret=0.094868 ape=0.5585
[21:45:17] warmStart 16% (319/1904) regret=0.094969 ape=0.5585
[21:45:17] warmStart 16% (320/1904) regret=0.094969 ape=0.5585
[21:45:18] warmStart 16% (321/1904) regret=0.094969 ape=0.5585
[21:45:18] warmStart 16% (322/1904) regret=0.094969 ape=0.5585
[21:45:18] warmStart 16% (323/1904) regret=0.094969 ape=0.5585
[21:45:19] warmStart 17% (324/1904) regret=0.094969 ape=0.5585
[21:45:19] warmStart 17% (325/1904) regret=0.094969 ape=0.5585
[21:45:19] warmStart 17% (326/1904) regret=0.094969 ape=0.5585
[21:45:19] warmStart 17% (327/1904) regret=0.094607 ape=0.5576
[21:45:20] warmStart 17% (328/1904) regret=0.094607 ape=0.5576
[21:45:20] warmStart 17% (329/1904) regret=0.094607 ape=0.5576
[21:45:20] warmStart 17% (330/1904) regret=0.094607 ape=0.5576
[21:45:20] warmStart 17% (331/1904) regret=0.094607 ape=0.5576
[21:45:21] warmStart 17% (332/1904) regret=0.094551 ape=0.5576
[21:45:21] warmStart 17% (333/1904) regret=0.094573 ape=0.5576
[21:45:21] warmStart 17% (334/1904) regret=0.094393 ape=0.5576
[21:45:21] warmStart 17% (335/1904) regret=0.094393 ape=0.5576
[21:45:22] warmStart 17% (336/1904) regret=0.094393 ape=0.5576
[21:45:22] warmStart 17% (337/1904) regret=0.094393 ape=0.5576
[21:45:22] warmStart 17% (338/1904) regret=0.094393 ape=0.5576
[21:45:22] warmStart 17% (339/1904) regret=0.094393 ape=0.5576
[21:45:23] warmStart 17% (340/1904) regret=0.094393 ape=0.5576
[21:45:23] warmStart 17% (341/1904) regret=0.094393 ape=0.5576
[21:45:23] warmStart 17% (342/1904) regret=0.094393 ape=0.5576
[21:45:23] warmStart 18% (343/1904) regret=0.094181 ape=0.5576
[21:45:24] warmStart 18% (344/1904) regret=0.094393 ape=0.5576
[21:45:24] warmStart 18% (345/1904) regret=0.094393 ape=0.5576
[21:45:24] warmStart 18% (346/1904) regret=0.094384 ape=0.5576
[21:45:24] warmStart 18% (347/1904) regret=0.094393 ape=0.5576
[21:45:25] warmStart 18% (348/1904) regret=0.094393 ape=0.5576
[21:45:25] warmStart 18% (349/1904) regret=0.094393 ape=0.5576
[21:45:25] warmStart 18% (350/1904) regret=0.094393 ape=0.5576
[21:45:25] warmStart 18% (351/1904) regret=0.094393 ape=0.5576
[21:45:26] warmStart 18% (352/1904) regret=0.094393 ape=0.5576
[21:45:26] warmStart 18% (353/1904) regret=0.094393 ape=0.5576
[21:45:26] warmStart 18% (354/1904) regret=0.094393 ape=0.5576
[21:45:26] warmStart 18% (355/1904) regret=0.094393 ape=0.5576
[21:45:27] warmStart 18% (356/1904) regret=0.094393 ape=0.5576
[21:45:27] warmStart 18% (357/1904) regret=0.094393 ape=0.5576
[21:45:27] warmStart 18% (358/1904) regret=0.094393 ape=0.5576
[21:45:27] warmStart 18% (359/1904) regret=0.094393 ape=0.5576
[21:45:28] warmStart 18% (360/1904) regret=0.094393 ape=0.5576
[21:45:28] warmStart 18% (361/1904) regret=0.094292 ape=0.5576
[21:45:28] warmStart 19% (362/1904) regret=0.094393 ape=0.5576
[21:45:28] warmStart 19% (363/1904) regret=0.094393 ape=0.5576
[21:45:29] warmStart 19% (364/1904) regret=0.094375 ape=0.5567
[21:45:29] warmStart 19% (365/1904) regret=0.094393 ape=0.5576
[21:45:29] warmStart 19% (366/1904) regret=0.094061 ape=0.5567
[21:45:29] warmStart 19% (367/1904) regret=0.094061 ape=0.5567
[21:45:29] warmStart 19% (368/1904) regret=0.094061 ape=0.5567
[21:45:29] warmStart 19% (369/1904) regret=0.094061 ape=0.5567
[21:45:30] warmStart 19% (370/1904) regret=0.094061 ape=0.5567
[21:45:30] warmStart 19% (371/1904) regret=0.094061 ape=0.5567
[21:45:30] warmStart 19% (372/1904) regret=0.094061 ape=0.5567
[21:45:30] warmStart 19% (373/1904) regret=0.094061 ape=0.5567
[21:45:31] warmStart 19% (374/1904) regret=0.094061 ape=0.5567
[21:45:31] warmStart 19% (375/1904) regret=0.094061 ape=0.5567
[21:45:31] warmStart 19% (376/1904) regret=0.094061 ape=0.5567
[21:45:31] warmStart 19% (377/1904) regret=0.094061 ape=0.5567
[21:45:32] warmStart 19% (378/1904) regret=0.094043 ape=0.5558
[21:45:32] warmStart 19% (379/1904) regret=0.094061 ape=0.5567
[21:45:32] warmStart 19% (380/1904) regret=0.094061 ape=0.5567
[21:45:32] warmStart 20% (381/1904) regret=0.094061 ape=0.5567
[21:45:33] warmStart 20% (382/1904) regret=0.094061 ape=0.5567
[21:45:33] warmStart 20% (383/1904) regret=0.094061 ape=0.5567
[21:45:33] warmStart 20% (384/1904) regret=0.094023 ape=0.5567
[21:45:34] warmStart 20% (385/1904) regret=0.094061 ape=0.5567
[21:45:34] warmStart 20% (386/1904) regret=0.094061 ape=0.5567
[21:45:34] warmStart 20% (387/1904) regret=0.093536 ape=0.5548
[21:45:34] warmStart 20% (388/1904) regret=0.093536 ape=0.5548
[21:45:35] warmStart 20% (389/1904) regret=0.093536 ape=0.5548
[21:45:35] warmStart 20% (390/1904) regret=0.093398 ape=0.5548
[21:45:35] warmStart 20% (391/1904) regret=0.093305 ape=0.5539
[21:45:35] warmStart 20% (392/1904) regret=0.093305 ape=0.5539
[21:45:36] warmStart 20% (393/1904) regret=0.093305 ape=0.5539
[21:45:36] warmStart 20% (394/1904) regret=0.093305 ape=0.5539
[21:45:36] warmStart 20% (395/1904) regret=0.093329 ape=0.5548
[21:45:36] warmStart 20% (396/1904) regret=0.093305 ape=0.5539
[21:45:37] warmStart 20% (397/1904) regret=0.093305 ape=0.5539
[21:45:37] warmStart 20% (398/1904) regret=0.093305 ape=0.5539
[21:45:37] warmStart 20% (399/1904) regret=0.093305 ape=0.5539
[21:45:37] warmStart 21% (400/1904) regret=0.093305 ape=0.5539
[21:45:38] warmStart 21% (401/1904) regret=0.093305 ape=0.5539
[21:45:38] warmStart 21% (402/1904) regret=0.093305 ape=0.5539
[21:45:38] warmStart 21% (403/1904) regret=0.093305 ape=0.5539
[21:45:38] warmStart 21% (404/1904) regret=0.093305 ape=0.5539
[21:45:39] warmStart 21% (405/1904) regret=0.093305 ape=0.5539
[21:45:39] warmStart 21% (406/1904) regret=0.093305 ape=0.5539
[21:45:39] warmStart 21% (407/1904) regret=0.093286 ape=0.5539
[21:45:39] warmStart 21% (408/1904) regret=0.093249 ape=0.5530
[21:45:40] warmStart 21% (409/1904) regret=0.093249 ape=0.5530
[21:45:40] warmStart 21% (410/1904) regret=0.093295 ape=0.5530
[21:45:40] warmStart 21% (411/1904) regret=0.093295 ape=0.5530
[21:45:40] warmStart 21% (412/1904) regret=0.093295 ape=0.5530
[21:45:41] warmStart 21% (413/1904) regret=0.093295 ape=0.5530
[21:45:41] warmStart 21% (414/1904) regret=0.093295 ape=0.5530
[21:45:41] warmStart 21% (415/1904) regret=0.093295 ape=0.5530
[21:45:41] warmStart 21% (416/1904) regret=0.093295 ape=0.5530
[21:45:42] warmStart 21% (417/1904) regret=0.093295 ape=0.5530
[21:45:42] warmStart 21% (418/1904) regret=0.093295 ape=0.5530
[21:45:42] warmStart 22% (419/1904) regret=0.093276 ape=0.5521
[21:45:42] warmStart 22% (420/1904) regret=0.093276 ape=0.5521
[21:45:43] warmStart 22% (421/1904) regret=0.093276 ape=0.5521
[21:45:43] warmStart 22% (422/1904) regret=0.093276 ape=0.5521
[21:45:43] warmStart 22% (423/1904) regret=0.093204 ape=0.5521
[21:45:43] warmStart 22% (424/1904) regret=0.093103 ape=0.5521
[21:45:44] warmStart 22% (425/1904) regret=0.093103 ape=0.5521
[21:45:44] warmStart 22% (426/1904) regret=0.093103 ape=0.5521
[21:45:44] warmStart 22% (427/1904) regret=0.093103 ape=0.5521
[21:45:44] warmStart 22% (428/1904) regret=0.093075 ape=0.5521
[21:45:45] warmStart 22% (429/1904) regret=0.093103 ape=0.5521
[21:45:45] warmStart 22% (430/1904) regret=0.093103 ape=0.5521
[21:45:45] warmStart 22% (431/1904) regret=0.093103 ape=0.5521
[21:45:45] warmStart 22% (432/1904) regret=0.093103 ape=0.5521
[21:45:46] warmStart 22% (433/1904) regret=0.093103 ape=0.5521
[21:45:46] warmStart 22% (434/1904) regret=0.093103 ape=0.5521
[21:45:46] warmStart 22% (435/1904) regret=0.093103 ape=0.5521
[21:45:46] warmStart 22% (436/1904) regret=0.093103 ape=0.5521
[21:45:47] warmStart 22% (437/1904) regret=0.093103 ape=0.5521
[21:45:47] warmStart 23% (438/1904) regret=0.093103 ape=0.5521
[21:45:47] warmStart 23% (439/1904) regret=0.093103 ape=0.5521
[21:45:48] warmStart 23% (440/1904) regret=0.093084 ape=0.5521
[21:45:48] warmStart 23% (441/1904) regret=0.093103 ape=0.5521
[21:45:48] warmStart 23% (442/1904) regret=0.093103 ape=0.5521
[21:45:48] warmStart 23% (443/1904) regret=0.093103 ape=0.5521
[21:45:49] warmStart 23% (444/1904) regret=0.092786 ape=0.5512
[21:45:49] warmStart 23% (445/1904) regret=0.092786 ape=0.5512
[21:45:49] warmStart 23% (446/1904) regret=0.092786 ape=0.5512
[21:45:49] warmStart 23% (447/1904) regret=0.092786 ape=0.5512
[21:45:50] warmStart 23% (448/1904) regret=0.092381 ape=0.5502
[21:45:50] warmStart 23% (449/1904) regret=0.092279 ape=0.5502
[21:45:50] warmStart 23% (450/1904) regret=0.092381 ape=0.5502
[21:45:50] warmStart 23% (451/1904) regret=0.092381 ape=0.5502
[21:45:50] warmStart 23% (452/1904) regret=0.092381 ape=0.5502
[21:45:51] warmStart 23% (453/1904) regret=0.092381 ape=0.5502
[21:45:51] warmStart 23% (454/1904) regret=0.092381 ape=0.5502
[21:45:51] warmStart 23% (455/1904) regret=0.092381 ape=0.5502
[21:45:51] warmStart 23% (456/1904) regret=0.092381 ape=0.5502
[21:45:51] warmStart 24% (457/1904) regret=0.092353 ape=0.5502
[21:45:52] warmStart 24% (458/1904) regret=0.091994 ape=0.5493
[21:45:52] warmStart 24% (459/1904) regret=0.092353 ape=0.5502
[21:45:52] warmStart 24% (460/1904) regret=0.092353 ape=0.5502
[21:45:52] warmStart 24% (461/1904) regret=0.092353 ape=0.5502
[21:45:53] warmStart 24% (462/1904) regret=0.092367 ape=0.5512
[21:45:53] warmStart 24% (463/1904) regret=0.092353 ape=0.5502
[21:45:53] warmStart 24% (464/1904) regret=0.092579 ape=0.5521
[21:45:53] warmStart 24% (465/1904) regret=0.092579 ape=0.5521
[21:45:54] warmStart 24% (466/1904) regret=0.092579 ape=0.5521
[21:45:54] warmStart 24% (467/1904) regret=0.092579 ape=0.5521
[21:45:54] warmStart 24% (468/1904) regret=0.092579 ape=0.5521
[21:45:54] warmStart 24% (469/1904) regret=0.092542 ape=0.5521
[21:45:55] warmStart 24% (470/1904) regret=0.092542 ape=0.5521
[21:45:55] warmStart 24% (471/1904) regret=0.092542 ape=0.5521
[21:45:55] warmStart 24% (472/1904) regret=0.092754 ape=0.5521
[21:45:56] warmStart 24% (473/1904) regret=0.092542 ape=0.5521
[21:45:56] warmStart 24% (474/1904) regret=0.092542 ape=0.5521
[21:45:56] warmStart 24% (475/1904) regret=0.092542 ape=0.5521
[21:45:56] warmStart 25% (476/1904) regret=0.092542 ape=0.5521
[21:45:57] warmStart 25% (477/1904) regret=0.092542 ape=0.5521
[21:45:57] warmStart 25% (478/1904) regret=0.092413 ape=0.5512
[21:45:57] warmStart 25% (479/1904) regret=0.092413 ape=0.5512
[21:45:57] warmStart 25% (480/1904) regret=0.092413 ape=0.5512
[21:45:58] warmStart 25% (481/1904) regret=0.092413 ape=0.5512
[21:45:58] warmStart 25% (482/1904) regret=0.092413 ape=0.5512
[21:45:58] warmStart 25% (483/1904) regret=0.092413 ape=0.5512
[21:45:58] warmStart 25% (484/1904) regret=0.092413 ape=0.5512
[21:45:59] warmStart 25% (485/1904) regret=0.092551 ape=0.5521
[21:45:59] warmStart 25% (486/1904) regret=0.092413 ape=0.5512
[21:45:59] warmStart 25% (487/1904) regret=0.092413 ape=0.5512
[21:45:59] warmStart 25% (488/1904) regret=0.092413 ape=0.5512
[21:46:00] warmStart 25% (489/1904) regret=0.092413 ape=0.5512
[21:46:00] warmStart 25% (490/1904) regret=0.092252 ape=0.5512
[21:46:00] warmStart 25% (491/1904) regret=0.092413 ape=0.5512
[21:46:01] warmStart 25% (492/1904) regret=0.092362 ape=0.5512
[21:46:01] warmStart 25% (493/1904) regret=0.092709 ape=0.5521
[21:46:01] warmStart 25% (494/1904) regret=0.092520 ape=0.5521
[21:46:01] warmStart 25% (495/1904) regret=0.092492 ape=0.5521
[21:46:02] warmStart 26% (496/1904) regret=0.092630 ape=0.5521
[21:46:02] warmStart 26% (497/1904) regret=0.092492 ape=0.5521
[21:46:02] warmStart 26% (498/1904) regret=0.092492 ape=0.5521
[21:46:02] warmStart 26% (499/1904) regret=0.092492 ape=0.5521
[21:46:03] warmStart 26% (500/1904) regret=0.092492 ape=0.5521
[21:46:03] warmStart 26% (501/1904) regret=0.092474 ape=0.5521
[21:46:03] warmStart 26% (502/1904) regret=0.092492 ape=0.5521
[21:46:03] warmStart 26% (503/1904) regret=0.092492 ape=0.5521
[21:46:04] warmStart 26% (504/1904) regret=0.092492 ape=0.5521
[21:46:04] warmStart 26% (505/1904) regret=0.092492 ape=0.5521
[21:46:04] warmStart 26% (506/1904) regret=0.092492 ape=0.5521
[21:46:05] warmStart 26% (507/1904) regret=0.092391 ape=0.5521
[21:46:05] warmStart 26% (508/1904) regret=0.092492 ape=0.5521
[21:46:05] warmStart 26% (509/1904) regret=0.092400 ape=0.5521
[21:46:05] warmStart 26% (510/1904) regret=0.092400 ape=0.5521
[21:46:06] warmStart 26% (511/1904) regret=0.092400 ape=0.5521
[21:46:06] warmStart 26% (512/1904) regret=0.092400 ape=0.5521
[21:46:06] warmStart 26% (513/1904) regret=0.092400 ape=0.5521
[21:46:06] warmStart 26% (514/1904) regret=0.092400 ape=0.5521
[21:46:07] warmStart 27% (515/1904) regret=0.092538 ape=0.5530
[21:46:07] warmStart 27% (516/1904) regret=0.092400 ape=0.5521
[21:46:07] warmStart 27% (517/1904) regret=0.092400 ape=0.5521
[21:46:07] warmStart 27% (518/1904) regret=0.092400 ape=0.5521
[21:46:08] warmStart 27% (519/1904) regret=0.092400 ape=0.5521
[21:46:08] warmStart 27% (520/1904) regret=0.092400 ape=0.5521
[21:46:08] warmStart 27% (521/1904) regret=0.092773 ape=0.5521
[21:46:08] warmStart 27% (522/1904) regret=0.092773 ape=0.5521
[21:46:09] warmStart 27% (523/1904) regret=0.092773 ape=0.5521
[21:46:09] warmStart 27% (524/1904) regret=0.092773 ape=0.5521
[21:46:09] warmStart 27% (525/1904) regret=0.092773 ape=0.5521
[21:46:09] warmStart 27% (526/1904) regret=0.092767 ape=0.5521
[21:46:10] warmStart 27% (527/1904) regret=0.092767 ape=0.5521
[21:46:10] warmStart 27% (528/1904) regret=0.092767 ape=0.5521
[21:46:10] warmStart 27% (529/1904) regret=0.092767 ape=0.5521
[21:46:11] warmStart 27% (530/1904) regret=0.092767 ape=0.5521
[21:46:11] warmStart 27% (531/1904) regret=0.092767 ape=0.5521
[21:46:11] warmStart 27% (532/1904) regret=0.092767 ape=0.5521
[21:46:11] warmStart 27% (533/1904) regret=0.092767 ape=0.5521
[21:46:11] warmStart 28% (534/1904) regret=0.092767 ape=0.5521
[21:46:11] warmStart 28% (535/1904) regret=0.092767 ape=0.5521
[21:46:12] warmStart 28% (536/1904) regret=0.092767 ape=0.5521
[21:46:12] warmStart 28% (537/1904) regret=0.092767 ape=0.5521
[21:46:12] warmStart 28% (538/1904) regret=0.092767 ape=0.5521
[21:46:12] warmStart 28% (539/1904) regret=0.092795 ape=0.5521
[21:46:13] warmStart 28% (540/1904) regret=0.092795 ape=0.5521
[21:46:13] warmStart 28% (541/1904) regret=0.092795 ape=0.5521
[21:46:13] warmStart 28% (542/1904) regret=0.092288 ape=0.5512
[21:46:13] warmStart 28% (543/1904) regret=0.092288 ape=0.5512
[21:46:14] warmStart 28% (544/1904) regret=0.092288 ape=0.5512
[21:46:14] warmStart 28% (545/1904) regret=0.092288 ape=0.5512
[21:46:14] warmStart 28% (546/1904) regret=0.092288 ape=0.5512
[21:46:14] warmStart 28% (547/1904) regret=0.092288 ape=0.5512
[21:46:15] warmStart 28% (548/1904) regret=0.092269 ape=0.5512
[21:46:15] warmStart 28% (549/1904) regret=0.092242 ape=0.5512
[21:46:15] warmStart 28% (550/1904) regret=0.092421 ape=0.5512
[21:46:15] warmStart 28% (551/1904) regret=0.092334 ape=0.5521
[21:46:16] warmStart 28% (552/1904) regret=0.092242 ape=0.5512
[21:46:16] warmStart 29% (553/1904) regret=0.092041 ape=0.5512
[21:46:16] warmStart 29% (554/1904) regret=0.092041 ape=0.5512
[21:46:17] warmStart 29% (555/1904) regret=0.092041 ape=0.5512
[21:46:17] warmStart 29% (556/1904) regret=0.092041 ape=0.5512
[21:46:17] warmStart 29% (557/1904) regret=0.092041 ape=0.5512
[21:46:17] warmStart 29% (558/1904) regret=0.092022 ape=0.5512
[21:46:18] warmStart 29% (559/1904) regret=0.092041 ape=0.5512
[21:46:18] warmStart 29% (560/1904) regret=0.092041 ape=0.5512
[21:46:18] warmStart 29% (561/1904) regret=0.092041 ape=0.5512
[21:46:18] warmStart 29% (562/1904) regret=0.091759 ape=0.5502
[21:46:19] warmStart 29% (563/1904) regret=0.091746 ape=0.5493
[21:46:19] warmStart 29% (564/1904) regret=0.091665 ape=0.5502
[21:46:19] warmStart 29% (565/1904) regret=0.091765 ape=0.5502
[21:46:19] warmStart 29% (566/1904) regret=0.091765 ape=0.5502
[21:46:20] warmStart 29% (567/1904) regret=0.091765 ape=0.5502
[21:46:20] warmStart 29% (568/1904) regret=0.091599 ape=0.5502
[21:46:20] warmStart 29% (569/1904) regret=0.091599 ape=0.5502
[21:46:20] warmStart 29% (570/1904) regret=0.091599 ape=0.5502
[21:46:21] warmStart 29% (571/1904) regret=0.091599 ape=0.5502
[21:46:21] warmStart 30% (572/1904) regret=0.091599 ape=0.5502
[21:46:21] warmStart 30% (573/1904) regret=0.091599 ape=0.5502
[21:46:21] warmStart 30% (574/1904) regret=0.091599 ape=0.5502
[21:46:22] warmStart 30% (575/1904) regret=0.091599 ape=0.5502
[21:46:22] warmStart 30% (576/1904) regret=0.091617 ape=0.5512
[21:46:22] warmStart 30% (577/1904) regret=0.091507 ape=0.5493
[21:46:22] warmStart 30% (578/1904) regret=0.091599 ape=0.5502
[21:46:23] warmStart 30% (579/1904) regret=0.091599 ape=0.5502
[21:46:23] warmStart 30% (580/1904) regret=0.091599 ape=0.5502
[21:46:23] warmStart 30% (581/1904) regret=0.091599 ape=0.5502
[21:46:24] warmStart 30% (582/1904) regret=0.091599 ape=0.5502
[21:46:24] warmStart 30% (583/1904) regret=0.091599 ape=0.5502
[21:46:24] warmStart 30% (584/1904) regret=0.091599 ape=0.5502
[21:46:24] warmStart 30% (585/1904) regret=0.091599 ape=0.5502
[21:46:25] warmStart 30% (586/1904) regret=0.091581 ape=0.5502
[21:46:25] warmStart 30% (587/1904) regret=0.091599 ape=0.5502
[21:46:25] warmStart 30% (588/1904) regret=0.091599 ape=0.5502
[21:46:25] warmStart 30% (589/1904) regret=0.091599 ape=0.5502
[21:46:26] warmStart 30% (590/1904) regret=0.091599 ape=0.5502
[21:46:26] warmStart 31% (591/1904) regret=0.091599 ape=0.5502
[21:46:26] warmStart 31% (592/1904) regret=0.091599 ape=0.5502
[21:46:26] warmStart 31% (593/1904) regret=0.091599 ape=0.5502
[21:46:27] warmStart 31% (594/1904) regret=0.091605 ape=0.5502
[21:46:27] warmStart 31% (595/1904) regret=0.091605 ape=0.5502
[21:46:27] warmStart 31% (596/1904) regret=0.091605 ape=0.5502
[21:46:27] warmStart 31% (597/1904) regret=0.091605 ape=0.5502
[21:46:28] warmStart 31% (598/1904) regret=0.091605 ape=0.5502
[21:46:28] warmStart 31% (599/1904) regret=0.091605 ape=0.5502
[21:46:28] warmStart 31% (600/1904) regret=0.091605 ape=0.5502
[21:46:28] warmStart 31% (601/1904) regret=0.091605 ape=0.5502
[21:46:29] warmStart 31% (602/1904) regret=0.091246 ape=0.5493
[21:46:29] warmStart 31% (603/1904) regret=0.091243 ape=0.5484
[21:46:29] warmStart 31% (604/1904) regret=0.091246 ape=0.5493
[21:46:29] warmStart 31% (605/1904) regret=0.091342 ape=0.5502
[21:46:30] warmStart 31% (606/1904) regret=0.091246 ape=0.5493
[21:46:30] warmStart 31% (607/1904) regret=0.091246 ape=0.5493
[21:46:30] warmStart 31% (608/1904) regret=0.091246 ape=0.5493
[21:46:31] warmStart 31% (609/1904) regret=0.091246 ape=0.5493
[21:46:31] warmStart 32% (610/1904) regret=0.091246 ape=0.5493
[21:46:31] warmStart 32% (611/1904) regret=0.091246 ape=0.5493
[21:46:31] warmStart 32% (612/1904) regret=0.091246 ape=0.5493
[21:46:32] warmStart 32% (613/1904) regret=0.091246 ape=0.5493
[21:46:32] warmStart 32% (614/1904) regret=0.091246 ape=0.5493
[21:46:32] warmStart 32% (615/1904) regret=0.091246 ape=0.5493
[21:46:32] warmStart 32% (616/1904) regret=0.091246 ape=0.5493
[21:46:32] warmStart 32% (617/1904) regret=0.091246 ape=0.5493
[21:46:33] warmStart 32% (618/1904) regret=0.091246 ape=0.5493
[21:46:33] warmStart 32% (619/1904) regret=0.091246 ape=0.5493
[21:46:33] warmStart 32% (620/1904) regret=0.091246 ape=0.5493
[21:46:33] warmStart 32% (621/1904) regret=0.091246 ape=0.5493
[21:46:33] warmStart 32% (622/1904) regret=0.091246 ape=0.5493
[21:46:34] warmStart 32% (623/1904) regret=0.091246 ape=0.5493
[21:46:34] warmStart 32% (624/1904) regret=0.091246 ape=0.5493
[21:46:34] warmStart 32% (625/1904) regret=0.091246 ape=0.5493
[21:46:34] warmStart 32% (626/1904) regret=0.091347 ape=0.5493
[21:46:35] warmStart 32% (627/1904) regret=0.091246 ape=0.5493
[21:46:35] warmStart 32% (628/1904) regret=0.091278 ape=0.5493
[21:46:35] warmStart 33% (629/1904) regret=0.091246 ape=0.5493
[21:46:35] warmStart 33% (630/1904) regret=0.091246 ape=0.5493
[21:46:36] warmStart 33% (631/1904) regret=0.091246 ape=0.5493
[21:46:36] warmStart 33% (632/1904) regret=0.091246 ape=0.5493
[21:46:36] warmStart 33% (633/1904) regret=0.091246 ape=0.5493
[21:46:36] warmStart 33% (634/1904) regret=0.091260 ape=0.5502
[21:46:37] warmStart 33% (635/1904) regret=0.091246 ape=0.5493
[21:46:37] warmStart 33% (636/1904) regret=0.091246 ape=0.5493
[21:46:37] warmStart 33% (637/1904) regret=0.091246 ape=0.5493
[21:46:37] warmStart 33% (638/1904) regret=0.091246 ape=0.5493
[21:46:38] warmStart 33% (639/1904) regret=0.091213 ape=0.5493
[21:46:38] warmStart 33% (640/1904) regret=0.091246 ape=0.5493
[21:46:38] warmStart 33% (641/1904) regret=0.091467 ape=0.5493
[21:46:39] warmStart 33% (642/1904) regret=0.091246 ape=0.5493
[21:46:39] warmStart 33% (643/1904) regret=0.091246 ape=0.5493
[21:46:39] warmStart 33% (644/1904) regret=0.091246 ape=0.5493
[21:46:39] warmStart 33% (645/1904) regret=0.091246 ape=0.5493
[21:46:40] warmStart 33% (646/1904) regret=0.091246 ape=0.5493
[21:46:40] warmStart 33% (647/1904) regret=0.091246 ape=0.5493
[21:46:40] warmStart 34% (648/1904) regret=0.091246 ape=0.5493
[21:46:40] warmStart 34% (649/1904) regret=0.091250 ape=0.5493
[21:46:41] warmStart 34% (650/1904) regret=0.091246 ape=0.5493
[21:46:41] warmStart 34% (651/1904) regret=0.091246 ape=0.5493
[21:46:41] warmStart 34% (652/1904) regret=0.091193 ape=0.5493
[21:46:41] warmStart 34% (653/1904) regret=0.091246 ape=0.5493
[21:46:42] warmStart 34% (654/1904) regret=0.091193 ape=0.5493
[21:46:42] warmStart 34% (655/1904) regret=0.091193 ape=0.5493
[21:46:42] warmStart 34% (656/1904) regret=0.091193 ape=0.5493
[21:46:42] warmStart 34% (657/1904) regret=0.091180 ape=0.5484
[21:46:43] warmStart 34% (658/1904) regret=0.091180 ape=0.5484
[21:46:43] warmStart 34% (659/1904) regret=0.091180 ape=0.5484
[21:46:43] warmStart 34% (660/1904) regret=0.091180 ape=0.5484
[21:46:43] warmStart 34% (661/1904) regret=0.091180 ape=0.5484
[21:46:44] warmStart 34% (662/1904) regret=0.091012 ape=0.5484
[21:46:44] warmStart 34% (663/1904) regret=0.091012 ape=0.5484
[21:46:44] warmStart 34% (664/1904) regret=0.091012 ape=0.5484
[21:46:45] warmStart 34% (665/1904) regret=0.091021 ape=0.5484
[21:46:45] warmStart 34% (666/1904) regret=0.091021 ape=0.5484
[21:46:45] warmStart 35% (667/1904) regret=0.090975 ape=0.5484
[21:46:45] warmStart 35% (668/1904) regret=0.090975 ape=0.5484
[21:46:46] warmStart 35% (669/1904) regret=0.090975 ape=0.5484
[21:46:46] warmStart 35% (670/1904) regret=0.090975 ape=0.5484
[21:46:46] warmStart 35% (671/1904) regret=0.090975 ape=0.5484
[21:46:46] warmStart 35% (672/1904) regret=0.090975 ape=0.5484
[21:46:47] warmStart 35% (673/1904) regret=0.090975 ape=0.5484
[21:46:47] warmStart 35% (674/1904) regret=0.090975 ape=0.5484
[21:46:47] warmStart 35% (675/1904) regret=0.090975 ape=0.5484
[21:46:47] warmStart 35% (676/1904) regret=0.090975 ape=0.5484
[21:46:48] warmStart 35% (677/1904) regret=0.090975 ape=0.5484
[21:46:48] warmStart 35% (678/1904) regret=0.090975 ape=0.5484
[21:46:48] warmStart 35% (679/1904) regret=0.090975 ape=0.5484
[21:46:48] warmStart 35% (680/1904) regret=0.090975 ape=0.5484
[21:46:49] warmStart 35% (681/1904) regret=0.090975 ape=0.5484
[21:46:49] warmStart 35% (682/1904) regret=0.090975 ape=0.5484
[21:46:49] warmStart 35% (683/1904) regret=0.090975 ape=0.5484
[21:46:50] warmStart 35% (684/1904) regret=0.090975 ape=0.5484
[21:46:50] warmStart 35% (685/1904) regret=0.090975 ape=0.5484
[21:46:50] warmStart 36% (686/1904) regret=0.090975 ape=0.5484
[21:46:50] warmStart 36% (687/1904) regret=0.090975 ape=0.5484
[21:46:51] warmStart 36% (688/1904) regret=0.090975 ape=0.5484
[21:46:51] warmStart 36% (689/1904) regret=0.090975 ape=0.5484
[21:46:51] warmStart 36% (690/1904) regret=0.090602 ape=0.5484
[21:46:51] warmStart 36% (691/1904) regret=0.090602 ape=0.5484
[21:46:52] warmStart 36% (692/1904) regret=0.090602 ape=0.5484
[21:46:52] warmStart 36% (693/1904) regret=0.090602 ape=0.5484
[21:46:52] warmStart 36% (694/1904) regret=0.090602 ape=0.5484
[21:46:52] warmStart 36% (695/1904) regret=0.090602 ape=0.5484
[21:46:53] warmStart 36% (696/1904) regret=0.090602 ape=0.5484
[21:46:53] warmStart 36% (697/1904) regret=0.090602 ape=0.5484
[21:46:53] warmStart 36% (698/1904) regret=0.090602 ape=0.5484
[21:46:53] warmStart 36% (699/1904) regret=0.090602 ape=0.5484
[21:46:53] warmStart 36% (700/1904) regret=0.090607 ape=0.5493
[21:46:54] warmStart 36% (701/1904) regret=0.090602 ape=0.5484
[21:46:54] warmStart 36% (702/1904) regret=0.090602 ape=0.5484
[21:46:54] warmStart 36% (703/1904) regret=0.090602 ape=0.5484
[21:46:54] warmStart 36% (704/1904) regret=0.090616 ape=0.5484
[21:46:54] warmStart 37% (705/1904) regret=0.090596 ape=0.5484
[21:46:55] warmStart 37% (706/1904) regret=0.090596 ape=0.5484
[21:46:55] warmStart 37% (707/1904) regret=0.090481 ape=0.5475
[21:46:55] warmStart 37% (708/1904) regret=0.090596 ape=0.5484
[21:46:56] warmStart 37% (709/1904) regret=0.090596 ape=0.5484
[21:46:56] warmStart 37% (710/1904) regret=0.090596 ape=0.5484
[21:46:56] warmStart 37% (711/1904) regret=0.090596 ape=0.5484
[21:46:56] warmStart 37% (712/1904) regret=0.090596 ape=0.5484
[21:46:57] warmStart 37% (713/1904) regret=0.090596 ape=0.5484
[21:46:57] warmStart 37% (714/1904) regret=0.090596 ape=0.5484
[21:46:57] warmStart 37% (715/1904) regret=0.090596 ape=0.5484
[21:46:57] warmStart 37% (716/1904) regret=0.090596 ape=0.5484
[21:46:58] warmStart 37% (717/1904) regret=0.090596 ape=0.5484
[21:46:58] warmStart 37% (718/1904) regret=0.090587 ape=0.5484
[21:46:58] warmStart 37% (719/1904) regret=0.090587 ape=0.5484
[21:46:58] warmStart 37% (720/1904) regret=0.090587 ape=0.5484
[21:46:59] warmStart 37% (721/1904) regret=0.090375 ape=0.5484
[21:46:59] warmStart 37% (722/1904) regret=0.090367 ape=0.5484
[21:46:59] warmStart 37% (723/1904) regret=0.090375 ape=0.5484
[21:46:59] warmStart 38% (724/1904) regret=0.090375 ape=0.5484
[21:47:00] warmStart 38% (725/1904) regret=0.090310 ape=0.5484
[21:47:00] warmStart 38% (726/1904) regret=0.090375 ape=0.5484
[21:47:00] warmStart 38% (727/1904) regret=0.090375 ape=0.5484
[21:47:00] warmStart 38% (728/1904) regret=0.090439 ape=0.5493
[21:47:01] warmStart 38% (729/1904) regret=0.090439 ape=0.5493
[21:47:01] warmStart 38% (730/1904) regret=0.090439 ape=0.5493
[21:47:01] warmStart 38% (731/1904) regret=0.090439 ape=0.5493
[21:47:01] warmStart 38% (732/1904) regret=0.090439 ape=0.5493
[21:47:02] warmStart 38% (733/1904) regret=0.090439 ape=0.5493
[21:47:02] warmStart 38% (734/1904) regret=0.090439 ape=0.5493
[21:47:02] warmStart 38% (735/1904) regret=0.090439 ape=0.5493
[21:47:02] warmStart 38% (736/1904) regret=0.090439 ape=0.5493
[21:47:03] warmStart 38% (737/1904) regret=0.090439 ape=0.5493
[21:47:03] warmStart 38% (738/1904) regret=0.090439 ape=0.5493
[21:47:03] warmStart 38% (739/1904) regret=0.090656 ape=0.5493
[21:47:04] warmStart 38% (740/1904) regret=0.090439 ape=0.5493
[21:47:04] warmStart 38% (741/1904) regret=0.090439 ape=0.5493
[21:47:04] warmStart 38% (742/1904) regret=0.090439 ape=0.5493
[21:47:04] warmStart 39% (743/1904) regret=0.090439 ape=0.5493
[21:47:05] warmStart 39% (744/1904) regret=0.090439 ape=0.5493
[21:47:05] warmStart 39% (745/1904) regret=0.090439 ape=0.5493
[21:47:05] warmStart 39% (746/1904) regret=0.090439 ape=0.5493
[21:47:05] warmStart 39% (747/1904) regret=0.090439 ape=0.5493
[21:47:06] warmStart 39% (748/1904) regret=0.090439 ape=0.5493
[21:47:06] warmStart 39% (749/1904) regret=0.090439 ape=0.5493
[21:47:06] warmStart 39% (750/1904) regret=0.090439 ape=0.5493
[21:47:06] warmStart 39% (751/1904) regret=0.090439 ape=0.5493
[21:47:07] warmStart 39% (752/1904) regret=0.090250 ape=0.5484
[21:47:07] warmStart 39% (753/1904) regret=0.090250 ape=0.5484
[21:47:07] warmStart 39% (754/1904) regret=0.090309 ape=0.5484
[21:47:07] warmStart 39% (755/1904) regret=0.090250 ape=0.5484
[21:47:08] warmStart 39% (756/1904) regret=0.090250 ape=0.5484
[21:47:08] warmStart 39% (757/1904) regret=0.090250 ape=0.5484
[21:47:08] warmStart 39% (758/1904) regret=0.090250 ape=0.5484
[21:47:08] warmStart 39% (759/1904) regret=0.090250 ape=0.5484
[21:47:09] warmStart 39% (760/1904) regret=0.090250 ape=0.5484
[21:47:09] warmStart 39% (761/1904) regret=0.090250 ape=0.5484
[21:47:09] warmStart 40% (762/1904) regret=0.090250 ape=0.5484
[21:47:10] warmStart 40% (763/1904) regret=0.090149 ape=0.5484
[21:47:10] warmStart 40% (764/1904) regret=0.090158 ape=0.5475
[21:47:10] warmStart 40% (765/1904) regret=0.090250 ape=0.5484
[21:47:10] warmStart 40% (766/1904) regret=0.090250 ape=0.5484
[21:47:11] warmStart 40% (767/1904) regret=0.090250 ape=0.5484
[21:47:11] warmStart 40% (768/1904) regret=0.090250 ape=0.5484
[21:47:11] warmStart 40% (769/1904) regret=0.090250 ape=0.5484
[21:47:11] warmStart 40% (770/1904) regret=0.090237 ape=0.5484
[21:47:12] warmStart 40% (771/1904) regret=0.090245 ape=0.5484
[21:47:12] warmStart 40% (772/1904) regret=0.089945 ape=0.5475
[21:47:12] warmStart 40% (773/1904) regret=0.089945 ape=0.5475
[21:47:12] warmStart 40% (774/1904) regret=0.089945 ape=0.5475
[21:47:13] warmStart 40% (775/1904) regret=0.089945 ape=0.5475
[21:47:13] warmStart 40% (776/1904) regret=0.089945 ape=0.5475
[21:47:13] warmStart 40% (777/1904) regret=0.089945 ape=0.5475
[21:47:13] warmStart 40% (778/1904) regret=0.089990 ape=0.5475
[21:47:14] warmStart 40% (779/1904) regret=0.089990 ape=0.5475
[21:47:14] warmStart 40% (780/1904) regret=0.089990 ape=0.5475
[21:47:14] warmStart 41% (781/1904) regret=0.089990 ape=0.5475
[21:47:14] warmStart 41% (782/1904) regret=0.089990 ape=0.5475
[21:47:14] warmStart 41% (783/1904) regret=0.089990 ape=0.5475
[21:47:15] warmStart 41% (784/1904) regret=0.089990 ape=0.5475
[21:47:15] warmStart 41% (785/1904) regret=0.089990 ape=0.5475
[21:47:15] warmStart 41% (786/1904) regret=0.089990 ape=0.5475
[21:47:15] warmStart 41% (787/1904) regret=0.089888 ape=0.5465
[21:47:16] warmStart 41% (788/1904) regret=0.089888 ape=0.5465
[21:47:16] warmStart 41% (789/1904) regret=0.089888 ape=0.5465
[21:47:16] warmStart 41% (790/1904) regret=0.089888 ape=0.5465
[21:47:16] warmStart 41% (791/1904) regret=0.089888 ape=0.5465
[21:47:17] warmStart 41% (792/1904) regret=0.089805 ape=0.5456
[21:47:17] warmStart 41% (793/1904) regret=0.089805 ape=0.5456
[21:47:17] warmStart 41% (794/1904) regret=0.089805 ape=0.5456
[21:47:17] warmStart 41% (795/1904) regret=0.089805 ape=0.5456
[21:47:18] warmStart 41% (796/1904) regret=0.089805 ape=0.5456
[21:47:18] warmStart 41% (797/1904) regret=0.089805 ape=0.5456
[21:47:18] warmStart 41% (798/1904) regret=0.089805 ape=0.5456
[21:47:18] warmStart 41% (799/1904) regret=0.089805 ape=0.5456
[21:47:19] warmStart 42% (800/1904) regret=0.089805 ape=0.5456
[21:47:19] warmStart 42% (801/1904) regret=0.089805 ape=0.5456
[21:47:19] warmStart 42% (802/1904) regret=0.089805 ape=0.5456
[21:47:20] warmStart 42% (803/1904) regret=0.089819 ape=0.5456
[21:47:20] warmStart 42% (804/1904) regret=0.089805 ape=0.5456
[21:47:20] warmStart 42% (805/1904) regret=0.089787 ape=0.5447
[21:47:20] warmStart 42% (806/1904) regret=0.089805 ape=0.5456
[21:47:21] warmStart 42% (807/1904) regret=0.089805 ape=0.5456
[21:47:21] warmStart 42% (808/1904) regret=0.089805 ape=0.5456
[21:47:21] warmStart 42% (809/1904) regret=0.089630 ape=0.5456
[21:47:21] warmStart 42% (810/1904) regret=0.089630 ape=0.5456
[21:47:22] warmStart 42% (811/1904) regret=0.089805 ape=0.5456
[21:47:22] warmStart 42% (812/1904) regret=0.089805 ape=0.5456
[21:47:22] warmStart 42% (813/1904) regret=0.089805 ape=0.5456
[21:47:22] warmStart 42% (814/1904) regret=0.089805 ape=0.5456
[21:47:23] warmStart 42% (815/1904) regret=0.089805 ape=0.5456
[21:47:23] warmStart 42% (816/1904) regret=0.089805 ape=0.5456
[21:47:23] warmStart 42% (817/1904) regret=0.089690 ape=0.5447
[21:47:23] warmStart 42% (818/1904) regret=0.089805 ape=0.5456
[21:47:24] warmStart 43% (819/1904) regret=0.089805 ape=0.5456
[21:47:24] warmStart 43% (820/1904) regret=0.089805 ape=0.5456
[21:47:24] warmStart 43% (821/1904) regret=0.089805 ape=0.5456
[21:47:24] warmStart 43% (822/1904) regret=0.089805 ape=0.5456
[21:47:25] warmStart 43% (823/1904) regret=0.089861 ape=0.5465
[21:47:25] warmStart 43% (824/1904) regret=0.089861 ape=0.5465
[21:47:25] warmStart 43% (825/1904) regret=0.089861 ape=0.5465
[21:47:25] warmStart 43% (826/1904) regret=0.089805 ape=0.5456
[21:47:26] warmStart 43% (827/1904) regret=0.089805 ape=0.5456
[21:47:26] warmStart 43% (828/1904) regret=0.089805 ape=0.5456
[21:47:26] warmStart 43% (829/1904) regret=0.089713 ape=0.5447
[21:47:27] warmStart 43% (830/1904) regret=0.089805 ape=0.5456
[21:47:27] warmStart 43% (831/1904) regret=0.089805 ape=0.5456
[21:47:27] warmStart 43% (832/1904) regret=0.089805 ape=0.5456
[21:47:27] warmStart 43% (833/1904) regret=0.089805 ape=0.5456
[21:47:28] warmStart 43% (834/1904) regret=0.089805 ape=0.5456
[21:47:28] warmStart 43% (835/1904) regret=0.089805 ape=0.5456
[21:47:28] warmStart 43% (836/1904) regret=0.089805 ape=0.5456
[21:47:28] warmStart 43% (837/1904) regret=0.089864 ape=0.5456
[21:47:29] warmStart 44% (838/1904) regret=0.089805 ape=0.5456
[21:47:29] warmStart 44% (839/1904) regret=0.089805 ape=0.5456
[21:47:29] warmStart 44% (840/1904) regret=0.089805 ape=0.5456
[21:47:29] warmStart 44% (841/1904) regret=0.089805 ape=0.5456
[21:47:30] warmStart 44% (842/1904) regret=0.089805 ape=0.5456
[21:47:30] warmStart 44% (843/1904) regret=0.089805 ape=0.5456
[21:47:30] warmStart 44% (844/1904) regret=0.089805 ape=0.5456
[21:47:30] warmStart 44% (845/1904) regret=0.089805 ape=0.5456
[21:47:31] warmStart 44% (846/1904) regret=0.089971 ape=0.5456
[21:47:31] warmStart 44% (847/1904) regret=0.089805 ape=0.5456
[21:47:31] warmStart 44% (848/1904) regret=0.089805 ape=0.5456
[21:47:31] warmStart 44% (849/1904) regret=0.089805 ape=0.5456
[21:47:32] warmStart 44% (850/1904) regret=0.089805 ape=0.5456
[21:47:32] warmStart 44% (851/1904) regret=0.089805 ape=0.5456
[21:47:32] warmStart 44% (852/1904) regret=0.089805 ape=0.5456
[21:47:32] warmStart 44% (853/1904) regret=0.089805 ape=0.5456
[21:47:33] warmStart 44% (854/1904) regret=0.089805 ape=0.5456
[21:47:33] warmStart 44% (855/1904) regret=0.089805 ape=0.5456
[21:47:33] warmStart 44% (856/1904) regret=0.089805 ape=0.5456
[21:47:34] warmStart 45% (857/1904) regret=0.089805 ape=0.5456
[21:47:34] warmStart 45% (858/1904) regret=0.089805 ape=0.5456
[21:47:34] warmStart 45% (859/1904) regret=0.089575 ape=0.5456
[21:47:34] warmStart 45% (860/1904) regret=0.089575 ape=0.5456
[21:47:34] warmStart 45% (861/1904) regret=0.089575 ape=0.5456
[21:47:35] warmStart 45% (862/1904) regret=0.089575 ape=0.5456
[21:47:35] warmStart 45% (863/1904) regret=0.089575 ape=0.5456
[21:47:35] warmStart 45% (864/1904) regret=0.089575 ape=0.5456
[21:47:35] warmStart 45% (865/1904) regret=0.089575 ape=0.5456
[21:47:35] warmStart 45% (866/1904) regret=0.089575 ape=0.5456
[21:47:36] warmStart 45% (867/1904) regret=0.089595 ape=0.5456
[21:47:36] warmStart 45% (868/1904) regret=0.089595 ape=0.5456
[21:47:36] warmStart 45% (869/1904) regret=0.089595 ape=0.5456
[21:47:36] warmStart 45% (870/1904) regret=0.089595 ape=0.5456
[21:47:37] warmStart 45% (871/1904) regret=0.089595 ape=0.5456
[21:47:37] warmStart 45% (872/1904) regret=0.089595 ape=0.5456
[21:47:37] warmStart 45% (873/1904) regret=0.089595 ape=0.5456
[21:47:37] warmStart 45% (874/1904) regret=0.089595 ape=0.5456
[21:47:38] warmStart 45% (875/1904) regret=0.089595 ape=0.5456
[21:47:38] warmStart 46% (876/1904) regret=0.089595 ape=0.5456
[21:47:38] warmStart 46% (877/1904) regret=0.089601 ape=0.5456
[21:47:38] warmStart 46% (878/1904) regret=0.089601 ape=0.5456
[21:47:39] warmStart 46% (879/1904) regret=0.089601 ape=0.5456
[21:47:39] warmStart 46% (880/1904) regret=0.089509 ape=0.5447
[21:47:39] warmStart 46% (881/1904) regret=0.089601 ape=0.5456
[21:47:39] warmStart 46% (882/1904) regret=0.089601 ape=0.5456
[21:47:40] warmStart 46% (883/1904) regret=0.089601 ape=0.5456
[21:47:40] warmStart 46% (884/1904) regret=0.089601 ape=0.5456
[21:47:40] warmStart 46% (885/1904) regret=0.089601 ape=0.5456
[21:47:40] warmStart 46% (886/1904) regret=0.089656 ape=0.5456
[21:47:41] warmStart 46% (887/1904) regret=0.089601 ape=0.5456
[21:47:41] warmStart 46% (888/1904) regret=0.089601 ape=0.5456
[21:47:41] warmStart 46% (889/1904) regret=0.089601 ape=0.5456
[21:47:42] warmStart 46% (890/1904) regret=0.089601 ape=0.5456
[21:47:42] warmStart 46% (891/1904) regret=0.089601 ape=0.5456
[21:47:42] warmStart 46% (892/1904) regret=0.089509 ape=0.5447
[21:47:42] warmStart 46% (893/1904) regret=0.089509 ape=0.5447
[21:47:43] warmStart 46% (894/1904) regret=0.089493 ape=0.5447
[21:47:43] warmStart 47% (895/1904) regret=0.089509 ape=0.5447
[21:47:43] warmStart 47% (896/1904) regret=0.089509 ape=0.5447
[21:47:43] warmStart 47% (897/1904) regret=0.089509 ape=0.5447
[21:47:43] warmStart 47% (898/1904) regret=0.089509 ape=0.5447
[21:47:44] warmStart 47% (899/1904) regret=0.089509 ape=0.5447
[21:47:44] warmStart 47% (900/1904) regret=0.089509 ape=0.5447
[21:47:44] warmStart 47% (901/1904) regret=0.089509 ape=0.5447
[21:47:44] warmStart 47% (902/1904) regret=0.089494 ape=0.5447
[21:47:45] warmStart 47% (903/1904) regret=0.089494 ape=0.5447
[21:47:45] warmStart 47% (904/1904) regret=0.089494 ape=0.5447
[21:47:45] warmStart 47% (905/1904) regret=0.089509 ape=0.5447
[21:47:46] warmStart 47% (906/1904) regret=0.089509 ape=0.5447
[21:47:46] warmStart 47% (907/1904) regret=0.089509 ape=0.5447
[21:47:46] warmStart 47% (908/1904) regret=0.089509 ape=0.5447
[21:47:46] warmStart 47% (909/1904) regret=0.089509 ape=0.5447
[21:47:47] warmStart 47% (910/1904) regret=0.089497 ape=0.5438
[21:47:47] warmStart 47% (911/1904) regret=0.089509 ape=0.5447
[21:47:47] warmStart 47% (912/1904) regret=0.089509 ape=0.5447
[21:47:47] warmStart 47% (913/1904) regret=0.089509 ape=0.5447
[21:47:48] warmStart 48% (914/1904) regret=0.089509 ape=0.5447
[21:47:48] warmStart 48% (915/1904) regret=0.089509 ape=0.5447
[21:47:48] warmStart 48% (916/1904) regret=0.089509 ape=0.5447
[21:47:48] warmStart 48% (917/1904) regret=0.089491 ape=0.5438
[21:47:49] warmStart 48% (918/1904) regret=0.089509 ape=0.5447
[21:47:49] warmStart 48% (919/1904) regret=0.089509 ape=0.5447
[21:47:49] warmStart 48% (920/1904) regret=0.089489 ape=0.5447
[21:47:49] warmStart 48% (921/1904) regret=0.089397 ape=0.5438
[21:47:50] warmStart 48% (922/1904) regret=0.089397 ape=0.5438
[21:47:50] warmStart 48% (923/1904) regret=0.089397 ape=0.5438
[21:47:50] warmStart 48% (924/1904) regret=0.089397 ape=0.5438
[21:47:50] warmStart 48% (925/1904) regret=0.089397 ape=0.5438
[21:47:51] warmStart 48% (926/1904) regret=0.089397 ape=0.5438
[21:47:51] warmStart 48% (927/1904) regret=0.089397 ape=0.5438
[21:47:51] warmStart 48% (928/1904) regret=0.089397 ape=0.5438
[21:47:51] warmStart 48% (929/1904) regret=0.089397 ape=0.5438
[21:47:52] warmStart 48% (930/1904) regret=0.089395 ape=0.5438
[21:47:52] warmStart 48% (931/1904) regret=0.089623 ape=0.5438
[21:47:52] warmStart 48% (932/1904) regret=0.089397 ape=0.5438
[21:47:52] warmStart 49% (933/1904) regret=0.089397 ape=0.5438
[21:47:53] warmStart 49% (934/1904) regret=0.089345 ape=0.5438
[21:47:53] warmStart 49% (935/1904) regret=0.089345 ape=0.5438
[21:47:53] warmStart 49% (936/1904) regret=0.089345 ape=0.5438
[21:47:53] warmStart 49% (937/1904) regret=0.089345 ape=0.5438
[21:47:54] warmStart 49% (938/1904) regret=0.089345 ape=0.5438
[21:47:54] warmStart 49% (939/1904) regret=0.089345 ape=0.5438
[21:47:54] warmStart 49% (940/1904) regret=0.089345 ape=0.5438
[21:47:55] warmStart 49% (941/1904) regret=0.089345 ape=0.5438
[21:47:55] warmStart 49% (942/1904) regret=0.089345 ape=0.5438
[21:47:55] warmStart 49% (943/1904) regret=0.089345 ape=0.5438
[21:47:55] warmStart 49% (944/1904) regret=0.089345 ape=0.5438
[21:47:56] warmStart 49% (945/1904) regret=0.089345 ape=0.5438
[21:47:56] warmStart 49% (946/1904) regret=0.089345 ape=0.5438
[21:47:56] warmStart 49% (947/1904) regret=0.089345 ape=0.5438
[21:47:56] warmStart 49% (948/1904) regret=0.089345 ape=0.5438
[21:47:57] warmStart 49% (949/1904) regret=0.089437 ape=0.5447
[21:47:57] warmStart 49% (950/1904) regret=0.089437 ape=0.5447
[21:47:57] warmStart 49% (951/1904) regret=0.089437 ape=0.5447
[21:47:57] warmStart 50% (952/1904) regret=0.089437 ape=0.5447
[21:47:58] warmStart 50% (953/1904) regret=0.089437 ape=0.5447
[21:47:58] warmStart 50% (954/1904) regret=0.089437 ape=0.5447
[21:47:58] warmStart 50% (955/1904) regret=0.089437 ape=0.5447
[21:47:58] warmStart 50% (956/1904) regret=0.089437 ape=0.5447
[21:47:58] warmStart 50% (957/1904) regret=0.089437 ape=0.5447
[21:47:58] warmStart 50% (958/1904) regret=0.089437 ape=0.5447
[21:47:59] warmStart 50% (959/1904) regret=0.089437 ape=0.5447
[21:47:59] warmStart 50% (960/1904) regret=0.089437 ape=0.5447
[21:47:59] warmStart 50% (961/1904) regret=0.089437 ape=0.5447
[21:47:59] warmStart 50% (962/1904) regret=0.089437 ape=0.5447
[21:47:59] warmStart 50% (963/1904) regret=0.089437 ape=0.5447
[21:48:00] warmStart 50% (964/1904) regret=0.089437 ape=0.5447
[21:48:00] warmStart 50% (965/1904) regret=0.089437 ape=0.5447
[21:48:00] warmStart 50% (966/1904) regret=0.089437 ape=0.5447
[21:48:00] warmStart 50% (967/1904) regret=0.089017 ape=0.5438
[21:48:01] warmStart 50% (968/1904) regret=0.089017 ape=0.5438
[21:48:01] warmStart 50% (969/1904) regret=0.088999 ape=0.5429
[21:48:01] warmStart 50% (970/1904) regret=0.089017 ape=0.5438
[21:48:01] warmStart 50% (971/1904) regret=0.089017 ape=0.5438
[21:48:02] warmStart 51% (972/1904) regret=0.089017 ape=0.5438
[21:48:02] warmStart 51% (973/1904) regret=0.088979 ape=0.5438
[21:48:02] warmStart 51% (974/1904) regret=0.088979 ape=0.5438
[21:48:02] warmStart 51% (975/1904) regret=0.088979 ape=0.5438
[21:48:03] warmStart 51% (976/1904) regret=0.088979 ape=0.5438
[21:48:03] warmStart 51% (977/1904) regret=0.088979 ape=0.5438
[21:48:03] warmStart 51% (978/1904) regret=0.088979 ape=0.5438
[21:48:04] warmStart 51% (979/1904) regret=0.089007 ape=0.5447
[21:48:04] warmStart 51% (980/1904) regret=0.089030 ape=0.5447
[21:48:04] warmStart 51% (981/1904) regret=0.089030 ape=0.5447
[21:48:04] warmStart 51% (982/1904) regret=0.089030 ape=0.5447
[21:48:05] warmStart 51% (983/1904) regret=0.089030 ape=0.5447
[21:48:05] warmStart 51% (984/1904) regret=0.088938 ape=0.5438
[21:48:05] warmStart 51% (985/1904) regret=0.088938 ape=0.5438
[21:48:05] warmStart 51% (986/1904) regret=0.088938 ape=0.5438
[21:48:06] warmStart 51% (987/1904) regret=0.088938 ape=0.5438
[21:48:06] warmStart 51% (988/1904) regret=0.088938 ape=0.5438
[21:48:06] warmStart 51% (989/1904) regret=0.088938 ape=0.5438
[21:48:06] warmStart 51% (990/1904) regret=0.088906 ape=0.5429
[21:48:07] warmStart 52% (991/1904) regret=0.088938 ape=0.5438
[21:48:07] warmStart 52% (992/1904) regret=0.088938 ape=0.5438
[21:48:07] warmStart 52% (993/1904) regret=0.088938 ape=0.5438
[21:48:07] warmStart 52% (994/1904) regret=0.088938 ape=0.5438
[21:48:08] warmStart 52% (995/1904) regret=0.088947 ape=0.5438
[21:48:08] warmStart 52% (996/1904) regret=0.089219 ape=0.5438
[21:48:08] warmStart 52% (997/1904) regret=0.088938 ape=0.5438
[21:48:08] warmStart 52% (998/1904) regret=0.088938 ape=0.5438
[21:48:09] warmStart 52% (999/1904) regret=0.088938 ape=0.5438
[21:48:09] warmStart 52% (1000/1904) regret=0.088919 ape=0.5438
[21:48:09] warmStart 52% (1001/1904) regret=0.088938 ape=0.5438
[21:48:10] warmStart 52% (1002/1904) regret=0.088938 ape=0.5438
[21:48:10] warmStart 52% (1003/1904) regret=0.088938 ape=0.5438
[21:48:10] warmStart 52% (1004/1904) regret=0.088938 ape=0.5438
[21:48:10] warmStart 52% (1005/1904) regret=0.088938 ape=0.5438
[21:48:10] warmStart 52% (1006/1904) regret=0.088938 ape=0.5438
[21:48:11] warmStart 52% (1007/1904) regret=0.088938 ape=0.5438
[21:48:11] warmStart 52% (1008/1904) regret=0.088938 ape=0.5438
[21:48:11] warmStart 52% (1009/1904) regret=0.088938 ape=0.5438
[21:48:12] warmStart 53% (1010/1904) regret=0.088938 ape=0.5438
[21:48:12] warmStart 53% (1011/1904) regret=0.088938 ape=0.5438
[21:48:12] warmStart 53% (1012/1904) regret=0.088938 ape=0.5438
[21:48:12] warmStart 53% (1013/1904) regret=0.088974 ape=0.5447
[21:48:12] warmStart 53% (1014/1904) regret=0.088974 ape=0.5447
[21:48:13] warmStart 53% (1015/1904) regret=0.088974 ape=0.5447
[21:48:13] warmStart 53% (1016/1904) regret=0.088974 ape=0.5447
[21:48:13] warmStart 53% (1017/1904) regret=0.088974 ape=0.5447
[21:48:13] warmStart 53% (1018/1904) regret=0.088974 ape=0.5447
[21:48:14] warmStart 53% (1019/1904) regret=0.088924 ape=0.5447
[21:48:14] warmStart 53% (1020/1904) regret=0.088924 ape=0.5447
[21:48:14] warmStart 53% (1021/1904) regret=0.088924 ape=0.5447
[21:48:14] warmStart 53% (1022/1904) regret=0.088924 ape=0.5447
[21:48:15] warmStart 53% (1023/1904) regret=0.088934 ape=0.5447
[21:48:15] warmStart 53% (1024/1904) regret=0.088983 ape=0.5447
[21:48:15] warmStart 53% (1025/1904) regret=0.088943 ape=0.5456
[21:48:16] warmStart 53% (1026/1904) regret=0.088943 ape=0.5456
[21:48:16] warmStart 53% (1027/1904) regret=0.088943 ape=0.5456
[21:48:16] warmStart 53% (1028/1904) regret=0.088943 ape=0.5456
[21:48:16] warmStart 54% (1029/1904) regret=0.088804 ape=0.5438
[21:48:17] warmStart 54% (1030/1904) regret=0.088804 ape=0.5438
[21:48:17] warmStart 54% (1031/1904) regret=0.088315 ape=0.5429
[21:48:17] warmStart 54% (1032/1904) regret=0.088407 ape=0.5438
[21:48:17] warmStart 54% (1033/1904) regret=0.088407 ape=0.5438
[21:48:18] warmStart 54% (1034/1904) regret=0.088407 ape=0.5438
[21:48:18] warmStart 54% (1035/1904) regret=0.088407 ape=0.5438
[21:48:18] warmStart 54% (1036/1904) regret=0.088407 ape=0.5438
[21:48:18] warmStart 54% (1037/1904) regret=0.088407 ape=0.5438
[21:48:19] warmStart 54% (1038/1904) regret=0.088444 ape=0.5438
[21:48:19] warmStart 54% (1039/1904) regret=0.088500 ape=0.5438
[21:48:19] warmStart 54% (1040/1904) regret=0.088500 ape=0.5438
[21:48:19] warmStart 54% (1041/1904) regret=0.088500 ape=0.5438
[21:48:20] warmStart 54% (1042/1904) regret=0.088500 ape=0.5438
[21:48:20] warmStart 54% (1043/1904) regret=0.088500 ape=0.5438
[21:48:20] warmStart 54% (1044/1904) regret=0.088500 ape=0.5438
[21:48:20] warmStart 54% (1045/1904) regret=0.088500 ape=0.5438
[21:48:20] warmStart 54% (1046/1904) regret=0.088500 ape=0.5438
[21:48:21] warmStart 54% (1047/1904) regret=0.088500 ape=0.5438
[21:48:21] warmStart 55% (1048/1904) regret=0.088500 ape=0.5438
[21:48:21] warmStart 55% (1049/1904) regret=0.088500 ape=0.5438
[21:48:21] warmStart 55% (1050/1904) regret=0.088500 ape=0.5438
[21:48:21] warmStart 55% (1051/1904) regret=0.088601 ape=0.5438
[21:48:22] warmStart 55% (1052/1904) regret=0.088500 ape=0.5438
[21:48:22] warmStart 55% (1053/1904) regret=0.088500 ape=0.5438
[21:48:22] warmStart 55% (1054/1904) regret=0.088500 ape=0.5438
[21:48:22] warmStart 55% (1055/1904) regret=0.088500 ape=0.5438
[21:48:22] warmStart 55% (1056/1904) regret=0.088500 ape=0.5438
[21:48:23] warmStart 55% (1057/1904) regret=0.088500 ape=0.5438
[21:48:23] warmStart 55% (1058/1904) regret=0.088490 ape=0.5438
[21:48:23] warmStart 55% (1059/1904) regret=0.088500 ape=0.5438
[21:48:24] warmStart 55% (1060/1904) regret=0.088500 ape=0.5438
[21:48:24] warmStart 55% (1061/1904) regret=0.088500 ape=0.5438
[21:48:24] warmStart 55% (1062/1904) regret=0.088500 ape=0.5438
[21:48:24] warmStart 55% (1063/1904) regret=0.088500 ape=0.5438
[21:48:25] warmStart 55% (1064/1904) regret=0.088500 ape=0.5438
[21:48:25] warmStart 55% (1065/1904) regret=0.088500 ape=0.5438
[21:48:25] warmStart 55% (1066/1904) regret=0.088500 ape=0.5438
[21:48:25] warmStart 56% (1067/1904) regret=0.088500 ape=0.5438
[21:48:26] warmStart 56% (1068/1904) regret=0.088500 ape=0.5438
[21:48:26] warmStart 56% (1069/1904) regret=0.088500 ape=0.5438
[21:48:26] warmStart 56% (1070/1904) regret=0.088500 ape=0.5438
[21:48:26] warmStart 56% (1071/1904) regret=0.088500 ape=0.5438
[21:48:27] warmStart 56% (1072/1904) regret=0.088500 ape=0.5438
[21:48:27] warmStart 56% (1073/1904) regret=0.088500 ape=0.5438
[21:48:27] warmStart 56% (1074/1904) regret=0.088500 ape=0.5438
[21:48:27] warmStart 56% (1075/1904) regret=0.088500 ape=0.5438
[21:48:28] warmStart 56% (1076/1904) regret=0.088500 ape=0.5438
[21:48:28] warmStart 56% (1077/1904) regret=0.088500 ape=0.5438
[21:48:28] warmStart 56% (1078/1904) regret=0.088500 ape=0.5438
[21:48:28] warmStart 56% (1079/1904) regret=0.088500 ape=0.5438
[21:48:29] warmStart 56% (1080/1904) regret=0.088500 ape=0.5438
[21:48:29] warmStart 56% (1081/1904) regret=0.088500 ape=0.5438
[21:48:29] warmStart 56% (1082/1904) regret=0.088500 ape=0.5438
[21:48:29] warmStart 56% (1083/1904) regret=0.088500 ape=0.5438
[21:48:30] warmStart 56% (1084/1904) regret=0.088500 ape=0.5438
[21:48:30] warmStart 56% (1085/1904) regret=0.088500 ape=0.5438
[21:48:30] warmStart 57% (1086/1904) regret=0.088500 ape=0.5438
[21:48:30] warmStart 57% (1087/1904) regret=0.088500 ape=0.5438
[21:48:30] warmStart 57% (1088/1904) regret=0.088500 ape=0.5438
[21:48:31] warmStart 57% (1089/1904) regret=0.088500 ape=0.5438
[21:48:31] warmStart 57% (1090/1904) regret=0.088500 ape=0.5438
[21:48:31] warmStart 57% (1091/1904) regret=0.088500 ape=0.5438
[21:48:31] warmStart 57% (1092/1904) regret=0.088500 ape=0.5438
[21:48:32] warmStart 57% (1093/1904) regret=0.088500 ape=0.5438
[21:48:32] warmStart 57% (1094/1904) regret=0.088500 ape=0.5438
[21:48:32] warmStart 57% (1095/1904) regret=0.088500 ape=0.5438
[21:48:32] warmStart 57% (1096/1904) regret=0.088500 ape=0.5438
[21:48:33] warmStart 57% (1097/1904) regret=0.088500 ape=0.5438
[21:48:33] warmStart 57% (1098/1904) regret=0.088500 ape=0.5438
[21:48:33] warmStart 57% (1099/1904) regret=0.088500 ape=0.5438
[21:48:33] warmStart 57% (1100/1904) regret=0.088500 ape=0.5438
[21:48:34] warmStart 57% (1101/1904) regret=0.088500 ape=0.5438
[21:48:34] warmStart 57% (1102/1904) regret=0.088500 ape=0.5438
[21:48:34] warmStart 57% (1103/1904) regret=0.088500 ape=0.5438
[21:48:35] warmStart 57% (1104/1904) regret=0.088500 ape=0.5438
[21:48:35] warmStart 58% (1105/1904) regret=0.088500 ape=0.5438
[21:48:35] warmStart 58% (1106/1904) regret=0.088500 ape=0.5438
[21:48:35] warmStart 58% (1107/1904) regret=0.088500 ape=0.5438
[21:48:36] warmStart 58% (1108/1904) regret=0.088500 ape=0.5438
[21:48:36] warmStart 58% (1109/1904) regret=0.088500 ape=0.5438
[21:48:36] warmStart 58% (1110/1904) regret=0.088500 ape=0.5438
[21:48:36] warmStart 58% (1111/1904) regret=0.088500 ape=0.5438
[21:48:36] warmStart 58% (1112/1904) regret=0.088500 ape=0.5438
[21:48:37] warmStart 58% (1113/1904) regret=0.088500 ape=0.5438
[21:48:37] warmStart 58% (1114/1904) regret=0.088500 ape=0.5438
[21:48:37] warmStart 58% (1115/1904) regret=0.088500 ape=0.5438
[21:48:38] warmStart 58% (1116/1904) regret=0.088500 ape=0.5438
[21:48:38] warmStart 58% (1117/1904) regret=0.088500 ape=0.5438
[21:48:38] warmStart 58% (1118/1904) regret=0.088407 ape=0.5429
[21:48:38] warmStart 58% (1119/1904) regret=0.088407 ape=0.5429
[21:48:39] warmStart 58% (1120/1904) regret=0.088407 ape=0.5429
[21:48:39] warmStart 58% (1121/1904) regret=0.088407 ape=0.5429
[21:48:39] warmStart 58% (1122/1904) regret=0.088457 ape=0.5429
[21:48:39] warmStart 58% (1123/1904) regret=0.088457 ape=0.5429
[21:48:40] warmStart 59% (1124/1904) regret=0.088447 ape=0.5429
[21:48:40] warmStart 59% (1125/1904) regret=0.088447 ape=0.5429
[21:48:40] warmStart 59% (1126/1904) regret=0.088447 ape=0.5429
[21:48:40] warmStart 59% (1127/1904) regret=0.088447 ape=0.5429
[21:48:41] warmStart 59% (1128/1904) regret=0.088447 ape=0.5429
[21:48:41] warmStart 59% (1129/1904) regret=0.088332 ape=0.5419
[21:48:41] warmStart 59% (1130/1904) regret=0.088447 ape=0.5429
[21:48:41] warmStart 59% (1131/1904) regret=0.088447 ape=0.5429
[21:48:42] warmStart 59% (1132/1904) regret=0.088447 ape=0.5429
[21:48:42] warmStart 59% (1133/1904) regret=0.088447 ape=0.5429
[21:48:42] warmStart 59% (1134/1904) regret=0.088447 ape=0.5429
[21:48:43] warmStart 59% (1135/1904) regret=0.088447 ape=0.5429
[21:48:43] warmStart 59% (1136/1904) regret=0.088447 ape=0.5429
[21:48:43] warmStart 59% (1137/1904) regret=0.088447 ape=0.5429
[21:48:43] warmStart 59% (1138/1904) regret=0.088023 ape=0.5419
[21:48:44] warmStart 59% (1139/1904) regret=0.088031 ape=0.5419
[21:48:44] warmStart 59% (1140/1904) regret=0.088031 ape=0.5419
[21:48:44] warmStart 59% (1141/1904) regret=0.088031 ape=0.5419
[21:48:44] warmStart 59% (1142/1904) regret=0.088031 ape=0.5419
[21:48:44] warmStart 60% (1143/1904) regret=0.088030 ape=0.5419
[21:48:44] warmStart 60% (1144/1904) regret=0.088030 ape=0.5419
[21:48:45] warmStart 60% (1145/1904) regret=0.088030 ape=0.5419
[21:48:45] warmStart 60% (1146/1904) regret=0.087991 ape=0.5419
[21:48:45] warmStart 60% (1147/1904) regret=0.087991 ape=0.5419
[21:48:45] warmStart 60% (1148/1904) regret=0.088048 ape=0.5419
[21:48:45] warmStart 60% (1149/1904) regret=0.087991 ape=0.5419
[21:48:46] warmStart 60% (1150/1904) regret=0.087991 ape=0.5419
[21:48:46] warmStart 60% (1151/1904) regret=0.087991 ape=0.5419
[21:48:46] warmStart 60% (1152/1904) regret=0.087991 ape=0.5419
[21:48:46] warmStart 60% (1153/1904) regret=0.087991 ape=0.5419
[21:48:47] warmStart 60% (1154/1904) regret=0.087991 ape=0.5419
[21:48:47] warmStart 60% (1155/1904) regret=0.088070 ape=0.5419
[21:48:47] warmStart 60% (1156/1904) regret=0.087973 ape=0.5410
[21:48:47] warmStart 60% (1157/1904) regret=0.087973 ape=0.5410
[21:48:48] warmStart 60% (1158/1904) regret=0.087973 ape=0.5410
[21:48:48] warmStart 60% (1159/1904) regret=0.087973 ape=0.5410
[21:48:48] warmStart 60% (1160/1904) regret=0.087858 ape=0.5401
[21:48:48] warmStart 60% (1161/1904) regret=0.087858 ape=0.5401
[21:48:49] warmStart 61% (1162/1904) regret=0.087858 ape=0.5401
[21:48:49] warmStart 61% (1163/1904) regret=0.087858 ape=0.5401
[21:48:49] warmStart 61% (1164/1904) regret=0.087858 ape=0.5401
[21:48:49] warmStart 61% (1165/1904) regret=0.087858 ape=0.5401
[21:48:50] warmStart 61% (1166/1904) regret=0.087858 ape=0.5401
[21:48:50] warmStart 61% (1167/1904) regret=0.087858 ape=0.5401
[21:48:50] warmStart 61% (1168/1904) regret=0.087858 ape=0.5401
[21:48:50] warmStart 61% (1169/1904) regret=0.087858 ape=0.5401
[21:48:51] warmStart 61% (1170/1904) regret=0.087858 ape=0.5401
[21:48:51] warmStart 61% (1171/1904) regret=0.087858 ape=0.5401
[21:48:51] warmStart 61% (1172/1904) regret=0.087858 ape=0.5401
[21:48:51] warmStart 61% (1173/1904) regret=0.087858 ape=0.5401
[21:48:52] warmStart 61% (1174/1904) regret=0.087858 ape=0.5401
[21:48:52] warmStart 61% (1175/1904) regret=0.087858 ape=0.5401
[21:48:52] warmStart 61% (1176/1904) regret=0.087858 ape=0.5401
[21:48:52] warmStart 61% (1177/1904) regret=0.087858 ape=0.5401
[21:48:53] warmStart 61% (1178/1904) regret=0.087858 ape=0.5401
[21:48:53] warmStart 61% (1179/1904) regret=0.087858 ape=0.5401
[21:48:53] warmStart 61% (1180/1904) regret=0.087858 ape=0.5401
[21:48:53] warmStart 62% (1181/1904) regret=0.087858 ape=0.5401
[21:48:54] warmStart 62% (1182/1904) regret=0.087858 ape=0.5401
[21:48:54] warmStart 62% (1183/1904) regret=0.087858 ape=0.5401
[21:48:54] warmStart 62% (1184/1904) regret=0.087858 ape=0.5401
[21:48:54] warmStart 62% (1185/1904) regret=0.087858 ape=0.5401
[21:48:55] warmStart 62% (1186/1904) regret=0.087858 ape=0.5401
[21:48:55] warmStart 62% (1187/1904) regret=0.087858 ape=0.5401
[21:48:55] warmStart 62% (1188/1904) regret=0.087839 ape=0.5392
[21:48:55] warmStart 62% (1189/1904) regret=0.087839 ape=0.5392
[21:48:56] warmStart 62% (1190/1904) regret=0.087839 ape=0.5392
[21:48:56] warmStart 62% (1191/1904) regret=0.087839 ape=0.5392
[21:48:56] warmStart 62% (1192/1904) regret=0.087839 ape=0.5392
[21:48:56] warmStart 62% (1193/1904) regret=0.087839 ape=0.5392
[21:48:57] warmStart 62% (1194/1904) regret=0.087839 ape=0.5392
[21:48:57] warmStart 62% (1195/1904) regret=0.087839 ape=0.5392
[21:48:57] warmStart 62% (1196/1904) regret=0.087839 ape=0.5392
[21:48:57] warmStart 62% (1197/1904) regret=0.088134 ape=0.5401
[21:48:58] warmStart 62% (1198/1904) regret=0.087839 ape=0.5392
[21:48:58] warmStart 62% (1199/1904) regret=0.087839 ape=0.5392
[21:48:58] warmStart 63% (1200/1904) regret=0.087839 ape=0.5392
[21:48:58] warmStart 63% (1201/1904) regret=0.087839 ape=0.5392
[21:48:59] warmStart 63% (1202/1904) regret=0.087839 ape=0.5392
[21:48:59] warmStart 63% (1203/1904) regret=0.087977 ape=0.5401
[21:48:59] warmStart 63% (1204/1904) regret=0.087839 ape=0.5392
[21:48:59] warmStart 63% (1205/1904) regret=0.087839 ape=0.5392
[21:49:00] warmStart 63% (1206/1904) regret=0.087839 ape=0.5392
[21:49:00] warmStart 63% (1207/1904) regret=0.087839 ape=0.5392
[21:49:00] warmStart 63% (1208/1904) regret=0.087839 ape=0.5392
[21:49:00] warmStart 63% (1209/1904) regret=0.087839 ape=0.5392
[21:49:01] warmStart 63% (1210/1904) regret=0.087839 ape=0.5392
[21:49:01] warmStart 63% (1211/1904) regret=0.087839 ape=0.5392
[21:49:01] warmStart 63% (1212/1904) regret=0.087821 ape=0.5392
[21:49:02] warmStart 63% (1213/1904) regret=0.087821 ape=0.5392
[21:49:02] warmStart 63% (1214/1904) regret=0.087839 ape=0.5392
[21:49:02] warmStart 63% (1215/1904) regret=0.087839 ape=0.5392
[21:49:02] warmStart 63% (1216/1904) regret=0.087839 ape=0.5392
[21:49:02] warmStart 63% (1217/1904) regret=0.087839 ape=0.5392
[21:49:03] warmStart 63% (1218/1904) regret=0.087847 ape=0.5392
[21:49:03] warmStart 64% (1219/1904) regret=0.087839 ape=0.5392
[21:49:03] warmStart 64% (1220/1904) regret=0.087839 ape=0.5392
[21:49:04] warmStart 64% (1221/1904) regret=0.087839 ape=0.5392
[21:49:04] warmStart 64% (1222/1904) regret=0.087839 ape=0.5392
[21:49:04] warmStart 64% (1223/1904) regret=0.087839 ape=0.5392
[21:49:04] warmStart 64% (1224/1904) regret=0.087839 ape=0.5392
[21:49:05] warmStart 64% (1225/1904) regret=0.087839 ape=0.5392
[21:49:05] warmStart 64% (1226/1904) regret=0.087839 ape=0.5392
[21:49:05] warmStart 64% (1227/1904) regret=0.087839 ape=0.5392
[21:49:05] warmStart 64% (1228/1904) regret=0.087839 ape=0.5392
[21:49:06] warmStart 64% (1229/1904) regret=0.087839 ape=0.5392
[21:49:06] warmStart 64% (1230/1904) regret=0.087839 ape=0.5392
[21:49:06] warmStart 64% (1231/1904) regret=0.087839 ape=0.5392
[21:49:06] warmStart 64% (1232/1904) regret=0.087839 ape=0.5392
[21:49:07] warmStart 64% (1233/1904) regret=0.087839 ape=0.5392
[21:49:07] warmStart 64% (1234/1904) regret=0.087839 ape=0.5392
[21:49:07] warmStart 64% (1235/1904) regret=0.087858 ape=0.5401
[21:49:07] warmStart 64% (1236/1904) regret=0.087858 ape=0.5401
[21:49:07] warmStart 64% (1237/1904) regret=0.087841 ape=0.5401
[21:49:08] warmStart 65% (1238/1904) regret=0.087841 ape=0.5401
[21:49:08] warmStart 65% (1239/1904) regret=0.087841 ape=0.5401
[21:49:08] warmStart 65% (1240/1904) regret=0.087841 ape=0.5401
[21:49:08] warmStart 65% (1241/1904) regret=0.087841 ape=0.5401
[21:49:08] warmStart 65% (1242/1904) regret=0.087841 ape=0.5401
[21:49:09] warmStart 65% (1243/1904) regret=0.087841 ape=0.5401
[21:49:09] warmStart 65% (1244/1904) regret=0.087841 ape=0.5401
[21:49:09] warmStart 65% (1245/1904) regret=0.087841 ape=0.5401
[21:49:09] warmStart 65% (1246/1904) regret=0.087841 ape=0.5401
[21:49:09] warmStart 65% (1247/1904) regret=0.087841 ape=0.5401
[21:49:10] warmStart 65% (1248/1904) regret=0.087841 ape=0.5401
[21:49:10] warmStart 65% (1249/1904) regret=0.087841 ape=0.5401
[21:49:10] warmStart 65% (1250/1904) regret=0.087841 ape=0.5401
[21:49:10] warmStart 65% (1251/1904) regret=0.087841 ape=0.5401
[21:49:11] warmStart 65% (1252/1904) regret=0.087861 ape=0.5401
[21:49:11] warmStart 65% (1253/1904) regret=0.087861 ape=0.5401
[21:49:11] warmStart 65% (1254/1904) regret=0.087861 ape=0.5401
[21:49:12] warmStart 65% (1255/1904) regret=0.087861 ape=0.5401
[21:49:12] warmStart 65% (1256/1904) regret=0.087599 ape=0.5401
[21:49:12] warmStart 66% (1257/1904) regret=0.087580 ape=0.5401
[21:49:12] warmStart 66% (1258/1904) regret=0.087580 ape=0.5401
[21:49:13] warmStart 66% (1259/1904) regret=0.087580 ape=0.5401
[21:49:13] warmStart 66% (1260/1904) regret=0.087580 ape=0.5401
[21:49:13] warmStart 66% (1261/1904) regret=0.087580 ape=0.5401
[21:49:13] warmStart 66% (1262/1904) regret=0.087580 ape=0.5401
[21:49:14] warmStart 66% (1263/1904) regret=0.087480 ape=0.5401
[21:49:14] warmStart 66% (1264/1904) regret=0.087586 ape=0.5401
[21:49:14] warmStart 66% (1265/1904) regret=0.087580 ape=0.5401
[21:49:14] warmStart 66% (1266/1904) regret=0.087677 ape=0.5401
[21:49:15] warmStart 66% (1267/1904) regret=0.087677 ape=0.5401
[21:49:15] warmStart 66% (1268/1904) regret=0.087677 ape=0.5401
[21:49:15] warmStart 66% (1269/1904) regret=0.087677 ape=0.5401
[21:49:15] warmStart 66% (1270/1904) regret=0.087677 ape=0.5401
[21:49:16] warmStart 66% (1271/1904) regret=0.087649 ape=0.5401
[21:49:16] warmStart 66% (1272/1904) regret=0.087677 ape=0.5401
[21:49:16] warmStart 66% (1273/1904) regret=0.087677 ape=0.5401
[21:49:16] warmStart 66% (1274/1904) regret=0.087677 ape=0.5401
[21:49:17] warmStart 66% (1275/1904) regret=0.087677 ape=0.5401
[21:49:17] warmStart 67% (1276/1904) regret=0.087677 ape=0.5401
[21:49:17] warmStart 67% (1277/1904) regret=0.087677 ape=0.5401
[21:49:17] warmStart 67% (1278/1904) regret=0.087677 ape=0.5401
[21:49:18] warmStart 67% (1279/1904) regret=0.087677 ape=0.5401
[21:49:18] warmStart 67% (1280/1904) regret=0.087677 ape=0.5401
[21:49:18] warmStart 67% (1281/1904) regret=0.087677 ape=0.5401
[21:49:18] warmStart 67% (1282/1904) regret=0.087677 ape=0.5401
[21:49:19] warmStart 67% (1283/1904) regret=0.087677 ape=0.5401
[21:49:19] warmStart 67% (1284/1904) regret=0.087677 ape=0.5401
[21:49:19] warmStart 67% (1285/1904) regret=0.087677 ape=0.5401
[21:49:19] warmStart 67% (1286/1904) regret=0.087677 ape=0.5401
[21:49:20] warmStart 67% (1287/1904) regret=0.087557 ape=0.5401
[21:49:20] warmStart 67% (1288/1904) regret=0.087677 ape=0.5401
[21:49:20] warmStart 67% (1289/1904) regret=0.087677 ape=0.5401
[21:49:20] warmStart 67% (1290/1904) regret=0.087677 ape=0.5401
[21:49:21] warmStart 67% (1291/1904) regret=0.087677 ape=0.5401
[21:49:21] warmStart 67% (1292/1904) regret=0.087677 ape=0.5401
[21:49:21] warmStart 67% (1293/1904) regret=0.087677 ape=0.5401
[21:49:22] warmStart 67% (1294/1904) regret=0.087677 ape=0.5401
[21:49:22] warmStart 68% (1295/1904) regret=0.087562 ape=0.5392
[21:49:22] warmStart 68% (1296/1904) regret=0.087580 ape=0.5401
[21:49:22] warmStart 68% (1297/1904) regret=0.087562 ape=0.5392
[21:49:22] warmStart 68% (1298/1904) regret=0.087562 ape=0.5392
[21:49:23] warmStart 68% (1299/1904) regret=0.087562 ape=0.5392
[21:49:23] warmStart 68% (1300/1904) regret=0.087562 ape=0.5392
[21:49:23] warmStart 68% (1301/1904) regret=0.087253 ape=0.5392
[21:49:23] warmStart 68% (1302/1904) regret=0.087253 ape=0.5392
[21:49:24] warmStart 68% (1303/1904) regret=0.087243 ape=0.5392
[21:49:24] warmStart 68% (1304/1904) regret=0.087243 ape=0.5392
[21:49:24] warmStart 68% (1305/1904) regret=0.087189 ape=0.5392
[21:49:24] warmStart 68% (1306/1904) regret=0.087189 ape=0.5392
[21:49:25] warmStart 68% (1307/1904) regret=0.087189 ape=0.5392
[21:49:25] warmStart 68% (1308/1904) regret=0.087189 ape=0.5392
[21:49:25] warmStart 68% (1309/1904) regret=0.087189 ape=0.5392
[21:49:25] warmStart 68% (1310/1904) regret=0.087246 ape=0.5392
[21:49:26] warmStart 68% (1311/1904) regret=0.087189 ape=0.5392
[21:49:26] warmStart 68% (1312/1904) regret=0.087189 ape=0.5392
[21:49:26] warmStart 68% (1313/1904) regret=0.087189 ape=0.5392
[21:49:27] warmStart 69% (1314/1904) regret=0.087189 ape=0.5392
[21:49:27] warmStart 69% (1315/1904) regret=0.087189 ape=0.5392
[21:49:27] warmStart 69% (1316/1904) regret=0.087189 ape=0.5392
[21:49:27] warmStart 69% (1317/1904) regret=0.087189 ape=0.5392
[21:49:28] warmStart 69% (1318/1904) regret=0.087189 ape=0.5392
[21:49:28] warmStart 69% (1319/1904) regret=0.087189 ape=0.5392
[21:49:28] warmStart 69% (1320/1904) regret=0.087189 ape=0.5392
[21:49:28] warmStart 69% (1321/1904) regret=0.087189 ape=0.5392
[21:49:29] warmStart 69% (1322/1904) regret=0.087189 ape=0.5392
[21:49:29] warmStart 69% (1323/1904) regret=0.087189 ape=0.5392
[21:49:29] warmStart 69% (1324/1904) regret=0.087189 ape=0.5392
[21:49:29] warmStart 69% (1325/1904) regret=0.087189 ape=0.5392
[21:49:30] warmStart 69% (1326/1904) regret=0.087189 ape=0.5392
[21:49:30] warmStart 69% (1327/1904) regret=0.087189 ape=0.5392
[21:49:30] warmStart 69% (1328/1904) regret=0.087189 ape=0.5392
[21:49:30] warmStart 69% (1329/1904) regret=0.087189 ape=0.5392
[21:49:30] warmStart 69% (1330/1904) regret=0.087189 ape=0.5392
[21:49:31] warmStart 69% (1331/1904) regret=0.087189 ape=0.5392
[21:49:31] warmStart 69% (1332/1904) regret=0.087173 ape=0.5392
[21:49:31] warmStart 70% (1333/1904) regret=0.087189 ape=0.5392
[21:49:31] warmStart 70% (1334/1904) regret=0.087189 ape=0.5392
[21:49:31] warmStart 70% (1335/1904) regret=0.087041 ape=0.5392
[21:49:32] warmStart 70% (1336/1904) regret=0.087014 ape=0.5392
[21:49:32] warmStart 70% (1337/1904) regret=0.087014 ape=0.5392
[21:49:32] warmStart 70% (1338/1904) regret=0.087014 ape=0.5392
[21:49:32] warmStart 70% (1339/1904) regret=0.086995 ape=0.5392
[21:49:32] warmStart 70% (1340/1904) regret=0.087014 ape=0.5392
[21:49:33] warmStart 70% (1341/1904) regret=0.087014 ape=0.5392
[21:49:33] warmStart 70% (1342/1904) regret=0.087014 ape=0.5392
[21:49:33] warmStart 70% (1343/1904) regret=0.087014 ape=0.5392
[21:49:33] warmStart 70% (1344/1904) regret=0.087014 ape=0.5392
[21:49:34] warmStart 70% (1345/1904) regret=0.087014 ape=0.5392
[21:49:34] warmStart 70% (1346/1904) regret=0.087014 ape=0.5392
[21:49:34] warmStart 70% (1347/1904) regret=0.087014 ape=0.5392
[21:49:34] warmStart 70% (1348/1904) regret=0.087014 ape=0.5392
[21:49:35] warmStart 70% (1349/1904) regret=0.087014 ape=0.5392
[21:49:35] warmStart 70% (1350/1904) regret=0.087014 ape=0.5392
[21:49:35] warmStart 70% (1351/1904) regret=0.086965 ape=0.5392
[21:49:36] warmStart 71% (1352/1904) regret=0.086965 ape=0.5392
[21:49:36] warmStart 71% (1353/1904) regret=0.087080 ape=0.5401
[21:49:36] warmStart 71% (1354/1904) regret=0.087080 ape=0.5401
[21:49:36] warmStart 71% (1355/1904) regret=0.087080 ape=0.5401
[21:49:37] warmStart 71% (1356/1904) regret=0.087080 ape=0.5401
[21:49:37] warmStart 71% (1357/1904) regret=0.087080 ape=0.5401
[21:49:37] warmStart 71% (1358/1904) regret=0.087080 ape=0.5401
[21:49:37] warmStart 71% (1359/1904) regret=0.087260 ape=0.5401
[21:49:38] warmStart 71% (1360/1904) regret=0.087080 ape=0.5401
[21:49:38] warmStart 71% (1361/1904) regret=0.086731 ape=0.5401
[21:49:38] warmStart 71% (1362/1904) regret=0.086731 ape=0.5401
[21:49:38] warmStart 71% (1363/1904) regret=0.086731 ape=0.5401
[21:49:39] warmStart 71% (1364/1904) regret=0.086731 ape=0.5401
[21:49:39] warmStart 71% (1365/1904) regret=0.086731 ape=0.5401
[21:49:39] warmStart 71% (1366/1904) regret=0.086731 ape=0.5401
[21:49:39] warmStart 71% (1367/1904) regret=0.086731 ape=0.5401
[21:49:40] warmStart 71% (1368/1904) regret=0.086731 ape=0.5401
[21:49:40] warmStart 71% (1369/1904) regret=0.086750 ape=0.5410
[21:49:40] warmStart 71% (1370/1904) regret=0.086750 ape=0.5410
[21:49:40] warmStart 72% (1371/1904) regret=0.086756 ape=0.5410
[21:49:41] warmStart 72% (1372/1904) regret=0.086750 ape=0.5410
[21:49:41] warmStart 72% (1373/1904) regret=0.086750 ape=0.5410
[21:49:41] warmStart 72% (1374/1904) regret=0.086808 ape=0.5410
[21:49:41] warmStart 72% (1375/1904) regret=0.086750 ape=0.5410
[21:49:42] warmStart 72% (1376/1904) regret=0.086750 ape=0.5410
[21:49:42] warmStart 72% (1377/1904) regret=0.086750 ape=0.5410
[21:49:42] warmStart 72% (1378/1904) regret=0.086750 ape=0.5410
[21:49:42] warmStart 72% (1379/1904) regret=0.086750 ape=0.5410
[21:49:43] warmStart 72% (1380/1904) regret=0.086715 ape=0.5410
[21:49:43] warmStart 72% (1381/1904) regret=0.086872 ape=0.5410
[21:49:43] warmStart 72% (1382/1904) regret=0.086715 ape=0.5410
[21:49:43] warmStart 72% (1383/1904) regret=0.086715 ape=0.5410
[21:49:44] warmStart 72% (1384/1904) regret=0.086715 ape=0.5410
[21:49:44] warmStart 72% (1385/1904) regret=0.086715 ape=0.5410
[21:49:44] warmStart 72% (1386/1904) regret=0.086715 ape=0.5410
[21:49:45] warmStart 72% (1387/1904) regret=0.086715 ape=0.5410
[21:49:45] warmStart 72% (1388/1904) regret=0.086715 ape=0.5410
[21:49:45] warmStart 72% (1389/1904) regret=0.086715 ape=0.5410
[21:49:45] warmStart 73% (1390/1904) regret=0.086715 ape=0.5410
[21:49:46] warmStart 73% (1391/1904) regret=0.086715 ape=0.5410
[21:49:46] warmStart 73% (1392/1904) regret=0.086715 ape=0.5410
[21:49:46] warmStart 73% (1393/1904) regret=0.086715 ape=0.5410
[21:49:46] warmStart 73% (1394/1904) regret=0.086715 ape=0.5410
[21:49:47] warmStart 73% (1395/1904) regret=0.086715 ape=0.5410
[21:49:47] warmStart 73% (1396/1904) regret=0.086715 ape=0.5410
[21:49:47] warmStart 73% (1397/1904) regret=0.086715 ape=0.5410
[21:49:47] warmStart 73% (1398/1904) regret=0.086715 ape=0.5410
[21:49:48] warmStart 73% (1399/1904) regret=0.086715 ape=0.5410
[21:49:48] warmStart 73% (1400/1904) regret=0.086715 ape=0.5410
[21:49:48] warmStart 73% (1401/1904) regret=0.086715 ape=0.5410
[21:49:48] warmStart 73% (1402/1904) regret=0.086715 ape=0.5410
[21:49:49] warmStart 73% (1403/1904) regret=0.086503 ape=0.5401
[21:49:49] warmStart 73% (1404/1904) regret=0.086503 ape=0.5401
[21:49:49] warmStart 73% (1405/1904) regret=0.086503 ape=0.5401
[21:49:49] warmStart 73% (1406/1904) regret=0.086503 ape=0.5401
[21:49:50] warmStart 73% (1407/1904) regret=0.086503 ape=0.5401
[21:49:50] warmStart 73% (1408/1904) regret=0.086503 ape=0.5401
[21:49:50] warmStart 74% (1409/1904) regret=0.086503 ape=0.5401
[21:49:51] warmStart 74% (1410/1904) regret=0.086503 ape=0.5401
[21:49:51] warmStart 74% (1411/1904) regret=0.086494 ape=0.5401
[21:49:51] warmStart 74% (1412/1904) regret=0.086503 ape=0.5401
[21:49:51] warmStart 74% (1413/1904) regret=0.086503 ape=0.5401
[21:49:52] warmStart 74% (1414/1904) regret=0.086503 ape=0.5401
[21:49:52] warmStart 74% (1415/1904) regret=0.086503 ape=0.5401
[21:49:52] warmStart 74% (1416/1904) regret=0.086503 ape=0.5401
[21:49:52] warmStart 74% (1417/1904) regret=0.086503 ape=0.5401
[21:49:53] warmStart 74% (1418/1904) regret=0.086503 ape=0.5401
[21:49:53] warmStart 74% (1419/1904) regret=0.086475 ape=0.5401
[21:49:53] warmStart 74% (1420/1904) regret=0.086475 ape=0.5401
[21:49:53] warmStart 74% (1421/1904) regret=0.086475 ape=0.5401
[21:49:54] warmStart 74% (1422/1904) regret=0.086475 ape=0.5401
[21:49:54] warmStart 74% (1423/1904) regret=0.086475 ape=0.5401
[21:49:54] warmStart 74% (1424/1904) regret=0.086475 ape=0.5401
[21:49:54] warmStart 74% (1425/1904) regret=0.086383 ape=0.5401
[21:49:54] warmStart 74% (1426/1904) regret=0.086475 ape=0.5410
[21:49:55] warmStart 74% (1427/1904) regret=0.086383 ape=0.5401
[21:49:55] warmStart 75% (1428/1904) regret=0.086383 ape=0.5401
[21:49:55] warmStart 75% (1429/1904) regret=0.086383 ape=0.5401
[21:49:55] warmStart 75% (1430/1904) regret=0.086383 ape=0.5401
[21:49:55] warmStart 75% (1431/1904) regret=0.086388 ape=0.5401
[21:49:55] warmStart 75% (1432/1904) regret=0.086388 ape=0.5401
[21:49:56] warmStart 75% (1433/1904) regret=0.086388 ape=0.5401
[21:49:56] warmStart 75% (1434/1904) regret=0.086388 ape=0.5401
[21:49:56] warmStart 75% (1435/1904) regret=0.086388 ape=0.5401
[21:49:56] warmStart 75% (1436/1904) regret=0.086388 ape=0.5401
[21:49:57] warmStart 75% (1437/1904) regret=0.086388 ape=0.5401
[21:49:57] warmStart 75% (1438/1904) regret=0.086388 ape=0.5401
[21:49:57] warmStart 75% (1439/1904) regret=0.086388 ape=0.5401
[21:49:57] warmStart 75% (1440/1904) regret=0.086388 ape=0.5401
[21:49:58] warmStart 75% (1441/1904) regret=0.086388 ape=0.5401
[21:49:58] warmStart 75% (1442/1904) regret=0.086388 ape=0.5401
[21:49:58] warmStart 75% (1443/1904) regret=0.086388 ape=0.5401
[21:49:59] warmStart 75% (1444/1904) regret=0.086388 ape=0.5401
[21:49:59] warmStart 75% (1445/1904) regret=0.086388 ape=0.5401
[21:49:59] warmStart 75% (1446/1904) regret=0.086388 ape=0.5401
[21:49:59] warmStart 75% (1447/1904) regret=0.086380 ape=0.5401
[21:50:00] warmStart 76% (1448/1904) regret=0.086388 ape=0.5401
[21:50:00] warmStart 76% (1449/1904) regret=0.086388 ape=0.5401
[21:50:00] warmStart 76% (1450/1904) regret=0.086388 ape=0.5401
[21:50:00] warmStart 76% (1451/1904) regret=0.086388 ape=0.5401
[21:50:01] warmStart 76% (1452/1904) regret=0.086388 ape=0.5401
[21:50:01] warmStart 76% (1453/1904) regret=0.086388 ape=0.5401
[21:50:01] warmStart 76% (1454/1904) regret=0.086388 ape=0.5401
[21:50:01] warmStart 76% (1455/1904) regret=0.086388 ape=0.5401
[21:50:02] warmStart 76% (1456/1904) regret=0.086388 ape=0.5401
[21:50:02] warmStart 76% (1457/1904) regret=0.086388 ape=0.5401
[21:50:02] warmStart 76% (1458/1904) regret=0.086388 ape=0.5401
[21:50:02] warmStart 76% (1459/1904) regret=0.086388 ape=0.5401
[21:50:03] warmStart 76% (1460/1904) regret=0.086388 ape=0.5401
[21:50:03] warmStart 76% (1461/1904) regret=0.086388 ape=0.5401
[21:50:03] warmStart 76% (1462/1904) regret=0.086388 ape=0.5401
[21:50:03] warmStart 76% (1463/1904) regret=0.086388 ape=0.5401
[21:50:04] warmStart 76% (1464/1904) regret=0.086388 ape=0.5401
[21:50:04] warmStart 76% (1465/1904) regret=0.086388 ape=0.5401
[21:50:04] warmStart 76% (1466/1904) regret=0.086388 ape=0.5401
[21:50:04] warmStart 77% (1467/1904) regret=0.086388 ape=0.5401
[21:50:05] warmStart 77% (1468/1904) regret=0.086388 ape=0.5401
[21:50:05] warmStart 77% (1469/1904) regret=0.086388 ape=0.5401
[21:50:05] warmStart 77% (1470/1904) regret=0.086388 ape=0.5401
[21:50:05] warmStart 77% (1471/1904) regret=0.086388 ape=0.5401
[21:50:06] warmStart 77% (1472/1904) regret=0.086388 ape=0.5401
[21:50:06] warmStart 77% (1473/1904) regret=0.086388 ape=0.5401
[21:50:06] warmStart 77% (1474/1904) regret=0.086388 ape=0.5401
[21:50:06] warmStart 77% (1475/1904) regret=0.086388 ape=0.5401
[21:50:07] warmStart 77% (1476/1904) regret=0.086460 ape=0.5401
[21:50:07] warmStart 77% (1477/1904) regret=0.086388 ape=0.5401
[21:50:07] warmStart 77% (1478/1904) regret=0.086383 ape=0.5401
[21:50:07] warmStart 77% (1479/1904) regret=0.086108 ape=0.5401
[21:50:08] warmStart 77% (1480/1904) regret=0.086108 ape=0.5401
[21:50:08] warmStart 77% (1481/1904) regret=0.086376 ape=0.5401
[21:50:08] warmStart 77% (1482/1904) regret=0.086376 ape=0.5401
[21:50:08] warmStart 77% (1483/1904) regret=0.086376 ape=0.5401
[21:50:09] warmStart 77% (1484/1904) regret=0.086376 ape=0.5401
[21:50:09] warmStart 77% (1485/1904) regret=0.086376 ape=0.5401
[21:50:09] warmStart 78% (1486/1904) regret=0.086376 ape=0.5401
[21:50:09] warmStart 78% (1487/1904) regret=0.086376 ape=0.5401
[21:50:10] warmStart 78% (1488/1904) regret=0.086376 ape=0.5401
[21:50:10] warmStart 78% (1489/1904) regret=0.086376 ape=0.5401
[21:50:10] warmStart 78% (1490/1904) regret=0.086376 ape=0.5401
[21:50:10] warmStart 78% (1491/1904) regret=0.086376 ape=0.5401
[21:50:11] warmStart 78% (1492/1904) regret=0.086376 ape=0.5401
[21:50:11] warmStart 78% (1493/1904) regret=0.086376 ape=0.5401
[21:50:11] warmStart 78% (1494/1904) regret=0.086376 ape=0.5401
[21:50:11] warmStart 78% (1495/1904) regret=0.086376 ape=0.5401
[21:50:12] warmStart 78% (1496/1904) regret=0.086376 ape=0.5401
[21:50:12] warmStart 78% (1497/1904) regret=0.086376 ape=0.5401
[21:50:12] warmStart 78% (1498/1904) regret=0.086330 ape=0.5401
[21:50:13] warmStart 78% (1499/1904) regret=0.086376 ape=0.5401
[21:50:13] warmStart 78% (1500/1904) regret=0.086376 ape=0.5401
[21:50:13] warmStart 78% (1501/1904) regret=0.086376 ape=0.5401
[21:50:13] warmStart 78% (1502/1904) regret=0.086376 ape=0.5401
[21:50:14] warmStart 78% (1503/1904) regret=0.086376 ape=0.5401
[21:50:14] warmStart 78% (1504/1904) regret=0.086376 ape=0.5401
[21:50:14] warmStart 79% (1505/1904) regret=0.086237 ape=0.5401
[21:50:14] warmStart 79% (1506/1904) regret=0.085883 ape=0.5401
[21:50:15] warmStart 79% (1507/1904) regret=0.085883 ape=0.5401
[21:50:15] warmStart 79% (1508/1904) regret=0.085883 ape=0.5401
[21:50:15] warmStart 79% (1509/1904) regret=0.085883 ape=0.5401
[21:50:15] warmStart 79% (1510/1904) regret=0.085836 ape=0.5392
[21:50:16] warmStart 79% (1511/1904) regret=0.085836 ape=0.5392
[21:50:16] warmStart 79% (1512/1904) regret=0.085836 ape=0.5392
[21:50:16] warmStart 79% (1513/1904) regret=0.085836 ape=0.5392
[21:50:16] warmStart 79% (1514/1904) regret=0.085836 ape=0.5392
[21:50:17] warmStart 79% (1515/1904) regret=0.085836 ape=0.5392
[21:50:17] warmStart 79% (1516/1904) regret=0.085836 ape=0.5392
[21:50:17] warmStart 79% (1517/1904) regret=0.085836 ape=0.5392
[21:50:17] warmStart 79% (1518/1904) regret=0.085836 ape=0.5392
[21:50:18] warmStart 79% (1519/1904) regret=0.085836 ape=0.5392
[21:50:18] warmStart 79% (1520/1904) regret=0.085836 ape=0.5392
[21:50:18] warmStart 79% (1521/1904) regret=0.085836 ape=0.5392
[21:50:18] warmStart 79% (1522/1904) regret=0.085836 ape=0.5392
[21:50:18] warmStart 79% (1523/1904) regret=0.085836 ape=0.5392
[21:50:19] warmStart 80% (1524/1904) regret=0.085836 ape=0.5392
[21:50:19] warmStart 80% (1525/1904) regret=0.085675 ape=0.5392
[21:50:19] warmStart 80% (1526/1904) regret=0.085675 ape=0.5392
[21:50:19] warmStart 80% (1527/1904) regret=0.085675 ape=0.5392
[21:50:19] warmStart 80% (1528/1904) regret=0.085560 ape=0.5382
[21:50:20] warmStart 80% (1529/1904) regret=0.085675 ape=0.5392
[21:50:20] warmStart 80% (1530/1904) regret=0.085730 ape=0.5401
[21:50:20] warmStart 80% (1531/1904) regret=0.085675 ape=0.5392
[21:50:20] warmStart 80% (1532/1904) regret=0.085675 ape=0.5392
[21:50:21] warmStart 80% (1533/1904) regret=0.085675 ape=0.5392
[21:50:21] warmStart 80% (1534/1904) regret=0.085675 ape=0.5392
[21:50:21] warmStart 80% (1535/1904) regret=0.085970 ape=0.5392
[21:50:21] warmStart 80% (1536/1904) regret=0.085970 ape=0.5392
[21:50:22] warmStart 80% (1537/1904) regret=0.085970 ape=0.5392
[21:50:22] warmStart 80% (1538/1904) regret=0.085970 ape=0.5392
[21:50:22] warmStart 80% (1539/1904) regret=0.085970 ape=0.5392
[21:50:22] warmStart 80% (1540/1904) regret=0.085970 ape=0.5392
[21:50:23] warmStart 80% (1541/1904) regret=0.085970 ape=0.5392
[21:50:23] warmStart 80% (1542/1904) regret=0.085970 ape=0.5392
[21:50:23] warmStart 81% (1543/1904) regret=0.085970 ape=0.5392
[21:50:24] warmStart 81% (1544/1904) regret=0.085970 ape=0.5392
[21:50:24] warmStart 81% (1545/1904) regret=0.085970 ape=0.5392
[21:50:24] warmStart 81% (1546/1904) regret=0.085998 ape=0.5392
[21:50:24] warmStart 81% (1547/1904) regret=0.085998 ape=0.5392
[21:50:25] warmStart 81% (1548/1904) regret=0.085998 ape=0.5392
[21:50:25] warmStart 81% (1549/1904) regret=0.085998 ape=0.5392
[21:50:25] warmStart 81% (1550/1904) regret=0.085998 ape=0.5392
[21:50:25] warmStart 81% (1551/1904) regret=0.085998 ape=0.5392
[21:50:26] warmStart 81% (1552/1904) regret=0.085998 ape=0.5392
[21:50:26] warmStart 81% (1553/1904) regret=0.085998 ape=0.5392
[21:50:26] warmStart 81% (1554/1904) regret=0.085998 ape=0.5392
[21:50:26] warmStart 81% (1555/1904) regret=0.085998 ape=0.5392
[21:50:27] warmStart 81% (1556/1904) regret=0.085998 ape=0.5392
[21:50:27] warmStart 81% (1557/1904) regret=0.085998 ape=0.5392
[21:50:27] warmStart 81% (1558/1904) regret=0.085998 ape=0.5392
[21:50:27] warmStart 81% (1559/1904) regret=0.085998 ape=0.5392
[21:50:28] warmStart 81% (1560/1904) regret=0.085998 ape=0.5392
[21:50:28] warmStart 81% (1561/1904) regret=0.085998 ape=0.5392
[21:50:28] warmStart 82% (1562/1904) regret=0.085998 ape=0.5392
[21:50:28] warmStart 82% (1563/1904) regret=0.085998 ape=0.5392
[21:50:29] warmStart 82% (1564/1904) regret=0.085998 ape=0.5392
[21:50:29] warmStart 82% (1565/1904) regret=0.085998 ape=0.5392
[21:50:29] warmStart 82% (1566/1904) regret=0.085998 ape=0.5392
[21:50:29] warmStart 82% (1567/1904) regret=0.085998 ape=0.5392
[21:50:30] warmStart 82% (1568/1904) regret=0.085998 ape=0.5392
[21:50:30] warmStart 82% (1569/1904) regret=0.085998 ape=0.5392
[21:50:30] warmStart 82% (1570/1904) regret=0.085998 ape=0.5392
[21:50:30] warmStart 82% (1571/1904) regret=0.085998 ape=0.5392
[21:50:31] warmStart 82% (1572/1904) regret=0.085998 ape=0.5392
[21:50:31] warmStart 82% (1573/1904) regret=0.085998 ape=0.5392
[21:50:31] warmStart 82% (1574/1904) regret=0.085998 ape=0.5392
[21:50:32] warmStart 82% (1575/1904) regret=0.085998 ape=0.5392
[21:50:32] warmStart 82% (1576/1904) regret=0.085998 ape=0.5392
[21:50:32] warmStart 82% (1577/1904) regret=0.085998 ape=0.5392
[21:50:32] warmStart 82% (1578/1904) regret=0.085998 ape=0.5392
[21:50:33] warmStart 82% (1579/1904) regret=0.085998 ape=0.5392
[21:50:33] warmStart 82% (1580/1904) regret=0.085998 ape=0.5392
[21:50:33] warmStart 83% (1581/1904) regret=0.085998 ape=0.5392
[21:50:33] warmStart 83% (1582/1904) regret=0.085998 ape=0.5392
[21:50:33] warmStart 83% (1583/1904) regret=0.085998 ape=0.5392
[21:50:34] warmStart 83% (1584/1904) regret=0.085998 ape=0.5392
[21:50:34] warmStart 83% (1585/1904) regret=0.085998 ape=0.5392
[21:50:34] warmStart 83% (1586/1904) regret=0.085998 ape=0.5392
[21:50:35] warmStart 83% (1587/1904) regret=0.085998 ape=0.5392
[21:50:35] warmStart 83% (1588/1904) regret=0.085998 ape=0.5392
[21:50:35] warmStart 83% (1589/1904) regret=0.085998 ape=0.5392
[21:50:35] warmStart 83% (1590/1904) regret=0.085998 ape=0.5392
[21:50:36] warmStart 83% (1591/1904) regret=0.085998 ape=0.5392
[21:50:36] warmStart 83% (1592/1904) regret=0.085998 ape=0.5392
[21:50:36] warmStart 83% (1593/1904) regret=0.086025 ape=0.5401
[21:50:36] warmStart 83% (1594/1904) regret=0.086025 ape=0.5401
[21:50:37] warmStart 83% (1595/1904) regret=0.086025 ape=0.5401
[21:50:37] warmStart 83% (1596/1904) regret=0.086025 ape=0.5401
[21:50:37] warmStart 83% (1597/1904) regret=0.086025 ape=0.5401
[21:50:37] warmStart 83% (1598/1904) regret=0.086025 ape=0.5401
[21:50:38] warmStart 83% (1599/1904) regret=0.086025 ape=0.5401
[21:50:38] warmStart 84% (1600/1904) regret=0.086025 ape=0.5401
[21:50:38] warmStart 84% (1601/1904) regret=0.086025 ape=0.5401
[21:50:38] warmStart 84% (1602/1904) regret=0.086025 ape=0.5401
[21:50:39] warmStart 84% (1603/1904) regret=0.086025 ape=0.5401
[21:50:39] warmStart 84% (1604/1904) regret=0.086012 ape=0.5401
[21:50:39] warmStart 84% (1605/1904) regret=0.086025 ape=0.5401
[21:50:39] warmStart 84% (1606/1904) regret=0.086025 ape=0.5401
[21:50:40] warmStart 84% (1607/1904) regret=0.086025 ape=0.5401
[21:50:40] warmStart 84% (1608/1904) regret=0.085924 ape=0.5401
[21:50:40] warmStart 84% (1609/1904) regret=0.086025 ape=0.5401
[21:50:41] warmStart 84% (1610/1904) regret=0.086025 ape=0.5401
[21:50:41] warmStart 84% (1611/1904) regret=0.086025 ape=0.5401
[21:50:41] warmStart 84% (1612/1904) regret=0.086025 ape=0.5401
[21:50:41] warmStart 84% (1613/1904) regret=0.086025 ape=0.5401
[21:50:41] warmStart 84% (1614/1904) regret=0.086025 ape=0.5401
[21:50:41] warmStart 84% (1615/1904) regret=0.086025 ape=0.5401
[21:50:41] warmStart 84% (1616/1904) regret=0.086025 ape=0.5401
[21:50:42] warmStart 84% (1617/1904) regret=0.086025 ape=0.5401
[21:50:42] warmStart 84% (1618/1904) regret=0.086025 ape=0.5401
[21:50:42] warmStart 85% (1619/1904) regret=0.086025 ape=0.5401
[21:50:42] warmStart 85% (1620/1904) regret=0.086025 ape=0.5401
[21:50:42] warmStart 85% (1621/1904) regret=0.086025 ape=0.5401
[21:50:43] warmStart 85% (1622/1904) regret=0.086025 ape=0.5401
[21:50:43] warmStart 85% (1623/1904) regret=0.086025 ape=0.5401
[21:50:43] warmStart 85% (1624/1904) regret=0.086025 ape=0.5401
[21:50:43] warmStart 85% (1625/1904) regret=0.086025 ape=0.5401
[21:50:44] warmStart 85% (1626/1904) regret=0.086025 ape=0.5401
[21:50:44] warmStart 85% (1627/1904) regret=0.086025 ape=0.5401
[21:50:44] warmStart 85% (1628/1904) regret=0.086025 ape=0.5401
[21:50:44] warmStart 85% (1629/1904) regret=0.086025 ape=0.5401
[21:50:45] warmStart 85% (1630/1904) regret=0.086025 ape=0.5401
[21:50:45] warmStart 85% (1631/1904) regret=0.086025 ape=0.5401
[21:50:45] warmStart 85% (1632/1904) regret=0.086025 ape=0.5401
[21:50:45] warmStart 85% (1633/1904) regret=0.086025 ape=0.5401
[21:50:46] warmStart 85% (1634/1904) regret=0.086025 ape=0.5401
[21:50:46] warmStart 85% (1635/1904) regret=0.086025 ape=0.5401
[21:50:46] warmStart 85% (1636/1904) regret=0.086025 ape=0.5401
[21:50:46] warmStart 85% (1637/1904) regret=0.086025 ape=0.5401
[21:50:47] warmStart 86% (1638/1904) regret=0.086025 ape=0.5401
[21:50:47] warmStart 86% (1639/1904) regret=0.086025 ape=0.5401
[21:50:47] warmStart 86% (1640/1904) regret=0.086025 ape=0.5401
[21:50:47] warmStart 86% (1641/1904) regret=0.086025 ape=0.5401
[21:50:48] warmStart 86% (1642/1904) regret=0.086025 ape=0.5401
[21:50:48] warmStart 86% (1643/1904) regret=0.086025 ape=0.5401
[21:50:48] warmStart 86% (1644/1904) regret=0.086025 ape=0.5401
[21:50:48] warmStart 86% (1645/1904) regret=0.086118 ape=0.5410
[21:50:49] warmStart 86% (1646/1904) regret=0.086025 ape=0.5401
[21:50:49] warmStart 86% (1647/1904) regret=0.086025 ape=0.5401
[21:50:49] warmStart 86% (1648/1904) regret=0.086025 ape=0.5401
[21:50:49] warmStart 86% (1649/1904) regret=0.086025 ape=0.5401
[21:50:50] warmStart 86% (1650/1904) regret=0.086025 ape=0.5401
[21:50:50] warmStart 86% (1651/1904) regret=0.086025 ape=0.5401
[21:50:50] warmStart 86% (1652/1904) regret=0.086025 ape=0.5401
[21:50:50] warmStart 86% (1653/1904) regret=0.086025 ape=0.5401
[21:50:51] warmStart 86% (1654/1904) regret=0.086025 ape=0.5401
[21:50:51] warmStart 86% (1655/1904) regret=0.086025 ape=0.5401
[21:50:51] warmStart 86% (1656/1904) regret=0.086025 ape=0.5401
[21:50:51] warmStart 87% (1657/1904) regret=0.086025 ape=0.5401
[21:50:52] warmStart 87% (1658/1904) regret=0.086025 ape=0.5401
[21:50:52] warmStart 87% (1659/1904) regret=0.086025 ape=0.5401
[21:50:52] warmStart 87% (1660/1904) regret=0.086025 ape=0.5401
[21:50:53] warmStart 87% (1661/1904) regret=0.086025 ape=0.5401
[21:50:53] warmStart 87% (1662/1904) regret=0.086025 ape=0.5401
[21:50:53] warmStart 87% (1663/1904) regret=0.086025 ape=0.5401
[21:50:53] warmStart 87% (1664/1904) regret=0.086025 ape=0.5401
[21:50:54] warmStart 87% (1665/1904) regret=0.086025 ape=0.5401
[21:50:54] warmStart 87% (1666/1904) regret=0.086025 ape=0.5401
[21:50:54] warmStart 87% (1667/1904) regret=0.086025 ape=0.5401
[21:50:54] warmStart 87% (1668/1904) regret=0.086025 ape=0.5401
[21:50:55] warmStart 87% (1669/1904) regret=0.085730 ape=0.5401
[21:50:55] warmStart 87% (1670/1904) regret=0.085730 ape=0.5401
[21:50:55] warmStart 87% (1671/1904) regret=0.085615 ape=0.5392
[21:50:55] warmStart 87% (1672/1904) regret=0.085730 ape=0.5401
[21:50:56] warmStart 87% (1673/1904) regret=0.085730 ape=0.5401
[21:50:56] warmStart 87% (1674/1904) regret=0.085730 ape=0.5401
[21:50:56] warmStart 87% (1675/1904) regret=0.085730 ape=0.5401
[21:50:56] warmStart 88% (1676/1904) regret=0.085730 ape=0.5401
[21:50:57] warmStart 88% (1677/1904) regret=0.085730 ape=0.5401
[21:50:57] warmStart 88% (1678/1904) regret=0.085730 ape=0.5401
[21:50:57] warmStart 88% (1679/1904) regret=0.085747 ape=0.5401
[21:50:57] warmStart 88% (1680/1904) regret=0.085747 ape=0.5401
[21:50:58] warmStart 88% (1681/1904) regret=0.085747 ape=0.5401
[21:50:58] warmStart 88% (1682/1904) regret=0.085747 ape=0.5401
[21:50:58] warmStart 88% (1683/1904) regret=0.085747 ape=0.5401
[21:50:58] warmStart 88% (1684/1904) regret=0.085747 ape=0.5401
[21:50:59] warmStart 88% (1685/1904) regret=0.085747 ape=0.5401
[21:50:59] warmStart 88% (1686/1904) regret=0.085747 ape=0.5401
[21:50:59] warmStart 88% (1687/1904) regret=0.085747 ape=0.5401
[21:50:59] warmStart 88% (1688/1904) regret=0.085747 ape=0.5401
[21:51:00] warmStart 88% (1689/1904) regret=0.085747 ape=0.5401
[21:51:00] warmStart 88% (1690/1904) regret=0.085747 ape=0.5401
[21:51:00] warmStart 88% (1691/1904) regret=0.085785 ape=0.5401
[21:51:01] warmStart 88% (1692/1904) regret=0.085747 ape=0.5401
[21:51:01] warmStart 88% (1693/1904) regret=0.085747 ape=0.5401
[21:51:01] warmStart 88% (1694/1904) regret=0.085747 ape=0.5401
[21:51:01] warmStart 89% (1695/1904) regret=0.085747 ape=0.5401
[21:51:01] warmStart 89% (1696/1904) regret=0.085736 ape=0.5401
[21:51:02] warmStart 89% (1697/1904) regret=0.085747 ape=0.5401
[21:51:02] warmStart 89% (1698/1904) regret=0.085747 ape=0.5401
[21:51:02] warmStart 89% (1699/1904) regret=0.085728 ape=0.5392
[21:51:02] warmStart 89% (1700/1904) regret=0.085728 ape=0.5392
[21:51:03] warmStart 89% (1701/1904) regret=0.085728 ape=0.5392
[21:51:03] warmStart 89% (1702/1904) regret=0.085728 ape=0.5392
[21:51:03] warmStart 89% (1703/1904) regret=0.085728 ape=0.5392
[21:51:03] warmStart 89% (1704/1904) regret=0.085728 ape=0.5392
[21:51:04] warmStart 89% (1705/1904) regret=0.085747 ape=0.5401
[21:51:04] warmStart 89% (1706/1904) regret=0.085728 ape=0.5392
[21:51:04] warmStart 89% (1707/1904) regret=0.085728 ape=0.5392
[21:51:04] warmStart 89% (1708/1904) regret=0.085728 ape=0.5392
[21:51:04] warmStart 89% (1709/1904) regret=0.085728 ape=0.5392
[21:51:05] warmStart 89% (1710/1904) regret=0.085728 ape=0.5392
[21:51:05] warmStart 89% (1711/1904) regret=0.085728 ape=0.5392
[21:51:05] warmStart 89% (1712/1904) regret=0.085728 ape=0.5392
[21:51:05] warmStart 89% (1713/1904) regret=0.085728 ape=0.5392
[21:51:05] warmStart 90% (1714/1904) regret=0.085728 ape=0.5392
[21:51:05] warmStart 90% (1715/1904) regret=0.085728 ape=0.5392
[21:51:06] warmStart 90% (1716/1904) regret=0.085728 ape=0.5392
[21:51:06] warmStart 90% (1717/1904) regret=0.085023 ape=0.5392
[21:51:06] warmStart 90% (1718/1904) regret=0.085023 ape=0.5392
[21:51:06] warmStart 90% (1719/1904) regret=0.085023 ape=0.5392
[21:51:06] warmStart 90% (1720/1904) regret=0.084996 ape=0.5392
[21:51:07] warmStart 90% (1721/1904) regret=0.085023 ape=0.5392
[21:51:07] warmStart 90% (1722/1904) regret=0.084581 ape=0.5392
[21:51:07] warmStart 90% (1723/1904) regret=0.084581 ape=0.5392
[21:51:07] warmStart 90% (1724/1904) regret=0.084581 ape=0.5392
[21:51:07] warmStart 90% (1725/1904) regret=0.084581 ape=0.5392
[21:51:08] warmStart 90% (1726/1904) regret=0.084581 ape=0.5392
[21:51:08] warmStart 90% (1727/1904) regret=0.084581 ape=0.5392
[21:51:08] warmStart 90% (1728/1904) regret=0.084581 ape=0.5392
[21:51:08] warmStart 90% (1729/1904) regret=0.084581 ape=0.5392
[21:51:09] warmStart 90% (1730/1904) regret=0.084581 ape=0.5392
[21:51:09] warmStart 90% (1731/1904) regret=0.084581 ape=0.5392
[21:51:09] warmStart 90% (1732/1904) regret=0.084710 ape=0.5401
[21:51:09] warmStart 91% (1733/1904) regret=0.084581 ape=0.5392
[21:51:10] warmStart 91% (1734/1904) regret=0.084581 ape=0.5392
[21:51:10] warmStart 91% (1735/1904) regret=0.084581 ape=0.5392
[21:51:10] warmStart 91% (1736/1904) regret=0.084581 ape=0.5392
[21:51:10] warmStart 91% (1737/1904) regret=0.084581 ape=0.5392
[21:51:11] warmStart 91% (1738/1904) regret=0.084581 ape=0.5392
[21:51:11] warmStart 91% (1739/1904) regret=0.084581 ape=0.5392
[21:51:11] warmStart 91% (1740/1904) regret=0.084581 ape=0.5392
[21:51:11] warmStart 91% (1741/1904) regret=0.084581 ape=0.5392
[21:51:12] warmStart 91% (1742/1904) regret=0.084581 ape=0.5392
[21:51:12] warmStart 91% (1743/1904) regret=0.084581 ape=0.5392
[21:51:12] warmStart 91% (1744/1904) regret=0.084581 ape=0.5392
[21:51:12] warmStart 91% (1745/1904) regret=0.084581 ape=0.5392
[21:51:13] warmStart 91% (1746/1904) regret=0.084581 ape=0.5392
[21:51:13] warmStart 91% (1747/1904) regret=0.084581 ape=0.5392
[21:51:13] warmStart 91% (1748/1904) regret=0.084447 ape=0.5382
[21:51:13] warmStart 91% (1749/1904) regret=0.084447 ape=0.5382
[21:51:13] warmStart 91% (1750/1904) regret=0.084447 ape=0.5382
[21:51:14] warmStart 91% (1751/1904) regret=0.084447 ape=0.5382
[21:51:14] warmStart 92% (1752/1904) regret=0.084447 ape=0.5382
[21:51:14] warmStart 92% (1753/1904) regret=0.084447 ape=0.5382
[21:51:14] warmStart 92% (1754/1904) regret=0.084447 ape=0.5382
[21:51:15] warmStart 92% (1755/1904) regret=0.084447 ape=0.5382
[21:51:15] warmStart 92% (1756/1904) regret=0.084447 ape=0.5382
[21:51:15] warmStart 92% (1757/1904) regret=0.084447 ape=0.5382
[21:51:15] warmStart 92% (1758/1904) regret=0.084447 ape=0.5382
[21:51:16] warmStart 92% (1759/1904) regret=0.084447 ape=0.5382
[21:51:16] warmStart 92% (1760/1904) regret=0.084447 ape=0.5382
[21:51:16] warmStart 92% (1761/1904) regret=0.084447 ape=0.5382
[21:51:16] warmStart 92% (1762/1904) regret=0.084447 ape=0.5382
[21:51:17] warmStart 92% (1763/1904) regret=0.084447 ape=0.5382
[21:51:17] warmStart 92% (1764/1904) regret=0.084447 ape=0.5382
[21:51:17] warmStart 92% (1765/1904) regret=0.084447 ape=0.5382
[21:51:17] warmStart 92% (1766/1904) regret=0.084447 ape=0.5382
[21:51:18] warmStart 92% (1767/1904) regret=0.084447 ape=0.5382
[21:51:18] warmStart 92% (1768/1904) regret=0.084447 ape=0.5382
[21:51:18] warmStart 92% (1769/1904) regret=0.084447 ape=0.5382
[21:51:18] warmStart 92% (1770/1904) regret=0.084180 ape=0.5382
[21:51:19] warmStart 93% (1771/1904) regret=0.084180 ape=0.5382
[21:51:19] warmStart 93% (1772/1904) regret=0.084180 ape=0.5382
[21:51:19] warmStart 93% (1773/1904) regret=0.084180 ape=0.5382
[21:51:19] warmStart 93% (1774/1904) regret=0.084180 ape=0.5382
[21:51:20] warmStart 93% (1775/1904) regret=0.084180 ape=0.5382
[21:51:20] warmStart 93% (1776/1904) regret=0.084180 ape=0.5382
[21:51:20] warmStart 93% (1777/1904) regret=0.084180 ape=0.5382
[21:51:20] warmStart 93% (1778/1904) regret=0.084180 ape=0.5382
[21:51:20] warmStart 93% (1779/1904) regret=0.084185 ape=0.5382
[21:51:21] warmStart 93% (1780/1904) regret=0.084185 ape=0.5382
[21:51:21] warmStart 93% (1781/1904) regret=0.084185 ape=0.5382
[21:51:21] warmStart 93% (1782/1904) regret=0.084185 ape=0.5382
[21:51:21] warmStart 93% (1783/1904) regret=0.084185 ape=0.5382
[21:51:22] warmStart 93% (1784/1904) regret=0.084185 ape=0.5382
[21:51:22] warmStart 93% (1785/1904) regret=0.084185 ape=0.5382
[21:51:22] warmStart 93% (1786/1904) regret=0.084185 ape=0.5382
[21:51:22] warmStart 93% (1787/1904) regret=0.084185 ape=0.5382
[21:51:23] warmStart 93% (1788/1904) regret=0.084185 ape=0.5382
[21:51:23] warmStart 93% (1789/1904) regret=0.084185 ape=0.5382
[21:51:23] warmStart 94% (1790/1904) regret=0.084185 ape=0.5382
[21:51:23] warmStart 94% (1791/1904) regret=0.084185 ape=0.5382
[21:51:24] warmStart 94% (1792/1904) regret=0.084185 ape=0.5382
[21:51:24] warmStart 94% (1793/1904) regret=0.084185 ape=0.5382
[21:51:24] warmStart 94% (1794/1904) regret=0.084185 ape=0.5382
[21:51:24] warmStart 94% (1795/1904) regret=0.084185 ape=0.5382
[21:51:25] warmStart 94% (1796/1904) regret=0.084185 ape=0.5382
[21:51:25] warmStart 94% (1797/1904) regret=0.084185 ape=0.5382
[21:51:25] warmStart 94% (1798/1904) regret=0.084185 ape=0.5382
[21:51:25] warmStart 94% (1799/1904) regret=0.084185 ape=0.5382
[21:51:26] warmStart 94% (1800/1904) regret=0.084185 ape=0.5382
[21:51:26] warmStart 94% (1801/1904) regret=0.084185 ape=0.5382
[21:51:26] warmStart 94% (1802/1904) regret=0.084185 ape=0.5382
[21:51:26] warmStart 94% (1803/1904) regret=0.083940 ape=0.5382
[21:51:27] warmStart 94% (1804/1904) regret=0.084039 ape=0.5382
[21:51:27] warmStart 94% (1805/1904) regret=0.084023 ape=0.5382
[21:51:27] warmStart 94% (1806/1904) regret=0.083908 ape=0.5373
[21:51:27] warmStart 94% (1807/1904) regret=0.083300 ape=0.5373
[21:51:27] warmStart 94% (1808/1904) regret=0.083300 ape=0.5373
[21:51:28] warmStart 95% (1809/1904) regret=0.083300 ape=0.5373
[21:51:28] warmStart 95% (1810/1904) regret=0.083300 ape=0.5373
[21:51:28] warmStart 95% (1811/1904) regret=0.083300 ape=0.5373
[21:51:28] warmStart 95% (1812/1904) regret=0.083300 ape=0.5373
[21:51:28] warmStart 95% (1813/1904) regret=0.083300 ape=0.5373
[21:51:28] warmStart 95% (1814/1904) regret=0.083281 ape=0.5373
[21:51:29] warmStart 95% (1815/1904) regret=0.083281 ape=0.5373
[21:51:29] warmStart 95% (1816/1904) regret=0.083281 ape=0.5373
[21:51:29] warmStart 95% (1817/1904) regret=0.083281 ape=0.5373
[21:51:29] warmStart 95% (1818/1904) regret=0.083281 ape=0.5373
[21:51:29] warmStart 95% (1819/1904) regret=0.083281 ape=0.5373
[21:51:30] warmStart 95% (1820/1904) regret=0.083281 ape=0.5373
[21:51:30] warmStart 95% (1821/1904) regret=0.083281 ape=0.5373
[21:51:30] warmStart 95% (1822/1904) regret=0.083281 ape=0.5373
[21:51:30] warmStart 95% (1823/1904) regret=0.083281 ape=0.5373
[21:51:31] warmStart 95% (1824/1904) regret=0.083281 ape=0.5373
[21:51:31] warmStart 95% (1825/1904) regret=0.083281 ape=0.5373
[21:51:31] warmStart 95% (1826/1904) regret=0.083281 ape=0.5373
[21:51:31] warmStart 95% (1827/1904) regret=0.083315 ape=0.5373
[21:51:32] warmStart 96% (1828/1904) regret=0.083281 ape=0.5373
[21:51:32] warmStart 96% (1829/1904) regret=0.083281 ape=0.5373
[21:51:32] warmStart 96% (1830/1904) regret=0.083281 ape=0.5373
[21:51:32] warmStart 96% (1831/1904) regret=0.083266 ape=0.5373
[21:51:33] warmStart 96% (1832/1904) regret=0.083266 ape=0.5373
[21:51:33] warmStart 96% (1833/1904) regret=0.083266 ape=0.5373
[21:51:33] warmStart 96% (1834/1904) regret=0.083266 ape=0.5373
[21:51:33] warmStart 96% (1835/1904) regret=0.083266 ape=0.5373
[21:51:33] warmStart 96% (1836/1904) regret=0.083285 ape=0.5373
[21:51:34] warmStart 96% (1837/1904) regret=0.083258 ape=0.5373
[21:51:34] warmStart 96% (1838/1904) regret=0.083258 ape=0.5373
[21:51:34] warmStart 96% (1839/1904) regret=0.083258 ape=0.5373
[21:51:34] warmStart 96% (1840/1904) regret=0.083258 ape=0.5373
[21:51:35] warmStart 96% (1841/1904) regret=0.083258 ape=0.5373
[21:51:35] warmStart 96% (1842/1904) regret=0.083258 ape=0.5373
[21:51:35] warmStart 96% (1843/1904) regret=0.083258 ape=0.5373
[21:51:35] warmStart 96% (1844/1904) regret=0.083030 ape=0.5373
[21:51:36] warmStart 96% (1845/1904) regret=0.083011 ape=0.5373
[21:51:36] warmStart 96% (1846/1904) regret=0.083011 ape=0.5373
[21:51:36] warmStart 97% (1847/1904) regret=0.083011 ape=0.5373
[21:51:36] warmStart 97% (1848/1904) regret=0.083011 ape=0.5373
[21:51:37] warmStart 97% (1849/1904) regret=0.083001 ape=0.5373
[21:51:37] warmStart 97% (1850/1904) regret=0.083011 ape=0.5373
[21:51:37] warmStart 97% (1851/1904) regret=0.083011 ape=0.5373
[21:51:37] warmStart 97% (1852/1904) regret=0.083011 ape=0.5373
[21:51:38] warmStart 97% (1853/1904) regret=0.083026 ape=0.5373
[21:51:38] warmStart 97% (1854/1904) regret=0.083026 ape=0.5373
[21:51:38] warmStart 97% (1855/1904) regret=0.083026 ape=0.5373
[21:51:38] warmStart 97% (1856/1904) regret=0.083026 ape=0.5373
[21:51:39] warmStart 97% (1857/1904) regret=0.083026 ape=0.5373
[21:51:39] warmStart 97% (1858/1904) regret=0.083026 ape=0.5373
[21:51:39] warmStart 97% (1859/1904) regret=0.083026 ape=0.5373
[21:51:39] warmStart 97% (1860/1904) regret=0.083026 ape=0.5373
[21:51:40] warmStart 97% (1861/1904) regret=0.083026 ape=0.5373
[21:51:40] warmStart 97% (1862/1904) regret=0.083026 ape=0.5373
[21:51:40] warmStart 97% (1863/1904) regret=0.083026 ape=0.5373
[21:51:40] warmStart 97% (1864/1904) regret=0.083083 ape=0.5373
[21:51:41] warmStart 97% (1865/1904) regret=0.083026 ape=0.5373
[21:51:41] warmStart 98% (1866/1904) regret=0.083026 ape=0.5373
[21:51:41] warmStart 98% (1867/1904) regret=0.083026 ape=0.5373
[21:51:41] warmStart 98% (1868/1904) regret=0.083026 ape=0.5373
[21:51:41] warmStart 98% (1869/1904) regret=0.083026 ape=0.5373
[21:51:42] warmStart 98% (1870/1904) regret=0.083054 ape=0.5373
[21:51:42] warmStart 98% (1871/1904) regret=0.083061 ape=0.5373
[21:51:42] warmStart 98% (1872/1904) regret=0.083061 ape=0.5373
[21:51:43] warmStart 98% (1873/1904) regret=0.083099 ape=0.5373
[21:51:43] warmStart 98% (1874/1904) regret=0.083061 ape=0.5373
[21:51:43] warmStart 98% (1875/1904) regret=0.083061 ape=0.5373
[21:51:43] warmStart 98% (1876/1904) regret=0.083061 ape=0.5373
[21:51:43] warmStart 98% (1877/1904) regret=0.083061 ape=0.5373
[21:51:44] warmStart 98% (1878/1904) regret=0.083061 ape=0.5373
[21:51:44] warmStart 98% (1879/1904) regret=0.083061 ape=0.5373
[21:51:44] warmStart 98% (1880/1904) regret=0.083061 ape=0.5373
[21:51:44] warmStart 98% (1881/1904) regret=0.083061 ape=0.5373
[21:51:45] warmStart 98% (1882/1904) regret=0.083061 ape=0.5373
[21:51:45] warmStart 98% (1883/1904) regret=0.083061 ape=0.5373
[21:51:45] warmStart 98% (1884/1904) regret=0.083061 ape=0.5373
[21:51:45] warmStart 99% (1885/1904) regret=0.083061 ape=0.5373
[21:51:46] warmStart 99% (1886/1904) regret=0.083061 ape=0.5373
[21:51:46] warmStart 99% (1887/1904) regret=0.083061 ape=0.5373
[21:51:46] warmStart 99% (1888/1904) regret=0.083061 ape=0.5373
[21:51:46] warmStart 99% (1889/1904) regret=0.083061 ape=0.5373
[21:51:46] warmStart 99% (1890/1904) regret=0.083061 ape=0.5373
[21:51:47] warmStart 99% (1891/1904) regret=0.083061 ape=0.5373
[21:51:47] warmStart 99% (1892/1904) regret=0.083061 ape=0.5373
[21:51:47] warmStart 99% (1893/1904) regret=0.083061 ape=0.5373
[21:51:48] warmStart 99% (1894/1904) regret=0.083061 ape=0.5373
[21:51:48] warmStart 99% (1895/1904) regret=0.083061 ape=0.5373
[21:51:48] warmStart 99% (1896/1904) regret=0.083061 ape=0.5373
[21:51:48] warmStart 99% (1897/1904) regret=0.083061 ape=0.5373
[21:51:49] warmStart 99% (1898/1904) regret=0.083061 ape=0.5373
[21:51:49] warmStart 99% (1899/1904) regret=0.083061 ape=0.5373
[21:51:49] warmStart 99% (1900/1904) regret=0.083061 ape=0.5373
[21:51:49] warmStart 99% (1901/1904) regret=0.083061 ape=0.5373
[21:51:49] warmStart 99% (1902/1904) regret=0.083061 ape=0.5373
Warm w=100 finished: 1903 points, 474.97s wall time
  Final: regret=0.083061, ape=0.5373

Saved JSON: /home/users/g/s/gsavary/LudiiMCTSVariations/slurm_sweep_full_dataset/results_20260425_214312/sweep_warm_100_4_20260425_215150.json

Generating plots...
Saved regret plot: /home/users/g/s/gsavary/LudiiMCTSVariations/slurm_sweep_full_dataset/results_20260425_214312/sweep_warm_100_4_20260425_215150_regret.png
Saved APE plot: /home/users/g/s/gsavary/LudiiMCTSVariations/slurm_sweep_full_dataset/results_20260425_214312/sweep_warm_100_4_20260425_215150_ape.png

======================================================================
EXPERIMENT COMPLETE
======================================================================
Results saved to: /home/users/g/s/gsavary/LudiiMCTSVariations/slurm_sweep_full_dataset/results_20260425_214312
JSON file: sweep_warm_100_4_20260425_215150.json
Experiment finished. Results saved to: /home/users/g/s/gsavary/LudiiMCTSVariations/slurm_sweep_full_dataset/results_20260425_214312
