Starting experiment...
Project root: /home/users/g/s/gsavary/LudiiMCTSVariations
Method: warm:500
Output dir: /home/users/g/s/gsavary/LudiiMCTSVariations/slurm_sweep_full_dataset/results_20260425_214412
Seed: 4
Time limit:  seconds


======================================================================
SLURM Sweep Experiment - Single Method
======================================================================
Method: warm:500
Time limit: 7200.0s, Seed: 4, Batch size: 20
Output directory: /home/users/g/s/gsavary/LudiiMCTSVariations/slurm_sweep_full_dataset/results_20260425_214412

Loading Ludii dataset...
Loaded 1085 games
Using 1085 games (full dataset, no subsampling)

Running timing probe (100 pulls)...
  Estimated secs/pull: 0.030247

Time budget: 7200.0s → ~238040 total pulls
Per-method budget: 34005 pulls (~1028.5s)

Computing predictor-only performance...
  Predictions loaded: 23675 agent predictions
  Predictor-only: regret=0.104318, ape=0.4894

Running WARM-START (w=500)...
[21:45:01] warmStart 0% (0/1701) regret=0.104237 ape=0.5300
[21:45:01] warmStart 0% (1/1701) regret=0.104237 ape=0.5300
[21:45:02] warmStart 0% (2/1701) regret=0.104237 ape=0.5300
[21:45:02] warmStart 0% (3/1701) regret=0.104237 ape=0.5300
[21:45:02] warmStart 0% (4/1701) regret=0.104237 ape=0.5300
[21:45:03] warmStart 0% (5/1701) regret=0.104237 ape=0.5300
[21:45:03] warmStart 0% (6/1701) regret=0.104237 ape=0.5300
[21:45:03] warmStart 0% (7/1701) regret=0.104237 ape=0.5300
[21:45:04] warmStart 0% (8/1701) regret=0.104237 ape=0.5300
[21:45:04] warmStart 0% (9/1701) regret=0.104237 ape=0.5300
[21:45:04] warmStart 0% (10/1701) regret=0.104237 ape=0.5300
[21:45:05] warmStart 0% (11/1701) regret=0.104237 ape=0.5300
[21:45:05] warmStart 0% (12/1701) regret=0.104237 ape=0.5300
[21:45:05] warmStart 0% (13/1701) regret=0.104237 ape=0.5300
[21:45:06] warmStart 0% (14/1701) regret=0.104237 ape=0.5300
[21:45:06] warmStart 0% (15/1701) regret=0.104237 ape=0.5300
[21:45:06] warmStart 0% (16/1701) regret=0.104099 ape=0.5290
[21:45:07] warmStart 0% (17/1701) regret=0.104099 ape=0.5290
[21:45:07] warmStart 1% (18/1701) regret=0.104099 ape=0.5290
[21:45:08] warmStart 1% (19/1701) regret=0.104099 ape=0.5290
[21:45:08] warmStart 1% (20/1701) regret=0.104099 ape=0.5290
[21:45:08] warmStart 1% (21/1701) regret=0.104099 ape=0.5290
[21:45:08] warmStart 1% (22/1701) regret=0.104044 ape=0.5290
[21:45:09] warmStart 1% (23/1701) regret=0.104044 ape=0.5290
[21:45:09] warmStart 1% (24/1701) regret=0.104044 ape=0.5290
[21:45:10] warmStart 1% (25/1701) regret=0.104044 ape=0.5290
[21:45:10] warmStart 1% (26/1701) regret=0.104044 ape=0.5290
[21:45:10] warmStart 1% (27/1701) regret=0.104044 ape=0.5290
[21:45:11] warmStart 1% (28/1701) regret=0.104044 ape=0.5290
[21:45:11] warmStart 1% (29/1701) regret=0.104044 ape=0.5290
[21:45:11] warmStart 1% (30/1701) regret=0.104044 ape=0.5290
[21:45:12] warmStart 1% (31/1701) regret=0.104044 ape=0.5290
[21:45:12] warmStart 1% (32/1701) regret=0.104044 ape=0.5290
[21:45:12] warmStart 1% (33/1701) regret=0.104071 ape=0.5290
[21:45:13] warmStart 1% (34/1701) regret=0.104044 ape=0.5290
[21:45:13] warmStart 2% (35/1701) regret=0.104044 ape=0.5290
[21:45:13] warmStart 2% (36/1701) regret=0.104044 ape=0.5290
[21:45:14] warmStart 2% (37/1701) regret=0.104044 ape=0.5290
[21:45:14] warmStart 2% (38/1701) regret=0.104044 ape=0.5290
[21:45:14] warmStart 2% (39/1701) regret=0.104044 ape=0.5290
[21:45:15] warmStart 2% (40/1701) regret=0.104044 ape=0.5290
[21:45:15] warmStart 2% (41/1701) regret=0.104044 ape=0.5290
[21:45:15] warmStart 2% (42/1701) regret=0.104044 ape=0.5290
[21:45:16] warmStart 2% (43/1701) regret=0.104039 ape=0.5290
[21:45:16] warmStart 2% (44/1701) regret=0.104044 ape=0.5290
[21:45:16] warmStart 2% (45/1701) regret=0.104044 ape=0.5290
[21:45:17] warmStart 2% (46/1701) regret=0.104044 ape=0.5290
[21:45:17] warmStart 2% (47/1701) regret=0.104044 ape=0.5290
[21:45:17] warmStart 2% (48/1701) regret=0.104044 ape=0.5290
[21:45:18] warmStart 2% (49/1701) regret=0.104044 ape=0.5290
[21:45:18] warmStart 2% (50/1701) regret=0.104044 ape=0.5290
[21:45:19] warmStart 2% (51/1701) regret=0.104044 ape=0.5290
[21:45:19] warmStart 3% (52/1701) regret=0.104044 ape=0.5290
[21:45:19] warmStart 3% (53/1701) regret=0.104044 ape=0.5290
[21:45:20] warmStart 3% (54/1701) regret=0.104044 ape=0.5290
[21:45:20] warmStart 3% (55/1701) regret=0.104044 ape=0.5290
[21:45:20] warmStart 3% (56/1701) regret=0.104044 ape=0.5290
[21:45:20] warmStart 3% (57/1701) regret=0.104044 ape=0.5290
[21:45:21] warmStart 3% (58/1701) regret=0.104044 ape=0.5290
[21:45:21] warmStart 3% (59/1701) regret=0.104044 ape=0.5290
[21:45:21] warmStart 3% (60/1701) regret=0.104044 ape=0.5290
[21:45:22] warmStart 3% (61/1701) regret=0.104044 ape=0.5290
[21:45:22] warmStart 3% (62/1701) regret=0.104044 ape=0.5290
[21:45:23] warmStart 3% (63/1701) regret=0.104044 ape=0.5290
[21:45:23] warmStart 3% (64/1701) regret=0.104044 ape=0.5290
[21:45:23] warmStart 3% (65/1701) regret=0.104044 ape=0.5290
[21:45:24] warmStart 3% (66/1701) regret=0.104044 ape=0.5290
[21:45:24] warmStart 3% (67/1701) regret=0.104044 ape=0.5290
[21:45:24] warmStart 3% (68/1701) regret=0.104060 ape=0.5290
[21:45:25] warmStart 4% (69/1701) regret=0.104044 ape=0.5290
[21:45:25] warmStart 4% (70/1701) regret=0.104044 ape=0.5290
[21:45:25] warmStart 4% (71/1701) regret=0.104011 ape=0.5281
[21:45:26] warmStart 4% (72/1701) regret=0.104044 ape=0.5290
[21:45:26] warmStart 4% (73/1701) regret=0.104044 ape=0.5290
[21:45:26] warmStart 4% (74/1701) regret=0.104044 ape=0.5290
[21:45:27] warmStart 4% (75/1701) regret=0.104044 ape=0.5290
[21:45:27] warmStart 4% (76/1701) regret=0.104044 ape=0.5290
[21:45:27] warmStart 4% (77/1701) regret=0.104044 ape=0.5290
[21:45:28] warmStart 4% (78/1701) regret=0.104044 ape=0.5290
[21:45:28] warmStart 4% (79/1701) regret=0.104044 ape=0.5290
[21:45:28] warmStart 4% (80/1701) regret=0.104044 ape=0.5290
[21:45:29] warmStart 4% (81/1701) regret=0.104044 ape=0.5290
[21:45:29] warmStart 4% (82/1701) regret=0.104044 ape=0.5290
[21:45:29] warmStart 4% (83/1701) regret=0.104044 ape=0.5290
[21:45:30] warmStart 4% (84/1701) regret=0.104044 ape=0.5290
[21:45:30] warmStart 4% (85/1701) regret=0.104044 ape=0.5290
[21:45:30] warmStart 5% (86/1701) regret=0.104044 ape=0.5290
[21:45:31] warmStart 5% (87/1701) regret=0.104044 ape=0.5290
[21:45:31] warmStart 5% (88/1701) regret=0.103951 ape=0.5290
[21:45:31] warmStart 5% (89/1701) regret=0.104044 ape=0.5290
[21:45:32] warmStart 5% (90/1701) regret=0.104044 ape=0.5290
[21:45:32] warmStart 5% (91/1701) regret=0.104044 ape=0.5290
[21:45:32] warmStart 5% (92/1701) regret=0.104060 ape=0.5290
[21:45:33] warmStart 5% (93/1701) regret=0.104044 ape=0.5290
[21:45:33] warmStart 5% (94/1701) regret=0.104044 ape=0.5290
[21:45:33] warmStart 5% (95/1701) regret=0.104044 ape=0.5290
[21:45:34] warmStart 5% (96/1701) regret=0.104044 ape=0.5290
[21:45:34] warmStart 5% (97/1701) regret=0.104071 ape=0.5290
[21:45:34] warmStart 5% (98/1701) regret=0.104044 ape=0.5290
[21:45:35] warmStart 5% (99/1701) regret=0.104044 ape=0.5290
[21:45:35] warmStart 5% (100/1701) regret=0.104044 ape=0.5290
[21:45:35] warmStart 5% (101/1701) regret=0.104044 ape=0.5290
[21:45:36] warmStart 5% (102/1701) regret=0.104044 ape=0.5290
[21:45:36] warmStart 6% (103/1701) regret=0.104044 ape=0.5290
[21:45:36] warmStart 6% (104/1701) regret=0.104044 ape=0.5290
[21:45:37] warmStart 6% (105/1701) regret=0.104044 ape=0.5290
[21:45:37] warmStart 6% (106/1701) regret=0.104044 ape=0.5290
[21:45:37] warmStart 6% (107/1701) regret=0.104044 ape=0.5290
[21:45:38] warmStart 6% (108/1701) regret=0.104044 ape=0.5290
[21:45:38] warmStart 6% (109/1701) regret=0.104044 ape=0.5290
[21:45:38] warmStart 6% (110/1701) regret=0.104044 ape=0.5290
[21:45:39] warmStart 6% (111/1701) regret=0.104044 ape=0.5290
[21:45:39] warmStart 6% (112/1701) regret=0.104044 ape=0.5290
[21:45:39] warmStart 6% (113/1701) regret=0.104044 ape=0.5290
[21:45:40] warmStart 6% (114/1701) regret=0.104044 ape=0.5290
[21:45:40] warmStart 6% (115/1701) regret=0.104044 ape=0.5290
[21:45:40] warmStart 6% (116/1701) regret=0.104044 ape=0.5290
[21:45:41] warmStart 6% (117/1701) regret=0.104044 ape=0.5290
[21:45:41] warmStart 6% (118/1701) regret=0.104044 ape=0.5290
[21:45:41] warmStart 6% (119/1701) regret=0.104044 ape=0.5290
[21:45:42] warmStart 7% (120/1701) regret=0.104044 ape=0.5290
[21:45:42] warmStart 7% (121/1701) regret=0.104044 ape=0.5290
[21:45:42] warmStart 7% (122/1701) regret=0.104044 ape=0.5290
[21:45:43] warmStart 7% (123/1701) regret=0.104044 ape=0.5290
[21:45:43] warmStart 7% (124/1701) regret=0.104016 ape=0.5281
[21:45:43] warmStart 7% (125/1701) regret=0.104016 ape=0.5281
[21:45:44] warmStart 7% (126/1701) regret=0.104016 ape=0.5281
[21:45:44] warmStart 7% (127/1701) regret=0.103578 ape=0.5281
[21:45:44] warmStart 7% (128/1701) regret=0.103578 ape=0.5281
[21:45:45] warmStart 7% (129/1701) regret=0.103578 ape=0.5281
[21:45:45] warmStart 7% (130/1701) regret=0.103578 ape=0.5281
[21:45:45] warmStart 7% (131/1701) regret=0.103578 ape=0.5281
[21:45:46] warmStart 7% (132/1701) regret=0.103578 ape=0.5281
[21:45:46] warmStart 7% (133/1701) regret=0.103578 ape=0.5281
[21:45:46] warmStart 7% (134/1701) regret=0.103578 ape=0.5281
[21:45:47] warmStart 7% (135/1701) regret=0.103578 ape=0.5281
[21:45:47] warmStart 7% (136/1701) regret=0.103578 ape=0.5281
[21:45:47] warmStart 8% (137/1701) regret=0.103578 ape=0.5281
[21:45:48] warmStart 8% (138/1701) regret=0.103578 ape=0.5281
[21:45:48] warmStart 8% (139/1701) regret=0.103578 ape=0.5281
[21:45:48] warmStart 8% (140/1701) regret=0.103578 ape=0.5281
[21:45:49] warmStart 8% (141/1701) regret=0.103578 ape=0.5281
[21:45:49] warmStart 8% (142/1701) regret=0.103546 ape=0.5272
[21:45:49] warmStart 8% (143/1701) regret=0.103578 ape=0.5281
[21:45:50] warmStart 8% (144/1701) regret=0.103578 ape=0.5281
[21:45:50] warmStart 8% (145/1701) regret=0.103578 ape=0.5281
[21:45:50] warmStart 8% (146/1701) regret=0.103578 ape=0.5281
[21:45:51] warmStart 8% (147/1701) regret=0.103578 ape=0.5281
[21:45:51] warmStart 8% (148/1701) regret=0.103578 ape=0.5281
[21:45:51] warmStart 8% (149/1701) regret=0.103578 ape=0.5281
[21:45:52] warmStart 8% (150/1701) regret=0.103578 ape=0.5281
[21:45:52] warmStart 8% (151/1701) regret=0.103578 ape=0.5281
[21:45:52] warmStart 8% (152/1701) regret=0.103578 ape=0.5281
[21:45:53] warmStart 8% (153/1701) regret=0.103578 ape=0.5281
[21:45:53] warmStart 9% (154/1701) regret=0.103578 ape=0.5281
[21:45:53] warmStart 9% (155/1701) regret=0.103578 ape=0.5281
[21:45:54] warmStart 9% (156/1701) regret=0.103578 ape=0.5281
[21:45:54] warmStart 9% (157/1701) regret=0.103366 ape=0.5281
[21:45:55] warmStart 9% (158/1701) regret=0.103546 ape=0.5272
[21:45:55] warmStart 9% (159/1701) regret=0.103578 ape=0.5281
[21:45:55] warmStart 9% (160/1701) regret=0.103578 ape=0.5281
[21:45:56] warmStart 9% (161/1701) regret=0.103578 ape=0.5281
[21:45:56] warmStart 9% (162/1701) regret=0.103578 ape=0.5281
[21:45:56] warmStart 9% (163/1701) regret=0.103578 ape=0.5281
[21:45:56] warmStart 9% (164/1701) regret=0.103578 ape=0.5281
[21:45:57] warmStart 9% (165/1701) regret=0.103578 ape=0.5281
[21:45:57] warmStart 9% (166/1701) regret=0.103578 ape=0.5281
[21:45:57] warmStart 9% (167/1701) regret=0.103578 ape=0.5281
[21:45:58] warmStart 9% (168/1701) regret=0.103578 ape=0.5281
[21:45:58] warmStart 9% (169/1701) regret=0.103578 ape=0.5281
[21:45:58] warmStart 9% (170/1701) regret=0.103578 ape=0.5281
[21:45:58] warmStart 10% (171/1701) regret=0.103588 ape=0.5281
[21:45:59] warmStart 10% (172/1701) regret=0.103578 ape=0.5281
[21:45:59] warmStart 10% (173/1701) regret=0.103578 ape=0.5281
[21:45:59] warmStart 10% (174/1701) regret=0.103578 ape=0.5281
[21:46:00] warmStart 10% (175/1701) regret=0.103546 ape=0.5272
[21:46:00] warmStart 10% (176/1701) regret=0.103578 ape=0.5281
[21:46:00] warmStart 10% (177/1701) regret=0.103578 ape=0.5281
[21:46:01] warmStart 10% (178/1701) regret=0.103578 ape=0.5281
[21:46:01] warmStart 10% (179/1701) regret=0.103578 ape=0.5281
[21:46:01] warmStart 10% (180/1701) regret=0.103578 ape=0.5281
[21:46:01] warmStart 10% (181/1701) regret=0.103578 ape=0.5281
[21:46:02] warmStart 10% (182/1701) regret=0.103578 ape=0.5281
[21:46:02] warmStart 10% (183/1701) regret=0.103578 ape=0.5281
[21:46:02] warmStart 10% (184/1701) regret=0.103578 ape=0.5281
[21:46:03] warmStart 10% (185/1701) regret=0.103578 ape=0.5281
[21:46:03] warmStart 10% (186/1701) regret=0.103486 ape=0.5281
[21:46:03] warmStart 10% (187/1701) regret=0.103274 ape=0.5281
[21:46:04] warmStart 11% (188/1701) regret=0.103486 ape=0.5281
[21:46:04] warmStart 11% (189/1701) regret=0.103486 ape=0.5281
[21:46:04] warmStart 11% (190/1701) regret=0.103486 ape=0.5281
[21:46:04] warmStart 11% (191/1701) regret=0.103486 ape=0.5281
[21:46:05] warmStart 11% (192/1701) regret=0.103486 ape=0.5281
[21:46:05] warmStart 11% (193/1701) regret=0.103486 ape=0.5281
[21:46:05] warmStart 11% (194/1701) regret=0.103486 ape=0.5281
[21:46:05] warmStart 11% (195/1701) regret=0.103486 ape=0.5281
[21:46:06] warmStart 11% (196/1701) regret=0.103486 ape=0.5281
[21:46:06] warmStart 11% (197/1701) regret=0.103486 ape=0.5281
[21:46:06] warmStart 11% (198/1701) regret=0.103486 ape=0.5281
[21:46:06] warmStart 11% (199/1701) regret=0.103486 ape=0.5281
[21:46:07] warmStart 11% (200/1701) regret=0.103486 ape=0.5281
[21:46:07] warmStart 11% (201/1701) regret=0.103486 ape=0.5281
[21:46:07] warmStart 11% (202/1701) regret=0.103486 ape=0.5281
[21:46:08] warmStart 11% (203/1701) regret=0.103486 ape=0.5281
[21:46:08] warmStart 11% (204/1701) regret=0.103486 ape=0.5281
[21:46:08] warmStart 12% (205/1701) regret=0.103486 ape=0.5281
[21:46:08] warmStart 12% (206/1701) regret=0.103486 ape=0.5281
[21:46:09] warmStart 12% (207/1701) regret=0.103486 ape=0.5281
[21:46:09] warmStart 12% (208/1701) regret=0.103486 ape=0.5281
[21:46:09] warmStart 12% (209/1701) regret=0.103486 ape=0.5281
[21:46:09] warmStart 12% (210/1701) regret=0.103486 ape=0.5281
[21:46:10] warmStart 12% (211/1701) regret=0.103486 ape=0.5281
[21:46:10] warmStart 12% (212/1701) regret=0.103274 ape=0.5281
[21:46:10] warmStart 12% (213/1701) regret=0.103274 ape=0.5281
[21:46:11] warmStart 12% (214/1701) regret=0.103274 ape=0.5281
[21:46:11] warmStart 12% (215/1701) regret=0.103274 ape=0.5281
[21:46:11] warmStart 12% (216/1701) regret=0.103274 ape=0.5281
[21:46:11] warmStart 12% (217/1701) regret=0.103274 ape=0.5281
[21:46:12] warmStart 12% (218/1701) regret=0.103274 ape=0.5281
[21:46:12] warmStart 12% (219/1701) regret=0.103274 ape=0.5281
[21:46:12] warmStart 12% (220/1701) regret=0.103274 ape=0.5281
[21:46:12] warmStart 12% (221/1701) regret=0.103274 ape=0.5281
[21:46:13] warmStart 13% (222/1701) regret=0.103274 ape=0.5281
[21:46:13] warmStart 13% (223/1701) regret=0.103274 ape=0.5281
[21:46:13] warmStart 13% (224/1701) regret=0.103274 ape=0.5281
[21:46:14] warmStart 13% (225/1701) regret=0.103274 ape=0.5281
[21:46:14] warmStart 13% (226/1701) regret=0.103274 ape=0.5281
[21:46:14] warmStart 13% (227/1701) regret=0.103274 ape=0.5281
[21:46:14] warmStart 13% (228/1701) regret=0.103274 ape=0.5281
[21:46:15] warmStart 13% (229/1701) regret=0.103274 ape=0.5281
[21:46:15] warmStart 13% (230/1701) regret=0.103274 ape=0.5281
[21:46:15] warmStart 13% (231/1701) regret=0.103274 ape=0.5281
[21:46:15] warmStart 13% (232/1701) regret=0.103274 ape=0.5281
[21:46:16] warmStart 13% (233/1701) regret=0.103274 ape=0.5281
[21:46:16] warmStart 13% (234/1701) regret=0.103274 ape=0.5281
[21:46:16] warmStart 13% (235/1701) regret=0.103274 ape=0.5281
[21:46:16] warmStart 13% (236/1701) regret=0.103274 ape=0.5281
[21:46:17] warmStart 13% (237/1701) regret=0.103274 ape=0.5281
[21:46:17] warmStart 13% (238/1701) regret=0.103274 ape=0.5281
[21:46:17] warmStart 14% (239/1701) regret=0.103274 ape=0.5281
[21:46:18] warmStart 14% (240/1701) regret=0.103274 ape=0.5281
[21:46:18] warmStart 14% (241/1701) regret=0.103284 ape=0.5281
[21:46:18] warmStart 14% (242/1701) regret=0.103274 ape=0.5281
[21:46:18] warmStart 14% (243/1701) regret=0.103274 ape=0.5281
[21:46:18] warmStart 14% (244/1701) regret=0.103274 ape=0.5281
[21:46:19] warmStart 14% (245/1701) regret=0.103274 ape=0.5281
[21:46:19] warmStart 14% (246/1701) regret=0.103274 ape=0.5281
[21:46:19] warmStart 14% (247/1701) regret=0.103274 ape=0.5281
[21:46:20] warmStart 14% (248/1701) regret=0.103274 ape=0.5281
[21:46:20] warmStart 14% (249/1701) regret=0.103274 ape=0.5281
[21:46:20] warmStart 14% (250/1701) regret=0.103274 ape=0.5281
[21:46:20] warmStart 14% (251/1701) regret=0.103274 ape=0.5281
[21:46:21] warmStart 14% (252/1701) regret=0.103274 ape=0.5281
[21:46:21] warmStart 14% (253/1701) regret=0.103274 ape=0.5281
[21:46:21] warmStart 14% (254/1701) regret=0.103274 ape=0.5281
[21:46:21] warmStart 14% (255/1701) regret=0.103274 ape=0.5281
[21:46:22] warmStart 15% (256/1701) regret=0.103274 ape=0.5281
[21:46:22] warmStart 15% (257/1701) regret=0.103329 ape=0.5290
[21:46:22] warmStart 15% (258/1701) regret=0.103274 ape=0.5281
[21:46:23] warmStart 15% (259/1701) regret=0.103246 ape=0.5281
[21:46:23] warmStart 15% (260/1701) regret=0.103246 ape=0.5281
[21:46:23] warmStart 15% (261/1701) regret=0.103246 ape=0.5281
[21:46:24] warmStart 15% (262/1701) regret=0.103458 ape=0.5281
[21:46:24] warmStart 15% (263/1701) regret=0.103246 ape=0.5281
[21:46:24] warmStart 15% (264/1701) regret=0.103246 ape=0.5281
[21:46:25] warmStart 15% (265/1701) regret=0.103246 ape=0.5281
[21:46:25] warmStart 15% (266/1701) regret=0.103246 ape=0.5281
[21:46:25] warmStart 15% (267/1701) regret=0.103246 ape=0.5281
[21:46:25] warmStart 15% (268/1701) regret=0.103246 ape=0.5281
[21:46:26] warmStart 15% (269/1701) regret=0.103246 ape=0.5281
[21:46:26] warmStart 15% (270/1701) regret=0.103246 ape=0.5281
[21:46:26] warmStart 15% (271/1701) regret=0.103246 ape=0.5281
[21:46:26] warmStart 15% (272/1701) regret=0.103246 ape=0.5281
[21:46:27] warmStart 16% (273/1701) regret=0.103256 ape=0.5281
[21:46:27] warmStart 16% (274/1701) regret=0.103256 ape=0.5281
[21:46:27] warmStart 16% (275/1701) regret=0.103256 ape=0.5281
[21:46:27] warmStart 16% (276/1701) regret=0.103256 ape=0.5281
[21:46:28] warmStart 16% (277/1701) regret=0.103256 ape=0.5281
[21:46:28] warmStart 16% (278/1701) regret=0.103256 ape=0.5281
[21:46:28] warmStart 16% (279/1701) regret=0.103256 ape=0.5281
[21:46:29] warmStart 16% (280/1701) regret=0.103256 ape=0.5281
[21:46:29] warmStart 16% (281/1701) regret=0.103256 ape=0.5281
[21:46:29] warmStart 16% (282/1701) regret=0.103256 ape=0.5281
[21:46:30] warmStart 16% (283/1701) regret=0.103256 ape=0.5281
[21:46:30] warmStart 16% (284/1701) regret=0.103256 ape=0.5281
[21:46:30] warmStart 16% (285/1701) regret=0.103256 ape=0.5281
[21:46:30] warmStart 16% (286/1701) regret=0.103256 ape=0.5281
[21:46:31] warmStart 16% (287/1701) regret=0.103256 ape=0.5281
[21:46:31] warmStart 16% (288/1701) regret=0.103256 ape=0.5281
[21:46:31] warmStart 16% (289/1701) regret=0.103256 ape=0.5281
[21:46:31] warmStart 17% (290/1701) regret=0.103256 ape=0.5281
[21:46:32] warmStart 17% (291/1701) regret=0.103258 ape=0.5281
[21:46:32] warmStart 17% (292/1701) regret=0.103256 ape=0.5281
[21:46:32] warmStart 17% (293/1701) regret=0.103256 ape=0.5281
[21:46:32] warmStart 17% (294/1701) regret=0.103256 ape=0.5281
[21:46:33] warmStart 17% (295/1701) regret=0.103256 ape=0.5281
[21:46:33] warmStart 17% (296/1701) regret=0.103256 ape=0.5281
[21:46:33] warmStart 17% (297/1701) regret=0.103256 ape=0.5281
[21:46:33] warmStart 17% (298/1701) regret=0.103256 ape=0.5281
[21:46:34] warmStart 17% (299/1701) regret=0.103256 ape=0.5281
[21:46:34] warmStart 17% (300/1701) regret=0.103256 ape=0.5281
[21:46:34] warmStart 17% (301/1701) regret=0.103312 ape=0.5290
[21:46:35] warmStart 17% (302/1701) regret=0.103312 ape=0.5290
[21:46:35] warmStart 17% (303/1701) regret=0.103312 ape=0.5290
[21:46:35] warmStart 17% (304/1701) regret=0.103312 ape=0.5290
[21:46:35] warmStart 17% (305/1701) regret=0.103312 ape=0.5290
[21:46:36] warmStart 17% (306/1701) regret=0.103312 ape=0.5290
[21:46:36] warmStart 18% (307/1701) regret=0.103312 ape=0.5290
[21:46:36] warmStart 18% (308/1701) regret=0.103312 ape=0.5290
[21:46:37] warmStart 18% (309/1701) regret=0.103312 ape=0.5290
[21:46:37] warmStart 18% (310/1701) regret=0.103312 ape=0.5290
[21:46:37] warmStart 18% (311/1701) regret=0.103312 ape=0.5290
[21:46:37] warmStart 18% (312/1701) regret=0.103312 ape=0.5290
[21:46:38] warmStart 18% (313/1701) regret=0.103312 ape=0.5290
[21:46:38] warmStart 18% (314/1701) regret=0.103312 ape=0.5290
[21:46:38] warmStart 18% (315/1701) regret=0.103312 ape=0.5290
[21:46:39] warmStart 18% (316/1701) regret=0.103312 ape=0.5290
[21:46:39] warmStart 18% (317/1701) regret=0.103312 ape=0.5290
[21:46:39] warmStart 18% (318/1701) regret=0.103312 ape=0.5290
[21:46:39] warmStart 18% (319/1701) regret=0.103312 ape=0.5290
[21:46:40] warmStart 18% (320/1701) regret=0.103312 ape=0.5290
[21:46:40] warmStart 18% (321/1701) regret=0.103524 ape=0.5290
[21:46:40] warmStart 18% (322/1701) regret=0.103312 ape=0.5290
[21:46:40] warmStart 18% (323/1701) regret=0.103312 ape=0.5290
[21:46:41] warmStart 19% (324/1701) regret=0.103312 ape=0.5290
[21:46:41] warmStart 19% (325/1701) regret=0.103312 ape=0.5290
[21:46:41] warmStart 19% (326/1701) regret=0.103312 ape=0.5290
[21:46:42] warmStart 19% (327/1701) regret=0.103312 ape=0.5290
[21:46:42] warmStart 19% (328/1701) regret=0.103312 ape=0.5290
[21:46:42] warmStart 19% (329/1701) regret=0.103312 ape=0.5290
[21:46:42] warmStart 19% (330/1701) regret=0.103312 ape=0.5290
[21:46:43] warmStart 19% (331/1701) regret=0.103312 ape=0.5290
[21:46:43] warmStart 19% (332/1701) regret=0.103312 ape=0.5290
[21:46:43] warmStart 19% (333/1701) regret=0.103312 ape=0.5290
[21:46:44] warmStart 19% (334/1701) regret=0.103312 ape=0.5290
[21:46:44] warmStart 19% (335/1701) regret=0.103312 ape=0.5290
[21:46:44] warmStart 19% (336/1701) regret=0.103312 ape=0.5290
[21:46:45] warmStart 19% (337/1701) regret=0.103312 ape=0.5290
[21:46:45] warmStart 19% (338/1701) regret=0.103312 ape=0.5290
[21:46:45] warmStart 19% (339/1701) regret=0.103279 ape=0.5281
[21:46:45] warmStart 19% (340/1701) regret=0.103312 ape=0.5290
[21:46:46] warmStart 20% (341/1701) regret=0.103312 ape=0.5290
[21:46:46] warmStart 20% (342/1701) regret=0.103312 ape=0.5290
[21:46:46] warmStart 20% (343/1701) regret=0.103312 ape=0.5290
[21:46:47] warmStart 20% (344/1701) regret=0.103312 ape=0.5290
[21:46:47] warmStart 20% (345/1701) regret=0.103312 ape=0.5290
[21:46:47] warmStart 20% (346/1701) regret=0.103312 ape=0.5290
[21:46:47] warmStart 20% (347/1701) regret=0.103312 ape=0.5290
[21:46:48] warmStart 20% (348/1701) regret=0.103312 ape=0.5290
[21:46:48] warmStart 20% (349/1701) regret=0.103524 ape=0.5290
[21:46:48] warmStart 20% (350/1701) regret=0.103312 ape=0.5290
[21:46:48] warmStart 20% (351/1701) regret=0.103312 ape=0.5290
[21:46:49] warmStart 20% (352/1701) regret=0.103312 ape=0.5290
[21:46:49] warmStart 20% (353/1701) regret=0.103312 ape=0.5290
[21:46:49] warmStart 20% (354/1701) regret=0.103312 ape=0.5290
[21:46:50] warmStart 20% (355/1701) regret=0.103312 ape=0.5290
[21:46:50] warmStart 20% (356/1701) regret=0.103312 ape=0.5290
[21:46:50] warmStart 20% (357/1701) regret=0.103312 ape=0.5290
[21:46:50] warmStart 21% (358/1701) regret=0.103524 ape=0.5290
[21:46:51] warmStart 21% (359/1701) regret=0.103312 ape=0.5290
[21:46:51] warmStart 21% (360/1701) regret=0.103312 ape=0.5290
[21:46:51] warmStart 21% (361/1701) regret=0.103312 ape=0.5290
[21:46:52] warmStart 21% (362/1701) regret=0.103312 ape=0.5290
[21:46:52] warmStart 21% (363/1701) regret=0.103312 ape=0.5290
[21:46:52] warmStart 21% (364/1701) regret=0.103312 ape=0.5290
[21:46:52] warmStart 21% (365/1701) regret=0.103312 ape=0.5290
[21:46:53] warmStart 21% (366/1701) regret=0.103312 ape=0.5290
[21:46:53] warmStart 21% (367/1701) regret=0.103312 ape=0.5290
[21:46:53] warmStart 21% (368/1701) regret=0.103524 ape=0.5290
[21:46:53] warmStart 21% (369/1701) regret=0.103312 ape=0.5290
[21:46:54] warmStart 21% (370/1701) regret=0.103312 ape=0.5290
[21:46:54] warmStart 21% (371/1701) regret=0.103312 ape=0.5290
[21:46:54] warmStart 21% (372/1701) regret=0.103312 ape=0.5290
[21:46:54] warmStart 21% (373/1701) regret=0.103312 ape=0.5290
[21:46:55] warmStart 21% (374/1701) regret=0.103312 ape=0.5290
[21:46:55] warmStart 22% (375/1701) regret=0.103312 ape=0.5290
[21:46:55] warmStart 22% (376/1701) regret=0.103312 ape=0.5290
[21:46:55] warmStart 22% (377/1701) regret=0.103312 ape=0.5290
[21:46:56] warmStart 22% (378/1701) regret=0.103312 ape=0.5290
[21:46:56] warmStart 22% (379/1701) regret=0.103312 ape=0.5290
[21:46:56] warmStart 22% (380/1701) regret=0.103312 ape=0.5290
[21:46:57] warmStart 22% (381/1701) regret=0.103312 ape=0.5290
[21:46:57] warmStart 22% (382/1701) regret=0.103312 ape=0.5290
[21:46:57] warmStart 22% (383/1701) regret=0.103312 ape=0.5290
[21:46:58] warmStart 22% (384/1701) regret=0.103312 ape=0.5290
[21:46:58] warmStart 22% (385/1701) regret=0.103312 ape=0.5290
[21:46:58] warmStart 22% (386/1701) regret=0.103312 ape=0.5290
[21:46:58] warmStart 22% (387/1701) regret=0.103312 ape=0.5290
[21:46:59] warmStart 22% (388/1701) regret=0.103312 ape=0.5290
[21:46:59] warmStart 22% (389/1701) regret=0.103312 ape=0.5290
[21:46:59] warmStart 22% (390/1701) regret=0.103312 ape=0.5290
[21:47:00] warmStart 22% (391/1701) regret=0.103312 ape=0.5290
[21:47:00] warmStart 23% (392/1701) regret=0.103312 ape=0.5290
[21:47:00] warmStart 23% (393/1701) regret=0.103312 ape=0.5290
[21:47:00] warmStart 23% (394/1701) regret=0.103279 ape=0.5281
[21:47:01] warmStart 23% (395/1701) regret=0.103312 ape=0.5290
[21:47:01] warmStart 23% (396/1701) regret=0.103312 ape=0.5290
[21:47:01] warmStart 23% (397/1701) regret=0.103312 ape=0.5290
[21:47:02] warmStart 23% (398/1701) regret=0.103312 ape=0.5290
[21:47:02] warmStart 23% (399/1701) regret=0.103312 ape=0.5290
[21:47:02] warmStart 23% (400/1701) regret=0.103312 ape=0.5290
[21:47:03] warmStart 23% (401/1701) regret=0.103312 ape=0.5290
[21:47:03] warmStart 23% (402/1701) regret=0.103313 ape=0.5290
[21:47:03] warmStart 23% (403/1701) regret=0.103312 ape=0.5290
[21:47:03] warmStart 23% (404/1701) regret=0.103312 ape=0.5290
[21:47:04] warmStart 23% (405/1701) regret=0.103312 ape=0.5290
[21:47:04] warmStart 23% (406/1701) regret=0.103312 ape=0.5290
[21:47:04] warmStart 23% (407/1701) regret=0.103312 ape=0.5290
[21:47:05] warmStart 23% (408/1701) regret=0.103312 ape=0.5290
[21:47:05] warmStart 24% (409/1701) regret=0.103312 ape=0.5290
[21:47:05] warmStart 24% (410/1701) regret=0.103312 ape=0.5290
[21:47:05] warmStart 24% (411/1701) regret=0.103312 ape=0.5290
[21:47:06] warmStart 24% (412/1701) regret=0.103312 ape=0.5290
[21:47:06] warmStart 24% (413/1701) regret=0.103312 ape=0.5290
[21:47:06] warmStart 24% (414/1701) regret=0.103312 ape=0.5290
[21:47:07] warmStart 24% (415/1701) regret=0.103302 ape=0.5290
[21:47:07] warmStart 24% (416/1701) regret=0.103302 ape=0.5290
[21:47:07] warmStart 24% (417/1701) regret=0.103302 ape=0.5290
[21:47:08] warmStart 24% (418/1701) regret=0.103302 ape=0.5290
[21:47:08] warmStart 24% (419/1701) regret=0.103302 ape=0.5290
[21:47:08] warmStart 24% (420/1701) regret=0.103302 ape=0.5290
[21:47:08] warmStart 24% (421/1701) regret=0.103302 ape=0.5290
[21:47:09] warmStart 24% (422/1701) regret=0.103302 ape=0.5290
[21:47:09] warmStart 24% (423/1701) regret=0.103302 ape=0.5290
[21:47:09] warmStart 24% (424/1701) regret=0.102481 ape=0.5281
[21:47:09] warmStart 24% (425/1701) regret=0.102481 ape=0.5281
[21:47:10] warmStart 25% (426/1701) regret=0.102481 ape=0.5281
[21:47:10] warmStart 25% (427/1701) regret=0.102481 ape=0.5281
[21:47:10] warmStart 25% (428/1701) regret=0.102481 ape=0.5281
[21:47:10] warmStart 25% (429/1701) regret=0.102481 ape=0.5281
[21:47:11] warmStart 25% (430/1701) regret=0.102481 ape=0.5281
[21:47:11] warmStart 25% (431/1701) regret=0.102481 ape=0.5281
[21:47:11] warmStart 25% (432/1701) regret=0.102481 ape=0.5281
[21:47:12] warmStart 25% (433/1701) regret=0.102435 ape=0.5272
[21:47:12] warmStart 25% (434/1701) regret=0.102481 ape=0.5281
[21:47:12] warmStart 25% (435/1701) regret=0.102481 ape=0.5281
[21:47:12] warmStart 25% (436/1701) regret=0.102693 ape=0.5281
[21:47:13] warmStart 25% (437/1701) regret=0.102481 ape=0.5281
[21:47:13] warmStart 25% (438/1701) regret=0.102481 ape=0.5281
[21:47:13] warmStart 25% (439/1701) regret=0.102481 ape=0.5281
[21:47:13] warmStart 25% (440/1701) regret=0.102481 ape=0.5281
[21:47:14] warmStart 25% (441/1701) regret=0.102481 ape=0.5281
[21:47:14] warmStart 25% (442/1701) regret=0.102481 ape=0.5281
[21:47:14] warmStart 26% (443/1701) regret=0.102481 ape=0.5281
[21:47:15] warmStart 26% (444/1701) regret=0.102481 ape=0.5281
[21:47:15] warmStart 26% (445/1701) regret=0.102481 ape=0.5281
[21:47:15] warmStart 26% (446/1701) regret=0.102481 ape=0.5281
[21:47:15] warmStart 26% (447/1701) regret=0.102481 ape=0.5281
[21:47:16] warmStart 26% (448/1701) regret=0.102693 ape=0.5281
[21:47:16] warmStart 26% (449/1701) regret=0.102481 ape=0.5281
[21:47:16] warmStart 26% (450/1701) regret=0.102481 ape=0.5281
[21:47:17] warmStart 26% (451/1701) regret=0.102481 ape=0.5281
[21:47:17] warmStart 26% (452/1701) regret=0.102481 ape=0.5281
[21:47:17] warmStart 26% (453/1701) regret=0.102481 ape=0.5281
[21:47:17] warmStart 26% (454/1701) regret=0.102481 ape=0.5281
[21:47:18] warmStart 26% (455/1701) regret=0.102481 ape=0.5281
[21:47:18] warmStart 26% (456/1701) regret=0.102481 ape=0.5281
[21:47:18] warmStart 26% (457/1701) regret=0.102481 ape=0.5281
[21:47:19] warmStart 26% (458/1701) regret=0.102481 ape=0.5281
[21:47:19] warmStart 26% (459/1701) regret=0.102481 ape=0.5281
[21:47:19] warmStart 27% (460/1701) regret=0.102481 ape=0.5281
[21:47:20] warmStart 27% (461/1701) regret=0.102481 ape=0.5281
[21:47:20] warmStart 27% (462/1701) regret=0.102481 ape=0.5281
[21:47:20] warmStart 27% (463/1701) regret=0.102481 ape=0.5281
[21:47:20] warmStart 27% (464/1701) regret=0.102481 ape=0.5281
[21:47:21] warmStart 27% (465/1701) regret=0.102481 ape=0.5281
[21:47:21] warmStart 27% (466/1701) regret=0.102481 ape=0.5281
[21:47:21] warmStart 27% (467/1701) regret=0.102481 ape=0.5281
[21:47:22] warmStart 27% (468/1701) regret=0.102481 ape=0.5281
[21:47:22] warmStart 27% (469/1701) regret=0.102481 ape=0.5281
[21:47:22] warmStart 27% (470/1701) regret=0.102507 ape=0.5290
[21:47:22] warmStart 27% (471/1701) regret=0.102507 ape=0.5290
[21:47:23] warmStart 27% (472/1701) regret=0.102507 ape=0.5290
[21:47:23] warmStart 27% (473/1701) regret=0.102474 ape=0.5281
[21:47:23] warmStart 27% (474/1701) regret=0.102507 ape=0.5290
[21:47:24] warmStart 27% (475/1701) regret=0.102507 ape=0.5290
[21:47:24] warmStart 27% (476/1701) regret=0.102507 ape=0.5290
[21:47:24] warmStart 28% (477/1701) regret=0.102507 ape=0.5290
[21:47:25] warmStart 28% (478/1701) regret=0.102507 ape=0.5290
[21:47:25] warmStart 28% (479/1701) regret=0.102507 ape=0.5290
[21:47:25] warmStart 28% (480/1701) regret=0.102507 ape=0.5290
[21:47:25] warmStart 28% (481/1701) regret=0.102507 ape=0.5290
[21:47:26] warmStart 28% (482/1701) regret=0.102507 ape=0.5290
[21:47:26] warmStart 28% (483/1701) regret=0.102719 ape=0.5290
[21:47:26] warmStart 28% (484/1701) regret=0.102534 ape=0.5290
[21:47:27] warmStart 28% (485/1701) regret=0.102507 ape=0.5290
[21:47:27] warmStart 28% (486/1701) regret=0.102507 ape=0.5290
[21:47:27] warmStart 28% (487/1701) regret=0.102507 ape=0.5290
[21:47:27] warmStart 28% (488/1701) regret=0.102507 ape=0.5290
[21:47:28] warmStart 28% (489/1701) regret=0.102507 ape=0.5290
[21:47:28] warmStart 28% (490/1701) regret=0.102507 ape=0.5290
[21:47:28] warmStart 28% (491/1701) regret=0.102507 ape=0.5290
[21:47:29] warmStart 28% (492/1701) regret=0.102507 ape=0.5290
[21:47:29] warmStart 28% (493/1701) regret=0.102507 ape=0.5290
[21:47:29] warmStart 29% (494/1701) regret=0.102719 ape=0.5290
[21:47:29] warmStart 29% (495/1701) regret=0.102507 ape=0.5290
[21:47:30] warmStart 29% (496/1701) regret=0.102507 ape=0.5290
[21:47:30] warmStart 29% (497/1701) regret=0.102507 ape=0.5290
[21:47:30] warmStart 29% (498/1701) regret=0.102507 ape=0.5290
[21:47:30] warmStart 29% (499/1701) regret=0.102507 ape=0.5290
[21:47:31] warmStart 29% (500/1701) regret=0.102507 ape=0.5290
[21:47:31] warmStart 29% (501/1701) regret=0.102507 ape=0.5290
[21:47:31] warmStart 29% (502/1701) regret=0.102507 ape=0.5290
[21:47:32] warmStart 29% (503/1701) regret=0.102507 ape=0.5290
[21:47:32] warmStart 29% (504/1701) regret=0.102507 ape=0.5290
[21:47:32] warmStart 29% (505/1701) regret=0.102507 ape=0.5290
[21:47:32] warmStart 29% (506/1701) regret=0.102507 ape=0.5290
[21:47:33] warmStart 29% (507/1701) regret=0.102507 ape=0.5290
[21:47:33] warmStart 29% (508/1701) regret=0.102507 ape=0.5290
[21:47:33] warmStart 29% (509/1701) regret=0.102507 ape=0.5290
[21:47:34] warmStart 29% (510/1701) regret=0.102507 ape=0.5290
[21:47:34] warmStart 30% (511/1701) regret=0.102507 ape=0.5290
[21:47:34] warmStart 30% (512/1701) regret=0.102507 ape=0.5290
[21:47:34] warmStart 30% (513/1701) regret=0.102507 ape=0.5290
[21:47:35] warmStart 30% (514/1701) regret=0.102507 ape=0.5290
[21:47:35] warmStart 30% (515/1701) regret=0.102507 ape=0.5290
[21:47:35] warmStart 30% (516/1701) regret=0.102507 ape=0.5290
[21:47:35] warmStart 30% (517/1701) regret=0.102507 ape=0.5290
[21:47:36] warmStart 30% (518/1701) regret=0.102507 ape=0.5290
[21:47:36] warmStart 30% (519/1701) regret=0.102507 ape=0.5290
[21:47:36] warmStart 30% (520/1701) regret=0.102507 ape=0.5290
[21:47:37] warmStart 30% (521/1701) regret=0.102507 ape=0.5290
[21:47:37] warmStart 30% (522/1701) regret=0.102507 ape=0.5290
[21:47:37] warmStart 30% (523/1701) regret=0.102507 ape=0.5290
[21:47:37] warmStart 30% (524/1701) regret=0.102507 ape=0.5290
[21:47:38] warmStart 30% (525/1701) regret=0.102507 ape=0.5290
[21:47:38] warmStart 30% (526/1701) regret=0.102507 ape=0.5290
[21:47:38] warmStart 30% (527/1701) regret=0.102507 ape=0.5290
[21:47:38] warmStart 31% (528/1701) regret=0.102507 ape=0.5290
[21:47:39] warmStart 31% (529/1701) regret=0.102507 ape=0.5290
[21:47:39] warmStart 31% (530/1701) regret=0.102507 ape=0.5290
[21:47:39] warmStart 31% (531/1701) regret=0.102507 ape=0.5290
[21:47:40] warmStart 31% (532/1701) regret=0.102507 ape=0.5290
[21:47:40] warmStart 31% (533/1701) regret=0.102507 ape=0.5290
[21:47:40] warmStart 31% (534/1701) regret=0.102415 ape=0.5290
[21:47:40] warmStart 31% (535/1701) regret=0.102474 ape=0.5290
[21:47:41] warmStart 31% (536/1701) regret=0.102507 ape=0.5290
[21:47:41] warmStart 31% (537/1701) regret=0.102507 ape=0.5290
[21:47:41] warmStart 31% (538/1701) regret=0.102507 ape=0.5290
[21:47:42] warmStart 31% (539/1701) regret=0.102507 ape=0.5290
[21:47:42] warmStart 31% (540/1701) regret=0.102507 ape=0.5290
[21:47:42] warmStart 31% (541/1701) regret=0.102507 ape=0.5290
[21:47:42] warmStart 31% (542/1701) regret=0.102507 ape=0.5290
[21:47:43] warmStart 31% (543/1701) regret=0.102507 ape=0.5290
[21:47:43] warmStart 31% (544/1701) regret=0.102507 ape=0.5290
[21:47:43] warmStart 32% (545/1701) regret=0.102507 ape=0.5290
[21:47:44] warmStart 32% (546/1701) regret=0.102295 ape=0.5281
[21:47:44] warmStart 32% (547/1701) regret=0.102507 ape=0.5290
[21:47:44] warmStart 32% (548/1701) regret=0.102507 ape=0.5290
[21:47:44] warmStart 32% (549/1701) regret=0.102507 ape=0.5290
[21:47:45] warmStart 32% (550/1701) regret=0.102507 ape=0.5290
[21:47:45] warmStart 32% (551/1701) regret=0.102507 ape=0.5290
[21:47:45] warmStart 32% (552/1701) regret=0.102507 ape=0.5290
[21:47:45] warmStart 32% (553/1701) regret=0.102507 ape=0.5290
[21:47:46] warmStart 32% (554/1701) regret=0.102507 ape=0.5290
[21:47:46] warmStart 32% (555/1701) regret=0.102507 ape=0.5290
[21:47:46] warmStart 32% (556/1701) regret=0.102507 ape=0.5290
[21:47:47] warmStart 32% (557/1701) regret=0.102507 ape=0.5290
[21:47:47] warmStart 32% (558/1701) regret=0.102507 ape=0.5290
[21:47:47] warmStart 32% (559/1701) regret=0.102507 ape=0.5290
[21:47:47] warmStart 32% (560/1701) regret=0.102295 ape=0.5281
[21:47:48] warmStart 32% (561/1701) regret=0.102507 ape=0.5290
[21:47:48] warmStart 33% (562/1701) regret=0.102590 ape=0.5290
[21:47:48] warmStart 33% (563/1701) regret=0.102507 ape=0.5290
[21:47:49] warmStart 33% (564/1701) regret=0.102507 ape=0.5290
[21:47:49] warmStart 33% (565/1701) regret=0.102507 ape=0.5290
[21:47:49] warmStart 33% (566/1701) regret=0.102507 ape=0.5290
[21:47:49] warmStart 33% (567/1701) regret=0.102507 ape=0.5290
[21:47:50] warmStart 33% (568/1701) regret=0.102415 ape=0.5290
[21:47:50] warmStart 33% (569/1701) regret=0.102507 ape=0.5290
[21:47:50] warmStart 33% (570/1701) regret=0.102507 ape=0.5290
[21:47:51] warmStart 33% (571/1701) regret=0.102507 ape=0.5290
[21:47:51] warmStart 33% (572/1701) regret=0.102517 ape=0.5290
[21:47:51] warmStart 33% (573/1701) regret=0.102517 ape=0.5290
[21:47:52] warmStart 33% (574/1701) regret=0.102517 ape=0.5290
[21:47:52] warmStart 33% (575/1701) regret=0.102517 ape=0.5290
[21:47:52] warmStart 33% (576/1701) regret=0.102517 ape=0.5290
[21:47:52] warmStart 33% (577/1701) regret=0.102517 ape=0.5290
[21:47:53] warmStart 33% (578/1701) regret=0.102517 ape=0.5290
[21:47:53] warmStart 34% (579/1701) regret=0.102517 ape=0.5290
[21:47:53] warmStart 34% (580/1701) regret=0.102517 ape=0.5290
[21:47:53] warmStart 34% (581/1701) regret=0.102517 ape=0.5290
[21:47:54] warmStart 34% (582/1701) regret=0.102517 ape=0.5290
[21:47:54] warmStart 34% (583/1701) regret=0.102517 ape=0.5290
[21:47:54] warmStart 34% (584/1701) regret=0.102517 ape=0.5290
[21:47:55] warmStart 34% (585/1701) regret=0.102517 ape=0.5290
[21:47:55] warmStart 34% (586/1701) regret=0.102517 ape=0.5290
[21:47:55] warmStart 34% (587/1701) regret=0.102305 ape=0.5281
[21:47:56] warmStart 34% (588/1701) regret=0.102305 ape=0.5281
[21:47:56] warmStart 34% (589/1701) regret=0.102305 ape=0.5281
[21:47:56] warmStart 34% (590/1701) regret=0.102305 ape=0.5281
[21:47:56] warmStart 34% (591/1701) regret=0.102305 ape=0.5281
[21:47:57] warmStart 34% (592/1701) regret=0.102305 ape=0.5281
[21:47:57] warmStart 34% (593/1701) regret=0.102284 ape=0.5281
[21:47:57] warmStart 34% (594/1701) regret=0.102305 ape=0.5281
[21:47:58] warmStart 34% (595/1701) regret=0.102305 ape=0.5281
[21:47:58] warmStart 35% (596/1701) regret=0.102305 ape=0.5281
[21:47:58] warmStart 35% (597/1701) regret=0.102305 ape=0.5281
[21:47:59] warmStart 35% (598/1701) regret=0.102305 ape=0.5281
[21:47:59] warmStart 35% (599/1701) regret=0.102305 ape=0.5281
[21:47:59] warmStart 35% (600/1701) regret=0.102305 ape=0.5281
[21:47:59] warmStart 35% (601/1701) regret=0.102305 ape=0.5281
[21:48:00] warmStart 35% (602/1701) regret=0.102305 ape=0.5281
[21:48:00] warmStart 35% (603/1701) regret=0.102305 ape=0.5281
[21:48:00] warmStart 35% (604/1701) regret=0.102305 ape=0.5281
[21:48:01] warmStart 35% (605/1701) regret=0.102305 ape=0.5281
[21:48:01] warmStart 35% (606/1701) regret=0.102305 ape=0.5281
[21:48:01] warmStart 35% (607/1701) regret=0.102305 ape=0.5281
[21:48:01] warmStart 35% (608/1701) regret=0.102305 ape=0.5281
[21:48:02] warmStart 35% (609/1701) regret=0.102295 ape=0.5281
[21:48:02] warmStart 35% (610/1701) regret=0.102295 ape=0.5281
[21:48:02] warmStart 35% (611/1701) regret=0.102295 ape=0.5281
[21:48:03] warmStart 35% (612/1701) regret=0.102295 ape=0.5281
[21:48:03] warmStart 36% (613/1701) regret=0.102295 ape=0.5281
[21:48:03] warmStart 36% (614/1701) regret=0.102295 ape=0.5281
[21:48:04] warmStart 36% (615/1701) regret=0.102295 ape=0.5281
[21:48:04] warmStart 36% (616/1701) regret=0.102295 ape=0.5281
[21:48:04] warmStart 36% (617/1701) regret=0.102295 ape=0.5281
[21:48:04] warmStart 36% (618/1701) regret=0.102295 ape=0.5281
[21:48:05] warmStart 36% (619/1701) regret=0.102295 ape=0.5281
[21:48:05] warmStart 36% (620/1701) regret=0.102295 ape=0.5281
[21:48:05] warmStart 36% (621/1701) regret=0.102295 ape=0.5281
[21:48:06] warmStart 36% (622/1701) regret=0.102295 ape=0.5281
[21:48:06] warmStart 36% (623/1701) regret=0.102276 ape=0.5281
[21:48:06] warmStart 36% (624/1701) regret=0.102295 ape=0.5281
[21:48:06] warmStart 36% (625/1701) regret=0.102295 ape=0.5281
[21:48:07] warmStart 36% (626/1701) regret=0.102295 ape=0.5281
[21:48:07] warmStart 36% (627/1701) regret=0.102295 ape=0.5281
[21:48:07] warmStart 36% (628/1701) regret=0.102295 ape=0.5281
[21:48:08] warmStart 36% (629/1701) regret=0.102295 ape=0.5281
[21:48:08] warmStart 37% (630/1701) regret=0.102295 ape=0.5281
[21:48:08] warmStart 37% (631/1701) regret=0.102295 ape=0.5281
[21:48:09] warmStart 37% (632/1701) regret=0.102295 ape=0.5281
[21:48:09] warmStart 37% (633/1701) regret=0.102295 ape=0.5281
[21:48:09] warmStart 37% (634/1701) regret=0.102295 ape=0.5281
[21:48:10] warmStart 37% (635/1701) regret=0.102295 ape=0.5281
[21:48:10] warmStart 37% (636/1701) regret=0.102295 ape=0.5281
[21:48:10] warmStart 37% (637/1701) regret=0.102295 ape=0.5281
[21:48:11] warmStart 37% (638/1701) regret=0.102295 ape=0.5281
[21:48:11] warmStart 37% (639/1701) regret=0.102295 ape=0.5281
[21:48:11] warmStart 37% (640/1701) regret=0.102295 ape=0.5281
[21:48:12] warmStart 37% (641/1701) regret=0.102295 ape=0.5281
[21:48:12] warmStart 37% (642/1701) regret=0.102295 ape=0.5281
[21:48:12] warmStart 37% (643/1701) regret=0.102295 ape=0.5281
[21:48:13] warmStart 37% (644/1701) regret=0.102295 ape=0.5281
[21:48:13] warmStart 37% (645/1701) regret=0.102295 ape=0.5281
[21:48:13] warmStart 37% (646/1701) regret=0.102305 ape=0.5281
[21:48:14] warmStart 38% (647/1701) regret=0.102305 ape=0.5281
[21:48:14] warmStart 38% (648/1701) regret=0.102305 ape=0.5281
[21:48:14] warmStart 38% (649/1701) regret=0.102305 ape=0.5281
[21:48:14] warmStart 38% (650/1701) regret=0.102305 ape=0.5281
[21:48:15] warmStart 38% (651/1701) regret=0.102305 ape=0.5281
[21:48:15] warmStart 38% (652/1701) regret=0.102305 ape=0.5281
[21:48:15] warmStart 38% (653/1701) regret=0.102305 ape=0.5281
[21:48:16] warmStart 38% (654/1701) regret=0.102305 ape=0.5281
[21:48:16] warmStart 38% (655/1701) regret=0.102305 ape=0.5281
[21:48:16] warmStart 38% (656/1701) regret=0.102305 ape=0.5281
[21:48:16] warmStart 38% (657/1701) regret=0.102305 ape=0.5281
[21:48:16] warmStart 38% (658/1701) regret=0.102295 ape=0.5281
[21:48:17] warmStart 38% (659/1701) regret=0.102295 ape=0.5281
[21:48:17] warmStart 38% (660/1701) regret=0.102295 ape=0.5281
[21:48:17] warmStart 38% (661/1701) regret=0.102295 ape=0.5281
[21:48:17] warmStart 38% (662/1701) regret=0.101862 ape=0.5272
[21:48:17] warmStart 38% (663/1701) regret=0.101862 ape=0.5272
[21:48:17] warmStart 39% (664/1701) regret=0.101862 ape=0.5272
[21:48:18] warmStart 39% (665/1701) regret=0.101862 ape=0.5272
[21:48:18] warmStart 39% (666/1701) regret=0.101862 ape=0.5272
[21:48:18] warmStart 39% (667/1701) regret=0.101862 ape=0.5272
[21:48:18] warmStart 39% (668/1701) regret=0.101862 ape=0.5272
[21:48:18] warmStart 39% (669/1701) regret=0.101862 ape=0.5272
[21:48:18] warmStart 39% (670/1701) regret=0.101862 ape=0.5272
[21:48:19] warmStart 39% (671/1701) regret=0.101862 ape=0.5272
[21:48:19] warmStart 39% (672/1701) regret=0.101862 ape=0.5272
[21:48:19] warmStart 39% (673/1701) regret=0.101829 ape=0.5263
[21:48:19] warmStart 39% (674/1701) regret=0.101862 ape=0.5272
[21:48:19] warmStart 39% (675/1701) regret=0.101862 ape=0.5272
[21:48:19] warmStart 39% (676/1701) regret=0.101862 ape=0.5272
[21:48:20] warmStart 39% (677/1701) regret=0.101862 ape=0.5272
[21:48:20] warmStart 39% (678/1701) regret=0.101862 ape=0.5272
[21:48:20] warmStart 39% (679/1701) regret=0.101862 ape=0.5272
[21:48:20] warmStart 39% (680/1701) regret=0.101862 ape=0.5272
[21:48:20] warmStart 40% (681/1701) regret=0.101829 ape=0.5272
[21:48:21] warmStart 40% (682/1701) regret=0.101862 ape=0.5272
[21:48:21] warmStart 40% (683/1701) regret=0.101442 ape=0.5263
[21:48:21] warmStart 40% (684/1701) regret=0.101442 ape=0.5263
[21:48:21] warmStart 40% (685/1701) regret=0.101442 ape=0.5263
[21:48:21] warmStart 40% (686/1701) regret=0.101442 ape=0.5263
[21:48:21] warmStart 40% (687/1701) regret=0.101442 ape=0.5263
[21:48:22] warmStart 40% (688/1701) regret=0.101442 ape=0.5263
[21:48:22] warmStart 40% (689/1701) regret=0.101442 ape=0.5263
[21:48:22] warmStart 40% (690/1701) regret=0.101442 ape=0.5263
[21:48:22] warmStart 40% (691/1701) regret=0.101442 ape=0.5263
[21:48:22] warmStart 40% (692/1701) regret=0.101442 ape=0.5263
[21:48:23] warmStart 40% (693/1701) regret=0.101442 ape=0.5263
[21:48:23] warmStart 40% (694/1701) regret=0.101442 ape=0.5263
[21:48:23] warmStart 40% (695/1701) regret=0.101442 ape=0.5263
[21:48:23] warmStart 40% (696/1701) regret=0.101442 ape=0.5263
[21:48:23] warmStart 40% (697/1701) regret=0.101442 ape=0.5263
[21:48:23] warmStart 41% (698/1701) regret=0.101442 ape=0.5263
[21:48:24] warmStart 41% (699/1701) regret=0.101442 ape=0.5263
[21:48:24] warmStart 41% (700/1701) regret=0.101442 ape=0.5263
[21:48:24] warmStart 41% (701/1701) regret=0.101442 ape=0.5263
[21:48:24] warmStart 41% (702/1701) regret=0.101442 ape=0.5263
[21:48:24] warmStart 41% (703/1701) regret=0.101470 ape=0.5263
[21:48:25] warmStart 41% (704/1701) regret=0.101470 ape=0.5263
[21:48:25] warmStart 41% (705/1701) regret=0.101470 ape=0.5263
[21:48:25] warmStart 41% (706/1701) regret=0.101470 ape=0.5263
[21:48:25] warmStart 41% (707/1701) regret=0.101470 ape=0.5263
[21:48:25] warmStart 41% (708/1701) regret=0.101470 ape=0.5263
[21:48:25] warmStart 41% (709/1701) regret=0.101470 ape=0.5263
[21:48:26] warmStart 41% (710/1701) regret=0.101470 ape=0.5263
[21:48:26] warmStart 41% (711/1701) regret=0.101470 ape=0.5263
[21:48:26] warmStart 41% (712/1701) regret=0.101470 ape=0.5263
[21:48:26] warmStart 41% (713/1701) regret=0.101470 ape=0.5263
[21:48:26] warmStart 41% (714/1701) regret=0.101470 ape=0.5263
[21:48:26] warmStart 42% (715/1701) regret=0.101378 ape=0.5263
[21:48:27] warmStart 42% (716/1701) regret=0.101470 ape=0.5263
[21:48:27] warmStart 42% (717/1701) regret=0.101470 ape=0.5263
[21:48:27] warmStart 42% (718/1701) regret=0.101470 ape=0.5263
[21:48:27] warmStart 42% (719/1701) regret=0.101470 ape=0.5263
[21:48:27] warmStart 42% (720/1701) regret=0.101470 ape=0.5263
[21:48:27] warmStart 42% (721/1701) regret=0.101470 ape=0.5263
[21:48:28] warmStart 42% (722/1701) regret=0.101470 ape=0.5263
[21:48:28] warmStart 42% (723/1701) regret=0.101470 ape=0.5263
[21:48:28] warmStart 42% (724/1701) regret=0.101470 ape=0.5263
[21:48:28] warmStart 42% (725/1701) regret=0.101470 ape=0.5263
[21:48:28] warmStart 42% (726/1701) regret=0.101470 ape=0.5263
[21:48:29] warmStart 42% (727/1701) regret=0.101470 ape=0.5263
[21:48:29] warmStart 42% (728/1701) regret=0.101470 ape=0.5263
[21:48:29] warmStart 42% (729/1701) regret=0.101470 ape=0.5263
[21:48:29] warmStart 42% (730/1701) regret=0.101470 ape=0.5263
[21:48:29] warmStart 42% (731/1701) regret=0.101470 ape=0.5263
[21:48:29] warmStart 43% (732/1701) regret=0.101470 ape=0.5263
[21:48:30] warmStart 43% (733/1701) regret=0.101470 ape=0.5263
[21:48:30] warmStart 43% (734/1701) regret=0.101470 ape=0.5263
[21:48:30] warmStart 43% (735/1701) regret=0.101470 ape=0.5263
[21:48:30] warmStart 43% (736/1701) regret=0.101470 ape=0.5263
[21:48:30] warmStart 43% (737/1701) regret=0.101470 ape=0.5263
[21:48:31] warmStart 43% (738/1701) regret=0.101470 ape=0.5263
[21:48:31] warmStart 43% (739/1701) regret=0.101470 ape=0.5263
[21:48:31] warmStart 43% (740/1701) regret=0.101470 ape=0.5263
[21:48:31] warmStart 43% (741/1701) regret=0.101470 ape=0.5263
[21:48:31] warmStart 43% (742/1701) regret=0.101470 ape=0.5263
[21:48:31] warmStart 43% (743/1701) regret=0.101470 ape=0.5263
[21:48:32] warmStart 43% (744/1701) regret=0.101470 ape=0.5263
[21:48:32] warmStart 43% (745/1701) regret=0.101470 ape=0.5263
[21:48:32] warmStart 43% (746/1701) regret=0.101562 ape=0.5263
[21:48:32] warmStart 43% (747/1701) regret=0.101470 ape=0.5263
[21:48:32] warmStart 43% (748/1701) regret=0.101470 ape=0.5263
[21:48:33] warmStart 44% (749/1701) regret=0.101470 ape=0.5263
[21:48:33] warmStart 44% (750/1701) regret=0.101415 ape=0.5263
[21:48:33] warmStart 44% (751/1701) regret=0.101470 ape=0.5263
[21:48:33] warmStart 44% (752/1701) regret=0.101470 ape=0.5263
[21:48:33] warmStart 44% (753/1701) regret=0.101470 ape=0.5263
[21:48:33] warmStart 44% (754/1701) regret=0.101470 ape=0.5263
[21:48:34] warmStart 44% (755/1701) regret=0.101470 ape=0.5263
[21:48:34] warmStart 44% (756/1701) regret=0.101470 ape=0.5263
[21:48:34] warmStart 44% (757/1701) regret=0.101470 ape=0.5263
[21:48:34] warmStart 44% (758/1701) regret=0.101470 ape=0.5263
[21:48:34] warmStart 44% (759/1701) regret=0.101470 ape=0.5263
[21:48:34] warmStart 44% (760/1701) regret=0.101470 ape=0.5263
[21:48:35] warmStart 44% (761/1701) regret=0.101470 ape=0.5263
[21:48:35] warmStart 44% (762/1701) regret=0.101470 ape=0.5263
[21:48:35] warmStart 44% (763/1701) regret=0.101470 ape=0.5263
[21:48:35] warmStart 44% (764/1701) regret=0.101470 ape=0.5263
[21:48:35] warmStart 44% (765/1701) regret=0.101470 ape=0.5263
[21:48:36] warmStart 45% (766/1701) regret=0.101470 ape=0.5263
[21:48:36] warmStart 45% (767/1701) regret=0.101470 ape=0.5263
[21:48:36] warmStart 45% (768/1701) regret=0.101470 ape=0.5263
[21:48:36] warmStart 45% (769/1701) regret=0.101470 ape=0.5263
[21:48:36] warmStart 45% (770/1701) regret=0.101470 ape=0.5263
[21:48:36] warmStart 45% (771/1701) regret=0.101562 ape=0.5263
[21:48:37] warmStart 45% (772/1701) regret=0.101470 ape=0.5263
[21:48:37] warmStart 45% (773/1701) regret=0.101470 ape=0.5263
[21:48:37] warmStart 45% (774/1701) regret=0.101470 ape=0.5263
[21:48:37] warmStart 45% (775/1701) regret=0.101470 ape=0.5263
[21:48:37] warmStart 45% (776/1701) regret=0.101470 ape=0.5263
[21:48:37] warmStart 45% (777/1701) regret=0.101470 ape=0.5263
[21:48:38] warmStart 45% (778/1701) regret=0.101682 ape=0.5263
[21:48:38] warmStart 45% (779/1701) regret=0.101470 ape=0.5263
[21:48:38] warmStart 45% (780/1701) regret=0.101470 ape=0.5263
[21:48:38] warmStart 45% (781/1701) regret=0.101470 ape=0.5263
[21:48:38] warmStart 45% (782/1701) regret=0.101470 ape=0.5263
[21:48:39] warmStart 46% (783/1701) regret=0.101470 ape=0.5263
[21:48:39] warmStart 46% (784/1701) regret=0.101470 ape=0.5263
[21:48:39] warmStart 46% (785/1701) regret=0.101470 ape=0.5263
[21:48:39] warmStart 46% (786/1701) regret=0.101470 ape=0.5263
[21:48:39] warmStart 46% (787/1701) regret=0.101470 ape=0.5263
[21:48:39] warmStart 46% (788/1701) regret=0.101470 ape=0.5263
[21:48:40] warmStart 46% (789/1701) regret=0.101470 ape=0.5263
[21:48:40] warmStart 46% (790/1701) regret=0.101424 ape=0.5263
[21:48:40] warmStart 46% (791/1701) regret=0.101470 ape=0.5263
[21:48:40] warmStart 46% (792/1701) regret=0.101470 ape=0.5263
[21:48:40] warmStart 46% (793/1701) regret=0.101480 ape=0.5263
[21:48:40] warmStart 46% (794/1701) regret=0.101480 ape=0.5263
[21:48:41] warmStart 46% (795/1701) regret=0.101480 ape=0.5263
[21:48:41] warmStart 46% (796/1701) regret=0.101448 ape=0.5253
[21:48:41] warmStart 46% (797/1701) regret=0.101480 ape=0.5263
[21:48:41] warmStart 46% (798/1701) regret=0.101480 ape=0.5263
[21:48:41] warmStart 46% (799/1701) regret=0.101480 ape=0.5263
[21:48:41] warmStart 47% (800/1701) regret=0.101480 ape=0.5263
[21:48:42] warmStart 47% (801/1701) regret=0.101480 ape=0.5263
[21:48:42] warmStart 47% (802/1701) regret=0.101480 ape=0.5263
[21:48:42] warmStart 47% (803/1701) regret=0.101480 ape=0.5263
[21:48:42] warmStart 47% (804/1701) regret=0.101480 ape=0.5263
[21:48:42] warmStart 47% (805/1701) regret=0.101480 ape=0.5263
[21:48:43] warmStart 47% (806/1701) regret=0.101480 ape=0.5263
[21:48:43] warmStart 47% (807/1701) regret=0.101480 ape=0.5263
[21:48:43] warmStart 47% (808/1701) regret=0.101480 ape=0.5263
[21:48:43] warmStart 47% (809/1701) regret=0.101480 ape=0.5263
[21:48:43] warmStart 47% (810/1701) regret=0.101480 ape=0.5263
[21:48:43] warmStart 47% (811/1701) regret=0.101572 ape=0.5263
[21:48:44] warmStart 47% (812/1701) regret=0.101480 ape=0.5263
[21:48:44] warmStart 47% (813/1701) regret=0.101480 ape=0.5263
[21:48:44] warmStart 47% (814/1701) regret=0.101480 ape=0.5263
[21:48:44] warmStart 47% (815/1701) regret=0.101480 ape=0.5263
[21:48:44] warmStart 47% (816/1701) regret=0.101480 ape=0.5263
[21:48:44] warmStart 48% (817/1701) regret=0.101480 ape=0.5263
[21:48:45] warmStart 48% (818/1701) regret=0.101480 ape=0.5263
[21:48:45] warmStart 48% (819/1701) regret=0.101480 ape=0.5263
[21:48:45] warmStart 48% (820/1701) regret=0.101480 ape=0.5263
[21:48:45] warmStart 48% (821/1701) regret=0.101480 ape=0.5263
[21:48:45] warmStart 48% (822/1701) regret=0.101480 ape=0.5263
[21:48:46] warmStart 48% (823/1701) regret=0.101480 ape=0.5263
[21:48:46] warmStart 48% (824/1701) regret=0.101572 ape=0.5263
[21:48:46] warmStart 48% (825/1701) regret=0.101452 ape=0.5263
[21:48:46] warmStart 48% (826/1701) regret=0.101452 ape=0.5263
[21:48:46] warmStart 48% (827/1701) regret=0.101452 ape=0.5263
[21:48:46] warmStart 48% (828/1701) regret=0.101452 ape=0.5263
[21:48:47] warmStart 48% (829/1701) regret=0.101452 ape=0.5263
[21:48:47] warmStart 48% (830/1701) regret=0.101480 ape=0.5263
[21:48:47] warmStart 48% (831/1701) regret=0.101452 ape=0.5263
[21:48:47] warmStart 48% (832/1701) regret=0.101452 ape=0.5263
[21:48:47] warmStart 48% (833/1701) regret=0.101452 ape=0.5263
[21:48:47] warmStart 49% (834/1701) regret=0.101452 ape=0.5263
[21:48:48] warmStart 49% (835/1701) regret=0.101452 ape=0.5263
[21:48:48] warmStart 49% (836/1701) regret=0.101452 ape=0.5263
[21:48:48] warmStart 49% (837/1701) regret=0.101452 ape=0.5263
[21:48:48] warmStart 49% (838/1701) regret=0.101452 ape=0.5263
[21:48:48] warmStart 49% (839/1701) regret=0.101452 ape=0.5263
[21:48:49] warmStart 49% (840/1701) regret=0.101452 ape=0.5263
[21:48:49] warmStart 49% (841/1701) regret=0.101452 ape=0.5263
[21:48:49] warmStart 49% (842/1701) regret=0.101452 ape=0.5263
[21:48:49] warmStart 49% (843/1701) regret=0.101452 ape=0.5263
[21:48:49] warmStart 49% (844/1701) regret=0.101452 ape=0.5263
[21:48:49] warmStart 49% (845/1701) regret=0.101452 ape=0.5263
[21:48:50] warmStart 49% (846/1701) regret=0.101452 ape=0.5263
[21:48:50] warmStart 49% (847/1701) regret=0.101452 ape=0.5263
[21:48:50] warmStart 49% (848/1701) regret=0.101442 ape=0.5263
[21:48:50] warmStart 49% (849/1701) regret=0.101452 ape=0.5263
[21:48:50] warmStart 49% (850/1701) regret=0.101452 ape=0.5263
[21:48:50] warmStart 50% (851/1701) regret=0.101452 ape=0.5263
[21:48:51] warmStart 50% (852/1701) regret=0.101452 ape=0.5263
[21:48:51] warmStart 50% (853/1701) regret=0.101452 ape=0.5263
[21:48:51] warmStart 50% (854/1701) regret=0.101452 ape=0.5263
[21:48:51] warmStart 50% (855/1701) regret=0.101452 ape=0.5263
[21:48:51] warmStart 50% (856/1701) regret=0.101452 ape=0.5263
[21:48:52] warmStart 50% (857/1701) regret=0.101452 ape=0.5263
[21:48:52] warmStart 50% (858/1701) regret=0.101452 ape=0.5263
[21:48:52] warmStart 50% (859/1701) regret=0.101452 ape=0.5263
[21:48:52] warmStart 50% (860/1701) regret=0.101452 ape=0.5263
[21:48:52] warmStart 50% (861/1701) regret=0.101452 ape=0.5263
[21:48:52] warmStart 50% (862/1701) regret=0.101452 ape=0.5263
[21:48:53] warmStart 50% (863/1701) regret=0.101452 ape=0.5263
[21:48:53] warmStart 50% (864/1701) regret=0.101452 ape=0.5263
[21:48:53] warmStart 50% (865/1701) regret=0.101452 ape=0.5263
[21:48:53] warmStart 50% (866/1701) regret=0.101452 ape=0.5263
[21:48:53] warmStart 50% (867/1701) regret=0.101452 ape=0.5263
[21:48:54] warmStart 51% (868/1701) regret=0.101452 ape=0.5263
[21:48:54] warmStart 51% (869/1701) regret=0.101452 ape=0.5263
[21:48:54] warmStart 51% (870/1701) regret=0.101452 ape=0.5263
[21:48:54] warmStart 51% (871/1701) regret=0.101452 ape=0.5263
[21:48:54] warmStart 51% (872/1701) regret=0.101452 ape=0.5263
[21:48:54] warmStart 51% (873/1701) regret=0.101452 ape=0.5263
[21:48:55] warmStart 51% (874/1701) regret=0.101452 ape=0.5263
[21:48:55] warmStart 51% (875/1701) regret=0.101452 ape=0.5263
[21:48:55] warmStart 51% (876/1701) regret=0.101452 ape=0.5263
[21:48:55] warmStart 51% (877/1701) regret=0.101452 ape=0.5263
[21:48:55] warmStart 51% (878/1701) regret=0.101452 ape=0.5263
[21:48:55] warmStart 51% (879/1701) regret=0.101452 ape=0.5263
[21:48:56] warmStart 51% (880/1701) regret=0.101406 ape=0.5263
[21:48:56] warmStart 51% (881/1701) regret=0.101406 ape=0.5263
[21:48:56] warmStart 51% (882/1701) regret=0.101498 ape=0.5263
[21:48:56] warmStart 51% (883/1701) regret=0.101406 ape=0.5263
[21:48:56] warmStart 51% (884/1701) regret=0.101406 ape=0.5263
[21:48:57] warmStart 52% (885/1701) regret=0.101406 ape=0.5263
[21:48:57] warmStart 52% (886/1701) regret=0.101406 ape=0.5263
[21:48:57] warmStart 52% (887/1701) regret=0.101406 ape=0.5263
[21:48:57] warmStart 52% (888/1701) regret=0.101406 ape=0.5263
[21:48:57] warmStart 52% (889/1701) regret=0.101406 ape=0.5263
[21:48:57] warmStart 52% (890/1701) regret=0.101406 ape=0.5263
[21:48:58] warmStart 52% (891/1701) regret=0.101406 ape=0.5263
[21:48:58] warmStart 52% (892/1701) regret=0.101406 ape=0.5263
[21:48:58] warmStart 52% (893/1701) regret=0.101406 ape=0.5263
[21:48:58] warmStart 52% (894/1701) regret=0.101406 ape=0.5263
[21:48:58] warmStart 52% (895/1701) regret=0.101406 ape=0.5263
[21:48:58] warmStart 52% (896/1701) regret=0.100876 ape=0.5253
[21:48:59] warmStart 52% (897/1701) regret=0.100876 ape=0.5253
[21:48:59] warmStart 52% (898/1701) regret=0.100876 ape=0.5253
[21:48:59] warmStart 52% (899/1701) regret=0.100876 ape=0.5253
[21:48:59] warmStart 52% (900/1701) regret=0.100876 ape=0.5253
[21:48:59] warmStart 52% (901/1701) regret=0.100876 ape=0.5253
[21:49:00] warmStart 53% (902/1701) regret=0.100876 ape=0.5253
[21:49:00] warmStart 53% (903/1701) regret=0.100876 ape=0.5253
[21:49:00] warmStart 53% (904/1701) regret=0.100876 ape=0.5253
[21:49:00] warmStart 53% (905/1701) regret=0.100876 ape=0.5253
[21:49:00] warmStart 53% (906/1701) regret=0.100876 ape=0.5253
[21:49:00] warmStart 53% (907/1701) regret=0.100876 ape=0.5253
[21:49:01] warmStart 53% (908/1701) regret=0.100876 ape=0.5253
[21:49:01] warmStart 53% (909/1701) regret=0.100876 ape=0.5253
[21:49:01] warmStart 53% (910/1701) regret=0.100876 ape=0.5253
[21:49:01] warmStart 53% (911/1701) regret=0.100876 ape=0.5253
[21:49:01] warmStart 53% (912/1701) regret=0.100876 ape=0.5253
[21:49:02] warmStart 53% (913/1701) regret=0.100876 ape=0.5253
[21:49:02] warmStart 53% (914/1701) regret=0.100876 ape=0.5253
[21:49:02] warmStart 53% (915/1701) regret=0.100876 ape=0.5253
[21:49:02] warmStart 53% (916/1701) regret=0.100876 ape=0.5253
[21:49:02] warmStart 53% (917/1701) regret=0.100876 ape=0.5253
[21:49:02] warmStart 53% (918/1701) regret=0.100876 ape=0.5253
[21:49:03] warmStart 54% (919/1701) regret=0.100876 ape=0.5253
[21:49:03] warmStart 54% (920/1701) regret=0.100876 ape=0.5253
[21:49:03] warmStart 54% (921/1701) regret=0.100876 ape=0.5253
[21:49:03] warmStart 54% (922/1701) regret=0.100876 ape=0.5253
[21:49:03] warmStart 54% (923/1701) regret=0.100876 ape=0.5253
[21:49:03] warmStart 54% (924/1701) regret=0.100968 ape=0.5253
[21:49:04] warmStart 54% (925/1701) regret=0.100876 ape=0.5253
[21:49:04] warmStart 54% (926/1701) regret=0.100876 ape=0.5253
[21:49:04] warmStart 54% (927/1701) regret=0.100876 ape=0.5253
[21:49:04] warmStart 54% (928/1701) regret=0.100876 ape=0.5253
[21:49:04] warmStart 54% (929/1701) regret=0.100876 ape=0.5253
[21:49:05] warmStart 54% (930/1701) regret=0.100890 ape=0.5253
[21:49:05] warmStart 54% (931/1701) regret=0.100890 ape=0.5253
[21:49:05] warmStart 54% (932/1701) regret=0.100876 ape=0.5253
[21:49:05] warmStart 54% (933/1701) regret=0.100876 ape=0.5253
[21:49:05] warmStart 54% (934/1701) regret=0.100876 ape=0.5253
[21:49:05] warmStart 54% (935/1701) regret=0.100876 ape=0.5253
[21:49:06] warmStart 55% (936/1701) regret=0.100876 ape=0.5253
[21:49:06] warmStart 55% (937/1701) regret=0.100876 ape=0.5253
[21:49:06] warmStart 55% (938/1701) regret=0.100876 ape=0.5253
[21:49:06] warmStart 55% (939/1701) regret=0.100876 ape=0.5253
[21:49:06] warmStart 55% (940/1701) regret=0.100876 ape=0.5253
[21:49:06] warmStart 55% (941/1701) regret=0.100876 ape=0.5253
[21:49:07] warmStart 55% (942/1701) regret=0.100821 ape=0.5244
[21:49:07] warmStart 55% (943/1701) regret=0.100821 ape=0.5244
[21:49:07] warmStart 55% (944/1701) regret=0.100821 ape=0.5244
[21:49:07] warmStart 55% (945/1701) regret=0.100821 ape=0.5244
[21:49:07] warmStart 55% (946/1701) regret=0.100876 ape=0.5253
[21:49:07] warmStart 55% (947/1701) regret=0.100876 ape=0.5253
[21:49:08] warmStart 55% (948/1701) regret=0.100876 ape=0.5253
[21:49:08] warmStart 55% (949/1701) regret=0.100876 ape=0.5253
[21:49:08] warmStart 55% (950/1701) regret=0.100876 ape=0.5253
[21:49:08] warmStart 55% (951/1701) regret=0.100876 ape=0.5253
[21:49:08] warmStart 55% (952/1701) regret=0.100876 ape=0.5253
[21:49:09] warmStart 56% (953/1701) regret=0.100876 ape=0.5253
[21:49:09] warmStart 56% (954/1701) regret=0.100876 ape=0.5253
[21:49:09] warmStart 56% (955/1701) regret=0.100876 ape=0.5253
[21:49:09] warmStart 56% (956/1701) regret=0.100876 ape=0.5253
[21:49:09] warmStart 56% (957/1701) regret=0.100876 ape=0.5253
[21:49:09] warmStart 56% (958/1701) regret=0.100876 ape=0.5253
[21:49:10] warmStart 56% (959/1701) regret=0.100876 ape=0.5253
[21:49:10] warmStart 56% (960/1701) regret=0.100876 ape=0.5253
[21:49:10] warmStart 56% (961/1701) regret=0.100876 ape=0.5253
[21:49:10] warmStart 56% (962/1701) regret=0.100876 ape=0.5253
[21:49:10] warmStart 56% (963/1701) regret=0.100876 ape=0.5253
[21:49:11] warmStart 56% (964/1701) regret=0.100876 ape=0.5253
[21:49:11] warmStart 56% (965/1701) regret=0.100876 ape=0.5253
[21:49:11] warmStart 56% (966/1701) regret=0.100876 ape=0.5253
[21:49:11] warmStart 56% (967/1701) regret=0.100844 ape=0.5244
[21:49:11] warmStart 56% (968/1701) regret=0.100876 ape=0.5253
[21:49:11] warmStart 56% (969/1701) regret=0.100876 ape=0.5253
[21:49:12] warmStart 57% (970/1701) regret=0.100876 ape=0.5253
[21:49:12] warmStart 57% (971/1701) regret=0.100876 ape=0.5253
[21:49:12] warmStart 57% (972/1701) regret=0.100876 ape=0.5253
[21:49:12] warmStart 57% (973/1701) regret=0.100876 ape=0.5253
[21:49:12] warmStart 57% (974/1701) regret=0.100876 ape=0.5253
[21:49:12] warmStart 57% (975/1701) regret=0.100876 ape=0.5253
[21:49:13] warmStart 57% (976/1701) regret=0.100572 ape=0.5244
[21:49:13] warmStart 57% (977/1701) regret=0.100876 ape=0.5253
[21:49:13] warmStart 57% (978/1701) regret=0.100876 ape=0.5253
[21:49:13] warmStart 57% (979/1701) regret=0.100784 ape=0.5253
[21:49:13] warmStart 57% (980/1701) regret=0.100876 ape=0.5253
[21:49:14] warmStart 57% (981/1701) regret=0.100876 ape=0.5253
[21:49:14] warmStart 57% (982/1701) regret=0.100876 ape=0.5253
[21:49:14] warmStart 57% (983/1701) regret=0.100876 ape=0.5253
[21:49:14] warmStart 57% (984/1701) regret=0.100876 ape=0.5253
[21:49:14] warmStart 57% (985/1701) regret=0.100876 ape=0.5253
[21:49:14] warmStart 57% (986/1701) regret=0.100876 ape=0.5253
[21:49:15] warmStart 58% (987/1701) regret=0.100876 ape=0.5253
[21:49:15] warmStart 58% (988/1701) regret=0.100876 ape=0.5253
[21:49:15] warmStart 58% (989/1701) regret=0.100876 ape=0.5253
[21:49:15] warmStart 58% (990/1701) regret=0.100821 ape=0.5244
[21:49:15] warmStart 58% (991/1701) regret=0.100821 ape=0.5244
[21:49:15] warmStart 58% (992/1701) regret=0.100821 ape=0.5244
[21:49:16] warmStart 58% (993/1701) regret=0.100729 ape=0.5244
[21:49:16] warmStart 58% (994/1701) regret=0.100821 ape=0.5244
[21:49:16] warmStart 58% (995/1701) regret=0.100821 ape=0.5244
[21:49:16] warmStart 58% (996/1701) regret=0.100821 ape=0.5244
[21:49:16] warmStart 58% (997/1701) regret=0.100821 ape=0.5244
[21:49:17] warmStart 58% (998/1701) regret=0.100821 ape=0.5244
[21:49:17] warmStart 58% (999/1701) regret=0.100821 ape=0.5244
[21:49:17] warmStart 58% (1000/1701) regret=0.100821 ape=0.5244
[21:49:17] warmStart 58% (1001/1701) regret=0.100821 ape=0.5244
[21:49:17] warmStart 58% (1002/1701) regret=0.100913 ape=0.5244
[21:49:17] warmStart 58% (1003/1701) regret=0.100821 ape=0.5244
[21:49:18] warmStart 59% (1004/1701) regret=0.100821 ape=0.5244
[21:49:18] warmStart 59% (1005/1701) regret=0.100517 ape=0.5235
[21:49:18] warmStart 59% (1006/1701) regret=0.100821 ape=0.5244
[21:49:18] warmStart 59% (1007/1701) regret=0.100821 ape=0.5244
[21:49:18] warmStart 59% (1008/1701) regret=0.100821 ape=0.5244
[21:49:19] warmStart 59% (1009/1701) regret=0.100821 ape=0.5244
[21:49:19] warmStart 59% (1010/1701) regret=0.100821 ape=0.5244
[21:49:19] warmStart 59% (1011/1701) regret=0.100821 ape=0.5244
[21:49:19] warmStart 59% (1012/1701) regret=0.100821 ape=0.5244
[21:49:19] warmStart 59% (1013/1701) regret=0.100821 ape=0.5244
[21:49:19] warmStart 59% (1014/1701) regret=0.100821 ape=0.5244
[21:49:20] warmStart 59% (1015/1701) regret=0.100821 ape=0.5244
[21:49:20] warmStart 59% (1016/1701) regret=0.100821 ape=0.5244
[21:49:20] warmStart 59% (1017/1701) regret=0.100821 ape=0.5244
[21:49:20] warmStart 59% (1018/1701) regret=0.100821 ape=0.5244
[21:49:20] warmStart 59% (1019/1701) regret=0.100789 ape=0.5244
[21:49:20] warmStart 59% (1020/1701) regret=0.100821 ape=0.5244
[21:49:21] warmStart 60% (1021/1701) regret=0.100876 ape=0.5253
[21:49:21] warmStart 60% (1022/1701) regret=0.100876 ape=0.5253
[21:49:21] warmStart 60% (1023/1701) regret=0.100876 ape=0.5253
[21:49:21] warmStart 60% (1024/1701) regret=0.100876 ape=0.5253
[21:49:21] warmStart 60% (1025/1701) regret=0.100876 ape=0.5253
[21:49:22] warmStart 60% (1026/1701) regret=0.100876 ape=0.5253
[21:49:22] warmStart 60% (1027/1701) regret=0.100876 ape=0.5253
[21:49:22] warmStart 60% (1028/1701) regret=0.100876 ape=0.5253
[21:49:22] warmStart 60% (1029/1701) regret=0.100876 ape=0.5253
[21:49:22] warmStart 60% (1030/1701) regret=0.100876 ape=0.5253
[21:49:22] warmStart 60% (1031/1701) regret=0.100876 ape=0.5253
[21:49:23] warmStart 60% (1032/1701) regret=0.100876 ape=0.5253
[21:49:23] warmStart 60% (1033/1701) regret=0.100876 ape=0.5253
[21:49:23] warmStart 60% (1034/1701) regret=0.100876 ape=0.5253
[21:49:23] warmStart 60% (1035/1701) regret=0.100876 ape=0.5253
[21:49:23] warmStart 60% (1036/1701) regret=0.100876 ape=0.5253
[21:49:23] warmStart 60% (1037/1701) regret=0.100876 ape=0.5253
[21:49:24] warmStart 61% (1038/1701) regret=0.100876 ape=0.5253
[21:49:24] warmStart 61% (1039/1701) regret=0.100876 ape=0.5253
[21:49:24] warmStart 61% (1040/1701) regret=0.100876 ape=0.5253
[21:49:24] warmStart 61% (1041/1701) regret=0.100876 ape=0.5253
[21:49:24] warmStart 61% (1042/1701) regret=0.100876 ape=0.5253
[21:49:25] warmStart 61% (1043/1701) regret=0.100876 ape=0.5253
[21:49:25] warmStart 61% (1044/1701) regret=0.100876 ape=0.5253
[21:49:25] warmStart 61% (1045/1701) regret=0.100876 ape=0.5253
[21:49:25] warmStart 61% (1046/1701) regret=0.100876 ape=0.5253
[21:49:25] warmStart 61% (1047/1701) regret=0.100876 ape=0.5253
[21:49:25] warmStart 61% (1048/1701) regret=0.100876 ape=0.5253
[21:49:26] warmStart 61% (1049/1701) regret=0.100876 ape=0.5253
[21:49:26] warmStart 61% (1050/1701) regret=0.100876 ape=0.5253
[21:49:26] warmStart 61% (1051/1701) regret=0.100876 ape=0.5253
[21:49:26] warmStart 61% (1052/1701) regret=0.100876 ape=0.5253
[21:49:26] warmStart 61% (1053/1701) regret=0.100876 ape=0.5253
[21:49:27] warmStart 61% (1054/1701) regret=0.100876 ape=0.5253
[21:49:27] warmStart 62% (1055/1701) regret=0.100876 ape=0.5253
[21:49:27] warmStart 62% (1056/1701) regret=0.100876 ape=0.5253
[21:49:27] warmStart 62% (1057/1701) regret=0.100876 ape=0.5253
[21:49:27] warmStart 62% (1058/1701) regret=0.100876 ape=0.5253
[21:49:27] warmStart 62% (1059/1701) regret=0.100876 ape=0.5253
[21:49:28] warmStart 62% (1060/1701) regret=0.100876 ape=0.5253
[21:49:28] warmStart 62% (1061/1701) regret=0.100876 ape=0.5253
[21:49:28] warmStart 62% (1062/1701) regret=0.100876 ape=0.5253
[21:49:28] warmStart 62% (1063/1701) regret=0.100876 ape=0.5253
[21:49:28] warmStart 62% (1064/1701) regret=0.100876 ape=0.5253
[21:49:29] warmStart 62% (1065/1701) regret=0.100876 ape=0.5253
[21:49:29] warmStart 62% (1066/1701) regret=0.100572 ape=0.5244
[21:49:29] warmStart 62% (1067/1701) regret=0.100572 ape=0.5244
[21:49:29] warmStart 62% (1068/1701) regret=0.100572 ape=0.5244
[21:49:29] warmStart 62% (1069/1701) regret=0.100572 ape=0.5244
[21:49:29] warmStart 62% (1070/1701) regret=0.100572 ape=0.5244
[21:49:30] warmStart 62% (1071/1701) regret=0.100572 ape=0.5244
[21:49:30] warmStart 63% (1072/1701) regret=0.100572 ape=0.5244
[21:49:30] warmStart 63% (1073/1701) regret=0.100572 ape=0.5244
[21:49:30] warmStart 63% (1074/1701) regret=0.100572 ape=0.5244
[21:49:30] warmStart 63% (1075/1701) regret=0.100572 ape=0.5244
[21:49:31] warmStart 63% (1076/1701) regret=0.100572 ape=0.5244
[21:49:31] warmStart 63% (1077/1701) regret=0.100572 ape=0.5244
[21:49:31] warmStart 63% (1078/1701) regret=0.100572 ape=0.5244
[21:49:31] warmStart 63% (1079/1701) regret=0.100572 ape=0.5244
[21:49:31] warmStart 63% (1080/1701) regret=0.100664 ape=0.5244
[21:49:31] warmStart 63% (1081/1701) regret=0.100572 ape=0.5244
[21:49:32] warmStart 63% (1082/1701) regret=0.100572 ape=0.5244
[21:49:32] warmStart 63% (1083/1701) regret=0.100572 ape=0.5244
[21:49:32] warmStart 63% (1084/1701) regret=0.100572 ape=0.5244
[21:49:32] warmStart 63% (1085/1701) regret=0.100572 ape=0.5244
[21:49:32] warmStart 63% (1086/1701) regret=0.100572 ape=0.5244
[21:49:32] warmStart 63% (1087/1701) regret=0.100572 ape=0.5244
[21:49:33] warmStart 63% (1088/1701) regret=0.100572 ape=0.5244
[21:49:33] warmStart 64% (1089/1701) regret=0.100572 ape=0.5244
[21:49:33] warmStart 64% (1090/1701) regret=0.100572 ape=0.5244
[21:49:33] warmStart 64% (1091/1701) regret=0.100572 ape=0.5244
[21:49:33] warmStart 64% (1092/1701) regret=0.100572 ape=0.5244
[21:49:34] warmStart 64% (1093/1701) regret=0.100572 ape=0.5244
[21:49:34] warmStart 64% (1094/1701) regret=0.100572 ape=0.5244
[21:49:34] warmStart 64% (1095/1701) regret=0.100572 ape=0.5244
[21:49:34] warmStart 64% (1096/1701) regret=0.100572 ape=0.5244
[21:49:34] warmStart 64% (1097/1701) regret=0.100572 ape=0.5244
[21:49:34] warmStart 64% (1098/1701) regret=0.100572 ape=0.5244
[21:49:35] warmStart 64% (1099/1701) regret=0.100572 ape=0.5244
[21:49:35] warmStart 64% (1100/1701) regret=0.100572 ape=0.5244
[21:49:35] warmStart 64% (1101/1701) regret=0.100572 ape=0.5244
[21:49:35] warmStart 64% (1102/1701) regret=0.100572 ape=0.5244
[21:49:35] warmStart 64% (1103/1701) regret=0.100572 ape=0.5244
[21:49:35] warmStart 64% (1104/1701) regret=0.100572 ape=0.5244
[21:49:36] warmStart 64% (1105/1701) regret=0.100572 ape=0.5244
[21:49:36] warmStart 65% (1106/1701) regret=0.100572 ape=0.5244
[21:49:36] warmStart 65% (1107/1701) regret=0.100572 ape=0.5244
[21:49:36] warmStart 65% (1108/1701) regret=0.100572 ape=0.5244
[21:49:36] warmStart 65% (1109/1701) regret=0.100572 ape=0.5244
[21:49:37] warmStart 65% (1110/1701) regret=0.100572 ape=0.5244
[21:49:37] warmStart 65% (1111/1701) regret=0.100572 ape=0.5244
[21:49:37] warmStart 65% (1112/1701) regret=0.100572 ape=0.5244
[21:49:37] warmStart 65% (1113/1701) regret=0.100517 ape=0.5235
[21:49:37] warmStart 65% (1114/1701) regret=0.100517 ape=0.5235
[21:49:37] warmStart 65% (1115/1701) regret=0.100517 ape=0.5235
[21:49:38] warmStart 65% (1116/1701) regret=0.100461 ape=0.5226
[21:49:38] warmStart 65% (1117/1701) regret=0.100461 ape=0.5226
[21:49:38] warmStart 65% (1118/1701) regret=0.100461 ape=0.5226
[21:49:38] warmStart 65% (1119/1701) regret=0.100461 ape=0.5226
[21:49:38] warmStart 65% (1120/1701) regret=0.100461 ape=0.5226
[21:49:38] warmStart 65% (1121/1701) regret=0.100461 ape=0.5226
[21:49:39] warmStart 65% (1122/1701) regret=0.100461 ape=0.5226
[21:49:39] warmStart 66% (1123/1701) regret=0.100461 ape=0.5226
[21:49:39] warmStart 66% (1124/1701) regret=0.100461 ape=0.5226
[21:49:39] warmStart 66% (1125/1701) regret=0.100461 ape=0.5226
[21:49:39] warmStart 66% (1126/1701) regret=0.100461 ape=0.5226
[21:49:40] warmStart 66% (1127/1701) regret=0.100461 ape=0.5226
[21:49:40] warmStart 66% (1128/1701) regret=0.100461 ape=0.5226
[21:49:40] warmStart 66% (1129/1701) regret=0.100461 ape=0.5226
[21:49:40] warmStart 66% (1130/1701) regret=0.100461 ape=0.5226
[21:49:40] warmStart 66% (1131/1701) regret=0.100461 ape=0.5226
[21:49:40] warmStart 66% (1132/1701) regret=0.100461 ape=0.5226
[21:49:41] warmStart 66% (1133/1701) regret=0.100461 ape=0.5226
[21:49:41] warmStart 66% (1134/1701) regret=0.100461 ape=0.5226
[21:49:41] warmStart 66% (1135/1701) regret=0.100461 ape=0.5226
[21:49:41] warmStart 66% (1136/1701) regret=0.100461 ape=0.5226
[21:49:41] warmStart 66% (1137/1701) regret=0.100461 ape=0.5226
[21:49:42] warmStart 66% (1138/1701) regret=0.100461 ape=0.5226
[21:49:42] warmStart 66% (1139/1701) regret=0.100461 ape=0.5226
[21:49:42] warmStart 67% (1140/1701) regret=0.100461 ape=0.5226
[21:49:42] warmStart 67% (1141/1701) regret=0.100461 ape=0.5226
[21:49:42] warmStart 67% (1142/1701) regret=0.100461 ape=0.5226
[21:49:42] warmStart 67% (1143/1701) regret=0.100461 ape=0.5226
[21:49:43] warmStart 67% (1144/1701) regret=0.100461 ape=0.5226
[21:49:43] warmStart 67% (1145/1701) regret=0.100461 ape=0.5226
[21:49:43] warmStart 67% (1146/1701) regret=0.100554 ape=0.5226
[21:49:43] warmStart 67% (1147/1701) regret=0.100461 ape=0.5226
[21:49:43] warmStart 67% (1148/1701) regret=0.100461 ape=0.5226
[21:49:43] warmStart 67% (1149/1701) regret=0.100461 ape=0.5226
[21:49:44] warmStart 67% (1150/1701) regret=0.100461 ape=0.5226
[21:49:44] warmStart 67% (1151/1701) regret=0.100461 ape=0.5226
[21:49:44] warmStart 67% (1152/1701) regret=0.100461 ape=0.5226
[21:49:44] warmStart 67% (1153/1701) regret=0.100461 ape=0.5226
[21:49:44] warmStart 67% (1154/1701) regret=0.100461 ape=0.5226
[21:49:45] warmStart 67% (1155/1701) regret=0.100461 ape=0.5226
[21:49:45] warmStart 67% (1156/1701) regret=0.100461 ape=0.5226
[21:49:45] warmStart 68% (1157/1701) regret=0.100498 ape=0.5226
[21:49:45] warmStart 68% (1158/1701) regret=0.100498 ape=0.5226
[21:49:45] warmStart 68% (1159/1701) regret=0.100498 ape=0.5226
[21:49:45] warmStart 68% (1160/1701) regret=0.100498 ape=0.5226
[21:49:46] warmStart 68% (1161/1701) regret=0.100498 ape=0.5226
[21:49:46] warmStart 68% (1162/1701) regret=0.100498 ape=0.5226
[21:49:46] warmStart 68% (1163/1701) regret=0.100498 ape=0.5226
[21:49:46] warmStart 68% (1164/1701) regret=0.100498 ape=0.5226
[21:49:46] warmStart 68% (1165/1701) regret=0.100498 ape=0.5226
[21:49:47] warmStart 68% (1166/1701) regret=0.100498 ape=0.5226
[21:49:47] warmStart 68% (1167/1701) regret=0.100498 ape=0.5226
[21:49:47] warmStart 68% (1168/1701) regret=0.100498 ape=0.5226
[21:49:47] warmStart 68% (1169/1701) regret=0.100498 ape=0.5226
[21:49:47] warmStart 68% (1170/1701) regret=0.100498 ape=0.5226
[21:49:47] warmStart 68% (1171/1701) regret=0.100498 ape=0.5226
[21:49:48] warmStart 68% (1172/1701) regret=0.100443 ape=0.5226
[21:49:48] warmStart 68% (1173/1701) regret=0.100498 ape=0.5226
[21:49:48] warmStart 69% (1174/1701) regret=0.100498 ape=0.5226
[21:49:48] warmStart 69% (1175/1701) regret=0.100498 ape=0.5226
[21:49:48] warmStart 69% (1176/1701) regret=0.100498 ape=0.5226
[21:49:49] warmStart 69% (1177/1701) regret=0.100498 ape=0.5226
[21:49:49] warmStart 69% (1178/1701) regret=0.100498 ape=0.5226
[21:49:49] warmStart 69% (1179/1701) regret=0.100498 ape=0.5226
[21:49:49] warmStart 69% (1180/1701) regret=0.100498 ape=0.5226
[21:49:49] warmStart 69% (1181/1701) regret=0.100498 ape=0.5226
[21:49:49] warmStart 69% (1182/1701) regret=0.100498 ape=0.5226
[21:49:50] warmStart 69% (1183/1701) regret=0.100498 ape=0.5226
[21:49:50] warmStart 69% (1184/1701) regret=0.100498 ape=0.5226
[21:49:50] warmStart 69% (1185/1701) regret=0.100498 ape=0.5226
[21:49:50] warmStart 69% (1186/1701) regret=0.100498 ape=0.5226
[21:49:50] warmStart 69% (1187/1701) regret=0.100498 ape=0.5226
[21:49:51] warmStart 69% (1188/1701) regret=0.100498 ape=0.5226
[21:49:51] warmStart 69% (1189/1701) regret=0.100498 ape=0.5226
[21:49:51] warmStart 69% (1190/1701) regret=0.100498 ape=0.5226
[21:49:51] warmStart 70% (1191/1701) regret=0.100498 ape=0.5226
[21:49:51] warmStart 70% (1192/1701) regret=0.100498 ape=0.5226
[21:49:51] warmStart 70% (1193/1701) regret=0.100498 ape=0.5226
[21:49:52] warmStart 70% (1194/1701) regret=0.100498 ape=0.5226
[21:49:52] warmStart 70% (1195/1701) regret=0.100498 ape=0.5226
[21:49:52] warmStart 70% (1196/1701) regret=0.100498 ape=0.5226
[21:49:52] warmStart 70% (1197/1701) regret=0.100498 ape=0.5226
[21:49:52] warmStart 70% (1198/1701) regret=0.100498 ape=0.5226
[21:49:53] warmStart 70% (1199/1701) regret=0.100498 ape=0.5226
[21:49:53] warmStart 70% (1200/1701) regret=0.100498 ape=0.5226
[21:49:53] warmStart 70% (1201/1701) regret=0.100498 ape=0.5226
[21:49:53] warmStart 70% (1202/1701) regret=0.100478 ape=0.5226
[21:49:53] warmStart 70% (1203/1701) regret=0.100498 ape=0.5226
[21:49:53] warmStart 70% (1204/1701) regret=0.100498 ape=0.5226
[21:49:54] warmStart 70% (1205/1701) regret=0.100488 ape=0.5226
[21:49:54] warmStart 70% (1206/1701) regret=0.100498 ape=0.5226
[21:49:54] warmStart 70% (1207/1701) regret=0.100498 ape=0.5226
[21:49:54] warmStart 71% (1208/1701) regret=0.100498 ape=0.5226
[21:49:54] warmStart 71% (1209/1701) regret=0.100498 ape=0.5226
[21:49:54] warmStart 71% (1210/1701) regret=0.100498 ape=0.5226
[21:49:55] warmStart 71% (1211/1701) regret=0.100498 ape=0.5226
[21:49:55] warmStart 71% (1212/1701) regret=0.100498 ape=0.5226
[21:49:55] warmStart 71% (1213/1701) regret=0.100498 ape=0.5226
[21:49:55] warmStart 71% (1214/1701) regret=0.100498 ape=0.5226
[21:49:55] warmStart 71% (1215/1701) regret=0.100498 ape=0.5226
[21:49:56] warmStart 71% (1216/1701) regret=0.100498 ape=0.5226
[21:49:56] warmStart 71% (1217/1701) regret=0.100498 ape=0.5226
[21:49:56] warmStart 71% (1218/1701) regret=0.100397 ape=0.5226
[21:49:56] warmStart 71% (1219/1701) regret=0.100498 ape=0.5226
[21:49:56] warmStart 71% (1220/1701) regret=0.100498 ape=0.5226
[21:49:57] warmStart 71% (1221/1701) regret=0.100498 ape=0.5226
[21:49:57] warmStart 71% (1222/1701) regret=0.100498 ape=0.5226
[21:49:57] warmStart 71% (1223/1701) regret=0.100498 ape=0.5226
[21:49:57] warmStart 71% (1224/1701) regret=0.100498 ape=0.5226
[21:49:57] warmStart 72% (1225/1701) regret=0.100498 ape=0.5226
[21:49:57] warmStart 72% (1226/1701) regret=0.100498 ape=0.5226
[21:49:58] warmStart 72% (1227/1701) regret=0.100498 ape=0.5226
[21:49:58] warmStart 72% (1228/1701) regret=0.100498 ape=0.5226
[21:49:58] warmStart 72% (1229/1701) regret=0.100498 ape=0.5226
[21:49:58] warmStart 72% (1230/1701) regret=0.100498 ape=0.5226
[21:49:58] warmStart 72% (1231/1701) regret=0.100498 ape=0.5226
[21:49:58] warmStart 72% (1232/1701) regret=0.100498 ape=0.5226
[21:49:59] warmStart 72% (1233/1701) regret=0.100498 ape=0.5226
[21:49:59] warmStart 72% (1234/1701) regret=0.100498 ape=0.5226
[21:49:59] warmStart 72% (1235/1701) regret=0.100498 ape=0.5226
[21:49:59] warmStart 72% (1236/1701) regret=0.100498 ape=0.5226
[21:49:59] warmStart 72% (1237/1701) regret=0.100498 ape=0.5226
[21:50:00] warmStart 72% (1238/1701) regret=0.100544 ape=0.5226
[21:50:00] warmStart 72% (1239/1701) regret=0.100498 ape=0.5226
[21:50:00] warmStart 72% (1240/1701) regret=0.100498 ape=0.5226
[21:50:00] warmStart 72% (1241/1701) regret=0.100498 ape=0.5226
[21:50:00] warmStart 73% (1242/1701) regret=0.100498 ape=0.5226
[21:50:00] warmStart 73% (1243/1701) regret=0.100498 ape=0.5226
[21:50:01] warmStart 73% (1244/1701) regret=0.100498 ape=0.5226
[21:50:01] warmStart 73% (1245/1701) regret=0.100397 ape=0.5217
[21:50:01] warmStart 73% (1246/1701) regret=0.100397 ape=0.5217
[21:50:01] warmStart 73% (1247/1701) regret=0.100397 ape=0.5217
[21:50:01] warmStart 73% (1248/1701) regret=0.100397 ape=0.5217
[21:50:01] warmStart 73% (1249/1701) regret=0.100397 ape=0.5217
[21:50:02] warmStart 73% (1250/1701) regret=0.100397 ape=0.5217
[21:50:02] warmStart 73% (1251/1701) regret=0.100397 ape=0.5217
[21:50:02] warmStart 73% (1252/1701) regret=0.100397 ape=0.5217
[21:50:02] warmStart 73% (1253/1701) regret=0.100397 ape=0.5217
[21:50:02] warmStart 73% (1254/1701) regret=0.100397 ape=0.5217
[21:50:03] warmStart 73% (1255/1701) regret=0.100365 ape=0.5217
[21:50:03] warmStart 73% (1256/1701) regret=0.100397 ape=0.5217
[21:50:03] warmStart 73% (1257/1701) regret=0.100489 ape=0.5217
[21:50:03] warmStart 73% (1258/1701) regret=0.100397 ape=0.5217
[21:50:03] warmStart 74% (1259/1701) regret=0.100397 ape=0.5217
[21:50:03] warmStart 74% (1260/1701) regret=0.100397 ape=0.5217
[21:50:04] warmStart 74% (1261/1701) regret=0.100397 ape=0.5217
[21:50:04] warmStart 74% (1262/1701) regret=0.100397 ape=0.5217
[21:50:04] warmStart 74% (1263/1701) regret=0.100397 ape=0.5217
[21:50:04] warmStart 74% (1264/1701) regret=0.100397 ape=0.5217
[21:50:04] warmStart 74% (1265/1701) regret=0.100397 ape=0.5217
[21:50:04] warmStart 74% (1266/1701) regret=0.100397 ape=0.5217
[21:50:05] warmStart 74% (1267/1701) regret=0.100397 ape=0.5217
[21:50:05] warmStart 74% (1268/1701) regret=0.100397 ape=0.5217
[21:50:05] warmStart 74% (1269/1701) regret=0.100365 ape=0.5217
[21:50:05] warmStart 74% (1270/1701) regret=0.100397 ape=0.5217
[21:50:05] warmStart 74% (1271/1701) regret=0.100397 ape=0.5217
[21:50:06] warmStart 74% (1272/1701) regret=0.100397 ape=0.5217
[21:50:06] warmStart 74% (1273/1701) regret=0.100397 ape=0.5217
[21:50:06] warmStart 74% (1274/1701) regret=0.100489 ape=0.5217
[21:50:06] warmStart 74% (1275/1701) regret=0.100397 ape=0.5217
[21:50:06] warmStart 75% (1276/1701) regret=0.100397 ape=0.5217
[21:50:06] warmStart 75% (1277/1701) regret=0.100397 ape=0.5217
[21:50:07] warmStart 75% (1278/1701) regret=0.100397 ape=0.5217
[21:50:07] warmStart 75% (1279/1701) regret=0.100397 ape=0.5217
[21:50:07] warmStart 75% (1280/1701) regret=0.100397 ape=0.5217
[21:50:07] warmStart 75% (1281/1701) regret=0.100397 ape=0.5217
[21:50:07] warmStart 75% (1282/1701) regret=0.100397 ape=0.5217
[21:50:08] warmStart 75% (1283/1701) regret=0.100397 ape=0.5217
[21:50:08] warmStart 75% (1284/1701) regret=0.100397 ape=0.5217
[21:50:08] warmStart 75% (1285/1701) regret=0.100296 ape=0.5217
[21:50:08] warmStart 75% (1286/1701) regret=0.100397 ape=0.5217
[21:50:08] warmStart 75% (1287/1701) regret=0.100397 ape=0.5217
[21:50:08] warmStart 75% (1288/1701) regret=0.100397 ape=0.5217
[21:50:09] warmStart 75% (1289/1701) regret=0.100296 ape=0.5217
[21:50:09] warmStart 75% (1290/1701) regret=0.100397 ape=0.5217
[21:50:09] warmStart 75% (1291/1701) regret=0.100397 ape=0.5217
[21:50:09] warmStart 75% (1292/1701) regret=0.100222 ape=0.5217
[21:50:09] warmStart 76% (1293/1701) regret=0.100222 ape=0.5217
[21:50:10] warmStart 76% (1294/1701) regret=0.100314 ape=0.5217
[21:50:10] warmStart 76% (1295/1701) regret=0.100222 ape=0.5217
[21:50:10] warmStart 76% (1296/1701) regret=0.100222 ape=0.5217
[21:50:10] warmStart 76% (1297/1701) regret=0.100222 ape=0.5217
[21:50:10] warmStart 76% (1298/1701) regret=0.100222 ape=0.5217
[21:50:10] warmStart 76% (1299/1701) regret=0.100222 ape=0.5217
[21:50:11] warmStart 76% (1300/1701) regret=0.100222 ape=0.5217
[21:50:11] warmStart 76% (1301/1701) regret=0.100222 ape=0.5217
[21:50:11] warmStart 76% (1302/1701) regret=0.100222 ape=0.5217
[21:50:11] warmStart 76% (1303/1701) regret=0.100166 ape=0.5217
[21:50:11] warmStart 76% (1304/1701) regret=0.100222 ape=0.5217
[21:50:12] warmStart 76% (1305/1701) regret=0.100222 ape=0.5217
[21:50:12] warmStart 76% (1306/1701) regret=0.100222 ape=0.5217
[21:50:12] warmStart 76% (1307/1701) regret=0.100222 ape=0.5217
[21:50:12] warmStart 76% (1308/1701) regret=0.100222 ape=0.5217
[21:50:12] warmStart 76% (1309/1701) regret=0.100222 ape=0.5217
[21:50:12] warmStart 77% (1310/1701) regret=0.100222 ape=0.5217
[21:50:13] warmStart 77% (1311/1701) regret=0.100222 ape=0.5217
[21:50:13] warmStart 77% (1312/1701) regret=0.100212 ape=0.5217
[21:50:13] warmStart 77% (1313/1701) regret=0.100222 ape=0.5217
[21:50:13] warmStart 77% (1314/1701) regret=0.100222 ape=0.5217
[21:50:13] warmStart 77% (1315/1701) regret=0.100222 ape=0.5217
[21:50:13] warmStart 77% (1316/1701) regret=0.100222 ape=0.5217
[21:50:14] warmStart 77% (1317/1701) regret=0.100222 ape=0.5217
[21:50:14] warmStart 77% (1318/1701) regret=0.100222 ape=0.5217
[21:50:14] warmStart 77% (1319/1701) regret=0.100222 ape=0.5217
[21:50:14] warmStart 77% (1320/1701) regret=0.100526 ape=0.5226
[21:50:14] warmStart 77% (1321/1701) regret=0.100222 ape=0.5217
[21:50:15] warmStart 77% (1322/1701) regret=0.100130 ape=0.5217
[21:50:15] warmStart 77% (1323/1701) regret=0.100222 ape=0.5217
[21:50:15] warmStart 77% (1324/1701) regret=0.100222 ape=0.5217
[21:50:15] warmStart 77% (1325/1701) regret=0.100222 ape=0.5217
[21:50:15] warmStart 77% (1326/1701) regret=0.100222 ape=0.5217
[21:50:15] warmStart 78% (1327/1701) regret=0.100222 ape=0.5217
[21:50:16] warmStart 78% (1328/1701) regret=0.100222 ape=0.5217
[21:50:16] warmStart 78% (1329/1701) regret=0.100222 ape=0.5217
[21:50:16] warmStart 78% (1330/1701) regret=0.100222 ape=0.5217
[21:50:16] warmStart 78% (1331/1701) regret=0.100222 ape=0.5217
[21:50:16] warmStart 78% (1332/1701) regret=0.100222 ape=0.5217
[21:50:17] warmStart 78% (1333/1701) regret=0.100222 ape=0.5217
[21:50:17] warmStart 78% (1334/1701) regret=0.100222 ape=0.5217
[21:50:17] warmStart 78% (1335/1701) regret=0.100222 ape=0.5217
[21:50:17] warmStart 78% (1336/1701) regret=0.100222 ape=0.5217
[21:50:17] warmStart 78% (1337/1701) regret=0.100222 ape=0.5217
[21:50:17] warmStart 78% (1338/1701) regret=0.100222 ape=0.5217
[21:50:18] warmStart 78% (1339/1701) regret=0.100222 ape=0.5217
[21:50:18] warmStart 78% (1340/1701) regret=0.100222 ape=0.5217
[21:50:18] warmStart 78% (1341/1701) regret=0.100222 ape=0.5217
[21:50:18] warmStart 78% (1342/1701) regret=0.100166 ape=0.5217
[21:50:18] warmStart 78% (1343/1701) regret=0.100222 ape=0.5217
[21:50:19] warmStart 79% (1344/1701) regret=0.100222 ape=0.5217
[21:50:19] warmStart 79% (1345/1701) regret=0.100222 ape=0.5217
[21:50:19] warmStart 79% (1346/1701) regret=0.100222 ape=0.5217
[21:50:19] warmStart 79% (1347/1701) regret=0.100222 ape=0.5217
[21:50:19] warmStart 79% (1348/1701) regret=0.100222 ape=0.5217
[21:50:19] warmStart 79% (1349/1701) regret=0.100222 ape=0.5217
[21:50:20] warmStart 79% (1350/1701) regret=0.100222 ape=0.5217
[21:50:20] warmStart 79% (1351/1701) regret=0.100222 ape=0.5217
[21:50:20] warmStart 79% (1352/1701) regret=0.100222 ape=0.5217
[21:50:20] warmStart 79% (1353/1701) regret=0.100166 ape=0.5217
[21:50:20] warmStart 79% (1354/1701) regret=0.100222 ape=0.5217
[21:50:21] warmStart 79% (1355/1701) regret=0.100222 ape=0.5217
[21:50:21] warmStart 79% (1356/1701) regret=0.100222 ape=0.5217
[21:50:21] warmStart 79% (1357/1701) regret=0.100222 ape=0.5217
[21:50:21] warmStart 79% (1358/1701) regret=0.100222 ape=0.5217
[21:50:21] warmStart 79% (1359/1701) regret=0.100222 ape=0.5217
[21:50:21] warmStart 79% (1360/1701) regret=0.100222 ape=0.5217
[21:50:22] warmStart 80% (1361/1701) regret=0.100223 ape=0.5217
[21:50:22] warmStart 80% (1362/1701) regret=0.100222 ape=0.5217
[21:50:22] warmStart 80% (1363/1701) regret=0.100222 ape=0.5217
[21:50:22] warmStart 80% (1364/1701) regret=0.100222 ape=0.5217
[21:50:22] warmStart 80% (1365/1701) regret=0.100222 ape=0.5217
[21:50:22] warmStart 80% (1366/1701) regret=0.100222 ape=0.5217
[21:50:23] warmStart 80% (1367/1701) regret=0.100222 ape=0.5217
[21:50:23] warmStart 80% (1368/1701) regret=0.100222 ape=0.5217
[21:50:23] warmStart 80% (1369/1701) regret=0.100222 ape=0.5217
[21:50:23] warmStart 80% (1370/1701) regret=0.100222 ape=0.5217
[21:50:23] warmStart 80% (1371/1701) regret=0.100222 ape=0.5217
[21:50:24] warmStart 80% (1372/1701) regret=0.100190 ape=0.5217
[21:50:24] warmStart 80% (1373/1701) regret=0.100222 ape=0.5217
[21:50:24] warmStart 80% (1374/1701) regret=0.100222 ape=0.5217
[21:50:24] warmStart 80% (1375/1701) regret=0.100222 ape=0.5217
[21:50:24] warmStart 80% (1376/1701) regret=0.100222 ape=0.5217
[21:50:24] warmStart 80% (1377/1701) regret=0.100222 ape=0.5217
[21:50:25] warmStart 81% (1378/1701) regret=0.100120 ape=0.5217
[21:50:25] warmStart 81% (1379/1701) regret=0.100342 ape=0.5217
[21:50:25] warmStart 81% (1380/1701) regret=0.100120 ape=0.5217
[21:50:25] warmStart 81% (1381/1701) regret=0.100342 ape=0.5217
[21:50:25] warmStart 81% (1382/1701) regret=0.100120 ape=0.5217
[21:50:26] warmStart 81% (1383/1701) regret=0.100120 ape=0.5217
[21:50:26] warmStart 81% (1384/1701) regret=0.100120 ape=0.5217
[21:50:26] warmStart 81% (1385/1701) regret=0.100120 ape=0.5217
[21:50:26] warmStart 81% (1386/1701) regret=0.100120 ape=0.5217
[21:50:26] warmStart 81% (1387/1701) regret=0.100120 ape=0.5217
[21:50:26] warmStart 81% (1388/1701) regret=0.100120 ape=0.5217
[21:50:27] warmStart 81% (1389/1701) regret=0.100120 ape=0.5217
[21:50:27] warmStart 81% (1390/1701) regret=0.100120 ape=0.5217
[21:50:27] warmStart 81% (1391/1701) regret=0.100120 ape=0.5217
[21:50:27] warmStart 81% (1392/1701) regret=0.100120 ape=0.5217
[21:50:27] warmStart 81% (1393/1701) regret=0.100120 ape=0.5217
[21:50:28] warmStart 81% (1394/1701) regret=0.099632 ape=0.5207
[21:50:28] warmStart 82% (1395/1701) regret=0.099632 ape=0.5207
[21:50:28] warmStart 82% (1396/1701) regret=0.099632 ape=0.5207
[21:50:28] warmStart 82% (1397/1701) regret=0.099632 ape=0.5207
[21:50:28] warmStart 82% (1398/1701) regret=0.099632 ape=0.5207
[21:50:28] warmStart 82% (1399/1701) regret=0.099632 ape=0.5207
[21:50:29] warmStart 82% (1400/1701) regret=0.099632 ape=0.5207
[21:50:29] warmStart 82% (1401/1701) regret=0.099586 ape=0.5198
[21:50:29] warmStart 82% (1402/1701) regret=0.099632 ape=0.5207
[21:50:29] warmStart 82% (1403/1701) regret=0.099632 ape=0.5207
[21:50:29] warmStart 82% (1404/1701) regret=0.099632 ape=0.5207
[21:50:29] warmStart 82% (1405/1701) regret=0.099724 ape=0.5207
[21:50:30] warmStart 82% (1406/1701) regret=0.099632 ape=0.5207
[21:50:30] warmStart 82% (1407/1701) regret=0.099632 ape=0.5207
[21:50:30] warmStart 82% (1408/1701) regret=0.099632 ape=0.5207
[21:50:30] warmStart 82% (1409/1701) regret=0.099632 ape=0.5207
[21:50:30] warmStart 82% (1410/1701) regret=0.099632 ape=0.5207
[21:50:31] warmStart 82% (1411/1701) regret=0.099632 ape=0.5207
[21:50:31] warmStart 83% (1412/1701) regret=0.099632 ape=0.5207
[21:50:31] warmStart 83% (1413/1701) regret=0.099632 ape=0.5207
[21:50:31] warmStart 83% (1414/1701) regret=0.099633 ape=0.5207
[21:50:31] warmStart 83% (1415/1701) regret=0.099632 ape=0.5207
[21:50:31] warmStart 83% (1416/1701) regret=0.099632 ape=0.5207
[21:50:32] warmStart 83% (1417/1701) regret=0.099632 ape=0.5207
[21:50:32] warmStart 83% (1418/1701) regret=0.099632 ape=0.5207
[21:50:32] warmStart 83% (1419/1701) regret=0.099632 ape=0.5207
[21:50:32] warmStart 83% (1420/1701) regret=0.099632 ape=0.5207
[21:50:32] warmStart 83% (1421/1701) regret=0.099632 ape=0.5207
[21:50:32] warmStart 83% (1422/1701) regret=0.099632 ape=0.5207
[21:50:33] warmStart 83% (1423/1701) regret=0.099632 ape=0.5207
[21:50:33] warmStart 83% (1424/1701) regret=0.099632 ape=0.5207
[21:50:33] warmStart 83% (1425/1701) regret=0.099632 ape=0.5207
[21:50:33] warmStart 83% (1426/1701) regret=0.099632 ape=0.5207
[21:50:33] warmStart 83% (1427/1701) regret=0.099586 ape=0.5198
[21:50:34] warmStart 83% (1428/1701) regret=0.099632 ape=0.5207
[21:50:34] warmStart 84% (1429/1701) regret=0.099632 ape=0.5207
[21:50:34] warmStart 84% (1430/1701) regret=0.099632 ape=0.5207
[21:50:34] warmStart 84% (1431/1701) regret=0.099632 ape=0.5207
[21:50:34] warmStart 84% (1432/1701) regret=0.099632 ape=0.5207
[21:50:34] warmStart 84% (1433/1701) regret=0.099632 ape=0.5207
[21:50:35] warmStart 84% (1434/1701) regret=0.099632 ape=0.5207
[21:50:35] warmStart 84% (1435/1701) regret=0.099632 ape=0.5207
[21:50:35] warmStart 84% (1436/1701) regret=0.099632 ape=0.5207
[21:50:35] warmStart 84% (1437/1701) regret=0.099632 ape=0.5207
[21:50:35] warmStart 84% (1438/1701) regret=0.099632 ape=0.5207
[21:50:36] warmStart 84% (1439/1701) regret=0.099632 ape=0.5207
[21:50:36] warmStart 84% (1440/1701) regret=0.099632 ape=0.5207
[21:50:36] warmStart 84% (1441/1701) regret=0.099632 ape=0.5207
[21:50:36] warmStart 84% (1442/1701) regret=0.099632 ape=0.5207
[21:50:36] warmStart 84% (1443/1701) regret=0.099632 ape=0.5207
[21:50:36] warmStart 84% (1444/1701) regret=0.099632 ape=0.5207
[21:50:37] warmStart 84% (1445/1701) regret=0.099632 ape=0.5207
[21:50:37] warmStart 85% (1446/1701) regret=0.099632 ape=0.5207
[21:50:37] warmStart 85% (1447/1701) regret=0.099632 ape=0.5207
[21:50:37] warmStart 85% (1448/1701) regret=0.099632 ape=0.5207
[21:50:37] warmStart 85% (1449/1701) regret=0.099632 ape=0.5207
[21:50:37] warmStart 85% (1450/1701) regret=0.099618 ape=0.5198
[21:50:38] warmStart 85% (1451/1701) regret=0.099632 ape=0.5207
[21:50:38] warmStart 85% (1452/1701) regret=0.099632 ape=0.5207
[21:50:38] warmStart 85% (1453/1701) regret=0.099632 ape=0.5207
[21:50:38] warmStart 85% (1454/1701) regret=0.099632 ape=0.5207
[21:50:38] warmStart 85% (1455/1701) regret=0.099632 ape=0.5207
[21:50:39] warmStart 85% (1456/1701) regret=0.099632 ape=0.5207
[21:50:39] warmStart 85% (1457/1701) regret=0.099600 ape=0.5207
[21:50:39] warmStart 85% (1458/1701) regret=0.099701 ape=0.5207
[21:50:39] warmStart 85% (1459/1701) regret=0.099600 ape=0.5207
[21:50:39] warmStart 85% (1460/1701) regret=0.099600 ape=0.5207
[21:50:39] warmStart 85% (1461/1701) regret=0.099692 ape=0.5207
[21:50:40] warmStart 85% (1462/1701) regret=0.099600 ape=0.5207
[21:50:40] warmStart 86% (1463/1701) regret=0.099600 ape=0.5207
[21:50:40] warmStart 86% (1464/1701) regret=0.099600 ape=0.5207
[21:50:40] warmStart 86% (1465/1701) regret=0.099600 ape=0.5207
[21:50:40] warmStart 86% (1466/1701) regret=0.099600 ape=0.5207
[21:50:40] warmStart 86% (1467/1701) regret=0.099581 ape=0.5207
[21:50:41] warmStart 86% (1468/1701) regret=0.099600 ape=0.5207
[21:50:41] warmStart 86% (1469/1701) regret=0.099600 ape=0.5207
[21:50:41] warmStart 86% (1470/1701) regret=0.099600 ape=0.5207
[21:50:41] warmStart 86% (1471/1701) regret=0.099600 ape=0.5207
[21:50:41] warmStart 86% (1472/1701) regret=0.099600 ape=0.5207
[21:50:42] warmStart 86% (1473/1701) regret=0.099600 ape=0.5207
[21:50:42] warmStart 86% (1474/1701) regret=0.099600 ape=0.5207
[21:50:42] warmStart 86% (1475/1701) regret=0.099600 ape=0.5207
[21:50:42] warmStart 86% (1476/1701) regret=0.099646 ape=0.5207
[21:50:42] warmStart 86% (1477/1701) regret=0.099600 ape=0.5207
[21:50:42] warmStart 86% (1478/1701) regret=0.099544 ape=0.5207
[21:50:43] warmStart 86% (1479/1701) regret=0.099600 ape=0.5207
[21:50:43] warmStart 87% (1480/1701) regret=0.099600 ape=0.5207
[21:50:43] warmStart 87% (1481/1701) regret=0.099692 ape=0.5207
[21:50:43] warmStart 87% (1482/1701) regret=0.099600 ape=0.5207
[21:50:43] warmStart 87% (1483/1701) regret=0.099600 ape=0.5207
[21:50:44] warmStart 87% (1484/1701) regret=0.099600 ape=0.5207
[21:50:44] warmStart 87% (1485/1701) regret=0.099600 ape=0.5207
[21:50:44] warmStart 87% (1486/1701) regret=0.099600 ape=0.5207
[21:50:44] warmStart 87% (1487/1701) regret=0.099600 ape=0.5207
[21:50:44] warmStart 87% (1488/1701) regret=0.099600 ape=0.5207
[21:50:44] warmStart 87% (1489/1701) regret=0.099600 ape=0.5207
[21:50:45] warmStart 87% (1490/1701) regret=0.099600 ape=0.5207
[21:50:45] warmStart 87% (1491/1701) regret=0.099600 ape=0.5207
[21:50:45] warmStart 87% (1492/1701) regret=0.099600 ape=0.5207
[21:50:45] warmStart 87% (1493/1701) regret=0.099600 ape=0.5207
[21:50:45] warmStart 87% (1494/1701) regret=0.099600 ape=0.5207
[21:50:46] warmStart 87% (1495/1701) regret=0.099600 ape=0.5207
[21:50:46] warmStart 87% (1496/1701) regret=0.099600 ape=0.5207
[21:50:46] warmStart 88% (1497/1701) regret=0.099600 ape=0.5207
[21:50:46] warmStart 88% (1498/1701) regret=0.099600 ape=0.5207
[21:50:46] warmStart 88% (1499/1701) regret=0.099692 ape=0.5207
[21:50:46] warmStart 88% (1500/1701) regret=0.099600 ape=0.5207
[21:50:47] warmStart 88% (1501/1701) regret=0.099600 ape=0.5207
[21:50:47] warmStart 88% (1502/1701) regret=0.099600 ape=0.5207
[21:50:47] warmStart 88% (1503/1701) regret=0.099600 ape=0.5207
[21:50:47] warmStart 88% (1504/1701) regret=0.099600 ape=0.5207
[21:50:47] warmStart 88% (1505/1701) regret=0.099600 ape=0.5207
[21:50:48] warmStart 88% (1506/1701) regret=0.099600 ape=0.5207
[21:50:48] warmStart 88% (1507/1701) regret=0.099600 ape=0.5207
[21:50:48] warmStart 88% (1508/1701) regret=0.099600 ape=0.5207
[21:50:48] warmStart 88% (1509/1701) regret=0.099600 ape=0.5207
[21:50:48] warmStart 88% (1510/1701) regret=0.099862 ape=0.5207
[21:50:48] warmStart 88% (1511/1701) regret=0.099600 ape=0.5207
[21:50:49] warmStart 88% (1512/1701) regret=0.099600 ape=0.5207
[21:50:49] warmStart 88% (1513/1701) regret=0.099600 ape=0.5207
[21:50:49] warmStart 89% (1514/1701) regret=0.099600 ape=0.5207
[21:50:49] warmStart 89% (1515/1701) regret=0.099600 ape=0.5207
[21:50:49] warmStart 89% (1516/1701) regret=0.099600 ape=0.5207
[21:50:49] warmStart 89% (1517/1701) regret=0.099600 ape=0.5207
[21:50:50] warmStart 89% (1518/1701) regret=0.099600 ape=0.5207
[21:50:50] warmStart 89% (1519/1701) regret=0.099600 ape=0.5207
[21:50:50] warmStart 89% (1520/1701) regret=0.099600 ape=0.5207
[21:50:50] warmStart 89% (1521/1701) regret=0.099600 ape=0.5207
[21:50:51] warmStart 89% (1522/1701) regret=0.099600 ape=0.5207
[21:50:51] warmStart 89% (1523/1701) regret=0.099600 ape=0.5207
[21:50:52] warmStart 89% (1524/1701) regret=0.099600 ape=0.5207
[21:50:52] warmStart 89% (1525/1701) regret=0.099600 ape=0.5207
[21:50:52] warmStart 89% (1526/1701) regret=0.099508 ape=0.5198
[21:50:53] warmStart 89% (1527/1701) regret=0.099508 ape=0.5198
[21:50:53] warmStart 89% (1528/1701) regret=0.099489 ape=0.5198
[21:50:53] warmStart 89% (1529/1701) regret=0.099508 ape=0.5198
[21:50:54] warmStart 89% (1530/1701) regret=0.099508 ape=0.5198
[21:50:54] warmStart 90% (1531/1701) regret=0.099508 ape=0.5198
[21:50:54] warmStart 90% (1532/1701) regret=0.099508 ape=0.5198
[21:50:55] warmStart 90% (1533/1701) regret=0.099508 ape=0.5198
[21:50:55] warmStart 90% (1534/1701) regret=0.099508 ape=0.5198
[21:50:55] warmStart 90% (1535/1701) regret=0.099508 ape=0.5198
[21:50:56] warmStart 90% (1536/1701) regret=0.099508 ape=0.5198
[21:50:56] warmStart 90% (1537/1701) regret=0.099508 ape=0.5198
[21:50:56] warmStart 90% (1538/1701) regret=0.099508 ape=0.5198
[21:50:57] warmStart 90% (1539/1701) regret=0.099508 ape=0.5198
[21:50:57] warmStart 90% (1540/1701) regret=0.099406 ape=0.5198
[21:50:57] warmStart 90% (1541/1701) regret=0.099406 ape=0.5198
[21:50:58] warmStart 90% (1542/1701) regret=0.099508 ape=0.5198
[21:50:58] warmStart 90% (1543/1701) regret=0.099508 ape=0.5198
[21:50:58] warmStart 90% (1544/1701) regret=0.099508 ape=0.5198
[21:50:59] warmStart 90% (1545/1701) regret=0.099508 ape=0.5198
[21:50:59] warmStart 90% (1546/1701) regret=0.099508 ape=0.5198
[21:51:00] warmStart 90% (1547/1701) regret=0.099508 ape=0.5198
[21:51:00] warmStart 91% (1548/1701) regret=0.099508 ape=0.5198
[21:51:00] warmStart 91% (1549/1701) regret=0.099508 ape=0.5198
[21:51:01] warmStart 91% (1550/1701) regret=0.099508 ape=0.5198
[21:51:01] warmStart 91% (1551/1701) regret=0.099508 ape=0.5198
[21:51:01] warmStart 91% (1552/1701) regret=0.099508 ape=0.5198
[21:51:02] warmStart 91% (1553/1701) regret=0.099508 ape=0.5198
[21:51:02] warmStart 91% (1554/1701) regret=0.099508 ape=0.5198
[21:51:02] warmStart 91% (1555/1701) regret=0.099508 ape=0.5198
[21:51:03] warmStart 91% (1556/1701) regret=0.099508 ape=0.5198
[21:51:03] warmStart 91% (1557/1701) regret=0.099508 ape=0.5198
[21:51:03] warmStart 91% (1558/1701) regret=0.099600 ape=0.5198
[21:51:04] warmStart 91% (1559/1701) regret=0.099508 ape=0.5198
[21:51:04] warmStart 91% (1560/1701) regret=0.099508 ape=0.5198
[21:51:04] warmStart 91% (1561/1701) regret=0.099508 ape=0.5198
[21:51:05] warmStart 91% (1562/1701) regret=0.099508 ape=0.5198
[21:51:05] warmStart 91% (1563/1701) regret=0.099508 ape=0.5198
[21:51:05] warmStart 91% (1564/1701) regret=0.099508 ape=0.5198
[21:51:06] warmStart 92% (1565/1701) regret=0.099508 ape=0.5198
[21:51:06] warmStart 92% (1566/1701) regret=0.099835 ape=0.5198
[21:51:07] warmStart 92% (1567/1701) regret=0.099508 ape=0.5198
[21:51:07] warmStart 92% (1568/1701) regret=0.099835 ape=0.5198
[21:51:07] warmStart 92% (1569/1701) regret=0.098913 ape=0.5189
[21:51:08] warmStart 92% (1570/1701) regret=0.098858 ape=0.5189
[21:51:08] warmStart 92% (1571/1701) regret=0.098913 ape=0.5189
[21:51:08] warmStart 92% (1572/1701) regret=0.098913 ape=0.5189
[21:51:09] warmStart 92% (1573/1701) regret=0.098913 ape=0.5189
[21:51:09] warmStart 92% (1574/1701) regret=0.098913 ape=0.5189
[21:51:09] warmStart 92% (1575/1701) regret=0.098913 ape=0.5189
[21:51:10] warmStart 92% (1576/1701) regret=0.098913 ape=0.5189
[21:51:10] warmStart 92% (1577/1701) regret=0.098913 ape=0.5189
[21:51:10] warmStart 92% (1578/1701) regret=0.098913 ape=0.5189
[21:51:11] warmStart 92% (1579/1701) regret=0.098913 ape=0.5189
[21:51:11] warmStart 92% (1580/1701) regret=0.098913 ape=0.5189
[21:51:11] warmStart 92% (1581/1701) regret=0.098913 ape=0.5189
[21:51:12] warmStart 93% (1582/1701) regret=0.098913 ape=0.5189
[21:51:12] warmStart 93% (1583/1701) regret=0.098913 ape=0.5189
[21:51:12] warmStart 93% (1584/1701) regret=0.098913 ape=0.5189
[21:51:13] warmStart 93% (1585/1701) regret=0.098821 ape=0.5189
[21:51:13] warmStart 93% (1586/1701) regret=0.098913 ape=0.5189
[21:51:13] warmStart 93% (1587/1701) regret=0.098913 ape=0.5189
[21:51:14] warmStart 93% (1588/1701) regret=0.098913 ape=0.5189
[21:51:14] warmStart 93% (1589/1701) regret=0.098812 ape=0.5189
[21:51:14] warmStart 93% (1590/1701) regret=0.098812 ape=0.5189
[21:51:15] warmStart 93% (1591/1701) regret=0.098913 ape=0.5189
[21:51:15] warmStart 93% (1592/1701) regret=0.098913 ape=0.5189
[21:51:15] warmStart 93% (1593/1701) regret=0.098913 ape=0.5189
[21:51:16] warmStart 93% (1594/1701) regret=0.098913 ape=0.5189
[21:51:16] warmStart 93% (1595/1701) regret=0.098913 ape=0.5189
[21:51:16] warmStart 93% (1596/1701) regret=0.098913 ape=0.5189
[21:51:17] warmStart 93% (1597/1701) regret=0.098913 ape=0.5189
[21:51:17] warmStart 93% (1598/1701) regret=0.099157 ape=0.5189
[21:51:18] warmStart 94% (1599/1701) regret=0.098913 ape=0.5189
[21:51:18] warmStart 94% (1600/1701) regret=0.098913 ape=0.5189
[21:51:18] warmStart 94% (1601/1701) regret=0.098913 ape=0.5189
[21:51:19] warmStart 94% (1602/1701) regret=0.098913 ape=0.5189
[21:51:19] warmStart 94% (1603/1701) regret=0.098913 ape=0.5189
[21:51:19] warmStart 94% (1604/1701) regret=0.098913 ape=0.5189
[21:51:20] warmStart 94% (1605/1701) regret=0.098913 ape=0.5189
[21:51:20] warmStart 94% (1606/1701) regret=0.098913 ape=0.5189
[21:51:20] warmStart 94% (1607/1701) regret=0.098913 ape=0.5189
[21:51:21] warmStart 94% (1608/1701) regret=0.098913 ape=0.5189
[21:51:21] warmStart 94% (1609/1701) regret=0.098913 ape=0.5189
[21:51:21] warmStart 94% (1610/1701) regret=0.098913 ape=0.5189
[21:51:22] warmStart 94% (1611/1701) regret=0.098913 ape=0.5189
[21:51:22] warmStart 94% (1612/1701) regret=0.098913 ape=0.5189
[21:51:22] warmStart 94% (1613/1701) regret=0.098913 ape=0.5189
[21:51:23] warmStart 94% (1614/1701) regret=0.098913 ape=0.5189
[21:51:23] warmStart 94% (1615/1701) regret=0.098913 ape=0.5189
[21:51:23] warmStart 95% (1616/1701) regret=0.098913 ape=0.5189
[21:51:24] warmStart 95% (1617/1701) regret=0.098830 ape=0.5189
[21:51:24] warmStart 95% (1618/1701) regret=0.098913 ape=0.5189
[21:51:24] warmStart 95% (1619/1701) regret=0.098913 ape=0.5189
[21:51:25] warmStart 95% (1620/1701) regret=0.098913 ape=0.5189
[21:51:25] warmStart 95% (1621/1701) regret=0.098931 ape=0.5189
[21:51:26] warmStart 95% (1622/1701) regret=0.098913 ape=0.5189
[21:51:26] warmStart 95% (1623/1701) regret=0.098931 ape=0.5189
[21:51:26] warmStart 95% (1624/1701) regret=0.098931 ape=0.5189
[21:51:27] warmStart 95% (1625/1701) regret=0.098913 ape=0.5189
[21:51:27] warmStart 95% (1626/1701) regret=0.098913 ape=0.5189
[21:51:27] warmStart 95% (1627/1701) regret=0.098913 ape=0.5189
[21:51:28] warmStart 95% (1628/1701) regret=0.098913 ape=0.5189
[21:51:28] warmStart 95% (1629/1701) regret=0.098913 ape=0.5189
[21:51:28] warmStart 95% (1630/1701) regret=0.098913 ape=0.5189
[21:51:29] warmStart 95% (1631/1701) regret=0.098913 ape=0.5189
[21:51:29] warmStart 95% (1632/1701) regret=0.098913 ape=0.5189
[21:51:29] warmStart 96% (1633/1701) regret=0.098913 ape=0.5189
[21:51:30] warmStart 96% (1634/1701) regret=0.098913 ape=0.5189
[21:51:30] warmStart 96% (1635/1701) regret=0.098913 ape=0.5189
[21:51:31] warmStart 96% (1636/1701) regret=0.098913 ape=0.5189
[21:51:31] warmStart 96% (1637/1701) regret=0.098913 ape=0.5189
[21:51:31] warmStart 96% (1638/1701) regret=0.098913 ape=0.5189
[21:51:32] warmStart 96% (1639/1701) regret=0.098913 ape=0.5189
[21:51:32] warmStart 96% (1640/1701) regret=0.098913 ape=0.5189
[21:51:32] warmStart 96% (1641/1701) regret=0.098913 ape=0.5189
[21:51:33] warmStart 96% (1642/1701) regret=0.098913 ape=0.5189
[21:51:33] warmStart 96% (1643/1701) regret=0.098913 ape=0.5189
[21:51:33] warmStart 96% (1644/1701) regret=0.098913 ape=0.5189
[21:51:34] warmStart 96% (1645/1701) regret=0.098913 ape=0.5189
[21:51:34] warmStart 96% (1646/1701) regret=0.098913 ape=0.5189
[21:51:34] warmStart 96% (1647/1701) regret=0.098913 ape=0.5189
[21:51:35] warmStart 96% (1648/1701) regret=0.098913 ape=0.5189
[21:51:35] warmStart 96% (1649/1701) regret=0.098913 ape=0.5189
[21:51:35] warmStart 97% (1650/1701) regret=0.098913 ape=0.5189
[21:51:36] warmStart 97% (1651/1701) regret=0.098913 ape=0.5189
[21:51:36] warmStart 97% (1652/1701) regret=0.098913 ape=0.5189
[21:51:36] warmStart 97% (1653/1701) regret=0.098913 ape=0.5189
[21:51:37] warmStart 97% (1654/1701) regret=0.098913 ape=0.5189
[21:51:37] warmStart 97% (1655/1701) regret=0.098913 ape=0.5189
[21:51:37] warmStart 97% (1656/1701) regret=0.098913 ape=0.5189
[21:51:38] warmStart 97% (1657/1701) regret=0.098913 ape=0.5189
[21:51:38] warmStart 97% (1658/1701) regret=0.098913 ape=0.5189
[21:51:38] warmStart 97% (1659/1701) regret=0.098913 ape=0.5189
[21:51:39] warmStart 97% (1660/1701) regret=0.098913 ape=0.5189
[21:51:39] warmStart 97% (1661/1701) regret=0.098913 ape=0.5189
[21:51:39] warmStart 97% (1662/1701) regret=0.098913 ape=0.5189
[21:51:40] warmStart 97% (1663/1701) regret=0.098913 ape=0.5189
[21:51:40] warmStart 97% (1664/1701) regret=0.098913 ape=0.5189
[21:51:41] warmStart 97% (1665/1701) regret=0.098913 ape=0.5189
[21:51:41] warmStart 97% (1666/1701) regret=0.098913 ape=0.5189
[21:51:41] warmStart 98% (1667/1701) regret=0.098913 ape=0.5189
[21:51:41] warmStart 98% (1668/1701) regret=0.098913 ape=0.5189
[21:51:42] warmStart 98% (1669/1701) regret=0.098913 ape=0.5189
[21:51:42] warmStart 98% (1670/1701) regret=0.098913 ape=0.5189
[21:51:43] warmStart 98% (1671/1701) regret=0.098913 ape=0.5189
[21:51:43] warmStart 98% (1672/1701) regret=0.098913 ape=0.5189
[21:51:43] warmStart 98% (1673/1701) regret=0.098913 ape=0.5189
[21:51:44] warmStart 98% (1674/1701) regret=0.098913 ape=0.5189
[21:51:44] warmStart 98% (1675/1701) regret=0.098913 ape=0.5189
[21:51:44] warmStart 98% (1676/1701) regret=0.098899 ape=0.5180
[21:51:45] warmStart 98% (1677/1701) regret=0.098913 ape=0.5189
[21:51:45] warmStart 98% (1678/1701) regret=0.098913 ape=0.5189
[21:51:45] warmStart 98% (1679/1701) regret=0.098913 ape=0.5189
[21:51:46] warmStart 98% (1680/1701) regret=0.098913 ape=0.5189
[21:51:46] warmStart 98% (1681/1701) regret=0.098913 ape=0.5189
[21:51:46] warmStart 98% (1682/1701) regret=0.098913 ape=0.5189
[21:51:47] warmStart 98% (1683/1701) regret=0.098913 ape=0.5189
[21:51:47] warmStart 99% (1684/1701) regret=0.098913 ape=0.5189
[21:51:47] warmStart 99% (1685/1701) regret=0.098913 ape=0.5189
[21:51:48] warmStart 99% (1686/1701) regret=0.098913 ape=0.5189
[21:51:48] warmStart 99% (1687/1701) regret=0.098913 ape=0.5189
[21:51:48] warmStart 99% (1688/1701) regret=0.098913 ape=0.5189
[21:51:49] warmStart 99% (1689/1701) regret=0.098913 ape=0.5189
[21:51:49] warmStart 99% (1690/1701) regret=0.098913 ape=0.5189
[21:51:49] warmStart 99% (1691/1701) regret=0.098913 ape=0.5189
[21:51:50] warmStart 99% (1692/1701) regret=0.098913 ape=0.5189
[21:51:50] warmStart 99% (1693/1701) regret=0.098913 ape=0.5189
[21:51:50] warmStart 99% (1694/1701) regret=0.098913 ape=0.5189
[21:51:51] warmStart 99% (1695/1701) regret=0.098913 ape=0.5189
[21:51:51] warmStart 99% (1696/1701) regret=0.098913 ape=0.5189
[21:51:51] warmStart 99% (1697/1701) regret=0.098913 ape=0.5189
[21:51:52] warmStart 99% (1698/1701) regret=0.098913 ape=0.5189
[21:51:52] warmStart 99% (1699/1701) regret=0.098913 ape=0.5189
Warm w=500 finished: 1700 points, 420.19s wall time
  Final: regret=0.098913, ape=0.5189

Saved JSON: /home/users/g/s/gsavary/LudiiMCTSVariations/slurm_sweep_full_dataset/results_20260425_214412/sweep_warm_500_4_20260425_215152.json

Generating plots...
Saved regret plot: /home/users/g/s/gsavary/LudiiMCTSVariations/slurm_sweep_full_dataset/results_20260425_214412/sweep_warm_500_4_20260425_215152_regret.png
Saved APE plot: /home/users/g/s/gsavary/LudiiMCTSVariations/slurm_sweep_full_dataset/results_20260425_214412/sweep_warm_500_4_20260425_215152_ape.png

======================================================================
EXPERIMENT COMPLETE
======================================================================
Results saved to: /home/users/g/s/gsavary/LudiiMCTSVariations/slurm_sweep_full_dataset/results_20260425_214412
JSON file: sweep_warm_500_4_20260425_215152.json
Experiment finished. Results saved to: /home/users/g/s/gsavary/LudiiMCTSVariations/slurm_sweep_full_dataset/results_20260425_214412
