============================================================
Decay sweep experiment
Method:      warm:50
Decay mode:  exponential
Decay param: 0.15
Seed:        4
Output:      /home/users/g/s/gsavary/LudiiMCTSVariations/slurm_sweep_full_dataset/output_decay/warm_50_decay_exponential_0_15/seed_4
============================================================

================================================================================
SLURM Sweep Experiment with Synthetic Data Decay
================================================================================
Method: warm:50
Decay: exponential (param=0.15)
Time limit: 3600.0s, Seed: 4, Batch size: 20
Output directory: /home/users/g/s/gsavary/LudiiMCTSVariations/slurm_sweep_full_dataset/output_decay/warm_50_decay_exponential_0_15/seed_4

Loading Ludii dataset...
Loaded 1085 games
Using 1085 games (full dataset)

Running timing probe (100 pulls)...
  Estimated secs/pull: 0.021727

Time budget: 3600.0s → ~165693 total pulls
Per-method budget: 23670 pulls (~514.3s)

Computing predictor-only performance...
  Predictions loaded: 23675 agent predictions
  Predictor-only: regret=0.104318, ape=0.4894

Running WARM-START (w=50, decay=exponential param=0.15)...
[17:46:21] warmStart (decay=exponential) 0% (1/1184) regret=0.113570 ape=0.6018
[17:46:21] warmStart (decay=exponential) 0% (2/1184) regret=0.113570 ape=0.6018
[17:46:21] warmStart (decay=exponential) 0% (3/1184) regret=0.113570 ape=0.6018
[17:46:21] warmStart (decay=exponential) 0% (4/1184) regret=0.113570 ape=0.6018
[17:46:21] warmStart (decay=exponential) 0% (5/1184) regret=0.113570 ape=0.6018
[17:46:22] warmStart (decay=exponential) 0% (6/1184) regret=0.113570 ape=0.6018
[17:46:22] warmStart (decay=exponential) 0% (7/1184) regret=0.113570 ape=0.6018
[17:46:22] warmStart (decay=exponential) 0% (8/1184) regret=0.113570 ape=0.6018
[17:46:22] warmStart (decay=exponential) 0% (9/1184) regret=0.113570 ape=0.6018
[17:46:22] warmStart (decay=exponential) 0% (10/1184) regret=0.113570 ape=0.6018
[17:46:22] warmStart (decay=exponential) 0% (11/1184) regret=0.113570 ape=0.6018
[17:46:23] warmStart (decay=exponential) 1% (12/1184) regret=0.113570 ape=0.6018
[17:46:23] warmStart (decay=exponential) 1% (13/1184) regret=0.113570 ape=0.6018
[17:46:23] warmStart (decay=exponential) 1% (14/1184) regret=0.113570 ape=0.6018
[17:46:23] warmStart (decay=exponential) 1% (15/1184) regret=0.113681 ape=0.6028
[17:46:23] warmStart (decay=exponential) 1% (16/1184) regret=0.113699 ape=0.6028
[17:46:23] warmStart (decay=exponential) 1% (17/1184) regret=0.113699 ape=0.6028
[17:46:23] warmStart (decay=exponential) 1% (18/1184) regret=0.113699 ape=0.6028
[17:46:24] warmStart (decay=exponential) 1% (19/1184) regret=0.113699 ape=0.6028
[17:46:24] warmStart (decay=exponential) 1% (20/1184) regret=0.113662 ape=0.6028
[17:46:24] warmStart (decay=exponential) 1% (21/1184) regret=0.113644 ape=0.6028
[17:46:24] warmStart (decay=exponential) 1% (22/1184) regret=0.113644 ape=0.6028
[17:46:24] warmStart (decay=exponential) 1% (23/1184) regret=0.113644 ape=0.6028
[17:46:24] warmStart (decay=exponential) 2% (24/1184) regret=0.113644 ape=0.6028
[17:46:25] warmStart (decay=exponential) 2% (25/1184) regret=0.113644 ape=0.6028
[17:46:25] warmStart (decay=exponential) 2% (26/1184) regret=0.113238 ape=0.6018
[17:46:25] warmStart (decay=exponential) 2% (27/1184) regret=0.113238 ape=0.6018
[17:46:25] warmStart (decay=exponential) 2% (28/1184) regret=0.113138 ape=0.6009
[17:46:25] warmStart (decay=exponential) 2% (29/1184) regret=0.113138 ape=0.6009
[17:46:25] warmStart (decay=exponential) 2% (30/1184) regret=0.113238 ape=0.6018
[17:46:26] warmStart (decay=exponential) 2% (31/1184) regret=0.113238 ape=0.6018
[17:46:26] warmStart (decay=exponential) 2% (32/1184) regret=0.113238 ape=0.6018
[17:46:26] warmStart (decay=exponential) 2% (33/1184) regret=0.113238 ape=0.6018
[17:46:26] warmStart (decay=exponential) 2% (34/1184) regret=0.113238 ape=0.6018
[17:46:26] warmStart (decay=exponential) 2% (35/1184) regret=0.113238 ape=0.6018
[17:46:26] warmStart (decay=exponential) 3% (36/1184) regret=0.113238 ape=0.6018
[17:46:26] warmStart (decay=exponential) 3% (37/1184) regret=0.113238 ape=0.6018
[17:46:27] warmStart (decay=exponential) 3% (38/1184) regret=0.113238 ape=0.6018
[17:46:27] warmStart (decay=exponential) 3% (39/1184) regret=0.113238 ape=0.6018
[17:46:27] warmStart (decay=exponential) 3% (40/1184) regret=0.113238 ape=0.6018
[17:46:27] warmStart (decay=exponential) 3% (41/1184) regret=0.113238 ape=0.6018
[17:46:27] warmStart (decay=exponential) 3% (42/1184) regret=0.113238 ape=0.6018
[17:46:27] warmStart (decay=exponential) 3% (43/1184) regret=0.113238 ape=0.6018
[17:46:28] warmStart (decay=exponential) 3% (44/1184) regret=0.113238 ape=0.6018
[17:46:28] warmStart (decay=exponential) 3% (45/1184) regret=0.113238 ape=0.6018
[17:46:28] warmStart (decay=exponential) 3% (46/1184) regret=0.113238 ape=0.6018
[17:46:28] warmStart (decay=exponential) 3% (47/1184) regret=0.113238 ape=0.6018
[17:46:28] warmStart (decay=exponential) 4% (48/1184) regret=0.113238 ape=0.6018
[17:46:28] warmStart (decay=exponential) 4% (49/1184) regret=0.113238 ape=0.6018
[17:46:28] warmStart (decay=exponential) 4% (50/1184) regret=0.113238 ape=0.6018
[17:46:29] warmStart (decay=exponential) 4% (51/1184) regret=0.113238 ape=0.6018
[17:46:29] warmStart (decay=exponential) 4% (52/1184) regret=0.113238 ape=0.6018
[17:46:29] warmStart (decay=exponential) 4% (53/1184) regret=0.113238 ape=0.6018
[17:46:29] warmStart (decay=exponential) 4% (54/1184) regret=0.113238 ape=0.6018
[17:46:29] warmStart (decay=exponential) 4% (55/1184) regret=0.113238 ape=0.6018
[17:46:29] warmStart (decay=exponential) 4% (56/1184) regret=0.113238 ape=0.6018
[17:46:30] warmStart (decay=exponential) 4% (57/1184) regret=0.113238 ape=0.6018
[17:46:30] warmStart (decay=exponential) 4% (58/1184) regret=0.113238 ape=0.6018
[17:46:30] warmStart (decay=exponential) 4% (59/1184) regret=0.113238 ape=0.6018
[17:46:30] warmStart (decay=exponential) 5% (60/1184) regret=0.113238 ape=0.6018
[17:46:30] warmStart (decay=exponential) 5% (61/1184) regret=0.113238 ape=0.6018
[17:46:30] warmStart (decay=exponential) 5% (62/1184) regret=0.113238 ape=0.6018
[17:46:30] warmStart (decay=exponential) 5% (63/1184) regret=0.113238 ape=0.6018
[17:46:31] warmStart (decay=exponential) 5% (64/1184) regret=0.113238 ape=0.6018
[17:46:31] warmStart (decay=exponential) 5% (65/1184) regret=0.113238 ape=0.6018
[17:46:31] warmStart (decay=exponential) 5% (66/1184) regret=0.113238 ape=0.6018
[17:46:31] warmStart (decay=exponential) 5% (67/1184) regret=0.113370 ape=0.6018
[17:46:31] warmStart (decay=exponential) 5% (68/1184) regret=0.113238 ape=0.6018
[17:46:31] warmStart (decay=exponential) 5% (69/1184) regret=0.113238 ape=0.6018
[17:46:32] warmStart (decay=exponential) 5% (70/1184) regret=0.113238 ape=0.6018
[17:46:32] warmStart (decay=exponential) 5% (71/1184) regret=0.113176 ape=0.6009
[17:46:32] warmStart (decay=exponential) 6% (72/1184) regret=0.113176 ape=0.6009
[17:46:32] warmStart (decay=exponential) 6% (73/1184) regret=0.113176 ape=0.6009
[17:46:32] warmStart (decay=exponential) 6% (74/1184) regret=0.113167 ape=0.6000
[17:46:32] warmStart (decay=exponential) 6% (75/1184) regret=0.113176 ape=0.6009
[17:46:33] warmStart (decay=exponential) 6% (76/1184) regret=0.113176 ape=0.6009
[17:46:33] warmStart (decay=exponential) 6% (77/1184) regret=0.113176 ape=0.6009
[17:46:33] warmStart (decay=exponential) 6% (78/1184) regret=0.113208 ape=0.6018
[17:46:33] warmStart (decay=exponential) 6% (79/1184) regret=0.113208 ape=0.6018
[17:46:33] warmStart (decay=exponential) 6% (80/1184) regret=0.113208 ape=0.6018
[17:46:33] warmStart (decay=exponential) 6% (81/1184) regret=0.113208 ape=0.6018
[17:46:33] warmStart (decay=exponential) 6% (82/1184) regret=0.113208 ape=0.6018
[17:46:34] warmStart (decay=exponential) 7% (83/1184) regret=0.113208 ape=0.6018
[17:46:34] warmStart (decay=exponential) 7% (84/1184) regret=0.113208 ape=0.6018
[17:46:34] warmStart (decay=exponential) 7% (85/1184) regret=0.113208 ape=0.6018
[17:46:34] warmStart (decay=exponential) 7% (86/1184) regret=0.113208 ape=0.6018
[17:46:34] warmStart (decay=exponential) 7% (87/1184) regret=0.113208 ape=0.6018
[17:46:34] warmStart (decay=exponential) 7% (88/1184) regret=0.113208 ape=0.6018
[17:46:34] warmStart (decay=exponential) 7% (89/1184) regret=0.113208 ape=0.6018
[17:46:35] warmStart (decay=exponential) 7% (90/1184) regret=0.113208 ape=0.6018
[17:46:35] warmStart (decay=exponential) 7% (91/1184) regret=0.113208 ape=0.6018
[17:46:35] warmStart (decay=exponential) 7% (92/1184) regret=0.113208 ape=0.6018
[17:46:35] warmStart (decay=exponential) 7% (93/1184) regret=0.113208 ape=0.6018
[17:46:35] warmStart (decay=exponential) 7% (94/1184) regret=0.113208 ape=0.6018
[17:46:35] warmStart (decay=exponential) 8% (95/1184) regret=0.113208 ape=0.6018
[17:46:36] warmStart (decay=exponential) 8% (96/1184) regret=0.113208 ape=0.6018
[17:46:36] warmStart (decay=exponential) 8% (97/1184) regret=0.113208 ape=0.6018
[17:46:36] warmStart (decay=exponential) 8% (98/1184) regret=0.113208 ape=0.6018
[17:46:36] warmStart (decay=exponential) 8% (99/1184) regret=0.113208 ape=0.6018
[17:46:36] warmStart (decay=exponential) 8% (100/1184) regret=0.113208 ape=0.6018
[17:46:36] warmStart (decay=exponential) 8% (101/1184) regret=0.113208 ape=0.6018
[17:46:36] warmStart (decay=exponential) 8% (102/1184) regret=0.113208 ape=0.6018
[17:46:37] warmStart (decay=exponential) 8% (103/1184) regret=0.113208 ape=0.6018
[17:46:37] warmStart (decay=exponential) 8% (104/1184) regret=0.113208 ape=0.6018
[17:46:37] warmStart (decay=exponential) 8% (105/1184) regret=0.113208 ape=0.6018
[17:46:37] warmStart (decay=exponential) 8% (106/1184) regret=0.113208 ape=0.6018
[17:46:37] warmStart (decay=exponential) 9% (107/1184) regret=0.113208 ape=0.6018
[17:46:37] warmStart (decay=exponential) 9% (108/1184) regret=0.113155 ape=0.6018
[17:46:37] warmStart (decay=exponential) 9% (109/1184) regret=0.113155 ape=0.6018
[17:46:38] warmStart (decay=exponential) 9% (110/1184) regret=0.113155 ape=0.6018
[17:46:38] warmStart (decay=exponential) 9% (111/1184) regret=0.113155 ape=0.6018
[17:46:38] warmStart (decay=exponential) 9% (112/1184) regret=0.113155 ape=0.6018
[17:46:38] warmStart (decay=exponential) 9% (113/1184) regret=0.113155 ape=0.6018
[17:46:38] warmStart (decay=exponential) 9% (114/1184) regret=0.113182 ape=0.6028
[17:46:38] warmStart (decay=exponential) 9% (115/1184) regret=0.113155 ape=0.6018
[17:46:38] warmStart (decay=exponential) 9% (116/1184) regret=0.113201 ape=0.6028
[17:46:39] warmStart (decay=exponential) 9% (117/1184) regret=0.113016 ape=0.6018
[17:46:39] warmStart (decay=exponential) 9% (118/1184) regret=0.113016 ape=0.6018
[17:46:39] warmStart (decay=exponential) 10% (119/1184) regret=0.112869 ape=0.6009
[17:46:39] warmStart (decay=exponential) 10% (120/1184) regret=0.112869 ape=0.6009
[17:46:39] warmStart (decay=exponential) 10% (121/1184) regret=0.112887 ape=0.6009
[17:46:39] warmStart (decay=exponential) 10% (122/1184) regret=0.112887 ape=0.6009
[17:46:40] warmStart (decay=exponential) 10% (123/1184) regret=0.112887 ape=0.6009
[17:46:40] warmStart (decay=exponential) 10% (124/1184) regret=0.112887 ape=0.6009
[17:46:40] warmStart (decay=exponential) 10% (125/1184) regret=0.112440 ape=0.6009
[17:46:40] warmStart (decay=exponential) 10% (126/1184) regret=0.112643 ape=0.6009
[17:46:40] warmStart (decay=exponential) 10% (127/1184) regret=0.112592 ape=0.6009
[17:46:40] warmStart (decay=exponential) 10% (128/1184) regret=0.112592 ape=0.6009
[17:46:41] warmStart (decay=exponential) 10% (129/1184) regret=0.112611 ape=0.6009
[17:46:41] warmStart (decay=exponential) 10% (130/1184) regret=0.112362 ape=0.6000
[17:46:41] warmStart (decay=exponential) 11% (131/1184) regret=0.112362 ape=0.6000
[17:46:41] warmStart (decay=exponential) 11% (132/1184) regret=0.112362 ape=0.6000
[17:46:41] warmStart (decay=exponential) 11% (133/1184) regret=0.112362 ape=0.6000
[17:46:41] warmStart (decay=exponential) 11% (134/1184) regret=0.112362 ape=0.6000
[17:46:42] warmStart (decay=exponential) 11% (135/1184) regret=0.112362 ape=0.6000
[17:46:42] warmStart (decay=exponential) 11% (136/1184) regret=0.112440 ape=0.6009
[17:46:42] warmStart (decay=exponential) 11% (137/1184) regret=0.112440 ape=0.6009
[17:46:42] warmStart (decay=exponential) 11% (138/1184) regret=0.112362 ape=0.6000
[17:46:42] warmStart (decay=exponential) 11% (139/1184) regret=0.112362 ape=0.6000
[17:46:42] warmStart (decay=exponential) 11% (140/1184) regret=0.112361 ape=0.6000
[17:46:43] warmStart (decay=exponential) 11% (141/1184) regret=0.112361 ape=0.6000
[17:46:43] warmStart (decay=exponential) 11% (142/1184) regret=0.112357 ape=0.6000
[17:46:43] warmStart (decay=exponential) 12% (143/1184) regret=0.112361 ape=0.6000
[17:46:43] warmStart (decay=exponential) 12% (144/1184) regret=0.112361 ape=0.6000
[17:46:43] warmStart (decay=exponential) 12% (145/1184) regret=0.112357 ape=0.6000
[17:46:43] warmStart (decay=exponential) 12% (146/1184) regret=0.112357 ape=0.6000
[17:46:43] warmStart (decay=exponential) 12% (147/1184) regret=0.112357 ape=0.6000
[17:46:44] warmStart (decay=exponential) 12% (148/1184) regret=0.112357 ape=0.6000
[17:46:44] warmStart (decay=exponential) 12% (149/1184) regret=0.112357 ape=0.6000
[17:46:44] warmStart (decay=exponential) 12% (150/1184) regret=0.112357 ape=0.6000
[17:46:44] warmStart (decay=exponential) 12% (151/1184) regret=0.112357 ape=0.6000
[17:46:44] warmStart (decay=exponential) 12% (152/1184) regret=0.112357 ape=0.6000
[17:46:44] warmStart (decay=exponential) 12% (153/1184) regret=0.112357 ape=0.6000
[17:46:45] warmStart (decay=exponential) 13% (154/1184) regret=0.112357 ape=0.6000
[17:46:45] warmStart (decay=exponential) 13% (155/1184) regret=0.112357 ape=0.6000
[17:46:45] warmStart (decay=exponential) 13% (156/1184) regret=0.112357 ape=0.6000
[17:46:45] warmStart (decay=exponential) 13% (157/1184) regret=0.112357 ape=0.6000
[17:46:45] warmStart (decay=exponential) 13% (158/1184) regret=0.112357 ape=0.6000
[17:46:45] warmStart (decay=exponential) 13% (159/1184) regret=0.112357 ape=0.6000
[17:46:45] warmStart (decay=exponential) 13% (160/1184) regret=0.112357 ape=0.6000
[17:46:46] warmStart (decay=exponential) 13% (161/1184) regret=0.112357 ape=0.6000
[17:46:46] warmStart (decay=exponential) 13% (162/1184) regret=0.112357 ape=0.6000
[17:46:46] warmStart (decay=exponential) 13% (163/1184) regret=0.112357 ape=0.6000
[17:46:46] warmStart (decay=exponential) 13% (164/1184) regret=0.112357 ape=0.6000
[17:46:46] warmStart (decay=exponential) 13% (165/1184) regret=0.112357 ape=0.6000
[17:46:46] warmStart (decay=exponential) 14% (166/1184) regret=0.112357 ape=0.6000
[17:46:47] warmStart (decay=exponential) 14% (167/1184) regret=0.112357 ape=0.6000
[17:46:47] warmStart (decay=exponential) 14% (168/1184) regret=0.112357 ape=0.6000
[17:46:47] warmStart (decay=exponential) 14% (169/1184) regret=0.112357 ape=0.6000
[17:46:47] warmStart (decay=exponential) 14% (170/1184) regret=0.112357 ape=0.6000
[17:46:47] warmStart (decay=exponential) 14% (171/1184) regret=0.112357 ape=0.6000
[17:46:47] warmStart (decay=exponential) 14% (172/1184) regret=0.112357 ape=0.6000
[17:46:48] warmStart (decay=exponential) 14% (173/1184) regret=0.112357 ape=0.6000
[17:46:48] warmStart (decay=exponential) 14% (174/1184) regret=0.112357 ape=0.6000
[17:46:48] warmStart (decay=exponential) 14% (175/1184) regret=0.112357 ape=0.6000
[17:46:48] warmStart (decay=exponential) 14% (176/1184) regret=0.112357 ape=0.6000
[17:46:48] warmStart (decay=exponential) 14% (177/1184) regret=0.112357 ape=0.6000
[17:46:48] warmStart (decay=exponential) 15% (178/1184) regret=0.112357 ape=0.6000
[17:46:49] warmStart (decay=exponential) 15% (179/1184) regret=0.112357 ape=0.6000
[17:46:49] warmStart (decay=exponential) 15% (180/1184) regret=0.112357 ape=0.6000
[17:46:49] warmStart (decay=exponential) 15% (181/1184) regret=0.112357 ape=0.6000
[17:46:49] warmStart (decay=exponential) 15% (182/1184) regret=0.112357 ape=0.6000
[17:46:49] warmStart (decay=exponential) 15% (183/1184) regret=0.112357 ape=0.6000
[17:46:49] warmStart (decay=exponential) 15% (184/1184) regret=0.112357 ape=0.6000
[17:46:50] warmStart (decay=exponential) 15% (185/1184) regret=0.112357 ape=0.6000
[17:46:50] warmStart (decay=exponential) 15% (186/1184) regret=0.112357 ape=0.6000
[17:46:50] warmStart (decay=exponential) 15% (187/1184) regret=0.112357 ape=0.6000
[17:46:50] warmStart (decay=exponential) 15% (188/1184) regret=0.112357 ape=0.6000
[17:46:50] warmStart (decay=exponential) 15% (189/1184) regret=0.112357 ape=0.6000
[17:46:51] warmStart (decay=exponential) 16% (190/1184) regret=0.112357 ape=0.6000
[17:46:51] warmStart (decay=exponential) 16% (191/1184) regret=0.112357 ape=0.6000
[17:46:51] warmStart (decay=exponential) 16% (192/1184) regret=0.112357 ape=0.6000
[17:46:51] warmStart (decay=exponential) 16% (193/1184) regret=0.112357 ape=0.6000
[17:46:51] warmStart (decay=exponential) 16% (194/1184) regret=0.112357 ape=0.6000
[17:46:51] warmStart (decay=exponential) 16% (195/1184) regret=0.112357 ape=0.6000
[17:46:52] warmStart (decay=exponential) 16% (196/1184) regret=0.112357 ape=0.6000
[17:46:52] warmStart (decay=exponential) 16% (197/1184) regret=0.112357 ape=0.6000
[17:46:52] warmStart (decay=exponential) 16% (198/1184) regret=0.112357 ape=0.6000
[17:46:52] warmStart (decay=exponential) 16% (199/1184) regret=0.112357 ape=0.6000
[17:46:52] warmStart (decay=exponential) 16% (200/1184) regret=0.112357 ape=0.6000
[17:46:52] warmStart (decay=exponential) 16% (201/1184) regret=0.112357 ape=0.6000
[17:46:53] warmStart (decay=exponential) 17% (202/1184) regret=0.112357 ape=0.6000
[17:46:53] warmStart (decay=exponential) 17% (203/1184) regret=0.112357 ape=0.6000
[17:46:53] warmStart (decay=exponential) 17% (204/1184) regret=0.112357 ape=0.6000
[17:46:53] warmStart (decay=exponential) 17% (205/1184) regret=0.112357 ape=0.6000
[17:46:53] warmStart (decay=exponential) 17% (206/1184) regret=0.112357 ape=0.6000
[17:46:54] warmStart (decay=exponential) 17% (207/1184) regret=0.112357 ape=0.6000
[17:46:54] warmStart (decay=exponential) 17% (208/1184) regret=0.112357 ape=0.6000
[17:46:54] warmStart (decay=exponential) 17% (209/1184) regret=0.112357 ape=0.6000
[17:46:54] warmStart (decay=exponential) 17% (210/1184) regret=0.112357 ape=0.6000
[17:46:54] warmStart (decay=exponential) 17% (211/1184) regret=0.112357 ape=0.6000
[17:46:54] warmStart (decay=exponential) 17% (212/1184) regret=0.112357 ape=0.6000
[17:46:55] warmStart (decay=exponential) 17% (213/1184) regret=0.112357 ape=0.6000
[17:46:55] warmStart (decay=exponential) 18% (214/1184) regret=0.112357 ape=0.6000
[17:46:55] warmStart (decay=exponential) 18% (215/1184) regret=0.112357 ape=0.6000
[17:46:55] warmStart (decay=exponential) 18% (216/1184) regret=0.112357 ape=0.6000
[17:46:55] warmStart (decay=exponential) 18% (217/1184) regret=0.112357 ape=0.6000
[17:46:55] warmStart (decay=exponential) 18% (218/1184) regret=0.112357 ape=0.6000
[17:46:56] warmStart (decay=exponential) 18% (219/1184) regret=0.112357 ape=0.6000
[17:46:56] warmStart (decay=exponential) 18% (220/1184) regret=0.112357 ape=0.6000
[17:46:56] warmStart (decay=exponential) 18% (221/1184) regret=0.112357 ape=0.6000
[17:46:56] warmStart (decay=exponential) 18% (222/1184) regret=0.112357 ape=0.6000
[17:46:56] warmStart (decay=exponential) 18% (223/1184) regret=0.112357 ape=0.6000
[17:46:56] warmStart (decay=exponential) 18% (224/1184) regret=0.112357 ape=0.6000
[17:46:57] warmStart (decay=exponential) 19% (225/1184) regret=0.112357 ape=0.6000
[17:46:57] warmStart (decay=exponential) 19% (226/1184) regret=0.112357 ape=0.6000
[17:46:57] warmStart (decay=exponential) 19% (227/1184) regret=0.112357 ape=0.6000
[17:46:57] warmStart (decay=exponential) 19% (228/1184) regret=0.112357 ape=0.6000
[17:46:57] warmStart (decay=exponential) 19% (229/1184) regret=0.112357 ape=0.6000
[17:46:58] warmStart (decay=exponential) 19% (230/1184) regret=0.112357 ape=0.6000
[17:46:58] warmStart (decay=exponential) 19% (231/1184) regret=0.112357 ape=0.6000
[17:46:58] warmStart (decay=exponential) 19% (232/1184) regret=0.112357 ape=0.6000
[17:46:58] warmStart (decay=exponential) 19% (233/1184) regret=0.112357 ape=0.6000
[17:46:58] warmStart (decay=exponential) 19% (234/1184) regret=0.112357 ape=0.6000
[17:46:58] warmStart (decay=exponential) 19% (235/1184) regret=0.112357 ape=0.6000
[17:46:59] warmStart (decay=exponential) 19% (236/1184) regret=0.112357 ape=0.6000
[17:46:59] warmStart (decay=exponential) 20% (237/1184) regret=0.112365 ape=0.6009
[17:46:59] warmStart (decay=exponential) 20% (238/1184) regret=0.112365 ape=0.6009
[17:46:59] warmStart (decay=exponential) 20% (239/1184) regret=0.112365 ape=0.6009
[17:46:59] warmStart (decay=exponential) 20% (240/1184) regret=0.112365 ape=0.6009
[17:46:59] warmStart (decay=exponential) 20% (241/1184) regret=0.112365 ape=0.6009
[17:47:00] warmStart (decay=exponential) 20% (242/1184) regret=0.112365 ape=0.6009
[17:47:00] warmStart (decay=exponential) 20% (243/1184) regret=0.112364 ape=0.6009
[17:47:00] warmStart (decay=exponential) 20% (244/1184) regret=0.112364 ape=0.6009
[17:47:00] warmStart (decay=exponential) 20% (245/1184) regret=0.112364 ape=0.6009
[17:47:00] warmStart (decay=exponential) 20% (246/1184) regret=0.112364 ape=0.6009
[17:47:00] warmStart (decay=exponential) 20% (247/1184) regret=0.112364 ape=0.6009
[17:47:00] warmStart (decay=exponential) 20% (248/1184) regret=0.112364 ape=0.6009
[17:47:01] warmStart (decay=exponential) 21% (249/1184) regret=0.112364 ape=0.6009
[17:47:01] warmStart (decay=exponential) 21% (250/1184) regret=0.112364 ape=0.6009
[17:47:01] warmStart (decay=exponential) 21% (251/1184) regret=0.112364 ape=0.6009
[17:47:01] warmStart (decay=exponential) 21% (252/1184) regret=0.112364 ape=0.6009
[17:47:01] warmStart (decay=exponential) 21% (253/1184) regret=0.112364 ape=0.6009
[17:47:01] warmStart (decay=exponential) 21% (254/1184) regret=0.112364 ape=0.6009
[17:47:01] warmStart (decay=exponential) 21% (255/1184) regret=0.112364 ape=0.6009
[17:47:02] warmStart (decay=exponential) 21% (256/1184) regret=0.112365 ape=0.6009
[17:47:02] warmStart (decay=exponential) 21% (257/1184) regret=0.112365 ape=0.6009
[17:47:02] warmStart (decay=exponential) 21% (258/1184) regret=0.112365 ape=0.6009
[17:47:02] warmStart (decay=exponential) 21% (259/1184) regret=0.112365 ape=0.6009
[17:47:02] warmStart (decay=exponential) 21% (260/1184) regret=0.112365 ape=0.6009
[17:47:02] warmStart (decay=exponential) 22% (261/1184) regret=0.112365 ape=0.6009
[17:47:03] warmStart (decay=exponential) 22% (262/1184) regret=0.112365 ape=0.6009
[17:47:03] warmStart (decay=exponential) 22% (263/1184) regret=0.112365 ape=0.6009
[17:47:03] warmStart (decay=exponential) 22% (264/1184) regret=0.112365 ape=0.6009
[17:47:03] warmStart (decay=exponential) 22% (265/1184) regret=0.112365 ape=0.6009
[17:47:03] warmStart (decay=exponential) 22% (266/1184) regret=0.112365 ape=0.6009
[17:47:03] warmStart (decay=exponential) 22% (267/1184) regret=0.112365 ape=0.6009
[17:47:03] warmStart (decay=exponential) 22% (268/1184) regret=0.112365 ape=0.6009
[17:47:04] warmStart (decay=exponential) 22% (269/1184) regret=0.112365 ape=0.6009
[17:47:04] warmStart (decay=exponential) 22% (270/1184) regret=0.112365 ape=0.6009
[17:47:04] warmStart (decay=exponential) 22% (271/1184) regret=0.112365 ape=0.6009
[17:47:04] warmStart (decay=exponential) 22% (272/1184) regret=0.112365 ape=0.6009
[17:47:04] warmStart (decay=exponential) 23% (273/1184) regret=0.112365 ape=0.6009
[17:47:04] warmStart (decay=exponential) 23% (274/1184) regret=0.112365 ape=0.6009
[17:47:05] warmStart (decay=exponential) 23% (275/1184) regret=0.112365 ape=0.6009
[17:47:05] warmStart (decay=exponential) 23% (276/1184) regret=0.112365 ape=0.6009
[17:47:05] warmStart (decay=exponential) 23% (277/1184) regret=0.112365 ape=0.6009
[17:47:05] warmStart (decay=exponential) 23% (278/1184) regret=0.112365 ape=0.6009
[17:47:05] warmStart (decay=exponential) 23% (279/1184) regret=0.112365 ape=0.6009
[17:47:05] warmStart (decay=exponential) 23% (280/1184) regret=0.112365 ape=0.6009
[17:47:06] warmStart (decay=exponential) 23% (281/1184) regret=0.112365 ape=0.6009
[17:47:06] warmStart (decay=exponential) 23% (282/1184) regret=0.112365 ape=0.6009
[17:47:06] warmStart (decay=exponential) 23% (283/1184) regret=0.112365 ape=0.6009
[17:47:06] warmStart (decay=exponential) 23% (284/1184) regret=0.112365 ape=0.6009
[17:47:06] warmStart (decay=exponential) 24% (285/1184) regret=0.112365 ape=0.6009
[17:47:06] warmStart (decay=exponential) 24% (286/1184) regret=0.112365 ape=0.6009
[17:47:07] warmStart (decay=exponential) 24% (287/1184) regret=0.112365 ape=0.6009
[17:47:07] warmStart (decay=exponential) 24% (288/1184) regret=0.112365 ape=0.6009
[17:47:07] warmStart (decay=exponential) 24% (289/1184) regret=0.112365 ape=0.6009
[17:47:07] warmStart (decay=exponential) 24% (290/1184) regret=0.112365 ape=0.6009
[17:47:07] warmStart (decay=exponential) 24% (291/1184) regret=0.112365 ape=0.6009
[17:47:07] warmStart (decay=exponential) 24% (292/1184) regret=0.112365 ape=0.6009
[17:47:08] warmStart (decay=exponential) 24% (293/1184) regret=0.112365 ape=0.6009
[17:47:08] warmStart (decay=exponential) 24% (294/1184) regret=0.112365 ape=0.6009
[17:47:08] warmStart (decay=exponential) 24% (295/1184) regret=0.112365 ape=0.6009
[17:47:08] warmStart (decay=exponential) 25% (296/1184) regret=0.112365 ape=0.6009
[17:47:08] warmStart (decay=exponential) 25% (297/1184) regret=0.112365 ape=0.6009
[17:47:08] warmStart (decay=exponential) 25% (298/1184) regret=0.112365 ape=0.6009
[17:47:09] warmStart (decay=exponential) 25% (299/1184) regret=0.112365 ape=0.6009
[17:47:09] warmStart (decay=exponential) 25% (300/1184) regret=0.112365 ape=0.6009
[17:47:09] warmStart (decay=exponential) 25% (301/1184) regret=0.112365 ape=0.6009
[17:47:09] warmStart (decay=exponential) 25% (302/1184) regret=0.112365 ape=0.6009
[17:47:09] warmStart (decay=exponential) 25% (303/1184) regret=0.112365 ape=0.6009
[17:47:09] warmStart (decay=exponential) 25% (304/1184) regret=0.112365 ape=0.6009
[17:47:10] warmStart (decay=exponential) 25% (305/1184) regret=0.112365 ape=0.6009
[17:47:10] warmStart (decay=exponential) 25% (306/1184) regret=0.112365 ape=0.6009
[17:47:10] warmStart (decay=exponential) 25% (307/1184) regret=0.112365 ape=0.6009
[17:47:10] warmStart (decay=exponential) 26% (308/1184) regret=0.112365 ape=0.6009
[17:47:10] warmStart (decay=exponential) 26% (309/1184) regret=0.112365 ape=0.6009
[17:47:10] warmStart (decay=exponential) 26% (310/1184) regret=0.112365 ape=0.6009
[17:47:10] warmStart (decay=exponential) 26% (311/1184) regret=0.112365 ape=0.6009
[17:47:11] warmStart (decay=exponential) 26% (312/1184) regret=0.112365 ape=0.6009
[17:47:11] warmStart (decay=exponential) 26% (313/1184) regret=0.112365 ape=0.6009
[17:47:11] warmStart (decay=exponential) 26% (314/1184) regret=0.112365 ape=0.6009
[17:47:11] warmStart (decay=exponential) 26% (315/1184) regret=0.112365 ape=0.6009
[17:47:11] warmStart (decay=exponential) 26% (316/1184) regret=0.112365 ape=0.6009
[17:47:11] warmStart (decay=exponential) 26% (317/1184) regret=0.112365 ape=0.6009
[17:47:12] warmStart (decay=exponential) 26% (318/1184) regret=0.112365 ape=0.6009
[17:47:12] warmStart (decay=exponential) 26% (319/1184) regret=0.112365 ape=0.6009
[17:47:12] warmStart (decay=exponential) 27% (320/1184) regret=0.112365 ape=0.6009
[17:47:12] warmStart (decay=exponential) 27% (321/1184) regret=0.112365 ape=0.6009
[17:47:12] warmStart (decay=exponential) 27% (322/1184) regret=0.112365 ape=0.6009
[17:47:12] warmStart (decay=exponential) 27% (323/1184) regret=0.112365 ape=0.6009
[17:47:12] warmStart (decay=exponential) 27% (324/1184) regret=0.112365 ape=0.6009
[17:47:13] warmStart (decay=exponential) 27% (325/1184) regret=0.112365 ape=0.6009
[17:47:13] warmStart (decay=exponential) 27% (326/1184) regret=0.112365 ape=0.6009
[17:47:13] warmStart (decay=exponential) 27% (327/1184) regret=0.112365 ape=0.6009
[17:47:13] warmStart (decay=exponential) 27% (328/1184) regret=0.112365 ape=0.6009
[17:47:13] warmStart (decay=exponential) 27% (329/1184) regret=0.112365 ape=0.6009
[17:47:13] warmStart (decay=exponential) 27% (330/1184) regret=0.112365 ape=0.6009
[17:47:14] warmStart (decay=exponential) 27% (331/1184) regret=0.112365 ape=0.6009
[17:47:14] warmStart (decay=exponential) 28% (332/1184) regret=0.112365 ape=0.6009
[17:47:14] warmStart (decay=exponential) 28% (333/1184) regret=0.112365 ape=0.6009
[17:47:14] warmStart (decay=exponential) 28% (334/1184) regret=0.112365 ape=0.6009
[17:47:14] warmStart (decay=exponential) 28% (335/1184) regret=0.112365 ape=0.6009
[17:47:14] warmStart (decay=exponential) 28% (336/1184) regret=0.112365 ape=0.6009
[17:47:14] warmStart (decay=exponential) 28% (337/1184) regret=0.112365 ape=0.6009
[17:47:15] warmStart (decay=exponential) 28% (338/1184) regret=0.112365 ape=0.6009
[17:47:15] warmStart (decay=exponential) 28% (339/1184) regret=0.112365 ape=0.6009
[17:47:15] warmStart (decay=exponential) 28% (340/1184) regret=0.112365 ape=0.6009
[17:47:15] warmStart (decay=exponential) 28% (341/1184) regret=0.112365 ape=0.6009
[17:47:15] warmStart (decay=exponential) 28% (342/1184) regret=0.112365 ape=0.6009
[17:47:15] warmStart (decay=exponential) 28% (343/1184) regret=0.112365 ape=0.6009
[17:47:16] warmStart (decay=exponential) 29% (344/1184) regret=0.112365 ape=0.6009
[17:47:16] warmStart (decay=exponential) 29% (345/1184) regret=0.112365 ape=0.6009
[17:47:16] warmStart (decay=exponential) 29% (346/1184) regret=0.112365 ape=0.6009
[17:47:16] warmStart (decay=exponential) 29% (347/1184) regret=0.112365 ape=0.6009
[17:47:16] warmStart (decay=exponential) 29% (348/1184) regret=0.112365 ape=0.6009
[17:47:16] warmStart (decay=exponential) 29% (349/1184) regret=0.112365 ape=0.6009
[17:47:17] warmStart (decay=exponential) 29% (350/1184) regret=0.112365 ape=0.6009
[17:47:17] warmStart (decay=exponential) 29% (351/1184) regret=0.112365 ape=0.6009
[17:47:17] warmStart (decay=exponential) 29% (352/1184) regret=0.112365 ape=0.6009
[17:47:17] warmStart (decay=exponential) 29% (353/1184) regret=0.112365 ape=0.6009
[17:47:17] warmStart (decay=exponential) 29% (354/1184) regret=0.112365 ape=0.6009
[17:47:17] warmStart (decay=exponential) 29% (355/1184) regret=0.112365 ape=0.6009
[17:47:17] warmStart (decay=exponential) 30% (356/1184) regret=0.112365 ape=0.6009
[17:47:18] warmStart (decay=exponential) 30% (357/1184) regret=0.112365 ape=0.6009
[17:47:18] warmStart (decay=exponential) 30% (358/1184) regret=0.112365 ape=0.6009
[17:47:18] warmStart (decay=exponential) 30% (359/1184) regret=0.112365 ape=0.6009
[17:47:18] warmStart (decay=exponential) 30% (360/1184) regret=0.112365 ape=0.6009
[17:47:18] warmStart (decay=exponential) 30% (361/1184) regret=0.112365 ape=0.6009
[17:47:18] warmStart (decay=exponential) 30% (362/1184) regret=0.112365 ape=0.6009
[17:47:19] warmStart (decay=exponential) 30% (363/1184) regret=0.112365 ape=0.6009
[17:47:19] warmStart (decay=exponential) 30% (364/1184) regret=0.112365 ape=0.6009
[17:47:19] warmStart (decay=exponential) 30% (365/1184) regret=0.112365 ape=0.6009
[17:47:19] warmStart (decay=exponential) 30% (366/1184) regret=0.112365 ape=0.6009
[17:47:19] warmStart (decay=exponential) 30% (367/1184) regret=0.112365 ape=0.6009
[17:47:19] warmStart (decay=exponential) 31% (368/1184) regret=0.112365 ape=0.6009
[17:47:20] warmStart (decay=exponential) 31% (369/1184) regret=0.112365 ape=0.6009
[17:47:20] warmStart (decay=exponential) 31% (370/1184) regret=0.112365 ape=0.6009
[17:47:20] warmStart (decay=exponential) 31% (371/1184) regret=0.112365 ape=0.6009
[17:47:20] warmStart (decay=exponential) 31% (372/1184) regret=0.112365 ape=0.6009
[17:47:20] warmStart (decay=exponential) 31% (373/1184) regret=0.112365 ape=0.6009
[17:47:20] warmStart (decay=exponential) 31% (374/1184) regret=0.112365 ape=0.6009
[17:47:21] warmStart (decay=exponential) 31% (375/1184) regret=0.112365 ape=0.6009
[17:47:21] warmStart (decay=exponential) 31% (376/1184) regret=0.112365 ape=0.6009
[17:47:21] warmStart (decay=exponential) 31% (377/1184) regret=0.112365 ape=0.6009
[17:47:21] warmStart (decay=exponential) 31% (378/1184) regret=0.112365 ape=0.6009
[17:47:21] warmStart (decay=exponential) 32% (379/1184) regret=0.112365 ape=0.6009
[17:47:21] warmStart (decay=exponential) 32% (380/1184) regret=0.112365 ape=0.6009
[17:47:21] warmStart (decay=exponential) 32% (381/1184) regret=0.112365 ape=0.6009
[17:47:22] warmStart (decay=exponential) 32% (382/1184) regret=0.112365 ape=0.6009
[17:47:22] warmStart (decay=exponential) 32% (383/1184) regret=0.112365 ape=0.6009
[17:47:22] warmStart (decay=exponential) 32% (384/1184) regret=0.112365 ape=0.6009
[17:47:22] warmStart (decay=exponential) 32% (385/1184) regret=0.112365 ape=0.6009
[17:47:22] warmStart (decay=exponential) 32% (386/1184) regret=0.112365 ape=0.6009
[17:47:22] warmStart (decay=exponential) 32% (387/1184) regret=0.112365 ape=0.6009
[17:47:23] warmStart (decay=exponential) 32% (388/1184) regret=0.112365 ape=0.6009
[17:47:23] warmStart (decay=exponential) 32% (389/1184) regret=0.112365 ape=0.6009
[17:47:23] warmStart (decay=exponential) 32% (390/1184) regret=0.112231 ape=0.6000
[17:47:23] warmStart (decay=exponential) 33% (391/1184) regret=0.112231 ape=0.6000
[17:47:23] warmStart (decay=exponential) 33% (392/1184) regret=0.112231 ape=0.6000
[17:47:23] warmStart (decay=exponential) 33% (393/1184) regret=0.112231 ape=0.6000
[17:47:23] warmStart (decay=exponential) 33% (394/1184) regret=0.112231 ape=0.6000
[17:47:24] warmStart (decay=exponential) 33% (395/1184) regret=0.112238 ape=0.6000
[17:47:24] warmStart (decay=exponential) 33% (396/1184) regret=0.112231 ape=0.6000
[17:47:24] warmStart (decay=exponential) 33% (397/1184) regret=0.112231 ape=0.6000
[17:47:24] warmStart (decay=exponential) 33% (398/1184) regret=0.112221 ape=0.6000
[17:47:24] warmStart (decay=exponential) 33% (399/1184) regret=0.112221 ape=0.6000
[17:47:24] warmStart (decay=exponential) 33% (400/1184) regret=0.112238 ape=0.6000
[17:47:24] warmStart (decay=exponential) 33% (401/1184) regret=0.112238 ape=0.6000
[17:47:25] warmStart (decay=exponential) 33% (402/1184) regret=0.112238 ape=0.6000
[17:47:25] warmStart (decay=exponential) 34% (403/1184) regret=0.112238 ape=0.6000
[17:47:25] warmStart (decay=exponential) 34% (404/1184) regret=0.112238 ape=0.6000
[17:47:25] warmStart (decay=exponential) 34% (405/1184) regret=0.112192 ape=0.5991
[17:47:25] warmStart (decay=exponential) 34% (406/1184) regret=0.112192 ape=0.5991
[17:47:25] warmStart (decay=exponential) 34% (407/1184) regret=0.112192 ape=0.5991
[17:47:26] warmStart (decay=exponential) 34% (408/1184) regret=0.112192 ape=0.5991
[17:47:26] warmStart (decay=exponential) 34% (409/1184) regret=0.112185 ape=0.5991
[17:47:26] warmStart (decay=exponential) 34% (410/1184) regret=0.112192 ape=0.5991
[17:47:26] warmStart (decay=exponential) 34% (411/1184) regret=0.112192 ape=0.5991
[17:47:26] warmStart (decay=exponential) 34% (412/1184) regret=0.112192 ape=0.5991
[17:47:26] warmStart (decay=exponential) 34% (413/1184) regret=0.112192 ape=0.5991
[17:47:26] warmStart (decay=exponential) 34% (414/1184) regret=0.112192 ape=0.5991
[17:47:27] warmStart (decay=exponential) 35% (415/1184) regret=0.112192 ape=0.5991
[17:47:27] warmStart (decay=exponential) 35% (416/1184) regret=0.112184 ape=0.5982
[17:47:27] warmStart (decay=exponential) 35% (417/1184) regret=0.112184 ape=0.5982
[17:47:27] warmStart (decay=exponential) 35% (418/1184) regret=0.112184 ape=0.5982
[17:47:27] warmStart (decay=exponential) 35% (419/1184) regret=0.112184 ape=0.5982
[17:47:27] warmStart (decay=exponential) 35% (420/1184) regret=0.112184 ape=0.5982
[17:47:27] warmStart (decay=exponential) 35% (421/1184) regret=0.112184 ape=0.5982
[17:47:28] warmStart (decay=exponential) 35% (422/1184) regret=0.112184 ape=0.5982
[17:47:28] warmStart (decay=exponential) 35% (423/1184) regret=0.112184 ape=0.5982
[17:47:28] warmStart (decay=exponential) 35% (424/1184) regret=0.112184 ape=0.5982
[17:47:28] warmStart (decay=exponential) 35% (425/1184) regret=0.112265 ape=0.5982
[17:47:28] warmStart (decay=exponential) 35% (426/1184) regret=0.112209 ape=0.5982
[17:47:28] warmStart (decay=exponential) 36% (427/1184) regret=0.112209 ape=0.5982
[17:47:28] warmStart (decay=exponential) 36% (428/1184) regret=0.112209 ape=0.5982
[17:47:29] warmStart (decay=exponential) 36% (429/1184) regret=0.112209 ape=0.5982
[17:47:29] warmStart (decay=exponential) 36% (430/1184) regret=0.112209 ape=0.5982
[17:47:29] warmStart (decay=exponential) 36% (431/1184) regret=0.112209 ape=0.5982
[17:47:29] warmStart (decay=exponential) 36% (432/1184) regret=0.112209 ape=0.5982
[17:47:29] warmStart (decay=exponential) 36% (433/1184) regret=0.112209 ape=0.5982
[17:47:29] warmStart (decay=exponential) 36% (434/1184) regret=0.112209 ape=0.5982
[17:47:30] warmStart (decay=exponential) 36% (435/1184) regret=0.112209 ape=0.5982
[17:47:30] warmStart (decay=exponential) 36% (436/1184) regret=0.112208 ape=0.5972
[17:47:30] warmStart (decay=exponential) 36% (437/1184) regret=0.112208 ape=0.5972
[17:47:30] warmStart (decay=exponential) 36% (438/1184) regret=0.112208 ape=0.5972
[17:47:30] warmStart (decay=exponential) 37% (439/1184) regret=0.112208 ape=0.5972
[17:47:30] warmStart (decay=exponential) 37% (440/1184) regret=0.112208 ape=0.5972
[17:47:31] warmStart (decay=exponential) 37% (441/1184) regret=0.112208 ape=0.5972
[17:47:31] warmStart (decay=exponential) 37% (442/1184) regret=0.112208 ape=0.5972
[17:47:31] warmStart (decay=exponential) 37% (443/1184) regret=0.112208 ape=0.5972
[17:47:31] warmStart (decay=exponential) 37% (444/1184) regret=0.112208 ape=0.5972
[17:47:31] warmStart (decay=exponential) 37% (445/1184) regret=0.112208 ape=0.5972
[17:47:31] warmStart (decay=exponential) 37% (446/1184) regret=0.112208 ape=0.5972
[17:47:31] warmStart (decay=exponential) 37% (447/1184) regret=0.112208 ape=0.5972
[17:47:32] warmStart (decay=exponential) 37% (448/1184) regret=0.112208 ape=0.5972
[17:47:32] warmStart (decay=exponential) 37% (449/1184) regret=0.112208 ape=0.5972
[17:47:32] warmStart (decay=exponential) 38% (450/1184) regret=0.112249 ape=0.5982
[17:47:32] warmStart (decay=exponential) 38% (451/1184) regret=0.112249 ape=0.5982
[17:47:32] warmStart (decay=exponential) 38% (452/1184) regret=0.112249 ape=0.5982
[17:47:32] warmStart (decay=exponential) 38% (453/1184) regret=0.112249 ape=0.5982
[17:47:33] warmStart (decay=exponential) 38% (454/1184) regret=0.112249 ape=0.5982
[17:47:33] warmStart (decay=exponential) 38% (455/1184) regret=0.112249 ape=0.5982
[17:47:33] warmStart (decay=exponential) 38% (456/1184) regret=0.112249 ape=0.5982
[17:47:33] warmStart (decay=exponential) 38% (457/1184) regret=0.112249 ape=0.5982
[17:47:33] warmStart (decay=exponential) 38% (458/1184) regret=0.112245 ape=0.5982
[17:47:33] warmStart (decay=exponential) 38% (459/1184) regret=0.112245 ape=0.5982
[17:47:34] warmStart (decay=exponential) 38% (460/1184) regret=0.112245 ape=0.5982
[17:47:34] warmStart (decay=exponential) 38% (461/1184) regret=0.112245 ape=0.5982
[17:47:34] warmStart (decay=exponential) 39% (462/1184) regret=0.112245 ape=0.5982
[17:47:34] warmStart (decay=exponential) 39% (463/1184) regret=0.112245 ape=0.5982
[17:47:34] warmStart (decay=exponential) 39% (464/1184) regret=0.112245 ape=0.5982
[17:47:35] warmStart (decay=exponential) 39% (465/1184) regret=0.112245 ape=0.5982
[17:47:35] warmStart (decay=exponential) 39% (466/1184) regret=0.112245 ape=0.5982
[17:47:35] warmStart (decay=exponential) 39% (467/1184) regret=0.112245 ape=0.5982
[17:47:35] warmStart (decay=exponential) 39% (468/1184) regret=0.112245 ape=0.5982
[17:47:35] warmStart (decay=exponential) 39% (469/1184) regret=0.112245 ape=0.5982
[17:47:36] warmStart (decay=exponential) 39% (470/1184) regret=0.112245 ape=0.5982
[17:47:36] warmStart (decay=exponential) 39% (471/1184) regret=0.112245 ape=0.5982
[17:47:36] warmStart (decay=exponential) 39% (472/1184) regret=0.112245 ape=0.5982
[17:47:36] warmStart (decay=exponential) 39% (473/1184) regret=0.112245 ape=0.5982
[17:47:36] warmStart (decay=exponential) 40% (474/1184) regret=0.112245 ape=0.5982
[17:47:36] warmStart (decay=exponential) 40% (475/1184) regret=0.112309 ape=0.5982
[17:47:37] warmStart (decay=exponential) 40% (476/1184) regret=0.112245 ape=0.5982
[17:47:37] warmStart (decay=exponential) 40% (477/1184) regret=0.112245 ape=0.5982
[17:47:37] warmStart (decay=exponential) 40% (478/1184) regret=0.112245 ape=0.5982
[17:47:37] warmStart (decay=exponential) 40% (479/1184) regret=0.112245 ape=0.5982
[17:47:37] warmStart (decay=exponential) 40% (480/1184) regret=0.112210 ape=0.5972
[17:47:37] warmStart (decay=exponential) 40% (481/1184) regret=0.112224 ape=0.5982
[17:47:38] warmStart (decay=exponential) 40% (482/1184) regret=0.112286 ape=0.5982
[17:47:38] warmStart (decay=exponential) 40% (483/1184) regret=0.112286 ape=0.5982
[17:47:38] warmStart (decay=exponential) 40% (484/1184) regret=0.112286 ape=0.5982
[17:47:38] warmStart (decay=exponential) 40% (485/1184) regret=0.112286 ape=0.5982
[17:47:38] warmStart (decay=exponential) 41% (486/1184) regret=0.112286 ape=0.5982
[17:47:39] warmStart (decay=exponential) 41% (487/1184) regret=0.112224 ape=0.5982
[17:47:39] warmStart (decay=exponential) 41% (488/1184) regret=0.112224 ape=0.5982
[17:47:39] warmStart (decay=exponential) 41% (489/1184) regret=0.112286 ape=0.5982
[17:47:39] warmStart (decay=exponential) 41% (490/1184) regret=0.112286 ape=0.5982
[17:47:39] warmStart (decay=exponential) 41% (491/1184) regret=0.112286 ape=0.5982
[17:47:39] warmStart (decay=exponential) 41% (492/1184) regret=0.112286 ape=0.5982
[17:47:40] warmStart (decay=exponential) 41% (493/1184) regret=0.112286 ape=0.5982
[17:47:40] warmStart (decay=exponential) 41% (494/1184) regret=0.112286 ape=0.5982
[17:47:40] warmStart (decay=exponential) 41% (495/1184) regret=0.112286 ape=0.5982
[17:47:40] warmStart (decay=exponential) 41% (496/1184) regret=0.112286 ape=0.5982
[17:47:40] warmStart (decay=exponential) 41% (497/1184) regret=0.112286 ape=0.5982
[17:47:40] warmStart (decay=exponential) 42% (498/1184) regret=0.112286 ape=0.5982
[17:47:41] warmStart (decay=exponential) 42% (499/1184) regret=0.112286 ape=0.5982
[17:47:41] warmStart (decay=exponential) 42% (500/1184) regret=0.112286 ape=0.5982
[17:47:41] warmStart (decay=exponential) 42% (501/1184) regret=0.112286 ape=0.5982
[17:47:41] warmStart (decay=exponential) 42% (502/1184) regret=0.112286 ape=0.5982
[17:47:41] warmStart (decay=exponential) 42% (503/1184) regret=0.112240 ape=0.5982
[17:47:42] warmStart (decay=exponential) 42% (504/1184) regret=0.112240 ape=0.5982
[17:47:42] warmStart (decay=exponential) 42% (505/1184) regret=0.112240 ape=0.5982
[17:47:42] warmStart (decay=exponential) 42% (506/1184) regret=0.112240 ape=0.5982
[17:47:42] warmStart (decay=exponential) 42% (507/1184) regret=0.112240 ape=0.5982
[17:47:42] warmStart (decay=exponential) 42% (508/1184) regret=0.112240 ape=0.5982
[17:47:42] warmStart (decay=exponential) 42% (509/1184) regret=0.112240 ape=0.5982
[17:47:43] warmStart (decay=exponential) 43% (510/1184) regret=0.112240 ape=0.5982
[17:47:43] warmStart (decay=exponential) 43% (511/1184) regret=0.112240 ape=0.5982
[17:47:43] warmStart (decay=exponential) 43% (512/1184) regret=0.112223 ape=0.5982
[17:47:43] warmStart (decay=exponential) 43% (513/1184) regret=0.112223 ape=0.5982
[17:47:43] warmStart (decay=exponential) 43% (514/1184) regret=0.112223 ape=0.5982
[17:47:43] warmStart (decay=exponential) 43% (515/1184) regret=0.112205 ape=0.5982
[17:47:44] warmStart (decay=exponential) 43% (516/1184) regret=0.112205 ape=0.5982
[17:47:44] warmStart (decay=exponential) 43% (517/1184) regret=0.111864 ape=0.5982
[17:47:44] warmStart (decay=exponential) 43% (518/1184) regret=0.111873 ape=0.5982
[17:47:44] warmStart (decay=exponential) 43% (519/1184) regret=0.111873 ape=0.5982
[17:47:44] warmStart (decay=exponential) 43% (520/1184) regret=0.111873 ape=0.5982
[17:47:44] warmStart (decay=exponential) 44% (521/1184) regret=0.111873 ape=0.5982
[17:47:45] warmStart (decay=exponential) 44% (522/1184) regret=0.111873 ape=0.5982
[17:47:45] warmStart (decay=exponential) 44% (523/1184) regret=0.111859 ape=0.5982
[17:47:45] warmStart (decay=exponential) 44% (524/1184) regret=0.111859 ape=0.5982
[17:47:45] warmStart (decay=exponential) 44% (525/1184) regret=0.111873 ape=0.5982
[17:47:45] warmStart (decay=exponential) 44% (526/1184) regret=0.111859 ape=0.5982
[17:47:46] warmStart (decay=exponential) 44% (527/1184) regret=0.111767 ape=0.5972
[17:47:46] warmStart (decay=exponential) 44% (528/1184) regret=0.111767 ape=0.5972
[17:47:46] warmStart (decay=exponential) 44% (529/1184) regret=0.111048 ape=0.5963
[17:47:46] warmStart (decay=exponential) 44% (530/1184) regret=0.111066 ape=0.5972
[17:47:46] warmStart (decay=exponential) 44% (531/1184) regret=0.111066 ape=0.5972
[17:47:46] warmStart (decay=exponential) 44% (532/1184) regret=0.111048 ape=0.5963
[17:47:46] warmStart (decay=exponential) 45% (533/1184) regret=0.111177 ape=0.5972
[17:47:47] warmStart (decay=exponential) 45% (534/1184) regret=0.111205 ape=0.5972
[17:47:47] warmStart (decay=exponential) 45% (535/1184) regret=0.111140 ape=0.5972
[17:47:47] warmStart (decay=exponential) 45% (536/1184) regret=0.111131 ape=0.5972
[17:47:47] warmStart (decay=exponential) 45% (537/1184) regret=0.111057 ape=0.5972
[17:47:47] warmStart (decay=exponential) 45% (538/1184) regret=0.111131 ape=0.5972
[17:47:47] warmStart (decay=exponential) 45% (539/1184) regret=0.111131 ape=0.5972
[17:47:48] warmStart (decay=exponential) 45% (540/1184) regret=0.111131 ape=0.5972
[17:47:48] warmStart (decay=exponential) 45% (541/1184) regret=0.111133 ape=0.5982
[17:47:48] warmStart (decay=exponential) 45% (542/1184) regret=0.111133 ape=0.5982
[17:47:48] warmStart (decay=exponential) 45% (543/1184) regret=0.111143 ape=0.5982
[17:47:48] warmStart (decay=exponential) 45% (544/1184) regret=0.111143 ape=0.5982
[17:47:48] warmStart (decay=exponential) 46% (545/1184) regret=0.111143 ape=0.5982
[17:47:48] warmStart (decay=exponential) 46% (546/1184) regret=0.111143 ape=0.5982
[17:47:49] warmStart (decay=exponential) 46% (547/1184) regret=0.111143 ape=0.5982
[17:47:49] warmStart (decay=exponential) 46% (548/1184) regret=0.111145 ape=0.5982
[17:47:49] warmStart (decay=exponential) 46% (549/1184) regret=0.111145 ape=0.5982
[17:47:49] warmStart (decay=exponential) 46% (550/1184) regret=0.111145 ape=0.5982
[17:47:49] warmStart (decay=exponential) 46% (551/1184) regret=0.111145 ape=0.5982
[17:47:49] warmStart (decay=exponential) 46% (552/1184) regret=0.111145 ape=0.5982
[17:47:49] warmStart (decay=exponential) 46% (553/1184) regret=0.111145 ape=0.5982
[17:47:50] warmStart (decay=exponential) 46% (554/1184) regret=0.111145 ape=0.5982
[17:47:50] warmStart (decay=exponential) 46% (555/1184) regret=0.111145 ape=0.5982
[17:47:50] warmStart (decay=exponential) 46% (556/1184) regret=0.111149 ape=0.5982
[17:47:50] warmStart (decay=exponential) 47% (557/1184) regret=0.111149 ape=0.5982
[17:47:50] warmStart (decay=exponential) 47% (558/1184) regret=0.111149 ape=0.5982
[17:47:50] warmStart (decay=exponential) 47% (559/1184) regret=0.111149 ape=0.5982
[17:47:51] warmStart (decay=exponential) 47% (560/1184) regret=0.111149 ape=0.5982
[17:47:51] warmStart (decay=exponential) 47% (561/1184) regret=0.111149 ape=0.5982
[17:47:51] warmStart (decay=exponential) 47% (562/1184) regret=0.111149 ape=0.5982
[17:47:51] warmStart (decay=exponential) 47% (563/1184) regret=0.111145 ape=0.5982
[17:47:51] warmStart (decay=exponential) 47% (564/1184) regret=0.111145 ape=0.5982
[17:47:51] warmStart (decay=exponential) 47% (565/1184) regret=0.111145 ape=0.5982
[17:47:52] warmStart (decay=exponential) 47% (566/1184) regret=0.111145 ape=0.5982
[17:47:52] warmStart (decay=exponential) 47% (567/1184) regret=0.111145 ape=0.5982
[17:47:52] warmStart (decay=exponential) 47% (568/1184) regret=0.111145 ape=0.5982
[17:47:52] warmStart (decay=exponential) 48% (569/1184) regret=0.111145 ape=0.5982
[17:47:52] warmStart (decay=exponential) 48% (570/1184) regret=0.111145 ape=0.5982
[17:47:52] warmStart (decay=exponential) 48% (571/1184) regret=0.111145 ape=0.5982
[17:47:53] warmStart (decay=exponential) 48% (572/1184) regret=0.111145 ape=0.5982
[17:47:53] warmStart (decay=exponential) 48% (573/1184) regret=0.111145 ape=0.5982
[17:47:53] warmStart (decay=exponential) 48% (574/1184) regret=0.111145 ape=0.5982
[17:47:53] warmStart (decay=exponential) 48% (575/1184) regret=0.111145 ape=0.5982
[17:47:53] warmStart (decay=exponential) 48% (576/1184) regret=0.111145 ape=0.5982
[17:47:53] warmStart (decay=exponential) 48% (577/1184) regret=0.111145 ape=0.5982
[17:47:53] warmStart (decay=exponential) 48% (578/1184) regret=0.111145 ape=0.5982
[17:47:54] warmStart (decay=exponential) 48% (579/1184) regret=0.111145 ape=0.5982
[17:47:54] warmStart (decay=exponential) 48% (580/1184) regret=0.111145 ape=0.5982
[17:47:54] warmStart (decay=exponential) 49% (581/1184) regret=0.111145 ape=0.5982
[17:47:54] warmStart (decay=exponential) 49% (582/1184) regret=0.111145 ape=0.5982
[17:47:54] warmStart (decay=exponential) 49% (583/1184) regret=0.111145 ape=0.5982
[17:47:54] warmStart (decay=exponential) 49% (584/1184) regret=0.111145 ape=0.5982
[17:47:55] warmStart (decay=exponential) 49% (585/1184) regret=0.111145 ape=0.5982
[17:47:55] warmStart (decay=exponential) 49% (586/1184) regret=0.111145 ape=0.5982
[17:47:55] warmStart (decay=exponential) 49% (587/1184) regret=0.111145 ape=0.5982
[17:47:55] warmStart (decay=exponential) 49% (588/1184) regret=0.111145 ape=0.5982
[17:47:55] warmStart (decay=exponential) 49% (589/1184) regret=0.111145 ape=0.5982
[17:47:55] warmStart (decay=exponential) 49% (590/1184) regret=0.111145 ape=0.5982
[17:47:56] warmStart (decay=exponential) 49% (591/1184) regret=0.111145 ape=0.5982
[17:47:56] warmStart (decay=exponential) 50% (592/1184) regret=0.111145 ape=0.5982
[17:47:56] warmStart (decay=exponential) 50% (593/1184) regret=0.111145 ape=0.5982
[17:47:56] warmStart (decay=exponential) 50% (594/1184) regret=0.111145 ape=0.5982
[17:47:56] warmStart (decay=exponential) 50% (595/1184) regret=0.111145 ape=0.5982
[17:47:56] warmStart (decay=exponential) 50% (596/1184) regret=0.111145 ape=0.5982
[17:47:57] warmStart (decay=exponential) 50% (597/1184) regret=0.110297 ape=0.5972
[17:47:57] warmStart (decay=exponential) 50% (598/1184) regret=0.110297 ape=0.5972
[17:47:57] warmStart (decay=exponential) 50% (599/1184) regret=0.110297 ape=0.5972
[17:47:57] warmStart (decay=exponential) 50% (600/1184) regret=0.110297 ape=0.5972
[17:47:57] warmStart (decay=exponential) 50% (601/1184) regret=0.110297 ape=0.5972
[17:47:57] warmStart (decay=exponential) 50% (602/1184) regret=0.110297 ape=0.5972
[17:47:58] warmStart (decay=exponential) 50% (603/1184) regret=0.110297 ape=0.5972
[17:47:58] warmStart (decay=exponential) 51% (604/1184) regret=0.110297 ape=0.5972
[17:47:58] warmStart (decay=exponential) 51% (605/1184) regret=0.110297 ape=0.5972
[17:47:58] warmStart (decay=exponential) 51% (606/1184) regret=0.110297 ape=0.5972
[17:47:58] warmStart (decay=exponential) 51% (607/1184) regret=0.110297 ape=0.5972
[17:47:58] warmStart (decay=exponential) 51% (608/1184) regret=0.110297 ape=0.5972
[17:47:59] warmStart (decay=exponential) 51% (609/1184) regret=0.110297 ape=0.5972
[17:47:59] warmStart (decay=exponential) 51% (610/1184) regret=0.110297 ape=0.5972
[17:47:59] warmStart (decay=exponential) 51% (611/1184) regret=0.110297 ape=0.5972
[17:47:59] warmStart (decay=exponential) 51% (612/1184) regret=0.110297 ape=0.5972
[17:47:59] warmStart (decay=exponential) 51% (613/1184) regret=0.110301 ape=0.5972
[17:47:59] warmStart (decay=exponential) 51% (614/1184) regret=0.110301 ape=0.5972
[17:48:00] warmStart (decay=exponential) 51% (615/1184) regret=0.110301 ape=0.5972
[17:48:00] warmStart (decay=exponential) 52% (616/1184) regret=0.110301 ape=0.5972
[17:48:00] warmStart (decay=exponential) 52% (617/1184) regret=0.110301 ape=0.5972
[17:48:00] warmStart (decay=exponential) 52% (618/1184) regret=0.110283 ape=0.5963
[17:48:00] warmStart (decay=exponential) 52% (619/1184) regret=0.110283 ape=0.5963
[17:48:00] warmStart (decay=exponential) 52% (620/1184) regret=0.110283 ape=0.5963
[17:48:01] warmStart (decay=exponential) 52% (621/1184) regret=0.110283 ape=0.5963
[17:48:01] warmStart (decay=exponential) 52% (622/1184) regret=0.110283 ape=0.5963
[17:48:01] warmStart (decay=exponential) 52% (623/1184) regret=0.110283 ape=0.5963
[17:48:01] warmStart (decay=exponential) 52% (624/1184) regret=0.110283 ape=0.5963
[17:48:01] warmStart (decay=exponential) 52% (625/1184) regret=0.110283 ape=0.5963
[17:48:01] warmStart (decay=exponential) 52% (626/1184) regret=0.110283 ape=0.5963
[17:48:02] warmStart (decay=exponential) 52% (627/1184) regret=0.110283 ape=0.5963
[17:48:02] warmStart (decay=exponential) 53% (628/1184) regret=0.110283 ape=0.5963
[17:48:02] warmStart (decay=exponential) 53% (629/1184) regret=0.110283 ape=0.5963
[17:48:02] warmStart (decay=exponential) 53% (630/1184) regret=0.110283 ape=0.5963
[17:48:02] warmStart (decay=exponential) 53% (631/1184) regret=0.110283 ape=0.5963
[17:48:02] warmStart (decay=exponential) 53% (632/1184) regret=0.110283 ape=0.5963
[17:48:03] warmStart (decay=exponential) 53% (633/1184) regret=0.110283 ape=0.5963
[17:48:03] warmStart (decay=exponential) 53% (634/1184) regret=0.110283 ape=0.5963
[17:48:03] warmStart (decay=exponential) 53% (635/1184) regret=0.110283 ape=0.5963
[17:48:03] warmStart (decay=exponential) 53% (636/1184) regret=0.110283 ape=0.5963
[17:48:03] warmStart (decay=exponential) 53% (637/1184) regret=0.110283 ape=0.5963
[17:48:03] warmStart (decay=exponential) 53% (638/1184) regret=0.110283 ape=0.5963
[17:48:04] warmStart (decay=exponential) 53% (639/1184) regret=0.110283 ape=0.5963
[17:48:04] warmStart (decay=exponential) 54% (640/1184) regret=0.110283 ape=0.5963
[17:48:04] warmStart (decay=exponential) 54% (641/1184) regret=0.110283 ape=0.5963
[17:48:04] warmStart (decay=exponential) 54% (642/1184) regret=0.110283 ape=0.5963
[17:48:04] warmStart (decay=exponential) 54% (643/1184) regret=0.110283 ape=0.5963
[17:48:04] warmStart (decay=exponential) 54% (644/1184) regret=0.110283 ape=0.5963
[17:48:04] warmStart (decay=exponential) 54% (645/1184) regret=0.110283 ape=0.5963
[17:48:05] warmStart (decay=exponential) 54% (646/1184) regret=0.110283 ape=0.5963
[17:48:05] warmStart (decay=exponential) 54% (647/1184) regret=0.110283 ape=0.5963
[17:48:05] warmStart (decay=exponential) 54% (648/1184) regret=0.110283 ape=0.5963
[17:48:05] warmStart (decay=exponential) 54% (649/1184) regret=0.110283 ape=0.5963
[17:48:05] warmStart (decay=exponential) 54% (650/1184) regret=0.110283 ape=0.5963
[17:48:05] warmStart (decay=exponential) 54% (651/1184) regret=0.110283 ape=0.5963
[17:48:05] warmStart (decay=exponential) 55% (652/1184) regret=0.110283 ape=0.5963
[17:48:06] warmStart (decay=exponential) 55% (653/1184) regret=0.110283 ape=0.5963
[17:48:06] warmStart (decay=exponential) 55% (654/1184) regret=0.110283 ape=0.5963
[17:48:06] warmStart (decay=exponential) 55% (655/1184) regret=0.110283 ape=0.5963
[17:48:06] warmStart (decay=exponential) 55% (656/1184) regret=0.110283 ape=0.5963
[17:48:06] warmStart (decay=exponential) 55% (657/1184) regret=0.110283 ape=0.5963
[17:48:06] warmStart (decay=exponential) 55% (658/1184) regret=0.110283 ape=0.5963
[17:48:06] warmStart (decay=exponential) 55% (659/1184) regret=0.110251 ape=0.5954
[17:48:07] warmStart (decay=exponential) 55% (660/1184) regret=0.110283 ape=0.5963
[17:48:07] warmStart (decay=exponential) 55% (661/1184) regret=0.110283 ape=0.5963
[17:48:07] warmStart (decay=exponential) 55% (662/1184) regret=0.110283 ape=0.5963
[17:48:07] warmStart (decay=exponential) 55% (663/1184) regret=0.110283 ape=0.5963
[17:48:07] warmStart (decay=exponential) 56% (664/1184) regret=0.110283 ape=0.5963
[17:48:07] warmStart (decay=exponential) 56% (665/1184) regret=0.110283 ape=0.5963
[17:48:08] warmStart (decay=exponential) 56% (666/1184) regret=0.110251 ape=0.5954
[17:48:08] warmStart (decay=exponential) 56% (667/1184) regret=0.110283 ape=0.5963
[17:48:08] warmStart (decay=exponential) 56% (668/1184) regret=0.110283 ape=0.5963
[17:48:08] warmStart (decay=exponential) 56% (669/1184) regret=0.110306 ape=0.5972
[17:48:08] warmStart (decay=exponential) 56% (670/1184) regret=0.110306 ape=0.5972
[17:48:09] warmStart (decay=exponential) 56% (671/1184) regret=0.110306 ape=0.5972
[17:48:09] warmStart (decay=exponential) 56% (672/1184) regret=0.110306 ape=0.5972
[17:48:09] warmStart (decay=exponential) 56% (673/1184) regret=0.110241 ape=0.5963
[17:48:09] warmStart (decay=exponential) 56% (674/1184) regret=0.110241 ape=0.5963
[17:48:09] warmStart (decay=exponential) 57% (675/1184) regret=0.110241 ape=0.5963
[17:48:09] warmStart (decay=exponential) 57% (676/1184) regret=0.110241 ape=0.5963
[17:48:09] warmStart (decay=exponential) 57% (677/1184) regret=0.110241 ape=0.5963
[17:48:10] warmStart (decay=exponential) 57% (678/1184) regret=0.110241 ape=0.5963
[17:48:10] warmStart (decay=exponential) 57% (679/1184) regret=0.110241 ape=0.5963
[17:48:10] warmStart (decay=exponential) 57% (680/1184) regret=0.110241 ape=0.5963
[17:48:10] warmStart (decay=exponential) 57% (681/1184) regret=0.110241 ape=0.5963
[17:48:10] warmStart (decay=exponential) 57% (682/1184) regret=0.110241 ape=0.5963
[17:48:10] warmStart (decay=exponential) 57% (683/1184) regret=0.110241 ape=0.5963
[17:48:11] warmStart (decay=exponential) 57% (684/1184) regret=0.110241 ape=0.5963
[17:48:11] warmStart (decay=exponential) 57% (685/1184) regret=0.110241 ape=0.5963
[17:48:11] warmStart (decay=exponential) 57% (686/1184) regret=0.110241 ape=0.5963
[17:48:11] warmStart (decay=exponential) 58% (687/1184) regret=0.110241 ape=0.5963
[17:48:11] warmStart (decay=exponential) 58% (688/1184) regret=0.110241 ape=0.5963
[17:48:11] warmStart (decay=exponential) 58% (689/1184) regret=0.110241 ape=0.5963
[17:48:12] warmStart (decay=exponential) 58% (690/1184) regret=0.110241 ape=0.5963
[17:48:12] warmStart (decay=exponential) 58% (691/1184) regret=0.110241 ape=0.5963
[17:48:12] warmStart (decay=exponential) 58% (692/1184) regret=0.110241 ape=0.5963
[17:48:12] warmStart (decay=exponential) 58% (693/1184) regret=0.110241 ape=0.5963
[17:48:12] warmStart (decay=exponential) 58% (694/1184) regret=0.110241 ape=0.5963
[17:48:12] warmStart (decay=exponential) 58% (695/1184) regret=0.110241 ape=0.5963
[17:48:12] warmStart (decay=exponential) 58% (696/1184) regret=0.110241 ape=0.5963
[17:48:13] warmStart (decay=exponential) 58% (697/1184) regret=0.110241 ape=0.5963
[17:48:13] warmStart (decay=exponential) 58% (698/1184) regret=0.110241 ape=0.5963
[17:48:13] warmStart (decay=exponential) 59% (699/1184) regret=0.110241 ape=0.5963
[17:48:13] warmStart (decay=exponential) 59% (700/1184) regret=0.110241 ape=0.5963
[17:48:13] warmStart (decay=exponential) 59% (701/1184) regret=0.110241 ape=0.5963
[17:48:13] warmStart (decay=exponential) 59% (702/1184) regret=0.110241 ape=0.5963
[17:48:14] warmStart (decay=exponential) 59% (703/1184) regret=0.110241 ape=0.5963
[17:48:14] warmStart (decay=exponential) 59% (704/1184) regret=0.110241 ape=0.5963
[17:48:14] warmStart (decay=exponential) 59% (705/1184) regret=0.110241 ape=0.5963
[17:48:14] warmStart (decay=exponential) 59% (706/1184) regret=0.110241 ape=0.5963
[17:48:14] warmStart (decay=exponential) 59% (707/1184) regret=0.110241 ape=0.5963
[17:48:14] warmStart (decay=exponential) 59% (708/1184) regret=0.110241 ape=0.5963
[17:48:14] warmStart (decay=exponential) 59% (709/1184) regret=0.110241 ape=0.5963
[17:48:15] warmStart (decay=exponential) 59% (710/1184) regret=0.110241 ape=0.5963
[17:48:15] warmStart (decay=exponential) 60% (711/1184) regret=0.110241 ape=0.5963
[17:48:15] warmStart (decay=exponential) 60% (712/1184) regret=0.110241 ape=0.5963
[17:48:15] warmStart (decay=exponential) 60% (713/1184) regret=0.110241 ape=0.5963
[17:48:15] warmStart (decay=exponential) 60% (714/1184) regret=0.110334 ape=0.5963
[17:48:15] warmStart (decay=exponential) 60% (715/1184) regret=0.110278 ape=0.5963
[17:48:16] warmStart (decay=exponential) 60% (716/1184) regret=0.110352 ape=0.5963
[17:48:16] warmStart (decay=exponential) 60% (717/1184) regret=0.110352 ape=0.5963
[17:48:16] warmStart (decay=exponential) 60% (718/1184) regret=0.110297 ape=0.5963
[17:48:16] warmStart (decay=exponential) 60% (719/1184) regret=0.110417 ape=0.5963
[17:48:16] warmStart (decay=exponential) 60% (720/1184) regret=0.110352 ape=0.5963
[17:48:16] warmStart (decay=exponential) 60% (721/1184) regret=0.110205 ape=0.5954
[17:48:17] warmStart (decay=exponential) 60% (722/1184) regret=0.110297 ape=0.5963
[17:48:17] warmStart (decay=exponential) 61% (723/1184) regret=0.110297 ape=0.5963
[17:48:17] warmStart (decay=exponential) 61% (724/1184) regret=0.110334 ape=0.5963
[17:48:17] warmStart (decay=exponential) 61% (725/1184) regret=0.110334 ape=0.5963
[17:48:17] warmStart (decay=exponential) 61% (726/1184) regret=0.110205 ape=0.5954
[17:48:17] warmStart (decay=exponential) 61% (727/1184) regret=0.110205 ape=0.5954
[17:48:18] warmStart (decay=exponential) 61% (728/1184) regret=0.110205 ape=0.5954
[17:48:18] warmStart (decay=exponential) 61% (729/1184) regret=0.110205 ape=0.5954
[17:48:18] warmStart (decay=exponential) 61% (730/1184) regret=0.110205 ape=0.5954
[17:48:18] warmStart (decay=exponential) 61% (731/1184) regret=0.110205 ape=0.5954
[17:48:18] warmStart (decay=exponential) 61% (732/1184) regret=0.110205 ape=0.5954
[17:48:18] warmStart (decay=exponential) 61% (733/1184) regret=0.110205 ape=0.5954
[17:48:18] warmStart (decay=exponential) 61% (734/1184) regret=0.110205 ape=0.5954
[17:48:19] warmStart (decay=exponential) 62% (735/1184) regret=0.110205 ape=0.5954
[17:48:19] warmStart (decay=exponential) 62% (736/1184) regret=0.110205 ape=0.5954
[17:48:19] warmStart (decay=exponential) 62% (737/1184) regret=0.110205 ape=0.5954
[17:48:19] warmStart (decay=exponential) 62% (738/1184) regret=0.110205 ape=0.5954
[17:48:19] warmStart (decay=exponential) 62% (739/1184) regret=0.110205 ape=0.5954
[17:48:19] warmStart (decay=exponential) 62% (740/1184) regret=0.110205 ape=0.5954
[17:48:19] warmStart (decay=exponential) 62% (741/1184) regret=0.110205 ape=0.5954
[17:48:20] warmStart (decay=exponential) 62% (742/1184) regret=0.110205 ape=0.5954
[17:48:20] warmStart (decay=exponential) 62% (743/1184) regret=0.110205 ape=0.5954
[17:48:20] warmStart (decay=exponential) 62% (744/1184) regret=0.110205 ape=0.5954
[17:48:20] warmStart (decay=exponential) 62% (745/1184) regret=0.110205 ape=0.5954
[17:48:20] warmStart (decay=exponential) 63% (746/1184) regret=0.110205 ape=0.5954
[17:48:20] warmStart (decay=exponential) 63% (747/1184) regret=0.110205 ape=0.5954
[17:48:21] warmStart (decay=exponential) 63% (748/1184) regret=0.110205 ape=0.5954
[17:48:21] warmStart (decay=exponential) 63% (749/1184) regret=0.110205 ape=0.5954
[17:48:21] warmStart (decay=exponential) 63% (750/1184) regret=0.110205 ape=0.5954
[17:48:21] warmStart (decay=exponential) 63% (751/1184) regret=0.110205 ape=0.5954
[17:48:21] warmStart (decay=exponential) 63% (752/1184) regret=0.110205 ape=0.5954
[17:48:21] warmStart (decay=exponential) 63% (753/1184) regret=0.110205 ape=0.5954
[17:48:21] warmStart (decay=exponential) 63% (754/1184) regret=0.110205 ape=0.5954
[17:48:22] warmStart (decay=exponential) 63% (755/1184) regret=0.110205 ape=0.5954
[17:48:22] warmStart (decay=exponential) 63% (756/1184) regret=0.110205 ape=0.5954
[17:48:22] warmStart (decay=exponential) 63% (757/1184) regret=0.110205 ape=0.5954
[17:48:22] warmStart (decay=exponential) 64% (758/1184) regret=0.110205 ape=0.5954
[17:48:22] warmStart (decay=exponential) 64% (759/1184) regret=0.110205 ape=0.5954
[17:48:22] warmStart (decay=exponential) 64% (760/1184) regret=0.110205 ape=0.5954
[17:48:23] warmStart (decay=exponential) 64% (761/1184) regret=0.110205 ape=0.5954
[17:48:23] warmStart (decay=exponential) 64% (762/1184) regret=0.110205 ape=0.5954
[17:48:23] warmStart (decay=exponential) 64% (763/1184) regret=0.110205 ape=0.5954
[17:48:23] warmStart (decay=exponential) 64% (764/1184) regret=0.110205 ape=0.5954
[17:48:23] warmStart (decay=exponential) 64% (765/1184) regret=0.110205 ape=0.5954
[17:48:23] warmStart (decay=exponential) 64% (766/1184) regret=0.110205 ape=0.5954
[17:48:23] warmStart (decay=exponential) 64% (767/1184) regret=0.110205 ape=0.5954
[17:48:24] warmStart (decay=exponential) 64% (768/1184) regret=0.110205 ape=0.5954
[17:48:24] warmStart (decay=exponential) 64% (769/1184) regret=0.110205 ape=0.5954
[17:48:24] warmStart (decay=exponential) 65% (770/1184) regret=0.110205 ape=0.5954
[17:48:24] warmStart (decay=exponential) 65% (771/1184) regret=0.110205 ape=0.5954
[17:48:24] warmStart (decay=exponential) 65% (772/1184) regret=0.110205 ape=0.5954
[17:48:24] warmStart (decay=exponential) 65% (773/1184) regret=0.110205 ape=0.5954
[17:48:25] warmStart (decay=exponential) 65% (774/1184) regret=0.110205 ape=0.5954
[17:48:25] warmStart (decay=exponential) 65% (775/1184) regret=0.110205 ape=0.5954
[17:48:25] warmStart (decay=exponential) 65% (776/1184) regret=0.110205 ape=0.5954
[17:48:25] warmStart (decay=exponential) 65% (777/1184) regret=0.110205 ape=0.5954
[17:48:25] warmStart (decay=exponential) 65% (778/1184) regret=0.110205 ape=0.5954
[17:48:25] warmStart (decay=exponential) 65% (779/1184) regret=0.110205 ape=0.5954
[17:48:26] warmStart (decay=exponential) 65% (780/1184) regret=0.110205 ape=0.5954
[17:48:26] warmStart (decay=exponential) 65% (781/1184) regret=0.110205 ape=0.5954
[17:48:26] warmStart (decay=exponential) 66% (782/1184) regret=0.110205 ape=0.5954
[17:48:26] warmStart (decay=exponential) 66% (783/1184) regret=0.110205 ape=0.5954
[17:48:26] warmStart (decay=exponential) 66% (784/1184) regret=0.110205 ape=0.5954
[17:48:26] warmStart (decay=exponential) 66% (785/1184) regret=0.110205 ape=0.5954
[17:48:26] warmStart (decay=exponential) 66% (786/1184) regret=0.110205 ape=0.5954
[17:48:27] warmStart (decay=exponential) 66% (787/1184) regret=0.110205 ape=0.5954
[17:48:27] warmStart (decay=exponential) 66% (788/1184) regret=0.110205 ape=0.5954
[17:48:27] warmStart (decay=exponential) 66% (789/1184) regret=0.110205 ape=0.5954
[17:48:27] warmStart (decay=exponential) 66% (790/1184) regret=0.110205 ape=0.5954
[17:48:27] warmStart (decay=exponential) 66% (791/1184) regret=0.110205 ape=0.5954
[17:48:27] warmStart (decay=exponential) 66% (792/1184) regret=0.110205 ape=0.5954
[17:48:28] warmStart (decay=exponential) 66% (793/1184) regret=0.110205 ape=0.5954
[17:48:28] warmStart (decay=exponential) 67% (794/1184) regret=0.110205 ape=0.5954
[17:48:28] warmStart (decay=exponential) 67% (795/1184) regret=0.110205 ape=0.5954
[17:48:28] warmStart (decay=exponential) 67% (796/1184) regret=0.110205 ape=0.5954
[17:48:28] warmStart (decay=exponential) 67% (797/1184) regret=0.110205 ape=0.5954
[17:48:28] warmStart (decay=exponential) 67% (798/1184) regret=0.110205 ape=0.5954
[17:48:29] warmStart (decay=exponential) 67% (799/1184) regret=0.110246 ape=0.5963
[17:48:29] warmStart (decay=exponential) 67% (800/1184) regret=0.110246 ape=0.5963
[17:48:29] warmStart (decay=exponential) 67% (801/1184) regret=0.110246 ape=0.5963
[17:48:29] warmStart (decay=exponential) 67% (802/1184) regret=0.110246 ape=0.5963
[17:48:29] warmStart (decay=exponential) 67% (803/1184) regret=0.110297 ape=0.5963
[17:48:29] warmStart (decay=exponential) 67% (804/1184) regret=0.110297 ape=0.5963
[17:48:30] warmStart (decay=exponential) 67% (805/1184) regret=0.110297 ape=0.5963
[17:48:30] warmStart (decay=exponential) 68% (806/1184) regret=0.110297 ape=0.5963
[17:48:30] warmStart (decay=exponential) 68% (807/1184) regret=0.110297 ape=0.5963
[17:48:30] warmStart (decay=exponential) 68% (808/1184) regret=0.110297 ape=0.5963
[17:48:30] warmStart (decay=exponential) 68% (809/1184) regret=0.110297 ape=0.5963
[17:48:30] warmStart (decay=exponential) 68% (810/1184) regret=0.110297 ape=0.5963
[17:48:31] warmStart (decay=exponential) 68% (811/1184) regret=0.110297 ape=0.5963
[17:48:31] warmStart (decay=exponential) 68% (812/1184) regret=0.110297 ape=0.5963
[17:48:31] warmStart (decay=exponential) 68% (813/1184) regret=0.110297 ape=0.5963
[17:48:31] warmStart (decay=exponential) 68% (814/1184) regret=0.110297 ape=0.5963
[17:48:31] warmStart (decay=exponential) 68% (815/1184) regret=0.110297 ape=0.5963
[17:48:32] warmStart (decay=exponential) 68% (816/1184) regret=0.110297 ape=0.5963
[17:48:32] warmStart (decay=exponential) 69% (817/1184) regret=0.110297 ape=0.5963
[17:48:32] warmStart (decay=exponential) 69% (818/1184) regret=0.110297 ape=0.5963
[17:48:32] warmStart (decay=exponential) 69% (819/1184) regret=0.110297 ape=0.5963
[17:48:32] warmStart (decay=exponential) 69% (820/1184) regret=0.110297 ape=0.5963
[17:48:32] warmStart (decay=exponential) 69% (821/1184) regret=0.110297 ape=0.5963
[17:48:33] warmStart (decay=exponential) 69% (822/1184) regret=0.110297 ape=0.5963
[17:48:33] warmStart (decay=exponential) 69% (823/1184) regret=0.110297 ape=0.5963
[17:48:33] warmStart (decay=exponential) 69% (824/1184) regret=0.110297 ape=0.5963
[17:48:33] warmStart (decay=exponential) 69% (825/1184) regret=0.110297 ape=0.5963
[17:48:33] warmStart (decay=exponential) 69% (826/1184) regret=0.110297 ape=0.5963
[17:48:33] warmStart (decay=exponential) 69% (827/1184) regret=0.110297 ape=0.5963
[17:48:34] warmStart (decay=exponential) 69% (828/1184) regret=0.110297 ape=0.5963
[17:48:34] warmStart (decay=exponential) 70% (829/1184) regret=0.110297 ape=0.5963
[17:48:34] warmStart (decay=exponential) 70% (830/1184) regret=0.110297 ape=0.5963
[17:48:34] warmStart (decay=exponential) 70% (831/1184) regret=0.110297 ape=0.5963
[17:48:34] warmStart (decay=exponential) 70% (832/1184) regret=0.110297 ape=0.5963
[17:48:34] warmStart (decay=exponential) 70% (833/1184) regret=0.110297 ape=0.5963
[17:48:35] warmStart (decay=exponential) 70% (834/1184) regret=0.110297 ape=0.5963
[17:48:35] warmStart (decay=exponential) 70% (835/1184) regret=0.110297 ape=0.5963
[17:48:35] warmStart (decay=exponential) 70% (836/1184) regret=0.110297 ape=0.5963
[17:48:35] warmStart (decay=exponential) 70% (837/1184) regret=0.110297 ape=0.5963
[17:48:35] warmStart (decay=exponential) 70% (838/1184) regret=0.110297 ape=0.5963
[17:48:35] warmStart (decay=exponential) 70% (839/1184) regret=0.110297 ape=0.5963
[17:48:36] warmStart (decay=exponential) 70% (840/1184) regret=0.110297 ape=0.5963
[17:48:36] warmStart (decay=exponential) 71% (841/1184) regret=0.110297 ape=0.5963
[17:48:36] warmStart (decay=exponential) 71% (842/1184) regret=0.110297 ape=0.5963
[17:48:36] warmStart (decay=exponential) 71% (843/1184) regret=0.110297 ape=0.5963
[17:48:36] warmStart (decay=exponential) 71% (844/1184) regret=0.110297 ape=0.5963
[17:48:37] warmStart (decay=exponential) 71% (845/1184) regret=0.110297 ape=0.5963
[17:48:37] warmStart (decay=exponential) 71% (846/1184) regret=0.110297 ape=0.5963
[17:48:37] warmStart (decay=exponential) 71% (847/1184) regret=0.110297 ape=0.5963
[17:48:37] warmStart (decay=exponential) 71% (848/1184) regret=0.110297 ape=0.5963
[17:48:37] warmStart (decay=exponential) 71% (849/1184) regret=0.110297 ape=0.5963
[17:48:37] warmStart (decay=exponential) 71% (850/1184) regret=0.110297 ape=0.5963
[17:48:38] warmStart (decay=exponential) 71% (851/1184) regret=0.110297 ape=0.5963
[17:48:38] warmStart (decay=exponential) 71% (852/1184) regret=0.110297 ape=0.5963
[17:48:38] warmStart (decay=exponential) 72% (853/1184) regret=0.110297 ape=0.5963
[17:48:38] warmStart (decay=exponential) 72% (854/1184) regret=0.110297 ape=0.5963
[17:48:38] warmStart (decay=exponential) 72% (855/1184) regret=0.110297 ape=0.5963
[17:48:38] warmStart (decay=exponential) 72% (856/1184) regret=0.110297 ape=0.5963
[17:48:39] warmStart (decay=exponential) 72% (857/1184) regret=0.110297 ape=0.5963
[17:48:39] warmStart (decay=exponential) 72% (858/1184) regret=0.110297 ape=0.5963
[17:48:39] warmStart (decay=exponential) 72% (859/1184) regret=0.110297 ape=0.5963
[17:48:39] warmStart (decay=exponential) 72% (860/1184) regret=0.110297 ape=0.5963
[17:48:39] warmStart (decay=exponential) 72% (861/1184) regret=0.110297 ape=0.5963
[17:48:39] warmStart (decay=exponential) 72% (862/1184) regret=0.110297 ape=0.5963
[17:48:40] warmStart (decay=exponential) 72% (863/1184) regret=0.110297 ape=0.5963
[17:48:40] warmStart (decay=exponential) 72% (864/1184) regret=0.110297 ape=0.5963
[17:48:40] warmStart (decay=exponential) 73% (865/1184) regret=0.110297 ape=0.5963
[17:48:40] warmStart (decay=exponential) 73% (866/1184) regret=0.110297 ape=0.5963
[17:48:40] warmStart (decay=exponential) 73% (867/1184) regret=0.110297 ape=0.5963
[17:48:40] warmStart (decay=exponential) 73% (868/1184) regret=0.110297 ape=0.5963
[17:48:41] warmStart (decay=exponential) 73% (869/1184) regret=0.110297 ape=0.5963
[17:48:41] warmStart (decay=exponential) 73% (870/1184) regret=0.110297 ape=0.5963
[17:48:41] warmStart (decay=exponential) 73% (871/1184) regret=0.110297 ape=0.5963
[17:48:41] warmStart (decay=exponential) 73% (872/1184) regret=0.110297 ape=0.5963
[17:48:41] warmStart (decay=exponential) 73% (873/1184) regret=0.110297 ape=0.5963
[17:48:42] warmStart (decay=exponential) 73% (874/1184) regret=0.110297 ape=0.5963
[17:48:42] warmStart (decay=exponential) 73% (875/1184) regret=0.110297 ape=0.5963
[17:48:42] warmStart (decay=exponential) 73% (876/1184) regret=0.110297 ape=0.5963
[17:48:42] warmStart (decay=exponential) 74% (877/1184) regret=0.110297 ape=0.5963
[17:48:42] warmStart (decay=exponential) 74% (878/1184) regret=0.110297 ape=0.5963
[17:48:42] warmStart (decay=exponential) 74% (879/1184) regret=0.110297 ape=0.5963
[17:48:43] warmStart (decay=exponential) 74% (880/1184) regret=0.110297 ape=0.5963
[17:48:43] warmStart (decay=exponential) 74% (881/1184) regret=0.110297 ape=0.5963
[17:48:43] warmStart (decay=exponential) 74% (882/1184) regret=0.110297 ape=0.5963
[17:48:43] warmStart (decay=exponential) 74% (883/1184) regret=0.110297 ape=0.5963
[17:48:43] warmStart (decay=exponential) 74% (884/1184) regret=0.110297 ape=0.5963
[17:48:43] warmStart (decay=exponential) 74% (885/1184) regret=0.110297 ape=0.5963
[17:48:43] warmStart (decay=exponential) 74% (886/1184) regret=0.110297 ape=0.5963
[17:48:44] warmStart (decay=exponential) 74% (887/1184) regret=0.110297 ape=0.5963
[17:48:44] warmStart (decay=exponential) 75% (888/1184) regret=0.110297 ape=0.5963
[17:48:44] warmStart (decay=exponential) 75% (889/1184) regret=0.110297 ape=0.5963
[17:48:44] warmStart (decay=exponential) 75% (890/1184) regret=0.110297 ape=0.5963
[17:48:44] warmStart (decay=exponential) 75% (891/1184) regret=0.110297 ape=0.5963
[17:48:44] warmStart (decay=exponential) 75% (892/1184) regret=0.110297 ape=0.5963
[17:48:45] warmStart (decay=exponential) 75% (893/1184) regret=0.110297 ape=0.5963
[17:48:45] warmStart (decay=exponential) 75% (894/1184) regret=0.110297 ape=0.5963
[17:48:45] warmStart (decay=exponential) 75% (895/1184) regret=0.110297 ape=0.5963
[17:48:45] warmStart (decay=exponential) 75% (896/1184) regret=0.110297 ape=0.5963
[17:48:45] warmStart (decay=exponential) 75% (897/1184) regret=0.110297 ape=0.5963
[17:48:45] warmStart (decay=exponential) 75% (898/1184) regret=0.110297 ape=0.5963
[17:48:46] warmStart (decay=exponential) 75% (899/1184) regret=0.110297 ape=0.5963
[17:48:46] warmStart (decay=exponential) 76% (900/1184) regret=0.110297 ape=0.5963
[17:48:46] warmStart (decay=exponential) 76% (901/1184) regret=0.110297 ape=0.5963
[17:48:46] warmStart (decay=exponential) 76% (902/1184) regret=0.110297 ape=0.5963
[17:48:46] warmStart (decay=exponential) 76% (903/1184) regret=0.110297 ape=0.5963
[17:48:46] warmStart (decay=exponential) 76% (904/1184) regret=0.110297 ape=0.5963
[17:48:47] warmStart (decay=exponential) 76% (905/1184) regret=0.110297 ape=0.5963
[17:48:47] warmStart (decay=exponential) 76% (906/1184) regret=0.110297 ape=0.5963
[17:48:47] warmStart (decay=exponential) 76% (907/1184) regret=0.110297 ape=0.5963
[17:48:47] warmStart (decay=exponential) 76% (908/1184) regret=0.110297 ape=0.5963
[17:48:47] warmStart (decay=exponential) 76% (909/1184) regret=0.110297 ape=0.5963
[17:48:48] warmStart (decay=exponential) 76% (910/1184) regret=0.110297 ape=0.5963
[17:48:48] warmStart (decay=exponential) 76% (911/1184) regret=0.110297 ape=0.5963
[17:48:48] warmStart (decay=exponential) 77% (912/1184) regret=0.110297 ape=0.5963
[17:48:48] warmStart (decay=exponential) 77% (913/1184) regret=0.110297 ape=0.5963
[17:48:48] warmStart (decay=exponential) 77% (914/1184) regret=0.110297 ape=0.5963
[17:48:48] warmStart (decay=exponential) 77% (915/1184) regret=0.110297 ape=0.5963
[17:48:49] warmStart (decay=exponential) 77% (916/1184) regret=0.110297 ape=0.5963
[17:48:49] warmStart (decay=exponential) 77% (917/1184) regret=0.110297 ape=0.5963
[17:48:49] warmStart (decay=exponential) 77% (918/1184) regret=0.110297 ape=0.5963
[17:48:49] warmStart (decay=exponential) 77% (919/1184) regret=0.110297 ape=0.5963
[17:48:49] warmStart (decay=exponential) 77% (920/1184) regret=0.110297 ape=0.5963
[17:48:49] warmStart (decay=exponential) 77% (921/1184) regret=0.110297 ape=0.5963
[17:48:50] warmStart (decay=exponential) 77% (922/1184) regret=0.110297 ape=0.5963
[17:48:50] warmStart (decay=exponential) 77% (923/1184) regret=0.110297 ape=0.5963
[17:48:50] warmStart (decay=exponential) 78% (924/1184) regret=0.110297 ape=0.5963
[17:48:50] warmStart (decay=exponential) 78% (925/1184) regret=0.110297 ape=0.5963
[17:48:50] warmStart (decay=exponential) 78% (926/1184) regret=0.110297 ape=0.5963
[17:48:50] warmStart (decay=exponential) 78% (927/1184) regret=0.110297 ape=0.5963
[17:48:51] warmStart (decay=exponential) 78% (928/1184) regret=0.110297 ape=0.5963
[17:48:51] warmStart (decay=exponential) 78% (929/1184) regret=0.110297 ape=0.5963
[17:48:51] warmStart (decay=exponential) 78% (930/1184) regret=0.110297 ape=0.5963
[17:48:51] warmStart (decay=exponential) 78% (931/1184) regret=0.110297 ape=0.5963
[17:48:51] warmStart (decay=exponential) 78% (932/1184) regret=0.110297 ape=0.5963
[17:48:52] warmStart (decay=exponential) 78% (933/1184) regret=0.110297 ape=0.5963
[17:48:52] warmStart (decay=exponential) 78% (934/1184) regret=0.110297 ape=0.5963
[17:48:52] warmStart (decay=exponential) 78% (935/1184) regret=0.110297 ape=0.5963
[17:48:52] warmStart (decay=exponential) 79% (936/1184) regret=0.110297 ape=0.5963
[17:48:52] warmStart (decay=exponential) 79% (937/1184) regret=0.110297 ape=0.5963
[17:48:52] warmStart (decay=exponential) 79% (938/1184) regret=0.110297 ape=0.5963
[17:48:53] warmStart (decay=exponential) 79% (939/1184) regret=0.110297 ape=0.5963
[17:48:53] warmStart (decay=exponential) 79% (940/1184) regret=0.110297 ape=0.5963
[17:48:53] warmStart (decay=exponential) 79% (941/1184) regret=0.110297 ape=0.5963
[17:48:53] warmStart (decay=exponential) 79% (942/1184) regret=0.110297 ape=0.5963
[17:48:53] warmStart (decay=exponential) 79% (943/1184) regret=0.110297 ape=0.5963
[17:48:53] warmStart (decay=exponential) 79% (944/1184) regret=0.110297 ape=0.5963
[17:48:54] warmStart (decay=exponential) 79% (945/1184) regret=0.110297 ape=0.5963
[17:48:54] warmStart (decay=exponential) 79% (946/1184) regret=0.110297 ape=0.5963
[17:48:54] warmStart (decay=exponential) 79% (947/1184) regret=0.110297 ape=0.5963
[17:48:54] warmStart (decay=exponential) 80% (948/1184) regret=0.110297 ape=0.5963
[17:48:54] warmStart (decay=exponential) 80% (949/1184) regret=0.110297 ape=0.5963
[17:48:55] warmStart (decay=exponential) 80% (950/1184) regret=0.110297 ape=0.5963
[17:48:55] warmStart (decay=exponential) 80% (951/1184) regret=0.110297 ape=0.5963
[17:48:55] warmStart (decay=exponential) 80% (952/1184) regret=0.110297 ape=0.5963
[17:48:55] warmStart (decay=exponential) 80% (953/1184) regret=0.110297 ape=0.5963
[17:48:55] warmStart (decay=exponential) 80% (954/1184) regret=0.110297 ape=0.5963
[17:48:55] warmStart (decay=exponential) 80% (955/1184) regret=0.110297 ape=0.5963
[17:48:56] warmStart (decay=exponential) 80% (956/1184) regret=0.110297 ape=0.5963
[17:48:56] warmStart (decay=exponential) 80% (957/1184) regret=0.110297 ape=0.5963
[17:48:56] warmStart (decay=exponential) 80% (958/1184) regret=0.110297 ape=0.5963
[17:48:56] warmStart (decay=exponential) 80% (959/1184) regret=0.110297 ape=0.5963
[17:48:56] warmStart (decay=exponential) 81% (960/1184) regret=0.110297 ape=0.5963
[17:48:56] warmStart (decay=exponential) 81% (961/1184) regret=0.110297 ape=0.5963
[17:48:57] warmStart (decay=exponential) 81% (962/1184) regret=0.110297 ape=0.5963
[17:48:57] warmStart (decay=exponential) 81% (963/1184) regret=0.110297 ape=0.5963
[17:48:57] warmStart (decay=exponential) 81% (964/1184) regret=0.110299 ape=0.5963
[17:48:57] warmStart (decay=exponential) 81% (965/1184) regret=0.110297 ape=0.5963
[17:48:57] warmStart (decay=exponential) 81% (966/1184) regret=0.110299 ape=0.5963
[17:48:57] warmStart (decay=exponential) 81% (967/1184) regret=0.110297 ape=0.5963
[17:48:58] warmStart (decay=exponential) 81% (968/1184) regret=0.110299 ape=0.5963
[17:48:58] warmStart (decay=exponential) 81% (969/1184) regret=0.110299 ape=0.5963
[17:48:58] warmStart (decay=exponential) 81% (970/1184) regret=0.110295 ape=0.5954
[17:48:58] warmStart (decay=exponential) 82% (971/1184) regret=0.110295 ape=0.5954
[17:48:58] warmStart (decay=exponential) 82% (972/1184) regret=0.110295 ape=0.5954
[17:48:58] warmStart (decay=exponential) 82% (973/1184) regret=0.110295 ape=0.5954
[17:48:59] warmStart (decay=exponential) 82% (974/1184) regret=0.110295 ape=0.5954
[17:48:59] warmStart (decay=exponential) 82% (975/1184) regret=0.110295 ape=0.5954
[17:48:59] warmStart (decay=exponential) 82% (976/1184) regret=0.110295 ape=0.5954
[17:48:59] warmStart (decay=exponential) 82% (977/1184) regret=0.110295 ape=0.5954
[17:48:59] warmStart (decay=exponential) 82% (978/1184) regret=0.110295 ape=0.5954
[17:48:59] warmStart (decay=exponential) 82% (979/1184) regret=0.110295 ape=0.5954
[17:48:59] warmStart (decay=exponential) 82% (980/1184) regret=0.110295 ape=0.5954
[17:49:00] warmStart (decay=exponential) 82% (981/1184) regret=0.110295 ape=0.5954
[17:49:00] warmStart (decay=exponential) 82% (982/1184) regret=0.110295 ape=0.5954
[17:49:00] warmStart (decay=exponential) 83% (983/1184) regret=0.110295 ape=0.5954
[17:49:00] warmStart (decay=exponential) 83% (984/1184) regret=0.110295 ape=0.5954
[17:49:00] warmStart (decay=exponential) 83% (985/1184) regret=0.110295 ape=0.5954
[17:49:00] warmStart (decay=exponential) 83% (986/1184) regret=0.110295 ape=0.5954
[17:49:00] warmStart (decay=exponential) 83% (987/1184) regret=0.110295 ape=0.5954
[17:49:01] warmStart (decay=exponential) 83% (988/1184) regret=0.110295 ape=0.5954
[17:49:01] warmStart (decay=exponential) 83% (989/1184) regret=0.110295 ape=0.5954
[17:49:01] warmStart (decay=exponential) 83% (990/1184) regret=0.110295 ape=0.5954
[17:49:01] warmStart (decay=exponential) 83% (991/1184) regret=0.110304 ape=0.5954
[17:49:01] warmStart (decay=exponential) 83% (992/1184) regret=0.110300 ape=0.5954
[17:49:01] warmStart (decay=exponential) 83% (993/1184) regret=0.110295 ape=0.5954
[17:49:02] warmStart (decay=exponential) 83% (994/1184) regret=0.110295 ape=0.5954
[17:49:02] warmStart (decay=exponential) 84% (995/1184) regret=0.110295 ape=0.5954
[17:49:02] warmStart (decay=exponential) 84% (996/1184) regret=0.110304 ape=0.5954
[17:49:02] warmStart (decay=exponential) 84% (997/1184) regret=0.110304 ape=0.5954
[17:49:02] warmStart (decay=exponential) 84% (998/1184) regret=0.110304 ape=0.5954
[17:49:02] warmStart (decay=exponential) 84% (999/1184) regret=0.110304 ape=0.5954
[17:49:02] warmStart (decay=exponential) 84% (1000/1184) regret=0.110304 ape=0.5954
[17:49:03] warmStart (decay=exponential) 84% (1001/1184) regret=0.110304 ape=0.5954
[17:49:03] warmStart (decay=exponential) 84% (1002/1184) regret=0.110304 ape=0.5954
[17:49:03] warmStart (decay=exponential) 84% (1003/1184) regret=0.110304 ape=0.5954
[17:49:03] warmStart (decay=exponential) 84% (1004/1184) regret=0.110304 ape=0.5954
[17:49:03] warmStart (decay=exponential) 84% (1005/1184) regret=0.110295 ape=0.5954
[17:49:03] warmStart (decay=exponential) 84% (1006/1184) regret=0.110295 ape=0.5954
[17:49:04] warmStart (decay=exponential) 85% (1007/1184) regret=0.110295 ape=0.5954
[17:49:04] warmStart (decay=exponential) 85% (1008/1184) regret=0.110295 ape=0.5954
[17:49:04] warmStart (decay=exponential) 85% (1009/1184) regret=0.110295 ape=0.5954
[17:49:04] warmStart (decay=exponential) 85% (1010/1184) regret=0.110295 ape=0.5954
[17:49:04] warmStart (decay=exponential) 85% (1011/1184) regret=0.110295 ape=0.5954
[17:49:04] warmStart (decay=exponential) 85% (1012/1184) regret=0.110295 ape=0.5954
[17:49:04] warmStart (decay=exponential) 85% (1013/1184) regret=0.110295 ape=0.5954
[17:49:05] warmStart (decay=exponential) 85% (1014/1184) regret=0.110295 ape=0.5954
[17:49:05] warmStart (decay=exponential) 85% (1015/1184) regret=0.110295 ape=0.5954
[17:49:05] warmStart (decay=exponential) 85% (1016/1184) regret=0.110295 ape=0.5954
[17:49:05] warmStart (decay=exponential) 85% (1017/1184) regret=0.110295 ape=0.5954
[17:49:05] warmStart (decay=exponential) 85% (1018/1184) regret=0.110291 ape=0.5945
[17:49:05] warmStart (decay=exponential) 86% (1019/1184) regret=0.110291 ape=0.5945
[17:49:06] warmStart (decay=exponential) 86% (1020/1184) regret=0.110291 ape=0.5945
[17:49:06] warmStart (decay=exponential) 86% (1021/1184) regret=0.110291 ape=0.5945
[17:49:06] warmStart (decay=exponential) 86% (1022/1184) regret=0.110291 ape=0.5945
[17:49:06] warmStart (decay=exponential) 86% (1023/1184) regret=0.110292 ape=0.5945
[17:49:06] warmStart (decay=exponential) 86% (1024/1184) regret=0.110292 ape=0.5945
[17:49:06] warmStart (decay=exponential) 86% (1025/1184) regret=0.110293 ape=0.5945
[17:49:07] warmStart (decay=exponential) 86% (1026/1184) regret=0.110291 ape=0.5945
[17:49:07] warmStart (decay=exponential) 86% (1027/1184) regret=0.110297 ape=0.5945
[17:49:07] warmStart (decay=exponential) 86% (1028/1184) regret=0.110297 ape=0.5945
[17:49:07] warmStart (decay=exponential) 86% (1029/1184) regret=0.110297 ape=0.5945
[17:49:07] warmStart (decay=exponential) 86% (1030/1184) regret=0.110297 ape=0.5945
[17:49:07] warmStart (decay=exponential) 87% (1031/1184) regret=0.110297 ape=0.5945
[17:49:07] warmStart (decay=exponential) 87% (1032/1184) regret=0.110297 ape=0.5945
[17:49:08] warmStart (decay=exponential) 87% (1033/1184) regret=0.110297 ape=0.5945
[17:49:08] warmStart (decay=exponential) 87% (1034/1184) regret=0.110297 ape=0.5945
[17:49:08] warmStart (decay=exponential) 87% (1035/1184) regret=0.110297 ape=0.5945
[17:49:08] warmStart (decay=exponential) 87% (1036/1184) regret=0.110297 ape=0.5945
[17:49:08] warmStart (decay=exponential) 87% (1037/1184) regret=0.110297 ape=0.5945
[17:49:08] warmStart (decay=exponential) 87% (1038/1184) regret=0.110297 ape=0.5945
[17:49:09] warmStart (decay=exponential) 87% (1039/1184) regret=0.110297 ape=0.5945
[17:49:09] warmStart (decay=exponential) 87% (1040/1184) regret=0.110297 ape=0.5945
[17:49:09] warmStart (decay=exponential) 87% (1041/1184) regret=0.110297 ape=0.5945
[17:49:09] warmStart (decay=exponential) 88% (1042/1184) regret=0.110297 ape=0.5945
[17:49:09] warmStart (decay=exponential) 88% (1043/1184) regret=0.110297 ape=0.5945
[17:49:09] warmStart (decay=exponential) 88% (1044/1184) regret=0.110291 ape=0.5945
[17:49:10] warmStart (decay=exponential) 88% (1045/1184) regret=0.110291 ape=0.5945
[17:49:10] warmStart (decay=exponential) 88% (1046/1184) regret=0.110291 ape=0.5945
[17:49:10] warmStart (decay=exponential) 88% (1047/1184) regret=0.110291 ape=0.5945
[17:49:10] warmStart (decay=exponential) 88% (1048/1184) regret=0.110291 ape=0.5945
[17:49:10] warmStart (decay=exponential) 88% (1049/1184) regret=0.110291 ape=0.5945
[17:49:10] warmStart (decay=exponential) 88% (1050/1184) regret=0.110291 ape=0.5945
[17:49:10] warmStart (decay=exponential) 88% (1051/1184) regret=0.110291 ape=0.5945
[17:49:11] warmStart (decay=exponential) 88% (1052/1184) regret=0.110291 ape=0.5945
[17:49:11] warmStart (decay=exponential) 88% (1053/1184) regret=0.110291 ape=0.5945
[17:49:11] warmStart (decay=exponential) 89% (1054/1184) regret=0.110291 ape=0.5945
[17:49:11] warmStart (decay=exponential) 89% (1055/1184) regret=0.110291 ape=0.5945
[17:49:11] warmStart (decay=exponential) 89% (1056/1184) regret=0.110291 ape=0.5945
[17:49:11] warmStart (decay=exponential) 89% (1057/1184) regret=0.110291 ape=0.5945
[17:49:12] warmStart (decay=exponential) 89% (1058/1184) regret=0.110291 ape=0.5945
[17:49:12] warmStart (decay=exponential) 89% (1059/1184) regret=0.110595 ape=0.5945
[17:49:12] warmStart (decay=exponential) 89% (1060/1184) regret=0.110148 ape=0.5935
[17:49:12] warmStart (decay=exponential) 89% (1061/1184) regret=0.110148 ape=0.5935
[17:49:12] warmStart (decay=exponential) 89% (1062/1184) regret=0.110258 ape=0.5945
[17:49:12] warmStart (decay=exponential) 89% (1063/1184) regret=0.110148 ape=0.5935
[17:49:13] warmStart (decay=exponential) 89% (1064/1184) regret=0.110194 ape=0.5945
[17:49:13] warmStart (decay=exponential) 89% (1065/1184) regret=0.110194 ape=0.5945
[17:49:13] warmStart (decay=exponential) 90% (1066/1184) regret=0.110194 ape=0.5945
[17:49:13] warmStart (decay=exponential) 90% (1067/1184) regret=0.110194 ape=0.5945
[17:49:13] warmStart (decay=exponential) 90% (1068/1184) regret=0.110194 ape=0.5945
[17:49:13] warmStart (decay=exponential) 90% (1069/1184) regret=0.110194 ape=0.5945
[17:49:13] warmStart (decay=exponential) 90% (1070/1184) regret=0.110197 ape=0.5954
[17:49:14] warmStart (decay=exponential) 90% (1071/1184) regret=0.110197 ape=0.5954
[17:49:14] warmStart (decay=exponential) 90% (1072/1184) regret=0.110197 ape=0.5954
[17:49:14] warmStart (decay=exponential) 90% (1073/1184) regret=0.110197 ape=0.5954
[17:49:14] warmStart (decay=exponential) 90% (1074/1184) regret=0.110197 ape=0.5954
[17:49:14] warmStart (decay=exponential) 90% (1075/1184) regret=0.110197 ape=0.5954
[17:49:14] warmStart (decay=exponential) 90% (1076/1184) regret=0.110197 ape=0.5954
[17:49:14] warmStart (decay=exponential) 90% (1077/1184) regret=0.110197 ape=0.5954
[17:49:15] warmStart (decay=exponential) 91% (1078/1184) regret=0.110197 ape=0.5954
[17:49:15] warmStart (decay=exponential) 91% (1079/1184) regret=0.110197 ape=0.5954
[17:49:15] warmStart (decay=exponential) 91% (1080/1184) regret=0.110197 ape=0.5954
[17:49:15] warmStart (decay=exponential) 91% (1081/1184) regret=0.110197 ape=0.5954
[17:49:15] warmStart (decay=exponential) 91% (1082/1184) regret=0.110197 ape=0.5954
[17:49:15] warmStart (decay=exponential) 91% (1083/1184) regret=0.110197 ape=0.5954
[17:49:15] warmStart (decay=exponential) 91% (1084/1184) regret=0.110197 ape=0.5954
[17:49:16] warmStart (decay=exponential) 91% (1085/1184) regret=0.110197 ape=0.5954
[17:49:16] warmStart (decay=exponential) 91% (1086/1184) regret=0.110194 ape=0.5945
[17:49:16] warmStart (decay=exponential) 91% (1087/1184) regret=0.110194 ape=0.5945
[17:49:16] warmStart (decay=exponential) 91% (1088/1184) regret=0.110194 ape=0.5945
[17:49:16] warmStart (decay=exponential) 91% (1089/1184) regret=0.110194 ape=0.5945
[17:49:16] warmStart (decay=exponential) 92% (1090/1184) regret=0.110194 ape=0.5945
[17:49:16] warmStart (decay=exponential) 92% (1091/1184) regret=0.110194 ape=0.5945
[17:49:17] warmStart (decay=exponential) 92% (1092/1184) regret=0.110194 ape=0.5945
[17:49:17] warmStart (decay=exponential) 92% (1093/1184) regret=0.110194 ape=0.5945
[17:49:17] warmStart (decay=exponential) 92% (1094/1184) regret=0.110194 ape=0.5945
[17:49:17] warmStart (decay=exponential) 92% (1095/1184) regret=0.110194 ape=0.5945
[17:49:17] warmStart (decay=exponential) 92% (1096/1184) regret=0.110194 ape=0.5945
[17:49:17] warmStart (decay=exponential) 92% (1097/1184) regret=0.110194 ape=0.5945
[17:49:18] warmStart (decay=exponential) 92% (1098/1184) regret=0.110194 ape=0.5945
[17:49:18] warmStart (decay=exponential) 92% (1099/1184) regret=0.110194 ape=0.5945
[17:49:18] warmStart (decay=exponential) 92% (1100/1184) regret=0.110194 ape=0.5945
[17:49:18] warmStart (decay=exponential) 92% (1101/1184) regret=0.110194 ape=0.5945
[17:49:18] warmStart (decay=exponential) 93% (1102/1184) regret=0.110194 ape=0.5945
[17:49:18] warmStart (decay=exponential) 93% (1103/1184) regret=0.110194 ape=0.5945
[17:49:19] warmStart (decay=exponential) 93% (1104/1184) regret=0.110194 ape=0.5945
[17:49:19] warmStart (decay=exponential) 93% (1105/1184) regret=0.110194 ape=0.5945
[17:49:19] warmStart (decay=exponential) 93% (1106/1184) regret=0.110194 ape=0.5945
[17:49:19] warmStart (decay=exponential) 93% (1107/1184) regret=0.110194 ape=0.5945
[17:49:19] warmStart (decay=exponential) 93% (1108/1184) regret=0.110194 ape=0.5945
[17:49:19] warmStart (decay=exponential) 93% (1109/1184) regret=0.110194 ape=0.5945
[17:49:20] warmStart (decay=exponential) 93% (1110/1184) regret=0.110194 ape=0.5945
[17:49:20] warmStart (decay=exponential) 93% (1111/1184) regret=0.110194 ape=0.5945
[17:49:20] warmStart (decay=exponential) 93% (1112/1184) regret=0.110194 ape=0.5945
[17:49:20] warmStart (decay=exponential) 94% (1113/1184) regret=0.110194 ape=0.5945
[17:49:20] warmStart (decay=exponential) 94% (1114/1184) regret=0.110194 ape=0.5945
[17:49:20] warmStart (decay=exponential) 94% (1115/1184) regret=0.110194 ape=0.5945
[17:49:20] warmStart (decay=exponential) 94% (1116/1184) regret=0.110194 ape=0.5945
[17:49:21] warmStart (decay=exponential) 94% (1117/1184) regret=0.110194 ape=0.5945
[17:49:21] warmStart (decay=exponential) 94% (1118/1184) regret=0.110194 ape=0.5945
[17:49:21] warmStart (decay=exponential) 94% (1119/1184) regret=0.110194 ape=0.5945
[17:49:21] warmStart (decay=exponential) 94% (1120/1184) regret=0.110194 ape=0.5945
[17:49:21] warmStart (decay=exponential) 94% (1121/1184) regret=0.110194 ape=0.5945
[17:49:21] warmStart (decay=exponential) 94% (1122/1184) regret=0.110194 ape=0.5945
[17:49:22] warmStart (decay=exponential) 94% (1123/1184) regret=0.110194 ape=0.5945
[17:49:22] warmStart (decay=exponential) 94% (1124/1184) regret=0.110194 ape=0.5945
[17:49:22] warmStart (decay=exponential) 95% (1125/1184) regret=0.110194 ape=0.5945
[17:49:22] warmStart (decay=exponential) 95% (1126/1184) regret=0.110194 ape=0.5945
[17:49:22] warmStart (decay=exponential) 95% (1127/1184) regret=0.110194 ape=0.5945
[17:49:22] warmStart (decay=exponential) 95% (1128/1184) regret=0.110194 ape=0.5945
[17:49:23] warmStart (decay=exponential) 95% (1129/1184) regret=0.110194 ape=0.5945
[17:49:23] warmStart (decay=exponential) 95% (1130/1184) regret=0.110194 ape=0.5945
[17:49:23] warmStart (decay=exponential) 95% (1131/1184) regret=0.110194 ape=0.5945
[17:49:23] warmStart (decay=exponential) 95% (1132/1184) regret=0.110197 ape=0.5945
[17:49:23] warmStart (decay=exponential) 95% (1133/1184) regret=0.110197 ape=0.5945
[17:49:23] warmStart (decay=exponential) 95% (1134/1184) regret=0.110188 ape=0.5945
[17:49:23] warmStart (decay=exponential) 95% (1135/1184) regret=0.110188 ape=0.5945
[17:49:24] warmStart (decay=exponential) 95% (1136/1184) regret=0.110189 ape=0.5945
[17:49:24] warmStart (decay=exponential) 96% (1137/1184) regret=0.110189 ape=0.5945
[17:49:24] warmStart (decay=exponential) 96% (1138/1184) regret=0.110189 ape=0.5945
[17:49:24] warmStart (decay=exponential) 96% (1139/1184) regret=0.110189 ape=0.5945
[17:49:24] warmStart (decay=exponential) 96% (1140/1184) regret=0.110189 ape=0.5945
[17:49:24] warmStart (decay=exponential) 96% (1141/1184) regret=0.110189 ape=0.5945
[17:49:24] warmStart (decay=exponential) 96% (1142/1184) regret=0.110189 ape=0.5945
[17:49:25] warmStart (decay=exponential) 96% (1143/1184) regret=0.110189 ape=0.5945
[17:49:25] warmStart (decay=exponential) 96% (1144/1184) regret=0.110189 ape=0.5945
[17:49:25] warmStart (decay=exponential) 96% (1145/1184) regret=0.110189 ape=0.5945
[17:49:25] warmStart (decay=exponential) 96% (1146/1184) regret=0.110189 ape=0.5945
[17:49:25] warmStart (decay=exponential) 96% (1147/1184) regret=0.110189 ape=0.5945
[17:49:25] warmStart (decay=exponential) 96% (1148/1184) regret=0.110189 ape=0.5945
[17:49:25] warmStart (decay=exponential) 97% (1149/1184) regret=0.110189 ape=0.5945
[17:49:26] warmStart (decay=exponential) 97% (1150/1184) regret=0.110189 ape=0.5945
[17:49:26] warmStart (decay=exponential) 97% (1151/1184) regret=0.110189 ape=0.5945
[17:49:26] warmStart (decay=exponential) 97% (1152/1184) regret=0.110189 ape=0.5945
[17:49:26] warmStart (decay=exponential) 97% (1153/1184) regret=0.110192 ape=0.5945
[17:49:26] warmStart (decay=exponential) 97% (1154/1184) regret=0.110109 ape=0.5945
[17:49:26] warmStart (decay=exponential) 97% (1155/1184) regret=0.110109 ape=0.5945
[17:49:27] warmStart (decay=exponential) 97% (1156/1184) regret=0.110109 ape=0.5945
[17:49:27] warmStart (decay=exponential) 97% (1157/1184) regret=0.110058 ape=0.5935
[17:49:27] warmStart (decay=exponential) 97% (1158/1184) regret=0.110058 ape=0.5935
[17:49:27] warmStart (decay=exponential) 97% (1159/1184) regret=0.109827 ape=0.5935
[17:49:27] warmStart (decay=exponential) 97% (1160/1184) regret=0.109827 ape=0.5935
[17:49:27] warmStart (decay=exponential) 98% (1161/1184) regret=0.109827 ape=0.5935
[17:49:28] warmStart (decay=exponential) 98% (1162/1184) regret=0.109827 ape=0.5935
[17:49:28] warmStart (decay=exponential) 98% (1163/1184) regret=0.109827 ape=0.5935
[17:49:28] warmStart (decay=exponential) 98% (1164/1184) regret=0.109827 ape=0.5935
[17:49:28] warmStart (decay=exponential) 98% (1165/1184) regret=0.109827 ape=0.5935
[17:49:28] warmStart (decay=exponential) 98% (1166/1184) regret=0.109827 ape=0.5935
[17:49:28] warmStart (decay=exponential) 98% (1167/1184) regret=0.109827 ape=0.5935
[17:49:28] warmStart (decay=exponential) 98% (1168/1184) regret=0.109827 ape=0.5935
[17:49:29] warmStart (decay=exponential) 98% (1169/1184) regret=0.109827 ape=0.5935
[17:49:29] warmStart (decay=exponential) 98% (1170/1184) regret=0.109827 ape=0.5935
[17:49:29] warmStart (decay=exponential) 98% (1171/1184) regret=0.109827 ape=0.5935
[17:49:29] warmStart (decay=exponential) 98% (1172/1184) regret=0.109735 ape=0.5926
[17:49:29] warmStart (decay=exponential) 99% (1173/1184) regret=0.109735 ape=0.5926
[17:49:29] warmStart (decay=exponential) 99% (1174/1184) regret=0.109735 ape=0.5926
[17:49:30] warmStart (decay=exponential) 99% (1175/1184) regret=0.109735 ape=0.5926
[17:49:30] warmStart (decay=exponential) 99% (1176/1184) regret=0.109735 ape=0.5926
[17:49:30] warmStart (decay=exponential) 99% (1177/1184) regret=0.109735 ape=0.5926
[17:49:30] warmStart (decay=exponential) 99% (1178/1184) regret=0.109735 ape=0.5926
[17:49:30] warmStart (decay=exponential) 99% (1179/1184) regret=0.109735 ape=0.5926
[17:49:30] warmStart (decay=exponential) 99% (1180/1184) regret=0.109735 ape=0.5926
[17:49:30] warmStart (decay=exponential) 99% (1181/1184) regret=0.109735 ape=0.5926
[17:49:31] warmStart (decay=exponential) 99% (1182/1184) regret=0.109735 ape=0.5926
[17:49:31] warmStart (decay=exponential) 99% (1183/1184) regret=0.109726 ape=0.5917
Warm w=50 finished: 1183 points, 192.49s wall time
  Final: regret=0.109726, ape=0.5917

Saved: /home/users/g/s/gsavary/LudiiMCTSVariations/slurm_sweep_full_dataset/output_decay/warm_50_decay_exponential_0_15/seed_4/sweep_decay_warm_50_exponential_0.15_4_20260426_174931.json

Generating plots...
Saved: /home/users/g/s/gsavary/LudiiMCTSVariations/slurm_sweep_full_dataset/output_decay/warm_50_decay_exponential_0_15/seed_4/sweep_decay_warm_50_exponential_0.15_4_20260426_174931_regret.png
Saved: /home/users/g/s/gsavary/LudiiMCTSVariations/slurm_sweep_full_dataset/output_decay/warm_50_decay_exponential_0_15/seed_4/sweep_decay_warm_50_exponential_0.15_4_20260426_174931_ape.png

================================================================================
Experiment complete!
================================================================================
Done. Results in: /home/users/g/s/gsavary/LudiiMCTSVariations/slurm_sweep_full_dataset/output_decay/warm_50_decay_exponential_0_15/seed_4
