============================================================
Decay sweep experiment
Method:      warm:50
Decay mode:  exponential
Decay param: 0.025
Seed:        2
Output:      /home/users/g/s/gsavary/LudiiMCTSVariations/slurm_sweep_full_dataset/output_decay/warm_50_decay_exponential_0_025/seed_2
============================================================

================================================================================
SLURM Sweep Experiment with Synthetic Data Decay
================================================================================
Method: warm:50
Decay: exponential (param=0.025)
Time limit: 3600.0s, Seed: 2, Batch size: 20
Output directory: /home/users/g/s/gsavary/LudiiMCTSVariations/slurm_sweep_full_dataset/output_decay/warm_50_decay_exponential_0_025/seed_2

Loading Ludii dataset...
Loaded 1085 games
Using 1085 games (full dataset)

Running timing probe (100 pulls)...
  Estimated secs/pull: 0.021648

Time budget: 3600.0s → ~166293 total pulls
Per-method budget: 23756 pulls (~514.3s)

Computing predictor-only performance...
  Predictions loaded: 23675 agent predictions
  Predictor-only: regret=0.104318, ape=0.4894

Running WARM-START (w=50, decay=exponential param=0.025)...
[17:42:21] warmStart (decay=exponential) 0% (1/1188) regret=0.110142 ape=0.6046
[17:42:21] warmStart (decay=exponential) 0% (2/1188) regret=0.110142 ape=0.6046
[17:42:21] warmStart (decay=exponential) 0% (3/1188) regret=0.110142 ape=0.6046
[17:42:21] warmStart (decay=exponential) 0% (4/1188) regret=0.110137 ape=0.6037
[17:42:21] warmStart (decay=exponential) 0% (5/1188) regret=0.110137 ape=0.6037
[17:42:21] warmStart (decay=exponential) 0% (6/1188) regret=0.109308 ape=0.6037
[17:42:22] warmStart (decay=exponential) 0% (7/1188) regret=0.109308 ape=0.6037
[17:42:22] warmStart (decay=exponential) 0% (8/1188) regret=0.109309 ape=0.6037
[17:42:22] warmStart (decay=exponential) 0% (9/1188) regret=0.109362 ape=0.6037
[17:42:22] warmStart (decay=exponential) 0% (10/1188) regret=0.109288 ape=0.6037
[17:42:22] warmStart (decay=exponential) 0% (11/1188) regret=0.109288 ape=0.6037
[17:42:22] warmStart (decay=exponential) 1% (12/1188) regret=0.109288 ape=0.6037
[17:42:23] warmStart (decay=exponential) 1% (13/1188) regret=0.109288 ape=0.6037
[17:42:23] warmStart (decay=exponential) 1% (14/1188) regret=0.109288 ape=0.6037
[17:42:23] warmStart (decay=exponential) 1% (15/1188) regret=0.109288 ape=0.6037
[17:42:23] warmStart (decay=exponential) 1% (16/1188) regret=0.109288 ape=0.6037
[17:42:23] warmStart (decay=exponential) 1% (17/1188) regret=0.109390 ape=0.6037
[17:42:23] warmStart (decay=exponential) 1% (18/1188) regret=0.109288 ape=0.6037
[17:42:24] warmStart (decay=exponential) 1% (19/1188) regret=0.109288 ape=0.6037
[17:42:24] warmStart (decay=exponential) 1% (20/1188) regret=0.109288 ape=0.6037
[17:42:24] warmStart (decay=exponential) 1% (21/1188) regret=0.109639 ape=0.6037
[17:42:24] warmStart (decay=exponential) 1% (22/1188) regret=0.108929 ape=0.6028
[17:42:24] warmStart (decay=exponential) 1% (23/1188) regret=0.108927 ape=0.6028
[17:42:24] warmStart (decay=exponential) 2% (24/1188) regret=0.108929 ape=0.6028
[17:42:24] warmStart (decay=exponential) 2% (25/1188) regret=0.108929 ape=0.6028
[17:42:25] warmStart (decay=exponential) 2% (26/1188) regret=0.108929 ape=0.6028
[17:42:25] warmStart (decay=exponential) 2% (27/1188) regret=0.108929 ape=0.6028
[17:42:25] warmStart (decay=exponential) 2% (28/1188) regret=0.108929 ape=0.6028
[17:42:25] warmStart (decay=exponential) 2% (29/1188) regret=0.108929 ape=0.6028
[17:42:25] warmStart (decay=exponential) 2% (30/1188) regret=0.108929 ape=0.6028
[17:42:25] warmStart (decay=exponential) 2% (31/1188) regret=0.108929 ape=0.6028
[17:42:26] warmStart (decay=exponential) 2% (32/1188) regret=0.108934 ape=0.6037
[17:42:26] warmStart (decay=exponential) 2% (33/1188) regret=0.108900 ape=0.6037
[17:42:26] warmStart (decay=exponential) 2% (34/1188) regret=0.108934 ape=0.6037
[17:42:26] warmStart (decay=exponential) 2% (35/1188) regret=0.108900 ape=0.6037
[17:42:26] warmStart (decay=exponential) 3% (36/1188) regret=0.108900 ape=0.6037
[17:42:26] warmStart (decay=exponential) 3% (37/1188) regret=0.108900 ape=0.6037
[17:42:27] warmStart (decay=exponential) 3% (38/1188) regret=0.108900 ape=0.6037
[17:42:27] warmStart (decay=exponential) 3% (39/1188) regret=0.108900 ape=0.6037
[17:42:27] warmStart (decay=exponential) 3% (40/1188) regret=0.108900 ape=0.6037
[17:42:27] warmStart (decay=exponential) 3% (41/1188) regret=0.108884 ape=0.6037
[17:42:27] warmStart (decay=exponential) 3% (42/1188) regret=0.108878 ape=0.6037
[17:42:27] warmStart (decay=exponential) 3% (43/1188) regret=0.108884 ape=0.6037
[17:42:28] warmStart (decay=exponential) 3% (44/1188) regret=0.108884 ape=0.6037
[17:42:28] warmStart (decay=exponential) 3% (45/1188) regret=0.108884 ape=0.6037
[17:42:28] warmStart (decay=exponential) 3% (46/1188) regret=0.108884 ape=0.6037
[17:42:28] warmStart (decay=exponential) 3% (47/1188) regret=0.108884 ape=0.6037
[17:42:28] warmStart (decay=exponential) 4% (48/1188) regret=0.108884 ape=0.6037
[17:42:28] warmStart (decay=exponential) 4% (49/1188) regret=0.108884 ape=0.6037
[17:42:28] warmStart (decay=exponential) 4% (50/1188) regret=0.108884 ape=0.6037
[17:42:29] warmStart (decay=exponential) 4% (51/1188) regret=0.108974 ape=0.6037
[17:42:29] warmStart (decay=exponential) 4% (52/1188) regret=0.108858 ape=0.6037
[17:42:29] warmStart (decay=exponential) 4% (53/1188) regret=0.108858 ape=0.6037
[17:42:29] warmStart (decay=exponential) 4% (54/1188) regret=0.108884 ape=0.6037
[17:42:29] warmStart (decay=exponential) 4% (55/1188) regret=0.108858 ape=0.6037
[17:42:29] warmStart (decay=exponential) 4% (56/1188) regret=0.108884 ape=0.6037
[17:42:30] warmStart (decay=exponential) 4% (57/1188) regret=0.108884 ape=0.6037
[17:42:30] warmStart (decay=exponential) 4% (58/1188) regret=0.108884 ape=0.6037
[17:42:30] warmStart (decay=exponential) 4% (59/1188) regret=0.108884 ape=0.6037
[17:42:30] warmStart (decay=exponential) 5% (60/1188) regret=0.108884 ape=0.6037
[17:42:30] warmStart (decay=exponential) 5% (61/1188) regret=0.108884 ape=0.6037
[17:42:30] warmStart (decay=exponential) 5% (62/1188) regret=0.108884 ape=0.6037
[17:42:31] warmStart (decay=exponential) 5% (63/1188) regret=0.108884 ape=0.6037
[17:42:31] warmStart (decay=exponential) 5% (64/1188) regret=0.108884 ape=0.6037
[17:42:31] warmStart (decay=exponential) 5% (65/1188) regret=0.108842 ape=0.6028
[17:42:31] warmStart (decay=exponential) 5% (66/1188) regret=0.108897 ape=0.6037
[17:42:31] warmStart (decay=exponential) 5% (67/1188) regret=0.108884 ape=0.6037
[17:42:31] warmStart (decay=exponential) 5% (68/1188) regret=0.108884 ape=0.6037
[17:42:32] warmStart (decay=exponential) 5% (69/1188) regret=0.108884 ape=0.6037
[17:42:32] warmStart (decay=exponential) 5% (70/1188) regret=0.108884 ape=0.6037
[17:42:32] warmStart (decay=exponential) 5% (71/1188) regret=0.108884 ape=0.6037
[17:42:32] warmStart (decay=exponential) 6% (72/1188) regret=0.108884 ape=0.6037
[17:42:32] warmStart (decay=exponential) 6% (73/1188) regret=0.108884 ape=0.6037
[17:42:32] warmStart (decay=exponential) 6% (74/1188) regret=0.108884 ape=0.6037
[17:42:33] warmStart (decay=exponential) 6% (75/1188) regret=0.108884 ape=0.6037
[17:42:33] warmStart (decay=exponential) 6% (76/1188) regret=0.108884 ape=0.6037
[17:42:33] warmStart (decay=exponential) 6% (77/1188) regret=0.108884 ape=0.6037
[17:42:33] warmStart (decay=exponential) 6% (78/1188) regret=0.108884 ape=0.6037
[17:42:33] warmStart (decay=exponential) 6% (79/1188) regret=0.108884 ape=0.6037
[17:42:33] warmStart (decay=exponential) 6% (80/1188) regret=0.108884 ape=0.6037
[17:42:34] warmStart (decay=exponential) 6% (81/1188) regret=0.108884 ape=0.6037
[17:42:34] warmStart (decay=exponential) 6% (82/1188) regret=0.108884 ape=0.6037
[17:42:34] warmStart (decay=exponential) 6% (83/1188) regret=0.108884 ape=0.6037
[17:42:34] warmStart (decay=exponential) 7% (84/1188) regret=0.108884 ape=0.6037
[17:42:34] warmStart (decay=exponential) 7% (85/1188) regret=0.108884 ape=0.6037
[17:42:34] warmStart (decay=exponential) 7% (86/1188) regret=0.108884 ape=0.6037
[17:42:35] warmStart (decay=exponential) 7% (87/1188) regret=0.108884 ape=0.6037
[17:42:35] warmStart (decay=exponential) 7% (88/1188) regret=0.108884 ape=0.6037
[17:42:35] warmStart (decay=exponential) 7% (89/1188) regret=0.108884 ape=0.6037
[17:42:35] warmStart (decay=exponential) 7% (90/1188) regret=0.108884 ape=0.6037
[17:42:35] warmStart (decay=exponential) 7% (91/1188) regret=0.108884 ape=0.6037
[17:42:35] warmStart (decay=exponential) 7% (92/1188) regret=0.108884 ape=0.6037
[17:42:36] warmStart (decay=exponential) 7% (93/1188) regret=0.108884 ape=0.6037
[17:42:36] warmStart (decay=exponential) 7% (94/1188) regret=0.108884 ape=0.6037
[17:42:36] warmStart (decay=exponential) 7% (95/1188) regret=0.108884 ape=0.6037
[17:42:36] warmStart (decay=exponential) 8% (96/1188) regret=0.108884 ape=0.6037
[17:42:36] warmStart (decay=exponential) 8% (97/1188) regret=0.108884 ape=0.6037
[17:42:36] warmStart (decay=exponential) 8% (98/1188) regret=0.108884 ape=0.6037
[17:42:37] warmStart (decay=exponential) 8% (99/1188) regret=0.108884 ape=0.6037
[17:42:37] warmStart (decay=exponential) 8% (100/1188) regret=0.108884 ape=0.6037
[17:42:37] warmStart (decay=exponential) 8% (101/1188) regret=0.108884 ape=0.6037
[17:42:37] warmStart (decay=exponential) 8% (102/1188) regret=0.108884 ape=0.6037
[17:42:37] warmStart (decay=exponential) 8% (103/1188) regret=0.108884 ape=0.6037
[17:42:37] warmStart (decay=exponential) 8% (104/1188) regret=0.108884 ape=0.6037
[17:42:37] warmStart (decay=exponential) 8% (105/1188) regret=0.108884 ape=0.6037
[17:42:38] warmStart (decay=exponential) 8% (106/1188) regret=0.108884 ape=0.6037
[17:42:38] warmStart (decay=exponential) 9% (107/1188) regret=0.108884 ape=0.6037
[17:42:38] warmStart (decay=exponential) 9% (108/1188) regret=0.108884 ape=0.6037
[17:42:38] warmStart (decay=exponential) 9% (109/1188) regret=0.108884 ape=0.6037
[17:42:38] warmStart (decay=exponential) 9% (110/1188) regret=0.108884 ape=0.6037
[17:42:38] warmStart (decay=exponential) 9% (111/1188) regret=0.108884 ape=0.6037
[17:42:39] warmStart (decay=exponential) 9% (112/1188) regret=0.108884 ape=0.6037
[17:42:39] warmStart (decay=exponential) 9% (113/1188) regret=0.108884 ape=0.6037
[17:42:39] warmStart (decay=exponential) 9% (114/1188) regret=0.108884 ape=0.6037
[17:42:39] warmStart (decay=exponential) 9% (115/1188) regret=0.108884 ape=0.6037
[17:42:39] warmStart (decay=exponential) 9% (116/1188) regret=0.108764 ape=0.6037
[17:42:39] warmStart (decay=exponential) 9% (117/1188) regret=0.108764 ape=0.6037
[17:42:40] warmStart (decay=exponential) 9% (118/1188) regret=0.108662 ape=0.6028
[17:42:40] warmStart (decay=exponential) 10% (119/1188) regret=0.108662 ape=0.6028
[17:42:40] warmStart (decay=exponential) 10% (120/1188) regret=0.108662 ape=0.6028
[17:42:40] warmStart (decay=exponential) 10% (121/1188) regret=0.108662 ape=0.6028
[17:42:40] warmStart (decay=exponential) 10% (122/1188) regret=0.108662 ape=0.6028
[17:42:40] warmStart (decay=exponential) 10% (123/1188) regret=0.108662 ape=0.6028
[17:42:40] warmStart (decay=exponential) 10% (124/1188) regret=0.108229 ape=0.6018
[17:42:41] warmStart (decay=exponential) 10% (125/1188) regret=0.108229 ape=0.6018
[17:42:41] warmStart (decay=exponential) 10% (126/1188) regret=0.108229 ape=0.6018
[17:42:41] warmStart (decay=exponential) 10% (127/1188) regret=0.108229 ape=0.6018
[17:42:41] warmStart (decay=exponential) 10% (128/1188) regret=0.108229 ape=0.6018
[17:42:41] warmStart (decay=exponential) 10% (129/1188) regret=0.108229 ape=0.6018
[17:42:41] warmStart (decay=exponential) 10% (130/1188) regret=0.108229 ape=0.6018
[17:42:41] warmStart (decay=exponential) 11% (131/1188) regret=0.108229 ape=0.6018
[17:42:42] warmStart (decay=exponential) 11% (132/1188) regret=0.108229 ape=0.6018
[17:42:42] warmStart (decay=exponential) 11% (133/1188) regret=0.108229 ape=0.6018
[17:42:42] warmStart (decay=exponential) 11% (134/1188) regret=0.108229 ape=0.6018
[17:42:42] warmStart (decay=exponential) 11% (135/1188) regret=0.108229 ape=0.6018
[17:42:42] warmStart (decay=exponential) 11% (136/1188) regret=0.108229 ape=0.6018
[17:42:42] warmStart (decay=exponential) 11% (137/1188) regret=0.108229 ape=0.6018
[17:42:43] warmStart (decay=exponential) 11% (138/1188) regret=0.108229 ape=0.6018
[17:42:43] warmStart (decay=exponential) 11% (139/1188) regret=0.108229 ape=0.6018
[17:42:43] warmStart (decay=exponential) 11% (140/1188) regret=0.108238 ape=0.6018
[17:42:43] warmStart (decay=exponential) 11% (141/1188) regret=0.108229 ape=0.6018
[17:42:43] warmStart (decay=exponential) 11% (142/1188) regret=0.108229 ape=0.6018
[17:42:43] warmStart (decay=exponential) 12% (143/1188) regret=0.108238 ape=0.6018
[17:42:43] warmStart (decay=exponential) 12% (144/1188) regret=0.108238 ape=0.6018
[17:42:44] warmStart (decay=exponential) 12% (145/1188) regret=0.108238 ape=0.6018
[17:42:44] warmStart (decay=exponential) 12% (146/1188) regret=0.108238 ape=0.6018
[17:42:44] warmStart (decay=exponential) 12% (147/1188) regret=0.108238 ape=0.6018
[17:42:44] warmStart (decay=exponential) 12% (148/1188) regret=0.108229 ape=0.6018
[17:42:44] warmStart (decay=exponential) 12% (149/1188) regret=0.108229 ape=0.6018
[17:42:44] warmStart (decay=exponential) 12% (150/1188) regret=0.108238 ape=0.6018
[17:42:45] warmStart (decay=exponential) 12% (151/1188) regret=0.108238 ape=0.6018
[17:42:45] warmStart (decay=exponential) 12% (152/1188) regret=0.108238 ape=0.6018
[17:42:45] warmStart (decay=exponential) 12% (153/1188) regret=0.108238 ape=0.6018
[17:42:45] warmStart (decay=exponential) 12% (154/1188) regret=0.108238 ape=0.6018
[17:42:45] warmStart (decay=exponential) 13% (155/1188) regret=0.108238 ape=0.6018
[17:42:45] warmStart (decay=exponential) 13% (156/1188) regret=0.108238 ape=0.6018
[17:42:46] warmStart (decay=exponential) 13% (157/1188) regret=0.108229 ape=0.6018
[17:42:46] warmStart (decay=exponential) 13% (158/1188) regret=0.108238 ape=0.6018
[17:42:46] warmStart (decay=exponential) 13% (159/1188) regret=0.108238 ape=0.6018
[17:42:46] warmStart (decay=exponential) 13% (160/1188) regret=0.108238 ape=0.6018
[17:42:46] warmStart (decay=exponential) 13% (161/1188) regret=0.108238 ape=0.6018
[17:42:46] warmStart (decay=exponential) 13% (162/1188) regret=0.108238 ape=0.6018
[17:42:46] warmStart (decay=exponential) 13% (163/1188) regret=0.108349 ape=0.6028
[17:42:47] warmStart (decay=exponential) 13% (164/1188) regret=0.108386 ape=0.6028
[17:42:47] warmStart (decay=exponential) 13% (165/1188) regret=0.108386 ape=0.6028
[17:42:47] warmStart (decay=exponential) 13% (166/1188) regret=0.108285 ape=0.6028
[17:42:47] warmStart (decay=exponential) 14% (167/1188) regret=0.108386 ape=0.6028
[17:42:47] warmStart (decay=exponential) 14% (168/1188) regret=0.108386 ape=0.6028
[17:42:47] warmStart (decay=exponential) 14% (169/1188) regret=0.108386 ape=0.6028
[17:42:48] warmStart (decay=exponential) 14% (170/1188) regret=0.108285 ape=0.6028
[17:42:48] warmStart (decay=exponential) 14% (171/1188) regret=0.108395 ape=0.6037
[17:42:48] warmStart (decay=exponential) 14% (172/1188) regret=0.108368 ape=0.6037
[17:42:48] warmStart (decay=exponential) 14% (173/1188) regret=0.108368 ape=0.6037
[17:42:48] warmStart (decay=exponential) 14% (174/1188) regret=0.108368 ape=0.6037
[17:42:48] warmStart (decay=exponential) 14% (175/1188) regret=0.108368 ape=0.6037
[17:42:48] warmStart (decay=exponential) 14% (176/1188) regret=0.108368 ape=0.6037
[17:42:49] warmStart (decay=exponential) 14% (177/1188) regret=0.108368 ape=0.6037
[17:42:49] warmStart (decay=exponential) 14% (178/1188) regret=0.108368 ape=0.6037
[17:42:49] warmStart (decay=exponential) 15% (179/1188) regret=0.108368 ape=0.6037
[17:42:49] warmStart (decay=exponential) 15% (180/1188) regret=0.108368 ape=0.6037
[17:42:49] warmStart (decay=exponential) 15% (181/1188) regret=0.108368 ape=0.6037
[17:42:49] warmStart (decay=exponential) 15% (182/1188) regret=0.108368 ape=0.6037
[17:42:50] warmStart (decay=exponential) 15% (183/1188) regret=0.108368 ape=0.6037
[17:42:50] warmStart (decay=exponential) 15% (184/1188) regret=0.108368 ape=0.6037
[17:42:50] warmStart (decay=exponential) 15% (185/1188) regret=0.108368 ape=0.6037
[17:42:50] warmStart (decay=exponential) 15% (186/1188) regret=0.108368 ape=0.6037
[17:42:50] warmStart (decay=exponential) 15% (187/1188) regret=0.108368 ape=0.6037
[17:42:50] warmStart (decay=exponential) 15% (188/1188) regret=0.108368 ape=0.6037
[17:42:51] warmStart (decay=exponential) 15% (189/1188) regret=0.108368 ape=0.6037
[17:42:51] warmStart (decay=exponential) 15% (190/1188) regret=0.108368 ape=0.6037
[17:42:51] warmStart (decay=exponential) 16% (191/1188) regret=0.108368 ape=0.6037
[17:42:51] warmStart (decay=exponential) 16% (192/1188) regret=0.108368 ape=0.6037
[17:42:51] warmStart (decay=exponential) 16% (193/1188) regret=0.108368 ape=0.6037
[17:42:51] warmStart (decay=exponential) 16% (194/1188) regret=0.108368 ape=0.6037
[17:42:51] warmStart (decay=exponential) 16% (195/1188) regret=0.108368 ape=0.6037
[17:42:52] warmStart (decay=exponential) 16% (196/1188) regret=0.108368 ape=0.6037
[17:42:52] warmStart (decay=exponential) 16% (197/1188) regret=0.108368 ape=0.6037
[17:42:52] warmStart (decay=exponential) 16% (198/1188) regret=0.108368 ape=0.6037
[17:42:52] warmStart (decay=exponential) 16% (199/1188) regret=0.108368 ape=0.6037
[17:42:52] warmStart (decay=exponential) 16% (200/1188) regret=0.108368 ape=0.6037
[17:42:52] warmStart (decay=exponential) 16% (201/1188) regret=0.108368 ape=0.6037
[17:42:53] warmStart (decay=exponential) 17% (202/1188) regret=0.108368 ape=0.6037
[17:42:53] warmStart (decay=exponential) 17% (203/1188) regret=0.108368 ape=0.6037
[17:42:53] warmStart (decay=exponential) 17% (204/1188) regret=0.108368 ape=0.6037
[17:42:53] warmStart (decay=exponential) 17% (205/1188) regret=0.108368 ape=0.6037
[17:42:53] warmStart (decay=exponential) 17% (206/1188) regret=0.108368 ape=0.6037
[17:42:53] warmStart (decay=exponential) 17% (207/1188) regret=0.108368 ape=0.6037
[17:42:54] warmStart (decay=exponential) 17% (208/1188) regret=0.108368 ape=0.6037
[17:42:54] warmStart (decay=exponential) 17% (209/1188) regret=0.108368 ape=0.6037
[17:42:54] warmStart (decay=exponential) 17% (210/1188) regret=0.108368 ape=0.6037
[17:42:54] warmStart (decay=exponential) 17% (211/1188) regret=0.108368 ape=0.6037
[17:42:54] warmStart (decay=exponential) 17% (212/1188) regret=0.108368 ape=0.6037
[17:42:54] warmStart (decay=exponential) 17% (213/1188) regret=0.108368 ape=0.6037
[17:42:55] warmStart (decay=exponential) 18% (214/1188) regret=0.108368 ape=0.6037
[17:42:55] warmStart (decay=exponential) 18% (215/1188) regret=0.108368 ape=0.6037
[17:42:55] warmStart (decay=exponential) 18% (216/1188) regret=0.108368 ape=0.6037
[17:42:55] warmStart (decay=exponential) 18% (217/1188) regret=0.108368 ape=0.6037
[17:42:55] warmStart (decay=exponential) 18% (218/1188) regret=0.108368 ape=0.6037
[17:42:55] warmStart (decay=exponential) 18% (219/1188) regret=0.108368 ape=0.6037
[17:42:55] warmStart (decay=exponential) 18% (220/1188) regret=0.108368 ape=0.6037
[17:42:56] warmStart (decay=exponential) 18% (221/1188) regret=0.108736 ape=0.6037
[17:42:56] warmStart (decay=exponential) 18% (222/1188) regret=0.108285 ape=0.6037
[17:42:56] warmStart (decay=exponential) 18% (223/1188) regret=0.108285 ape=0.6037
[17:42:56] warmStart (decay=exponential) 18% (224/1188) regret=0.108285 ape=0.6037
[17:42:56] warmStart (decay=exponential) 18% (225/1188) regret=0.108285 ape=0.6037
[17:42:56] warmStart (decay=exponential) 19% (226/1188) regret=0.108285 ape=0.6037
[17:42:57] warmStart (decay=exponential) 19% (227/1188) regret=0.108285 ape=0.6037
[17:42:57] warmStart (decay=exponential) 19% (228/1188) regret=0.108285 ape=0.6037
[17:42:57] warmStart (decay=exponential) 19% (229/1188) regret=0.108285 ape=0.6037
[17:42:57] warmStart (decay=exponential) 19% (230/1188) regret=0.108285 ape=0.6037
[17:42:57] warmStart (decay=exponential) 19% (231/1188) regret=0.108285 ape=0.6037
[17:42:57] warmStart (decay=exponential) 19% (232/1188) regret=0.108285 ape=0.6037
[17:42:57] warmStart (decay=exponential) 19% (233/1188) regret=0.108285 ape=0.6037
[17:42:58] warmStart (decay=exponential) 19% (234/1188) regret=0.108285 ape=0.6037
[17:42:58] warmStart (decay=exponential) 19% (235/1188) regret=0.108285 ape=0.6037
[17:42:58] warmStart (decay=exponential) 19% (236/1188) regret=0.108285 ape=0.6037
[17:42:58] warmStart (decay=exponential) 19% (237/1188) regret=0.108285 ape=0.6037
[17:42:58] warmStart (decay=exponential) 20% (238/1188) regret=0.108285 ape=0.6037
[17:42:58] warmStart (decay=exponential) 20% (239/1188) regret=0.108285 ape=0.6037
[17:42:59] warmStart (decay=exponential) 20% (240/1188) regret=0.108285 ape=0.6037
[17:42:59] warmStart (decay=exponential) 20% (241/1188) regret=0.108285 ape=0.6037
[17:42:59] warmStart (decay=exponential) 20% (242/1188) regret=0.108285 ape=0.6037
[17:42:59] warmStart (decay=exponential) 20% (243/1188) regret=0.108285 ape=0.6037
[17:42:59] warmStart (decay=exponential) 20% (244/1188) regret=0.108285 ape=0.6037
[17:42:59] warmStart (decay=exponential) 20% (245/1188) regret=0.108285 ape=0.6037
[17:42:59] warmStart (decay=exponential) 20% (246/1188) regret=0.108285 ape=0.6037
[17:43:00] warmStart (decay=exponential) 20% (247/1188) regret=0.108285 ape=0.6037
[17:43:00] warmStart (decay=exponential) 20% (248/1188) regret=0.108285 ape=0.6037
[17:43:00] warmStart (decay=exponential) 20% (249/1188) regret=0.108285 ape=0.6037
[17:43:00] warmStart (decay=exponential) 21% (250/1188) regret=0.108285 ape=0.6037
[17:43:00] warmStart (decay=exponential) 21% (251/1188) regret=0.108285 ape=0.6037
[17:43:00] warmStart (decay=exponential) 21% (252/1188) regret=0.108285 ape=0.6037
[17:43:00] warmStart (decay=exponential) 21% (253/1188) regret=0.108285 ape=0.6037
[17:43:01] warmStart (decay=exponential) 21% (254/1188) regret=0.108285 ape=0.6037
[17:43:01] warmStart (decay=exponential) 21% (255/1188) regret=0.108285 ape=0.6037
[17:43:01] warmStart (decay=exponential) 21% (256/1188) regret=0.108285 ape=0.6037
[17:43:01] warmStart (decay=exponential) 21% (257/1188) regret=0.108285 ape=0.6037
[17:43:01] warmStart (decay=exponential) 21% (258/1188) regret=0.108285 ape=0.6037
[17:43:01] warmStart (decay=exponential) 21% (259/1188) regret=0.108285 ape=0.6037
[17:43:02] warmStart (decay=exponential) 21% (260/1188) regret=0.108285 ape=0.6037
[17:43:02] warmStart (decay=exponential) 21% (261/1188) regret=0.108285 ape=0.6037
[17:43:02] warmStart (decay=exponential) 22% (262/1188) regret=0.108285 ape=0.6037
[17:43:02] warmStart (decay=exponential) 22% (263/1188) regret=0.108285 ape=0.6037
[17:43:02] warmStart (decay=exponential) 22% (264/1188) regret=0.108285 ape=0.6037
[17:43:02] warmStart (decay=exponential) 22% (265/1188) regret=0.108285 ape=0.6037
[17:43:03] warmStart (decay=exponential) 22% (266/1188) regret=0.108285 ape=0.6037
[17:43:03] warmStart (decay=exponential) 22% (267/1188) regret=0.108285 ape=0.6037
[17:43:03] warmStart (decay=exponential) 22% (268/1188) regret=0.108285 ape=0.6037
[17:43:03] warmStart (decay=exponential) 22% (269/1188) regret=0.108285 ape=0.6037
[17:43:03] warmStart (decay=exponential) 22% (270/1188) regret=0.108285 ape=0.6037
[17:43:03] warmStart (decay=exponential) 22% (271/1188) regret=0.108285 ape=0.6037
[17:43:03] warmStart (decay=exponential) 22% (272/1188) regret=0.108285 ape=0.6037
[17:43:04] warmStart (decay=exponential) 22% (273/1188) regret=0.108285 ape=0.6037
[17:43:04] warmStart (decay=exponential) 23% (274/1188) regret=0.108285 ape=0.6037
[17:43:04] warmStart (decay=exponential) 23% (275/1188) regret=0.108285 ape=0.6037
[17:43:04] warmStart (decay=exponential) 23% (276/1188) regret=0.108285 ape=0.6037
[17:43:04] warmStart (decay=exponential) 23% (277/1188) regret=0.108285 ape=0.6037
[17:43:04] warmStart (decay=exponential) 23% (278/1188) regret=0.108285 ape=0.6037
[17:43:05] warmStart (decay=exponential) 23% (279/1188) regret=0.108285 ape=0.6037
[17:43:05] warmStart (decay=exponential) 23% (280/1188) regret=0.108285 ape=0.6037
[17:43:05] warmStart (decay=exponential) 23% (281/1188) regret=0.108285 ape=0.6037
[17:43:05] warmStart (decay=exponential) 23% (282/1188) regret=0.108285 ape=0.6037
[17:43:05] warmStart (decay=exponential) 23% (283/1188) regret=0.108285 ape=0.6037
[17:43:05] warmStart (decay=exponential) 23% (284/1188) regret=0.108285 ape=0.6037
[17:43:06] warmStart (decay=exponential) 23% (285/1188) regret=0.108423 ape=0.6037
[17:43:06] warmStart (decay=exponential) 24% (286/1188) regret=0.108285 ape=0.6037
[17:43:06] warmStart (decay=exponential) 24% (287/1188) regret=0.108386 ape=0.6037
[17:43:06] warmStart (decay=exponential) 24% (288/1188) regret=0.108321 ape=0.6037
[17:43:06] warmStart (decay=exponential) 24% (289/1188) regret=0.108386 ape=0.6037
[17:43:06] warmStart (decay=exponential) 24% (290/1188) regret=0.108460 ape=0.6037
[17:43:07] warmStart (decay=exponential) 24% (291/1188) regret=0.108386 ape=0.6037
[17:43:07] warmStart (decay=exponential) 24% (292/1188) regret=0.108386 ape=0.6037
[17:43:07] warmStart (decay=exponential) 24% (293/1188) regret=0.108340 ape=0.6037
[17:43:07] warmStart (decay=exponential) 24% (294/1188) regret=0.108340 ape=0.6037
[17:43:07] warmStart (decay=exponential) 24% (295/1188) regret=0.108321 ape=0.6037
[17:43:07] warmStart (decay=exponential) 24% (296/1188) regret=0.108321 ape=0.6037
[17:43:07] warmStart (decay=exponential) 25% (297/1188) regret=0.108295 ape=0.6037
[17:43:08] warmStart (decay=exponential) 25% (298/1188) regret=0.108295 ape=0.6037
[17:43:08] warmStart (decay=exponential) 25% (299/1188) regret=0.108291 ape=0.6028
[17:43:08] warmStart (decay=exponential) 25% (300/1188) regret=0.108291 ape=0.6028
[17:43:08] warmStart (decay=exponential) 25% (301/1188) regret=0.108295 ape=0.6037
[17:43:08] warmStart (decay=exponential) 25% (302/1188) regret=0.108295 ape=0.6037
[17:43:08] warmStart (decay=exponential) 25% (303/1188) regret=0.108295 ape=0.6037
[17:43:09] warmStart (decay=exponential) 25% (304/1188) regret=0.108851 ape=0.6037
[17:43:09] warmStart (decay=exponential) 25% (305/1188) regret=0.108263 ape=0.6028
[17:43:09] warmStart (decay=exponential) 25% (306/1188) regret=0.108213 ape=0.6028
[17:43:09] warmStart (decay=exponential) 25% (307/1188) regret=0.108240 ape=0.6028
[17:43:09] warmStart (decay=exponential) 25% (308/1188) regret=0.108204 ape=0.6018
[17:43:09] warmStart (decay=exponential) 26% (309/1188) regret=0.108204 ape=0.6018
[17:43:10] warmStart (decay=exponential) 26% (310/1188) regret=0.108204 ape=0.6018
[17:43:10] warmStart (decay=exponential) 26% (311/1188) regret=0.108204 ape=0.6018
[17:43:10] warmStart (decay=exponential) 26% (312/1188) regret=0.108240 ape=0.6028
[17:43:10] warmStart (decay=exponential) 26% (313/1188) regret=0.108240 ape=0.6028
[17:43:10] warmStart (decay=exponential) 26% (314/1188) regret=0.108240 ape=0.6028
[17:43:10] warmStart (decay=exponential) 26% (315/1188) regret=0.108240 ape=0.6028
[17:43:11] warmStart (decay=exponential) 26% (316/1188) regret=0.108204 ape=0.6018
[17:43:11] warmStart (decay=exponential) 26% (317/1188) regret=0.108204 ape=0.6018
[17:43:11] warmStart (decay=exponential) 26% (318/1188) regret=0.108204 ape=0.6018
[17:43:11] warmStart (decay=exponential) 26% (319/1188) regret=0.108213 ape=0.6028
[17:43:11] warmStart (decay=exponential) 26% (320/1188) regret=0.108213 ape=0.6028
[17:43:11] warmStart (decay=exponential) 27% (321/1188) regret=0.108213 ape=0.6028
[17:43:12] warmStart (decay=exponential) 27% (322/1188) regret=0.108213 ape=0.6028
[17:43:12] warmStart (decay=exponential) 27% (323/1188) regret=0.108204 ape=0.6018
[17:43:12] warmStart (decay=exponential) 27% (324/1188) regret=0.108204 ape=0.6018
[17:43:12] warmStart (decay=exponential) 27% (325/1188) regret=0.108204 ape=0.6018
[17:43:12] warmStart (decay=exponential) 27% (326/1188) regret=0.108204 ape=0.6018
[17:43:13] warmStart (decay=exponential) 27% (327/1188) regret=0.108204 ape=0.6018
[17:43:13] warmStart (decay=exponential) 27% (328/1188) regret=0.108204 ape=0.6018
[17:43:13] warmStart (decay=exponential) 27% (329/1188) regret=0.108204 ape=0.6018
[17:43:13] warmStart (decay=exponential) 27% (330/1188) regret=0.108204 ape=0.6018
[17:43:13] warmStart (decay=exponential) 27% (331/1188) regret=0.108204 ape=0.6018
[17:43:13] warmStart (decay=exponential) 27% (332/1188) regret=0.108204 ape=0.6018
[17:43:14] warmStart (decay=exponential) 28% (333/1188) regret=0.108204 ape=0.6018
[17:43:14] warmStart (decay=exponential) 28% (334/1188) regret=0.108204 ape=0.6018
[17:43:14] warmStart (decay=exponential) 28% (335/1188) regret=0.108204 ape=0.6018
[17:43:14] warmStart (decay=exponential) 28% (336/1188) regret=0.108204 ape=0.6018
[17:43:14] warmStart (decay=exponential) 28% (337/1188) regret=0.108213 ape=0.6028
[17:43:14] warmStart (decay=exponential) 28% (338/1188) regret=0.108213 ape=0.6028
[17:43:15] warmStart (decay=exponential) 28% (339/1188) regret=0.108236 ape=0.6028
[17:43:15] warmStart (decay=exponential) 28% (340/1188) regret=0.108236 ape=0.6028
[17:43:15] warmStart (decay=exponential) 28% (341/1188) regret=0.108213 ape=0.6028
[17:43:15] warmStart (decay=exponential) 28% (342/1188) regret=0.108236 ape=0.6028
[17:43:15] warmStart (decay=exponential) 28% (343/1188) regret=0.108213 ape=0.6028
[17:43:16] warmStart (decay=exponential) 28% (344/1188) regret=0.108204 ape=0.6018
[17:43:16] warmStart (decay=exponential) 29% (345/1188) regret=0.108204 ape=0.6018
[17:43:16] warmStart (decay=exponential) 29% (346/1188) regret=0.108204 ape=0.6018
[17:43:16] warmStart (decay=exponential) 29% (347/1188) regret=0.108204 ape=0.6018
[17:43:16] warmStart (decay=exponential) 29% (348/1188) regret=0.108204 ape=0.6018
[17:43:16] warmStart (decay=exponential) 29% (349/1188) regret=0.108204 ape=0.6018
[17:43:16] warmStart (decay=exponential) 29% (350/1188) regret=0.108204 ape=0.6018
[17:43:17] warmStart (decay=exponential) 29% (351/1188) regret=0.108204 ape=0.6018
[17:43:17] warmStart (decay=exponential) 29% (352/1188) regret=0.108204 ape=0.6018
[17:43:17] warmStart (decay=exponential) 29% (353/1188) regret=0.108204 ape=0.6018
[17:43:17] warmStart (decay=exponential) 29% (354/1188) regret=0.108204 ape=0.6018
[17:43:17] warmStart (decay=exponential) 29% (355/1188) regret=0.108204 ape=0.6018
[17:43:17] warmStart (decay=exponential) 29% (356/1188) regret=0.108204 ape=0.6018
[17:43:18] warmStart (decay=exponential) 30% (357/1188) regret=0.108204 ape=0.6018
[17:43:18] warmStart (decay=exponential) 30% (358/1188) regret=0.108204 ape=0.6018
[17:43:18] warmStart (decay=exponential) 30% (359/1188) regret=0.108204 ape=0.6018
[17:43:18] warmStart (decay=exponential) 30% (360/1188) regret=0.108204 ape=0.6018
[17:43:18] warmStart (decay=exponential) 30% (361/1188) regret=0.108204 ape=0.6018
[17:43:18] warmStart (decay=exponential) 30% (362/1188) regret=0.108204 ape=0.6018
[17:43:19] warmStart (decay=exponential) 30% (363/1188) regret=0.108187 ape=0.6018
[17:43:19] warmStart (decay=exponential) 30% (364/1188) regret=0.108187 ape=0.6018
[17:43:19] warmStart (decay=exponential) 30% (365/1188) regret=0.108187 ape=0.6018
[17:43:19] warmStart (decay=exponential) 30% (366/1188) regret=0.108187 ape=0.6018
[17:43:19] warmStart (decay=exponential) 30% (367/1188) regret=0.108187 ape=0.6018
[17:43:19] warmStart (decay=exponential) 30% (368/1188) regret=0.108187 ape=0.6018
[17:43:19] warmStart (decay=exponential) 31% (369/1188) regret=0.108187 ape=0.6018
[17:43:20] warmStart (decay=exponential) 31% (370/1188) regret=0.108187 ape=0.6018
[17:43:20] warmStart (decay=exponential) 31% (371/1188) regret=0.108187 ape=0.6018
[17:43:20] warmStart (decay=exponential) 31% (372/1188) regret=0.108204 ape=0.6018
[17:43:20] warmStart (decay=exponential) 31% (373/1188) regret=0.108204 ape=0.6018
[17:43:20] warmStart (decay=exponential) 31% (374/1188) regret=0.108204 ape=0.6018
[17:43:20] warmStart (decay=exponential) 31% (375/1188) regret=0.108204 ape=0.6018
[17:43:21] warmStart (decay=exponential) 31% (376/1188) regret=0.108204 ape=0.6018
[17:43:21] warmStart (decay=exponential) 31% (377/1188) regret=0.108204 ape=0.6018
[17:43:21] warmStart (decay=exponential) 31% (378/1188) regret=0.108204 ape=0.6018
[17:43:21] warmStart (decay=exponential) 31% (379/1188) regret=0.108186 ape=0.6018
[17:43:21] warmStart (decay=exponential) 31% (380/1188) regret=0.108186 ape=0.6018
[17:43:21] warmStart (decay=exponential) 32% (381/1188) regret=0.108186 ape=0.6018
[17:43:21] warmStart (decay=exponential) 32% (382/1188) regret=0.108186 ape=0.6018
[17:43:22] warmStart (decay=exponential) 32% (383/1188) regret=0.108186 ape=0.6018
[17:43:22] warmStart (decay=exponential) 32% (384/1188) regret=0.108186 ape=0.6018
[17:43:22] warmStart (decay=exponential) 32% (385/1188) regret=0.108186 ape=0.6018
[17:43:22] warmStart (decay=exponential) 32% (386/1188) regret=0.108186 ape=0.6018
[17:43:22] warmStart (decay=exponential) 32% (387/1188) regret=0.108186 ape=0.6018
[17:43:22] warmStart (decay=exponential) 32% (388/1188) regret=0.108283 ape=0.6028
[17:43:23] warmStart (decay=exponential) 32% (389/1188) regret=0.108283 ape=0.6028
[17:43:23] warmStart (decay=exponential) 32% (390/1188) regret=0.108283 ape=0.6028
[17:43:23] warmStart (decay=exponential) 32% (391/1188) regret=0.108283 ape=0.6028
[17:43:23] warmStart (decay=exponential) 32% (392/1188) regret=0.108283 ape=0.6028
[17:43:23] warmStart (decay=exponential) 33% (393/1188) regret=0.108283 ape=0.6028
[17:43:23] warmStart (decay=exponential) 33% (394/1188) regret=0.108283 ape=0.6028
[17:43:24] warmStart (decay=exponential) 33% (395/1188) regret=0.108283 ape=0.6028
[17:43:24] warmStart (decay=exponential) 33% (396/1188) regret=0.108347 ape=0.6037
[17:43:24] warmStart (decay=exponential) 33% (397/1188) regret=0.108347 ape=0.6037
[17:43:24] warmStart (decay=exponential) 33% (398/1188) regret=0.108347 ape=0.6037
[17:43:24] warmStart (decay=exponential) 33% (399/1188) regret=0.108283 ape=0.6028
[17:43:24] warmStart (decay=exponential) 33% (400/1188) regret=0.108283 ape=0.6028
[17:43:25] warmStart (decay=exponential) 33% (401/1188) regret=0.108283 ape=0.6028
[17:43:25] warmStart (decay=exponential) 33% (402/1188) regret=0.108283 ape=0.6028
[17:43:25] warmStart (decay=exponential) 33% (403/1188) regret=0.108283 ape=0.6028
[17:43:25] warmStart (decay=exponential) 34% (404/1188) regret=0.108347 ape=0.6037
[17:43:25] warmStart (decay=exponential) 34% (405/1188) regret=0.108347 ape=0.6037
[17:43:25] warmStart (decay=exponential) 34% (406/1188) regret=0.108329 ape=0.6037
[17:43:26] warmStart (decay=exponential) 34% (407/1188) regret=0.108329 ape=0.6037
[17:43:26] warmStart (decay=exponential) 34% (408/1188) regret=0.108329 ape=0.6037
[17:43:26] warmStart (decay=exponential) 34% (409/1188) regret=0.108329 ape=0.6037
[17:43:26] warmStart (decay=exponential) 34% (410/1188) regret=0.108329 ape=0.6037
[17:43:26] warmStart (decay=exponential) 34% (411/1188) regret=0.108329 ape=0.6037
[17:43:26] warmStart (decay=exponential) 34% (412/1188) regret=0.108311 ape=0.6028
[17:43:26] warmStart (decay=exponential) 34% (413/1188) regret=0.108311 ape=0.6028
[17:43:26] warmStart (decay=exponential) 34% (414/1188) regret=0.108311 ape=0.6028
[17:43:27] warmStart (decay=exponential) 34% (415/1188) regret=0.108311 ape=0.6028
[17:43:27] warmStart (decay=exponential) 35% (416/1188) regret=0.108661 ape=0.6037
[17:43:27] warmStart (decay=exponential) 35% (417/1188) regret=0.108661 ape=0.6037
[17:43:27] warmStart (decay=exponential) 35% (418/1188) regret=0.108661 ape=0.6037
[17:43:27] warmStart (decay=exponential) 35% (419/1188) regret=0.108684 ape=0.6037
[17:43:28] warmStart (decay=exponential) 35% (420/1188) regret=0.108661 ape=0.6037
[17:43:28] warmStart (decay=exponential) 35% (421/1188) regret=0.108661 ape=0.6037
[17:43:28] warmStart (decay=exponential) 35% (422/1188) regret=0.108661 ape=0.6037
[17:43:28] warmStart (decay=exponential) 35% (423/1188) regret=0.108661 ape=0.6037
[17:43:28] warmStart (decay=exponential) 35% (424/1188) regret=0.108661 ape=0.6037
[17:43:28] warmStart (decay=exponential) 35% (425/1188) regret=0.108661 ape=0.6037
[17:43:29] warmStart (decay=exponential) 35% (426/1188) regret=0.108661 ape=0.6037
[17:43:29] warmStart (decay=exponential) 35% (427/1188) regret=0.108311 ape=0.6028
[17:43:29] warmStart (decay=exponential) 36% (428/1188) regret=0.108311 ape=0.6028
[17:43:29] warmStart (decay=exponential) 36% (429/1188) regret=0.108311 ape=0.6028
[17:43:29] warmStart (decay=exponential) 36% (430/1188) regret=0.108311 ape=0.6028
[17:43:29] warmStart (decay=exponential) 36% (431/1188) regret=0.108191 ape=0.6018
[17:43:30] warmStart (decay=exponential) 36% (432/1188) regret=0.108191 ape=0.6018
[17:43:30] warmStart (decay=exponential) 36% (433/1188) regret=0.108219 ape=0.6028
[17:43:30] warmStart (decay=exponential) 36% (434/1188) regret=0.108219 ape=0.6028
[17:43:30] warmStart (decay=exponential) 36% (435/1188) regret=0.108219 ape=0.6028
[17:43:30] warmStart (decay=exponential) 36% (436/1188) regret=0.108219 ape=0.6028
[17:43:30] warmStart (decay=exponential) 36% (437/1188) regret=0.108191 ape=0.6018
[17:43:31] warmStart (decay=exponential) 36% (438/1188) regret=0.108191 ape=0.6018
[17:43:31] warmStart (decay=exponential) 36% (439/1188) regret=0.108191 ape=0.6018
[17:43:31] warmStart (decay=exponential) 37% (440/1188) regret=0.108191 ape=0.6018
[17:43:31] warmStart (decay=exponential) 37% (441/1188) regret=0.108191 ape=0.6018
[17:43:31] warmStart (decay=exponential) 37% (442/1188) regret=0.108191 ape=0.6018
[17:43:31] warmStart (decay=exponential) 37% (443/1188) regret=0.108191 ape=0.6018
[17:43:31] warmStart (decay=exponential) 37% (444/1188) regret=0.108191 ape=0.6018
[17:43:32] warmStart (decay=exponential) 37% (445/1188) regret=0.108191 ape=0.6018
[17:43:32] warmStart (decay=exponential) 37% (446/1188) regret=0.108191 ape=0.6018
[17:43:32] warmStart (decay=exponential) 37% (447/1188) regret=0.108191 ape=0.6018
[17:43:32] warmStart (decay=exponential) 37% (448/1188) regret=0.108191 ape=0.6018
[17:43:32] warmStart (decay=exponential) 37% (449/1188) regret=0.108191 ape=0.6018
[17:43:32] warmStart (decay=exponential) 37% (450/1188) regret=0.108191 ape=0.6018
[17:43:32] warmStart (decay=exponential) 37% (451/1188) regret=0.108191 ape=0.6018
[17:43:33] warmStart (decay=exponential) 38% (452/1188) regret=0.108191 ape=0.6018
[17:43:33] warmStart (decay=exponential) 38% (453/1188) regret=0.108191 ape=0.6018
[17:43:33] warmStart (decay=exponential) 38% (454/1188) regret=0.108191 ape=0.6018
[17:43:33] warmStart (decay=exponential) 38% (455/1188) regret=0.108191 ape=0.6018
[17:43:33] warmStart (decay=exponential) 38% (456/1188) regret=0.108191 ape=0.6018
[17:43:33] warmStart (decay=exponential) 38% (457/1188) regret=0.108191 ape=0.6018
[17:43:33] warmStart (decay=exponential) 38% (458/1188) regret=0.108191 ape=0.6018
[17:43:34] warmStart (decay=exponential) 38% (459/1188) regret=0.108191 ape=0.6018
[17:43:34] warmStart (decay=exponential) 38% (460/1188) regret=0.108191 ape=0.6018
[17:43:34] warmStart (decay=exponential) 38% (461/1188) regret=0.108191 ape=0.6018
[17:43:34] warmStart (decay=exponential) 38% (462/1188) regret=0.108191 ape=0.6018
[17:43:34] warmStart (decay=exponential) 38% (463/1188) regret=0.108191 ape=0.6018
[17:43:34] warmStart (decay=exponential) 39% (464/1188) regret=0.108191 ape=0.6018
[17:43:34] warmStart (decay=exponential) 39% (465/1188) regret=0.108191 ape=0.6018
[17:43:35] warmStart (decay=exponential) 39% (466/1188) regret=0.108191 ape=0.6018
[17:43:35] warmStart (decay=exponential) 39% (467/1188) regret=0.108191 ape=0.6018
[17:43:35] warmStart (decay=exponential) 39% (468/1188) regret=0.108191 ape=0.6018
[17:43:35] warmStart (decay=exponential) 39% (469/1188) regret=0.108191 ape=0.6018
[17:43:35] warmStart (decay=exponential) 39% (470/1188) regret=0.108191 ape=0.6018
[17:43:35] warmStart (decay=exponential) 39% (471/1188) regret=0.108191 ape=0.6018
[17:43:36] warmStart (decay=exponential) 39% (472/1188) regret=0.108191 ape=0.6018
[17:43:36] warmStart (decay=exponential) 39% (473/1188) regret=0.108191 ape=0.6018
[17:43:36] warmStart (decay=exponential) 39% (474/1188) regret=0.108191 ape=0.6018
[17:43:36] warmStart (decay=exponential) 39% (475/1188) regret=0.108191 ape=0.6018
[17:43:36] warmStart (decay=exponential) 40% (476/1188) regret=0.108191 ape=0.6018
[17:43:36] warmStart (decay=exponential) 40% (477/1188) regret=0.108191 ape=0.6018
[17:43:36] warmStart (decay=exponential) 40% (478/1188) regret=0.108191 ape=0.6018
[17:43:37] warmStart (decay=exponential) 40% (479/1188) regret=0.108191 ape=0.6018
[17:43:37] warmStart (decay=exponential) 40% (480/1188) regret=0.108191 ape=0.6018
[17:43:37] warmStart (decay=exponential) 40% (481/1188) regret=0.108191 ape=0.6018
[17:43:37] warmStart (decay=exponential) 40% (482/1188) regret=0.108191 ape=0.6018
[17:43:37] warmStart (decay=exponential) 40% (483/1188) regret=0.108191 ape=0.6018
[17:43:37] warmStart (decay=exponential) 40% (484/1188) regret=0.108191 ape=0.6018
[17:43:38] warmStart (decay=exponential) 40% (485/1188) regret=0.108034 ape=0.6018
[17:43:38] warmStart (decay=exponential) 40% (486/1188) regret=0.107850 ape=0.6009
[17:43:38] warmStart (decay=exponential) 40% (487/1188) regret=0.107850 ape=0.6009
[17:43:38] warmStart (decay=exponential) 41% (488/1188) regret=0.107850 ape=0.6009
[17:43:38] warmStart (decay=exponential) 41% (489/1188) regret=0.107850 ape=0.6009
[17:43:38] warmStart (decay=exponential) 41% (490/1188) regret=0.107850 ape=0.6009
[17:43:38] warmStart (decay=exponential) 41% (491/1188) regret=0.107850 ape=0.6009
[17:43:39] warmStart (decay=exponential) 41% (492/1188) regret=0.107915 ape=0.6009
[17:43:39] warmStart (decay=exponential) 41% (493/1188) regret=0.107951 ape=0.6009
[17:43:39] warmStart (decay=exponential) 41% (494/1188) regret=0.107841 ape=0.6000
[17:43:39] warmStart (decay=exponential) 41% (495/1188) regret=0.107915 ape=0.6009
[17:43:39] warmStart (decay=exponential) 41% (496/1188) regret=0.107887 ape=0.6009
[17:43:39] warmStart (decay=exponential) 41% (497/1188) regret=0.107915 ape=0.6009
[17:43:40] warmStart (decay=exponential) 41% (498/1188) regret=0.107845 ape=0.6009
[17:43:40] warmStart (decay=exponential) 42% (499/1188) regret=0.107868 ape=0.6009
[17:43:40] warmStart (decay=exponential) 42% (500/1188) regret=0.107868 ape=0.6009
[17:43:40] warmStart (decay=exponential) 42% (501/1188) regret=0.107915 ape=0.6009
[17:43:40] warmStart (decay=exponential) 42% (502/1188) regret=0.107915 ape=0.6009
[17:43:40] warmStart (decay=exponential) 42% (503/1188) regret=0.107845 ape=0.6009
[17:43:41] warmStart (decay=exponential) 42% (504/1188) regret=0.107845 ape=0.6009
[17:43:41] warmStart (decay=exponential) 42% (505/1188) regret=0.107915 ape=0.6009
[17:43:41] warmStart (decay=exponential) 42% (506/1188) regret=0.107924 ape=0.6009
[17:43:41] warmStart (decay=exponential) 42% (507/1188) regret=0.107915 ape=0.6009
[17:43:41] warmStart (decay=exponential) 42% (508/1188) regret=0.107915 ape=0.6009
[17:43:41] warmStart (decay=exponential) 42% (509/1188) regret=0.107915 ape=0.6009
[17:43:41] warmStart (decay=exponential) 42% (510/1188) regret=0.107915 ape=0.6009
[17:43:42] warmStart (decay=exponential) 43% (511/1188) regret=0.107915 ape=0.6009
[17:43:42] warmStart (decay=exponential) 43% (512/1188) regret=0.107915 ape=0.6009
[17:43:42] warmStart (decay=exponential) 43% (513/1188) regret=0.107915 ape=0.6009
[17:43:42] warmStart (decay=exponential) 43% (514/1188) regret=0.107915 ape=0.6009
[17:43:42] warmStart (decay=exponential) 43% (515/1188) regret=0.107915 ape=0.6009
[17:43:42] warmStart (decay=exponential) 43% (516/1188) regret=0.107915 ape=0.6009
[17:43:42] warmStart (decay=exponential) 43% (517/1188) regret=0.107915 ape=0.6009
[17:43:43] warmStart (decay=exponential) 43% (518/1188) regret=0.107915 ape=0.6009
[17:43:43] warmStart (decay=exponential) 43% (519/1188) regret=0.107915 ape=0.6009
[17:43:43] warmStart (decay=exponential) 43% (520/1188) regret=0.107906 ape=0.6000
[17:43:43] warmStart (decay=exponential) 43% (521/1188) regret=0.107906 ape=0.6000
[17:43:43] warmStart (decay=exponential) 43% (522/1188) regret=0.107913 ape=0.6009
[17:43:43] warmStart (decay=exponential) 44% (523/1188) regret=0.107913 ape=0.6009
[17:43:43] warmStart (decay=exponential) 44% (524/1188) regret=0.107906 ape=0.6000
[17:43:44] warmStart (decay=exponential) 44% (525/1188) regret=0.107913 ape=0.6009
[17:43:44] warmStart (decay=exponential) 44% (526/1188) regret=0.107910 ape=0.6009
[17:43:44] warmStart (decay=exponential) 44% (527/1188) regret=0.107908 ape=0.6009
[17:43:44] warmStart (decay=exponential) 44% (528/1188) regret=0.107913 ape=0.6009
[17:43:44] warmStart (decay=exponential) 44% (529/1188) regret=0.107908 ape=0.6009
[17:43:44] warmStart (decay=exponential) 44% (530/1188) regret=0.107912 ape=0.6009
[17:43:44] warmStart (decay=exponential) 44% (531/1188) regret=0.107913 ape=0.6009
[17:43:45] warmStart (decay=exponential) 44% (532/1188) regret=0.107913 ape=0.6009
[17:43:45] warmStart (decay=exponential) 44% (533/1188) regret=0.107906 ape=0.6000
[17:43:45] warmStart (decay=exponential) 44% (534/1188) regret=0.107913 ape=0.6009
[17:43:45] warmStart (decay=exponential) 45% (535/1188) regret=0.107910 ape=0.6009
[17:43:45] warmStart (decay=exponential) 45% (536/1188) regret=0.107913 ape=0.6009
[17:43:45] warmStart (decay=exponential) 45% (537/1188) regret=0.107305 ape=0.6000
[17:43:46] warmStart (decay=exponential) 45% (538/1188) regret=0.107305 ape=0.6000
[17:43:46] warmStart (decay=exponential) 45% (539/1188) regret=0.107305 ape=0.6000
[17:43:46] warmStart (decay=exponential) 45% (540/1188) regret=0.107729 ape=0.6000
[17:43:46] warmStart (decay=exponential) 45% (541/1188) regret=0.107305 ape=0.6000
[17:43:46] warmStart (decay=exponential) 45% (542/1188) regret=0.107305 ape=0.6000
[17:43:46] warmStart (decay=exponential) 45% (543/1188) regret=0.107305 ape=0.6000
[17:43:47] warmStart (decay=exponential) 45% (544/1188) regret=0.107324 ape=0.6009
[17:43:47] warmStart (decay=exponential) 45% (545/1188) regret=0.107324 ape=0.6009
[17:43:47] warmStart (decay=exponential) 45% (546/1188) regret=0.107324 ape=0.6009
[17:43:47] warmStart (decay=exponential) 46% (547/1188) regret=0.107324 ape=0.6009
[17:43:47] warmStart (decay=exponential) 46% (548/1188) regret=0.107324 ape=0.6009
[17:43:47] warmStart (decay=exponential) 46% (549/1188) regret=0.107324 ape=0.6009
[17:43:47] warmStart (decay=exponential) 46% (550/1188) regret=0.107324 ape=0.6009
[17:43:48] warmStart (decay=exponential) 46% (551/1188) regret=0.107324 ape=0.6009
[17:43:48] warmStart (decay=exponential) 46% (552/1188) regret=0.107324 ape=0.6009
[17:43:48] warmStart (decay=exponential) 46% (553/1188) regret=0.107324 ape=0.6009
[17:43:48] warmStart (decay=exponential) 46% (554/1188) regret=0.107324 ape=0.6009
[17:43:48] warmStart (decay=exponential) 46% (555/1188) regret=0.107324 ape=0.6009
[17:43:48] warmStart (decay=exponential) 46% (556/1188) regret=0.107324 ape=0.6009
[17:43:49] warmStart (decay=exponential) 46% (557/1188) regret=0.107324 ape=0.6009
[17:43:49] warmStart (decay=exponential) 46% (558/1188) regret=0.107324 ape=0.6009
[17:43:49] warmStart (decay=exponential) 47% (559/1188) regret=0.107324 ape=0.6009
[17:43:49] warmStart (decay=exponential) 47% (560/1188) regret=0.107324 ape=0.6009
[17:43:49] warmStart (decay=exponential) 47% (561/1188) regret=0.107324 ape=0.6009
[17:43:49] warmStart (decay=exponential) 47% (562/1188) regret=0.107324 ape=0.6009
[17:43:49] warmStart (decay=exponential) 47% (563/1188) regret=0.107324 ape=0.6009
[17:43:50] warmStart (decay=exponential) 47% (564/1188) regret=0.107324 ape=0.6009
[17:43:50] warmStart (decay=exponential) 47% (565/1188) regret=0.107324 ape=0.6009
[17:43:50] warmStart (decay=exponential) 47% (566/1188) regret=0.107324 ape=0.6009
[17:43:50] warmStart (decay=exponential) 47% (567/1188) regret=0.107056 ape=0.6000
[17:43:50] warmStart (decay=exponential) 47% (568/1188) regret=0.107112 ape=0.6009
[17:43:50] warmStart (decay=exponential) 47% (569/1188) regret=0.107056 ape=0.6000
[17:43:51] warmStart (decay=exponential) 47% (570/1188) regret=0.107112 ape=0.6009
[17:43:51] warmStart (decay=exponential) 48% (571/1188) regret=0.107112 ape=0.6009
[17:43:51] warmStart (decay=exponential) 48% (572/1188) regret=0.107112 ape=0.6009
[17:43:51] warmStart (decay=exponential) 48% (573/1188) regret=0.107107 ape=0.6009
[17:43:51] warmStart (decay=exponential) 48% (574/1188) regret=0.107107 ape=0.6009
[17:43:51] warmStart (decay=exponential) 48% (575/1188) regret=0.107091 ape=0.6000
[17:43:51] warmStart (decay=exponential) 48% (576/1188) regret=0.107091 ape=0.6000
[17:43:52] warmStart (decay=exponential) 48% (577/1188) regret=0.107091 ape=0.6000
[17:43:52] warmStart (decay=exponential) 48% (578/1188) regret=0.107091 ape=0.6000
[17:43:52] warmStart (decay=exponential) 48% (579/1188) regret=0.107091 ape=0.6000
[17:43:52] warmStart (decay=exponential) 48% (580/1188) regret=0.107091 ape=0.6000
[17:43:52] warmStart (decay=exponential) 48% (581/1188) regret=0.107091 ape=0.6000
[17:43:52] warmStart (decay=exponential) 48% (582/1188) regret=0.107091 ape=0.6000
[17:43:53] warmStart (decay=exponential) 49% (583/1188) regret=0.107091 ape=0.6000
[17:43:53] warmStart (decay=exponential) 49% (584/1188) regret=0.107091 ape=0.6000
[17:43:53] warmStart (decay=exponential) 49% (585/1188) regret=0.107091 ape=0.6000
[17:43:53] warmStart (decay=exponential) 49% (586/1188) regret=0.107091 ape=0.6000
[17:43:53] warmStart (decay=exponential) 49% (587/1188) regret=0.107091 ape=0.6000
[17:43:53] warmStart (decay=exponential) 49% (588/1188) regret=0.107091 ape=0.6000
[17:43:53] warmStart (decay=exponential) 49% (589/1188) regret=0.107091 ape=0.6000
[17:43:54] warmStart (decay=exponential) 49% (590/1188) regret=0.107091 ape=0.6000
[17:43:54] warmStart (decay=exponential) 49% (591/1188) regret=0.107091 ape=0.6000
[17:43:54] warmStart (decay=exponential) 49% (592/1188) regret=0.107091 ape=0.6000
[17:43:54] warmStart (decay=exponential) 49% (593/1188) regret=0.107091 ape=0.6000
[17:43:54] warmStart (decay=exponential) 50% (594/1188) regret=0.107091 ape=0.6000
[17:43:54] warmStart (decay=exponential) 50% (595/1188) regret=0.107091 ape=0.6000
[17:43:55] warmStart (decay=exponential) 50% (596/1188) regret=0.107091 ape=0.6000
[17:43:55] warmStart (decay=exponential) 50% (597/1188) regret=0.107091 ape=0.6000
[17:43:55] warmStart (decay=exponential) 50% (598/1188) regret=0.107091 ape=0.6000
[17:43:55] warmStart (decay=exponential) 50% (599/1188) regret=0.107091 ape=0.6000
[17:43:55] warmStart (decay=exponential) 50% (600/1188) regret=0.107091 ape=0.6000
[17:43:55] warmStart (decay=exponential) 50% (601/1188) regret=0.107091 ape=0.6000
[17:43:56] warmStart (decay=exponential) 50% (602/1188) regret=0.107091 ape=0.6000
[17:43:56] warmStart (decay=exponential) 50% (603/1188) regret=0.107091 ape=0.6000
[17:43:56] warmStart (decay=exponential) 50% (604/1188) regret=0.107091 ape=0.6000
[17:43:56] warmStart (decay=exponential) 50% (605/1188) regret=0.107091 ape=0.6000
[17:43:56] warmStart (decay=exponential) 51% (606/1188) regret=0.107091 ape=0.6000
[17:43:56] warmStart (decay=exponential) 51% (607/1188) regret=0.107091 ape=0.6000
[17:43:56] warmStart (decay=exponential) 51% (608/1188) regret=0.107091 ape=0.6000
[17:43:57] warmStart (decay=exponential) 51% (609/1188) regret=0.107091 ape=0.6000
[17:43:57] warmStart (decay=exponential) 51% (610/1188) regret=0.107091 ape=0.6000
[17:43:57] warmStart (decay=exponential) 51% (611/1188) regret=0.107091 ape=0.6000
[17:43:57] warmStart (decay=exponential) 51% (612/1188) regret=0.107091 ape=0.6000
[17:43:57] warmStart (decay=exponential) 51% (613/1188) regret=0.107091 ape=0.6000
[17:43:58] warmStart (decay=exponential) 51% (614/1188) regret=0.107091 ape=0.6000
[17:43:58] warmStart (decay=exponential) 51% (615/1188) regret=0.107091 ape=0.6000
[17:43:58] warmStart (decay=exponential) 51% (616/1188) regret=0.107091 ape=0.6000
[17:43:58] warmStart (decay=exponential) 51% (617/1188) regret=0.107091 ape=0.6000
[17:43:58] warmStart (decay=exponential) 52% (618/1188) regret=0.107091 ape=0.6000
[17:43:58] warmStart (decay=exponential) 52% (619/1188) regret=0.107091 ape=0.6000
[17:43:59] warmStart (decay=exponential) 52% (620/1188) regret=0.107091 ape=0.6000
[17:43:59] warmStart (decay=exponential) 52% (621/1188) regret=0.107091 ape=0.6000
[17:43:59] warmStart (decay=exponential) 52% (622/1188) regret=0.107091 ape=0.6000
[17:43:59] warmStart (decay=exponential) 52% (623/1188) regret=0.107091 ape=0.6000
[17:43:59] warmStart (decay=exponential) 52% (624/1188) regret=0.107091 ape=0.6000
[17:43:59] warmStart (decay=exponential) 52% (625/1188) regret=0.107091 ape=0.6000
[17:44:00] warmStart (decay=exponential) 52% (626/1188) regret=0.107091 ape=0.6000
[17:44:00] warmStart (decay=exponential) 52% (627/1188) regret=0.107091 ape=0.6000
[17:44:00] warmStart (decay=exponential) 52% (628/1188) regret=0.107091 ape=0.6000
[17:44:00] warmStart (decay=exponential) 52% (629/1188) regret=0.107091 ape=0.6000
[17:44:00] warmStart (decay=exponential) 53% (630/1188) regret=0.107091 ape=0.6000
[17:44:00] warmStart (decay=exponential) 53% (631/1188) regret=0.107091 ape=0.6000
[17:44:01] warmStart (decay=exponential) 53% (632/1188) regret=0.107091 ape=0.6000
[17:44:01] warmStart (decay=exponential) 53% (633/1188) regret=0.107091 ape=0.6000
[17:44:01] warmStart (decay=exponential) 53% (634/1188) regret=0.107091 ape=0.6000
[17:44:01] warmStart (decay=exponential) 53% (635/1188) regret=0.107091 ape=0.6000
[17:44:01] warmStart (decay=exponential) 53% (636/1188) regret=0.107091 ape=0.6000
[17:44:01] warmStart (decay=exponential) 53% (637/1188) regret=0.107091 ape=0.6000
[17:44:02] warmStart (decay=exponential) 53% (638/1188) regret=0.107091 ape=0.6000
[17:44:02] warmStart (decay=exponential) 53% (639/1188) regret=0.107091 ape=0.6000
[17:44:02] warmStart (decay=exponential) 53% (640/1188) regret=0.107091 ape=0.6000
[17:44:02] warmStart (decay=exponential) 53% (641/1188) regret=0.107091 ape=0.6000
[17:44:02] warmStart (decay=exponential) 54% (642/1188) regret=0.107091 ape=0.6000
[17:44:02] warmStart (decay=exponential) 54% (643/1188) regret=0.107091 ape=0.6000
[17:44:03] warmStart (decay=exponential) 54% (644/1188) regret=0.107091 ape=0.6000
[17:44:03] warmStart (decay=exponential) 54% (645/1188) regret=0.107091 ape=0.6000
[17:44:03] warmStart (decay=exponential) 54% (646/1188) regret=0.107091 ape=0.6000
[17:44:03] warmStart (decay=exponential) 54% (647/1188) regret=0.107091 ape=0.6000
[17:44:03] warmStart (decay=exponential) 54% (648/1188) regret=0.107091 ape=0.6000
[17:44:03] warmStart (decay=exponential) 54% (649/1188) regret=0.107091 ape=0.6000
[17:44:04] warmStart (decay=exponential) 54% (650/1188) regret=0.107091 ape=0.6000
[17:44:04] warmStart (decay=exponential) 54% (651/1188) regret=0.107091 ape=0.6000
[17:44:04] warmStart (decay=exponential) 54% (652/1188) regret=0.107091 ape=0.6000
[17:44:04] warmStart (decay=exponential) 54% (653/1188) regret=0.107091 ape=0.6000
[17:44:04] warmStart (decay=exponential) 55% (654/1188) regret=0.107091 ape=0.6000
[17:44:05] warmStart (decay=exponential) 55% (655/1188) regret=0.107091 ape=0.6000
[17:44:05] warmStart (decay=exponential) 55% (656/1188) regret=0.107091 ape=0.6000
[17:44:05] warmStart (decay=exponential) 55% (657/1188) regret=0.107091 ape=0.6000
[17:44:05] warmStart (decay=exponential) 55% (658/1188) regret=0.107091 ape=0.6000
[17:44:05] warmStart (decay=exponential) 55% (659/1188) regret=0.107091 ape=0.6000
[17:44:05] warmStart (decay=exponential) 55% (660/1188) regret=0.107091 ape=0.6000
[17:44:06] warmStart (decay=exponential) 55% (661/1188) regret=0.107091 ape=0.6000
[17:44:06] warmStart (decay=exponential) 55% (662/1188) regret=0.107091 ape=0.6000
[17:44:06] warmStart (decay=exponential) 55% (663/1188) regret=0.107091 ape=0.6000
[17:44:06] warmStart (decay=exponential) 55% (664/1188) regret=0.107091 ape=0.6000
[17:44:06] warmStart (decay=exponential) 55% (665/1188) regret=0.107091 ape=0.6000
[17:44:06] warmStart (decay=exponential) 56% (666/1188) regret=0.107091 ape=0.6000
[17:44:07] warmStart (decay=exponential) 56% (667/1188) regret=0.107091 ape=0.6000
[17:44:07] warmStart (decay=exponential) 56% (668/1188) regret=0.107091 ape=0.6000
[17:44:07] warmStart (decay=exponential) 56% (669/1188) regret=0.107091 ape=0.6000
[17:44:07] warmStart (decay=exponential) 56% (670/1188) regret=0.107091 ape=0.6000
[17:44:07] warmStart (decay=exponential) 56% (671/1188) regret=0.107091 ape=0.6000
[17:44:07] warmStart (decay=exponential) 56% (672/1188) regret=0.107091 ape=0.6000
[17:44:08] warmStart (decay=exponential) 56% (673/1188) regret=0.107091 ape=0.6000
[17:44:08] warmStart (decay=exponential) 56% (674/1188) regret=0.107091 ape=0.6000
[17:44:08] warmStart (decay=exponential) 56% (675/1188) regret=0.107091 ape=0.6000
[17:44:08] warmStart (decay=exponential) 56% (676/1188) regret=0.107091 ape=0.6000
[17:44:08] warmStart (decay=exponential) 56% (677/1188) regret=0.107086 ape=0.6000
[17:44:08] warmStart (decay=exponential) 57% (678/1188) regret=0.107091 ape=0.6000
[17:44:09] warmStart (decay=exponential) 57% (679/1188) regret=0.107082 ape=0.5991
[17:44:09] warmStart (decay=exponential) 57% (680/1188) regret=0.107086 ape=0.6000
[17:44:09] warmStart (decay=exponential) 57% (681/1188) regret=0.107082 ape=0.5991
[17:44:09] warmStart (decay=exponential) 57% (682/1188) regret=0.107082 ape=0.5991
[17:44:09] warmStart (decay=exponential) 57% (683/1188) regret=0.107082 ape=0.5991
[17:44:09] warmStart (decay=exponential) 57% (684/1188) regret=0.107082 ape=0.5991
[17:44:09] warmStart (decay=exponential) 57% (685/1188) regret=0.107082 ape=0.5991
[17:44:10] warmStart (decay=exponential) 57% (686/1188) regret=0.107082 ape=0.5991
[17:44:10] warmStart (decay=exponential) 57% (687/1188) regret=0.107082 ape=0.5991
[17:44:10] warmStart (decay=exponential) 57% (688/1188) regret=0.107300 ape=0.5991
[17:44:10] warmStart (decay=exponential) 57% (689/1188) regret=0.106765 ape=0.5982
[17:44:10] warmStart (decay=exponential) 58% (690/1188) regret=0.106765 ape=0.5982
[17:44:10] warmStart (decay=exponential) 58% (691/1188) regret=0.106765 ape=0.5982
[17:44:11] warmStart (decay=exponential) 58% (692/1188) regret=0.106765 ape=0.5982
[17:44:11] warmStart (decay=exponential) 58% (693/1188) regret=0.106765 ape=0.5982
[17:44:11] warmStart (decay=exponential) 58% (694/1188) regret=0.106784 ape=0.5991
[17:44:11] warmStart (decay=exponential) 58% (695/1188) regret=0.106797 ape=0.5991
[17:44:11] warmStart (decay=exponential) 58% (696/1188) regret=0.106797 ape=0.5991
[17:44:11] warmStart (decay=exponential) 58% (697/1188) regret=0.106797 ape=0.5991
[17:44:12] warmStart (decay=exponential) 58% (698/1188) regret=0.106797 ape=0.5991
[17:44:12] warmStart (decay=exponential) 58% (699/1188) regret=0.106784 ape=0.5991
[17:44:12] warmStart (decay=exponential) 58% (700/1188) regret=0.106784 ape=0.5991
[17:44:12] warmStart (decay=exponential) 59% (701/1188) regret=0.106784 ape=0.5991
[17:44:12] warmStart (decay=exponential) 59% (702/1188) regret=0.106784 ape=0.5991
[17:44:12] warmStart (decay=exponential) 59% (703/1188) regret=0.106784 ape=0.5991
[17:44:13] warmStart (decay=exponential) 59% (704/1188) regret=0.106784 ape=0.5991
[17:44:13] warmStart (decay=exponential) 59% (705/1188) regret=0.106784 ape=0.5991
[17:44:13] warmStart (decay=exponential) 59% (706/1188) regret=0.106784 ape=0.5991
[17:44:13] warmStart (decay=exponential) 59% (707/1188) regret=0.106784 ape=0.5991
[17:44:13] warmStart (decay=exponential) 59% (708/1188) regret=0.106784 ape=0.5991
[17:44:14] warmStart (decay=exponential) 59% (709/1188) regret=0.106784 ape=0.5991
[17:44:14] warmStart (decay=exponential) 59% (710/1188) regret=0.106784 ape=0.5991
[17:44:14] warmStart (decay=exponential) 59% (711/1188) regret=0.106784 ape=0.5991
[17:44:14] warmStart (decay=exponential) 59% (712/1188) regret=0.106784 ape=0.5991
[17:44:14] warmStart (decay=exponential) 60% (713/1188) regret=0.106996 ape=0.6000
[17:44:14] warmStart (decay=exponential) 60% (714/1188) regret=0.106996 ape=0.6000
[17:44:15] warmStart (decay=exponential) 60% (715/1188) regret=0.106996 ape=0.6000
[17:44:15] warmStart (decay=exponential) 60% (716/1188) regret=0.106996 ape=0.6000
[17:44:15] warmStart (decay=exponential) 60% (717/1188) regret=0.107323 ape=0.6000
[17:44:15] warmStart (decay=exponential) 60% (718/1188) regret=0.107057 ape=0.6000
[17:44:15] warmStart (decay=exponential) 60% (719/1188) regret=0.107057 ape=0.6000
[17:44:15] warmStart (decay=exponential) 60% (720/1188) regret=0.107057 ape=0.6000
[17:44:16] warmStart (decay=exponential) 60% (721/1188) regret=0.106997 ape=0.6000
[17:44:16] warmStart (decay=exponential) 60% (722/1188) regret=0.106997 ape=0.6000
[17:44:16] warmStart (decay=exponential) 60% (723/1188) regret=0.106997 ape=0.6000
[17:44:16] warmStart (decay=exponential) 60% (724/1188) regret=0.107001 ape=0.6009
[17:44:16] warmStart (decay=exponential) 61% (725/1188) regret=0.107001 ape=0.6009
[17:44:16] warmStart (decay=exponential) 61% (726/1188) regret=0.107001 ape=0.6009
[17:44:17] warmStart (decay=exponential) 61% (727/1188) regret=0.107001 ape=0.6009
[17:44:17] warmStart (decay=exponential) 61% (728/1188) regret=0.107001 ape=0.6009
[17:44:17] warmStart (decay=exponential) 61% (729/1188) regret=0.107001 ape=0.6009
[17:44:17] warmStart (decay=exponential) 61% (730/1188) regret=0.107001 ape=0.6009
[17:44:17] warmStart (decay=exponential) 61% (731/1188) regret=0.107001 ape=0.6009
[17:44:17] warmStart (decay=exponential) 61% (732/1188) regret=0.107001 ape=0.6009
[17:44:17] warmStart (decay=exponential) 61% (733/1188) regret=0.107001 ape=0.6009
[17:44:18] warmStart (decay=exponential) 61% (734/1188) regret=0.107001 ape=0.6009
[17:44:18] warmStart (decay=exponential) 61% (735/1188) regret=0.107001 ape=0.6009
[17:44:18] warmStart (decay=exponential) 61% (736/1188) regret=0.107001 ape=0.6009
[17:44:18] warmStart (decay=exponential) 62% (737/1188) regret=0.107001 ape=0.6009
[17:44:18] warmStart (decay=exponential) 62% (738/1188) regret=0.107001 ape=0.6009
[17:44:18] warmStart (decay=exponential) 62% (739/1188) regret=0.106997 ape=0.6000
[17:44:18] warmStart (decay=exponential) 62% (740/1188) regret=0.106997 ape=0.6000
[17:44:19] warmStart (decay=exponential) 62% (741/1188) regret=0.106997 ape=0.6000
[17:44:19] warmStart (decay=exponential) 62% (742/1188) regret=0.106997 ape=0.6000
[17:44:19] warmStart (decay=exponential) 62% (743/1188) regret=0.106997 ape=0.6000
[17:44:19] warmStart (decay=exponential) 62% (744/1188) regret=0.106997 ape=0.6000
[17:44:19] warmStart (decay=exponential) 62% (745/1188) regret=0.106997 ape=0.6000
[17:44:19] warmStart (decay=exponential) 62% (746/1188) regret=0.106997 ape=0.6000
[17:44:20] warmStart (decay=exponential) 62% (747/1188) regret=0.106997 ape=0.6000
[17:44:20] warmStart (decay=exponential) 62% (748/1188) regret=0.106997 ape=0.6000
[17:44:20] warmStart (decay=exponential) 63% (749/1188) regret=0.106997 ape=0.6000
[17:44:20] warmStart (decay=exponential) 63% (750/1188) regret=0.107218 ape=0.6009
[17:44:20] warmStart (decay=exponential) 63% (751/1188) regret=0.107181 ape=0.6009
[17:44:20] warmStart (decay=exponential) 63% (752/1188) regret=0.107181 ape=0.6009
[17:44:20] warmStart (decay=exponential) 63% (753/1188) regret=0.107181 ape=0.6009
[17:44:21] warmStart (decay=exponential) 63% (754/1188) regret=0.107181 ape=0.6009
[17:44:21] warmStart (decay=exponential) 63% (755/1188) regret=0.107188 ape=0.6018
[17:44:21] warmStart (decay=exponential) 63% (756/1188) regret=0.107188 ape=0.6018
[17:44:21] warmStart (decay=exponential) 63% (757/1188) regret=0.107188 ape=0.6018
[17:44:21] warmStart (decay=exponential) 63% (758/1188) regret=0.107188 ape=0.6018
[17:44:21] warmStart (decay=exponential) 63% (759/1188) regret=0.107188 ape=0.6018
[17:44:21] warmStart (decay=exponential) 63% (760/1188) regret=0.107188 ape=0.6018
[17:44:22] warmStart (decay=exponential) 64% (761/1188) regret=0.107188 ape=0.6018
[17:44:22] warmStart (decay=exponential) 64% (762/1188) regret=0.107188 ape=0.6018
[17:44:22] warmStart (decay=exponential) 64% (763/1188) regret=0.107188 ape=0.6018
[17:44:22] warmStart (decay=exponential) 64% (764/1188) regret=0.107188 ape=0.6018
[17:44:22] warmStart (decay=exponential) 64% (765/1188) regret=0.107188 ape=0.6018
[17:44:22] warmStart (decay=exponential) 64% (766/1188) regret=0.107188 ape=0.6018
[17:44:22] warmStart (decay=exponential) 64% (767/1188) regret=0.107188 ape=0.6018
[17:44:23] warmStart (decay=exponential) 64% (768/1188) regret=0.107188 ape=0.6018
[17:44:23] warmStart (decay=exponential) 64% (769/1188) regret=0.107188 ape=0.6018
[17:44:23] warmStart (decay=exponential) 64% (770/1188) regret=0.107188 ape=0.6018
[17:44:23] warmStart (decay=exponential) 64% (771/1188) regret=0.107188 ape=0.6018
[17:44:23] warmStart (decay=exponential) 64% (772/1188) regret=0.107188 ape=0.6018
[17:44:23] warmStart (decay=exponential) 65% (773/1188) regret=0.107188 ape=0.6018
[17:44:23] warmStart (decay=exponential) 65% (774/1188) regret=0.107188 ape=0.6018
[17:44:24] warmStart (decay=exponential) 65% (775/1188) regret=0.107188 ape=0.6018
[17:44:24] warmStart (decay=exponential) 65% (776/1188) regret=0.107188 ape=0.6018
[17:44:24] warmStart (decay=exponential) 65% (777/1188) regret=0.107188 ape=0.6018
[17:44:24] warmStart (decay=exponential) 65% (778/1188) regret=0.107188 ape=0.6018
[17:44:24] warmStart (decay=exponential) 65% (779/1188) regret=0.107188 ape=0.6018
[17:44:24] warmStart (decay=exponential) 65% (780/1188) regret=0.107188 ape=0.6018
[17:44:25] warmStart (decay=exponential) 65% (781/1188) regret=0.107188 ape=0.6018
[17:44:25] warmStart (decay=exponential) 65% (782/1188) regret=0.107188 ape=0.6018
[17:44:25] warmStart (decay=exponential) 65% (783/1188) regret=0.107188 ape=0.6018
[17:44:25] warmStart (decay=exponential) 65% (784/1188) regret=0.107188 ape=0.6018
[17:44:25] warmStart (decay=exponential) 66% (785/1188) regret=0.107188 ape=0.6018
[17:44:25] warmStart (decay=exponential) 66% (786/1188) regret=0.107188 ape=0.6018
[17:44:26] warmStart (decay=exponential) 66% (787/1188) regret=0.107188 ape=0.6018
[17:44:26] warmStart (decay=exponential) 66% (788/1188) regret=0.107188 ape=0.6018
[17:44:26] warmStart (decay=exponential) 66% (789/1188) regret=0.107188 ape=0.6018
[17:44:26] warmStart (decay=exponential) 66% (790/1188) regret=0.107188 ape=0.6018
[17:44:26] warmStart (decay=exponential) 66% (791/1188) regret=0.107188 ape=0.6018
[17:44:26] warmStart (decay=exponential) 66% (792/1188) regret=0.107188 ape=0.6018
[17:44:27] warmStart (decay=exponential) 66% (793/1188) regret=0.107188 ape=0.6018
[17:44:27] warmStart (decay=exponential) 66% (794/1188) regret=0.107188 ape=0.6018
[17:44:27] warmStart (decay=exponential) 66% (795/1188) regret=0.107188 ape=0.6018
[17:44:27] warmStart (decay=exponential) 67% (796/1188) regret=0.107188 ape=0.6018
[17:44:27] warmStart (decay=exponential) 67% (797/1188) regret=0.107188 ape=0.6018
[17:44:27] warmStart (decay=exponential) 67% (798/1188) regret=0.107188 ape=0.6018
[17:44:27] warmStart (decay=exponential) 67% (799/1188) regret=0.107188 ape=0.6018
[17:44:28] warmStart (decay=exponential) 67% (800/1188) regret=0.107188 ape=0.6018
[17:44:28] warmStart (decay=exponential) 67% (801/1188) regret=0.107188 ape=0.6018
[17:44:28] warmStart (decay=exponential) 67% (802/1188) regret=0.107188 ape=0.6018
[17:44:28] warmStart (decay=exponential) 67% (803/1188) regret=0.107188 ape=0.6018
[17:44:28] warmStart (decay=exponential) 67% (804/1188) regret=0.107188 ape=0.6018
[17:44:28] warmStart (decay=exponential) 67% (805/1188) regret=0.107188 ape=0.6018
[17:44:29] warmStart (decay=exponential) 67% (806/1188) regret=0.107188 ape=0.6018
[17:44:29] warmStart (decay=exponential) 67% (807/1188) regret=0.107188 ape=0.6018
[17:44:29] warmStart (decay=exponential) 68% (808/1188) regret=0.107188 ape=0.6018
[17:44:29] warmStart (decay=exponential) 68% (809/1188) regret=0.107188 ape=0.6018
[17:44:29] warmStart (decay=exponential) 68% (810/1188) regret=0.107188 ape=0.6018
[17:44:29] warmStart (decay=exponential) 68% (811/1188) regret=0.107188 ape=0.6018
[17:44:30] warmStart (decay=exponential) 68% (812/1188) regret=0.107188 ape=0.6018
[17:44:30] warmStart (decay=exponential) 68% (813/1188) regret=0.107188 ape=0.6018
[17:44:30] warmStart (decay=exponential) 68% (814/1188) regret=0.107188 ape=0.6018
[17:44:30] warmStart (decay=exponential) 68% (815/1188) regret=0.107188 ape=0.6018
[17:44:30] warmStart (decay=exponential) 68% (816/1188) regret=0.107188 ape=0.6018
[17:44:30] warmStart (decay=exponential) 68% (817/1188) regret=0.107188 ape=0.6018
[17:44:31] warmStart (decay=exponential) 68% (818/1188) regret=0.107188 ape=0.6018
[17:44:31] warmStart (decay=exponential) 68% (819/1188) regret=0.107183 ape=0.6018
[17:44:31] warmStart (decay=exponential) 69% (820/1188) regret=0.107183 ape=0.6018
[17:44:31] warmStart (decay=exponential) 69% (821/1188) regret=0.107183 ape=0.6018
[17:44:31] warmStart (decay=exponential) 69% (822/1188) regret=0.107183 ape=0.6018
[17:44:31] warmStart (decay=exponential) 69% (823/1188) regret=0.107183 ape=0.6018
[17:44:31] warmStart (decay=exponential) 69% (824/1188) regret=0.107183 ape=0.6018
[17:44:32] warmStart (decay=exponential) 69% (825/1188) regret=0.107183 ape=0.6018
[17:44:32] warmStart (decay=exponential) 69% (826/1188) regret=0.107183 ape=0.6018
[17:44:32] warmStart (decay=exponential) 69% (827/1188) regret=0.107183 ape=0.6018
[17:44:32] warmStart (decay=exponential) 69% (828/1188) regret=0.107109 ape=0.6018
[17:44:32] warmStart (decay=exponential) 69% (829/1188) regret=0.107109 ape=0.6018
[17:44:32] warmStart (decay=exponential) 69% (830/1188) regret=0.107109 ape=0.6018
[17:44:33] warmStart (decay=exponential) 69% (831/1188) regret=0.107109 ape=0.6018
[17:44:33] warmStart (decay=exponential) 70% (832/1188) regret=0.107109 ape=0.6018
[17:44:33] warmStart (decay=exponential) 70% (833/1188) regret=0.107109 ape=0.6018
[17:44:33] warmStart (decay=exponential) 70% (834/1188) regret=0.107109 ape=0.6018
[17:44:33] warmStart (decay=exponential) 70% (835/1188) regret=0.107109 ape=0.6018
[17:44:33] warmStart (decay=exponential) 70% (836/1188) regret=0.107109 ape=0.6018
[17:44:34] warmStart (decay=exponential) 70% (837/1188) regret=0.107109 ape=0.6018
[17:44:34] warmStart (decay=exponential) 70% (838/1188) regret=0.107109 ape=0.6018
[17:44:34] warmStart (decay=exponential) 70% (839/1188) regret=0.107109 ape=0.6018
[17:44:34] warmStart (decay=exponential) 70% (840/1188) regret=0.107109 ape=0.6018
[17:44:34] warmStart (decay=exponential) 70% (841/1188) regret=0.107109 ape=0.6018
[17:44:34] warmStart (decay=exponential) 70% (842/1188) regret=0.107109 ape=0.6018
[17:44:35] warmStart (decay=exponential) 70% (843/1188) regret=0.107109 ape=0.6018
[17:44:35] warmStart (decay=exponential) 71% (844/1188) regret=0.107109 ape=0.6018
[17:44:35] warmStart (decay=exponential) 71% (845/1188) regret=0.107109 ape=0.6018
[17:44:35] warmStart (decay=exponential) 71% (846/1188) regret=0.107109 ape=0.6018
[17:44:35] warmStart (decay=exponential) 71% (847/1188) regret=0.107109 ape=0.6018
[17:44:36] warmStart (decay=exponential) 71% (848/1188) regret=0.107109 ape=0.6018
[17:44:36] warmStart (decay=exponential) 71% (849/1188) regret=0.107109 ape=0.6018
[17:44:36] warmStart (decay=exponential) 71% (850/1188) regret=0.107109 ape=0.6018
[17:44:36] warmStart (decay=exponential) 71% (851/1188) regret=0.107109 ape=0.6018
[17:44:36] warmStart (decay=exponential) 71% (852/1188) regret=0.107109 ape=0.6018
[17:44:36] warmStart (decay=exponential) 71% (853/1188) regret=0.107109 ape=0.6018
[17:44:37] warmStart (decay=exponential) 71% (854/1188) regret=0.107109 ape=0.6018
[17:44:37] warmStart (decay=exponential) 71% (855/1188) regret=0.107109 ape=0.6018
[17:44:37] warmStart (decay=exponential) 72% (856/1188) regret=0.107109 ape=0.6018
[17:44:37] warmStart (decay=exponential) 72% (857/1188) regret=0.107109 ape=0.6018
[17:44:37] warmStart (decay=exponential) 72% (858/1188) regret=0.107109 ape=0.6018
[17:44:37] warmStart (decay=exponential) 72% (859/1188) regret=0.107109 ape=0.6018
[17:44:38] warmStart (decay=exponential) 72% (860/1188) regret=0.107109 ape=0.6018
[17:44:38] warmStart (decay=exponential) 72% (861/1188) regret=0.107109 ape=0.6018
[17:44:38] warmStart (decay=exponential) 72% (862/1188) regret=0.107109 ape=0.6018
[17:44:38] warmStart (decay=exponential) 72% (863/1188) regret=0.107109 ape=0.6018
[17:44:38] warmStart (decay=exponential) 72% (864/1188) regret=0.107109 ape=0.6018
[17:44:38] warmStart (decay=exponential) 72% (865/1188) regret=0.107109 ape=0.6018
[17:44:39] warmStart (decay=exponential) 72% (866/1188) regret=0.107109 ape=0.6018
[17:44:39] warmStart (decay=exponential) 72% (867/1188) regret=0.107109 ape=0.6018
[17:44:39] warmStart (decay=exponential) 73% (868/1188) regret=0.107109 ape=0.6018
[17:44:39] warmStart (decay=exponential) 73% (869/1188) regret=0.107109 ape=0.6018
[17:44:39] warmStart (decay=exponential) 73% (870/1188) regret=0.107109 ape=0.6018
[17:44:40] warmStart (decay=exponential) 73% (871/1188) regret=0.107109 ape=0.6018
[17:44:40] warmStart (decay=exponential) 73% (872/1188) regret=0.107109 ape=0.6018
[17:44:40] warmStart (decay=exponential) 73% (873/1188) regret=0.107109 ape=0.6018
[17:44:40] warmStart (decay=exponential) 73% (874/1188) regret=0.107109 ape=0.6018
[17:44:40] warmStart (decay=exponential) 73% (875/1188) regret=0.107109 ape=0.6018
[17:44:40] warmStart (decay=exponential) 73% (876/1188) regret=0.107109 ape=0.6018
[17:44:41] warmStart (decay=exponential) 73% (877/1188) regret=0.107109 ape=0.6018
[17:44:41] warmStart (decay=exponential) 73% (878/1188) regret=0.107109 ape=0.6018
[17:44:41] warmStart (decay=exponential) 73% (879/1188) regret=0.107109 ape=0.6018
[17:44:41] warmStart (decay=exponential) 74% (880/1188) regret=0.107109 ape=0.6018
[17:44:41] warmStart (decay=exponential) 74% (881/1188) regret=0.107109 ape=0.6018
[17:44:41] warmStart (decay=exponential) 74% (882/1188) regret=0.107109 ape=0.6018
[17:44:42] warmStart (decay=exponential) 74% (883/1188) regret=0.107109 ape=0.6018
[17:44:42] warmStart (decay=exponential) 74% (884/1188) regret=0.107109 ape=0.6018
[17:44:42] warmStart (decay=exponential) 74% (885/1188) regret=0.107109 ape=0.6018
[17:44:42] warmStart (decay=exponential) 74% (886/1188) regret=0.107109 ape=0.6018
[17:44:42] warmStart (decay=exponential) 74% (887/1188) regret=0.107109 ape=0.6018
[17:44:42] warmStart (decay=exponential) 74% (888/1188) regret=0.107109 ape=0.6018
[17:44:43] warmStart (decay=exponential) 74% (889/1188) regret=0.107109 ape=0.6018
[17:44:43] warmStart (decay=exponential) 74% (890/1188) regret=0.107109 ape=0.6018
[17:44:43] warmStart (decay=exponential) 75% (891/1188) regret=0.107109 ape=0.6018
[17:44:43] warmStart (decay=exponential) 75% (892/1188) regret=0.107109 ape=0.6018
[17:44:43] warmStart (decay=exponential) 75% (893/1188) regret=0.107109 ape=0.6018
[17:44:44] warmStart (decay=exponential) 75% (894/1188) regret=0.107109 ape=0.6018
[17:44:44] warmStart (decay=exponential) 75% (895/1188) regret=0.107109 ape=0.6018
[17:44:44] warmStart (decay=exponential) 75% (896/1188) regret=0.107109 ape=0.6018
[17:44:44] warmStart (decay=exponential) 75% (897/1188) regret=0.107109 ape=0.6018
[17:44:44] warmStart (decay=exponential) 75% (898/1188) regret=0.107109 ape=0.6018
[17:44:44] warmStart (decay=exponential) 75% (899/1188) regret=0.107109 ape=0.6018
[17:44:45] warmStart (decay=exponential) 75% (900/1188) regret=0.107109 ape=0.6018
[17:44:45] warmStart (decay=exponential) 75% (901/1188) regret=0.107109 ape=0.6018
[17:44:45] warmStart (decay=exponential) 75% (902/1188) regret=0.107109 ape=0.6018
[17:44:45] warmStart (decay=exponential) 76% (903/1188) regret=0.107109 ape=0.6018
[17:44:45] warmStart (decay=exponential) 76% (904/1188) regret=0.106976 ape=0.6009
[17:44:45] warmStart (decay=exponential) 76% (905/1188) regret=0.106976 ape=0.6009
[17:44:46] warmStart (decay=exponential) 76% (906/1188) regret=0.106976 ape=0.6009
[17:44:46] warmStart (decay=exponential) 76% (907/1188) regret=0.106976 ape=0.6009
[17:44:46] warmStart (decay=exponential) 76% (908/1188) regret=0.106976 ape=0.6009
[17:44:46] warmStart (decay=exponential) 76% (909/1188) regret=0.106972 ape=0.6009
[17:44:46] warmStart (decay=exponential) 76% (910/1188) regret=0.106976 ape=0.6009
[17:44:46] warmStart (decay=exponential) 76% (911/1188) regret=0.106956 ape=0.6000
[17:44:46] warmStart (decay=exponential) 76% (912/1188) regret=0.106956 ape=0.6000
[17:44:47] warmStart (decay=exponential) 76% (913/1188) regret=0.106974 ape=0.6009
[17:44:47] warmStart (decay=exponential) 76% (914/1188) regret=0.106976 ape=0.6009
[17:44:47] warmStart (decay=exponential) 77% (915/1188) regret=0.106974 ape=0.6009
[17:44:47] warmStart (decay=exponential) 77% (916/1188) regret=0.106972 ape=0.6009
[17:44:47] warmStart (decay=exponential) 77% (917/1188) regret=0.106956 ape=0.6000
[17:44:47] warmStart (decay=exponential) 77% (918/1188) regret=0.106956 ape=0.6000
[17:44:47] warmStart (decay=exponential) 77% (919/1188) regret=0.106956 ape=0.6000
[17:44:48] warmStart (decay=exponential) 77% (920/1188) regret=0.106956 ape=0.6000
[17:44:48] warmStart (decay=exponential) 77% (921/1188) regret=0.106956 ape=0.6000
[17:44:48] warmStart (decay=exponential) 77% (922/1188) regret=0.106956 ape=0.6000
[17:44:48] warmStart (decay=exponential) 77% (923/1188) regret=0.106956 ape=0.6000
[17:44:48] warmStart (decay=exponential) 77% (924/1188) regret=0.106956 ape=0.6000
[17:44:48] warmStart (decay=exponential) 77% (925/1188) regret=0.106956 ape=0.6000
[17:44:49] warmStart (decay=exponential) 77% (926/1188) regret=0.106956 ape=0.6000
[17:44:49] warmStart (decay=exponential) 78% (927/1188) regret=0.106956 ape=0.6000
[17:44:49] warmStart (decay=exponential) 78% (928/1188) regret=0.106956 ape=0.6000
[17:44:49] warmStart (decay=exponential) 78% (929/1188) regret=0.106891 ape=0.5991
[17:44:49] warmStart (decay=exponential) 78% (930/1188) regret=0.106935 ape=0.6000
[17:44:49] warmStart (decay=exponential) 78% (931/1188) regret=0.106935 ape=0.6000
[17:44:49] warmStart (decay=exponential) 78% (932/1188) regret=0.106935 ape=0.6000
[17:44:50] warmStart (decay=exponential) 78% (933/1188) regret=0.107027 ape=0.6000
[17:44:50] warmStart (decay=exponential) 78% (934/1188) regret=0.106935 ape=0.6000
[17:44:50] warmStart (decay=exponential) 78% (935/1188) regret=0.106935 ape=0.6000
[17:44:50] warmStart (decay=exponential) 78% (936/1188) regret=0.106935 ape=0.6000
[17:44:50] warmStart (decay=exponential) 78% (937/1188) regret=0.106891 ape=0.5991
[17:44:51] warmStart (decay=exponential) 78% (938/1188) regret=0.106891 ape=0.5991
[17:44:51] warmStart (decay=exponential) 79% (939/1188) regret=0.106665 ape=0.5991
[17:44:51] warmStart (decay=exponential) 79% (940/1188) regret=0.106665 ape=0.5991
[17:44:51] warmStart (decay=exponential) 79% (941/1188) regret=0.106665 ape=0.5991
[17:44:51] warmStart (decay=exponential) 79% (942/1188) regret=0.106670 ape=0.6000
[17:44:51] warmStart (decay=exponential) 79% (943/1188) regret=0.106670 ape=0.6000
[17:44:52] warmStart (decay=exponential) 79% (944/1188) regret=0.106670 ape=0.6000
[17:44:52] warmStart (decay=exponential) 79% (945/1188) regret=0.106762 ape=0.6000
[17:44:52] warmStart (decay=exponential) 79% (946/1188) regret=0.106762 ape=0.6000
[17:44:52] warmStart (decay=exponential) 79% (947/1188) regret=0.106836 ape=0.6000
[17:44:52] warmStart (decay=exponential) 79% (948/1188) regret=0.106670 ape=0.6000
[17:44:52] warmStart (decay=exponential) 79% (949/1188) regret=0.106762 ape=0.6000
[17:44:53] warmStart (decay=exponential) 79% (950/1188) regret=0.106762 ape=0.6000
[17:44:53] warmStart (decay=exponential) 80% (951/1188) regret=0.106762 ape=0.6000
[17:44:53] warmStart (decay=exponential) 80% (952/1188) regret=0.106762 ape=0.6000
[17:44:53] warmStart (decay=exponential) 80% (953/1188) regret=0.106762 ape=0.6000
[17:44:53] warmStart (decay=exponential) 80% (954/1188) regret=0.106762 ape=0.6000
[17:44:54] warmStart (decay=exponential) 80% (955/1188) regret=0.106771 ape=0.6000
[17:44:54] warmStart (decay=exponential) 80% (956/1188) regret=0.106771 ape=0.6000
[17:44:54] warmStart (decay=exponential) 80% (957/1188) regret=0.106771 ape=0.6000
[17:44:54] warmStart (decay=exponential) 80% (958/1188) regret=0.106771 ape=0.6000
[17:44:54] warmStart (decay=exponential) 80% (959/1188) regret=0.106771 ape=0.6000
[17:44:54] warmStart (decay=exponential) 80% (960/1188) regret=0.106771 ape=0.6000
[17:44:55] warmStart (decay=exponential) 80% (961/1188) regret=0.106771 ape=0.6000
[17:44:55] warmStart (decay=exponential) 80% (962/1188) regret=0.106771 ape=0.6000
[17:44:55] warmStart (decay=exponential) 81% (963/1188) regret=0.106771 ape=0.6000
[17:44:55] warmStart (decay=exponential) 81% (964/1188) regret=0.106771 ape=0.6000
[17:44:55] warmStart (decay=exponential) 81% (965/1188) regret=0.106771 ape=0.6000
[17:44:56] warmStart (decay=exponential) 81% (966/1188) regret=0.106771 ape=0.6000
[17:44:56] warmStart (decay=exponential) 81% (967/1188) regret=0.106771 ape=0.6000
[17:44:56] warmStart (decay=exponential) 81% (968/1188) regret=0.106771 ape=0.6000
[17:44:56] warmStart (decay=exponential) 81% (969/1188) regret=0.106771 ape=0.6000
[17:44:56] warmStart (decay=exponential) 81% (970/1188) regret=0.106771 ape=0.6000
[17:44:56] warmStart (decay=exponential) 81% (971/1188) regret=0.106771 ape=0.6000
[17:44:57] warmStart (decay=exponential) 81% (972/1188) regret=0.106771 ape=0.6000
[17:44:57] warmStart (decay=exponential) 81% (973/1188) regret=0.106771 ape=0.6000
[17:44:57] warmStart (decay=exponential) 81% (974/1188) regret=0.106771 ape=0.6000
[17:44:57] warmStart (decay=exponential) 82% (975/1188) regret=0.106642 ape=0.5991
[17:44:57] warmStart (decay=exponential) 82% (976/1188) regret=0.106642 ape=0.5991
[17:44:58] warmStart (decay=exponential) 82% (977/1188) regret=0.106642 ape=0.5991
[17:44:58] warmStart (decay=exponential) 82% (978/1188) regret=0.106642 ape=0.5991
[17:44:58] warmStart (decay=exponential) 82% (979/1188) regret=0.106642 ape=0.5991
[17:44:58] warmStart (decay=exponential) 82% (980/1188) regret=0.106642 ape=0.5991
[17:44:58] warmStart (decay=exponential) 82% (981/1188) regret=0.106642 ape=0.5991
[17:44:58] warmStart (decay=exponential) 82% (982/1188) regret=0.106642 ape=0.5991
[17:44:59] warmStart (decay=exponential) 82% (983/1188) regret=0.106642 ape=0.5991
[17:44:59] warmStart (decay=exponential) 82% (984/1188) regret=0.106642 ape=0.5991
[17:44:59] warmStart (decay=exponential) 82% (985/1188) regret=0.106642 ape=0.5991
[17:44:59] warmStart (decay=exponential) 82% (986/1188) regret=0.106384 ape=0.5982
[17:44:59] warmStart (decay=exponential) 83% (987/1188) regret=0.106384 ape=0.5982
[17:44:59] warmStart (decay=exponential) 83% (988/1188) regret=0.106384 ape=0.5982
[17:45:00] warmStart (decay=exponential) 83% (989/1188) regret=0.106384 ape=0.5982
[17:45:00] warmStart (decay=exponential) 83% (990/1188) regret=0.106384 ape=0.5982
[17:45:00] warmStart (decay=exponential) 83% (991/1188) regret=0.106384 ape=0.5982
[17:45:00] warmStart (decay=exponential) 83% (992/1188) regret=0.106387 ape=0.5991
[17:45:00] warmStart (decay=exponential) 83% (993/1188) regret=0.106387 ape=0.5991
[17:45:00] warmStart (decay=exponential) 83% (994/1188) regret=0.106240 ape=0.5982
[17:45:00] warmStart (decay=exponential) 83% (995/1188) regret=0.106240 ape=0.5982
[17:45:01] warmStart (decay=exponential) 83% (996/1188) regret=0.106360 ape=0.5991
[17:45:01] warmStart (decay=exponential) 83% (997/1188) regret=0.106240 ape=0.5982
[17:45:01] warmStart (decay=exponential) 84% (998/1188) regret=0.106240 ape=0.5982
[17:45:01] warmStart (decay=exponential) 84% (999/1188) regret=0.106240 ape=0.5982
[17:45:01] warmStart (decay=exponential) 84% (1000/1188) regret=0.106240 ape=0.5982
[17:45:01] warmStart (decay=exponential) 84% (1001/1188) regret=0.106240 ape=0.5982
[17:45:02] warmStart (decay=exponential) 84% (1002/1188) regret=0.106314 ape=0.5991
[17:45:02] warmStart (decay=exponential) 84% (1003/1188) regret=0.106240 ape=0.5982
[17:45:02] warmStart (decay=exponential) 84% (1004/1188) regret=0.106323 ape=0.5991
[17:45:02] warmStart (decay=exponential) 84% (1005/1188) regret=0.106240 ape=0.5982
[17:45:02] warmStart (decay=exponential) 84% (1006/1188) regret=0.106576 ape=0.5982
[17:45:02] warmStart (decay=exponential) 84% (1007/1188) regret=0.106198 ape=0.5972
[17:45:03] warmStart (decay=exponential) 84% (1008/1188) regret=0.106198 ape=0.5972
[17:45:03] warmStart (decay=exponential) 84% (1009/1188) regret=0.106198 ape=0.5972
[17:45:03] warmStart (decay=exponential) 85% (1010/1188) regret=0.106198 ape=0.5972
[17:45:03] warmStart (decay=exponential) 85% (1011/1188) regret=0.106198 ape=0.5972
[17:45:03] warmStart (decay=exponential) 85% (1012/1188) regret=0.106198 ape=0.5972
[17:45:03] warmStart (decay=exponential) 85% (1013/1188) regret=0.106198 ape=0.5972
[17:45:04] warmStart (decay=exponential) 85% (1014/1188) regret=0.106198 ape=0.5972
[17:45:04] warmStart (decay=exponential) 85% (1015/1188) regret=0.106198 ape=0.5972
[17:45:04] warmStart (decay=exponential) 85% (1016/1188) regret=0.106217 ape=0.5972
[17:45:04] warmStart (decay=exponential) 85% (1017/1188) regret=0.106217 ape=0.5972
[17:45:04] warmStart (decay=exponential) 85% (1018/1188) regret=0.106300 ape=0.5982
[17:45:04] warmStart (decay=exponential) 85% (1019/1188) regret=0.106300 ape=0.5982
[17:45:05] warmStart (decay=exponential) 85% (1020/1188) regret=0.106304 ape=0.5982
[17:45:05] warmStart (decay=exponential) 85% (1021/1188) regret=0.106304 ape=0.5982
[17:45:05] warmStart (decay=exponential) 86% (1022/1188) regret=0.106314 ape=0.5982
[17:45:05] warmStart (decay=exponential) 86% (1023/1188) regret=0.106277 ape=0.5982
[17:45:05] warmStart (decay=exponential) 86% (1024/1188) regret=0.106277 ape=0.5982
[17:45:05] warmStart (decay=exponential) 86% (1025/1188) regret=0.106277 ape=0.5982
[17:45:06] warmStart (decay=exponential) 86% (1026/1188) regret=0.106277 ape=0.5982
[17:45:06] warmStart (decay=exponential) 86% (1027/1188) regret=0.106277 ape=0.5982
[17:45:06] warmStart (decay=exponential) 86% (1028/1188) regret=0.106277 ape=0.5982
[17:45:06] warmStart (decay=exponential) 86% (1029/1188) regret=0.106277 ape=0.5982
[17:45:06] warmStart (decay=exponential) 86% (1030/1188) regret=0.106277 ape=0.5982
[17:45:06] warmStart (decay=exponential) 86% (1031/1188) regret=0.106277 ape=0.5982
[17:45:06] warmStart (decay=exponential) 86% (1032/1188) regret=0.106221 ape=0.5972
[17:45:07] warmStart (decay=exponential) 86% (1033/1188) regret=0.106221 ape=0.5972
[17:45:07] warmStart (decay=exponential) 87% (1034/1188) regret=0.106221 ape=0.5972
[17:45:07] warmStart (decay=exponential) 87% (1035/1188) regret=0.106194 ape=0.5963
[17:45:07] warmStart (decay=exponential) 87% (1036/1188) regret=0.106194 ape=0.5963
[17:45:07] warmStart (decay=exponential) 87% (1037/1188) regret=0.106221 ape=0.5972
[17:45:07] warmStart (decay=exponential) 87% (1038/1188) regret=0.106221 ape=0.5972
[17:45:08] warmStart (decay=exponential) 87% (1039/1188) regret=0.106549 ape=0.5982
[17:45:08] warmStart (decay=exponential) 87% (1040/1188) regret=0.106221 ape=0.5972
[17:45:08] warmStart (decay=exponential) 87% (1041/1188) regret=0.106221 ape=0.5972
[17:45:08] warmStart (decay=exponential) 87% (1042/1188) regret=0.106221 ape=0.5972
[17:45:08] warmStart (decay=exponential) 87% (1043/1188) regret=0.106221 ape=0.5972
[17:45:08] warmStart (decay=exponential) 87% (1044/1188) regret=0.106221 ape=0.5972
[17:45:09] warmStart (decay=exponential) 87% (1045/1188) regret=0.106221 ape=0.5972
[17:45:09] warmStart (decay=exponential) 88% (1046/1188) regret=0.106221 ape=0.5972
[17:45:09] warmStart (decay=exponential) 88% (1047/1188) regret=0.106221 ape=0.5972
[17:45:09] warmStart (decay=exponential) 88% (1048/1188) regret=0.106221 ape=0.5972
[17:45:09] warmStart (decay=exponential) 88% (1049/1188) regret=0.106221 ape=0.5972
[17:45:10] warmStart (decay=exponential) 88% (1050/1188) regret=0.106221 ape=0.5972
[17:45:10] warmStart (decay=exponential) 88% (1051/1188) regret=0.106369 ape=0.5972
[17:45:10] warmStart (decay=exponential) 88% (1052/1188) regret=0.106194 ape=0.5972
[17:45:10] warmStart (decay=exponential) 88% (1053/1188) regret=0.106194 ape=0.5972
[17:45:10] warmStart (decay=exponential) 88% (1054/1188) regret=0.106111 ape=0.5972
[17:45:10] warmStart (decay=exponential) 88% (1055/1188) regret=0.105890 ape=0.5963
[17:45:11] warmStart (decay=exponential) 88% (1056/1188) regret=0.106111 ape=0.5972
[17:45:11] warmStart (decay=exponential) 88% (1057/1188) regret=0.105908 ape=0.5972
[17:45:11] warmStart (decay=exponential) 89% (1058/1188) regret=0.105908 ape=0.5972
[17:45:11] warmStart (decay=exponential) 89% (1059/1188) regret=0.105908 ape=0.5972
[17:45:11] warmStart (decay=exponential) 89% (1060/1188) regret=0.105908 ape=0.5972
[17:45:11] warmStart (decay=exponential) 89% (1061/1188) regret=0.105908 ape=0.5972
[17:45:11] warmStart (decay=exponential) 89% (1062/1188) regret=0.106065 ape=0.5972
[17:45:12] warmStart (decay=exponential) 89% (1063/1188) regret=0.105778 ape=0.5972
[17:45:12] warmStart (decay=exponential) 89% (1064/1188) regret=0.105778 ape=0.5972
[17:45:12] warmStart (decay=exponential) 89% (1065/1188) regret=0.105764 ape=0.5963
[17:45:12] warmStart (decay=exponential) 89% (1066/1188) regret=0.105764 ape=0.5963
[17:45:12] warmStart (decay=exponential) 89% (1067/1188) regret=0.105764 ape=0.5963
[17:45:12] warmStart (decay=exponential) 89% (1068/1188) regret=0.105764 ape=0.5963
[17:45:13] warmStart (decay=exponential) 89% (1069/1188) regret=0.105764 ape=0.5963
[17:45:13] warmStart (decay=exponential) 90% (1070/1188) regret=0.105764 ape=0.5963
[17:45:13] warmStart (decay=exponential) 90% (1071/1188) regret=0.105764 ape=0.5963
[17:45:13] warmStart (decay=exponential) 90% (1072/1188) regret=0.105764 ape=0.5963
[17:45:13] warmStart (decay=exponential) 90% (1073/1188) regret=0.105801 ape=0.5972
[17:45:13] warmStart (decay=exponential) 90% (1074/1188) regret=0.105764 ape=0.5963
[17:45:13] warmStart (decay=exponential) 90% (1075/1188) regret=0.105752 ape=0.5963
[17:45:14] warmStart (decay=exponential) 90% (1076/1188) regret=0.105727 ape=0.5963
[17:45:14] warmStart (decay=exponential) 90% (1077/1188) regret=0.105727 ape=0.5963
[17:45:14] warmStart (decay=exponential) 90% (1078/1188) regret=0.105727 ape=0.5963
[17:45:14] warmStart (decay=exponential) 90% (1079/1188) regret=0.105727 ape=0.5963
[17:45:14] warmStart (decay=exponential) 90% (1080/1188) regret=0.105727 ape=0.5963
[17:45:14] warmStart (decay=exponential) 90% (1081/1188) regret=0.105727 ape=0.5963
[17:45:15] warmStart (decay=exponential) 91% (1082/1188) regret=0.105727 ape=0.5963
[17:45:15] warmStart (decay=exponential) 91% (1083/1188) regret=0.105727 ape=0.5963
[17:45:15] warmStart (decay=exponential) 91% (1084/1188) regret=0.105727 ape=0.5963
[17:45:15] warmStart (decay=exponential) 91% (1085/1188) regret=0.105727 ape=0.5963
[17:45:15] warmStart (decay=exponential) 91% (1086/1188) regret=0.105727 ape=0.5963
[17:45:15] warmStart (decay=exponential) 91% (1087/1188) regret=0.105727 ape=0.5963
[17:45:16] warmStart (decay=exponential) 91% (1088/1188) regret=0.105727 ape=0.5963
[17:45:16] warmStart (decay=exponential) 91% (1089/1188) regret=0.105727 ape=0.5963
[17:45:16] warmStart (decay=exponential) 91% (1090/1188) regret=0.105727 ape=0.5963
[17:45:16] warmStart (decay=exponential) 91% (1091/1188) regret=0.105727 ape=0.5963
[17:45:16] warmStart (decay=exponential) 91% (1092/1188) regret=0.105727 ape=0.5963
[17:45:16] warmStart (decay=exponential) 92% (1093/1188) regret=0.105727 ape=0.5963
[17:45:16] warmStart (decay=exponential) 92% (1094/1188) regret=0.105727 ape=0.5963
[17:45:17] warmStart (decay=exponential) 92% (1095/1188) regret=0.105727 ape=0.5963
[17:45:17] warmStart (decay=exponential) 92% (1096/1188) regret=0.105727 ape=0.5963
[17:45:17] warmStart (decay=exponential) 92% (1097/1188) regret=0.105727 ape=0.5963
[17:45:17] warmStart (decay=exponential) 92% (1098/1188) regret=0.105727 ape=0.5963
[17:45:17] warmStart (decay=exponential) 92% (1099/1188) regret=0.105727 ape=0.5963
[17:45:17] warmStart (decay=exponential) 92% (1100/1188) regret=0.105727 ape=0.5963
[17:45:18] warmStart (decay=exponential) 92% (1101/1188) regret=0.105727 ape=0.5963
[17:45:18] warmStart (decay=exponential) 92% (1102/1188) regret=0.105727 ape=0.5963
[17:45:18] warmStart (decay=exponential) 92% (1103/1188) regret=0.105727 ape=0.5963
[17:45:18] warmStart (decay=exponential) 92% (1104/1188) regret=0.105727 ape=0.5963
[17:45:18] warmStart (decay=exponential) 93% (1105/1188) regret=0.105727 ape=0.5963
[17:45:18] warmStart (decay=exponential) 93% (1106/1188) regret=0.105727 ape=0.5963
[17:45:19] warmStart (decay=exponential) 93% (1107/1188) regret=0.105727 ape=0.5963
[17:45:19] warmStart (decay=exponential) 93% (1108/1188) regret=0.105727 ape=0.5963
[17:45:19] warmStart (decay=exponential) 93% (1109/1188) regret=0.105727 ape=0.5963
[17:45:19] warmStart (decay=exponential) 93% (1110/1188) regret=0.105727 ape=0.5963
[17:45:19] warmStart (decay=exponential) 93% (1111/1188) regret=0.105727 ape=0.5963
[17:45:19] warmStart (decay=exponential) 93% (1112/1188) regret=0.105727 ape=0.5963
[17:45:20] warmStart (decay=exponential) 93% (1113/1188) regret=0.105727 ape=0.5963
[17:45:20] warmStart (decay=exponential) 93% (1114/1188) regret=0.105727 ape=0.5963
[17:45:20] warmStart (decay=exponential) 93% (1115/1188) regret=0.105727 ape=0.5963
[17:45:20] warmStart (decay=exponential) 93% (1116/1188) regret=0.105727 ape=0.5963
[17:45:20] warmStart (decay=exponential) 94% (1117/1188) regret=0.105727 ape=0.5963
[17:45:20] warmStart (decay=exponential) 94% (1118/1188) regret=0.105727 ape=0.5963
[17:45:20] warmStart (decay=exponential) 94% (1119/1188) regret=0.105727 ape=0.5963
[17:45:21] warmStart (decay=exponential) 94% (1120/1188) regret=0.105727 ape=0.5963
[17:45:21] warmStart (decay=exponential) 94% (1121/1188) regret=0.105727 ape=0.5963
[17:45:21] warmStart (decay=exponential) 94% (1122/1188) regret=0.105727 ape=0.5963
[17:45:21] warmStart (decay=exponential) 94% (1123/1188) regret=0.105727 ape=0.5963
[17:45:21] warmStart (decay=exponential) 94% (1124/1188) regret=0.105727 ape=0.5963
[17:45:21] warmStart (decay=exponential) 94% (1125/1188) regret=0.105727 ape=0.5963
[17:45:22] warmStart (decay=exponential) 94% (1126/1188) regret=0.105727 ape=0.5963
[17:45:22] warmStart (decay=exponential) 94% (1127/1188) regret=0.105727 ape=0.5963
[17:45:22] warmStart (decay=exponential) 94% (1128/1188) regret=0.105727 ape=0.5963
[17:45:22] warmStart (decay=exponential) 95% (1129/1188) regret=0.105727 ape=0.5963
[17:45:22] warmStart (decay=exponential) 95% (1130/1188) regret=0.105727 ape=0.5963
[17:45:22] warmStart (decay=exponential) 95% (1131/1188) regret=0.105727 ape=0.5963
[17:45:22] warmStart (decay=exponential) 95% (1132/1188) regret=0.105727 ape=0.5963
[17:45:23] warmStart (decay=exponential) 95% (1133/1188) regret=0.105727 ape=0.5963
[17:45:23] warmStart (decay=exponential) 95% (1134/1188) regret=0.105727 ape=0.5963
[17:45:23] warmStart (decay=exponential) 95% (1135/1188) regret=0.105727 ape=0.5963
[17:45:23] warmStart (decay=exponential) 95% (1136/1188) regret=0.105727 ape=0.5963
[17:45:23] warmStart (decay=exponential) 95% (1137/1188) regret=0.105727 ape=0.5963
[17:45:23] warmStart (decay=exponential) 95% (1138/1188) regret=0.105727 ape=0.5963
[17:45:23] warmStart (decay=exponential) 95% (1139/1188) regret=0.105727 ape=0.5963
[17:45:24] warmStart (decay=exponential) 95% (1140/1188) regret=0.105727 ape=0.5963
[17:45:24] warmStart (decay=exponential) 96% (1141/1188) regret=0.105727 ape=0.5963
[17:45:24] warmStart (decay=exponential) 96% (1142/1188) regret=0.105727 ape=0.5963
[17:45:24] warmStart (decay=exponential) 96% (1143/1188) regret=0.105727 ape=0.5963
[17:45:24] warmStart (decay=exponential) 96% (1144/1188) regret=0.106059 ape=0.5972
[17:45:24] warmStart (decay=exponential) 96% (1145/1188) regret=0.105727 ape=0.5963
[17:45:25] warmStart (decay=exponential) 96% (1146/1188) regret=0.105727 ape=0.5963
[17:45:25] warmStart (decay=exponential) 96% (1147/1188) regret=0.105724 ape=0.5963
[17:45:25] warmStart (decay=exponential) 96% (1148/1188) regret=0.105724 ape=0.5963
[17:45:25] warmStart (decay=exponential) 96% (1149/1188) regret=0.105724 ape=0.5963
[17:45:25] warmStart (decay=exponential) 96% (1150/1188) regret=0.105724 ape=0.5963
[17:45:25] warmStart (decay=exponential) 96% (1151/1188) regret=0.105724 ape=0.5963
[17:45:25] warmStart (decay=exponential) 96% (1152/1188) regret=0.105724 ape=0.5963
[17:45:26] warmStart (decay=exponential) 97% (1153/1188) regret=0.105724 ape=0.5963
[17:45:26] warmStart (decay=exponential) 97% (1154/1188) regret=0.105724 ape=0.5963
[17:45:26] warmStart (decay=exponential) 97% (1155/1188) regret=0.105724 ape=0.5963
[17:45:26] warmStart (decay=exponential) 97% (1156/1188) regret=0.105724 ape=0.5963
[17:45:26] warmStart (decay=exponential) 97% (1157/1188) regret=0.105724 ape=0.5963
[17:45:26] warmStart (decay=exponential) 97% (1158/1188) regret=0.105724 ape=0.5963
[17:45:26] warmStart (decay=exponential) 97% (1159/1188) regret=0.105724 ape=0.5963
[17:45:27] warmStart (decay=exponential) 97% (1160/1188) regret=0.105724 ape=0.5963
[17:45:27] warmStart (decay=exponential) 97% (1161/1188) regret=0.105724 ape=0.5963
[17:45:27] warmStart (decay=exponential) 97% (1162/1188) regret=0.105724 ape=0.5963
[17:45:27] warmStart (decay=exponential) 97% (1163/1188) regret=0.105724 ape=0.5963
[17:45:27] warmStart (decay=exponential) 97% (1164/1188) regret=0.105724 ape=0.5963
[17:45:27] warmStart (decay=exponential) 98% (1165/1188) regret=0.105752 ape=0.5972
[17:45:28] warmStart (decay=exponential) 98% (1166/1188) regret=0.105724 ape=0.5963
[17:45:28] warmStart (decay=exponential) 98% (1167/1188) regret=0.105734 ape=0.5972
[17:45:28] warmStart (decay=exponential) 98% (1168/1188) regret=0.105734 ape=0.5972
[17:45:28] warmStart (decay=exponential) 98% (1169/1188) regret=0.105734 ape=0.5972
[17:45:28] warmStart (decay=exponential) 98% (1170/1188) regret=0.105734 ape=0.5972
[17:45:28] warmStart (decay=exponential) 98% (1171/1188) regret=0.105734 ape=0.5972
[17:45:28] warmStart (decay=exponential) 98% (1172/1188) regret=0.105734 ape=0.5972
[17:45:29] warmStart (decay=exponential) 98% (1173/1188) regret=0.105734 ape=0.5972
[17:45:29] warmStart (decay=exponential) 98% (1174/1188) regret=0.105734 ape=0.5972
[17:45:29] warmStart (decay=exponential) 98% (1175/1188) regret=0.105734 ape=0.5972
[17:45:29] warmStart (decay=exponential) 98% (1176/1188) regret=0.105734 ape=0.5972
[17:45:29] warmStart (decay=exponential) 99% (1177/1188) regret=0.105734 ape=0.5972
[17:45:30] warmStart (decay=exponential) 99% (1178/1188) regret=0.105734 ape=0.5972
[17:45:30] warmStart (decay=exponential) 99% (1179/1188) regret=0.105734 ape=0.5972
[17:45:30] warmStart (decay=exponential) 99% (1180/1188) regret=0.105734 ape=0.5972
[17:45:30] warmStart (decay=exponential) 99% (1181/1188) regret=0.105734 ape=0.5972
[17:45:30] warmStart (decay=exponential) 99% (1182/1188) regret=0.105734 ape=0.5972
[17:45:30] warmStart (decay=exponential) 99% (1183/1188) regret=0.105734 ape=0.5972
[17:45:30] warmStart (decay=exponential) 99% (1184/1188) regret=0.105734 ape=0.5972
[17:45:31] warmStart (decay=exponential) 99% (1185/1188) regret=0.105734 ape=0.5972
[17:45:31] warmStart (decay=exponential) 99% (1186/1188) regret=0.105697 ape=0.5963
[17:45:31] warmStart (decay=exponential) 99% (1187/1188) regret=0.105697 ape=0.5963
Warm w=50 finished: 1187 points, 193.08s wall time
  Final: regret=0.105697, ape=0.5963

Saved: /home/users/g/s/gsavary/LudiiMCTSVariations/slurm_sweep_full_dataset/output_decay/warm_50_decay_exponential_0_025/seed_2/sweep_decay_warm_50_exponential_0.025_2_20260426_174531.json

Generating plots...
Saved: /home/users/g/s/gsavary/LudiiMCTSVariations/slurm_sweep_full_dataset/output_decay/warm_50_decay_exponential_0_025/seed_2/sweep_decay_warm_50_exponential_0.025_2_20260426_174531_regret.png
Saved: /home/users/g/s/gsavary/LudiiMCTSVariations/slurm_sweep_full_dataset/output_decay/warm_50_decay_exponential_0_025/seed_2/sweep_decay_warm_50_exponential_0.025_2_20260426_174531_ape.png

================================================================================
Experiment complete!
================================================================================
Done. Results in: /home/users/g/s/gsavary/LudiiMCTSVariations/slurm_sweep_full_dataset/output_decay/warm_50_decay_exponential_0_025/seed_2
