============================================================
Decay sweep experiment
Method:      warm:50
Decay mode:  exponential
Decay param: 0.10
Seed:        1
Output:      /home/users/g/s/gsavary/LudiiMCTSVariations/slurm_sweep_full_dataset/output_decay/warm_50_decay_exponential_0_10/seed_1
============================================================

================================================================================
SLURM Sweep Experiment with Synthetic Data Decay
================================================================================
Method: warm:50
Decay: exponential (param=0.1)
Time limit: 3600.0s, Seed: 1, Batch size: 20
Output directory: /home/users/g/s/gsavary/LudiiMCTSVariations/slurm_sweep_full_dataset/output_decay/warm_50_decay_exponential_0_10/seed_1

Loading Ludii dataset...
Loaded 1085 games
Using 1085 games (full dataset)

Running timing probe (100 pulls)...
  Estimated secs/pull: 0.021392

Time budget: 3600.0s → ~168286 total pulls
Per-method budget: 24040 pulls (~514.3s)

Computing predictor-only performance...
  Predictions loaded: 23675 agent predictions
  Predictor-only: regret=0.104318, ape=0.4894

Running WARM-START (w=50, decay=exponential param=0.1)...
[17:42:50] warmStart (decay=exponential) 0% (1/1202) regret=0.107639 ape=0.5991
[17:42:50] warmStart (decay=exponential) 0% (2/1202) regret=0.107639 ape=0.5991
[17:42:50] warmStart (decay=exponential) 0% (3/1202) regret=0.107113 ape=0.5991
[17:42:51] warmStart (decay=exponential) 0% (4/1202) regret=0.107113 ape=0.5991
[17:42:51] warmStart (decay=exponential) 0% (5/1202) regret=0.107113 ape=0.5991
[17:42:51] warmStart (decay=exponential) 0% (6/1202) regret=0.107113 ape=0.5991
[17:42:51] warmStart (decay=exponential) 0% (7/1202) regret=0.107113 ape=0.5991
[17:42:51] warmStart (decay=exponential) 0% (8/1202) regret=0.107113 ape=0.5991
[17:42:51] warmStart (decay=exponential) 0% (9/1202) regret=0.107113 ape=0.5991
[17:42:52] warmStart (decay=exponential) 0% (10/1202) regret=0.107113 ape=0.5991
[17:42:52] warmStart (decay=exponential) 0% (11/1202) regret=0.107113 ape=0.5991
[17:42:52] warmStart (decay=exponential) 0% (12/1202) regret=0.107113 ape=0.5991
[17:42:52] warmStart (decay=exponential) 1% (13/1202) regret=0.107113 ape=0.5991
[17:42:52] warmStart (decay=exponential) 1% (14/1202) regret=0.107113 ape=0.5991
[17:42:52] warmStart (decay=exponential) 1% (15/1202) regret=0.107113 ape=0.5991
[17:42:53] warmStart (decay=exponential) 1% (16/1202) regret=0.107113 ape=0.5991
[17:42:53] warmStart (decay=exponential) 1% (17/1202) regret=0.107113 ape=0.5991
[17:42:53] warmStart (decay=exponential) 1% (18/1202) regret=0.107113 ape=0.5991
[17:42:53] warmStart (decay=exponential) 1% (19/1202) regret=0.107113 ape=0.5991
[17:42:53] warmStart (decay=exponential) 1% (20/1202) regret=0.107113 ape=0.5991
[17:42:53] warmStart (decay=exponential) 1% (21/1202) regret=0.107113 ape=0.5991
[17:42:54] warmStart (decay=exponential) 1% (22/1202) regret=0.107113 ape=0.5991
[17:42:54] warmStart (decay=exponential) 1% (23/1202) regret=0.107113 ape=0.5991
[17:42:54] warmStart (decay=exponential) 1% (24/1202) regret=0.107113 ape=0.5991
[17:42:54] warmStart (decay=exponential) 2% (25/1202) regret=0.107113 ape=0.5991
[17:42:54] warmStart (decay=exponential) 2% (26/1202) regret=0.107113 ape=0.5991
[17:42:54] warmStart (decay=exponential) 2% (27/1202) regret=0.107113 ape=0.5991
[17:42:54] warmStart (decay=exponential) 2% (28/1202) regret=0.107113 ape=0.5991
[17:42:55] warmStart (decay=exponential) 2% (29/1202) regret=0.107113 ape=0.5991
[17:42:55] warmStart (decay=exponential) 2% (30/1202) regret=0.107113 ape=0.5991
[17:42:55] warmStart (decay=exponential) 2% (31/1202) regret=0.107113 ape=0.5991
[17:42:55] warmStart (decay=exponential) 2% (32/1202) regret=0.107113 ape=0.5991
[17:42:55] warmStart (decay=exponential) 2% (33/1202) regret=0.107113 ape=0.5991
[17:42:55] warmStart (decay=exponential) 2% (34/1202) regret=0.107113 ape=0.5991
[17:42:56] warmStart (decay=exponential) 2% (35/1202) regret=0.107113 ape=0.5991
[17:42:56] warmStart (decay=exponential) 2% (36/1202) regret=0.107113 ape=0.5991
[17:42:56] warmStart (decay=exponential) 3% (37/1202) regret=0.107113 ape=0.5991
[17:42:56] warmStart (decay=exponential) 3% (38/1202) regret=0.107113 ape=0.5991
[17:42:56] warmStart (decay=exponential) 3% (39/1202) regret=0.107113 ape=0.5991
[17:42:56] warmStart (decay=exponential) 3% (40/1202) regret=0.107113 ape=0.5991
[17:42:57] warmStart (decay=exponential) 3% (41/1202) regret=0.107113 ape=0.5991
[17:42:57] warmStart (decay=exponential) 3% (42/1202) regret=0.107113 ape=0.5991
[17:42:57] warmStart (decay=exponential) 3% (43/1202) regret=0.107113 ape=0.5991
[17:42:57] warmStart (decay=exponential) 3% (44/1202) regret=0.107113 ape=0.5991
[17:42:57] warmStart (decay=exponential) 3% (45/1202) regret=0.107113 ape=0.5991
[17:42:57] warmStart (decay=exponential) 3% (46/1202) regret=0.107113 ape=0.5991
[17:42:57] warmStart (decay=exponential) 3% (47/1202) regret=0.107113 ape=0.5991
[17:42:58] warmStart (decay=exponential) 3% (48/1202) regret=0.107113 ape=0.5991
[17:42:58] warmStart (decay=exponential) 4% (49/1202) regret=0.107113 ape=0.5991
[17:42:58] warmStart (decay=exponential) 4% (50/1202) regret=0.107113 ape=0.5991
[17:42:58] warmStart (decay=exponential) 4% (51/1202) regret=0.107113 ape=0.5991
[17:42:58] warmStart (decay=exponential) 4% (52/1202) regret=0.107113 ape=0.5991
[17:42:58] warmStart (decay=exponential) 4% (53/1202) regret=0.107113 ape=0.5991
[17:42:59] warmStart (decay=exponential) 4% (54/1202) regret=0.107113 ape=0.5991
[17:42:59] warmStart (decay=exponential) 4% (55/1202) regret=0.107113 ape=0.5991
[17:42:59] warmStart (decay=exponential) 4% (56/1202) regret=0.107113 ape=0.5991
[17:42:59] warmStart (decay=exponential) 4% (57/1202) regret=0.107113 ape=0.5991
[17:42:59] warmStart (decay=exponential) 4% (58/1202) regret=0.107113 ape=0.5991
[17:42:59] warmStart (decay=exponential) 4% (59/1202) regret=0.107113 ape=0.5991
[17:43:00] warmStart (decay=exponential) 4% (60/1202) regret=0.107113 ape=0.5991
[17:43:00] warmStart (decay=exponential) 5% (61/1202) regret=0.107113 ape=0.5991
[17:43:00] warmStart (decay=exponential) 5% (62/1202) regret=0.107113 ape=0.5991
[17:43:00] warmStart (decay=exponential) 5% (63/1202) regret=0.107113 ape=0.5991
[17:43:00] warmStart (decay=exponential) 5% (64/1202) regret=0.107113 ape=0.5991
[17:43:00] warmStart (decay=exponential) 5% (65/1202) regret=0.107113 ape=0.5991
[17:43:01] warmStart (decay=exponential) 5% (66/1202) regret=0.107113 ape=0.5991
[17:43:01] warmStart (decay=exponential) 5% (67/1202) regret=0.107113 ape=0.5991
[17:43:01] warmStart (decay=exponential) 5% (68/1202) regret=0.107113 ape=0.5991
[17:43:01] warmStart (decay=exponential) 5% (69/1202) regret=0.107113 ape=0.5991
[17:43:01] warmStart (decay=exponential) 5% (70/1202) regret=0.107113 ape=0.5991
[17:43:01] warmStart (decay=exponential) 5% (71/1202) regret=0.107113 ape=0.5991
[17:43:02] warmStart (decay=exponential) 5% (72/1202) regret=0.107113 ape=0.5991
[17:43:02] warmStart (decay=exponential) 6% (73/1202) regret=0.107113 ape=0.5991
[17:43:02] warmStart (decay=exponential) 6% (74/1202) regret=0.107113 ape=0.5991
[17:43:02] warmStart (decay=exponential) 6% (75/1202) regret=0.107113 ape=0.5991
[17:43:02] warmStart (decay=exponential) 6% (76/1202) regret=0.107113 ape=0.5991
[17:43:02] warmStart (decay=exponential) 6% (77/1202) regret=0.107113 ape=0.5991
[17:43:03] warmStart (decay=exponential) 6% (78/1202) regret=0.107113 ape=0.5991
[17:43:03] warmStart (decay=exponential) 6% (79/1202) regret=0.107113 ape=0.5991
[17:43:03] warmStart (decay=exponential) 6% (80/1202) regret=0.107113 ape=0.5991
[17:43:03] warmStart (decay=exponential) 6% (81/1202) regret=0.107113 ape=0.5991
[17:43:03] warmStart (decay=exponential) 6% (82/1202) regret=0.107113 ape=0.5991
[17:43:04] warmStart (decay=exponential) 6% (83/1202) regret=0.107113 ape=0.5991
[17:43:04] warmStart (decay=exponential) 6% (84/1202) regret=0.107113 ape=0.5991
[17:43:04] warmStart (decay=exponential) 7% (85/1202) regret=0.107113 ape=0.5991
[17:43:04] warmStart (decay=exponential) 7% (86/1202) regret=0.107113 ape=0.5991
[17:43:04] warmStart (decay=exponential) 7% (87/1202) regret=0.107113 ape=0.5991
[17:43:04] warmStart (decay=exponential) 7% (88/1202) regret=0.107113 ape=0.5991
[17:43:05] warmStart (decay=exponential) 7% (89/1202) regret=0.107113 ape=0.5991
[17:43:05] warmStart (decay=exponential) 7% (90/1202) regret=0.107113 ape=0.5991
[17:43:05] warmStart (decay=exponential) 7% (91/1202) regret=0.107113 ape=0.5991
[17:43:05] warmStart (decay=exponential) 7% (92/1202) regret=0.107113 ape=0.5991
[17:43:05] warmStart (decay=exponential) 7% (93/1202) regret=0.107113 ape=0.5991
[17:43:05] warmStart (decay=exponential) 7% (94/1202) regret=0.107113 ape=0.5991
[17:43:06] warmStart (decay=exponential) 7% (95/1202) regret=0.107113 ape=0.5991
[17:43:06] warmStart (decay=exponential) 7% (96/1202) regret=0.107113 ape=0.5991
[17:43:06] warmStart (decay=exponential) 8% (97/1202) regret=0.107113 ape=0.5991
[17:43:06] warmStart (decay=exponential) 8% (98/1202) regret=0.107113 ape=0.5991
[17:43:06] warmStart (decay=exponential) 8% (99/1202) regret=0.107113 ape=0.5991
[17:43:06] warmStart (decay=exponential) 8% (100/1202) regret=0.107113 ape=0.5991
[17:43:07] warmStart (decay=exponential) 8% (101/1202) regret=0.107113 ape=0.5991
[17:43:07] warmStart (decay=exponential) 8% (102/1202) regret=0.107113 ape=0.5991
[17:43:07] warmStart (decay=exponential) 8% (103/1202) regret=0.107113 ape=0.5991
[17:43:07] warmStart (decay=exponential) 8% (104/1202) regret=0.107113 ape=0.5991
[17:43:07] warmStart (decay=exponential) 8% (105/1202) regret=0.107113 ape=0.5991
[17:43:08] warmStart (decay=exponential) 8% (106/1202) regret=0.107113 ape=0.5991
[17:43:08] warmStart (decay=exponential) 8% (107/1202) regret=0.107113 ape=0.5991
[17:43:08] warmStart (decay=exponential) 8% (108/1202) regret=0.107113 ape=0.5991
[17:43:08] warmStart (decay=exponential) 9% (109/1202) regret=0.107113 ape=0.5991
[17:43:08] warmStart (decay=exponential) 9% (110/1202) regret=0.107113 ape=0.5991
[17:43:08] warmStart (decay=exponential) 9% (111/1202) regret=0.107113 ape=0.5991
[17:43:09] warmStart (decay=exponential) 9% (112/1202) regret=0.107113 ape=0.5991
[17:43:09] warmStart (decay=exponential) 9% (113/1202) regret=0.107113 ape=0.5991
[17:43:09] warmStart (decay=exponential) 9% (114/1202) regret=0.107113 ape=0.5991
[17:43:09] warmStart (decay=exponential) 9% (115/1202) regret=0.107113 ape=0.5991
[17:43:09] warmStart (decay=exponential) 9% (116/1202) regret=0.107113 ape=0.5991
[17:43:09] warmStart (decay=exponential) 9% (117/1202) regret=0.107113 ape=0.5991
[17:43:10] warmStart (decay=exponential) 9% (118/1202) regret=0.107113 ape=0.5991
[17:43:10] warmStart (decay=exponential) 9% (119/1202) regret=0.107113 ape=0.5991
[17:43:10] warmStart (decay=exponential) 9% (120/1202) regret=0.107113 ape=0.5991
[17:43:10] warmStart (decay=exponential) 10% (121/1202) regret=0.107113 ape=0.5991
[17:43:10] warmStart (decay=exponential) 10% (122/1202) regret=0.107113 ape=0.5991
[17:43:10] warmStart (decay=exponential) 10% (123/1202) regret=0.107113 ape=0.5991
[17:43:11] warmStart (decay=exponential) 10% (124/1202) regret=0.107113 ape=0.5991
[17:43:11] warmStart (decay=exponential) 10% (125/1202) regret=0.107113 ape=0.5991
[17:43:11] warmStart (decay=exponential) 10% (126/1202) regret=0.107113 ape=0.5991
[17:43:11] warmStart (decay=exponential) 10% (127/1202) regret=0.107113 ape=0.5991
[17:43:11] warmStart (decay=exponential) 10% (128/1202) regret=0.107113 ape=0.5991
[17:43:12] warmStart (decay=exponential) 10% (129/1202) regret=0.107113 ape=0.5991
[17:43:12] warmStart (decay=exponential) 10% (130/1202) regret=0.107344 ape=0.6000
[17:43:12] warmStart (decay=exponential) 10% (131/1202) regret=0.107353 ape=0.6000
[17:43:12] warmStart (decay=exponential) 10% (132/1202) regret=0.107353 ape=0.6000
[17:43:12] warmStart (decay=exponential) 11% (133/1202) regret=0.107353 ape=0.6000
[17:43:12] warmStart (decay=exponential) 11% (134/1202) regret=0.107113 ape=0.5991
[17:43:12] warmStart (decay=exponential) 11% (135/1202) regret=0.107113 ape=0.5991
[17:43:13] warmStart (decay=exponential) 11% (136/1202) regret=0.107113 ape=0.5991
[17:43:13] warmStart (decay=exponential) 11% (137/1202) regret=0.107113 ape=0.5991
[17:43:13] warmStart (decay=exponential) 11% (138/1202) regret=0.107113 ape=0.5991
[17:43:13] warmStart (decay=exponential) 11% (139/1202) regret=0.107113 ape=0.5991
[17:43:13] warmStart (decay=exponential) 11% (140/1202) regret=0.107113 ape=0.5991
[17:43:13] warmStart (decay=exponential) 11% (141/1202) regret=0.107113 ape=0.5991
[17:43:14] warmStart (decay=exponential) 11% (142/1202) regret=0.107113 ape=0.5991
[17:43:14] warmStart (decay=exponential) 11% (143/1202) regret=0.107113 ape=0.5991
[17:43:14] warmStart (decay=exponential) 11% (144/1202) regret=0.107113 ape=0.5991
[17:43:14] warmStart (decay=exponential) 12% (145/1202) regret=0.107113 ape=0.5991
[17:43:14] warmStart (decay=exponential) 12% (146/1202) regret=0.107113 ape=0.5991
[17:43:14] warmStart (decay=exponential) 12% (147/1202) regret=0.107113 ape=0.5991
[17:43:15] warmStart (decay=exponential) 12% (148/1202) regret=0.107113 ape=0.5991
[17:43:15] warmStart (decay=exponential) 12% (149/1202) regret=0.107113 ape=0.5991
[17:43:15] warmStart (decay=exponential) 12% (150/1202) regret=0.107113 ape=0.5991
[17:43:15] warmStart (decay=exponential) 12% (151/1202) regret=0.107113 ape=0.5991
[17:43:15] warmStart (decay=exponential) 12% (152/1202) regret=0.107113 ape=0.5991
[17:43:15] warmStart (decay=exponential) 12% (153/1202) regret=0.107113 ape=0.5991
[17:43:15] warmStart (decay=exponential) 12% (154/1202) regret=0.107113 ape=0.5991
[17:43:16] warmStart (decay=exponential) 12% (155/1202) regret=0.107113 ape=0.5991
[17:43:16] warmStart (decay=exponential) 12% (156/1202) regret=0.107113 ape=0.5991
[17:43:16] warmStart (decay=exponential) 13% (157/1202) regret=0.107113 ape=0.5991
[17:43:16] warmStart (decay=exponential) 13% (158/1202) regret=0.107113 ape=0.5991
[17:43:16] warmStart (decay=exponential) 13% (159/1202) regret=0.107113 ape=0.5991
[17:43:16] warmStart (decay=exponential) 13% (160/1202) regret=0.107113 ape=0.5991
[17:43:17] warmStart (decay=exponential) 13% (161/1202) regret=0.107113 ape=0.5991
[17:43:17] warmStart (decay=exponential) 13% (162/1202) regret=0.107113 ape=0.5991
[17:43:17] warmStart (decay=exponential) 13% (163/1202) regret=0.107113 ape=0.5991
[17:43:17] warmStart (decay=exponential) 13% (164/1202) regret=0.107113 ape=0.5991
[17:43:17] warmStart (decay=exponential) 13% (165/1202) regret=0.107113 ape=0.5991
[17:43:17] warmStart (decay=exponential) 13% (166/1202) regret=0.107113 ape=0.5991
[17:43:17] warmStart (decay=exponential) 13% (167/1202) regret=0.107113 ape=0.5991
[17:43:18] warmStart (decay=exponential) 13% (168/1202) regret=0.107113 ape=0.5991
[17:43:18] warmStart (decay=exponential) 14% (169/1202) regret=0.107113 ape=0.5991
[17:43:18] warmStart (decay=exponential) 14% (170/1202) regret=0.107113 ape=0.5991
[17:43:18] warmStart (decay=exponential) 14% (171/1202) regret=0.107113 ape=0.5991
[17:43:18] warmStart (decay=exponential) 14% (172/1202) regret=0.107113 ape=0.5991
[17:43:18] warmStart (decay=exponential) 14% (173/1202) regret=0.107113 ape=0.5991
[17:43:19] warmStart (decay=exponential) 14% (174/1202) regret=0.107113 ape=0.5991
[17:43:19] warmStart (decay=exponential) 14% (175/1202) regret=0.107113 ape=0.5991
[17:43:19] warmStart (decay=exponential) 14% (176/1202) regret=0.107113 ape=0.5991
[17:43:19] warmStart (decay=exponential) 14% (177/1202) regret=0.107113 ape=0.5991
[17:43:19] warmStart (decay=exponential) 14% (178/1202) regret=0.107589 ape=0.5991
[17:43:19] warmStart (decay=exponential) 14% (179/1202) regret=0.107042 ape=0.5982
[17:43:20] warmStart (decay=exponential) 14% (180/1202) regret=0.107042 ape=0.5982
[17:43:20] warmStart (decay=exponential) 15% (181/1202) regret=0.107042 ape=0.5982
[17:43:20] warmStart (decay=exponential) 15% (182/1202) regret=0.107042 ape=0.5982
[17:43:20] warmStart (decay=exponential) 15% (183/1202) regret=0.107042 ape=0.5982
[17:43:20] warmStart (decay=exponential) 15% (184/1202) regret=0.107042 ape=0.5982
[17:43:20] warmStart (decay=exponential) 15% (185/1202) regret=0.107088 ape=0.5982
[17:43:21] warmStart (decay=exponential) 15% (186/1202) regret=0.107088 ape=0.5982
[17:43:21] warmStart (decay=exponential) 15% (187/1202) regret=0.107088 ape=0.5982
[17:43:21] warmStart (decay=exponential) 15% (188/1202) regret=0.107088 ape=0.5982
[17:43:21] warmStart (decay=exponential) 15% (189/1202) regret=0.107088 ape=0.5982
[17:43:21] warmStart (decay=exponential) 15% (190/1202) regret=0.107088 ape=0.5982
[17:43:21] warmStart (decay=exponential) 15% (191/1202) regret=0.107088 ape=0.5982
[17:43:21] warmStart (decay=exponential) 15% (192/1202) regret=0.107088 ape=0.5982
[17:43:22] warmStart (decay=exponential) 16% (193/1202) regret=0.107088 ape=0.5982
[17:43:22] warmStart (decay=exponential) 16% (194/1202) regret=0.107028 ape=0.5972
[17:43:22] warmStart (decay=exponential) 16% (195/1202) regret=0.107042 ape=0.5982
[17:43:22] warmStart (decay=exponential) 16% (196/1202) regret=0.107106 ape=0.5982
[17:43:22] warmStart (decay=exponential) 16% (197/1202) regret=0.106986 ape=0.5972
[17:43:22] warmStart (decay=exponential) 16% (198/1202) regret=0.107106 ape=0.5982
[17:43:22] warmStart (decay=exponential) 16% (199/1202) regret=0.106986 ape=0.5972
[17:43:23] warmStart (decay=exponential) 16% (200/1202) regret=0.106986 ape=0.5972
[17:43:23] warmStart (decay=exponential) 16% (201/1202) regret=0.107106 ape=0.5982
[17:43:23] warmStart (decay=exponential) 16% (202/1202) regret=0.106986 ape=0.5972
[17:43:23] warmStart (decay=exponential) 16% (203/1202) regret=0.107023 ape=0.5982
[17:43:23] warmStart (decay=exponential) 16% (204/1202) regret=0.107023 ape=0.5982
[17:43:23] warmStart (decay=exponential) 17% (205/1202) regret=0.106940 ape=0.5982
[17:43:24] warmStart (decay=exponential) 17% (206/1202) regret=0.106756 ape=0.5972
[17:43:24] warmStart (decay=exponential) 17% (207/1202) regret=0.106940 ape=0.5982
[17:43:24] warmStart (decay=exponential) 17% (208/1202) regret=0.106811 ape=0.5982
[17:43:24] warmStart (decay=exponential) 17% (209/1202) regret=0.106811 ape=0.5982
[17:43:24] warmStart (decay=exponential) 17% (210/1202) regret=0.106811 ape=0.5982
[17:43:24] warmStart (decay=exponential) 17% (211/1202) regret=0.106811 ape=0.5982
[17:43:24] warmStart (decay=exponential) 17% (212/1202) regret=0.106931 ape=0.5991
[17:43:25] warmStart (decay=exponential) 17% (213/1202) regret=0.106931 ape=0.5991
[17:43:25] warmStart (decay=exponential) 17% (214/1202) regret=0.106811 ape=0.5982
[17:43:25] warmStart (decay=exponential) 17% (215/1202) regret=0.106811 ape=0.5982
[17:43:25] warmStart (decay=exponential) 17% (216/1202) regret=0.106811 ape=0.5982
[17:43:25] warmStart (decay=exponential) 18% (217/1202) regret=0.106811 ape=0.5982
[17:43:25] warmStart (decay=exponential) 18% (218/1202) regret=0.106811 ape=0.5982
[17:43:26] warmStart (decay=exponential) 18% (219/1202) regret=0.106811 ape=0.5982
[17:43:26] warmStart (decay=exponential) 18% (220/1202) regret=0.106811 ape=0.5982
[17:43:26] warmStart (decay=exponential) 18% (221/1202) regret=0.106811 ape=0.5982
[17:43:26] warmStart (decay=exponential) 18% (222/1202) regret=0.106811 ape=0.5982
[17:43:26] warmStart (decay=exponential) 18% (223/1202) regret=0.106811 ape=0.5982
[17:43:26] warmStart (decay=exponential) 18% (224/1202) regret=0.106811 ape=0.5982
[17:43:27] warmStart (decay=exponential) 18% (225/1202) regret=0.106811 ape=0.5982
[17:43:27] warmStart (decay=exponential) 18% (226/1202) regret=0.106811 ape=0.5982
[17:43:27] warmStart (decay=exponential) 18% (227/1202) regret=0.106811 ape=0.5982
[17:43:27] warmStart (decay=exponential) 18% (228/1202) regret=0.106811 ape=0.5982
[17:43:27] warmStart (decay=exponential) 19% (229/1202) regret=0.106811 ape=0.5982
[17:43:27] warmStart (decay=exponential) 19% (230/1202) regret=0.106811 ape=0.5982
[17:43:27] warmStart (decay=exponential) 19% (231/1202) regret=0.106811 ape=0.5982
[17:43:28] warmStart (decay=exponential) 19% (232/1202) regret=0.106811 ape=0.5982
[17:43:28] warmStart (decay=exponential) 19% (233/1202) regret=0.106811 ape=0.5982
[17:43:28] warmStart (decay=exponential) 19% (234/1202) regret=0.106811 ape=0.5982
[17:43:28] warmStart (decay=exponential) 19% (235/1202) regret=0.106811 ape=0.5982
[17:43:28] warmStart (decay=exponential) 19% (236/1202) regret=0.106811 ape=0.5982
[17:43:28] warmStart (decay=exponential) 19% (237/1202) regret=0.106811 ape=0.5982
[17:43:29] warmStart (decay=exponential) 19% (238/1202) regret=0.106811 ape=0.5982
[17:43:29] warmStart (decay=exponential) 19% (239/1202) regret=0.106811 ape=0.5982
[17:43:29] warmStart (decay=exponential) 19% (240/1202) regret=0.106811 ape=0.5982
[17:43:29] warmStart (decay=exponential) 20% (241/1202) regret=0.106811 ape=0.5982
[17:43:29] warmStart (decay=exponential) 20% (242/1202) regret=0.106811 ape=0.5982
[17:43:29] warmStart (decay=exponential) 20% (243/1202) regret=0.106811 ape=0.5982
[17:43:30] warmStart (decay=exponential) 20% (244/1202) regret=0.106811 ape=0.5982
[17:43:30] warmStart (decay=exponential) 20% (245/1202) regret=0.106811 ape=0.5982
[17:43:30] warmStart (decay=exponential) 20% (246/1202) regret=0.106811 ape=0.5982
[17:43:30] warmStart (decay=exponential) 20% (247/1202) regret=0.106811 ape=0.5982
[17:43:30] warmStart (decay=exponential) 20% (248/1202) regret=0.106811 ape=0.5982
[17:43:30] warmStart (decay=exponential) 20% (249/1202) regret=0.106811 ape=0.5982
[17:43:31] warmStart (decay=exponential) 20% (250/1202) regret=0.106811 ape=0.5982
[17:43:31] warmStart (decay=exponential) 20% (251/1202) regret=0.106811 ape=0.5982
[17:43:31] warmStart (decay=exponential) 20% (252/1202) regret=0.106811 ape=0.5982
[17:43:31] warmStart (decay=exponential) 21% (253/1202) regret=0.106811 ape=0.5982
[17:43:31] warmStart (decay=exponential) 21% (254/1202) regret=0.106811 ape=0.5982
[17:43:31] warmStart (decay=exponential) 21% (255/1202) regret=0.106811 ape=0.5982
[17:43:32] warmStart (decay=exponential) 21% (256/1202) regret=0.106811 ape=0.5982
[17:43:32] warmStart (decay=exponential) 21% (257/1202) regret=0.106811 ape=0.5982
[17:43:32] warmStart (decay=exponential) 21% (258/1202) regret=0.106811 ape=0.5982
[17:43:32] warmStart (decay=exponential) 21% (259/1202) regret=0.106811 ape=0.5982
[17:43:32] warmStart (decay=exponential) 21% (260/1202) regret=0.106811 ape=0.5982
[17:43:32] warmStart (decay=exponential) 21% (261/1202) regret=0.106811 ape=0.5982
[17:43:33] warmStart (decay=exponential) 21% (262/1202) regret=0.106811 ape=0.5982
[17:43:33] warmStart (decay=exponential) 21% (263/1202) regret=0.106811 ape=0.5982
[17:43:33] warmStart (decay=exponential) 21% (264/1202) regret=0.106811 ape=0.5982
[17:43:33] warmStart (decay=exponential) 22% (265/1202) regret=0.106811 ape=0.5982
[17:43:33] warmStart (decay=exponential) 22% (266/1202) regret=0.106811 ape=0.5982
[17:43:33] warmStart (decay=exponential) 22% (267/1202) regret=0.106811 ape=0.5982
[17:43:34] warmStart (decay=exponential) 22% (268/1202) regret=0.106811 ape=0.5982
[17:43:34] warmStart (decay=exponential) 22% (269/1202) regret=0.106811 ape=0.5982
[17:43:34] warmStart (decay=exponential) 22% (270/1202) regret=0.106811 ape=0.5982
[17:43:34] warmStart (decay=exponential) 22% (271/1202) regret=0.106811 ape=0.5982
[17:43:34] warmStart (decay=exponential) 22% (272/1202) regret=0.106811 ape=0.5982
[17:43:34] warmStart (decay=exponential) 22% (273/1202) regret=0.106811 ape=0.5982
[17:43:35] warmStart (decay=exponential) 22% (274/1202) regret=0.106811 ape=0.5982
[17:43:35] warmStart (decay=exponential) 22% (275/1202) regret=0.106811 ape=0.5982
[17:43:35] warmStart (decay=exponential) 22% (276/1202) regret=0.106811 ape=0.5982
[17:43:35] warmStart (decay=exponential) 23% (277/1202) regret=0.106811 ape=0.5982
[17:43:35] warmStart (decay=exponential) 23% (278/1202) regret=0.106811 ape=0.5982
[17:43:35] warmStart (decay=exponential) 23% (279/1202) regret=0.106811 ape=0.5982
[17:43:35] warmStart (decay=exponential) 23% (280/1202) regret=0.106811 ape=0.5982
[17:43:36] warmStart (decay=exponential) 23% (281/1202) regret=0.106811 ape=0.5982
[17:43:36] warmStart (decay=exponential) 23% (282/1202) regret=0.106811 ape=0.5982
[17:43:36] warmStart (decay=exponential) 23% (283/1202) regret=0.106811 ape=0.5982
[17:43:36] warmStart (decay=exponential) 23% (284/1202) regret=0.106811 ape=0.5982
[17:43:36] warmStart (decay=exponential) 23% (285/1202) regret=0.106811 ape=0.5982
[17:43:36] warmStart (decay=exponential) 23% (286/1202) regret=0.106811 ape=0.5982
[17:43:37] warmStart (decay=exponential) 23% (287/1202) regret=0.106811 ape=0.5982
[17:43:37] warmStart (decay=exponential) 23% (288/1202) regret=0.106811 ape=0.5982
[17:43:37] warmStart (decay=exponential) 24% (289/1202) regret=0.106811 ape=0.5982
[17:43:37] warmStart (decay=exponential) 24% (290/1202) regret=0.106811 ape=0.5982
[17:43:37] warmStart (decay=exponential) 24% (291/1202) regret=0.106811 ape=0.5982
[17:43:37] warmStart (decay=exponential) 24% (292/1202) regret=0.106811 ape=0.5982
[17:43:38] warmStart (decay=exponential) 24% (293/1202) regret=0.106811 ape=0.5982
[17:43:38] warmStart (decay=exponential) 24% (294/1202) regret=0.106811 ape=0.5982
[17:43:38] warmStart (decay=exponential) 24% (295/1202) regret=0.106811 ape=0.5982
[17:43:38] warmStart (decay=exponential) 24% (296/1202) regret=0.106811 ape=0.5982
[17:43:38] warmStart (decay=exponential) 24% (297/1202) regret=0.106811 ape=0.5982
[17:43:38] warmStart (decay=exponential) 24% (298/1202) regret=0.106811 ape=0.5982
[17:43:38] warmStart (decay=exponential) 24% (299/1202) regret=0.106811 ape=0.5982
[17:43:39] warmStart (decay=exponential) 24% (300/1202) regret=0.106811 ape=0.5982
[17:43:39] warmStart (decay=exponential) 25% (301/1202) regret=0.106811 ape=0.5982
[17:43:39] warmStart (decay=exponential) 25% (302/1202) regret=0.106811 ape=0.5982
[17:43:39] warmStart (decay=exponential) 25% (303/1202) regret=0.106811 ape=0.5982
[17:43:39] warmStart (decay=exponential) 25% (304/1202) regret=0.106811 ape=0.5982
[17:43:39] warmStart (decay=exponential) 25% (305/1202) regret=0.106811 ape=0.5982
[17:43:40] warmStart (decay=exponential) 25% (306/1202) regret=0.106811 ape=0.5982
[17:43:40] warmStart (decay=exponential) 25% (307/1202) regret=0.106811 ape=0.5982
[17:43:40] warmStart (decay=exponential) 25% (308/1202) regret=0.106811 ape=0.5982
[17:43:40] warmStart (decay=exponential) 25% (309/1202) regret=0.106811 ape=0.5982
[17:43:40] warmStart (decay=exponential) 25% (310/1202) regret=0.106811 ape=0.5982
[17:43:40] warmStart (decay=exponential) 25% (311/1202) regret=0.106811 ape=0.5982
[17:43:40] warmStart (decay=exponential) 25% (312/1202) regret=0.106811 ape=0.5982
[17:43:41] warmStart (decay=exponential) 26% (313/1202) regret=0.106811 ape=0.5982
[17:43:41] warmStart (decay=exponential) 26% (314/1202) regret=0.106811 ape=0.5982
[17:43:41] warmStart (decay=exponential) 26% (315/1202) regret=0.106811 ape=0.5982
[17:43:41] warmStart (decay=exponential) 26% (316/1202) regret=0.106811 ape=0.5982
[17:43:41] warmStart (decay=exponential) 26% (317/1202) regret=0.106811 ape=0.5982
[17:43:41] warmStart (decay=exponential) 26% (318/1202) regret=0.106811 ape=0.5982
[17:43:42] warmStart (decay=exponential) 26% (319/1202) regret=0.106811 ape=0.5982
[17:43:42] warmStart (decay=exponential) 26% (320/1202) regret=0.106811 ape=0.5982
[17:43:42] warmStart (decay=exponential) 26% (321/1202) regret=0.106830 ape=0.5982
[17:43:42] warmStart (decay=exponential) 26% (322/1202) regret=0.106830 ape=0.5982
[17:43:42] warmStart (decay=exponential) 26% (323/1202) regret=0.106830 ape=0.5982
[17:43:42] warmStart (decay=exponential) 26% (324/1202) regret=0.106830 ape=0.5982
[17:43:43] warmStart (decay=exponential) 27% (325/1202) regret=0.106383 ape=0.5982
[17:43:43] warmStart (decay=exponential) 27% (326/1202) regret=0.106383 ape=0.5982
[17:43:43] warmStart (decay=exponential) 27% (327/1202) regret=0.106383 ape=0.5982
[17:43:43] warmStart (decay=exponential) 27% (328/1202) regret=0.106383 ape=0.5982
[17:43:43] warmStart (decay=exponential) 27% (329/1202) regret=0.106383 ape=0.5982
[17:43:43] warmStart (decay=exponential) 27% (330/1202) regret=0.106383 ape=0.5982
[17:43:43] warmStart (decay=exponential) 27% (331/1202) regret=0.106383 ape=0.5982
[17:43:44] warmStart (decay=exponential) 27% (332/1202) regret=0.106383 ape=0.5982
[17:43:44] warmStart (decay=exponential) 27% (333/1202) regret=0.106383 ape=0.5982
[17:43:44] warmStart (decay=exponential) 27% (334/1202) regret=0.106378 ape=0.5982
[17:43:44] warmStart (decay=exponential) 27% (335/1202) regret=0.106378 ape=0.5982
[17:43:44] warmStart (decay=exponential) 27% (336/1202) regret=0.106378 ape=0.5982
[17:43:44] warmStart (decay=exponential) 28% (337/1202) regret=0.106378 ape=0.5982
[17:43:45] warmStart (decay=exponential) 28% (338/1202) regret=0.106378 ape=0.5982
[17:43:45] warmStart (decay=exponential) 28% (339/1202) regret=0.106378 ape=0.5982
[17:43:45] warmStart (decay=exponential) 28% (340/1202) regret=0.106378 ape=0.5982
[17:43:45] warmStart (decay=exponential) 28% (341/1202) regret=0.106378 ape=0.5982
[17:43:45] warmStart (decay=exponential) 28% (342/1202) regret=0.106378 ape=0.5982
[17:43:45] warmStart (decay=exponential) 28% (343/1202) regret=0.106378 ape=0.5982
[17:43:45] warmStart (decay=exponential) 28% (344/1202) regret=0.106378 ape=0.5982
[17:43:46] warmStart (decay=exponential) 28% (345/1202) regret=0.106378 ape=0.5982
[17:43:46] warmStart (decay=exponential) 28% (346/1202) regret=0.106374 ape=0.5972
[17:43:46] warmStart (decay=exponential) 28% (347/1202) regret=0.106374 ape=0.5972
[17:43:46] warmStart (decay=exponential) 28% (348/1202) regret=0.106374 ape=0.5972
[17:43:46] warmStart (decay=exponential) 29% (349/1202) regret=0.106374 ape=0.5972
[17:43:46] warmStart (decay=exponential) 29% (350/1202) regret=0.106374 ape=0.5972
[17:43:47] warmStart (decay=exponential) 29% (351/1202) regret=0.106374 ape=0.5972
[17:43:47] warmStart (decay=exponential) 29% (352/1202) regret=0.106374 ape=0.5972
[17:43:47] warmStart (decay=exponential) 29% (353/1202) regret=0.106374 ape=0.5972
[17:43:47] warmStart (decay=exponential) 29% (354/1202) regret=0.106374 ape=0.5972
[17:43:47] warmStart (decay=exponential) 29% (355/1202) regret=0.106374 ape=0.5972
[17:43:47] warmStart (decay=exponential) 29% (356/1202) regret=0.106374 ape=0.5972
[17:43:48] warmStart (decay=exponential) 29% (357/1202) regret=0.106374 ape=0.5972
[17:43:48] warmStart (decay=exponential) 29% (358/1202) regret=0.106374 ape=0.5972
[17:43:48] warmStart (decay=exponential) 29% (359/1202) regret=0.106374 ape=0.5972
[17:43:48] warmStart (decay=exponential) 29% (360/1202) regret=0.106374 ape=0.5972
[17:43:48] warmStart (decay=exponential) 30% (361/1202) regret=0.106374 ape=0.5972
[17:43:48] warmStart (decay=exponential) 30% (362/1202) regret=0.106374 ape=0.5972
[17:43:49] warmStart (decay=exponential) 30% (363/1202) regret=0.106374 ape=0.5972
[17:43:49] warmStart (decay=exponential) 30% (364/1202) regret=0.106374 ape=0.5972
[17:43:49] warmStart (decay=exponential) 30% (365/1202) regret=0.106374 ape=0.5972
[17:43:49] warmStart (decay=exponential) 30% (366/1202) regret=0.106374 ape=0.5972
[17:43:49] warmStart (decay=exponential) 30% (367/1202) regret=0.106374 ape=0.5972
[17:43:49] warmStart (decay=exponential) 30% (368/1202) regret=0.106374 ape=0.5972
[17:43:49] warmStart (decay=exponential) 30% (369/1202) regret=0.106374 ape=0.5972
[17:43:50] warmStart (decay=exponential) 30% (370/1202) regret=0.106374 ape=0.5972
[17:43:50] warmStart (decay=exponential) 30% (371/1202) regret=0.106374 ape=0.5972
[17:43:50] warmStart (decay=exponential) 30% (372/1202) regret=0.106374 ape=0.5972
[17:43:50] warmStart (decay=exponential) 31% (373/1202) regret=0.106374 ape=0.5972
[17:43:50] warmStart (decay=exponential) 31% (374/1202) regret=0.106374 ape=0.5972
[17:43:50] warmStart (decay=exponential) 31% (375/1202) regret=0.106374 ape=0.5972
[17:43:51] warmStart (decay=exponential) 31% (376/1202) regret=0.106374 ape=0.5972
[17:43:51] warmStart (decay=exponential) 31% (377/1202) regret=0.106374 ape=0.5972
[17:43:51] warmStart (decay=exponential) 31% (378/1202) regret=0.106374 ape=0.5972
[17:43:51] warmStart (decay=exponential) 31% (379/1202) regret=0.106374 ape=0.5972
[17:43:51] warmStart (decay=exponential) 31% (380/1202) regret=0.106374 ape=0.5972
[17:43:51] warmStart (decay=exponential) 31% (381/1202) regret=0.106374 ape=0.5972
[17:43:51] warmStart (decay=exponential) 31% (382/1202) regret=0.106374 ape=0.5972
[17:43:52] warmStart (decay=exponential) 31% (383/1202) regret=0.106374 ape=0.5972
[17:43:52] warmStart (decay=exponential) 31% (384/1202) regret=0.106374 ape=0.5972
[17:43:52] warmStart (decay=exponential) 32% (385/1202) regret=0.106374 ape=0.5972
[17:43:52] warmStart (decay=exponential) 32% (386/1202) regret=0.106374 ape=0.5972
[17:43:52] warmStart (decay=exponential) 32% (387/1202) regret=0.106374 ape=0.5972
[17:43:52] warmStart (decay=exponential) 32% (388/1202) regret=0.106374 ape=0.5972
[17:43:53] warmStart (decay=exponential) 32% (389/1202) regret=0.106374 ape=0.5972
[17:43:53] warmStart (decay=exponential) 32% (390/1202) regret=0.106374 ape=0.5972
[17:43:53] warmStart (decay=exponential) 32% (391/1202) regret=0.106374 ape=0.5972
[17:43:53] warmStart (decay=exponential) 32% (392/1202) regret=0.106374 ape=0.5972
[17:43:53] warmStart (decay=exponential) 32% (393/1202) regret=0.106374 ape=0.5972
[17:43:53] warmStart (decay=exponential) 32% (394/1202) regret=0.106374 ape=0.5972
[17:43:53] warmStart (decay=exponential) 32% (395/1202) regret=0.106374 ape=0.5972
[17:43:54] warmStart (decay=exponential) 32% (396/1202) regret=0.106374 ape=0.5972
[17:43:54] warmStart (decay=exponential) 33% (397/1202) regret=0.106374 ape=0.5972
[17:43:54] warmStart (decay=exponential) 33% (398/1202) regret=0.106374 ape=0.5972
[17:43:54] warmStart (decay=exponential) 33% (399/1202) regret=0.106374 ape=0.5972
[17:43:54] warmStart (decay=exponential) 33% (400/1202) regret=0.106374 ape=0.5972
[17:43:54] warmStart (decay=exponential) 33% (401/1202) regret=0.106374 ape=0.5972
[17:43:55] warmStart (decay=exponential) 33% (402/1202) regret=0.106374 ape=0.5972
[17:43:55] warmStart (decay=exponential) 33% (403/1202) regret=0.106374 ape=0.5972
[17:43:55] warmStart (decay=exponential) 33% (404/1202) regret=0.106374 ape=0.5972
[17:43:55] warmStart (decay=exponential) 33% (405/1202) regret=0.106374 ape=0.5972
[17:43:55] warmStart (decay=exponential) 33% (406/1202) regret=0.106374 ape=0.5972
[17:43:55] warmStart (decay=exponential) 33% (407/1202) regret=0.106374 ape=0.5972
[17:43:55] warmStart (decay=exponential) 33% (408/1202) regret=0.106374 ape=0.5972
[17:43:56] warmStart (decay=exponential) 34% (409/1202) regret=0.106374 ape=0.5972
[17:43:56] warmStart (decay=exponential) 34% (410/1202) regret=0.106484 ape=0.5972
[17:43:56] warmStart (decay=exponential) 34% (411/1202) regret=0.106410 ape=0.5972
[17:43:56] warmStart (decay=exponential) 34% (412/1202) regret=0.106410 ape=0.5972
[17:43:56] warmStart (decay=exponential) 34% (413/1202) regret=0.106410 ape=0.5972
[17:43:56] warmStart (decay=exponential) 34% (414/1202) regret=0.106410 ape=0.5972
[17:43:57] warmStart (decay=exponential) 34% (415/1202) regret=0.106410 ape=0.5972
[17:43:57] warmStart (decay=exponential) 34% (416/1202) regret=0.106410 ape=0.5972
[17:43:57] warmStart (decay=exponential) 34% (417/1202) regret=0.106374 ape=0.5972
[17:43:57] warmStart (decay=exponential) 34% (418/1202) regret=0.106374 ape=0.5972
[17:43:57] warmStart (decay=exponential) 34% (419/1202) regret=0.106410 ape=0.5972
[17:43:57] warmStart (decay=exponential) 34% (420/1202) regret=0.106346 ape=0.5972
[17:43:58] warmStart (decay=exponential) 35% (421/1202) regret=0.106346 ape=0.5972
[17:43:58] warmStart (decay=exponential) 35% (422/1202) regret=0.106329 ape=0.5972
[17:43:58] warmStart (decay=exponential) 35% (423/1202) regret=0.106346 ape=0.5972
[17:43:58] warmStart (decay=exponential) 35% (424/1202) regret=0.106346 ape=0.5972
[17:43:58] warmStart (decay=exponential) 35% (425/1202) regret=0.106346 ape=0.5972
[17:43:58] warmStart (decay=exponential) 35% (426/1202) regret=0.106346 ape=0.5972
[17:43:58] warmStart (decay=exponential) 35% (427/1202) regret=0.106326 ape=0.5963
[17:43:59] warmStart (decay=exponential) 35% (428/1202) regret=0.106326 ape=0.5963
[17:43:59] warmStart (decay=exponential) 35% (429/1202) regret=0.106326 ape=0.5963
[17:43:59] warmStart (decay=exponential) 35% (430/1202) regret=0.106326 ape=0.5963
[17:43:59] warmStart (decay=exponential) 35% (431/1202) regret=0.106326 ape=0.5963
[17:43:59] warmStart (decay=exponential) 35% (432/1202) regret=0.106326 ape=0.5963
[17:43:59] warmStart (decay=exponential) 36% (433/1202) regret=0.106326 ape=0.5963
[17:43:59] warmStart (decay=exponential) 36% (434/1202) regret=0.106329 ape=0.5972
[17:44:00] warmStart (decay=exponential) 36% (435/1202) regret=0.106326 ape=0.5963
[17:44:00] warmStart (decay=exponential) 36% (436/1202) regret=0.106326 ape=0.5963
[17:44:00] warmStart (decay=exponential) 36% (437/1202) regret=0.106326 ape=0.5963
[17:44:00] warmStart (decay=exponential) 36% (438/1202) regret=0.106326 ape=0.5963
[17:44:00] warmStart (decay=exponential) 36% (439/1202) regret=0.106326 ape=0.5963
[17:44:00] warmStart (decay=exponential) 36% (440/1202) regret=0.106326 ape=0.5963
[17:44:01] warmStart (decay=exponential) 36% (441/1202) regret=0.106326 ape=0.5963
[17:44:01] warmStart (decay=exponential) 36% (442/1202) regret=0.106326 ape=0.5963
[17:44:01] warmStart (decay=exponential) 36% (443/1202) regret=0.106326 ape=0.5963
[17:44:01] warmStart (decay=exponential) 36% (444/1202) regret=0.106328 ape=0.5963
[17:44:01] warmStart (decay=exponential) 37% (445/1202) regret=0.106307 ape=0.5963
[17:44:01] warmStart (decay=exponential) 37% (446/1202) regret=0.106307 ape=0.5963
[17:44:01] warmStart (decay=exponential) 37% (447/1202) regret=0.106307 ape=0.5963
[17:44:02] warmStart (decay=exponential) 37% (448/1202) regret=0.106307 ape=0.5963
[17:44:02] warmStart (decay=exponential) 37% (449/1202) regret=0.106307 ape=0.5963
[17:44:02] warmStart (decay=exponential) 37% (450/1202) regret=0.106307 ape=0.5963
[17:44:02] warmStart (decay=exponential) 37% (451/1202) regret=0.106307 ape=0.5963
[17:44:02] warmStart (decay=exponential) 37% (452/1202) regret=0.106307 ape=0.5963
[17:44:02] warmStart (decay=exponential) 37% (453/1202) regret=0.106307 ape=0.5963
[17:44:02] warmStart (decay=exponential) 37% (454/1202) regret=0.106307 ape=0.5963
[17:44:03] warmStart (decay=exponential) 37% (455/1202) regret=0.106307 ape=0.5963
[17:44:03] warmStart (decay=exponential) 37% (456/1202) regret=0.106317 ape=0.5963
[17:44:03] warmStart (decay=exponential) 38% (457/1202) regret=0.106317 ape=0.5963
[17:44:03] warmStart (decay=exponential) 38% (458/1202) regret=0.106317 ape=0.5963
[17:44:03] warmStart (decay=exponential) 38% (459/1202) regret=0.106317 ape=0.5963
[17:44:03] warmStart (decay=exponential) 38% (460/1202) regret=0.106317 ape=0.5963
[17:44:04] warmStart (decay=exponential) 38% (461/1202) regret=0.106328 ape=0.5963
[17:44:04] warmStart (decay=exponential) 38% (462/1202) regret=0.106328 ape=0.5963
[17:44:04] warmStart (decay=exponential) 38% (463/1202) regret=0.106328 ape=0.5963
[17:44:04] warmStart (decay=exponential) 38% (464/1202) regret=0.106319 ape=0.5954
[17:44:04] warmStart (decay=exponential) 38% (465/1202) regret=0.106319 ape=0.5954
[17:44:04] warmStart (decay=exponential) 38% (466/1202) regret=0.106319 ape=0.5954
[17:44:04] warmStart (decay=exponential) 38% (467/1202) regret=0.106872 ape=0.5963
[17:44:05] warmStart (decay=exponential) 38% (468/1202) regret=0.106319 ape=0.5954
[17:44:05] warmStart (decay=exponential) 39% (469/1202) regret=0.106319 ape=0.5954
[17:44:05] warmStart (decay=exponential) 39% (470/1202) regret=0.106319 ape=0.5954
[17:44:05] warmStart (decay=exponential) 39% (471/1202) regret=0.106319 ape=0.5954
[17:44:05] warmStart (decay=exponential) 39% (472/1202) regret=0.106319 ape=0.5954
[17:44:05] warmStart (decay=exponential) 39% (473/1202) regret=0.106319 ape=0.5954
[17:44:06] warmStart (decay=exponential) 39% (474/1202) regret=0.106319 ape=0.5954
[17:44:06] warmStart (decay=exponential) 39% (475/1202) regret=0.106319 ape=0.5954
[17:44:06] warmStart (decay=exponential) 39% (476/1202) regret=0.106319 ape=0.5954
[17:44:06] warmStart (decay=exponential) 39% (477/1202) regret=0.106319 ape=0.5954
[17:44:06] warmStart (decay=exponential) 39% (478/1202) regret=0.106319 ape=0.5954
[17:44:06] warmStart (decay=exponential) 39% (479/1202) regret=0.106319 ape=0.5954
[17:44:06] warmStart (decay=exponential) 39% (480/1202) regret=0.106319 ape=0.5954
[17:44:07] warmStart (decay=exponential) 40% (481/1202) regret=0.106319 ape=0.5954
[17:44:07] warmStart (decay=exponential) 40% (482/1202) regret=0.106319 ape=0.5954
[17:44:07] warmStart (decay=exponential) 40% (483/1202) regret=0.106319 ape=0.5954
[17:44:07] warmStart (decay=exponential) 40% (484/1202) regret=0.106319 ape=0.5954
[17:44:07] warmStart (decay=exponential) 40% (485/1202) regret=0.106319 ape=0.5954
[17:44:07] warmStart (decay=exponential) 40% (486/1202) regret=0.106319 ape=0.5954
[17:44:08] warmStart (decay=exponential) 40% (487/1202) regret=0.106319 ape=0.5954
[17:44:08] warmStart (decay=exponential) 40% (488/1202) regret=0.106319 ape=0.5954
[17:44:08] warmStart (decay=exponential) 40% (489/1202) regret=0.106319 ape=0.5954
[17:44:08] warmStart (decay=exponential) 40% (490/1202) regret=0.106319 ape=0.5954
[17:44:08] warmStart (decay=exponential) 40% (491/1202) regret=0.106384 ape=0.5954
[17:44:08] warmStart (decay=exponential) 40% (492/1202) regret=0.106319 ape=0.5954
[17:44:08] warmStart (decay=exponential) 41% (493/1202) regret=0.106319 ape=0.5954
[17:44:09] warmStart (decay=exponential) 41% (494/1202) regret=0.106323 ape=0.5963
[17:44:09] warmStart (decay=exponential) 41% (495/1202) regret=0.106323 ape=0.5963
[17:44:09] warmStart (decay=exponential) 41% (496/1202) regret=0.106323 ape=0.5963
[17:44:09] warmStart (decay=exponential) 41% (497/1202) regret=0.106323 ape=0.5963
[17:44:09] warmStart (decay=exponential) 41% (498/1202) regret=0.106323 ape=0.5963
[17:44:09] warmStart (decay=exponential) 41% (499/1202) regret=0.106321 ape=0.5963
[17:44:10] warmStart (decay=exponential) 41% (500/1202) regret=0.106323 ape=0.5963
[17:44:10] warmStart (decay=exponential) 41% (501/1202) regret=0.106323 ape=0.5963
[17:44:10] warmStart (decay=exponential) 41% (502/1202) regret=0.106321 ape=0.5963
[17:44:10] warmStart (decay=exponential) 41% (503/1202) regret=0.106323 ape=0.5963
[17:44:10] warmStart (decay=exponential) 41% (504/1202) regret=0.106319 ape=0.5954
[17:44:10] warmStart (decay=exponential) 42% (505/1202) regret=0.106319 ape=0.5954
[17:44:10] warmStart (decay=exponential) 42% (506/1202) regret=0.106319 ape=0.5954
[17:44:11] warmStart (decay=exponential) 42% (507/1202) regret=0.106319 ape=0.5954
[17:44:11] warmStart (decay=exponential) 42% (508/1202) regret=0.106319 ape=0.5954
[17:44:11] warmStart (decay=exponential) 42% (509/1202) regret=0.106319 ape=0.5954
[17:44:11] warmStart (decay=exponential) 42% (510/1202) regret=0.106319 ape=0.5954
[17:44:11] warmStart (decay=exponential) 42% (511/1202) regret=0.106319 ape=0.5954
[17:44:11] warmStart (decay=exponential) 42% (512/1202) regret=0.106319 ape=0.5954
[17:44:11] warmStart (decay=exponential) 42% (513/1202) regret=0.106319 ape=0.5954
[17:44:12] warmStart (decay=exponential) 42% (514/1202) regret=0.106319 ape=0.5954
[17:44:12] warmStart (decay=exponential) 42% (515/1202) regret=0.106319 ape=0.5954
[17:44:12] warmStart (decay=exponential) 42% (516/1202) regret=0.106319 ape=0.5954
[17:44:12] warmStart (decay=exponential) 43% (517/1202) regret=0.106319 ape=0.5954
[17:44:12] warmStart (decay=exponential) 43% (518/1202) regret=0.106319 ape=0.5954
[17:44:12] warmStart (decay=exponential) 43% (519/1202) regret=0.106319 ape=0.5954
[17:44:12] warmStart (decay=exponential) 43% (520/1202) regret=0.106319 ape=0.5954
[17:44:13] warmStart (decay=exponential) 43% (521/1202) regret=0.106319 ape=0.5954
[17:44:13] warmStart (decay=exponential) 43% (522/1202) regret=0.106319 ape=0.5954
[17:44:13] warmStart (decay=exponential) 43% (523/1202) regret=0.106333 ape=0.5954
[17:44:13] warmStart (decay=exponential) 43% (524/1202) regret=0.106333 ape=0.5954
[17:44:13] warmStart (decay=exponential) 43% (525/1202) regret=0.106333 ape=0.5954
[17:44:13] warmStart (decay=exponential) 43% (526/1202) regret=0.106333 ape=0.5954
[17:44:14] warmStart (decay=exponential) 43% (527/1202) regret=0.106333 ape=0.5954
[17:44:14] warmStart (decay=exponential) 43% (528/1202) regret=0.106333 ape=0.5954
[17:44:14] warmStart (decay=exponential) 44% (529/1202) regret=0.106333 ape=0.5954
[17:44:14] warmStart (decay=exponential) 44% (530/1202) regret=0.106333 ape=0.5954
[17:44:14] warmStart (decay=exponential) 44% (531/1202) regret=0.106333 ape=0.5954
[17:44:14] warmStart (decay=exponential) 44% (532/1202) regret=0.106333 ape=0.5954
[17:44:14] warmStart (decay=exponential) 44% (533/1202) regret=0.106333 ape=0.5954
[17:44:15] warmStart (decay=exponential) 44% (534/1202) regret=0.106333 ape=0.5954
[17:44:15] warmStart (decay=exponential) 44% (535/1202) regret=0.106333 ape=0.5954
[17:44:15] warmStart (decay=exponential) 44% (536/1202) regret=0.106333 ape=0.5954
[17:44:15] warmStart (decay=exponential) 44% (537/1202) regret=0.106333 ape=0.5954
[17:44:15] warmStart (decay=exponential) 44% (538/1202) regret=0.106333 ape=0.5954
[17:44:15] warmStart (decay=exponential) 44% (539/1202) regret=0.106333 ape=0.5954
[17:44:16] warmStart (decay=exponential) 44% (540/1202) regret=0.106333 ape=0.5954
[17:44:16] warmStart (decay=exponential) 45% (541/1202) regret=0.106333 ape=0.5954
[17:44:16] warmStart (decay=exponential) 45% (542/1202) regret=0.106333 ape=0.5954
[17:44:16] warmStart (decay=exponential) 45% (543/1202) regret=0.106333 ape=0.5954
[17:44:16] warmStart (decay=exponential) 45% (544/1202) regret=0.106333 ape=0.5954
[17:44:16] warmStart (decay=exponential) 45% (545/1202) regret=0.106333 ape=0.5954
[17:44:16] warmStart (decay=exponential) 45% (546/1202) regret=0.106333 ape=0.5954
[17:44:17] warmStart (decay=exponential) 45% (547/1202) regret=0.106333 ape=0.5954
[17:44:17] warmStart (decay=exponential) 45% (548/1202) regret=0.106333 ape=0.5954
[17:44:17] warmStart (decay=exponential) 45% (549/1202) regret=0.106333 ape=0.5954
[17:44:17] warmStart (decay=exponential) 45% (550/1202) regret=0.106333 ape=0.5954
[17:44:17] warmStart (decay=exponential) 45% (551/1202) regret=0.106923 ape=0.5963
[17:44:17] warmStart (decay=exponential) 45% (552/1202) regret=0.106333 ape=0.5954
[17:44:17] warmStart (decay=exponential) 46% (553/1202) regret=0.106333 ape=0.5954
[17:44:18] warmStart (decay=exponential) 46% (554/1202) regret=0.106296 ape=0.5954
[17:44:18] warmStart (decay=exponential) 46% (555/1202) regret=0.106379 ape=0.5954
[17:44:18] warmStart (decay=exponential) 46% (556/1202) regret=0.106278 ape=0.5954
[17:44:18] warmStart (decay=exponential) 46% (557/1202) regret=0.106278 ape=0.5954
[17:44:18] warmStart (decay=exponential) 46% (558/1202) regret=0.106250 ape=0.5945
[17:44:18] warmStart (decay=exponential) 46% (559/1202) regret=0.106278 ape=0.5954
[17:44:19] warmStart (decay=exponential) 46% (560/1202) regret=0.106278 ape=0.5954
[17:44:19] warmStart (decay=exponential) 46% (561/1202) regret=0.106278 ape=0.5954
[17:44:19] warmStart (decay=exponential) 46% (562/1202) regret=0.106278 ape=0.5954
[17:44:19] warmStart (decay=exponential) 46% (563/1202) regret=0.106084 ape=0.5954
[17:44:19] warmStart (decay=exponential) 46% (564/1202) regret=0.106084 ape=0.5954
[17:44:19] warmStart (decay=exponential) 47% (565/1202) regret=0.106130 ape=0.5954
[17:44:20] warmStart (decay=exponential) 47% (566/1202) regret=0.106084 ape=0.5954
[17:44:20] warmStart (decay=exponential) 47% (567/1202) regret=0.106268 ape=0.5954
[17:44:20] warmStart (decay=exponential) 47% (568/1202) regret=0.105937 ape=0.5945
[17:44:20] warmStart (decay=exponential) 47% (569/1202) regret=0.105937 ape=0.5945
[17:44:20] warmStart (decay=exponential) 47% (570/1202) regret=0.105937 ape=0.5945
[17:44:20] warmStart (decay=exponential) 47% (571/1202) regret=0.105937 ape=0.5945
[17:44:21] warmStart (decay=exponential) 47% (572/1202) regret=0.105937 ape=0.5945
[17:44:21] warmStart (decay=exponential) 47% (573/1202) regret=0.105937 ape=0.5945
[17:44:21] warmStart (decay=exponential) 47% (574/1202) regret=0.105937 ape=0.5945
[17:44:21] warmStart (decay=exponential) 47% (575/1202) regret=0.105992 ape=0.5954
[17:44:21] warmStart (decay=exponential) 47% (576/1202) regret=0.105992 ape=0.5954
[17:44:21] warmStart (decay=exponential) 48% (577/1202) regret=0.105992 ape=0.5954
[17:44:22] warmStart (decay=exponential) 48% (578/1202) regret=0.106003 ape=0.5954
[17:44:22] warmStart (decay=exponential) 48% (579/1202) regret=0.105990 ape=0.5954
[17:44:22] warmStart (decay=exponential) 48% (580/1202) regret=0.105990 ape=0.5954
[17:44:22] warmStart (decay=exponential) 48% (581/1202) regret=0.105990 ape=0.5954
[17:44:22] warmStart (decay=exponential) 48% (582/1202) regret=0.105990 ape=0.5954
[17:44:22] warmStart (decay=exponential) 48% (583/1202) regret=0.105990 ape=0.5954
[17:44:23] warmStart (decay=exponential) 48% (584/1202) regret=0.106064 ape=0.5954
[17:44:23] warmStart (decay=exponential) 48% (585/1202) regret=0.106064 ape=0.5954
[17:44:23] warmStart (decay=exponential) 48% (586/1202) regret=0.105990 ape=0.5954
[17:44:23] warmStart (decay=exponential) 48% (587/1202) regret=0.105986 ape=0.5945
[17:44:23] warmStart (decay=exponential) 48% (588/1202) regret=0.105990 ape=0.5954
[17:44:23] warmStart (decay=exponential) 49% (589/1202) regret=0.105990 ape=0.5954
[17:44:24] warmStart (decay=exponential) 49% (590/1202) regret=0.105990 ape=0.5954
[17:44:24] warmStart (decay=exponential) 49% (591/1202) regret=0.105990 ape=0.5954
[17:44:24] warmStart (decay=exponential) 49% (592/1202) regret=0.105990 ape=0.5954
[17:44:24] warmStart (decay=exponential) 49% (593/1202) regret=0.105990 ape=0.5954
[17:44:24] warmStart (decay=exponential) 49% (594/1202) regret=0.106101 ape=0.5963
[17:44:24] warmStart (decay=exponential) 49% (595/1202) regret=0.106073 ape=0.5963
[17:44:25] warmStart (decay=exponential) 49% (596/1202) regret=0.106119 ape=0.5963
[17:44:25] warmStart (decay=exponential) 49% (597/1202) regret=0.106119 ape=0.5963
[17:44:25] warmStart (decay=exponential) 49% (598/1202) regret=0.106101 ape=0.5963
[17:44:25] warmStart (decay=exponential) 49% (599/1202) regret=0.106101 ape=0.5963
[17:44:25] warmStart (decay=exponential) 49% (600/1202) regret=0.106073 ape=0.5963
[17:44:25] warmStart (decay=exponential) 50% (601/1202) regret=0.106101 ape=0.5963
[17:44:25] warmStart (decay=exponential) 50% (602/1202) regret=0.106101 ape=0.5963
[17:44:26] warmStart (decay=exponential) 50% (603/1202) regret=0.106156 ape=0.5963
[17:44:26] warmStart (decay=exponential) 50% (604/1202) regret=0.106018 ape=0.5963
[17:44:26] warmStart (decay=exponential) 50% (605/1202) regret=0.106018 ape=0.5963
[17:44:26] warmStart (decay=exponential) 50% (606/1202) regret=0.106175 ape=0.5963
[17:44:26] warmStart (decay=exponential) 50% (607/1202) regret=0.106202 ape=0.5963
[17:44:26] warmStart (decay=exponential) 50% (608/1202) regret=0.105889 ape=0.5963
[17:44:27] warmStart (decay=exponential) 50% (609/1202) regret=0.105889 ape=0.5963
[17:44:27] warmStart (decay=exponential) 50% (610/1202) regret=0.105889 ape=0.5963
[17:44:27] warmStart (decay=exponential) 50% (611/1202) regret=0.105889 ape=0.5963
[17:44:27] warmStart (decay=exponential) 50% (612/1202) regret=0.105889 ape=0.5963
[17:44:27] warmStart (decay=exponential) 50% (613/1202) regret=0.105889 ape=0.5963
[17:44:27] warmStart (decay=exponential) 51% (614/1202) regret=0.105889 ape=0.5963
[17:44:27] warmStart (decay=exponential) 51% (615/1202) regret=0.105889 ape=0.5963
[17:44:28] warmStart (decay=exponential) 51% (616/1202) regret=0.105889 ape=0.5963
[17:44:28] warmStart (decay=exponential) 51% (617/1202) regret=0.105889 ape=0.5963
[17:44:28] warmStart (decay=exponential) 51% (618/1202) regret=0.105889 ape=0.5963
[17:44:28] warmStart (decay=exponential) 51% (619/1202) regret=0.105889 ape=0.5963
[17:44:28] warmStart (decay=exponential) 51% (620/1202) regret=0.105889 ape=0.5963
[17:44:28] warmStart (decay=exponential) 51% (621/1202) regret=0.105889 ape=0.5963
[17:44:28] warmStart (decay=exponential) 51% (622/1202) regret=0.105889 ape=0.5963
[17:44:29] warmStart (decay=exponential) 51% (623/1202) regret=0.105889 ape=0.5963
[17:44:29] warmStart (decay=exponential) 51% (624/1202) regret=0.105889 ape=0.5963
[17:44:29] warmStart (decay=exponential) 51% (625/1202) regret=0.105889 ape=0.5963
[17:44:29] warmStart (decay=exponential) 52% (626/1202) regret=0.105889 ape=0.5963
[17:44:29] warmStart (decay=exponential) 52% (627/1202) regret=0.105889 ape=0.5963
[17:44:29] warmStart (decay=exponential) 52% (628/1202) regret=0.105889 ape=0.5963
[17:44:29] warmStart (decay=exponential) 52% (629/1202) regret=0.105889 ape=0.5963
[17:44:30] warmStart (decay=exponential) 52% (630/1202) regret=0.105889 ape=0.5963
[17:44:30] warmStart (decay=exponential) 52% (631/1202) regret=0.105889 ape=0.5963
[17:44:30] warmStart (decay=exponential) 52% (632/1202) regret=0.105889 ape=0.5963
[17:44:30] warmStart (decay=exponential) 52% (633/1202) regret=0.105889 ape=0.5963
[17:44:30] warmStart (decay=exponential) 52% (634/1202) regret=0.105889 ape=0.5963
[17:44:30] warmStart (decay=exponential) 52% (635/1202) regret=0.106359 ape=0.5972
[17:44:30] warmStart (decay=exponential) 52% (636/1202) regret=0.105889 ape=0.5963
[17:44:31] warmStart (decay=exponential) 52% (637/1202) regret=0.105889 ape=0.5963
[17:44:31] warmStart (decay=exponential) 53% (638/1202) regret=0.105884 ape=0.5963
[17:44:31] warmStart (decay=exponential) 53% (639/1202) regret=0.105885 ape=0.5963
[17:44:31] warmStart (decay=exponential) 53% (640/1202) regret=0.105888 ape=0.5963
[17:44:31] warmStart (decay=exponential) 53% (641/1202) regret=0.105885 ape=0.5963
[17:44:31] warmStart (decay=exponential) 53% (642/1202) regret=0.105885 ape=0.5963
[17:44:32] warmStart (decay=exponential) 53% (643/1202) regret=0.105885 ape=0.5963
[17:44:32] warmStart (decay=exponential) 53% (644/1202) regret=0.105885 ape=0.5963
[17:44:32] warmStart (decay=exponential) 53% (645/1202) regret=0.105885 ape=0.5963
[17:44:32] warmStart (decay=exponential) 53% (646/1202) regret=0.105885 ape=0.5963
[17:44:32] warmStart (decay=exponential) 53% (647/1202) regret=0.105885 ape=0.5963
[17:44:32] warmStart (decay=exponential) 53% (648/1202) regret=0.105885 ape=0.5963
[17:44:32] warmStart (decay=exponential) 53% (649/1202) regret=0.105888 ape=0.5963
[17:44:33] warmStart (decay=exponential) 54% (650/1202) regret=0.105888 ape=0.5963
[17:44:33] warmStart (decay=exponential) 54% (651/1202) regret=0.105888 ape=0.5963
[17:44:33] warmStart (decay=exponential) 54% (652/1202) regret=0.105888 ape=0.5963
[17:44:33] warmStart (decay=exponential) 54% (653/1202) regret=0.105888 ape=0.5963
[17:44:33] warmStart (decay=exponential) 54% (654/1202) regret=0.105888 ape=0.5963
[17:44:33] warmStart (decay=exponential) 54% (655/1202) regret=0.105888 ape=0.5963
[17:44:33] warmStart (decay=exponential) 54% (656/1202) regret=0.105902 ape=0.5963
[17:44:34] warmStart (decay=exponential) 54% (657/1202) regret=0.105911 ape=0.5963
[17:44:34] warmStart (decay=exponential) 54% (658/1202) regret=0.105874 ape=0.5963
[17:44:34] warmStart (decay=exponential) 54% (659/1202) regret=0.105911 ape=0.5963
[17:44:34] warmStart (decay=exponential) 54% (660/1202) regret=0.105879 ape=0.5963
[17:44:34] warmStart (decay=exponential) 54% (661/1202) regret=0.105911 ape=0.5963
[17:44:34] warmStart (decay=exponential) 55% (662/1202) regret=0.105911 ape=0.5963
[17:44:35] warmStart (decay=exponential) 55% (663/1202) regret=0.105911 ape=0.5963
[17:44:35] warmStart (decay=exponential) 55% (664/1202) regret=0.105925 ape=0.5963
[17:44:35] warmStart (decay=exponential) 55% (665/1202) regret=0.105938 ape=0.5963
[17:44:35] warmStart (decay=exponential) 55% (666/1202) regret=0.105911 ape=0.5963
[17:44:35] warmStart (decay=exponential) 55% (667/1202) regret=0.105911 ape=0.5963
[17:44:35] warmStart (decay=exponential) 55% (668/1202) regret=0.105911 ape=0.5963
[17:44:36] warmStart (decay=exponential) 55% (669/1202) regret=0.105911 ape=0.5963
[17:44:36] warmStart (decay=exponential) 55% (670/1202) regret=0.105911 ape=0.5963
[17:44:36] warmStart (decay=exponential) 55% (671/1202) regret=0.105892 ape=0.5963
[17:44:36] warmStart (decay=exponential) 55% (672/1202) regret=0.105892 ape=0.5963
[17:44:36] warmStart (decay=exponential) 55% (673/1202) regret=0.105892 ape=0.5963
[17:44:37] warmStart (decay=exponential) 56% (674/1202) regret=0.105892 ape=0.5963
[17:44:37] warmStart (decay=exponential) 56% (675/1202) regret=0.105892 ape=0.5963
[17:44:37] warmStart (decay=exponential) 56% (676/1202) regret=0.105892 ape=0.5963
[17:44:37] warmStart (decay=exponential) 56% (677/1202) regret=0.105892 ape=0.5963
[17:44:37] warmStart (decay=exponential) 56% (678/1202) regret=0.105879 ape=0.5963
[17:44:37] warmStart (decay=exponential) 56% (679/1202) regret=0.105879 ape=0.5963
[17:44:38] warmStart (decay=exponential) 56% (680/1202) regret=0.105879 ape=0.5963
[17:44:38] warmStart (decay=exponential) 56% (681/1202) regret=0.105879 ape=0.5963
[17:44:38] warmStart (decay=exponential) 56% (682/1202) regret=0.105879 ape=0.5963
[17:44:38] warmStart (decay=exponential) 56% (683/1202) regret=0.105879 ape=0.5963
[17:44:38] warmStart (decay=exponential) 56% (684/1202) regret=0.105879 ape=0.5963
[17:44:38] warmStart (decay=exponential) 56% (685/1202) regret=0.105879 ape=0.5963
[17:44:39] warmStart (decay=exponential) 57% (686/1202) regret=0.105879 ape=0.5963
[17:44:39] warmStart (decay=exponential) 57% (687/1202) regret=0.105888 ape=0.5963
[17:44:39] warmStart (decay=exponential) 57% (688/1202) regret=0.105888 ape=0.5963
[17:44:39] warmStart (decay=exponential) 57% (689/1202) regret=0.105888 ape=0.5963
[17:44:39] warmStart (decay=exponential) 57% (690/1202) regret=0.105888 ape=0.5963
[17:44:39] warmStart (decay=exponential) 57% (691/1202) regret=0.105888 ape=0.5963
[17:44:40] warmStart (decay=exponential) 57% (692/1202) regret=0.105888 ape=0.5963
[17:44:40] warmStart (decay=exponential) 57% (693/1202) regret=0.105888 ape=0.5963
[17:44:40] warmStart (decay=exponential) 57% (694/1202) regret=0.105865 ape=0.5954
[17:44:40] warmStart (decay=exponential) 57% (695/1202) regret=0.105865 ape=0.5954
[17:44:40] warmStart (decay=exponential) 57% (696/1202) regret=0.105865 ape=0.5954
[17:44:40] warmStart (decay=exponential) 57% (697/1202) regret=0.105865 ape=0.5954
[17:44:41] warmStart (decay=exponential) 58% (698/1202) regret=0.105865 ape=0.5954
[17:44:41] warmStart (decay=exponential) 58% (699/1202) regret=0.105865 ape=0.5954
[17:44:41] warmStart (decay=exponential) 58% (700/1202) regret=0.105865 ape=0.5954
[17:44:41] warmStart (decay=exponential) 58% (701/1202) regret=0.105865 ape=0.5954
[17:44:41] warmStart (decay=exponential) 58% (702/1202) regret=0.105865 ape=0.5954
[17:44:41] warmStart (decay=exponential) 58% (703/1202) regret=0.105865 ape=0.5954
[17:44:42] warmStart (decay=exponential) 58% (704/1202) regret=0.105865 ape=0.5954
[17:44:42] warmStart (decay=exponential) 58% (705/1202) regret=0.105865 ape=0.5954
[17:44:42] warmStart (decay=exponential) 58% (706/1202) regret=0.105865 ape=0.5954
[17:44:42] warmStart (decay=exponential) 58% (707/1202) regret=0.105865 ape=0.5954
[17:44:42] warmStart (decay=exponential) 58% (708/1202) regret=0.105865 ape=0.5954
[17:44:42] warmStart (decay=exponential) 58% (709/1202) regret=0.105865 ape=0.5954
[17:44:42] warmStart (decay=exponential) 59% (710/1202) regret=0.105865 ape=0.5954
[17:44:43] warmStart (decay=exponential) 59% (711/1202) regret=0.105865 ape=0.5954
[17:44:43] warmStart (decay=exponential) 59% (712/1202) regret=0.105865 ape=0.5954
[17:44:43] warmStart (decay=exponential) 59% (713/1202) regret=0.105865 ape=0.5954
[17:44:43] warmStart (decay=exponential) 59% (714/1202) regret=0.105865 ape=0.5954
[17:44:43] warmStart (decay=exponential) 59% (715/1202) regret=0.105865 ape=0.5954
[17:44:43] warmStart (decay=exponential) 59% (716/1202) regret=0.105865 ape=0.5954
[17:44:44] warmStart (decay=exponential) 59% (717/1202) regret=0.105865 ape=0.5954
[17:44:44] warmStart (decay=exponential) 59% (718/1202) regret=0.105865 ape=0.5954
[17:44:44] warmStart (decay=exponential) 59% (719/1202) regret=0.105865 ape=0.5954
[17:44:44] warmStart (decay=exponential) 59% (720/1202) regret=0.105865 ape=0.5954
[17:44:44] warmStart (decay=exponential) 59% (721/1202) regret=0.105865 ape=0.5954
[17:44:44] warmStart (decay=exponential) 60% (722/1202) regret=0.105865 ape=0.5954
[17:44:44] warmStart (decay=exponential) 60% (723/1202) regret=0.105865 ape=0.5954
[17:44:45] warmStart (decay=exponential) 60% (724/1202) regret=0.105865 ape=0.5954
[17:44:45] warmStart (decay=exponential) 60% (725/1202) regret=0.105865 ape=0.5954
[17:44:45] warmStart (decay=exponential) 60% (726/1202) regret=0.105865 ape=0.5954
[17:44:45] warmStart (decay=exponential) 60% (727/1202) regret=0.105865 ape=0.5954
[17:44:45] warmStart (decay=exponential) 60% (728/1202) regret=0.105865 ape=0.5954
[17:44:45] warmStart (decay=exponential) 60% (729/1202) regret=0.105865 ape=0.5954
[17:44:46] warmStart (decay=exponential) 60% (730/1202) regret=0.105865 ape=0.5954
[17:44:46] warmStart (decay=exponential) 60% (731/1202) regret=0.105865 ape=0.5954
[17:44:46] warmStart (decay=exponential) 60% (732/1202) regret=0.105865 ape=0.5954
[17:44:46] warmStart (decay=exponential) 60% (733/1202) regret=0.105865 ape=0.5954
[17:44:46] warmStart (decay=exponential) 61% (734/1202) regret=0.105865 ape=0.5954
[17:44:46] warmStart (decay=exponential) 61% (735/1202) regret=0.105865 ape=0.5954
[17:44:47] warmStart (decay=exponential) 61% (736/1202) regret=0.105865 ape=0.5954
[17:44:47] warmStart (decay=exponential) 61% (737/1202) regret=0.105865 ape=0.5954
[17:44:47] warmStart (decay=exponential) 61% (738/1202) regret=0.105865 ape=0.5954
[17:44:47] warmStart (decay=exponential) 61% (739/1202) regret=0.105892 ape=0.5963
[17:44:47] warmStart (decay=exponential) 61% (740/1202) regret=0.105865 ape=0.5954
[17:44:47] warmStart (decay=exponential) 61% (741/1202) regret=0.105865 ape=0.5954
[17:44:47] warmStart (decay=exponential) 61% (742/1202) regret=0.105590 ape=0.5945
[17:44:48] warmStart (decay=exponential) 61% (743/1202) regret=0.105590 ape=0.5945
[17:44:48] warmStart (decay=exponential) 61% (744/1202) regret=0.105590 ape=0.5945
[17:44:48] warmStart (decay=exponential) 61% (745/1202) regret=0.105590 ape=0.5945
[17:44:48] warmStart (decay=exponential) 62% (746/1202) regret=0.105590 ape=0.5945
[17:44:48] warmStart (decay=exponential) 62% (747/1202) regret=0.105590 ape=0.5945
[17:44:48] warmStart (decay=exponential) 62% (748/1202) regret=0.105691 ape=0.5954
[17:44:49] warmStart (decay=exponential) 62% (749/1202) regret=0.105691 ape=0.5954
[17:44:49] warmStart (decay=exponential) 62% (750/1202) regret=0.105691 ape=0.5954
[17:44:49] warmStart (decay=exponential) 62% (751/1202) regret=0.105691 ape=0.5954
[17:44:49] warmStart (decay=exponential) 62% (752/1202) regret=0.105691 ape=0.5954
[17:44:49] warmStart (decay=exponential) 62% (753/1202) regret=0.105691 ape=0.5954
[17:44:49] warmStart (decay=exponential) 62% (754/1202) regret=0.105691 ape=0.5954
[17:44:49] warmStart (decay=exponential) 62% (755/1202) regret=0.105691 ape=0.5954
[17:44:50] warmStart (decay=exponential) 62% (756/1202) regret=0.105691 ape=0.5954
[17:44:50] warmStart (decay=exponential) 62% (757/1202) regret=0.105691 ape=0.5954
[17:44:50] warmStart (decay=exponential) 63% (758/1202) regret=0.105691 ape=0.5954
[17:44:50] warmStart (decay=exponential) 63% (759/1202) regret=0.105691 ape=0.5954
[17:44:50] warmStart (decay=exponential) 63% (760/1202) regret=0.105691 ape=0.5954
[17:44:50] warmStart (decay=exponential) 63% (761/1202) regret=0.105691 ape=0.5954
[17:44:51] warmStart (decay=exponential) 63% (762/1202) regret=0.105691 ape=0.5954
[17:44:51] warmStart (decay=exponential) 63% (763/1202) regret=0.105691 ape=0.5954
[17:44:51] warmStart (decay=exponential) 63% (764/1202) regret=0.105691 ape=0.5954
[17:44:51] warmStart (decay=exponential) 63% (765/1202) regret=0.105691 ape=0.5954
[17:44:51] warmStart (decay=exponential) 63% (766/1202) regret=0.105691 ape=0.5954
[17:44:52] warmStart (decay=exponential) 63% (767/1202) regret=0.105691 ape=0.5954
[17:44:52] warmStart (decay=exponential) 63% (768/1202) regret=0.105691 ape=0.5954
[17:44:52] warmStart (decay=exponential) 63% (769/1202) regret=0.105691 ape=0.5954
[17:44:52] warmStart (decay=exponential) 64% (770/1202) regret=0.105691 ape=0.5954
[17:44:52] warmStart (decay=exponential) 64% (771/1202) regret=0.105691 ape=0.5954
[17:44:52] warmStart (decay=exponential) 64% (772/1202) regret=0.105691 ape=0.5954
[17:44:53] warmStart (decay=exponential) 64% (773/1202) regret=0.105691 ape=0.5954
[17:44:53] warmStart (decay=exponential) 64% (774/1202) regret=0.105691 ape=0.5954
[17:44:53] warmStart (decay=exponential) 64% (775/1202) regret=0.105691 ape=0.5954
[17:44:53] warmStart (decay=exponential) 64% (776/1202) regret=0.105691 ape=0.5954
[17:44:53] warmStart (decay=exponential) 64% (777/1202) regret=0.105691 ape=0.5954
[17:44:53] warmStart (decay=exponential) 64% (778/1202) regret=0.105691 ape=0.5954
[17:44:54] warmStart (decay=exponential) 64% (779/1202) regret=0.105691 ape=0.5954
[17:44:54] warmStart (decay=exponential) 64% (780/1202) regret=0.105691 ape=0.5954
[17:44:54] warmStart (decay=exponential) 64% (781/1202) regret=0.105691 ape=0.5954
[17:44:54] warmStart (decay=exponential) 65% (782/1202) regret=0.105691 ape=0.5954
[17:44:54] warmStart (decay=exponential) 65% (783/1202) regret=0.105691 ape=0.5954
[17:44:54] warmStart (decay=exponential) 65% (784/1202) regret=0.105691 ape=0.5954
[17:44:55] warmStart (decay=exponential) 65% (785/1202) regret=0.105691 ape=0.5954
[17:44:55] warmStart (decay=exponential) 65% (786/1202) regret=0.105691 ape=0.5954
[17:44:55] warmStart (decay=exponential) 65% (787/1202) regret=0.105691 ape=0.5954
[17:44:55] warmStart (decay=exponential) 65% (788/1202) regret=0.105691 ape=0.5954
[17:44:55] warmStart (decay=exponential) 65% (789/1202) regret=0.105691 ape=0.5954
[17:44:55] warmStart (decay=exponential) 65% (790/1202) regret=0.105691 ape=0.5954
[17:44:56] warmStart (decay=exponential) 65% (791/1202) regret=0.105691 ape=0.5954
[17:44:56] warmStart (decay=exponential) 65% (792/1202) regret=0.105691 ape=0.5954
[17:44:56] warmStart (decay=exponential) 65% (793/1202) regret=0.105691 ape=0.5954
[17:44:56] warmStart (decay=exponential) 66% (794/1202) regret=0.105691 ape=0.5954
[17:44:56] warmStart (decay=exponential) 66% (795/1202) regret=0.105691 ape=0.5954
[17:44:57] warmStart (decay=exponential) 66% (796/1202) regret=0.105691 ape=0.5954
[17:44:57] warmStart (decay=exponential) 66% (797/1202) regret=0.105691 ape=0.5954
[17:44:57] warmStart (decay=exponential) 66% (798/1202) regret=0.105691 ape=0.5954
[17:44:57] warmStart (decay=exponential) 66% (799/1202) regret=0.105691 ape=0.5954
[17:44:57] warmStart (decay=exponential) 66% (800/1202) regret=0.105691 ape=0.5954
[17:44:57] warmStart (decay=exponential) 66% (801/1202) regret=0.105691 ape=0.5954
[17:44:58] warmStart (decay=exponential) 66% (802/1202) regret=0.105691 ape=0.5954
[17:44:58] warmStart (decay=exponential) 66% (803/1202) regret=0.105691 ape=0.5954
[17:44:58] warmStart (decay=exponential) 66% (804/1202) regret=0.105691 ape=0.5954
[17:44:58] warmStart (decay=exponential) 66% (805/1202) regret=0.105691 ape=0.5954
[17:44:58] warmStart (decay=exponential) 67% (806/1202) regret=0.105691 ape=0.5954
[17:44:58] warmStart (decay=exponential) 67% (807/1202) regret=0.105691 ape=0.5954
[17:44:59] warmStart (decay=exponential) 67% (808/1202) regret=0.105691 ape=0.5954
[17:44:59] warmStart (decay=exponential) 67% (809/1202) regret=0.105691 ape=0.5954
[17:44:59] warmStart (decay=exponential) 67% (810/1202) regret=0.105691 ape=0.5954
[17:44:59] warmStart (decay=exponential) 67% (811/1202) regret=0.105691 ape=0.5954
[17:44:59] warmStart (decay=exponential) 67% (812/1202) regret=0.105691 ape=0.5954
[17:44:59] warmStart (decay=exponential) 67% (813/1202) regret=0.105691 ape=0.5954
[17:45:00] warmStart (decay=exponential) 67% (814/1202) regret=0.105691 ape=0.5954
[17:45:00] warmStart (decay=exponential) 67% (815/1202) regret=0.105691 ape=0.5954
[17:45:00] warmStart (decay=exponential) 67% (816/1202) regret=0.105691 ape=0.5954
[17:45:00] warmStart (decay=exponential) 67% (817/1202) regret=0.105691 ape=0.5954
[17:45:00] warmStart (decay=exponential) 68% (818/1202) regret=0.105691 ape=0.5954
[17:45:01] warmStart (decay=exponential) 68% (819/1202) regret=0.105691 ape=0.5954
[17:45:01] warmStart (decay=exponential) 68% (820/1202) regret=0.105691 ape=0.5954
[17:45:01] warmStart (decay=exponential) 68% (821/1202) regret=0.105691 ape=0.5954
[17:45:01] warmStart (decay=exponential) 68% (822/1202) regret=0.105691 ape=0.5954
[17:45:01] warmStart (decay=exponential) 68% (823/1202) regret=0.105691 ape=0.5954
[17:45:01] warmStart (decay=exponential) 68% (824/1202) regret=0.105691 ape=0.5954
[17:45:02] warmStart (decay=exponential) 68% (825/1202) regret=0.105691 ape=0.5954
[17:45:02] warmStart (decay=exponential) 68% (826/1202) regret=0.105691 ape=0.5954
[17:45:02] warmStart (decay=exponential) 68% (827/1202) regret=0.105691 ape=0.5954
[17:45:02] warmStart (decay=exponential) 68% (828/1202) regret=0.105691 ape=0.5954
[17:45:02] warmStart (decay=exponential) 68% (829/1202) regret=0.105691 ape=0.5954
[17:45:02] warmStart (decay=exponential) 69% (830/1202) regret=0.105691 ape=0.5954
[17:45:03] warmStart (decay=exponential) 69% (831/1202) regret=0.105691 ape=0.5954
[17:45:03] warmStart (decay=exponential) 69% (832/1202) regret=0.105691 ape=0.5954
[17:45:03] warmStart (decay=exponential) 69% (833/1202) regret=0.105691 ape=0.5954
[17:45:03] warmStart (decay=exponential) 69% (834/1202) regret=0.105691 ape=0.5954
[17:45:03] warmStart (decay=exponential) 69% (835/1202) regret=0.105691 ape=0.5954
[17:45:03] warmStart (decay=exponential) 69% (836/1202) regret=0.105691 ape=0.5954
[17:45:04] warmStart (decay=exponential) 69% (837/1202) regret=0.105691 ape=0.5954
[17:45:04] warmStart (decay=exponential) 69% (838/1202) regret=0.105691 ape=0.5954
[17:45:04] warmStart (decay=exponential) 69% (839/1202) regret=0.105691 ape=0.5954
[17:45:04] warmStart (decay=exponential) 69% (840/1202) regret=0.105498 ape=0.5954
[17:45:04] warmStart (decay=exponential) 69% (841/1202) regret=0.105498 ape=0.5954
[17:45:04] warmStart (decay=exponential) 70% (842/1202) regret=0.105488 ape=0.5945
[17:45:05] warmStart (decay=exponential) 70% (843/1202) regret=0.105498 ape=0.5954
[17:45:05] warmStart (decay=exponential) 70% (844/1202) regret=0.105498 ape=0.5954
[17:45:05] warmStart (decay=exponential) 70% (845/1202) regret=0.105498 ape=0.5954
[17:45:05] warmStart (decay=exponential) 70% (846/1202) regret=0.105498 ape=0.5954
[17:45:05] warmStart (decay=exponential) 70% (847/1202) regret=0.105498 ape=0.5954
[17:45:06] warmStart (decay=exponential) 70% (848/1202) regret=0.105498 ape=0.5954
[17:45:06] warmStart (decay=exponential) 70% (849/1202) regret=0.105479 ape=0.5945
[17:45:06] warmStart (decay=exponential) 70% (850/1202) regret=0.105479 ape=0.5945
[17:45:06] warmStart (decay=exponential) 70% (851/1202) regret=0.105479 ape=0.5945
[17:45:06] warmStart (decay=exponential) 70% (852/1202) regret=0.106152 ape=0.5954
[17:45:06] warmStart (decay=exponential) 70% (853/1202) regret=0.105479 ape=0.5945
[17:45:06] warmStart (decay=exponential) 71% (854/1202) regret=0.106134 ape=0.5954
[17:45:07] warmStart (decay=exponential) 71% (855/1202) regret=0.106060 ape=0.5954
[17:45:07] warmStart (decay=exponential) 71% (856/1202) regret=0.105479 ape=0.5945
[17:45:07] warmStart (decay=exponential) 71% (857/1202) regret=0.105479 ape=0.5945
[17:45:07] warmStart (decay=exponential) 71% (858/1202) regret=0.105534 ape=0.5954
[17:45:07] warmStart (decay=exponential) 71% (859/1202) regret=0.105571 ape=0.5954
[17:45:07] warmStart (decay=exponential) 71% (860/1202) regret=0.105534 ape=0.5954
[17:45:08] warmStart (decay=exponential) 71% (861/1202) regret=0.105534 ape=0.5954
[17:45:08] warmStart (decay=exponential) 71% (862/1202) regret=0.105525 ape=0.5954
[17:45:08] warmStart (decay=exponential) 71% (863/1202) regret=0.105525 ape=0.5954
[17:45:08] warmStart (decay=exponential) 71% (864/1202) regret=0.105525 ape=0.5954
[17:45:08] warmStart (decay=exponential) 71% (865/1202) regret=0.105525 ape=0.5954
[17:45:08] warmStart (decay=exponential) 72% (866/1202) regret=0.105488 ape=0.5954
[17:45:08] warmStart (decay=exponential) 72% (867/1202) regret=0.106004 ape=0.5963
[17:45:09] warmStart (decay=exponential) 72% (868/1202) regret=0.105534 ape=0.5963
[17:45:09] warmStart (decay=exponential) 72% (869/1202) regret=0.105631 ape=0.5963
[17:45:09] warmStart (decay=exponential) 72% (870/1202) regret=0.105534 ape=0.5963
[17:45:09] warmStart (decay=exponential) 72% (871/1202) regret=0.105502 ape=0.5963
[17:45:09] warmStart (decay=exponential) 72% (872/1202) regret=0.105502 ape=0.5963
[17:45:09] warmStart (decay=exponential) 72% (873/1202) regret=0.105488 ape=0.5954
[17:45:10] warmStart (decay=exponential) 72% (874/1202) regret=0.105488 ape=0.5954
[17:45:10] warmStart (decay=exponential) 72% (875/1202) regret=0.105488 ape=0.5954
[17:45:10] warmStart (decay=exponential) 72% (876/1202) regret=0.105488 ape=0.5954
[17:45:10] warmStart (decay=exponential) 72% (877/1202) regret=0.105502 ape=0.5963
[17:45:10] warmStart (decay=exponential) 73% (878/1202) regret=0.105502 ape=0.5963
[17:45:10] warmStart (decay=exponential) 73% (879/1202) regret=0.105502 ape=0.5963
[17:45:11] warmStart (decay=exponential) 73% (880/1202) regret=0.105502 ape=0.5963
[17:45:11] warmStart (decay=exponential) 73% (881/1202) regret=0.105502 ape=0.5963
[17:45:11] warmStart (decay=exponential) 73% (882/1202) regret=0.105502 ape=0.5963
[17:45:11] warmStart (decay=exponential) 73% (883/1202) regret=0.105502 ape=0.5963
[17:45:11] warmStart (decay=exponential) 73% (884/1202) regret=0.105502 ape=0.5963
[17:45:11] warmStart (decay=exponential) 73% (885/1202) regret=0.105502 ape=0.5963
[17:45:11] warmStart (decay=exponential) 73% (886/1202) regret=0.105502 ape=0.5963
[17:45:12] warmStart (decay=exponential) 73% (887/1202) regret=0.105502 ape=0.5963
[17:45:12] warmStart (decay=exponential) 73% (888/1202) regret=0.105502 ape=0.5963
[17:45:12] warmStart (decay=exponential) 73% (889/1202) regret=0.105502 ape=0.5963
[17:45:12] warmStart (decay=exponential) 74% (890/1202) regret=0.105502 ape=0.5963
[17:45:12] warmStart (decay=exponential) 74% (891/1202) regret=0.105502 ape=0.5963
[17:45:12] warmStart (decay=exponential) 74% (892/1202) regret=0.105502 ape=0.5963
[17:45:13] warmStart (decay=exponential) 74% (893/1202) regret=0.105502 ape=0.5963
[17:45:13] warmStart (decay=exponential) 74% (894/1202) regret=0.105502 ape=0.5963
[17:45:13] warmStart (decay=exponential) 74% (895/1202) regret=0.105502 ape=0.5963
[17:45:13] warmStart (decay=exponential) 74% (896/1202) regret=0.105502 ape=0.5963
[17:45:13] warmStart (decay=exponential) 74% (897/1202) regret=0.105502 ape=0.5963
[17:45:13] warmStart (decay=exponential) 74% (898/1202) regret=0.105502 ape=0.5963
[17:45:13] warmStart (decay=exponential) 74% (899/1202) regret=0.105502 ape=0.5963
[17:45:14] warmStart (decay=exponential) 74% (900/1202) regret=0.105502 ape=0.5963
[17:45:14] warmStart (decay=exponential) 74% (901/1202) regret=0.105502 ape=0.5963
[17:45:14] warmStart (decay=exponential) 75% (902/1202) regret=0.105502 ape=0.5963
[17:45:14] warmStart (decay=exponential) 75% (903/1202) regret=0.105502 ape=0.5963
[17:45:14] warmStart (decay=exponential) 75% (904/1202) regret=0.105502 ape=0.5963
[17:45:14] warmStart (decay=exponential) 75% (905/1202) regret=0.105502 ape=0.5963
[17:45:15] warmStart (decay=exponential) 75% (906/1202) regret=0.105502 ape=0.5963
[17:45:15] warmStart (decay=exponential) 75% (907/1202) regret=0.105502 ape=0.5963
[17:45:15] warmStart (decay=exponential) 75% (908/1202) regret=0.105502 ape=0.5963
[17:45:15] warmStart (decay=exponential) 75% (909/1202) regret=0.105502 ape=0.5963
[17:45:15] warmStart (decay=exponential) 75% (910/1202) regret=0.105502 ape=0.5963
[17:45:15] warmStart (decay=exponential) 75% (911/1202) regret=0.105502 ape=0.5963
[17:45:16] warmStart (decay=exponential) 75% (912/1202) regret=0.105502 ape=0.5963
[17:45:16] warmStart (decay=exponential) 75% (913/1202) regret=0.105502 ape=0.5963
[17:45:16] warmStart (decay=exponential) 76% (914/1202) regret=0.105502 ape=0.5963
[17:45:16] warmStart (decay=exponential) 76% (915/1202) regret=0.105502 ape=0.5963
[17:45:16] warmStart (decay=exponential) 76% (916/1202) regret=0.105502 ape=0.5963
[17:45:16] warmStart (decay=exponential) 76% (917/1202) regret=0.105502 ape=0.5963
[17:45:16] warmStart (decay=exponential) 76% (918/1202) regret=0.105502 ape=0.5963
[17:45:17] warmStart (decay=exponential) 76% (919/1202) regret=0.105502 ape=0.5963
[17:45:17] warmStart (decay=exponential) 76% (920/1202) regret=0.105502 ape=0.5963
[17:45:17] warmStart (decay=exponential) 76% (921/1202) regret=0.105502 ape=0.5963
[17:45:17] warmStart (decay=exponential) 76% (922/1202) regret=0.105502 ape=0.5963
[17:45:17] warmStart (decay=exponential) 76% (923/1202) regret=0.105507 ape=0.5963
[17:45:17] warmStart (decay=exponential) 76% (924/1202) regret=0.105369 ape=0.5954
[17:45:18] warmStart (decay=exponential) 76% (925/1202) regret=0.105765 ape=0.5963
[17:45:18] warmStart (decay=exponential) 77% (926/1202) regret=0.105369 ape=0.5954
[17:45:18] warmStart (decay=exponential) 77% (927/1202) regret=0.105581 ape=0.5963
[17:45:18] warmStart (decay=exponential) 77% (928/1202) regret=0.105581 ape=0.5963
[17:45:18] warmStart (decay=exponential) 77% (929/1202) regret=0.105369 ape=0.5954
[17:45:18] warmStart (decay=exponential) 77% (930/1202) regret=0.105516 ape=0.5963
[17:45:19] warmStart (decay=exponential) 77% (931/1202) regret=0.105369 ape=0.5954
[17:45:19] warmStart (decay=exponential) 77% (932/1202) regret=0.105350 ape=0.5954
[17:45:19] warmStart (decay=exponential) 77% (933/1202) regret=0.105295 ape=0.5954
[17:45:19] warmStart (decay=exponential) 77% (934/1202) regret=0.105295 ape=0.5954
[17:45:19] warmStart (decay=exponential) 77% (935/1202) regret=0.105295 ape=0.5954
[17:45:19] warmStart (decay=exponential) 77% (936/1202) regret=0.105249 ape=0.5954
[17:45:20] warmStart (decay=exponential) 77% (937/1202) regret=0.105274 ape=0.5954
[17:45:20] warmStart (decay=exponential) 78% (938/1202) regret=0.105274 ape=0.5954
[17:45:20] warmStart (decay=exponential) 78% (939/1202) regret=0.105274 ape=0.5954
[17:45:20] warmStart (decay=exponential) 78% (940/1202) regret=0.105274 ape=0.5954
[17:45:20] warmStart (decay=exponential) 78% (941/1202) regret=0.105274 ape=0.5954
[17:45:21] warmStart (decay=exponential) 78% (942/1202) regret=0.105274 ape=0.5954
[17:45:21] warmStart (decay=exponential) 78% (943/1202) regret=0.105274 ape=0.5954
[17:45:21] warmStart (decay=exponential) 78% (944/1202) regret=0.105274 ape=0.5954
[17:45:21] warmStart (decay=exponential) 78% (945/1202) regret=0.105274 ape=0.5954
[17:45:21] warmStart (decay=exponential) 78% (946/1202) regret=0.105274 ape=0.5954
[17:45:21] warmStart (decay=exponential) 78% (947/1202) regret=0.105274 ape=0.5954
[17:45:22] warmStart (decay=exponential) 78% (948/1202) regret=0.105274 ape=0.5954
[17:45:22] warmStart (decay=exponential) 78% (949/1202) regret=0.105283 ape=0.5954
[17:45:22] warmStart (decay=exponential) 79% (950/1202) regret=0.105283 ape=0.5954
[17:45:22] warmStart (decay=exponential) 79% (951/1202) regret=0.105283 ape=0.5954
[17:45:22] warmStart (decay=exponential) 79% (952/1202) regret=0.105283 ape=0.5954
[17:45:22] warmStart (decay=exponential) 79% (953/1202) regret=0.105283 ape=0.5954
[17:45:23] warmStart (decay=exponential) 79% (954/1202) regret=0.105274 ape=0.5954
[17:45:23] warmStart (decay=exponential) 79% (955/1202) regret=0.105274 ape=0.5954
[17:45:23] warmStart (decay=exponential) 79% (956/1202) regret=0.105274 ape=0.5954
[17:45:23] warmStart (decay=exponential) 79% (957/1202) regret=0.105274 ape=0.5954
[17:45:23] warmStart (decay=exponential) 79% (958/1202) regret=0.105274 ape=0.5954
[17:45:24] warmStart (decay=exponential) 79% (959/1202) regret=0.105274 ape=0.5954
[17:45:24] warmStart (decay=exponential) 79% (960/1202) regret=0.105274 ape=0.5954
[17:45:24] warmStart (decay=exponential) 79% (961/1202) regret=0.105274 ape=0.5954
[17:45:24] warmStart (decay=exponential) 80% (962/1202) regret=0.105274 ape=0.5954
[17:45:24] warmStart (decay=exponential) 80% (963/1202) regret=0.105274 ape=0.5954
[17:45:24] warmStart (decay=exponential) 80% (964/1202) regret=0.105274 ape=0.5954
[17:45:25] warmStart (decay=exponential) 80% (965/1202) regret=0.105274 ape=0.5954
[17:45:25] warmStart (decay=exponential) 80% (966/1202) regret=0.105274 ape=0.5954
[17:45:25] warmStart (decay=exponential) 80% (967/1202) regret=0.105385 ape=0.5963
[17:45:25] warmStart (decay=exponential) 80% (968/1202) regret=0.105274 ape=0.5954
[17:45:25] warmStart (decay=exponential) 80% (969/1202) regret=0.105274 ape=0.5954
[17:45:25] warmStart (decay=exponential) 80% (970/1202) regret=0.105385 ape=0.5963
[17:45:26] warmStart (decay=exponential) 80% (971/1202) regret=0.105385 ape=0.5963
[17:45:26] warmStart (decay=exponential) 80% (972/1202) regret=0.105624 ape=0.5963
[17:45:26] warmStart (decay=exponential) 80% (973/1202) regret=0.105523 ape=0.5963
[17:45:26] warmStart (decay=exponential) 81% (974/1202) regret=0.105500 ape=0.5963
[17:45:26] warmStart (decay=exponential) 81% (975/1202) regret=0.105500 ape=0.5963
[17:45:26] warmStart (decay=exponential) 81% (976/1202) regret=0.105500 ape=0.5963
[17:45:27] warmStart (decay=exponential) 81% (977/1202) regret=0.105256 ape=0.5954
[17:45:27] warmStart (decay=exponential) 81% (978/1202) regret=0.105256 ape=0.5954
[17:45:27] warmStart (decay=exponential) 81% (979/1202) regret=0.105256 ape=0.5954
[17:45:27] warmStart (decay=exponential) 81% (980/1202) regret=0.105256 ape=0.5954
[17:45:27] warmStart (decay=exponential) 81% (981/1202) regret=0.105256 ape=0.5954
[17:45:27] warmStart (decay=exponential) 81% (982/1202) regret=0.105256 ape=0.5954
[17:45:28] warmStart (decay=exponential) 81% (983/1202) regret=0.105256 ape=0.5954
[17:45:28] warmStart (decay=exponential) 81% (984/1202) regret=0.105256 ape=0.5954
[17:45:28] warmStart (decay=exponential) 81% (985/1202) regret=0.105256 ape=0.5954
[17:45:28] warmStart (decay=exponential) 82% (986/1202) regret=0.105256 ape=0.5954
[17:45:28] warmStart (decay=exponential) 82% (987/1202) regret=0.105256 ape=0.5954
[17:45:29] warmStart (decay=exponential) 82% (988/1202) regret=0.105256 ape=0.5954
[17:45:29] warmStart (decay=exponential) 82% (989/1202) regret=0.105256 ape=0.5954
[17:45:29] warmStart (decay=exponential) 82% (990/1202) regret=0.105256 ape=0.5954
[17:45:29] warmStart (decay=exponential) 82% (991/1202) regret=0.105256 ape=0.5954
[17:45:29] warmStart (decay=exponential) 82% (992/1202) regret=0.105256 ape=0.5954
[17:45:29] warmStart (decay=exponential) 82% (993/1202) regret=0.105256 ape=0.5954
[17:45:30] warmStart (decay=exponential) 82% (994/1202) regret=0.105256 ape=0.5954
[17:45:30] warmStart (decay=exponential) 82% (995/1202) regret=0.105256 ape=0.5954
[17:45:30] warmStart (decay=exponential) 82% (996/1202) regret=0.105256 ape=0.5954
[17:45:30] warmStart (decay=exponential) 82% (997/1202) regret=0.105256 ape=0.5954
[17:45:30] warmStart (decay=exponential) 83% (998/1202) regret=0.105256 ape=0.5954
[17:45:30] warmStart (decay=exponential) 83% (999/1202) regret=0.105256 ape=0.5954
[17:45:31] warmStart (decay=exponential) 83% (1000/1202) regret=0.105256 ape=0.5954
[17:45:31] warmStart (decay=exponential) 83% (1001/1202) regret=0.105256 ape=0.5954
[17:45:31] warmStart (decay=exponential) 83% (1002/1202) regret=0.105256 ape=0.5954
[17:45:31] warmStart (decay=exponential) 83% (1003/1202) regret=0.105256 ape=0.5954
[17:45:31] warmStart (decay=exponential) 83% (1004/1202) regret=0.105256 ape=0.5954
[17:45:31] warmStart (decay=exponential) 83% (1005/1202) regret=0.105256 ape=0.5954
[17:45:32] warmStart (decay=exponential) 83% (1006/1202) regret=0.105256 ape=0.5954
[17:45:32] warmStart (decay=exponential) 83% (1007/1202) regret=0.105256 ape=0.5954
[17:45:32] warmStart (decay=exponential) 83% (1008/1202) regret=0.105256 ape=0.5954
[17:45:32] warmStart (decay=exponential) 83% (1009/1202) regret=0.105256 ape=0.5954
[17:45:32] warmStart (decay=exponential) 84% (1010/1202) regret=0.105256 ape=0.5954
[17:45:32] warmStart (decay=exponential) 84% (1011/1202) regret=0.105256 ape=0.5954
[17:45:33] warmStart (decay=exponential) 84% (1012/1202) regret=0.105256 ape=0.5954
[17:45:33] warmStart (decay=exponential) 84% (1013/1202) regret=0.105256 ape=0.5954
[17:45:33] warmStart (decay=exponential) 84% (1014/1202) regret=0.105256 ape=0.5954
[17:45:33] warmStart (decay=exponential) 84% (1015/1202) regret=0.105256 ape=0.5954
[17:45:33] warmStart (decay=exponential) 84% (1016/1202) regret=0.105256 ape=0.5954
[17:45:34] warmStart (decay=exponential) 84% (1017/1202) regret=0.105256 ape=0.5954
[17:45:34] warmStart (decay=exponential) 84% (1018/1202) regret=0.105256 ape=0.5954
[17:45:34] warmStart (decay=exponential) 84% (1019/1202) regret=0.105256 ape=0.5954
[17:45:34] warmStart (decay=exponential) 84% (1020/1202) regret=0.105256 ape=0.5954
[17:45:34] warmStart (decay=exponential) 84% (1021/1202) regret=0.105256 ape=0.5954
[17:45:34] warmStart (decay=exponential) 85% (1022/1202) regret=0.105256 ape=0.5954
[17:45:35] warmStart (decay=exponential) 85% (1023/1202) regret=0.105256 ape=0.5954
[17:45:35] warmStart (decay=exponential) 85% (1024/1202) regret=0.105256 ape=0.5954
[17:45:35] warmStart (decay=exponential) 85% (1025/1202) regret=0.105256 ape=0.5954
[17:45:35] warmStart (decay=exponential) 85% (1026/1202) regret=0.105256 ape=0.5954
[17:45:35] warmStart (decay=exponential) 85% (1027/1202) regret=0.105256 ape=0.5954
[17:45:35] warmStart (decay=exponential) 85% (1028/1202) regret=0.105256 ape=0.5954
[17:45:36] warmStart (decay=exponential) 85% (1029/1202) regret=0.105256 ape=0.5954
[17:45:36] warmStart (decay=exponential) 85% (1030/1202) regret=0.105256 ape=0.5954
[17:45:36] warmStart (decay=exponential) 85% (1031/1202) regret=0.105256 ape=0.5954
[17:45:36] warmStart (decay=exponential) 85% (1032/1202) regret=0.105256 ape=0.5954
[17:45:36] warmStart (decay=exponential) 85% (1033/1202) regret=0.105256 ape=0.5954
[17:45:36] warmStart (decay=exponential) 86% (1034/1202) regret=0.105256 ape=0.5954
[17:45:37] warmStart (decay=exponential) 86% (1035/1202) regret=0.105256 ape=0.5954
[17:45:37] warmStart (decay=exponential) 86% (1036/1202) regret=0.105256 ape=0.5954
[17:45:37] warmStart (decay=exponential) 86% (1037/1202) regret=0.105256 ape=0.5954
[17:45:37] warmStart (decay=exponential) 86% (1038/1202) regret=0.105256 ape=0.5954
[17:45:37] warmStart (decay=exponential) 86% (1039/1202) regret=0.105256 ape=0.5954
[17:45:37] warmStart (decay=exponential) 86% (1040/1202) regret=0.105256 ape=0.5954
[17:45:38] warmStart (decay=exponential) 86% (1041/1202) regret=0.105256 ape=0.5954
[17:45:38] warmStart (decay=exponential) 86% (1042/1202) regret=0.105256 ape=0.5954
[17:45:38] warmStart (decay=exponential) 86% (1043/1202) regret=0.105256 ape=0.5954
[17:45:38] warmStart (decay=exponential) 86% (1044/1202) regret=0.105256 ape=0.5954
[17:45:38] warmStart (decay=exponential) 86% (1045/1202) regret=0.105256 ape=0.5954
[17:45:39] warmStart (decay=exponential) 87% (1046/1202) regret=0.105256 ape=0.5954
[17:45:39] warmStart (decay=exponential) 87% (1047/1202) regret=0.105256 ape=0.5954
[17:45:39] warmStart (decay=exponential) 87% (1048/1202) regret=0.105256 ape=0.5954
[17:45:39] warmStart (decay=exponential) 87% (1049/1202) regret=0.105256 ape=0.5954
[17:45:39] warmStart (decay=exponential) 87% (1050/1202) regret=0.105256 ape=0.5954
[17:45:39] warmStart (decay=exponential) 87% (1051/1202) regret=0.105256 ape=0.5954
[17:45:40] warmStart (decay=exponential) 87% (1052/1202) regret=0.105256 ape=0.5954
[17:45:40] warmStart (decay=exponential) 87% (1053/1202) regret=0.105779 ape=0.5963
[17:45:40] warmStart (decay=exponential) 87% (1054/1202) regret=0.105256 ape=0.5954
[17:45:40] warmStart (decay=exponential) 87% (1055/1202) regret=0.105256 ape=0.5954
[17:45:40] warmStart (decay=exponential) 87% (1056/1202) regret=0.105256 ape=0.5954
[17:45:40] warmStart (decay=exponential) 87% (1057/1202) regret=0.105256 ape=0.5954
[17:45:41] warmStart (decay=exponential) 88% (1058/1202) regret=0.105256 ape=0.5954
[17:45:41] warmStart (decay=exponential) 88% (1059/1202) regret=0.105256 ape=0.5954
[17:45:41] warmStart (decay=exponential) 88% (1060/1202) regret=0.105256 ape=0.5954
[17:45:41] warmStart (decay=exponential) 88% (1061/1202) regret=0.105256 ape=0.5954
[17:45:41] warmStart (decay=exponential) 88% (1062/1202) regret=0.105256 ape=0.5954
[17:45:41] warmStart (decay=exponential) 88% (1063/1202) regret=0.105256 ape=0.5954
[17:45:41] warmStart (decay=exponential) 88% (1064/1202) regret=0.105256 ape=0.5954
[17:45:42] warmStart (decay=exponential) 88% (1065/1202) regret=0.105256 ape=0.5954
[17:45:42] warmStart (decay=exponential) 88% (1066/1202) regret=0.105256 ape=0.5954
[17:45:42] warmStart (decay=exponential) 88% (1067/1202) regret=0.105256 ape=0.5954
[17:45:42] warmStart (decay=exponential) 88% (1068/1202) regret=0.105256 ape=0.5954
[17:45:42] warmStart (decay=exponential) 88% (1069/1202) regret=0.105256 ape=0.5954
[17:45:42] warmStart (decay=exponential) 89% (1070/1202) regret=0.105256 ape=0.5954
[17:45:43] warmStart (decay=exponential) 89% (1071/1202) regret=0.105256 ape=0.5954
[17:45:43] warmStart (decay=exponential) 89% (1072/1202) regret=0.105256 ape=0.5954
[17:45:43] warmStart (decay=exponential) 89% (1073/1202) regret=0.105256 ape=0.5954
[17:45:43] warmStart (decay=exponential) 89% (1074/1202) regret=0.105256 ape=0.5954
[17:45:43] warmStart (decay=exponential) 89% (1075/1202) regret=0.105256 ape=0.5954
[17:45:43] warmStart (decay=exponential) 89% (1076/1202) regret=0.105256 ape=0.5954
[17:45:44] warmStart (decay=exponential) 89% (1077/1202) regret=0.105256 ape=0.5954
[17:45:44] warmStart (decay=exponential) 89% (1078/1202) regret=0.105256 ape=0.5954
[17:45:44] warmStart (decay=exponential) 89% (1079/1202) regret=0.105256 ape=0.5954
[17:45:44] warmStart (decay=exponential) 89% (1080/1202) regret=0.105256 ape=0.5954
[17:45:44] warmStart (decay=exponential) 89% (1081/1202) regret=0.105256 ape=0.5954
[17:45:44] warmStart (decay=exponential) 90% (1082/1202) regret=0.105256 ape=0.5954
[17:45:44] warmStart (decay=exponential) 90% (1083/1202) regret=0.105256 ape=0.5954
[17:45:45] warmStart (decay=exponential) 90% (1084/1202) regret=0.105256 ape=0.5954
[17:45:45] warmStart (decay=exponential) 90% (1085/1202) regret=0.105256 ape=0.5954
[17:45:45] warmStart (decay=exponential) 90% (1086/1202) regret=0.105256 ape=0.5954
[17:45:45] warmStart (decay=exponential) 90% (1087/1202) regret=0.105256 ape=0.5954
[17:45:45] warmStart (decay=exponential) 90% (1088/1202) regret=0.105256 ape=0.5954
[17:45:45] warmStart (decay=exponential) 90% (1089/1202) regret=0.105256 ape=0.5954
[17:45:46] warmStart (decay=exponential) 90% (1090/1202) regret=0.105256 ape=0.5954
[17:45:46] warmStart (decay=exponential) 90% (1091/1202) regret=0.105256 ape=0.5954
[17:45:46] warmStart (decay=exponential) 90% (1092/1202) regret=0.105256 ape=0.5954
[17:45:46] warmStart (decay=exponential) 90% (1093/1202) regret=0.105256 ape=0.5954
[17:45:46] warmStart (decay=exponential) 91% (1094/1202) regret=0.105256 ape=0.5954
[17:45:46] warmStart (decay=exponential) 91% (1095/1202) regret=0.105256 ape=0.5954
[17:45:47] warmStart (decay=exponential) 91% (1096/1202) regret=0.105256 ape=0.5954
[17:45:47] warmStart (decay=exponential) 91% (1097/1202) regret=0.105256 ape=0.5954
[17:45:47] warmStart (decay=exponential) 91% (1098/1202) regret=0.105256 ape=0.5954
[17:45:47] warmStart (decay=exponential) 91% (1099/1202) regret=0.105256 ape=0.5954
[17:45:47] warmStart (decay=exponential) 91% (1100/1202) regret=0.105256 ape=0.5954
[17:45:47] warmStart (decay=exponential) 91% (1101/1202) regret=0.105248 ape=0.5945
[17:45:47] warmStart (decay=exponential) 91% (1102/1202) regret=0.105248 ape=0.5945
[17:45:48] warmStart (decay=exponential) 91% (1103/1202) regret=0.105256 ape=0.5954
[17:45:48] warmStart (decay=exponential) 91% (1104/1202) regret=0.105257 ape=0.5954
[17:45:48] warmStart (decay=exponential) 91% (1105/1202) regret=0.105257 ape=0.5954
[17:45:48] warmStart (decay=exponential) 92% (1106/1202) regret=0.105257 ape=0.5954
[17:45:48] warmStart (decay=exponential) 92% (1107/1202) regret=0.105257 ape=0.5954
[17:45:48] warmStart (decay=exponential) 92% (1108/1202) regret=0.105254 ape=0.5954
[17:45:48] warmStart (decay=exponential) 92% (1109/1202) regret=0.105254 ape=0.5954
[17:45:49] warmStart (decay=exponential) 92% (1110/1202) regret=0.105254 ape=0.5954
[17:45:49] warmStart (decay=exponential) 92% (1111/1202) regret=0.105254 ape=0.5954
[17:45:49] warmStart (decay=exponential) 92% (1112/1202) regret=0.105254 ape=0.5954
[17:45:49] warmStart (decay=exponential) 92% (1113/1202) regret=0.105254 ape=0.5954
[17:45:49] warmStart (decay=exponential) 92% (1114/1202) regret=0.105254 ape=0.5954
[17:45:49] warmStart (decay=exponential) 92% (1115/1202) regret=0.105254 ape=0.5954
[17:45:50] warmStart (decay=exponential) 92% (1116/1202) regret=0.105254 ape=0.5954
[17:45:50] warmStart (decay=exponential) 92% (1117/1202) regret=0.105254 ape=0.5954
[17:45:50] warmStart (decay=exponential) 93% (1118/1202) regret=0.105254 ape=0.5954
[17:45:50] warmStart (decay=exponential) 93% (1119/1202) regret=0.105254 ape=0.5954
[17:45:50] warmStart (decay=exponential) 93% (1120/1202) regret=0.105254 ape=0.5954
[17:45:50] warmStart (decay=exponential) 93% (1121/1202) regret=0.105328 ape=0.5963
[17:45:50] warmStart (decay=exponential) 93% (1122/1202) regret=0.105328 ape=0.5963
[17:45:51] warmStart (decay=exponential) 93% (1123/1202) regret=0.105328 ape=0.5963
[17:45:51] warmStart (decay=exponential) 93% (1124/1202) regret=0.105329 ape=0.5963
[17:45:51] warmStart (decay=exponential) 93% (1125/1202) regret=0.105329 ape=0.5963
[17:45:51] warmStart (decay=exponential) 93% (1126/1202) regret=0.105329 ape=0.5963
[17:45:51] warmStart (decay=exponential) 93% (1127/1202) regret=0.105329 ape=0.5963
[17:45:51] warmStart (decay=exponential) 93% (1128/1202) regret=0.105329 ape=0.5963
[17:45:51] warmStart (decay=exponential) 93% (1129/1202) regret=0.105340 ape=0.5963
[17:45:52] warmStart (decay=exponential) 94% (1130/1202) regret=0.105329 ape=0.5963
[17:45:52] warmStart (decay=exponential) 94% (1131/1202) regret=0.105329 ape=0.5963
[17:45:52] warmStart (decay=exponential) 94% (1132/1202) regret=0.105340 ape=0.5963
[17:45:52] warmStart (decay=exponential) 94% (1133/1202) regret=0.105329 ape=0.5963
[17:45:52] warmStart (decay=exponential) 94% (1134/1202) regret=0.105326 ape=0.5954
[17:45:52] warmStart (decay=exponential) 94% (1135/1202) regret=0.105326 ape=0.5954
[17:45:52] warmStart (decay=exponential) 94% (1136/1202) regret=0.105326 ape=0.5954
[17:45:53] warmStart (decay=exponential) 94% (1137/1202) regret=0.105326 ape=0.5954
[17:45:53] warmStart (decay=exponential) 94% (1138/1202) regret=0.105326 ape=0.5954
[17:45:53] warmStart (decay=exponential) 94% (1139/1202) regret=0.105326 ape=0.5954
[17:45:53] warmStart (decay=exponential) 94% (1140/1202) regret=0.105326 ape=0.5954
[17:45:53] warmStart (decay=exponential) 94% (1141/1202) regret=0.105326 ape=0.5954
[17:45:53] warmStart (decay=exponential) 95% (1142/1202) regret=0.105326 ape=0.5954
[17:45:53] warmStart (decay=exponential) 95% (1143/1202) regret=0.105326 ape=0.5954
[17:45:54] warmStart (decay=exponential) 95% (1144/1202) regret=0.105326 ape=0.5954
[17:45:54] warmStart (decay=exponential) 95% (1145/1202) regret=0.105271 ape=0.5945
[17:45:54] warmStart (decay=exponential) 95% (1146/1202) regret=0.105271 ape=0.5945
[17:45:54] warmStart (decay=exponential) 95% (1147/1202) regret=0.105271 ape=0.5945
[17:45:54] warmStart (decay=exponential) 95% (1148/1202) regret=0.105271 ape=0.5945
[17:45:54] warmStart (decay=exponential) 95% (1149/1202) regret=0.105271 ape=0.5945
[17:45:55] warmStart (decay=exponential) 95% (1150/1202) regret=0.105271 ape=0.5945
[17:45:55] warmStart (decay=exponential) 95% (1151/1202) regret=0.105271 ape=0.5945
[17:45:55] warmStart (decay=exponential) 95% (1152/1202) regret=0.105271 ape=0.5945
[17:45:55] warmStart (decay=exponential) 95% (1153/1202) regret=0.105271 ape=0.5945
[17:45:55] warmStart (decay=exponential) 96% (1154/1202) regret=0.105271 ape=0.5945
[17:45:55] warmStart (decay=exponential) 96% (1155/1202) regret=0.105271 ape=0.5945
[17:45:55] warmStart (decay=exponential) 96% (1156/1202) regret=0.105271 ape=0.5945
[17:45:56] warmStart (decay=exponential) 96% (1157/1202) regret=0.105271 ape=0.5945
[17:45:56] warmStart (decay=exponential) 96% (1158/1202) regret=0.105271 ape=0.5945
[17:45:56] warmStart (decay=exponential) 96% (1159/1202) regret=0.105271 ape=0.5945
[17:45:56] warmStart (decay=exponential) 96% (1160/1202) regret=0.105271 ape=0.5945
[17:45:56] warmStart (decay=exponential) 96% (1161/1202) regret=0.105271 ape=0.5945
[17:45:56] warmStart (decay=exponential) 96% (1162/1202) regret=0.105271 ape=0.5945
[17:45:56] warmStart (decay=exponential) 96% (1163/1202) regret=0.105271 ape=0.5945
[17:45:57] warmStart (decay=exponential) 96% (1164/1202) regret=0.105271 ape=0.5945
[17:45:57] warmStart (decay=exponential) 96% (1165/1202) regret=0.105271 ape=0.5945
[17:45:57] warmStart (decay=exponential) 97% (1166/1202) regret=0.105271 ape=0.5945
[17:45:57] warmStart (decay=exponential) 97% (1167/1202) regret=0.105271 ape=0.5945
[17:45:57] warmStart (decay=exponential) 97% (1168/1202) regret=0.105271 ape=0.5945
[17:45:57] warmStart (decay=exponential) 97% (1169/1202) regret=0.105271 ape=0.5945
[17:45:57] warmStart (decay=exponential) 97% (1170/1202) regret=0.105271 ape=0.5945
[17:45:58] warmStart (decay=exponential) 97% (1171/1202) regret=0.105271 ape=0.5945
[17:45:58] warmStart (decay=exponential) 97% (1172/1202) regret=0.105271 ape=0.5945
[17:45:58] warmStart (decay=exponential) 97% (1173/1202) regret=0.105271 ape=0.5945
[17:45:58] warmStart (decay=exponential) 97% (1174/1202) regret=0.105271 ape=0.5945
[17:45:58] warmStart (decay=exponential) 97% (1175/1202) regret=0.105271 ape=0.5945
[17:45:58] warmStart (decay=exponential) 97% (1176/1202) regret=0.105271 ape=0.5945
[17:45:58] warmStart (decay=exponential) 97% (1177/1202) regret=0.105271 ape=0.5945
[17:45:59] warmStart (decay=exponential) 98% (1178/1202) regret=0.105271 ape=0.5945
[17:45:59] warmStart (decay=exponential) 98% (1179/1202) regret=0.105271 ape=0.5945
[17:45:59] warmStart (decay=exponential) 98% (1180/1202) regret=0.105271 ape=0.5945
[17:45:59] warmStart (decay=exponential) 98% (1181/1202) regret=0.105271 ape=0.5945
[17:45:59] warmStart (decay=exponential) 98% (1182/1202) regret=0.105271 ape=0.5945
[17:45:59] warmStart (decay=exponential) 98% (1183/1202) regret=0.105271 ape=0.5945
[17:45:59] warmStart (decay=exponential) 98% (1184/1202) regret=0.105271 ape=0.5945
[17:46:00] warmStart (decay=exponential) 98% (1185/1202) regret=0.105271 ape=0.5945
[17:46:00] warmStart (decay=exponential) 98% (1186/1202) regret=0.105271 ape=0.5945
[17:46:00] warmStart (decay=exponential) 98% (1187/1202) regret=0.105271 ape=0.5945
[17:46:00] warmStart (decay=exponential) 98% (1188/1202) regret=0.105271 ape=0.5945
[17:46:00] warmStart (decay=exponential) 98% (1189/1202) regret=0.105271 ape=0.5945
[17:46:00] warmStart (decay=exponential) 99% (1190/1202) regret=0.105271 ape=0.5945
[17:46:01] warmStart (decay=exponential) 99% (1191/1202) regret=0.105271 ape=0.5945
[17:46:01] warmStart (decay=exponential) 99% (1192/1202) regret=0.105271 ape=0.5945
[17:46:01] warmStart (decay=exponential) 99% (1193/1202) regret=0.105271 ape=0.5945
[17:46:01] warmStart (decay=exponential) 99% (1194/1202) regret=0.105271 ape=0.5945
[17:46:01] warmStart (decay=exponential) 99% (1195/1202) regret=0.105271 ape=0.5945
[17:46:01] warmStart (decay=exponential) 99% (1196/1202) regret=0.105271 ape=0.5945
[17:46:01] warmStart (decay=exponential) 99% (1197/1202) regret=0.105271 ape=0.5945
[17:46:02] warmStart (decay=exponential) 99% (1198/1202) regret=0.105271 ape=0.5945
[17:46:02] warmStart (decay=exponential) 99% (1199/1202) regret=0.105271 ape=0.5945
[17:46:02] warmStart (decay=exponential) 99% (1200/1202) regret=0.105271 ape=0.5945
[17:46:02] warmStart (decay=exponential) 99% (1201/1202) regret=0.105271 ape=0.5945
[17:46:02] warmStart (decay=exponential) 100% (1202/1202) regret=0.105271 ape=0.5945
Warm w=50 finished: 1202 points, 194.65s wall time
  Final: regret=0.105271, ape=0.5945

Saved: /home/users/g/s/gsavary/LudiiMCTSVariations/slurm_sweep_full_dataset/output_decay/warm_50_decay_exponential_0_10/seed_1/sweep_decay_warm_50_exponential_0.1_1_20260426_174602.json

Generating plots...
Saved: /home/users/g/s/gsavary/LudiiMCTSVariations/slurm_sweep_full_dataset/output_decay/warm_50_decay_exponential_0_10/seed_1/sweep_decay_warm_50_exponential_0.1_1_20260426_174602_regret.png
Saved: /home/users/g/s/gsavary/LudiiMCTSVariations/slurm_sweep_full_dataset/output_decay/warm_50_decay_exponential_0_10/seed_1/sweep_decay_warm_50_exponential_0.1_1_20260426_174602_ape.png

================================================================================
Experiment complete!
================================================================================
Done. Results in: /home/users/g/s/gsavary/LudiiMCTSVariations/slurm_sweep_full_dataset/output_decay/warm_50_decay_exponential_0_10/seed_1
