============================================================
Decay sweep experiment
Method:      warm:50
Decay mode:  exponential
Decay param: 0.025
Seed:        1
Output:      /home/users/g/s/gsavary/LudiiMCTSVariations/slurm_sweep_full_dataset/output_decay/warm_50_decay_exponential_0_025/seed_1
============================================================

================================================================================
SLURM Sweep Experiment with Synthetic Data Decay
================================================================================
Method: warm:50
Decay: exponential (param=0.025)
Time limit: 3600.0s, Seed: 1, Batch size: 20
Output directory: /home/users/g/s/gsavary/LudiiMCTSVariations/slurm_sweep_full_dataset/output_decay/warm_50_decay_exponential_0_025/seed_1

Loading Ludii dataset...
Loaded 1085 games
Using 1085 games (full dataset)

Running timing probe (100 pulls)...
  Estimated secs/pull: 0.021636

Time budget: 3600.0s → ~166391 total pulls
Per-method budget: 23770 pulls (~514.3s)

Computing predictor-only performance...
  Predictions loaded: 23675 agent predictions
  Predictor-only: regret=0.104318, ape=0.4894

Running WARM-START (w=50, decay=exponential param=0.025)...
[17:42:22] warmStart (decay=exponential) 0% (1/1189) regret=0.107639 ape=0.5991
[17:42:22] warmStart (decay=exponential) 0% (2/1189) regret=0.107639 ape=0.5991
[17:42:22] warmStart (decay=exponential) 0% (3/1189) regret=0.107717 ape=0.5991
[17:42:22] warmStart (decay=exponential) 0% (4/1189) regret=0.107717 ape=0.5991
[17:42:22] warmStart (decay=exponential) 0% (5/1189) regret=0.107717 ape=0.5991
[17:42:22] warmStart (decay=exponential) 0% (6/1189) regret=0.107698 ape=0.5991
[17:42:23] warmStart (decay=exponential) 0% (7/1189) regret=0.107698 ape=0.5991
[17:42:23] warmStart (decay=exponential) 0% (8/1189) regret=0.107698 ape=0.5991
[17:42:23] warmStart (decay=exponential) 0% (9/1189) regret=0.107698 ape=0.5991
[17:42:23] warmStart (decay=exponential) 0% (10/1189) regret=0.107698 ape=0.5991
[17:42:23] warmStart (decay=exponential) 0% (11/1189) regret=0.107882 ape=0.6000
[17:42:23] warmStart (decay=exponential) 1% (12/1189) regret=0.107698 ape=0.5991
[17:42:24] warmStart (decay=exponential) 1% (13/1189) regret=0.107698 ape=0.5991
[17:42:24] warmStart (decay=exponential) 1% (14/1189) regret=0.107698 ape=0.5991
[17:42:24] warmStart (decay=exponential) 1% (15/1189) regret=0.107744 ape=0.6000
[17:42:24] warmStart (decay=exponential) 1% (16/1189) regret=0.107698 ape=0.5991
[17:42:24] warmStart (decay=exponential) 1% (17/1189) regret=0.107698 ape=0.5991
[17:42:24] warmStart (decay=exponential) 1% (18/1189) regret=0.107698 ape=0.5991
[17:42:25] warmStart (decay=exponential) 1% (19/1189) regret=0.107698 ape=0.5991
[17:42:25] warmStart (decay=exponential) 1% (20/1189) regret=0.107698 ape=0.5991
[17:42:25] warmStart (decay=exponential) 1% (21/1189) regret=0.107698 ape=0.5991
[17:42:25] warmStart (decay=exponential) 1% (22/1189) regret=0.107698 ape=0.5991
[17:42:25] warmStart (decay=exponential) 1% (23/1189) regret=0.107698 ape=0.5991
[17:42:25] warmStart (decay=exponential) 2% (24/1189) regret=0.107694 ape=0.5991
[17:42:25] warmStart (decay=exponential) 2% (25/1189) regret=0.107698 ape=0.5991
[17:42:26] warmStart (decay=exponential) 2% (26/1189) regret=0.107698 ape=0.5991
[17:42:26] warmStart (decay=exponential) 2% (27/1189) regret=0.107698 ape=0.5991
[17:42:26] warmStart (decay=exponential) 2% (28/1189) regret=0.107605 ape=0.5982
[17:42:26] warmStart (decay=exponential) 2% (29/1189) regret=0.107698 ape=0.5991
[17:42:26] warmStart (decay=exponential) 2% (30/1189) regret=0.107592 ape=0.5982
[17:42:26] warmStart (decay=exponential) 2% (31/1189) regret=0.107592 ape=0.5982
[17:42:27] warmStart (decay=exponential) 2% (32/1189) regret=0.107592 ape=0.5982
[17:42:27] warmStart (decay=exponential) 2% (33/1189) regret=0.107592 ape=0.5982
[17:42:27] warmStart (decay=exponential) 2% (34/1189) regret=0.107592 ape=0.5982
[17:42:27] warmStart (decay=exponential) 2% (35/1189) regret=0.107592 ape=0.5982
[17:42:27] warmStart (decay=exponential) 3% (36/1189) regret=0.107592 ape=0.5982
[17:42:28] warmStart (decay=exponential) 3% (37/1189) regret=0.107592 ape=0.5982
[17:42:28] warmStart (decay=exponential) 3% (38/1189) regret=0.107592 ape=0.5982
[17:42:28] warmStart (decay=exponential) 3% (39/1189) regret=0.107592 ape=0.5982
[17:42:28] warmStart (decay=exponential) 3% (40/1189) regret=0.107592 ape=0.5982
[17:42:28] warmStart (decay=exponential) 3% (41/1189) regret=0.107592 ape=0.5982
[17:42:28] warmStart (decay=exponential) 3% (42/1189) regret=0.107592 ape=0.5982
[17:42:29] warmStart (decay=exponential) 3% (43/1189) regret=0.107592 ape=0.5982
[17:42:29] warmStart (decay=exponential) 3% (44/1189) regret=0.107592 ape=0.5982
[17:42:29] warmStart (decay=exponential) 3% (45/1189) regret=0.107592 ape=0.5982
[17:42:29] warmStart (decay=exponential) 3% (46/1189) regret=0.107592 ape=0.5982
[17:42:29] warmStart (decay=exponential) 3% (47/1189) regret=0.107592 ape=0.5982
[17:42:29] warmStart (decay=exponential) 4% (48/1189) regret=0.107592 ape=0.5982
[17:42:30] warmStart (decay=exponential) 4% (49/1189) regret=0.107592 ape=0.5982
[17:42:30] warmStart (decay=exponential) 4% (50/1189) regret=0.107592 ape=0.5982
[17:42:30] warmStart (decay=exponential) 4% (51/1189) regret=0.107592 ape=0.5982
[17:42:30] warmStart (decay=exponential) 4% (52/1189) regret=0.107592 ape=0.5982
[17:42:30] warmStart (decay=exponential) 4% (53/1189) regret=0.107592 ape=0.5982
[17:42:30] warmStart (decay=exponential) 4% (54/1189) regret=0.107592 ape=0.5982
[17:42:30] warmStart (decay=exponential) 4% (55/1189) regret=0.107592 ape=0.5982
[17:42:31] warmStart (decay=exponential) 4% (56/1189) regret=0.107592 ape=0.5982
[17:42:31] warmStart (decay=exponential) 4% (57/1189) regret=0.107592 ape=0.5982
[17:42:31] warmStart (decay=exponential) 4% (58/1189) regret=0.107592 ape=0.5982
[17:42:31] warmStart (decay=exponential) 4% (59/1189) regret=0.107592 ape=0.5982
[17:42:31] warmStart (decay=exponential) 5% (60/1189) regret=0.107592 ape=0.5982
[17:42:31] warmStart (decay=exponential) 5% (61/1189) regret=0.107619 ape=0.5991
[17:42:32] warmStart (decay=exponential) 5% (62/1189) regret=0.107619 ape=0.5991
[17:42:32] warmStart (decay=exponential) 5% (63/1189) regret=0.107344 ape=0.5982
[17:42:32] warmStart (decay=exponential) 5% (64/1189) regret=0.107344 ape=0.5982
[17:42:32] warmStart (decay=exponential) 5% (65/1189) regret=0.107390 ape=0.5991
[17:42:32] warmStart (decay=exponential) 5% (66/1189) regret=0.107344 ape=0.5982
[17:42:32] warmStart (decay=exponential) 5% (67/1189) regret=0.107344 ape=0.5982
[17:42:33] warmStart (decay=exponential) 5% (68/1189) regret=0.107344 ape=0.5982
[17:42:33] warmStart (decay=exponential) 5% (69/1189) regret=0.107344 ape=0.5982
[17:42:33] warmStart (decay=exponential) 5% (70/1189) regret=0.107344 ape=0.5982
[17:42:33] warmStart (decay=exponential) 5% (71/1189) regret=0.107344 ape=0.5982
[17:42:33] warmStart (decay=exponential) 6% (72/1189) regret=0.107344 ape=0.5982
[17:42:33] warmStart (decay=exponential) 6% (73/1189) regret=0.107344 ape=0.5982
[17:42:34] warmStart (decay=exponential) 6% (74/1189) regret=0.107344 ape=0.5982
[17:42:34] warmStart (decay=exponential) 6% (75/1189) regret=0.107344 ape=0.5982
[17:42:34] warmStart (decay=exponential) 6% (76/1189) regret=0.107344 ape=0.5982
[17:42:34] warmStart (decay=exponential) 6% (77/1189) regret=0.107344 ape=0.5982
[17:42:34] warmStart (decay=exponential) 6% (78/1189) regret=0.107344 ape=0.5982
[17:42:34] warmStart (decay=exponential) 6% (79/1189) regret=0.107344 ape=0.5982
[17:42:35] warmStart (decay=exponential) 6% (80/1189) regret=0.107344 ape=0.5982
[17:42:35] warmStart (decay=exponential) 6% (81/1189) regret=0.107344 ape=0.5982
[17:42:35] warmStart (decay=exponential) 6% (82/1189) regret=0.107344 ape=0.5982
[17:42:35] warmStart (decay=exponential) 6% (83/1189) regret=0.107344 ape=0.5982
[17:42:35] warmStart (decay=exponential) 7% (84/1189) regret=0.107344 ape=0.5982
[17:42:36] warmStart (decay=exponential) 7% (85/1189) regret=0.107344 ape=0.5982
[17:42:36] warmStart (decay=exponential) 7% (86/1189) regret=0.107344 ape=0.5982
[17:42:36] warmStart (decay=exponential) 7% (87/1189) regret=0.107344 ape=0.5982
[17:42:36] warmStart (decay=exponential) 7% (88/1189) regret=0.107344 ape=0.5982
[17:42:36] warmStart (decay=exponential) 7% (89/1189) regret=0.107344 ape=0.5982
[17:42:36] warmStart (decay=exponential) 7% (90/1189) regret=0.107344 ape=0.5982
[17:42:37] warmStart (decay=exponential) 7% (91/1189) regret=0.107344 ape=0.5982
[17:42:37] warmStart (decay=exponential) 7% (92/1189) regret=0.107344 ape=0.5982
[17:42:37] warmStart (decay=exponential) 7% (93/1189) regret=0.107344 ape=0.5982
[17:42:37] warmStart (decay=exponential) 7% (94/1189) regret=0.107344 ape=0.5982
[17:42:37] warmStart (decay=exponential) 7% (95/1189) regret=0.107344 ape=0.5982
[17:42:37] warmStart (decay=exponential) 8% (96/1189) regret=0.107344 ape=0.5982
[17:42:38] warmStart (decay=exponential) 8% (97/1189) regret=0.107344 ape=0.5982
[17:42:38] warmStart (decay=exponential) 8% (98/1189) regret=0.107344 ape=0.5982
[17:42:38] warmStart (decay=exponential) 8% (99/1189) regret=0.107344 ape=0.5982
[17:42:38] warmStart (decay=exponential) 8% (100/1189) regret=0.107344 ape=0.5982
[17:42:38] warmStart (decay=exponential) 8% (101/1189) regret=0.107344 ape=0.5982
[17:42:39] warmStart (decay=exponential) 8% (102/1189) regret=0.107344 ape=0.5982
[17:42:39] warmStart (decay=exponential) 8% (103/1189) regret=0.107344 ape=0.5982
[17:42:39] warmStart (decay=exponential) 8% (104/1189) regret=0.107344 ape=0.5982
[17:42:39] warmStart (decay=exponential) 8% (105/1189) regret=0.107667 ape=0.5991
[17:42:39] warmStart (decay=exponential) 8% (106/1189) regret=0.107662 ape=0.5991
[17:42:39] warmStart (decay=exponential) 8% (107/1189) regret=0.107344 ape=0.5982
[17:42:40] warmStart (decay=exponential) 9% (108/1189) regret=0.107344 ape=0.5982
[17:42:40] warmStart (decay=exponential) 9% (109/1189) regret=0.107344 ape=0.5982
[17:42:40] warmStart (decay=exponential) 9% (110/1189) regret=0.107344 ape=0.5982
[17:42:40] warmStart (decay=exponential) 9% (111/1189) regret=0.107344 ape=0.5982
[17:42:40] warmStart (decay=exponential) 9% (112/1189) regret=0.107344 ape=0.5982
[17:42:41] warmStart (decay=exponential) 9% (113/1189) regret=0.107326 ape=0.5982
[17:42:41] warmStart (decay=exponential) 9% (114/1189) regret=0.107178 ape=0.5982
[17:42:41] warmStart (decay=exponential) 9% (115/1189) regret=0.107178 ape=0.5982
[17:42:41] warmStart (decay=exponential) 9% (116/1189) regret=0.107178 ape=0.5982
[17:42:41] warmStart (decay=exponential) 9% (117/1189) regret=0.107178 ape=0.5982
[17:42:41] warmStart (decay=exponential) 9% (118/1189) regret=0.107178 ape=0.5982
[17:42:42] warmStart (decay=exponential) 10% (119/1189) regret=0.107178 ape=0.5982
[17:42:42] warmStart (decay=exponential) 10% (120/1189) regret=0.107178 ape=0.5982
[17:42:42] warmStart (decay=exponential) 10% (121/1189) regret=0.107178 ape=0.5982
[17:42:42] warmStart (decay=exponential) 10% (122/1189) regret=0.107178 ape=0.5982
[17:42:42] warmStart (decay=exponential) 10% (123/1189) regret=0.107178 ape=0.5982
[17:42:42] warmStart (decay=exponential) 10% (124/1189) regret=0.107185 ape=0.5982
[17:42:43] warmStart (decay=exponential) 10% (125/1189) regret=0.107160 ape=0.5972
[17:42:43] warmStart (decay=exponential) 10% (126/1189) regret=0.107160 ape=0.5972
[17:42:43] warmStart (decay=exponential) 10% (127/1189) regret=0.107160 ape=0.5972
[17:42:43] warmStart (decay=exponential) 10% (128/1189) regret=0.107160 ape=0.5972
[17:42:43] warmStart (decay=exponential) 10% (129/1189) regret=0.107160 ape=0.5972
[17:42:43] warmStart (decay=exponential) 10% (130/1189) regret=0.107271 ape=0.5982
[17:42:44] warmStart (decay=exponential) 11% (131/1189) regret=0.107160 ape=0.5972
[17:42:44] warmStart (decay=exponential) 11% (132/1189) regret=0.107169 ape=0.5982
[17:42:44] warmStart (decay=exponential) 11% (133/1189) regret=0.107261 ape=0.5982
[17:42:44] warmStart (decay=exponential) 11% (134/1189) regret=0.107261 ape=0.5982
[17:42:44] warmStart (decay=exponential) 11% (135/1189) regret=0.107169 ape=0.5982
[17:42:44] warmStart (decay=exponential) 11% (136/1189) regret=0.107243 ape=0.5982
[17:42:44] warmStart (decay=exponential) 11% (137/1189) regret=0.107243 ape=0.5982
[17:42:45] warmStart (decay=exponential) 11% (138/1189) regret=0.107243 ape=0.5982
[17:42:45] warmStart (decay=exponential) 11% (139/1189) regret=0.107243 ape=0.5982
[17:42:45] warmStart (decay=exponential) 11% (140/1189) regret=0.107243 ape=0.5982
[17:42:45] warmStart (decay=exponential) 11% (141/1189) regret=0.107243 ape=0.5982
[17:42:45] warmStart (decay=exponential) 11% (142/1189) regret=0.107446 ape=0.5991
[17:42:45] warmStart (decay=exponential) 12% (143/1189) regret=0.107243 ape=0.5982
[17:42:46] warmStart (decay=exponential) 12% (144/1189) regret=0.107243 ape=0.5982
[17:42:46] warmStart (decay=exponential) 12% (145/1189) regret=0.107243 ape=0.5982
[17:42:46] warmStart (decay=exponential) 12% (146/1189) regret=0.107243 ape=0.5982
[17:42:46] warmStart (decay=exponential) 12% (147/1189) regret=0.107243 ape=0.5982
[17:42:46] warmStart (decay=exponential) 12% (148/1189) regret=0.107243 ape=0.5982
[17:42:46] warmStart (decay=exponential) 12% (149/1189) regret=0.107243 ape=0.5982
[17:42:47] warmStart (decay=exponential) 12% (150/1189) regret=0.107243 ape=0.5982
[17:42:47] warmStart (decay=exponential) 12% (151/1189) regret=0.107243 ape=0.5982
[17:42:47] warmStart (decay=exponential) 12% (152/1189) regret=0.107243 ape=0.5982
[17:42:47] warmStart (decay=exponential) 12% (153/1189) regret=0.107243 ape=0.5982
[17:42:47] warmStart (decay=exponential) 12% (154/1189) regret=0.107243 ape=0.5982
[17:42:47] warmStart (decay=exponential) 13% (155/1189) regret=0.107243 ape=0.5982
[17:42:47] warmStart (decay=exponential) 13% (156/1189) regret=0.107243 ape=0.5982
[17:42:48] warmStart (decay=exponential) 13% (157/1189) regret=0.107243 ape=0.5982
[17:42:48] warmStart (decay=exponential) 13% (158/1189) regret=0.107243 ape=0.5982
[17:42:48] warmStart (decay=exponential) 13% (159/1189) regret=0.107243 ape=0.5982
[17:42:48] warmStart (decay=exponential) 13% (160/1189) regret=0.107243 ape=0.5982
[17:42:48] warmStart (decay=exponential) 13% (161/1189) regret=0.107243 ape=0.5982
[17:42:48] warmStart (decay=exponential) 13% (162/1189) regret=0.107243 ape=0.5982
[17:42:49] warmStart (decay=exponential) 13% (163/1189) regret=0.107243 ape=0.5982
[17:42:49] warmStart (decay=exponential) 13% (164/1189) regret=0.107243 ape=0.5982
[17:42:49] warmStart (decay=exponential) 13% (165/1189) regret=0.107243 ape=0.5982
[17:42:49] warmStart (decay=exponential) 13% (166/1189) regret=0.107243 ape=0.5982
[17:42:49] warmStart (decay=exponential) 14% (167/1189) regret=0.107243 ape=0.5982
[17:42:49] warmStart (decay=exponential) 14% (168/1189) regret=0.107243 ape=0.5982
[17:42:50] warmStart (decay=exponential) 14% (169/1189) regret=0.107243 ape=0.5982
[17:42:50] warmStart (decay=exponential) 14% (170/1189) regret=0.107243 ape=0.5982
[17:42:50] warmStart (decay=exponential) 14% (171/1189) regret=0.107243 ape=0.5982
[17:42:50] warmStart (decay=exponential) 14% (172/1189) regret=0.107243 ape=0.5982
[17:42:50] warmStart (decay=exponential) 14% (173/1189) regret=0.107243 ape=0.5982
[17:42:50] warmStart (decay=exponential) 14% (174/1189) regret=0.107243 ape=0.5982
[17:42:50] warmStart (decay=exponential) 14% (175/1189) regret=0.107243 ape=0.5982
[17:42:51] warmStart (decay=exponential) 14% (176/1189) regret=0.107243 ape=0.5982
[17:42:51] warmStart (decay=exponential) 14% (177/1189) regret=0.107243 ape=0.5982
[17:42:51] warmStart (decay=exponential) 14% (178/1189) regret=0.107243 ape=0.5982
[17:42:51] warmStart (decay=exponential) 15% (179/1189) regret=0.107243 ape=0.5982
[17:42:51] warmStart (decay=exponential) 15% (180/1189) regret=0.107243 ape=0.5982
[17:42:51] warmStart (decay=exponential) 15% (181/1189) regret=0.107243 ape=0.5982
[17:42:52] warmStart (decay=exponential) 15% (182/1189) regret=0.107243 ape=0.5982
[17:42:52] warmStart (decay=exponential) 15% (183/1189) regret=0.107243 ape=0.5982
[17:42:52] warmStart (decay=exponential) 15% (184/1189) regret=0.107243 ape=0.5982
[17:42:52] warmStart (decay=exponential) 15% (185/1189) regret=0.107243 ape=0.5982
[17:42:52] warmStart (decay=exponential) 15% (186/1189) regret=0.107243 ape=0.5982
[17:42:52] warmStart (decay=exponential) 15% (187/1189) regret=0.107243 ape=0.5982
[17:42:53] warmStart (decay=exponential) 15% (188/1189) regret=0.107240 ape=0.5982
[17:42:53] warmStart (decay=exponential) 15% (189/1189) regret=0.107223 ape=0.5972
[17:42:53] warmStart (decay=exponential) 15% (190/1189) regret=0.107223 ape=0.5972
[17:42:53] warmStart (decay=exponential) 16% (191/1189) regret=0.107223 ape=0.5972
[17:42:53] warmStart (decay=exponential) 16% (192/1189) regret=0.107223 ape=0.5972
[17:42:53] warmStart (decay=exponential) 16% (193/1189) regret=0.107223 ape=0.5972
[17:42:53] warmStart (decay=exponential) 16% (194/1189) regret=0.107223 ape=0.5972
[17:42:54] warmStart (decay=exponential) 16% (195/1189) regret=0.107223 ape=0.5972
[17:42:54] warmStart (decay=exponential) 16% (196/1189) regret=0.107223 ape=0.5972
[17:42:54] warmStart (decay=exponential) 16% (197/1189) regret=0.107223 ape=0.5972
[17:42:54] warmStart (decay=exponential) 16% (198/1189) regret=0.107223 ape=0.5972
[17:42:54] warmStart (decay=exponential) 16% (199/1189) regret=0.107223 ape=0.5972
[17:42:54] warmStart (decay=exponential) 16% (200/1189) regret=0.107223 ape=0.5972
[17:42:55] warmStart (decay=exponential) 16% (201/1189) regret=0.107223 ape=0.5972
[17:42:55] warmStart (decay=exponential) 16% (202/1189) regret=0.107223 ape=0.5972
[17:42:55] warmStart (decay=exponential) 17% (203/1189) regret=0.107089 ape=0.5963
[17:42:55] warmStart (decay=exponential) 17% (204/1189) regret=0.107486 ape=0.5972
[17:42:55] warmStart (decay=exponential) 17% (205/1189) regret=0.107237 ape=0.5972
[17:42:55] warmStart (decay=exponential) 17% (206/1189) regret=0.107237 ape=0.5972
[17:42:56] warmStart (decay=exponential) 17% (207/1189) regret=0.107218 ape=0.5972
[17:42:56] warmStart (decay=exponential) 17% (208/1189) regret=0.107237 ape=0.5972
[17:42:56] warmStart (decay=exponential) 17% (209/1189) regret=0.107237 ape=0.5972
[17:42:56] warmStart (decay=exponential) 17% (210/1189) regret=0.107237 ape=0.5972
[17:42:56] warmStart (decay=exponential) 17% (211/1189) regret=0.107237 ape=0.5972
[17:42:56] warmStart (decay=exponential) 17% (212/1189) regret=0.107175 ape=0.5972
[17:42:57] warmStart (decay=exponential) 17% (213/1189) regret=0.107218 ape=0.5972
[17:42:57] warmStart (decay=exponential) 17% (214/1189) regret=0.107175 ape=0.5972
[17:42:57] warmStart (decay=exponential) 18% (215/1189) regret=0.107338 ape=0.5972
[17:42:57] warmStart (decay=exponential) 18% (216/1189) regret=0.107175 ape=0.5972
[17:42:57] warmStart (decay=exponential) 18% (217/1189) regret=0.107352 ape=0.5972
[17:42:57] warmStart (decay=exponential) 18% (218/1189) regret=0.107149 ape=0.5972
[17:42:58] warmStart (decay=exponential) 18% (219/1189) regret=0.107175 ape=0.5972
[17:42:58] warmStart (decay=exponential) 18% (220/1189) regret=0.107142 ape=0.5972
[17:42:58] warmStart (decay=exponential) 18% (221/1189) regret=0.107175 ape=0.5972
[17:42:58] warmStart (decay=exponential) 18% (222/1189) regret=0.107117 ape=0.5972
[17:42:58] warmStart (decay=exponential) 18% (223/1189) regret=0.107117 ape=0.5972
[17:42:58] warmStart (decay=exponential) 18% (224/1189) regret=0.107117 ape=0.5972
[17:42:59] warmStart (decay=exponential) 18% (225/1189) regret=0.107117 ape=0.5972
[17:42:59] warmStart (decay=exponential) 19% (226/1189) regret=0.107117 ape=0.5972
[17:42:59] warmStart (decay=exponential) 19% (227/1189) regret=0.107117 ape=0.5972
[17:42:59] warmStart (decay=exponential) 19% (228/1189) regret=0.107218 ape=0.5972
[17:42:59] warmStart (decay=exponential) 19% (229/1189) regret=0.107126 ape=0.5972
[17:43:00] warmStart (decay=exponential) 19% (230/1189) regret=0.107108 ape=0.5972
[17:43:00] warmStart (decay=exponential) 19% (231/1189) regret=0.107108 ape=0.5972
[17:43:00] warmStart (decay=exponential) 19% (232/1189) regret=0.107108 ape=0.5972
[17:43:00] warmStart (decay=exponential) 19% (233/1189) regret=0.107108 ape=0.5972
[17:43:00] warmStart (decay=exponential) 19% (234/1189) regret=0.107108 ape=0.5972
[17:43:00] warmStart (decay=exponential) 19% (235/1189) regret=0.107108 ape=0.5972
[17:43:01] warmStart (decay=exponential) 19% (236/1189) regret=0.107108 ape=0.5972
[17:43:01] warmStart (decay=exponential) 19% (237/1189) regret=0.107108 ape=0.5972
[17:43:01] warmStart (decay=exponential) 20% (238/1189) regret=0.107108 ape=0.5972
[17:43:01] warmStart (decay=exponential) 20% (239/1189) regret=0.107108 ape=0.5972
[17:43:01] warmStart (decay=exponential) 20% (240/1189) regret=0.107108 ape=0.5972
[17:43:02] warmStart (decay=exponential) 20% (241/1189) regret=0.107108 ape=0.5972
[17:43:02] warmStart (decay=exponential) 20% (242/1189) regret=0.107108 ape=0.5972
[17:43:02] warmStart (decay=exponential) 20% (243/1189) regret=0.107108 ape=0.5972
[17:43:02] warmStart (decay=exponential) 20% (244/1189) regret=0.107108 ape=0.5972
[17:43:02] warmStart (decay=exponential) 20% (245/1189) regret=0.107108 ape=0.5972
[17:43:02] warmStart (decay=exponential) 20% (246/1189) regret=0.107108 ape=0.5972
[17:43:03] warmStart (decay=exponential) 20% (247/1189) regret=0.107108 ape=0.5972
[17:43:03] warmStart (decay=exponential) 20% (248/1189) regret=0.107218 ape=0.5982
[17:43:03] warmStart (decay=exponential) 20% (249/1189) regret=0.107218 ape=0.5982
[17:43:03] warmStart (decay=exponential) 21% (250/1189) regret=0.107218 ape=0.5982
[17:43:03] warmStart (decay=exponential) 21% (251/1189) regret=0.107357 ape=0.5982
[17:43:03] warmStart (decay=exponential) 21% (252/1189) regret=0.107370 ape=0.5982
[17:43:04] warmStart (decay=exponential) 21% (253/1189) regret=0.107370 ape=0.5982
[17:43:04] warmStart (decay=exponential) 21% (254/1189) regret=0.107370 ape=0.5982
[17:43:04] warmStart (decay=exponential) 21% (255/1189) regret=0.107370 ape=0.5982
[17:43:04] warmStart (decay=exponential) 21% (256/1189) regret=0.107370 ape=0.5982
[17:43:04] warmStart (decay=exponential) 21% (257/1189) regret=0.107394 ape=0.5982
[17:43:05] warmStart (decay=exponential) 21% (258/1189) regret=0.107394 ape=0.5982
[17:43:05] warmStart (decay=exponential) 21% (259/1189) regret=0.107260 ape=0.5982
[17:43:05] warmStart (decay=exponential) 21% (260/1189) regret=0.107260 ape=0.5982
[17:43:05] warmStart (decay=exponential) 21% (261/1189) regret=0.107260 ape=0.5982
[17:43:05] warmStart (decay=exponential) 22% (262/1189) regret=0.107260 ape=0.5982
[17:43:05] warmStart (decay=exponential) 22% (263/1189) regret=0.107260 ape=0.5982
[17:43:06] warmStart (decay=exponential) 22% (264/1189) regret=0.107444 ape=0.5982
[17:43:06] warmStart (decay=exponential) 22% (265/1189) regret=0.107260 ape=0.5982
[17:43:06] warmStart (decay=exponential) 22% (266/1189) regret=0.107405 ape=0.5991
[17:43:06] warmStart (decay=exponential) 22% (267/1189) regret=0.107260 ape=0.5982
[17:43:06] warmStart (decay=exponential) 22% (268/1189) regret=0.107260 ape=0.5982
[17:43:06] warmStart (decay=exponential) 22% (269/1189) regret=0.107260 ape=0.5982
[17:43:07] warmStart (decay=exponential) 22% (270/1189) regret=0.107260 ape=0.5982
[17:43:07] warmStart (decay=exponential) 22% (271/1189) regret=0.107260 ape=0.5982
[17:43:07] warmStart (decay=exponential) 22% (272/1189) regret=0.107260 ape=0.5982
[17:43:07] warmStart (decay=exponential) 22% (273/1189) regret=0.107260 ape=0.5982
[17:43:07] warmStart (decay=exponential) 23% (274/1189) regret=0.107260 ape=0.5982
[17:43:07] warmStart (decay=exponential) 23% (275/1189) regret=0.107260 ape=0.5982
[17:43:08] warmStart (decay=exponential) 23% (276/1189) regret=0.107260 ape=0.5982
[17:43:08] warmStart (decay=exponential) 23% (277/1189) regret=0.107260 ape=0.5982
[17:43:08] warmStart (decay=exponential) 23% (278/1189) regret=0.107260 ape=0.5982
[17:43:08] warmStart (decay=exponential) 23% (279/1189) regret=0.107260 ape=0.5982
[17:43:08] warmStart (decay=exponential) 23% (280/1189) regret=0.107260 ape=0.5982
[17:43:08] warmStart (decay=exponential) 23% (281/1189) regret=0.107260 ape=0.5982
[17:43:09] warmStart (decay=exponential) 23% (282/1189) regret=0.107260 ape=0.5982
[17:43:09] warmStart (decay=exponential) 23% (283/1189) regret=0.107260 ape=0.5982
[17:43:09] warmStart (decay=exponential) 23% (284/1189) regret=0.107260 ape=0.5982
[17:43:09] warmStart (decay=exponential) 23% (285/1189) regret=0.107260 ape=0.5982
[17:43:09] warmStart (decay=exponential) 24% (286/1189) regret=0.107260 ape=0.5982
[17:43:09] warmStart (decay=exponential) 24% (287/1189) regret=0.107260 ape=0.5982
[17:43:10] warmStart (decay=exponential) 24% (288/1189) regret=0.107260 ape=0.5982
[17:43:10] warmStart (decay=exponential) 24% (289/1189) regret=0.107260 ape=0.5982
[17:43:10] warmStart (decay=exponential) 24% (290/1189) regret=0.107260 ape=0.5982
[17:43:10] warmStart (decay=exponential) 24% (291/1189) regret=0.107260 ape=0.5982
[17:43:10] warmStart (decay=exponential) 24% (292/1189) regret=0.107260 ape=0.5982
[17:43:10] warmStart (decay=exponential) 24% (293/1189) regret=0.107260 ape=0.5982
[17:43:11] warmStart (decay=exponential) 24% (294/1189) regret=0.107260 ape=0.5982
[17:43:11] warmStart (decay=exponential) 24% (295/1189) regret=0.107260 ape=0.5982
[17:43:11] warmStart (decay=exponential) 24% (296/1189) regret=0.107260 ape=0.5982
[17:43:11] warmStart (decay=exponential) 24% (297/1189) regret=0.107260 ape=0.5982
[17:43:11] warmStart (decay=exponential) 25% (298/1189) regret=0.107260 ape=0.5982
[17:43:11] warmStart (decay=exponential) 25% (299/1189) regret=0.107260 ape=0.5982
[17:43:12] warmStart (decay=exponential) 25% (300/1189) regret=0.107260 ape=0.5982
[17:43:12] warmStart (decay=exponential) 25% (301/1189) regret=0.107260 ape=0.5982
[17:43:12] warmStart (decay=exponential) 25% (302/1189) regret=0.107260 ape=0.5982
[17:43:12] warmStart (decay=exponential) 25% (303/1189) regret=0.107260 ape=0.5982
[17:43:12] warmStart (decay=exponential) 25% (304/1189) regret=0.107260 ape=0.5982
[17:43:12] warmStart (decay=exponential) 25% (305/1189) regret=0.107260 ape=0.5982
[17:43:13] warmStart (decay=exponential) 25% (306/1189) regret=0.107260 ape=0.5982
[17:43:13] warmStart (decay=exponential) 25% (307/1189) regret=0.107260 ape=0.5982
[17:43:13] warmStart (decay=exponential) 25% (308/1189) regret=0.107260 ape=0.5982
[17:43:13] warmStart (decay=exponential) 25% (309/1189) regret=0.107260 ape=0.5982
[17:43:13] warmStart (decay=exponential) 26% (310/1189) regret=0.107260 ape=0.5982
[17:43:13] warmStart (decay=exponential) 26% (311/1189) regret=0.107260 ape=0.5982
[17:43:14] warmStart (decay=exponential) 26% (312/1189) regret=0.107260 ape=0.5982
[17:43:14] warmStart (decay=exponential) 26% (313/1189) regret=0.107260 ape=0.5982
[17:43:14] warmStart (decay=exponential) 26% (314/1189) regret=0.107260 ape=0.5982
[17:43:14] warmStart (decay=exponential) 26% (315/1189) regret=0.107260 ape=0.5982
[17:43:14] warmStart (decay=exponential) 26% (316/1189) regret=0.107260 ape=0.5982
[17:43:14] warmStart (decay=exponential) 26% (317/1189) regret=0.107260 ape=0.5982
[17:43:15] warmStart (decay=exponential) 26% (318/1189) regret=0.107260 ape=0.5982
[17:43:15] warmStart (decay=exponential) 26% (319/1189) regret=0.107260 ape=0.5982
[17:43:15] warmStart (decay=exponential) 26% (320/1189) regret=0.107177 ape=0.5982
[17:43:15] warmStart (decay=exponential) 26% (321/1189) regret=0.107177 ape=0.5982
[17:43:15] warmStart (decay=exponential) 27% (322/1189) regret=0.106993 ape=0.5972
[17:43:15] warmStart (decay=exponential) 27% (323/1189) regret=0.106993 ape=0.5972
[17:43:15] warmStart (decay=exponential) 27% (324/1189) regret=0.107177 ape=0.5982
[17:43:16] warmStart (decay=exponential) 27% (325/1189) regret=0.106993 ape=0.5972
[17:43:16] warmStart (decay=exponential) 27% (326/1189) regret=0.107043 ape=0.5982
[17:43:16] warmStart (decay=exponential) 27% (327/1189) regret=0.107177 ape=0.5982
[17:43:16] warmStart (decay=exponential) 27% (328/1189) regret=0.106993 ape=0.5972
[17:43:16] warmStart (decay=exponential) 27% (329/1189) regret=0.107043 ape=0.5982
[17:43:16] warmStart (decay=exponential) 27% (330/1189) regret=0.107043 ape=0.5982
[17:43:17] warmStart (decay=exponential) 27% (331/1189) regret=0.107043 ape=0.5982
[17:43:17] warmStart (decay=exponential) 27% (332/1189) regret=0.107043 ape=0.5982
[17:43:17] warmStart (decay=exponential) 28% (333/1189) regret=0.107043 ape=0.5982
[17:43:17] warmStart (decay=exponential) 28% (334/1189) regret=0.107043 ape=0.5982
[17:43:17] warmStart (decay=exponential) 28% (335/1189) regret=0.107043 ape=0.5982
[17:43:17] warmStart (decay=exponential) 28% (336/1189) regret=0.107043 ape=0.5982
[17:43:18] warmStart (decay=exponential) 28% (337/1189) regret=0.107043 ape=0.5982
[17:43:18] warmStart (decay=exponential) 28% (338/1189) regret=0.107043 ape=0.5982
[17:43:18] warmStart (decay=exponential) 28% (339/1189) regret=0.107043 ape=0.5982
[17:43:18] warmStart (decay=exponential) 28% (340/1189) regret=0.107043 ape=0.5982
[17:43:18] warmStart (decay=exponential) 28% (341/1189) regret=0.107043 ape=0.5982
[17:43:18] warmStart (decay=exponential) 28% (342/1189) regret=0.107043 ape=0.5982
[17:43:18] warmStart (decay=exponential) 28% (343/1189) regret=0.107043 ape=0.5982
[17:43:19] warmStart (decay=exponential) 28% (344/1189) regret=0.107043 ape=0.5982
[17:43:19] warmStart (decay=exponential) 29% (345/1189) regret=0.107043 ape=0.5982
[17:43:19] warmStart (decay=exponential) 29% (346/1189) regret=0.107043 ape=0.5982
[17:43:19] warmStart (decay=exponential) 29% (347/1189) regret=0.107043 ape=0.5982
[17:43:19] warmStart (decay=exponential) 29% (348/1189) regret=0.107043 ape=0.5982
[17:43:19] warmStart (decay=exponential) 29% (349/1189) regret=0.107043 ape=0.5982
[17:43:20] warmStart (decay=exponential) 29% (350/1189) regret=0.107043 ape=0.5982
[17:43:20] warmStart (decay=exponential) 29% (351/1189) regret=0.107043 ape=0.5982
[17:43:20] warmStart (decay=exponential) 29% (352/1189) regret=0.107043 ape=0.5982
[17:43:20] warmStart (decay=exponential) 29% (353/1189) regret=0.107043 ape=0.5982
[17:43:20] warmStart (decay=exponential) 29% (354/1189) regret=0.107043 ape=0.5982
[17:43:20] warmStart (decay=exponential) 29% (355/1189) regret=0.107043 ape=0.5982
[17:43:21] warmStart (decay=exponential) 29% (356/1189) regret=0.107043 ape=0.5982
[17:43:21] warmStart (decay=exponential) 30% (357/1189) regret=0.107043 ape=0.5982
[17:43:21] warmStart (decay=exponential) 30% (358/1189) regret=0.107043 ape=0.5982
[17:43:21] warmStart (decay=exponential) 30% (359/1189) regret=0.107043 ape=0.5982
[17:43:21] warmStart (decay=exponential) 30% (360/1189) regret=0.107043 ape=0.5982
[17:43:21] warmStart (decay=exponential) 30% (361/1189) regret=0.107043 ape=0.5982
[17:43:21] warmStart (decay=exponential) 30% (362/1189) regret=0.107043 ape=0.5982
[17:43:22] warmStart (decay=exponential) 30% (363/1189) regret=0.107043 ape=0.5982
[17:43:22] warmStart (decay=exponential) 30% (364/1189) regret=0.107043 ape=0.5982
[17:43:22] warmStart (decay=exponential) 30% (365/1189) regret=0.107043 ape=0.5982
[17:43:22] warmStart (decay=exponential) 30% (366/1189) regret=0.107043 ape=0.5982
[17:43:22] warmStart (decay=exponential) 30% (367/1189) regret=0.107043 ape=0.5982
[17:43:22] warmStart (decay=exponential) 30% (368/1189) regret=0.107043 ape=0.5982
[17:43:22] warmStart (decay=exponential) 31% (369/1189) regret=0.107043 ape=0.5982
[17:43:23] warmStart (decay=exponential) 31% (370/1189) regret=0.107043 ape=0.5982
[17:43:23] warmStart (decay=exponential) 31% (371/1189) regret=0.107043 ape=0.5982
[17:43:23] warmStart (decay=exponential) 31% (372/1189) regret=0.107043 ape=0.5982
[17:43:23] warmStart (decay=exponential) 31% (373/1189) regret=0.107043 ape=0.5982
[17:43:23] warmStart (decay=exponential) 31% (374/1189) regret=0.107057 ape=0.5991
[17:43:23] warmStart (decay=exponential) 31% (375/1189) regret=0.107057 ape=0.5991
[17:43:23] warmStart (decay=exponential) 31% (376/1189) regret=0.107103 ape=0.5991
[17:43:24] warmStart (decay=exponential) 31% (377/1189) regret=0.107057 ape=0.5991
[17:43:24] warmStart (decay=exponential) 31% (378/1189) regret=0.107103 ape=0.5991
[17:43:24] warmStart (decay=exponential) 31% (379/1189) regret=0.107057 ape=0.5991
[17:43:24] warmStart (decay=exponential) 31% (380/1189) regret=0.107057 ape=0.5991
[17:43:24] warmStart (decay=exponential) 32% (381/1189) regret=0.107057 ape=0.5991
[17:43:24] warmStart (decay=exponential) 32% (382/1189) regret=0.107043 ape=0.5982
[17:43:24] warmStart (decay=exponential) 32% (383/1189) regret=0.107043 ape=0.5982
[17:43:25] warmStart (decay=exponential) 32% (384/1189) regret=0.107043 ape=0.5982
[17:43:25] warmStart (decay=exponential) 32% (385/1189) regret=0.107036 ape=0.5972
[17:43:25] warmStart (decay=exponential) 32% (386/1189) regret=0.107043 ape=0.5982
[17:43:25] warmStart (decay=exponential) 32% (387/1189) regret=0.107036 ape=0.5972
[17:43:25] warmStart (decay=exponential) 32% (388/1189) regret=0.107036 ape=0.5972
[17:43:25] warmStart (decay=exponential) 32% (389/1189) regret=0.107036 ape=0.5972
[17:43:26] warmStart (decay=exponential) 32% (390/1189) regret=0.107036 ape=0.5972
[17:43:26] warmStart (decay=exponential) 32% (391/1189) regret=0.107043 ape=0.5982
[17:43:26] warmStart (decay=exponential) 32% (392/1189) regret=0.107036 ape=0.5972
[17:43:26] warmStart (decay=exponential) 33% (393/1189) regret=0.107036 ape=0.5972
[17:43:26] warmStart (decay=exponential) 33% (394/1189) regret=0.107036 ape=0.5972
[17:43:26] warmStart (decay=exponential) 33% (395/1189) regret=0.107036 ape=0.5972
[17:43:26] warmStart (decay=exponential) 33% (396/1189) regret=0.107036 ape=0.5972
[17:43:27] warmStart (decay=exponential) 33% (397/1189) regret=0.107036 ape=0.5972
[17:43:27] warmStart (decay=exponential) 33% (398/1189) regret=0.107036 ape=0.5972
[17:43:27] warmStart (decay=exponential) 33% (399/1189) regret=0.107036 ape=0.5972
[17:43:27] warmStart (decay=exponential) 33% (400/1189) regret=0.107036 ape=0.5972
[17:43:27] warmStart (decay=exponential) 33% (401/1189) regret=0.107036 ape=0.5972
[17:43:27] warmStart (decay=exponential) 33% (402/1189) regret=0.107119 ape=0.5982
[17:43:27] warmStart (decay=exponential) 33% (403/1189) regret=0.107119 ape=0.5982
[17:43:28] warmStart (decay=exponential) 33% (404/1189) regret=0.107119 ape=0.5982
[17:43:28] warmStart (decay=exponential) 34% (405/1189) regret=0.107119 ape=0.5982
[17:43:28] warmStart (decay=exponential) 34% (406/1189) regret=0.107119 ape=0.5982
[17:43:28] warmStart (decay=exponential) 34% (407/1189) regret=0.107119 ape=0.5982
[17:43:28] warmStart (decay=exponential) 34% (408/1189) regret=0.107185 ape=0.5991
[17:43:28] warmStart (decay=exponential) 34% (409/1189) regret=0.107119 ape=0.5982
[17:43:29] warmStart (decay=exponential) 34% (410/1189) regret=0.107119 ape=0.5982
[17:43:29] warmStart (decay=exponential) 34% (411/1189) regret=0.107119 ape=0.5982
[17:43:29] warmStart (decay=exponential) 34% (412/1189) regret=0.107119 ape=0.5982
[17:43:29] warmStart (decay=exponential) 34% (413/1189) regret=0.107045 ape=0.5982
[17:43:29] warmStart (decay=exponential) 34% (414/1189) regret=0.107045 ape=0.5982
[17:43:29] warmStart (decay=exponential) 34% (415/1189) regret=0.107056 ape=0.5982
[17:43:29] warmStart (decay=exponential) 34% (416/1189) regret=0.107046 ape=0.5982
[17:43:30] warmStart (decay=exponential) 35% (417/1189) regret=0.107046 ape=0.5982
[17:43:30] warmStart (decay=exponential) 35% (418/1189) regret=0.107046 ape=0.5982
[17:43:30] warmStart (decay=exponential) 35% (419/1189) regret=0.107046 ape=0.5982
[17:43:30] warmStart (decay=exponential) 35% (420/1189) regret=0.107046 ape=0.5982
[17:43:30] warmStart (decay=exponential) 35% (421/1189) regret=0.107046 ape=0.5982
[17:43:30] warmStart (decay=exponential) 35% (422/1189) regret=0.107046 ape=0.5982
[17:43:30] warmStart (decay=exponential) 35% (423/1189) regret=0.107046 ape=0.5982
[17:43:31] warmStart (decay=exponential) 35% (424/1189) regret=0.107046 ape=0.5982
[17:43:31] warmStart (decay=exponential) 35% (425/1189) regret=0.107046 ape=0.5982
[17:43:31] warmStart (decay=exponential) 35% (426/1189) regret=0.107046 ape=0.5982
[17:43:31] warmStart (decay=exponential) 35% (427/1189) regret=0.107046 ape=0.5982
[17:43:31] warmStart (decay=exponential) 35% (428/1189) regret=0.107046 ape=0.5982
[17:43:31] warmStart (decay=exponential) 36% (429/1189) regret=0.107046 ape=0.5982
[17:43:31] warmStart (decay=exponential) 36% (430/1189) regret=0.107046 ape=0.5982
[17:43:32] warmStart (decay=exponential) 36% (431/1189) regret=0.107046 ape=0.5982
[17:43:32] warmStart (decay=exponential) 36% (432/1189) regret=0.107046 ape=0.5982
[17:43:32] warmStart (decay=exponential) 36% (433/1189) regret=0.107046 ape=0.5982
[17:43:32] warmStart (decay=exponential) 36% (434/1189) regret=0.107046 ape=0.5982
[17:43:32] warmStart (decay=exponential) 36% (435/1189) regret=0.107073 ape=0.5982
[17:43:32] warmStart (decay=exponential) 36% (436/1189) regret=0.106990 ape=0.5972
[17:43:32] warmStart (decay=exponential) 36% (437/1189) regret=0.106990 ape=0.5972
[17:43:33] warmStart (decay=exponential) 36% (438/1189) regret=0.107082 ape=0.5982
[17:43:33] warmStart (decay=exponential) 36% (439/1189) regret=0.106990 ape=0.5972
[17:43:33] warmStart (decay=exponential) 37% (440/1189) regret=0.107046 ape=0.5982
[17:43:33] warmStart (decay=exponential) 37% (441/1189) regret=0.107046 ape=0.5982
[17:43:33] warmStart (decay=exponential) 37% (442/1189) regret=0.106999 ape=0.5982
[17:43:33] warmStart (decay=exponential) 37% (443/1189) regret=0.106999 ape=0.5982
[17:43:34] warmStart (decay=exponential) 37% (444/1189) regret=0.106999 ape=0.5982
[17:43:34] warmStart (decay=exponential) 37% (445/1189) regret=0.106999 ape=0.5982
[17:43:34] warmStart (decay=exponential) 37% (446/1189) regret=0.106999 ape=0.5982
[17:43:34] warmStart (decay=exponential) 37% (447/1189) regret=0.106999 ape=0.5982
[17:43:34] warmStart (decay=exponential) 37% (448/1189) regret=0.106999 ape=0.5982
[17:43:34] warmStart (decay=exponential) 37% (449/1189) regret=0.106999 ape=0.5982
[17:43:34] warmStart (decay=exponential) 37% (450/1189) regret=0.106999 ape=0.5982
[17:43:35] warmStart (decay=exponential) 37% (451/1189) regret=0.106999 ape=0.5982
[17:43:35] warmStart (decay=exponential) 38% (452/1189) regret=0.106999 ape=0.5982
[17:43:35] warmStart (decay=exponential) 38% (453/1189) regret=0.106999 ape=0.5982
[17:43:35] warmStart (decay=exponential) 38% (454/1189) regret=0.106999 ape=0.5982
[17:43:35] warmStart (decay=exponential) 38% (455/1189) regret=0.106999 ape=0.5982
[17:43:35] warmStart (decay=exponential) 38% (456/1189) regret=0.106999 ape=0.5982
[17:43:35] warmStart (decay=exponential) 38% (457/1189) regret=0.106999 ape=0.5982
[17:43:36] warmStart (decay=exponential) 38% (458/1189) regret=0.106999 ape=0.5982
[17:43:36] warmStart (decay=exponential) 38% (459/1189) regret=0.106999 ape=0.5982
[17:43:36] warmStart (decay=exponential) 38% (460/1189) regret=0.106999 ape=0.5982
[17:43:36] warmStart (decay=exponential) 38% (461/1189) regret=0.106999 ape=0.5982
[17:43:36] warmStart (decay=exponential) 38% (462/1189) regret=0.106999 ape=0.5982
[17:43:36] warmStart (decay=exponential) 38% (463/1189) regret=0.106999 ape=0.5982
[17:43:36] warmStart (decay=exponential) 39% (464/1189) regret=0.106999 ape=0.5982
[17:43:37] warmStart (decay=exponential) 39% (465/1189) regret=0.106999 ape=0.5982
[17:43:37] warmStart (decay=exponential) 39% (466/1189) regret=0.106999 ape=0.5982
[17:43:37] warmStart (decay=exponential) 39% (467/1189) regret=0.106999 ape=0.5982
[17:43:37] warmStart (decay=exponential) 39% (468/1189) regret=0.106999 ape=0.5982
[17:43:37] warmStart (decay=exponential) 39% (469/1189) regret=0.106999 ape=0.5982
[17:43:37] warmStart (decay=exponential) 39% (470/1189) regret=0.106999 ape=0.5982
[17:43:37] warmStart (decay=exponential) 39% (471/1189) regret=0.106999 ape=0.5982
[17:43:38] warmStart (decay=exponential) 39% (472/1189) regret=0.106999 ape=0.5982
[17:43:38] warmStart (decay=exponential) 39% (473/1189) regret=0.106999 ape=0.5982
[17:43:38] warmStart (decay=exponential) 39% (474/1189) regret=0.106999 ape=0.5982
[17:43:38] warmStart (decay=exponential) 39% (475/1189) regret=0.106999 ape=0.5982
[17:43:38] warmStart (decay=exponential) 40% (476/1189) regret=0.106999 ape=0.5982
[17:43:38] warmStart (decay=exponential) 40% (477/1189) regret=0.106999 ape=0.5982
[17:43:39] warmStart (decay=exponential) 40% (478/1189) regret=0.106999 ape=0.5982
[17:43:39] warmStart (decay=exponential) 40% (479/1189) regret=0.106999 ape=0.5982
[17:43:39] warmStart (decay=exponential) 40% (480/1189) regret=0.106999 ape=0.5982
[17:43:39] warmStart (decay=exponential) 40% (481/1189) regret=0.106999 ape=0.5982
[17:43:39] warmStart (decay=exponential) 40% (482/1189) regret=0.106999 ape=0.5982
[17:43:39] warmStart (decay=exponential) 40% (483/1189) regret=0.106999 ape=0.5982
[17:43:39] warmStart (decay=exponential) 40% (484/1189) regret=0.106999 ape=0.5982
[17:43:40] warmStart (decay=exponential) 40% (485/1189) regret=0.106999 ape=0.5982
[17:43:40] warmStart (decay=exponential) 40% (486/1189) regret=0.106999 ape=0.5982
[17:43:40] warmStart (decay=exponential) 40% (487/1189) regret=0.106999 ape=0.5982
[17:43:40] warmStart (decay=exponential) 41% (488/1189) regret=0.106999 ape=0.5982
[17:43:40] warmStart (decay=exponential) 41% (489/1189) regret=0.106999 ape=0.5982
[17:43:40] warmStart (decay=exponential) 41% (490/1189) regret=0.106999 ape=0.5982
[17:43:41] warmStart (decay=exponential) 41% (491/1189) regret=0.106926 ape=0.5982
[17:43:41] warmStart (decay=exponential) 41% (492/1189) regret=0.106926 ape=0.5982
[17:43:41] warmStart (decay=exponential) 41% (493/1189) regret=0.106926 ape=0.5982
[17:43:41] warmStart (decay=exponential) 41% (494/1189) regret=0.106926 ape=0.5982
[17:43:41] warmStart (decay=exponential) 41% (495/1189) regret=0.106926 ape=0.5982
[17:43:41] warmStart (decay=exponential) 41% (496/1189) regret=0.106926 ape=0.5982
[17:43:41] warmStart (decay=exponential) 41% (497/1189) regret=0.106926 ape=0.5982
[17:43:42] warmStart (decay=exponential) 41% (498/1189) regret=0.106926 ape=0.5982
[17:43:42] warmStart (decay=exponential) 41% (499/1189) regret=0.106924 ape=0.5972
[17:43:42] warmStart (decay=exponential) 42% (500/1189) regret=0.106924 ape=0.5972
[17:43:42] warmStart (decay=exponential) 42% (501/1189) regret=0.106924 ape=0.5972
[17:43:42] warmStart (decay=exponential) 42% (502/1189) regret=0.106924 ape=0.5972
[17:43:42] warmStart (decay=exponential) 42% (503/1189) regret=0.106924 ape=0.5972
[17:43:42] warmStart (decay=exponential) 42% (504/1189) regret=0.106924 ape=0.5972
[17:43:43] warmStart (decay=exponential) 42% (505/1189) regret=0.106924 ape=0.5972
[17:43:43] warmStart (decay=exponential) 42% (506/1189) regret=0.106924 ape=0.5972
[17:43:43] warmStart (decay=exponential) 42% (507/1189) regret=0.106924 ape=0.5972
[17:43:43] warmStart (decay=exponential) 42% (508/1189) regret=0.106823 ape=0.5963
[17:43:43] warmStart (decay=exponential) 42% (509/1189) regret=0.106823 ape=0.5963
[17:43:43] warmStart (decay=exponential) 42% (510/1189) regret=0.106823 ape=0.5963
[17:43:43] warmStart (decay=exponential) 42% (511/1189) regret=0.106823 ape=0.5963
[17:43:44] warmStart (decay=exponential) 43% (512/1189) regret=0.106823 ape=0.5963
[17:43:44] warmStart (decay=exponential) 43% (513/1189) regret=0.106811 ape=0.5954
[17:43:44] warmStart (decay=exponential) 43% (514/1189) regret=0.106811 ape=0.5954
[17:43:44] warmStart (decay=exponential) 43% (515/1189) regret=0.106811 ape=0.5954
[17:43:44] warmStart (decay=exponential) 43% (516/1189) regret=0.106811 ape=0.5954
[17:43:44] warmStart (decay=exponential) 43% (517/1189) regret=0.106811 ape=0.5954
[17:43:45] warmStart (decay=exponential) 43% (518/1189) regret=0.106811 ape=0.5954
[17:43:45] warmStart (decay=exponential) 43% (519/1189) regret=0.106811 ape=0.5954
[17:43:45] warmStart (decay=exponential) 43% (520/1189) regret=0.106811 ape=0.5954
[17:43:45] warmStart (decay=exponential) 43% (521/1189) regret=0.106811 ape=0.5954
[17:43:45] warmStart (decay=exponential) 43% (522/1189) regret=0.106811 ape=0.5954
[17:43:45] warmStart (decay=exponential) 43% (523/1189) regret=0.106811 ape=0.5954
[17:43:45] warmStart (decay=exponential) 44% (524/1189) regret=0.106866 ape=0.5954
[17:43:46] warmStart (decay=exponential) 44% (525/1189) regret=0.106815 ape=0.5954
[17:43:46] warmStart (decay=exponential) 44% (526/1189) regret=0.106815 ape=0.5954
[17:43:46] warmStart (decay=exponential) 44% (527/1189) regret=0.106815 ape=0.5954
[17:43:46] warmStart (decay=exponential) 44% (528/1189) regret=0.106815 ape=0.5954
[17:43:46] warmStart (decay=exponential) 44% (529/1189) regret=0.106815 ape=0.5954
[17:43:46] warmStart (decay=exponential) 44% (530/1189) regret=0.106815 ape=0.5954
[17:43:46] warmStart (decay=exponential) 44% (531/1189) regret=0.106815 ape=0.5954
[17:43:47] warmStart (decay=exponential) 44% (532/1189) regret=0.106815 ape=0.5954
[17:43:47] warmStart (decay=exponential) 44% (533/1189) regret=0.106815 ape=0.5954
[17:43:47] warmStart (decay=exponential) 44% (534/1189) regret=0.106815 ape=0.5954
[17:43:47] warmStart (decay=exponential) 44% (535/1189) regret=0.106815 ape=0.5954
[17:43:47] warmStart (decay=exponential) 45% (536/1189) regret=0.106815 ape=0.5954
[17:43:47] warmStart (decay=exponential) 45% (537/1189) regret=0.106815 ape=0.5954
[17:43:48] warmStart (decay=exponential) 45% (538/1189) regret=0.106815 ape=0.5954
[17:43:48] warmStart (decay=exponential) 45% (539/1189) regret=0.106815 ape=0.5954
[17:43:48] warmStart (decay=exponential) 45% (540/1189) regret=0.106815 ape=0.5954
[17:43:48] warmStart (decay=exponential) 45% (541/1189) regret=0.106815 ape=0.5954
[17:43:48] warmStart (decay=exponential) 45% (542/1189) regret=0.106815 ape=0.5954
[17:43:48] warmStart (decay=exponential) 45% (543/1189) regret=0.106815 ape=0.5954
[17:43:48] warmStart (decay=exponential) 45% (544/1189) regret=0.106815 ape=0.5954
[17:43:49] warmStart (decay=exponential) 45% (545/1189) regret=0.106815 ape=0.5954
[17:43:49] warmStart (decay=exponential) 45% (546/1189) regret=0.106815 ape=0.5954
[17:43:49] warmStart (decay=exponential) 46% (547/1189) regret=0.106815 ape=0.5954
[17:43:49] warmStart (decay=exponential) 46% (548/1189) regret=0.106815 ape=0.5954
[17:43:49] warmStart (decay=exponential) 46% (549/1189) regret=0.106815 ape=0.5954
[17:43:49] warmStart (decay=exponential) 46% (550/1189) regret=0.106815 ape=0.5954
[17:43:49] warmStart (decay=exponential) 46% (551/1189) regret=0.106815 ape=0.5954
[17:43:50] warmStart (decay=exponential) 46% (552/1189) regret=0.106815 ape=0.5954
[17:43:50] warmStart (decay=exponential) 46% (553/1189) regret=0.106815 ape=0.5954
[17:43:50] warmStart (decay=exponential) 46% (554/1189) regret=0.106815 ape=0.5954
[17:43:50] warmStart (decay=exponential) 46% (555/1189) regret=0.106815 ape=0.5954
[17:43:50] warmStart (decay=exponential) 46% (556/1189) regret=0.106815 ape=0.5954
[17:43:50] warmStart (decay=exponential) 46% (557/1189) regret=0.106821 ape=0.5963
[17:43:51] warmStart (decay=exponential) 46% (558/1189) regret=0.106821 ape=0.5963
[17:43:51] warmStart (decay=exponential) 47% (559/1189) regret=0.106821 ape=0.5963
[17:43:51] warmStart (decay=exponential) 47% (560/1189) regret=0.106821 ape=0.5963
[17:43:51] warmStart (decay=exponential) 47% (561/1189) regret=0.106821 ape=0.5963
[17:43:51] warmStart (decay=exponential) 47% (562/1189) regret=0.106821 ape=0.5963
[17:43:51] warmStart (decay=exponential) 47% (563/1189) regret=0.106890 ape=0.5972
[17:43:51] warmStart (decay=exponential) 47% (564/1189) regret=0.106821 ape=0.5963
[17:43:52] warmStart (decay=exponential) 47% (565/1189) regret=0.106821 ape=0.5963
[17:43:52] warmStart (decay=exponential) 47% (566/1189) regret=0.106821 ape=0.5963
[17:43:52] warmStart (decay=exponential) 47% (567/1189) regret=0.106890 ape=0.5972
[17:43:52] warmStart (decay=exponential) 47% (568/1189) regret=0.106890 ape=0.5972
[17:43:52] warmStart (decay=exponential) 47% (569/1189) regret=0.106821 ape=0.5963
[17:43:52] warmStart (decay=exponential) 47% (570/1189) regret=0.106927 ape=0.5972
[17:43:53] warmStart (decay=exponential) 48% (571/1189) regret=0.106900 ape=0.5972
[17:43:53] warmStart (decay=exponential) 48% (572/1189) regret=0.106900 ape=0.5972
[17:43:53] warmStart (decay=exponential) 48% (573/1189) regret=0.106900 ape=0.5972
[17:43:53] warmStart (decay=exponential) 48% (574/1189) regret=0.106900 ape=0.5972
[17:43:53] warmStart (decay=exponential) 48% (575/1189) regret=0.106900 ape=0.5972
[17:43:53] warmStart (decay=exponential) 48% (576/1189) regret=0.106900 ape=0.5972
[17:43:54] warmStart (decay=exponential) 48% (577/1189) regret=0.106881 ape=0.5963
[17:43:54] warmStart (decay=exponential) 48% (578/1189) regret=0.106881 ape=0.5963
[17:43:54] warmStart (decay=exponential) 48% (579/1189) regret=0.106881 ape=0.5963
[17:43:54] warmStart (decay=exponential) 48% (580/1189) regret=0.106881 ape=0.5963
[17:43:54] warmStart (decay=exponential) 48% (581/1189) regret=0.106881 ape=0.5963
[17:43:54] warmStart (decay=exponential) 48% (582/1189) regret=0.106881 ape=0.5963
[17:43:55] warmStart (decay=exponential) 49% (583/1189) regret=0.106904 ape=0.5972
[17:43:55] warmStart (decay=exponential) 49% (584/1189) regret=0.106904 ape=0.5972
[17:43:55] warmStart (decay=exponential) 49% (585/1189) regret=0.106890 ape=0.5972
[17:43:55] warmStart (decay=exponential) 49% (586/1189) regret=0.106890 ape=0.5972
[17:43:55] warmStart (decay=exponential) 49% (587/1189) regret=0.106881 ape=0.5963
[17:43:56] warmStart (decay=exponential) 49% (588/1189) regret=0.106890 ape=0.5972
[17:43:56] warmStart (decay=exponential) 49% (589/1189) regret=0.106890 ape=0.5972
[17:43:56] warmStart (decay=exponential) 49% (590/1189) regret=0.106890 ape=0.5972
[17:43:56] warmStart (decay=exponential) 49% (591/1189) regret=0.106890 ape=0.5972
[17:43:56] warmStart (decay=exponential) 49% (592/1189) regret=0.106890 ape=0.5972
[17:43:56] warmStart (decay=exponential) 49% (593/1189) regret=0.106890 ape=0.5972
[17:43:57] warmStart (decay=exponential) 49% (594/1189) regret=0.106881 ape=0.5963
[17:43:57] warmStart (decay=exponential) 50% (595/1189) regret=0.106881 ape=0.5963
[17:43:57] warmStart (decay=exponential) 50% (596/1189) regret=0.106881 ape=0.5963
[17:43:57] warmStart (decay=exponential) 50% (597/1189) regret=0.106881 ape=0.5963
[17:43:57] warmStart (decay=exponential) 50% (598/1189) regret=0.106798 ape=0.5963
[17:43:57] warmStart (decay=exponential) 50% (599/1189) regret=0.106531 ape=0.5963
[17:43:58] warmStart (decay=exponential) 50% (600/1189) regret=0.106531 ape=0.5963
[17:43:58] warmStart (decay=exponential) 50% (601/1189) regret=0.106531 ape=0.5963
[17:43:58] warmStart (decay=exponential) 50% (602/1189) regret=0.106531 ape=0.5963
[17:43:58] warmStart (decay=exponential) 50% (603/1189) regret=0.106520 ape=0.5963
[17:43:58] warmStart (decay=exponential) 50% (604/1189) regret=0.106520 ape=0.5963
[17:43:58] warmStart (decay=exponential) 50% (605/1189) regret=0.106466 ape=0.5963
[17:43:58] warmStart (decay=exponential) 50% (606/1189) regret=0.106466 ape=0.5963
[17:43:59] warmStart (decay=exponential) 51% (607/1189) regret=0.106466 ape=0.5963
[17:43:59] warmStart (decay=exponential) 51% (608/1189) regret=0.106455 ape=0.5954
[17:43:59] warmStart (decay=exponential) 51% (609/1189) regret=0.106455 ape=0.5954
[17:43:59] warmStart (decay=exponential) 51% (610/1189) regret=0.106455 ape=0.5954
[17:43:59] warmStart (decay=exponential) 51% (611/1189) regret=0.106676 ape=0.5954
[17:43:59] warmStart (decay=exponential) 51% (612/1189) regret=0.106455 ape=0.5954
[17:44:00] warmStart (decay=exponential) 51% (613/1189) regret=0.106455 ape=0.5954
[17:44:00] warmStart (decay=exponential) 51% (614/1189) regret=0.106455 ape=0.5954
[17:44:00] warmStart (decay=exponential) 51% (615/1189) regret=0.106455 ape=0.5954
[17:44:00] warmStart (decay=exponential) 51% (616/1189) regret=0.106523 ape=0.5954
[17:44:00] warmStart (decay=exponential) 51% (617/1189) regret=0.106238 ape=0.5954
[17:44:00] warmStart (decay=exponential) 51% (618/1189) regret=0.106307 ape=0.5954
[17:44:00] warmStart (decay=exponential) 52% (619/1189) regret=0.106201 ape=0.5954
[17:44:01] warmStart (decay=exponential) 52% (620/1189) regret=0.106201 ape=0.5954
[17:44:01] warmStart (decay=exponential) 52% (621/1189) regret=0.106201 ape=0.5954
[17:44:01] warmStart (decay=exponential) 52% (622/1189) regret=0.106865 ape=0.5963
[17:44:01] warmStart (decay=exponential) 52% (623/1189) regret=0.106865 ape=0.5963
[17:44:01] warmStart (decay=exponential) 52% (624/1189) regret=0.106201 ape=0.5954
[17:44:01] warmStart (decay=exponential) 52% (625/1189) regret=0.106201 ape=0.5954
[17:44:02] warmStart (decay=exponential) 52% (626/1189) regret=0.106201 ape=0.5954
[17:44:02] warmStart (decay=exponential) 52% (627/1189) regret=0.106229 ape=0.5963
[17:44:02] warmStart (decay=exponential) 52% (628/1189) regret=0.106211 ape=0.5963
[17:44:02] warmStart (decay=exponential) 52% (629/1189) regret=0.106211 ape=0.5963
[17:44:02] warmStart (decay=exponential) 52% (630/1189) regret=0.106589 ape=0.5972
[17:44:02] warmStart (decay=exponential) 53% (631/1189) regret=0.106211 ape=0.5963
[17:44:03] warmStart (decay=exponential) 53% (632/1189) regret=0.106211 ape=0.5963
[17:44:03] warmStart (decay=exponential) 53% (633/1189) regret=0.106201 ape=0.5963
[17:44:03] warmStart (decay=exponential) 53% (634/1189) regret=0.106165 ape=0.5963
[17:44:03] warmStart (decay=exponential) 53% (635/1189) regret=0.106165 ape=0.5963
[17:44:03] warmStart (decay=exponential) 53% (636/1189) regret=0.106165 ape=0.5963
[17:44:03] warmStart (decay=exponential) 53% (637/1189) regret=0.106165 ape=0.5963
[17:44:04] warmStart (decay=exponential) 53% (638/1189) regret=0.106165 ape=0.5963
[17:44:04] warmStart (decay=exponential) 53% (639/1189) regret=0.106165 ape=0.5963
[17:44:04] warmStart (decay=exponential) 53% (640/1189) regret=0.106171 ape=0.5963
[17:44:04] warmStart (decay=exponential) 53% (641/1189) regret=0.106165 ape=0.5963
[17:44:04] warmStart (decay=exponential) 53% (642/1189) regret=0.106171 ape=0.5963
[17:44:04] warmStart (decay=exponential) 54% (643/1189) regret=0.106165 ape=0.5963
[17:44:04] warmStart (decay=exponential) 54% (644/1189) regret=0.106165 ape=0.5963
[17:44:05] warmStart (decay=exponential) 54% (645/1189) regret=0.106165 ape=0.5963
[17:44:05] warmStart (decay=exponential) 54% (646/1189) regret=0.106165 ape=0.5963
[17:44:05] warmStart (decay=exponential) 54% (647/1189) regret=0.106165 ape=0.5963
[17:44:05] warmStart (decay=exponential) 54% (648/1189) regret=0.106165 ape=0.5963
[17:44:05] warmStart (decay=exponential) 54% (649/1189) regret=0.106162 ape=0.5954
[17:44:05] warmStart (decay=exponential) 54% (650/1189) regret=0.106165 ape=0.5963
[17:44:06] warmStart (decay=exponential) 54% (651/1189) regret=0.106165 ape=0.5963
[17:44:06] warmStart (decay=exponential) 54% (652/1189) regret=0.106165 ape=0.5963
[17:44:06] warmStart (decay=exponential) 54% (653/1189) regret=0.106165 ape=0.5963
[17:44:06] warmStart (decay=exponential) 55% (654/1189) regret=0.106165 ape=0.5963
[17:44:06] warmStart (decay=exponential) 55% (655/1189) regret=0.106165 ape=0.5963
[17:44:06] warmStart (decay=exponential) 55% (656/1189) regret=0.106165 ape=0.5963
[17:44:06] warmStart (decay=exponential) 55% (657/1189) regret=0.106165 ape=0.5963
[17:44:07] warmStart (decay=exponential) 55% (658/1189) regret=0.106165 ape=0.5963
[17:44:07] warmStart (decay=exponential) 55% (659/1189) regret=0.106165 ape=0.5963
[17:44:07] warmStart (decay=exponential) 55% (660/1189) regret=0.106165 ape=0.5963
[17:44:07] warmStart (decay=exponential) 55% (661/1189) regret=0.106165 ape=0.5963
[17:44:07] warmStart (decay=exponential) 55% (662/1189) regret=0.106165 ape=0.5963
[17:44:07] warmStart (decay=exponential) 55% (663/1189) regret=0.106165 ape=0.5963
[17:44:08] warmStart (decay=exponential) 55% (664/1189) regret=0.106165 ape=0.5963
[17:44:08] warmStart (decay=exponential) 55% (665/1189) regret=0.106165 ape=0.5963
[17:44:08] warmStart (decay=exponential) 56% (666/1189) regret=0.106165 ape=0.5963
[17:44:08] warmStart (decay=exponential) 56% (667/1189) regret=0.106165 ape=0.5963
[17:44:08] warmStart (decay=exponential) 56% (668/1189) regret=0.106165 ape=0.5963
[17:44:08] warmStart (decay=exponential) 56% (669/1189) regret=0.106165 ape=0.5963
[17:44:09] warmStart (decay=exponential) 56% (670/1189) regret=0.106165 ape=0.5963
[17:44:09] warmStart (decay=exponential) 56% (671/1189) regret=0.106165 ape=0.5963
[17:44:09] warmStart (decay=exponential) 56% (672/1189) regret=0.106165 ape=0.5963
[17:44:09] warmStart (decay=exponential) 56% (673/1189) regret=0.106165 ape=0.5963
[17:44:09] warmStart (decay=exponential) 56% (674/1189) regret=0.106165 ape=0.5963
[17:44:09] warmStart (decay=exponential) 56% (675/1189) regret=0.106165 ape=0.5963
[17:44:09] warmStart (decay=exponential) 56% (676/1189) regret=0.106160 ape=0.5963
[17:44:10] warmStart (decay=exponential) 56% (677/1189) regret=0.106160 ape=0.5963
[17:44:10] warmStart (decay=exponential) 57% (678/1189) regret=0.106160 ape=0.5963
[17:44:10] warmStart (decay=exponential) 57% (679/1189) regret=0.106160 ape=0.5963
[17:44:10] warmStart (decay=exponential) 57% (680/1189) regret=0.106160 ape=0.5963
[17:44:10] warmStart (decay=exponential) 57% (681/1189) regret=0.106160 ape=0.5963
[17:44:11] warmStart (decay=exponential) 57% (682/1189) regret=0.106160 ape=0.5963
[17:44:11] warmStart (decay=exponential) 57% (683/1189) regret=0.106160 ape=0.5963
[17:44:11] warmStart (decay=exponential) 57% (684/1189) regret=0.106160 ape=0.5963
[17:44:11] warmStart (decay=exponential) 57% (685/1189) regret=0.106160 ape=0.5963
[17:44:11] warmStart (decay=exponential) 57% (686/1189) regret=0.106160 ape=0.5963
[17:44:11] warmStart (decay=exponential) 57% (687/1189) regret=0.106160 ape=0.5963
[17:44:12] warmStart (decay=exponential) 57% (688/1189) regret=0.106160 ape=0.5963
[17:44:12] warmStart (decay=exponential) 57% (689/1189) regret=0.106160 ape=0.5963
[17:44:12] warmStart (decay=exponential) 58% (690/1189) regret=0.106160 ape=0.5963
[17:44:12] warmStart (decay=exponential) 58% (691/1189) regret=0.106160 ape=0.5963
[17:44:12] warmStart (decay=exponential) 58% (692/1189) regret=0.106160 ape=0.5963
[17:44:12] warmStart (decay=exponential) 58% (693/1189) regret=0.106160 ape=0.5963
[17:44:13] warmStart (decay=exponential) 58% (694/1189) regret=0.106160 ape=0.5963
[17:44:13] warmStart (decay=exponential) 58% (695/1189) regret=0.106151 ape=0.5963
[17:44:13] warmStart (decay=exponential) 58% (696/1189) regret=0.106158 ape=0.5963
[17:44:13] warmStart (decay=exponential) 58% (697/1189) regret=0.106151 ape=0.5963
[17:44:13] warmStart (decay=exponential) 58% (698/1189) regret=0.106158 ape=0.5963
[17:44:13] warmStart (decay=exponential) 58% (699/1189) regret=0.106146 ape=0.5954
[17:44:13] warmStart (decay=exponential) 58% (700/1189) regret=0.106146 ape=0.5954
[17:44:14] warmStart (decay=exponential) 58% (701/1189) regret=0.106146 ape=0.5954
[17:44:14] warmStart (decay=exponential) 59% (702/1189) regret=0.106146 ape=0.5954
[17:44:14] warmStart (decay=exponential) 59% (703/1189) regret=0.106146 ape=0.5954
[17:44:14] warmStart (decay=exponential) 59% (704/1189) regret=0.106146 ape=0.5954
[17:44:14] warmStart (decay=exponential) 59% (705/1189) regret=0.106220 ape=0.5963
[17:44:14] warmStart (decay=exponential) 59% (706/1189) regret=0.106201 ape=0.5963
[17:44:14] warmStart (decay=exponential) 59% (707/1189) regret=0.106201 ape=0.5963
[17:44:15] warmStart (decay=exponential) 59% (708/1189) regret=0.106201 ape=0.5963
[17:44:15] warmStart (decay=exponential) 59% (709/1189) regret=0.106201 ape=0.5963
[17:44:15] warmStart (decay=exponential) 59% (710/1189) regret=0.106201 ape=0.5963
[17:44:15] warmStart (decay=exponential) 59% (711/1189) regret=0.106240 ape=0.5972
[17:44:15] warmStart (decay=exponential) 59% (712/1189) regret=0.106229 ape=0.5972
[17:44:15] warmStart (decay=exponential) 59% (713/1189) regret=0.106220 ape=0.5972
[17:44:16] warmStart (decay=exponential) 60% (714/1189) regret=0.106243 ape=0.5972
[17:44:16] warmStart (decay=exponential) 60% (715/1189) regret=0.106243 ape=0.5972
[17:44:16] warmStart (decay=exponential) 60% (716/1189) regret=0.106243 ape=0.5972
[17:44:16] warmStart (decay=exponential) 60% (717/1189) regret=0.106243 ape=0.5972
[17:44:16] warmStart (decay=exponential) 60% (718/1189) regret=0.106243 ape=0.5972
[17:44:16] warmStart (decay=exponential) 60% (719/1189) regret=0.106243 ape=0.5972
[17:44:17] warmStart (decay=exponential) 60% (720/1189) regret=0.106243 ape=0.5972
[17:44:17] warmStart (decay=exponential) 60% (721/1189) regret=0.106243 ape=0.5972
[17:44:17] warmStart (decay=exponential) 60% (722/1189) regret=0.106229 ape=0.5972
[17:44:17] warmStart (decay=exponential) 60% (723/1189) regret=0.106243 ape=0.5972
[17:44:17] warmStart (decay=exponential) 60% (724/1189) regret=0.106243 ape=0.5972
[17:44:17] warmStart (decay=exponential) 60% (725/1189) regret=0.106243 ape=0.5972
[17:44:18] warmStart (decay=exponential) 61% (726/1189) regret=0.106243 ape=0.5972
[17:44:18] warmStart (decay=exponential) 61% (727/1189) regret=0.106243 ape=0.5972
[17:44:18] warmStart (decay=exponential) 61% (728/1189) regret=0.106229 ape=0.5972
[17:44:18] warmStart (decay=exponential) 61% (729/1189) regret=0.106229 ape=0.5972
[17:44:18] warmStart (decay=exponential) 61% (730/1189) regret=0.106229 ape=0.5972
[17:44:18] warmStart (decay=exponential) 61% (731/1189) regret=0.106220 ape=0.5972
[17:44:19] warmStart (decay=exponential) 61% (732/1189) regret=0.106229 ape=0.5972
[17:44:19] warmStart (decay=exponential) 61% (733/1189) regret=0.106240 ape=0.5972
[17:44:19] warmStart (decay=exponential) 61% (734/1189) regret=0.106240 ape=0.5972
[17:44:19] warmStart (decay=exponential) 61% (735/1189) regret=0.106222 ape=0.5972
[17:44:19] warmStart (decay=exponential) 61% (736/1189) regret=0.106222 ape=0.5972
[17:44:19] warmStart (decay=exponential) 61% (737/1189) regret=0.106222 ape=0.5972
[17:44:19] warmStart (decay=exponential) 62% (738/1189) regret=0.106222 ape=0.5972
[17:44:20] warmStart (decay=exponential) 62% (739/1189) regret=0.106222 ape=0.5972
[17:44:20] warmStart (decay=exponential) 62% (740/1189) regret=0.106222 ape=0.5972
[17:44:20] warmStart (decay=exponential) 62% (741/1189) regret=0.106222 ape=0.5972
[17:44:20] warmStart (decay=exponential) 62% (742/1189) regret=0.106148 ape=0.5963
[17:44:20] warmStart (decay=exponential) 62% (743/1189) regret=0.106231 ape=0.5972
[17:44:20] warmStart (decay=exponential) 62% (744/1189) regret=0.106148 ape=0.5963
[17:44:21] warmStart (decay=exponential) 62% (745/1189) regret=0.106148 ape=0.5963
[17:44:21] warmStart (decay=exponential) 62% (746/1189) regret=0.106231 ape=0.5972
[17:44:21] warmStart (decay=exponential) 62% (747/1189) regret=0.106231 ape=0.5972
[17:44:21] warmStart (decay=exponential) 62% (748/1189) regret=0.106185 ape=0.5972
[17:44:21] warmStart (decay=exponential) 62% (749/1189) regret=0.106231 ape=0.5972
[17:44:21] warmStart (decay=exponential) 63% (750/1189) regret=0.106185 ape=0.5972
[17:44:21] warmStart (decay=exponential) 63% (751/1189) regret=0.106185 ape=0.5972
[17:44:22] warmStart (decay=exponential) 63% (752/1189) regret=0.106849 ape=0.5982
[17:44:22] warmStart (decay=exponential) 63% (753/1189) regret=0.106185 ape=0.5972
[17:44:22] warmStart (decay=exponential) 63% (754/1189) regret=0.106185 ape=0.5972
[17:44:22] warmStart (decay=exponential) 63% (755/1189) regret=0.106185 ape=0.5972
[17:44:22] warmStart (decay=exponential) 63% (756/1189) regret=0.106411 ape=0.5972
[17:44:22] warmStart (decay=exponential) 63% (757/1189) regret=0.106128 ape=0.5972
[17:44:23] warmStart (decay=exponential) 63% (758/1189) regret=0.106128 ape=0.5972
[17:44:23] warmStart (decay=exponential) 63% (759/1189) regret=0.106128 ape=0.5972
[17:44:23] warmStart (decay=exponential) 63% (760/1189) regret=0.106128 ape=0.5972
[17:44:23] warmStart (decay=exponential) 64% (761/1189) regret=0.106128 ape=0.5972
[17:44:23] warmStart (decay=exponential) 64% (762/1189) regret=0.106128 ape=0.5972
[17:44:23] warmStart (decay=exponential) 64% (763/1189) regret=0.106128 ape=0.5972
[17:44:24] warmStart (decay=exponential) 64% (764/1189) regret=0.106128 ape=0.5972
[17:44:24] warmStart (decay=exponential) 64% (765/1189) regret=0.106128 ape=0.5972
[17:44:24] warmStart (decay=exponential) 64% (766/1189) regret=0.106128 ape=0.5972
[17:44:24] warmStart (decay=exponential) 64% (767/1189) regret=0.106128 ape=0.5972
[17:44:24] warmStart (decay=exponential) 64% (768/1189) regret=0.106128 ape=0.5972
[17:44:24] warmStart (decay=exponential) 64% (769/1189) regret=0.106128 ape=0.5972
[17:44:24] warmStart (decay=exponential) 64% (770/1189) regret=0.106128 ape=0.5972
[17:44:25] warmStart (decay=exponential) 64% (771/1189) regret=0.106128 ape=0.5972
[17:44:25] warmStart (decay=exponential) 64% (772/1189) regret=0.106128 ape=0.5972
[17:44:25] warmStart (decay=exponential) 65% (773/1189) regret=0.106128 ape=0.5972
[17:44:25] warmStart (decay=exponential) 65% (774/1189) regret=0.106128 ape=0.5972
[17:44:25] warmStart (decay=exponential) 65% (775/1189) regret=0.106128 ape=0.5972
[17:44:25] warmStart (decay=exponential) 65% (776/1189) regret=0.106128 ape=0.5972
[17:44:26] warmStart (decay=exponential) 65% (777/1189) regret=0.106128 ape=0.5972
[17:44:26] warmStart (decay=exponential) 65% (778/1189) regret=0.106128 ape=0.5972
[17:44:26] warmStart (decay=exponential) 65% (779/1189) regret=0.106128 ape=0.5972
[17:44:26] warmStart (decay=exponential) 65% (780/1189) regret=0.106128 ape=0.5972
[17:44:26] warmStart (decay=exponential) 65% (781/1189) regret=0.106128 ape=0.5972
[17:44:27] warmStart (decay=exponential) 65% (782/1189) regret=0.106128 ape=0.5972
[17:44:27] warmStart (decay=exponential) 65% (783/1189) regret=0.106128 ape=0.5972
[17:44:27] warmStart (decay=exponential) 65% (784/1189) regret=0.106128 ape=0.5972
[17:44:27] warmStart (decay=exponential) 66% (785/1189) regret=0.106128 ape=0.5972
[17:44:27] warmStart (decay=exponential) 66% (786/1189) regret=0.106128 ape=0.5972
[17:44:27] warmStart (decay=exponential) 66% (787/1189) regret=0.106128 ape=0.5972
[17:44:28] warmStart (decay=exponential) 66% (788/1189) regret=0.106128 ape=0.5972
[17:44:28] warmStart (decay=exponential) 66% (789/1189) regret=0.106128 ape=0.5972
[17:44:28] warmStart (decay=exponential) 66% (790/1189) regret=0.106128 ape=0.5972
[17:44:28] warmStart (decay=exponential) 66% (791/1189) regret=0.106128 ape=0.5972
[17:44:28] warmStart (decay=exponential) 66% (792/1189) regret=0.106128 ape=0.5972
[17:44:28] warmStart (decay=exponential) 66% (793/1189) regret=0.106128 ape=0.5972
[17:44:29] warmStart (decay=exponential) 66% (794/1189) regret=0.106128 ape=0.5972
[17:44:29] warmStart (decay=exponential) 66% (795/1189) regret=0.106128 ape=0.5972
[17:44:29] warmStart (decay=exponential) 66% (796/1189) regret=0.106128 ape=0.5972
[17:44:29] warmStart (decay=exponential) 67% (797/1189) regret=0.106128 ape=0.5972
[17:44:29] warmStart (decay=exponential) 67% (798/1189) regret=0.106128 ape=0.5972
[17:44:30] warmStart (decay=exponential) 67% (799/1189) regret=0.106128 ape=0.5972
[17:44:30] warmStart (decay=exponential) 67% (800/1189) regret=0.106128 ape=0.5972
[17:44:30] warmStart (decay=exponential) 67% (801/1189) regret=0.106128 ape=0.5972
[17:44:30] warmStart (decay=exponential) 67% (802/1189) regret=0.106128 ape=0.5972
[17:44:30] warmStart (decay=exponential) 67% (803/1189) regret=0.106128 ape=0.5972
[17:44:30] warmStart (decay=exponential) 67% (804/1189) regret=0.106128 ape=0.5972
[17:44:31] warmStart (decay=exponential) 67% (805/1189) regret=0.106128 ape=0.5972
[17:44:31] warmStart (decay=exponential) 67% (806/1189) regret=0.106128 ape=0.5972
[17:44:31] warmStart (decay=exponential) 67% (807/1189) regret=0.106128 ape=0.5972
[17:44:31] warmStart (decay=exponential) 67% (808/1189) regret=0.106128 ape=0.5972
[17:44:31] warmStart (decay=exponential) 68% (809/1189) regret=0.106128 ape=0.5972
[17:44:31] warmStart (decay=exponential) 68% (810/1189) regret=0.106139 ape=0.5972
[17:44:32] warmStart (decay=exponential) 68% (811/1189) regret=0.106122 ape=0.5963
[17:44:32] warmStart (decay=exponential) 68% (812/1189) regret=0.106122 ape=0.5963
[17:44:32] warmStart (decay=exponential) 68% (813/1189) regret=0.106128 ape=0.5972
[17:44:32] warmStart (decay=exponential) 68% (814/1189) regret=0.106140 ape=0.5972
[17:44:32] warmStart (decay=exponential) 68% (815/1189) regret=0.106128 ape=0.5972
[17:44:32] warmStart (decay=exponential) 68% (816/1189) regret=0.106128 ape=0.5972
[17:44:33] warmStart (decay=exponential) 68% (817/1189) regret=0.106128 ape=0.5972
[17:44:33] warmStart (decay=exponential) 68% (818/1189) regret=0.106128 ape=0.5972
[17:44:33] warmStart (decay=exponential) 68% (819/1189) regret=0.106128 ape=0.5972
[17:44:33] warmStart (decay=exponential) 68% (820/1189) regret=0.106128 ape=0.5972
[17:44:33] warmStart (decay=exponential) 69% (821/1189) regret=0.106128 ape=0.5972
[17:44:34] warmStart (decay=exponential) 69% (822/1189) regret=0.106128 ape=0.5972
[17:44:34] warmStart (decay=exponential) 69% (823/1189) regret=0.106128 ape=0.5972
[17:44:34] warmStart (decay=exponential) 69% (824/1189) regret=0.106128 ape=0.5972
[17:44:34] warmStart (decay=exponential) 69% (825/1189) regret=0.106122 ape=0.5963
[17:44:34] warmStart (decay=exponential) 69% (826/1189) regret=0.106118 ape=0.5963
[17:44:34] warmStart (decay=exponential) 69% (827/1189) regret=0.106118 ape=0.5963
[17:44:34] warmStart (decay=exponential) 69% (828/1189) regret=0.106118 ape=0.5963
[17:44:35] warmStart (decay=exponential) 69% (829/1189) regret=0.106118 ape=0.5963
[17:44:35] warmStart (decay=exponential) 69% (830/1189) regret=0.106118 ape=0.5963
[17:44:35] warmStart (decay=exponential) 69% (831/1189) regret=0.106118 ape=0.5963
[17:44:35] warmStart (decay=exponential) 69% (832/1189) regret=0.106118 ape=0.5963
[17:44:35] warmStart (decay=exponential) 70% (833/1189) regret=0.106118 ape=0.5963
[17:44:35] warmStart (decay=exponential) 70% (834/1189) regret=0.106118 ape=0.5963
[17:44:35] warmStart (decay=exponential) 70% (835/1189) regret=0.106118 ape=0.5963
[17:44:36] warmStart (decay=exponential) 70% (836/1189) regret=0.106117 ape=0.5954
[17:44:36] warmStart (decay=exponential) 70% (837/1189) regret=0.106118 ape=0.5963
[17:44:36] warmStart (decay=exponential) 70% (838/1189) regret=0.106118 ape=0.5963
[17:44:36] warmStart (decay=exponential) 70% (839/1189) regret=0.106117 ape=0.5954
[17:44:36] warmStart (decay=exponential) 70% (840/1189) regret=0.106118 ape=0.5963
[17:44:36] warmStart (decay=exponential) 70% (841/1189) regret=0.106117 ape=0.5954
[17:44:37] warmStart (decay=exponential) 70% (842/1189) regret=0.106118 ape=0.5963
[17:44:37] warmStart (decay=exponential) 70% (843/1189) regret=0.106118 ape=0.5963
[17:44:37] warmStart (decay=exponential) 70% (844/1189) regret=0.106154 ape=0.5972
[17:44:37] warmStart (decay=exponential) 71% (845/1189) regret=0.106154 ape=0.5972
[17:44:37] warmStart (decay=exponential) 71% (846/1189) regret=0.106154 ape=0.5972
[17:44:37] warmStart (decay=exponential) 71% (847/1189) regret=0.106136 ape=0.5972
[17:44:37] warmStart (decay=exponential) 71% (848/1189) regret=0.106136 ape=0.5972
[17:44:38] warmStart (decay=exponential) 71% (849/1189) regret=0.106136 ape=0.5972
[17:44:38] warmStart (decay=exponential) 71% (850/1189) regret=0.106136 ape=0.5972
[17:44:38] warmStart (decay=exponential) 71% (851/1189) regret=0.106136 ape=0.5972
[17:44:38] warmStart (decay=exponential) 71% (852/1189) regret=0.106136 ape=0.5972
[17:44:38] warmStart (decay=exponential) 71% (853/1189) regret=0.106136 ape=0.5972
[17:44:38] warmStart (decay=exponential) 71% (854/1189) regret=0.106136 ape=0.5972
[17:44:38] warmStart (decay=exponential) 71% (855/1189) regret=0.106139 ape=0.5972
[17:44:39] warmStart (decay=exponential) 71% (856/1189) regret=0.106139 ape=0.5972
[17:44:39] warmStart (decay=exponential) 72% (857/1189) regret=0.106139 ape=0.5972
[17:44:39] warmStart (decay=exponential) 72% (858/1189) regret=0.106139 ape=0.5972
[17:44:39] warmStart (decay=exponential) 72% (859/1189) regret=0.106139 ape=0.5972
[17:44:39] warmStart (decay=exponential) 72% (860/1189) regret=0.106139 ape=0.5972
[17:44:39] warmStart (decay=exponential) 72% (861/1189) regret=0.106139 ape=0.5972
[17:44:39] warmStart (decay=exponential) 72% (862/1189) regret=0.106139 ape=0.5972
[17:44:40] warmStart (decay=exponential) 72% (863/1189) regret=0.106139 ape=0.5972
[17:44:40] warmStart (decay=exponential) 72% (864/1189) regret=0.106139 ape=0.5972
[17:44:40] warmStart (decay=exponential) 72% (865/1189) regret=0.106139 ape=0.5972
[17:44:40] warmStart (decay=exponential) 72% (866/1189) regret=0.106139 ape=0.5972
[17:44:40] warmStart (decay=exponential) 72% (867/1189) regret=0.106139 ape=0.5972
[17:44:40] warmStart (decay=exponential) 73% (868/1189) regret=0.106139 ape=0.5972
[17:44:41] warmStart (decay=exponential) 73% (869/1189) regret=0.106139 ape=0.5972
[17:44:41] warmStart (decay=exponential) 73% (870/1189) regret=0.106139 ape=0.5972
[17:44:41] warmStart (decay=exponential) 73% (871/1189) regret=0.106139 ape=0.5972
[17:44:41] warmStart (decay=exponential) 73% (872/1189) regret=0.106139 ape=0.5972
[17:44:41] warmStart (decay=exponential) 73% (873/1189) regret=0.106139 ape=0.5972
[17:44:41] warmStart (decay=exponential) 73% (874/1189) regret=0.106139 ape=0.5972
[17:44:42] warmStart (decay=exponential) 73% (875/1189) regret=0.106139 ape=0.5972
[17:44:42] warmStart (decay=exponential) 73% (876/1189) regret=0.106139 ape=0.5972
[17:44:42] warmStart (decay=exponential) 73% (877/1189) regret=0.106139 ape=0.5972
[17:44:42] warmStart (decay=exponential) 73% (878/1189) regret=0.106139 ape=0.5972
[17:44:42] warmStart (decay=exponential) 73% (879/1189) regret=0.106139 ape=0.5972
[17:44:42] warmStart (decay=exponential) 74% (880/1189) regret=0.106139 ape=0.5972
[17:44:43] warmStart (decay=exponential) 74% (881/1189) regret=0.106139 ape=0.5972
[17:44:43] warmStart (decay=exponential) 74% (882/1189) regret=0.106139 ape=0.5972
[17:44:43] warmStart (decay=exponential) 74% (883/1189) regret=0.106139 ape=0.5972
[17:44:43] warmStart (decay=exponential) 74% (884/1189) regret=0.106139 ape=0.5972
[17:44:43] warmStart (decay=exponential) 74% (885/1189) regret=0.106139 ape=0.5972
[17:44:43] warmStart (decay=exponential) 74% (886/1189) regret=0.106139 ape=0.5972
[17:44:43] warmStart (decay=exponential) 74% (887/1189) regret=0.106139 ape=0.5972
[17:44:44] warmStart (decay=exponential) 74% (888/1189) regret=0.106139 ape=0.5972
[17:44:44] warmStart (decay=exponential) 74% (889/1189) regret=0.106139 ape=0.5972
[17:44:44] warmStart (decay=exponential) 74% (890/1189) regret=0.106139 ape=0.5972
[17:44:44] warmStart (decay=exponential) 74% (891/1189) regret=0.106139 ape=0.5972
[17:44:44] warmStart (decay=exponential) 75% (892/1189) regret=0.106139 ape=0.5972
[17:44:44] warmStart (decay=exponential) 75% (893/1189) regret=0.106139 ape=0.5972
[17:44:45] warmStart (decay=exponential) 75% (894/1189) regret=0.106139 ape=0.5972
[17:44:45] warmStart (decay=exponential) 75% (895/1189) regret=0.106139 ape=0.5972
[17:44:45] warmStart (decay=exponential) 75% (896/1189) regret=0.106139 ape=0.5972
[17:44:45] warmStart (decay=exponential) 75% (897/1189) regret=0.106139 ape=0.5972
[17:44:45] warmStart (decay=exponential) 75% (898/1189) regret=0.106139 ape=0.5972
[17:44:45] warmStart (decay=exponential) 75% (899/1189) regret=0.106139 ape=0.5972
[17:44:46] warmStart (decay=exponential) 75% (900/1189) regret=0.106139 ape=0.5972
[17:44:46] warmStart (decay=exponential) 75% (901/1189) regret=0.106139 ape=0.5972
[17:44:46] warmStart (decay=exponential) 75% (902/1189) regret=0.106139 ape=0.5972
[17:44:46] warmStart (decay=exponential) 75% (903/1189) regret=0.106139 ape=0.5972
[17:44:46] warmStart (decay=exponential) 76% (904/1189) regret=0.106139 ape=0.5972
[17:44:46] warmStart (decay=exponential) 76% (905/1189) regret=0.106139 ape=0.5972
[17:44:47] warmStart (decay=exponential) 76% (906/1189) regret=0.106139 ape=0.5972
[17:44:47] warmStart (decay=exponential) 76% (907/1189) regret=0.106139 ape=0.5972
[17:44:47] warmStart (decay=exponential) 76% (908/1189) regret=0.106130 ape=0.5972
[17:44:47] warmStart (decay=exponential) 76% (909/1189) regret=0.105968 ape=0.5972
[17:44:47] warmStart (decay=exponential) 76% (910/1189) regret=0.105973 ape=0.5972
[17:44:47] warmStart (decay=exponential) 76% (911/1189) regret=0.105973 ape=0.5972
[17:44:48] warmStart (decay=exponential) 76% (912/1189) regret=0.105973 ape=0.5972
[17:44:48] warmStart (decay=exponential) 76% (913/1189) regret=0.105973 ape=0.5972
[17:44:48] warmStart (decay=exponential) 76% (914/1189) regret=0.105973 ape=0.5972
[17:44:48] warmStart (decay=exponential) 76% (915/1189) regret=0.105973 ape=0.5972
[17:44:48] warmStart (decay=exponential) 77% (916/1189) regret=0.105973 ape=0.5972
[17:44:48] warmStart (decay=exponential) 77% (917/1189) regret=0.105973 ape=0.5972
[17:44:49] warmStart (decay=exponential) 77% (918/1189) regret=0.105973 ape=0.5972
[17:44:49] warmStart (decay=exponential) 77% (919/1189) regret=0.105972 ape=0.5972
[17:44:49] warmStart (decay=exponential) 77% (920/1189) regret=0.105972 ape=0.5972
[17:44:49] warmStart (decay=exponential) 77% (921/1189) regret=0.105972 ape=0.5972
[17:44:49] warmStart (decay=exponential) 77% (922/1189) regret=0.105972 ape=0.5972
[17:44:49] warmStart (decay=exponential) 77% (923/1189) regret=0.105972 ape=0.5972
[17:44:49] warmStart (decay=exponential) 77% (924/1189) regret=0.105972 ape=0.5972
[17:44:50] warmStart (decay=exponential) 77% (925/1189) regret=0.105972 ape=0.5972
[17:44:50] warmStart (decay=exponential) 77% (926/1189) regret=0.105972 ape=0.5972
[17:44:50] warmStart (decay=exponential) 77% (927/1189) regret=0.105972 ape=0.5972
[17:44:50] warmStart (decay=exponential) 78% (928/1189) regret=0.105972 ape=0.5972
[17:44:50] warmStart (decay=exponential) 78% (929/1189) regret=0.105972 ape=0.5972
[17:44:50] warmStart (decay=exponential) 78% (930/1189) regret=0.105972 ape=0.5972
[17:44:50] warmStart (decay=exponential) 78% (931/1189) regret=0.105972 ape=0.5972
[17:44:51] warmStart (decay=exponential) 78% (932/1189) regret=0.105972 ape=0.5972
[17:44:51] warmStart (decay=exponential) 78% (933/1189) regret=0.105972 ape=0.5972
[17:44:51] warmStart (decay=exponential) 78% (934/1189) regret=0.105972 ape=0.5972
[17:44:51] warmStart (decay=exponential) 78% (935/1189) regret=0.105972 ape=0.5972
[17:44:51] warmStart (decay=exponential) 78% (936/1189) regret=0.105972 ape=0.5972
[17:44:51] warmStart (decay=exponential) 78% (937/1189) regret=0.105972 ape=0.5972
[17:44:52] warmStart (decay=exponential) 78% (938/1189) regret=0.105972 ape=0.5972
[17:44:52] warmStart (decay=exponential) 78% (939/1189) regret=0.105972 ape=0.5972
[17:44:52] warmStart (decay=exponential) 79% (940/1189) regret=0.105972 ape=0.5972
[17:44:52] warmStart (decay=exponential) 79% (941/1189) regret=0.105972 ape=0.5972
[17:44:52] warmStart (decay=exponential) 79% (942/1189) regret=0.105972 ape=0.5972
[17:44:52] warmStart (decay=exponential) 79% (943/1189) regret=0.105972 ape=0.5972
[17:44:52] warmStart (decay=exponential) 79% (944/1189) regret=0.105972 ape=0.5972
[17:44:53] warmStart (decay=exponential) 79% (945/1189) regret=0.105972 ape=0.5972
[17:44:53] warmStart (decay=exponential) 79% (946/1189) regret=0.105972 ape=0.5972
[17:44:53] warmStart (decay=exponential) 79% (947/1189) regret=0.105972 ape=0.5972
[17:44:53] warmStart (decay=exponential) 79% (948/1189) regret=0.105972 ape=0.5972
[17:44:53] warmStart (decay=exponential) 79% (949/1189) regret=0.105972 ape=0.5972
[17:44:53] warmStart (decay=exponential) 79% (950/1189) regret=0.105972 ape=0.5972
[17:44:54] warmStart (decay=exponential) 79% (951/1189) regret=0.105972 ape=0.5972
[17:44:54] warmStart (decay=exponential) 80% (952/1189) regret=0.105972 ape=0.5972
[17:44:54] warmStart (decay=exponential) 80% (953/1189) regret=0.105972 ape=0.5972
[17:44:54] warmStart (decay=exponential) 80% (954/1189) regret=0.105972 ape=0.5972
[17:44:54] warmStart (decay=exponential) 80% (955/1189) regret=0.105972 ape=0.5972
[17:44:54] warmStart (decay=exponential) 80% (956/1189) regret=0.105972 ape=0.5972
[17:44:55] warmStart (decay=exponential) 80% (957/1189) regret=0.105972 ape=0.5972
[17:44:55] warmStart (decay=exponential) 80% (958/1189) regret=0.105972 ape=0.5972
[17:44:55] warmStart (decay=exponential) 80% (959/1189) regret=0.105972 ape=0.5972
[17:44:55] warmStart (decay=exponential) 80% (960/1189) regret=0.105972 ape=0.5972
[17:44:55] warmStart (decay=exponential) 80% (961/1189) regret=0.105972 ape=0.5972
[17:44:55] warmStart (decay=exponential) 80% (962/1189) regret=0.105972 ape=0.5972
[17:44:55] warmStart (decay=exponential) 80% (963/1189) regret=0.105972 ape=0.5972
[17:44:56] warmStart (decay=exponential) 81% (964/1189) regret=0.105972 ape=0.5972
[17:44:56] warmStart (decay=exponential) 81% (965/1189) regret=0.105972 ape=0.5972
[17:44:56] warmStart (decay=exponential) 81% (966/1189) regret=0.105972 ape=0.5972
[17:44:56] warmStart (decay=exponential) 81% (967/1189) regret=0.105972 ape=0.5972
[17:44:56] warmStart (decay=exponential) 81% (968/1189) regret=0.105972 ape=0.5972
[17:44:56] warmStart (decay=exponential) 81% (969/1189) regret=0.105972 ape=0.5972
[17:44:57] warmStart (decay=exponential) 81% (970/1189) regret=0.105972 ape=0.5972
[17:44:57] warmStart (decay=exponential) 81% (971/1189) regret=0.105972 ape=0.5972
[17:44:57] warmStart (decay=exponential) 81% (972/1189) regret=0.105972 ape=0.5972
[17:44:57] warmStart (decay=exponential) 81% (973/1189) regret=0.105972 ape=0.5972
[17:44:57] warmStart (decay=exponential) 81% (974/1189) regret=0.105972 ape=0.5972
[17:44:57] warmStart (decay=exponential) 82% (975/1189) regret=0.105972 ape=0.5972
[17:44:57] warmStart (decay=exponential) 82% (976/1189) regret=0.105972 ape=0.5972
[17:44:58] warmStart (decay=exponential) 82% (977/1189) regret=0.105972 ape=0.5972
[17:44:58] warmStart (decay=exponential) 82% (978/1189) regret=0.105972 ape=0.5972
[17:44:58] warmStart (decay=exponential) 82% (979/1189) regret=0.105972 ape=0.5972
[17:44:58] warmStart (decay=exponential) 82% (980/1189) regret=0.105972 ape=0.5972
[17:44:58] warmStart (decay=exponential) 82% (981/1189) regret=0.105972 ape=0.5972
[17:44:58] warmStart (decay=exponential) 82% (982/1189) regret=0.105972 ape=0.5972
[17:44:58] warmStart (decay=exponential) 82% (983/1189) regret=0.105972 ape=0.5972
[17:44:59] warmStart (decay=exponential) 82% (984/1189) regret=0.105972 ape=0.5972
[17:44:59] warmStart (decay=exponential) 82% (985/1189) regret=0.105972 ape=0.5972
[17:44:59] warmStart (decay=exponential) 82% (986/1189) regret=0.105972 ape=0.5972
[17:44:59] warmStart (decay=exponential) 83% (987/1189) regret=0.105972 ape=0.5972
[17:44:59] warmStart (decay=exponential) 83% (988/1189) regret=0.105972 ape=0.5972
[17:44:59] warmStart (decay=exponential) 83% (989/1189) regret=0.105972 ape=0.5972
[17:44:59] warmStart (decay=exponential) 83% (990/1189) regret=0.105972 ape=0.5972
[17:45:00] warmStart (decay=exponential) 83% (991/1189) regret=0.105972 ape=0.5972
[17:45:00] warmStart (decay=exponential) 83% (992/1189) regret=0.105972 ape=0.5972
[17:45:00] warmStart (decay=exponential) 83% (993/1189) regret=0.105972 ape=0.5972
[17:45:00] warmStart (decay=exponential) 83% (994/1189) regret=0.105972 ape=0.5972
[17:45:00] warmStart (decay=exponential) 83% (995/1189) regret=0.105993 ape=0.5972
[17:45:00] warmStart (decay=exponential) 83% (996/1189) regret=0.105977 ape=0.5972
[17:45:00] warmStart (decay=exponential) 83% (997/1189) regret=0.105993 ape=0.5972
[17:45:01] warmStart (decay=exponential) 83% (998/1189) regret=0.105993 ape=0.5972
[17:45:01] warmStart (decay=exponential) 84% (999/1189) regret=0.105993 ape=0.5972
[17:45:01] warmStart (decay=exponential) 84% (1000/1189) regret=0.105993 ape=0.5972
[17:45:01] warmStart (decay=exponential) 84% (1001/1189) regret=0.105993 ape=0.5972
[17:45:01] warmStart (decay=exponential) 84% (1002/1189) regret=0.105993 ape=0.5972
[17:45:01] warmStart (decay=exponential) 84% (1003/1189) regret=0.105993 ape=0.5972
[17:45:02] warmStart (decay=exponential) 84% (1004/1189) regret=0.105993 ape=0.5972
[17:45:02] warmStart (decay=exponential) 84% (1005/1189) regret=0.105993 ape=0.5972
[17:45:02] warmStart (decay=exponential) 84% (1006/1189) regret=0.105993 ape=0.5972
[17:45:02] warmStart (decay=exponential) 84% (1007/1189) regret=0.105993 ape=0.5972
[17:45:02] warmStart (decay=exponential) 84% (1008/1189) regret=0.105993 ape=0.5972
[17:45:02] warmStart (decay=exponential) 84% (1009/1189) regret=0.105993 ape=0.5972
[17:45:02] warmStart (decay=exponential) 84% (1010/1189) regret=0.105993 ape=0.5972
[17:45:03] warmStart (decay=exponential) 85% (1011/1189) regret=0.105993 ape=0.5972
[17:45:03] warmStart (decay=exponential) 85% (1012/1189) regret=0.105993 ape=0.5972
[17:45:03] warmStart (decay=exponential) 85% (1013/1189) regret=0.105993 ape=0.5972
[17:45:03] warmStart (decay=exponential) 85% (1014/1189) regret=0.105993 ape=0.5972
[17:45:03] warmStart (decay=exponential) 85% (1015/1189) regret=0.105993 ape=0.5972
[17:45:03] warmStart (decay=exponential) 85% (1016/1189) regret=0.105993 ape=0.5972
[17:45:03] warmStart (decay=exponential) 85% (1017/1189) regret=0.105972 ape=0.5972
[17:45:04] warmStart (decay=exponential) 85% (1018/1189) regret=0.105999 ape=0.5982
[17:45:04] warmStart (decay=exponential) 85% (1019/1189) regret=0.105999 ape=0.5982
[17:45:04] warmStart (decay=exponential) 85% (1020/1189) regret=0.105999 ape=0.5982
[17:45:04] warmStart (decay=exponential) 85% (1021/1189) regret=0.105999 ape=0.5982
[17:45:04] warmStart (decay=exponential) 85% (1022/1189) regret=0.105999 ape=0.5982
[17:45:04] warmStart (decay=exponential) 86% (1023/1189) regret=0.105999 ape=0.5982
[17:45:05] warmStart (decay=exponential) 86% (1024/1189) regret=0.105999 ape=0.5982
[17:45:05] warmStart (decay=exponential) 86% (1025/1189) regret=0.105999 ape=0.5982
[17:45:05] warmStart (decay=exponential) 86% (1026/1189) regret=0.105999 ape=0.5982
[17:45:05] warmStart (decay=exponential) 86% (1027/1189) regret=0.105999 ape=0.5982
[17:45:05] warmStart (decay=exponential) 86% (1028/1189) regret=0.105999 ape=0.5982
[17:45:05] warmStart (decay=exponential) 86% (1029/1189) regret=0.105999 ape=0.5982
[17:45:06] warmStart (decay=exponential) 86% (1030/1189) regret=0.105999 ape=0.5982
[17:45:06] warmStart (decay=exponential) 86% (1031/1189) regret=0.105999 ape=0.5982
[17:45:06] warmStart (decay=exponential) 86% (1032/1189) regret=0.105999 ape=0.5982
[17:45:06] warmStart (decay=exponential) 86% (1033/1189) regret=0.105999 ape=0.5982
[17:45:06] warmStart (decay=exponential) 86% (1034/1189) regret=0.105999 ape=0.5982
[17:45:06] warmStart (decay=exponential) 87% (1035/1189) regret=0.105999 ape=0.5982
[17:45:06] warmStart (decay=exponential) 87% (1036/1189) regret=0.105999 ape=0.5982
[17:45:07] warmStart (decay=exponential) 87% (1037/1189) regret=0.105999 ape=0.5982
[17:45:07] warmStart (decay=exponential) 87% (1038/1189) regret=0.105999 ape=0.5982
[17:45:07] warmStart (decay=exponential) 87% (1039/1189) regret=0.105999 ape=0.5982
[17:45:07] warmStart (decay=exponential) 87% (1040/1189) regret=0.105999 ape=0.5982
[17:45:07] warmStart (decay=exponential) 87% (1041/1189) regret=0.105999 ape=0.5982
[17:45:07] warmStart (decay=exponential) 87% (1042/1189) regret=0.105999 ape=0.5982
[17:45:08] warmStart (decay=exponential) 87% (1043/1189) regret=0.105999 ape=0.5982
[17:45:08] warmStart (decay=exponential) 87% (1044/1189) regret=0.105999 ape=0.5982
[17:45:08] warmStart (decay=exponential) 87% (1045/1189) regret=0.105999 ape=0.5982
[17:45:08] warmStart (decay=exponential) 87% (1046/1189) regret=0.105999 ape=0.5982
[17:45:08] warmStart (decay=exponential) 88% (1047/1189) regret=0.105999 ape=0.5982
[17:45:08] warmStart (decay=exponential) 88% (1048/1189) regret=0.105999 ape=0.5982
[17:45:08] warmStart (decay=exponential) 88% (1049/1189) regret=0.105999 ape=0.5982
[17:45:09] warmStart (decay=exponential) 88% (1050/1189) regret=0.105999 ape=0.5982
[17:45:09] warmStart (decay=exponential) 88% (1051/1189) regret=0.105999 ape=0.5982
[17:45:09] warmStart (decay=exponential) 88% (1052/1189) regret=0.105999 ape=0.5982
[17:45:09] warmStart (decay=exponential) 88% (1053/1189) regret=0.105999 ape=0.5982
[17:45:09] warmStart (decay=exponential) 88% (1054/1189) regret=0.105999 ape=0.5982
[17:45:09] warmStart (decay=exponential) 88% (1055/1189) regret=0.105999 ape=0.5982
[17:45:10] warmStart (decay=exponential) 88% (1056/1189) regret=0.105999 ape=0.5982
[17:45:10] warmStart (decay=exponential) 88% (1057/1189) regret=0.105999 ape=0.5982
[17:45:10] warmStart (decay=exponential) 88% (1058/1189) regret=0.105999 ape=0.5982
[17:45:10] warmStart (decay=exponential) 89% (1059/1189) regret=0.105999 ape=0.5982
[17:45:10] warmStart (decay=exponential) 89% (1060/1189) regret=0.105999 ape=0.5982
[17:45:10] warmStart (decay=exponential) 89% (1061/1189) regret=0.105999 ape=0.5982
[17:45:10] warmStart (decay=exponential) 89% (1062/1189) regret=0.105999 ape=0.5982
[17:45:11] warmStart (decay=exponential) 89% (1063/1189) regret=0.105999 ape=0.5982
[17:45:11] warmStart (decay=exponential) 89% (1064/1189) regret=0.105999 ape=0.5982
[17:45:11] warmStart (decay=exponential) 89% (1065/1189) regret=0.105999 ape=0.5982
[17:45:11] warmStart (decay=exponential) 89% (1066/1189) regret=0.105999 ape=0.5982
[17:45:11] warmStart (decay=exponential) 89% (1067/1189) regret=0.105999 ape=0.5982
[17:45:11] warmStart (decay=exponential) 89% (1068/1189) regret=0.105999 ape=0.5982
[17:45:12] warmStart (decay=exponential) 89% (1069/1189) regret=0.105999 ape=0.5982
[17:45:12] warmStart (decay=exponential) 89% (1070/1189) regret=0.105999 ape=0.5982
[17:45:12] warmStart (decay=exponential) 90% (1071/1189) regret=0.105999 ape=0.5982
[17:45:12] warmStart (decay=exponential) 90% (1072/1189) regret=0.105999 ape=0.5982
[17:45:12] warmStart (decay=exponential) 90% (1073/1189) regret=0.105999 ape=0.5982
[17:45:12] warmStart (decay=exponential) 90% (1074/1189) regret=0.105999 ape=0.5982
[17:45:13] warmStart (decay=exponential) 90% (1075/1189) regret=0.105999 ape=0.5982
[17:45:13] warmStart (decay=exponential) 90% (1076/1189) regret=0.105999 ape=0.5982
[17:45:13] warmStart (decay=exponential) 90% (1077/1189) regret=0.105999 ape=0.5982
[17:45:13] warmStart (decay=exponential) 90% (1078/1189) regret=0.105999 ape=0.5982
[17:45:13] warmStart (decay=exponential) 90% (1079/1189) regret=0.105999 ape=0.5982
[17:45:13] warmStart (decay=exponential) 90% (1080/1189) regret=0.105999 ape=0.5982
[17:45:13] warmStart (decay=exponential) 90% (1081/1189) regret=0.105999 ape=0.5982
[17:45:14] warmStart (decay=exponential) 91% (1082/1189) regret=0.105999 ape=0.5982
[17:45:14] warmStart (decay=exponential) 91% (1083/1189) regret=0.105999 ape=0.5982
[17:45:14] warmStart (decay=exponential) 91% (1084/1189) regret=0.105999 ape=0.5982
[17:45:14] warmStart (decay=exponential) 91% (1085/1189) regret=0.105999 ape=0.5982
[17:45:14] warmStart (decay=exponential) 91% (1086/1189) regret=0.105999 ape=0.5982
[17:45:14] warmStart (decay=exponential) 91% (1087/1189) regret=0.105999 ape=0.5982
[17:45:15] warmStart (decay=exponential) 91% (1088/1189) regret=0.105999 ape=0.5982
[17:45:15] warmStart (decay=exponential) 91% (1089/1189) regret=0.105999 ape=0.5982
[17:45:15] warmStart (decay=exponential) 91% (1090/1189) regret=0.105999 ape=0.5982
[17:45:15] warmStart (decay=exponential) 91% (1091/1189) regret=0.105999 ape=0.5982
[17:45:15] warmStart (decay=exponential) 91% (1092/1189) regret=0.105999 ape=0.5982
[17:45:15] warmStart (decay=exponential) 91% (1093/1189) regret=0.105999 ape=0.5982
[17:45:15] warmStart (decay=exponential) 92% (1094/1189) regret=0.106003 ape=0.5991
[17:45:16] warmStart (decay=exponential) 92% (1095/1189) regret=0.106003 ape=0.5991
[17:45:16] warmStart (decay=exponential) 92% (1096/1189) regret=0.106001 ape=0.5991
[17:45:16] warmStart (decay=exponential) 92% (1097/1189) regret=0.106003 ape=0.5991
[17:45:16] warmStart (decay=exponential) 92% (1098/1189) regret=0.106003 ape=0.5991
[17:45:16] warmStart (decay=exponential) 92% (1099/1189) regret=0.105999 ape=0.5982
[17:45:16] warmStart (decay=exponential) 92% (1100/1189) regret=0.105999 ape=0.5982
[17:45:16] warmStart (decay=exponential) 92% (1101/1189) regret=0.105999 ape=0.5982
[17:45:17] warmStart (decay=exponential) 92% (1102/1189) regret=0.105999 ape=0.5982
[17:45:17] warmStart (decay=exponential) 92% (1103/1189) regret=0.105999 ape=0.5982
[17:45:17] warmStart (decay=exponential) 92% (1104/1189) regret=0.105999 ape=0.5982
[17:45:17] warmStart (decay=exponential) 92% (1105/1189) regret=0.105999 ape=0.5982
[17:45:17] warmStart (decay=exponential) 93% (1106/1189) regret=0.105999 ape=0.5982
[17:45:17] warmStart (decay=exponential) 93% (1107/1189) regret=0.105999 ape=0.5982
[17:45:18] warmStart (decay=exponential) 93% (1108/1189) regret=0.105999 ape=0.5982
[17:45:18] warmStart (decay=exponential) 93% (1109/1189) regret=0.105999 ape=0.5982
[17:45:18] warmStart (decay=exponential) 93% (1110/1189) regret=0.105999 ape=0.5982
[17:45:18] warmStart (decay=exponential) 93% (1111/1189) regret=0.105999 ape=0.5982
[17:45:18] warmStart (decay=exponential) 93% (1112/1189) regret=0.105999 ape=0.5982
[17:45:18] warmStart (decay=exponential) 93% (1113/1189) regret=0.105999 ape=0.5982
[17:45:18] warmStart (decay=exponential) 93% (1114/1189) regret=0.105999 ape=0.5982
[17:45:19] warmStart (decay=exponential) 93% (1115/1189) regret=0.105999 ape=0.5982
[17:45:19] warmStart (decay=exponential) 93% (1116/1189) regret=0.105999 ape=0.5982
[17:45:19] warmStart (decay=exponential) 93% (1117/1189) regret=0.105999 ape=0.5982
[17:45:19] warmStart (decay=exponential) 94% (1118/1189) regret=0.105999 ape=0.5982
[17:45:19] warmStart (decay=exponential) 94% (1119/1189) regret=0.105999 ape=0.5982
[17:45:19] warmStart (decay=exponential) 94% (1120/1189) regret=0.105999 ape=0.5982
[17:45:19] warmStart (decay=exponential) 94% (1121/1189) regret=0.105999 ape=0.5982
[17:45:20] warmStart (decay=exponential) 94% (1122/1189) regret=0.105999 ape=0.5982
[17:45:20] warmStart (decay=exponential) 94% (1123/1189) regret=0.105870 ape=0.5972
[17:45:20] warmStart (decay=exponential) 94% (1124/1189) regret=0.105870 ape=0.5972
[17:45:20] warmStart (decay=exponential) 94% (1125/1189) regret=0.105999 ape=0.5982
[17:45:20] warmStart (decay=exponential) 94% (1126/1189) regret=0.105999 ape=0.5982
[17:45:20] warmStart (decay=exponential) 94% (1127/1189) regret=0.105999 ape=0.5982
[17:45:20] warmStart (decay=exponential) 94% (1128/1189) regret=0.105999 ape=0.5982
[17:45:21] warmStart (decay=exponential) 94% (1129/1189) regret=0.105474 ape=0.5982
[17:45:21] warmStart (decay=exponential) 95% (1130/1189) regret=0.105474 ape=0.5982
[17:45:21] warmStart (decay=exponential) 95% (1131/1189) regret=0.105419 ape=0.5982
[17:45:21] warmStart (decay=exponential) 95% (1132/1189) regret=0.105419 ape=0.5982
[17:45:21] warmStart (decay=exponential) 95% (1133/1189) regret=0.105474 ape=0.5982
[17:45:21] warmStart (decay=exponential) 95% (1134/1189) regret=0.105474 ape=0.5982
[17:45:22] warmStart (decay=exponential) 95% (1135/1189) regret=0.105474 ape=0.5982
[17:45:22] warmStart (decay=exponential) 95% (1136/1189) regret=0.105474 ape=0.5982
[17:45:22] warmStart (decay=exponential) 95% (1137/1189) regret=0.105474 ape=0.5982
[17:45:22] warmStart (decay=exponential) 95% (1138/1189) regret=0.105474 ape=0.5982
[17:45:22] warmStart (decay=exponential) 95% (1139/1189) regret=0.105474 ape=0.5982
[17:45:22] warmStart (decay=exponential) 95% (1140/1189) regret=0.105474 ape=0.5982
[17:45:22] warmStart (decay=exponential) 95% (1141/1189) regret=0.105474 ape=0.5982
[17:45:23] warmStart (decay=exponential) 96% (1142/1189) regret=0.105474 ape=0.5982
[17:45:23] warmStart (decay=exponential) 96% (1143/1189) regret=0.105474 ape=0.5982
[17:45:23] warmStart (decay=exponential) 96% (1144/1189) regret=0.105474 ape=0.5982
[17:45:23] warmStart (decay=exponential) 96% (1145/1189) regret=0.105474 ape=0.5982
[17:45:23] warmStart (decay=exponential) 96% (1146/1189) regret=0.105474 ape=0.5982
[17:45:23] warmStart (decay=exponential) 96% (1147/1189) regret=0.105474 ape=0.5982
[17:45:24] warmStart (decay=exponential) 96% (1148/1189) regret=0.105474 ape=0.5982
[17:45:24] warmStart (decay=exponential) 96% (1149/1189) regret=0.105474 ape=0.5982
[17:45:24] warmStart (decay=exponential) 96% (1150/1189) regret=0.105474 ape=0.5982
[17:45:24] warmStart (decay=exponential) 96% (1151/1189) regret=0.105474 ape=0.5982
[17:45:24] warmStart (decay=exponential) 96% (1152/1189) regret=0.105474 ape=0.5982
[17:45:24] warmStart (decay=exponential) 96% (1153/1189) regret=0.105474 ape=0.5982
[17:45:25] warmStart (decay=exponential) 97% (1154/1189) regret=0.105474 ape=0.5982
[17:45:25] warmStart (decay=exponential) 97% (1155/1189) regret=0.105474 ape=0.5982
[17:45:25] warmStart (decay=exponential) 97% (1156/1189) regret=0.105474 ape=0.5982
[17:45:25] warmStart (decay=exponential) 97% (1157/1189) regret=0.105474 ape=0.5982
[17:45:25] warmStart (decay=exponential) 97% (1158/1189) regret=0.105474 ape=0.5982
[17:45:25] warmStart (decay=exponential) 97% (1159/1189) regret=0.105474 ape=0.5982
[17:45:25] warmStart (decay=exponential) 97% (1160/1189) regret=0.105474 ape=0.5982
[17:45:26] warmStart (decay=exponential) 97% (1161/1189) regret=0.105474 ape=0.5982
[17:45:26] warmStart (decay=exponential) 97% (1162/1189) regret=0.105474 ape=0.5982
[17:45:26] warmStart (decay=exponential) 97% (1163/1189) regret=0.105474 ape=0.5982
[17:45:26] warmStart (decay=exponential) 97% (1164/1189) regret=0.105474 ape=0.5982
[17:45:26] warmStart (decay=exponential) 97% (1165/1189) regret=0.105474 ape=0.5982
[17:45:26] warmStart (decay=exponential) 98% (1166/1189) regret=0.105474 ape=0.5982
[17:45:27] warmStart (decay=exponential) 98% (1167/1189) regret=0.105474 ape=0.5982
[17:45:27] warmStart (decay=exponential) 98% (1168/1189) regret=0.105474 ape=0.5982
[17:45:27] warmStart (decay=exponential) 98% (1169/1189) regret=0.105474 ape=0.5982
[17:45:27] warmStart (decay=exponential) 98% (1170/1189) regret=0.105474 ape=0.5982
[17:45:27] warmStart (decay=exponential) 98% (1171/1189) regret=0.105474 ape=0.5982
[17:45:27] warmStart (decay=exponential) 98% (1172/1189) regret=0.105474 ape=0.5982
[17:45:27] warmStart (decay=exponential) 98% (1173/1189) regret=0.105474 ape=0.5982
[17:45:28] warmStart (decay=exponential) 98% (1174/1189) regret=0.105474 ape=0.5982
[17:45:28] warmStart (decay=exponential) 98% (1175/1189) regret=0.105474 ape=0.5982
[17:45:28] warmStart (decay=exponential) 98% (1176/1189) regret=0.105474 ape=0.5982
[17:45:28] warmStart (decay=exponential) 98% (1177/1189) regret=0.105474 ape=0.5982
[17:45:28] warmStart (decay=exponential) 99% (1178/1189) regret=0.105474 ape=0.5982
[17:45:28] warmStart (decay=exponential) 99% (1179/1189) regret=0.105474 ape=0.5982
[17:45:29] warmStart (decay=exponential) 99% (1180/1189) regret=0.105474 ape=0.5982
[17:45:29] warmStart (decay=exponential) 99% (1181/1189) regret=0.105474 ape=0.5982
[17:45:29] warmStart (decay=exponential) 99% (1182/1189) regret=0.105474 ape=0.5982
[17:45:29] warmStart (decay=exponential) 99% (1183/1189) regret=0.105474 ape=0.5982
[17:45:29] warmStart (decay=exponential) 99% (1184/1189) regret=0.105474 ape=0.5982
[17:45:29] warmStart (decay=exponential) 99% (1185/1189) regret=0.105474 ape=0.5982
[17:45:30] warmStart (decay=exponential) 99% (1186/1189) regret=0.105474 ape=0.5982
[17:45:30] warmStart (decay=exponential) 99% (1187/1189) regret=0.105474 ape=0.5982
[17:45:30] warmStart (decay=exponential) 99% (1188/1189) regret=0.105474 ape=0.5982
Warm w=50 finished: 1188 points, 190.91s wall time
  Final: regret=0.105474, ape=0.5982

Saved: /home/users/g/s/gsavary/LudiiMCTSVariations/slurm_sweep_full_dataset/output_decay/warm_50_decay_exponential_0_025/seed_1/sweep_decay_warm_50_exponential_0.025_1_20260426_174530.json

Generating plots...
Saved: /home/users/g/s/gsavary/LudiiMCTSVariations/slurm_sweep_full_dataset/output_decay/warm_50_decay_exponential_0_025/seed_1/sweep_decay_warm_50_exponential_0.025_1_20260426_174530_regret.png
Saved: /home/users/g/s/gsavary/LudiiMCTSVariations/slurm_sweep_full_dataset/output_decay/warm_50_decay_exponential_0_025/seed_1/sweep_decay_warm_50_exponential_0.025_1_20260426_174530_ape.png

================================================================================
Experiment complete!
================================================================================
Done. Results in: /home/users/g/s/gsavary/LudiiMCTSVariations/slurm_sweep_full_dataset/output_decay/warm_50_decay_exponential_0_025/seed_1
