============================================================
Decay sweep experiment
Method:      warm:200
Decay mode:  exponential
Decay param: 0.075
Seed:        0
Output:      /home/users/g/s/gsavary/LudiiMCTSVariations/slurm_sweep_full_dataset/output_decay/warm_200_decay_exponential_0_075/seed_0
============================================================

================================================================================
SLURM Sweep Experiment with Synthetic Data Decay
================================================================================
Method: warm:200
Decay: exponential (param=0.075)
Time limit: 3600.0s, Seed: 0, Batch size: 20
Output directory: /home/users/g/s/gsavary/LudiiMCTSVariations/slurm_sweep_full_dataset/output_decay/warm_200_decay_exponential_0_075/seed_0

Loading Ludii dataset...
Loaded 1085 games
Using 1085 games (full dataset)

Running timing probe (100 pulls)...
  Estimated secs/pull: 0.021464

Time budget: 3600.0s → ~167726 total pulls
Per-method budget: 23960 pulls (~514.3s)

Computing predictor-only performance...
  Predictions loaded: 23675 agent predictions
  Predictor-only: regret=0.104318, ape=0.4894

Running WARM-START (w=200, decay=exponential param=0.075)...
[17:50:55] warmStart (decay=exponential) 0% (1/1198) regret=0.103143 ape=0.5594
[17:50:55] warmStart (decay=exponential) 0% (2/1198) regret=0.103143 ape=0.5594
[17:50:55] warmStart (decay=exponential) 0% (3/1198) regret=0.103143 ape=0.5594
[17:50:55] warmStart (decay=exponential) 0% (4/1198) regret=0.103143 ape=0.5594
[17:50:56] warmStart (decay=exponential) 0% (5/1198) regret=0.103143 ape=0.5594
[17:50:56] warmStart (decay=exponential) 0% (6/1198) regret=0.103143 ape=0.5594
[17:50:56] warmStart (decay=exponential) 0% (7/1198) regret=0.103143 ape=0.5594
[17:50:56] warmStart (decay=exponential) 0% (8/1198) regret=0.103143 ape=0.5594
[17:50:56] warmStart (decay=exponential) 0% (9/1198) regret=0.103143 ape=0.5594
[17:50:56] warmStart (decay=exponential) 0% (10/1198) regret=0.103143 ape=0.5594
[17:50:57] warmStart (decay=exponential) 0% (11/1198) regret=0.103143 ape=0.5594
[17:50:57] warmStart (decay=exponential) 1% (12/1198) regret=0.103143 ape=0.5594
[17:50:57] warmStart (decay=exponential) 1% (13/1198) regret=0.103143 ape=0.5594
[17:50:57] warmStart (decay=exponential) 1% (14/1198) regret=0.103143 ape=0.5594
[17:50:57] warmStart (decay=exponential) 1% (15/1198) regret=0.103143 ape=0.5594
[17:50:57] warmStart (decay=exponential) 1% (16/1198) regret=0.103143 ape=0.5594
[17:50:58] warmStart (decay=exponential) 1% (17/1198) regret=0.103143 ape=0.5594
[17:50:58] warmStart (decay=exponential) 1% (18/1198) regret=0.103143 ape=0.5594
[17:50:58] warmStart (decay=exponential) 1% (19/1198) regret=0.103143 ape=0.5594
[17:50:58] warmStart (decay=exponential) 1% (20/1198) regret=0.103143 ape=0.5594
[17:50:58] warmStart (decay=exponential) 1% (21/1198) regret=0.103143 ape=0.5594
[17:50:59] warmStart (decay=exponential) 1% (22/1198) regret=0.103143 ape=0.5594
[17:50:59] warmStart (decay=exponential) 1% (23/1198) regret=0.103143 ape=0.5594
[17:50:59] warmStart (decay=exponential) 2% (24/1198) regret=0.103143 ape=0.5594
[17:50:59] warmStart (decay=exponential) 2% (25/1198) regret=0.103143 ape=0.5594
[17:50:59] warmStart (decay=exponential) 2% (26/1198) regret=0.103143 ape=0.5594
[17:50:59] warmStart (decay=exponential) 2% (27/1198) regret=0.103143 ape=0.5594
[17:51:00] warmStart (decay=exponential) 2% (28/1198) regret=0.103143 ape=0.5594
[17:51:00] warmStart (decay=exponential) 2% (29/1198) regret=0.103143 ape=0.5594
[17:51:00] warmStart (decay=exponential) 2% (30/1198) regret=0.103143 ape=0.5594
[17:51:00] warmStart (decay=exponential) 2% (31/1198) regret=0.103143 ape=0.5594
[17:51:00] warmStart (decay=exponential) 2% (32/1198) regret=0.103143 ape=0.5594
[17:51:00] warmStart (decay=exponential) 2% (33/1198) regret=0.103143 ape=0.5594
[17:51:01] warmStart (decay=exponential) 2% (34/1198) regret=0.103143 ape=0.5594
[17:51:01] warmStart (decay=exponential) 2% (35/1198) regret=0.103143 ape=0.5594
[17:51:01] warmStart (decay=exponential) 3% (36/1198) regret=0.103143 ape=0.5594
[17:51:01] warmStart (decay=exponential) 3% (37/1198) regret=0.103143 ape=0.5594
[17:51:01] warmStart (decay=exponential) 3% (38/1198) regret=0.103143 ape=0.5594
[17:51:01] warmStart (decay=exponential) 3% (39/1198) regret=0.103143 ape=0.5594
[17:51:02] warmStart (decay=exponential) 3% (40/1198) regret=0.103143 ape=0.5594
[17:51:02] warmStart (decay=exponential) 3% (41/1198) regret=0.103143 ape=0.5594
[17:51:02] warmStart (decay=exponential) 3% (42/1198) regret=0.103143 ape=0.5594
[17:51:02] warmStart (decay=exponential) 3% (43/1198) regret=0.103143 ape=0.5594
[17:51:02] warmStart (decay=exponential) 3% (44/1198) regret=0.103143 ape=0.5594
[17:51:02] warmStart (decay=exponential) 3% (45/1198) regret=0.103143 ape=0.5594
[17:51:03] warmStart (decay=exponential) 3% (46/1198) regret=0.103143 ape=0.5594
[17:51:03] warmStart (decay=exponential) 3% (47/1198) regret=0.103143 ape=0.5594
[17:51:03] warmStart (decay=exponential) 4% (48/1198) regret=0.103143 ape=0.5594
[17:51:03] warmStart (decay=exponential) 4% (49/1198) regret=0.103143 ape=0.5594
[17:51:03] warmStart (decay=exponential) 4% (50/1198) regret=0.103143 ape=0.5594
[17:51:03] warmStart (decay=exponential) 4% (51/1198) regret=0.103143 ape=0.5594
[17:51:04] warmStart (decay=exponential) 4% (52/1198) regret=0.103143 ape=0.5594
[17:51:04] warmStart (decay=exponential) 4% (53/1198) regret=0.103143 ape=0.5594
[17:51:04] warmStart (decay=exponential) 4% (54/1198) regret=0.103143 ape=0.5594
[17:51:04] warmStart (decay=exponential) 4% (55/1198) regret=0.103143 ape=0.5594
[17:51:04] warmStart (decay=exponential) 4% (56/1198) regret=0.103143 ape=0.5594
[17:51:04] warmStart (decay=exponential) 4% (57/1198) regret=0.103143 ape=0.5594
[17:51:05] warmStart (decay=exponential) 4% (58/1198) regret=0.103143 ape=0.5594
[17:51:05] warmStart (decay=exponential) 4% (59/1198) regret=0.103143 ape=0.5594
[17:51:05] warmStart (decay=exponential) 5% (60/1198) regret=0.103143 ape=0.5594
[17:51:05] warmStart (decay=exponential) 5% (61/1198) regret=0.103143 ape=0.5594
[17:51:05] warmStart (decay=exponential) 5% (62/1198) regret=0.103143 ape=0.5594
[17:51:05] warmStart (decay=exponential) 5% (63/1198) regret=0.103143 ape=0.5594
[17:51:06] warmStart (decay=exponential) 5% (64/1198) regret=0.103143 ape=0.5594
[17:51:06] warmStart (decay=exponential) 5% (65/1198) regret=0.103143 ape=0.5594
[17:51:06] warmStart (decay=exponential) 5% (66/1198) regret=0.103143 ape=0.5594
[17:51:06] warmStart (decay=exponential) 5% (67/1198) regret=0.103143 ape=0.5594
[17:51:06] warmStart (decay=exponential) 5% (68/1198) regret=0.103143 ape=0.5594
[17:51:06] warmStart (decay=exponential) 5% (69/1198) regret=0.103143 ape=0.5594
[17:51:07] warmStart (decay=exponential) 5% (70/1198) regret=0.103143 ape=0.5594
[17:51:07] warmStart (decay=exponential) 5% (71/1198) regret=0.103143 ape=0.5594
[17:51:07] warmStart (decay=exponential) 6% (72/1198) regret=0.103143 ape=0.5594
[17:51:07] warmStart (decay=exponential) 6% (73/1198) regret=0.103143 ape=0.5594
[17:51:07] warmStart (decay=exponential) 6% (74/1198) regret=0.103143 ape=0.5594
[17:51:07] warmStart (decay=exponential) 6% (75/1198) regret=0.103143 ape=0.5594
[17:51:08] warmStart (decay=exponential) 6% (76/1198) regret=0.103143 ape=0.5594
[17:51:08] warmStart (decay=exponential) 6% (77/1198) regret=0.103143 ape=0.5594
[17:51:08] warmStart (decay=exponential) 6% (78/1198) regret=0.103143 ape=0.5594
[17:51:08] warmStart (decay=exponential) 6% (79/1198) regret=0.103143 ape=0.5594
[17:51:08] warmStart (decay=exponential) 6% (80/1198) regret=0.103143 ape=0.5594
[17:51:08] warmStart (decay=exponential) 6% (81/1198) regret=0.103143 ape=0.5594
[17:51:08] warmStart (decay=exponential) 6% (82/1198) regret=0.103143 ape=0.5594
[17:51:09] warmStart (decay=exponential) 6% (83/1198) regret=0.103143 ape=0.5594
[17:51:09] warmStart (decay=exponential) 7% (84/1198) regret=0.103143 ape=0.5594
[17:51:09] warmStart (decay=exponential) 7% (85/1198) regret=0.103143 ape=0.5594
[17:51:09] warmStart (decay=exponential) 7% (86/1198) regret=0.103143 ape=0.5594
[17:51:09] warmStart (decay=exponential) 7% (87/1198) regret=0.103143 ape=0.5594
[17:51:09] warmStart (decay=exponential) 7% (88/1198) regret=0.103143 ape=0.5594
[17:51:10] warmStart (decay=exponential) 7% (89/1198) regret=0.103143 ape=0.5594
[17:51:10] warmStart (decay=exponential) 7% (90/1198) regret=0.103143 ape=0.5594
[17:51:10] warmStart (decay=exponential) 7% (91/1198) regret=0.103143 ape=0.5594
[17:51:10] warmStart (decay=exponential) 7% (92/1198) regret=0.103143 ape=0.5594
[17:51:10] warmStart (decay=exponential) 7% (93/1198) regret=0.103143 ape=0.5594
[17:51:10] warmStart (decay=exponential) 7% (94/1198) regret=0.103143 ape=0.5594
[17:51:11] warmStart (decay=exponential) 7% (95/1198) regret=0.103143 ape=0.5594
[17:51:11] warmStart (decay=exponential) 8% (96/1198) regret=0.103143 ape=0.5594
[17:51:11] warmStart (decay=exponential) 8% (97/1198) regret=0.103143 ape=0.5594
[17:51:11] warmStart (decay=exponential) 8% (98/1198) regret=0.103143 ape=0.5594
[17:51:11] warmStart (decay=exponential) 8% (99/1198) regret=0.103143 ape=0.5594
[17:51:11] warmStart (decay=exponential) 8% (100/1198) regret=0.103143 ape=0.5594
[17:51:12] warmStart (decay=exponential) 8% (101/1198) regret=0.103143 ape=0.5594
[17:51:12] warmStart (decay=exponential) 8% (102/1198) regret=0.103143 ape=0.5594
[17:51:12] warmStart (decay=exponential) 8% (103/1198) regret=0.103143 ape=0.5594
[17:51:12] warmStart (decay=exponential) 8% (104/1198) regret=0.103143 ape=0.5594
[17:51:12] warmStart (decay=exponential) 8% (105/1198) regret=0.103143 ape=0.5594
[17:51:12] warmStart (decay=exponential) 8% (106/1198) regret=0.103143 ape=0.5594
[17:51:13] warmStart (decay=exponential) 8% (107/1198) regret=0.103143 ape=0.5594
[17:51:13] warmStart (decay=exponential) 9% (108/1198) regret=0.103143 ape=0.5594
[17:51:13] warmStart (decay=exponential) 9% (109/1198) regret=0.103143 ape=0.5594
[17:51:13] warmStart (decay=exponential) 9% (110/1198) regret=0.103143 ape=0.5594
[17:51:13] warmStart (decay=exponential) 9% (111/1198) regret=0.103143 ape=0.5594
[17:51:13] warmStart (decay=exponential) 9% (112/1198) regret=0.103143 ape=0.5594
[17:51:14] warmStart (decay=exponential) 9% (113/1198) regret=0.103143 ape=0.5594
[17:51:14] warmStart (decay=exponential) 9% (114/1198) regret=0.103143 ape=0.5594
[17:51:14] warmStart (decay=exponential) 9% (115/1198) regret=0.103143 ape=0.5594
[17:51:14] warmStart (decay=exponential) 9% (116/1198) regret=0.103143 ape=0.5594
[17:51:14] warmStart (decay=exponential) 9% (117/1198) regret=0.103143 ape=0.5594
[17:51:14] warmStart (decay=exponential) 9% (118/1198) regret=0.103143 ape=0.5594
[17:51:15] warmStart (decay=exponential) 9% (119/1198) regret=0.103143 ape=0.5594
[17:51:15] warmStart (decay=exponential) 10% (120/1198) regret=0.103143 ape=0.5594
[17:51:15] warmStart (decay=exponential) 10% (121/1198) regret=0.103143 ape=0.5594
[17:51:15] warmStart (decay=exponential) 10% (122/1198) regret=0.103143 ape=0.5594
[17:51:15] warmStart (decay=exponential) 10% (123/1198) regret=0.103143 ape=0.5594
[17:51:15] warmStart (decay=exponential) 10% (124/1198) regret=0.103143 ape=0.5594
[17:51:16] warmStart (decay=exponential) 10% (125/1198) regret=0.103143 ape=0.5594
[17:51:16] warmStart (decay=exponential) 10% (126/1198) regret=0.103143 ape=0.5594
[17:51:16] warmStart (decay=exponential) 10% (127/1198) regret=0.103143 ape=0.5594
[17:51:16] warmStart (decay=exponential) 10% (128/1198) regret=0.103143 ape=0.5594
[17:51:16] warmStart (decay=exponential) 10% (129/1198) regret=0.103143 ape=0.5594
[17:51:16] warmStart (decay=exponential) 10% (130/1198) regret=0.103143 ape=0.5594
[17:51:17] warmStart (decay=exponential) 10% (131/1198) regret=0.103143 ape=0.5594
[17:51:17] warmStart (decay=exponential) 11% (132/1198) regret=0.103143 ape=0.5594
[17:51:17] warmStart (decay=exponential) 11% (133/1198) regret=0.103143 ape=0.5594
[17:51:17] warmStart (decay=exponential) 11% (134/1198) regret=0.103143 ape=0.5594
[17:51:17] warmStart (decay=exponential) 11% (135/1198) regret=0.103143 ape=0.5594
[17:51:17] warmStart (decay=exponential) 11% (136/1198) regret=0.103143 ape=0.5594
[17:51:18] warmStart (decay=exponential) 11% (137/1198) regret=0.103143 ape=0.5594
[17:51:18] warmStart (decay=exponential) 11% (138/1198) regret=0.103143 ape=0.5594
[17:51:18] warmStart (decay=exponential) 11% (139/1198) regret=0.103143 ape=0.5594
[17:51:18] warmStart (decay=exponential) 11% (140/1198) regret=0.103143 ape=0.5594
[17:51:18] warmStart (decay=exponential) 11% (141/1198) regret=0.103143 ape=0.5594
[17:51:18] warmStart (decay=exponential) 11% (142/1198) regret=0.103143 ape=0.5594
[17:51:19] warmStart (decay=exponential) 11% (143/1198) regret=0.103143 ape=0.5594
[17:51:19] warmStart (decay=exponential) 12% (144/1198) regret=0.103143 ape=0.5594
[17:51:19] warmStart (decay=exponential) 12% (145/1198) regret=0.103143 ape=0.5594
[17:51:19] warmStart (decay=exponential) 12% (146/1198) regret=0.103143 ape=0.5594
[17:51:19] warmStart (decay=exponential) 12% (147/1198) regret=0.103143 ape=0.5594
[17:51:19] warmStart (decay=exponential) 12% (148/1198) regret=0.103143 ape=0.5594
[17:51:20] warmStart (decay=exponential) 12% (149/1198) regret=0.103143 ape=0.5594
[17:51:20] warmStart (decay=exponential) 12% (150/1198) regret=0.103143 ape=0.5594
[17:51:20] warmStart (decay=exponential) 12% (151/1198) regret=0.103143 ape=0.5594
[17:51:20] warmStart (decay=exponential) 12% (152/1198) regret=0.103143 ape=0.5594
[17:51:20] warmStart (decay=exponential) 12% (153/1198) regret=0.103143 ape=0.5594
[17:51:20] warmStart (decay=exponential) 12% (154/1198) regret=0.103143 ape=0.5594
[17:51:21] warmStart (decay=exponential) 12% (155/1198) regret=0.103143 ape=0.5594
[17:51:21] warmStart (decay=exponential) 13% (156/1198) regret=0.103143 ape=0.5594
[17:51:21] warmStart (decay=exponential) 13% (157/1198) regret=0.103143 ape=0.5594
[17:51:21] warmStart (decay=exponential) 13% (158/1198) regret=0.103143 ape=0.5594
[17:51:21] warmStart (decay=exponential) 13% (159/1198) regret=0.103143 ape=0.5594
[17:51:21] warmStart (decay=exponential) 13% (160/1198) regret=0.103143 ape=0.5594
[17:51:21] warmStart (decay=exponential) 13% (161/1198) regret=0.103143 ape=0.5594
[17:51:22] warmStart (decay=exponential) 13% (162/1198) regret=0.103143 ape=0.5594
[17:51:22] warmStart (decay=exponential) 13% (163/1198) regret=0.103143 ape=0.5594
[17:51:22] warmStart (decay=exponential) 13% (164/1198) regret=0.103143 ape=0.5594
[17:51:22] warmStart (decay=exponential) 13% (165/1198) regret=0.103143 ape=0.5594
[17:51:22] warmStart (decay=exponential) 13% (166/1198) regret=0.103143 ape=0.5594
[17:51:22] warmStart (decay=exponential) 13% (167/1198) regret=0.103143 ape=0.5594
[17:51:23] warmStart (decay=exponential) 14% (168/1198) regret=0.103143 ape=0.5594
[17:51:23] warmStart (decay=exponential) 14% (169/1198) regret=0.103143 ape=0.5594
[17:51:23] warmStart (decay=exponential) 14% (170/1198) regret=0.103143 ape=0.5594
[17:51:23] warmStart (decay=exponential) 14% (171/1198) regret=0.102323 ape=0.5585
[17:51:23] warmStart (decay=exponential) 14% (172/1198) regret=0.102323 ape=0.5585
[17:51:23] warmStart (decay=exponential) 14% (173/1198) regret=0.102323 ape=0.5585
[17:51:24] warmStart (decay=exponential) 14% (174/1198) regret=0.102327 ape=0.5585
[17:51:24] warmStart (decay=exponential) 14% (175/1198) regret=0.102327 ape=0.5585
[17:51:24] warmStart (decay=exponential) 14% (176/1198) regret=0.102327 ape=0.5585
[17:51:24] warmStart (decay=exponential) 14% (177/1198) regret=0.102327 ape=0.5585
[17:51:24] warmStart (decay=exponential) 14% (178/1198) regret=0.102318 ape=0.5576
[17:51:24] warmStart (decay=exponential) 14% (179/1198) regret=0.102318 ape=0.5576
[17:51:25] warmStart (decay=exponential) 15% (180/1198) regret=0.102318 ape=0.5576
[17:51:25] warmStart (decay=exponential) 15% (181/1198) regret=0.102318 ape=0.5576
[17:51:25] warmStart (decay=exponential) 15% (182/1198) regret=0.102318 ape=0.5576
[17:51:25] warmStart (decay=exponential) 15% (183/1198) regret=0.102318 ape=0.5576
[17:51:25] warmStart (decay=exponential) 15% (184/1198) regret=0.102318 ape=0.5576
[17:51:25] warmStart (decay=exponential) 15% (185/1198) regret=0.102318 ape=0.5576
[17:51:26] warmStart (decay=exponential) 15% (186/1198) regret=0.102318 ape=0.5576
[17:51:26] warmStart (decay=exponential) 15% (187/1198) regret=0.102318 ape=0.5576
[17:51:26] warmStart (decay=exponential) 15% (188/1198) regret=0.102318 ape=0.5576
[17:51:26] warmStart (decay=exponential) 15% (189/1198) regret=0.102318 ape=0.5576
[17:51:26] warmStart (decay=exponential) 15% (190/1198) regret=0.102318 ape=0.5576
[17:51:26] warmStart (decay=exponential) 15% (191/1198) regret=0.102318 ape=0.5576
[17:51:27] warmStart (decay=exponential) 16% (192/1198) regret=0.102318 ape=0.5576
[17:51:27] warmStart (decay=exponential) 16% (193/1198) regret=0.102318 ape=0.5576
[17:51:27] warmStart (decay=exponential) 16% (194/1198) regret=0.102318 ape=0.5576
[17:51:27] warmStart (decay=exponential) 16% (195/1198) regret=0.102318 ape=0.5576
[17:51:27] warmStart (decay=exponential) 16% (196/1198) regret=0.102318 ape=0.5576
[17:51:27] warmStart (decay=exponential) 16% (197/1198) regret=0.102318 ape=0.5576
[17:51:27] warmStart (decay=exponential) 16% (198/1198) regret=0.102318 ape=0.5576
[17:51:28] warmStart (decay=exponential) 16% (199/1198) regret=0.102318 ape=0.5576
[17:51:28] warmStart (decay=exponential) 16% (200/1198) regret=0.102318 ape=0.5576
[17:51:28] warmStart (decay=exponential) 16% (201/1198) regret=0.102318 ape=0.5576
[17:51:28] warmStart (decay=exponential) 16% (202/1198) regret=0.102318 ape=0.5576
[17:51:28] warmStart (decay=exponential) 16% (203/1198) regret=0.102318 ape=0.5576
[17:51:28] warmStart (decay=exponential) 17% (204/1198) regret=0.102318 ape=0.5576
[17:51:29] warmStart (decay=exponential) 17% (205/1198) regret=0.102318 ape=0.5576
[17:51:29] warmStart (decay=exponential) 17% (206/1198) regret=0.102318 ape=0.5576
[17:51:29] warmStart (decay=exponential) 17% (207/1198) regret=0.102318 ape=0.5576
[17:51:29] warmStart (decay=exponential) 17% (208/1198) regret=0.102318 ape=0.5576
[17:51:29] warmStart (decay=exponential) 17% (209/1198) regret=0.102318 ape=0.5576
[17:51:29] warmStart (decay=exponential) 17% (210/1198) regret=0.102318 ape=0.5576
[17:51:30] warmStart (decay=exponential) 17% (211/1198) regret=0.102318 ape=0.5576
[17:51:30] warmStart (decay=exponential) 17% (212/1198) regret=0.102318 ape=0.5576
[17:51:30] warmStart (decay=exponential) 17% (213/1198) regret=0.102318 ape=0.5576
[17:51:30] warmStart (decay=exponential) 17% (214/1198) regret=0.102318 ape=0.5576
[17:51:30] warmStart (decay=exponential) 17% (215/1198) regret=0.102318 ape=0.5576
[17:51:30] warmStart (decay=exponential) 18% (216/1198) regret=0.102318 ape=0.5576
[17:51:31] warmStart (decay=exponential) 18% (217/1198) regret=0.102318 ape=0.5576
[17:51:31] warmStart (decay=exponential) 18% (218/1198) regret=0.102318 ape=0.5576
[17:51:31] warmStart (decay=exponential) 18% (219/1198) regret=0.102318 ape=0.5576
[17:51:31] warmStart (decay=exponential) 18% (220/1198) regret=0.102318 ape=0.5576
[17:51:31] warmStart (decay=exponential) 18% (221/1198) regret=0.102318 ape=0.5576
[17:51:31] warmStart (decay=exponential) 18% (222/1198) regret=0.102318 ape=0.5576
[17:51:32] warmStart (decay=exponential) 18% (223/1198) regret=0.102318 ape=0.5576
[17:51:32] warmStart (decay=exponential) 18% (224/1198) regret=0.102318 ape=0.5576
[17:51:32] warmStart (decay=exponential) 18% (225/1198) regret=0.102318 ape=0.5576
[17:51:32] warmStart (decay=exponential) 18% (226/1198) regret=0.102318 ape=0.5576
[17:51:32] warmStart (decay=exponential) 18% (227/1198) regret=0.102318 ape=0.5576
[17:51:32] warmStart (decay=exponential) 19% (228/1198) regret=0.102318 ape=0.5576
[17:51:33] warmStart (decay=exponential) 19% (229/1198) regret=0.102318 ape=0.5576
[17:51:33] warmStart (decay=exponential) 19% (230/1198) regret=0.102318 ape=0.5576
[17:51:33] warmStart (decay=exponential) 19% (231/1198) regret=0.102318 ape=0.5576
[17:51:33] warmStart (decay=exponential) 19% (232/1198) regret=0.102318 ape=0.5576
[17:51:33] warmStart (decay=exponential) 19% (233/1198) regret=0.102318 ape=0.5576
[17:51:33] warmStart (decay=exponential) 19% (234/1198) regret=0.102318 ape=0.5576
[17:51:34] warmStart (decay=exponential) 19% (235/1198) regret=0.102318 ape=0.5576
[17:51:34] warmStart (decay=exponential) 19% (236/1198) regret=0.102318 ape=0.5576
[17:51:34] warmStart (decay=exponential) 19% (237/1198) regret=0.102318 ape=0.5576
[17:51:34] warmStart (decay=exponential) 19% (238/1198) regret=0.102318 ape=0.5576
[17:51:34] warmStart (decay=exponential) 19% (239/1198) regret=0.102318 ape=0.5576
[17:51:34] warmStart (decay=exponential) 20% (240/1198) regret=0.102318 ape=0.5576
[17:51:35] warmStart (decay=exponential) 20% (241/1198) regret=0.102318 ape=0.5576
[17:51:35] warmStart (decay=exponential) 20% (242/1198) regret=0.102318 ape=0.5576
[17:51:35] warmStart (decay=exponential) 20% (243/1198) regret=0.102318 ape=0.5576
[17:51:35] warmStart (decay=exponential) 20% (244/1198) regret=0.102318 ape=0.5576
[17:51:35] warmStart (decay=exponential) 20% (245/1198) regret=0.102318 ape=0.5576
[17:51:35] warmStart (decay=exponential) 20% (246/1198) regret=0.102318 ape=0.5576
[17:51:36] warmStart (decay=exponential) 20% (247/1198) regret=0.102318 ape=0.5576
[17:51:36] warmStart (decay=exponential) 20% (248/1198) regret=0.102318 ape=0.5576
[17:51:36] warmStart (decay=exponential) 20% (249/1198) regret=0.102318 ape=0.5576
[17:51:36] warmStart (decay=exponential) 20% (250/1198) regret=0.102318 ape=0.5576
[17:51:36] warmStart (decay=exponential) 20% (251/1198) regret=0.102318 ape=0.5576
[17:51:36] warmStart (decay=exponential) 21% (252/1198) regret=0.102318 ape=0.5576
[17:51:37] warmStart (decay=exponential) 21% (253/1198) regret=0.102318 ape=0.5576
[17:51:37] warmStart (decay=exponential) 21% (254/1198) regret=0.102318 ape=0.5576
[17:51:37] warmStart (decay=exponential) 21% (255/1198) regret=0.102318 ape=0.5576
[17:51:37] warmStart (decay=exponential) 21% (256/1198) regret=0.102318 ape=0.5576
[17:51:37] warmStart (decay=exponential) 21% (257/1198) regret=0.102318 ape=0.5576
[17:51:37] warmStart (decay=exponential) 21% (258/1198) regret=0.102318 ape=0.5576
[17:51:38] warmStart (decay=exponential) 21% (259/1198) regret=0.102318 ape=0.5576
[17:51:38] warmStart (decay=exponential) 21% (260/1198) regret=0.102318 ape=0.5576
[17:51:38] warmStart (decay=exponential) 21% (261/1198) regret=0.102318 ape=0.5576
[17:51:38] warmStart (decay=exponential) 21% (262/1198) regret=0.102318 ape=0.5576
[17:51:38] warmStart (decay=exponential) 21% (263/1198) regret=0.102318 ape=0.5576
[17:51:38] warmStart (decay=exponential) 22% (264/1198) regret=0.102318 ape=0.5576
[17:51:39] warmStart (decay=exponential) 22% (265/1198) regret=0.102318 ape=0.5576
[17:51:39] warmStart (decay=exponential) 22% (266/1198) regret=0.102318 ape=0.5576
[17:51:39] warmStart (decay=exponential) 22% (267/1198) regret=0.102318 ape=0.5576
[17:51:39] warmStart (decay=exponential) 22% (268/1198) regret=0.102318 ape=0.5576
[17:51:39] warmStart (decay=exponential) 22% (269/1198) regret=0.102318 ape=0.5576
[17:51:39] warmStart (decay=exponential) 22% (270/1198) regret=0.102318 ape=0.5576
[17:51:40] warmStart (decay=exponential) 22% (271/1198) regret=0.102318 ape=0.5576
[17:51:40] warmStart (decay=exponential) 22% (272/1198) regret=0.102318 ape=0.5576
[17:51:40] warmStart (decay=exponential) 22% (273/1198) regret=0.102318 ape=0.5576
[17:51:40] warmStart (decay=exponential) 22% (274/1198) regret=0.102318 ape=0.5576
[17:51:40] warmStart (decay=exponential) 22% (275/1198) regret=0.102318 ape=0.5576
[17:51:40] warmStart (decay=exponential) 23% (276/1198) regret=0.102318 ape=0.5576
[17:51:41] warmStart (decay=exponential) 23% (277/1198) regret=0.102318 ape=0.5576
[17:51:41] warmStart (decay=exponential) 23% (278/1198) regret=0.102318 ape=0.5576
[17:51:41] warmStart (decay=exponential) 23% (279/1198) regret=0.102318 ape=0.5576
[17:51:41] warmStart (decay=exponential) 23% (280/1198) regret=0.102318 ape=0.5576
[17:51:41] warmStart (decay=exponential) 23% (281/1198) regret=0.102318 ape=0.5576
[17:51:41] warmStart (decay=exponential) 23% (282/1198) regret=0.102318 ape=0.5576
[17:51:42] warmStart (decay=exponential) 23% (283/1198) regret=0.102318 ape=0.5576
[17:51:42] warmStart (decay=exponential) 23% (284/1198) regret=0.102318 ape=0.5576
[17:51:42] warmStart (decay=exponential) 23% (285/1198) regret=0.102318 ape=0.5576
[17:51:42] warmStart (decay=exponential) 23% (286/1198) regret=0.102318 ape=0.5576
[17:51:42] warmStart (decay=exponential) 23% (287/1198) regret=0.102318 ape=0.5576
[17:51:42] warmStart (decay=exponential) 24% (288/1198) regret=0.102318 ape=0.5576
[17:51:43] warmStart (decay=exponential) 24% (289/1198) regret=0.102318 ape=0.5576
[17:51:43] warmStart (decay=exponential) 24% (290/1198) regret=0.102318 ape=0.5576
[17:51:43] warmStart (decay=exponential) 24% (291/1198) regret=0.102318 ape=0.5576
[17:51:43] warmStart (decay=exponential) 24% (292/1198) regret=0.102318 ape=0.5576
[17:51:43] warmStart (decay=exponential) 24% (293/1198) regret=0.102318 ape=0.5576
[17:51:43] warmStart (decay=exponential) 24% (294/1198) regret=0.102318 ape=0.5576
[17:51:44] warmStart (decay=exponential) 24% (295/1198) regret=0.102318 ape=0.5576
[17:51:44] warmStart (decay=exponential) 24% (296/1198) regret=0.102318 ape=0.5576
[17:51:44] warmStart (decay=exponential) 24% (297/1198) regret=0.102323 ape=0.5585
[17:51:44] warmStart (decay=exponential) 24% (298/1198) regret=0.102323 ape=0.5585
[17:51:44] warmStart (decay=exponential) 24% (299/1198) regret=0.102318 ape=0.5576
[17:51:44] warmStart (decay=exponential) 25% (300/1198) regret=0.102318 ape=0.5576
[17:51:45] warmStart (decay=exponential) 25% (301/1198) regret=0.102318 ape=0.5576
[17:51:45] warmStart (decay=exponential) 25% (302/1198) regret=0.102318 ape=0.5576
[17:51:45] warmStart (decay=exponential) 25% (303/1198) regret=0.102318 ape=0.5576
[17:51:45] warmStart (decay=exponential) 25% (304/1198) regret=0.102318 ape=0.5576
[17:51:45] warmStart (decay=exponential) 25% (305/1198) regret=0.102318 ape=0.5576
[17:51:45] warmStart (decay=exponential) 25% (306/1198) regret=0.102318 ape=0.5576
[17:51:46] warmStart (decay=exponential) 25% (307/1198) regret=0.102318 ape=0.5576
[17:51:46] warmStart (decay=exponential) 25% (308/1198) regret=0.102318 ape=0.5576
[17:51:46] warmStart (decay=exponential) 25% (309/1198) regret=0.102318 ape=0.5576
[17:51:46] warmStart (decay=exponential) 25% (310/1198) regret=0.102318 ape=0.5576
[17:51:46] warmStart (decay=exponential) 25% (311/1198) regret=0.102318 ape=0.5576
[17:51:46] warmStart (decay=exponential) 26% (312/1198) regret=0.102318 ape=0.5576
[17:51:47] warmStart (decay=exponential) 26% (313/1198) regret=0.102318 ape=0.5576
[17:51:47] warmStart (decay=exponential) 26% (314/1198) regret=0.102318 ape=0.5576
[17:51:47] warmStart (decay=exponential) 26% (315/1198) regret=0.102318 ape=0.5576
[17:51:47] warmStart (decay=exponential) 26% (316/1198) regret=0.102318 ape=0.5576
[17:51:47] warmStart (decay=exponential) 26% (317/1198) regret=0.102318 ape=0.5576
[17:51:48] warmStart (decay=exponential) 26% (318/1198) regret=0.102318 ape=0.5576
[17:51:48] warmStart (decay=exponential) 26% (319/1198) regret=0.102318 ape=0.5576
[17:51:48] warmStart (decay=exponential) 26% (320/1198) regret=0.102318 ape=0.5576
[17:51:48] warmStart (decay=exponential) 26% (321/1198) regret=0.102318 ape=0.5576
[17:51:48] warmStart (decay=exponential) 26% (322/1198) regret=0.102318 ape=0.5576
[17:51:48] warmStart (decay=exponential) 26% (323/1198) regret=0.102318 ape=0.5576
[17:51:49] warmStart (decay=exponential) 27% (324/1198) regret=0.102318 ape=0.5576
[17:51:49] warmStart (decay=exponential) 27% (325/1198) regret=0.102318 ape=0.5576
[17:51:49] warmStart (decay=exponential) 27% (326/1198) regret=0.102373 ape=0.5576
[17:51:49] warmStart (decay=exponential) 27% (327/1198) regret=0.102263 ape=0.5576
[17:51:49] warmStart (decay=exponential) 27% (328/1198) regret=0.102226 ape=0.5567
[17:51:49] warmStart (decay=exponential) 27% (329/1198) regret=0.102226 ape=0.5567
[17:51:50] warmStart (decay=exponential) 27% (330/1198) regret=0.102226 ape=0.5567
[17:51:50] warmStart (decay=exponential) 27% (331/1198) regret=0.102226 ape=0.5567
[17:51:50] warmStart (decay=exponential) 27% (332/1198) regret=0.102226 ape=0.5567
[17:51:50] warmStart (decay=exponential) 27% (333/1198) regret=0.102226 ape=0.5567
[17:51:50] warmStart (decay=exponential) 27% (334/1198) regret=0.102226 ape=0.5567
[17:51:50] warmStart (decay=exponential) 27% (335/1198) regret=0.102226 ape=0.5567
[17:51:50] warmStart (decay=exponential) 28% (336/1198) regret=0.102226 ape=0.5567
[17:51:51] warmStart (decay=exponential) 28% (337/1198) regret=0.102226 ape=0.5567
[17:51:51] warmStart (decay=exponential) 28% (338/1198) regret=0.102226 ape=0.5567
[17:51:51] warmStart (decay=exponential) 28% (339/1198) regret=0.102226 ape=0.5567
[17:51:51] warmStart (decay=exponential) 28% (340/1198) regret=0.102226 ape=0.5567
[17:51:51] warmStart (decay=exponential) 28% (341/1198) regret=0.102226 ape=0.5567
[17:51:51] warmStart (decay=exponential) 28% (342/1198) regret=0.102226 ape=0.5567
[17:51:52] warmStart (decay=exponential) 28% (343/1198) regret=0.102226 ape=0.5567
[17:51:52] warmStart (decay=exponential) 28% (344/1198) regret=0.102226 ape=0.5567
[17:51:52] warmStart (decay=exponential) 28% (345/1198) regret=0.102226 ape=0.5567
[17:51:52] warmStart (decay=exponential) 28% (346/1198) regret=0.102226 ape=0.5567
[17:51:52] warmStart (decay=exponential) 28% (347/1198) regret=0.102226 ape=0.5567
[17:51:52] warmStart (decay=exponential) 29% (348/1198) regret=0.102226 ape=0.5567
[17:51:53] warmStart (decay=exponential) 29% (349/1198) regret=0.102226 ape=0.5567
[17:51:53] warmStart (decay=exponential) 29% (350/1198) regret=0.102226 ape=0.5567
[17:51:53] warmStart (decay=exponential) 29% (351/1198) regret=0.102226 ape=0.5567
[17:51:53] warmStart (decay=exponential) 29% (352/1198) regret=0.102226 ape=0.5567
[17:51:53] warmStart (decay=exponential) 29% (353/1198) regret=0.102226 ape=0.5567
[17:51:53] warmStart (decay=exponential) 29% (354/1198) regret=0.102226 ape=0.5567
[17:51:54] warmStart (decay=exponential) 29% (355/1198) regret=0.102226 ape=0.5567
[17:51:54] warmStart (decay=exponential) 29% (356/1198) regret=0.102226 ape=0.5567
[17:51:54] warmStart (decay=exponential) 29% (357/1198) regret=0.102226 ape=0.5567
[17:51:54] warmStart (decay=exponential) 29% (358/1198) regret=0.102092 ape=0.5558
[17:51:54] warmStart (decay=exponential) 29% (359/1198) regret=0.102092 ape=0.5558
[17:51:54] warmStart (decay=exponential) 30% (360/1198) regret=0.102092 ape=0.5558
[17:51:55] warmStart (decay=exponential) 30% (361/1198) regret=0.102092 ape=0.5558
[17:51:55] warmStart (decay=exponential) 30% (362/1198) regret=0.102092 ape=0.5558
[17:51:55] warmStart (decay=exponential) 30% (363/1198) regret=0.102092 ape=0.5558
[17:51:55] warmStart (decay=exponential) 30% (364/1198) regret=0.102092 ape=0.5558
[17:51:55] warmStart (decay=exponential) 30% (365/1198) regret=0.102092 ape=0.5558
[17:51:55] warmStart (decay=exponential) 30% (366/1198) regret=0.102092 ape=0.5558
[17:51:55] warmStart (decay=exponential) 30% (367/1198) regret=0.102092 ape=0.5558
[17:51:56] warmStart (decay=exponential) 30% (368/1198) regret=0.102092 ape=0.5558
[17:51:56] warmStart (decay=exponential) 30% (369/1198) regret=0.102092 ape=0.5558
[17:51:56] warmStart (decay=exponential) 30% (370/1198) regret=0.102092 ape=0.5558
[17:51:56] warmStart (decay=exponential) 30% (371/1198) regret=0.102092 ape=0.5558
[17:51:56] warmStart (decay=exponential) 31% (372/1198) regret=0.102092 ape=0.5558
[17:51:56] warmStart (decay=exponential) 31% (373/1198) regret=0.102267 ape=0.5567
[17:51:56] warmStart (decay=exponential) 31% (374/1198) regret=0.102092 ape=0.5558
[17:51:57] warmStart (decay=exponential) 31% (375/1198) regret=0.102092 ape=0.5558
[17:51:57] warmStart (decay=exponential) 31% (376/1198) regret=0.102092 ape=0.5558
[17:51:57] warmStart (decay=exponential) 31% (377/1198) regret=0.102092 ape=0.5558
[17:51:57] warmStart (decay=exponential) 31% (378/1198) regret=0.102092 ape=0.5558
[17:51:57] warmStart (decay=exponential) 31% (379/1198) regret=0.102106 ape=0.5567
[17:51:57] warmStart (decay=exponential) 31% (380/1198) regret=0.102092 ape=0.5558
[17:51:58] warmStart (decay=exponential) 31% (381/1198) regret=0.102092 ape=0.5558
[17:51:58] warmStart (decay=exponential) 31% (382/1198) regret=0.102106 ape=0.5567
[17:51:58] warmStart (decay=exponential) 31% (383/1198) regret=0.102092 ape=0.5558
[17:51:58] warmStart (decay=exponential) 32% (384/1198) regret=0.102092 ape=0.5558
[17:51:58] warmStart (decay=exponential) 32% (385/1198) regret=0.102092 ape=0.5558
[17:51:58] warmStart (decay=exponential) 32% (386/1198) regret=0.102106 ape=0.5567
[17:51:59] warmStart (decay=exponential) 32% (387/1198) regret=0.102106 ape=0.5567
[17:51:59] warmStart (decay=exponential) 32% (388/1198) regret=0.102106 ape=0.5567
[17:51:59] warmStart (decay=exponential) 32% (389/1198) regret=0.102106 ape=0.5567
[17:51:59] warmStart (decay=exponential) 32% (390/1198) regret=0.102106 ape=0.5567
[17:51:59] warmStart (decay=exponential) 32% (391/1198) regret=0.102092 ape=0.5558
[17:51:59] warmStart (decay=exponential) 32% (392/1198) regret=0.102092 ape=0.5558
[17:51:59] warmStart (decay=exponential) 32% (393/1198) regret=0.102092 ape=0.5558
[17:52:00] warmStart (decay=exponential) 32% (394/1198) regret=0.102129 ape=0.5567
[17:52:00] warmStart (decay=exponential) 32% (395/1198) regret=0.102129 ape=0.5567
[17:52:00] warmStart (decay=exponential) 33% (396/1198) regret=0.102129 ape=0.5567
[17:52:00] warmStart (decay=exponential) 33% (397/1198) regret=0.102092 ape=0.5558
[17:52:00] warmStart (decay=exponential) 33% (398/1198) regret=0.102092 ape=0.5558
[17:52:00] warmStart (decay=exponential) 33% (399/1198) regret=0.102129 ape=0.5567
[17:52:01] warmStart (decay=exponential) 33% (400/1198) regret=0.102129 ape=0.5567
[17:52:01] warmStart (decay=exponential) 33% (401/1198) regret=0.102129 ape=0.5567
[17:52:01] warmStart (decay=exponential) 33% (402/1198) regret=0.102129 ape=0.5567
[17:52:01] warmStart (decay=exponential) 33% (403/1198) regret=0.102092 ape=0.5558
[17:52:01] warmStart (decay=exponential) 33% (404/1198) regret=0.102092 ape=0.5558
[17:52:01] warmStart (decay=exponential) 33% (405/1198) regret=0.102129 ape=0.5567
[17:52:02] warmStart (decay=exponential) 33% (406/1198) regret=0.102092 ape=0.5558
[17:52:02] warmStart (decay=exponential) 33% (407/1198) regret=0.102092 ape=0.5558
[17:52:02] warmStart (decay=exponential) 34% (408/1198) regret=0.102092 ape=0.5558
[17:52:02] warmStart (decay=exponential) 34% (409/1198) regret=0.102092 ape=0.5558
[17:52:02] warmStart (decay=exponential) 34% (410/1198) regret=0.102092 ape=0.5558
[17:52:02] warmStart (decay=exponential) 34% (411/1198) regret=0.102092 ape=0.5558
[17:52:03] warmStart (decay=exponential) 34% (412/1198) regret=0.102129 ape=0.5567
[17:52:03] warmStart (decay=exponential) 34% (413/1198) regret=0.102113 ape=0.5567
[17:52:03] warmStart (decay=exponential) 34% (414/1198) regret=0.102129 ape=0.5567
[17:52:03] warmStart (decay=exponential) 34% (415/1198) regret=0.102129 ape=0.5567
[17:52:03] warmStart (decay=exponential) 34% (416/1198) regret=0.102129 ape=0.5567
[17:52:03] warmStart (decay=exponential) 34% (417/1198) regret=0.102175 ape=0.5576
[17:52:03] warmStart (decay=exponential) 34% (418/1198) regret=0.102129 ape=0.5567
[17:52:04] warmStart (decay=exponential) 34% (419/1198) regret=0.102129 ape=0.5567
[17:52:04] warmStart (decay=exponential) 35% (420/1198) regret=0.102129 ape=0.5567
[17:52:04] warmStart (decay=exponential) 35% (421/1198) regret=0.102129 ape=0.5567
[17:52:04] warmStart (decay=exponential) 35% (422/1198) regret=0.102129 ape=0.5567
[17:52:04] warmStart (decay=exponential) 35% (423/1198) regret=0.102129 ape=0.5567
[17:52:04] warmStart (decay=exponential) 35% (424/1198) regret=0.102180 ape=0.5576
[17:52:05] warmStart (decay=exponential) 35% (425/1198) regret=0.102180 ape=0.5576
[17:52:05] warmStart (decay=exponential) 35% (426/1198) regret=0.102180 ape=0.5576
[17:52:05] warmStart (decay=exponential) 35% (427/1198) regret=0.102129 ape=0.5567
[17:52:05] warmStart (decay=exponential) 35% (428/1198) regret=0.102129 ape=0.5567
[17:52:05] warmStart (decay=exponential) 35% (429/1198) regret=0.102129 ape=0.5567
[17:52:05] warmStart (decay=exponential) 35% (430/1198) regret=0.102129 ape=0.5567
[17:52:06] warmStart (decay=exponential) 35% (431/1198) regret=0.102129 ape=0.5567
[17:52:06] warmStart (decay=exponential) 36% (432/1198) regret=0.102129 ape=0.5567
[17:52:06] warmStart (decay=exponential) 36% (433/1198) regret=0.102129 ape=0.5567
[17:52:06] warmStart (decay=exponential) 36% (434/1198) regret=0.102129 ape=0.5567
[17:52:06] warmStart (decay=exponential) 36% (435/1198) regret=0.102134 ape=0.5576
[17:52:06] warmStart (decay=exponential) 36% (436/1198) regret=0.102134 ape=0.5576
[17:52:06] warmStart (decay=exponential) 36% (437/1198) regret=0.102129 ape=0.5567
[17:52:07] warmStart (decay=exponential) 36% (438/1198) regret=0.102134 ape=0.5576
[17:52:07] warmStart (decay=exponential) 36% (439/1198) regret=0.102129 ape=0.5567
[17:52:07] warmStart (decay=exponential) 36% (440/1198) regret=0.102129 ape=0.5567
[17:52:07] warmStart (decay=exponential) 36% (441/1198) regret=0.102134 ape=0.5576
[17:52:07] warmStart (decay=exponential) 36% (442/1198) regret=0.102134 ape=0.5576
[17:52:07] warmStart (decay=exponential) 36% (443/1198) regret=0.102134 ape=0.5576
[17:52:08] warmStart (decay=exponential) 37% (444/1198) regret=0.102134 ape=0.5576
[17:52:08] warmStart (decay=exponential) 37% (445/1198) regret=0.102134 ape=0.5576
[17:52:08] warmStart (decay=exponential) 37% (446/1198) regret=0.102134 ape=0.5576
[17:52:08] warmStart (decay=exponential) 37% (447/1198) regret=0.102134 ape=0.5576
[17:52:08] warmStart (decay=exponential) 37% (448/1198) regret=0.102134 ape=0.5576
[17:52:08] warmStart (decay=exponential) 37% (449/1198) regret=0.102134 ape=0.5576
[17:52:09] warmStart (decay=exponential) 37% (450/1198) regret=0.102134 ape=0.5576
[17:52:09] warmStart (decay=exponential) 37% (451/1198) regret=0.102134 ape=0.5576
[17:52:09] warmStart (decay=exponential) 37% (452/1198) regret=0.102134 ape=0.5576
[17:52:09] warmStart (decay=exponential) 37% (453/1198) regret=0.102134 ape=0.5576
[17:52:09] warmStart (decay=exponential) 37% (454/1198) regret=0.102134 ape=0.5576
[17:52:09] warmStart (decay=exponential) 37% (455/1198) regret=0.102134 ape=0.5576
[17:52:10] warmStart (decay=exponential) 38% (456/1198) regret=0.102134 ape=0.5576
[17:52:10] warmStart (decay=exponential) 38% (457/1198) regret=0.102134 ape=0.5576
[17:52:10] warmStart (decay=exponential) 38% (458/1198) regret=0.102134 ape=0.5576
[17:52:10] warmStart (decay=exponential) 38% (459/1198) regret=0.102134 ape=0.5576
[17:52:10] warmStart (decay=exponential) 38% (460/1198) regret=0.102134 ape=0.5576
[17:52:10] warmStart (decay=exponential) 38% (461/1198) regret=0.102134 ape=0.5576
[17:52:11] warmStart (decay=exponential) 38% (462/1198) regret=0.102134 ape=0.5576
[17:52:11] warmStart (decay=exponential) 38% (463/1198) regret=0.102134 ape=0.5576
[17:52:11] warmStart (decay=exponential) 38% (464/1198) regret=0.102134 ape=0.5576
[17:52:11] warmStart (decay=exponential) 38% (465/1198) regret=0.102134 ape=0.5576
[17:52:11] warmStart (decay=exponential) 38% (466/1198) regret=0.102134 ape=0.5576
[17:52:11] warmStart (decay=exponential) 38% (467/1198) regret=0.102134 ape=0.5576
[17:52:12] warmStart (decay=exponential) 39% (468/1198) regret=0.102134 ape=0.5576
[17:52:12] warmStart (decay=exponential) 39% (469/1198) regret=0.102134 ape=0.5576
[17:52:12] warmStart (decay=exponential) 39% (470/1198) regret=0.102134 ape=0.5576
[17:52:12] warmStart (decay=exponential) 39% (471/1198) regret=0.102134 ape=0.5576
[17:52:12] warmStart (decay=exponential) 39% (472/1198) regret=0.102134 ape=0.5576
[17:52:12] warmStart (decay=exponential) 39% (473/1198) regret=0.102134 ape=0.5576
[17:52:13] warmStart (decay=exponential) 39% (474/1198) regret=0.102134 ape=0.5576
[17:52:13] warmStart (decay=exponential) 39% (475/1198) regret=0.102134 ape=0.5576
[17:52:13] warmStart (decay=exponential) 39% (476/1198) regret=0.102134 ape=0.5576
[17:52:13] warmStart (decay=exponential) 39% (477/1198) regret=0.102134 ape=0.5576
[17:52:13] warmStart (decay=exponential) 39% (478/1198) regret=0.102134 ape=0.5576
[17:52:13] warmStart (decay=exponential) 39% (479/1198) regret=0.102134 ape=0.5576
[17:52:13] warmStart (decay=exponential) 40% (480/1198) regret=0.102134 ape=0.5576
[17:52:14] warmStart (decay=exponential) 40% (481/1198) regret=0.102134 ape=0.5576
[17:52:14] warmStart (decay=exponential) 40% (482/1198) regret=0.102134 ape=0.5576
[17:52:14] warmStart (decay=exponential) 40% (483/1198) regret=0.102134 ape=0.5576
[17:52:14] warmStart (decay=exponential) 40% (484/1198) regret=0.102134 ape=0.5576
[17:52:14] warmStart (decay=exponential) 40% (485/1198) regret=0.102134 ape=0.5576
[17:52:14] warmStart (decay=exponential) 40% (486/1198) regret=0.102134 ape=0.5576
[17:52:15] warmStart (decay=exponential) 40% (487/1198) regret=0.102134 ape=0.5576
[17:52:15] warmStart (decay=exponential) 40% (488/1198) regret=0.102134 ape=0.5576
[17:52:15] warmStart (decay=exponential) 40% (489/1198) regret=0.102134 ape=0.5576
[17:52:15] warmStart (decay=exponential) 40% (490/1198) regret=0.102134 ape=0.5576
[17:52:15] warmStart (decay=exponential) 40% (491/1198) regret=0.102134 ape=0.5576
[17:52:15] warmStart (decay=exponential) 41% (492/1198) regret=0.102134 ape=0.5576
[17:52:16] warmStart (decay=exponential) 41% (493/1198) regret=0.102134 ape=0.5576
[17:52:16] warmStart (decay=exponential) 41% (494/1198) regret=0.102134 ape=0.5576
[17:52:16] warmStart (decay=exponential) 41% (495/1198) regret=0.102134 ape=0.5576
[17:52:16] warmStart (decay=exponential) 41% (496/1198) regret=0.102134 ape=0.5576
[17:52:16] warmStart (decay=exponential) 41% (497/1198) regret=0.102134 ape=0.5576
[17:52:16] warmStart (decay=exponential) 41% (498/1198) regret=0.102502 ape=0.5576
[17:52:17] warmStart (decay=exponential) 41% (499/1198) regret=0.102152 ape=0.5576
[17:52:17] warmStart (decay=exponential) 41% (500/1198) regret=0.102152 ape=0.5576
[17:52:17] warmStart (decay=exponential) 41% (501/1198) regret=0.102152 ape=0.5576
[17:52:17] warmStart (decay=exponential) 41% (502/1198) regret=0.102152 ape=0.5576
[17:52:17] warmStart (decay=exponential) 41% (503/1198) regret=0.102152 ape=0.5576
[17:52:18] warmStart (decay=exponential) 42% (504/1198) regret=0.102134 ape=0.5576
[17:52:18] warmStart (decay=exponential) 42% (505/1198) regret=0.102134 ape=0.5576
[17:52:18] warmStart (decay=exponential) 42% (506/1198) regret=0.102134 ape=0.5576
[17:52:18] warmStart (decay=exponential) 42% (507/1198) regret=0.102134 ape=0.5576
[17:52:18] warmStart (decay=exponential) 42% (508/1198) regret=0.102134 ape=0.5576
[17:52:18] warmStart (decay=exponential) 42% (509/1198) regret=0.102134 ape=0.5576
[17:52:19] warmStart (decay=exponential) 42% (510/1198) regret=0.102134 ape=0.5576
[17:52:19] warmStart (decay=exponential) 42% (511/1198) regret=0.102115 ape=0.5567
[17:52:19] warmStart (decay=exponential) 42% (512/1198) regret=0.102115 ape=0.5567
[17:52:19] warmStart (decay=exponential) 42% (513/1198) regret=0.102115 ape=0.5567
[17:52:19] warmStart (decay=exponential) 42% (514/1198) regret=0.102115 ape=0.5567
[17:52:20] warmStart (decay=exponential) 42% (515/1198) regret=0.102115 ape=0.5567
[17:52:20] warmStart (decay=exponential) 43% (516/1198) regret=0.102115 ape=0.5567
[17:52:20] warmStart (decay=exponential) 43% (517/1198) regret=0.102115 ape=0.5567
[17:52:20] warmStart (decay=exponential) 43% (518/1198) regret=0.102115 ape=0.5567
[17:52:20] warmStart (decay=exponential) 43% (519/1198) regret=0.102115 ape=0.5567
[17:52:21] warmStart (decay=exponential) 43% (520/1198) regret=0.102115 ape=0.5567
[17:52:21] warmStart (decay=exponential) 43% (521/1198) regret=0.102115 ape=0.5567
[17:52:21] warmStart (decay=exponential) 43% (522/1198) regret=0.102115 ape=0.5567
[17:52:21] warmStart (decay=exponential) 43% (523/1198) regret=0.102115 ape=0.5567
[17:52:21] warmStart (decay=exponential) 43% (524/1198) regret=0.102115 ape=0.5567
[17:52:21] warmStart (decay=exponential) 43% (525/1198) regret=0.102115 ape=0.5567
[17:52:22] warmStart (decay=exponential) 43% (526/1198) regret=0.102115 ape=0.5567
[17:52:22] warmStart (decay=exponential) 43% (527/1198) regret=0.102115 ape=0.5567
[17:52:22] warmStart (decay=exponential) 44% (528/1198) regret=0.102115 ape=0.5567
[17:52:22] warmStart (decay=exponential) 44% (529/1198) regret=0.102115 ape=0.5567
[17:52:22] warmStart (decay=exponential) 44% (530/1198) regret=0.102115 ape=0.5567
[17:52:23] warmStart (decay=exponential) 44% (531/1198) regret=0.102115 ape=0.5567
[17:52:23] warmStart (decay=exponential) 44% (532/1198) regret=0.102115 ape=0.5567
[17:52:23] warmStart (decay=exponential) 44% (533/1198) regret=0.102115 ape=0.5567
[17:52:23] warmStart (decay=exponential) 44% (534/1198) regret=0.102115 ape=0.5567
[17:52:23] warmStart (decay=exponential) 44% (535/1198) regret=0.102115 ape=0.5567
[17:52:23] warmStart (decay=exponential) 44% (536/1198) regret=0.102115 ape=0.5567
[17:52:23] warmStart (decay=exponential) 44% (537/1198) regret=0.102115 ape=0.5567
[17:52:24] warmStart (decay=exponential) 44% (538/1198) regret=0.102115 ape=0.5567
[17:52:24] warmStart (decay=exponential) 44% (539/1198) regret=0.102115 ape=0.5567
[17:52:24] warmStart (decay=exponential) 45% (540/1198) regret=0.102115 ape=0.5567
[17:52:24] warmStart (decay=exponential) 45% (541/1198) regret=0.102115 ape=0.5567
[17:52:24] warmStart (decay=exponential) 45% (542/1198) regret=0.102115 ape=0.5567
[17:52:24] warmStart (decay=exponential) 45% (543/1198) regret=0.102115 ape=0.5567
[17:52:24] warmStart (decay=exponential) 45% (544/1198) regret=0.102115 ape=0.5567
[17:52:25] warmStart (decay=exponential) 45% (545/1198) regret=0.102115 ape=0.5567
[17:52:25] warmStart (decay=exponential) 45% (546/1198) regret=0.102115 ape=0.5567
[17:52:25] warmStart (decay=exponential) 45% (547/1198) regret=0.102115 ape=0.5567
[17:52:25] warmStart (decay=exponential) 45% (548/1198) regret=0.102115 ape=0.5567
[17:52:25] warmStart (decay=exponential) 45% (549/1198) regret=0.102115 ape=0.5567
[17:52:25] warmStart (decay=exponential) 45% (550/1198) regret=0.102115 ape=0.5567
[17:52:26] warmStart (decay=exponential) 45% (551/1198) regret=0.102115 ape=0.5567
[17:52:26] warmStart (decay=exponential) 46% (552/1198) regret=0.102115 ape=0.5567
[17:52:26] warmStart (decay=exponential) 46% (553/1198) regret=0.102115 ape=0.5567
[17:52:26] warmStart (decay=exponential) 46% (554/1198) regret=0.102115 ape=0.5567
[17:52:26] warmStart (decay=exponential) 46% (555/1198) regret=0.102115 ape=0.5567
[17:52:26] warmStart (decay=exponential) 46% (556/1198) regret=0.102115 ape=0.5567
[17:52:26] warmStart (decay=exponential) 46% (557/1198) regret=0.102115 ape=0.5567
[17:52:27] warmStart (decay=exponential) 46% (558/1198) regret=0.102115 ape=0.5567
[17:52:27] warmStart (decay=exponential) 46% (559/1198) regret=0.102115 ape=0.5567
[17:52:27] warmStart (decay=exponential) 46% (560/1198) regret=0.102115 ape=0.5567
[17:52:27] warmStart (decay=exponential) 46% (561/1198) regret=0.102115 ape=0.5567
[17:52:27] warmStart (decay=exponential) 46% (562/1198) regret=0.102115 ape=0.5567
[17:52:27] warmStart (decay=exponential) 46% (563/1198) regret=0.102115 ape=0.5567
[17:52:27] warmStart (decay=exponential) 47% (564/1198) regret=0.102115 ape=0.5567
[17:52:28] warmStart (decay=exponential) 47% (565/1198) regret=0.102115 ape=0.5567
[17:52:28] warmStart (decay=exponential) 47% (566/1198) regret=0.102115 ape=0.5567
[17:52:28] warmStart (decay=exponential) 47% (567/1198) regret=0.102115 ape=0.5567
[17:52:28] warmStart (decay=exponential) 47% (568/1198) regret=0.102115 ape=0.5567
[17:52:28] warmStart (decay=exponential) 47% (569/1198) regret=0.102115 ape=0.5567
[17:52:28] warmStart (decay=exponential) 47% (570/1198) regret=0.102115 ape=0.5567
[17:52:29] warmStart (decay=exponential) 47% (571/1198) regret=0.102115 ape=0.5567
[17:52:29] warmStart (decay=exponential) 47% (572/1198) regret=0.102115 ape=0.5567
[17:52:29] warmStart (decay=exponential) 47% (573/1198) regret=0.102115 ape=0.5567
[17:52:29] warmStart (decay=exponential) 47% (574/1198) regret=0.102115 ape=0.5567
[17:52:29] warmStart (decay=exponential) 47% (575/1198) regret=0.102115 ape=0.5567
[17:52:29] warmStart (decay=exponential) 48% (576/1198) regret=0.102115 ape=0.5567
[17:52:29] warmStart (decay=exponential) 48% (577/1198) regret=0.102115 ape=0.5567
[17:52:30] warmStart (decay=exponential) 48% (578/1198) regret=0.102115 ape=0.5567
[17:52:30] warmStart (decay=exponential) 48% (579/1198) regret=0.102115 ape=0.5567
[17:52:30] warmStart (decay=exponential) 48% (580/1198) regret=0.102115 ape=0.5567
[17:52:30] warmStart (decay=exponential) 48% (581/1198) regret=0.102115 ape=0.5567
[17:52:30] warmStart (decay=exponential) 48% (582/1198) regret=0.102115 ape=0.5567
[17:52:30] warmStart (decay=exponential) 48% (583/1198) regret=0.102115 ape=0.5567
[17:52:30] warmStart (decay=exponential) 48% (584/1198) regret=0.102115 ape=0.5567
[17:52:31] warmStart (decay=exponential) 48% (585/1198) regret=0.102115 ape=0.5567
[17:52:31] warmStart (decay=exponential) 48% (586/1198) regret=0.102115 ape=0.5567
[17:52:31] warmStart (decay=exponential) 48% (587/1198) regret=0.102115 ape=0.5567
[17:52:31] warmStart (decay=exponential) 49% (588/1198) regret=0.102115 ape=0.5567
[17:52:31] warmStart (decay=exponential) 49% (589/1198) regret=0.102115 ape=0.5567
[17:52:31] warmStart (decay=exponential) 49% (590/1198) regret=0.102115 ape=0.5567
[17:52:32] warmStart (decay=exponential) 49% (591/1198) regret=0.102115 ape=0.5567
[17:52:32] warmStart (decay=exponential) 49% (592/1198) regret=0.102115 ape=0.5567
[17:52:32] warmStart (decay=exponential) 49% (593/1198) regret=0.102115 ape=0.5567
[17:52:32] warmStart (decay=exponential) 49% (594/1198) regret=0.102115 ape=0.5567
[17:52:32] warmStart (decay=exponential) 49% (595/1198) regret=0.102115 ape=0.5567
[17:52:32] warmStart (decay=exponential) 49% (596/1198) regret=0.102115 ape=0.5567
[17:52:32] warmStart (decay=exponential) 49% (597/1198) regret=0.102115 ape=0.5567
[17:52:33] warmStart (decay=exponential) 49% (598/1198) regret=0.102115 ape=0.5567
[17:52:33] warmStart (decay=exponential) 50% (599/1198) regret=0.102115 ape=0.5567
[17:52:33] warmStart (decay=exponential) 50% (600/1198) regret=0.102115 ape=0.5567
[17:52:33] warmStart (decay=exponential) 50% (601/1198) regret=0.102115 ape=0.5567
[17:52:33] warmStart (decay=exponential) 50% (602/1198) regret=0.102115 ape=0.5567
[17:52:33] warmStart (decay=exponential) 50% (603/1198) regret=0.102115 ape=0.5567
[17:52:33] warmStart (decay=exponential) 50% (604/1198) regret=0.102115 ape=0.5567
[17:52:34] warmStart (decay=exponential) 50% (605/1198) regret=0.102115 ape=0.5567
[17:52:34] warmStart (decay=exponential) 50% (606/1198) regret=0.102115 ape=0.5567
[17:52:34] warmStart (decay=exponential) 50% (607/1198) regret=0.102115 ape=0.5567
[17:52:34] warmStart (decay=exponential) 50% (608/1198) regret=0.102115 ape=0.5567
[17:52:34] warmStart (decay=exponential) 50% (609/1198) regret=0.102115 ape=0.5567
[17:52:34] warmStart (decay=exponential) 50% (610/1198) regret=0.102115 ape=0.5567
[17:52:35] warmStart (decay=exponential) 51% (611/1198) regret=0.102115 ape=0.5567
[17:52:35] warmStart (decay=exponential) 51% (612/1198) regret=0.102115 ape=0.5567
[17:52:35] warmStart (decay=exponential) 51% (613/1198) regret=0.102115 ape=0.5567
[17:52:35] warmStart (decay=exponential) 51% (614/1198) regret=0.102115 ape=0.5567
[17:52:35] warmStart (decay=exponential) 51% (615/1198) regret=0.102115 ape=0.5567
[17:52:35] warmStart (decay=exponential) 51% (616/1198) regret=0.102115 ape=0.5567
[17:52:35] warmStart (decay=exponential) 51% (617/1198) regret=0.102115 ape=0.5567
[17:52:36] warmStart (decay=exponential) 51% (618/1198) regret=0.102115 ape=0.5567
[17:52:36] warmStart (decay=exponential) 51% (619/1198) regret=0.102115 ape=0.5567
[17:52:36] warmStart (decay=exponential) 51% (620/1198) regret=0.102115 ape=0.5567
[17:52:36] warmStart (decay=exponential) 51% (621/1198) regret=0.102115 ape=0.5567
[17:52:36] warmStart (decay=exponential) 51% (622/1198) regret=0.102115 ape=0.5567
[17:52:36] warmStart (decay=exponential) 52% (623/1198) regret=0.102115 ape=0.5567
[17:52:37] warmStart (decay=exponential) 52% (624/1198) regret=0.102115 ape=0.5567
[17:52:37] warmStart (decay=exponential) 52% (625/1198) regret=0.102115 ape=0.5567
[17:52:37] warmStart (decay=exponential) 52% (626/1198) regret=0.102115 ape=0.5567
[17:52:37] warmStart (decay=exponential) 52% (627/1198) regret=0.102115 ape=0.5567
[17:52:37] warmStart (decay=exponential) 52% (628/1198) regret=0.102115 ape=0.5567
[17:52:37] warmStart (decay=exponential) 52% (629/1198) regret=0.102115 ape=0.5567
[17:52:37] warmStart (decay=exponential) 52% (630/1198) regret=0.102115 ape=0.5567
[17:52:38] warmStart (decay=exponential) 52% (631/1198) regret=0.102115 ape=0.5567
[17:52:38] warmStart (decay=exponential) 52% (632/1198) regret=0.102115 ape=0.5567
[17:52:38] warmStart (decay=exponential) 52% (633/1198) regret=0.102115 ape=0.5567
[17:52:38] warmStart (decay=exponential) 52% (634/1198) regret=0.102115 ape=0.5567
[17:52:38] warmStart (decay=exponential) 53% (635/1198) regret=0.102115 ape=0.5567
[17:52:38] warmStart (decay=exponential) 53% (636/1198) regret=0.102115 ape=0.5567
[17:52:39] warmStart (decay=exponential) 53% (637/1198) regret=0.102115 ape=0.5567
[17:52:39] warmStart (decay=exponential) 53% (638/1198) regret=0.102180 ape=0.5567
[17:52:39] warmStart (decay=exponential) 53% (639/1198) regret=0.102161 ape=0.5567
[17:52:39] warmStart (decay=exponential) 53% (640/1198) regret=0.102161 ape=0.5567
[17:52:39] warmStart (decay=exponential) 53% (641/1198) regret=0.102161 ape=0.5567
[17:52:39] warmStart (decay=exponential) 53% (642/1198) regret=0.102161 ape=0.5567
[17:52:40] warmStart (decay=exponential) 53% (643/1198) regret=0.102161 ape=0.5567
[17:52:40] warmStart (decay=exponential) 53% (644/1198) regret=0.102161 ape=0.5567
[17:52:40] warmStart (decay=exponential) 53% (645/1198) regret=0.102028 ape=0.5558
[17:52:40] warmStart (decay=exponential) 53% (646/1198) regret=0.102028 ape=0.5558
[17:52:40] warmStart (decay=exponential) 54% (647/1198) regret=0.102028 ape=0.5558
[17:52:40] warmStart (decay=exponential) 54% (648/1198) regret=0.102028 ape=0.5558
[17:52:41] warmStart (decay=exponential) 54% (649/1198) regret=0.102028 ape=0.5558
[17:52:41] warmStart (decay=exponential) 54% (650/1198) regret=0.102028 ape=0.5558
[17:52:41] warmStart (decay=exponential) 54% (651/1198) regret=0.102028 ape=0.5558
[17:52:41] warmStart (decay=exponential) 54% (652/1198) regret=0.102028 ape=0.5558
[17:52:41] warmStart (decay=exponential) 54% (653/1198) regret=0.102028 ape=0.5558
[17:52:42] warmStart (decay=exponential) 54% (654/1198) regret=0.102028 ape=0.5558
[17:52:42] warmStart (decay=exponential) 54% (655/1198) regret=0.102028 ape=0.5558
[17:52:42] warmStart (decay=exponential) 54% (656/1198) regret=0.102028 ape=0.5558
[17:52:42] warmStart (decay=exponential) 54% (657/1198) regret=0.102028 ape=0.5558
[17:52:42] warmStart (decay=exponential) 54% (658/1198) regret=0.102028 ape=0.5558
[17:52:42] warmStart (decay=exponential) 55% (659/1198) regret=0.102028 ape=0.5558
[17:52:43] warmStart (decay=exponential) 55% (660/1198) regret=0.102028 ape=0.5558
[17:52:43] warmStart (decay=exponential) 55% (661/1198) regret=0.102028 ape=0.5558
[17:52:43] warmStart (decay=exponential) 55% (662/1198) regret=0.102028 ape=0.5558
[17:52:43] warmStart (decay=exponential) 55% (663/1198) regret=0.102028 ape=0.5558
[17:52:43] warmStart (decay=exponential) 55% (664/1198) regret=0.102028 ape=0.5558
[17:52:43] warmStart (decay=exponential) 55% (665/1198) regret=0.102028 ape=0.5558
[17:52:44] warmStart (decay=exponential) 55% (666/1198) regret=0.102028 ape=0.5558
[17:52:44] warmStart (decay=exponential) 55% (667/1198) regret=0.102028 ape=0.5558
[17:52:44] warmStart (decay=exponential) 55% (668/1198) regret=0.102028 ape=0.5558
[17:52:44] warmStart (decay=exponential) 55% (669/1198) regret=0.102028 ape=0.5558
[17:52:44] warmStart (decay=exponential) 55% (670/1198) regret=0.102028 ape=0.5558
[17:52:45] warmStart (decay=exponential) 56% (671/1198) regret=0.102028 ape=0.5558
[17:52:45] warmStart (decay=exponential) 56% (672/1198) regret=0.102028 ape=0.5558
[17:52:45] warmStart (decay=exponential) 56% (673/1198) regret=0.102028 ape=0.5558
[17:52:45] warmStart (decay=exponential) 56% (674/1198) regret=0.102201 ape=0.5567
[17:52:45] warmStart (decay=exponential) 56% (675/1198) regret=0.102028 ape=0.5558
[17:52:45] warmStart (decay=exponential) 56% (676/1198) regret=0.102058 ape=0.5567
[17:52:46] warmStart (decay=exponential) 56% (677/1198) regret=0.102060 ape=0.5567
[17:52:46] warmStart (decay=exponential) 56% (678/1198) regret=0.102060 ape=0.5567
[17:52:46] warmStart (decay=exponential) 56% (679/1198) regret=0.102060 ape=0.5567
[17:52:46] warmStart (decay=exponential) 56% (680/1198) regret=0.102060 ape=0.5567
[17:52:46] warmStart (decay=exponential) 56% (681/1198) regret=0.102028 ape=0.5558
[17:52:46] warmStart (decay=exponential) 56% (682/1198) regret=0.102028 ape=0.5558
[17:52:47] warmStart (decay=exponential) 57% (683/1198) regret=0.102028 ape=0.5558
[17:52:47] warmStart (decay=exponential) 57% (684/1198) regret=0.102028 ape=0.5558
[17:52:47] warmStart (decay=exponential) 57% (685/1198) regret=0.102028 ape=0.5558
[17:52:47] warmStart (decay=exponential) 57% (686/1198) regret=0.102028 ape=0.5558
[17:52:47] warmStart (decay=exponential) 57% (687/1198) regret=0.102028 ape=0.5558
[17:52:47] warmStart (decay=exponential) 57% (688/1198) regret=0.102028 ape=0.5558
[17:52:48] warmStart (decay=exponential) 57% (689/1198) regret=0.102028 ape=0.5558
[17:52:48] warmStart (decay=exponential) 57% (690/1198) regret=0.102028 ape=0.5558
[17:52:48] warmStart (decay=exponential) 57% (691/1198) regret=0.102028 ape=0.5558
[17:52:48] warmStart (decay=exponential) 57% (692/1198) regret=0.102028 ape=0.5558
[17:52:48] warmStart (decay=exponential) 57% (693/1198) regret=0.102028 ape=0.5558
[17:52:48] warmStart (decay=exponential) 57% (694/1198) regret=0.102028 ape=0.5558
[17:52:49] warmStart (decay=exponential) 58% (695/1198) regret=0.102028 ape=0.5558
[17:52:49] warmStart (decay=exponential) 58% (696/1198) regret=0.102028 ape=0.5558
[17:52:49] warmStart (decay=exponential) 58% (697/1198) regret=0.102028 ape=0.5558
[17:52:49] warmStart (decay=exponential) 58% (698/1198) regret=0.102028 ape=0.5558
[17:52:49] warmStart (decay=exponential) 58% (699/1198) regret=0.102028 ape=0.5558
[17:52:49] warmStart (decay=exponential) 58% (700/1198) regret=0.102028 ape=0.5558
[17:52:50] warmStart (decay=exponential) 58% (701/1198) regret=0.102028 ape=0.5558
[17:52:50] warmStart (decay=exponential) 58% (702/1198) regret=0.102028 ape=0.5558
[17:52:50] warmStart (decay=exponential) 58% (703/1198) regret=0.102028 ape=0.5558
[17:52:50] warmStart (decay=exponential) 58% (704/1198) regret=0.102028 ape=0.5558
[17:52:50] warmStart (decay=exponential) 58% (705/1198) regret=0.102028 ape=0.5558
[17:52:50] warmStart (decay=exponential) 58% (706/1198) regret=0.102028 ape=0.5558
[17:52:51] warmStart (decay=exponential) 59% (707/1198) regret=0.102028 ape=0.5558
[17:52:51] warmStart (decay=exponential) 59% (708/1198) regret=0.102028 ape=0.5558
[17:52:51] warmStart (decay=exponential) 59% (709/1198) regret=0.102028 ape=0.5558
[17:52:51] warmStart (decay=exponential) 59% (710/1198) regret=0.102028 ape=0.5558
[17:52:51] warmStart (decay=exponential) 59% (711/1198) regret=0.102028 ape=0.5558
[17:52:51] warmStart (decay=exponential) 59% (712/1198) regret=0.102028 ape=0.5558
[17:52:51] warmStart (decay=exponential) 59% (713/1198) regret=0.102028 ape=0.5558
[17:52:52] warmStart (decay=exponential) 59% (714/1198) regret=0.102028 ape=0.5558
[17:52:52] warmStart (decay=exponential) 59% (715/1198) regret=0.102175 ape=0.5558
[17:52:52] warmStart (decay=exponential) 59% (716/1198) regret=0.102180 ape=0.5558
[17:52:52] warmStart (decay=exponential) 59% (717/1198) regret=0.102005 ape=0.5558
[17:52:52] warmStart (decay=exponential) 59% (718/1198) regret=0.102005 ape=0.5558
[17:52:53] warmStart (decay=exponential) 60% (719/1198) regret=0.102005 ape=0.5558
[17:52:53] warmStart (decay=exponential) 60% (720/1198) regret=0.102023 ape=0.5558
[17:52:53] warmStart (decay=exponential) 60% (721/1198) regret=0.102023 ape=0.5558
[17:52:53] warmStart (decay=exponential) 60% (722/1198) regret=0.101973 ape=0.5548
[17:52:53] warmStart (decay=exponential) 60% (723/1198) regret=0.101973 ape=0.5548
[17:52:53] warmStart (decay=exponential) 60% (724/1198) regret=0.101973 ape=0.5548
[17:52:54] warmStart (decay=exponential) 60% (725/1198) regret=0.101973 ape=0.5548
[17:52:54] warmStart (decay=exponential) 60% (726/1198) regret=0.101973 ape=0.5548
[17:52:54] warmStart (decay=exponential) 60% (727/1198) regret=0.102023 ape=0.5558
[17:52:54] warmStart (decay=exponential) 60% (728/1198) regret=0.102023 ape=0.5558
[17:52:54] warmStart (decay=exponential) 60% (729/1198) regret=0.102023 ape=0.5558
[17:52:54] warmStart (decay=exponential) 60% (730/1198) regret=0.102023 ape=0.5558
[17:52:55] warmStart (decay=exponential) 61% (731/1198) regret=0.102023 ape=0.5558
[17:52:55] warmStart (decay=exponential) 61% (732/1198) regret=0.102023 ape=0.5558
[17:52:55] warmStart (decay=exponential) 61% (733/1198) regret=0.101973 ape=0.5548
[17:52:55] warmStart (decay=exponential) 61% (734/1198) regret=0.101973 ape=0.5548
[17:52:55] warmStart (decay=exponential) 61% (735/1198) regret=0.101973 ape=0.5548
[17:52:55] warmStart (decay=exponential) 61% (736/1198) regret=0.101973 ape=0.5548
[17:52:56] warmStart (decay=exponential) 61% (737/1198) regret=0.101973 ape=0.5548
[17:52:56] warmStart (decay=exponential) 61% (738/1198) regret=0.102005 ape=0.5558
[17:52:56] warmStart (decay=exponential) 61% (739/1198) regret=0.102005 ape=0.5558
[17:52:56] warmStart (decay=exponential) 61% (740/1198) regret=0.102005 ape=0.5558
[17:52:56] warmStart (decay=exponential) 61% (741/1198) regret=0.101973 ape=0.5548
[17:52:57] warmStart (decay=exponential) 61% (742/1198) regret=0.101973 ape=0.5548
[17:52:57] warmStart (decay=exponential) 62% (743/1198) regret=0.101973 ape=0.5548
[17:52:57] warmStart (decay=exponential) 62% (744/1198) regret=0.101973 ape=0.5548
[17:52:57] warmStart (decay=exponential) 62% (745/1198) regret=0.101973 ape=0.5548
[17:52:57] warmStart (decay=exponential) 62% (746/1198) regret=0.101973 ape=0.5548
[17:52:57] warmStart (decay=exponential) 62% (747/1198) regret=0.101973 ape=0.5548
[17:52:58] warmStart (decay=exponential) 62% (748/1198) regret=0.101973 ape=0.5548
[17:52:58] warmStart (decay=exponential) 62% (749/1198) regret=0.101973 ape=0.5548
[17:52:58] warmStart (decay=exponential) 62% (750/1198) regret=0.102005 ape=0.5558
[17:52:58] warmStart (decay=exponential) 62% (751/1198) regret=0.102005 ape=0.5558
[17:52:58] warmStart (decay=exponential) 62% (752/1198) regret=0.102005 ape=0.5558
[17:52:58] warmStart (decay=exponential) 62% (753/1198) regret=0.102005 ape=0.5558
[17:52:59] warmStart (decay=exponential) 62% (754/1198) regret=0.102005 ape=0.5558
[17:52:59] warmStart (decay=exponential) 63% (755/1198) regret=0.102005 ape=0.5558
[17:52:59] warmStart (decay=exponential) 63% (756/1198) regret=0.102005 ape=0.5558
[17:52:59] warmStart (decay=exponential) 63% (757/1198) regret=0.102005 ape=0.5558
[17:52:59] warmStart (decay=exponential) 63% (758/1198) regret=0.102005 ape=0.5558
[17:52:59] warmStart (decay=exponential) 63% (759/1198) regret=0.102005 ape=0.5558
[17:53:00] warmStart (decay=exponential) 63% (760/1198) regret=0.102005 ape=0.5558
[17:53:00] warmStart (decay=exponential) 63% (761/1198) regret=0.102005 ape=0.5558
[17:53:00] warmStart (decay=exponential) 63% (762/1198) regret=0.102005 ape=0.5558
[17:53:00] warmStart (decay=exponential) 63% (763/1198) regret=0.102005 ape=0.5558
[17:53:00] warmStart (decay=exponential) 63% (764/1198) regret=0.102005 ape=0.5558
[17:53:00] warmStart (decay=exponential) 63% (765/1198) regret=0.102005 ape=0.5558
[17:53:01] warmStart (decay=exponential) 63% (766/1198) regret=0.102005 ape=0.5558
[17:53:01] warmStart (decay=exponential) 64% (767/1198) regret=0.102005 ape=0.5558
[17:53:01] warmStart (decay=exponential) 64% (768/1198) regret=0.102005 ape=0.5558
[17:53:01] warmStart (decay=exponential) 64% (769/1198) regret=0.102005 ape=0.5558
[17:53:01] warmStart (decay=exponential) 64% (770/1198) regret=0.102005 ape=0.5558
[17:53:01] warmStart (decay=exponential) 64% (771/1198) regret=0.102005 ape=0.5558
[17:53:02] warmStart (decay=exponential) 64% (772/1198) regret=0.102005 ape=0.5558
[17:53:02] warmStart (decay=exponential) 64% (773/1198) regret=0.102005 ape=0.5558
[17:53:02] warmStart (decay=exponential) 64% (774/1198) regret=0.102005 ape=0.5558
[17:53:02] warmStart (decay=exponential) 64% (775/1198) regret=0.102005 ape=0.5558
[17:53:02] warmStart (decay=exponential) 64% (776/1198) regret=0.102005 ape=0.5558
[17:53:02] warmStart (decay=exponential) 64% (777/1198) regret=0.102005 ape=0.5558
[17:53:02] warmStart (decay=exponential) 64% (778/1198) regret=0.102005 ape=0.5558
[17:53:03] warmStart (decay=exponential) 65% (779/1198) regret=0.102005 ape=0.5558
[17:53:03] warmStart (decay=exponential) 65% (780/1198) regret=0.102005 ape=0.5558
[17:53:03] warmStart (decay=exponential) 65% (781/1198) regret=0.102005 ape=0.5558
[17:53:03] warmStart (decay=exponential) 65% (782/1198) regret=0.102005 ape=0.5558
[17:53:03] warmStart (decay=exponential) 65% (783/1198) regret=0.102005 ape=0.5558
[17:53:03] warmStart (decay=exponential) 65% (784/1198) regret=0.102005 ape=0.5558
[17:53:04] warmStart (decay=exponential) 65% (785/1198) regret=0.102005 ape=0.5558
[17:53:04] warmStart (decay=exponential) 65% (786/1198) regret=0.102005 ape=0.5558
[17:53:04] warmStart (decay=exponential) 65% (787/1198) regret=0.102005 ape=0.5558
[17:53:04] warmStart (decay=exponential) 65% (788/1198) regret=0.102005 ape=0.5558
[17:53:04] warmStart (decay=exponential) 65% (789/1198) regret=0.102005 ape=0.5558
[17:53:04] warmStart (decay=exponential) 65% (790/1198) regret=0.102005 ape=0.5558
[17:53:05] warmStart (decay=exponential) 66% (791/1198) regret=0.102005 ape=0.5558
[17:53:05] warmStart (decay=exponential) 66% (792/1198) regret=0.102005 ape=0.5558
[17:53:05] warmStart (decay=exponential) 66% (793/1198) regret=0.102005 ape=0.5558
[17:53:05] warmStart (decay=exponential) 66% (794/1198) regret=0.102005 ape=0.5558
[17:53:05] warmStart (decay=exponential) 66% (795/1198) regret=0.102005 ape=0.5558
[17:53:05] warmStart (decay=exponential) 66% (796/1198) regret=0.102005 ape=0.5558
[17:53:05] warmStart (decay=exponential) 66% (797/1198) regret=0.102005 ape=0.5558
[17:53:06] warmStart (decay=exponential) 66% (798/1198) regret=0.102005 ape=0.5558
[17:53:06] warmStart (decay=exponential) 66% (799/1198) regret=0.102005 ape=0.5558
[17:53:06] warmStart (decay=exponential) 66% (800/1198) regret=0.102005 ape=0.5558
[17:53:06] warmStart (decay=exponential) 66% (801/1198) regret=0.102005 ape=0.5558
[17:53:06] warmStart (decay=exponential) 66% (802/1198) regret=0.102005 ape=0.5558
[17:53:06] warmStart (decay=exponential) 67% (803/1198) regret=0.102005 ape=0.5558
[17:53:07] warmStart (decay=exponential) 67% (804/1198) regret=0.102005 ape=0.5558
[17:53:07] warmStart (decay=exponential) 67% (805/1198) regret=0.102005 ape=0.5558
[17:53:07] warmStart (decay=exponential) 67% (806/1198) regret=0.102005 ape=0.5558
[17:53:07] warmStart (decay=exponential) 67% (807/1198) regret=0.102005 ape=0.5558
[17:53:07] warmStart (decay=exponential) 67% (808/1198) regret=0.102005 ape=0.5558
[17:53:07] warmStart (decay=exponential) 67% (809/1198) regret=0.102005 ape=0.5558
[17:53:07] warmStart (decay=exponential) 67% (810/1198) regret=0.102005 ape=0.5558
[17:53:08] warmStart (decay=exponential) 67% (811/1198) regret=0.102005 ape=0.5558
[17:53:08] warmStart (decay=exponential) 67% (812/1198) regret=0.102005 ape=0.5558
[17:53:08] warmStart (decay=exponential) 67% (813/1198) regret=0.102005 ape=0.5558
[17:53:08] warmStart (decay=exponential) 67% (814/1198) regret=0.102005 ape=0.5558
[17:53:08] warmStart (decay=exponential) 68% (815/1198) regret=0.102005 ape=0.5558
[17:53:08] warmStart (decay=exponential) 68% (816/1198) regret=0.102005 ape=0.5558
[17:53:09] warmStart (decay=exponential) 68% (817/1198) regret=0.102005 ape=0.5558
[17:53:09] warmStart (decay=exponential) 68% (818/1198) regret=0.102005 ape=0.5558
[17:53:09] warmStart (decay=exponential) 68% (819/1198) regret=0.102005 ape=0.5558
[17:53:09] warmStart (decay=exponential) 68% (820/1198) regret=0.102005 ape=0.5558
[17:53:09] warmStart (decay=exponential) 68% (821/1198) regret=0.102005 ape=0.5558
[17:53:09] warmStart (decay=exponential) 68% (822/1198) regret=0.102005 ape=0.5558
[17:53:10] warmStart (decay=exponential) 68% (823/1198) regret=0.102005 ape=0.5558
[17:53:10] warmStart (decay=exponential) 68% (824/1198) regret=0.102005 ape=0.5558
[17:53:10] warmStart (decay=exponential) 68% (825/1198) regret=0.102005 ape=0.5558
[17:53:10] warmStart (decay=exponential) 68% (826/1198) regret=0.102005 ape=0.5558
[17:53:10] warmStart (decay=exponential) 69% (827/1198) regret=0.102005 ape=0.5558
[17:53:10] warmStart (decay=exponential) 69% (828/1198) regret=0.102005 ape=0.5558
[17:53:11] warmStart (decay=exponential) 69% (829/1198) regret=0.102005 ape=0.5558
[17:53:11] warmStart (decay=exponential) 69% (830/1198) regret=0.102005 ape=0.5558
[17:53:11] warmStart (decay=exponential) 69% (831/1198) regret=0.102005 ape=0.5558
[17:53:11] warmStart (decay=exponential) 69% (832/1198) regret=0.102005 ape=0.5558
[17:53:11] warmStart (decay=exponential) 69% (833/1198) regret=0.102005 ape=0.5558
[17:53:11] warmStart (decay=exponential) 69% (834/1198) regret=0.102005 ape=0.5558
[17:53:11] warmStart (decay=exponential) 69% (835/1198) regret=0.102005 ape=0.5558
[17:53:12] warmStart (decay=exponential) 69% (836/1198) regret=0.102005 ape=0.5558
[17:53:12] warmStart (decay=exponential) 69% (837/1198) regret=0.102005 ape=0.5558
[17:53:12] warmStart (decay=exponential) 69% (838/1198) regret=0.102005 ape=0.5558
[17:53:12] warmStart (decay=exponential) 70% (839/1198) regret=0.102005 ape=0.5558
[17:53:12] warmStart (decay=exponential) 70% (840/1198) regret=0.102005 ape=0.5558
[17:53:12] warmStart (decay=exponential) 70% (841/1198) regret=0.102005 ape=0.5558
[17:53:13] warmStart (decay=exponential) 70% (842/1198) regret=0.102005 ape=0.5558
[17:53:13] warmStart (decay=exponential) 70% (843/1198) regret=0.102005 ape=0.5558
[17:53:13] warmStart (decay=exponential) 70% (844/1198) regret=0.102005 ape=0.5558
[17:53:13] warmStart (decay=exponential) 70% (845/1198) regret=0.102005 ape=0.5558
[17:53:13] warmStart (decay=exponential) 70% (846/1198) regret=0.102005 ape=0.5558
[17:53:13] warmStart (decay=exponential) 70% (847/1198) regret=0.102005 ape=0.5558
[17:53:14] warmStart (decay=exponential) 70% (848/1198) regret=0.102005 ape=0.5558
[17:53:14] warmStart (decay=exponential) 70% (849/1198) regret=0.102005 ape=0.5558
[17:53:14] warmStart (decay=exponential) 70% (850/1198) regret=0.102005 ape=0.5558
[17:53:14] warmStart (decay=exponential) 71% (851/1198) regret=0.102005 ape=0.5558
[17:53:14] warmStart (decay=exponential) 71% (852/1198) regret=0.102005 ape=0.5558
[17:53:14] warmStart (decay=exponential) 71% (853/1198) regret=0.102005 ape=0.5558
[17:53:15] warmStart (decay=exponential) 71% (854/1198) regret=0.102005 ape=0.5558
[17:53:15] warmStart (decay=exponential) 71% (855/1198) regret=0.102005 ape=0.5558
[17:53:15] warmStart (decay=exponential) 71% (856/1198) regret=0.102005 ape=0.5558
[17:53:15] warmStart (decay=exponential) 71% (857/1198) regret=0.102005 ape=0.5558
[17:53:15] warmStart (decay=exponential) 71% (858/1198) regret=0.102005 ape=0.5558
[17:53:15] warmStart (decay=exponential) 71% (859/1198) regret=0.102005 ape=0.5558
[17:53:15] warmStart (decay=exponential) 71% (860/1198) regret=0.102005 ape=0.5558
[17:53:16] warmStart (decay=exponential) 71% (861/1198) regret=0.102005 ape=0.5558
[17:53:16] warmStart (decay=exponential) 71% (862/1198) regret=0.102005 ape=0.5558
[17:53:16] warmStart (decay=exponential) 72% (863/1198) regret=0.102005 ape=0.5558
[17:53:16] warmStart (decay=exponential) 72% (864/1198) regret=0.102005 ape=0.5558
[17:53:16] warmStart (decay=exponential) 72% (865/1198) regret=0.102005 ape=0.5558
[17:53:16] warmStart (decay=exponential) 72% (866/1198) regret=0.102005 ape=0.5558
[17:53:17] warmStart (decay=exponential) 72% (867/1198) regret=0.102005 ape=0.5558
[17:53:17] warmStart (decay=exponential) 72% (868/1198) regret=0.102005 ape=0.5558
[17:53:17] warmStart (decay=exponential) 72% (869/1198) regret=0.102005 ape=0.5558
[17:53:17] warmStart (decay=exponential) 72% (870/1198) regret=0.102005 ape=0.5558
[17:53:17] warmStart (decay=exponential) 72% (871/1198) regret=0.102005 ape=0.5558
[17:53:17] warmStart (decay=exponential) 72% (872/1198) regret=0.102005 ape=0.5558
[17:53:18] warmStart (decay=exponential) 72% (873/1198) regret=0.102005 ape=0.5558
[17:53:18] warmStart (decay=exponential) 72% (874/1198) regret=0.102005 ape=0.5558
[17:53:18] warmStart (decay=exponential) 73% (875/1198) regret=0.102005 ape=0.5558
[17:53:18] warmStart (decay=exponential) 73% (876/1198) regret=0.102005 ape=0.5558
[17:53:18] warmStart (decay=exponential) 73% (877/1198) regret=0.102005 ape=0.5558
[17:53:18] warmStart (decay=exponential) 73% (878/1198) regret=0.102005 ape=0.5558
[17:53:19] warmStart (decay=exponential) 73% (879/1198) regret=0.102005 ape=0.5558
[17:53:19] warmStart (decay=exponential) 73% (880/1198) regret=0.102005 ape=0.5558
[17:53:19] warmStart (decay=exponential) 73% (881/1198) regret=0.102005 ape=0.5558
[17:53:19] warmStart (decay=exponential) 73% (882/1198) regret=0.102005 ape=0.5558
[17:53:19] warmStart (decay=exponential) 73% (883/1198) regret=0.102005 ape=0.5558
[17:53:19] warmStart (decay=exponential) 73% (884/1198) regret=0.102005 ape=0.5558
[17:53:20] warmStart (decay=exponential) 73% (885/1198) regret=0.102005 ape=0.5558
[17:53:20] warmStart (decay=exponential) 73% (886/1198) regret=0.102005 ape=0.5558
[17:53:20] warmStart (decay=exponential) 74% (887/1198) regret=0.102005 ape=0.5558
[17:53:20] warmStart (decay=exponential) 74% (888/1198) regret=0.102005 ape=0.5558
[17:53:20] warmStart (decay=exponential) 74% (889/1198) regret=0.102005 ape=0.5558
[17:53:20] warmStart (decay=exponential) 74% (890/1198) regret=0.102005 ape=0.5558
[17:53:21] warmStart (decay=exponential) 74% (891/1198) regret=0.102005 ape=0.5558
[17:53:21] warmStart (decay=exponential) 74% (892/1198) regret=0.102005 ape=0.5558
[17:53:21] warmStart (decay=exponential) 74% (893/1198) regret=0.102005 ape=0.5558
[17:53:21] warmStart (decay=exponential) 74% (894/1198) regret=0.102005 ape=0.5558
[17:53:21] warmStart (decay=exponential) 74% (895/1198) regret=0.102005 ape=0.5558
[17:53:21] warmStart (decay=exponential) 74% (896/1198) regret=0.102005 ape=0.5558
[17:53:22] warmStart (decay=exponential) 74% (897/1198) regret=0.102005 ape=0.5558
[17:53:22] warmStart (decay=exponential) 74% (898/1198) regret=0.102005 ape=0.5558
[17:53:22] warmStart (decay=exponential) 75% (899/1198) regret=0.102005 ape=0.5558
[17:53:22] warmStart (decay=exponential) 75% (900/1198) regret=0.102005 ape=0.5558
[17:53:22] warmStart (decay=exponential) 75% (901/1198) regret=0.102005 ape=0.5558
[17:53:22] warmStart (decay=exponential) 75% (902/1198) regret=0.102005 ape=0.5558
[17:53:22] warmStart (decay=exponential) 75% (903/1198) regret=0.102005 ape=0.5558
[17:53:23] warmStart (decay=exponential) 75% (904/1198) regret=0.102005 ape=0.5558
[17:53:23] warmStart (decay=exponential) 75% (905/1198) regret=0.102005 ape=0.5558
[17:53:23] warmStart (decay=exponential) 75% (906/1198) regret=0.102005 ape=0.5558
[17:53:23] warmStart (decay=exponential) 75% (907/1198) regret=0.102005 ape=0.5558
[17:53:23] warmStart (decay=exponential) 75% (908/1198) regret=0.102005 ape=0.5558
[17:53:23] warmStart (decay=exponential) 75% (909/1198) regret=0.102005 ape=0.5558
[17:53:24] warmStart (decay=exponential) 75% (910/1198) regret=0.102005 ape=0.5558
[17:53:24] warmStart (decay=exponential) 76% (911/1198) regret=0.102005 ape=0.5558
[17:53:24] warmStart (decay=exponential) 76% (912/1198) regret=0.102005 ape=0.5558
[17:53:24] warmStart (decay=exponential) 76% (913/1198) regret=0.102005 ape=0.5558
[17:53:24] warmStart (decay=exponential) 76% (914/1198) regret=0.102005 ape=0.5558
[17:53:24] warmStart (decay=exponential) 76% (915/1198) regret=0.102005 ape=0.5558
[17:53:25] warmStart (decay=exponential) 76% (916/1198) regret=0.102005 ape=0.5558
[17:53:25] warmStart (decay=exponential) 76% (917/1198) regret=0.102005 ape=0.5558
[17:53:25] warmStart (decay=exponential) 76% (918/1198) regret=0.102005 ape=0.5558
[17:53:25] warmStart (decay=exponential) 76% (919/1198) regret=0.102005 ape=0.5558
[17:53:25] warmStart (decay=exponential) 76% (920/1198) regret=0.102005 ape=0.5558
[17:53:25] warmStart (decay=exponential) 76% (921/1198) regret=0.102005 ape=0.5558
[17:53:26] warmStart (decay=exponential) 76% (922/1198) regret=0.102005 ape=0.5558
[17:53:26] warmStart (decay=exponential) 77% (923/1198) regret=0.102019 ape=0.5558
[17:53:26] warmStart (decay=exponential) 77% (924/1198) regret=0.102019 ape=0.5558
[17:53:26] warmStart (decay=exponential) 77% (925/1198) regret=0.102019 ape=0.5558
[17:53:26] warmStart (decay=exponential) 77% (926/1198) regret=0.102019 ape=0.5558
[17:53:27] warmStart (decay=exponential) 77% (927/1198) regret=0.102005 ape=0.5558
[17:53:27] warmStart (decay=exponential) 77% (928/1198) regret=0.102005 ape=0.5558
[17:53:27] warmStart (decay=exponential) 77% (929/1198) regret=0.102019 ape=0.5558
[17:53:27] warmStart (decay=exponential) 77% (930/1198) regret=0.102019 ape=0.5558
[17:53:27] warmStart (decay=exponential) 77% (931/1198) regret=0.102019 ape=0.5558
[17:53:27] warmStart (decay=exponential) 77% (932/1198) regret=0.102019 ape=0.5558
[17:53:28] warmStart (decay=exponential) 77% (933/1198) regret=0.102019 ape=0.5558
[17:53:28] warmStart (decay=exponential) 77% (934/1198) regret=0.102019 ape=0.5558
[17:53:28] warmStart (decay=exponential) 78% (935/1198) regret=0.102019 ape=0.5558
[17:53:28] warmStart (decay=exponential) 78% (936/1198) regret=0.102005 ape=0.5558
[17:53:28] warmStart (decay=exponential) 78% (937/1198) regret=0.102005 ape=0.5558
[17:53:28] warmStart (decay=exponential) 78% (938/1198) regret=0.102005 ape=0.5558
[17:53:29] warmStart (decay=exponential) 78% (939/1198) regret=0.102019 ape=0.5558
[17:53:29] warmStart (decay=exponential) 78% (940/1198) regret=0.102005 ape=0.5558
[17:53:29] warmStart (decay=exponential) 78% (941/1198) regret=0.102005 ape=0.5558
[17:53:29] warmStart (decay=exponential) 78% (942/1198) regret=0.102005 ape=0.5558
[17:53:29] warmStart (decay=exponential) 78% (943/1198) regret=0.102005 ape=0.5558
[17:53:30] warmStart (decay=exponential) 78% (944/1198) regret=0.102005 ape=0.5558
[17:53:30] warmStart (decay=exponential) 78% (945/1198) regret=0.101572 ape=0.5548
[17:53:30] warmStart (decay=exponential) 78% (946/1198) regret=0.101572 ape=0.5548
[17:53:30] warmStart (decay=exponential) 79% (947/1198) regret=0.101572 ape=0.5548
[17:53:30] warmStart (decay=exponential) 79% (948/1198) regret=0.102069 ape=0.5558
[17:53:30] warmStart (decay=exponential) 79% (949/1198) regret=0.102051 ape=0.5558
[17:53:31] warmStart (decay=exponential) 79% (950/1198) regret=0.101572 ape=0.5548
[17:53:31] warmStart (decay=exponential) 79% (951/1198) regret=0.101572 ape=0.5548
[17:53:31] warmStart (decay=exponential) 79% (952/1198) regret=0.101572 ape=0.5548
[17:53:31] warmStart (decay=exponential) 79% (953/1198) regret=0.101572 ape=0.5548
[17:53:31] warmStart (decay=exponential) 79% (954/1198) regret=0.101572 ape=0.5548
[17:53:31] warmStart (decay=exponential) 79% (955/1198) regret=0.101572 ape=0.5548
[17:53:32] warmStart (decay=exponential) 79% (956/1198) regret=0.101572 ape=0.5548
[17:53:32] warmStart (decay=exponential) 79% (957/1198) regret=0.101572 ape=0.5548
[17:53:32] warmStart (decay=exponential) 79% (958/1198) regret=0.101572 ape=0.5548
[17:53:32] warmStart (decay=exponential) 80% (959/1198) regret=0.101572 ape=0.5548
[17:53:32] warmStart (decay=exponential) 80% (960/1198) regret=0.101572 ape=0.5548
[17:53:32] warmStart (decay=exponential) 80% (961/1198) regret=0.101572 ape=0.5548
[17:53:33] warmStart (decay=exponential) 80% (962/1198) regret=0.101572 ape=0.5548
[17:53:33] warmStart (decay=exponential) 80% (963/1198) regret=0.101572 ape=0.5548
[17:53:33] warmStart (decay=exponential) 80% (964/1198) regret=0.101572 ape=0.5548
[17:53:33] warmStart (decay=exponential) 80% (965/1198) regret=0.101572 ape=0.5548
[17:53:33] warmStart (decay=exponential) 80% (966/1198) regret=0.101572 ape=0.5548
[17:53:33] warmStart (decay=exponential) 80% (967/1198) regret=0.101572 ape=0.5548
[17:53:34] warmStart (decay=exponential) 80% (968/1198) regret=0.101572 ape=0.5548
[17:53:34] warmStart (decay=exponential) 80% (969/1198) regret=0.101572 ape=0.5548
[17:53:34] warmStart (decay=exponential) 80% (970/1198) regret=0.101572 ape=0.5548
[17:53:34] warmStart (decay=exponential) 81% (971/1198) regret=0.101572 ape=0.5548
[17:53:34] warmStart (decay=exponential) 81% (972/1198) regret=0.101572 ape=0.5548
[17:53:34] warmStart (decay=exponential) 81% (973/1198) regret=0.101572 ape=0.5548
[17:53:34] warmStart (decay=exponential) 81% (974/1198) regret=0.101572 ape=0.5548
[17:53:35] warmStart (decay=exponential) 81% (975/1198) regret=0.101572 ape=0.5548
[17:53:35] warmStart (decay=exponential) 81% (976/1198) regret=0.101572 ape=0.5548
[17:53:35] warmStart (decay=exponential) 81% (977/1198) regret=0.101572 ape=0.5548
[17:53:35] warmStart (decay=exponential) 81% (978/1198) regret=0.101572 ape=0.5548
[17:53:35] warmStart (decay=exponential) 81% (979/1198) regret=0.101572 ape=0.5548
[17:53:35] warmStart (decay=exponential) 81% (980/1198) regret=0.101572 ape=0.5548
[17:53:36] warmStart (decay=exponential) 81% (981/1198) regret=0.101572 ape=0.5548
[17:53:36] warmStart (decay=exponential) 81% (982/1198) regret=0.101572 ape=0.5548
[17:53:36] warmStart (decay=exponential) 82% (983/1198) regret=0.101572 ape=0.5548
[17:53:36] warmStart (decay=exponential) 82% (984/1198) regret=0.101572 ape=0.5548
[17:53:36] warmStart (decay=exponential) 82% (985/1198) regret=0.101572 ape=0.5548
[17:53:36] warmStart (decay=exponential) 82% (986/1198) regret=0.101572 ape=0.5548
[17:53:37] warmStart (decay=exponential) 82% (987/1198) regret=0.101572 ape=0.5548
[17:53:37] warmStart (decay=exponential) 82% (988/1198) regret=0.101572 ape=0.5548
[17:53:37] warmStart (decay=exponential) 82% (989/1198) regret=0.101572 ape=0.5548
[17:53:37] warmStart (decay=exponential) 82% (990/1198) regret=0.101572 ape=0.5548
[17:53:37] warmStart (decay=exponential) 82% (991/1198) regret=0.101572 ape=0.5548
[17:53:37] warmStart (decay=exponential) 82% (992/1198) regret=0.101572 ape=0.5548
[17:53:37] warmStart (decay=exponential) 82% (993/1198) regret=0.101572 ape=0.5548
[17:53:38] warmStart (decay=exponential) 82% (994/1198) regret=0.101572 ape=0.5548
[17:53:38] warmStart (decay=exponential) 83% (995/1198) regret=0.101572 ape=0.5548
[17:53:38] warmStart (decay=exponential) 83% (996/1198) regret=0.101572 ape=0.5548
[17:53:38] warmStart (decay=exponential) 83% (997/1198) regret=0.101572 ape=0.5548
[17:53:38] warmStart (decay=exponential) 83% (998/1198) regret=0.101572 ape=0.5548
[17:53:38] warmStart (decay=exponential) 83% (999/1198) regret=0.101572 ape=0.5548
[17:53:39] warmStart (decay=exponential) 83% (1000/1198) regret=0.101756 ape=0.5558
[17:53:39] warmStart (decay=exponential) 83% (1001/1198) regret=0.101572 ape=0.5548
[17:53:39] warmStart (decay=exponential) 83% (1002/1198) regret=0.101572 ape=0.5548
[17:53:39] warmStart (decay=exponential) 83% (1003/1198) regret=0.101756 ape=0.5558
[17:53:39] warmStart (decay=exponential) 83% (1004/1198) regret=0.101756 ape=0.5558
[17:53:39] warmStart (decay=exponential) 83% (1005/1198) regret=0.101756 ape=0.5558
[17:53:39] warmStart (decay=exponential) 83% (1006/1198) regret=0.101756 ape=0.5558
[17:53:40] warmStart (decay=exponential) 84% (1007/1198) regret=0.101756 ape=0.5558
[17:53:40] warmStart (decay=exponential) 84% (1008/1198) regret=0.101572 ape=0.5548
[17:53:40] warmStart (decay=exponential) 84% (1009/1198) regret=0.101572 ape=0.5548
[17:53:40] warmStart (decay=exponential) 84% (1010/1198) regret=0.101756 ape=0.5558
[17:53:40] warmStart (decay=exponential) 84% (1011/1198) regret=0.101756 ape=0.5558
[17:53:40] warmStart (decay=exponential) 84% (1012/1198) regret=0.101572 ape=0.5548
[17:53:41] warmStart (decay=exponential) 84% (1013/1198) regret=0.101756 ape=0.5558
[17:53:41] warmStart (decay=exponential) 84% (1014/1198) regret=0.101572 ape=0.5548
[17:53:41] warmStart (decay=exponential) 84% (1015/1198) regret=0.101572 ape=0.5548
[17:53:41] warmStart (decay=exponential) 84% (1016/1198) regret=0.101572 ape=0.5548
[17:53:41] warmStart (decay=exponential) 84% (1017/1198) regret=0.101572 ape=0.5548
[17:53:41] warmStart (decay=exponential) 84% (1018/1198) regret=0.101572 ape=0.5548
[17:53:41] warmStart (decay=exponential) 85% (1019/1198) regret=0.101636 ape=0.5548
[17:53:42] warmStart (decay=exponential) 85% (1020/1198) regret=0.101590 ape=0.5548
[17:53:42] warmStart (decay=exponential) 85% (1021/1198) regret=0.101636 ape=0.5548
[17:53:42] warmStart (decay=exponential) 85% (1022/1198) regret=0.101636 ape=0.5548
[17:53:42] warmStart (decay=exponential) 85% (1023/1198) regret=0.101636 ape=0.5548
[17:53:42] warmStart (decay=exponential) 85% (1024/1198) regret=0.101636 ape=0.5548
[17:53:42] warmStart (decay=exponential) 85% (1025/1198) regret=0.101636 ape=0.5548
[17:53:43] warmStart (decay=exponential) 85% (1026/1198) regret=0.101636 ape=0.5548
[17:53:43] warmStart (decay=exponential) 85% (1027/1198) regret=0.101636 ape=0.5548
[17:53:43] warmStart (decay=exponential) 85% (1028/1198) regret=0.101636 ape=0.5548
[17:53:43] warmStart (decay=exponential) 85% (1029/1198) regret=0.101673 ape=0.5548
[17:53:43] warmStart (decay=exponential) 85% (1030/1198) regret=0.101673 ape=0.5548
[17:53:43] warmStart (decay=exponential) 86% (1031/1198) regret=0.101636 ape=0.5548
[17:53:44] warmStart (decay=exponential) 86% (1032/1198) regret=0.101636 ape=0.5548
[17:53:44] warmStart (decay=exponential) 86% (1033/1198) regret=0.101636 ape=0.5548
[17:53:44] warmStart (decay=exponential) 86% (1034/1198) regret=0.101636 ape=0.5548
[17:53:44] warmStart (decay=exponential) 86% (1035/1198) regret=0.101636 ape=0.5548
[17:53:44] warmStart (decay=exponential) 86% (1036/1198) regret=0.101516 ape=0.5539
[17:53:44] warmStart (decay=exponential) 86% (1037/1198) regret=0.101636 ape=0.5548
[17:53:44] warmStart (decay=exponential) 86% (1038/1198) regret=0.101516 ape=0.5539
[17:53:45] warmStart (decay=exponential) 86% (1039/1198) regret=0.101516 ape=0.5539
[17:53:45] warmStart (decay=exponential) 86% (1040/1198) regret=0.101516 ape=0.5539
[17:53:45] warmStart (decay=exponential) 86% (1041/1198) regret=0.101516 ape=0.5539
[17:53:45] warmStart (decay=exponential) 86% (1042/1198) regret=0.101516 ape=0.5539
[17:53:45] warmStart (decay=exponential) 87% (1043/1198) regret=0.101516 ape=0.5539
[17:53:45] warmStart (decay=exponential) 87% (1044/1198) regret=0.101516 ape=0.5539
[17:53:46] warmStart (decay=exponential) 87% (1045/1198) regret=0.101553 ape=0.5548
[17:53:46] warmStart (decay=exponential) 87% (1046/1198) regret=0.101516 ape=0.5539
[17:53:46] warmStart (decay=exponential) 87% (1047/1198) regret=0.101516 ape=0.5539
[17:53:46] warmStart (decay=exponential) 87% (1048/1198) regret=0.101553 ape=0.5548
[17:53:46] warmStart (decay=exponential) 87% (1049/1198) regret=0.101553 ape=0.5548
[17:53:46] warmStart (decay=exponential) 87% (1050/1198) regret=0.101553 ape=0.5548
[17:53:47] warmStart (decay=exponential) 87% (1051/1198) regret=0.101553 ape=0.5548
[17:53:47] warmStart (decay=exponential) 87% (1052/1198) regret=0.101553 ape=0.5548
[17:53:47] warmStart (decay=exponential) 87% (1053/1198) regret=0.101553 ape=0.5548
[17:53:47] warmStart (decay=exponential) 87% (1054/1198) regret=0.101558 ape=0.5548
[17:53:47] warmStart (decay=exponential) 88% (1055/1198) regret=0.101559 ape=0.5548
[17:53:47] warmStart (decay=exponential) 88% (1056/1198) regret=0.101556 ape=0.5548
[17:53:47] warmStart (decay=exponential) 88% (1057/1198) regret=0.101559 ape=0.5548
[17:53:48] warmStart (decay=exponential) 88% (1058/1198) regret=0.101559 ape=0.5548
[17:53:48] warmStart (decay=exponential) 88% (1059/1198) regret=0.101541 ape=0.5539
[17:53:48] warmStart (decay=exponential) 88% (1060/1198) regret=0.101559 ape=0.5548
[17:53:48] warmStart (decay=exponential) 88% (1061/1198) regret=0.101541 ape=0.5539
[17:53:48] warmStart (decay=exponential) 88% (1062/1198) regret=0.101559 ape=0.5548
[17:53:48] warmStart (decay=exponential) 88% (1063/1198) regret=0.101559 ape=0.5548
[17:53:48] warmStart (decay=exponential) 88% (1064/1198) regret=0.101559 ape=0.5548
[17:53:49] warmStart (decay=exponential) 88% (1065/1198) regret=0.101559 ape=0.5548
[17:53:49] warmStart (decay=exponential) 88% (1066/1198) regret=0.101559 ape=0.5548
[17:53:49] warmStart (decay=exponential) 89% (1067/1198) regret=0.101559 ape=0.5548
[17:53:49] warmStart (decay=exponential) 89% (1068/1198) regret=0.101554 ape=0.5548
[17:53:49] warmStart (decay=exponential) 89% (1069/1198) regret=0.101554 ape=0.5548
[17:53:49] warmStart (decay=exponential) 89% (1070/1198) regret=0.101554 ape=0.5548
[17:53:50] warmStart (decay=exponential) 89% (1071/1198) regret=0.101554 ape=0.5548
[17:53:50] warmStart (decay=exponential) 89% (1072/1198) regret=0.101554 ape=0.5548
[17:53:50] warmStart (decay=exponential) 89% (1073/1198) regret=0.101554 ape=0.5548
[17:53:50] warmStart (decay=exponential) 89% (1074/1198) regret=0.101554 ape=0.5548
[17:53:50] warmStart (decay=exponential) 89% (1075/1198) regret=0.101541 ape=0.5539
[17:53:50] warmStart (decay=exponential) 89% (1076/1198) regret=0.101541 ape=0.5539
[17:53:50] warmStart (decay=exponential) 89% (1077/1198) regret=0.101541 ape=0.5539
[17:53:51] warmStart (decay=exponential) 89% (1078/1198) regret=0.101541 ape=0.5539
[17:53:51] warmStart (decay=exponential) 90% (1079/1198) regret=0.101541 ape=0.5539
[17:53:51] warmStart (decay=exponential) 90% (1080/1198) regret=0.101541 ape=0.5539
[17:53:51] warmStart (decay=exponential) 90% (1081/1198) regret=0.101541 ape=0.5539
[17:53:51] warmStart (decay=exponential) 90% (1082/1198) regret=0.101541 ape=0.5539
[17:53:51] warmStart (decay=exponential) 90% (1083/1198) regret=0.101541 ape=0.5539
[17:53:51] warmStart (decay=exponential) 90% (1084/1198) regret=0.101541 ape=0.5539
[17:53:52] warmStart (decay=exponential) 90% (1085/1198) regret=0.101541 ape=0.5539
[17:53:52] warmStart (decay=exponential) 90% (1086/1198) regret=0.101541 ape=0.5539
[17:53:52] warmStart (decay=exponential) 90% (1087/1198) regret=0.101541 ape=0.5539
[17:53:52] warmStart (decay=exponential) 90% (1088/1198) regret=0.101541 ape=0.5539
[17:53:52] warmStart (decay=exponential) 90% (1089/1198) regret=0.101541 ape=0.5539
[17:53:52] warmStart (decay=exponential) 90% (1090/1198) regret=0.101541 ape=0.5539
[17:53:53] warmStart (decay=exponential) 91% (1091/1198) regret=0.101541 ape=0.5539
[17:53:53] warmStart (decay=exponential) 91% (1092/1198) regret=0.101541 ape=0.5539
[17:53:53] warmStart (decay=exponential) 91% (1093/1198) regret=0.101541 ape=0.5539
[17:53:53] warmStart (decay=exponential) 91% (1094/1198) regret=0.101541 ape=0.5539
[17:53:53] warmStart (decay=exponential) 91% (1095/1198) regret=0.101541 ape=0.5539
[17:53:53] warmStart (decay=exponential) 91% (1096/1198) regret=0.101541 ape=0.5539
[17:53:53] warmStart (decay=exponential) 91% (1097/1198) regret=0.101541 ape=0.5539
[17:53:54] warmStart (decay=exponential) 91% (1098/1198) regret=0.101541 ape=0.5539
[17:53:54] warmStart (decay=exponential) 91% (1099/1198) regret=0.101541 ape=0.5539
[17:53:54] warmStart (decay=exponential) 91% (1100/1198) regret=0.101541 ape=0.5539
[17:53:54] warmStart (decay=exponential) 91% (1101/1198) regret=0.101541 ape=0.5539
[17:53:54] warmStart (decay=exponential) 91% (1102/1198) regret=0.101541 ape=0.5539
[17:53:54] warmStart (decay=exponential) 92% (1103/1198) regret=0.101541 ape=0.5539
[17:53:54] warmStart (decay=exponential) 92% (1104/1198) regret=0.101541 ape=0.5539
[17:53:55] warmStart (decay=exponential) 92% (1105/1198) regret=0.101541 ape=0.5539
[17:53:55] warmStart (decay=exponential) 92% (1106/1198) regret=0.101541 ape=0.5539
[17:53:55] warmStart (decay=exponential) 92% (1107/1198) regret=0.101541 ape=0.5539
[17:53:55] warmStart (decay=exponential) 92% (1108/1198) regret=0.101541 ape=0.5539
[17:53:55] warmStart (decay=exponential) 92% (1109/1198) regret=0.101541 ape=0.5539
[17:53:55] warmStart (decay=exponential) 92% (1110/1198) regret=0.101541 ape=0.5539
[17:53:56] warmStart (decay=exponential) 92% (1111/1198) regret=0.101541 ape=0.5539
[17:53:56] warmStart (decay=exponential) 92% (1112/1198) regret=0.101541 ape=0.5539
[17:53:56] warmStart (decay=exponential) 92% (1113/1198) regret=0.101541 ape=0.5539
[17:53:56] warmStart (decay=exponential) 92% (1114/1198) regret=0.101541 ape=0.5539
[17:53:56] warmStart (decay=exponential) 93% (1115/1198) regret=0.101541 ape=0.5539
[17:53:56] warmStart (decay=exponential) 93% (1116/1198) regret=0.101541 ape=0.5539
[17:53:56] warmStart (decay=exponential) 93% (1117/1198) regret=0.101541 ape=0.5539
[17:53:57] warmStart (decay=exponential) 93% (1118/1198) regret=0.101541 ape=0.5539
[17:53:57] warmStart (decay=exponential) 93% (1119/1198) regret=0.101541 ape=0.5539
[17:53:57] warmStart (decay=exponential) 93% (1120/1198) regret=0.101541 ape=0.5539
[17:53:57] warmStart (decay=exponential) 93% (1121/1198) regret=0.101541 ape=0.5539
[17:53:57] warmStart (decay=exponential) 93% (1122/1198) regret=0.101541 ape=0.5539
[17:53:57] warmStart (decay=exponential) 93% (1123/1198) regret=0.101541 ape=0.5539
[17:53:58] warmStart (decay=exponential) 93% (1124/1198) regret=0.101541 ape=0.5539
[17:53:58] warmStart (decay=exponential) 93% (1125/1198) regret=0.101541 ape=0.5539
[17:53:58] warmStart (decay=exponential) 93% (1126/1198) regret=0.101541 ape=0.5539
[17:53:58] warmStart (decay=exponential) 94% (1127/1198) regret=0.101541 ape=0.5539
[17:53:58] warmStart (decay=exponential) 94% (1128/1198) regret=0.101541 ape=0.5539
[17:53:58] warmStart (decay=exponential) 94% (1129/1198) regret=0.101541 ape=0.5539
[17:53:59] warmStart (decay=exponential) 94% (1130/1198) regret=0.101541 ape=0.5539
[17:53:59] warmStart (decay=exponential) 94% (1131/1198) regret=0.101541 ape=0.5539
[17:53:59] warmStart (decay=exponential) 94% (1132/1198) regret=0.101541 ape=0.5539
[17:53:59] warmStart (decay=exponential) 94% (1133/1198) regret=0.101541 ape=0.5539
[17:53:59] warmStart (decay=exponential) 94% (1134/1198) regret=0.101541 ape=0.5539
[17:53:59] warmStart (decay=exponential) 94% (1135/1198) regret=0.101541 ape=0.5539
[17:53:59] warmStart (decay=exponential) 94% (1136/1198) regret=0.101541 ape=0.5539
[17:54:00] warmStart (decay=exponential) 94% (1137/1198) regret=0.101541 ape=0.5539
[17:54:00] warmStart (decay=exponential) 94% (1138/1198) regret=0.101541 ape=0.5539
[17:54:00] warmStart (decay=exponential) 95% (1139/1198) regret=0.101541 ape=0.5539
[17:54:00] warmStart (decay=exponential) 95% (1140/1198) regret=0.101541 ape=0.5539
[17:54:00] warmStart (decay=exponential) 95% (1141/1198) regret=0.101541 ape=0.5539
[17:54:00] warmStart (decay=exponential) 95% (1142/1198) regret=0.101541 ape=0.5539
[17:54:01] warmStart (decay=exponential) 95% (1143/1198) regret=0.101541 ape=0.5539
[17:54:01] warmStart (decay=exponential) 95% (1144/1198) regret=0.101541 ape=0.5539
[17:54:01] warmStart (decay=exponential) 95% (1145/1198) regret=0.101541 ape=0.5539
[17:54:01] warmStart (decay=exponential) 95% (1146/1198) regret=0.101541 ape=0.5539
[17:54:01] warmStart (decay=exponential) 95% (1147/1198) regret=0.101541 ape=0.5539
[17:54:01] warmStart (decay=exponential) 95% (1148/1198) regret=0.101541 ape=0.5539
[17:54:02] warmStart (decay=exponential) 95% (1149/1198) regret=0.101541 ape=0.5539
[17:54:02] warmStart (decay=exponential) 95% (1150/1198) regret=0.101541 ape=0.5539
[17:54:02] warmStart (decay=exponential) 96% (1151/1198) regret=0.101541 ape=0.5539
[17:54:02] warmStart (decay=exponential) 96% (1152/1198) regret=0.101541 ape=0.5539
[17:54:02] warmStart (decay=exponential) 96% (1153/1198) regret=0.101541 ape=0.5539
[17:54:02] warmStart (decay=exponential) 96% (1154/1198) regret=0.101541 ape=0.5539
[17:54:03] warmStart (decay=exponential) 96% (1155/1198) regret=0.101541 ape=0.5539
[17:54:03] warmStart (decay=exponential) 96% (1156/1198) regret=0.101541 ape=0.5539
[17:54:03] warmStart (decay=exponential) 96% (1157/1198) regret=0.101541 ape=0.5539
[17:54:03] warmStart (decay=exponential) 96% (1158/1198) regret=0.101541 ape=0.5539
[17:54:03] warmStart (decay=exponential) 96% (1159/1198) regret=0.101541 ape=0.5539
[17:54:03] warmStart (decay=exponential) 96% (1160/1198) regret=0.101541 ape=0.5539
[17:54:03] warmStart (decay=exponential) 96% (1161/1198) regret=0.101541 ape=0.5539
[17:54:04] warmStart (decay=exponential) 96% (1162/1198) regret=0.101541 ape=0.5539
[17:54:04] warmStart (decay=exponential) 97% (1163/1198) regret=0.101541 ape=0.5539
[17:54:04] warmStart (decay=exponential) 97% (1164/1198) regret=0.101541 ape=0.5539
[17:54:04] warmStart (decay=exponential) 97% (1165/1198) regret=0.101541 ape=0.5539
[17:54:04] warmStart (decay=exponential) 97% (1166/1198) regret=0.101541 ape=0.5539
[17:54:04] warmStart (decay=exponential) 97% (1167/1198) regret=0.101541 ape=0.5539
[17:54:05] warmStart (decay=exponential) 97% (1168/1198) regret=0.101541 ape=0.5539
[17:54:05] warmStart (decay=exponential) 97% (1169/1198) regret=0.101541 ape=0.5539
[17:54:05] warmStart (decay=exponential) 97% (1170/1198) regret=0.101541 ape=0.5539
[17:54:05] warmStart (decay=exponential) 97% (1171/1198) regret=0.101541 ape=0.5539
[17:54:05] warmStart (decay=exponential) 97% (1172/1198) regret=0.101541 ape=0.5539
[17:54:05] warmStart (decay=exponential) 97% (1173/1198) regret=0.101541 ape=0.5539
[17:54:06] warmStart (decay=exponential) 97% (1174/1198) regret=0.101541 ape=0.5539
[17:54:06] warmStart (decay=exponential) 98% (1175/1198) regret=0.101541 ape=0.5539
[17:54:06] warmStart (decay=exponential) 98% (1176/1198) regret=0.101541 ape=0.5539
[17:54:06] warmStart (decay=exponential) 98% (1177/1198) regret=0.101541 ape=0.5539
[17:54:06] warmStart (decay=exponential) 98% (1178/1198) regret=0.101541 ape=0.5539
[17:54:06] warmStart (decay=exponential) 98% (1179/1198) regret=0.101541 ape=0.5539
[17:54:07] warmStart (decay=exponential) 98% (1180/1198) regret=0.101541 ape=0.5539
[17:54:07] warmStart (decay=exponential) 98% (1181/1198) regret=0.101541 ape=0.5539
[17:54:07] warmStart (decay=exponential) 98% (1182/1198) regret=0.101541 ape=0.5539
[17:54:07] warmStart (decay=exponential) 98% (1183/1198) regret=0.101541 ape=0.5539
[17:54:07] warmStart (decay=exponential) 98% (1184/1198) regret=0.101541 ape=0.5539
[17:54:07] warmStart (decay=exponential) 98% (1185/1198) regret=0.101541 ape=0.5539
[17:54:08] warmStart (decay=exponential) 98% (1186/1198) regret=0.101541 ape=0.5539
[17:54:08] warmStart (decay=exponential) 99% (1187/1198) regret=0.101541 ape=0.5539
[17:54:08] warmStart (decay=exponential) 99% (1188/1198) regret=0.101541 ape=0.5539
[17:54:08] warmStart (decay=exponential) 99% (1189/1198) regret=0.101541 ape=0.5539
[17:54:08] warmStart (decay=exponential) 99% (1190/1198) regret=0.101541 ape=0.5539
[17:54:08] warmStart (decay=exponential) 99% (1191/1198) regret=0.101541 ape=0.5539
[17:54:08] warmStart (decay=exponential) 99% (1192/1198) regret=0.101541 ape=0.5539
[17:54:09] warmStart (decay=exponential) 99% (1193/1198) regret=0.101541 ape=0.5539
[17:54:09] warmStart (decay=exponential) 99% (1194/1198) regret=0.101541 ape=0.5539
[17:54:09] warmStart (decay=exponential) 99% (1195/1198) regret=0.101541 ape=0.5539
[17:54:09] warmStart (decay=exponential) 99% (1196/1198) regret=0.101541 ape=0.5539
[17:54:09] warmStart (decay=exponential) 99% (1197/1198) regret=0.101541 ape=0.5539
[17:54:09] warmStart (decay=exponential) 100% (1198/1198) regret=0.101541 ape=0.5539
Warm w=200 finished: 1198 points, 199.28s wall time
  Final: regret=0.101541, ape=0.5539

Saved: /home/users/g/s/gsavary/LudiiMCTSVariations/slurm_sweep_full_dataset/output_decay/warm_200_decay_exponential_0_075/seed_0/sweep_decay_warm_200_exponential_0.075_0_20260426_175409.json

Generating plots...
Saved: /home/users/g/s/gsavary/LudiiMCTSVariations/slurm_sweep_full_dataset/output_decay/warm_200_decay_exponential_0_075/seed_0/sweep_decay_warm_200_exponential_0.075_0_20260426_175409_regret.png
Saved: /home/users/g/s/gsavary/LudiiMCTSVariations/slurm_sweep_full_dataset/output_decay/warm_200_decay_exponential_0_075/seed_0/sweep_decay_warm_200_exponential_0.075_0_20260426_175409_ape.png

================================================================================
Experiment complete!
================================================================================
Done. Results in: /home/users/g/s/gsavary/LudiiMCTSVariations/slurm_sweep_full_dataset/output_decay/warm_200_decay_exponential_0_075/seed_0
