============================================================
Decay sweep experiment
Method:      warm:50
Decay mode:  exponential
Decay param: 0.15
Seed:        3
Output:      /home/users/g/s/gsavary/LudiiMCTSVariations/slurm_sweep_full_dataset/output_decay/warm_50_decay_exponential_0_15/seed_3
============================================================

================================================================================
SLURM Sweep Experiment with Synthetic Data Decay
================================================================================
Method: warm:50
Decay: exponential (param=0.15)
Time limit: 3600.0s, Seed: 3, Batch size: 20
Output directory: /home/users/g/s/gsavary/LudiiMCTSVariations/slurm_sweep_full_dataset/output_decay/warm_50_decay_exponential_0_15/seed_3

Loading Ludii dataset...
Loaded 1085 games
Using 1085 games (full dataset)

Running timing probe (100 pulls)...
  Estimated secs/pull: 0.021528

Time budget: 3600.0s → ~167226 total pulls
Per-method budget: 23889 pulls (~514.3s)

Computing predictor-only performance...
  Predictions loaded: 23675 agent predictions
  Predictor-only: regret=0.104318, ape=0.4894

Running WARM-START (w=50, decay=exponential param=0.15)...
[17:46:22] warmStart (decay=exponential) 0% (1/1195) regret=0.107168 ape=0.5972
[17:46:22] warmStart (decay=exponential) 0% (2/1195) regret=0.107168 ape=0.5972
[17:46:23] warmStart (decay=exponential) 0% (3/1195) regret=0.107168 ape=0.5972
[17:46:23] warmStart (decay=exponential) 0% (4/1195) regret=0.107168 ape=0.5972
[17:46:23] warmStart (decay=exponential) 0% (5/1195) regret=0.107168 ape=0.5972
[17:46:23] warmStart (decay=exponential) 0% (6/1195) regret=0.107168 ape=0.5972
[17:46:23] warmStart (decay=exponential) 0% (7/1195) regret=0.107168 ape=0.5972
[17:46:23] warmStart (decay=exponential) 0% (8/1195) regret=0.107168 ape=0.5972
[17:46:24] warmStart (decay=exponential) 0% (9/1195) regret=0.107168 ape=0.5972
[17:46:24] warmStart (decay=exponential) 0% (10/1195) regret=0.107168 ape=0.5972
[17:46:24] warmStart (decay=exponential) 0% (11/1195) regret=0.107168 ape=0.5972
[17:46:24] warmStart (decay=exponential) 1% (12/1195) regret=0.107168 ape=0.5972
[17:46:24] warmStart (decay=exponential) 1% (13/1195) regret=0.107168 ape=0.5972
[17:46:24] warmStart (decay=exponential) 1% (14/1195) regret=0.107168 ape=0.5972
[17:46:25] warmStart (decay=exponential) 1% (15/1195) regret=0.107168 ape=0.5972
[17:46:25] warmStart (decay=exponential) 1% (16/1195) regret=0.107168 ape=0.5972
[17:46:25] warmStart (decay=exponential) 1% (17/1195) regret=0.107168 ape=0.5972
[17:46:25] warmStart (decay=exponential) 1% (18/1195) regret=0.107168 ape=0.5972
[17:46:25] warmStart (decay=exponential) 1% (19/1195) regret=0.107168 ape=0.5972
[17:46:26] warmStart (decay=exponential) 1% (20/1195) regret=0.107168 ape=0.5972
[17:46:26] warmStart (decay=exponential) 1% (21/1195) regret=0.107168 ape=0.5972
[17:46:26] warmStart (decay=exponential) 1% (22/1195) regret=0.107168 ape=0.5972
[17:46:26] warmStart (decay=exponential) 1% (23/1195) regret=0.107168 ape=0.5972
[17:46:26] warmStart (decay=exponential) 2% (24/1195) regret=0.107168 ape=0.5972
[17:46:26] warmStart (decay=exponential) 2% (25/1195) regret=0.107168 ape=0.5972
[17:46:27] warmStart (decay=exponential) 2% (26/1195) regret=0.107168 ape=0.5972
[17:46:27] warmStart (decay=exponential) 2% (27/1195) regret=0.107168 ape=0.5972
[17:46:27] warmStart (decay=exponential) 2% (28/1195) regret=0.107168 ape=0.5972
[17:46:27] warmStart (decay=exponential) 2% (29/1195) regret=0.107168 ape=0.5972
[17:46:27] warmStart (decay=exponential) 2% (30/1195) regret=0.107168 ape=0.5972
[17:46:27] warmStart (decay=exponential) 2% (31/1195) regret=0.107168 ape=0.5972
[17:46:28] warmStart (decay=exponential) 2% (32/1195) regret=0.107168 ape=0.5972
[17:46:28] warmStart (decay=exponential) 2% (33/1195) regret=0.107168 ape=0.5972
[17:46:28] warmStart (decay=exponential) 2% (34/1195) regret=0.107168 ape=0.5972
[17:46:28] warmStart (decay=exponential) 2% (35/1195) regret=0.107168 ape=0.5972
[17:46:28] warmStart (decay=exponential) 3% (36/1195) regret=0.107168 ape=0.5972
[17:46:28] warmStart (decay=exponential) 3% (37/1195) regret=0.107168 ape=0.5972
[17:46:29] warmStart (decay=exponential) 3% (38/1195) regret=0.107168 ape=0.5972
[17:46:29] warmStart (decay=exponential) 3% (39/1195) regret=0.107168 ape=0.5972
[17:46:29] warmStart (decay=exponential) 3% (40/1195) regret=0.107168 ape=0.5972
[17:46:29] warmStart (decay=exponential) 3% (41/1195) regret=0.107168 ape=0.5972
[17:46:29] warmStart (decay=exponential) 3% (42/1195) regret=0.107168 ape=0.5972
[17:46:29] warmStart (decay=exponential) 3% (43/1195) regret=0.107168 ape=0.5972
[17:46:30] warmStart (decay=exponential) 3% (44/1195) regret=0.107168 ape=0.5972
[17:46:30] warmStart (decay=exponential) 3% (45/1195) regret=0.107168 ape=0.5972
[17:46:30] warmStart (decay=exponential) 3% (46/1195) regret=0.107168 ape=0.5972
[17:46:30] warmStart (decay=exponential) 3% (47/1195) regret=0.107168 ape=0.5972
[17:46:30] warmStart (decay=exponential) 4% (48/1195) regret=0.107168 ape=0.5972
[17:46:30] warmStart (decay=exponential) 4% (49/1195) regret=0.107168 ape=0.5972
[17:46:31] warmStart (decay=exponential) 4% (50/1195) regret=0.107168 ape=0.5972
[17:46:31] warmStart (decay=exponential) 4% (51/1195) regret=0.107168 ape=0.5972
[17:46:31] warmStart (decay=exponential) 4% (52/1195) regret=0.107168 ape=0.5972
[17:46:31] warmStart (decay=exponential) 4% (53/1195) regret=0.107168 ape=0.5972
[17:46:31] warmStart (decay=exponential) 4% (54/1195) regret=0.107168 ape=0.5972
[17:46:32] warmStart (decay=exponential) 4% (55/1195) regret=0.107168 ape=0.5972
[17:46:32] warmStart (decay=exponential) 4% (56/1195) regret=0.107168 ape=0.5972
[17:46:32] warmStart (decay=exponential) 4% (57/1195) regret=0.107168 ape=0.5972
[17:46:32] warmStart (decay=exponential) 4% (58/1195) regret=0.107168 ape=0.5972
[17:46:32] warmStart (decay=exponential) 4% (59/1195) regret=0.107168 ape=0.5972
[17:46:32] warmStart (decay=exponential) 5% (60/1195) regret=0.107168 ape=0.5972
[17:46:33] warmStart (decay=exponential) 5% (61/1195) regret=0.107168 ape=0.5972
[17:46:33] warmStart (decay=exponential) 5% (62/1195) regret=0.107168 ape=0.5972
[17:46:33] warmStart (decay=exponential) 5% (63/1195) regret=0.107168 ape=0.5972
[17:46:33] warmStart (decay=exponential) 5% (64/1195) regret=0.107168 ape=0.5972
[17:46:33] warmStart (decay=exponential) 5% (65/1195) regret=0.107168 ape=0.5972
[17:46:33] warmStart (decay=exponential) 5% (66/1195) regret=0.107168 ape=0.5972
[17:46:34] warmStart (decay=exponential) 5% (67/1195) regret=0.107168 ape=0.5972
[17:46:34] warmStart (decay=exponential) 5% (68/1195) regret=0.107168 ape=0.5972
[17:46:34] warmStart (decay=exponential) 5% (69/1195) regret=0.107168 ape=0.5972
[17:46:34] warmStart (decay=exponential) 5% (70/1195) regret=0.107168 ape=0.5972
[17:46:34] warmStart (decay=exponential) 5% (71/1195) regret=0.107168 ape=0.5972
[17:46:34] warmStart (decay=exponential) 6% (72/1195) regret=0.107168 ape=0.5972
[17:46:35] warmStart (decay=exponential) 6% (73/1195) regret=0.107168 ape=0.5972
[17:46:35] warmStart (decay=exponential) 6% (74/1195) regret=0.107168 ape=0.5972
[17:46:35] warmStart (decay=exponential) 6% (75/1195) regret=0.107168 ape=0.5972
[17:46:35] warmStart (decay=exponential) 6% (76/1195) regret=0.107168 ape=0.5972
[17:46:35] warmStart (decay=exponential) 6% (77/1195) regret=0.107145 ape=0.5963
[17:46:35] warmStart (decay=exponential) 6% (78/1195) regret=0.107145 ape=0.5963
[17:46:36] warmStart (decay=exponential) 6% (79/1195) regret=0.107164 ape=0.5972
[17:46:36] warmStart (decay=exponential) 6% (80/1195) regret=0.107164 ape=0.5972
[17:46:36] warmStart (decay=exponential) 6% (81/1195) regret=0.107164 ape=0.5972
[17:46:36] warmStart (decay=exponential) 6% (82/1195) regret=0.107164 ape=0.5972
[17:46:36] warmStart (decay=exponential) 6% (83/1195) regret=0.107164 ape=0.5972
[17:46:36] warmStart (decay=exponential) 7% (84/1195) regret=0.107164 ape=0.5972
[17:46:37] warmStart (decay=exponential) 7% (85/1195) regret=0.107164 ape=0.5972
[17:46:37] warmStart (decay=exponential) 7% (86/1195) regret=0.107164 ape=0.5972
[17:46:37] warmStart (decay=exponential) 7% (87/1195) regret=0.107164 ape=0.5972
[17:46:37] warmStart (decay=exponential) 7% (88/1195) regret=0.107164 ape=0.5972
[17:46:37] warmStart (decay=exponential) 7% (89/1195) regret=0.107168 ape=0.5972
[17:46:38] warmStart (decay=exponential) 7% (90/1195) regret=0.107161 ape=0.5963
[17:46:38] warmStart (decay=exponential) 7% (91/1195) regret=0.107161 ape=0.5963
[17:46:38] warmStart (decay=exponential) 7% (92/1195) regret=0.107161 ape=0.5963
[17:46:38] warmStart (decay=exponential) 7% (93/1195) regret=0.107161 ape=0.5963
[17:46:38] warmStart (decay=exponential) 7% (94/1195) regret=0.107161 ape=0.5963
[17:46:38] warmStart (decay=exponential) 7% (95/1195) regret=0.107161 ape=0.5963
[17:46:38] warmStart (decay=exponential) 8% (96/1195) regret=0.107161 ape=0.5963
[17:46:39] warmStart (decay=exponential) 8% (97/1195) regret=0.107164 ape=0.5972
[17:46:39] warmStart (decay=exponential) 8% (98/1195) regret=0.107164 ape=0.5972
[17:46:39] warmStart (decay=exponential) 8% (99/1195) regret=0.107164 ape=0.5972
[17:46:39] warmStart (decay=exponential) 8% (100/1195) regret=0.107164 ape=0.5972
[17:46:39] warmStart (decay=exponential) 8% (101/1195) regret=0.107164 ape=0.5972
[17:46:39] warmStart (decay=exponential) 8% (102/1195) regret=0.107164 ape=0.5972
[17:46:40] warmStart (decay=exponential) 8% (103/1195) regret=0.107164 ape=0.5972
[17:46:40] warmStart (decay=exponential) 8% (104/1195) regret=0.107164 ape=0.5972
[17:46:40] warmStart (decay=exponential) 8% (105/1195) regret=0.107164 ape=0.5972
[17:46:40] warmStart (decay=exponential) 8% (106/1195) regret=0.107164 ape=0.5972
[17:46:40] warmStart (decay=exponential) 8% (107/1195) regret=0.107164 ape=0.5972
[17:46:40] warmStart (decay=exponential) 9% (108/1195) regret=0.107164 ape=0.5972
[17:46:40] warmStart (decay=exponential) 9% (109/1195) regret=0.107164 ape=0.5972
[17:46:41] warmStart (decay=exponential) 9% (110/1195) regret=0.107164 ape=0.5972
[17:46:41] warmStart (decay=exponential) 9% (111/1195) regret=0.107164 ape=0.5972
[17:46:41] warmStart (decay=exponential) 9% (112/1195) regret=0.107164 ape=0.5972
[17:46:41] warmStart (decay=exponential) 9% (113/1195) regret=0.107164 ape=0.5972
[17:46:41] warmStart (decay=exponential) 9% (114/1195) regret=0.107164 ape=0.5972
[17:46:41] warmStart (decay=exponential) 9% (115/1195) regret=0.107164 ape=0.5972
[17:46:42] warmStart (decay=exponential) 9% (116/1195) regret=0.107164 ape=0.5972
[17:46:42] warmStart (decay=exponential) 9% (117/1195) regret=0.107164 ape=0.5972
[17:46:42] warmStart (decay=exponential) 9% (118/1195) regret=0.107164 ape=0.5972
[17:46:42] warmStart (decay=exponential) 9% (119/1195) regret=0.107164 ape=0.5972
[17:46:42] warmStart (decay=exponential) 10% (120/1195) regret=0.107164 ape=0.5972
[17:46:42] warmStart (decay=exponential) 10% (121/1195) regret=0.107164 ape=0.5972
[17:46:43] warmStart (decay=exponential) 10% (122/1195) regret=0.107164 ape=0.5972
[17:46:43] warmStart (decay=exponential) 10% (123/1195) regret=0.107164 ape=0.5972
[17:46:43] warmStart (decay=exponential) 10% (124/1195) regret=0.107164 ape=0.5972
[17:46:43] warmStart (decay=exponential) 10% (125/1195) regret=0.107164 ape=0.5972
[17:46:43] warmStart (decay=exponential) 10% (126/1195) regret=0.107164 ape=0.5972
[17:46:43] warmStart (decay=exponential) 10% (127/1195) regret=0.107164 ape=0.5972
[17:46:43] warmStart (decay=exponential) 10% (128/1195) regret=0.107164 ape=0.5972
[17:46:44] warmStart (decay=exponential) 10% (129/1195) regret=0.107164 ape=0.5972
[17:46:44] warmStart (decay=exponential) 10% (130/1195) regret=0.107164 ape=0.5972
[17:46:44] warmStart (decay=exponential) 10% (131/1195) regret=0.107164 ape=0.5972
[17:46:44] warmStart (decay=exponential) 11% (132/1195) regret=0.107164 ape=0.5972
[17:46:44] warmStart (decay=exponential) 11% (133/1195) regret=0.107164 ape=0.5972
[17:46:44] warmStart (decay=exponential) 11% (134/1195) regret=0.107164 ape=0.5972
[17:46:45] warmStart (decay=exponential) 11% (135/1195) regret=0.107164 ape=0.5972
[17:46:45] warmStart (decay=exponential) 11% (136/1195) regret=0.107164 ape=0.5972
[17:46:45] warmStart (decay=exponential) 11% (137/1195) regret=0.107164 ape=0.5972
[17:46:45] warmStart (decay=exponential) 11% (138/1195) regret=0.107164 ape=0.5972
[17:46:45] warmStart (decay=exponential) 11% (139/1195) regret=0.107164 ape=0.5972
[17:46:45] warmStart (decay=exponential) 11% (140/1195) regret=0.107164 ape=0.5972
[17:46:46] warmStart (decay=exponential) 11% (141/1195) regret=0.107164 ape=0.5972
[17:46:46] warmStart (decay=exponential) 11% (142/1195) regret=0.107164 ape=0.5972
[17:46:46] warmStart (decay=exponential) 11% (143/1195) regret=0.107164 ape=0.5972
[17:46:46] warmStart (decay=exponential) 12% (144/1195) regret=0.107164 ape=0.5972
[17:46:46] warmStart (decay=exponential) 12% (145/1195) regret=0.107164 ape=0.5972
[17:46:46] warmStart (decay=exponential) 12% (146/1195) regret=0.107164 ape=0.5972
[17:46:46] warmStart (decay=exponential) 12% (147/1195) regret=0.107164 ape=0.5972
[17:46:47] warmStart (decay=exponential) 12% (148/1195) regret=0.107164 ape=0.5972
[17:46:47] warmStart (decay=exponential) 12% (149/1195) regret=0.107164 ape=0.5972
[17:46:47] warmStart (decay=exponential) 12% (150/1195) regret=0.107164 ape=0.5972
[17:46:47] warmStart (decay=exponential) 12% (151/1195) regret=0.107164 ape=0.5972
[17:46:47] warmStart (decay=exponential) 12% (152/1195) regret=0.107164 ape=0.5972
[17:46:47] warmStart (decay=exponential) 12% (153/1195) regret=0.107164 ape=0.5972
[17:46:48] warmStart (decay=exponential) 12% (154/1195) regret=0.107164 ape=0.5972
[17:46:48] warmStart (decay=exponential) 12% (155/1195) regret=0.107164 ape=0.5972
[17:46:48] warmStart (decay=exponential) 13% (156/1195) regret=0.107164 ape=0.5972
[17:46:48] warmStart (decay=exponential) 13% (157/1195) regret=0.107164 ape=0.5972
[17:46:48] warmStart (decay=exponential) 13% (158/1195) regret=0.107164 ape=0.5972
[17:46:48] warmStart (decay=exponential) 13% (159/1195) regret=0.107164 ape=0.5972
[17:46:49] warmStart (decay=exponential) 13% (160/1195) regret=0.107164 ape=0.5972
[17:46:49] warmStart (decay=exponential) 13% (161/1195) regret=0.107164 ape=0.5972
[17:46:49] warmStart (decay=exponential) 13% (162/1195) regret=0.107164 ape=0.5972
[17:46:49] warmStart (decay=exponential) 13% (163/1195) regret=0.107164 ape=0.5972
[17:46:49] warmStart (decay=exponential) 13% (164/1195) regret=0.107164 ape=0.5972
[17:46:49] warmStart (decay=exponential) 13% (165/1195) regret=0.107164 ape=0.5972
[17:46:49] warmStart (decay=exponential) 13% (166/1195) regret=0.107164 ape=0.5972
[17:46:50] warmStart (decay=exponential) 13% (167/1195) regret=0.107164 ape=0.5972
[17:46:50] warmStart (decay=exponential) 14% (168/1195) regret=0.107164 ape=0.5972
[17:46:50] warmStart (decay=exponential) 14% (169/1195) regret=0.107164 ape=0.5972
[17:46:50] warmStart (decay=exponential) 14% (170/1195) regret=0.107164 ape=0.5972
[17:46:50] warmStart (decay=exponential) 14% (171/1195) regret=0.107164 ape=0.5972
[17:46:50] warmStart (decay=exponential) 14% (172/1195) regret=0.107164 ape=0.5972
[17:46:51] warmStart (decay=exponential) 14% (173/1195) regret=0.107164 ape=0.5972
[17:46:51] warmStart (decay=exponential) 14% (174/1195) regret=0.107164 ape=0.5972
[17:46:51] warmStart (decay=exponential) 14% (175/1195) regret=0.107164 ape=0.5972
[17:46:51] warmStart (decay=exponential) 14% (176/1195) regret=0.107164 ape=0.5972
[17:46:51] warmStart (decay=exponential) 14% (177/1195) regret=0.107164 ape=0.5972
[17:46:51] warmStart (decay=exponential) 14% (178/1195) regret=0.107164 ape=0.5972
[17:46:52] warmStart (decay=exponential) 14% (179/1195) regret=0.107164 ape=0.5972
[17:46:52] warmStart (decay=exponential) 15% (180/1195) regret=0.107164 ape=0.5972
[17:46:52] warmStart (decay=exponential) 15% (181/1195) regret=0.107164 ape=0.5972
[17:46:52] warmStart (decay=exponential) 15% (182/1195) regret=0.107164 ape=0.5972
[17:46:52] warmStart (decay=exponential) 15% (183/1195) regret=0.107164 ape=0.5972
[17:46:52] warmStart (decay=exponential) 15% (184/1195) regret=0.107164 ape=0.5972
[17:46:52] warmStart (decay=exponential) 15% (185/1195) regret=0.107164 ape=0.5972
[17:46:53] warmStart (decay=exponential) 15% (186/1195) regret=0.107164 ape=0.5972
[17:46:53] warmStart (decay=exponential) 15% (187/1195) regret=0.107164 ape=0.5972
[17:46:53] warmStart (decay=exponential) 15% (188/1195) regret=0.107164 ape=0.5972
[17:46:53] warmStart (decay=exponential) 15% (189/1195) regret=0.107164 ape=0.5972
[17:46:53] warmStart (decay=exponential) 15% (190/1195) regret=0.107164 ape=0.5972
[17:46:53] warmStart (decay=exponential) 15% (191/1195) regret=0.107164 ape=0.5972
[17:46:54] warmStart (decay=exponential) 16% (192/1195) regret=0.107164 ape=0.5972
[17:46:54] warmStart (decay=exponential) 16% (193/1195) regret=0.107164 ape=0.5972
[17:46:54] warmStart (decay=exponential) 16% (194/1195) regret=0.107164 ape=0.5972
[17:46:54] warmStart (decay=exponential) 16% (195/1195) regret=0.107164 ape=0.5972
[17:46:54] warmStart (decay=exponential) 16% (196/1195) regret=0.107164 ape=0.5972
[17:46:54] warmStart (decay=exponential) 16% (197/1195) regret=0.107164 ape=0.5972
[17:46:55] warmStart (decay=exponential) 16% (198/1195) regret=0.107164 ape=0.5972
[17:46:55] warmStart (decay=exponential) 16% (199/1195) regret=0.107164 ape=0.5972
[17:46:55] warmStart (decay=exponential) 16% (200/1195) regret=0.107164 ape=0.5972
[17:46:55] warmStart (decay=exponential) 16% (201/1195) regret=0.107164 ape=0.5972
[17:46:55] warmStart (decay=exponential) 16% (202/1195) regret=0.107164 ape=0.5972
[17:46:55] warmStart (decay=exponential) 16% (203/1195) regret=0.107164 ape=0.5972
[17:46:55] warmStart (decay=exponential) 17% (204/1195) regret=0.107164 ape=0.5972
[17:46:56] warmStart (decay=exponential) 17% (205/1195) regret=0.107164 ape=0.5972
[17:46:56] warmStart (decay=exponential) 17% (206/1195) regret=0.107164 ape=0.5972
[17:46:56] warmStart (decay=exponential) 17% (207/1195) regret=0.107164 ape=0.5972
[17:46:56] warmStart (decay=exponential) 17% (208/1195) regret=0.107164 ape=0.5972
[17:46:56] warmStart (decay=exponential) 17% (209/1195) regret=0.107164 ape=0.5972
[17:46:56] warmStart (decay=exponential) 17% (210/1195) regret=0.107164 ape=0.5972
[17:46:57] warmStart (decay=exponential) 17% (211/1195) regret=0.107164 ape=0.5972
[17:46:57] warmStart (decay=exponential) 17% (212/1195) regret=0.107164 ape=0.5972
[17:46:57] warmStart (decay=exponential) 17% (213/1195) regret=0.107164 ape=0.5972
[17:46:57] warmStart (decay=exponential) 17% (214/1195) regret=0.107164 ape=0.5972
[17:46:57] warmStart (decay=exponential) 17% (215/1195) regret=0.107164 ape=0.5972
[17:46:57] warmStart (decay=exponential) 18% (216/1195) regret=0.107164 ape=0.5972
[17:46:58] warmStart (decay=exponential) 18% (217/1195) regret=0.107164 ape=0.5972
[17:46:58] warmStart (decay=exponential) 18% (218/1195) regret=0.107164 ape=0.5972
[17:46:58] warmStart (decay=exponential) 18% (219/1195) regret=0.107164 ape=0.5972
[17:46:58] warmStart (decay=exponential) 18% (220/1195) regret=0.107164 ape=0.5972
[17:46:58] warmStart (decay=exponential) 18% (221/1195) regret=0.107164 ape=0.5972
[17:46:58] warmStart (decay=exponential) 18% (222/1195) regret=0.107164 ape=0.5972
[17:46:58] warmStart (decay=exponential) 18% (223/1195) regret=0.107164 ape=0.5972
[17:46:59] warmStart (decay=exponential) 18% (224/1195) regret=0.107164 ape=0.5972
[17:46:59] warmStart (decay=exponential) 18% (225/1195) regret=0.107164 ape=0.5972
[17:46:59] warmStart (decay=exponential) 18% (226/1195) regret=0.107164 ape=0.5972
[17:46:59] warmStart (decay=exponential) 18% (227/1195) regret=0.107164 ape=0.5972
[17:46:59] warmStart (decay=exponential) 19% (228/1195) regret=0.107164 ape=0.5972
[17:46:59] warmStart (decay=exponential) 19% (229/1195) regret=0.107164 ape=0.5972
[17:46:59] warmStart (decay=exponential) 19% (230/1195) regret=0.107164 ape=0.5972
[17:47:00] warmStart (decay=exponential) 19% (231/1195) regret=0.107164 ape=0.5972
[17:47:00] warmStart (decay=exponential) 19% (232/1195) regret=0.107164 ape=0.5972
[17:47:00] warmStart (decay=exponential) 19% (233/1195) regret=0.107164 ape=0.5972
[17:47:00] warmStart (decay=exponential) 19% (234/1195) regret=0.107164 ape=0.5972
[17:47:00] warmStart (decay=exponential) 19% (235/1195) regret=0.107174 ape=0.5972
[17:47:00] warmStart (decay=exponential) 19% (236/1195) regret=0.107153 ape=0.5972
[17:47:00] warmStart (decay=exponential) 19% (237/1195) regret=0.107153 ape=0.5972
[17:47:01] warmStart (decay=exponential) 19% (238/1195) regret=0.107153 ape=0.5972
[17:47:01] warmStart (decay=exponential) 20% (239/1195) regret=0.107153 ape=0.5972
[17:47:01] warmStart (decay=exponential) 20% (240/1195) regret=0.107153 ape=0.5972
[17:47:01] warmStart (decay=exponential) 20% (241/1195) regret=0.107153 ape=0.5972
[17:47:01] warmStart (decay=exponential) 20% (242/1195) regret=0.107153 ape=0.5972
[17:47:01] warmStart (decay=exponential) 20% (243/1195) regret=0.107174 ape=0.5972
[17:47:02] warmStart (decay=exponential) 20% (244/1195) regret=0.107174 ape=0.5972
[17:47:02] warmStart (decay=exponential) 20% (245/1195) regret=0.107174 ape=0.5972
[17:47:02] warmStart (decay=exponential) 20% (246/1195) regret=0.107174 ape=0.5972
[17:47:02] warmStart (decay=exponential) 20% (247/1195) regret=0.107174 ape=0.5972
[17:47:02] warmStart (decay=exponential) 20% (248/1195) regret=0.107142 ape=0.5963
[17:47:02] warmStart (decay=exponential) 20% (249/1195) regret=0.107174 ape=0.5972
[17:47:02] warmStart (decay=exponential) 20% (250/1195) regret=0.107174 ape=0.5972
[17:47:03] warmStart (decay=exponential) 21% (251/1195) regret=0.107174 ape=0.5972
[17:47:03] warmStart (decay=exponential) 21% (252/1195) regret=0.107174 ape=0.5972
[17:47:03] warmStart (decay=exponential) 21% (253/1195) regret=0.107174 ape=0.5972
[17:47:03] warmStart (decay=exponential) 21% (254/1195) regret=0.107174 ape=0.5972
[17:47:03] warmStart (decay=exponential) 21% (255/1195) regret=0.107174 ape=0.5972
[17:47:03] warmStart (decay=exponential) 21% (256/1195) regret=0.107174 ape=0.5972
[17:47:03] warmStart (decay=exponential) 21% (257/1195) regret=0.107174 ape=0.5972
[17:47:04] warmStart (decay=exponential) 21% (258/1195) regret=0.107186 ape=0.5972
[17:47:04] warmStart (decay=exponential) 21% (259/1195) regret=0.107296 ape=0.5972
[17:47:04] warmStart (decay=exponential) 21% (260/1195) regret=0.107186 ape=0.5972
[17:47:04] warmStart (decay=exponential) 21% (261/1195) regret=0.107142 ape=0.5963
[17:47:04] warmStart (decay=exponential) 21% (262/1195) regret=0.107142 ape=0.5963
[17:47:04] warmStart (decay=exponential) 22% (263/1195) regret=0.107193 ape=0.5972
[17:47:05] warmStart (decay=exponential) 22% (264/1195) regret=0.107193 ape=0.5972
[17:47:05] warmStart (decay=exponential) 22% (265/1195) regret=0.107193 ape=0.5972
[17:47:05] warmStart (decay=exponential) 22% (266/1195) regret=0.107193 ape=0.5972
[17:47:05] warmStart (decay=exponential) 22% (267/1195) regret=0.107160 ape=0.5972
[17:47:05] warmStart (decay=exponential) 22% (268/1195) regret=0.107160 ape=0.5972
[17:47:05] warmStart (decay=exponential) 22% (269/1195) regret=0.107160 ape=0.5972
[17:47:06] warmStart (decay=exponential) 22% (270/1195) regret=0.107160 ape=0.5972
[17:47:06] warmStart (decay=exponential) 22% (271/1195) regret=0.107193 ape=0.5972
[17:47:06] warmStart (decay=exponential) 22% (272/1195) regret=0.107193 ape=0.5972
[17:47:06] warmStart (decay=exponential) 22% (273/1195) regret=0.107266 ape=0.5972
[17:47:06] warmStart (decay=exponential) 22% (274/1195) regret=0.107207 ape=0.5972
[17:47:06] warmStart (decay=exponential) 23% (275/1195) regret=0.107193 ape=0.5972
[17:47:07] warmStart (decay=exponential) 23% (276/1195) regret=0.107209 ape=0.5972
[17:47:07] warmStart (decay=exponential) 23% (277/1195) regret=0.107209 ape=0.5972
[17:47:07] warmStart (decay=exponential) 23% (278/1195) regret=0.107209 ape=0.5972
[17:47:07] warmStart (decay=exponential) 23% (279/1195) regret=0.107209 ape=0.5972
[17:47:07] warmStart (decay=exponential) 23% (280/1195) regret=0.107209 ape=0.5972
[17:47:07] warmStart (decay=exponential) 23% (281/1195) regret=0.107209 ape=0.5972
[17:47:07] warmStart (decay=exponential) 23% (282/1195) regret=0.107209 ape=0.5972
[17:47:08] warmStart (decay=exponential) 23% (283/1195) regret=0.107209 ape=0.5972
[17:47:08] warmStart (decay=exponential) 23% (284/1195) regret=0.107191 ape=0.5963
[17:47:08] warmStart (decay=exponential) 23% (285/1195) regret=0.107191 ape=0.5963
[17:47:08] warmStart (decay=exponential) 23% (286/1195) regret=0.107191 ape=0.5963
[17:47:08] warmStart (decay=exponential) 24% (287/1195) regret=0.107191 ape=0.5963
[17:47:08] warmStart (decay=exponential) 24% (288/1195) regret=0.107191 ape=0.5963
[17:47:08] warmStart (decay=exponential) 24% (289/1195) regret=0.107191 ape=0.5963
[17:47:09] warmStart (decay=exponential) 24% (290/1195) regret=0.107191 ape=0.5963
[17:47:09] warmStart (decay=exponential) 24% (291/1195) regret=0.107191 ape=0.5963
[17:47:09] warmStart (decay=exponential) 24% (292/1195) regret=0.107191 ape=0.5963
[17:47:09] warmStart (decay=exponential) 24% (293/1195) regret=0.107122 ape=0.5963
[17:47:09] warmStart (decay=exponential) 24% (294/1195) regret=0.107122 ape=0.5963
[17:47:09] warmStart (decay=exponential) 24% (295/1195) regret=0.107122 ape=0.5963
[17:47:09] warmStart (decay=exponential) 24% (296/1195) regret=0.107122 ape=0.5963
[17:47:10] warmStart (decay=exponential) 24% (297/1195) regret=0.107122 ape=0.5963
[17:47:10] warmStart (decay=exponential) 24% (298/1195) regret=0.107122 ape=0.5963
[17:47:10] warmStart (decay=exponential) 25% (299/1195) regret=0.107122 ape=0.5963
[17:47:10] warmStart (decay=exponential) 25% (300/1195) regret=0.107111 ape=0.5954
[17:47:10] warmStart (decay=exponential) 25% (301/1195) regret=0.107111 ape=0.5954
[17:47:10] warmStart (decay=exponential) 25% (302/1195) regret=0.107179 ape=0.5963
[17:47:11] warmStart (decay=exponential) 25% (303/1195) regret=0.107179 ape=0.5963
[17:47:11] warmStart (decay=exponential) 25% (304/1195) regret=0.107111 ape=0.5954
[17:47:11] warmStart (decay=exponential) 25% (305/1195) regret=0.107111 ape=0.5954
[17:47:11] warmStart (decay=exponential) 25% (306/1195) regret=0.107111 ape=0.5954
[17:47:11] warmStart (decay=exponential) 25% (307/1195) regret=0.107111 ape=0.5954
[17:47:11] warmStart (decay=exponential) 25% (308/1195) regret=0.107111 ape=0.5954
[17:47:11] warmStart (decay=exponential) 25% (309/1195) regret=0.107111 ape=0.5954
[17:47:12] warmStart (decay=exponential) 25% (310/1195) regret=0.107111 ape=0.5954
[17:47:12] warmStart (decay=exponential) 26% (311/1195) regret=0.107111 ape=0.5954
[17:47:12] warmStart (decay=exponential) 26% (312/1195) regret=0.107111 ape=0.5954
[17:47:12] warmStart (decay=exponential) 26% (313/1195) regret=0.107111 ape=0.5954
[17:47:12] warmStart (decay=exponential) 26% (314/1195) regret=0.107111 ape=0.5954
[17:47:12] warmStart (decay=exponential) 26% (315/1195) regret=0.107111 ape=0.5954
[17:47:13] warmStart (decay=exponential) 26% (316/1195) regret=0.107111 ape=0.5954
[17:47:13] warmStart (decay=exponential) 26% (317/1195) regret=0.107111 ape=0.5954
[17:47:13] warmStart (decay=exponential) 26% (318/1195) regret=0.107111 ape=0.5954
[17:47:13] warmStart (decay=exponential) 26% (319/1195) regret=0.107111 ape=0.5954
[17:47:13] warmStart (decay=exponential) 26% (320/1195) regret=0.107111 ape=0.5954
[17:47:13] warmStart (decay=exponential) 26% (321/1195) regret=0.107111 ape=0.5954
[17:47:13] warmStart (decay=exponential) 26% (322/1195) regret=0.107111 ape=0.5954
[17:47:14] warmStart (decay=exponential) 27% (323/1195) regret=0.107111 ape=0.5954
[17:47:14] warmStart (decay=exponential) 27% (324/1195) regret=0.107111 ape=0.5954
[17:47:14] warmStart (decay=exponential) 27% (325/1195) regret=0.107111 ape=0.5954
[17:47:14] warmStart (decay=exponential) 27% (326/1195) regret=0.107111 ape=0.5954
[17:47:14] warmStart (decay=exponential) 27% (327/1195) regret=0.107111 ape=0.5954
[17:47:14] warmStart (decay=exponential) 27% (328/1195) regret=0.107111 ape=0.5954
[17:47:15] warmStart (decay=exponential) 27% (329/1195) regret=0.107111 ape=0.5954
[17:47:15] warmStart (decay=exponential) 27% (330/1195) regret=0.107111 ape=0.5954
[17:47:15] warmStart (decay=exponential) 27% (331/1195) regret=0.107111 ape=0.5954
[17:47:15] warmStart (decay=exponential) 27% (332/1195) regret=0.107111 ape=0.5954
[17:47:15] warmStart (decay=exponential) 27% (333/1195) regret=0.107111 ape=0.5954
[17:47:15] warmStart (decay=exponential) 27% (334/1195) regret=0.107111 ape=0.5954
[17:47:16] warmStart (decay=exponential) 28% (335/1195) regret=0.107111 ape=0.5954
[17:47:16] warmStart (decay=exponential) 28% (336/1195) regret=0.107111 ape=0.5954
[17:47:16] warmStart (decay=exponential) 28% (337/1195) regret=0.107111 ape=0.5954
[17:47:16] warmStart (decay=exponential) 28% (338/1195) regret=0.107111 ape=0.5954
[17:47:16] warmStart (decay=exponential) 28% (339/1195) regret=0.107111 ape=0.5954
[17:47:16] warmStart (decay=exponential) 28% (340/1195) regret=0.107111 ape=0.5954
[17:47:16] warmStart (decay=exponential) 28% (341/1195) regret=0.107111 ape=0.5954
[17:47:17] warmStart (decay=exponential) 28% (342/1195) regret=0.107111 ape=0.5954
[17:47:17] warmStart (decay=exponential) 28% (343/1195) regret=0.107111 ape=0.5954
[17:47:17] warmStart (decay=exponential) 28% (344/1195) regret=0.107111 ape=0.5954
[17:47:17] warmStart (decay=exponential) 28% (345/1195) regret=0.107111 ape=0.5954
[17:47:17] warmStart (decay=exponential) 28% (346/1195) regret=0.107111 ape=0.5954
[17:47:17] warmStart (decay=exponential) 29% (347/1195) regret=0.107111 ape=0.5954
[17:47:18] warmStart (decay=exponential) 29% (348/1195) regret=0.107111 ape=0.5954
[17:47:18] warmStart (decay=exponential) 29% (349/1195) regret=0.107111 ape=0.5954
[17:47:18] warmStart (decay=exponential) 29% (350/1195) regret=0.107111 ape=0.5954
[17:47:18] warmStart (decay=exponential) 29% (351/1195) regret=0.107111 ape=0.5954
[17:47:18] warmStart (decay=exponential) 29% (352/1195) regret=0.107111 ape=0.5954
[17:47:18] warmStart (decay=exponential) 29% (353/1195) regret=0.107258 ape=0.5963
[17:47:19] warmStart (decay=exponential) 29% (354/1195) regret=0.107276 ape=0.5963
[17:47:19] warmStart (decay=exponential) 29% (355/1195) regret=0.107129 ape=0.5963
[17:47:19] warmStart (decay=exponential) 29% (356/1195) regret=0.107130 ape=0.5963
[17:47:19] warmStart (decay=exponential) 29% (357/1195) regret=0.107129 ape=0.5963
[17:47:19] warmStart (decay=exponential) 29% (358/1195) regret=0.107127 ape=0.5963
[17:47:19] warmStart (decay=exponential) 30% (359/1195) regret=0.107125 ape=0.5954
[17:47:19] warmStart (decay=exponential) 30% (360/1195) regret=0.107129 ape=0.5963
[17:47:20] warmStart (decay=exponential) 30% (361/1195) regret=0.107125 ape=0.5954
[17:47:20] warmStart (decay=exponential) 30% (362/1195) regret=0.107125 ape=0.5954
[17:47:20] warmStart (decay=exponential) 30% (363/1195) regret=0.107125 ape=0.5954
[17:47:20] warmStart (decay=exponential) 30% (364/1195) regret=0.107125 ape=0.5954
[17:47:20] warmStart (decay=exponential) 30% (365/1195) regret=0.107125 ape=0.5954
[17:47:20] warmStart (decay=exponential) 30% (366/1195) regret=0.107125 ape=0.5954
[17:47:21] warmStart (decay=exponential) 30% (367/1195) regret=0.107125 ape=0.5954
[17:47:21] warmStart (decay=exponential) 30% (368/1195) regret=0.107125 ape=0.5954
[17:47:21] warmStart (decay=exponential) 30% (369/1195) regret=0.107125 ape=0.5954
[17:47:21] warmStart (decay=exponential) 30% (370/1195) regret=0.107125 ape=0.5954
[17:47:21] warmStart (decay=exponential) 31% (371/1195) regret=0.107125 ape=0.5954
[17:47:21] warmStart (decay=exponential) 31% (372/1195) regret=0.107125 ape=0.5954
[17:47:21] warmStart (decay=exponential) 31% (373/1195) regret=0.107125 ape=0.5954
[17:47:22] warmStart (decay=exponential) 31% (374/1195) regret=0.107125 ape=0.5954
[17:47:22] warmStart (decay=exponential) 31% (375/1195) regret=0.107125 ape=0.5954
[17:47:22] warmStart (decay=exponential) 31% (376/1195) regret=0.107125 ape=0.5954
[17:47:22] warmStart (decay=exponential) 31% (377/1195) regret=0.107125 ape=0.5954
[17:47:22] warmStart (decay=exponential) 31% (378/1195) regret=0.107125 ape=0.5954
[17:47:22] warmStart (decay=exponential) 31% (379/1195) regret=0.107125 ape=0.5954
[17:47:22] warmStart (decay=exponential) 31% (380/1195) regret=0.107125 ape=0.5954
[17:47:23] warmStart (decay=exponential) 31% (381/1195) regret=0.107125 ape=0.5954
[17:47:23] warmStart (decay=exponential) 31% (382/1195) regret=0.107125 ape=0.5954
[17:47:23] warmStart (decay=exponential) 32% (383/1195) regret=0.107125 ape=0.5954
[17:47:23] warmStart (decay=exponential) 32% (384/1195) regret=0.107088 ape=0.5954
[17:47:23] warmStart (decay=exponential) 32% (385/1195) regret=0.107171 ape=0.5954
[17:47:23] warmStart (decay=exponential) 32% (386/1195) regret=0.107088 ape=0.5954
[17:47:24] warmStart (decay=exponential) 32% (387/1195) regret=0.107180 ape=0.5954
[17:47:24] warmStart (decay=exponential) 32% (388/1195) regret=0.107088 ape=0.5954
[17:47:24] warmStart (decay=exponential) 32% (389/1195) regret=0.107088 ape=0.5954
[17:47:24] warmStart (decay=exponential) 32% (390/1195) regret=0.107088 ape=0.5954
[17:47:24] warmStart (decay=exponential) 32% (391/1195) regret=0.107088 ape=0.5954
[17:47:24] warmStart (decay=exponential) 32% (392/1195) regret=0.107088 ape=0.5954
[17:47:25] warmStart (decay=exponential) 32% (393/1195) regret=0.107088 ape=0.5954
[17:47:25] warmStart (decay=exponential) 32% (394/1195) regret=0.107088 ape=0.5954
[17:47:25] warmStart (decay=exponential) 33% (395/1195) regret=0.107088 ape=0.5954
[17:47:25] warmStart (decay=exponential) 33% (396/1195) regret=0.107088 ape=0.5954
[17:47:25] warmStart (decay=exponential) 33% (397/1195) regret=0.107088 ape=0.5954
[17:47:25] warmStart (decay=exponential) 33% (398/1195) regret=0.107088 ape=0.5954
[17:47:25] warmStart (decay=exponential) 33% (399/1195) regret=0.107088 ape=0.5954
[17:47:26] warmStart (decay=exponential) 33% (400/1195) regret=0.107088 ape=0.5954
[17:47:26] warmStart (decay=exponential) 33% (401/1195) regret=0.107088 ape=0.5954
[17:47:26] warmStart (decay=exponential) 33% (402/1195) regret=0.107088 ape=0.5954
[17:47:26] warmStart (decay=exponential) 33% (403/1195) regret=0.107088 ape=0.5954
[17:47:26] warmStart (decay=exponential) 33% (404/1195) regret=0.107088 ape=0.5954
[17:47:26] warmStart (decay=exponential) 33% (405/1195) regret=0.107088 ape=0.5954
[17:47:27] warmStart (decay=exponential) 33% (406/1195) regret=0.107088 ape=0.5954
[17:47:27] warmStart (decay=exponential) 34% (407/1195) regret=0.107088 ape=0.5954
[17:47:27] warmStart (decay=exponential) 34% (408/1195) regret=0.107088 ape=0.5954
[17:47:27] warmStart (decay=exponential) 34% (409/1195) regret=0.107088 ape=0.5954
[17:47:27] warmStart (decay=exponential) 34% (410/1195) regret=0.107088 ape=0.5954
[17:47:27] warmStart (decay=exponential) 34% (411/1195) regret=0.107088 ape=0.5954
[17:47:28] warmStart (decay=exponential) 34% (412/1195) regret=0.107088 ape=0.5954
[17:47:28] warmStart (decay=exponential) 34% (413/1195) regret=0.107088 ape=0.5954
[17:47:28] warmStart (decay=exponential) 34% (414/1195) regret=0.107088 ape=0.5954
[17:47:28] warmStart (decay=exponential) 34% (415/1195) regret=0.107088 ape=0.5954
[17:47:28] warmStart (decay=exponential) 34% (416/1195) regret=0.107088 ape=0.5954
[17:47:28] warmStart (decay=exponential) 34% (417/1195) regret=0.107088 ape=0.5954
[17:47:29] warmStart (decay=exponential) 34% (418/1195) regret=0.107088 ape=0.5954
[17:47:29] warmStart (decay=exponential) 35% (419/1195) regret=0.107088 ape=0.5954
[17:47:29] warmStart (decay=exponential) 35% (420/1195) regret=0.107088 ape=0.5954
[17:47:29] warmStart (decay=exponential) 35% (421/1195) regret=0.107088 ape=0.5954
[17:47:29] warmStart (decay=exponential) 35% (422/1195) regret=0.107088 ape=0.5954
[17:47:29] warmStart (decay=exponential) 35% (423/1195) regret=0.107088 ape=0.5954
[17:47:29] warmStart (decay=exponential) 35% (424/1195) regret=0.107088 ape=0.5954
[17:47:30] warmStart (decay=exponential) 35% (425/1195) regret=0.107088 ape=0.5954
[17:47:30] warmStart (decay=exponential) 35% (426/1195) regret=0.107088 ape=0.5954
[17:47:30] warmStart (decay=exponential) 35% (427/1195) regret=0.107088 ape=0.5954
[17:47:30] warmStart (decay=exponential) 35% (428/1195) regret=0.107088 ape=0.5954
[17:47:30] warmStart (decay=exponential) 35% (429/1195) regret=0.107088 ape=0.5954
[17:47:30] warmStart (decay=exponential) 35% (430/1195) regret=0.107088 ape=0.5954
[17:47:31] warmStart (decay=exponential) 36% (431/1195) regret=0.107088 ape=0.5954
[17:47:31] warmStart (decay=exponential) 36% (432/1195) regret=0.107088 ape=0.5954
[17:47:31] warmStart (decay=exponential) 36% (433/1195) regret=0.107088 ape=0.5954
[17:47:31] warmStart (decay=exponential) 36% (434/1195) regret=0.107088 ape=0.5954
[17:47:31] warmStart (decay=exponential) 36% (435/1195) regret=0.107088 ape=0.5954
[17:47:31] warmStart (decay=exponential) 36% (436/1195) regret=0.107088 ape=0.5954
[17:47:32] warmStart (decay=exponential) 36% (437/1195) regret=0.107088 ape=0.5954
[17:47:32] warmStart (decay=exponential) 36% (438/1195) regret=0.107079 ape=0.5954
[17:47:32] warmStart (decay=exponential) 36% (439/1195) regret=0.107199 ape=0.5954
[17:47:32] warmStart (decay=exponential) 36% (440/1195) regret=0.107033 ape=0.5945
[17:47:32] warmStart (decay=exponential) 36% (441/1195) regret=0.107144 ape=0.5954
[17:47:32] warmStart (decay=exponential) 36% (442/1195) regret=0.107144 ape=0.5954
[17:47:32] warmStart (decay=exponential) 37% (443/1195) regret=0.107153 ape=0.5954
[17:47:33] warmStart (decay=exponential) 37% (444/1195) regret=0.107199 ape=0.5954
[17:47:33] warmStart (decay=exponential) 37% (445/1195) regret=0.107199 ape=0.5954
[17:47:33] warmStart (decay=exponential) 37% (446/1195) regret=0.107199 ape=0.5954
[17:47:33] warmStart (decay=exponential) 37% (447/1195) regret=0.107088 ape=0.5954
[17:47:33] warmStart (decay=exponential) 37% (448/1195) regret=0.107162 ape=0.5954
[17:47:33] warmStart (decay=exponential) 37% (449/1195) regret=0.107199 ape=0.5954
[17:47:34] warmStart (decay=exponential) 37% (450/1195) regret=0.107033 ape=0.5945
[17:47:34] warmStart (decay=exponential) 37% (451/1195) regret=0.107088 ape=0.5945
[17:47:34] warmStart (decay=exponential) 37% (452/1195) regret=0.107079 ape=0.5945
[17:47:34] warmStart (decay=exponential) 37% (453/1195) regret=0.107079 ape=0.5945
[17:47:34] warmStart (decay=exponential) 37% (454/1195) regret=0.107074 ape=0.5945
[17:47:34] warmStart (decay=exponential) 38% (455/1195) regret=0.107074 ape=0.5945
[17:47:35] warmStart (decay=exponential) 38% (456/1195) regret=0.107047 ape=0.5945
[17:47:35] warmStart (decay=exponential) 38% (457/1195) regret=0.107047 ape=0.5945
[17:47:35] warmStart (decay=exponential) 38% (458/1195) regret=0.107047 ape=0.5945
[17:47:35] warmStart (decay=exponential) 38% (459/1195) regret=0.107047 ape=0.5945
[17:47:35] warmStart (decay=exponential) 38% (460/1195) regret=0.107047 ape=0.5945
[17:47:35] warmStart (decay=exponential) 38% (461/1195) regret=0.107047 ape=0.5945
[17:47:36] warmStart (decay=exponential) 38% (462/1195) regret=0.107047 ape=0.5945
[17:47:36] warmStart (decay=exponential) 38% (463/1195) regret=0.107047 ape=0.5945
[17:47:36] warmStart (decay=exponential) 38% (464/1195) regret=0.107047 ape=0.5945
[17:47:36] warmStart (decay=exponential) 38% (465/1195) regret=0.107047 ape=0.5945
[17:47:36] warmStart (decay=exponential) 38% (466/1195) regret=0.107047 ape=0.5945
[17:47:36] warmStart (decay=exponential) 39% (467/1195) regret=0.107047 ape=0.5945
[17:47:37] warmStart (decay=exponential) 39% (468/1195) regret=0.107047 ape=0.5945
[17:47:37] warmStart (decay=exponential) 39% (469/1195) regret=0.107047 ape=0.5945
[17:47:37] warmStart (decay=exponential) 39% (470/1195) regret=0.107600 ape=0.5945
[17:47:37] warmStart (decay=exponential) 39% (471/1195) regret=0.107047 ape=0.5945
[17:47:37] warmStart (decay=exponential) 39% (472/1195) regret=0.106835 ape=0.5935
[17:47:37] warmStart (decay=exponential) 39% (473/1195) regret=0.106835 ape=0.5935
[17:47:38] warmStart (decay=exponential) 39% (474/1195) regret=0.106604 ape=0.5926
[17:47:38] warmStart (decay=exponential) 39% (475/1195) regret=0.106604 ape=0.5926
[17:47:38] warmStart (decay=exponential) 39% (476/1195) regret=0.106604 ape=0.5926
[17:47:38] warmStart (decay=exponential) 39% (477/1195) regret=0.106604 ape=0.5926
[17:47:38] warmStart (decay=exponential) 40% (478/1195) regret=0.106605 ape=0.5935
[17:47:38] warmStart (decay=exponential) 40% (479/1195) regret=0.106606 ape=0.5935
[17:47:38] warmStart (decay=exponential) 40% (480/1195) regret=0.106606 ape=0.5935
[17:47:39] warmStart (decay=exponential) 40% (481/1195) regret=0.106606 ape=0.5935
[17:47:39] warmStart (decay=exponential) 40% (482/1195) regret=0.106606 ape=0.5935
[17:47:39] warmStart (decay=exponential) 40% (483/1195) regret=0.106606 ape=0.5935
[17:47:39] warmStart (decay=exponential) 40% (484/1195) regret=0.106606 ape=0.5935
[17:47:39] warmStart (decay=exponential) 40% (485/1195) regret=0.106606 ape=0.5935
[17:47:39] warmStart (decay=exponential) 40% (486/1195) regret=0.106606 ape=0.5935
[17:47:40] warmStart (decay=exponential) 40% (487/1195) regret=0.106606 ape=0.5935
[17:47:40] warmStart (decay=exponential) 40% (488/1195) regret=0.106606 ape=0.5935
[17:47:40] warmStart (decay=exponential) 40% (489/1195) regret=0.106606 ape=0.5935
[17:47:40] warmStart (decay=exponential) 41% (490/1195) regret=0.106606 ape=0.5935
[17:47:40] warmStart (decay=exponential) 41% (491/1195) regret=0.106606 ape=0.5935
[17:47:40] warmStart (decay=exponential) 41% (492/1195) regret=0.106606 ape=0.5935
[17:47:40] warmStart (decay=exponential) 41% (493/1195) regret=0.106606 ape=0.5935
[17:47:41] warmStart (decay=exponential) 41% (494/1195) regret=0.106606 ape=0.5935
[17:47:41] warmStart (decay=exponential) 41% (495/1195) regret=0.106606 ape=0.5935
[17:47:41] warmStart (decay=exponential) 41% (496/1195) regret=0.106606 ape=0.5935
[17:47:41] warmStart (decay=exponential) 41% (497/1195) regret=0.106606 ape=0.5935
[17:47:41] warmStart (decay=exponential) 41% (498/1195) regret=0.106606 ape=0.5935
[17:47:41] warmStart (decay=exponential) 41% (499/1195) regret=0.106606 ape=0.5935
[17:47:41] warmStart (decay=exponential) 41% (500/1195) regret=0.106606 ape=0.5935
[17:47:42] warmStart (decay=exponential) 41% (501/1195) regret=0.106606 ape=0.5935
[17:47:42] warmStart (decay=exponential) 42% (502/1195) regret=0.106606 ape=0.5935
[17:47:42] warmStart (decay=exponential) 42% (503/1195) regret=0.106606 ape=0.5935
[17:47:42] warmStart (decay=exponential) 42% (504/1195) regret=0.106606 ape=0.5935
[17:47:42] warmStart (decay=exponential) 42% (505/1195) regret=0.106606 ape=0.5935
[17:47:42] warmStart (decay=exponential) 42% (506/1195) regret=0.106606 ape=0.5935
[17:47:42] warmStart (decay=exponential) 42% (507/1195) regret=0.106606 ape=0.5935
[17:47:43] warmStart (decay=exponential) 42% (508/1195) regret=0.106606 ape=0.5935
[17:47:43] warmStart (decay=exponential) 42% (509/1195) regret=0.106606 ape=0.5935
[17:47:43] warmStart (decay=exponential) 42% (510/1195) regret=0.106606 ape=0.5935
[17:47:43] warmStart (decay=exponential) 42% (511/1195) regret=0.106606 ape=0.5935
[17:47:43] warmStart (decay=exponential) 42% (512/1195) regret=0.106606 ape=0.5935
[17:47:43] warmStart (decay=exponential) 42% (513/1195) regret=0.106606 ape=0.5935
[17:47:44] warmStart (decay=exponential) 43% (514/1195) regret=0.106606 ape=0.5935
[17:47:44] warmStart (decay=exponential) 43% (515/1195) regret=0.106606 ape=0.5935
[17:47:44] warmStart (decay=exponential) 43% (516/1195) regret=0.106606 ape=0.5935
[17:47:44] warmStart (decay=exponential) 43% (517/1195) regret=0.106606 ape=0.5935
[17:47:44] warmStart (decay=exponential) 43% (518/1195) regret=0.106606 ape=0.5935
[17:47:44] warmStart (decay=exponential) 43% (519/1195) regret=0.106606 ape=0.5935
[17:47:44] warmStart (decay=exponential) 43% (520/1195) regret=0.106606 ape=0.5935
[17:47:45] warmStart (decay=exponential) 43% (521/1195) regret=0.106606 ape=0.5935
[17:47:45] warmStart (decay=exponential) 43% (522/1195) regret=0.106606 ape=0.5935
[17:47:45] warmStart (decay=exponential) 43% (523/1195) regret=0.106606 ape=0.5935
[17:47:45] warmStart (decay=exponential) 43% (524/1195) regret=0.106606 ape=0.5935
[17:47:45] warmStart (decay=exponential) 43% (525/1195) regret=0.106606 ape=0.5935
[17:47:45] warmStart (decay=exponential) 44% (526/1195) regret=0.106606 ape=0.5935
[17:47:45] warmStart (decay=exponential) 44% (527/1195) regret=0.106606 ape=0.5935
[17:47:46] warmStart (decay=exponential) 44% (528/1195) regret=0.106606 ape=0.5935
[17:47:46] warmStart (decay=exponential) 44% (529/1195) regret=0.106606 ape=0.5935
[17:47:46] warmStart (decay=exponential) 44% (530/1195) regret=0.106606 ape=0.5935
[17:47:46] warmStart (decay=exponential) 44% (531/1195) regret=0.106605 ape=0.5935
[17:47:46] warmStart (decay=exponential) 44% (532/1195) regret=0.106941 ape=0.5935
[17:47:46] warmStart (decay=exponential) 44% (533/1195) regret=0.106605 ape=0.5935
[17:47:47] warmStart (decay=exponential) 44% (534/1195) regret=0.106605 ape=0.5935
[17:47:47] warmStart (decay=exponential) 44% (535/1195) regret=0.106605 ape=0.5935
[17:47:47] warmStart (decay=exponential) 44% (536/1195) regret=0.106540 ape=0.5926
[17:47:47] warmStart (decay=exponential) 44% (537/1195) regret=0.106540 ape=0.5926
[17:47:47] warmStart (decay=exponential) 45% (538/1195) regret=0.106540 ape=0.5926
[17:47:47] warmStart (decay=exponential) 45% (539/1195) regret=0.106540 ape=0.5926
[17:47:48] warmStart (decay=exponential) 45% (540/1195) regret=0.106540 ape=0.5926
[17:47:48] warmStart (decay=exponential) 45% (541/1195) regret=0.106491 ape=0.5926
[17:47:48] warmStart (decay=exponential) 45% (542/1195) regret=0.106491 ape=0.5926
[17:47:48] warmStart (decay=exponential) 45% (543/1195) regret=0.106490 ape=0.5926
[17:47:48] warmStart (decay=exponential) 45% (544/1195) regret=0.106490 ape=0.5926
[17:47:48] warmStart (decay=exponential) 45% (545/1195) regret=0.106490 ape=0.5926
[17:47:48] warmStart (decay=exponential) 45% (546/1195) regret=0.106490 ape=0.5926
[17:47:49] warmStart (decay=exponential) 45% (547/1195) regret=0.106490 ape=0.5926
[17:47:49] warmStart (decay=exponential) 45% (548/1195) regret=0.106490 ape=0.5926
[17:47:49] warmStart (decay=exponential) 45% (549/1195) regret=0.106490 ape=0.5926
[17:47:49] warmStart (decay=exponential) 46% (550/1195) regret=0.106490 ape=0.5926
[17:47:49] warmStart (decay=exponential) 46% (551/1195) regret=0.106490 ape=0.5926
[17:47:49] warmStart (decay=exponential) 46% (552/1195) regret=0.106490 ape=0.5926
[17:47:50] warmStart (decay=exponential) 46% (553/1195) regret=0.106490 ape=0.5926
[17:47:50] warmStart (decay=exponential) 46% (554/1195) regret=0.106490 ape=0.5926
[17:47:50] warmStart (decay=exponential) 46% (555/1195) regret=0.106490 ape=0.5926
[17:47:50] warmStart (decay=exponential) 46% (556/1195) regret=0.106490 ape=0.5926
[17:47:50] warmStart (decay=exponential) 46% (557/1195) regret=0.106490 ape=0.5926
[17:47:50] warmStart (decay=exponential) 46% (558/1195) regret=0.106490 ape=0.5926
[17:47:50] warmStart (decay=exponential) 46% (559/1195) regret=0.106490 ape=0.5926
[17:47:51] warmStart (decay=exponential) 46% (560/1195) regret=0.106490 ape=0.5926
[17:47:51] warmStart (decay=exponential) 46% (561/1195) regret=0.106490 ape=0.5926
[17:47:51] warmStart (decay=exponential) 47% (562/1195) regret=0.106490 ape=0.5926
[17:47:51] warmStart (decay=exponential) 47% (563/1195) regret=0.106490 ape=0.5926
[17:47:51] warmStart (decay=exponential) 47% (564/1195) regret=0.106490 ape=0.5926
[17:47:51] warmStart (decay=exponential) 47% (565/1195) regret=0.106490 ape=0.5926
[17:47:52] warmStart (decay=exponential) 47% (566/1195) regret=0.106490 ape=0.5926
[17:47:52] warmStart (decay=exponential) 47% (567/1195) regret=0.106490 ape=0.5926
[17:47:52] warmStart (decay=exponential) 47% (568/1195) regret=0.106490 ape=0.5926
[17:47:52] warmStart (decay=exponential) 47% (569/1195) regret=0.106411 ape=0.5917
[17:47:52] warmStart (decay=exponential) 47% (570/1195) regret=0.106605 ape=0.5926
[17:47:52] warmStart (decay=exponential) 47% (571/1195) regret=0.106605 ape=0.5926
[17:47:53] warmStart (decay=exponential) 47% (572/1195) regret=0.106651 ape=0.5926
[17:47:53] warmStart (decay=exponential) 47% (573/1195) regret=0.106651 ape=0.5926
[17:47:53] warmStart (decay=exponential) 48% (574/1195) regret=0.106651 ape=0.5926
[17:47:53] warmStart (decay=exponential) 48% (575/1195) regret=0.106411 ape=0.5917
[17:47:53] warmStart (decay=exponential) 48% (576/1195) regret=0.106411 ape=0.5917
[17:47:53] warmStart (decay=exponential) 48% (577/1195) regret=0.106411 ape=0.5917
[17:47:54] warmStart (decay=exponential) 48% (578/1195) regret=0.106411 ape=0.5917
[17:47:54] warmStart (decay=exponential) 48% (579/1195) regret=0.106411 ape=0.5917
[17:47:54] warmStart (decay=exponential) 48% (580/1195) regret=0.106411 ape=0.5917
[17:47:54] warmStart (decay=exponential) 48% (581/1195) regret=0.106411 ape=0.5917
[17:47:54] warmStart (decay=exponential) 48% (582/1195) regret=0.106411 ape=0.5917
[17:47:54] warmStart (decay=exponential) 48% (583/1195) regret=0.106411 ape=0.5917
[17:47:55] warmStart (decay=exponential) 48% (584/1195) regret=0.106411 ape=0.5917
[17:47:55] warmStart (decay=exponential) 48% (585/1195) regret=0.106411 ape=0.5917
[17:47:55] warmStart (decay=exponential) 49% (586/1195) regret=0.106411 ape=0.5917
[17:47:55] warmStart (decay=exponential) 49% (587/1195) regret=0.106411 ape=0.5917
[17:47:55] warmStart (decay=exponential) 49% (588/1195) regret=0.106411 ape=0.5917
[17:47:55] warmStart (decay=exponential) 49% (589/1195) regret=0.106411 ape=0.5917
[17:47:56] warmStart (decay=exponential) 49% (590/1195) regret=0.106411 ape=0.5917
[17:47:56] warmStart (decay=exponential) 49% (591/1195) regret=0.106411 ape=0.5917
[17:47:56] warmStart (decay=exponential) 49% (592/1195) regret=0.106411 ape=0.5917
[17:47:56] warmStart (decay=exponential) 49% (593/1195) regret=0.106411 ape=0.5917
[17:47:56] warmStart (decay=exponential) 49% (594/1195) regret=0.106411 ape=0.5917
[17:47:56] warmStart (decay=exponential) 49% (595/1195) regret=0.106411 ape=0.5917
[17:47:57] warmStart (decay=exponential) 49% (596/1195) regret=0.106411 ape=0.5917
[17:47:57] warmStart (decay=exponential) 49% (597/1195) regret=0.106411 ape=0.5917
[17:47:57] warmStart (decay=exponential) 50% (598/1195) regret=0.106411 ape=0.5917
[17:47:57] warmStart (decay=exponential) 50% (599/1195) regret=0.106411 ape=0.5917
[17:47:57] warmStart (decay=exponential) 50% (600/1195) regret=0.106411 ape=0.5917
[17:47:57] warmStart (decay=exponential) 50% (601/1195) regret=0.106411 ape=0.5917
[17:47:58] warmStart (decay=exponential) 50% (602/1195) regret=0.106411 ape=0.5917
[17:47:58] warmStart (decay=exponential) 50% (603/1195) regret=0.106411 ape=0.5917
[17:47:58] warmStart (decay=exponential) 50% (604/1195) regret=0.106411 ape=0.5917
[17:47:58] warmStart (decay=exponential) 50% (605/1195) regret=0.106411 ape=0.5917
[17:47:58] warmStart (decay=exponential) 50% (606/1195) regret=0.106411 ape=0.5917
[17:47:58] warmStart (decay=exponential) 50% (607/1195) regret=0.106411 ape=0.5917
[17:47:59] warmStart (decay=exponential) 50% (608/1195) regret=0.106411 ape=0.5917
[17:47:59] warmStart (decay=exponential) 50% (609/1195) regret=0.106411 ape=0.5917
[17:47:59] warmStart (decay=exponential) 51% (610/1195) regret=0.106411 ape=0.5917
[17:47:59] warmStart (decay=exponential) 51% (611/1195) regret=0.106411 ape=0.5917
[17:47:59] warmStart (decay=exponential) 51% (612/1195) regret=0.106411 ape=0.5917
[17:47:59] warmStart (decay=exponential) 51% (613/1195) regret=0.106411 ape=0.5917
[17:48:00] warmStart (decay=exponential) 51% (614/1195) regret=0.106411 ape=0.5917
[17:48:00] warmStart (decay=exponential) 51% (615/1195) regret=0.106411 ape=0.5917
[17:48:00] warmStart (decay=exponential) 51% (616/1195) regret=0.106411 ape=0.5917
[17:48:00] warmStart (decay=exponential) 51% (617/1195) regret=0.106411 ape=0.5917
[17:48:00] warmStart (decay=exponential) 51% (618/1195) regret=0.106411 ape=0.5917
[17:48:00] warmStart (decay=exponential) 51% (619/1195) regret=0.106411 ape=0.5917
[17:48:01] warmStart (decay=exponential) 51% (620/1195) regret=0.106411 ape=0.5917
[17:48:01] warmStart (decay=exponential) 51% (621/1195) regret=0.106411 ape=0.5917
[17:48:01] warmStart (decay=exponential) 52% (622/1195) regret=0.106411 ape=0.5917
[17:48:01] warmStart (decay=exponential) 52% (623/1195) regret=0.106411 ape=0.5917
[17:48:01] warmStart (decay=exponential) 52% (624/1195) regret=0.106411 ape=0.5917
[17:48:01] warmStart (decay=exponential) 52% (625/1195) regret=0.106411 ape=0.5917
[17:48:02] warmStart (decay=exponential) 52% (626/1195) regret=0.106411 ape=0.5917
[17:48:02] warmStart (decay=exponential) 52% (627/1195) regret=0.106411 ape=0.5917
[17:48:02] warmStart (decay=exponential) 52% (628/1195) regret=0.106411 ape=0.5917
[17:48:02] warmStart (decay=exponential) 52% (629/1195) regret=0.106411 ape=0.5917
[17:48:02] warmStart (decay=exponential) 52% (630/1195) regret=0.106411 ape=0.5917
[17:48:02] warmStart (decay=exponential) 52% (631/1195) regret=0.106411 ape=0.5917
[17:48:03] warmStart (decay=exponential) 52% (632/1195) regret=0.106411 ape=0.5917
[17:48:03] warmStart (decay=exponential) 52% (633/1195) regret=0.106411 ape=0.5917
[17:48:03] warmStart (decay=exponential) 53% (634/1195) regret=0.106411 ape=0.5917
[17:48:03] warmStart (decay=exponential) 53% (635/1195) regret=0.106411 ape=0.5917
[17:48:03] warmStart (decay=exponential) 53% (636/1195) regret=0.106411 ape=0.5917
[17:48:03] warmStart (decay=exponential) 53% (637/1195) regret=0.106374 ape=0.5908
[17:48:04] warmStart (decay=exponential) 53% (638/1195) regret=0.106379 ape=0.5917
[17:48:04] warmStart (decay=exponential) 53% (639/1195) regret=0.106379 ape=0.5917
[17:48:04] warmStart (decay=exponential) 53% (640/1195) regret=0.106379 ape=0.5917
[17:48:04] warmStart (decay=exponential) 53% (641/1195) regret=0.106379 ape=0.5917
[17:48:04] warmStart (decay=exponential) 53% (642/1195) regret=0.106379 ape=0.5917
[17:48:04] warmStart (decay=exponential) 53% (643/1195) regret=0.106397 ape=0.5917
[17:48:04] warmStart (decay=exponential) 53% (644/1195) regret=0.106397 ape=0.5917
[17:48:05] warmStart (decay=exponential) 53% (645/1195) regret=0.106397 ape=0.5917
[17:48:05] warmStart (decay=exponential) 54% (646/1195) regret=0.106397 ape=0.5917
[17:48:05] warmStart (decay=exponential) 54% (647/1195) regret=0.106397 ape=0.5917
[17:48:05] warmStart (decay=exponential) 54% (648/1195) regret=0.106397 ape=0.5917
[17:48:05] warmStart (decay=exponential) 54% (649/1195) regret=0.106397 ape=0.5917
[17:48:05] warmStart (decay=exponential) 54% (650/1195) regret=0.106397 ape=0.5917
[17:48:06] warmStart (decay=exponential) 54% (651/1195) regret=0.106397 ape=0.5917
[17:48:06] warmStart (decay=exponential) 54% (652/1195) regret=0.106397 ape=0.5917
[17:48:06] warmStart (decay=exponential) 54% (653/1195) regret=0.106397 ape=0.5917
[17:48:06] warmStart (decay=exponential) 54% (654/1195) regret=0.106397 ape=0.5917
[17:48:06] warmStart (decay=exponential) 54% (655/1195) regret=0.106397 ape=0.5917
[17:48:06] warmStart (decay=exponential) 54% (656/1195) regret=0.106397 ape=0.5917
[17:48:06] warmStart (decay=exponential) 54% (657/1195) regret=0.106374 ape=0.5908
[17:48:07] warmStart (decay=exponential) 55% (658/1195) regret=0.106397 ape=0.5917
[17:48:07] warmStart (decay=exponential) 55% (659/1195) regret=0.106397 ape=0.5917
[17:48:07] warmStart (decay=exponential) 55% (660/1195) regret=0.106397 ape=0.5917
[17:48:07] warmStart (decay=exponential) 55% (661/1195) regret=0.106397 ape=0.5917
[17:48:07] warmStart (decay=exponential) 55% (662/1195) regret=0.106397 ape=0.5917
[17:48:07] warmStart (decay=exponential) 55% (663/1195) regret=0.106374 ape=0.5908
[17:48:08] warmStart (decay=exponential) 55% (664/1195) regret=0.106374 ape=0.5908
[17:48:08] warmStart (decay=exponential) 55% (665/1195) regret=0.106282 ape=0.5908
[17:48:08] warmStart (decay=exponential) 55% (666/1195) regret=0.105932 ape=0.5908
[17:48:08] warmStart (decay=exponential) 55% (667/1195) regret=0.106181 ape=0.5908
[17:48:08] warmStart (decay=exponential) 55% (668/1195) regret=0.105831 ape=0.5899
[17:48:08] warmStart (decay=exponential) 55% (669/1195) regret=0.105831 ape=0.5899
[17:48:09] warmStart (decay=exponential) 56% (670/1195) regret=0.105831 ape=0.5899
[17:48:09] warmStart (decay=exponential) 56% (671/1195) regret=0.105784 ape=0.5899
[17:48:09] warmStart (decay=exponential) 56% (672/1195) regret=0.105840 ape=0.5899
[17:48:09] warmStart (decay=exponential) 56% (673/1195) regret=0.105831 ape=0.5899
[17:48:09] warmStart (decay=exponential) 56% (674/1195) regret=0.105831 ape=0.5899
[17:48:09] warmStart (decay=exponential) 56% (675/1195) regret=0.105831 ape=0.5899
[17:48:10] warmStart (decay=exponential) 56% (676/1195) regret=0.105831 ape=0.5899
[17:48:10] warmStart (decay=exponential) 56% (677/1195) regret=0.105831 ape=0.5899
[17:48:10] warmStart (decay=exponential) 56% (678/1195) regret=0.105831 ape=0.5899
[17:48:10] warmStart (decay=exponential) 56% (679/1195) regret=0.105748 ape=0.5889
[17:48:10] warmStart (decay=exponential) 56% (680/1195) regret=0.105987 ape=0.5899
[17:48:10] warmStart (decay=exponential) 56% (681/1195) regret=0.105766 ape=0.5899
[17:48:10] warmStart (decay=exponential) 57% (682/1195) regret=0.105766 ape=0.5899
[17:48:11] warmStart (decay=exponential) 57% (683/1195) regret=0.105766 ape=0.5899
[17:48:11] warmStart (decay=exponential) 57% (684/1195) regret=0.105766 ape=0.5899
[17:48:11] warmStart (decay=exponential) 57% (685/1195) regret=0.105747 ape=0.5899
[17:48:11] warmStart (decay=exponential) 57% (686/1195) regret=0.105748 ape=0.5899
[17:48:11] warmStart (decay=exponential) 57% (687/1195) regret=0.105748 ape=0.5899
[17:48:11] warmStart (decay=exponential) 57% (688/1195) regret=0.105748 ape=0.5899
[17:48:11] warmStart (decay=exponential) 57% (689/1195) regret=0.105748 ape=0.5899
[17:48:12] warmStart (decay=exponential) 57% (690/1195) regret=0.105730 ape=0.5889
[17:48:12] warmStart (decay=exponential) 57% (691/1195) regret=0.105730 ape=0.5889
[17:48:12] warmStart (decay=exponential) 57% (692/1195) regret=0.105730 ape=0.5889
[17:48:12] warmStart (decay=exponential) 57% (693/1195) regret=0.105730 ape=0.5889
[17:48:12] warmStart (decay=exponential) 58% (694/1195) regret=0.105730 ape=0.5889
[17:48:12] warmStart (decay=exponential) 58% (695/1195) regret=0.105730 ape=0.5889
[17:48:12] warmStart (decay=exponential) 58% (696/1195) regret=0.105730 ape=0.5889
[17:48:13] warmStart (decay=exponential) 58% (697/1195) regret=0.105730 ape=0.5889
[17:48:13] warmStart (decay=exponential) 58% (698/1195) regret=0.105730 ape=0.5889
[17:48:13] warmStart (decay=exponential) 58% (699/1195) regret=0.105730 ape=0.5889
[17:48:13] warmStart (decay=exponential) 58% (700/1195) regret=0.105730 ape=0.5889
[17:48:13] warmStart (decay=exponential) 58% (701/1195) regret=0.105730 ape=0.5889
[17:48:13] warmStart (decay=exponential) 58% (702/1195) regret=0.105730 ape=0.5889
[17:48:14] warmStart (decay=exponential) 58% (703/1195) regret=0.105730 ape=0.5889
[17:48:14] warmStart (decay=exponential) 58% (704/1195) regret=0.105730 ape=0.5889
[17:48:14] warmStart (decay=exponential) 58% (705/1195) regret=0.105730 ape=0.5889
[17:48:14] warmStart (decay=exponential) 59% (706/1195) regret=0.105730 ape=0.5889
[17:48:14] warmStart (decay=exponential) 59% (707/1195) regret=0.105730 ape=0.5889
[17:48:14] warmStart (decay=exponential) 59% (708/1195) regret=0.105730 ape=0.5889
[17:48:15] warmStart (decay=exponential) 59% (709/1195) regret=0.105730 ape=0.5889
[17:48:15] warmStart (decay=exponential) 59% (710/1195) regret=0.105730 ape=0.5889
[17:48:15] warmStart (decay=exponential) 59% (711/1195) regret=0.105730 ape=0.5889
[17:48:15] warmStart (decay=exponential) 59% (712/1195) regret=0.105730 ape=0.5889
[17:48:15] warmStart (decay=exponential) 59% (713/1195) regret=0.105730 ape=0.5889
[17:48:15] warmStart (decay=exponential) 59% (714/1195) regret=0.105730 ape=0.5889
[17:48:15] warmStart (decay=exponential) 59% (715/1195) regret=0.105730 ape=0.5889
[17:48:16] warmStart (decay=exponential) 59% (716/1195) regret=0.105730 ape=0.5889
[17:48:16] warmStart (decay=exponential) 60% (717/1195) regret=0.105730 ape=0.5889
[17:48:16] warmStart (decay=exponential) 60% (718/1195) regret=0.105730 ape=0.5889
[17:48:16] warmStart (decay=exponential) 60% (719/1195) regret=0.105730 ape=0.5889
[17:48:16] warmStart (decay=exponential) 60% (720/1195) regret=0.105730 ape=0.5889
[17:48:16] warmStart (decay=exponential) 60% (721/1195) regret=0.105730 ape=0.5889
[17:48:17] warmStart (decay=exponential) 60% (722/1195) regret=0.105730 ape=0.5889
[17:48:17] warmStart (decay=exponential) 60% (723/1195) regret=0.105730 ape=0.5889
[17:48:17] warmStart (decay=exponential) 60% (724/1195) regret=0.105730 ape=0.5889
[17:48:17] warmStart (decay=exponential) 60% (725/1195) regret=0.105730 ape=0.5889
[17:48:17] warmStart (decay=exponential) 60% (726/1195) regret=0.105730 ape=0.5889
[17:48:17] warmStart (decay=exponential) 60% (727/1195) regret=0.105730 ape=0.5889
[17:48:18] warmStart (decay=exponential) 60% (728/1195) regret=0.105730 ape=0.5889
[17:48:18] warmStart (decay=exponential) 61% (729/1195) regret=0.105730 ape=0.5889
[17:48:18] warmStart (decay=exponential) 61% (730/1195) regret=0.105730 ape=0.5889
[17:48:18] warmStart (decay=exponential) 61% (731/1195) regret=0.105730 ape=0.5889
[17:48:18] warmStart (decay=exponential) 61% (732/1195) regret=0.105730 ape=0.5889
[17:48:18] warmStart (decay=exponential) 61% (733/1195) regret=0.105730 ape=0.5889
[17:48:18] warmStart (decay=exponential) 61% (734/1195) regret=0.105730 ape=0.5889
[17:48:19] warmStart (decay=exponential) 61% (735/1195) regret=0.105721 ape=0.5889
[17:48:19] warmStart (decay=exponential) 61% (736/1195) regret=0.105711 ape=0.5889
[17:48:19] warmStart (decay=exponential) 61% (737/1195) regret=0.105711 ape=0.5889
[17:48:19] warmStart (decay=exponential) 61% (738/1195) regret=0.105601 ape=0.5880
[17:48:19] warmStart (decay=exponential) 61% (739/1195) regret=0.105601 ape=0.5880
[17:48:19] warmStart (decay=exponential) 61% (740/1195) regret=0.105601 ape=0.5880
[17:48:20] warmStart (decay=exponential) 62% (741/1195) regret=0.105601 ape=0.5880
[17:48:20] warmStart (decay=exponential) 62% (742/1195) regret=0.105601 ape=0.5880
[17:48:20] warmStart (decay=exponential) 62% (743/1195) regret=0.105601 ape=0.5880
[17:48:20] warmStart (decay=exponential) 62% (744/1195) regret=0.105601 ape=0.5880
[17:48:20] warmStart (decay=exponential) 62% (745/1195) regret=0.105601 ape=0.5880
[17:48:20] warmStart (decay=exponential) 62% (746/1195) regret=0.105702 ape=0.5889
[17:48:21] warmStart (decay=exponential) 62% (747/1195) regret=0.105684 ape=0.5889
[17:48:21] warmStart (decay=exponential) 62% (748/1195) regret=0.105647 ape=0.5889
[17:48:21] warmStart (decay=exponential) 62% (749/1195) regret=0.105638 ape=0.5889
[17:48:21] warmStart (decay=exponential) 62% (750/1195) regret=0.105638 ape=0.5889
[17:48:21] warmStart (decay=exponential) 62% (751/1195) regret=0.105638 ape=0.5889
[17:48:21] warmStart (decay=exponential) 62% (752/1195) regret=0.105638 ape=0.5889
[17:48:21] warmStart (decay=exponential) 63% (753/1195) regret=0.105638 ape=0.5889
[17:48:22] warmStart (decay=exponential) 63% (754/1195) regret=0.105638 ape=0.5889
[17:48:22] warmStart (decay=exponential) 63% (755/1195) regret=0.105638 ape=0.5889
[17:48:22] warmStart (decay=exponential) 63% (756/1195) regret=0.105638 ape=0.5889
[17:48:22] warmStart (decay=exponential) 63% (757/1195) regret=0.105638 ape=0.5889
[17:48:22] warmStart (decay=exponential) 63% (758/1195) regret=0.105638 ape=0.5889
[17:48:22] warmStart (decay=exponential) 63% (759/1195) regret=0.105638 ape=0.5889
[17:48:23] warmStart (decay=exponential) 63% (760/1195) regret=0.105638 ape=0.5889
[17:48:23] warmStart (decay=exponential) 63% (761/1195) regret=0.105638 ape=0.5889
[17:48:23] warmStart (decay=exponential) 63% (762/1195) regret=0.105638 ape=0.5889
[17:48:23] warmStart (decay=exponential) 63% (763/1195) regret=0.105638 ape=0.5889
[17:48:23] warmStart (decay=exponential) 63% (764/1195) regret=0.105638 ape=0.5889
[17:48:23] warmStart (decay=exponential) 64% (765/1195) regret=0.105638 ape=0.5889
[17:48:23] warmStart (decay=exponential) 64% (766/1195) regret=0.105638 ape=0.5889
[17:48:24] warmStart (decay=exponential) 64% (767/1195) regret=0.105638 ape=0.5889
[17:48:24] warmStart (decay=exponential) 64% (768/1195) regret=0.105638 ape=0.5889
[17:48:24] warmStart (decay=exponential) 64% (769/1195) regret=0.105638 ape=0.5889
[17:48:24] warmStart (decay=exponential) 64% (770/1195) regret=0.105638 ape=0.5889
[17:48:24] warmStart (decay=exponential) 64% (771/1195) regret=0.105638 ape=0.5889
[17:48:24] warmStart (decay=exponential) 64% (772/1195) regret=0.105638 ape=0.5889
[17:48:25] warmStart (decay=exponential) 64% (773/1195) regret=0.105638 ape=0.5889
[17:48:25] warmStart (decay=exponential) 64% (774/1195) regret=0.105638 ape=0.5889
[17:48:25] warmStart (decay=exponential) 64% (775/1195) regret=0.105638 ape=0.5889
[17:48:25] warmStart (decay=exponential) 64% (776/1195) regret=0.105638 ape=0.5889
[17:48:25] warmStart (decay=exponential) 65% (777/1195) regret=0.105638 ape=0.5889
[17:48:25] warmStart (decay=exponential) 65% (778/1195) regret=0.105638 ape=0.5889
[17:48:26] warmStart (decay=exponential) 65% (779/1195) regret=0.105638 ape=0.5889
[17:48:26] warmStart (decay=exponential) 65% (780/1195) regret=0.105638 ape=0.5889
[17:48:26] warmStart (decay=exponential) 65% (781/1195) regret=0.105638 ape=0.5889
[17:48:26] warmStart (decay=exponential) 65% (782/1195) regret=0.105638 ape=0.5889
[17:48:26] warmStart (decay=exponential) 65% (783/1195) regret=0.105638 ape=0.5889
[17:48:26] warmStart (decay=exponential) 65% (784/1195) regret=0.105638 ape=0.5889
[17:48:26] warmStart (decay=exponential) 65% (785/1195) regret=0.105638 ape=0.5889
[17:48:27] warmStart (decay=exponential) 65% (786/1195) regret=0.105638 ape=0.5889
[17:48:27] warmStart (decay=exponential) 65% (787/1195) regret=0.105638 ape=0.5889
[17:48:27] warmStart (decay=exponential) 65% (788/1195) regret=0.105638 ape=0.5889
[17:48:27] warmStart (decay=exponential) 66% (789/1195) regret=0.105638 ape=0.5889
[17:48:27] warmStart (decay=exponential) 66% (790/1195) regret=0.105638 ape=0.5889
[17:48:27] warmStart (decay=exponential) 66% (791/1195) regret=0.105638 ape=0.5889
[17:48:28] warmStart (decay=exponential) 66% (792/1195) regret=0.105638 ape=0.5889
[17:48:28] warmStart (decay=exponential) 66% (793/1195) regret=0.105638 ape=0.5889
[17:48:28] warmStart (decay=exponential) 66% (794/1195) regret=0.105638 ape=0.5889
[17:48:28] warmStart (decay=exponential) 66% (795/1195) regret=0.105638 ape=0.5889
[17:48:28] warmStart (decay=exponential) 66% (796/1195) regret=0.105638 ape=0.5889
[17:48:28] warmStart (decay=exponential) 66% (797/1195) regret=0.106103 ape=0.5899
[17:48:29] warmStart (decay=exponential) 66% (798/1195) regret=0.106103 ape=0.5899
[17:48:29] warmStart (decay=exponential) 66% (799/1195) regret=0.105638 ape=0.5889
[17:48:29] warmStart (decay=exponential) 66% (800/1195) regret=0.105638 ape=0.5889
[17:48:29] warmStart (decay=exponential) 67% (801/1195) regret=0.105638 ape=0.5889
[17:48:29] warmStart (decay=exponential) 67% (802/1195) regret=0.105705 ape=0.5889
[17:48:29] warmStart (decay=exponential) 67% (803/1195) regret=0.105638 ape=0.5889
[17:48:30] warmStart (decay=exponential) 67% (804/1195) regret=0.105638 ape=0.5889
[17:48:30] warmStart (decay=exponential) 67% (805/1195) regret=0.105638 ape=0.5889
[17:48:30] warmStart (decay=exponential) 67% (806/1195) regret=0.105705 ape=0.5889
[17:48:30] warmStart (decay=exponential) 67% (807/1195) regret=0.105705 ape=0.5889
[17:48:30] warmStart (decay=exponential) 67% (808/1195) regret=0.105705 ape=0.5889
[17:48:30] warmStart (decay=exponential) 67% (809/1195) regret=0.105638 ape=0.5889
[17:48:31] warmStart (decay=exponential) 67% (810/1195) regret=0.105636 ape=0.5889
[17:48:31] warmStart (decay=exponential) 67% (811/1195) regret=0.105636 ape=0.5889
[17:48:31] warmStart (decay=exponential) 67% (812/1195) regret=0.105636 ape=0.5889
[17:48:31] warmStart (decay=exponential) 68% (813/1195) regret=0.105636 ape=0.5889
[17:48:31] warmStart (decay=exponential) 68% (814/1195) regret=0.105636 ape=0.5889
[17:48:32] warmStart (decay=exponential) 68% (815/1195) regret=0.105638 ape=0.5889
[17:48:32] warmStart (decay=exponential) 68% (816/1195) regret=0.105638 ape=0.5889
[17:48:32] warmStart (decay=exponential) 68% (817/1195) regret=0.105862 ape=0.5899
[17:48:32] warmStart (decay=exponential) 68% (818/1195) regret=0.105862 ape=0.5899
[17:48:32] warmStart (decay=exponential) 68% (819/1195) regret=0.105862 ape=0.5899
[17:48:32] warmStart (decay=exponential) 68% (820/1195) regret=0.105862 ape=0.5899
[17:48:33] warmStart (decay=exponential) 68% (821/1195) regret=0.105636 ape=0.5889
[17:48:33] warmStart (decay=exponential) 68% (822/1195) regret=0.105636 ape=0.5889
[17:48:33] warmStart (decay=exponential) 68% (823/1195) regret=0.105636 ape=0.5889
[17:48:33] warmStart (decay=exponential) 68% (824/1195) regret=0.105770 ape=0.5899
[17:48:33] warmStart (decay=exponential) 69% (825/1195) regret=0.105788 ape=0.5899
[17:48:33] warmStart (decay=exponential) 69% (826/1195) regret=0.105747 ape=0.5899
[17:48:34] warmStart (decay=exponential) 69% (827/1195) regret=0.105770 ape=0.5899
[17:48:34] warmStart (decay=exponential) 69% (828/1195) regret=0.105793 ape=0.5899
[17:48:34] warmStart (decay=exponential) 69% (829/1195) regret=0.105761 ape=0.5899
[17:48:34] warmStart (decay=exponential) 69% (830/1195) regret=0.105636 ape=0.5889
[17:48:34] warmStart (decay=exponential) 69% (831/1195) regret=0.105636 ape=0.5889
[17:48:34] warmStart (decay=exponential) 69% (832/1195) regret=0.105636 ape=0.5889
[17:48:35] warmStart (decay=exponential) 69% (833/1195) regret=0.105636 ape=0.5889
[17:48:35] warmStart (decay=exponential) 69% (834/1195) regret=0.105636 ape=0.5889
[17:48:35] warmStart (decay=exponential) 69% (835/1195) regret=0.105636 ape=0.5889
[17:48:35] warmStart (decay=exponential) 69% (836/1195) regret=0.105636 ape=0.5889
[17:48:35] warmStart (decay=exponential) 70% (837/1195) regret=0.105636 ape=0.5889
[17:48:36] warmStart (decay=exponential) 70% (838/1195) regret=0.105636 ape=0.5889
[17:48:36] warmStart (decay=exponential) 70% (839/1195) regret=0.105636 ape=0.5889
[17:48:36] warmStart (decay=exponential) 70% (840/1195) regret=0.105636 ape=0.5889
[17:48:36] warmStart (decay=exponential) 70% (841/1195) regret=0.105636 ape=0.5889
[17:48:36] warmStart (decay=exponential) 70% (842/1195) regret=0.105636 ape=0.5889
[17:48:36] warmStart (decay=exponential) 70% (843/1195) regret=0.105636 ape=0.5889
[17:48:37] warmStart (decay=exponential) 70% (844/1195) regret=0.105636 ape=0.5889
[17:48:37] warmStart (decay=exponential) 70% (845/1195) regret=0.105636 ape=0.5889
[17:48:37] warmStart (decay=exponential) 70% (846/1195) regret=0.105636 ape=0.5889
[17:48:37] warmStart (decay=exponential) 70% (847/1195) regret=0.105636 ape=0.5889
[17:48:37] warmStart (decay=exponential) 70% (848/1195) regret=0.105636 ape=0.5889
[17:48:37] warmStart (decay=exponential) 71% (849/1195) regret=0.105636 ape=0.5889
[17:48:37] warmStart (decay=exponential) 71% (850/1195) regret=0.105636 ape=0.5889
[17:48:38] warmStart (decay=exponential) 71% (851/1195) regret=0.105636 ape=0.5889
[17:48:38] warmStart (decay=exponential) 71% (852/1195) regret=0.105636 ape=0.5889
[17:48:38] warmStart (decay=exponential) 71% (853/1195) regret=0.105636 ape=0.5889
[17:48:38] warmStart (decay=exponential) 71% (854/1195) regret=0.105636 ape=0.5889
[17:48:38] warmStart (decay=exponential) 71% (855/1195) regret=0.105636 ape=0.5889
[17:48:38] warmStart (decay=exponential) 71% (856/1195) regret=0.105636 ape=0.5889
[17:48:38] warmStart (decay=exponential) 71% (857/1195) regret=0.105636 ape=0.5889
[17:48:39] warmStart (decay=exponential) 71% (858/1195) regret=0.105636 ape=0.5889
[17:48:39] warmStart (decay=exponential) 71% (859/1195) regret=0.105636 ape=0.5889
[17:48:39] warmStart (decay=exponential) 71% (860/1195) regret=0.105636 ape=0.5889
[17:48:39] warmStart (decay=exponential) 72% (861/1195) regret=0.105636 ape=0.5889
[17:48:39] warmStart (decay=exponential) 72% (862/1195) regret=0.105636 ape=0.5889
[17:48:39] warmStart (decay=exponential) 72% (863/1195) regret=0.105636 ape=0.5889
[17:48:39] warmStart (decay=exponential) 72% (864/1195) regret=0.105636 ape=0.5889
[17:48:40] warmStart (decay=exponential) 72% (865/1195) regret=0.105636 ape=0.5889
[17:48:40] warmStart (decay=exponential) 72% (866/1195) regret=0.105687 ape=0.5889
[17:48:40] warmStart (decay=exponential) 72% (867/1195) regret=0.105636 ape=0.5889
[17:48:40] warmStart (decay=exponential) 72% (868/1195) regret=0.105493 ape=0.5880
[17:48:40] warmStart (decay=exponential) 72% (869/1195) regret=0.105493 ape=0.5880
[17:48:40] warmStart (decay=exponential) 72% (870/1195) regret=0.105493 ape=0.5880
[17:48:41] warmStart (decay=exponential) 72% (871/1195) regret=0.105392 ape=0.5880
[17:48:41] warmStart (decay=exponential) 72% (872/1195) regret=0.105392 ape=0.5880
[17:48:41] warmStart (decay=exponential) 73% (873/1195) regret=0.105392 ape=0.5880
[17:48:41] warmStart (decay=exponential) 73% (874/1195) regret=0.105410 ape=0.5889
[17:48:41] warmStart (decay=exponential) 73% (875/1195) regret=0.105408 ape=0.5889
[17:48:41] warmStart (decay=exponential) 73% (876/1195) regret=0.105408 ape=0.5889
[17:48:41] warmStart (decay=exponential) 73% (877/1195) regret=0.105408 ape=0.5889
[17:48:42] warmStart (decay=exponential) 73% (878/1195) regret=0.105408 ape=0.5889
[17:48:42] warmStart (decay=exponential) 73% (879/1195) regret=0.105408 ape=0.5889
[17:48:42] warmStart (decay=exponential) 73% (880/1195) regret=0.105408 ape=0.5889
[17:48:42] warmStart (decay=exponential) 73% (881/1195) regret=0.105408 ape=0.5889
[17:48:42] warmStart (decay=exponential) 73% (882/1195) regret=0.105408 ape=0.5889
[17:48:42] warmStart (decay=exponential) 73% (883/1195) regret=0.105408 ape=0.5889
[17:48:43] warmStart (decay=exponential) 73% (884/1195) regret=0.105408 ape=0.5889
[17:48:43] warmStart (decay=exponential) 74% (885/1195) regret=0.105408 ape=0.5889
[17:48:43] warmStart (decay=exponential) 74% (886/1195) regret=0.105408 ape=0.5889
[17:48:43] warmStart (decay=exponential) 74% (887/1195) regret=0.105410 ape=0.5889
[17:48:43] warmStart (decay=exponential) 74% (888/1195) regret=0.105408 ape=0.5889
[17:48:43] warmStart (decay=exponential) 74% (889/1195) regret=0.105408 ape=0.5889
[17:48:44] warmStart (decay=exponential) 74% (890/1195) regret=0.105408 ape=0.5889
[17:48:44] warmStart (decay=exponential) 74% (891/1195) regret=0.105408 ape=0.5889
[17:48:44] warmStart (decay=exponential) 74% (892/1195) regret=0.105408 ape=0.5889
[17:48:44] warmStart (decay=exponential) 74% (893/1195) regret=0.105408 ape=0.5889
[17:48:44] warmStart (decay=exponential) 74% (894/1195) regret=0.105413 ape=0.5889
[17:48:44] warmStart (decay=exponential) 74% (895/1195) regret=0.105410 ape=0.5889
[17:48:45] warmStart (decay=exponential) 74% (896/1195) regret=0.105392 ape=0.5880
[17:48:45] warmStart (decay=exponential) 75% (897/1195) regret=0.105392 ape=0.5880
[17:48:45] warmStart (decay=exponential) 75% (898/1195) regret=0.105392 ape=0.5880
[17:48:45] warmStart (decay=exponential) 75% (899/1195) regret=0.105392 ape=0.5880
[17:48:45] warmStart (decay=exponential) 75% (900/1195) regret=0.105392 ape=0.5880
[17:48:45] warmStart (decay=exponential) 75% (901/1195) regret=0.105392 ape=0.5880
[17:48:45] warmStart (decay=exponential) 75% (902/1195) regret=0.105392 ape=0.5880
[17:48:46] warmStart (decay=exponential) 75% (903/1195) regret=0.105392 ape=0.5880
[17:48:46] warmStart (decay=exponential) 75% (904/1195) regret=0.105392 ape=0.5880
[17:48:46] warmStart (decay=exponential) 75% (905/1195) regret=0.105392 ape=0.5880
[17:48:46] warmStart (decay=exponential) 75% (906/1195) regret=0.105392 ape=0.5880
[17:48:46] warmStart (decay=exponential) 75% (907/1195) regret=0.105392 ape=0.5880
[17:48:46] warmStart (decay=exponential) 75% (908/1195) regret=0.105392 ape=0.5880
[17:48:46] warmStart (decay=exponential) 76% (909/1195) regret=0.105392 ape=0.5880
[17:48:47] warmStart (decay=exponential) 76% (910/1195) regret=0.105392 ape=0.5880
[17:48:47] warmStart (decay=exponential) 76% (911/1195) regret=0.105392 ape=0.5880
[17:48:47] warmStart (decay=exponential) 76% (912/1195) regret=0.105392 ape=0.5880
[17:48:47] warmStart (decay=exponential) 76% (913/1195) regret=0.105392 ape=0.5880
[17:48:47] warmStart (decay=exponential) 76% (914/1195) regret=0.105392 ape=0.5880
[17:48:47] warmStart (decay=exponential) 76% (915/1195) regret=0.105392 ape=0.5880
[17:48:48] warmStart (decay=exponential) 76% (916/1195) regret=0.105392 ape=0.5880
[17:48:48] warmStart (decay=exponential) 76% (917/1195) regret=0.105392 ape=0.5880
[17:48:48] warmStart (decay=exponential) 76% (918/1195) regret=0.105392 ape=0.5880
[17:48:48] warmStart (decay=exponential) 76% (919/1195) regret=0.105392 ape=0.5880
[17:48:48] warmStart (decay=exponential) 76% (920/1195) regret=0.105392 ape=0.5880
[17:48:48] warmStart (decay=exponential) 77% (921/1195) regret=0.105604 ape=0.5880
[17:48:48] warmStart (decay=exponential) 77% (922/1195) regret=0.105595 ape=0.5880
[17:48:49] warmStart (decay=exponential) 77% (923/1195) regret=0.105364 ape=0.5871
[17:48:49] warmStart (decay=exponential) 77% (924/1195) regret=0.105641 ape=0.5880
[17:48:49] warmStart (decay=exponential) 77% (925/1195) regret=0.105641 ape=0.5880
[17:48:49] warmStart (decay=exponential) 77% (926/1195) regret=0.105364 ape=0.5871
[17:48:49] warmStart (decay=exponential) 77% (927/1195) regret=0.105364 ape=0.5871
[17:48:49] warmStart (decay=exponential) 77% (928/1195) regret=0.105364 ape=0.5871
[17:48:50] warmStart (decay=exponential) 77% (929/1195) regret=0.105364 ape=0.5871
[17:48:50] warmStart (decay=exponential) 77% (930/1195) regret=0.105364 ape=0.5871
[17:48:50] warmStart (decay=exponential) 77% (931/1195) regret=0.105364 ape=0.5871
[17:48:50] warmStart (decay=exponential) 77% (932/1195) regret=0.105364 ape=0.5871
[17:48:50] warmStart (decay=exponential) 78% (933/1195) regret=0.105364 ape=0.5871
[17:48:50] warmStart (decay=exponential) 78% (934/1195) regret=0.105364 ape=0.5871
[17:48:50] warmStart (decay=exponential) 78% (935/1195) regret=0.105364 ape=0.5871
[17:48:51] warmStart (decay=exponential) 78% (936/1195) regret=0.105364 ape=0.5871
[17:48:51] warmStart (decay=exponential) 78% (937/1195) regret=0.105364 ape=0.5871
[17:48:51] warmStart (decay=exponential) 78% (938/1195) regret=0.105364 ape=0.5871
[17:48:51] warmStart (decay=exponential) 78% (939/1195) regret=0.105364 ape=0.5871
[17:48:51] warmStart (decay=exponential) 78% (940/1195) regret=0.105364 ape=0.5871
[17:48:51] warmStart (decay=exponential) 78% (941/1195) regret=0.105364 ape=0.5871
[17:48:52] warmStart (decay=exponential) 78% (942/1195) regret=0.105364 ape=0.5871
[17:48:52] warmStart (decay=exponential) 78% (943/1195) regret=0.105364 ape=0.5871
[17:48:52] warmStart (decay=exponential) 78% (944/1195) regret=0.105364 ape=0.5871
[17:48:52] warmStart (decay=exponential) 79% (945/1195) regret=0.105364 ape=0.5871
[17:48:52] warmStart (decay=exponential) 79% (946/1195) regret=0.105364 ape=0.5871
[17:48:52] warmStart (decay=exponential) 79% (947/1195) regret=0.105364 ape=0.5871
[17:48:52] warmStart (decay=exponential) 79% (948/1195) regret=0.105364 ape=0.5871
[17:48:53] warmStart (decay=exponential) 79% (949/1195) regret=0.105364 ape=0.5871
[17:48:53] warmStart (decay=exponential) 79% (950/1195) regret=0.105364 ape=0.5871
[17:48:53] warmStart (decay=exponential) 79% (951/1195) regret=0.105364 ape=0.5871
[17:48:53] warmStart (decay=exponential) 79% (952/1195) regret=0.105364 ape=0.5871
[17:48:53] warmStart (decay=exponential) 79% (953/1195) regret=0.105364 ape=0.5871
[17:48:53] warmStart (decay=exponential) 79% (954/1195) regret=0.105364 ape=0.5871
[17:48:54] warmStart (decay=exponential) 79% (955/1195) regret=0.105364 ape=0.5871
[17:48:54] warmStart (decay=exponential) 80% (956/1195) regret=0.105364 ape=0.5871
[17:48:54] warmStart (decay=exponential) 80% (957/1195) regret=0.105364 ape=0.5871
[17:48:54] warmStart (decay=exponential) 80% (958/1195) regret=0.105364 ape=0.5871
[17:48:54] warmStart (decay=exponential) 80% (959/1195) regret=0.105364 ape=0.5871
[17:48:54] warmStart (decay=exponential) 80% (960/1195) regret=0.105364 ape=0.5871
[17:48:55] warmStart (decay=exponential) 80% (961/1195) regret=0.105364 ape=0.5871
[17:48:55] warmStart (decay=exponential) 80% (962/1195) regret=0.105364 ape=0.5871
[17:48:55] warmStart (decay=exponential) 80% (963/1195) regret=0.105364 ape=0.5871
[17:48:55] warmStart (decay=exponential) 80% (964/1195) regret=0.105364 ape=0.5871
[17:48:55] warmStart (decay=exponential) 80% (965/1195) regret=0.105364 ape=0.5871
[17:48:55] warmStart (decay=exponential) 80% (966/1195) regret=0.105364 ape=0.5871
[17:48:55] warmStart (decay=exponential) 80% (967/1195) regret=0.105364 ape=0.5871
[17:48:56] warmStart (decay=exponential) 81% (968/1195) regret=0.105364 ape=0.5871
[17:48:56] warmStart (decay=exponential) 81% (969/1195) regret=0.105364 ape=0.5871
[17:48:56] warmStart (decay=exponential) 81% (970/1195) regret=0.105364 ape=0.5871
[17:48:56] warmStart (decay=exponential) 81% (971/1195) regret=0.105364 ape=0.5871
[17:48:56] warmStart (decay=exponential) 81% (972/1195) regret=0.105364 ape=0.5871
[17:48:56] warmStart (decay=exponential) 81% (973/1195) regret=0.105364 ape=0.5871
[17:48:57] warmStart (decay=exponential) 81% (974/1195) regret=0.105364 ape=0.5871
[17:48:57] warmStart (decay=exponential) 81% (975/1195) regret=0.105364 ape=0.5871
[17:48:57] warmStart (decay=exponential) 81% (976/1195) regret=0.105364 ape=0.5871
[17:48:57] warmStart (decay=exponential) 81% (977/1195) regret=0.105364 ape=0.5871
[17:48:57] warmStart (decay=exponential) 81% (978/1195) regret=0.105364 ape=0.5871
[17:48:57] warmStart (decay=exponential) 81% (979/1195) regret=0.105364 ape=0.5871
[17:48:58] warmStart (decay=exponential) 82% (980/1195) regret=0.105364 ape=0.5871
[17:48:58] warmStart (decay=exponential) 82% (981/1195) regret=0.105364 ape=0.5871
[17:48:58] warmStart (decay=exponential) 82% (982/1195) regret=0.105364 ape=0.5871
[17:48:58] warmStart (decay=exponential) 82% (983/1195) regret=0.105364 ape=0.5871
[17:48:58] warmStart (decay=exponential) 82% (984/1195) regret=0.105364 ape=0.5871
[17:48:58] warmStart (decay=exponential) 82% (985/1195) regret=0.105364 ape=0.5871
[17:48:58] warmStart (decay=exponential) 82% (986/1195) regret=0.105364 ape=0.5871
[17:48:59] warmStart (decay=exponential) 82% (987/1195) regret=0.105364 ape=0.5871
[17:48:59] warmStart (decay=exponential) 82% (988/1195) regret=0.105364 ape=0.5871
[17:48:59] warmStart (decay=exponential) 82% (989/1195) regret=0.105364 ape=0.5871
[17:48:59] warmStart (decay=exponential) 82% (990/1195) regret=0.105364 ape=0.5871
[17:48:59] warmStart (decay=exponential) 82% (991/1195) regret=0.105364 ape=0.5871
[17:48:59] warmStart (decay=exponential) 83% (992/1195) regret=0.105364 ape=0.5871
[17:49:00] warmStart (decay=exponential) 83% (993/1195) regret=0.105364 ape=0.5871
[17:49:00] warmStart (decay=exponential) 83% (994/1195) regret=0.105364 ape=0.5871
[17:49:00] warmStart (decay=exponential) 83% (995/1195) regret=0.105364 ape=0.5871
[17:49:00] warmStart (decay=exponential) 83% (996/1195) regret=0.105364 ape=0.5871
[17:49:00] warmStart (decay=exponential) 83% (997/1195) regret=0.105364 ape=0.5871
[17:49:00] warmStart (decay=exponential) 83% (998/1195) regret=0.105364 ape=0.5871
[17:49:00] warmStart (decay=exponential) 83% (999/1195) regret=0.105364 ape=0.5871
[17:49:01] warmStart (decay=exponential) 83% (1000/1195) regret=0.105364 ape=0.5871
[17:49:01] warmStart (decay=exponential) 83% (1001/1195) regret=0.105364 ape=0.5871
[17:49:01] warmStart (decay=exponential) 83% (1002/1195) regret=0.105364 ape=0.5871
[17:49:01] warmStart (decay=exponential) 83% (1003/1195) regret=0.105364 ape=0.5871
[17:49:01] warmStart (decay=exponential) 84% (1004/1195) regret=0.105364 ape=0.5871
[17:49:01] warmStart (decay=exponential) 84% (1005/1195) regret=0.105364 ape=0.5871
[17:49:02] warmStart (decay=exponential) 84% (1006/1195) regret=0.105364 ape=0.5871
[17:49:02] warmStart (decay=exponential) 84% (1007/1195) regret=0.105364 ape=0.5871
[17:49:02] warmStart (decay=exponential) 84% (1008/1195) regret=0.105816 ape=0.5880
[17:49:02] warmStart (decay=exponential) 84% (1009/1195) regret=0.105816 ape=0.5880
[17:49:02] warmStart (decay=exponential) 84% (1010/1195) regret=0.105364 ape=0.5871
[17:49:02] warmStart (decay=exponential) 84% (1011/1195) regret=0.105364 ape=0.5871
[17:49:02] warmStart (decay=exponential) 84% (1012/1195) regret=0.105364 ape=0.5871
[17:49:03] warmStart (decay=exponential) 84% (1013/1195) regret=0.105364 ape=0.5871
[17:49:03] warmStart (decay=exponential) 84% (1014/1195) regret=0.105364 ape=0.5871
[17:49:03] warmStart (decay=exponential) 84% (1015/1195) regret=0.105364 ape=0.5871
[17:49:03] warmStart (decay=exponential) 85% (1016/1195) regret=0.105364 ape=0.5871
[17:49:03] warmStart (decay=exponential) 85% (1017/1195) regret=0.105364 ape=0.5871
[17:49:03] warmStart (decay=exponential) 85% (1018/1195) regret=0.105364 ape=0.5871
[17:49:03] warmStart (decay=exponential) 85% (1019/1195) regret=0.105364 ape=0.5871
[17:49:04] warmStart (decay=exponential) 85% (1020/1195) regret=0.105364 ape=0.5871
[17:49:04] warmStart (decay=exponential) 85% (1021/1195) regret=0.105364 ape=0.5871
[17:49:04] warmStart (decay=exponential) 85% (1022/1195) regret=0.105364 ape=0.5871
[17:49:04] warmStart (decay=exponential) 85% (1023/1195) regret=0.105364 ape=0.5871
[17:49:04] warmStart (decay=exponential) 85% (1024/1195) regret=0.105364 ape=0.5871
[17:49:04] warmStart (decay=exponential) 85% (1025/1195) regret=0.105364 ape=0.5871
[17:49:04] warmStart (decay=exponential) 85% (1026/1195) regret=0.105364 ape=0.5871
[17:49:05] warmStart (decay=exponential) 85% (1027/1195) regret=0.105364 ape=0.5871
[17:49:05] warmStart (decay=exponential) 86% (1028/1195) regret=0.105364 ape=0.5871
[17:49:05] warmStart (decay=exponential) 86% (1029/1195) regret=0.105364 ape=0.5871
[17:49:05] warmStart (decay=exponential) 86% (1030/1195) regret=0.105364 ape=0.5871
[17:49:05] warmStart (decay=exponential) 86% (1031/1195) regret=0.105364 ape=0.5871
[17:49:05] warmStart (decay=exponential) 86% (1032/1195) regret=0.105364 ape=0.5871
[17:49:06] warmStart (decay=exponential) 86% (1033/1195) regret=0.105364 ape=0.5871
[17:49:06] warmStart (decay=exponential) 86% (1034/1195) regret=0.105364 ape=0.5871
[17:49:06] warmStart (decay=exponential) 86% (1035/1195) regret=0.105475 ape=0.5880
[17:49:06] warmStart (decay=exponential) 86% (1036/1195) regret=0.105364 ape=0.5871
[17:49:06] warmStart (decay=exponential) 86% (1037/1195) regret=0.105383 ape=0.5880
[17:49:06] warmStart (decay=exponential) 86% (1038/1195) regret=0.105383 ape=0.5880
[17:49:06] warmStart (decay=exponential) 86% (1039/1195) regret=0.105383 ape=0.5880
[17:49:07] warmStart (decay=exponential) 87% (1040/1195) regret=0.105383 ape=0.5880
[17:49:07] warmStart (decay=exponential) 87% (1041/1195) regret=0.105383 ape=0.5880
[17:49:07] warmStart (decay=exponential) 87% (1042/1195) regret=0.105364 ape=0.5871
[17:49:07] warmStart (decay=exponential) 87% (1043/1195) regret=0.105604 ape=0.5880
[17:49:07] warmStart (decay=exponential) 87% (1044/1195) regret=0.105364 ape=0.5871
[17:49:07] warmStart (decay=exponential) 87% (1045/1195) regret=0.105461 ape=0.5880
[17:49:08] warmStart (decay=exponential) 87% (1046/1195) regret=0.105364 ape=0.5871
[17:49:08] warmStart (decay=exponential) 87% (1047/1195) regret=0.105507 ape=0.5880
[17:49:08] warmStart (decay=exponential) 87% (1048/1195) regret=0.105507 ape=0.5880
[17:49:08] warmStart (decay=exponential) 87% (1049/1195) regret=0.105507 ape=0.5880
[17:49:08] warmStart (decay=exponential) 87% (1050/1195) regret=0.105595 ape=0.5880
[17:49:08] warmStart (decay=exponential) 87% (1051/1195) regret=0.105498 ape=0.5880
[17:49:09] warmStart (decay=exponential) 88% (1052/1195) regret=0.105549 ape=0.5880
[17:49:09] warmStart (decay=exponential) 88% (1053/1195) regret=0.105549 ape=0.5880
[17:49:09] warmStart (decay=exponential) 88% (1054/1195) regret=0.105466 ape=0.5880
[17:49:09] warmStart (decay=exponential) 88% (1055/1195) regret=0.105466 ape=0.5880
[17:49:09] warmStart (decay=exponential) 88% (1056/1195) regret=0.105507 ape=0.5880
[17:49:10] warmStart (decay=exponential) 88% (1057/1195) regret=0.105507 ape=0.5880
[17:49:10] warmStart (decay=exponential) 88% (1058/1195) regret=0.105507 ape=0.5880
[17:49:10] warmStart (decay=exponential) 88% (1059/1195) regret=0.105507 ape=0.5880
[17:49:10] warmStart (decay=exponential) 88% (1060/1195) regret=0.105507 ape=0.5880
[17:49:10] warmStart (decay=exponential) 88% (1061/1195) regret=0.105535 ape=0.5880
[17:49:10] warmStart (decay=exponential) 88% (1062/1195) regret=0.105535 ape=0.5880
[17:49:11] warmStart (decay=exponential) 88% (1063/1195) regret=0.105535 ape=0.5880
[17:49:11] warmStart (decay=exponential) 89% (1064/1195) regret=0.105535 ape=0.5880
[17:49:11] warmStart (decay=exponential) 89% (1065/1195) regret=0.105572 ape=0.5880
[17:49:11] warmStart (decay=exponential) 89% (1066/1195) regret=0.105572 ape=0.5880
[17:49:11] warmStart (decay=exponential) 89% (1067/1195) regret=0.105572 ape=0.5880
[17:49:12] warmStart (decay=exponential) 89% (1068/1195) regret=0.105498 ape=0.5871
[17:49:12] warmStart (decay=exponential) 89% (1069/1195) regret=0.105498 ape=0.5871
[17:49:12] warmStart (decay=exponential) 89% (1070/1195) regret=0.105558 ape=0.5880
[17:49:12] warmStart (decay=exponential) 89% (1071/1195) regret=0.105530 ape=0.5880
[17:49:12] warmStart (decay=exponential) 89% (1072/1195) regret=0.105530 ape=0.5880
[17:49:12] warmStart (decay=exponential) 89% (1073/1195) regret=0.105530 ape=0.5880
[17:49:13] warmStart (decay=exponential) 89% (1074/1195) regret=0.105572 ape=0.5880
[17:49:13] warmStart (decay=exponential) 89% (1075/1195) regret=0.105572 ape=0.5880
[17:49:13] warmStart (decay=exponential) 90% (1076/1195) regret=0.105516 ape=0.5880
[17:49:13] warmStart (decay=exponential) 90% (1077/1195) regret=0.105516 ape=0.5880
[17:49:13] warmStart (decay=exponential) 90% (1078/1195) regret=0.105516 ape=0.5880
[17:49:13] warmStart (decay=exponential) 90% (1079/1195) regret=0.105516 ape=0.5880
[17:49:14] warmStart (decay=exponential) 90% (1080/1195) regret=0.105516 ape=0.5880
[17:49:14] warmStart (decay=exponential) 90% (1081/1195) regret=0.105516 ape=0.5880
[17:49:14] warmStart (decay=exponential) 90% (1082/1195) regret=0.105516 ape=0.5880
[17:49:14] warmStart (decay=exponential) 90% (1083/1195) regret=0.105516 ape=0.5880
[17:49:14] warmStart (decay=exponential) 90% (1084/1195) regret=0.105516 ape=0.5880
[17:49:14] warmStart (decay=exponential) 90% (1085/1195) regret=0.105516 ape=0.5880
[17:49:15] warmStart (decay=exponential) 90% (1086/1195) regret=0.105516 ape=0.5880
[17:49:15] warmStart (decay=exponential) 90% (1087/1195) regret=0.105516 ape=0.5880
[17:49:15] warmStart (decay=exponential) 91% (1088/1195) regret=0.105516 ape=0.5880
[17:49:15] warmStart (decay=exponential) 91% (1089/1195) regret=0.105498 ape=0.5871
[17:49:15] warmStart (decay=exponential) 91% (1090/1195) regret=0.105498 ape=0.5871
[17:49:16] warmStart (decay=exponential) 91% (1091/1195) regret=0.105498 ape=0.5871
[17:49:16] warmStart (decay=exponential) 91% (1092/1195) regret=0.105498 ape=0.5871
[17:49:16] warmStart (decay=exponential) 91% (1093/1195) regret=0.105498 ape=0.5871
[17:49:16] warmStart (decay=exponential) 91% (1094/1195) regret=0.105498 ape=0.5871
[17:49:16] warmStart (decay=exponential) 91% (1095/1195) regret=0.105498 ape=0.5871
[17:49:16] warmStart (decay=exponential) 91% (1096/1195) regret=0.105498 ape=0.5871
[17:49:17] warmStart (decay=exponential) 91% (1097/1195) regret=0.105590 ape=0.5880
[17:49:17] warmStart (decay=exponential) 91% (1098/1195) regret=0.105498 ape=0.5871
[17:49:17] warmStart (decay=exponential) 91% (1099/1195) regret=0.105498 ape=0.5871
[17:49:17] warmStart (decay=exponential) 92% (1100/1195) regret=0.105498 ape=0.5871
[17:49:17] warmStart (decay=exponential) 92% (1101/1195) regret=0.105498 ape=0.5871
[17:49:17] warmStart (decay=exponential) 92% (1102/1195) regret=0.105498 ape=0.5871
[17:49:17] warmStart (decay=exponential) 92% (1103/1195) regret=0.105498 ape=0.5871
[17:49:18] warmStart (decay=exponential) 92% (1104/1195) regret=0.105498 ape=0.5871
[17:49:18] warmStart (decay=exponential) 92% (1105/1195) regret=0.105498 ape=0.5871
[17:49:18] warmStart (decay=exponential) 92% (1106/1195) regret=0.105498 ape=0.5871
[17:49:18] warmStart (decay=exponential) 92% (1107/1195) regret=0.105498 ape=0.5871
[17:49:18] warmStart (decay=exponential) 92% (1108/1195) regret=0.105498 ape=0.5871
[17:49:18] warmStart (decay=exponential) 92% (1109/1195) regret=0.105498 ape=0.5871
[17:49:19] warmStart (decay=exponential) 92% (1110/1195) regret=0.105498 ape=0.5871
[17:49:19] warmStart (decay=exponential) 92% (1111/1195) regret=0.105498 ape=0.5871
[17:49:19] warmStart (decay=exponential) 93% (1112/1195) regret=0.105498 ape=0.5871
[17:49:19] warmStart (decay=exponential) 93% (1113/1195) regret=0.105498 ape=0.5871
[17:49:19] warmStart (decay=exponential) 93% (1114/1195) regret=0.105498 ape=0.5871
[17:49:19] warmStart (decay=exponential) 93% (1115/1195) regret=0.105498 ape=0.5871
[17:49:19] warmStart (decay=exponential) 93% (1116/1195) regret=0.105498 ape=0.5871
[17:49:20] warmStart (decay=exponential) 93% (1117/1195) regret=0.105498 ape=0.5871
[17:49:20] warmStart (decay=exponential) 93% (1118/1195) regret=0.105498 ape=0.5871
[17:49:20] warmStart (decay=exponential) 93% (1119/1195) regret=0.105498 ape=0.5871
[17:49:20] warmStart (decay=exponential) 93% (1120/1195) regret=0.105498 ape=0.5871
[17:49:20] warmStart (decay=exponential) 93% (1121/1195) regret=0.105498 ape=0.5871
[17:49:20] warmStart (decay=exponential) 93% (1122/1195) regret=0.105498 ape=0.5871
[17:49:21] warmStart (decay=exponential) 93% (1123/1195) regret=0.105498 ape=0.5871
[17:49:21] warmStart (decay=exponential) 94% (1124/1195) regret=0.105498 ape=0.5871
[17:49:21] warmStart (decay=exponential) 94% (1125/1195) regret=0.105498 ape=0.5871
[17:49:21] warmStart (decay=exponential) 94% (1126/1195) regret=0.105498 ape=0.5871
[17:49:21] warmStart (decay=exponential) 94% (1127/1195) regret=0.105498 ape=0.5871
[17:49:21] warmStart (decay=exponential) 94% (1128/1195) regret=0.105498 ape=0.5871
[17:49:22] warmStart (decay=exponential) 94% (1129/1195) regret=0.105498 ape=0.5871
[17:49:22] warmStart (decay=exponential) 94% (1130/1195) regret=0.105498 ape=0.5871
[17:49:22] warmStart (decay=exponential) 94% (1131/1195) regret=0.105498 ape=0.5871
[17:49:22] warmStart (decay=exponential) 94% (1132/1195) regret=0.105498 ape=0.5871
[17:49:22] warmStart (decay=exponential) 94% (1133/1195) regret=0.105498 ape=0.5871
[17:49:22] warmStart (decay=exponential) 94% (1134/1195) regret=0.105498 ape=0.5871
[17:49:22] warmStart (decay=exponential) 94% (1135/1195) regret=0.105498 ape=0.5871
[17:49:23] warmStart (decay=exponential) 95% (1136/1195) regret=0.105498 ape=0.5871
[17:49:23] warmStart (decay=exponential) 95% (1137/1195) regret=0.105498 ape=0.5871
[17:49:23] warmStart (decay=exponential) 95% (1138/1195) regret=0.105498 ape=0.5871
[17:49:23] warmStart (decay=exponential) 95% (1139/1195) regret=0.105498 ape=0.5871
[17:49:23] warmStart (decay=exponential) 95% (1140/1195) regret=0.105498 ape=0.5871
[17:49:23] warmStart (decay=exponential) 95% (1141/1195) regret=0.105498 ape=0.5871
[17:49:24] warmStart (decay=exponential) 95% (1142/1195) regret=0.105498 ape=0.5871
[17:49:24] warmStart (decay=exponential) 95% (1143/1195) regret=0.105449 ape=0.5871
[17:49:24] warmStart (decay=exponential) 95% (1144/1195) regret=0.105384 ape=0.5862
[17:49:24] warmStart (decay=exponential) 95% (1145/1195) regret=0.105384 ape=0.5862
[17:49:24] warmStart (decay=exponential) 95% (1146/1195) regret=0.105384 ape=0.5862
[17:49:24] warmStart (decay=exponential) 95% (1147/1195) regret=0.105384 ape=0.5862
[17:49:25] warmStart (decay=exponential) 96% (1148/1195) regret=0.105384 ape=0.5862
[17:49:25] warmStart (decay=exponential) 96% (1149/1195) regret=0.105384 ape=0.5862
[17:49:25] warmStart (decay=exponential) 96% (1150/1195) regret=0.105384 ape=0.5862
[17:49:25] warmStart (decay=exponential) 96% (1151/1195) regret=0.105357 ape=0.5862
[17:49:25] warmStart (decay=exponential) 96% (1152/1195) regret=0.105357 ape=0.5862
[17:49:25] warmStart (decay=exponential) 96% (1153/1195) regret=0.105357 ape=0.5862
[17:49:25] warmStart (decay=exponential) 96% (1154/1195) regret=0.105329 ape=0.5853
[17:49:26] warmStart (decay=exponential) 96% (1155/1195) regret=0.105329 ape=0.5853
[17:49:26] warmStart (decay=exponential) 96% (1156/1195) regret=0.105329 ape=0.5853
[17:49:26] warmStart (decay=exponential) 96% (1157/1195) regret=0.104993 ape=0.5843
[17:49:26] warmStart (decay=exponential) 96% (1158/1195) regret=0.104993 ape=0.5843
[17:49:26] warmStart (decay=exponential) 96% (1159/1195) regret=0.104993 ape=0.5843
[17:49:26] warmStart (decay=exponential) 97% (1160/1195) regret=0.104993 ape=0.5843
[17:49:27] warmStart (decay=exponential) 97% (1161/1195) regret=0.104993 ape=0.5843
[17:49:27] warmStart (decay=exponential) 97% (1162/1195) regret=0.104993 ape=0.5843
[17:49:27] warmStart (decay=exponential) 97% (1163/1195) regret=0.104993 ape=0.5843
[17:49:27] warmStart (decay=exponential) 97% (1164/1195) regret=0.104993 ape=0.5843
[17:49:27] warmStart (decay=exponential) 97% (1165/1195) regret=0.104993 ape=0.5843
[17:49:27] warmStart (decay=exponential) 97% (1166/1195) regret=0.104993 ape=0.5843
[17:49:28] warmStart (decay=exponential) 97% (1167/1195) regret=0.105122 ape=0.5843
[17:49:28] warmStart (decay=exponential) 97% (1168/1195) regret=0.105092 ape=0.5843
[17:49:28] warmStart (decay=exponential) 97% (1169/1195) regret=0.105129 ape=0.5843
[17:49:28] warmStart (decay=exponential) 97% (1170/1195) regret=0.105122 ape=0.5843
[17:49:28] warmStart (decay=exponential) 97% (1171/1195) regret=0.104893 ape=0.5834
[17:49:28] warmStart (decay=exponential) 98% (1172/1195) regret=0.104893 ape=0.5834
[17:49:29] warmStart (decay=exponential) 98% (1173/1195) regret=0.104893 ape=0.5834
[17:49:29] warmStart (decay=exponential) 98% (1174/1195) regret=0.104884 ape=0.5834
[17:49:29] warmStart (decay=exponential) 98% (1175/1195) regret=0.104884 ape=0.5834
[17:49:29] warmStart (decay=exponential) 98% (1176/1195) regret=0.104884 ape=0.5834
[17:49:29] warmStart (decay=exponential) 98% (1177/1195) regret=0.104884 ape=0.5834
[17:49:29] warmStart (decay=exponential) 98% (1178/1195) regret=0.104884 ape=0.5834
[17:49:29] warmStart (decay=exponential) 98% (1179/1195) regret=0.104884 ape=0.5834
[17:49:30] warmStart (decay=exponential) 98% (1180/1195) regret=0.104884 ape=0.5834
[17:49:30] warmStart (decay=exponential) 98% (1181/1195) regret=0.104880 ape=0.5825
[17:49:30] warmStart (decay=exponential) 98% (1182/1195) regret=0.104880 ape=0.5825
[17:49:30] warmStart (decay=exponential) 98% (1183/1195) regret=0.104880 ape=0.5825
[17:49:30] warmStart (decay=exponential) 99% (1184/1195) regret=0.104880 ape=0.5825
[17:49:30] warmStart (decay=exponential) 99% (1185/1195) regret=0.104880 ape=0.5825
[17:49:30] warmStart (decay=exponential) 99% (1186/1195) regret=0.104880 ape=0.5825
[17:49:31] warmStart (decay=exponential) 99% (1187/1195) regret=0.104880 ape=0.5825
[17:49:31] warmStart (decay=exponential) 99% (1188/1195) regret=0.104880 ape=0.5825
[17:49:31] warmStart (decay=exponential) 99% (1189/1195) regret=0.104880 ape=0.5825
[17:49:31] warmStart (decay=exponential) 99% (1190/1195) regret=0.104880 ape=0.5825
[17:49:31] warmStart (decay=exponential) 99% (1191/1195) regret=0.104880 ape=0.5825
[17:49:31] warmStart (decay=exponential) 99% (1192/1195) regret=0.104880 ape=0.5825
[17:49:32] warmStart (decay=exponential) 99% (1193/1195) regret=0.104880 ape=0.5825
[17:49:32] warmStart (decay=exponential) 99% (1194/1195) regret=0.104880 ape=0.5825
Warm w=50 finished: 1194 points, 192.06s wall time
  Final: regret=0.104880, ape=0.5825

Saved: /home/users/g/s/gsavary/LudiiMCTSVariations/slurm_sweep_full_dataset/output_decay/warm_50_decay_exponential_0_15/seed_3/sweep_decay_warm_50_exponential_0.15_3_20260426_174932.json

Generating plots...
Saved: /home/users/g/s/gsavary/LudiiMCTSVariations/slurm_sweep_full_dataset/output_decay/warm_50_decay_exponential_0_15/seed_3/sweep_decay_warm_50_exponential_0.15_3_20260426_174932_regret.png
Saved: /home/users/g/s/gsavary/LudiiMCTSVariations/slurm_sweep_full_dataset/output_decay/warm_50_decay_exponential_0_15/seed_3/sweep_decay_warm_50_exponential_0.15_3_20260426_174932_ape.png

================================================================================
Experiment complete!
================================================================================
Done. Results in: /home/users/g/s/gsavary/LudiiMCTSVariations/slurm_sweep_full_dataset/output_decay/warm_50_decay_exponential_0_15/seed_3
